ISO-10303-21;
HEADER;
FILE_DESCRIPTION (( 'STEP AP214' ),
    '1' );
FILE_NAME ('User Library-Header_Male_1Pin.STEP',
    '2025-07-10T03:55:10',
    ( '' ),
    ( '' ),
    'SwSTEP 2.0',
    'SolidWorks 2022',
    '' );
FILE_SCHEMA (( 'AUTOMOTIVE_DESIGN' ));
ENDSEC;

DATA;
#1 = FACE_OUTER_BOUND ( 'NONE', #965, .T. ) ;
#2 = ORIENTED_EDGE ( 'NONE', *, *, #1429, .F. ) ;
#3 = CARTESIAN_POINT ( 'NONE',  ( -0.3200000000000000067, -0.3200000000000000067, -3.000000000000000000 ) ) ;
#4 = PRESENTATION_STYLE_ASSIGNMENT (( #942 ) ) ;
#5 = DIRECTION ( 'NONE',  ( -0.7071067811865474617, -0.7071067811865474617, -0.0000000000000000000 ) ) ;
#6 = LINE ( 'NONE', #248, #621 ) ;
#7 = CARTESIAN_POINT ( 'NONE',  ( -0.2199999985099999888, -0.3200000000000000067, -2.899999998509999788 ) ) ;
#8 = EDGE_LOOP ( 'NONE', ( #1478, #150, #1127, #1348 ) ) ;
#9 = CARTESIAN_POINT ( 'NONE',  ( -0.3199999999999999512, -0.3199999999999999512, 2.289999961853000254 ) ) ;
#10 =( GEOMETRIC_REPRESENTATION_CONTEXT ( 3 ) GLOBAL_UNCERTAINTY_ASSIGNED_CONTEXT ( ( #181 ) ) GLOBAL_UNIT_ASSIGNED_CONTEXT ( ( #274, #46, #772 ) ) REPRESENTATION_CONTEXT ( 'NONE', 'WORKASPACE' ) );
#11 = ORIENTED_EDGE ( 'NONE', *, *, #308, .T. ) ;
#12 = PRESENTATION_LAYER_ASSIGNMENT (  '', '', ( #1260 ) ) ;
#13 = ITEM_DEFINED_TRANSFORMATION ( 'NONE', 'NONE', #794,  #124 ) ;
#14 = VECTOR ( 'NONE', #704, 999.9999999999998863 ) ;
#15 = FILL_AREA_STYLE ('',( #583 ) ) ;
#16 = COLOUR_RGB ( '',0.09411764705882352811, 0.09411764705882352811, 0.09411764705882352811 ) ;
#17 = ADVANCED_FACE ( 'NONE', ( #681 ), #1371, .F. ) ;
#18 = COLOUR_RGB ( '',0.09411764705882352811, 0.09411764705882352811, 0.09411764705882352811 ) ;
#19 = DIRECTION ( 'NONE',  ( 1.000000000000000000, 0.0000000000000000000, 0.0000000000000000000 ) ) ;
#20 = DIRECTION ( 'NONE',  ( 0.0000000000000000000, -1.000000000000000000, 0.0000000000000000000 ) ) ;
#21 = PRESENTATION_STYLE_ASSIGNMENT (( #803 ) ) ;
#22 =( GEOMETRIC_REPRESENTATION_CONTEXT ( 3 ) GLOBAL_UNCERTAINTY_ASSIGNED_CONTEXT ( ( #870 ) ) GLOBAL_UNIT_ASSIGNED_CONTEXT ( ( #612, #38, #950 ) ) REPRESENTATION_CONTEXT ( 'NONE', 'WORKASPACE' ) );
#23 = CARTESIAN_POINT ( 'NONE',  ( 0.1199999970199999294, -0.1199999970200000265, 8.539999961853000698 ) ) ;
#24 = DIRECTION ( 'NONE',  ( 0.0000000000000000000, -1.000000000000000000, -0.0000000000000000000 ) ) ;
#25 =( LENGTH_UNIT ( ) NAMED_UNIT ( * ) SI_UNIT ( .MILLI., .METRE. ) );
#26 = CARTESIAN_POINT ( 'NONE',  ( 0.3199999999999999512, 0.3199999999999999512, 2.289999961853000254 ) ) ;
#27 = ORIENTED_EDGE ( 'NONE', *, *, #858, .T. ) ;
#28 = APPLICATION_PROTOCOL_DEFINITION ( 'draft international standard', 'automotive_design', 1998, #522 ) ;
#29 = SURFACE_SIDE_STYLE ('',( #1157 ) ) ;
#30 = MECHANICAL_DESIGN_GEOMETRIC_PRESENTATION_REPRESENTATION (  '', ( #1009 ), #1441 ) ;
#31 = PLANE ( 'NONE',  #171 ) ;
#32 = LINE ( 'NONE', #1394, #397 ) ;
#33 = FILL_AREA_STYLE_COLOUR ( '', #1264 ) ;
#34 = CARTESIAN_POINT ( 'NONE',  ( -1.270000000000000018, -0.9449999880789999862, 0.3000000119210000094 ) ) ;
#35 = ORIENTED_EDGE ( 'NONE', *, *, #888, .T. ) ;
#36 = ORIENTED_EDGE ( 'NONE', *, *, #61, .F. ) ;
#37 =( NAMED_UNIT ( * ) SI_UNIT ( $, .STERADIAN. ) SOLID_ANGLE_UNIT ( ) );
#38 =( NAMED_UNIT ( * ) PLANE_ANGLE_UNIT ( ) SI_UNIT ( $, .RADIAN. ) );
#39 = SURFACE_STYLE_USAGE ( .BOTH. , #613 ) ;
#40 = CARTESIAN_POINT ( 'NONE',  ( -0.3200000000000000067, -0.1199999970200000127, -3.000000000000000000 ) ) ;
#41 = SURFACE_SIDE_STYLE ('',( #953 ) ) ;
#42 = ORIENTED_EDGE ( 'NONE', *, *, #824, .F. ) ;
#43 = COLOUR_RGB ( '',1.000000000000000000, 1.000000000000000000, 0.4980392156862745168 ) ;
#44 = FACE_OUTER_BOUND ( 'NONE', #140, .T. ) ;
#45 = SURFACE_STYLE_FILL_AREA ( #1414 ) ;
#46 =( NAMED_UNIT ( * ) PLANE_ANGLE_UNIT ( ) SI_UNIT ( $, .RADIAN. ) );
#47 = DIRECTION ( 'NONE',  ( 0.0000000000000000000, -0.0000000000000000000, -1.000000000000000000 ) ) ;
#48 = PRESENTATION_LAYER_ASSIGNMENT (  '', '', ( #338 ) ) ;
#49 = CARTESIAN_POINT ( 'NONE',  ( 0.9699999880789998974, 1.245000000000000329, 0.0000000000000000000 ) ) ;
#50 = ORIENTED_EDGE ( 'NONE', *, *, #280, .T. ) ;
#51 = ADVANCED_FACE ( 'NONE', ( #220 ), #476, .T. ) ;
#52 = SURFACE_SIDE_STYLE ('',( #1162 ) ) ;
#53 = DIRECTION ( 'NONE',  ( 1.000000000000000000, 0.0000000000000000000, -0.0000000000000000000 ) ) ;
#54 = VERTEX_POINT ( 'NONE', #596 ) ;
#55 = PLANE ( 'NONE',  #934 ) ;
#56 = FACE_OUTER_BOUND ( 'NONE', #306, .T. ) ;
#57 = AXIS2_PLACEMENT_3D ( 'NONE', #154, #1399, #135 ) ;
#58 = PLANE ( 'NONE',  #550 ) ;
#59 = VERTEX_POINT ( 'NONE', #718 ) ;
#60 = VERTEX_POINT ( 'NONE', #355 ) ;
#61 = EDGE_CURVE ( 'NONE', #876, #235, #699, .T. ) ;
#62 = PRESENTATION_STYLE_ASSIGNMENT (( #635 ) ) ;
#63 = CARTESIAN_POINT ( 'NONE',  ( -0.1199999970200000265, -0.1199999970199999294, 8.539999961853000698 ) ) ;
#64 = DIRECTION ( 'NONE',  ( -0.7071067811865475727, 0.0000000000000000000, 0.7071067811865475727 ) ) ;
#65 = ORIENTED_EDGE ( 'NONE', *, *, #1277, .T. ) ;
#66 = ORIENTED_EDGE ( 'NONE', *, *, #199, .F. ) ;
#67 = VECTOR ( 'NONE', #977, 1000.000000000000114 ) ;
#68 = PRESENTATION_STYLE_ASSIGNMENT (( #1094 ) ) ;
#69 = EDGE_CURVE ( 'NONE', #786, #339, #6, .T. ) ;
#70 = PRESENTATION_LAYER_ASSIGNMENT (  '', '', ( #189 ) ) ;
#71 = AXIS2_PLACEMENT_3D ( 'NONE', #626, #408, #53 ) ;
#72 = UNCERTAINTY_MEASURE_WITH_UNIT (LENGTH_MEASURE( 1.000000000000000082E-05 ), #327, 'distance_accuracy_value', 'NONE');
#73 = DIRECTION ( 'NONE',  ( 0.0000000000000000000, 0.0000000000000000000, 1.000000000000000000 ) ) ;
#74 = CARTESIAN_POINT ( 'NONE',  ( -1.270000000000000018, -0.9449999880789999862, 0.0000000000000000000 ) ) ;
#75 = VECTOR ( 'NONE', #84, 1000.000000000000000 ) ;
#76 = VECTOR ( 'NONE', #1097, 1000.000000000000000 ) ;
#77 = COLOUR_RGB ( '',1.000000000000000000, 1.000000000000000000, 0.4980392156862745168 ) ;
#78 = FACE_OUTER_BOUND ( 'NONE', #572, .T. ) ;
#79 = DIRECTION ( 'NONE',  ( 1.000000000000000000, 0.0000000000000000000, 0.0000000000000000000 ) ) ;
#80 = CARTESIAN_POINT ( 'NONE',  ( -1.270000000000000018, -1.245000000000000329, 0.0000000000000000000 ) ) ;
#81 = VECTOR ( 'NONE', #246, 1000.000000000000114 ) ;
#82 = EDGE_CURVE ( 'NONE', #751, #170, #1054, .T. ) ;
#83 =( LENGTH_UNIT ( ) NAMED_UNIT ( * ) SI_UNIT ( .MILLI., .METRE. ) );
#84 = DIRECTION ( 'NONE',  ( -0.0000000000000000000, -0.0000000000000000000, 1.000000000000000000 ) ) ;
#85 = ADVANCED_FACE ( 'NONE', ( #971 ), #31, .T. ) ;
#86 = FACE_OUTER_BOUND ( 'NONE', #1398, .T. ) ;
#87 = LINE ( 'NONE', #531, #690 ) ;
#88 = SURFACE_SIDE_STYLE ('',( #541 ) ) ;
#89 = COLOUR_RGB ( '',1.000000000000000000, 1.000000000000000000, 0.4980392156862745168 ) ;
#90 = MECHANICAL_DESIGN_GEOMETRIC_PRESENTATION_REPRESENTATION (  '', ( #1116 ), #569 ) ;
#91 = MECHANICAL_DESIGN_GEOMETRIC_PRESENTATION_REPRESENTATION (  '', ( #1076 ), #1451 ) ;
#92 = PLANE ( 'NONE',  #723 ) ;
#93 = STYLED_ITEM ( 'NONE', ( #405 ), #660 ) ;
#94 = AXIS2_PLACEMENT_3D ( 'NONE', #1482, #113, #823 ) ;
#95 = VERTEX_POINT ( 'NONE', #9 ) ;
#96 = UNCERTAINTY_MEASURE_WITH_UNIT (LENGTH_MEASURE( 1.000000000000000082E-05 ), #432, 'distance_accuracy_value', 'NONE');
#97 =( NAMED_UNIT ( * ) SI_UNIT ( $, .STERADIAN. ) SOLID_ANGLE_UNIT ( ) );
#98 = CARTESIAN_POINT ( 'NONE',  ( -0.3200000000000002842, 0.3200000000000002842, 8.339999958872999386 ) ) ;
#99 = FILL_AREA_STYLE_COLOUR ( '', #1074 ) ;
#100 = ORIENTED_EDGE ( 'NONE', *, *, #123, .T. ) ;
#101 =( NAMED_UNIT ( * ) SI_UNIT ( $, .STERADIAN. ) SOLID_ANGLE_UNIT ( ) );
#102 = EDGE_CURVE ( 'NONE', #1171, #1199, #1071, .T. ) ;
#103 = PRESENTATION_STYLE_ASSIGNMENT (( #1125 ) ) ;
#104 = CARTESIAN_POINT ( 'NONE',  ( 0.1199999970200000127, 0.1199999970199999294, -3.000000000000000000 ) ) ;
#105 = VERTEX_POINT ( 'NONE', #26 ) ;
#106 =( NAMED_UNIT ( * ) PLANE_ANGLE_UNIT ( ) SI_UNIT ( $, .RADIAN. ) );
#107 = FILL_AREA_STYLE ('',( #693 ) ) ;
#108 = ORIENTED_EDGE ( 'NONE', *, *, #456, .F. ) ;
#109 = DIRECTION ( 'NONE',  ( 0.0000000000000000000, 0.0000000000000000000, 1.000000000000000000 ) ) ;
#110 = DIRECTION ( 'NONE',  ( 1.000000000000000000, 0.0000000000000000000, 0.0000000000000000000 ) ) ;
#111 =( LENGTH_UNIT ( ) NAMED_UNIT ( * ) SI_UNIT ( .MILLI., .METRE. ) );
#112 = EDGE_CURVE ( 'NONE', #409, #1474, #716, .T. ) ;
#113 = DIRECTION ( 'NONE',  ( 0.7071067811865475727, -0.0000000000000000000, 0.7071067811865475727 ) ) ;
#114 = LINE ( 'NONE', #1380, #284 ) ;
#115 = MECHANICAL_DESIGN_GEOMETRIC_PRESENTATION_REPRESENTATION (  '', ( #866 ), #958 ) ;
#116 = PRESENTATION_LAYER_ASSIGNMENT (  '', '', ( #400 ) ) ;
#117 = PRESENTATION_LAYER_ASSIGNMENT (  '', '', ( #664 ) ) ;
#118 = ORIENTED_EDGE ( 'NONE', *, *, #439, .F. ) ;
#119 = CARTESIAN_POINT ( 'NONE',  ( 0.3199999999999999512, -0.3200000000000000622, 0.3000000119210001204 ) ) ;
#120 = DIRECTION ( 'NONE',  ( 0.0000000000000000000, -1.000000000000000000, -0.0000000000000000000 ) ) ;
#121 = CARTESIAN_POINT ( 'NONE',  ( 0.9699999880792501417, 1.245000000000250129, 2.289999961853000698 ) ) ;
#122 = FILL_AREA_STYLE ('',( #675 ) ) ;
#123 = EDGE_CURVE ( 'NONE', #409, #1259, #152, .T. ) ;
#124 = AXIS2_PLACEMENT_3D ( 'NONE', #1202, #426, #79 ) ;
#125 = ORIENTED_EDGE ( 'NONE', *, *, #703, .T. ) ;
#126 = DIRECTION ( 'NONE',  ( -0.7071067811865475727, 0.7071067811865475727, 0.0000000000000000000 ) ) ;
#127 = UNCERTAINTY_MEASURE_WITH_UNIT (LENGTH_MEASURE( 1.000000000000000082E-05 ), #365, 'distance_accuracy_value', 'NONE');
#128 = DIRECTION ( 'NONE',  ( 0.5773502691896267303, 0.5773502691896248429, 0.5773502691896257311 ) ) ;
#129 = FILL_AREA_STYLE_COLOUR ( '', #1360 ) ;
#130 = CARTESIAN_POINT ( 'NONE',  ( -1.270000000000500062, -0.9449999880794999196, 0.0000000000000000000 ) ) ;
#131 = CARTESIAN_POINT ( 'NONE',  ( -1.270000000000000018, 0.9449999880790000972, 0.0000000000000000000 ) ) ;
#132 = EDGE_CURVE ( 'NONE', #1188, #588, #276, .T. ) ;
#133 = SURFACE_SIDE_STYLE ('',( #1058 ) ) ;
#134 = VERTEX_POINT ( 'NONE', #828 ) ;
#135 = DIRECTION ( 'NONE',  ( 1.000000000000000000, 0.0000000000000000000, 0.0000000000000000000 ) ) ;
#136 = DIRECTION ( 'NONE',  ( 0.0000000000000000000, -1.000000000000000000, 0.0000000000000000000 ) ) ;
#137 = DIRECTION ( 'NONE',  ( 0.7071067811865474617, 0.7071067811865474617, 0.0000000000000000000 ) ) ;
#138 =( NAMED_UNIT ( * ) PLANE_ANGLE_UNIT ( ) SI_UNIT ( $, .RADIAN. ) );
#139 = CARTESIAN_POINT ( 'NONE',  ( -1.270000000000000018, -0.9449999880790000972, 0.0000000000000000000 ) ) ;
#140 = EDGE_LOOP ( 'NONE', ( #1014, #789, #180, #100 ) ) ;
#141 = DIRECTION ( 'NONE',  ( 0.7071067811865474617, -0.7071067811865474617, -0.0000000000000000000 ) ) ;
#142 = EDGE_LOOP ( 'NONE', ( #1391, #160, #1320, #277 ) ) ;
#143 = VECTOR ( 'NONE', #157, 1000.000000000000000 ) ;
#144 =( GEOMETRIC_REPRESENTATION_CONTEXT ( 3 ) GLOBAL_UNCERTAINTY_ASSIGNED_CONTEXT ( ( #554 ) ) GLOBAL_UNIT_ASSIGNED_CONTEXT ( ( #1208, #438, #1102 ) ) REPRESENTATION_CONTEXT ( 'NONE', 'WORKASPACE' ) );
#145 = PRESENTATION_LAYER_ASSIGNMENT (  '', '', ( #599 ) ) ;
#146 = STYLED_ITEM ( 'NONE', ( #796 ), #557 ) ;
#147 = CARTESIAN_POINT ( 'NONE',  ( 1.270000000000000018, 1.245000000000000329, 2.289999961853000254 ) ) ;
#148 = CARTESIAN_POINT ( 'NONE',  ( -1.119999994040000058, -1.094999994039999924, 0.0000000000000000000 ) ) ;
#149 = CARTESIAN_POINT ( 'NONE',  ( -0.1199999970199998184, -0.3200000000000000067, -3.000000000000000000 ) ) ;
#150 = ORIENTED_EDGE ( 'NONE', *, *, #82, .T. ) ;
#151 = LINE ( 'NONE', #222, #1098 ) ;
#152 = LINE ( 'NONE', #407, #1322 ) ;
#153 = ORIENTED_EDGE ( 'NONE', *, *, #774, .T. ) ;
#154 = CARTESIAN_POINT ( 'NONE',  ( 0.0000000000000000000, 0.0000000000000000000, 0.0000000000000000000 ) ) ;
#155 = FACE_OUTER_BOUND ( 'NONE', #1080, .T. ) ;
#156 = SURFACE_STYLE_FILL_AREA ( #1083 ) ;
#157 = DIRECTION ( 'NONE',  ( 0.0000000000000000000, -0.0000000000000000000, 1.000000000000000000 ) ) ;
#158 = EDGE_CURVE ( 'NONE', #1474, #1188, #1404, .T. ) ;
#159 = PRESENTATION_STYLE_ASSIGNMENT (( #853 ) ) ;
#160 = ORIENTED_EDGE ( 'NONE', *, *, #542, .T. ) ;
#161 = DIRECTION ( 'NONE',  ( 0.7071067811865474617, 0.7071067811865474617, 0.0000000000000000000 ) ) ;
#162 = ORIENTED_EDGE ( 'NONE', *, *, #850, .F. ) ;
#163 = SURFACE_STYLE_USAGE ( .BOTH. , #610 ) ;
#164 = FILL_AREA_STYLE_COLOUR ( '', #911 ) ;
#165 = EDGE_CURVE ( 'NONE', #417, #1305, #1066, .T. ) ;
#166 = CARTESIAN_POINT ( 'NONE',  ( 1.119999994040000058, 1.094999994039999924, 0.0000000000000000000 ) ) ;
#167 = DIRECTION ( 'NONE',  ( 0.0000000000000000000, -1.000000000000000000, 0.0000000000000000000 ) ) ;
#168 = EDGE_LOOP ( 'NONE', ( #245, #391, #948, #821 ) ) ;
#169 = SURFACE_STYLE_USAGE ( .BOTH. , #52 ) ;
#170 = VERTEX_POINT ( 'NONE', #1173 ) ;
#171 = AXIS2_PLACEMENT_3D ( 'NONE', #1189, #380, #1059 ) ;
#172 = COLOUR_RGB ( '',0.09411764705882352811, 0.09411764705882352811, 0.09411764705882352811 ) ;
#173 = PRESENTATION_LAYER_ASSIGNMENT (  '', '', ( #780 ) ) ;
#174 = MECHANICAL_DESIGN_GEOMETRIC_PRESENTATION_REPRESENTATION (  '', ( #263 ), #1472 ) ;
#175 = MECHANICAL_DESIGN_GEOMETRIC_PRESENTATION_REPRESENTATION (  '', ( #1196 ), #1168 ) ;
#176 = CARTESIAN_POINT ( 'NONE',  ( 1.270000000000500062, 0.9449999880794999196, 0.0000000000000000000 ) ) ;
#177 = PLANE ( 'NONE',  #428 ) ;
#178 = STYLED_ITEM ( 'NONE', ( #677 ), #209 ) ;
#179 = EDGE_LOOP ( 'NONE', ( #862, #1417, #36, #535 ) ) ;
#180 = ORIENTED_EDGE ( 'NONE', *, *, #1386, .T. ) ;
#181 = UNCERTAINTY_MEASURE_WITH_UNIT (LENGTH_MEASURE( 1.000000000000000082E-05 ), #274, 'distance_accuracy_value', 'NONE');
#182 = PRODUCT_DEFINITION_FORMATION_WITH_SPECIFIED_SOURCE ( 'ANY', '', #241, .NOT_KNOWN. ) ;
#183 = DIRECTION ( 'NONE',  ( 1.000000000000000000, 0.0000000000000000000, -0.0000000000000000000 ) ) ;
#184 = ADVANCED_FACE ( 'NONE', ( #974 ), #523, .T. ) ;
#185 = DIRECTION ( 'NONE',  ( 0.0000000000000000000, -0.0000000000000000000, -1.000000000000000000 ) ) ;
#186 = PRESENTATION_STYLE_ASSIGNMENT (( #1342 ) ) ;
#187 = PRESENTATION_LAYER_ASSIGNMENT (  '', '', ( #1235 ) ) ;
#188 =( NAMED_UNIT ( * ) PLANE_ANGLE_UNIT ( ) SI_UNIT ( $, .RADIAN. ) );
#189 = STYLED_ITEM ( 'NONE', ( #1351 ), #1266 ) ;
#190 = VECTOR ( 'NONE', #521, 1000.000000000000000 ) ;
#191 = UNCERTAINTY_MEASURE_WITH_UNIT (LENGTH_MEASURE( 1.000000000000000082E-05 ), #1269, 'distance_accuracy_value', 'NONE');
#192 = FACE_OUTER_BOUND ( 'NONE', #372, .T. ) ;
#193 =( GEOMETRIC_REPRESENTATION_CONTEXT ( 3 ) GLOBAL_UNCERTAINTY_ASSIGNED_CONTEXT ( ( #800 ) ) GLOBAL_UNIT_ASSIGNED_CONTEXT ( ( #1332, #656, #659 ) ) REPRESENTATION_CONTEXT ( 'NONE', 'WORKASPACE' ) );
#194 = STYLED_ITEM ( 'NONE', ( #1279 ), #184 ) ;
#195 = CARTESIAN_POINT ( 'NONE',  ( 0.3200000000000000067, -0.3200000000000000067, 2.289999961853000254 ) ) ;
#196 = ORIENTED_EDGE ( 'NONE', *, *, #456, .T. ) ;
#197 = DIRECTION ( 'NONE',  ( -0.0000000000000000000, 0.0000000000000000000, -1.000000000000000000 ) ) ;
#198 =( NAMED_UNIT ( * ) PLANE_ANGLE_UNIT ( ) SI_UNIT ( $, .RADIAN. ) );
#199 = EDGE_CURVE ( 'NONE', #918, #60, #1390, .T. ) ;
#200 = AXIS2_PLACEMENT_3D ( 'NONE', #658, #882, #753 ) ;
#201 = FILL_AREA_STYLE ('',( #447 ) ) ;
#202 = UNCERTAINTY_MEASURE_WITH_UNIT (LENGTH_MEASURE( 1.000000000000000082E-05 ), #1109, 'distance_accuracy_value', 'NONE');
#203 = MANIFOLD_SOLID_BREP ( 'Imported1', #1192 ) ;
#204 = DIRECTION ( 'NONE',  ( 0.0000000000000000000, 0.0000000000000000000, -1.000000000000000000 ) ) ;
#205 =( NAMED_UNIT ( * ) PLANE_ANGLE_UNIT ( ) SI_UNIT ( $, .RADIAN. ) );
#206 = AXIS2_PLACEMENT_3D ( 'NONE', #7, #1250, #825 ) ;
#207 = VECTOR ( 'NONE', #1239, 1000.000000000000000 ) ;
#208 =( GEOMETRIC_REPRESENTATION_CONTEXT ( 3 ) GLOBAL_UNCERTAINTY_ASSIGNED_CONTEXT ( ( #678 ) ) GLOBAL_UNIT_ASSIGNED_CONTEXT ( ( #543, #317, #326 ) ) REPRESENTATION_CONTEXT ( 'NONE', 'WORKASPACE' ) );
#209 = ADVANCED_FACE ( 'NONE', ( #1244 ), #341, .T. ) ;
#210 = AXIS2_PLACEMENT_3D ( 'NONE', #1284, #461, #1255 ) ;
#211 = ORIENTED_EDGE ( 'NONE', *, *, #69, .F. ) ;
#212 =( NAMED_UNIT ( * ) SI_UNIT ( $, .STERADIAN. ) SOLID_ANGLE_UNIT ( ) );
#213 = PLANE ( 'NONE',  #665 ) ;
#214 = VERTEX_POINT ( 'NONE', #119 ) ;
#215 = MANIFOLD_SOLID_BREP ( 'Imported1', #967 ) ;
#216 = LINE ( 'NONE', #1257, #315 ) ;
#217 = ADVANCED_FACE ( 'NONE', ( #155 ), #55, .T. ) ;
#218 = ORIENTED_EDGE ( 'NONE', *, *, #648, .T. ) ;
#219 =( LENGTH_UNIT ( ) NAMED_UNIT ( * ) SI_UNIT ( .MILLI., .METRE. ) );
#220 = FACE_OUTER_BOUND ( 'NONE', #1328, .T. ) ;
#221 = PRESENTATION_STYLE_ASSIGNMENT (( #674 ) ) ;
#222 = CARTESIAN_POINT ( 'NONE',  ( -0.3200000000000000067, -0.1199999970200000127, 8.539999961853000698 ) ) ;
#223 = ORIENTED_EDGE ( 'NONE', *, *, #858, .F. ) ;
#224 = SURFACE_STYLE_FILL_AREA ( #565 ) ;
#225 = SHAPE_REPRESENTATION ( 'PinArray', ( #124 ), #381 ) ;
#226 = UNCERTAINTY_MEASURE_WITH_UNIT (LENGTH_MEASURE( 1.000000000000000082E-05 ), #801, 'distance_accuracy_value', 'NONE');
#227 = PLANE ( 'NONE',  #462 ) ;
#228 = DIRECTION ( 'NONE',  ( 0.0000000000000000000, 1.000000000000000000, -0.0000000000000000000 ) ) ;
#229 = FILL_AREA_STYLE_COLOUR ( '', #1406 ) ;
#230 = CARTESIAN_POINT ( 'NONE',  ( -1.270000000000000018, 1.245000000000000329, 0.0000000000000000000 ) ) ;
#231 = COLOUR_RGB ( '',1.000000000000000000, 1.000000000000000000, 0.4980392156862745168 ) ;
#232 = STYLED_ITEM ( 'NONE', ( #406 ), #325 ) ;
#233 = STYLED_ITEM ( 'NONE', ( #300 ), #980 ) ;
#234 =( GEOMETRIC_REPRESENTATION_CONTEXT ( 3 ) GLOBAL_UNCERTAINTY_ASSIGNED_CONTEXT ( ( #747 ) ) GLOBAL_UNIT_ASSIGNED_CONTEXT ( ( #978, #1294, #422 ) ) REPRESENTATION_CONTEXT ( 'NONE', 'WORKASPACE' ) );
#235 = VERTEX_POINT ( 'NONE', #683 ) ;
#236 = FACE_OUTER_BOUND ( 'NONE', #1367, .T. ) ;
#237 = DIRECTION ( 'NONE',  ( -0.7071067811865474617, -0.7071067811865474617, 0.0000000000000000000 ) ) ;
#238 = FACE_OUTER_BOUND ( 'NONE', #8, .T. ) ;
#239 = CARTESIAN_POINT ( 'NONE',  ( 1.270000000000000018, -0.9449999880790000972, 0.0000000000000000000 ) ) ;
#240 = EDGE_CURVE ( 'NONE', #805, #732, #715, .T. ) ;
#241 = PRODUCT ( 'User Library-Header_Male_1Pin', 'User Library-Header_Male_1Pin', '', ( #926 ) ) ;
#242 = LINE ( 'NONE', #131, #745 ) ;
#243 = CARTESIAN_POINT ( 'NONE',  ( 0.3199999999999999512, -0.9449999880789999862, 0.3000000119210000094 ) ) ;
#244 = FILL_AREA_STYLE_COLOUR ( '', #961 ) ;
#245 = ORIENTED_EDGE ( 'NONE', *, *, #1153, .F. ) ;
#246 = DIRECTION ( 'NONE',  ( 0.7071067811865474617, 0.7071067811865474617, -0.0000000000000000000 ) ) ;
#247 = CARTESIAN_POINT ( 'NONE',  ( -0.3200000000000000067, 0.3200000000000000067, -2.799999997020000020 ) ) ;
#248 = CARTESIAN_POINT ( 'NONE',  ( -0.9699999880789998974, -1.245000000000000329, 0.0000000000000000000 ) ) ;
#249 = CARTESIAN_POINT ( 'NONE',  ( -1.270000000000500062, 0.9449999880794999196, 0.0000000000000000000 ) ) ;
#250 = ORIENTED_EDGE ( 'NONE', *, *, #1035, .F. ) ;
#251 = LINE ( 'NONE', #1389, #14 ) ;
#252 = CARTESIAN_POINT ( 'NONE',  ( 1.119999994040000058, 1.094999994039999924, 2.289999961853000698 ) ) ;
#253 = ORIENTED_EDGE ( 'NONE', *, *, #873, .F. ) ;
#254 = DIRECTION ( 'NONE',  ( -1.000000000000000000, 0.0000000000000000000, -0.0000000000000000000 ) ) ;
#255 = LINE ( 'NONE', #1211, #692 ) ;
#256 = DIRECTION ( 'NONE',  ( 0.7071067811865475727, 0.7071067811865475727, -0.0000000000000000000 ) ) ;
#257 = SURFACE_STYLE_FILL_AREA ( #414 ) ;
#258 = ORIENTED_EDGE ( 'NONE', *, *, #123, .F. ) ;
#259 = DIRECTION ( 'NONE',  ( 1.000000000000000000, 0.0000000000000000000, -0.0000000000000000000 ) ) ;
#260 = STYLED_ITEM ( 'NONE', ( #103 ), #1309 ) ;
#261 = AXIS2_PLACEMENT_3D ( 'NONE', #1262, #1385, #822 ) ;
#262 = EDGE_LOOP ( 'NONE', ( #1219, #424, #332, #1396 ) ) ;
#263 = STYLED_ITEM ( 'NONE', ( #1240 ), #928 ) ;
#264 = AXIS2_PLACEMENT_3D ( 'NONE', #1107, #1006, #768 ) ;
#265 = MECHANICAL_DESIGN_GEOMETRIC_PRESENTATION_REPRESENTATION (  '', ( #233 ), #647 ) ;
#266 = CARTESIAN_POINT ( 'NONE',  ( -1.270000000000000018, 1.245000000000000329, 2.289999961853000254 ) ) ;
#267 =( NAMED_UNIT ( * ) SI_UNIT ( $, .STERADIAN. ) SOLID_ANGLE_UNIT ( ) );
#268 = ORIENTED_EDGE ( 'NONE', *, *, #966, .F. ) ;
#269 = SURFACE_STYLE_FILL_AREA ( #1297 ) ;
#270 = VERTEX_POINT ( 'NONE', #724 ) ;
#271 = EDGE_CURVE ( 'NONE', #1286, #270, #251, .T. ) ;
#272 =( GEOMETRIC_REPRESENTATION_CONTEXT ( 3 ) GLOBAL_UNCERTAINTY_ASSIGNED_CONTEXT ( ( #342 ) ) GLOBAL_UNIT_ASSIGNED_CONTEXT ( ( #1479, #1130, #898 ) ) REPRESENTATION_CONTEXT ( 'NONE', 'WORKASPACE' ) );
#273 = CARTESIAN_POINT ( 'NONE',  ( 0.3200000000000000067, -0.3200000000000000067, 8.339999958872999386 ) ) ;
#274 =( LENGTH_UNIT ( ) NAMED_UNIT ( * ) SI_UNIT ( .MILLI., .METRE. ) );
#275 = DIRECTION ( 'NONE',  ( 1.000000000000000000, -0.0000000000000000000, 0.0000000000000000000 ) ) ;
#276 = LINE ( 'NONE', #1046, #1258 ) ;
#277 = ORIENTED_EDGE ( 'NONE', *, *, #280, .F. ) ;
#278 = CARTESIAN_POINT ( 'NONE',  ( -1.119999994040000058, 1.094999994039999924, 2.289999961853000698 ) ) ;
#279 =( NAMED_UNIT ( * ) SI_UNIT ( $, .STERADIAN. ) SOLID_ANGLE_UNIT ( ) );
#280 = EDGE_CURVE ( 'NONE', #214, #925, #600, .T. ) ;
#281 = FACE_OUTER_BOUND ( 'NONE', #1190, .T. ) ;
#282 = EDGE_LOOP ( 'NONE', ( #1353, #472, #1463, #1280 ) ) ;
#283 = ORIENTED_EDGE ( 'NONE', *, *, #657, .F. ) ;
#284 = VECTOR ( 'NONE', #923, 1000.000000000000114 ) ;
#285 = MECHANICAL_DESIGN_GEOMETRIC_PRESENTATION_REPRESENTATION (  '', ( #400 ), #1317 ) ;
#286 =( LENGTH_UNIT ( ) NAMED_UNIT ( * ) SI_UNIT ( .MILLI., .METRE. ) );
#287 = AXIS2_PLACEMENT_3D ( 'NONE', #598, #1128, #917 ) ;
#288 = DIRECTION ( 'NONE',  ( -0.0000000000000000000, -0.0000000000000000000, -1.000000000000000000 ) ) ;
#289 = PRESENTATION_LAYER_ASSIGNMENT (  '', '', ( #178 ) ) ;
#290 = ADVANCED_FACE ( 'NONE', ( #490, #947 ), #731, .T. ) ;
#291 = ORIENTED_EDGE ( 'NONE', *, *, #1386, .F. ) ;
#292 = ORIENTED_EDGE ( 'NONE', *, *, #471, .F. ) ;
#293 = ORIENTED_EDGE ( 'NONE', *, *, #873, .T. ) ;
#294 = SURFACE_STYLE_FILL_AREA ( #1324 ) ;
#295 = UNCERTAINTY_MEASURE_WITH_UNIT (LENGTH_MEASURE( 1.000000000000000082E-05 ), #1073, 'distance_accuracy_value', 'NONE');
#296 = STYLED_ITEM ( 'NONE', ( #62 ), #1464 ) ;
#297 = CARTESIAN_POINT ( 'NONE',  ( -0.3200000000000000067, 0.3200000000000000067, 8.539999961853000698 ) ) ;
#298 = LINE ( 'NONE', #991, #75 ) ;
#299 = SURFACE_SIDE_STYLE ('',( #1326 ) ) ;
#300 = PRESENTATION_STYLE_ASSIGNMENT (( #556 ) ) ;
#301 = EDGE_LOOP ( 'NONE', ( #423, #672, #211, #1121, #1200 ) ) ;
#302 = FILL_AREA_STYLE ('',( #1226 ) ) ;
#303 = FACE_OUTER_BOUND ( 'NONE', #262, .T. ) ;
#304 =( REPRESENTATION_RELATIONSHIP ('NONE','NONE', #1209, #1400 ) REPRESENTATION_RELATIONSHIP_WITH_TRANSFORMATION ( #13 )SHAPE_REPRESENTATION_RELATIONSHIP( ) );
#305 = SURFACE_STYLE_USAGE ( .BOTH. , #1329 ) ;
#306 = EDGE_LOOP ( 'NONE', ( #65, #726, #845, #939 ) ) ;
#307 = APPLICATION_CONTEXT ( 'automotive_design' ) ;
#308 = EDGE_CURVE ( 'NONE', #925, #1243, #614, .T. ) ;
#309 =( NAMED_UNIT ( * ) PLANE_ANGLE_UNIT ( ) SI_UNIT ( $, .RADIAN. ) );
#310 =( GEOMETRIC_REPRESENTATION_CONTEXT ( 3 ) GLOBAL_UNCERTAINTY_ASSIGNED_CONTEXT ( ( #1089 ) ) GLOBAL_UNIT_ASSIGNED_CONTEXT ( ( #1061, #1165, #851 ) ) REPRESENTATION_CONTEXT ( 'NONE', 'WORKASPACE' ) );
#311 = PRESENTATION_LAYER_ASSIGNMENT (  '', '', ( #1431 ) ) ;
#312 = UNCERTAINTY_MEASURE_WITH_UNIT (LENGTH_MEASURE( 1.000000000000000082E-05 ), #891, 'distance_accuracy_value', 'NONE');
#313 = CARTESIAN_POINT ( 'NONE',  ( 0.3200000000000000067, -0.2199999985099999888, 8.439999960363001819 ) ) ;
#314 = CARTESIAN_POINT ( 'NONE',  ( 1.270000000000250040, -0.9449999880792500084, 2.289999961853000698 ) ) ;
#315 = VECTOR ( 'NONE', #347, 1000.000000000000000 ) ;
#316 = VECTOR ( 'NONE', #705, 1000.000000000000000 ) ;
#317 =( NAMED_UNIT ( * ) PLANE_ANGLE_UNIT ( ) SI_UNIT ( $, .RADIAN. ) );
#318 = FILL_AREA_STYLE_COLOUR ( '', #973 ) ;
#319 = EDGE_CURVE ( 'NONE', #751, #1384, #1180, .T. ) ;
#320 = FILL_AREA_STYLE_COLOUR ( '', #367 ) ;
#321 = DIRECTION ( 'NONE',  ( 0.0000000000000000000, 0.0000000000000000000, 1.000000000000000000 ) ) ;
#322 = PRODUCT_DEFINITION ( 'UNKNOWN', '', #994, #1110 ) ;
#323 = DIRECTION ( 'NONE',  ( 0.0000000000000000000, 0.7071067811865475727, 0.7071067811865475727 ) ) ;
#324 = FACE_OUTER_BOUND ( 'NONE', #282, .T. ) ;
#325 = ADVANCED_FACE ( 'NONE', ( #827 ), #1050, .T. ) ;
#326 =( NAMED_UNIT ( * ) SI_UNIT ( $, .STERADIAN. ) SOLID_ANGLE_UNIT ( ) );
#327 =( LENGTH_UNIT ( ) NAMED_UNIT ( * ) SI_UNIT ( .MILLI., .METRE. ) );
#328 = ORIENTED_EDGE ( 'NONE', *, *, #1393, .T. ) ;
#329 = MECHANICAL_DESIGN_GEOMETRIC_PRESENTATION_REPRESENTATION (  '', ( #840 ), #1095 ) ;
#330 = CARTESIAN_POINT ( 'NONE',  ( -0.3199999999999999512, 0.3200000000000000622, 0.3000000119210000649 ) ) ;
#331 = PRESENTATION_STYLE_ASSIGNMENT (( #914 ) ) ;
#332 = ORIENTED_EDGE ( 'NONE', *, *, #912, .T. ) ;
#333 = VECTOR ( 'NONE', #1423, 1000.000000000000000 ) ;
#334 = PRESENTATION_LAYER_ASSIGNMENT (  '', '', ( #263 ) ) ;
#335 = SURFACE_STYLE_FILL_AREA ( #795 ) ;
#336 =( GEOMETRIC_REPRESENTATION_CONTEXT ( 3 ) GLOBAL_UNCERTAINTY_ASSIGNED_CONTEXT ( ( #127 ) ) GLOBAL_UNIT_ASSIGNED_CONTEXT ( ( #365, #936, #712 ) ) REPRESENTATION_CONTEXT ( 'NONE', 'WORKASPACE' ) );
#337 = ADVANCED_FACE ( 'NONE', ( #236 ), #1139, .T. ) ;
#338 = STYLED_ITEM ( 'NONE', ( #927 ), #203 ) ;
#339 = VERTEX_POINT ( 'NONE', #584 ) ;
#340 = SURFACE_STYLE_FILL_AREA ( #448 ) ;
#341 = PLANE ( 'NONE',  #663 ) ;
#342 = UNCERTAINTY_MEASURE_WITH_UNIT (LENGTH_MEASURE( 1.000000000000000082E-05 ), #1479, 'distance_accuracy_value', 'NONE');
#343 =( NAMED_UNIT ( * ) PLANE_ANGLE_UNIT ( ) SI_UNIT ( $, .RADIAN. ) );
#344 = CARTESIAN_POINT ( 'NONE',  ( -0.3200000000000000067, 0.3200000000000000067, -3.000000000000000000 ) ) ;
#345 =( NAMED_UNIT ( * ) SI_UNIT ( $, .STERADIAN. ) SOLID_ANGLE_UNIT ( ) );
#346 = DIRECTION ( 'NONE',  ( -1.000000000000000000, -0.0000000000000000000, 0.0000000000000000000 ) ) ;
#347 = DIRECTION ( 'NONE',  ( 0.0000000000000000000, 1.000000000000000000, -0.0000000000000000000 ) ) ;
#348 = COLOUR_RGB ( '',0.7921568627450980005, 0.8196078431372548767, 0.9333333333333333481 ) ;
#349 = PRODUCT_RELATED_PRODUCT_CATEGORY ( 'part', '', ( #943 ) ) ;
#350 =( GEOMETRIC_REPRESENTATION_CONTEXT ( 3 ) GLOBAL_UNCERTAINTY_ASSIGNED_CONTEXT ( ( #989 ) ) GLOBAL_UNIT_ASSIGNED_CONTEXT ( ( #286, #188, #639 ) ) REPRESENTATION_CONTEXT ( 'NONE', 'WORKASPACE' ) );
#351 = ORIENTED_EDGE ( 'NONE', *, *, #1164, .F. ) ;
#352 = SURFACE_SIDE_STYLE ('',( #224 ) ) ;
#353 = CARTESIAN_POINT ( 'NONE',  ( -0.3199999999999998401, -0.3200000000000000067, -2.799999997020000020 ) ) ;
#354 = CARTESIAN_POINT ( 'NONE',  ( -0.3200000000000000067, 0.1199999970199998184, -3.000000000000000000 ) ) ;
#355 = CARTESIAN_POINT ( 'NONE',  ( 1.270000000000250040, 0.9449999880792498974, 2.289999961853000698 ) ) ;
#356 = CARTESIAN_POINT ( 'NONE',  ( -1.270000000000125251, -0.9449999880791249973, 0.0000000000000000000 ) ) ;
#357 = ORIENTED_EDGE ( 'NONE', *, *, #1164, .T. ) ;
#358 =( NAMED_UNIT ( * ) PLANE_ANGLE_UNIT ( ) SI_UNIT ( $, .RADIAN. ) );
#359 = EDGE_CURVE ( 'NONE', #134, #389, #1481, .T. ) ;
#360 = DIRECTION ( 'NONE',  ( -0.0000000000000000000, -0.0000000000000000000, -1.000000000000000000 ) ) ;
#361 = APPLICATION_CONTEXT ( 'automotive_design' ) ;
#362 = LINE ( 'NONE', #1465, #782 ) ;
#363 = FILL_AREA_STYLE_COLOUR ( '', #765 ) ;
#364 = CARTESIAN_POINT ( 'NONE',  ( -1.270000000000000018, -0.3199999999999999512, 2.289999961853000254 ) ) ;
#365 =( LENGTH_UNIT ( ) NAMED_UNIT ( * ) SI_UNIT ( .MILLI., .METRE. ) );
#366 = VECTOR ( 'NONE', #288, 1000.000000000000000 ) ;
#367 = COLOUR_RGB ( '',1.000000000000000000, 1.000000000000000000, 0.4980392156862745168 ) ;
#368 = PRESENTATION_LAYER_ASSIGNMENT (  '', '', ( #232 ) ) ;
#369 = VECTOR ( 'NONE', #228, 1000.000000000000000 ) ;
#370 = FILL_AREA_STYLE_COLOUR ( '', #865 ) ;
#371 = MECHANICAL_DESIGN_GEOMETRIC_PRESENTATION_REPRESENTATION (  '', ( #1005 ), #234 ) ;
#372 = EDGE_LOOP ( 'NONE', ( #268, #465, #108, #913 ) ) ;
#373 = STYLED_ITEM ( 'NONE', ( #793 ), #51 ) ;
#374 = APPLICATION_PROTOCOL_DEFINITION ( 'draft international standard', 'automotive_design', 1998, #361 ) ;
#375 = FACE_OUTER_BOUND ( 'NONE', #696, .T. ) ;
#376 = PRODUCT_DEFINITION ( 'UNKNOWN', '', #733, #383 ) ;
#377 = PRESENTATION_STYLE_ASSIGNMENT (( #464 ) ) ;
#378 = PRODUCT ( 'BodyArray', 'BodyArray', '', ( #593 ) ) ;
#379 =( LENGTH_UNIT ( ) NAMED_UNIT ( * ) SI_UNIT ( .MILLI., .METRE. ) );
#380 = DIRECTION ( 'NONE',  ( -0.7071067811865475727, -0.7071067811865475727, 0.0000000000000000000 ) ) ;
#381 =( GEOMETRIC_REPRESENTATION_CONTEXT ( 3 ) GLOBAL_UNCERTAINTY_ASSIGNED_CONTEXT ( ( #96 ) ) GLOBAL_UNIT_ASSIGNED_CONTEXT ( ( #432, #1421, #441 ) ) REPRESENTATION_CONTEXT ( 'NONE', 'WORKASPACE' ) );
#382 = EDGE_LOOP ( 'NONE', ( #904, #1405, #881, #1036 ) ) ;
#383 = PRODUCT_DEFINITION_CONTEXT ( 'detailed design', #1382, 'design' ) ;
#384 = SURFACE_STYLE_USAGE ( .BOTH. , #29 ) ;
#385 = CARTESIAN_POINT ( 'NONE',  ( 0.3200000000000000067, 0.3200000000000000067, -2.799999997020000020 ) ) ;
#386 = SURFACE_STYLE_FILL_AREA ( #586 ) ;
#387 = LINE ( 'NONE', #147, #1356 ) ;
#388 =( NAMED_UNIT ( * ) SI_UNIT ( $, .STERADIAN. ) SOLID_ANGLE_UNIT ( ) );
#389 = VERTEX_POINT ( 'NONE', #1378 ) ;
#390 = FILL_AREA_STYLE ('',( #820 ) ) ;
#391 = ORIENTED_EDGE ( 'NONE', *, *, #814, .T. ) ;
#392 = APPLICATION_PROTOCOL_DEFINITION ( 'draft international standard', 'automotive_design', 1998, #818 ) ;
#393 = PRESENTATION_STYLE_ASSIGNMENT (( #163 ) ) ;
#394 =( LENGTH_UNIT ( ) NAMED_UNIT ( * ) SI_UNIT ( .MILLI., .METRE. ) );
#395 = SURFACE_SIDE_STYLE ('',( #257 ) ) ;
#396 = SURFACE_STYLE_USAGE ( .BOTH. , #41 ) ;
#397 = VECTOR ( 'NONE', #1169, 1000.000000000000000 ) ;
#398 = EDGE_CURVE ( 'NONE', #1307, #214, #919, .T. ) ;
#399 = DIRECTION ( 'NONE',  ( -0.0000000000000000000, 1.000000000000000000, 0.0000000000000000000 ) ) ;
#400 = STYLED_ITEM ( 'NONE', ( #4 ), #337 ) ;
#401 = VERTEX_POINT ( 'NONE', #808 ) ;
#402 =( REPRESENTATION_RELATIONSHIP ('NONE','NONE', #1209, #225 ) REPRESENTATION_RELATIONSHIP_WITH_TRANSFORMATION ( #1049 )SHAPE_REPRESENTATION_RELATIONSHIP( ) );
#403 =( GEOMETRIC_REPRESENTATION_CONTEXT ( 3 ) GLOBAL_UNCERTAINTY_ASSIGNED_CONTEXT ( ( #1265 ) ) GLOBAL_UNIT_ASSIGNED_CONTEXT ( ( #1249, #138, #1133 ) ) REPRESENTATION_CONTEXT ( 'NONE', 'WORKASPACE' ) );
#404 = PLANE ( 'NONE',  #1051 ) ;
#405 = PRESENTATION_STYLE_ASSIGNMENT (( #1194 ) ) ;
#406 = PRESENTATION_STYLE_ASSIGNMENT (( #396 ) ) ;
#407 = CARTESIAN_POINT ( 'NONE',  ( 0.9699999880790000084, -1.245000000000000329, 0.0000000000000000000 ) ) ;
#408 = DIRECTION ( 'NONE',  ( 0.0000000000000000000, 0.0000000000000000000, 1.000000000000000000 ) ) ;
#409 = VERTEX_POINT ( 'NONE', #1263 ) ;
#410 = EDGE_CURVE ( 'NONE', #918, #1171, #697, .T. ) ;
#411 = CARTESIAN_POINT ( 'NONE',  ( 1.270000000000000018, -1.245000000000000329, 0.0000000000000000000 ) ) ;
#412 = DIRECTION ( 'NONE',  ( 0.5773502691896248429, -0.5773502691896267303, 0.5773502691896257311 ) ) ;
#413 = DIRECTION ( 'NONE',  ( -0.7071067811865474617, 0.7071067811865474617, 0.0000000000000000000 ) ) ;
#414 = FILL_AREA_STYLE ('',( #605 ) ) ;
#415 = FACE_BOUND ( 'NONE', #798, .T. ) ;
#416 = DIRECTION ( 'NONE',  ( -1.000000000000000000, 0.0000000000000000000, -0.0000000000000000000 ) ) ;
#417 = VERTEX_POINT ( 'NONE', #1214 ) ;
#418 = ORIENTED_EDGE ( 'NONE', *, *, #359, .F. ) ;
#419 = ORIENTED_EDGE ( 'NONE', *, *, #1103, .T. ) ;
#420 = EDGE_CURVE ( 'NONE', #105, #437, #1092, .T. ) ;
#421 = FACE_OUTER_BOUND ( 'NONE', #382, .T. ) ;
#422 =( NAMED_UNIT ( * ) SI_UNIT ( $, .STERADIAN. ) SOLID_ANGLE_UNIT ( ) );
#423 = ORIENTED_EDGE ( 'NONE', *, *, #1035, .T. ) ;
#424 = ORIENTED_EDGE ( 'NONE', *, *, #880, .T. ) ;
#425 = MECHANICAL_DESIGN_GEOMETRIC_PRESENTATION_REPRESENTATION (  '', ( #189 ), #568 ) ;
#426 = DIRECTION ( 'NONE',  ( 0.0000000000000000000, 0.0000000000000000000, 1.000000000000000000 ) ) ;
#427 = COLOUR_RGB ( '',0.09411764705882352811, 0.09411764705882352811, 0.09411764705882352811 ) ;
#428 = AXIS2_PLACEMENT_3D ( 'NONE', #618, #64, #631 ) ;
#429 = CARTESIAN_POINT ( 'NONE',  ( -0.3200000000000000067, -0.3200000000000000067, 2.289999961853000254 ) ) ;
#430 = CARTESIAN_POINT ( 'NONE',  ( -1.119999994040000058, 1.094999994039999924, 0.0000000000000000000 ) ) ;
#431 = DIRECTION ( 'NONE',  ( -1.000000000000000000, -0.0000000000000000000, -0.0000000000000000000 ) ) ;
#432 =( LENGTH_UNIT ( ) NAMED_UNIT ( * ) SI_UNIT ( .MILLI., .METRE. ) );
#433 = VECTOR ( 'NONE', #545, 1000.000000000000000 ) ;
#434 = DIRECTION ( 'NONE',  ( -0.0000000000000000000, -0.0000000000000000000, -1.000000000000000000 ) ) ;
#435 = SURFACE_STYLE_FILL_AREA ( #201 ) ;
#436 = ADVANCED_FACE ( 'NONE', ( #415, #281 ), #968, .T. ) ;
#437 = VERTEX_POINT ( 'NONE', #1435 ) ;
#438 =( NAMED_UNIT ( * ) PLANE_ANGLE_UNIT ( ) SI_UNIT ( $, .RADIAN. ) );
#439 = EDGE_CURVE ( 'NONE', #389, #270, #757, .T. ) ;
#440 =( LENGTH_UNIT ( ) NAMED_UNIT ( * ) SI_UNIT ( .MILLI., .METRE. ) );
#441 =( NAMED_UNIT ( * ) SI_UNIT ( $, .STERADIAN. ) SOLID_ANGLE_UNIT ( ) );
#442 = MECHANICAL_DESIGN_GEOMETRIC_PRESENTATION_REPRESENTATION (  '', ( #868 ), #22 ) ;
#443 = PRESENTATION_LAYER_ASSIGNMENT (  '', '', ( #1076 ) ) ;
#444 = PRESENTATION_LAYER_ASSIGNMENT (  '', '', ( #233 ) ) ;
#445 = LINE ( 'NONE', #430, #1319 ) ;
#446 = VECTOR ( 'NONE', #1303, 1000.000000000000000 ) ;
#447 = FILL_AREA_STYLE_COLOUR ( '', #16 ) ;
#448 = FILL_AREA_STYLE ('',( #1349 ) ) ;
#449 = FILL_AREA_STYLE_COLOUR ( '', #905 ) ;
#450 = PRESENTATION_LAYER_ASSIGNMENT (  '', '', ( #1477 ) ) ;
#451 = ORIENTED_EDGE ( 'NONE', *, *, #1338, .T. ) ;
#452 =( LENGTH_UNIT ( ) NAMED_UNIT ( * ) SI_UNIT ( .MILLI., .METRE. ) );
#453 = UNCERTAINTY_MEASURE_WITH_UNIT (LENGTH_MEASURE( 1.000000000000000082E-05 ), #83, 'distance_accuracy_value', 'NONE');
#454 = DIRECTION ( 'NONE',  ( 0.5773502691896258421, -0.5773502691896257311, 0.5773502691896257311 ) ) ;
#455 = FILL_AREA_STYLE_COLOUR ( '', #516 ) ;
#456 = EDGE_CURVE ( 'NONE', #1204, #170, #594, .T. ) ;
#457 = ORIENTED_EDGE ( 'NONE', *, *, #1114, .T. ) ;
#458 = ORIENTED_EDGE ( 'NONE', *, *, #199, .T. ) ;
#459 =( NAMED_UNIT ( * ) SI_UNIT ( $, .STERADIAN. ) SOLID_ANGLE_UNIT ( ) );
#460 = DIRECTION ( 'NONE',  ( 0.0000000000000000000, -0.0000000000000000000, 1.000000000000000000 ) ) ;
#461 = DIRECTION ( 'NONE',  ( -0.0000000000000000000, 0.7071067811865475727, 0.7071067811865475727 ) ) ;
#462 = AXIS2_PLACEMENT_3D ( 'NONE', #1231, #110, #204 ) ;
#463 =( GEOMETRIC_REPRESENTATION_CONTEXT ( 3 ) GLOBAL_UNCERTAINTY_ASSIGNED_CONTEXT ( ( #1024 ) ) GLOBAL_UNIT_ASSIGNED_CONTEXT ( ( #440, #544, #769 ) ) REPRESENTATION_CONTEXT ( 'NONE', 'WORKASPACE' ) );
#464 = SURFACE_STYLE_USAGE ( .BOTH. , #682 ) ;
#465 = ORIENTED_EDGE ( 'NONE', *, *, #1439, .F. ) ;
#466 = PRESENTATION_STYLE_ASSIGNMENT (( #685 ) ) ;
#467 = UNCERTAINTY_MEASURE_WITH_UNIT (LENGTH_MEASURE( 1.000000000000000082E-05 ), #1253, 'distance_accuracy_value', 'NONE');
#468 =( NAMED_UNIT ( * ) SI_UNIT ( $, .STERADIAN. ) SOLID_ANGLE_UNIT ( ) );
#469 = SURFACE_SIDE_STYLE ('',( #335 ) ) ;
#470 =( NAMED_UNIT ( * ) SI_UNIT ( $, .STERADIAN. ) SOLID_ANGLE_UNIT ( ) );
#471 = EDGE_CURVE ( 'NONE', #1204, #1136, #151, .T. ) ;
#472 = ORIENTED_EDGE ( 'NONE', *, *, #580, .T. ) ;
#473 = DIRECTION ( 'NONE',  ( 0.5773502691896257311, 0.5773502691896259531, -0.5773502691896256200 ) ) ;
#474 = SURFACE_STYLE_FILL_AREA ( #791 ) ;
#475 = SURFACE_STYLE_USAGE ( .BOTH. , #785 ) ;
#476 = PLANE ( 'NONE',  #94 ) ;
#477 = PLANE ( 'NONE',  #1001 ) ;
#478 = ADVANCED_BREP_SHAPE_REPRESENTATION ( '', ( #215, #124 ), #272 ) ;
#479 = EDGE_LOOP ( 'NONE', ( #515, #713, #492, #563 ) ) ;
#480 = PRESENTATION_STYLE_ASSIGNMENT (( #806 ) ) ;
#481 = UNCERTAINTY_MEASURE_WITH_UNIT (LENGTH_MEASURE( 1.000000000000000082E-05 ), #1480, 'distance_accuracy_value', 'NONE');
#482 = LINE ( 'NONE', #1040, #1315 ) ;
#483 = DIRECTION ( 'NONE',  ( 0.0000000000000000000, -0.0000000000000000000, -1.000000000000000000 ) ) ;
#484 = FILL_AREA_STYLE ('',( #1134 ) ) ;
#485 = DIRECTION ( 'NONE',  ( 1.000000000000000000, 0.0000000000000000000, -0.0000000000000000000 ) ) ;
#486 =( GEOMETRIC_REPRESENTATION_CONTEXT ( 3 ) GLOBAL_UNCERTAINTY_ASSIGNED_CONTEXT ( ( #575 ) ) GLOBAL_UNIT_ASSIGNED_CONTEXT ( ( #1331, #198, #555 ) ) REPRESENTATION_CONTEXT ( 'NONE', 'WORKASPACE' ) );
#487 = COLOUR_RGB ( '',0.09411764705882352811, 0.09411764705882352811, 0.09411764705882352811 ) ;
#488 = VERTEX_POINT ( 'NONE', #1242 ) ;
#489 = VECTOR ( 'NONE', #1012, 1000.000000000000000 ) ;
#490 = FACE_OUTER_BOUND ( 'NONE', #956, .T. ) ;
#491 = CARTESIAN_POINT ( 'NONE',  ( 1.270000000000500062, -0.9449999880794999196, 0.0000000000000000000 ) ) ;
#492 = ORIENTED_EDGE ( 'NONE', *, *, #102, .F. ) ;
#493 = MECHANICAL_DESIGN_GEOMETRIC_PRESENTATION_REPRESENTATION (  '', ( #373 ), #403 ) ;
#494 = SURFACE_SIDE_STYLE ('',( #1037 ) ) ;
#495 = LINE ( 'NONE', #740, #1105 ) ;
#496 = CARTESIAN_POINT ( 'NONE',  ( 1.270000000000000018, 0.9449999880789999862, 0.0000000000000000000 ) ) ;
#497 =( LENGTH_UNIT ( ) NAMED_UNIT ( * ) SI_UNIT ( .MILLI., .METRE. ) );
#498 = LINE ( 'NONE', #945, #536 ) ;
#499 = PRODUCT_DEFINITION_SHAPE ( 'NONE', 'NONE',  #376 ) ;
#500 = EDGE_LOOP ( 'NONE', ( #653, #457, #419, #756, #458 ) ) ;
#501 =( NAMED_UNIT ( * ) PLANE_ANGLE_UNIT ( ) SI_UNIT ( $, .RADIAN. ) );
#502 =( LENGTH_UNIT ( ) NAMED_UNIT ( * ) SI_UNIT ( .MILLI., .METRE. ) );
#503 = VECTOR ( 'NONE', #19, 1000.000000000000000 ) ;
#504 = ORIENTED_EDGE ( 'NONE', *, *, #1047, .T. ) ;
#505 = APPLICATION_PROTOCOL_DEFINITION ( 'draft international standard', 'automotive_design', 1998, #307 ) ;
#506 = LINE ( 'NONE', #278, #81 ) ;
#507 = ADVANCED_FACE ( 'NONE', ( #1 ), #1044, .F. ) ;
#508 = CARTESIAN_POINT ( 'NONE',  ( 0.1199999970200002208, 0.1199999970199998184, 8.539999961853000698 ) ) ;
#509 = FILL_AREA_STYLE ('',( #1276 ) ) ;
#510 = ORIENTED_EDGE ( 'NONE', *, *, #611, .F. ) ;
#511 = PRESENTATION_STYLE_ASSIGNMENT (( #39 ) ) ;
#512 = FACE_OUTER_BOUND ( 'NONE', #168, .T. ) ;
#513 = DIRECTION ( 'NONE',  ( -0.0000000000000000000, 0.0000000000000000000, 1.000000000000000000 ) ) ;
#514 = AXIS2_PLACEMENT_3D ( 'NONE', #636, #1427, #1447 ) ;
#515 = ORIENTED_EDGE ( 'NONE', *, *, #240, .F. ) ;
#516 = COLOUR_RGB ( '',0.09411764705882352811, 0.09411764705882352811, 0.09411764705882352811 ) ;
#517 = VECTOR ( 'NONE', #1365, 1000.000000000000000 ) ;
#518 = VECTOR ( 'NONE', #141, 1000.000000000000114 ) ;
#519 = LINE ( 'NONE', #266, #860 ) ;
#520 = LINE ( 'NONE', #857, #1336 ) ;
#521 = DIRECTION ( 'NONE',  ( 1.000000000000000000, 0.0000000000000000000, 0.0000000000000000000 ) ) ;
#522 = APPLICATION_CONTEXT ( 'automotive_design' ) ;
#523 = PLANE ( 'NONE',  #1295 ) ;
#524 = EDGE_LOOP ( 'NONE', ( #1129, #627, #1442, #328 ) ) ;
#525 = MECHANICAL_DESIGN_GEOMETRIC_PRESENTATION_REPRESENTATION (  '', ( #1477 ), #634 ) ;
#526 = FILL_AREA_STYLE ('',( #852 ) ) ;
#527 = DIRECTION ( 'NONE',  ( 0.7071067811865474617, -0.7071067811865474617, 0.0000000000000000000 ) ) ;
#528 = ORIENTED_EDGE ( 'NONE', *, *, #165, .T. ) ;
#529 = ORIENTED_EDGE ( 'NONE', *, *, #1374, .T. ) ;
#530 = UNCERTAINTY_MEASURE_WITH_UNIT (LENGTH_MEASURE( 1.000000000000000082E-05 ), #1475, 'distance_accuracy_value', 'NONE');
#531 = CARTESIAN_POINT ( 'NONE',  ( 0.1199999970200002208, 0.1199999970199998184, -3.000000000000000000 ) ) ;
#532 = PLANE ( 'NONE',  #264 ) ;
#533 = FILL_AREA_STYLE_COLOUR ( '', #487 ) ;
#534 = FACE_OUTER_BOUND ( 'NONE', #524, .T. ) ;
#535 = ORIENTED_EDGE ( 'NONE', *, *, #1197, .T. ) ;
#536 = VECTOR ( 'NONE', #1063, 1000.000000000000000 ) ;
#537 = PRESENTATION_LAYER_ASSIGNMENT (  '', '', ( #146 ) ) ;
#538 = AXIS2_PLACEMENT_3D ( 'NONE', #540, #1229, #1452 ) ;
#539 = LINE ( 'NONE', #74, #669 ) ;
#540 = CARTESIAN_POINT ( 'NONE',  ( -1.270000000000000018, 1.245000000000000329, 0.0000000000000000000 ) ) ;
#541 = SURFACE_STYLE_FILL_AREA ( #1224 ) ;
#542 = EDGE_CURVE ( 'NONE', #1307, #105, #216, .T. ) ;
#543 =( LENGTH_UNIT ( ) NAMED_UNIT ( * ) SI_UNIT ( .MILLI., .METRE. ) );
#544 =( NAMED_UNIT ( * ) PLANE_ANGLE_UNIT ( ) SI_UNIT ( $, .RADIAN. ) );
#545 = DIRECTION ( 'NONE',  ( 1.000000000000000000, 0.0000000000000000000, -0.0000000000000000000 ) ) ;
#546 = PLANE ( 'NONE',  #514 ) ;
#547 = DIRECTION ( 'NONE',  ( -0.7071067811865474617, -0.7071067811865474617, 0.0000000000000000000 ) ) ;
#548 = EDGE_CURVE ( 'NONE', #805, #59, #924, .T. ) ;
#549 = PRESENTATION_STYLE_ASSIGNMENT (( #1106 ) ) ;
#550 = AXIS2_PLACEMENT_3D ( 'NONE', #1069, #1057, #1193 ) ;
#551 = PRESENTATION_LAYER_ASSIGNMENT (  '', '', ( #1116 ) ) ;
#552 = PRESENTATION_LAYER_ASSIGNMENT (  '', '', ( #986 ) ) ;
#553 = PRESENTATION_LAYER_ASSIGNMENT (  '', '', ( #1196 ) ) ;
#554 = UNCERTAINTY_MEASURE_WITH_UNIT (LENGTH_MEASURE( 1.000000000000000082E-05 ), #1208, 'distance_accuracy_value', 'NONE');
#555 =( NAMED_UNIT ( * ) SI_UNIT ( $, .STERADIAN. ) SOLID_ANGLE_UNIT ( ) );
#556 = SURFACE_STYLE_USAGE ( .BOTH. , #1000 ) ;
#557 = ADVANCED_FACE ( 'NONE', ( #1476 ), #1395, .T. ) ;
#558 = EDGE_LOOP ( 'NONE', ( #125, #153, #1359, #829 ) ) ;
#559 = ORIENTED_EDGE ( 'NONE', *, *, #1108, .F. ) ;
#560 = UNCERTAINTY_MEASURE_WITH_UNIT (LENGTH_MEASURE( 1.000000000000000082E-05 ), #1148, 'distance_accuracy_value', 'NONE');
#561 = DIRECTION ( 'NONE',  ( -0.0000000000000000000, 1.000000000000000000, 0.0000000000000000000 ) ) ;
#562 = SURFACE_STYLE_FILL_AREA ( #107 ) ;
#563 = ORIENTED_EDGE ( 'NONE', *, *, #1103, .F. ) ;
#564 = CARTESIAN_POINT ( 'NONE',  ( 0.0000000000000000000, 0.0000000000000000000, 0.0000000000000000000 ) ) ;
#565 = FILL_AREA_STYLE ('',( #1369 ) ) ;
#566 = FILL_AREA_STYLE ('',( #776 ) ) ;
#567 = CARTESIAN_POINT ( 'NONE',  ( -0.3200000000000000067, -0.3200000000000000067, 8.339999958872999386 ) ) ;
#568 =( GEOMETRIC_REPRESENTATION_CONTEXT ( 3 ) GLOBAL_UNCERTAINTY_ASSIGNED_CONTEXT ( ( #667 ) ) GLOBAL_UNIT_ASSIGNED_CONTEXT ( ( #219, #1118, #97 ) ) REPRESENTATION_CONTEXT ( 'NONE', 'WORKASPACE' ) );
#569 =( GEOMETRIC_REPRESENTATION_CONTEXT ( 3 ) GLOBAL_UNCERTAINTY_ASSIGNED_CONTEXT ( ( #560 ) ) GLOBAL_UNIT_ASSIGNED_CONTEXT ( ( #1148, #779, #459 ) ) REPRESENTATION_CONTEXT ( 'NONE', 'WORKASPACE' ) );
#570 = AXIS2_PLACEMENT_3D ( 'NONE', #1075, #167, #47 ) ;
#571 = MECHANICAL_DESIGN_GEOMETRIC_PRESENTATION_REPRESENTATION (  '', ( #194 ), #1100 ) ;
#572 = EDGE_LOOP ( 'NONE', ( #1312, #941, #1147, #27 ) ) ;
#573 = FILL_AREA_STYLE ('',( #899 ) ) ;
#574 = CARTESIAN_POINT ( 'NONE',  ( -1.119999994040000058, 1.094999994039999924, 0.0000000000000000000 ) ) ;
#575 = UNCERTAINTY_MEASURE_WITH_UNIT (LENGTH_MEASURE( 1.000000000000000082E-05 ), #1331, 'distance_accuracy_value', 'NONE');
#576 =( NAMED_UNIT ( * ) SI_UNIT ( $, .STERADIAN. ) SOLID_ANGLE_UNIT ( ) );
#577 = DIRECTION ( 'NONE',  ( -1.000000000000000000, -0.0000000000000000000, -0.0000000000000000000 ) ) ;
#578 = LINE ( 'NONE', #130, #1425 ) ;
#579 = SURFACE_SIDE_STYLE ('',( #826 ) ) ;
#580 = EDGE_CURVE ( 'NONE', #1183, #59, #242, .T. ) ;
#581 = VERTEX_POINT ( 'NONE', #356 ) ;
#582 = SURFACE_STYLE_FILL_AREA ( #573 ) ;
#583 = FILL_AREA_STYLE_COLOUR ( '', #1237 ) ;
#584 = CARTESIAN_POINT ( 'NONE',  ( -0.9699999880791250195, -1.245000000000125340, 0.0000000000000000000 ) ) ;
#585 = SURFACE_SIDE_STYLE ('',( #792 ) ) ;
#586 = FILL_AREA_STYLE ('',( #129 ) ) ;
#587 = LINE ( 'NONE', #788, #1220 ) ;
#588 = VERTEX_POINT ( 'NONE', #1161 ) ;
#589 = SURFACE_STYLE_USAGE ( .BOTH. , #133 ) ;
#590 = DIRECTION ( 'NONE',  ( -0.0000000000000000000, 1.000000000000000000, 0.0000000000000000000 ) ) ;
#591 = ORIENTED_EDGE ( 'NONE', *, *, #1287, .T. ) ;
#592 = EDGE_CURVE ( 'NONE', #1384, #417, #587, .T. ) ;
#593 = PRODUCT_CONTEXT ( 'NONE', #1270, 'mechanical' ) ;
#594 = LINE ( 'NONE', #859, #907 ) ;
#595 = LINE ( 'NONE', #1052, #503 ) ;
#596 = CARTESIAN_POINT ( 'NONE',  ( 0.1199999970200000265, 0.1199999970199999294, 8.539999961853000698 ) ) ;
#597 = DIRECTION ( 'NONE',  ( -1.000000000000000000, -0.0000000000000000000, 0.0000000000000000000 ) ) ;
#598 = CARTESIAN_POINT ( 'NONE',  ( -0.2199999985099999888, -0.3200000000000000067, 8.439999960363001819 ) ) ;
#599 = STYLED_ITEM ( 'NONE', ( #1440 ), #1010 ) ;
#600 = LINE ( 'NONE', #243, #666 ) ;
#601 = MECHANICAL_DESIGN_GEOMETRIC_PRESENTATION_REPRESENTATION (  '', ( #867 ), #1004 ) ;
#602 = ORIENTED_EDGE ( 'NONE', *, *, #1354, .T. ) ;
#603 = EDGE_CURVE ( 'NONE', #54, #1384, #946, .T. ) ;
#604 = LINE ( 'NONE', #176, #366 ) ;
#605 = FILL_AREA_STYLE_COLOUR ( '', #937 ) ;
#606 = ORIENTED_EDGE ( 'NONE', *, *, #1456, .F. ) ;
#607 =( NAMED_UNIT ( * ) PLANE_ANGLE_UNIT ( ) SI_UNIT ( $, .RADIAN. ) );
#608 = ORIENTED_EDGE ( 'NONE', *, *, #912, .F. ) ;
#609 = SURFACE_SIDE_STYLE ('',( #1314 ) ) ;
#610 = SURFACE_SIDE_STYLE ('',( #156 ) ) ;
#611 = EDGE_CURVE ( 'NONE', #581, #339, #1203, .T. ) ;
#612 =( LENGTH_UNIT ( ) NAMED_UNIT ( * ) SI_UNIT ( .MILLI., .METRE. ) );
#613 = SURFACE_SIDE_STYLE ('',( #1179 ) ) ;
#614 = LINE ( 'NONE', #1064, #1056 ) ;
#615 = VERTEX_POINT ( 'NONE', #1416 ) ;
#616 = DIRECTION ( 'NONE',  ( -0.0000000000000000000, -1.000000000000000000, 0.0000000000000000000 ) ) ;
#617 = CARTESIAN_POINT ( 'NONE',  ( -0.3200000000000002842, -0.3200000000000002842, 8.339999958872999386 ) ) ;
#618 = CARTESIAN_POINT ( 'NONE',  ( 0.2199999985099999888, 0.3200000000000000067, -2.899999998509999788 ) ) ;
#619 = EDGE_CURVE ( 'NONE', #1188, #488, #520, .T. ) ;
#620 = STYLED_ITEM ( 'NONE', ( #1415 ), #1120 ) ;
#621 = VECTOR ( 'NONE', #483, 1000.000000000000000 ) ;
#622 = ORIENTED_EDGE ( 'NONE', *, *, #1445, .F. ) ;
#623 = DIRECTION ( 'NONE',  ( -0.0000000000000000000, 0.0000000000000000000, 1.000000000000000000 ) ) ;
#624 = PRESENTATION_LAYER_ASSIGNMENT (  '', '', ( #260 ) ) ;
#625 = VECTOR ( 'NONE', #473, 999.9999999999998863 ) ;
#626 = CARTESIAN_POINT ( 'NONE',  ( -1.270000000000000018, 1.245000000000000329, 2.289999961853000254 ) ) ;
#627 = ORIENTED_EDGE ( 'NONE', *, *, #1047, .F. ) ;
#628 = STYLED_ITEM ( 'NONE', ( #186 ), #700 ) ;
#629 = PRESENTATION_LAYER_ASSIGNMENT (  '', '', ( #868 ) ) ;
#630 = PRESENTATION_STYLE_ASSIGNMENT (( #384 ) ) ;
#631 = DIRECTION ( 'NONE',  ( 0.7071067811865474617, 0.0000000000000000000, 0.7071067811865474617 ) ) ;
#632 = ORIENTED_EDGE ( 'NONE', *, *, #592, .F. ) ;
#633 = ORIENTED_EDGE ( 'NONE', *, *, #1374, .F. ) ;
#634 =( GEOMETRIC_REPRESENTATION_CONTEXT ( 3 ) GLOBAL_UNCERTAINTY_ASSIGNED_CONTEXT ( ( #1468 ) ) GLOBAL_UNIT_ASSIGNED_CONTEXT ( ( #452, #790, #212 ) ) REPRESENTATION_CONTEXT ( 'NONE', 'WORKASPACE' ) );
#635 = SURFACE_STYLE_USAGE ( .BOTH. , #976 ) ;
#636 = CARTESIAN_POINT ( 'NONE',  ( -0.3200000000000000067, 0.3200000000000000067, -3.000000000000000000 ) ) ;
#637 = FILL_AREA_STYLE ('',( #1316 ) ) ;
#638 = SHAPE_DEFINITION_REPRESENTATION ( #1043, #1209 ) ;
#639 =( NAMED_UNIT ( * ) SI_UNIT ( $, .STERADIAN. ) SOLID_ANGLE_UNIT ( ) );
#640 = UNCERTAINTY_MEASURE_WITH_UNIT (LENGTH_MEASURE( 1.000000000000000082E-05 ), #111, 'distance_accuracy_value', 'NONE');
#641 = SURFACE_SIDE_STYLE ('',( #883 ) ) ;
#642 = LINE ( 'NONE', #1113, #1387 ) ;
#643 = DIRECTION ( 'NONE',  ( 0.0000000000000000000, 0.0000000000000000000, 1.000000000000000000 ) ) ;
#644 =( GEOMETRIC_REPRESENTATION_CONTEXT ( 3 ) GLOBAL_UNCERTAINTY_ASSIGNED_CONTEXT ( ( #1101 ) ) GLOBAL_UNIT_ASSIGNED_CONTEXT ( ( #394, #841, #279 ) ) REPRESENTATION_CONTEXT ( 'NONE', 'WORKASPACE' ) );
#645 =( GEOMETRIC_REPRESENTATION_CONTEXT ( 3 ) GLOBAL_UNCERTAINTY_ASSIGNED_CONTEXT ( ( #1230 ) ) GLOBAL_UNIT_ASSIGNED_CONTEXT ( ( #25, #501, #267 ) ) REPRESENTATION_CONTEXT ( 'NONE', 'WORKASPACE' ) );
#646 =( GEOMETRIC_REPRESENTATION_CONTEXT ( 3 ) GLOBAL_UNCERTAINTY_ASSIGNED_CONTEXT ( ( #1458 ) ) GLOBAL_UNIT_ASSIGNED_CONTEXT ( ( #1085, #960, #388 ) ) REPRESENTATION_CONTEXT ( 'NONE', 'WORKASPACE' ) );
#647 =( GEOMETRIC_REPRESENTATION_CONTEXT ( 3 ) GLOBAL_UNCERTAINTY_ASSIGNED_CONTEXT ( ( #453 ) ) GLOBAL_UNIT_ASSIGNED_CONTEXT ( ( #83, #1119, #896 ) ) REPRESENTATION_CONTEXT ( 'NONE', 'WORKASPACE' ) );
#648 = EDGE_CURVE ( 'NONE', #389, #235, #1070, .T. ) ;
#649 = COLOUR_RGB ( '',0.09411764705882352811, 0.09411764705882352811, 0.09411764705882352811 ) ;
#650 = SURFACE_STYLE_USAGE ( .BOTH. , #998 ) ;
#651 = CARTESIAN_POINT ( 'NONE',  ( -0.3200000000000000067, 0.3200000000000000067, 2.289999961853000254 ) ) ;
#652 = DIRECTION ( 'NONE',  ( -0.0000000000000000000, -1.000000000000000000, -0.0000000000000000000 ) ) ;
#653 = ORIENTED_EDGE ( 'NONE', *, *, #1338, .F. ) ;
#654 = PLANE ( 'NONE',  #200 ) ;
#655 = VECTOR ( 'NONE', #1088, 1000.000000000000000 ) ;
#656 =( NAMED_UNIT ( * ) PLANE_ANGLE_UNIT ( ) SI_UNIT ( $, .RADIAN. ) );
#657 = EDGE_CURVE ( 'NONE', #59, #488, #1091, .T. ) ;
#658 = CARTESIAN_POINT ( 'NONE',  ( 1.270000000000000018, 1.245000000000000329, 0.0000000000000000000 ) ) ;
#659 =( NAMED_UNIT ( * ) SI_UNIT ( $, .STERADIAN. ) SOLID_ANGLE_UNIT ( ) );
#660 = ADVANCED_FACE ( 'NONE', ( #512 ), #1185, .T. ) ;
#661 = VECTOR ( 'NONE', #346, 1000.000000000000000 ) ;
#662 =( NAMED_UNIT ( * ) SI_UNIT ( $, .STERADIAN. ) SOLID_ANGLE_UNIT ( ) );
#663 = AXIS2_PLACEMENT_3D ( 'NONE', #3, #1138, #1362 ) ;
#664 = STYLED_ITEM ( 'NONE', ( #331 ), #846 ) ;
#665 = AXIS2_PLACEMENT_3D ( 'NONE', #931, #323, #1011 ) ;
#666 = VECTOR ( 'NONE', #1172, 1000.000000000000000 ) ;
#667 = UNCERTAINTY_MEASURE_WITH_UNIT (LENGTH_MEASURE( 1.000000000000000082E-05 ), #219, 'distance_accuracy_value', 'NONE');
#668 = SURFACE_STYLE_USAGE ( .BOTH. , #1016 ) ;
#669 = VECTOR ( 'NONE', #884, 1000.000000000000000 ) ;
#670 = VECTOR ( 'NONE', #513, 1000.000000000000000 ) ;
#671 = DIRECTION ( 'NONE',  ( 0.0000000000000000000, 1.000000000000000000, -0.0000000000000000000 ) ) ;
#672 = ORIENTED_EDGE ( 'NONE', *, *, #611, .T. ) ;
#673 = SURFACE_STYLE_FILL_AREA ( #566 ) ;
#674 = SURFACE_STYLE_USAGE ( .BOTH. , #469 ) ;
#675 = FILL_AREA_STYLE_COLOUR ( '', #787 ) ;
#676 = ORIENTED_EDGE ( 'NONE', *, *, #966, .T. ) ;
#677 = PRESENTATION_STYLE_ASSIGNMENT (( #1350 ) ) ;
#678 = UNCERTAINTY_MEASURE_WITH_UNIT (LENGTH_MEASURE( 1.000000000000000082E-05 ), #543, 'distance_accuracy_value', 'NONE');
#679 = LINE ( 'NONE', #354, #207 ) ;
#680 =( NAMED_UNIT ( * ) PLANE_ANGLE_UNIT ( ) SI_UNIT ( $, .RADIAN. ) );
#681 = FACE_OUTER_BOUND ( 'NONE', #1424, .T. ) ;
#682 = SURFACE_SIDE_STYLE ('',( #1013 ) ) ;
#683 = CARTESIAN_POINT ( 'NONE',  ( 0.1199999970199999294, -0.1199999970200000127, -3.000000000000000000 ) ) ;
#684 = ORIENTED_EDGE ( 'NONE', *, *, #580, .F. ) ;
#685 = SURFACE_STYLE_USAGE ( .BOTH. , #1122 ) ;
#686 = LINE ( 'NONE', #1142, #1292 ) ;
#687 =( LENGTH_UNIT ( ) NAMED_UNIT ( * ) SI_UNIT ( .MILLI., .METRE. ) );
#688 = ADVANCED_FACE ( 'NONE', ( #972 ), #177, .F. ) ;
#689 = FILL_AREA_STYLE_COLOUR ( '', #77 ) ;
#690 = VECTOR ( 'NONE', #1341, 999.9999999999998863 ) ;
#691 = MECHANICAL_DESIGN_GEOMETRIC_PRESENTATION_REPRESENTATION (  '', ( #720 ), #463 ) ;
#692 = VECTOR ( 'NONE', #652, 1000.000000000000000 ) ;
#693 = FILL_AREA_STYLE_COLOUR ( '', #1003 ) ;
#694 = PRESENTATION_LAYER_ASSIGNMENT (  '', '', ( #1005 ) ) ;
#695 = PRESENTATION_LAYER_ASSIGNMENT (  '', '', ( #194 ) ) ;
#696 = EDGE_LOOP ( 'NONE', ( #1007, #1048, #933, #283 ) ) ;
#697 = LINE ( 'NONE', #49, #333 ) ;
#698 = CARTESIAN_POINT ( 'NONE',  ( 0.3200000000000000067, -0.3200000000000000067, -2.799999997020000020 ) ) ;
#699 = LINE ( 'NONE', #1274, #1201 ) ;
#700 = ADVANCED_FACE ( 'NONE', ( #833 ), #532, .T. ) ;
#701 =( NAMED_UNIT ( * ) PLANE_ANGLE_UNIT ( ) SI_UNIT ( $, .RADIAN. ) );
#702 = PRESENTATION_STYLE_ASSIGNMENT (( #1152 ) ) ;
#703 = EDGE_CURVE ( 'NONE', #1243, #437, #298, .T. ) ;
#704 = DIRECTION ( 'NONE',  ( 0.5773502691896259531, -0.5773502691896257311, -0.5773502691896256200 ) ) ;
#705 = DIRECTION ( 'NONE',  ( -1.000000000000000000, -0.0000000000000000000, -0.0000000000000000000 ) ) ;
#706 = ORIENTED_EDGE ( 'NONE', *, *, #954, .T. ) ;
#707 =( NAMED_UNIT ( * ) PLANE_ANGLE_UNIT ( ) SI_UNIT ( $, .RADIAN. ) );
#708 = PLANE ( 'NONE',  #885 ) ;
#709 = FILL_AREA_STYLE ('',( #363 ) ) ;
#710 = SURFACE_STYLE_FILL_AREA ( #813 ) ;
#711 = CARTESIAN_POINT ( 'NONE',  ( 1.119999994040000058, 1.094999994039999924, 0.0000000000000000000 ) ) ;
#712 =( NAMED_UNIT ( * ) SI_UNIT ( $, .STERADIAN. ) SOLID_ANGLE_UNIT ( ) );
#713 = ORIENTED_EDGE ( 'NONE', *, *, #737, .F. ) ;
#714 = EDGE_CURVE ( 'NONE', #105, #925, #642, .T. ) ;
#715 = LINE ( 'NONE', #1288, #1334 ) ;
#716 = LINE ( 'NONE', #1289, #1337 ) ;
#717 = LINE ( 'NONE', #273, #655 ) ;
#718 = CARTESIAN_POINT ( 'NONE',  ( -1.270000000000062634, 0.9449999880790626028, 0.3000000119210000094 ) ) ;
#719 = SURFACE_SIDE_STYLE ('',( #1084 ) ) ;
#720 = STYLED_ITEM ( 'NONE', ( #744 ), #217 ) ;
#721 = VECTOR ( 'NONE', #128, 1000.000000000000000 ) ;
#722 = ORIENTED_EDGE ( 'NONE', *, *, #1299, .T. ) ;
#723 = AXIS2_PLACEMENT_3D ( 'NONE', #195, #671, #643 ) ;
#724 = CARTESIAN_POINT ( 'NONE',  ( -0.1199999970199999294, 0.1199999970200000127, -3.000000000000000000 ) ) ;
#725 = CARTESIAN_POINT ( 'NONE',  ( 0.3200000000000000067, -0.3200000000000000067, -3.000000000000000000 ) ) ;
#726 = ORIENTED_EDGE ( 'NONE', *, *, #61, .T. ) ;
#727 = CARTESIAN_POINT ( 'NONE',  ( -0.3200000000000000067, 0.3200000000000006173, 8.339999958873001162 ) ) ;
#728 = CARTESIAN_POINT ( 'NONE',  ( 0.9699999880791252416, 1.245000000000125118, 0.0000000000000000000 ) ) ;
#729 = PRODUCT_DEFINITION_SHAPE ( 'NONE', 'NONE',  #1484 ) ;
#730 = SURFACE_STYLE_FILL_AREA ( #637 ) ;
#731 = PLANE ( 'NONE',  #1217 ) ;
#732 = VERTEX_POINT ( 'NONE', #1460 ) ;
#733 = PRODUCT_DEFINITION_FORMATION_WITH_SPECIFIED_SOURCE ( 'ANY', '', #943, .NOT_KNOWN. ) ;
#734 = SURFACE_SIDE_STYLE ('',( #269 ) ) ;
#735 = VERTEX_POINT ( 'NONE', #314 ) ;
#736 = DIRECTION ( 'NONE',  ( -0.0000000000000000000, -0.0000000000000000000, 1.000000000000000000 ) ) ;
#737 = EDGE_CURVE ( 'NONE', #1199, #805, #445, .T. ) ;
#738 = SURFACE_SIDE_STYLE ('',( #730 ) ) ;
#739 = ORIENTED_EDGE ( 'NONE', *, *, #308, .F. ) ;
#740 = CARTESIAN_POINT ( 'NONE',  ( -0.3200000000000000067, -0.3200000000000000067, -2.799999997020000020 ) ) ;
#741 = EDGE_CURVE ( 'NONE', #588, #1067, #539, .T. ) ;
#742 =( NAMED_UNIT ( * ) SI_UNIT ( $, .STERADIAN. ) SOLID_ANGLE_UNIT ( ) );
#743 = COLOUR_RGB ( '',1.000000000000000000, 1.000000000000000000, 0.4980392156862745168 ) ;
#744 = PRESENTATION_STYLE_ASSIGNMENT (( #922 ) ) ;
#745 = VECTOR ( 'NONE', #1373, 1000.000000000000000 ) ;
#746 = COLOUR_RGB ( '',1.000000000000000000, 1.000000000000000000, 0.4980392156862745168 ) ;
#747 = UNCERTAINTY_MEASURE_WITH_UNIT (LENGTH_MEASURE( 1.000000000000000082E-05 ), #978, 'distance_accuracy_value', 'NONE');
#748 = FILL_AREA_STYLE ('',( #533 ) ) ;
#749 = SHAPE_DEFINITION_REPRESENTATION ( #499, #225 ) ;
#750 = ORIENTED_EDGE ( 'NONE', *, *, #1081, .F. ) ;
#751 = VERTEX_POINT ( 'NONE', #98 ) ;
#752 = ORIENTED_EDGE ( 'NONE', *, *, #703, .F. ) ;
#753 = DIRECTION ( 'NONE',  ( 0.0000000000000000000, 0.0000000000000000000, -1.000000000000000000 ) ) ;
#754 = SURFACE_STYLE_USAGE ( .BOTH. , #1325 ) ;
#755 = PLANE ( 'NONE',  #538 ) ;
#756 = ORIENTED_EDGE ( 'NONE', *, *, #410, .F. ) ;
#757 = LINE ( 'NONE', #149, #816 ) ;
#758 = CARTESIAN_POINT ( 'NONE',  ( 0.3200000000000000067, 0.3200000000000000067, -3.000000000000000000 ) ) ;
#759 = UNCERTAINTY_MEASURE_WITH_UNIT (LENGTH_MEASURE( 1.000000000000000082E-05 ), #379, 'distance_accuracy_value', 'NONE');
#760 = PLANE ( 'NONE',  #1357 ) ;
#761 = PRESENTATION_STYLE_ASSIGNMENT (( #754 ) ) ;
#762 = FILL_AREA_STYLE ('',( #777 ) ) ;
#763 = PRESENTATION_LAYER_ASSIGNMENT (  '', '', ( #866 ) ) ;
#764 =( GEOMETRIC_REPRESENTATION_CONTEXT ( 3 ) GLOBAL_UNCERTAINTY_ASSIGNED_CONTEXT ( ( #226 ) ) GLOBAL_UNIT_ASSIGNED_CONTEXT ( ( #801, #343, #576 ) ) REPRESENTATION_CONTEXT ( 'NONE', 'WORKASPACE' ) );
#765 = COLOUR_RGB ( '',0.09411764705882352811, 0.09411764705882352811, 0.09411764705882352811 ) ;
#766 = VECTOR ( 'NONE', #412, 1000.000000000000000 ) ;
#767 = CARTESIAN_POINT ( 'NONE',  ( -0.9699999880791250195, 1.245000000000125118, 0.0000000000000000000 ) ) ;
#768 = DIRECTION ( 'NONE',  ( 0.0000000000000000000, 0.0000000000000000000, 1.000000000000000000 ) ) ;
#769 =( NAMED_UNIT ( * ) SI_UNIT ( $, .STERADIAN. ) SOLID_ANGLE_UNIT ( ) );
#770 = SURFACE_STYLE_FILL_AREA ( #302 ) ;
#771 = UNCERTAINTY_MEASURE_WITH_UNIT (LENGTH_MEASURE( 1.000000000000000082E-05 ), #497, 'distance_accuracy_value', 'NONE');
#772 =( NAMED_UNIT ( * ) SI_UNIT ( $, .STERADIAN. ) SOLID_ANGLE_UNIT ( ) );
#773 = DIRECTION ( 'NONE',  ( 0.0000000000000000000, 0.0000000000000000000, 1.000000000000000000 ) ) ;
#774 = EDGE_CURVE ( 'NONE', #437, #95, #1232, .T. ) ;
#775 =( NAMED_UNIT ( * ) PLANE_ANGLE_UNIT ( ) SI_UNIT ( $, .RADIAN. ) );
#776 = FILL_AREA_STYLE_COLOUR ( '', #172 ) ;
#777 = FILL_AREA_STYLE_COLOUR ( '', #887 ) ;
#778 = EDGE_LOOP ( 'NONE', ( #633, #979, #118, #418 ) ) ;
#779 =( NAMED_UNIT ( * ) PLANE_ANGLE_UNIT ( ) SI_UNIT ( $, .RADIAN. ) );
#780 = STYLED_ITEM ( 'NONE', ( #549 ), #436 ) ;
#781 = MECHANICAL_DESIGN_GEOMETRIC_PRESENTATION_REPRESENTATION (  '', ( #664 ), #963 ) ;
#782 = VECTOR ( 'NONE', #900, 1000.000000000000000 ) ;
#783 = VECTOR ( 'NONE', #431, 1000.000000000000000 ) ;
#784 = CARTESIAN_POINT ( 'NONE',  ( -0.3199999999999999512, 0.3200000000000001732, -2.799999997020000020 ) ) ;
#785 = SURFACE_SIDE_STYLE ('',( #1032 ) ) ;
#786 = VERTEX_POINT ( 'NONE', #872 ) ;
#787 = COLOUR_RGB ( '',1.000000000000000000, 1.000000000000000000, 0.4980392156862745168 ) ;
#788 = CARTESIAN_POINT ( 'NONE',  ( 0.3200000000000000067, 0.3200000000000000067, 8.339999958872999386 ) ) ;
#789 = ORIENTED_EDGE ( 'NONE', *, *, #69, .T. ) ;
#790 =( NAMED_UNIT ( * ) PLANE_ANGLE_UNIT ( ) SI_UNIT ( $, .RADIAN. ) );
#791 = FILL_AREA_STYLE ('',( #244 ) ) ;
#792 = SURFACE_STYLE_FILL_AREA ( #709 ) ;
#793 = PRESENTATION_STYLE_ASSIGNMENT (( #1041 ) ) ;
#794 = AXIS2_PLACEMENT_3D ( 'NONE', #564, #321, #1368 ) ;
#795 = FILL_AREA_STYLE ('',( #99 ) ) ;
#796 = PRESENTATION_STYLE_ASSIGNMENT (( #1381 ) ) ;
#797 = ADVANCED_FACE ( 'NONE', ( #324 ), #1438, .T. ) ;
#798 = EDGE_LOOP ( 'NONE', ( #975, #504, #1241, #1060 ) ) ;
#799 =( NAMED_UNIT ( * ) SI_UNIT ( $, .STERADIAN. ) SOLID_ANGLE_UNIT ( ) );
#800 = UNCERTAINTY_MEASURE_WITH_UNIT (LENGTH_MEASURE( 1.000000000000000082E-05 ), #1332, 'distance_accuracy_value', 'NONE');
#801 =( LENGTH_UNIT ( ) NAMED_UNIT ( * ) SI_UNIT ( .MILLI., .METRE. ) );
#802 = FACE_OUTER_BOUND ( 'NONE', #1155, .T. ) ;
#803 = SURFACE_STYLE_USAGE ( .BOTH. , #915 ) ;
#804 = DIRECTION ( 'NONE',  ( 1.000000000000000000, 0.0000000000000000000, -0.0000000000000000000 ) ) ;
#805 = VERTEX_POINT ( 'NONE', #1444 ) ;
#806 = SURFACE_STYLE_USAGE ( .BOTH. , #1030 ) ;
#807 =( NAMED_UNIT ( * ) SI_UNIT ( $, .STERADIAN. ) SOLID_ANGLE_UNIT ( ) );
#808 = CARTESIAN_POINT ( 'NONE',  ( -0.3199999999999999512, -0.3200000000000000622, 0.3000000119210000649 ) ) ;
#809 = MECHANICAL_DESIGN_GEOMETRIC_PRESENTATION_REPRESENTATION (  '', ( #620 ), #644 ) ;
#810 = STYLED_ITEM ( 'NONE', ( #21 ), #17 ) ;
#811 = FACE_OUTER_BOUND ( 'NONE', #558, .T. ) ;
#812 = LINE ( 'NONE', #567, #369 ) ;
#813 = FILL_AREA_STYLE ('',( #689 ) ) ;
#814 = EDGE_CURVE ( 'NONE', #134, #1305, #1227, .T. ) ;
#815 = VECTOR ( 'NONE', #871, 1000.000000000000000 ) ;
#816 = VECTOR ( 'NONE', #1376, 1000.000000000000000 ) ;
#817 =( NAMED_UNIT ( * ) SI_UNIT ( $, .STERADIAN. ) SOLID_ANGLE_UNIT ( ) );
#818 = APPLICATION_CONTEXT ( 'automotive_design' ) ;
#819 = VECTOR ( 'NONE', #1306, 1000.000000000000000 ) ;
#820 = FILL_AREA_STYLE_COLOUR ( '', #649 ) ;
#821 = ORIENTED_EDGE ( 'NONE', *, *, #1429, .T. ) ;
#822 = DIRECTION ( 'NONE',  ( 0.0000000000000000000, 0.0000000000000000000, -1.000000000000000000 ) ) ;
#823 = DIRECTION ( 'NONE',  ( 0.7071067811865474617, 0.0000000000000000000, -0.7071067811865474617 ) ) ;
#824 = EDGE_CURVE ( 'NONE', #735, #1188, #910, .T. ) ;
#825 = DIRECTION ( 'NONE',  ( 0.7071067811865474617, 0.0000000000000000000, -0.7071067811865474617 ) ) ;
#826 = SURFACE_STYLE_FILL_AREA ( #122 ) ;
#827 = FACE_OUTER_BOUND ( 'NONE', #1418, .T. ) ;
#828 = CARTESIAN_POINT ( 'NONE',  ( -0.3200000000000001732, -0.3199999999999999512, -2.799999997020000020 ) ) ;
#829 = ORIENTED_EDGE ( 'NONE', *, *, #1445, .T. ) ;
#830 = DIRECTION ( 'NONE',  ( 0.0000000000000000000, -0.0000000000000000000, -1.000000000000000000 ) ) ;
#831 = DIRECTION ( 'NONE',  ( 0.0000000000000000000, -0.0000000000000000000, -1.000000000000000000 ) ) ;
#832 = CARTESIAN_POINT ( 'NONE',  ( -1.270000000000250040, 0.9449999880792500084, 2.289999961853000698 ) ) ;
#833 = FACE_OUTER_BOUND ( 'NONE', #142, .T. ) ;
#834 = CARTESIAN_POINT ( 'NONE',  ( -0.3200000000000000067, 0.3200000000000000067, 8.339999958872999386 ) ) ;
#835 = ORIENTED_EDGE ( 'NONE', *, *, #592, .T. ) ;
#836 = CARTESIAN_POINT ( 'NONE',  ( -1.270000000000000018, 1.245000000000000329, 0.0000000000000000000 ) ) ;
#837 = PRODUCT_DEFINITION_SHAPE ( 'NONE', 'NONE',  #1483 ) ;
#838 = ORIENTED_EDGE ( 'NONE', *, *, #1153, .T. ) ;
#839 = PRODUCT_CONTEXT ( 'NONE', #361, 'mechanical' ) ;
#840 = STYLED_ITEM ( 'NONE', ( #221 ), #1087 ) ;
#841 =( NAMED_UNIT ( * ) PLANE_ANGLE_UNIT ( ) SI_UNIT ( $, .RADIAN. ) );
#842 = MECHANICAL_DESIGN_GEOMETRIC_PRESENTATION_REPRESENTATION (  '', ( #1431 ), #645 ) ;
#843 = PRESENTATION_LAYER_ASSIGNMENT (  '', '', ( #628 ) ) ;
#844 = FILL_AREA_STYLE_COLOUR ( '', #746 ) ;
#845 = ORIENTED_EDGE ( 'NONE', *, *, #648, .F. ) ;
#846 = ADVANCED_FACE ( 'NONE', ( #802 ), #1132, .T. ) ;
#847 = CARTESIAN_POINT ( 'NONE',  ( 0.3200000000000000067, -0.3200000000000000067, 0.3000000119210001204 ) ) ;
#848 = DIRECTION ( 'NONE',  ( -1.000000000000000000, 0.0000000000000000000, -0.0000000000000000000 ) ) ;
#849 = ORIENTED_EDGE ( 'NONE', *, *, #824, .T. ) ;
#850 = EDGE_CURVE ( 'NONE', #1174, #1204, #1254, .T. ) ;
#851 =( NAMED_UNIT ( * ) SI_UNIT ( $, .STERADIAN. ) SOLID_ANGLE_UNIT ( ) );
#852 = FILL_AREA_STYLE_COLOUR ( '', #982 ) ;
#853 = SURFACE_STYLE_USAGE ( .BOTH. , #395 ) ;
#854 = ORIENTED_EDGE ( 'NONE', *, *, #1027, .F. ) ;
#855 = ORIENTED_EDGE ( 'NONE', *, *, #619, .F. ) ;
#856 = LINE ( 'NONE', #877, #433 ) ;
#857 = CARTESIAN_POINT ( 'NONE',  ( 1.270000000000000018, 1.245000000000000329, 0.3000000119210000094 ) ) ;
#858 = EDGE_CURVE ( 'NONE', #1199, #615, #482, .T. ) ;
#859 = CARTESIAN_POINT ( 'NONE',  ( -0.1199999970199998184, -0.3200000000000000067, 8.539999961853000698 ) ) ;
#860 = VECTOR ( 'NONE', #959, 1000.000000000000000 ) ;
#861 =( GEOMETRIC_REPRESENTATION_CONTEXT ( 3 ) GLOBAL_UNCERTAINTY_ASSIGNED_CONTEXT ( ( #467 ) ) GLOBAL_UNIT_ASSIGNED_CONTEXT ( ( #1253, #1022, #799 ) ) REPRESENTATION_CONTEXT ( 'NONE', 'WORKASPACE' ) );
#862 = ORIENTED_EDGE ( 'NONE', *, *, #954, .F. ) ;
#863 = ORIENTED_EDGE ( 'NONE', *, *, #737, .T. ) ;
#864 = MECHANICAL_DESIGN_GEOMETRIC_PRESENTATION_REPRESENTATION (  '', ( #1260 ), #144 ) ;
#865 = COLOUR_RGB ( '',0.09411764705882352811, 0.09411764705882352811, 0.09411764705882352811 ) ;
#866 = STYLED_ITEM ( 'NONE', ( #1216 ), #1028 ) ;
#867 = STYLED_ITEM ( 'NONE', ( #761 ), #797 ) ;
#868 = STYLED_ITEM ( 'NONE', ( #1301 ), #85 ) ;
#869 = CARTESIAN_POINT ( 'NONE',  ( -0.3200000000000000067, -0.3200000000000000067, 0.3000000119210001204 ) ) ;
#870 = UNCERTAINTY_MEASURE_WITH_UNIT (LENGTH_MEASURE( 1.000000000000000082E-05 ), #612, 'distance_accuracy_value', 'NONE');
#871 = DIRECTION ( 'NONE',  ( 0.0000000000000000000, 0.0000000000000000000, 1.000000000000000000 ) ) ;
#872 = CARTESIAN_POINT ( 'NONE',  ( -0.9699999880792499196, -1.245000000000250351, 2.289999961853000698 ) ) ;
#873 = EDGE_CURVE ( 'NONE', #735, #1259, #1363, .T. ) ;
#874 = SURFACE_SIDE_STYLE ('',( #879 ) ) ;
#875 = ORIENTED_EDGE ( 'NONE', *, *, #657, .T. ) ;
#876 = VERTEX_POINT ( 'NONE', #104 ) ;
#877 = CARTESIAN_POINT ( 'NONE',  ( -0.3200000000000000067, 0.1199999970199998184, 8.539999961853000698 ) ) ;
#878 = DIRECTION ( 'NONE',  ( 1.000000000000000000, 0.0000000000000000000, -0.0000000000000000000 ) ) ;
#879 = SURFACE_STYLE_FILL_AREA ( #1104 ) ;
#880 = EDGE_CURVE ( 'NONE', #1267, #1286, #932, .T. ) ;
#881 = ORIENTED_EDGE ( 'NONE', *, *, #1277, .F. ) ;
#882 = DIRECTION ( 'NONE',  ( 1.000000000000000000, 0.0000000000000000000, 0.0000000000000000000 ) ) ;
#883 = SURFACE_STYLE_FILL_AREA ( #981 ) ;
#884 = DIRECTION ( 'NONE',  ( 0.0000000000000000000, 0.0000000000000000000, 1.000000000000000000 ) ) ;
#885 = AXIS2_PLACEMENT_3D ( 'NONE', #1272, #1176, #1407 ) ;
#886 = PRESENTATION_LAYER_ASSIGNMENT (  '', '', ( #720 ) ) ;
#887 = COLOUR_RGB ( '',0.09411764705882352811, 0.09411764705882352811, 0.09411764705882352811 ) ;
#888 = EDGE_CURVE ( 'NONE', #1174, #751, #812, .T. ) ;
#889 = MECHANICAL_DESIGN_GEOMETRIC_PRESENTATION_REPRESENTATION (  '', ( #338 ), #1268 ) ;
#890 = DIRECTION ( 'NONE',  ( 0.0000000000000000000, -0.7071067811865474617, -0.7071067811865474617 ) ) ;
#891 =( LENGTH_UNIT ( ) NAMED_UNIT ( * ) SI_UNIT ( .MILLI., .METRE. ) );
#892 =( NAMED_UNIT ( * ) SI_UNIT ( $, .STERADIAN. ) SOLID_ANGLE_UNIT ( ) );
#893 = CARTESIAN_POINT ( 'NONE',  ( 0.0000000000000000000, 0.0000000000000000000, 0.0000000000000000000 ) ) ;
#894 = PRODUCT_RELATED_PRODUCT_CATEGORY ( 'part', '', ( #378 ) ) ;
#895 = FILL_AREA_STYLE ('',( #1448 ) ) ;
#896 =( NAMED_UNIT ( * ) SI_UNIT ( $, .STERADIAN. ) SOLID_ANGLE_UNIT ( ) );
#897 = ORIENTED_EDGE ( 'NONE', *, *, #814, .F. ) ;
#898 =( NAMED_UNIT ( * ) SI_UNIT ( $, .STERADIAN. ) SOLID_ANGLE_UNIT ( ) );
#899 = FILL_AREA_STYLE_COLOUR ( '', #1383 ) ;
#900 = DIRECTION ( 'NONE',  ( 1.000000000000000000, 0.0000000000000000000, -0.0000000000000000000 ) ) ;
#901 = CARTESIAN_POINT ( 'NONE',  ( -0.3200000000000006173, -0.3200000000000000067, 8.339999958873001162 ) ) ;
#902 = LINE ( 'NONE', #364, #661 ) ;
#903 = VECTOR ( 'NONE', #597, 1000.000000000000000 ) ;
#904 = ORIENTED_EDGE ( 'NONE', *, *, #880, .F. ) ;
#905 = COLOUR_RGB ( '',1.000000000000000000, 1.000000000000000000, 0.4980392156862745168 ) ;
#906 = SHAPE_REPRESENTATION_RELATIONSHIP ( 'NONE' , 'NONE' ,  #1400, #478 ) ;
#907 = VECTOR ( 'NONE', #399, 1000.000000000000000 ) ;
#908 = PRESENTATION_LAYER_ASSIGNMENT (  '', '', ( #93 ) ) ;
#909 = CARTESIAN_POINT ( 'NONE',  ( 0.3199999999999999512, -0.3199999999999999512, 2.289999961853000254 ) ) ;
#910 = LINE ( 'NONE', #239, #489 ) ;
#911 = COLOUR_RGB ( '',0.09411764705882352811, 0.09411764705882352811, 0.09411764705882352811 ) ;
#912 = EDGE_CURVE ( 'NONE', #1286, #751, #1469, .T. ) ;
#913 = ORIENTED_EDGE ( 'NONE', *, *, #471, .T. ) ;
#914 = SURFACE_STYLE_USAGE ( .BOTH. , #585 ) ;
#915 = SURFACE_SIDE_STYLE ('',( #386 ) ) ;
#916 =( NAMED_UNIT ( * ) PLANE_ANGLE_UNIT ( ) SI_UNIT ( $, .RADIAN. ) );
#917 = DIRECTION ( 'NONE',  ( 0.7071067811865474617, 0.0000000000000000000, 0.7071067811865474617 ) ) ;
#918 = VERTEX_POINT ( 'NONE', #121 ) ;
#919 = LINE ( 'NONE', #1038, #1453 ) ;
#920 = UNCERTAINTY_MEASURE_WITH_UNIT (LENGTH_MEASURE( 1.000000000000000082E-05 ), #1377, 'distance_accuracy_value', 'NONE');
#921 = LINE ( 'NONE', #1039, #1471 ) ;
#922 = SURFACE_STYLE_USAGE ( .BOTH. , #609 ) ;
#923 = DIRECTION ( 'NONE',  ( -0.7071067811865474617, 0.7071067811865474617, -0.0000000000000000000 ) ) ;
#924 = LINE ( 'NONE', #249, #517 ) ;
#925 = VERTEX_POINT ( 'NONE', #1126 ) ;
#926 = PRODUCT_CONTEXT ( 'NONE', #522, 'mechanical' ) ;
#927 = PRESENTATION_STYLE_ASSIGNMENT (( #1182 ) ) ;
#928 = ADVANCED_FACE ( 'NONE', ( #375 ), #1248, .T. ) ;
#929 = STYLED_ITEM ( 'NONE', ( #511 ), #1186 ) ;
#930 = MECHANICAL_DESIGN_GEOMETRIC_PRESENTATION_REPRESENTATION (  '', ( #178 ), #861 ) ;
#931 = CARTESIAN_POINT ( 'NONE',  ( -0.3200000000000000067, 0.2199999985099999888, 8.439999960363001819 ) ) ;
#932 = LINE ( 'NONE', #247, #1053 ) ;
#933 = ORIENTED_EDGE ( 'NONE', *, *, #1114, .F. ) ;
#934 = AXIS2_PLACEMENT_3D ( 'NONE', #1323, #1205, #185 ) ;
#935 = DIRECTION ( 'NONE',  ( 0.0000000000000000000, -0.0000000000000000000, -1.000000000000000000 ) ) ;
#936 =( NAMED_UNIT ( * ) PLANE_ANGLE_UNIT ( ) SI_UNIT ( $, .RADIAN. ) );
#937 = COLOUR_RGB ( '',1.000000000000000000, 1.000000000000000000, 0.4980392156862745168 ) ;
#938 = MECHANICAL_DESIGN_GEOMETRIC_PRESENTATION_REPRESENTATION (  '', ( #810 ), #1143 ) ;
#939 = ORIENTED_EDGE ( 'NONE', *, *, #439, .T. ) ;
#940 = DIRECTION ( 'NONE',  ( 0.0000000000000000000, -0.0000000000000000000, 1.000000000000000000 ) ) ;
#941 = ORIENTED_EDGE ( 'NONE', *, *, #410, .T. ) ;
#942 = SURFACE_STYLE_USAGE ( .BOTH. , #494 ) ;
#943 = PRODUCT ( 'PinArray', 'PinArray', '', ( #839 ) ) ;
#944 = PRODUCT_DEFINITION ( 'UNKNOWN', '', #182, #1141 ) ;
#945 = CARTESIAN_POINT ( 'NONE',  ( -1.270000000000000018, -1.245000000000000329, 0.3000000119210000094 ) ) ;
#946 = LINE ( 'NONE', #508, #446 ) ;
#947 = FACE_BOUND ( 'NONE', #1238, .T. ) ;
#948 = ORIENTED_EDGE ( 'NONE', *, *, #165, .F. ) ;
#949 = APPLICATION_PROTOCOL_DEFINITION ( 'draft international standard', 'automotive_design', 1998, #1382 ) ;
#950 =( NAMED_UNIT ( * ) SI_UNIT ( $, .STERADIAN. ) SOLID_ANGLE_UNIT ( ) );
#951 = FACE_OUTER_BOUND ( 'NONE', #1434, .T. ) ;
#952 = DIRECTION ( 'NONE',  ( -0.0000000000000000000, 1.000000000000000000, 0.0000000000000000000 ) ) ;
#953 = SURFACE_STYLE_FILL_AREA ( #509 ) ;
#954 = EDGE_CURVE ( 'NONE', #1305, #1267, #1392, .T. ) ;
#955 = CARTESIAN_POINT ( 'NONE',  ( -1.270000000000000018, -0.9449999880789999862, 0.0000000000000000000 ) ) ;
#956 = EDGE_LOOP ( 'NONE', ( #875, #855, #1212, #1364 ) ) ;
#957 = PLANE ( 'NONE',  #1149 ) ;
#958 =( GEOMETRIC_REPRESENTATION_CONTEXT ( 3 ) GLOBAL_UNCERTAINTY_ASSIGNED_CONTEXT ( ( #202 ) ) GLOBAL_UNIT_ASSIGNED_CONTEXT ( ( #1109, #106, #1151 ) ) REPRESENTATION_CONTEXT ( 'NONE', 'WORKASPACE' ) );
#959 = DIRECTION ( 'NONE',  ( -1.000000000000000000, -0.0000000000000000000, 0.0000000000000000000 ) ) ;
#960 =( NAMED_UNIT ( * ) PLANE_ANGLE_UNIT ( ) SI_UNIT ( $, .RADIAN. ) );
#961 = COLOUR_RGB ( '',1.000000000000000000, 1.000000000000000000, 0.4980392156862745168 ) ;
#962 =( GEOMETRIC_REPRESENTATION_CONTEXT ( 3 ) GLOBAL_UNCERTAINTY_ASSIGNED_CONTEXT ( ( #1112 ) ) GLOBAL_UNIT_ASSIGNED_CONTEXT ( ( #1304, #1187, #742 ) ) REPRESENTATION_CONTEXT ( 'NONE', 'WORKASPACE' ) );
#963 =( GEOMETRIC_REPRESENTATION_CONTEXT ( 3 ) GLOBAL_UNCERTAINTY_ASSIGNED_CONTEXT ( ( #640 ) ) GLOBAL_UNIT_ASSIGNED_CONTEXT ( ( #111, #680, #468 ) ) REPRESENTATION_CONTEXT ( 'NONE', 'WORKASPACE' ) );
#964 = MECHANICAL_DESIGN_GEOMETRIC_PRESENTATION_REPRESENTATION (  '', ( #146 ), #336 ) ;
#965 = EDGE_LOOP ( 'NONE', ( #291, #510, #559, #1072 ) ) ;
#966 = EDGE_CURVE ( 'NONE', #54, #1136, #255, .T. ) ;
#967 = CLOSED_SHELL ( 'NONE', ( #436, #1010, #1464, #1346, #797, #1028, #1309, #290, #700, #846, #1087, #85, #507, #337, #980, #217, #928, #184 ) ) ;
#968 = PLANE ( 'NONE',  #71 ) ;
#969 = EDGE_LOOP ( 'NONE', ( #1298, #1419, #196, #1278 ) ) ;
#970 = FILL_AREA_STYLE ('',( #1308 ) ) ;
#971 = FACE_OUTER_BOUND ( 'NONE', #301, .T. ) ;
#972 = FACE_OUTER_BOUND ( 'NONE', #179, .T. ) ;
#973 = COLOUR_RGB ( '',0.7921568627450980005, 0.8196078431372548767, 0.9333333333333333481 ) ;
#974 = FACE_OUTER_BOUND ( 'NONE', #1313, .T. ) ;
#975 = ORIENTED_EDGE ( 'NONE', *, *, #542, .F. ) ;
#976 = SURFACE_SIDE_STYLE ('',( #770 ) ) ;
#977 = DIRECTION ( 'NONE',  ( -0.7071067811865474617, 0.7071067811865474617, 0.0000000000000000000 ) ) ;
#978 =( LENGTH_UNIT ( ) NAMED_UNIT ( * ) SI_UNIT ( .MILLI., .METRE. ) );
#979 = ORIENTED_EDGE ( 'NONE', *, *, #271, .T. ) ;
#980 = ADVANCED_FACE ( 'NONE', ( #1433 ), #755, .F. ) ;
#981 = FILL_AREA_STYLE ('',( #320 ) ) ;
#982 = COLOUR_RGB ( '',1.000000000000000000, 1.000000000000000000, 0.4980392156862745168 ) ;
#983 = FILL_AREA_STYLE_COLOUR ( '', #427 ) ;
#984 = MECHANICAL_DESIGN_GEOMETRIC_PRESENTATION_REPRESENTATION (  '', ( #780 ), #1358 ) ;
#985 = ORIENTED_EDGE ( 'NONE', *, *, #1108, .T. ) ;
#986 = STYLED_ITEM ( 'NONE', ( #990 ), #1228 ) ;
#987 = VECTOR ( 'NONE', #1213, 1000.000000000000000 ) ;
#988 = VECTOR ( 'NONE', #275, 1000.000000000000000 ) ;
#989 = UNCERTAINTY_MEASURE_WITH_UNIT (LENGTH_MEASURE( 1.000000000000000082E-05 ), #286, 'distance_accuracy_value', 'NONE');
#990 = PRESENTATION_STYLE_ASSIGNMENT (( #1459 ) ) ;
#991 = CARTESIAN_POINT ( 'NONE',  ( -0.3200000000000000067, 0.3200000000000000067, 2.289999961853000254 ) ) ;
#992 = LINE ( 'NONE', #1461, #76 ) ;
#993 = ORIENTED_EDGE ( 'NONE', *, *, #158, .T. ) ;
#994 = PRODUCT_DEFINITION_FORMATION_WITH_SPECIFIED_SOURCE ( 'ANY', '', #378, .NOT_KNOWN. ) ;
#995 = LINE ( 'NONE', #758, #1033 ) ;
#996 = FILL_AREA_STYLE ('',( #449 ) ) ;
#997 = DIRECTION ( 'NONE',  ( -1.000000000000000000, 0.0000000000000000000, 0.0000000000000000000 ) ) ;
#998 = SURFACE_SIDE_STYLE ('',( #1443 ) ) ;
#999 = CARTESIAN_POINT ( 'NONE',  ( -0.3200000000000000067, -0.3200000000000000067, 2.289999961853000254 ) ) ;
#1000 = SURFACE_SIDE_STYLE ('',( #1233 ) ) ;
#1001 = AXIS2_PLACEMENT_3D ( 'NONE', #711, #256, #413 ) ;
#1002 = PRESENTATION_LAYER_ASSIGNMENT (  '', '', ( #1195 ) ) ;
#1003 = COLOUR_RGB ( '',0.09411764705882352811, 0.09411764705882352811, 0.09411764705882352811 ) ;
#1004 =( GEOMETRIC_REPRESENTATION_CONTEXT ( 3 ) GLOBAL_UNCERTAINTY_ASSIGNED_CONTEXT ( ( #312 ) ) GLOBAL_UNIT_ASSIGNED_CONTEXT ( ( #891, #205, #1210 ) ) REPRESENTATION_CONTEXT ( 'NONE', 'WORKASPACE' ) );
#1005 = STYLED_ITEM ( 'NONE', ( #159 ), #688 ) ;
#1006 = DIRECTION ( 'NONE',  ( -1.000000000000000000, 0.0000000000000000000, 0.0000000000000000000 ) ) ;
#1007 = ORIENTED_EDGE ( 'NONE', *, *, #548, .F. ) ;
#1008 = SHAPE_REPRESENTATION_RELATIONSHIP ( 'NONE' , 'NONE' ,  #225, #1412 ) ;
#1009 = STYLED_ITEM ( 'NONE', ( #68 ), #1412 ) ;
#1010 = ADVANCED_FACE ( 'NONE', ( #534 ), #92, .T. ) ;
#1011 = DIRECTION ( 'NONE',  ( 0.0000000000000000000, -0.7071067811865474617, 0.7071067811865474617 ) ) ;
#1012 = DIRECTION ( 'NONE',  ( 0.0000000000000000000, 0.0000000000000000000, -1.000000000000000000 ) ) ;
#1013 = SURFACE_STYLE_FILL_AREA ( #484 ) ;
#1014 = ORIENTED_EDGE ( 'NONE', *, *, #1299, .F. ) ;
#1015 =( NAMED_UNIT ( * ) SI_UNIT ( $, .STERADIAN. ) SOLID_ANGLE_UNIT ( ) );
#1016 = SURFACE_SIDE_STYLE ('',( #474 ) ) ;
#1017 = FILL_AREA_STYLE ('',( #455 ) ) ;
#1018 =( NAMED_UNIT ( * ) PLANE_ANGLE_UNIT ( ) SI_UNIT ( $, .RADIAN. ) );
#1019 = CARTESIAN_POINT ( 'NONE',  ( -1.270000000000250040, -0.9449999880792501195, 2.289999961853000698 ) ) ;
#1020 = PRESENTATION_LAYER_ASSIGNMENT (  '', '', ( #840 ) ) ;
#1021 = ORIENTED_EDGE ( 'NONE', *, *, #158, .F. ) ;
#1022 =( NAMED_UNIT ( * ) PLANE_ANGLE_UNIT ( ) SI_UNIT ( $, .RADIAN. ) );
#1023 = VECTOR ( 'NONE', #183, 1000.000000000000000 ) ;
#1024 = UNCERTAINTY_MEASURE_WITH_UNIT (LENGTH_MEASURE( 1.000000000000000082E-05 ), #440, 'distance_accuracy_value', 'NONE');
#1025 = SURFACE_SIDE_STYLE ('',( #673 ) ) ;
#1026 = SURFACE_SIDE_STYLE ('',( #710 ) ) ;
#1027 = EDGE_CURVE ( 'NONE', #1136, #417, #992, .T. ) ;
#1028 = ADVANCED_FACE ( 'NONE', ( #78 ), #1225, .T. ) ;
#1029 = ORIENTED_EDGE ( 'NONE', *, *, #1330, .T. ) ;
#1030 = SURFACE_SIDE_STYLE ('',( #582 ) ) ;
#1031 = CARTESIAN_POINT ( 'NONE',  ( 0.9699999880792498086, -1.245000000000250351, 2.289999961853000698 ) ) ;
#1032 = SURFACE_STYLE_FILL_AREA ( #1017 ) ;
#1033 = VECTOR ( 'NONE', #197, 1000.000000000000000 ) ;
#1034 = DIRECTION ( 'NONE',  ( 0.0000000000000000000, 0.0000000000000000000, 1.000000000000000000 ) ) ;
#1035 = EDGE_CURVE ( 'NONE', #588, #581, #578, .T. ) ;
#1036 = ORIENTED_EDGE ( 'NONE', *, *, #271, .F. ) ;
#1037 = SURFACE_STYLE_FILL_AREA ( #15 ) ;
#1038 = CARTESIAN_POINT ( 'NONE',  ( 0.3200000000000000067, -0.3200000000000000067, 2.289999961853000254 ) ) ;
#1039 = CARTESIAN_POINT ( 'NONE',  ( 0.1199999970199998184, -0.1199999970200002208, -3.000000000000000000 ) ) ;
#1040 = CARTESIAN_POINT ( 'NONE',  ( -0.9699999880790000084, 1.245000000000000329, 0.0000000000000000000 ) ) ;
#1041 = SURFACE_STYLE_USAGE ( .BOTH. , #1026 ) ;
#1042 = PLANE ( 'NONE',  #206 ) ;
#1043 = PRODUCT_DEFINITION_SHAPE ( 'NONE', 'NONE',  #944 ) ;
#1044 = PLANE ( 'NONE',  #1079 ) ;
#1045 = PRESENTATION_STYLE_ASSIGNMENT (( #589 ) ) ;
#1046 = CARTESIAN_POINT ( 'NONE',  ( -1.270000000000000018, -0.9449999880789999862, 0.3000000119210000094 ) ) ;
#1047 = EDGE_CURVE ( 'NONE', #1307, #95, #902, .T. ) ;
#1048 = ORIENTED_EDGE ( 'NONE', *, *, #240, .T. ) ;
#1049 = ITEM_DEFINED_TRANSFORMATION ( 'NONE', 'NONE', #1462,  #124 ) ;
#1050 = PLANE ( 'NONE',  #261 ) ;
#1051 = AXIS2_PLACEMENT_3D ( 'NONE', #313, #1437, #890 ) ;
#1052 = CARTESIAN_POINT ( 'NONE',  ( 1.270000000000000018, -1.245000000000000329, 0.0000000000000000000 ) ) ;
#1053 = VECTOR ( 'NONE', #577, 1000.000000000000000 ) ;
#1054 = LINE ( 'NONE', #727, #766 ) ;
#1055 = VECTOR ( 'NONE', #736, 1000.000000000000000 ) ;
#1056 = VECTOR ( 'NONE', #416, 1000.000000000000000 ) ;
#1057 = DIRECTION ( 'NONE',  ( 0.0000000000000000000, -0.7071067811865475727, 0.7071067811865475727 ) ) ;
#1058 = SURFACE_STYLE_FILL_AREA ( #1397 ) ;
#1059 = DIRECTION ( 'NONE',  ( 0.7071067811865474617, -0.7071067811865474617, 0.0000000000000000000 ) ) ;
#1060 = ORIENTED_EDGE ( 'NONE', *, *, #420, .F. ) ;
#1061 =( LENGTH_UNIT ( ) NAMED_UNIT ( * ) SI_UNIT ( .MILLI., .METRE. ) );
#1062 = SURFACE_STYLE_USAGE ( .BOTH. , #1177 ) ;
#1063 = DIRECTION ( 'NONE',  ( -0.0000000000000000000, -1.000000000000000000, 0.0000000000000000000 ) ) ;
#1064 = CARTESIAN_POINT ( 'NONE',  ( -1.270000000000000018, 0.3200000000000000622, 0.3000000119210000094 ) ) ;
#1065 = VECTOR ( 'NONE', #254, 1000.000000000000000 ) ;
#1066 = LINE ( 'NONE', #725, #819 ) ;
#1067 = VERTEX_POINT ( 'NONE', #1019 ) ;
#1068 = ADVANCED_FACE ( 'NONE', ( #1388 ), #1042, .F. ) ;
#1069 = CARTESIAN_POINT ( 'NONE',  ( -0.3200000000000000067, 0.2199999985099999888, -2.899999998509999788 ) ) ;
#1070 = LINE ( 'NONE', #40, #1023 ) ;
#1071 = LINE ( 'NONE', #836, #316 ) ;
#1072 = ORIENTED_EDGE ( 'NONE', *, *, #112, .F. ) ;
#1073 =( LENGTH_UNIT ( ) NAMED_UNIT ( * ) SI_UNIT ( .MILLI., .METRE. ) );
#1074 = COLOUR_RGB ( '',0.09411764705882352811, 0.09411764705882352811, 0.09411764705882352811 ) ;
#1075 = CARTESIAN_POINT ( 'NONE',  ( 0.3200000000000000067, -0.3200000000000000067, -3.000000000000000000 ) ) ;
#1076 = STYLED_ITEM ( 'NONE', ( #630 ), #1346 ) ;
#1077 = MECHANICAL_DESIGN_GEOMETRIC_PRESENTATION_REPRESENTATION (  '', ( #232 ), #962 ) ;
#1078 = AXIS2_PLACEMENT_3D ( 'NONE', #496, #20, #831 ) ;
#1079 = AXIS2_PLACEMENT_3D ( 'NONE', #230, #1034, #804 ) ;
#1080 = EDGE_LOOP ( 'NONE', ( #1251, #1086, #752, #739 ) ) ;
#1081 = EDGE_CURVE ( 'NONE', #786, #1067, #114, .T. ) ;
#1082 = ORIENTED_EDGE ( 'NONE', *, *, #619, .T. ) ;
#1083 = FILL_AREA_STYLE ('',( #1300 ) ) ;
#1084 = SURFACE_STYLE_FILL_AREA ( #526 ) ;
#1085 =( LENGTH_UNIT ( ) NAMED_UNIT ( * ) SI_UNIT ( .MILLI., .METRE. ) );
#1086 = ORIENTED_EDGE ( 'NONE', *, *, #420, .T. ) ;
#1087 = ADVANCED_FACE ( 'NONE', ( #1256 ), #477, .T. ) ;
#1088 = DIRECTION ( 'NONE',  ( -1.000000000000000000, -0.0000000000000000000, -0.0000000000000000000 ) ) ;
#1089 = UNCERTAINTY_MEASURE_WITH_UNIT (LENGTH_MEASURE( 1.000000000000000082E-05 ), #1061, 'distance_accuracy_value', 'NONE');
#1090 = LINE ( 'NONE', #429, #815 ) ;
#1091 = LINE ( 'NONE', #1310, #988 ) ;
#1092 = LINE ( 'NONE', #651, #783 ) ;
#1093 = SHAPE_DEFINITION_REPRESENTATION ( #1160, #1400 ) ;
#1094 = SURFACE_STYLE_USAGE ( .BOTH. , #1206 ) ;
#1095 =( GEOMETRIC_REPRESENTATION_CONTEXT ( 3 ) GLOBAL_UNCERTAINTY_ASSIGNED_CONTEXT ( ( #530 ) ) GLOBAL_UNIT_ASSIGNED_CONTEXT ( ( #1475, #916, #1145 ) ) REPRESENTATION_CONTEXT ( 'NONE', 'WORKASPACE' ) );
#1096 = MECHANICAL_DESIGN_GEOMETRIC_PRESENTATION_REPRESENTATION (  '', ( #260 ), #764 ) ;
#1097 = DIRECTION ( 'NONE',  ( 0.5773502691896268413, -0.5773502691896246208, -0.5773502691896258421 ) ) ;
#1098 = VECTOR ( 'NONE', #485, 1000.000000000000000 ) ;
#1099 = PRESENTATION_LAYER_ASSIGNMENT (  '', '', ( #867 ) ) ;
#1100 =( GEOMETRIC_REPRESENTATION_CONTEXT ( 3 ) GLOBAL_UNCERTAINTY_ASSIGNED_CONTEXT ( ( #1246 ) ) GLOBAL_UNIT_ASSIGNED_CONTEXT ( ( #502, #607, #1154 ) ) REPRESENTATION_CONTEXT ( 'NONE', 'WORKASPACE' ) );
#1101 = UNCERTAINTY_MEASURE_WITH_UNIT (LENGTH_MEASURE( 1.000000000000000082E-05 ), #394, 'distance_accuracy_value', 'NONE');
#1102 =( NAMED_UNIT ( * ) SI_UNIT ( $, .STERADIAN. ) SOLID_ANGLE_UNIT ( ) );
#1103 = EDGE_CURVE ( 'NONE', #732, #1171, #1422, .T. ) ;
#1104 = FILL_AREA_STYLE ('',( #983 ) ) ;
#1105 = VECTOR ( 'NONE', #616, 1000.000000000000000 ) ;
#1106 = SURFACE_STYLE_USAGE ( .BOTH. , #299 ) ;
#1107 = CARTESIAN_POINT ( 'NONE',  ( 0.3200000000000000067, 0.3200000000000000067, 2.289999961853000254 ) ) ;
#1108 = EDGE_CURVE ( 'NONE', #1474, #581, #1159, .T. ) ;
#1109 =( LENGTH_UNIT ( ) NAMED_UNIT ( * ) SI_UNIT ( .MILLI., .METRE. ) );
#1110 = PRODUCT_DEFINITION_CONTEXT ( 'detailed design', #307, 'design' ) ;
#1111 = DIRECTION ( 'NONE',  ( -0.0000000000000000000, 1.000000000000000000, 0.0000000000000000000 ) ) ;
#1112 = UNCERTAINTY_MEASURE_WITH_UNIT (LENGTH_MEASURE( 1.000000000000000082E-05 ), #1304, 'distance_accuracy_value', 'NONE');
#1113 = CARTESIAN_POINT ( 'NONE',  ( 0.3200000000000000067, 0.3200000000000000067, 2.289999961853000254 ) ) ;
#1114 = EDGE_CURVE ( 'NONE', #488, #732, #604, .T. ) ;
#1115 = MECHANICAL_DESIGN_GEOMETRIC_PRESENTATION_REPRESENTATION (  '', ( #929 ), #10 ) ;
#1116 = STYLED_ITEM ( 'NONE', ( #480 ), #215 ) ;
#1117 = AXIS2_PLACEMENT_3D ( 'NONE', #80, #997, #773 ) ;
#1118 =( NAMED_UNIT ( * ) PLANE_ANGLE_UNIT ( ) SI_UNIT ( $, .RADIAN. ) );
#1119 =( NAMED_UNIT ( * ) PLANE_ANGLE_UNIT ( ) SI_UNIT ( $, .RADIAN. ) );
#1120 = ADVANCED_FACE ( 'NONE', ( #421 ), #58, .F. ) ;
#1121 = ORIENTED_EDGE ( 'NONE', *, *, #1081, .T. ) ;
#1122 = SURFACE_SIDE_STYLE ('',( #340 ) ) ;
#1123 = PRESENTATION_LAYER_ASSIGNMENT (  '', '', ( #296 ) ) ;
#1124 = UNCERTAINTY_MEASURE_WITH_UNIT (LENGTH_MEASURE( 1.000000000000000082E-05 ), #1436, 'distance_accuracy_value', 'NONE');
#1125 = SURFACE_STYLE_USAGE ( .BOTH. , #1025 ) ;
#1126 = CARTESIAN_POINT ( 'NONE',  ( 0.3199999999999999512, 0.3200000000000000622, 0.3000000119210001204 ) ) ;
#1127 = ORIENTED_EDGE ( 'NONE', *, *, #1439, .T. ) ;
#1128 = DIRECTION ( 'NONE',  ( -0.7071067811865475727, -0.0000000000000000000, 0.7071067811865475727 ) ) ;
#1129 = ORIENTED_EDGE ( 'NONE', *, *, #1234, .T. ) ;
#1130 =( NAMED_UNIT ( * ) PLANE_ANGLE_UNIT ( ) SI_UNIT ( $, .RADIAN. ) );
#1131 = CARTESIAN_POINT ( 'NONE',  ( 0.3199999999999999512, -0.3199999999999999512, -2.799999997020000020 ) ) ;
#1132 = PLANE ( 'NONE',  #1318 ) ;
#1133 =( NAMED_UNIT ( * ) SI_UNIT ( $, .STERADIAN. ) SOLID_ANGLE_UNIT ( ) );
#1134 = FILL_AREA_STYLE_COLOUR ( '', #43 ) ;
#1135 = AXIS2_PLACEMENT_3D ( 'NONE', #1372, #561, #1355 ) ;
#1136 = VERTEX_POINT ( 'NONE', #23 ) ;
#1137 = COLOUR_RGB ( '',0.09411764705882352811, 0.09411764705882352811, 0.09411764705882352811 ) ;
#1138 = DIRECTION ( 'NONE',  ( -1.000000000000000000, 0.0000000000000000000, 0.0000000000000000000 ) ) ;
#1139 = PLANE ( 'NONE',  #1261 ) ;
#1140 = VECTOR ( 'NONE', #527, 1000.000000000000114 ) ;
#1141 = PRODUCT_DEFINITION_CONTEXT ( 'detailed design', #818, 'design' ) ;
#1142 = CARTESIAN_POINT ( 'NONE',  ( -1.270000000000000018, 1.245000000000000329, 2.289999961853000254 ) ) ;
#1143 =( GEOMETRIC_REPRESENTATION_CONTEXT ( 3 ) GLOBAL_UNCERTAINTY_ASSIGNED_CONTEXT ( ( #771 ) ) GLOBAL_UNIT_ASSIGNED_CONTEXT ( ( #497, #1018, #345 ) ) REPRESENTATION_CONTEXT ( 'NONE', 'WORKASPACE' ) );
#1144 = EDGE_CURVE ( 'NONE', #59, #588, #498, .T. ) ;
#1145 =( NAMED_UNIT ( * ) SI_UNIT ( $, .STERADIAN. ) SOLID_ANGLE_UNIT ( ) );
#1146 = SURFACE_SIDE_STYLE ('',( #562 ) ) ;
#1147 = ORIENTED_EDGE ( 'NONE', *, *, #102, .T. ) ;
#1148 =( LENGTH_UNIT ( ) NAMED_UNIT ( * ) SI_UNIT ( .MILLI., .METRE. ) );
#1149 = AXIS2_PLACEMENT_3D ( 'NONE', #411, #136, #830 ) ;
#1150 = DIRECTION ( 'NONE',  ( -0.0000000000000000000, -1.000000000000000000, 0.0000000000000000000 ) ) ;
#1151 =( NAMED_UNIT ( * ) SI_UNIT ( $, .STERADIAN. ) SOLID_ANGLE_UNIT ( ) );
#1152 = SURFACE_STYLE_USAGE ( .BOTH. , #1146 ) ;
#1153 = EDGE_CURVE ( 'NONE', #134, #1174, #32, .T. ) ;
#1154 =( NAMED_UNIT ( * ) SI_UNIT ( $, .STERADIAN. ) SOLID_ANGLE_UNIT ( ) );
#1155 = EDGE_LOOP ( 'NONE', ( #293, #258, #1311, #993, #42 ) ) ;
#1156 = APPLICATION_PROTOCOL_DEFINITION ( 'draft international standard', 'automotive_design', 1998, #1270 ) ;
#1157 = SURFACE_STYLE_FILL_AREA ( #970 ) ;
#1158 = DIRECTION ( 'NONE',  ( 0.7071067811865475727, -0.7071067811865475727, 0.0000000000000000000 ) ) ;
#1159 = LINE ( 'NONE', #139, #903 ) ;
#1160 = PRODUCT_DEFINITION_SHAPE ( 'NONE', 'NONE',  #322 ) ;
#1161 = CARTESIAN_POINT ( 'NONE',  ( -1.270000000000062634, -0.9449999880790626028, 0.3000000119210000094 ) ) ;
#1162 = SURFACE_STYLE_FILL_AREA ( #390 ) ;
#1163 = ORIENTED_EDGE ( 'NONE', *, *, #359, .T. ) ;
#1164 = EDGE_CURVE ( 'NONE', #735, #60, #387, .T. ) ;
#1165 =( NAMED_UNIT ( * ) PLANE_ANGLE_UNIT ( ) SI_UNIT ( $, .RADIAN. ) );
#1166 =( NAMED_UNIT ( * ) SI_UNIT ( $, .STERADIAN. ) SOLID_ANGLE_UNIT ( ) );
#1167 = MECHANICAL_DESIGN_GEOMETRIC_PRESENTATION_REPRESENTATION (  '', ( #1195 ), #310 ) ;
#1168 =( GEOMETRIC_REPRESENTATION_CONTEXT ( 3 ) GLOBAL_UNCERTAINTY_ASSIGNED_CONTEXT ( ( #759 ) ) GLOBAL_UNIT_ASSIGNED_CONTEXT ( ( #379, #1275, #470 ) ) REPRESENTATION_CONTEXT ( 'NONE', 'WORKASPACE' ) );
#1169 = DIRECTION ( 'NONE',  ( 0.0000000000000000000, 0.0000000000000000000, 1.000000000000000000 ) ) ;
#1170 = DIRECTION ( 'NONE',  ( 0.0000000000000000000, 0.0000000000000000000, -1.000000000000000000 ) ) ;
#1171 = VERTEX_POINT ( 'NONE', #728 ) ;
#1172 = DIRECTION ( 'NONE',  ( 0.0000000000000000000, 1.000000000000000000, 0.0000000000000000000 ) ) ;
#1173 = CARTESIAN_POINT ( 'NONE',  ( -0.1199999970199999294, 0.1199999970200000265, 8.539999961853000698 ) ) ;
#1174 = VERTEX_POINT ( 'NONE', #617 ) ;
#1175 = EDGE_CURVE ( 'NONE', #918, #615, #519, .T. ) ;
#1176 = DIRECTION ( 'NONE',  ( 0.0000000000000000000, 0.0000000000000000000, 1.000000000000000000 ) ) ;
#1177 = SURFACE_SIDE_STYLE ('',( #45 ) ) ;
#1178 =( GEOMETRIC_REPRESENTATION_CONTEXT ( 3 ) GLOBAL_UNCERTAINTY_ASSIGNED_CONTEXT ( ( #1207 ) ) GLOBAL_UNIT_ASSIGNED_CONTEXT ( ( #1252, #775, #662 ) ) REPRESENTATION_CONTEXT ( 'NONE', 'WORKASPACE' ) );
#1179 = SURFACE_STYLE_FILL_AREA ( #1293 ) ;
#1180 = LINE ( 'NONE', #834, #190 ) ;
#1181 = VECTOR ( 'NONE', #1111, 1000.000000000000000 ) ;
#1182 = SURFACE_STYLE_USAGE ( .BOTH. , #734 ) ;
#1183 = VERTEX_POINT ( 'NONE', #832 ) ;
#1184 = CARTESIAN_POINT ( 'NONE',  ( 1.270000000000000018, 0.9449999880789999862, 0.0000000000000000000 ) ) ;
#1185 = PLANE ( 'NONE',  #570 ) ;
#1186 = ADVANCED_FACE ( 'NONE', ( #951 ), #404, .T. ) ;
#1187 =( NAMED_UNIT ( * ) PLANE_ANGLE_UNIT ( ) SI_UNIT ( $, .RADIAN. ) );
#1188 = VERTEX_POINT ( 'NONE', #1344 ) ;
#1189 = CARTESIAN_POINT ( 'NONE',  ( -1.119999994040000058, -1.094999994039999924, 0.0000000000000000000 ) ) ;
#1190 = EDGE_LOOP ( 'NONE', ( #357, #66, #1296, #1411, #1029, #750, #722, #253 ) ) ;
#1191 = CARTESIAN_POINT ( 'NONE',  ( 0.3200000000000003952, 0.3200000000000001732, 8.339999958872999386 ) ) ;
#1192 = CLOSED_SHELL ( 'NONE', ( #1228, #1120, #325, #1266, #209, #1068, #688, #1340, #660, #51, #557, #1222, #17, #1186 ) ) ;
#1193 = DIRECTION ( 'NONE',  ( 0.0000000000000000000, -0.7071067811865474617, -0.7071067811865474617 ) ) ;
#1194 = SURFACE_STYLE_USAGE ( .BOTH. , #738 ) ;
#1195 = STYLED_ITEM ( 'NONE', ( #393 ), #1340 ) ;
#1196 = STYLED_ITEM ( 'NONE', ( #702 ), #507 ) ;
#1197 = EDGE_CURVE ( 'NONE', #876, #1267, #87, .T. ) ;
#1198 = MECHANICAL_DESIGN_GEOMETRIC_PRESENTATION_REPRESENTATION (  '', ( #628 ), #193 ) ;
#1199 = VERTEX_POINT ( 'NONE', #767 ) ;
#1200 = ORIENTED_EDGE ( 'NONE', *, *, #741, .F. ) ;
#1201 = VECTOR ( 'NONE', #1150, 1000.000000000000000 ) ;
#1202 = CARTESIAN_POINT ( 'NONE',  ( 0.0000000000000000000, 0.0000000000000000000, 0.0000000000000000000 ) ) ;
#1203 = LINE ( 'NONE', #148, #1140 ) ;
#1204 = VERTEX_POINT ( 'NONE', #63 ) ;
#1205 = DIRECTION ( 'NONE',  ( 0.0000000000000000000, -1.000000000000000000, 0.0000000000000000000 ) ) ;
#1206 = SURFACE_SIDE_STYLE ('',( #294 ) ) ;
#1207 = UNCERTAINTY_MEASURE_WITH_UNIT (LENGTH_MEASURE( 1.000000000000000082E-05 ), #1252, 'distance_accuracy_value', 'NONE');
#1208 =( LENGTH_UNIT ( ) NAMED_UNIT ( * ) SI_UNIT ( .MILLI., .METRE. ) );
#1209 = SHAPE_REPRESENTATION ( 'User Library-Header_Male_1Pin', ( #57, #1462, #794 ), #1178 ) ;
#1210 =( NAMED_UNIT ( * ) SI_UNIT ( $, .STERADIAN. ) SOLID_ANGLE_UNIT ( ) );
#1211 = CARTESIAN_POINT ( 'NONE',  ( 0.1199999970199998184, 0.3200000000000000067, 8.539999961853000698 ) ) ;
#1212 = ORIENTED_EDGE ( 'NONE', *, *, #132, .T. ) ;
#1213 = DIRECTION ( 'NONE',  ( 0.0000000000000000000, -1.000000000000000000, -0.0000000000000000000 ) ) ;
#1214 = CARTESIAN_POINT ( 'NONE',  ( 0.3200000000000001732, -0.3200000000000003952, 8.339999958872999386 ) ) ;
#1215 = PRESENTATION_LAYER_ASSIGNMENT (  '', '', ( #929 ) ) ;
#1216 = PRESENTATION_STYLE_ASSIGNMENT (( #305 ) ) ;
#1217 = AXIS2_PLACEMENT_3D ( 'NONE', #34, #1170, #1409 ) ;
#1218 =( NAMED_UNIT ( * ) PLANE_ANGLE_UNIT ( ) SI_UNIT ( $, .RADIAN. ) );
#1219 = ORIENTED_EDGE ( 'NONE', *, *, #1456, .T. ) ;
#1220 = VECTOR ( 'NONE', #24, 1000.000000000000000 ) ;
#1221 = PRESENTATION_LAYER_ASSIGNMENT (  '', '', ( #810 ) ) ;
#1222 = ADVANCED_FACE ( 'NONE', ( #192 ), #760, .T. ) ;
#1223 = PRESENTATION_STYLE_ASSIGNMENT (( #650 ) ) ;
#1224 = FILL_AREA_STYLE ('',( #33 ) ) ;
#1225 = PLANE ( 'NONE',  #1135 ) ;
#1226 = FILL_AREA_STYLE_COLOUR ( '', #1245 ) ;
#1227 = LINE ( 'NONE', #698, #1236 ) ;
#1228 = ADVANCED_FACE ( 'NONE', ( #303 ), #546, .T. ) ;
#1229 = DIRECTION ( 'NONE',  ( 0.0000000000000000000, 0.0000000000000000000, 1.000000000000000000 ) ) ;
#1230 = UNCERTAINTY_MEASURE_WITH_UNIT (LENGTH_MEASURE( 1.000000000000000082E-05 ), #25, 'distance_accuracy_value', 'NONE');
#1231 = CARTESIAN_POINT ( 'NONE',  ( -0.3200000000000000067, -0.3200000000000000067, 2.289999961853000254 ) ) ;
#1232 = LINE ( 'NONE', #999, #987 ) ;
#1233 = SURFACE_STYLE_FILL_AREA ( #762 ) ;
#1234 = EDGE_CURVE ( 'NONE', #401, #95, #1090, .T. ) ;
#1235 = STYLED_ITEM ( 'NONE', ( #377 ), #1068 ) ;
#1236 = VECTOR ( 'NONE', #1352, 1000.000000000000000 ) ;
#1237 = COLOUR_RGB ( '',0.09411764705882352811, 0.09411764705882352811, 0.09411764705882352811 ) ;
#1238 = EDGE_LOOP ( 'NONE', ( #50, #11, #622, #1466 ) ) ;
#1239 = DIRECTION ( 'NONE',  ( 1.000000000000000000, 0.0000000000000000000, 0.0000000000000000000 ) ) ;
#1240 = PRESENTATION_STYLE_ASSIGNMENT (( #475 ) ) ;
#1241 = ORIENTED_EDGE ( 'NONE', *, *, #774, .F. ) ;
#1242 = CARTESIAN_POINT ( 'NONE',  ( 1.270000000000062634, 0.9449999880790626028, 0.3000000119210000094 ) ) ;
#1243 = VERTEX_POINT ( 'NONE', #330 ) ;
#1244 = FACE_OUTER_BOUND ( 'NONE', #1290, .T. ) ;
#1245 = COLOUR_RGB ( '',0.09411764705882352811, 0.09411764705882352811, 0.09411764705882352811 ) ;
#1246 = UNCERTAINTY_MEASURE_WITH_UNIT (LENGTH_MEASURE( 1.000000000000000082E-05 ), #502, 'distance_accuracy_value', 'NONE');
#1247 = CARTESIAN_POINT ( 'NONE',  ( 0.3199999999999999512, 0.3199999999999999512, -2.799999997020000020 ) ) ;
#1248 = PLANE ( 'NONE',  #1078 ) ;
#1249 =( LENGTH_UNIT ( ) NAMED_UNIT ( * ) SI_UNIT ( .MILLI., .METRE. ) );
#1250 = DIRECTION ( 'NONE',  ( 0.7071067811865475727, 0.0000000000000000000, 0.7071067811865475727 ) ) ;
#1251 = ORIENTED_EDGE ( 'NONE', *, *, #714, .F. ) ;
#1252 =( LENGTH_UNIT ( ) NAMED_UNIT ( * ) SI_UNIT ( .MILLI., .METRE. ) );
#1253 =( LENGTH_UNIT ( ) NAMED_UNIT ( * ) SI_UNIT ( .MILLI., .METRE. ) );
#1254 = LINE ( 'NONE', #901, #721 ) ;
#1255 = DIRECTION ( 'NONE',  ( 0.0000000000000000000, -0.7071067811865474617, 0.7071067811865474617 ) ) ;
#1256 = FACE_OUTER_BOUND ( 'NONE', #500, .T. ) ;
#1257 = CARTESIAN_POINT ( 'NONE',  ( 0.3200000000000000067, 0.3200000000000000067, 2.289999961853000254 ) ) ;
#1258 = VECTOR ( 'NONE', #848, 1000.000000000000000 ) ;
#1259 = VERTEX_POINT ( 'NONE', #1031 ) ;
#1260 = STYLED_ITEM ( 'NONE', ( #1223 ), #1222 ) ;
#1261 = AXIS2_PLACEMENT_3D ( 'NONE', #574, #126, #237 ) ;
#1262 = CARTESIAN_POINT ( 'NONE',  ( 0.3200000000000000067, 0.3200000000000000067, -3.000000000000000000 ) ) ;
#1263 = CARTESIAN_POINT ( 'NONE',  ( 0.9699999880791245754, -1.245000000000125340, 0.0000000000000000000 ) ) ;
#1264 = COLOUR_RGB ( '',0.09411764705882352811, 0.09411764705882352811, 0.09411764705882352811 ) ;
#1265 = UNCERTAINTY_MEASURE_WITH_UNIT (LENGTH_MEASURE( 1.000000000000000082E-05 ), #1249, 'distance_accuracy_value', 'NONE');
#1266 = ADVANCED_FACE ( 'NONE', ( #238 ), #213, .T. ) ;
#1267 = VERTEX_POINT ( 'NONE', #1247 ) ;
#1268 =( GEOMETRIC_REPRESENTATION_CONTEXT ( 3 ) GLOBAL_UNCERTAINTY_ASSIGNED_CONTEXT ( ( #481 ) ) GLOBAL_UNIT_ASSIGNED_CONTEXT ( ( #1480, #358, #1015 ) ) REPRESENTATION_CONTEXT ( 'NONE', 'WORKASPACE' ) );
#1269 =( LENGTH_UNIT ( ) NAMED_UNIT ( * ) SI_UNIT ( .MILLI., .METRE. ) );
#1270 = APPLICATION_CONTEXT ( 'automotive_design' ) ;
#1271 = ORIENTED_EDGE ( 'NONE', *, *, #1027, .T. ) ;
#1272 = CARTESIAN_POINT ( 'NONE',  ( -0.3200000000000000067, 0.3200000000000000067, -3.000000000000000000 ) ) ;
#1273 = CARTESIAN_POINT ( 'NONE',  ( 1.119999994040000058, -1.094999994039999924, 2.289999961853000698 ) ) ;
#1274 = CARTESIAN_POINT ( 'NONE',  ( 0.1199999970199998184, 0.3200000000000000067, -3.000000000000000000 ) ) ;
#1275 =( NAMED_UNIT ( * ) PLANE_ANGLE_UNIT ( ) SI_UNIT ( $, .RADIAN. ) );
#1276 = FILL_AREA_STYLE_COLOUR ( '', #743 ) ;
#1277 = EDGE_CURVE ( 'NONE', #270, #876, #679, .T. ) ;
#1278 = ORIENTED_EDGE ( 'NONE', *, *, #82, .F. ) ;
#1279 = PRESENTATION_STYLE_ASSIGNMENT (( #169 ) ) ;
#1280 = ORIENTED_EDGE ( 'NONE', *, *, #741, .T. ) ;
#1281 = CONTEXT_DEPENDENT_SHAPE_REPRESENTATION ( #402, #837 ) ;
#1282 = LINE ( 'NONE', #847, #1065 ) ;
#1283 = DIRECTION ( 'NONE',  ( -0.0000000000000000000, 1.000000000000000000, 0.0000000000000000000 ) ) ;
#1284 = CARTESIAN_POINT ( 'NONE',  ( 0.3200000000000000067, -0.2199999985099999888, -2.899999998509999788 ) ) ;
#1285 = SURFACE_STYLE_USAGE ( .BOTH. , #719 ) ;
#1286 = VERTEX_POINT ( 'NONE', #784 ) ;
#1287 = EDGE_CURVE ( 'NONE', #235, #1305, #921, .T. ) ;
#1288 = CARTESIAN_POINT ( 'NONE',  ( -1.270000000000000018, 0.9449999880789999862, 0.0000000000000000000 ) ) ;
#1289 = CARTESIAN_POINT ( 'NONE',  ( 1.119999994040000058, -1.094999994039999924, 0.0000000000000000000 ) ) ;
#1290 = EDGE_LOOP ( 'NONE', ( #608, #529, #838, #35 ) ) ;
#1291 = CONTEXT_DEPENDENT_SHAPE_REPRESENTATION ( #304, #729 ) ;
#1292 = VECTOR ( 'NONE', #120, 1000.000000000000000 ) ;
#1293 = FILL_AREA_STYLE ('',( #1402 ) ) ;
#1294 =( NAMED_UNIT ( * ) PLANE_ANGLE_UNIT ( ) SI_UNIT ( $, .RADIAN. ) );
#1295 = AXIS2_PLACEMENT_3D ( 'NONE', #955, #590, #940 ) ;
#1296 = ORIENTED_EDGE ( 'NONE', *, *, #1175, .T. ) ;
#1297 = FILL_AREA_STYLE ('',( #844 ) ) ;
#1298 = ORIENTED_EDGE ( 'NONE', *, *, #888, .F. ) ;
#1299 = EDGE_CURVE ( 'NONE', #786, #1259, #362, .T. ) ;
#1300 = FILL_AREA_STYLE_COLOUR ( '', #231 ) ;
#1301 = PRESENTATION_STYLE_ASSIGNMENT (( #1062 ) ) ;
#1302 = MECHANICAL_DESIGN_GEOMETRIC_PRESENTATION_REPRESENTATION (  '', ( #296 ), #350 ) ;
#1303 = DIRECTION ( 'NONE',  ( 0.5773502691896246208, 0.5773502691896268413, -0.5773502691896258421 ) ) ;
#1304 =( LENGTH_UNIT ( ) NAMED_UNIT ( * ) SI_UNIT ( .MILLI., .METRE. ) );
#1305 = VERTEX_POINT ( 'NONE', #1131 ) ;
#1306 = DIRECTION ( 'NONE',  ( 0.0000000000000000000, 0.0000000000000000000, -1.000000000000000000 ) ) ;
#1307 = VERTEX_POINT ( 'NONE', #909 ) ;
#1308 = FILL_AREA_STYLE_COLOUR ( '', #1137 ) ;
#1309 = ADVANCED_FACE ( 'NONE', ( #811 ), #227, .T. ) ;
#1310 = CARTESIAN_POINT ( 'NONE',  ( -1.270000000000000018, 0.9449999880789999862, 0.3000000119210000094 ) ) ;
#1311 = ORIENTED_EDGE ( 'NONE', *, *, #112, .T. ) ;
#1312 = ORIENTED_EDGE ( 'NONE', *, *, #1175, .F. ) ;
#1313 = EDGE_LOOP ( 'NONE', ( #1021, #985, #250, #1375 ) ) ;
#1314 = SURFACE_STYLE_FILL_AREA ( #1420 ) ;
#1315 = VECTOR ( 'NONE', #460, 1000.000000000000000 ) ;
#1316 = FILL_AREA_STYLE_COLOUR ( '', #1454 ) ;
#1317 =( GEOMETRIC_REPRESENTATION_CONTEXT ( 3 ) GLOBAL_UNCERTAINTY_ASSIGNED_CONTEXT ( ( #920 ) ) GLOBAL_UNIT_ASSIGNED_CONTEXT ( ( #1377, #707, #807 ) ) REPRESENTATION_CONTEXT ( 'NONE', 'WORKASPACE' ) );
#1318 = AXIS2_PLACEMENT_3D ( 'NONE', #1370, #1158, #137 ) ;
#1319 = VECTOR ( 'NONE', #547, 1000.000000000000114 ) ;
#1320 = ORIENTED_EDGE ( 'NONE', *, *, #714, .T. ) ;
#1321 = ORIENTED_EDGE ( 'NONE', *, *, #603, .F. ) ;
#1322 = VECTOR ( 'NONE', #623, 1000.000000000000000 ) ;
#1323 = CARTESIAN_POINT ( 'NONE',  ( -0.3200000000000000067, 0.3200000000000000067, 2.289999961853000254 ) ) ;
#1324 = FILL_AREA_STYLE ('',( #318 ) ) ;
#1325 = SURFACE_SIDE_STYLE ('',( #1345 ) ) ;
#1326 = SURFACE_STYLE_FILL_AREA ( #748 ) ;
#1327 = AXIS2_PLACEMENT_3D ( 'NONE', #1467, #1361, #1457 ) ;
#1328 = EDGE_LOOP ( 'NONE', ( #632, #1321, #676, #1271 ) ) ;
#1329 = SURFACE_SIDE_STYLE ('',( #435 ) ) ;
#1330 = EDGE_CURVE ( 'NONE', #1183, #1067, #686, .T. ) ;
#1331 =( LENGTH_UNIT ( ) NAMED_UNIT ( * ) SI_UNIT ( .MILLI., .METRE. ) );
#1332 =( LENGTH_UNIT ( ) NAMED_UNIT ( * ) SI_UNIT ( .MILLI., .METRE. ) );
#1333 = MECHANICAL_DESIGN_GEOMETRIC_PRESENTATION_REPRESENTATION (  '', ( #1235 ), #1470 ) ;
#1334 = VECTOR ( 'NONE', #259, 1000.000000000000000 ) ;
#1335 = VECTOR ( 'NONE', #1283, 1000.000000000000000 ) ;
#1336 = VECTOR ( 'NONE', #952, 1000.000000000000000 ) ;
#1337 = VECTOR ( 'NONE', #161, 1000.000000000000114 ) ;
#1338 = EDGE_CURVE ( 'NONE', #488, #60, #1401, .T. ) ;
#1339 = LINE ( 'NONE', #869, #1181 ) ;
#1340 = ADVANCED_FACE ( 'NONE', ( #56 ), #708, .F. ) ;
#1341 = DIRECTION ( 'NONE',  ( 0.5773502691896257311, 0.5773502691896258421, 0.5773502691896257311 ) ) ;
#1342 = SURFACE_STYLE_USAGE ( .BOTH. , #88 ) ;
#1343 = DIRECTION ( 'NONE',  ( 1.000000000000000000, 0.0000000000000000000, 0.0000000000000000000 ) ) ;
#1344 = CARTESIAN_POINT ( 'NONE',  ( 1.270000000000062634, -0.9449999880790626028, 0.3000000119210000094 ) ) ;
#1345 = SURFACE_STYLE_FILL_AREA ( #895 ) ;
#1346 = ADVANCED_FACE ( 'NONE', ( #44 ), #957, .T. ) ;
#1347 = SURFACE_STYLE_USAGE ( .BOTH. , #874 ) ;
#1348 = ORIENTED_EDGE ( 'NONE', *, *, #603, .T. ) ;
#1349 = FILL_AREA_STYLE_COLOUR ( '', #348 ) ;
#1350 = SURFACE_STYLE_USAGE ( .BOTH. , #352 ) ;
#1351 = PRESENTATION_STYLE_ASSIGNMENT (( #668 ) ) ;
#1352 = DIRECTION ( 'NONE',  ( 1.000000000000000000, 0.0000000000000000000, 0.0000000000000000000 ) ) ;
#1353 = ORIENTED_EDGE ( 'NONE', *, *, #1330, .F. ) ;
#1354 = EDGE_CURVE ( 'NONE', #1183, #615, #506, .T. ) ;
#1355 = DIRECTION ( 'NONE',  ( 0.0000000000000000000, -0.0000000000000000000, 1.000000000000000000 ) ) ;
#1356 = VECTOR ( 'NONE', #1408, 1000.000000000000000 ) ;
#1357 = AXIS2_PLACEMENT_3D ( 'NONE', #297, #73, #878 ) ;
#1358 =( GEOMETRIC_REPRESENTATION_CONTEXT ( 3 ) GLOBAL_UNCERTAINTY_ASSIGNED_CONTEXT ( ( #72 ) ) GLOBAL_UNIT_ASSIGNED_CONTEXT ( ( #327, #1218, #892 ) ) REPRESENTATION_CONTEXT ( 'NONE', 'WORKASPACE' ) );
#1359 = ORIENTED_EDGE ( 'NONE', *, *, #1234, .F. ) ;
#1360 = COLOUR_RGB ( '',1.000000000000000000, 1.000000000000000000, 0.4980392156862745168 ) ;
#1361 = DIRECTION ( 'NONE',  ( 0.0000000000000000000, 0.0000000000000000000, 1.000000000000000000 ) ) ;
#1362 = DIRECTION ( 'NONE',  ( 0.0000000000000000000, 0.0000000000000000000, 1.000000000000000000 ) ) ;
#1363 = LINE ( 'NONE', #1273, #1428 ) ;
#1364 = ORIENTED_EDGE ( 'NONE', *, *, #1144, .F. ) ;
#1365 = DIRECTION ( 'NONE',  ( 0.0000000000000000000, 0.0000000000000000000, 1.000000000000000000 ) ) ;
#1366 = PRESENTATION_LAYER_ASSIGNMENT (  '', '', ( #1009 ) ) ;
#1367 = EDGE_LOOP ( 'NONE', ( #223, #863, #1410, #684, #602 ) ) ;
#1368 = DIRECTION ( 'NONE',  ( 1.000000000000000000, 0.0000000000000000000, 0.0000000000000000000 ) ) ;
#1369 = FILL_AREA_STYLE_COLOUR ( '', #1455 ) ;
#1370 = CARTESIAN_POINT ( 'NONE',  ( 1.119999994040000058, -1.094999994039999924, 0.0000000000000000000 ) ) ;
#1371 = PLANE ( 'NONE',  #210 ) ;
#1372 = CARTESIAN_POINT ( 'NONE',  ( -1.270000000000000018, 1.245000000000000329, 0.0000000000000000000 ) ) ;
#1373 = DIRECTION ( 'NONE',  ( -0.0000000000000000000, -0.0000000000000000000, -1.000000000000000000 ) ) ;
#1374 = EDGE_CURVE ( 'NONE', #1286, #134, #495, .T. ) ;
#1375 = ORIENTED_EDGE ( 'NONE', *, *, #132, .F. ) ;
#1376 = DIRECTION ( 'NONE',  ( -0.0000000000000000000, 1.000000000000000000, 0.0000000000000000000 ) ) ;
#1377 =( LENGTH_UNIT ( ) NAMED_UNIT ( * ) SI_UNIT ( .MILLI., .METRE. ) );
#1378 = CARTESIAN_POINT ( 'NONE',  ( -0.1199999970200000127, -0.1199999970199999294, -3.000000000000000000 ) ) ;
#1379 =( NAMED_UNIT ( * ) PLANE_ANGLE_UNIT ( ) SI_UNIT ( $, .RADIAN. ) );
#1380 = CARTESIAN_POINT ( 'NONE',  ( -1.119999994040000058, -1.094999994039999924, 2.289999961853000698 ) ) ;
#1381 = SURFACE_STYLE_USAGE ( .BOTH. , #579 ) ;
#1382 = APPLICATION_CONTEXT ( 'automotive_design' ) ;
#1383 = COLOUR_RGB ( '',0.09411764705882352811, 0.09411764705882352811, 0.09411764705882352811 ) ;
#1384 = VERTEX_POINT ( 'NONE', #1191 ) ;
#1385 = DIRECTION ( 'NONE',  ( 1.000000000000000000, 0.0000000000000000000, 0.0000000000000000000 ) ) ;
#1386 = EDGE_CURVE ( 'NONE', #339, #409, #595, .T. ) ;
#1387 = VECTOR ( 'NONE', #434, 1000.000000000000000 ) ;
#1388 = FACE_OUTER_BOUND ( 'NONE', #778, .T. ) ;
#1389 = CARTESIAN_POINT ( 'NONE',  ( -0.3200000000000000067, 0.3199999999999998401, -2.799999997020000020 ) ) ;
#1390 = LINE ( 'NONE', #252, #518 ) ;
#1391 = ORIENTED_EDGE ( 'NONE', *, *, #398, .F. ) ;
#1392 = LINE ( 'NONE', #385, #1335 ) ;
#1393 = EDGE_CURVE ( 'NONE', #214, #401, #1282, .T. ) ;
#1394 = CARTESIAN_POINT ( 'NONE',  ( -0.3200000000000000067, -0.3200000000000000067, -3.000000000000000000 ) ) ;
#1395 = PLANE ( 'NONE',  #287 ) ;
#1396 = ORIENTED_EDGE ( 'NONE', *, *, #319, .T. ) ;
#1397 = FILL_AREA_STYLE ('',( #370 ) ) ;
#1398 = EDGE_LOOP ( 'NONE', ( #351, #849, #1082, #451 ) ) ;
#1399 = DIRECTION ( 'NONE',  ( 0.0000000000000000000, 0.0000000000000000000, 1.000000000000000000 ) ) ;
#1400 = SHAPE_REPRESENTATION ( 'BodyArray', ( #124 ), #272 ) ;
#1401 = LINE ( 'NONE', #1184, #1055 ) ;
#1402 = FILL_AREA_STYLE_COLOUR ( '', #89 ) ;
#1403 = PRODUCT_RELATED_PRODUCT_CATEGORY ( 'part', '', ( #241 ) ) ;
#1404 = LINE ( 'NONE', #491, #670 ) ;
#1405 = ORIENTED_EDGE ( 'NONE', *, *, #1197, .F. ) ;
#1406 = COLOUR_RGB ( '',0.09411764705882352811, 0.09411764705882352811, 0.09411764705882352811 ) ;
#1407 = DIRECTION ( 'NONE',  ( 1.000000000000000000, 0.0000000000000000000, -0.0000000000000000000 ) ) ;
#1408 = DIRECTION ( 'NONE',  ( -0.0000000000000000000, 1.000000000000000000, 0.0000000000000000000 ) ) ;
#1409 = DIRECTION ( 'NONE',  ( -1.000000000000000000, 0.0000000000000000000, -0.0000000000000000000 ) ) ;
#1410 = ORIENTED_EDGE ( 'NONE', *, *, #548, .T. ) ;
#1411 = ORIENTED_EDGE ( 'NONE', *, *, #1354, .F. ) ;
#1412 = ADVANCED_BREP_SHAPE_REPRESENTATION ( '', ( #203, #124 ), #381 ) ;
#1413 =( NAMED_UNIT ( * ) PLANE_ANGLE_UNIT ( ) SI_UNIT ( $, .RADIAN. ) );
#1414 = FILL_AREA_STYLE ('',( #164 ) ) ;
#1415 = PRESENTATION_STYLE_ASSIGNMENT (( #1285 ) ) ;
#1416 = CARTESIAN_POINT ( 'NONE',  ( -0.9699999880792500306, 1.245000000000250129, 2.289999961853000698 ) ) ;
#1417 = ORIENTED_EDGE ( 'NONE', *, *, #1287, .F. ) ;
#1418 = EDGE_LOOP ( 'NONE', ( #528, #706, #606, #835 ) ) ;
#1419 = ORIENTED_EDGE ( 'NONE', *, *, #850, .T. ) ;
#1420 = FILL_AREA_STYLE ('',( #229 ) ) ;
#1421 =( NAMED_UNIT ( * ) PLANE_ANGLE_UNIT ( ) SI_UNIT ( $, .RADIAN. ) );
#1422 = LINE ( 'NONE', #166, #67 ) ;
#1423 = DIRECTION ( 'NONE',  ( -0.0000000000000000000, 0.0000000000000000000, -1.000000000000000000 ) ) ;
#1424 = EDGE_LOOP ( 'NONE', ( #897, #1163, #218, #591 ) ) ;
#1425 = VECTOR ( 'NONE', #935, 1000.000000000000000 ) ;
#1426 = UNCERTAINTY_MEASURE_WITH_UNIT (LENGTH_MEASURE( 1.000000000000000082E-05 ), #687, 'distance_accuracy_value', 'NONE');
#1427 = DIRECTION ( 'NONE',  ( -0.0000000000000000000, 1.000000000000000000, 0.0000000000000000000 ) ) ;
#1428 = VECTOR ( 'NONE', #5, 1000.000000000000114 ) ;
#1429 = EDGE_CURVE ( 'NONE', #417, #1174, #717, .T. ) ;
#1430 = MECHANICAL_DESIGN_GEOMETRIC_PRESENTATION_REPRESENTATION (  '', ( #986 ), #486 ) ;
#1431 = STYLED_ITEM ( 'NONE', ( #1045 ), #290 ) ;
#1432 = MECHANICAL_DESIGN_GEOMETRIC_PRESENTATION_REPRESENTATION (  '', ( #599 ), #208 ) ;
#1433 = FACE_OUTER_BOUND ( 'NONE', #479, .T. ) ;
#1434 = EDGE_LOOP ( 'NONE', ( #2, #854, #292, #162 ) ) ;
#1435 = CARTESIAN_POINT ( 'NONE',  ( -0.3199999999999999512, 0.3199999999999999512, 2.289999961853000254 ) ) ;
#1436 =( LENGTH_UNIT ( ) NAMED_UNIT ( * ) SI_UNIT ( .MILLI., .METRE. ) );
#1437 = DIRECTION ( 'NONE',  ( 0.0000000000000000000, -0.7071067811865475727, 0.7071067811865475727 ) ) ;
#1438 = PLANE ( 'NONE',  #1117 ) ;
#1439 = EDGE_CURVE ( 'NONE', #170, #54, #856, .T. ) ;
#1440 = PRESENTATION_STYLE_ASSIGNMENT (( #1347 ) ) ;
#1441 =( GEOMETRIC_REPRESENTATION_CONTEXT ( 3 ) GLOBAL_UNCERTAINTY_ASSIGNED_CONTEXT ( ( #1124 ) ) GLOBAL_UNIT_ASSIGNED_CONTEXT ( ( #1436, #309, #101 ) ) REPRESENTATION_CONTEXT ( 'NONE', 'WORKASPACE' ) );
#1442 = ORIENTED_EDGE ( 'NONE', *, *, #398, .T. ) ;
#1443 = SURFACE_STYLE_FILL_AREA ( #996 ) ;
#1444 = CARTESIAN_POINT ( 'NONE',  ( -1.270000000000125251, 0.9449999880791249973, 0.0000000000000000000 ) ) ;
#1445 = EDGE_CURVE ( 'NONE', #401, #1243, #1339, .T. ) ;
#1446 = CARTESIAN_POINT ( 'NONE',  ( 1.270000000000124807, -0.9449999880791251083, 0.0000000000000000000 ) ) ;
#1447 = DIRECTION ( 'NONE',  ( 0.0000000000000000000, -0.0000000000000000000, 1.000000000000000000 ) ) ;
#1448 = FILL_AREA_STYLE_COLOUR ( '', #18 ) ;
#1449 = PRESENTATION_LAYER_ASSIGNMENT (  '', '', ( #620 ) ) ;
#1450 = PRESENTATION_LAYER_ASSIGNMENT (  '', '', ( #373 ) ) ;
#1451 =( GEOMETRIC_REPRESENTATION_CONTEXT ( 3 ) GLOBAL_UNCERTAINTY_ASSIGNED_CONTEXT ( ( #295 ) ) GLOBAL_UNIT_ASSIGNED_CONTEXT ( ( #1073, #1413, #37 ) ) REPRESENTATION_CONTEXT ( 'NONE', 'WORKASPACE' ) );
#1452 = DIRECTION ( 'NONE',  ( 1.000000000000000000, 0.0000000000000000000, -0.0000000000000000000 ) ) ;
#1453 = VECTOR ( 'NONE', #360, 1000.000000000000000 ) ;
#1454 = COLOUR_RGB ( '',1.000000000000000000, 1.000000000000000000, 0.4980392156862745168 ) ;
#1455 = COLOUR_RGB ( '',1.000000000000000000, 1.000000000000000000, 0.4980392156862745168 ) ;
#1456 = EDGE_CURVE ( 'NONE', #1384, #1267, #995, .T. ) ;
#1457 = DIRECTION ( 'NONE',  ( 1.000000000000000000, 0.0000000000000000000, 0.0000000000000000000 ) ) ;
#1458 = UNCERTAINTY_MEASURE_WITH_UNIT (LENGTH_MEASURE( 1.000000000000000082E-05 ), #1085, 'distance_accuracy_value', 'NONE');
#1459 = SURFACE_STYLE_USAGE ( .BOTH. , #641 ) ;
#1460 = CARTESIAN_POINT ( 'NONE',  ( 1.270000000000125473, 0.9449999880791247753, 0.0000000000000000000 ) ) ;
#1461 = CARTESIAN_POINT ( 'NONE',  ( 0.1199999970199998184, -0.1199999970200002208, 8.539999961853000698 ) ) ;
#1462 = AXIS2_PLACEMENT_3D ( 'NONE', #893, #109, #1343 ) ;
#1463 = ORIENTED_EDGE ( 'NONE', *, *, #1144, .T. ) ;
#1464 = ADVANCED_FACE ( 'NONE', ( #86 ), #654, .T. ) ;
#1465 = CARTESIAN_POINT ( 'NONE',  ( -1.270000000000000018, -1.245000000000000329, 2.289999961853000254 ) ) ;
#1466 = ORIENTED_EDGE ( 'NONE', *, *, #1393, .F. ) ;
#1467 = CARTESIAN_POINT ( 'NONE',  ( 0.0000000000000000000, 0.0000000000000000000, 0.0000000000000000000 ) ) ;
#1468 = UNCERTAINTY_MEASURE_WITH_UNIT (LENGTH_MEASURE( 1.000000000000000082E-05 ), #452, 'distance_accuracy_value', 'NONE');
#1469 = LINE ( 'NONE', #344, #143 ) ;
#1470 =( GEOMETRIC_REPRESENTATION_CONTEXT ( 3 ) GLOBAL_UNCERTAINTY_ASSIGNED_CONTEXT ( ( #191 ) ) GLOBAL_UNIT_ASSIGNED_CONTEXT ( ( #1269, #701, #817 ) ) REPRESENTATION_CONTEXT ( 'NONE', 'WORKASPACE' ) );
#1471 = VECTOR ( 'NONE', #454, 999.9999999999998863 ) ;
#1472 =( GEOMETRIC_REPRESENTATION_CONTEXT ( 3 ) GLOBAL_UNCERTAINTY_ASSIGNED_CONTEXT ( ( #1426 ) ) GLOBAL_UNIT_ASSIGNED_CONTEXT ( ( #687, #1379, #1166 ) ) REPRESENTATION_CONTEXT ( 'NONE', 'WORKASPACE' ) );
#1473 = MECHANICAL_DESIGN_GEOMETRIC_PRESENTATION_REPRESENTATION (  '', ( #93 ), #646 ) ;
#1474 = VERTEX_POINT ( 'NONE', #1446 ) ;
#1475 =( LENGTH_UNIT ( ) NAMED_UNIT ( * ) SI_UNIT ( .MILLI., .METRE. ) );
#1476 = FACE_OUTER_BOUND ( 'NONE', #969, .T. ) ;
#1477 = STYLED_ITEM ( 'NONE', ( #466 ), #478 ) ;
#1478 = ORIENTED_EDGE ( 'NONE', *, *, #319, .F. ) ;
#1479 =( LENGTH_UNIT ( ) NAMED_UNIT ( * ) SI_UNIT ( .MILLI., .METRE. ) );
#1480 =( LENGTH_UNIT ( ) NAMED_UNIT ( * ) SI_UNIT ( .MILLI., .METRE. ) );
#1481 = LINE ( 'NONE', #353, #625 ) ;
#1482 = CARTESIAN_POINT ( 'NONE',  ( 0.2199999985099999888, 0.3200000000000000067, 8.439999960363001819 ) ) ;
#1483 = NEXT_ASSEMBLY_USAGE_OCCURRENCE ( 'NAUO1', ' ', ' ', #944, #376, $ ) ;
#1484 = NEXT_ASSEMBLY_USAGE_OCCURRENCE ( 'NAUO2', ' ', ' ', #944, #322, $ ) ;
ENDSEC;
END-ISO-10303-21;
