ISO-10303-21;
HEADER;
FILE_DESCRIPTION( ( 'Unknown' ), '1' );
FILE_NAME( 'C:/Users/alban.klein/Documents/0-CAD-3D 2D/Fait/6911027100xx/Construction_data/6911027100xx/691102710002/691102710002.stp', 'Unknown', ( 'Unknown' ), ( 'Unknown' ), 'PSStep 18.0.17', 'Unknown', '  ' );
FILE_SCHEMA( ( 'AUTOMOTIVE_DESIGN { 1 0 10303 214 1 1 1 1 }' ) );
ENDSEC;
DATA;
#1 = PRODUCT_DEFINITION_CONTEXT( '', #29, 'design' );
#2 = APPLICATION_PROTOCOL_DEFINITION( 'international standard', 'automotive_design', 2001, #29 );
#3 = PRODUCT_CATEGORY_RELATIONSHIP( 'NONE', 'NONE', #30, #31 );
#4 = SHAPE_DEFINITION_REPRESENTATION( #32, #33 );
#5 = PRODUCT_CATEGORY_RELATIONSHIP( 'NONE', 'NONE', #30, #34 );
#6 = CONTEXT_DEPENDENT_SHAPE_REPRESENTATION( #35, #36 );
#7 = SHAPE_DEFINITION_REPRESENTATION( #37, #38 );
#8 = SHAPE_REPRESENTATION_RELATIONSHIP( 'NONE', 'NONE', #38, #39 );
#9 = PRODUCT_CATEGORY_RELATIONSHIP( 'NONE', 'NONE', #30, #40 );
#10 = CONTEXT_DEPENDENT_SHAPE_REPRESENTATION( #41, #42 );
#11 = SHAPE_DEFINITION_REPRESENTATION( #43, #44 );
#12 = SHAPE_REPRESENTATION_RELATIONSHIP( 'NONE', 'NONE', #44, #45 );
#13 = CONTEXT_DEPENDENT_SHAPE_REPRESENTATION( #46, #47 );
#14 = PRODUCT_CATEGORY_RELATIONSHIP( 'NONE', 'NONE', #30, #48 );
#15 = CONTEXT_DEPENDENT_SHAPE_REPRESENTATION( #49, #50 );
#16 = SHAPE_DEFINITION_REPRESENTATION( #51, #52 );
#17 = SHAPE_REPRESENTATION_RELATIONSHIP( 'NONE', 'NONE', #52, #53 );
#18 = CONTEXT_DEPENDENT_SHAPE_REPRESENTATION( #54, #55 );
#19 = PRODUCT_CATEGORY_RELATIONSHIP( 'NONE', 'NONE', #30, #56 );
#20 = CONTEXT_DEPENDENT_SHAPE_REPRESENTATION( #57, #58 );
#21 = SHAPE_DEFINITION_REPRESENTATION( #59, #60 );
#22 = SHAPE_REPRESENTATION_RELATIONSHIP( 'NONE', 'NONE', #60, #61 );
#23 = CONTEXT_DEPENDENT_SHAPE_REPRESENTATION( #62, #63 );
#24 = MECHANICAL_DESIGN_GEOMETRIC_PRESENTATION_REPRESENTATION( ' ', ( #64, #65, #66, #67, #68, #69, #70, #71, #72, #73, #74, #75, #76, #77, #78, #79, #80, #81, #82, #83, #84, #85, #86, #87, #88, #89, #90, #91, #92, #93, #94, #95, #96, #97, #98, #99, #100, #101, #102, #103, #104, #105, #106, #107, #108, #109, #110, #111, #112, #113, #114, #115, #116, #117, #118, #119, #120, #121, #122, #123, #124, #125, #126, #127, #128, #129, #130, #131, #132, #133, #134, #135, #136, #137, #138, #139, #140, #141, #142, #143, #144, #145, #146, #147, #148, #149, #150, #151, #152, #153, #154, #155, #156, #157, #158, #159, #160, #161, #162, #163, #164, #165, #166, #167, #168, #169, #170, #171, #172, #173, #174, #175, #176, #177, #178, #179, #180, #181, #182, #183, #184, #185, #186, #187, #188, #189, #190, #191, #192, #193, #194 ), #25 );
#25 =  ( GEOMETRIC_REPRESENTATION_CONTEXT( 3 )GLOBAL_UNCERTAINTY_ASSIGNED_CONTEXT( ( #197 ) )GLOBAL_UNIT_ASSIGNED_CONTEXT( ( #199, #200, #201 ) )REPRESENTATION_CONTEXT( 'NONE', 'WORKSPACE' ) );
#29 = APPLICATION_CONTEXT( 'core data for automotive mechanical design processes' );
#30 = PRODUCT_CATEGORY( 'part', 'NONE' );
#31 = PRODUCT_RELATED_PRODUCT_CATEGORY( 'detail', ' ', ( #203 ) );
#32 = PRODUCT_DEFINITION_SHAPE( 'NONE', 'NONE', #204 );
#33 = SHAPE_REPRESENTATION( 'Assem1', ( #205, #206, #207, #208, #209, #210, #211, #212 ), #213 );
#34 = PRODUCT_RELATED_PRODUCT_CATEGORY( 'detail', ' ', ( #214 ) );
#35 = ( REPRESENTATION_RELATIONSHIP( '', '', #38, #33 )REPRESENTATION_RELATIONSHIP_WITH_TRANSFORMATION( #217 )SHAPE_REPRESENTATION_RELATIONSHIP(  ) );
#36 = PRODUCT_DEFINITION_SHAPE( 'NAUO-PROD-DEF', 'NAUO-PROD-DEF', #219 );
#37 = PRODUCT_DEFINITION_SHAPE( 'NONE', 'NONE', #220 );
#38 = SHAPE_REPRESENTATION( '691502710002', ( #205 ), #213 );
#39 = ADVANCED_BREP_SHAPE_REPRESENTATION( '691502710002', ( #221 ), #25 );
#40 = PRODUCT_RELATED_PRODUCT_CATEGORY( 'detail', ' ', ( #222 ) );
#41 = ( REPRESENTATION_RELATIONSHIP( '', '', #44, #33 )REPRESENTATION_RELATIONSHIP_WITH_TRANSFORMATION( #225 )SHAPE_REPRESENTATION_RELATIONSHIP(  ) );
#42 = PRODUCT_DEFINITION_SHAPE( 'NAUO-PROD-DEF', 'NAUO-PROD-DEF', #227 );
#43 = PRODUCT_DEFINITION_SHAPE( 'NONE', 'NONE', #228 );
#44 = SHAPE_REPRESENTATION( '6911027100xx_CAGE', ( #205 ), #213 );
#45 = ADVANCED_BREP_SHAPE_REPRESENTATION( '6911027100xx_CAGE', ( #229 ), #25 );
#46 = ( REPRESENTATION_RELATIONSHIP( '', '', #44, #33 )REPRESENTATION_RELATIONSHIP_WITH_TRANSFORMATION( #232 )SHAPE_REPRESENTATION_RELATIONSHIP(  ) );
#47 = PRODUCT_DEFINITION_SHAPE( 'NAUO-PROD-DEF', 'NAUO-PROD-DEF', #234 );
#48 = PRODUCT_RELATED_PRODUCT_CATEGORY( 'detail', ' ', ( #235 ) );
#49 = ( REPRESENTATION_RELATIONSHIP( '', '', #52, #33 )REPRESENTATION_RELATIONSHIP_WITH_TRANSFORMATION( #238 )SHAPE_REPRESENTATION_RELATIONSHIP(  ) );
#50 = PRODUCT_DEFINITION_SHAPE( 'NAUO-PROD-DEF', 'NAUO-PROD-DEF', #240 );
#51 = PRODUCT_DEFINITION_SHAPE( 'NONE', 'NONE', #241 );
#52 = SHAPE_REPRESENTATION( '6911027100xx_PIN', ( #205 ), #213 );
#53 = ADVANCED_BREP_SHAPE_REPRESENTATION( '6911027100xx_PIN', ( #242 ), #25 );
#54 = ( REPRESENTATION_RELATIONSHIP( '', '', #52, #33 )REPRESENTATION_RELATIONSHIP_WITH_TRANSFORMATION( #245 )SHAPE_REPRESENTATION_RELATIONSHIP(  ) );
#55 = PRODUCT_DEFINITION_SHAPE( 'NAUO-PROD-DEF', 'NAUO-PROD-DEF', #247 );
#56 = PRODUCT_RELATED_PRODUCT_CATEGORY( 'detail', ' ', ( #248 ) );
#57 = ( REPRESENTATION_RELATIONSHIP( '', '', #60, #33 )REPRESENTATION_RELATIONSHIP_WITH_TRANSFORMATION( #251 )SHAPE_REPRESENTATION_RELATIONSHIP(  ) );
#58 = PRODUCT_DEFINITION_SHAPE( 'NAUO-PROD-DEF', 'NAUO-PROD-DEF', #253 );
#59 = PRODUCT_DEFINITION_SHAPE( 'NONE', 'NONE', #254 );
#60 = SHAPE_REPRESENTATION( '6911027100xx_VIS', ( #205 ), #213 );
#61 = ADVANCED_BREP_SHAPE_REPRESENTATION( '6911027100xx_VIS', ( #255 ), #25 );
#62 = ( REPRESENTATION_RELATIONSHIP( '', '', #60, #33 )REPRESENTATION_RELATIONSHIP_WITH_TRANSFORMATION( #258 )SHAPE_REPRESENTATION_RELATIONSHIP(  ) );
#63 = PRODUCT_DEFINITION_SHAPE( 'NAUO-PROD-DEF', 'NAUO-PROD-DEF', #260 );
#64 = STYLED_ITEM( '', ( #261 ), #262 );
#65 = STYLED_ITEM( '', ( #263 ), #264 );
#66 = STYLED_ITEM( '', ( #265 ), #266 );
#67 = STYLED_ITEM( '', ( #267 ), #268 );
#68 = STYLED_ITEM( '', ( #269 ), #270 );
#69 = STYLED_ITEM( '', ( #271 ), #272 );
#70 = STYLED_ITEM( '', ( #273 ), #274 );
#71 = STYLED_ITEM( '', ( #275 ), #276 );
#72 = STYLED_ITEM( '', ( #277 ), #278 );
#73 = STYLED_ITEM( '', ( #279 ), #280 );
#74 = STYLED_ITEM( '', ( #281 ), #282 );
#75 = STYLED_ITEM( '', ( #283 ), #284 );
#76 = STYLED_ITEM( '', ( #285 ), #286 );
#77 = STYLED_ITEM( '', ( #287 ), #288 );
#78 = STYLED_ITEM( '', ( #289 ), #290 );
#79 = STYLED_ITEM( '', ( #291 ), #292 );
#80 = STYLED_ITEM( '', ( #293 ), #294 );
#81 = STYLED_ITEM( '', ( #295 ), #296 );
#82 = STYLED_ITEM( '', ( #297 ), #298 );
#83 = STYLED_ITEM( '', ( #299 ), #300 );
#84 = STYLED_ITEM( '', ( #301 ), #302 );
#85 = STYLED_ITEM( '', ( #303 ), #304 );
#86 = STYLED_ITEM( '', ( #305 ), #306 );
#87 = STYLED_ITEM( '', ( #307 ), #308 );
#88 = STYLED_ITEM( '', ( #309 ), #310 );
#89 = STYLED_ITEM( '', ( #311 ), #312 );
#90 = STYLED_ITEM( '', ( #313 ), #314 );
#91 = STYLED_ITEM( '', ( #315 ), #316 );
#92 = STYLED_ITEM( '', ( #317 ), #318 );
#93 = STYLED_ITEM( '', ( #319 ), #320 );
#94 = STYLED_ITEM( '', ( #321 ), #322 );
#95 = STYLED_ITEM( '', ( #323 ), #324 );
#96 = STYLED_ITEM( '', ( #325 ), #326 );
#97 = STYLED_ITEM( '', ( #327 ), #328 );
#98 = STYLED_ITEM( '', ( #329 ), #330 );
#99 = STYLED_ITEM( '', ( #331 ), #332 );
#100 = STYLED_ITEM( '', ( #333 ), #334 );
#101 = STYLED_ITEM( '', ( #335 ), #336 );
#102 = STYLED_ITEM( '', ( #337 ), #338 );
#103 = STYLED_ITEM( '', ( #339 ), #340 );
#104 = STYLED_ITEM( '', ( #341 ), #342 );
#105 = STYLED_ITEM( '', ( #343 ), #344 );
#106 = STYLED_ITEM( '', ( #345 ), #346 );
#107 = STYLED_ITEM( '', ( #347 ), #348 );
#108 = STYLED_ITEM( '', ( #349 ), #350 );
#109 = STYLED_ITEM( '', ( #351 ), #352 );
#110 = STYLED_ITEM( '', ( #353 ), #354 );
#111 = STYLED_ITEM( '', ( #355 ), #356 );
#112 = STYLED_ITEM( '', ( #357 ), #358 );
#113 = STYLED_ITEM( '', ( #359 ), #360 );
#114 = STYLED_ITEM( '', ( #361 ), #362 );
#115 = STYLED_ITEM( '', ( #363 ), #364 );
#116 = STYLED_ITEM( '', ( #365 ), #366 );
#117 = STYLED_ITEM( '', ( #367 ), #368 );
#118 = STYLED_ITEM( '', ( #369 ), #370 );
#119 = STYLED_ITEM( '', ( #371 ), #372 );
#120 = STYLED_ITEM( '', ( #373 ), #374 );
#121 = STYLED_ITEM( '', ( #375 ), #376 );
#122 = STYLED_ITEM( '', ( #377 ), #378 );
#123 = STYLED_ITEM( '', ( #379 ), #380 );
#124 = STYLED_ITEM( '', ( #381 ), #382 );
#125 = STYLED_ITEM( '', ( #383 ), #384 );
#126 = STYLED_ITEM( '', ( #385 ), #386 );
#127 = STYLED_ITEM( '', ( #387 ), #388 );
#128 = STYLED_ITEM( '', ( #389 ), #390 );
#129 = STYLED_ITEM( '', ( #391 ), #392 );
#130 = STYLED_ITEM( '', ( #393 ), #394 );
#131 = STYLED_ITEM( '', ( #395 ), #396 );
#132 = STYLED_ITEM( '', ( #397 ), #398 );
#133 = STYLED_ITEM( '', ( #399 ), #400 );
#134 = STYLED_ITEM( '', ( #401 ), #402 );
#135 = STYLED_ITEM( '', ( #403 ), #404 );
#136 = STYLED_ITEM( '', ( #405 ), #406 );
#137 = STYLED_ITEM( '', ( #407 ), #408 );
#138 = STYLED_ITEM( '', ( #409 ), #410 );
#139 = STYLED_ITEM( '', ( #411 ), #412 );
#140 = STYLED_ITEM( '', ( #413 ), #414 );
#141 = STYLED_ITEM( '', ( #415 ), #416 );
#142 = STYLED_ITEM( '', ( #417 ), #418 );
#143 = STYLED_ITEM( '', ( #419 ), #420 );
#144 = STYLED_ITEM( '', ( #421 ), #422 );
#145 = STYLED_ITEM( '', ( #423 ), #424 );
#146 = STYLED_ITEM( '', ( #425 ), #426 );
#147 = STYLED_ITEM( '', ( #427 ), #428 );
#148 = STYLED_ITEM( '', ( #429 ), #430 );
#149 = STYLED_ITEM( '', ( #431 ), #432 );
#150 = STYLED_ITEM( '', ( #433 ), #434 );
#151 = STYLED_ITEM( '', ( #435 ), #436 );
#152 = STYLED_ITEM( '', ( #437 ), #438 );
#153 = STYLED_ITEM( '', ( #439 ), #440 );
#154 = STYLED_ITEM( '', ( #441 ), #442 );
#155 = STYLED_ITEM( '', ( #443 ), #444 );
#156 = STYLED_ITEM( '', ( #445 ), #446 );
#157 = STYLED_ITEM( '', ( #447 ), #448 );
#158 = STYLED_ITEM( '', ( #449 ), #450 );
#159 = STYLED_ITEM( '', ( #451 ), #452 );
#160 = STYLED_ITEM( '', ( #453 ), #454 );
#161 = STYLED_ITEM( '', ( #455 ), #456 );
#162 = STYLED_ITEM( '', ( #457 ), #458 );
#163 = STYLED_ITEM( '', ( #459 ), #460 );
#164 = STYLED_ITEM( '', ( #461 ), #462 );
#165 = STYLED_ITEM( '', ( #463 ), #464 );
#166 = STYLED_ITEM( '', ( #465 ), #466 );
#167 = STYLED_ITEM( '', ( #467 ), #468 );
#168 = STYLED_ITEM( '', ( #469 ), #470 );
#169 = STYLED_ITEM( '', ( #471 ), #472 );
#170 = STYLED_ITEM( '', ( #473 ), #474 );
#171 = STYLED_ITEM( '', ( #475 ), #476 );
#172 = STYLED_ITEM( '', ( #477 ), #478 );
#173 = STYLED_ITEM( '', ( #479 ), #480 );
#174 = STYLED_ITEM( '', ( #481 ), #482 );
#175 = STYLED_ITEM( '', ( #483 ), #484 );
#176 = STYLED_ITEM( '', ( #485 ), #486 );
#177 = STYLED_ITEM( '', ( #487 ), #488 );
#178 = STYLED_ITEM( '', ( #489 ), #490 );
#179 = STYLED_ITEM( '', ( #491 ), #492 );
#180 = STYLED_ITEM( '', ( #493 ), #494 );
#181 = STYLED_ITEM( '', ( #495 ), #496 );
#182 = STYLED_ITEM( '', ( #497 ), #498 );
#183 = STYLED_ITEM( '', ( #499 ), #500 );
#184 = STYLED_ITEM( '', ( #501 ), #502 );
#185 = STYLED_ITEM( '', ( #503 ), #504 );
#186 = STYLED_ITEM( '', ( #505 ), #506 );
#187 = STYLED_ITEM( '', ( #507 ), #508 );
#188 = STYLED_ITEM( '', ( #509 ), #510 );
#189 = STYLED_ITEM( '', ( #511 ), #512 );
#190 = STYLED_ITEM( '', ( #513 ), #514 );
#191 = STYLED_ITEM( '', ( #515 ), #516 );
#192 = STYLED_ITEM( '', ( #517 ), #518 );
#193 = STYLED_ITEM( '', ( #519 ), #520 );
#194 = STYLED_ITEM( '', ( #521 ), #522 );
#197 = UNCERTAINTY_MEASURE_WITH_UNIT( LENGTH_MEASURE( 0.00100000000000000 ), #199, '', '' );
#199 =  ( CONVERSION_BASED_UNIT( 'MILLIMETRE', #525 )LENGTH_UNIT(  )NAMED_UNIT( #528 ) );
#200 =  ( NAMED_UNIT( #530 )PLANE_ANGLE_UNIT(  )SI_UNIT( $, .RADIAN. ) );
#201 =  ( NAMED_UNIT( #530 )SI_UNIT( $, .STERADIAN. )SOLID_ANGLE_UNIT(  ) );
#203 = PRODUCT( 'Assem1', 'Assem1', 'PART-Assem1-DESC', ( #536 ) );
#204 = PRODUCT_DEFINITION( 'NONE', 'NONE', #537, #1 );
#205 = AXIS2_PLACEMENT_3D( '', #538, #539, #540 );
#206 = AXIS2_PLACEMENT_3D( '', #541, #542, #543 );
#207 = AXIS2_PLACEMENT_3D( '', #544, #545, #546 );
#208 = AXIS2_PLACEMENT_3D( '', #547, #548, #549 );
#209 = AXIS2_PLACEMENT_3D( '', #550, #551, #552 );
#210 = AXIS2_PLACEMENT_3D( '', #553, #554, #555 );
#211 = AXIS2_PLACEMENT_3D( '', #556, #557, #558 );
#212 = AXIS2_PLACEMENT_3D( '', #559, #560, #561 );
#213 =  ( GEOMETRIC_REPRESENTATION_CONTEXT( 3 )GLOBAL_UNCERTAINTY_ASSIGNED_CONTEXT( ( #564 ) )GLOBAL_UNIT_ASSIGNED_CONTEXT( ( #566, #567, #568 ) )REPRESENTATION_CONTEXT( 'NONE', 'WORKSPACE' ) );
#214 = PRODUCT( '691502710002', '691502710002', 'PART-691502710002-DESC', ( #536 ) );
#217 = ITEM_DEFINED_TRANSFORMATION( '', '', #205, #206 );
#219 = NEXT_ASSEMBLY_USAGE_OCCURRENCE( 'NAUO1', '691502710002', '691502710002', #204, #220, $ );
#220 = PRODUCT_DEFINITION( '691502710002', '691502710002', #570, #1 );
#221 = MANIFOLD_SOLID_BREP( '691502710002', #571 );
#222 = PRODUCT( '6911027100xx_CAGE', '6911027100xx_CAGE', 'PART-6911027100xx_CAGE-DESC', ( #536 ) );
#225 = ITEM_DEFINED_TRANSFORMATION( '', '', #205, #207 );
#227 = NEXT_ASSEMBLY_USAGE_OCCURRENCE( 'NAUO2', '6911027100xx_CAGE', '6911027100xx_CAGE', #204, #228, $ );
#228 = PRODUCT_DEFINITION( '6911027100xx_CAGE', '6911027100xx_CAGE', #572, #1 );
#229 = MANIFOLD_SOLID_BREP( '6911027100xx_CAGE', #573 );
#232 = ITEM_DEFINED_TRANSFORMATION( '', '', #205, #208 );
#234 = NEXT_ASSEMBLY_USAGE_OCCURRENCE( 'NAUO3', '6911027100xx_CAGE', '6911027100xx_CAGE', #204, #228, $ );
#235 = PRODUCT( '6911027100xx_PIN', '6911027100xx_PIN', 'PART-6911027100xx_PIN-DESC', ( #536 ) );
#238 = ITEM_DEFINED_TRANSFORMATION( '', '', #205, #209 );
#240 = NEXT_ASSEMBLY_USAGE_OCCURRENCE( 'NAUO4', '6911027100xx_PIN', '6911027100xx_PIN', #204, #241, $ );
#241 = PRODUCT_DEFINITION( '6911027100xx_PIN', '6911027100xx_PIN', #574, #1 );
#242 = MANIFOLD_SOLID_BREP( '6911027100xx_PIN', #575 );
#245 = ITEM_DEFINED_TRANSFORMATION( '', '', #205, #210 );
#247 = NEXT_ASSEMBLY_USAGE_OCCURRENCE( 'NAUO5', '6911027100xx_PIN', '6911027100xx_PIN', #204, #241, $ );
#248 = PRODUCT( '6911027100xx_VIS', '6911027100xx_VIS', 'PART-6911027100xx_VIS-DESC', ( #536 ) );
#251 = ITEM_DEFINED_TRANSFORMATION( '', '', #205, #211 );
#253 = NEXT_ASSEMBLY_USAGE_OCCURRENCE( 'NAUO6', '6911027100xx_VIS', '6911027100xx_VIS', #204, #254, $ );
#254 = PRODUCT_DEFINITION( '6911027100xx_VIS', '6911027100xx_VIS', #576, #1 );
#255 = MANIFOLD_SOLID_BREP( '6911027100xx_VIS', #577 );
#258 = ITEM_DEFINED_TRANSFORMATION( '', '', #205, #212 );
#260 = NEXT_ASSEMBLY_USAGE_OCCURRENCE( 'NAUO7', '6911027100xx_VIS', '6911027100xx_VIS', #204, #254, $ );
#261 = PRESENTATION_STYLE_ASSIGNMENT( ( #578 ) );
#262 = ADVANCED_FACE( '', ( #579, #580 ), #581, .T. );
#263 = PRESENTATION_STYLE_ASSIGNMENT( ( #582 ) );
#264 = ADVANCED_FACE( '', ( #583, #584 ), #585, .F. );
#265 = PRESENTATION_STYLE_ASSIGNMENT( ( #586 ) );
#266 = ADVANCED_FACE( '', ( #587, #588 ), #589, .T. );
#267 = PRESENTATION_STYLE_ASSIGNMENT( ( #590 ) );
#268 = ADVANCED_FACE( '', ( #591 ), #592, .T. );
#269 = PRESENTATION_STYLE_ASSIGNMENT( ( #593 ) );
#270 = ADVANCED_FACE( '', ( #594 ), #595, .F. );
#271 = PRESENTATION_STYLE_ASSIGNMENT( ( #596 ) );
#272 = ADVANCED_FACE( '', ( #597, #598 ), #599, .T. );
#273 = PRESENTATION_STYLE_ASSIGNMENT( ( #600 ) );
#274 = ADVANCED_FACE( '', ( #601 ), #602, .T. );
#275 = PRESENTATION_STYLE_ASSIGNMENT( ( #603 ) );
#276 = ADVANCED_FACE( '', ( #604 ), #605, .T. );
#277 = PRESENTATION_STYLE_ASSIGNMENT( ( #606 ) );
#278 = ADVANCED_FACE( '', ( #607 ), #608, .F. );
#279 = PRESENTATION_STYLE_ASSIGNMENT( ( #609 ) );
#280 = ADVANCED_FACE( '', ( #610, #611 ), #612, .F. );
#281 = PRESENTATION_STYLE_ASSIGNMENT( ( #613 ) );
#282 = ADVANCED_FACE( '', ( #614 ), #615, .T. );
#283 = PRESENTATION_STYLE_ASSIGNMENT( ( #616 ) );
#284 = ADVANCED_FACE( '', ( #617 ), #618, .T. );
#285 = PRESENTATION_STYLE_ASSIGNMENT( ( #619 ) );
#286 = ADVANCED_FACE( '', ( #620 ), #621, .F. );
#287 = PRESENTATION_STYLE_ASSIGNMENT( ( #622 ) );
#288 = ADVANCED_FACE( '', ( #623 ), #624, .F. );
#289 = PRESENTATION_STYLE_ASSIGNMENT( ( #625 ) );
#290 = ADVANCED_FACE( '', ( #626 ), #627, .F. );
#291 = PRESENTATION_STYLE_ASSIGNMENT( ( #628 ) );
#292 = ADVANCED_FACE( '', ( #629 ), #630, .T. );
#293 = PRESENTATION_STYLE_ASSIGNMENT( ( #631 ) );
#294 = ADVANCED_FACE( '', ( #632 ), #633, .F. );
#295 = PRESENTATION_STYLE_ASSIGNMENT( ( #634 ) );
#296 = ADVANCED_FACE( '', ( #635 ), #636, .F. );
#297 = PRESENTATION_STYLE_ASSIGNMENT( ( #637 ) );
#298 = ADVANCED_FACE( '', ( #638 ), #639, .T. );
#299 = PRESENTATION_STYLE_ASSIGNMENT( ( #640 ) );
#300 = ADVANCED_FACE( '', ( #641 ), #642, .T. );
#301 = PRESENTATION_STYLE_ASSIGNMENT( ( #643 ) );
#302 = ADVANCED_FACE( '', ( #644 ), #645, .F. );
#303 = PRESENTATION_STYLE_ASSIGNMENT( ( #646 ) );
#304 = ADVANCED_FACE( '', ( #647 ), #648, .T. );
#305 = PRESENTATION_STYLE_ASSIGNMENT( ( #649 ) );
#306 = ADVANCED_FACE( '', ( #650 ), #651, .F. );
#307 = PRESENTATION_STYLE_ASSIGNMENT( ( #652 ) );
#308 = ADVANCED_FACE( '', ( #653 ), #654, .F. );
#309 = PRESENTATION_STYLE_ASSIGNMENT( ( #655 ) );
#310 = ADVANCED_FACE( '', ( #656 ), #657, .F. );
#311 = PRESENTATION_STYLE_ASSIGNMENT( ( #658 ) );
#312 = ADVANCED_FACE( '', ( #659 ), #660, .T. );
#313 = PRESENTATION_STYLE_ASSIGNMENT( ( #661 ) );
#314 = ADVANCED_FACE( '', ( #662 ), #663, .F. );
#315 = PRESENTATION_STYLE_ASSIGNMENT( ( #664 ) );
#316 = ADVANCED_FACE( '', ( #665 ), #666, .F. );
#317 = PRESENTATION_STYLE_ASSIGNMENT( ( #667 ) );
#318 = ADVANCED_FACE( '', ( #668 ), #669, .T. );
#319 = PRESENTATION_STYLE_ASSIGNMENT( ( #670 ) );
#320 = ADVANCED_FACE( '', ( #671 ), #672, .F. );
#321 = PRESENTATION_STYLE_ASSIGNMENT( ( #673 ) );
#322 = ADVANCED_FACE( '', ( #674 ), #675, .F. );
#323 = PRESENTATION_STYLE_ASSIGNMENT( ( #676 ) );
#324 = ADVANCED_FACE( '', ( #677 ), #678, .F. );
#325 = PRESENTATION_STYLE_ASSIGNMENT( ( #679 ) );
#326 = ADVANCED_FACE( '', ( #680 ), #681, .F. );
#327 = PRESENTATION_STYLE_ASSIGNMENT( ( #682 ) );
#328 = ADVANCED_FACE( '', ( #683 ), #684, .F. );
#329 = PRESENTATION_STYLE_ASSIGNMENT( ( #685 ) );
#330 = ADVANCED_FACE( '', ( #686 ), #687, .T. );
#331 = PRESENTATION_STYLE_ASSIGNMENT( ( #688 ) );
#332 = ADVANCED_FACE( '', ( #689 ), #690, .T. );
#333 = PRESENTATION_STYLE_ASSIGNMENT( ( #691 ) );
#334 = ADVANCED_FACE( '', ( #692 ), #693, .T. );
#335 = PRESENTATION_STYLE_ASSIGNMENT( ( #694 ) );
#336 = ADVANCED_FACE( '', ( #695 ), #696, .T. );
#337 = PRESENTATION_STYLE_ASSIGNMENT( ( #697 ) );
#338 = ADVANCED_FACE( '', ( #698, #699 ), #700, .F. );
#339 = PRESENTATION_STYLE_ASSIGNMENT( ( #701 ) );
#340 = ADVANCED_FACE( '', ( #702 ), #703, .T. );
#341 = PRESENTATION_STYLE_ASSIGNMENT( ( #704 ) );
#342 = ADVANCED_FACE( '', ( #705 ), #706, .F. );
#343 = PRESENTATION_STYLE_ASSIGNMENT( ( #707 ) );
#344 = ADVANCED_FACE( '', ( #708 ), #709, .F. );
#345 = PRESENTATION_STYLE_ASSIGNMENT( ( #710 ) );
#346 = ADVANCED_FACE( '', ( #711 ), #712, .F. );
#347 = PRESENTATION_STYLE_ASSIGNMENT( ( #713 ) );
#348 = ADVANCED_FACE( '', ( #714, #715 ), #716, .T. );
#349 = PRESENTATION_STYLE_ASSIGNMENT( ( #717 ) );
#350 = ADVANCED_FACE( '', ( #718 ), #719, .T. );
#351 = PRESENTATION_STYLE_ASSIGNMENT( ( #720 ) );
#352 = ADVANCED_FACE( '', ( #721 ), #722, .T. );
#353 = PRESENTATION_STYLE_ASSIGNMENT( ( #723 ) );
#354 = ADVANCED_FACE( '', ( #724 ), #725, .T. );
#355 = PRESENTATION_STYLE_ASSIGNMENT( ( #726 ) );
#356 = ADVANCED_FACE( '', ( #727 ), #728, .F. );
#357 = PRESENTATION_STYLE_ASSIGNMENT( ( #729 ) );
#358 = ADVANCED_FACE( '', ( #730 ), #731, .F. );
#359 = PRESENTATION_STYLE_ASSIGNMENT( ( #732 ) );
#360 = ADVANCED_FACE( '', ( #733, #734 ), #735, .T. );
#361 = PRESENTATION_STYLE_ASSIGNMENT( ( #736 ) );
#362 = ADVANCED_FACE( '', ( #737, #738 ), #739, .F. );
#363 = PRESENTATION_STYLE_ASSIGNMENT( ( #740 ) );
#364 = ADVANCED_FACE( '', ( #741, #742 ), #743, .T. );
#365 = PRESENTATION_STYLE_ASSIGNMENT( ( #744 ) );
#366 = ADVANCED_FACE( '', ( #745 ), #746, .F. );
#367 = PRESENTATION_STYLE_ASSIGNMENT( ( #747 ) );
#368 = ADVANCED_FACE( '', ( #748 ), #749, .T. );
#369 = PRESENTATION_STYLE_ASSIGNMENT( ( #750 ) );
#370 = ADVANCED_FACE( '', ( #751 ), #752, .T. );
#371 = PRESENTATION_STYLE_ASSIGNMENT( ( #753 ) );
#372 = ADVANCED_FACE( '', ( #754 ), #755, .F. );
#373 = PRESENTATION_STYLE_ASSIGNMENT( ( #756 ) );
#374 = ADVANCED_FACE( '', ( #757 ), #758, .T. );
#375 = PRESENTATION_STYLE_ASSIGNMENT( ( #759 ) );
#376 = ADVANCED_FACE( '', ( #760 ), #761, .T. );
#377 = PRESENTATION_STYLE_ASSIGNMENT( ( #762 ) );
#378 = ADVANCED_FACE( '', ( #763, #764 ), #765, .F. );
#379 = PRESENTATION_STYLE_ASSIGNMENT( ( #766 ) );
#380 = ADVANCED_FACE( '', ( #767 ), #768, .T. );
#381 = PRESENTATION_STYLE_ASSIGNMENT( ( #769 ) );
#382 = ADVANCED_FACE( '', ( #770 ), #771, .T. );
#383 = PRESENTATION_STYLE_ASSIGNMENT( ( #772 ) );
#384 = ADVANCED_FACE( '', ( #773, #774, #775 ), #776, .F. );
#385 = PRESENTATION_STYLE_ASSIGNMENT( ( #777 ) );
#386 = ADVANCED_FACE( '', ( #778, #779 ), #780, .T. );
#387 = PRESENTATION_STYLE_ASSIGNMENT( ( #781 ) );
#388 = ADVANCED_FACE( '', ( #782 ), #783, .F. );
#389 = PRESENTATION_STYLE_ASSIGNMENT( ( #784 ) );
#390 = ADVANCED_FACE( '', ( #785, #786 ), #787, .T. );
#391 = PRESENTATION_STYLE_ASSIGNMENT( ( #788 ) );
#392 = ADVANCED_FACE( '', ( #789, #790, #791, #792 ), #793, .T. );
#393 = PRESENTATION_STYLE_ASSIGNMENT( ( #794 ) );
#394 = ADVANCED_FACE( '', ( #795 ), #796, .F. );
#395 = PRESENTATION_STYLE_ASSIGNMENT( ( #797 ) );
#396 = ADVANCED_FACE( '', ( #798 ), #799, .T. );
#397 = PRESENTATION_STYLE_ASSIGNMENT( ( #800 ) );
#398 = ADVANCED_FACE( '', ( #801 ), #802, .F. );
#399 = PRESENTATION_STYLE_ASSIGNMENT( ( #803 ) );
#400 = ADVANCED_FACE( '', ( #804 ), #805, .F. );
#401 = PRESENTATION_STYLE_ASSIGNMENT( ( #806 ) );
#402 = ADVANCED_FACE( '', ( #807 ), #808, .F. );
#403 = PRESENTATION_STYLE_ASSIGNMENT( ( #809 ) );
#404 = ADVANCED_FACE( '', ( #810 ), #811, .T. );
#405 = PRESENTATION_STYLE_ASSIGNMENT( ( #812 ) );
#406 = ADVANCED_FACE( '', ( #813 ), #814, .T. );
#407 = PRESENTATION_STYLE_ASSIGNMENT( ( #815 ) );
#408 = ADVANCED_FACE( '', ( #816 ), #817, .T. );
#409 = PRESENTATION_STYLE_ASSIGNMENT( ( #818 ) );
#410 = ADVANCED_FACE( '', ( #819 ), #820, .F. );
#411 = PRESENTATION_STYLE_ASSIGNMENT( ( #821 ) );
#412 = ADVANCED_FACE( '', ( #822 ), #823, .F. );
#413 = PRESENTATION_STYLE_ASSIGNMENT( ( #824 ) );
#414 = ADVANCED_FACE( '', ( #825, #826 ), #827, .F. );
#415 = PRESENTATION_STYLE_ASSIGNMENT( ( #828 ) );
#416 = ADVANCED_FACE( '', ( #829 ), #830, .T. );
#417 = PRESENTATION_STYLE_ASSIGNMENT( ( #831 ) );
#418 = ADVANCED_FACE( '', ( #832 ), #833, .T. );
#419 = PRESENTATION_STYLE_ASSIGNMENT( ( #834 ) );
#420 = ADVANCED_FACE( '', ( #835 ), #836, .F. );
#421 = PRESENTATION_STYLE_ASSIGNMENT( ( #837 ) );
#422 = ADVANCED_FACE( '', ( #838 ), #839, .F. );
#423 = PRESENTATION_STYLE_ASSIGNMENT( ( #840 ) );
#424 = ADVANCED_FACE( '', ( #841, #842 ), #843, .F. );
#425 = PRESENTATION_STYLE_ASSIGNMENT( ( #844 ) );
#426 = ADVANCED_FACE( '', ( #845 ), #846, .T. );
#427 = PRESENTATION_STYLE_ASSIGNMENT( ( #847 ) );
#428 = ADVANCED_FACE( '', ( #848 ), #849, .T. );
#429 = PRESENTATION_STYLE_ASSIGNMENT( ( #850 ) );
#430 = ADVANCED_FACE( '', ( #851 ), #852, .F. );
#431 = PRESENTATION_STYLE_ASSIGNMENT( ( #853 ) );
#432 = ADVANCED_FACE( '', ( #854 ), #855, .T. );
#433 = PRESENTATION_STYLE_ASSIGNMENT( ( #856 ) );
#434 = ADVANCED_FACE( '', ( #857 ), #858, .F. );
#435 = PRESENTATION_STYLE_ASSIGNMENT( ( #859 ) );
#436 = ADVANCED_FACE( '', ( #860 ), #861, .F. );
#437 = PRESENTATION_STYLE_ASSIGNMENT( ( #862 ) );
#438 = ADVANCED_FACE( '', ( #863 ), #864, .T. );
#439 = PRESENTATION_STYLE_ASSIGNMENT( ( #865 ) );
#440 = ADVANCED_FACE( '', ( #866, #867 ), #868, .F. );
#441 = PRESENTATION_STYLE_ASSIGNMENT( ( #869 ) );
#442 = ADVANCED_FACE( '', ( #870, #871 ), #872, .F. );
#443 = PRESENTATION_STYLE_ASSIGNMENT( ( #873 ) );
#444 = ADVANCED_FACE( '', ( #874, #875 ), #876, .F. );
#445 = PRESENTATION_STYLE_ASSIGNMENT( ( #877 ) );
#446 = ADVANCED_FACE( '', ( #878 ), #879, .T. );
#447 = PRESENTATION_STYLE_ASSIGNMENT( ( #880 ) );
#448 = ADVANCED_FACE( '', ( #881, #882 ), #883, .T. );
#449 = PRESENTATION_STYLE_ASSIGNMENT( ( #884 ) );
#450 = ADVANCED_FACE( '', ( #885 ), #886, .T. );
#451 = PRESENTATION_STYLE_ASSIGNMENT( ( #887 ) );
#452 = ADVANCED_FACE( '', ( #888 ), #889, .T. );
#453 = PRESENTATION_STYLE_ASSIGNMENT( ( #890 ) );
#454 = ADVANCED_FACE( '', ( #891 ), #892, .T. );
#455 = PRESENTATION_STYLE_ASSIGNMENT( ( #893 ) );
#456 = ADVANCED_FACE( '', ( #894, #895 ), #896, .F. );
#457 = PRESENTATION_STYLE_ASSIGNMENT( ( #897 ) );
#458 = ADVANCED_FACE( '', ( #898 ), #899, .F. );
#459 = PRESENTATION_STYLE_ASSIGNMENT( ( #900 ) );
#460 = ADVANCED_FACE( '', ( #901 ), #902, .F. );
#461 = PRESENTATION_STYLE_ASSIGNMENT( ( #903 ) );
#462 = ADVANCED_FACE( '', ( #904 ), #905, .F. );
#463 = PRESENTATION_STYLE_ASSIGNMENT( ( #906 ) );
#464 = ADVANCED_FACE( '', ( #907 ), #908, .T. );
#465 = PRESENTATION_STYLE_ASSIGNMENT( ( #909 ) );
#466 = ADVANCED_FACE( '', ( #910 ), #911, .T. );
#467 = PRESENTATION_STYLE_ASSIGNMENT( ( #912 ) );
#468 = ADVANCED_FACE( '', ( #913 ), #914, .T. );
#469 = PRESENTATION_STYLE_ASSIGNMENT( ( #915 ) );
#470 = ADVANCED_FACE( '', ( #916 ), #917, .T. );
#471 = PRESENTATION_STYLE_ASSIGNMENT( ( #918 ) );
#472 = ADVANCED_FACE( '', ( #919, #920 ), #921, .T. );
#473 = PRESENTATION_STYLE_ASSIGNMENT( ( #922 ) );
#474 = ADVANCED_FACE( '', ( #923 ), #924, .F. );
#475 = PRESENTATION_STYLE_ASSIGNMENT( ( #925 ) );
#476 = ADVANCED_FACE( '', ( #926 ), #927, .T. );
#477 = PRESENTATION_STYLE_ASSIGNMENT( ( #928 ) );
#478 = ADVANCED_FACE( '', ( #929 ), #930, .F. );
#479 = PRESENTATION_STYLE_ASSIGNMENT( ( #931 ) );
#480 = ADVANCED_FACE( '', ( #932, #933 ), #934, .T. );
#481 = PRESENTATION_STYLE_ASSIGNMENT( ( #935 ) );
#482 = ADVANCED_FACE( '', ( #936, #937 ), #938, .F. );
#483 = PRESENTATION_STYLE_ASSIGNMENT( ( #939 ) );
#484 = ADVANCED_FACE( '', ( #940 ), #941, .T. );
#485 = PRESENTATION_STYLE_ASSIGNMENT( ( #942 ) );
#486 = ADVANCED_FACE( '', ( #943 ), #944, .T. );
#487 = PRESENTATION_STYLE_ASSIGNMENT( ( #945 ) );
#488 = ADVANCED_FACE( '', ( #946 ), #947, .T. );
#489 = PRESENTATION_STYLE_ASSIGNMENT( ( #948 ) );
#490 = ADVANCED_FACE( '', ( #949 ), #950, .T. );
#491 = PRESENTATION_STYLE_ASSIGNMENT( ( #951 ) );
#492 = ADVANCED_FACE( '', ( #952 ), #953, .F. );
#493 = PRESENTATION_STYLE_ASSIGNMENT( ( #954 ) );
#494 = ADVANCED_FACE( '', ( #955, #956 ), #957, .T. );
#495 = PRESENTATION_STYLE_ASSIGNMENT( ( #958 ) );
#496 = ADVANCED_FACE( '', ( #959 ), #960, .T. );
#497 = PRESENTATION_STYLE_ASSIGNMENT( ( #961 ) );
#498 = ADVANCED_FACE( '', ( #962 ), #963, .F. );
#499 = PRESENTATION_STYLE_ASSIGNMENT( ( #964 ) );
#500 = ADVANCED_FACE( '', ( #965 ), #966, .F. );
#501 = PRESENTATION_STYLE_ASSIGNMENT( ( #967 ) );
#502 = ADVANCED_FACE( '', ( #968 ), #969, .F. );
#503 = PRESENTATION_STYLE_ASSIGNMENT( ( #970 ) );
#504 = ADVANCED_FACE( '', ( #971 ), #972, .T. );
#505 = PRESENTATION_STYLE_ASSIGNMENT( ( #973 ) );
#506 = ADVANCED_FACE( '', ( #974, #975 ), #976, .T. );
#507 = PRESENTATION_STYLE_ASSIGNMENT( ( #977 ) );
#508 = ADVANCED_FACE( '', ( #978 ), #979, .T. );
#509 = PRESENTATION_STYLE_ASSIGNMENT( ( #980 ) );
#510 = ADVANCED_FACE( '', ( #981 ), #982, .F. );
#511 = PRESENTATION_STYLE_ASSIGNMENT( ( #983 ) );
#512 = ADVANCED_FACE( '', ( #984, #985 ), #986, .F. );
#513 = PRESENTATION_STYLE_ASSIGNMENT( ( #987 ) );
#514 = ADVANCED_FACE( '', ( #988 ), #989, .F. );
#515 = PRESENTATION_STYLE_ASSIGNMENT( ( #990 ) );
#516 = ADVANCED_FACE( '', ( #991 ), #992, .F. );
#517 = PRESENTATION_STYLE_ASSIGNMENT( ( #993 ) );
#518 = ADVANCED_FACE( '', ( #994 ), #995, .T. );
#519 = PRESENTATION_STYLE_ASSIGNMENT( ( #996 ) );
#520 = ADVANCED_FACE( '', ( #997 ), #998, .T. );
#521 = PRESENTATION_STYLE_ASSIGNMENT( ( #999 ) );
#522 = ADVANCED_FACE( '', ( #1000 ), #1001, .T. );
#525 = LENGTH_MEASURE_WITH_UNIT( LENGTH_MEASURE( 1.00000000000000 ), #1002 );
#528 = DIMENSIONAL_EXPONENTS( 1.00000000000000, 0.000000000000000, 0.000000000000000, 0.000000000000000, 0.000000000000000, 0.000000000000000, 0.000000000000000 );
#530 = DIMENSIONAL_EXPONENTS( 0.000000000000000, 0.000000000000000, 0.000000000000000, 0.000000000000000, 0.000000000000000, 0.000000000000000, 0.000000000000000 );
#536 = PRODUCT_CONTEXT( '', #29, 'mechanical' );
#537 = PRODUCT_DEFINITION_FORMATION_WITH_SPECIFIED_SOURCE( ' ', 'NONE', #203, .NOT_KNOWN. );
#538 = CARTESIAN_POINT( '', ( 0.000000000000000, 0.000000000000000, 0.000000000000000 ) );
#539 = DIRECTION( '', ( 0.000000000000000, 0.000000000000000, 1.00000000000000 ) );
#540 = DIRECTION( '', ( 1.00000000000000, 0.000000000000000, 0.000000000000000 ) );
#541 = CARTESIAN_POINT( '', ( 0.000000000000000, 0.000000000000000, 0.000000000000000 ) );
#542 = DIRECTION( '', ( 0.000000000000000, 0.000000000000000, 1.00000000000000 ) );
#543 = DIRECTION( '', ( 1.00000000000000, 0.000000000000000, 0.000000000000000 ) );
#544 = CARTESIAN_POINT( '', ( 2.50000000000000, -0.450000000000000, -1.75000000000000 ) );
#545 = DIRECTION( '', ( 0.000000000000000, 0.000000000000000, 1.00000000000000 ) );
#546 = DIRECTION( '', ( 1.00000000000000, 0.000000000000000, 0.000000000000000 ) );
#547 = CARTESIAN_POINT( '', ( -2.50000000000000, -0.450000000000000, -1.75000000000000 ) );
#548 = DIRECTION( '', ( 0.000000000000000, 0.000000000000000, 1.00000000000000 ) );
#549 = DIRECTION( '', ( 1.00000000000000, 0.000000000000000, 0.000000000000000 ) );
#550 = CARTESIAN_POINT( '', ( 2.50000000000000, -0.450000000000000, -0.350304374152268 ) );
#551 = DIRECTION( '', ( 0.000000000000000, 0.000000000000000, 1.00000000000000 ) );
#552 = DIRECTION( '', ( 1.00000000000000, 0.000000000000000, 0.000000000000000 ) );
#553 = CARTESIAN_POINT( '', ( -2.50000000000000, -0.450000000000000, -0.350304374152268 ) );
#554 = DIRECTION( '', ( 0.000000000000000, 0.000000000000000, 1.00000000000000 ) );
#555 = DIRECTION( '', ( 1.00000000000000, 0.000000000000000, 0.000000000000000 ) );
#556 = CARTESIAN_POINT( '', ( 2.50000000000000, -0.450000000000000, 4.20000000000000 ) );
#557 = DIRECTION( '', ( 1.71227419183182E-016, -1.12914011152006E-015, 1.00000000000000 ) );
#558 = DIRECTION( '', ( 5.55111512312578E-016, -1.00000000000000, -1.12914011152006E-015 ) );
#559 = CARTESIAN_POINT( '', ( -2.50000000000000, -0.450000000000000, 4.20000000000000 ) );
#560 = DIRECTION( '', ( 1.71227419183182E-016, -1.12914011152006E-015, 1.00000000000000 ) );
#561 = DIRECTION( '', ( 5.55111512312578E-016, -1.00000000000000, -1.12914011152006E-015 ) );
#564 = UNCERTAINTY_MEASURE_WITH_UNIT( LENGTH_MEASURE( 0.00100000000000000 ), #566, '', '' );
#566 =  ( CONVERSION_BASED_UNIT( 'MILLIMETRE', #1005 )LENGTH_UNIT(  )NAMED_UNIT( #1008 ) );
#567 =  ( NAMED_UNIT( #1010 )PLANE_ANGLE_UNIT(  )SI_UNIT( $, .RADIAN. ) );
#568 =  ( NAMED_UNIT( #1010 )SI_UNIT( $, .STERADIAN. )SOLID_ANGLE_UNIT(  ) );
#570 = PRODUCT_DEFINITION_FORMATION_WITH_SPECIFIED_SOURCE( ' ', 'NONE', #214, .NOT_KNOWN. );
#571 = CLOSED_SHELL( '', ( #366, #334, #410, #500, #392, #416, #468, #380, #282, #412, #474, #414, #336, #512, #482, #328, #316, #396, #418, #472, #264, #356, #478, #370, #330, #406, #362, #488, #386, #304, #484, #358, #378, #490, #438, #388, #508, #322, #426, #424, #454, #298, #518, #340, #288, #342, #302, #398, #300, #344, #296, #326, #376, #314, #458, #510, #270, #368, #440, #452, #514 ) );
#572 = PRODUCT_DEFINITION_FORMATION_WITH_SPECIFIED_SOURCE( ' ', 'NONE', #222, .NOT_KNOWN. );
#573 = CLOSED_SHELL( '', ( #280, #442, #390, #384, #504, #494, #374, #272, #462, #480, #338, #364 ) );
#574 = PRODUCT_DEFINITION_FORMATION_WITH_SPECIFIED_SOURCE( ' ', 'NONE', #235, .NOT_KNOWN. );
#575 = CLOSED_SHELL( '', ( #318, #444, #476, #292, #400, #496, #464, #522, #404, #360, #352, #486, #290, #422, #456, #430, #320, #308, #294, #394, #274, #354, #502, #450, #268, #276, #432, #434, #402, #346, #306, #284, #332, #520, #312, #446, #460, #492, #372, #420, #516, #498, #466, #470, #324 ) );
#576 = PRODUCT_DEFINITION_FORMATION_WITH_SPECIFIED_SOURCE( ' ', 'NONE', #248, .NOT_KNOWN. );
#577 = CLOSED_SHELL( '', ( #408, #262, #428, #448, #436, #348, #266, #310, #506, #382, #286, #350, #278 ) );
#578 = SURFACE_STYLE_USAGE( .BOTH., #1016 );
#579 = FACE_OUTER_BOUND( '', #1017, .T. );
#580 = FACE_OUTER_BOUND( '', #1018, .T. );
#581 = TOROIDAL_SURFACE( '', #1019, 1.55000000000000, 0.200000000000000 );
#582 = SURFACE_STYLE_USAGE( .BOTH., #1020 );
#583 = FACE_OUTER_BOUND( '', #1021, .T. );
#584 = FACE_BOUND( '', #1022, .T. );
#585 = PLANE( '', #1023 );
#586 = SURFACE_STYLE_USAGE( .BOTH., #1024 );
#587 = FACE_OUTER_BOUND( '', #1025, .T. );
#588 = FACE_OUTER_BOUND( '', #1026, .T. );
#589 = CYLINDRICAL_SURFACE( '', #1027, 1.25000000000000 );
#590 = SURFACE_STYLE_USAGE( .BOTH., #1028 );
#591 = FACE_OUTER_BOUND( '', #1029, .T. );
#592 = CYLINDRICAL_SURFACE( '', #1030, 0.800000000000000 );
#593 = SURFACE_STYLE_USAGE( .BOTH., #1031 );
#594 = FACE_OUTER_BOUND( '', #1032, .T. );
#595 = PLANE( '', #1033 );
#596 = SURFACE_STYLE_USAGE( .BOTH., #1034 );
#597 = FACE_BOUND( '', #1035, .T. );
#598 = FACE_OUTER_BOUND( '', #1036, .T. );
#599 = CONICAL_SURFACE( '', #1037, 0.500000000000000, 0.336674819400000 );
#600 = SURFACE_STYLE_USAGE( .BOTH., #1038 );
#601 = FACE_OUTER_BOUND( '', #1039, .T. );
#602 = PLANE( '', #1040 );
#603 = SURFACE_STYLE_USAGE( .BOTH., #1041 );
#604 = FACE_OUTER_BOUND( '', #1042, .T. );
#605 = CYLINDRICAL_SURFACE( '', #1043, 0.800000000000000 );
#606 = SURFACE_STYLE_USAGE( .BOTH., #1044 );
#607 = FACE_OUTER_BOUND( '', #1045, .T. );
#608 = PLANE( '', #1046 );
#609 = SURFACE_STYLE_USAGE( .BOTH., #1047 );
#610 = FACE_BOUND( '', #1048, .T. );
#611 = FACE_OUTER_BOUND( '', #1049, .T. );
#612 = CONICAL_SURFACE( '', #1050, 1.20000000000000, 0.785398163400000 );
#613 = SURFACE_STYLE_USAGE( .BOTH., #1051 );
#614 = FACE_OUTER_BOUND( '', #1052, .T. );
#615 = PLANE( '', #1053 );
#616 = SURFACE_STYLE_USAGE( .BOTH., #1054 );
#617 = FACE_OUTER_BOUND( '', #1055, .T. );
#618 = PLANE( '', #1056 );
#619 = SURFACE_STYLE_USAGE( .BOTH., #1057 );
#620 = FACE_OUTER_BOUND( '', #1058, .T. );
#621 = PLANE( '', #1059 );
#622 = SURFACE_STYLE_USAGE( .BOTH., #1060 );
#623 = FACE_OUTER_BOUND( '', #1061, .T. );
#624 = PLANE( '', #1062 );
#625 = SURFACE_STYLE_USAGE( .BOTH., #1063 );
#626 = FACE_OUTER_BOUND( '', #1064, .T. );
#627 = PLANE( '', #1065 );
#628 = SURFACE_STYLE_USAGE( .BOTH., #1066 );
#629 = FACE_OUTER_BOUND( '', #1067, .T. );
#630 = PLANE( '', #1068 );
#631 = SURFACE_STYLE_USAGE( .BOTH., #1069 );
#632 = FACE_OUTER_BOUND( '', #1070, .T. );
#633 = PLANE( '', #1071 );
#634 = SURFACE_STYLE_USAGE( .BOTH., #1072 );
#635 = FACE_OUTER_BOUND( '', #1073, .T. );
#636 = PLANE( '', #1074 );
#637 = SURFACE_STYLE_USAGE( .BOTH., #1075 );
#638 = FACE_OUTER_BOUND( '', #1076, .T. );
#639 = PLANE( '', #1077 );
#640 = SURFACE_STYLE_USAGE( .BOTH., #1078 );
#641 = FACE_OUTER_BOUND( '', #1079, .T. );
#642 = PLANE( '', #1080 );
#643 = SURFACE_STYLE_USAGE( .BOTH., #1081 );
#644 = FACE_OUTER_BOUND( '', #1082, .T. );
#645 = PLANE( '', #1083 );
#646 = SURFACE_STYLE_USAGE( .BOTH., #1084 );
#647 = FACE_OUTER_BOUND( '', #1085, .T. );
#648 = PLANE( '', #1086 );
#649 = SURFACE_STYLE_USAGE( .BOTH., #1087 );
#650 = FACE_OUTER_BOUND( '', #1088, .T. );
#651 = PLANE( '', #1089 );
#652 = SURFACE_STYLE_USAGE( .BOTH., #1090 );
#653 = FACE_OUTER_BOUND( '', #1091, .T. );
#654 = CYLINDRICAL_SURFACE( '', #1092, 0.100000000000000 );
#655 = SURFACE_STYLE_USAGE( .BOTH., #1093 );
#656 = FACE_OUTER_BOUND( '', #1094, .T. );
#657 = PLANE( '', #1095 );
#658 = SURFACE_STYLE_USAGE( .BOTH., #1096 );
#659 = FACE_OUTER_BOUND( '', #1097, .T. );
#660 = PLANE( '', #1098 );
#661 = SURFACE_STYLE_USAGE( .BOTH., #1099 );
#662 = FACE_OUTER_BOUND( '', #1100, .T. );
#663 = PLANE( '', #1101 );
#664 = SURFACE_STYLE_USAGE( .BOTH., #1102 );
#665 = FACE_OUTER_BOUND( '', #1103, .T. );
#666 = PLANE( '', #1104 );
#667 = SURFACE_STYLE_USAGE( .BOTH., #1105 );
#668 = FACE_OUTER_BOUND( '', #1106, .T. );
#669 = CYLINDRICAL_SURFACE( '', #1107, 0.200000000000000 );
#670 = SURFACE_STYLE_USAGE( .BOTH., #1108 );
#671 = FACE_OUTER_BOUND( '', #1109, .T. );
#672 = PLANE( '', #1110 );
#673 = SURFACE_STYLE_USAGE( .BOTH., #1111 );
#674 = FACE_OUTER_BOUND( '', #1112, .T. );
#675 = CYLINDRICAL_SURFACE( '', #1113, 0.475000000000000 );
#676 = SURFACE_STYLE_USAGE( .BOTH., #1114 );
#677 = FACE_OUTER_BOUND( '', #1115, .T. );
#678 = CYLINDRICAL_SURFACE( '', #1116, 0.550000000000000 );
#679 = SURFACE_STYLE_USAGE( .BOTH., #1117 );
#680 = FACE_OUTER_BOUND( '', #1118, .T. );
#681 = PLANE( '', #1119 );
#682 = SURFACE_STYLE_USAGE( .BOTH., #1120 );
#683 = FACE_OUTER_BOUND( '', #1121, .T. );
#684 = PLANE( '', #1122 );
#685 = SURFACE_STYLE_USAGE( .BOTH., #1123 );
#686 = FACE_OUTER_BOUND( '', #1124, .T. );
#687 = PLANE( '', #1125 );
#688 = SURFACE_STYLE_USAGE( .BOTH., #1126 );
#689 = FACE_OUTER_BOUND( '', #1127, .T. );
#690 = PLANE( '', #1128 );
#691 = SURFACE_STYLE_USAGE( .BOTH., #1129 );
#692 = FACE_OUTER_BOUND( '', #1130, .T. );
#693 = PLANE( '', #1131 );
#694 = SURFACE_STYLE_USAGE( .BOTH., #1132 );
#695 = FACE_OUTER_BOUND( '', #1133, .T. );
#696 = PLANE( '', #1134 );
#697 = SURFACE_STYLE_USAGE( .BOTH., #1135 );
#698 = FACE_OUTER_BOUND( '', #1136, .T. );
#699 = FACE_BOUND( '', #1137, .T. );
#700 = PLANE( '', #1138 );
#701 = SURFACE_STYLE_USAGE( .BOTH., #1139 );
#702 = FACE_OUTER_BOUND( '', #1140, .T. );
#703 = PLANE( '', #1141 );
#704 = SURFACE_STYLE_USAGE( .BOTH., #1142 );
#705 = FACE_OUTER_BOUND( '', #1143, .T. );
#706 = PLANE( '', #1144 );
#707 = SURFACE_STYLE_USAGE( .BOTH., #1145 );
#708 = FACE_OUTER_BOUND( '', #1146, .T. );
#709 = PLANE( '', #1147 );
#710 = SURFACE_STYLE_USAGE( .BOTH., #1148 );
#711 = FACE_OUTER_BOUND( '', #1149, .T. );
#712 = PLANE( '', #1150 );
#713 = SURFACE_STYLE_USAGE( .BOTH., #1151 );
#714 = FACE_OUTER_BOUND( '', #1152, .T. );
#715 = FACE_BOUND( '', #1153, .T. );
#716 = PLANE( '', #1154 );
#717 = SURFACE_STYLE_USAGE( .BOTH., #1155 );
#718 = FACE_OUTER_BOUND( '', #1156, .T. );
#719 = PLANE( '', #1157 );
#720 = SURFACE_STYLE_USAGE( .BOTH., #1158 );
#721 = FACE_OUTER_BOUND( '', #1159, .T. );
#722 = CYLINDRICAL_SURFACE( '', #1160, 0.871359329900000 );
#723 = SURFACE_STYLE_USAGE( .BOTH., #1161 );
#724 = FACE_OUTER_BOUND( '', #1162, .T. );
#725 = PLANE( '', #1163 );
#726 = SURFACE_STYLE_USAGE( .BOTH., #1164 );
#727 = FACE_OUTER_BOUND( '', #1165, .T. );
#728 = PLANE( '', #1166 );
#729 = SURFACE_STYLE_USAGE( .BOTH., #1167 );
#730 = FACE_OUTER_BOUND( '', #1168, .T. );
#731 = PLANE( '', #1169 );
#732 = SURFACE_STYLE_USAGE( .BOTH., #1170 );
#733 = FACE_OUTER_BOUND( '', #1171, .T. );
#734 = FACE_BOUND( '', #1172, .T. );
#735 = PLANE( '', #1173 );
#736 = SURFACE_STYLE_USAGE( .BOTH., #1174 );
#737 = FACE_OUTER_BOUND( '', #1175, .T. );
#738 = FACE_OUTER_BOUND( '', #1176, .T. );
#739 = CYLINDRICAL_SURFACE( '', #1177, 0.300000000000000 );
#740 = SURFACE_STYLE_USAGE( .BOTH., #1178 );
#741 = FACE_OUTER_BOUND( '', #1179, .T. );
#742 = FACE_BOUND( '', #1180, .T. );
#743 = PLANE( '', #1181 );
#744 = SURFACE_STYLE_USAGE( .BOTH., #1182 );
#745 = FACE_OUTER_BOUND( '', #1183, .T. );
#746 = PLANE( '', #1184 );
#747 = SURFACE_STYLE_USAGE( .BOTH., #1185 );
#748 = FACE_OUTER_BOUND( '', #1186, .T. );
#749 = PLANE( '', #1187 );
#750 = SURFACE_STYLE_USAGE( .BOTH., #1188 );
#751 = FACE_OUTER_BOUND( '', #1189, .T. );
#752 = PLANE( '', #1190 );
#753 = SURFACE_STYLE_USAGE( .BOTH., #1191 );
#754 = FACE_OUTER_BOUND( '', #1192, .T. );
#755 = PLANE( '', #1193 );
#756 = SURFACE_STYLE_USAGE( .BOTH., #1194 );
#757 = FACE_OUTER_BOUND( '', #1195, .T. );
#758 = PLANE( '', #1196 );
#759 = SURFACE_STYLE_USAGE( .BOTH., #1197 );
#760 = FACE_OUTER_BOUND( '', #1198, .T. );
#761 = PLANE( '', #1199 );
#762 = SURFACE_STYLE_USAGE( .BOTH., #1200 );
#763 = FACE_OUTER_BOUND( '', #1201, .T. );
#764 = FACE_OUTER_BOUND( '', #1202, .T. );
#765 = CYLINDRICAL_SURFACE( '', #1203, 1.75000000000000 );
#766 = SURFACE_STYLE_USAGE( .BOTH., #1204 );
#767 = FACE_OUTER_BOUND( '', #1205, .T. );
#768 = PLANE( '', #1206 );
#769 = SURFACE_STYLE_USAGE( .BOTH., #1207 );
#770 = FACE_OUTER_BOUND( '', #1208, .T. );
#771 = PLANE( '', #1209 );
#772 = SURFACE_STYLE_USAGE( .BOTH., #1210 );
#773 = FACE_BOUND( '', #1211, .T. );
#774 = FACE_OUTER_BOUND( '', #1212, .T. );
#775 = FACE_OUTER_BOUND( '', #1213, .T. );
#776 = CYLINDRICAL_SURFACE( '', #1214, 1.50000000000000 );
#777 = SURFACE_STYLE_USAGE( .BOTH., #1215 );
#778 = FACE_BOUND( '', #1216, .T. );
#779 = FACE_OUTER_BOUND( '', #1217, .T. );
#780 = PLANE( '', #1218 );
#781 = SURFACE_STYLE_USAGE( .BOTH., #1219 );
#782 = FACE_OUTER_BOUND( '', #1220, .T. );
#783 = PLANE( '', #1221 );
#784 = SURFACE_STYLE_USAGE( .BOTH., #1222 );
#785 = FACE_BOUND( '', #1223, .T. );
#786 = FACE_OUTER_BOUND( '', #1224, .T. );
#787 = PLANE( '', #1225 );
#788 = SURFACE_STYLE_USAGE( .BOTH., #1226 );
#789 = FACE_OUTER_BOUND( '', #1227, .T. );
#790 = FACE_BOUND( '', #1228, .T. );
#791 = FACE_BOUND( '', #1229, .T. );
#792 = FACE_BOUND( '', #1230, .T. );
#793 = PLANE( '', #1231 );
#794 = SURFACE_STYLE_USAGE( .BOTH., #1232 );
#795 = FACE_OUTER_BOUND( '', #1233, .T. );
#796 = PLANE( '', #1234 );
#797 = SURFACE_STYLE_USAGE( .BOTH., #1235 );
#798 = FACE_OUTER_BOUND( '', #1236, .T. );
#799 = PLANE( '', #1237 );
#800 = SURFACE_STYLE_USAGE( .BOTH., #1238 );
#801 = FACE_OUTER_BOUND( '', #1239, .T. );
#802 = PLANE( '', #1240 );
#803 = SURFACE_STYLE_USAGE( .BOTH., #1241 );
#804 = FACE_OUTER_BOUND( '', #1242, .T. );
#805 = PLANE( '', #1243 );
#806 = SURFACE_STYLE_USAGE( .BOTH., #1244 );
#807 = FACE_OUTER_BOUND( '', #1245, .T. );
#808 = PLANE( '', #1246 );
#809 = SURFACE_STYLE_USAGE( .BOTH., #1247 );
#810 = FACE_OUTER_BOUND( '', #1248, .T. );
#811 = CYLINDRICAL_SURFACE( '', #1249, 0.300000000000000 );
#812 = SURFACE_STYLE_USAGE( .BOTH., #1250 );
#813 = FACE_OUTER_BOUND( '', #1251, .T. );
#814 = PLANE( '', #1252 );
#815 = SURFACE_STYLE_USAGE( .BOTH., #1253 );
#816 = FACE_OUTER_BOUND( '', #1254, .T. );
#817 = TOROIDAL_SURFACE( '', #1255, 1.55000000000000, 0.200000000000000 );
#818 = SURFACE_STYLE_USAGE( .BOTH., #1256 );
#819 = FACE_OUTER_BOUND( '', #1257, .T. );
#820 = PLANE( '', #1258 );
#821 = SURFACE_STYLE_USAGE( .BOTH., #1259 );
#822 = FACE_OUTER_BOUND( '', #1260, .T. );
#823 = PLANE( '', #1261 );
#824 = SURFACE_STYLE_USAGE( .BOTH., #1262 );
#825 = FACE_BOUND( '', #1263, .T. );
#826 = FACE_OUTER_BOUND( '', #1264, .T. );
#827 = CONICAL_SURFACE( '', #1265, 1.70000000000000, 0.785398163400000 );
#828 = SURFACE_STYLE_USAGE( .BOTH., #1266 );
#829 = FACE_OUTER_BOUND( '', #1267, .T. );
#830 = PLANE( '', #1268 );
#831 = SURFACE_STYLE_USAGE( .BOTH., #1269 );
#832 = FACE_OUTER_BOUND( '', #1270, .T. );
#833 = PLANE( '', #1271 );
#834 = SURFACE_STYLE_USAGE( .BOTH., #1272 );
#835 = FACE_OUTER_BOUND( '', #1273, .T. );
#836 = PLANE( '', #1274 );
#837 = SURFACE_STYLE_USAGE( .BOTH., #1275 );
#838 = FACE_OUTER_BOUND( '', #1276, .T. );
#839 = CYLINDRICAL_SURFACE( '', #1277, 0.671359329900000 );
#840 = SURFACE_STYLE_USAGE( .BOTH., #1278 );
#841 = FACE_OUTER_BOUND( '', #1279, .T. );
#842 = FACE_OUTER_BOUND( '', #1280, .T. );
#843 = CYLINDRICAL_SURFACE( '', #1281, 0.300000000000000 );
#844 = SURFACE_STYLE_USAGE( .BOTH., #1282 );
#845 = FACE_OUTER_BOUND( '', #1283, .T. );
#846 = PLANE( '', #1284 );
#847 = SURFACE_STYLE_USAGE( .BOTH., #1285 );
#848 = FACE_OUTER_BOUND( '', #1286, .T. );
#849 = TOROIDAL_SURFACE( '', #1287, 1.55000000000000, 0.200000000000000 );
#850 = SURFACE_STYLE_USAGE( .BOTH., #1288 );
#851 = FACE_OUTER_BOUND( '', #1289, .T. );
#852 = CYLINDRICAL_SURFACE( '', #1290, 0.100000000000000 );
#853 = SURFACE_STYLE_USAGE( .BOTH., #1291 );
#854 = FACE_OUTER_BOUND( '', #1292, .T. );
#855 = CYLINDRICAL_SURFACE( '', #1293, 0.800000000000000 );
#856 = SURFACE_STYLE_USAGE( .BOTH., #1294 );
#857 = FACE_OUTER_BOUND( '', #1295, .T. );
#858 = PLANE( '', #1296 );
#859 = SURFACE_STYLE_USAGE( .BOTH., #1297 );
#860 = FACE_OUTER_BOUND( '', #1298, .T. );
#861 = PLANE( '', #1299 );
#862 = SURFACE_STYLE_USAGE( .BOTH., #1300 );
#863 = FACE_OUTER_BOUND( '', #1301, .T. );
#864 = PLANE( '', #1302 );
#865 = SURFACE_STYLE_USAGE( .BOTH., #1303 );
#866 = FACE_BOUND( '', #1304, .T. );
#867 = FACE_OUTER_BOUND( '', #1305, .T. );
#868 = CONICAL_SURFACE( '', #1306, 1.70000000000000, 0.785398163400000 );
#869 = SURFACE_STYLE_USAGE( .BOTH., #1307 );
#870 = FACE_OUTER_BOUND( '', #1308, .T. );
#871 = FACE_OUTER_BOUND( '', #1309, .T. );
#872 = CYLINDRICAL_SURFACE( '', #1310, 1.00000000000000 );
#873 = SURFACE_STYLE_USAGE( .BOTH., #1311 );
#874 = FACE_OUTER_BOUND( '', #1312, .T. );
#875 = FACE_OUTER_BOUND( '', #1313, .T. );
#876 = CYLINDRICAL_SURFACE( '', #1314, 1.37500000000000 );
#877 = SURFACE_STYLE_USAGE( .BOTH., #1315 );
#878 = FACE_OUTER_BOUND( '', #1316, .T. );
#879 = PLANE( '', #1317 );
#880 = SURFACE_STYLE_USAGE( .BOTH., #1318 );
#881 = FACE_OUTER_BOUND( '', #1319, .T. );
#882 = FACE_OUTER_BOUND( '', #1320, .T. );
#883 = CYLINDRICAL_SURFACE( '', #1321, 1.75000000000000 );
#884 = SURFACE_STYLE_USAGE( .BOTH., #1322 );
#885 = FACE_OUTER_BOUND( '', #1323, .T. );
#886 = CYLINDRICAL_SURFACE( '', #1324, 0.800000000000000 );
#887 = SURFACE_STYLE_USAGE( .BOTH., #1325 );
#888 = FACE_OUTER_BOUND( '', #1326, .T. );
#889 = PLANE( '', #1327 );
#890 = SURFACE_STYLE_USAGE( .BOTH., #1328 );
#891 = FACE_OUTER_BOUND( '', #1329, .T. );
#892 = PLANE( '', #1330 );
#893 = SURFACE_STYLE_USAGE( .BOTH., #1331 );
#894 = FACE_OUTER_BOUND( '', #1332, .T. );
#895 = FACE_BOUND( '', #1333, .T. );
#896 = PLANE( '', #1334 );
#897 = SURFACE_STYLE_USAGE( .BOTH., #1335 );
#898 = FACE_OUTER_BOUND( '', #1336, .T. );
#899 = PLANE( '', #1337 );
#900 = SURFACE_STYLE_USAGE( .BOTH., #1338 );
#901 = FACE_OUTER_BOUND( '', #1339, .T. );
#902 = PLANE( '', #1340 );
#903 = SURFACE_STYLE_USAGE( .BOTH., #1341 );
#904 = FACE_OUTER_BOUND( '', #1342, .T. );
#905 = PLANE( '', #1343 );
#906 = SURFACE_STYLE_USAGE( .BOTH., #1344 );
#907 = FACE_OUTER_BOUND( '', #1345, .T. );
#908 = CYLINDRICAL_SURFACE( '', #1346, 0.300000000000000 );
#909 = SURFACE_STYLE_USAGE( .BOTH., #1347 );
#910 = FACE_OUTER_BOUND( '', #1348, .T. );
#911 = PLANE( '', #1349 );
#912 = SURFACE_STYLE_USAGE( .BOTH., #1350 );
#913 = FACE_OUTER_BOUND( '', #1351, .T. );
#914 = PLANE( '', #1352 );
#915 = SURFACE_STYLE_USAGE( .BOTH., #1353 );
#916 = FACE_OUTER_BOUND( '', #1354, .T. );
#917 = CYLINDRICAL_SURFACE( '', #1355, 0.750000000000000 );
#918 = SURFACE_STYLE_USAGE( .BOTH., #1356 );
#919 = FACE_BOUND( '', #1357, .T. );
#920 = FACE_OUTER_BOUND( '', #1358, .T. );
#921 = PLANE( '', #1359 );
#922 = SURFACE_STYLE_USAGE( .BOTH., #1360 );
#923 = FACE_OUTER_BOUND( '', #1361, .T. );
#924 = PLANE( '', #1362 );
#925 = SURFACE_STYLE_USAGE( .BOTH., #1363 );
#926 = FACE_OUTER_BOUND( '', #1364, .T. );
#927 = CYLINDRICAL_SURFACE( '', #1365, 0.200000000000000 );
#928 = SURFACE_STYLE_USAGE( .BOTH., #1366 );
#929 = FACE_OUTER_BOUND( '', #1367, .T. );
#930 = CYLINDRICAL_SURFACE( '', #1368, 0.475000000000000 );
#931 = SURFACE_STYLE_USAGE( .BOTH., #1369 );
#932 = FACE_OUTER_BOUND( '', #1370, .T. );
#933 = FACE_OUTER_BOUND( '', #1371, .T. );
#934 = CYLINDRICAL_SURFACE( '', #1372, 0.500000000000000 );
#935 = SURFACE_STYLE_USAGE( .BOTH., #1373 );
#936 = FACE_OUTER_BOUND( '', #1374, .T. );
#937 = FACE_BOUND( '', #1375, .T. );
#938 = PLANE( '', #1376 );
#939 = SURFACE_STYLE_USAGE( .BOTH., #1377 );
#940 = FACE_OUTER_BOUND( '', #1378, .T. );
#941 = PLANE( '', #1379 );
#942 = SURFACE_STYLE_USAGE( .BOTH., #1380 );
#943 = FACE_OUTER_BOUND( '', #1381, .T. );
#944 = PLANE( '', #1382 );
#945 = SURFACE_STYLE_USAGE( .BOTH., #1383 );
#946 = FACE_OUTER_BOUND( '', #1384, .T. );
#947 = PLANE( '', #1385 );
#948 = SURFACE_STYLE_USAGE( .BOTH., #1386 );
#949 = FACE_OUTER_BOUND( '', #1387, .T. );
#950 = PLANE( '', #1388 );
#951 = SURFACE_STYLE_USAGE( .BOTH., #1389 );
#952 = FACE_OUTER_BOUND( '', #1390, .T. );
#953 = PLANE( '', #1391 );
#954 = SURFACE_STYLE_USAGE( .BOTH., #1392 );
#955 = FACE_BOUND( '', #1393, .T. );
#956 = FACE_OUTER_BOUND( '', #1394, .T. );
#957 = PLANE( '', #1395 );
#958 = SURFACE_STYLE_USAGE( .BOTH., #1396 );
#959 = FACE_OUTER_BOUND( '', #1397, .T. );
#960 = PLANE( '', #1398 );
#961 = SURFACE_STYLE_USAGE( .BOTH., #1399 );
#962 = FACE_OUTER_BOUND( '', #1400, .T. );
#963 = PLANE( '', #1401 );
#964 = SURFACE_STYLE_USAGE( .BOTH., #1402 );
#965 = FACE_OUTER_BOUND( '', #1403, .T. );
#966 = PLANE( '', #1404 );
#967 = SURFACE_STYLE_USAGE( .BOTH., #1405 );
#968 = FACE_OUTER_BOUND( '', #1406, .T. );
#969 = PLANE( '', #1407 );
#970 = SURFACE_STYLE_USAGE( .BOTH., #1408 );
#971 = FACE_OUTER_BOUND( '', #1409, .T. );
#972 = PLANE( '', #1410 );
#973 = SURFACE_STYLE_USAGE( .BOTH., #1411 );
#974 = FACE_BOUND( '', #1412, .T. );
#975 = FACE_OUTER_BOUND( '', #1413, .T. );
#976 = CONICAL_SURFACE( '', #1414, 1.25000000000000, 0.463647609000000 );
#977 = SURFACE_STYLE_USAGE( .BOTH., #1415 );
#978 = FACE_OUTER_BOUND( '', #1416, .T. );
#979 = PLANE( '', #1417 );
#980 = SURFACE_STYLE_USAGE( .BOTH., #1418 );
#981 = FACE_OUTER_BOUND( '', #1419, .T. );
#982 = PLANE( '', #1420 );
#983 = SURFACE_STYLE_USAGE( .BOTH., #1421 );
#984 = FACE_OUTER_BOUND( '', #1422, .T. );
#985 = FACE_OUTER_BOUND( '', #1423, .T. );
#986 = CYLINDRICAL_SURFACE( '', #1424, 1.75000000000000 );
#987 = SURFACE_STYLE_USAGE( .BOTH., #1425 );
#988 = FACE_OUTER_BOUND( '', #1426, .T. );
#989 = PLANE( '', #1427 );
#990 = SURFACE_STYLE_USAGE( .BOTH., #1428 );
#991 = FACE_OUTER_BOUND( '', #1429, .T. );
#992 = PLANE( '', #1430 );
#993 = SURFACE_STYLE_USAGE( .BOTH., #1431 );
#994 = FACE_OUTER_BOUND( '', #1432, .T. );
#995 = PLANE( '', #1433 );
#996 = SURFACE_STYLE_USAGE( .BOTH., #1434 );
#997 = FACE_OUTER_BOUND( '', #1435, .T. );
#998 = PLANE( '', #1436 );
#999 = SURFACE_STYLE_USAGE( .BOTH., #1437 );
#1000 = FACE_OUTER_BOUND( '', #1438, .T. );
#1001 = PLANE( '', #1439 );
#1002 =  ( LENGTH_UNIT(  )NAMED_UNIT( #528 )SI_UNIT( .MILLI., .METRE. ) );
#1005 = LENGTH_MEASURE_WITH_UNIT( LENGTH_MEASURE( 1.00000000000000 ), #1441 );
#1008 = DIMENSIONAL_EXPONENTS( 1.00000000000000, 0.000000000000000, 0.000000000000000, 0.000000000000000, 0.000000000000000, 0.000000000000000, 0.000000000000000 );
#1010 = DIMENSIONAL_EXPONENTS( 0.000000000000000, 0.000000000000000, 0.000000000000000, 0.000000000000000, 0.000000000000000, 0.000000000000000, 0.000000000000000 );
#1016 = SURFACE_SIDE_STYLE( '', ( #1442 ) );
#1017 = EDGE_LOOP( '', ( #1443 ) );
#1018 = EDGE_LOOP( '', ( #1444 ) );
#1019 = AXIS2_PLACEMENT_3D( '', #1445, #1446, #1447 );
#1020 = SURFACE_SIDE_STYLE( '', ( #1448 ) );
#1021 = EDGE_LOOP( '', ( #1449 ) );
#1022 = EDGE_LOOP( '', ( #1450 ) );
#1023 = AXIS2_PLACEMENT_3D( '', #1451, #1452, #1453 );
#1024 = SURFACE_SIDE_STYLE( '', ( #1454 ) );
#1025 = EDGE_LOOP( '', ( #1455 ) );
#1026 = EDGE_LOOP( '', ( #1456 ) );
#1027 = AXIS2_PLACEMENT_3D( '', #1457, #1458, #1459 );
#1028 = SURFACE_SIDE_STYLE( '', ( #1460 ) );
#1029 = EDGE_LOOP( '', ( #1461, #1462, #1463, #1464 ) );
#1030 = AXIS2_PLACEMENT_3D( '', #1465, #1466, #1467 );
#1031 = SURFACE_SIDE_STYLE( '', ( #1468 ) );
#1032 = EDGE_LOOP( '', ( #1469, #1470, #1471, #1472 ) );
#1033 = AXIS2_PLACEMENT_3D( '', #1473, #1474, #1475 );
#1034 = SURFACE_SIDE_STYLE( '', ( #1476 ) );
#1035 = EDGE_LOOP( '', ( #1477 ) );
#1036 = EDGE_LOOP( '', ( #1478 ) );
#1037 = AXIS2_PLACEMENT_3D( '', #1479, #1480, #1481 );
#1038 = SURFACE_SIDE_STYLE( '', ( #1482 ) );
#1039 = EDGE_LOOP( '', ( #1483, #1484, #1485, #1486 ) );
#1040 = AXIS2_PLACEMENT_3D( '', #1487, #1488, #1489 );
#1041 = SURFACE_SIDE_STYLE( '', ( #1490 ) );
#1042 = EDGE_LOOP( '', ( #1491, #1492, #1493, #1494 ) );
#1043 = AXIS2_PLACEMENT_3D( '', #1495, #1496, #1497 );
#1044 = SURFACE_SIDE_STYLE( '', ( #1498 ) );
#1045 = EDGE_LOOP( '', ( #1499, #1500 ) );
#1046 = AXIS2_PLACEMENT_3D( '', #1501, #1502, #1503 );
#1047 = SURFACE_SIDE_STYLE( '', ( #1504 ) );
#1048 = EDGE_LOOP( '', ( #1505 ) );
#1049 = EDGE_LOOP( '', ( #1506 ) );
#1050 = AXIS2_PLACEMENT_3D( '', #1507, #1508, #1509 );
#1051 = SURFACE_SIDE_STYLE( '', ( #1510 ) );
#1052 = EDGE_LOOP( '', ( #1511, #1512, #1513, #1514 ) );
#1053 = AXIS2_PLACEMENT_3D( '', #1515, #1516, #1517 );
#1054 = SURFACE_SIDE_STYLE( '', ( #1518 ) );
#1055 = EDGE_LOOP( '', ( #1519, #1520, #1521, #1522 ) );
#1056 = AXIS2_PLACEMENT_3D( '', #1523, #1524, #1525 );
#1057 = SURFACE_SIDE_STYLE( '', ( #1526 ) );
#1058 = EDGE_LOOP( '', ( #1527, #1528, #1529, #1530 ) );
#1059 = AXIS2_PLACEMENT_3D( '', #1531, #1532, #1533 );
#1060 = SURFACE_SIDE_STYLE( '', ( #1534 ) );
#1061 = EDGE_LOOP( '', ( #1535, #1536, #1537, #1538 ) );
#1062 = AXIS2_PLACEMENT_3D( '', #1539, #1540, #1541 );
#1063 = SURFACE_SIDE_STYLE( '', ( #1542 ) );
#1064 = EDGE_LOOP( '', ( #1543, #1544, #1545, #1546, #1547, #1548 ) );
#1065 = AXIS2_PLACEMENT_3D( '', #1549, #1550, #1551 );
#1066 = SURFACE_SIDE_STYLE( '', ( #1552 ) );
#1067 = EDGE_LOOP( '', ( #1553, #1554, #1555, #1556 ) );
#1068 = AXIS2_PLACEMENT_3D( '', #1557, #1558, #1559 );
#1069 = SURFACE_SIDE_STYLE( '', ( #1560 ) );
#1070 = EDGE_LOOP( '', ( #1561, #1562, #1563, #1564 ) );
#1071 = AXIS2_PLACEMENT_3D( '', #1565, #1566, #1567 );
#1072 = SURFACE_SIDE_STYLE( '', ( #1568 ) );
#1073 = EDGE_LOOP( '', ( #1569, #1570, #1571, #1572 ) );
#1074 = AXIS2_PLACEMENT_3D( '', #1573, #1574, #1575 );
#1075 = SURFACE_SIDE_STYLE( '', ( #1576 ) );
#1076 = EDGE_LOOP( '', ( #1577, #1578, #1579, #1580 ) );
#1077 = AXIS2_PLACEMENT_3D( '', #1581, #1582, #1583 );
#1078 = SURFACE_SIDE_STYLE( '', ( #1584 ) );
#1079 = EDGE_LOOP( '', ( #1585, #1586, #1587, #1588 ) );
#1080 = AXIS2_PLACEMENT_3D( '', #1589, #1590, #1591 );
#1081 = SURFACE_SIDE_STYLE( '', ( #1592 ) );
#1082 = EDGE_LOOP( '', ( #1593, #1594, #1595, #1596 ) );
#1083 = AXIS2_PLACEMENT_3D( '', #1597, #1598, #1599 );
#1084 = SURFACE_SIDE_STYLE( '', ( #1600 ) );
#1085 = EDGE_LOOP( '', ( #1601, #1602, #1603, #1604 ) );
#1086 = AXIS2_PLACEMENT_3D( '', #1605, #1606, #1607 );
#1087 = SURFACE_SIDE_STYLE( '', ( #1608 ) );
#1088 = EDGE_LOOP( '', ( #1609, #1610, #1611, #1612, #1613, #1614 ) );
#1089 = AXIS2_PLACEMENT_3D( '', #1615, #1616, #1617 );
#1090 = SURFACE_SIDE_STYLE( '', ( #1618 ) );
#1091 = EDGE_LOOP( '', ( #1619, #1620, #1621, #1622 ) );
#1092 = AXIS2_PLACEMENT_3D( '', #1623, #1624, #1625 );
#1093 = SURFACE_SIDE_STYLE( '', ( #1626 ) );
#1094 = EDGE_LOOP( '', ( #1627 ) );
#1095 = AXIS2_PLACEMENT_3D( '', #1628, #1629, #1630 );
#1096 = SURFACE_SIDE_STYLE( '', ( #1631 ) );
#1097 = EDGE_LOOP( '', ( #1632, #1633, #1634, #1635 ) );
#1098 = AXIS2_PLACEMENT_3D( '', #1636, #1637, #1638 );
#1099 = SURFACE_SIDE_STYLE( '', ( #1639 ) );
#1100 = EDGE_LOOP( '', ( #1640, #1641, #1642, #1643 ) );
#1101 = AXIS2_PLACEMENT_3D( '', #1644, #1645, #1646 );
#1102 = SURFACE_SIDE_STYLE( '', ( #1647 ) );
#1103 = EDGE_LOOP( '', ( #1648, #1649, #1650, #1651 ) );
#1104 = AXIS2_PLACEMENT_3D( '', #1652, #1653, #1654 );
#1105 = SURFACE_SIDE_STYLE( '', ( #1655 ) );
#1106 = EDGE_LOOP( '', ( #1656, #1657, #1658, #1659 ) );
#1107 = AXIS2_PLACEMENT_3D( '', #1660, #1661, #1662 );
#1108 = SURFACE_SIDE_STYLE( '', ( #1663 ) );
#1109 = EDGE_LOOP( '', ( #1664, #1665, #1666, #1667, #1668, #1669, #1670, #1671, #1672, #1673 ) );
#1110 = AXIS2_PLACEMENT_3D( '', #1674, #1675, #1676 );
#1111 = SURFACE_SIDE_STYLE( '', ( #1677 ) );
#1112 = EDGE_LOOP( '', ( #1678, #1679, #1680, #1681 ) );
#1113 = AXIS2_PLACEMENT_3D( '', #1682, #1683, #1684 );
#1114 = SURFACE_SIDE_STYLE( '', ( #1685 ) );
#1115 = EDGE_LOOP( '', ( #1686, #1687, #1688, #1689 ) );
#1116 = AXIS2_PLACEMENT_3D( '', #1690, #1691, #1692 );
#1117 = SURFACE_SIDE_STYLE( '', ( #1693 ) );
#1118 = EDGE_LOOP( '', ( #1694, #1695, #1696, #1697 ) );
#1119 = AXIS2_PLACEMENT_3D( '', #1698, #1699, #1700 );
#1120 = SURFACE_SIDE_STYLE( '', ( #1701 ) );
#1121 = EDGE_LOOP( '', ( #1702, #1703, #1704, #1705 ) );
#1122 = AXIS2_PLACEMENT_3D( '', #1706, #1707, #1708 );
#1123 = SURFACE_SIDE_STYLE( '', ( #1709 ) );
#1124 = EDGE_LOOP( '', ( #1710, #1711, #1712, #1713 ) );
#1125 = AXIS2_PLACEMENT_3D( '', #1714, #1715, #1716 );
#1126 = SURFACE_SIDE_STYLE( '', ( #1717 ) );
#1127 = EDGE_LOOP( '', ( #1718, #1719, #1720, #1721 ) );
#1128 = AXIS2_PLACEMENT_3D( '', #1722, #1723, #1724 );
#1129 = SURFACE_SIDE_STYLE( '', ( #1725 ) );
#1130 = EDGE_LOOP( '', ( #1726, #1727, #1728, #1729 ) );
#1131 = AXIS2_PLACEMENT_3D( '', #1730, #1731, #1732 );
#1132 = SURFACE_SIDE_STYLE( '', ( #1733 ) );
#1133 = EDGE_LOOP( '', ( #1734, #1735, #1736, #1737 ) );
#1134 = AXIS2_PLACEMENT_3D( '', #1738, #1739, #1740 );
#1135 = SURFACE_SIDE_STYLE( '', ( #1741 ) );
#1136 = EDGE_LOOP( '', ( #1742, #1743, #1744, #1745 ) );
#1137 = EDGE_LOOP( '', ( #1746 ) );
#1138 = AXIS2_PLACEMENT_3D( '', #1747, #1748, #1749 );
#1139 = SURFACE_SIDE_STYLE( '', ( #1750 ) );
#1140 = EDGE_LOOP( '', ( #1751, #1752, #1753, #1754 ) );
#1141 = AXIS2_PLACEMENT_3D( '', #1755, #1756, #1757 );
#1142 = SURFACE_SIDE_STYLE( '', ( #1758 ) );
#1143 = EDGE_LOOP( '', ( #1759, #1760, #1761, #1762 ) );
#1144 = AXIS2_PLACEMENT_3D( '', #1763, #1764, #1765 );
#1145 = SURFACE_SIDE_STYLE( '', ( #1766 ) );
#1146 = EDGE_LOOP( '', ( #1767, #1768, #1769, #1770 ) );
#1147 = AXIS2_PLACEMENT_3D( '', #1771, #1772, #1773 );
#1148 = SURFACE_SIDE_STYLE( '', ( #1774 ) );
#1149 = EDGE_LOOP( '', ( #1775, #1776, #1777, #1778 ) );
#1150 = AXIS2_PLACEMENT_3D( '', #1779, #1780, #1781 );
#1151 = SURFACE_SIDE_STYLE( '', ( #1782 ) );
#1152 = EDGE_LOOP( '', ( #1783 ) );
#1153 = EDGE_LOOP( '', ( #1784 ) );
#1154 = AXIS2_PLACEMENT_3D( '', #1785, #1786, #1787 );
#1155 = SURFACE_SIDE_STYLE( '', ( #1788 ) );
#1156 = EDGE_LOOP( '', ( #1789, #1790, #1791, #1792, #1793, #1794 ) );
#1157 = AXIS2_PLACEMENT_3D( '', #1795, #1796, #1797 );
#1158 = SURFACE_SIDE_STYLE( '', ( #1798 ) );
#1159 = EDGE_LOOP( '', ( #1799, #1800, #1801, #1802 ) );
#1160 = AXIS2_PLACEMENT_3D( '', #1803, #1804, #1805 );
#1161 = SURFACE_SIDE_STYLE( '', ( #1806 ) );
#1162 = EDGE_LOOP( '', ( #1807, #1808, #1809, #1810 ) );
#1163 = AXIS2_PLACEMENT_3D( '', #1811, #1812, #1813 );
#1164 = SURFACE_SIDE_STYLE( '', ( #1814 ) );
#1165 = EDGE_LOOP( '', ( #1815, #1816, #1817, #1818, #1819 ) );
#1166 = AXIS2_PLACEMENT_3D( '', #1820, #1821, #1822 );
#1167 = SURFACE_SIDE_STYLE( '', ( #1823 ) );
#1168 = EDGE_LOOP( '', ( #1824, #1825, #1826, #1827 ) );
#1169 = AXIS2_PLACEMENT_3D( '', #1828, #1829, #1830 );
#1170 = SURFACE_SIDE_STYLE( '', ( #1831 ) );
#1171 = EDGE_LOOP( '', ( #1832, #1833, #1834, #1835, #1836, #1837, #1838, #1839, #1840, #1841, #1842, #1843 ) );
#1172 = EDGE_LOOP( '', ( #1844 ) );
#1173 = AXIS2_PLACEMENT_3D( '', #1845, #1846, #1847 );
#1174 = SURFACE_SIDE_STYLE( '', ( #1848 ) );
#1175 = EDGE_LOOP( '', ( #1849 ) );
#1176 = EDGE_LOOP( '', ( #1850, #1851 ) );
#1177 = AXIS2_PLACEMENT_3D( '', #1852, #1853, #1854 );
#1178 = SURFACE_SIDE_STYLE( '', ( #1855 ) );
#1179 = EDGE_LOOP( '', ( #1856, #1857, #1858, #1859 ) );
#1180 = EDGE_LOOP( '', ( #1860 ) );
#1181 = AXIS2_PLACEMENT_3D( '', #1861, #1862, #1863 );
#1182 = SURFACE_SIDE_STYLE( '', ( #1864 ) );
#1183 = EDGE_LOOP( '', ( #1865, #1866, #1867, #1868 ) );
#1184 = AXIS2_PLACEMENT_3D( '', #1869, #1870, #1871 );
#1185 = SURFACE_SIDE_STYLE( '', ( #1872 ) );
#1186 = EDGE_LOOP( '', ( #1873, #1874, #1875, #1876 ) );
#1187 = AXIS2_PLACEMENT_3D( '', #1877, #1878, #1879 );
#1188 = SURFACE_SIDE_STYLE( '', ( #1880 ) );
#1189 = EDGE_LOOP( '', ( #1881, #1882, #1883, #1884 ) );
#1190 = AXIS2_PLACEMENT_3D( '', #1885, #1886, #1887 );
#1191 = SURFACE_SIDE_STYLE( '', ( #1888 ) );
#1192 = EDGE_LOOP( '', ( #1889, #1890, #1891, #1892 ) );
#1193 = AXIS2_PLACEMENT_3D( '', #1893, #1894, #1895 );
#1194 = SURFACE_SIDE_STYLE( '', ( #1896 ) );
#1195 = EDGE_LOOP( '', ( #1897, #1898, #1899, #1900 ) );
#1196 = AXIS2_PLACEMENT_3D( '', #1901, #1902, #1903 );
#1197 = SURFACE_SIDE_STYLE( '', ( #1904 ) );
#1198 = EDGE_LOOP( '', ( #1905, #1906, #1907, #1908 ) );
#1199 = AXIS2_PLACEMENT_3D( '', #1909, #1910, #1911 );
#1200 = SURFACE_SIDE_STYLE( '', ( #1912 ) );
#1201 = EDGE_LOOP( '', ( #1913 ) );
#1202 = EDGE_LOOP( '', ( #1914 ) );
#1203 = AXIS2_PLACEMENT_3D( '', #1915, #1916, #1917 );
#1204 = SURFACE_SIDE_STYLE( '', ( #1918 ) );
#1205 = EDGE_LOOP( '', ( #1919, #1920, #1921, #1922, #1923, #1924, #1925, #1926, #1927, #1928, #1929, #1930, #1931, #1932, #1933, #1934, #1935, #1936, #1937, #1938 ) );
#1206 = AXIS2_PLACEMENT_3D( '', #1939, #1940, #1941 );
#1207 = SURFACE_SIDE_STYLE( '', ( #1942 ) );
#1208 = EDGE_LOOP( '', ( #1943, #1944, #1945, #1946, #1947, #1948 ) );
#1209 = AXIS2_PLACEMENT_3D( '', #1949, #1950, #1951 );
#1210 = SURFACE_SIDE_STYLE( '', ( #1952 ) );
#1211 = EDGE_LOOP( '', ( #1953 ) );
#1212 = EDGE_LOOP( '', ( #1954 ) );
#1213 = EDGE_LOOP( '', ( #1955 ) );
#1214 = AXIS2_PLACEMENT_3D( '', #1956, #1957, #1958 );
#1215 = SURFACE_SIDE_STYLE( '', ( #1959 ) );
#1216 = EDGE_LOOP( '', ( #1960 ) );
#1217 = EDGE_LOOP( '', ( #1961, #1962, #1963, #1964, #1965, #1966, #1967, #1968, #1969, #1970 ) );
#1218 = AXIS2_PLACEMENT_3D( '', #1971, #1972, #1973 );
#1219 = SURFACE_SIDE_STYLE( '', ( #1974 ) );
#1220 = EDGE_LOOP( '', ( #1975, #1976, #1977, #1978, #1979 ) );
#1221 = AXIS2_PLACEMENT_3D( '', #1980, #1981, #1982 );
#1222 = SURFACE_SIDE_STYLE( '', ( #1983 ) );
#1223 = EDGE_LOOP( '', ( #1984 ) );
#1224 = EDGE_LOOP( '', ( #1985, #1986, #1987, #1988 ) );
#1225 = AXIS2_PLACEMENT_3D( '', #1989, #1990, #1991 );
#1226 = SURFACE_SIDE_STYLE( '', ( #1992 ) );
#1227 = EDGE_LOOP( '', ( #1993, #1994, #1995, #1996, #1997, #1998, #1999, #2000, #2001, #2002, #2003, #2004, #2005, #2006, #2007, #2008 ) );
#1228 = EDGE_LOOP( '', ( #2009 ) );
#1229 = EDGE_LOOP( '', ( #2010 ) );
#1230 = EDGE_LOOP( '', ( #2011, #2012, #2013, #2014 ) );
#1231 = AXIS2_PLACEMENT_3D( '', #2015, #2016, #2017 );
#1232 = SURFACE_SIDE_STYLE( '', ( #2018 ) );
#1233 = EDGE_LOOP( '', ( #2019, #2020, #2021, #2022 ) );
#1234 = AXIS2_PLACEMENT_3D( '', #2023, #2024, #2025 );
#1235 = SURFACE_SIDE_STYLE( '', ( #2026 ) );
#1236 = EDGE_LOOP( '', ( #2027, #2028, #2029, #2030, #2031, #2032, #2033, #2034, #2035, #2036, #2037, #2038 ) );
#1237 = AXIS2_PLACEMENT_3D( '', #2039, #2040, #2041 );
#1238 = SURFACE_SIDE_STYLE( '', ( #2042 ) );
#1239 = EDGE_LOOP( '', ( #2043, #2044, #2045, #2046 ) );
#1240 = AXIS2_PLACEMENT_3D( '', #2047, #2048, #2049 );
#1241 = SURFACE_SIDE_STYLE( '', ( #2050 ) );
#1242 = EDGE_LOOP( '', ( #2051, #2052, #2053, #2054 ) );
#1243 = AXIS2_PLACEMENT_3D( '', #2055, #2056, #2057 );
#1244 = SURFACE_SIDE_STYLE( '', ( #2058 ) );
#1245 = EDGE_LOOP( '', ( #2059, #2060, #2061, #2062, #2063, #2064 ) );
#1246 = AXIS2_PLACEMENT_3D( '', #2065, #2066, #2067 );
#1247 = SURFACE_SIDE_STYLE( '', ( #2068 ) );
#1248 = EDGE_LOOP( '', ( #2069, #2070, #2071, #2072 ) );
#1249 = AXIS2_PLACEMENT_3D( '', #2073, #2074, #2075 );
#1250 = SURFACE_SIDE_STYLE( '', ( #2076 ) );
#1251 = EDGE_LOOP( '', ( #2077, #2078, #2079, #2080 ) );
#1252 = AXIS2_PLACEMENT_3D( '', #2081, #2082, #2083 );
#1253 = SURFACE_SIDE_STYLE( '', ( #2084 ) );
#1254 = EDGE_LOOP( '', ( #2085, #2086, #2087, #2088 ) );
#1255 = AXIS2_PLACEMENT_3D( '', #2089, #2090, #2091 );
#1256 = SURFACE_SIDE_STYLE( '', ( #2092 ) );
#1257 = EDGE_LOOP( '', ( #2093, #2094, #2095, #2096 ) );
#1258 = AXIS2_PLACEMENT_3D( '', #2097, #2098, #2099 );
#1259 = SURFACE_SIDE_STYLE( '', ( #2100 ) );
#1260 = EDGE_LOOP( '', ( #2101, #2102, #2103, #2104 ) );
#1261 = AXIS2_PLACEMENT_3D( '', #2105, #2106, #2107 );
#1262 = SURFACE_SIDE_STYLE( '', ( #2108 ) );
#1263 = EDGE_LOOP( '', ( #2109 ) );
#1264 = EDGE_LOOP( '', ( #2110 ) );
#1265 = AXIS2_PLACEMENT_3D( '', #2111, #2112, #2113 );
#1266 = SURFACE_SIDE_STYLE( '', ( #2114 ) );
#1267 = EDGE_LOOP( '', ( #2115, #2116, #2117, #2118, #2119, #2120, #2121, #2122, #2123, #2124, #2125, #2126, #2127, #2128 ) );
#1268 = AXIS2_PLACEMENT_3D( '', #2129, #2130, #2131 );
#1269 = SURFACE_SIDE_STYLE( '', ( #2132 ) );
#1270 = EDGE_LOOP( '', ( #2133, #2134, #2135, #2136 ) );
#1271 = AXIS2_PLACEMENT_3D( '', #2137, #2138, #2139 );
#1272 = SURFACE_SIDE_STYLE( '', ( #2140 ) );
#1273 = EDGE_LOOP( '', ( #2141, #2142, #2143, #2144 ) );
#1274 = AXIS2_PLACEMENT_3D( '', #2145, #2146, #2147 );
#1275 = SURFACE_SIDE_STYLE( '', ( #2148 ) );
#1276 = EDGE_LOOP( '', ( #2149, #2150, #2151, #2152 ) );
#1277 = AXIS2_PLACEMENT_3D( '', #2153, #2154, #2155 );
#1278 = SURFACE_SIDE_STYLE( '', ( #2156 ) );
#1279 = EDGE_LOOP( '', ( #2157 ) );
#1280 = EDGE_LOOP( '', ( #2158, #2159 ) );
#1281 = AXIS2_PLACEMENT_3D( '', #2160, #2161, #2162 );
#1282 = SURFACE_SIDE_STYLE( '', ( #2163 ) );
#1283 = EDGE_LOOP( '', ( #2164, #2165, #2166, #2167 ) );
#1284 = AXIS2_PLACEMENT_3D( '', #2168, #2169, #2170 );
#1285 = SURFACE_SIDE_STYLE( '', ( #2171 ) );
#1286 = EDGE_LOOP( '', ( #2172, #2173, #2174, #2175 ) );
#1287 = AXIS2_PLACEMENT_3D( '', #2176, #2177, #2178 );
#1288 = SURFACE_SIDE_STYLE( '', ( #2179 ) );
#1289 = EDGE_LOOP( '', ( #2180, #2181, #2182, #2183 ) );
#1290 = AXIS2_PLACEMENT_3D( '', #2184, #2185, #2186 );
#1291 = SURFACE_SIDE_STYLE( '', ( #2187 ) );
#1292 = EDGE_LOOP( '', ( #2188, #2189, #2190, #2191 ) );
#1293 = AXIS2_PLACEMENT_3D( '', #2192, #2193, #2194 );
#1294 = SURFACE_SIDE_STYLE( '', ( #2195 ) );
#1295 = EDGE_LOOP( '', ( #2196, #2197, #2198, #2199 ) );
#1296 = AXIS2_PLACEMENT_3D( '', #2200, #2201, #2202 );
#1297 = SURFACE_SIDE_STYLE( '', ( #2203 ) );
#1298 = EDGE_LOOP( '', ( #2204, #2205 ) );
#1299 = AXIS2_PLACEMENT_3D( '', #2206, #2207, #2208 );
#1300 = SURFACE_SIDE_STYLE( '', ( #2209 ) );
#1301 = EDGE_LOOP( '', ( #2210, #2211, #2212, #2213 ) );
#1302 = AXIS2_PLACEMENT_3D( '', #2214, #2215, #2216 );
#1303 = SURFACE_SIDE_STYLE( '', ( #2217 ) );
#1304 = EDGE_LOOP( '', ( #2218 ) );
#1305 = EDGE_LOOP( '', ( #2219 ) );
#1306 = AXIS2_PLACEMENT_3D( '', #2220, #2221, #2222 );
#1307 = SURFACE_SIDE_STYLE( '', ( #2223 ) );
#1308 = EDGE_LOOP( '', ( #2224 ) );
#1309 = EDGE_LOOP( '', ( #2225 ) );
#1310 = AXIS2_PLACEMENT_3D( '', #2226, #2227, #2228 );
#1311 = SURFACE_SIDE_STYLE( '', ( #2229 ) );
#1312 = EDGE_LOOP( '', ( #2230 ) );
#1313 = EDGE_LOOP( '', ( #2231 ) );
#1314 = AXIS2_PLACEMENT_3D( '', #2232, #2233, #2234 );
#1315 = SURFACE_SIDE_STYLE( '', ( #2235 ) );
#1316 = EDGE_LOOP( '', ( #2236, #2237, #2238, #2239, #2240, #2241, #2242, #2243, #2244, #2245, #2246, #2247 ) );
#1317 = AXIS2_PLACEMENT_3D( '', #2248, #2249, #2250 );
#1318 = SURFACE_SIDE_STYLE( '', ( #2251 ) );
#1319 = EDGE_LOOP( '', ( #2252 ) );
#1320 = EDGE_LOOP( '', ( #2253, #2254, #2255, #2256, #2257, #2258, #2259, #2260 ) );
#1321 = AXIS2_PLACEMENT_3D( '', #2261, #2262, #2263 );
#1322 = SURFACE_SIDE_STYLE( '', ( #2264 ) );
#1323 = EDGE_LOOP( '', ( #2265, #2266, #2267, #2268 ) );
#1324 = AXIS2_PLACEMENT_3D( '', #2269, #2270, #2271 );
#1325 = SURFACE_SIDE_STYLE( '', ( #2272 ) );
#1326 = EDGE_LOOP( '', ( #2273, #2274, #2275, #2276 ) );
#1327 = AXIS2_PLACEMENT_3D( '', #2277, #2278, #2279 );
#1328 = SURFACE_SIDE_STYLE( '', ( #2280 ) );
#1329 = EDGE_LOOP( '', ( #2281, #2282, #2283, #2284 ) );
#1330 = AXIS2_PLACEMENT_3D( '', #2285, #2286, #2287 );
#1331 = SURFACE_SIDE_STYLE( '', ( #2288 ) );
#1332 = EDGE_LOOP( '', ( #2289, #2290, #2291, #2292, #2293, #2294, #2295, #2296, #2297, #2298, #2299, #2300 ) );
#1333 = EDGE_LOOP( '', ( #2301 ) );
#1334 = AXIS2_PLACEMENT_3D( '', #2302, #2303, #2304 );
#1335 = SURFACE_SIDE_STYLE( '', ( #2305 ) );
#1336 = EDGE_LOOP( '', ( #2306, #2307, #2308, #2309 ) );
#1337 = AXIS2_PLACEMENT_3D( '', #2310, #2311, #2312 );
#1338 = SURFACE_SIDE_STYLE( '', ( #2313 ) );
#1339 = EDGE_LOOP( '', ( #2314, #2315, #2316, #2317 ) );
#1340 = AXIS2_PLACEMENT_3D( '', #2318, #2319, #2320 );
#1341 = SURFACE_SIDE_STYLE( '', ( #2321 ) );
#1342 = EDGE_LOOP( '', ( #2322 ) );
#1343 = AXIS2_PLACEMENT_3D( '', #2323, #2324, #2325 );
#1344 = SURFACE_SIDE_STYLE( '', ( #2326 ) );
#1345 = EDGE_LOOP( '', ( #2327, #2328, #2329, #2330 ) );
#1346 = AXIS2_PLACEMENT_3D( '', #2331, #2332, #2333 );
#1347 = SURFACE_SIDE_STYLE( '', ( #2334 ) );
#1348 = EDGE_LOOP( '', ( #2335, #2336, #2337, #2338 ) );
#1349 = AXIS2_PLACEMENT_3D( '', #2339, #2340, #2341 );
#1350 = SURFACE_SIDE_STYLE( '', ( #2342 ) );
#1351 = EDGE_LOOP( '', ( #2343, #2344, #2345, #2346, #2347, #2348, #2349, #2350, #2351, #2352, #2353, #2354, #2355, #2356, #2357, #2358, #2359, #2360, #2361, #2362 ) );
#1352 = AXIS2_PLACEMENT_3D( '', #2363, #2364, #2365 );
#1353 = SURFACE_SIDE_STYLE( '', ( #2366 ) );
#1354 = EDGE_LOOP( '', ( #2367, #2368, #2369, #2370 ) );
#1355 = AXIS2_PLACEMENT_3D( '', #2371, #2372, #2373 );
#1356 = SURFACE_SIDE_STYLE( '', ( #2374 ) );
#1357 = EDGE_LOOP( '', ( #2375 ) );
#1358 = EDGE_LOOP( '', ( #2376, #2377, #2378, #2379, #2380, #2381, #2382, #2383, #2384, #2385 ) );
#1359 = AXIS2_PLACEMENT_3D( '', #2386, #2387, #2388 );
#1360 = SURFACE_SIDE_STYLE( '', ( #2389 ) );
#1361 = EDGE_LOOP( '', ( #2390, #2391, #2392, #2393, #2394, #2395, #2396, #2397 ) );
#1362 = AXIS2_PLACEMENT_3D( '', #2398, #2399, #2400 );
#1363 = SURFACE_SIDE_STYLE( '', ( #2401 ) );
#1364 = EDGE_LOOP( '', ( #2402, #2403, #2404, #2405 ) );
#1365 = AXIS2_PLACEMENT_3D( '', #2406, #2407, #2408 );
#1366 = SURFACE_SIDE_STYLE( '', ( #2409 ) );
#1367 = EDGE_LOOP( '', ( #2410, #2411, #2412, #2413 ) );
#1368 = AXIS2_PLACEMENT_3D( '', #2414, #2415, #2416 );
#1369 = SURFACE_SIDE_STYLE( '', ( #2417 ) );
#1370 = EDGE_LOOP( '', ( #2418 ) );
#1371 = EDGE_LOOP( '', ( #2419 ) );
#1372 = AXIS2_PLACEMENT_3D( '', #2420, #2421, #2422 );
#1373 = SURFACE_SIDE_STYLE( '', ( #2423 ) );
#1374 = EDGE_LOOP( '', ( #2424 ) );
#1375 = EDGE_LOOP( '', ( #2425 ) );
#1376 = AXIS2_PLACEMENT_3D( '', #2426, #2427, #2428 );
#1377 = SURFACE_SIDE_STYLE( '', ( #2429 ) );
#1378 = EDGE_LOOP( '', ( #2430, #2431, #2432, #2433, #2434, #2435, #2436, #2437, #2438, #2439, #2440, #2441 ) );
#1379 = AXIS2_PLACEMENT_3D( '', #2442, #2443, #2444 );
#1380 = SURFACE_SIDE_STYLE( '', ( #2445 ) );
#1381 = EDGE_LOOP( '', ( #2446, #2447, #2448, #2449, #2450, #2451 ) );
#1382 = AXIS2_PLACEMENT_3D( '', #2452, #2453, #2454 );
#1383 = SURFACE_SIDE_STYLE( '', ( #2455 ) );
#1384 = EDGE_LOOP( '', ( #2456, #2457, #2458, #2459 ) );
#1385 = AXIS2_PLACEMENT_3D( '', #2460, #2461, #2462 );
#1386 = SURFACE_SIDE_STYLE( '', ( #2463 ) );
#1387 = EDGE_LOOP( '', ( #2464, #2465, #2466, #2467 ) );
#1388 = AXIS2_PLACEMENT_3D( '', #2468, #2469, #2470 );
#1389 = SURFACE_SIDE_STYLE( '', ( #2471 ) );
#1390 = EDGE_LOOP( '', ( #2472, #2473, #2474, #2475 ) );
#1391 = AXIS2_PLACEMENT_3D( '', #2476, #2477, #2478 );
#1392 = SURFACE_SIDE_STYLE( '', ( #2479 ) );
#1393 = EDGE_LOOP( '', ( #2480 ) );
#1394 = EDGE_LOOP( '', ( #2481, #2482, #2483, #2484 ) );
#1395 = AXIS2_PLACEMENT_3D( '', #2485, #2486, #2487 );
#1396 = SURFACE_SIDE_STYLE( '', ( #2488 ) );
#1397 = EDGE_LOOP( '', ( #2489, #2490, #2491, #2492 ) );
#1398 = AXIS2_PLACEMENT_3D( '', #2493, #2494, #2495 );
#1399 = SURFACE_SIDE_STYLE( '', ( #2496 ) );
#1400 = EDGE_LOOP( '', ( #2497, #2498, #2499, #2500, #2501, #2502, #2503, #2504, #2505, #2506, #2507, #2508 ) );
#1401 = AXIS2_PLACEMENT_3D( '', #2509, #2510, #2511 );
#1402 = SURFACE_SIDE_STYLE( '', ( #2512 ) );
#1403 = EDGE_LOOP( '', ( #2513, #2514, #2515, #2516, #2517, #2518, #2519, #2520, #2521, #2522, #2523, #2524, #2525, #2526 ) );
#1404 = AXIS2_PLACEMENT_3D( '', #2527, #2528, #2529 );
#1405 = SURFACE_SIDE_STYLE( '', ( #2530 ) );
#1406 = EDGE_LOOP( '', ( #2531, #2532, #2533, #2534 ) );
#1407 = AXIS2_PLACEMENT_3D( '', #2535, #2536, #2537 );
#1408 = SURFACE_SIDE_STYLE( '', ( #2538 ) );
#1409 = EDGE_LOOP( '', ( #2539, #2540, #2541, #2542 ) );
#1410 = AXIS2_PLACEMENT_3D( '', #2543, #2544, #2545 );
#1411 = SURFACE_SIDE_STYLE( '', ( #2546 ) );
#1412 = EDGE_LOOP( '', ( #2547 ) );
#1413 = EDGE_LOOP( '', ( #2548 ) );
#1414 = AXIS2_PLACEMENT_3D( '', #2549, #2550, #2551 );
#1415 = SURFACE_SIDE_STYLE( '', ( #2552 ) );
#1416 = EDGE_LOOP( '', ( #2553, #2554, #2555, #2556 ) );
#1417 = AXIS2_PLACEMENT_3D( '', #2557, #2558, #2559 );
#1418 = SURFACE_SIDE_STYLE( '', ( #2560 ) );
#1419 = EDGE_LOOP( '', ( #2561, #2562, #2563, #2564 ) );
#1420 = AXIS2_PLACEMENT_3D( '', #2565, #2566, #2567 );
#1421 = SURFACE_SIDE_STYLE( '', ( #2568 ) );
#1422 = EDGE_LOOP( '', ( #2569 ) );
#1423 = EDGE_LOOP( '', ( #2570 ) );
#1424 = AXIS2_PLACEMENT_3D( '', #2571, #2572, #2573 );
#1425 = SURFACE_SIDE_STYLE( '', ( #2574 ) );
#1426 = EDGE_LOOP( '', ( #2575, #2576, #2577, #2578 ) );
#1427 = AXIS2_PLACEMENT_3D( '', #2579, #2580, #2581 );
#1428 = SURFACE_SIDE_STYLE( '', ( #2582 ) );
#1429 = EDGE_LOOP( '', ( #2583, #2584, #2585, #2586 ) );
#1430 = AXIS2_PLACEMENT_3D( '', #2587, #2588, #2589 );
#1431 = SURFACE_SIDE_STYLE( '', ( #2590 ) );
#1432 = EDGE_LOOP( '', ( #2591, #2592, #2593, #2594 ) );
#1433 = AXIS2_PLACEMENT_3D( '', #2595, #2596, #2597 );
#1434 = SURFACE_SIDE_STYLE( '', ( #2598 ) );
#1435 = EDGE_LOOP( '', ( #2599, #2600, #2601, #2602 ) );
#1436 = AXIS2_PLACEMENT_3D( '', #2603, #2604, #2605 );
#1437 = SURFACE_SIDE_STYLE( '', ( #2606 ) );
#1438 = EDGE_LOOP( '', ( #2607, #2608, #2609, #2610, #2611, #2612, #2613, #2614, #2615, #2616 ) );
#1439 = AXIS2_PLACEMENT_3D( '', #2617, #2618, #2619 );
#1441 =  ( LENGTH_UNIT(  )NAMED_UNIT( #1008 )SI_UNIT( .MILLI., .METRE. ) );
#1442 = SURFACE_STYLE_FILL_AREA( #2621 );
#1443 = ORIENTED_EDGE( '', *, *, #2622, .F. );
#1444 = ORIENTED_EDGE( '', *, *, #2623, .F. );
#1445 = CARTESIAN_POINT( '', ( 0.000000000000000, 0.000000000000000, -0.550000000000000 ) );
#1446 = DIRECTION( '', ( 0.000000000000000, 0.000000000000000, -1.00000000000000 ) );
#1447 = DIRECTION( '', ( -1.00000000000000, 0.000000000000000, 0.000000000000000 ) );
#1448 = SURFACE_STYLE_FILL_AREA( #2624 );
#1449 = ORIENTED_EDGE( '', *, *, #2625, .F. );
#1450 = ORIENTED_EDGE( '', *, *, #2626, .T. );
#1451 = CARTESIAN_POINT( '', ( -2.50000000000000, -0.450000000000000, 1.20000000000000 ) );
#1452 = DIRECTION( '', ( 0.000000000000000, 3.46944695195362E-016, -1.00000000000000 ) );
#1453 = DIRECTION( '', ( 0.000000000000000, 1.00000000000000, 3.46944695195362E-016 ) );
#1454 = SURFACE_STYLE_FILL_AREA( #2627 );
#1455 = ORIENTED_EDGE( '', *, *, #2628, .T. );
#1456 = ORIENTED_EDGE( '', *, *, #2629, .T. );
#1457 = CARTESIAN_POINT( '', ( 0.000000000000000, 0.000000000000000, -4.55000000000000 ) );
#1458 = DIRECTION( '', ( -0.000000000000000, -0.000000000000000, -1.00000000000000 ) );
#1459 = DIRECTION( '', ( 1.00000000000000, 0.000000000000000, 0.000000000000000 ) );
#1460 = SURFACE_STYLE_FILL_AREA( #2630 );
#1461 = ORIENTED_EDGE( '', *, *, #2631, .F. );
#1462 = ORIENTED_EDGE( '', *, *, #2632, .F. );
#1463 = ORIENTED_EDGE( '', *, *, #2633, .F. );
#1464 = ORIENTED_EDGE( '', *, *, #2634, .F. );
#1465 = CARTESIAN_POINT( '', ( 1.15000000000000, 1.15000000000000, 0.713993411466799 ) );
#1466 = DIRECTION( '', ( -0.000000000000000, -0.000000000000000, -1.00000000000000 ) );
#1467 = DIRECTION( '', ( 1.00000000000000, 0.000000000000000, 0.000000000000000 ) );
#1468 = SURFACE_STYLE_FILL_AREA( #2635 );
#1469 = ORIENTED_EDGE( '', *, *, #2636, .T. );
#1470 = ORIENTED_EDGE( '', *, *, #2637, .F. );
#1471 = ORIENTED_EDGE( '', *, *, #2638, .F. );
#1472 = ORIENTED_EDGE( '', *, *, #2639, .T. );
#1473 = CARTESIAN_POINT( '', ( -5.60000000000000, -1.27500000000000, 1.45000000000000 ) );
#1474 = DIRECTION( '', ( -0.124034734589214, -0.992277876713667, -3.44265545485523E-016 ) );
#1475 = DIRECTION( '', ( 0.992277876713667, -0.124034734589214, 0.000000000000000 ) );
#1476 = SURFACE_STYLE_FILL_AREA( #2640 );
#1477 = ORIENTED_EDGE( '', *, *, #2641, .F. );
#1478 = ORIENTED_EDGE( '', *, *, #2642, .F. );
#1479 = CARTESIAN_POINT( '', ( 6.17995238316738E-016, 0.000000000000000, -5.70000000000000 ) );
#1480 = DIRECTION( '', ( -1.08420217248550E-016, 0.000000000000000, 1.00000000000000 ) );
#1481 = DIRECTION( '', ( 1.00000000000000, 0.000000000000000, 1.08420217248550E-016 ) );
#1482 = SURFACE_STYLE_FILL_AREA( #2643 );
#1483 = ORIENTED_EDGE( '', *, *, #2644, .F. );
#1484 = ORIENTED_EDGE( '', *, *, #2645, .T. );
#1485 = ORIENTED_EDGE( '', *, *, #2646, .T. );
#1486 = ORIENTED_EDGE( '', *, *, #2647, .F. );
#1487 = CARTESIAN_POINT( '', ( -1.95000000000000, 2.42279891062554, -0.396088459430053 ) );
#1488 = DIRECTION( '', ( -0.000000000000000, 0.691584512246714, 0.722295550602712 ) );
#1489 = DIRECTION( '', ( 1.00000000000000, 0.000000000000000, 0.000000000000000 ) );
#1490 = SURFACE_STYLE_FILL_AREA( #2648 );
#1491 = ORIENTED_EDGE( '', *, *, #2649, .F. );
#1492 = ORIENTED_EDGE( '', *, *, #2650, .F. );
#1493 = ORIENTED_EDGE( '', *, *, #2651, .F. );
#1494 = ORIENTED_EDGE( '', *, *, #2652, .F. );
#1495 = CARTESIAN_POINT( '', ( -1.15000000000000, -1.15000000000000, -1.11838401003276 ) );
#1496 = DIRECTION( '', ( -0.000000000000000, -0.000000000000000, 1.00000000000000 ) );
#1497 = DIRECTION( '', ( -1.00000000000000, 0.000000000000000, 0.000000000000000 ) );
#1498 = SURFACE_STYLE_FILL_AREA( #2653 );
#1499 = ORIENTED_EDGE( '', *, *, #2654, .T. );
#1500 = ORIENTED_EDGE( '', *, *, #2655, .T. );
#1501 = CARTESIAN_POINT( '', ( 0.000000000000000, 0.000000000000000, 0.750000000000000 ) );
#1502 = DIRECTION( '', ( 0.000000000000000, 0.000000000000000, -1.00000000000000 ) );
#1503 = DIRECTION( '', ( -1.00000000000000, 0.000000000000000, 0.000000000000000 ) );
#1504 = SURFACE_STYLE_FILL_AREA( #2656 );
#1505 = ORIENTED_EDGE( '', *, *, #2657, .F. );
#1506 = ORIENTED_EDGE( '', *, *, #2658, .F. );
#1507 = CARTESIAN_POINT( '', ( -7.64362531602281E-016, 0.000000000000000, 2.35000000000000 ) );
#1508 = DIRECTION( '', ( -3.25260651745653E-016, 0.000000000000000, 1.00000000000000 ) );
#1509 = DIRECTION( '', ( 1.00000000000000, 0.000000000000000, 3.25260651745653E-016 ) );
#1510 = SURFACE_STYLE_FILL_AREA( #2659 );
#1511 = ORIENTED_EDGE( '', *, *, #2660, .F. );
#1512 = ORIENTED_EDGE( '', *, *, #2661, .T. );
#1513 = ORIENTED_EDGE( '', *, *, #2662, .T. );
#1514 = ORIENTED_EDGE( '', *, *, #2663, .T. );
#1515 = CARTESIAN_POINT( '', ( 5.00000000000000, 3.75000000000000, 4.95000000000000 ) );
#1516 = DIRECTION( '', ( 0.000000000000000, 1.00000000000000, 1.31418445149758E-016 ) );
#1517 = DIRECTION( '', ( 0.000000000000000, -1.31418445149758E-016, 1.00000000000000 ) );
#1518 = SURFACE_STYLE_FILL_AREA( #2664 );
#1519 = ORIENTED_EDGE( '', *, *, #2665, .T. );
#1520 = ORIENTED_EDGE( '', *, *, #2666, .T. );
#1521 = ORIENTED_EDGE( '', *, *, #2667, .T. );
#1522 = ORIENTED_EDGE( '', *, *, #2668, .F. );
#1523 = CARTESIAN_POINT( '', ( -0.950000000000000, -1.95000000000000, 1.15030437415227 ) );
#1524 = DIRECTION( '', ( -1.00000000000000, 0.000000000000000, 0.000000000000000 ) );
#1525 = DIRECTION( '', ( 0.000000000000000, 0.000000000000000, 1.00000000000000 ) );
#1526 = SURFACE_STYLE_FILL_AREA( #2669 );
#1527 = ORIENTED_EDGE( '', *, *, #2670, .T. );
#1528 = ORIENTED_EDGE( '', *, *, #2671, .F. );
#1529 = ORIENTED_EDGE( '', *, *, #2672, .T. );
#1530 = ORIENTED_EDGE( '', *, *, #2673, .F. );
#1531 = CARTESIAN_POINT( '', ( 0.000000000000000, 0.000000000000000, -0.250000000000000 ) );
#1532 = DIRECTION( '', ( 0.000000000000000, 0.000000000000000, -1.00000000000000 ) );
#1533 = DIRECTION( '', ( -1.00000000000000, 0.000000000000000, 0.000000000000000 ) );
#1534 = SURFACE_STYLE_FILL_AREA( #2674 );
#1535 = ORIENTED_EDGE( '', *, *, #2675, .F. );
#1536 = ORIENTED_EDGE( '', *, *, #2676, .F. );
#1537 = ORIENTED_EDGE( '', *, *, #2677, .F. );
#1538 = ORIENTED_EDGE( '', *, *, #2678, .F. );
#1539 = CARTESIAN_POINT( '', ( 0.000000000000000, -5.72458747072346E-016, 1.65000000000000 ) );
#1540 = DIRECTION( '', ( 0.000000000000000, 3.46944695195362E-016, -1.00000000000000 ) );
#1541 = DIRECTION( '', ( 0.000000000000000, 1.00000000000000, 3.46944695195362E-016 ) );
#1542 = SURFACE_STYLE_FILL_AREA( #2679 );
#1543 = ORIENTED_EDGE( '', *, *, #2680, .T. );
#1544 = ORIENTED_EDGE( '', *, *, #2681, .T. );
#1545 = ORIENTED_EDGE( '', *, *, #2682, .T. );
#1546 = ORIENTED_EDGE( '', *, *, #2683, .F. );
#1547 = ORIENTED_EDGE( '', *, *, #2684, .T. );
#1548 = ORIENTED_EDGE( '', *, *, #2685, .T. );
#1549 = CARTESIAN_POINT( '', ( -1.95000000000000, 2.96274624022099, 0.534030133533697 ) );
#1550 = DIRECTION( '', ( 0.000000000000000, 0.436268798895051, 0.899816389665508 ) );
#1551 = DIRECTION( '', ( 0.000000000000000, -0.899816389665508, 0.436268798895051 ) );
#1552 = SURFACE_STYLE_FILL_AREA( #2686 );
#1553 = ORIENTED_EDGE( '', *, *, #2687, .F. );
#1554 = ORIENTED_EDGE( '', *, *, #2647, .T. );
#1555 = ORIENTED_EDGE( '', *, *, #2688, .T. );
#1556 = ORIENTED_EDGE( '', *, *, #2689, .F. );
#1557 = CARTESIAN_POINT( '', ( -1.95000000000000, 1.73121439837882, -1.11838401003276 ) );
#1558 = DIRECTION( '', ( 0.000000000000000, 0.722295550602712, -0.691584512246714 ) );
#1559 = DIRECTION( '', ( 0.000000000000000, 0.691584512246714, 0.722295550602712 ) );
#1560 = SURFACE_STYLE_FILL_AREA( #2690 );
#1561 = ORIENTED_EDGE( '', *, *, #2691, .T. );
#1562 = ORIENTED_EDGE( '', *, *, #2692, .F. );
#1563 = ORIENTED_EDGE( '', *, *, #2693, .F. );
#1564 = ORIENTED_EDGE( '', *, *, #2694, .T. );
#1565 = CARTESIAN_POINT( '', ( -1.95000000000000, -1.95636726356911, -0.950101458050757 ) );
#1566 = DIRECTION( '', ( 0.000000000000000, -0.0636726356910638, -0.997970838984864 ) );
#1567 = DIRECTION( '', ( 0.000000000000000, 0.997970838984864, -0.0636726356910638 ) );
#1568 = SURFACE_STYLE_FILL_AREA( #2695 );
#1569 = ORIENTED_EDGE( '', *, *, #2696, .T. );
#1570 = ORIENTED_EDGE( '', *, *, #2697, .F. );
#1571 = ORIENTED_EDGE( '', *, *, #2698, .F. );
#1572 = ORIENTED_EDGE( '', *, *, #2699, .T. );
#1573 = CARTESIAN_POINT( '', ( 5.60000000000000, 1.95000000000000, 1.45000000000000 ) );
#1574 = DIRECTION( '', ( -1.00000000000000, 0.000000000000000, 0.000000000000000 ) );
#1575 = DIRECTION( '', ( 0.000000000000000, 0.000000000000000, 1.00000000000000 ) );
#1576 = SURFACE_STYLE_FILL_AREA( #2700 );
#1577 = ORIENTED_EDGE( '', *, *, #2701, .F. );
#1578 = ORIENTED_EDGE( '', *, *, #2702, .F. );
#1579 = ORIENTED_EDGE( '', *, *, #2678, .T. );
#1580 = ORIENTED_EDGE( '', *, *, #2703, .T. );
#1581 = CARTESIAN_POINT( '', ( -0.199999999999997, 1.85000000000000, 1.65000000000000 ) );
#1582 = DIRECTION( '', ( 0.000000000000000, -1.00000000000000, -3.46944695195362E-016 ) );
#1583 = DIRECTION( '', ( 0.000000000000000, 3.46944695195362E-016, -1.00000000000000 ) );
#1584 = SURFACE_STYLE_FILL_AREA( #2704 );
#1585 = ORIENTED_EDGE( '', *, *, #2705, .T. );
#1586 = ORIENTED_EDGE( '', *, *, #2706, .T. );
#1587 = ORIENTED_EDGE( '', *, *, #2707, .T. );
#1588 = ORIENTED_EDGE( '', *, *, #2708, .T. );
#1589 = CARTESIAN_POINT( '', ( 0.000000000000000, -5.03069808033275E-016, 1.45000000000000 ) );
#1590 = DIRECTION( '', ( 0.000000000000000, -3.46944695195362E-016, 1.00000000000000 ) );
#1591 = DIRECTION( '', ( 0.000000000000000, -1.00000000000000, -3.46944695195362E-016 ) );
#1592 = SURFACE_STYLE_FILL_AREA( #2709 );
#1593 = ORIENTED_EDGE( '', *, *, #2710, .T. );
#1594 = ORIENTED_EDGE( '', *, *, #2711, .F. );
#1595 = ORIENTED_EDGE( '', *, *, #2707, .F. );
#1596 = ORIENTED_EDGE( '', *, *, #2712, .T. );
#1597 = CARTESIAN_POINT( '', ( 4.40000000000000, -1.27500000000000, 1.45000000000000 ) );
#1598 = DIRECTION( '', ( -1.00000000000000, 0.000000000000000, 0.000000000000000 ) );
#1599 = DIRECTION( '', ( 0.000000000000000, 0.000000000000000, 1.00000000000000 ) );
#1600 = SURFACE_STYLE_FILL_AREA( #2713 );
#1601 = ORIENTED_EDGE( '', *, *, #2714, .F. );
#1602 = ORIENTED_EDGE( '', *, *, #2715, .F. );
#1603 = ORIENTED_EDGE( '', *, *, #2716, .T. );
#1604 = ORIENTED_EDGE( '', *, *, #2717, .T. );
#1605 = CARTESIAN_POINT( '', ( -0.500000000000000, 1.75000000000000, 0.900000000000000 ) );
#1606 = DIRECTION( '', ( -1.00000000000000, 0.000000000000000, 0.000000000000000 ) );
#1607 = DIRECTION( '', ( 0.000000000000000, 0.000000000000000, 1.00000000000000 ) );
#1608 = SURFACE_STYLE_FILL_AREA( #2718 );
#1609 = ORIENTED_EDGE( '', *, *, #2682, .F. );
#1610 = ORIENTED_EDGE( '', *, *, #2719, .T. );
#1611 = ORIENTED_EDGE( '', *, *, #2720, .T. );
#1612 = ORIENTED_EDGE( '', *, *, #2721, .T. );
#1613 = ORIENTED_EDGE( '', *, *, #2722, .F. );
#1614 = ORIENTED_EDGE( '', *, *, #2723, .F. );
#1615 = CARTESIAN_POINT( '', ( 0.950000000000000, 3.05000000000000, -6.04066218118645 ) );
#1616 = DIRECTION( '', ( -1.00000000000000, 9.85638338623186E-017, 0.000000000000000 ) );
#1617 = DIRECTION( '', ( -9.85638338623186E-017, -1.00000000000000, 0.000000000000000 ) );
#1618 = SURFACE_STYLE_FILL_AREA( #2724 );
#1619 = ORIENTED_EDGE( '', *, *, #2725, .T. );
#1620 = ORIENTED_EDGE( '', *, *, #2726, .T. );
#1621 = ORIENTED_EDGE( '', *, *, #2694, .F. );
#1622 = ORIENTED_EDGE( '', *, *, #2727, .F. );
#1623 = CARTESIAN_POINT( '', ( -1.95000000000000, -1.95000000000000, -0.850304374152270 ) );
#1624 = DIRECTION( '', ( -1.00000000000000, -0.000000000000000, -0.000000000000000 ) );
#1625 = DIRECTION( '', ( 0.000000000000000, 0.000000000000000, -1.00000000000000 ) );
#1626 = SURFACE_STYLE_FILL_AREA( #2728 );
#1627 = ORIENTED_EDGE( '', *, *, #2729, .T. );
#1628 = CARTESIAN_POINT( '', ( 0.000000000000000, 0.000000000000000, -4.55000000000000 ) );
#1629 = DIRECTION( '', ( 0.000000000000000, 0.000000000000000, 1.00000000000000 ) );
#1630 = DIRECTION( '', ( 1.00000000000000, 0.000000000000000, 0.000000000000000 ) );
#1631 = SURFACE_STYLE_FILL_AREA( #2730 );
#1632 = ORIENTED_EDGE( '', *, *, #2731, .T. );
#1633 = ORIENTED_EDGE( '', *, *, #2732, .T. );
#1634 = ORIENTED_EDGE( '', *, *, #2733, .F. );
#1635 = ORIENTED_EDGE( '', *, *, #2734, .F. );
#1636 = CARTESIAN_POINT( '', ( -1.17500000000000, -1.95000000000000, -0.611889603863748 ) );
#1637 = DIRECTION( '', ( -0.726394670896187, 0.000000000000000, -0.687277805616929 ) );
#1638 = DIRECTION( '', ( -0.687277805616929, 0.000000000000000, 0.726394670896187 ) );
#1639 = SURFACE_STYLE_FILL_AREA( #2735 );
#1640 = ORIENTED_EDGE( '', *, *, #2736, .T. );
#1641 = ORIENTED_EDGE( '', *, *, #2737, .F. );
#1642 = ORIENTED_EDGE( '', *, *, #2738, .F. );
#1643 = ORIENTED_EDGE( '', *, *, #2739, .T. );
#1644 = CARTESIAN_POINT( '', ( -5.00000000000000, 2.72500000000000, 1.45000000000000 ) );
#1645 = DIRECTION( '', ( -0.124034734589211, 0.992277876713667, 1.14755181828508E-016 ) );
#1646 = DIRECTION( '', ( -0.992277876713667, -0.124034734589211, 0.000000000000000 ) );
#1647 = SURFACE_STYLE_FILL_AREA( #2740 );
#1648 = ORIENTED_EDGE( '', *, *, #2741, .T. );
#1649 = ORIENTED_EDGE( '', *, *, #2742, .F. );
#1650 = ORIENTED_EDGE( '', *, *, #2743, .F. );
#1651 = ORIENTED_EDGE( '', *, *, #2744, .F. );
#1652 = CARTESIAN_POINT( '', ( 0.000000000000000, 1.75000000000000, 2.27682456221956E-016 ) );
#1653 = DIRECTION( '', ( 0.000000000000000, 1.00000000000000, 1.30104260698261E-016 ) );
#1654 = DIRECTION( '', ( 0.000000000000000, -1.30104260698261E-016, 1.00000000000000 ) );
#1655 = SURFACE_STYLE_FILL_AREA( #2745 );
#1656 = ORIENTED_EDGE( '', *, *, #2746, .F. );
#1657 = ORIENTED_EDGE( '', *, *, #2747, .F. );
#1658 = ORIENTED_EDGE( '', *, *, #2685, .F. );
#1659 = ORIENTED_EDGE( '', *, *, #2748, .F. );
#1660 = CARTESIAN_POINT( '', ( -0.750000000000000, 0.00905334785243064, -5.09960967939043 ) );
#1661 = DIRECTION( '', ( -4.30003254136051E-017, 0.436268798895052, 0.899816389665508 ) );
#1662 = DIRECTION( '', ( 0.000000000000000, 0.899816389665508, -0.436268798895052 ) );
#1663 = SURFACE_STYLE_FILL_AREA( #2749 );
#1664 = ORIENTED_EDGE( '', *, *, #2750, .T. );
#1665 = ORIENTED_EDGE( '', *, *, #2751, .T. );
#1666 = ORIENTED_EDGE( '', *, *, #2752, .T. );
#1667 = ORIENTED_EDGE( '', *, *, #2753, .T. );
#1668 = ORIENTED_EDGE( '', *, *, #2754, .T. );
#1669 = ORIENTED_EDGE( '', *, *, #2725, .F. );
#1670 = ORIENTED_EDGE( '', *, *, #2755, .F. );
#1671 = ORIENTED_EDGE( '', *, *, #2731, .F. );
#1672 = ORIENTED_EDGE( '', *, *, #2756, .F. );
#1673 = ORIENTED_EDGE( '', *, *, #2757, .F. );
#1674 = CARTESIAN_POINT( '', ( -1.95000000000000, -2.05000000000000, 0.850304374152270 ) );
#1675 = DIRECTION( '', ( 0.000000000000000, -1.00000000000000, 0.000000000000000 ) );
#1676 = DIRECTION( '', ( 0.000000000000000, 0.000000000000000, -1.00000000000000 ) );
#1677 = SURFACE_STYLE_FILL_AREA( #2758 );
#1678 = ORIENTED_EDGE( '', *, *, #2759, .T. );
#1679 = ORIENTED_EDGE( '', *, *, #2760, .F. );
#1680 = ORIENTED_EDGE( '', *, *, #2761, .F. );
#1681 = ORIENTED_EDGE( '', *, *, #2762, .F. );
#1682 = CARTESIAN_POINT( '', ( -2.50000000000000, -0.450000000000000, 10.9955322896415 ) );
#1683 = DIRECTION( '', ( -0.000000000000000, -1.15648231731787E-016, 1.00000000000000 ) );
#1684 = DIRECTION( '', ( 0.000000000000000, 1.00000000000000, 1.15648231731787E-016 ) );
#1685 = SURFACE_STYLE_FILL_AREA( #2763 );
#1686 = ORIENTED_EDGE( '', *, *, #2692, .T. );
#1687 = ORIENTED_EDGE( '', *, *, #2764, .F. );
#1688 = ORIENTED_EDGE( '', *, *, #2765, .F. );
#1689 = ORIENTED_EDGE( '', *, *, #2766, .T. );
#1690 = CARTESIAN_POINT( '', ( -1.95000000000000, 1.18949273542679, -0.599695625847730 ) );
#1691 = DIRECTION( '', ( -1.00000000000000, -0.000000000000000, -0.000000000000000 ) );
#1692 = DIRECTION( '', ( 0.000000000000000, 0.000000000000000, -1.00000000000000 ) );
#1693 = SURFACE_STYLE_FILL_AREA( #2767 );
#1694 = ORIENTED_EDGE( '', *, *, #2768, .T. );
#1695 = ORIENTED_EDGE( '', *, *, #2769, .F. );
#1696 = ORIENTED_EDGE( '', *, *, #2770, .F. );
#1697 = ORIENTED_EDGE( '', *, *, #2697, .T. );
#1698 = CARTESIAN_POINT( '', ( 5.60000000000000, 2.80000000000000, 1.45000000000000 ) );
#1699 = DIRECTION( '', ( 0.124034734589209, -0.992277876713668, -1.14755181828508E-016 ) );
#1700 = DIRECTION( '', ( 0.992277876713668, 0.124034734589209, 0.000000000000000 ) );
#1701 = SURFACE_STYLE_FILL_AREA( #2771 );
#1702 = ORIENTED_EDGE( '', *, *, #2772, .T. );
#1703 = ORIENTED_EDGE( '', *, *, #2773, .F. );
#1704 = ORIENTED_EDGE( '', *, *, #2774, .F. );
#1705 = ORIENTED_EDGE( '', *, *, #2775, .F. );
#1706 = CARTESIAN_POINT( '', ( 0.000000000000000, 1.75000000000000, 2.27682456221956E-016 ) );
#1707 = DIRECTION( '', ( 0.000000000000000, 1.00000000000000, 1.30104260698261E-016 ) );
#1708 = DIRECTION( '', ( 0.000000000000000, -1.30104260698261E-016, 1.00000000000000 ) );
#1709 = SURFACE_STYLE_FILL_AREA( #2776 );
#1710 = ORIENTED_EDGE( '', *, *, #2777, .T. );
#1711 = ORIENTED_EDGE( '', *, *, #2778, .F. );
#1712 = ORIENTED_EDGE( '', *, *, #2779, .F. );
#1713 = ORIENTED_EDGE( '', *, *, #2780, .F. );
#1714 = CARTESIAN_POINT( '', ( 3.15000000000000, -3.75000000000000, 10.9955322896415 ) );
#1715 = DIRECTION( '', ( -0.998607432115752, -0.0527560093561339, -6.10113919526250E-018 ) );
#1716 = DIRECTION( '', ( 0.0527560093561339, -0.998607432115752, 0.000000000000000 ) );
#1717 = SURFACE_STYLE_FILL_AREA( #2781 );
#1718 = ORIENTED_EDGE( '', *, *, #2757, .T. );
#1719 = ORIENTED_EDGE( '', *, *, #2782, .T. );
#1720 = ORIENTED_EDGE( '', *, *, #2783, .F. );
#1721 = ORIENTED_EDGE( '', *, *, #2667, .F. );
#1722 = CARTESIAN_POINT( '', ( -0.950000000000000, -1.95000000000000, 0.850304374152270 ) );
#1723 = DIRECTION( '', ( -0.726394670896187, 0.000000000000000, 0.687277805616929 ) );
#1724 = DIRECTION( '', ( 0.687277805616929, 0.000000000000000, 0.726394670896187 ) );
#1725 = SURFACE_STYLE_FILL_AREA( #2784 );
#1726 = ORIENTED_EDGE( '', *, *, #2785, .T. );
#1727 = ORIENTED_EDGE( '', *, *, #2738, .T. );
#1728 = ORIENTED_EDGE( '', *, *, #2786, .T. );
#1729 = ORIENTED_EDGE( '', *, *, #2787, .T. );
#1730 = CARTESIAN_POINT( '', ( 0.000000000000000, -1.67689936011092E-016, 1.45000000000000 ) );
#1731 = DIRECTION( '', ( 0.000000000000000, 1.15648231731787E-016, -1.00000000000000 ) );
#1732 = DIRECTION( '', ( 0.000000000000000, 1.00000000000000, 1.15648231731787E-016 ) );
#1733 = SURFACE_STYLE_FILL_AREA( #2788 );
#1734 = ORIENTED_EDGE( '', *, *, #2741, .F. );
#1735 = ORIENTED_EDGE( '', *, *, #2789, .F. );
#1736 = ORIENTED_EDGE( '', *, *, #2790, .T. );
#1737 = ORIENTED_EDGE( '', *, *, #2791, .T. );
#1738 = CARTESIAN_POINT( '', ( 1.50000000000000, 3.05000000000000, -4.10000000000000 ) );
#1739 = DIRECTION( '', ( 1.00000000000000, 0.000000000000000, 0.000000000000000 ) );
#1740 = DIRECTION( '', ( 0.000000000000000, 0.000000000000000, -1.00000000000000 ) );
#1741 = SURFACE_STYLE_FILL_AREA( #2792 );
#1742 = ORIENTED_EDGE( '', *, *, #2793, .F. );
#1743 = ORIENTED_EDGE( '', *, *, #2794, .F. );
#1744 = ORIENTED_EDGE( '', *, *, #2795, .F. );
#1745 = ORIENTED_EDGE( '', *, *, #2796, .F. );
#1746 = ORIENTED_EDGE( '', *, *, #2797, .T. );
#1747 = CARTESIAN_POINT( '', ( 0.000000000000000, -2.00000000000000, 0.000000000000000 ) );
#1748 = DIRECTION( '', ( 0.000000000000000, 1.00000000000000, 0.000000000000000 ) );
#1749 = DIRECTION( '', ( 0.000000000000000, 0.000000000000000, 1.00000000000000 ) );
#1750 = SURFACE_STYLE_FILL_AREA( #2798 );
#1751 = ORIENTED_EDGE( '', *, *, #2799, .F. );
#1752 = ORIENTED_EDGE( '', *, *, #2800, .F. );
#1753 = ORIENTED_EDGE( '', *, *, #2676, .T. );
#1754 = ORIENTED_EDGE( '', *, *, #2801, .T. );
#1755 = CARTESIAN_POINT( '', ( 0.200000000000000, -2.35000000000000, 1.65000000000000 ) );
#1756 = DIRECTION( '', ( 0.000000000000000, 1.00000000000000, 3.46944695195362E-016 ) );
#1757 = DIRECTION( '', ( 0.000000000000000, -3.46944695195362E-016, 1.00000000000000 ) );
#1758 = SURFACE_STYLE_FILL_AREA( #2802 );
#1759 = ORIENTED_EDGE( '', *, *, #2803, .T. );
#1760 = ORIENTED_EDGE( '', *, *, #2712, .F. );
#1761 = ORIENTED_EDGE( '', *, *, #2706, .F. );
#1762 = ORIENTED_EDGE( '', *, *, #2804, .T. );
#1763 = CARTESIAN_POINT( '', ( 5.00000000000000, -1.35000000000000, 1.45000000000000 ) );
#1764 = DIRECTION( '', ( 0.124034734589208, 0.992277876713668, 3.44265545485523E-016 ) );
#1765 = DIRECTION( '', ( -0.992277876713668, 0.124034734589208, 0.000000000000000 ) );
#1766 = SURFACE_STYLE_FILL_AREA( #2805 );
#1767 = ORIENTED_EDGE( '', *, *, #2806, .T. );
#1768 = ORIENTED_EDGE( '', *, *, #2699, .F. );
#1769 = ORIENTED_EDGE( '', *, *, #2807, .F. );
#1770 = ORIENTED_EDGE( '', *, *, #2808, .T. );
#1771 = CARTESIAN_POINT( '', ( 5.00000000000000, 2.02500000000000, 1.45000000000000 ) );
#1772 = DIRECTION( '', ( 0.124034734589209, 0.992277876713668, 1.14755181828508E-016 ) );
#1773 = DIRECTION( '', ( -0.992277876713668, 0.124034734589209, 0.000000000000000 ) );
#1774 = SURFACE_STYLE_FILL_AREA( #2809 );
#1775 = ORIENTED_EDGE( '', *, *, #2810, .T. );
#1776 = ORIENTED_EDGE( '', *, *, #2632, .T. );
#1777 = ORIENTED_EDGE( '', *, *, #2811, .F. );
#1778 = ORIENTED_EDGE( '', *, *, #2722, .T. );
#1779 = CARTESIAN_POINT( '', ( 0.950000000000000, 1.95000000000000, -6.04066218118645 ) );
#1780 = DIRECTION( '', ( 0.000000000000000, -1.00000000000000, 0.000000000000000 ) );
#1781 = DIRECTION( '', ( 0.000000000000000, 0.000000000000000, -1.00000000000000 ) );
#1782 = SURFACE_STYLE_FILL_AREA( #2812 );
#1783 = ORIENTED_EDGE( '', *, *, #2623, .T. );
#1784 = ORIENTED_EDGE( '', *, *, #2629, .F. );
#1785 = CARTESIAN_POINT( '', ( 0.000000000000000, 0.000000000000000, -0.750000000000000 ) );
#1786 = DIRECTION( '', ( 0.000000000000000, 0.000000000000000, -1.00000000000000 ) );
#1787 = DIRECTION( '', ( -1.00000000000000, 0.000000000000000, 0.000000000000000 ) );
#1788 = SURFACE_STYLE_FILL_AREA( #2813 );
#1789 = ORIENTED_EDGE( '', *, *, #2814, .F. );
#1790 = ORIENTED_EDGE( '', *, *, #2815, .T. );
#1791 = ORIENTED_EDGE( '', *, *, #2816, .F. );
#1792 = ORIENTED_EDGE( '', *, *, #2817, .T. );
#1793 = ORIENTED_EDGE( '', *, *, #2818, .F. );
#1794 = ORIENTED_EDGE( '', *, *, #2673, .T. );
#1795 = CARTESIAN_POINT( '', ( 2.00000000000000, -0.375000000000000, -0.250000000000000 ) );
#1796 = DIRECTION( '', ( -1.21972744404619E-016, 1.00000000000000, 0.000000000000000 ) );
#1797 = DIRECTION( '', ( -1.00000000000000, -1.21972744404619E-016, 0.000000000000000 ) );
#1798 = SURFACE_STYLE_FILL_AREA( #2819 );
#1799 = ORIENTED_EDGE( '', *, *, #2820, .F. );
#1800 = ORIENTED_EDGE( '', *, *, #2821, .T. );
#1801 = ORIENTED_EDGE( '', *, *, #2721, .F. );
#1802 = ORIENTED_EDGE( '', *, *, #2822, .F. );
#1803 = CARTESIAN_POINT( '', ( -1.95000000000000, 1.95000000000000, 0.278945044238219 ) );
#1804 = DIRECTION( '', ( -1.00000000000000, -0.000000000000000, -0.000000000000000 ) );
#1805 = DIRECTION( '', ( 0.000000000000000, 0.000000000000000, -1.00000000000000 ) );
#1806 = SURFACE_STYLE_FILL_AREA( #2823 );
#1807 = ORIENTED_EDGE( '', *, *, #2824, .F. );
#1808 = ORIENTED_EDGE( '', *, *, #2825, .T. );
#1809 = ORIENTED_EDGE( '', *, *, #2826, .T. );
#1810 = ORIENTED_EDGE( '', *, *, #2652, .T. );
#1811 = CARTESIAN_POINT( '', ( -1.95000000000000, 1.73121439837882, -1.11838401003276 ) );
#1812 = DIRECTION( '', ( -1.00000000000000, 0.000000000000000, 0.000000000000000 ) );
#1813 = DIRECTION( '', ( 0.000000000000000, 0.691584512246714, 0.722295550602712 ) );
#1814 = SURFACE_STYLE_FILL_AREA( #2827 );
#1815 = ORIENTED_EDGE( '', *, *, #2828, .F. );
#1816 = ORIENTED_EDGE( '', *, *, #2829, .F. );
#1817 = ORIENTED_EDGE( '', *, *, #2790, .F. );
#1818 = ORIENTED_EDGE( '', *, *, #2830, .F. );
#1819 = ORIENTED_EDGE( '', *, *, #2831, .F. );
#1820 = CARTESIAN_POINT( '', ( 0.000000000000000, 3.05000000000000, 3.96817995129694E-016 ) );
#1821 = DIRECTION( '', ( 0.000000000000000, 1.00000000000000, 1.30104260698261E-016 ) );
#1822 = DIRECTION( '', ( 0.000000000000000, -1.30104260698261E-016, 1.00000000000000 ) );
#1823 = SURFACE_STYLE_FILL_AREA( #2832 );
#1824 = ORIENTED_EDGE( '', *, *, #2833, .T. );
#1825 = ORIENTED_EDGE( '', *, *, #2834, .F. );
#1826 = ORIENTED_EDGE( '', *, *, #2835, .F. );
#1827 = ORIENTED_EDGE( '', *, *, #2836, .F. );
#1828 = CARTESIAN_POINT( '', ( 0.000000000000000, 1.75000000000000, 2.27682456221956E-016 ) );
#1829 = DIRECTION( '', ( 0.000000000000000, 1.00000000000000, 1.30104260698261E-016 ) );
#1830 = DIRECTION( '', ( 0.000000000000000, -1.30104260698261E-016, 1.00000000000000 ) );
#1831 = SURFACE_STYLE_FILL_AREA( #2837 );
#1832 = ORIENTED_EDGE( '', *, *, #2838, .F. );
#1833 = ORIENTED_EDGE( '', *, *, #2839, .T. );
#1834 = ORIENTED_EDGE( '', *, *, #2824, .T. );
#1835 = ORIENTED_EDGE( '', *, *, #2651, .T. );
#1836 = ORIENTED_EDGE( '', *, *, #2840, .T. );
#1837 = ORIENTED_EDGE( '', *, *, #2841, .T. );
#1838 = ORIENTED_EDGE( '', *, *, #2842, .F. );
#1839 = ORIENTED_EDGE( '', *, *, #2843, .T. );
#1840 = ORIENTED_EDGE( '', *, *, #2844, .F. );
#1841 = ORIENTED_EDGE( '', *, *, #2633, .T. );
#1842 = ORIENTED_EDGE( '', *, *, #2810, .F. );
#1843 = ORIENTED_EDGE( '', *, *, #2821, .F. );
#1844 = ORIENTED_EDGE( '', *, *, #2845, .T. );
#1845 = CARTESIAN_POINT( '', ( -1.95000000000000, 1.95000000000000, 1.15030437415227 ) );
#1846 = DIRECTION( '', ( 0.000000000000000, 0.000000000000000, 1.00000000000000 ) );
#1847 = DIRECTION( '', ( 1.00000000000000, 0.000000000000000, 0.000000000000000 ) );
#1848 = SURFACE_STYLE_FILL_AREA( #2846 );
#1849 = ORIENTED_EDGE( '', *, *, #2847, .F. );
#1850 = ORIENTED_EDGE( '', *, *, #2848, .F. );
#1851 = ORIENTED_EDGE( '', *, *, #2849, .F. );
#1852 = CARTESIAN_POINT( '', ( 2.50000000000000, 2.75000000000000, -10.9955322896415 ) );
#1853 = DIRECTION( '', ( -0.000000000000000, 3.46944695195361E-016, -1.00000000000000 ) );
#1854 = DIRECTION( '', ( 0.000000000000000, -1.00000000000000, -3.46944695195361E-016 ) );
#1855 = SURFACE_STYLE_FILL_AREA( #2850 );
#1856 = ORIENTED_EDGE( '', *, *, #2851, .T. );
#1857 = ORIENTED_EDGE( '', *, *, #2852, .T. );
#1858 = ORIENTED_EDGE( '', *, *, #2853, .T. );
#1859 = ORIENTED_EDGE( '', *, *, #2854, .T. );
#1860 = ORIENTED_EDGE( '', *, *, #2855, .T. );
#1861 = CARTESIAN_POINT( '', ( 0.000000000000000, 2.00000000000000, 0.000000000000000 ) );
#1862 = DIRECTION( '', ( 0.000000000000000, 1.00000000000000, 0.000000000000000 ) );
#1863 = DIRECTION( '', ( 0.000000000000000, 0.000000000000000, 1.00000000000000 ) );
#1864 = SURFACE_STYLE_FILL_AREA( #2856 );
#1865 = ORIENTED_EDGE( '', *, *, #2857, .T. );
#1866 = ORIENTED_EDGE( '', *, *, #2858, .F. );
#1867 = ORIENTED_EDGE( '', *, *, #2787, .F. );
#1868 = ORIENTED_EDGE( '', *, *, #2859, .T. );
#1869 = CARTESIAN_POINT( '', ( -4.40000000000000, 1.95000000000000, 1.45000000000000 ) );
#1870 = DIRECTION( '', ( -0.124034734589210, -0.992277876713667, -1.14755181828508E-016 ) );
#1871 = DIRECTION( '', ( 0.992277876713667, -0.124034734589210, 0.000000000000000 ) );
#1872 = SURFACE_STYLE_FILL_AREA( #2860 );
#1873 = ORIENTED_EDGE( '', *, *, #2861, .T. );
#1874 = ORIENTED_EDGE( '', *, *, #2862, .T. );
#1875 = ORIENTED_EDGE( '', *, *, #2863, .T. );
#1876 = ORIENTED_EDGE( '', *, *, #2638, .T. );
#1877 = CARTESIAN_POINT( '', ( 0.000000000000000, -5.03069808033274E-016, 1.45000000000000 ) );
#1878 = DIRECTION( '', ( 0.000000000000000, 3.46944695195361E-016, -1.00000000000000 ) );
#1879 = DIRECTION( '', ( 0.000000000000000, 1.00000000000000, 3.46944695195361E-016 ) );
#1880 = SURFACE_STYLE_FILL_AREA( #2864 );
#1881 = ORIENTED_EDGE( '', *, *, #2772, .F. );
#1882 = ORIENTED_EDGE( '', *, *, #2865, .F. );
#1883 = ORIENTED_EDGE( '', *, *, #2831, .T. );
#1884 = ORIENTED_EDGE( '', *, *, #2866, .T. );
#1885 = CARTESIAN_POINT( '', ( 3.50000000000000, 3.05000000000000, 0.900000000000000 ) );
#1886 = DIRECTION( '', ( -1.00000000000000, 4.51389830715759E-032, -3.46944695195362E-016 ) );
#1887 = DIRECTION( '', ( -3.46944695195362E-016, 0.000000000000000, 1.00000000000000 ) );
#1888 = SURFACE_STYLE_FILL_AREA( #2867 );
#1889 = ORIENTED_EDGE( '', *, *, #2868, .T. );
#1890 = ORIENTED_EDGE( '', *, *, #2869, .T. );
#1891 = ORIENTED_EDGE( '', *, *, #2870, .F. );
#1892 = ORIENTED_EDGE( '', *, *, #2751, .F. );
#1893 = CARTESIAN_POINT( '', ( 0.950000000000000, -1.95000000000000, 0.850304374152270 ) );
#1894 = DIRECTION( '', ( -0.726394670896186, 0.000000000000000, -0.687277805616929 ) );
#1895 = DIRECTION( '', ( -0.687277805616929, 0.000000000000000, 0.726394670896186 ) );
#1896 = SURFACE_STYLE_FILL_AREA( #2871 );
#1897 = ORIENTED_EDGE( '', *, *, #2851, .F. );
#1898 = ORIENTED_EDGE( '', *, *, #2872, .F. );
#1899 = ORIENTED_EDGE( '', *, *, #2793, .T. );
#1900 = ORIENTED_EDGE( '', *, *, #2873, .T. );
#1901 = CARTESIAN_POINT( '', ( 2.00000000000000, -2.00000000000000, 2.35000000000000 ) );
#1902 = DIRECTION( '', ( 1.00000000000000, 0.000000000000000, 9.22725253179153E-017 ) );
#1903 = DIRECTION( '', ( 9.22725253179153E-017, 0.000000000000000, -1.00000000000000 ) );
#1904 = SURFACE_STYLE_FILL_AREA( #2874 );
#1905 = ORIENTED_EDGE( '', *, *, #2875, .T. );
#1906 = ORIENTED_EDGE( '', *, *, #2807, .T. );
#1907 = ORIENTED_EDGE( '', *, *, #2698, .T. );
#1908 = ORIENTED_EDGE( '', *, *, #2770, .T. );
#1909 = CARTESIAN_POINT( '', ( 0.000000000000000, -1.67689936011092E-016, 1.45000000000000 ) );
#1910 = DIRECTION( '', ( 0.000000000000000, -1.15648231731787E-016, 1.00000000000000 ) );
#1911 = DIRECTION( '', ( 0.000000000000000, -1.00000000000000, -1.15648231731787E-016 ) );
#1912 = SURFACE_STYLE_FILL_AREA( #2876 );
#1913 = ORIENTED_EDGE( '', *, *, #2625, .T. );
#1914 = ORIENTED_EDGE( '', *, *, #2877, .F. );
#1915 = CARTESIAN_POINT( '', ( -2.50000000000000, -0.450000000000000, 1.20000000000000 ) );
#1916 = DIRECTION( '', ( -0.000000000000000, 3.46944695195362E-016, -1.00000000000000 ) );
#1917 = DIRECTION( '', ( 0.000000000000000, -1.00000000000000, -3.46944695195362E-016 ) );
#1918 = SURFACE_STYLE_FILL_AREA( #2878 );
#1919 = ORIENTED_EDGE( '', *, *, #2736, .F. );
#1920 = ORIENTED_EDGE( '', *, *, #2879, .F. );
#1921 = ORIENTED_EDGE( '', *, *, #2663, .F. );
#1922 = ORIENTED_EDGE( '', *, *, #2880, .T. );
#1923 = ORIENTED_EDGE( '', *, *, #2768, .F. );
#1924 = ORIENTED_EDGE( '', *, *, #2696, .F. );
#1925 = ORIENTED_EDGE( '', *, *, #2806, .F. );
#1926 = ORIENTED_EDGE( '', *, *, #2881, .T. );
#1927 = ORIENTED_EDGE( '', *, *, #2882, .T. );
#1928 = ORIENTED_EDGE( '', *, *, #2778, .T. );
#1929 = ORIENTED_EDGE( '', *, *, #2883, .T. );
#1930 = ORIENTED_EDGE( '', *, *, #2884, .T. );
#1931 = ORIENTED_EDGE( '', *, *, #2885, .T. );
#1932 = ORIENTED_EDGE( '', *, *, #2886, .T. );
#1933 = ORIENTED_EDGE( '', *, *, #2760, .T. );
#1934 = ORIENTED_EDGE( '', *, *, #2887, .T. );
#1935 = ORIENTED_EDGE( '', *, *, #2888, .T. );
#1936 = ORIENTED_EDGE( '', *, *, #2889, .F. );
#1937 = ORIENTED_EDGE( '', *, *, #2857, .F. );
#1938 = ORIENTED_EDGE( '', *, *, #2890, .F. );
#1939 = CARTESIAN_POINT( '', ( 5.00000000000000, 3.75000000000000, -4.95000000000000 ) );
#1940 = DIRECTION( '', ( 0.000000000000000, 1.15648231731787E-016, -1.00000000000000 ) );
#1941 = DIRECTION( '', ( 0.000000000000000, 1.00000000000000, 1.15648231731787E-016 ) );
#1942 = SURFACE_STYLE_FILL_AREA( #2891 );
#1943 = ORIENTED_EDGE( '', *, *, #2892, .F. );
#1944 = ORIENTED_EDGE( '', *, *, #2893, .T. );
#1945 = ORIENTED_EDGE( '', *, *, #2654, .F. );
#1946 = ORIENTED_EDGE( '', *, *, #2894, .T. );
#1947 = ORIENTED_EDGE( '', *, *, #2895, .F. );
#1948 = ORIENTED_EDGE( '', *, *, #2671, .T. );
#1949 = CARTESIAN_POINT( '', ( -2.00000000000000, 0.375000000000000, -0.250000000000000 ) );
#1950 = DIRECTION( '', ( 1.49077798716757E-016, -1.00000000000000, 0.000000000000000 ) );
#1951 = DIRECTION( '', ( 1.00000000000000, 1.49077798716757E-016, 0.000000000000000 ) );
#1952 = SURFACE_STYLE_FILL_AREA( #2896 );
#1953 = ORIENTED_EDGE( '', *, *, #2897, .T. );
#1954 = ORIENTED_EDGE( '', *, *, #2797, .F. );
#1955 = ORIENTED_EDGE( '', *, *, #2855, .F. );
#1956 = CARTESIAN_POINT( '', ( 0.000000000000000, 8.67251141953008, 0.000000000000000 ) );
#1957 = DIRECTION( '', ( -0.000000000000000, 1.00000000000000, -0.000000000000000 ) );
#1958 = DIRECTION( '', ( 0.000000000000000, 0.000000000000000, -1.00000000000000 ) );
#1959 = SURFACE_STYLE_FILL_AREA( #2898 );
#1960 = ORIENTED_EDGE( '', *, *, #2899, .T. );
#1961 = ORIENTED_EDGE( '', *, *, #2900, .T. );
#1962 = ORIENTED_EDGE( '', *, *, #2901, .T. );
#1963 = ORIENTED_EDGE( '', *, *, #2902, .T. );
#1964 = ORIENTED_EDGE( '', *, *, #2903, .T. );
#1965 = ORIENTED_EDGE( '', *, *, #2904, .T. );
#1966 = ORIENTED_EDGE( '', *, *, #2715, .T. );
#1967 = ORIENTED_EDGE( '', *, *, #2905, .F. );
#1968 = ORIENTED_EDGE( '', *, *, #2906, .F. );
#1969 = ORIENTED_EDGE( '', *, *, #2834, .T. );
#1970 = ORIENTED_EDGE( '', *, *, #2907, .F. );
#1971 = CARTESIAN_POINT( '', ( -4.50000000000000, 1.75000000000000, 0.900000000000000 ) );
#1972 = DIRECTION( '', ( 0.000000000000000, 1.30104260698261E-016, -1.00000000000000 ) );
#1973 = DIRECTION( '', ( 0.000000000000000, 1.00000000000000, 1.30104260698261E-016 ) );
#1974 = SURFACE_STYLE_FILL_AREA( #2908 );
#1975 = ORIENTED_EDGE( '', *, *, #2902, .F. );
#1976 = ORIENTED_EDGE( '', *, *, #2900, .F. );
#1977 = ORIENTED_EDGE( '', *, *, #2909, .F. );
#1978 = ORIENTED_EDGE( '', *, *, #2910, .F. );
#1979 = ORIENTED_EDGE( '', *, *, #2911, .F. );
#1980 = CARTESIAN_POINT( '', ( 0.000000000000000, 3.05000000000000, 3.96817995129694E-016 ) );
#1981 = DIRECTION( '', ( 0.000000000000000, 1.00000000000000, 1.30104260698261E-016 ) );
#1982 = DIRECTION( '', ( 0.000000000000000, -1.30104260698261E-016, 1.00000000000000 ) );
#1983 = SURFACE_STYLE_FILL_AREA( #2912 );
#1984 = ORIENTED_EDGE( '', *, *, #2658, .T. );
#1985 = ORIENTED_EDGE( '', *, *, #2854, .F. );
#1986 = ORIENTED_EDGE( '', *, *, #2913, .F. );
#1987 = ORIENTED_EDGE( '', *, *, #2794, .T. );
#1988 = ORIENTED_EDGE( '', *, *, #2872, .T. );
#1989 = CARTESIAN_POINT( '', ( -2.00000000000000, -2.00000000000000, 2.35000000000000 ) );
#1990 = DIRECTION( '', ( -3.25260651745651E-016, 0.000000000000000, 1.00000000000000 ) );
#1991 = DIRECTION( '', ( 1.00000000000000, 0.000000000000000, 3.25260651745651E-016 ) );
#1992 = SURFACE_STYLE_FILL_AREA( #2914 );
#1993 = ORIENTED_EDGE( '', *, *, #2803, .F. );
#1994 = ORIENTED_EDGE( '', *, *, #2915, .T. );
#1995 = ORIENTED_EDGE( '', *, *, #2916, .T. );
#1996 = ORIENTED_EDGE( '', *, *, #2848, .T. );
#1997 = ORIENTED_EDGE( '', *, *, #2917, .T. );
#1998 = ORIENTED_EDGE( '', *, *, #2918, .T. );
#1999 = ORIENTED_EDGE( '', *, *, #2919, .T. );
#2000 = ORIENTED_EDGE( '', *, *, #2920, .F. );
#2001 = ORIENTED_EDGE( '', *, *, #2636, .F. );
#2002 = ORIENTED_EDGE( '', *, *, #2921, .F. );
#2003 = ORIENTED_EDGE( '', *, *, #2922, .F. );
#2004 = ORIENTED_EDGE( '', *, *, #2923, .F. );
#2005 = ORIENTED_EDGE( '', *, *, #2924, .T. );
#2006 = ORIENTED_EDGE( '', *, *, #2925, .T. );
#2007 = ORIENTED_EDGE( '', *, *, #2926, .F. );
#2008 = ORIENTED_EDGE( '', *, *, #2710, .F. );
#2009 = ORIENTED_EDGE( '', *, *, #2877, .T. );
#2010 = ORIENTED_EDGE( '', *, *, #2927, .T. );
#2011 = ORIENTED_EDGE( '', *, *, #2799, .T. );
#2012 = ORIENTED_EDGE( '', *, *, #2928, .T. );
#2013 = ORIENTED_EDGE( '', *, *, #2701, .T. );
#2014 = ORIENTED_EDGE( '', *, *, #2929, .T. );
#2015 = CARTESIAN_POINT( '', ( 5.00000000000000, -3.75000000000000, 4.95000000000000 ) );
#2016 = DIRECTION( '', ( 0.000000000000000, -3.46944695195362E-016, 1.00000000000000 ) );
#2017 = DIRECTION( '', ( 0.000000000000000, -1.00000000000000, -3.46944695195362E-016 ) );
#2018 = SURFACE_STYLE_FILL_AREA( #2930 );
#2019 = ORIENTED_EDGE( '', *, *, #2931, .F. );
#2020 = ORIENTED_EDGE( '', *, *, #2634, .T. );
#2021 = ORIENTED_EDGE( '', *, *, #2844, .T. );
#2022 = ORIENTED_EDGE( '', *, *, #2932, .T. );
#2023 = CARTESIAN_POINT( '', ( 1.95000000000000, 3.05000000000000, 0.713993411466799 ) );
#2024 = DIRECTION( '', ( -1.00000000000000, 0.000000000000000, 0.000000000000000 ) );
#2025 = DIRECTION( '', ( 0.000000000000000, -0.899816389665508, 0.436268798895051 ) );
#2026 = SURFACE_STYLE_FILL_AREA( #2933 );
#2027 = ORIENTED_EDGE( '', *, *, #2830, .T. );
#2028 = ORIENTED_EDGE( '', *, *, #2789, .T. );
#2029 = ORIENTED_EDGE( '', *, *, #2744, .T. );
#2030 = ORIENTED_EDGE( '', *, *, #2934, .T. );
#2031 = ORIENTED_EDGE( '', *, *, #2935, .F. );
#2032 = ORIENTED_EDGE( '', *, *, #2936, .T. );
#2033 = ORIENTED_EDGE( '', *, *, #2937, .T. );
#2034 = ORIENTED_EDGE( '', *, *, #2780, .T. );
#2035 = ORIENTED_EDGE( '', *, *, #2938, .F. );
#2036 = ORIENTED_EDGE( '', *, *, #2939, .F. );
#2037 = ORIENTED_EDGE( '', *, *, #2773, .T. );
#2038 = ORIENTED_EDGE( '', *, *, #2866, .F. );
#2039 = CARTESIAN_POINT( '', ( 4.50000000000000, 1.75000000000000, -4.10000000000000 ) );
#2040 = DIRECTION( '', ( 0.000000000000000, -1.30104260698261E-016, 1.00000000000000 ) );
#2041 = DIRECTION( '', ( 0.000000000000000, -1.00000000000000, -1.30104260698261E-016 ) );
#2042 = SURFACE_STYLE_FILL_AREA( #2940 );
#2043 = ORIENTED_EDGE( '', *, *, #2926, .T. );
#2044 = ORIENTED_EDGE( '', *, *, #2941, .F. );
#2045 = ORIENTED_EDGE( '', *, *, #2708, .F. );
#2046 = ORIENTED_EDGE( '', *, *, #2711, .T. );
#2047 = CARTESIAN_POINT( '', ( 4.40000000000000, -2.12500000000000, 1.45000000000000 ) );
#2048 = DIRECTION( '', ( 0.124034734589203, -0.992277876713668, -3.44265545485524E-016 ) );
#2049 = DIRECTION( '', ( 0.992277876713668, 0.124034734589203, -6.68870186570544E-032 ) );
#2050 = SURFACE_STYLE_FILL_AREA( #2942 );
#2051 = ORIENTED_EDGE( '', *, *, #2645, .F. );
#2052 = ORIENTED_EDGE( '', *, *, #2943, .T. );
#2053 = ORIENTED_EDGE( '', *, *, #2765, .T. );
#2054 = ORIENTED_EDGE( '', *, *, #2944, .F. );
#2055 = CARTESIAN_POINT( '', ( -1.95000000000000, 1.58675528825828, -0.980067107583422 ) );
#2056 = DIRECTION( '', ( 0.000000000000000, 0.722295550602712, -0.691584512246714 ) );
#2057 = DIRECTION( '', ( 0.000000000000000, 0.691584512246714, 0.722295550602712 ) );
#2058 = SURFACE_STYLE_FILL_AREA( #2945 );
#2059 = ORIENTED_EDGE( '', *, *, #2946, .T. );
#2060 = ORIENTED_EDGE( '', *, *, #2748, .T. );
#2061 = ORIENTED_EDGE( '', *, *, #2684, .F. );
#2062 = ORIENTED_EDGE( '', *, *, #2947, .F. );
#2063 = ORIENTED_EDGE( '', *, *, #2948, .T. );
#2064 = ORIENTED_EDGE( '', *, *, #2820, .T. );
#2065 = CARTESIAN_POINT( '', ( -0.950000000000000, 1.95000000000000, -6.04066218118645 ) );
#2066 = DIRECTION( '', ( 1.00000000000000, 9.85638338623186E-017, 0.000000000000000 ) );
#2067 = DIRECTION( '', ( -9.85638338623186E-017, 1.00000000000000, 0.000000000000000 ) );
#2068 = SURFACE_STYLE_FILL_AREA( #2949 );
#2069 = ORIENTED_EDGE( '', *, *, #2950, .F. );
#2070 = ORIENTED_EDGE( '', *, *, #2841, .F. );
#2071 = ORIENTED_EDGE( '', *, *, #2668, .T. );
#2072 = ORIENTED_EDGE( '', *, *, #2951, .T. );
#2073 = CARTESIAN_POINT( '', ( -1.95000000000000, -1.95000000000000, 0.850304374152270 ) );
#2074 = DIRECTION( '', ( -1.00000000000000, -0.000000000000000, -0.000000000000000 ) );
#2075 = DIRECTION( '', ( 0.000000000000000, 0.000000000000000, -1.00000000000000 ) );
#2076 = SURFACE_STYLE_FILL_AREA( #2952 );
#2077 = ORIENTED_EDGE( '', *, *, #2953, .T. );
#2078 = ORIENTED_EDGE( '', *, *, #2884, .F. );
#2079 = ORIENTED_EDGE( '', *, *, #2954, .F. );
#2080 = ORIENTED_EDGE( '', *, *, #2936, .F. );
#2081 = CARTESIAN_POINT( '', ( 2.02566146974502, -0.424940895555839, 10.9955322896415 ) );
#2082 = DIRECTION( '', ( 0.998607432115752, -0.0527560093561339, -6.10113919526250E-018 ) );
#2083 = DIRECTION( '', ( 0.0527560093561339, 0.998607432115752, 0.000000000000000 ) );
#2084 = SURFACE_STYLE_FILL_AREA( #2955 );
#2085 = ORIENTED_EDGE( '', *, *, #2817, .F. );
#2086 = ORIENTED_EDGE( '', *, *, #2956, .F. );
#2087 = ORIENTED_EDGE( '', *, *, #2815, .F. );
#2088 = ORIENTED_EDGE( '', *, *, #2957, .F. );
#2089 = CARTESIAN_POINT( '', ( 0.000000000000000, 0.000000000000000, 0.550000000000000 ) );
#2090 = DIRECTION( '', ( 0.000000000000000, 0.000000000000000, -1.00000000000000 ) );
#2091 = DIRECTION( '', ( -1.00000000000000, 0.000000000000000, 0.000000000000000 ) );
#2092 = SURFACE_STYLE_FILL_AREA( #2958 );
#2093 = ORIENTED_EDGE( '', *, *, #2890, .T. );
#2094 = ORIENTED_EDGE( '', *, *, #2859, .F. );
#2095 = ORIENTED_EDGE( '', *, *, #2786, .F. );
#2096 = ORIENTED_EDGE( '', *, *, #2737, .T. );
#2097 = CARTESIAN_POINT( '', ( -4.40000000000000, 2.80000000000000, 1.45000000000000 ) );
#2098 = DIRECTION( '', ( 1.00000000000000, 0.000000000000000, 0.000000000000000 ) );
#2099 = DIRECTION( '', ( 0.000000000000000, 0.000000000000000, -1.00000000000000 ) );
#2100 = SURFACE_STYLE_FILL_AREA( #2959 );
#2101 = ORIENTED_EDGE( '', *, *, #2960, .F. );
#2102 = ORIENTED_EDGE( '', *, *, #2961, .F. );
#2103 = ORIENTED_EDGE( '', *, *, #2962, .F. );
#2104 = ORIENTED_EDGE( '', *, *, #2924, .F. );
#2105 = CARTESIAN_POINT( '', ( 5.00000000000000, -3.75000000000000, 1.45000000000000 ) );
#2106 = DIRECTION( '', ( 0.000000000000000, 0.977802414077410, -0.209529088730873 ) );
#2107 = DIRECTION( '', ( -1.00000000000000, 0.000000000000000, 0.000000000000000 ) );
#2108 = SURFACE_STYLE_FILL_AREA( #2963 );
#2109 = ORIENTED_EDGE( '', *, *, #2964, .F. );
#2110 = ORIENTED_EDGE( '', *, *, #2965, .F. );
#2111 = CARTESIAN_POINT( '', ( 2.50000000000000, -0.450000000000000, 1.20000000000000 ) );
#2112 = DIRECTION( '', ( -0.000000000000000, -4.06575814682065E-016, 1.00000000000000 ) );
#2113 = DIRECTION( '', ( 0.000000000000000, -1.00000000000000, -4.06575814682065E-016 ) );
#2114 = SURFACE_STYLE_FILL_AREA( #2966 );
#2115 = ORIENTED_EDGE( '', *, *, #2967, .F. );
#2116 = ORIENTED_EDGE( '', *, *, #2861, .F. );
#2117 = ORIENTED_EDGE( '', *, *, #2637, .T. );
#2118 = ORIENTED_EDGE( '', *, *, #2920, .T. );
#2119 = ORIENTED_EDGE( '', *, *, #2968, .T. );
#2120 = ORIENTED_EDGE( '', *, *, #2660, .T. );
#2121 = ORIENTED_EDGE( '', *, *, #2879, .T. );
#2122 = ORIENTED_EDGE( '', *, *, #2739, .F. );
#2123 = ORIENTED_EDGE( '', *, *, #2785, .F. );
#2124 = ORIENTED_EDGE( '', *, *, #2858, .T. );
#2125 = ORIENTED_EDGE( '', *, *, #2889, .T. );
#2126 = ORIENTED_EDGE( '', *, *, #2969, .T. );
#2127 = ORIENTED_EDGE( '', *, *, #2960, .T. );
#2128 = ORIENTED_EDGE( '', *, *, #2923, .T. );
#2129 = CARTESIAN_POINT( '', ( -5.00000000000000, 0.000000000000000, 0.000000000000000 ) );
#2130 = DIRECTION( '', ( -1.00000000000000, 0.000000000000000, 0.000000000000000 ) );
#2131 = DIRECTION( '', ( 0.000000000000000, 0.000000000000000, 1.00000000000000 ) );
#2132 = SURFACE_STYLE_FILL_AREA( #2970 );
#2133 = ORIENTED_EDGE( '', *, *, #2971, .F. );
#2134 = ORIENTED_EDGE( '', *, *, #2972, .F. );
#2135 = ORIENTED_EDGE( '', *, *, #2774, .T. );
#2136 = ORIENTED_EDGE( '', *, *, #2939, .T. );
#2137 = CARTESIAN_POINT( '', ( 4.50000000000000, 1.75000000000000, 0.900000000000000 ) );
#2138 = DIRECTION( '', ( -1.00000000000000, 0.000000000000000, 0.000000000000000 ) );
#2139 = DIRECTION( '', ( 0.000000000000000, 0.000000000000000, 1.00000000000000 ) );
#2140 = SURFACE_STYLE_FILL_AREA( #2973 );
#2141 = ORIENTED_EDGE( '', *, *, #2870, .T. );
#2142 = ORIENTED_EDGE( '', *, *, #2974, .T. );
#2143 = ORIENTED_EDGE( '', *, *, #2975, .F. );
#2144 = ORIENTED_EDGE( '', *, *, #2752, .F. );
#2145 = CARTESIAN_POINT( '', ( 1.17500000000000, -1.95000000000000, 0.612498352168289 ) );
#2146 = DIRECTION( '', ( -1.00000000000000, 0.000000000000000, 0.000000000000000 ) );
#2147 = DIRECTION( '', ( 0.000000000000000, 0.000000000000000, 1.00000000000000 ) );
#2148 = SURFACE_STYLE_FILL_AREA( #2976 );
#2149 = ORIENTED_EDGE( '', *, *, #2977, .F. );
#2150 = ORIENTED_EDGE( '', *, *, #2947, .T. );
#2151 = ORIENTED_EDGE( '', *, *, #2683, .T. );
#2152 = ORIENTED_EDGE( '', *, *, #2723, .T. );
#2153 = CARTESIAN_POINT( '', ( -1.95000000000000, 1.95000000000000, 0.278945044238219 ) );
#2154 = DIRECTION( '', ( -1.00000000000000, -0.000000000000000, -0.000000000000000 ) );
#2155 = DIRECTION( '', ( 0.000000000000000, 0.000000000000000, -1.00000000000000 ) );
#2156 = SURFACE_STYLE_FILL_AREA( #2978 );
#2157 = ORIENTED_EDGE( '', *, *, #2901, .F. );
#2158 = ORIENTED_EDGE( '', *, *, #2918, .F. );
#2159 = ORIENTED_EDGE( '', *, *, #2979, .F. );
#2160 = CARTESIAN_POINT( '', ( -2.50000000000000, 2.75000000000000, -10.9955322896415 ) );
#2161 = DIRECTION( '', ( -0.000000000000000, 3.46944695195361E-016, -1.00000000000000 ) );
#2162 = DIRECTION( '', ( 0.000000000000000, -1.00000000000000, -3.46944695195361E-016 ) );
#2163 = SURFACE_STYLE_FILL_AREA( #2980 );
#2164 = ORIENTED_EDGE( '', *, *, #2981, .T. );
#2165 = ORIENTED_EDGE( '', *, *, #2887, .F. );
#2166 = ORIENTED_EDGE( '', *, *, #2759, .F. );
#2167 = ORIENTED_EDGE( '', *, *, #2982, .F. );
#2168 = CARTESIAN_POINT( '', ( -2.97433853025498, -0.424940895555840, 10.9955322896415 ) );
#2169 = DIRECTION( '', ( 0.998607432115752, -0.0527560093561339, -6.10113919526250E-018 ) );
#2170 = DIRECTION( '', ( 0.0527560093561339, 0.998607432115752, 0.000000000000000 ) );
#2171 = SURFACE_STYLE_FILL_AREA( #2983 );
#2172 = ORIENTED_EDGE( '', *, *, #2894, .F. );
#2173 = ORIENTED_EDGE( '', *, *, #2655, .F. );
#2174 = ORIENTED_EDGE( '', *, *, #2893, .F. );
#2175 = ORIENTED_EDGE( '', *, *, #2984, .F. );
#2176 = CARTESIAN_POINT( '', ( 0.000000000000000, 0.000000000000000, 0.550000000000000 ) );
#2177 = DIRECTION( '', ( 0.000000000000000, 0.000000000000000, -1.00000000000000 ) );
#2178 = DIRECTION( '', ( -1.00000000000000, 0.000000000000000, 0.000000000000000 ) );
#2179 = SURFACE_STYLE_FILL_AREA( #2985 );
#2180 = ORIENTED_EDGE( '', *, *, #2986, .T. );
#2181 = ORIENTED_EDGE( '', *, *, #2987, .T. );
#2182 = ORIENTED_EDGE( '', *, *, #2750, .F. );
#2183 = ORIENTED_EDGE( '', *, *, #2666, .F. );
#2184 = CARTESIAN_POINT( '', ( -1.95000000000000, -1.95000000000000, 0.850304374152270 ) );
#2185 = DIRECTION( '', ( -1.00000000000000, -0.000000000000000, -0.000000000000000 ) );
#2186 = DIRECTION( '', ( 0.000000000000000, 0.000000000000000, -1.00000000000000 ) );
#2187 = SURFACE_STYLE_FILL_AREA( #2988 );
#2188 = ORIENTED_EDGE( '', *, *, #2989, .F. );
#2189 = ORIENTED_EDGE( '', *, *, #2932, .F. );
#2190 = ORIENTED_EDGE( '', *, *, #2843, .F. );
#2191 = ORIENTED_EDGE( '', *, *, #2990, .F. );
#2192 = CARTESIAN_POINT( '', ( 1.15000000000000, -1.15000000000000, 0.000000000000000 ) );
#2193 = DIRECTION( '', ( -0.000000000000000, -0.000000000000000, 1.00000000000000 ) );
#2194 = DIRECTION( '', ( -1.00000000000000, 0.000000000000000, 0.000000000000000 ) );
#2195 = SURFACE_STYLE_FILL_AREA( #2991 );
#2196 = ORIENTED_EDGE( '', *, *, #2992, .F. );
#2197 = ORIENTED_EDGE( '', *, *, #2993, .T. );
#2198 = ORIENTED_EDGE( '', *, *, #2838, .T. );
#2199 = ORIENTED_EDGE( '', *, *, #2948, .F. );
#2200 = CARTESIAN_POINT( '', ( -1.95000000000000, 1.95000000000000, -6.04066218118645 ) );
#2201 = DIRECTION( '', ( 0.000000000000000, -1.00000000000000, 0.000000000000000 ) );
#2202 = DIRECTION( '', ( 0.000000000000000, 0.000000000000000, -1.00000000000000 ) );
#2203 = SURFACE_STYLE_FILL_AREA( #2994 );
#2204 = ORIENTED_EDGE( '', *, *, #2816, .T. );
#2205 = ORIENTED_EDGE( '', *, *, #2956, .T. );
#2206 = CARTESIAN_POINT( '', ( 0.000000000000000, 0.000000000000000, 0.750000000000000 ) );
#2207 = DIRECTION( '', ( 0.000000000000000, 0.000000000000000, -1.00000000000000 ) );
#2208 = DIRECTION( '', ( -1.00000000000000, 0.000000000000000, 0.000000000000000 ) );
#2209 = SURFACE_STYLE_FILL_AREA( #2995 );
#2210 = ORIENTED_EDGE( '', *, *, #2996, .F. );
#2211 = ORIENTED_EDGE( '', *, *, #2903, .F. );
#2212 = ORIENTED_EDGE( '', *, *, #2911, .T. );
#2213 = ORIENTED_EDGE( '', *, *, #2997, .T. );
#2214 = CARTESIAN_POINT( '', ( -1.50000000000000, 3.05000000000000, 0.900000000000000 ) );
#2215 = DIRECTION( '', ( -1.00000000000000, 4.51389830715759E-032, -3.46944695195362E-016 ) );
#2216 = DIRECTION( '', ( -3.46944695195362E-016, 0.000000000000000, 1.00000000000000 ) );
#2217 = SURFACE_STYLE_FILL_AREA( #2998 );
#2218 = ORIENTED_EDGE( '', *, *, #2899, .F. );
#2219 = ORIENTED_EDGE( '', *, *, #2626, .F. );
#2220 = CARTESIAN_POINT( '', ( -2.50000000000000, -0.450000000000000, 1.20000000000000 ) );
#2221 = DIRECTION( '', ( -0.000000000000000, -4.06575814682065E-016, 1.00000000000000 ) );
#2222 = DIRECTION( '', ( 0.000000000000000, -1.00000000000000, -4.06575814682065E-016 ) );
#2223 = SURFACE_STYLE_FILL_AREA( #2999 );
#2224 = ORIENTED_EDGE( '', *, *, #2657, .T. );
#2225 = ORIENTED_EDGE( '', *, *, #2897, .F. );
#2226 = CARTESIAN_POINT( '', ( 2.70698548847698E-015, 0.000000000000000, -8.32251141953008 ) );
#2227 = DIRECTION( '', ( 3.25260651745651E-016, -0.000000000000000, -1.00000000000000 ) );
#2228 = DIRECTION( '', ( 1.00000000000000, 0.000000000000000, 3.25260651745651E-016 ) );
#2229 = SURFACE_STYLE_FILL_AREA( #3000 );
#2230 = ORIENTED_EDGE( '', *, *, #3001, .T. );
#2231 = ORIENTED_EDGE( '', *, *, #2845, .F. );
#2232 = CARTESIAN_POINT( '', ( 0.000000000000000, 0.000000000000000, -5.88887171399896 ) );
#2233 = DIRECTION( '', ( -0.000000000000000, -0.000000000000000, -1.00000000000000 ) );
#2234 = DIRECTION( '', ( 1.00000000000000, 0.000000000000000, 0.000000000000000 ) );
#2235 = SURFACE_STYLE_FILL_AREA( #3002 );
#2236 = ORIENTED_EDGE( '', *, *, #2766, .F. );
#2237 = ORIENTED_EDGE( '', *, *, #2943, .F. );
#2238 = ORIENTED_EDGE( '', *, *, #2644, .T. );
#2239 = ORIENTED_EDGE( '', *, *, #2687, .T. );
#2240 = ORIENTED_EDGE( '', *, *, #3003, .T. );
#2241 = ORIENTED_EDGE( '', *, *, #3004, .F. );
#2242 = ORIENTED_EDGE( '', *, *, #3005, .F. );
#2243 = ORIENTED_EDGE( '', *, *, #3006, .F. );
#2244 = ORIENTED_EDGE( '', *, *, #2732, .F. );
#2245 = ORIENTED_EDGE( '', *, *, #2755, .T. );
#2246 = ORIENTED_EDGE( '', *, *, #2727, .T. );
#2247 = ORIENTED_EDGE( '', *, *, #2693, .T. );
#2248 = CARTESIAN_POINT( '', ( -0.950000000000000, -1.95000000000000, -0.849695625847730 ) );
#2249 = DIRECTION( '', ( -1.00000000000000, 0.000000000000000, 0.000000000000000 ) );
#2250 = DIRECTION( '', ( 0.000000000000000, 0.000000000000000, 1.00000000000000 ) );
#2251 = SURFACE_STYLE_FILL_AREA( #3007 );
#2252 = ORIENTED_EDGE( '', *, *, #2622, .T. );
#2253 = ORIENTED_EDGE( '', *, *, #2895, .T. );
#2254 = ORIENTED_EDGE( '', *, *, #2984, .T. );
#2255 = ORIENTED_EDGE( '', *, *, #2892, .T. );
#2256 = ORIENTED_EDGE( '', *, *, #2670, .F. );
#2257 = ORIENTED_EDGE( '', *, *, #2818, .T. );
#2258 = ORIENTED_EDGE( '', *, *, #2957, .T. );
#2259 = ORIENTED_EDGE( '', *, *, #2814, .T. );
#2260 = ORIENTED_EDGE( '', *, *, #2672, .F. );
#2261 = CARTESIAN_POINT( '', ( 0.000000000000000, 0.000000000000000, 0.750000000000000 ) );
#2262 = DIRECTION( '', ( -0.000000000000000, -0.000000000000000, 1.00000000000000 ) );
#2263 = DIRECTION( '', ( -1.00000000000000, 0.000000000000000, 0.000000000000000 ) );
#2264 = SURFACE_STYLE_FILL_AREA( #3008 );
#2265 = ORIENTED_EDGE( '', *, *, #3009, .F. );
#2266 = ORIENTED_EDGE( '', *, *, #2825, .F. );
#2267 = ORIENTED_EDGE( '', *, *, #2839, .F. );
#2268 = ORIENTED_EDGE( '', *, *, #2993, .F. );
#2269 = CARTESIAN_POINT( '', ( -1.15000000000000, 1.15000000000000, -6.04066218118645 ) );
#2270 = DIRECTION( '', ( -0.000000000000000, -0.000000000000000, 1.00000000000000 ) );
#2271 = DIRECTION( '', ( -1.00000000000000, 0.000000000000000, 0.000000000000000 ) );
#2272 = SURFACE_STYLE_FILL_AREA( #3010 );
#2273 = ORIENTED_EDGE( '', *, *, #3011, .F. );
#2274 = ORIENTED_EDGE( '', *, *, #2934, .F. );
#2275 = ORIENTED_EDGE( '', *, *, #2743, .T. );
#2276 = ORIENTED_EDGE( '', *, *, #3012, .T. );
#2277 = CARTESIAN_POINT( '', ( 0.500000000000000, 1.75000000000000, -4.10000000000000 ) );
#2278 = DIRECTION( '', ( 1.00000000000000, 0.000000000000000, 0.000000000000000 ) );
#2279 = DIRECTION( '', ( 0.000000000000000, 0.000000000000000, -1.00000000000000 ) );
#2280 = SURFACE_STYLE_FILL_AREA( #3013 );
#2281 = ORIENTED_EDGE( '', *, *, #2928, .F. );
#2282 = ORIENTED_EDGE( '', *, *, #2801, .F. );
#2283 = ORIENTED_EDGE( '', *, *, #2675, .T. );
#2284 = ORIENTED_EDGE( '', *, *, #2702, .T. );
#2285 = CARTESIAN_POINT( '', ( -0.199999999999997, -2.35000000000000, 1.65000000000000 ) );
#2286 = DIRECTION( '', ( 1.00000000000000, 0.000000000000000, 0.000000000000000 ) );
#2287 = DIRECTION( '', ( 0.000000000000000, 0.000000000000000, -1.00000000000000 ) );
#2288 = SURFACE_STYLE_FILL_AREA( #3014 );
#2289 = ORIENTED_EDGE( '', *, *, #2826, .F. );
#2290 = ORIENTED_EDGE( '', *, *, #3009, .T. );
#2291 = ORIENTED_EDGE( '', *, *, #2992, .T. );
#2292 = ORIENTED_EDGE( '', *, *, #2977, .T. );
#2293 = ORIENTED_EDGE( '', *, *, #2811, .T. );
#2294 = ORIENTED_EDGE( '', *, *, #2631, .T. );
#2295 = ORIENTED_EDGE( '', *, *, #2931, .T. );
#2296 = ORIENTED_EDGE( '', *, *, #2989, .T. );
#2297 = ORIENTED_EDGE( '', *, *, #3015, .F. );
#2298 = ORIENTED_EDGE( '', *, *, #2986, .F. );
#2299 = ORIENTED_EDGE( '', *, *, #3016, .F. );
#2300 = ORIENTED_EDGE( '', *, *, #2649, .T. );
#2301 = ORIENTED_EDGE( '', *, *, #3001, .F. );
#2302 = CARTESIAN_POINT( '', ( -1.95000000000000, 1.95000000000000, 0.950304374152270 ) );
#2303 = DIRECTION( '', ( 0.000000000000000, 0.000000000000000, 1.00000000000000 ) );
#2304 = DIRECTION( '', ( 1.00000000000000, 0.000000000000000, 0.000000000000000 ) );
#2305 = SURFACE_STYLE_FILL_AREA( #3017 );
#2306 = ORIENTED_EDGE( '', *, *, #2922, .T. );
#2307 = ORIENTED_EDGE( '', *, *, #3018, .F. );
#2308 = ORIENTED_EDGE( '', *, *, #2862, .F. );
#2309 = ORIENTED_EDGE( '', *, *, #2967, .T. );
#2310 = CARTESIAN_POINT( '', ( -5.00000000000000, -2.05000000000000, 1.45000000000000 ) );
#2311 = DIRECTION( '', ( -0.124034734589204, 0.992277876713668, 3.44265545485524E-016 ) );
#2312 = DIRECTION( '', ( -0.992277876713668, -0.124034734589204, 0.000000000000000 ) );
#2313 = SURFACE_STYLE_FILL_AREA( #3019 );
#2314 = ORIENTED_EDGE( '', *, *, #2840, .F. );
#2315 = ORIENTED_EDGE( '', *, *, #2650, .T. );
#2316 = ORIENTED_EDGE( '', *, *, #3016, .T. );
#2317 = ORIENTED_EDGE( '', *, *, #2665, .F. );
#2318 = CARTESIAN_POINT( '', ( 0.000000000000000, -1.95000000000000, 0.000000000000000 ) );
#2319 = DIRECTION( '', ( 0.000000000000000, 1.00000000000000, 0.000000000000000 ) );
#2320 = DIRECTION( '', ( 0.000000000000000, 0.000000000000000, 1.00000000000000 ) );
#2321 = SURFACE_STYLE_FILL_AREA( #3020 );
#2322 = ORIENTED_EDGE( '', *, *, #2641, .T. );
#2323 = CARTESIAN_POINT( '', ( 7.26415455565288E-016, 0.000000000000000, -6.70000000000000 ) );
#2324 = DIRECTION( '', ( -1.08420217248550E-016, 0.000000000000000, 1.00000000000000 ) );
#2325 = DIRECTION( '', ( 1.00000000000000, 0.000000000000000, 1.08420217248550E-016 ) );
#2326 = SURFACE_STYLE_FILL_AREA( #3021 );
#2327 = ORIENTED_EDGE( '', *, *, #3022, .F. );
#2328 = ORIENTED_EDGE( '', *, *, #3023, .F. );
#2329 = ORIENTED_EDGE( '', *, *, #3005, .T. );
#2330 = ORIENTED_EDGE( '', *, *, #3024, .T. );
#2331 = CARTESIAN_POINT( '', ( -1.95000000000000, -1.95000000000000, -0.850304374152270 ) );
#2332 = DIRECTION( '', ( -1.00000000000000, -0.000000000000000, -0.000000000000000 ) );
#2333 = DIRECTION( '', ( 0.000000000000000, 0.000000000000000, -1.00000000000000 ) );
#2334 = SURFACE_STYLE_FILL_AREA( #3025 );
#2335 = ORIENTED_EDGE( '', *, *, #3015, .T. );
#2336 = ORIENTED_EDGE( '', *, *, #2990, .T. );
#2337 = ORIENTED_EDGE( '', *, *, #2842, .T. );
#2338 = ORIENTED_EDGE( '', *, *, #3026, .T. );
#2339 = CARTESIAN_POINT( '', ( 0.000000000000000, -1.95000000000000, 0.000000000000000 ) );
#2340 = DIRECTION( '', ( 0.000000000000000, -1.00000000000000, 0.000000000000000 ) );
#2341 = DIRECTION( '', ( 0.000000000000000, 0.000000000000000, -1.00000000000000 ) );
#2342 = SURFACE_STYLE_FILL_AREA( #3027 );
#2343 = ORIENTED_EDGE( '', *, *, #2888, .F. );
#2344 = ORIENTED_EDGE( '', *, *, #2981, .F. );
#2345 = ORIENTED_EDGE( '', *, *, #3028, .T. );
#2346 = ORIENTED_EDGE( '', *, *, #3029, .T. );
#2347 = ORIENTED_EDGE( '', *, *, #2905, .T. );
#2348 = ORIENTED_EDGE( '', *, *, #2714, .T. );
#2349 = ORIENTED_EDGE( '', *, *, #3030, .T. );
#2350 = ORIENTED_EDGE( '', *, *, #3031, .T. );
#2351 = ORIENTED_EDGE( '', *, *, #2885, .F. );
#2352 = ORIENTED_EDGE( '', *, *, #2953, .F. );
#2353 = ORIENTED_EDGE( '', *, *, #2935, .T. );
#2354 = ORIENTED_EDGE( '', *, *, #3011, .T. );
#2355 = ORIENTED_EDGE( '', *, *, #3032, .T. );
#2356 = ORIENTED_EDGE( '', *, *, #2971, .T. );
#2357 = ORIENTED_EDGE( '', *, *, #2938, .T. );
#2358 = ORIENTED_EDGE( '', *, *, #2779, .T. );
#2359 = ORIENTED_EDGE( '', *, *, #2882, .F. );
#2360 = ORIENTED_EDGE( '', *, *, #3033, .T. );
#2361 = ORIENTED_EDGE( '', *, *, #2961, .T. );
#2362 = ORIENTED_EDGE( '', *, *, #2969, .F. );
#2363 = CARTESIAN_POINT( '', ( 5.00000000000000, -3.75000000000000, -4.95000000000000 ) );
#2364 = DIRECTION( '', ( 0.000000000000000, -1.00000000000000, -1.31418445149758E-016 ) );
#2365 = DIRECTION( '', ( 0.000000000000000, 1.31418445149758E-016, -1.00000000000000 ) );
#2366 = SURFACE_STYLE_FILL_AREA( #3034 );
#2367 = ORIENTED_EDGE( '', *, *, #3035, .T. );
#2368 = ORIENTED_EDGE( '', *, *, #3036, .F. );
#2369 = ORIENTED_EDGE( '', *, *, #3003, .F. );
#2370 = ORIENTED_EDGE( '', *, *, #2689, .T. );
#2371 = CARTESIAN_POINT( '', ( -1.95000000000000, 1.18949273542679, -0.599695625847730 ) );
#2372 = DIRECTION( '', ( -1.00000000000000, -0.000000000000000, -0.000000000000000 ) );
#2373 = DIRECTION( '', ( 0.000000000000000, 0.000000000000000, -1.00000000000000 ) );
#2374 = SURFACE_STYLE_FILL_AREA( #3037 );
#2375 = ORIENTED_EDGE( '', *, *, #2964, .T. );
#2376 = ORIENTED_EDGE( '', *, *, #2829, .T. );
#2377 = ORIENTED_EDGE( '', *, *, #2847, .T. );
#2378 = ORIENTED_EDGE( '', *, *, #2828, .T. );
#2379 = ORIENTED_EDGE( '', *, *, #2865, .T. );
#2380 = ORIENTED_EDGE( '', *, *, #2775, .T. );
#2381 = ORIENTED_EDGE( '', *, *, #2972, .T. );
#2382 = ORIENTED_EDGE( '', *, *, #3032, .F. );
#2383 = ORIENTED_EDGE( '', *, *, #3012, .F. );
#2384 = ORIENTED_EDGE( '', *, *, #2742, .T. );
#2385 = ORIENTED_EDGE( '', *, *, #2791, .F. );
#2386 = CARTESIAN_POINT( '', ( 0.500000000000000, 1.75000000000000, 0.900000000000000 ) );
#2387 = DIRECTION( '', ( 0.000000000000000, 1.30104260698261E-016, -1.00000000000000 ) );
#2388 = DIRECTION( '', ( 0.000000000000000, 1.00000000000000, 1.30104260698261E-016 ) );
#2389 = SURFACE_STYLE_FILL_AREA( #3038 );
#2390 = ORIENTED_EDGE( '', *, *, #2919, .F. );
#2391 = ORIENTED_EDGE( '', *, *, #2979, .T. );
#2392 = ORIENTED_EDGE( '', *, *, #2917, .F. );
#2393 = ORIENTED_EDGE( '', *, *, #2849, .T. );
#2394 = ORIENTED_EDGE( '', *, *, #2916, .F. );
#2395 = ORIENTED_EDGE( '', *, *, #3039, .F. );
#2396 = ORIENTED_EDGE( '', *, *, #2661, .F. );
#2397 = ORIENTED_EDGE( '', *, *, #2968, .F. );
#2398 = CARTESIAN_POINT( '', ( 5.00000000000000, 2.50000000000000, 4.95000000000000 ) );
#2399 = DIRECTION( '', ( -0.000000000000000, -0.941741911594837, -0.336336396998157 ) );
#2400 = DIRECTION( '', ( -1.00000000000000, 0.000000000000000, 0.000000000000000 ) );
#2401 = SURFACE_STYLE_FILL_AREA( #3040 );
#2402 = ORIENTED_EDGE( '', *, *, #2681, .F. );
#2403 = ORIENTED_EDGE( '', *, *, #3041, .F. );
#2404 = ORIENTED_EDGE( '', *, *, #3042, .F. );
#2405 = ORIENTED_EDGE( '', *, *, #2719, .F. );
#2406 = CARTESIAN_POINT( '', ( 0.750000000000000, 0.218416859230694, -4.66779168229043 ) );
#2407 = DIRECTION( '', ( -4.30003254136051E-017, -0.436268798895052, -0.899816389665508 ) );
#2408 = DIRECTION( '', ( 0.000000000000000, -0.899816389665508, 0.436268798895052 ) );
#2409 = SURFACE_STYLE_FILL_AREA( #3043 );
#2410 = ORIENTED_EDGE( '', *, *, #2954, .T. );
#2411 = ORIENTED_EDGE( '', *, *, #2883, .F. );
#2412 = ORIENTED_EDGE( '', *, *, #2777, .F. );
#2413 = ORIENTED_EDGE( '', *, *, #2937, .F. );
#2414 = CARTESIAN_POINT( '', ( 2.50000000000000, -0.450000000000000, 10.9955322896415 ) );
#2415 = DIRECTION( '', ( -0.000000000000000, -1.15648231731787E-016, 1.00000000000000 ) );
#2416 = DIRECTION( '', ( 0.000000000000000, 1.00000000000000, 1.15648231731787E-016 ) );
#2417 = SURFACE_STYLE_FILL_AREA( #3044 );
#2418 = ORIENTED_EDGE( '', *, *, #2642, .T. );
#2419 = ORIENTED_EDGE( '', *, *, #3045, .T. );
#2420 = CARTESIAN_POINT( '', ( 7.26415455565288E-016, 0.000000000000000, -6.70000000000000 ) );
#2421 = DIRECTION( '', ( 1.08420217248550E-016, -0.000000000000000, -1.00000000000000 ) );
#2422 = DIRECTION( '', ( 1.00000000000000, 0.000000000000000, 1.08420217248550E-016 ) );
#2423 = SURFACE_STYLE_FILL_AREA( #3046 );
#2424 = ORIENTED_EDGE( '', *, *, #3047, .F. );
#2425 = ORIENTED_EDGE( '', *, *, #2965, .T. );
#2426 = CARTESIAN_POINT( '', ( 2.50000000000000, -0.450000000000000, 1.20000000000000 ) );
#2427 = DIRECTION( '', ( 0.000000000000000, 3.46944695195362E-016, -1.00000000000000 ) );
#2428 = DIRECTION( '', ( 0.000000000000000, 1.00000000000000, 3.46944695195362E-016 ) );
#2429 = SURFACE_STYLE_FILL_AREA( #3048 );
#2430 = ORIENTED_EDGE( '', *, *, #2910, .T. );
#2431 = ORIENTED_EDGE( '', *, *, #3049, .T. );
#2432 = ORIENTED_EDGE( '', *, *, #2836, .T. );
#2433 = ORIENTED_EDGE( '', *, *, #3050, .T. );
#2434 = ORIENTED_EDGE( '', *, *, #3028, .F. );
#2435 = ORIENTED_EDGE( '', *, *, #2982, .T. );
#2436 = ORIENTED_EDGE( '', *, *, #2762, .T. );
#2437 = ORIENTED_EDGE( '', *, *, #3051, .T. );
#2438 = ORIENTED_EDGE( '', *, *, #3030, .F. );
#2439 = ORIENTED_EDGE( '', *, *, #2717, .F. );
#2440 = ORIENTED_EDGE( '', *, *, #3052, .T. );
#2441 = ORIENTED_EDGE( '', *, *, #2997, .F. );
#2442 = CARTESIAN_POINT( '', ( -0.500000000000000, 1.75000000000000, -4.10000000000000 ) );
#2443 = DIRECTION( '', ( 0.000000000000000, -1.30104260698261E-016, 1.00000000000000 ) );
#2444 = DIRECTION( '', ( 0.000000000000000, -1.00000000000000, -1.30104260698261E-016 ) );
#2445 = SURFACE_STYLE_FILL_AREA( #3053 );
#2446 = ORIENTED_EDGE( '', *, *, #2720, .F. );
#2447 = ORIENTED_EDGE( '', *, *, #3042, .T. );
#2448 = ORIENTED_EDGE( '', *, *, #3054, .F. );
#2449 = ORIENTED_EDGE( '', *, *, #2746, .T. );
#2450 = ORIENTED_EDGE( '', *, *, #2946, .F. );
#2451 = ORIENTED_EDGE( '', *, *, #2822, .T. );
#2452 = CARTESIAN_POINT( '', ( -1.95000000000000, 3.05000000000000, 0.713993411466799 ) );
#2453 = DIRECTION( '', ( 0.000000000000000, 0.436268798895051, 0.899816389665508 ) );
#2454 = DIRECTION( '', ( 0.000000000000000, -0.899816389665508, 0.436268798895051 ) );
#2455 = SURFACE_STYLE_FILL_AREA( #3055 );
#2456 = ORIENTED_EDGE( '', *, *, #3029, .F. );
#2457 = ORIENTED_EDGE( '', *, *, #3050, .F. );
#2458 = ORIENTED_EDGE( '', *, *, #2835, .T. );
#2459 = ORIENTED_EDGE( '', *, *, #2906, .T. );
#2460 = CARTESIAN_POINT( '', ( -4.50000000000000, 1.75000000000000, -4.10000000000000 ) );
#2461 = DIRECTION( '', ( 1.00000000000000, 0.000000000000000, 0.000000000000000 ) );
#2462 = DIRECTION( '', ( 0.000000000000000, 0.000000000000000, -1.00000000000000 ) );
#2463 = SURFACE_STYLE_FILL_AREA( #3056 );
#2464 = ORIENTED_EDGE( '', *, *, #2833, .F. );
#2465 = ORIENTED_EDGE( '', *, *, #3049, .F. );
#2466 = ORIENTED_EDGE( '', *, *, #2909, .T. );
#2467 = ORIENTED_EDGE( '', *, *, #2907, .T. );
#2468 = CARTESIAN_POINT( '', ( -3.50000000000000, 3.05000000000000, -4.10000000000000 ) );
#2469 = DIRECTION( '', ( 1.00000000000000, 0.000000000000000, 0.000000000000000 ) );
#2470 = DIRECTION( '', ( 0.000000000000000, 0.000000000000000, -1.00000000000000 ) );
#2471 = SURFACE_STYLE_FILL_AREA( #3057 );
#2472 = ORIENTED_EDGE( '', *, *, #2950, .T. );
#2473 = ORIENTED_EDGE( '', *, *, #2868, .F. );
#2474 = ORIENTED_EDGE( '', *, *, #2987, .F. );
#2475 = ORIENTED_EDGE( '', *, *, #3026, .F. );
#2476 = CARTESIAN_POINT( '', ( 0.950000000000000, -1.95000000000000, 1.15030437415227 ) );
#2477 = DIRECTION( '', ( -1.00000000000000, 0.000000000000000, 0.000000000000000 ) );
#2478 = DIRECTION( '', ( 0.000000000000000, 0.000000000000000, 1.00000000000000 ) );
#2479 = SURFACE_STYLE_FILL_AREA( #3058 );
#2480 = ORIENTED_EDGE( '', *, *, #3045, .F. );
#2481 = ORIENTED_EDGE( '', *, *, #2852, .F. );
#2482 = ORIENTED_EDGE( '', *, *, #2873, .F. );
#2483 = ORIENTED_EDGE( '', *, *, #2796, .T. );
#2484 = ORIENTED_EDGE( '', *, *, #3059, .T. );
#2485 = CARTESIAN_POINT( '', ( 2.00000000000000, -2.00000000000000, -2.35000000000000 ) );
#2486 = DIRECTION( '', ( 1.08420217248550E-016, 0.000000000000000, -1.00000000000000 ) );
#2487 = DIRECTION( '', ( -1.00000000000000, 0.000000000000000, -1.08420217248550E-016 ) );
#2488 = SURFACE_STYLE_FILL_AREA( #3060 );
#2489 = ORIENTED_EDGE( '', *, *, #3036, .T. );
#2490 = ORIENTED_EDGE( '', *, *, #3061, .F. );
#2491 = ORIENTED_EDGE( '', *, *, #3024, .F. );
#2492 = ORIENTED_EDGE( '', *, *, #3004, .T. );
#2493 = CARTESIAN_POINT( '', ( -1.95000000000000, -1.96910179070732, -1.14969562584773 ) );
#2494 = DIRECTION( '', ( 0.000000000000000, -0.0636726356910638, -0.997970838984864 ) );
#2495 = DIRECTION( '', ( 0.000000000000000, 0.997970838984864, -0.0636726356910638 ) );
#2496 = SURFACE_STYLE_FILL_AREA( #3062 );
#2497 = ORIENTED_EDGE( '', *, *, #2944, .T. );
#2498 = ORIENTED_EDGE( '', *, *, #2764, .T. );
#2499 = ORIENTED_EDGE( '', *, *, #2691, .F. );
#2500 = ORIENTED_EDGE( '', *, *, #2726, .F. );
#2501 = ORIENTED_EDGE( '', *, *, #2754, .F. );
#2502 = ORIENTED_EDGE( '', *, *, #3063, .T. );
#2503 = ORIENTED_EDGE( '', *, *, #3064, .T. );
#2504 = ORIENTED_EDGE( '', *, *, #3022, .T. );
#2505 = ORIENTED_EDGE( '', *, *, #3061, .T. );
#2506 = ORIENTED_EDGE( '', *, *, #3035, .F. );
#2507 = ORIENTED_EDGE( '', *, *, #2688, .F. );
#2508 = ORIENTED_EDGE( '', *, *, #2646, .F. );
#2509 = CARTESIAN_POINT( '', ( 0.950000000000000, -1.95000000000000, -0.849695625847730 ) );
#2510 = DIRECTION( '', ( -1.00000000000000, 0.000000000000000, 0.000000000000000 ) );
#2511 = DIRECTION( '', ( 0.000000000000000, 0.000000000000000, 1.00000000000000 ) );
#2512 = SURFACE_STYLE_FILL_AREA( #3065 );
#2513 = ORIENTED_EDGE( '', *, *, #2808, .F. );
#2514 = ORIENTED_EDGE( '', *, *, #2875, .F. );
#2515 = ORIENTED_EDGE( '', *, *, #2769, .T. );
#2516 = ORIENTED_EDGE( '', *, *, #2880, .F. );
#2517 = ORIENTED_EDGE( '', *, *, #2662, .F. );
#2518 = ORIENTED_EDGE( '', *, *, #3039, .T. );
#2519 = ORIENTED_EDGE( '', *, *, #2915, .F. );
#2520 = ORIENTED_EDGE( '', *, *, #2804, .F. );
#2521 = ORIENTED_EDGE( '', *, *, #2705, .F. );
#2522 = ORIENTED_EDGE( '', *, *, #2941, .T. );
#2523 = ORIENTED_EDGE( '', *, *, #2925, .F. );
#2524 = ORIENTED_EDGE( '', *, *, #2962, .T. );
#2525 = ORIENTED_EDGE( '', *, *, #3033, .F. );
#2526 = ORIENTED_EDGE( '', *, *, #2881, .F. );
#2527 = CARTESIAN_POINT( '', ( 5.00000000000000, 0.000000000000000, 0.000000000000000 ) );
#2528 = DIRECTION( '', ( -1.00000000000000, 0.000000000000000, 0.000000000000000 ) );
#2529 = DIRECTION( '', ( 0.000000000000000, 0.000000000000000, 1.00000000000000 ) );
#2530 = SURFACE_STYLE_FILL_AREA( #3066 );
#2531 = ORIENTED_EDGE( '', *, *, #3054, .T. );
#2532 = ORIENTED_EDGE( '', *, *, #3041, .T. );
#2533 = ORIENTED_EDGE( '', *, *, #2680, .F. );
#2534 = ORIENTED_EDGE( '', *, *, #2747, .T. );
#2535 = CARTESIAN_POINT( '', ( -1.95000000000000, 3.05000000000000, 0.713993411466799 ) );
#2536 = DIRECTION( '', ( 0.000000000000000, -0.899816389665508, 0.436268798895051 ) );
#2537 = DIRECTION( '', ( 1.00000000000000, 0.000000000000000, 0.000000000000000 ) );
#2538 = SURFACE_STYLE_FILL_AREA( #3067 );
#2539 = ORIENTED_EDGE( '', *, *, #2853, .F. );
#2540 = ORIENTED_EDGE( '', *, *, #3059, .F. );
#2541 = ORIENTED_EDGE( '', *, *, #2795, .T. );
#2542 = ORIENTED_EDGE( '', *, *, #2913, .T. );
#2543 = CARTESIAN_POINT( '', ( -2.00000000000000, -2.00000000000000, -2.35000000000000 ) );
#2544 = DIRECTION( '', ( -1.00000000000000, 0.000000000000000, -9.22725253179153E-017 ) );
#2545 = DIRECTION( '', ( -9.22725253179153E-017, 0.000000000000000, 1.00000000000000 ) );
#2546 = SURFACE_STYLE_FILL_AREA( #3068 );
#2547 = ORIENTED_EDGE( '', *, *, #2729, .F. );
#2548 = ORIENTED_EDGE( '', *, *, #2628, .F. );
#2549 = CARTESIAN_POINT( '', ( 0.000000000000000, 0.000000000000000, -3.75000000000000 ) );
#2550 = DIRECTION( '', ( -0.000000000000000, -0.000000000000000, 1.00000000000000 ) );
#2551 = DIRECTION( '', ( 1.00000000000000, 0.000000000000000, 0.000000000000000 ) );
#2552 = SURFACE_STYLE_FILL_AREA( #3069 );
#2553 = ORIENTED_EDGE( '', *, *, #2761, .T. );
#2554 = ORIENTED_EDGE( '', *, *, #2886, .F. );
#2555 = ORIENTED_EDGE( '', *, *, #3031, .F. );
#2556 = ORIENTED_EDGE( '', *, *, #3051, .F. );
#2557 = CARTESIAN_POINT( '', ( -1.85000000000000, -3.75000000000000, 10.9955322896415 ) );
#2558 = DIRECTION( '', ( -0.998607432115752, -0.0527560093561339, -6.10113919526250E-018 ) );
#2559 = DIRECTION( '', ( 0.0527560093561339, -0.998607432115752, 0.000000000000000 ) );
#2560 = SURFACE_STYLE_FILL_AREA( #3070 );
#2561 = ORIENTED_EDGE( '', *, *, #2921, .T. );
#2562 = ORIENTED_EDGE( '', *, *, #2639, .F. );
#2563 = ORIENTED_EDGE( '', *, *, #2863, .F. );
#2564 = ORIENTED_EDGE( '', *, *, #3018, .T. );
#2565 = CARTESIAN_POINT( '', ( -5.60000000000000, -2.12500000000000, 1.45000000000000 ) );
#2566 = DIRECTION( '', ( 1.00000000000000, 0.000000000000000, 0.000000000000000 ) );
#2567 = DIRECTION( '', ( 0.000000000000000, 0.000000000000000, -1.00000000000000 ) );
#2568 = SURFACE_STYLE_FILL_AREA( #3071 );
#2569 = ORIENTED_EDGE( '', *, *, #3047, .T. );
#2570 = ORIENTED_EDGE( '', *, *, #2927, .F. );
#2571 = CARTESIAN_POINT( '', ( 2.50000000000000, -0.450000000000000, 1.20000000000000 ) );
#2572 = DIRECTION( '', ( -0.000000000000000, 3.46944695195362E-016, -1.00000000000000 ) );
#2573 = DIRECTION( '', ( 0.000000000000000, -1.00000000000000, -3.46944695195362E-016 ) );
#2574 = SURFACE_STYLE_FILL_AREA( #3072 );
#2575 = ORIENTED_EDGE( '', *, *, #2996, .T. );
#2576 = ORIENTED_EDGE( '', *, *, #3052, .F. );
#2577 = ORIENTED_EDGE( '', *, *, #2716, .F. );
#2578 = ORIENTED_EDGE( '', *, *, #2904, .F. );
#2579 = CARTESIAN_POINT( '', ( 0.000000000000000, 1.75000000000000, 2.27682456221956E-016 ) );
#2580 = DIRECTION( '', ( 0.000000000000000, 1.00000000000000, 1.30104260698261E-016 ) );
#2581 = DIRECTION( '', ( 0.000000000000000, -1.30104260698261E-016, 1.00000000000000 ) );
#2582 = SURFACE_STYLE_FILL_AREA( #3073 );
#2583 = ORIENTED_EDGE( '', *, *, #2975, .T. );
#2584 = ORIENTED_EDGE( '', *, *, #3074, .T. );
#2585 = ORIENTED_EDGE( '', *, *, #3063, .F. );
#2586 = ORIENTED_EDGE( '', *, *, #2753, .F. );
#2587 = CARTESIAN_POINT( '', ( 1.17500000000000, -1.95000000000000, -0.611889603863748 ) );
#2588 = DIRECTION( '', ( -0.726394670896186, 0.000000000000000, 0.687277805616929 ) );
#2589 = DIRECTION( '', ( 0.687277805616929, 0.000000000000000, 0.726394670896186 ) );
#2590 = SURFACE_STYLE_FILL_AREA( #3075 );
#2591 = ORIENTED_EDGE( '', *, *, #2929, .F. );
#2592 = ORIENTED_EDGE( '', *, *, #2703, .F. );
#2593 = ORIENTED_EDGE( '', *, *, #2677, .T. );
#2594 = ORIENTED_EDGE( '', *, *, #2800, .T. );
#2595 = CARTESIAN_POINT( '', ( 0.200000000000000, 1.85000000000000, 1.65000000000000 ) );
#2596 = DIRECTION( '', ( -1.00000000000000, 0.000000000000000, 0.000000000000000 ) );
#2597 = DIRECTION( '', ( 0.000000000000000, 0.000000000000000, 1.00000000000000 ) );
#2598 = SURFACE_STYLE_FILL_AREA( #3076 );
#2599 = ORIENTED_EDGE( '', *, *, #2756, .T. );
#2600 = ORIENTED_EDGE( '', *, *, #2734, .T. );
#2601 = ORIENTED_EDGE( '', *, *, #3077, .F. );
#2602 = ORIENTED_EDGE( '', *, *, #2782, .F. );
#2603 = CARTESIAN_POINT( '', ( -1.17500000000000, -1.95000000000000, 0.612498352168289 ) );
#2604 = DIRECTION( '', ( -1.00000000000000, 0.000000000000000, 0.000000000000000 ) );
#2605 = DIRECTION( '', ( 0.000000000000000, 0.000000000000000, 1.00000000000000 ) );
#2606 = SURFACE_STYLE_FILL_AREA( #3078 );
#2607 = ORIENTED_EDGE( '', *, *, #2869, .F. );
#2608 = ORIENTED_EDGE( '', *, *, #2951, .F. );
#2609 = ORIENTED_EDGE( '', *, *, #2783, .T. );
#2610 = ORIENTED_EDGE( '', *, *, #3077, .T. );
#2611 = ORIENTED_EDGE( '', *, *, #2733, .T. );
#2612 = ORIENTED_EDGE( '', *, *, #3006, .T. );
#2613 = ORIENTED_EDGE( '', *, *, #3023, .T. );
#2614 = ORIENTED_EDGE( '', *, *, #3064, .F. );
#2615 = ORIENTED_EDGE( '', *, *, #3074, .F. );
#2616 = ORIENTED_EDGE( '', *, *, #2974, .F. );
#2617 = CARTESIAN_POINT( '', ( -1.95000000000000, -2.25000000000000, 0.850304374152270 ) );
#2618 = DIRECTION( '', ( 0.000000000000000, -1.00000000000000, 0.000000000000000 ) );
#2619 = DIRECTION( '', ( 0.000000000000000, 0.000000000000000, -1.00000000000000 ) );
#2621 = FILL_AREA_STYLE( '', ( #3079 ) );
#2622 = EDGE_CURVE( '', #3080, #3080, #3081, .F. );
#2623 = EDGE_CURVE( '', #3082, #3082, #3083, .T. );
#2624 = FILL_AREA_STYLE( '', ( #3084 ) );
#2625 = EDGE_CURVE( '', #3085, #3085, #3086, .T. );
#2626 = EDGE_CURVE( '', #3087, #3087, #3088, .T. );
#2627 = FILL_AREA_STYLE( '', ( #3089 ) );
#2628 = EDGE_CURVE( '', #3090, #3090, #3091, .T. );
#2629 = EDGE_CURVE( '', #3092, #3092, #3093, .T. );
#2630 = FILL_AREA_STYLE( '', ( #3094 ) );
#2631 = EDGE_CURVE( '', #3095, #3096, #3097, .F. );
#2632 = EDGE_CURVE( '', #3098, #3095, #3099, .T. );
#2633 = EDGE_CURVE( '', #3100, #3098, #3101, .T. );
#2634 = EDGE_CURVE( '', #3096, #3100, #3102, .T. );
#2635 = FILL_AREA_STYLE( '', ( #3103 ) );
#2636 = EDGE_CURVE( '', #3104, #3105, #3106, .T. );
#2637 = EDGE_CURVE( '', #3107, #3105, #3108, .T. );
#2638 = EDGE_CURVE( '', #3109, #3107, #3110, .T. );
#2639 = EDGE_CURVE( '', #3109, #3104, #3111, .T. );
#2640 = FILL_AREA_STYLE( '', ( #3112 ) );
#2641 = EDGE_CURVE( '', #3113, #3113, #3114, .F. );
#2642 = EDGE_CURVE( '', #3115, #3115, #3116, .T. );
#2643 = FILL_AREA_STYLE( '', ( #3117 ) );
#2644 = EDGE_CURVE( '', #3118, #3119, #3120, .T. );
#2645 = EDGE_CURVE( '', #3118, #3121, #3122, .T. );
#2646 = EDGE_CURVE( '', #3121, #3123, #3124, .T. );
#2647 = EDGE_CURVE( '', #3119, #3123, #3125, .T. );
#2648 = FILL_AREA_STYLE( '', ( #3126 ) );
#2649 = EDGE_CURVE( '', #3127, #3128, #3129, .F. );
#2650 = EDGE_CURVE( '', #3130, #3127, #3131, .F. );
#2651 = EDGE_CURVE( '', #3132, #3130, #3133, .T. );
#2652 = EDGE_CURVE( '', #3128, #3132, #3134, .T. );
#2653 = FILL_AREA_STYLE( '', ( #3135 ) );
#2654 = EDGE_CURVE( '', #3136, #3137, #3138, .T. );
#2655 = EDGE_CURVE( '', #3137, #3136, #3139, .F. );
#2656 = FILL_AREA_STYLE( '', ( #3140 ) );
#2657 = EDGE_CURVE( '', #3141, #3141, #3142, .T. );
#2658 = EDGE_CURVE( '', #3143, #3143, #3144, .F. );
#2659 = FILL_AREA_STYLE( '', ( #3145 ) );
#2660 = EDGE_CURVE( '', #3146, #3147, #3148, .T. );
#2661 = EDGE_CURVE( '', #3146, #3149, #3150, .T. );
#2662 = EDGE_CURVE( '', #3149, #3151, #3152, .T. );
#2663 = EDGE_CURVE( '', #3151, #3147, #3153, .T. );
#2664 = FILL_AREA_STYLE( '', ( #3154 ) );
#2665 = EDGE_CURVE( '', #3155, #3156, #3157, .T. );
#2666 = EDGE_CURVE( '', #3156, #3158, #3159, .F. );
#2667 = EDGE_CURVE( '', #3158, #3160, #3161, .T. );
#2668 = EDGE_CURVE( '', #3155, #3160, #3162, .F. );
#2669 = FILL_AREA_STYLE( '', ( #3163 ) );
#2670 = EDGE_CURVE( '', #3164, #3165, #3166, .F. );
#2671 = EDGE_CURVE( '', #3167, #3165, #3168, .T. );
#2672 = EDGE_CURVE( '', #3167, #3169, #3170, .F. );
#2673 = EDGE_CURVE( '', #3164, #3169, #3171, .T. );
#2674 = FILL_AREA_STYLE( '', ( #3172 ) );
#2675 = EDGE_CURVE( '', #3173, #3174, #3175, .T. );
#2676 = EDGE_CURVE( '', #3176, #3173, #3177, .T. );
#2677 = EDGE_CURVE( '', #3178, #3176, #3179, .T. );
#2678 = EDGE_CURVE( '', #3174, #3178, #3180, .T. );
#2679 = FILL_AREA_STYLE( '', ( #3181 ) );
#2680 = EDGE_CURVE( '', #3182, #3183, #3184, .T. );
#2681 = EDGE_CURVE( '', #3183, #3185, #3186, .F. );
#2682 = EDGE_CURVE( '', #3185, #3187, #3188, .T. );
#2683 = EDGE_CURVE( '', #3189, #3187, #3190, .T. );
#2684 = EDGE_CURVE( '', #3189, #3191, #3192, .T. );
#2685 = EDGE_CURVE( '', #3191, #3182, #3193, .F. );
#2686 = FILL_AREA_STYLE( '', ( #3194 ) );
#2687 = EDGE_CURVE( '', #3119, #3195, #3196, .T. );
#2688 = EDGE_CURVE( '', #3123, #3197, #3198, .T. );
#2689 = EDGE_CURVE( '', #3195, #3197, #3199, .T. );
#2690 = FILL_AREA_STYLE( '', ( #3200 ) );
#2691 = EDGE_CURVE( '', #3201, #3202, #3203, .T. );
#2692 = EDGE_CURVE( '', #3204, #3202, #3205, .T. );
#2693 = EDGE_CURVE( '', #3206, #3204, #3207, .T. );
#2694 = EDGE_CURVE( '', #3206, #3201, #3208, .T. );
#2695 = FILL_AREA_STYLE( '', ( #3209 ) );
#2696 = EDGE_CURVE( '', #3210, #3211, #3212, .T. );
#2697 = EDGE_CURVE( '', #3213, #3211, #3214, .T. );
#2698 = EDGE_CURVE( '', #3215, #3213, #3216, .T. );
#2699 = EDGE_CURVE( '', #3215, #3210, #3217, .T. );
#2700 = FILL_AREA_STYLE( '', ( #3218 ) );
#2701 = EDGE_CURVE( '', #3219, #3220, #3221, .T. );
#2702 = EDGE_CURVE( '', #3174, #3219, #3222, .T. );
#2703 = EDGE_CURVE( '', #3178, #3220, #3223, .T. );
#2704 = FILL_AREA_STYLE( '', ( #3224 ) );
#2705 = EDGE_CURVE( '', #3225, #3226, #3227, .T. );
#2706 = EDGE_CURVE( '', #3226, #3228, #3229, .T. );
#2707 = EDGE_CURVE( '', #3228, #3230, #3231, .T. );
#2708 = EDGE_CURVE( '', #3230, #3225, #3232, .T. );
#2709 = FILL_AREA_STYLE( '', ( #3233 ) );
#2710 = EDGE_CURVE( '', #3234, #3235, #3236, .T. );
#2711 = EDGE_CURVE( '', #3230, #3235, #3237, .T. );
#2712 = EDGE_CURVE( '', #3228, #3234, #3238, .T. );
#2713 = FILL_AREA_STYLE( '', ( #3239 ) );
#2714 = EDGE_CURVE( '', #3240, #3241, #3242, .T. );
#2715 = EDGE_CURVE( '', #3243, #3240, #3244, .T. );
#2716 = EDGE_CURVE( '', #3243, #3245, #3246, .T. );
#2717 = EDGE_CURVE( '', #3245, #3241, #3247, .T. );
#2718 = FILL_AREA_STYLE( '', ( #3248 ) );
#2719 = EDGE_CURVE( '', #3185, #3249, #3250, .F. );
#2720 = EDGE_CURVE( '', #3249, #3251, #3252, .T. );
#2721 = EDGE_CURVE( '', #3251, #3253, #3254, .F. );
#2722 = EDGE_CURVE( '', #3255, #3253, #3256, .T. );
#2723 = EDGE_CURVE( '', #3187, #3255, #3257, .F. );
#2724 = FILL_AREA_STYLE( '', ( #3258 ) );
#2725 = EDGE_CURVE( '', #3259, #3260, #3261, .T. );
#2726 = EDGE_CURVE( '', #3260, #3201, #3262, .F. );
#2727 = EDGE_CURVE( '', #3259, #3206, #3263, .F. );
#2728 = FILL_AREA_STYLE( '', ( #3264 ) );
#2729 = EDGE_CURVE( '', #3265, #3265, #3266, .F. );
#2730 = FILL_AREA_STYLE( '', ( #3267 ) );
#2731 = EDGE_CURVE( '', #3268, #3269, #3270, .T. );
#2732 = EDGE_CURVE( '', #3269, #3271, #3272, .T. );
#2733 = EDGE_CURVE( '', #3273, #3271, #3274, .T. );
#2734 = EDGE_CURVE( '', #3268, #3273, #3275, .T. );
#2735 = FILL_AREA_STYLE( '', ( #3276 ) );
#2736 = EDGE_CURVE( '', #3277, #3278, #3279, .T. );
#2737 = EDGE_CURVE( '', #3280, #3278, #3281, .T. );
#2738 = EDGE_CURVE( '', #3282, #3280, #3283, .T. );
#2739 = EDGE_CURVE( '', #3282, #3277, #3284, .T. );
#2740 = FILL_AREA_STYLE( '', ( #3285 ) );
#2741 = EDGE_CURVE( '', #3286, #3287, #3288, .T. );
#2742 = EDGE_CURVE( '', #3289, #3287, #3290, .T. );
#2743 = EDGE_CURVE( '', #3291, #3289, #3292, .T. );
#2744 = EDGE_CURVE( '', #3286, #3291, #3293, .T. );
#2745 = FILL_AREA_STYLE( '', ( #3294 ) );
#2746 = EDGE_CURVE( '', #3295, #3296, #3297, .T. );
#2747 = EDGE_CURVE( '', #3182, #3295, #3298, .F. );
#2748 = EDGE_CURVE( '', #3296, #3191, #3299, .F. );
#2749 = FILL_AREA_STYLE( '', ( #3300 ) );
#2750 = EDGE_CURVE( '', #3158, #3301, #3302, .T. );
#2751 = EDGE_CURVE( '', #3301, #3303, #3304, .T. );
#2752 = EDGE_CURVE( '', #3303, #3305, #3306, .T. );
#2753 = EDGE_CURVE( '', #3305, #3307, #3308, .T. );
#2754 = EDGE_CURVE( '', #3307, #3260, #3309, .T. );
#2755 = EDGE_CURVE( '', #3269, #3259, #3310, .T. );
#2756 = EDGE_CURVE( '', #3311, #3268, #3312, .T. );
#2757 = EDGE_CURVE( '', #3158, #3311, #3313, .T. );
#2758 = FILL_AREA_STYLE( '', ( #3314 ) );
#2759 = EDGE_CURVE( '', #3315, #3316, #3317, .T. );
#2760 = EDGE_CURVE( '', #3318, #3316, #3319, .T. );
#2761 = EDGE_CURVE( '', #3320, #3318, #3321, .T. );
#2762 = EDGE_CURVE( '', #3315, #3320, #3322, .F. );
#2763 = FILL_AREA_STYLE( '', ( #3323 ) );
#2764 = EDGE_CURVE( '', #3324, #3202, #3325, .F. );
#2765 = EDGE_CURVE( '', #3326, #3324, #3327, .T. );
#2766 = EDGE_CURVE( '', #3326, #3204, #3328, .F. );
#2767 = FILL_AREA_STYLE( '', ( #3329 ) );
#2768 = EDGE_CURVE( '', #3211, #3330, #3331, .T. );
#2769 = EDGE_CURVE( '', #3332, #3330, #3333, .T. );
#2770 = EDGE_CURVE( '', #3213, #3332, #3334, .T. );
#2771 = FILL_AREA_STYLE( '', ( #3335 ) );
#2772 = EDGE_CURVE( '', #3336, #3337, #3338, .T. );
#2773 = EDGE_CURVE( '', #3339, #3337, #3340, .T. );
#2774 = EDGE_CURVE( '', #3341, #3339, #3342, .T. );
#2775 = EDGE_CURVE( '', #3336, #3341, #3343, .T. );
#2776 = FILL_AREA_STYLE( '', ( #3344 ) );
#2777 = EDGE_CURVE( '', #3345, #3346, #3347, .T. );
#2778 = EDGE_CURVE( '', #3348, #3346, #3349, .T. );
#2779 = EDGE_CURVE( '', #3350, #3348, #3351, .T. );
#2780 = EDGE_CURVE( '', #3345, #3350, #3352, .T. );
#2781 = FILL_AREA_STYLE( '', ( #3353 ) );
#2782 = EDGE_CURVE( '', #3311, #3354, #3355, .T. );
#2783 = EDGE_CURVE( '', #3160, #3354, #3356, .T. );
#2784 = FILL_AREA_STYLE( '', ( #3357 ) );
#2785 = EDGE_CURVE( '', #3358, #3282, #3359, .T. );
#2786 = EDGE_CURVE( '', #3280, #3360, #3361, .T. );
#2787 = EDGE_CURVE( '', #3360, #3358, #3362, .T. );
#2788 = FILL_AREA_STYLE( '', ( #3363 ) );
#2789 = EDGE_CURVE( '', #3364, #3286, #3365, .T. );
#2790 = EDGE_CURVE( '', #3364, #3366, #3367, .T. );
#2791 = EDGE_CURVE( '', #3366, #3287, #3368, .T. );
#2792 = FILL_AREA_STYLE( '', ( #3369 ) );
#2793 = EDGE_CURVE( '', #3370, #3371, #3372, .T. );
#2794 = EDGE_CURVE( '', #3373, #3370, #3374, .T. );
#2795 = EDGE_CURVE( '', #3375, #3373, #3376, .T. );
#2796 = EDGE_CURVE( '', #3371, #3375, #3377, .T. );
#2797 = EDGE_CURVE( '', #3378, #3378, #3379, .T. );
#2798 = FILL_AREA_STYLE( '', ( #3380 ) );
#2799 = EDGE_CURVE( '', #3381, #3382, #3383, .T. );
#2800 = EDGE_CURVE( '', #3176, #3381, #3384, .T. );
#2801 = EDGE_CURVE( '', #3173, #3382, #3385, .T. );
#2802 = FILL_AREA_STYLE( '', ( #3386 ) );
#2803 = EDGE_CURVE( '', #3387, #3234, #3388, .T. );
#2804 = EDGE_CURVE( '', #3226, #3387, #3389, .T. );
#2805 = FILL_AREA_STYLE( '', ( #3390 ) );
#2806 = EDGE_CURVE( '', #3391, #3210, #3392, .T. );
#2807 = EDGE_CURVE( '', #3393, #3215, #3394, .T. );
#2808 = EDGE_CURVE( '', #3393, #3391, #3395, .T. );
#2809 = FILL_AREA_STYLE( '', ( #3396 ) );
#2810 = EDGE_CURVE( '', #3253, #3098, #3397, .T. );
#2811 = EDGE_CURVE( '', #3255, #3095, #3398, .T. );
#2812 = FILL_AREA_STYLE( '', ( #3399 ) );
#2813 = FILL_AREA_STYLE( '', ( #3400 ) );
#2814 = EDGE_CURVE( '', #3401, #3169, #3402, .T. );
#2815 = EDGE_CURVE( '', #3401, #3403, #3404, .T. );
#2816 = EDGE_CURVE( '', #3405, #3403, #3406, .T. );
#2817 = EDGE_CURVE( '', #3405, #3407, #3408, .T. );
#2818 = EDGE_CURVE( '', #3164, #3407, #3409, .F. );
#2819 = FILL_AREA_STYLE( '', ( #3410 ) );
#2820 = EDGE_CURVE( '', #3411, #3412, #3413, .F. );
#2821 = EDGE_CURVE( '', #3411, #3253, #3414, .T. );
#2822 = EDGE_CURVE( '', #3412, #3251, #3415, .T. );
#2823 = FILL_AREA_STYLE( '', ( #3416 ) );
#2824 = EDGE_CURVE( '', #3417, #3132, #3418, .T. );
#2825 = EDGE_CURVE( '', #3417, #3419, #3420, .F. );
#2826 = EDGE_CURVE( '', #3419, #3128, #3421, .F. );
#2827 = FILL_AREA_STYLE( '', ( #3422 ) );
#2828 = EDGE_CURVE( '', #3423, #3424, #3425, .T. );
#2829 = EDGE_CURVE( '', #3366, #3423, #3426, .T. );
#2830 = EDGE_CURVE( '', #3427, #3364, #3428, .T. );
#2831 = EDGE_CURVE( '', #3424, #3427, #3429, .T. );
#2832 = FILL_AREA_STYLE( '', ( #3430 ) );
#2833 = EDGE_CURVE( '', #3431, #3432, #3433, .T. );
#2834 = EDGE_CURVE( '', #3434, #3432, #3435, .T. );
#2835 = EDGE_CURVE( '', #3436, #3434, #3437, .T. );
#2836 = EDGE_CURVE( '', #3431, #3436, #3438, .T. );
#2837 = FILL_AREA_STYLE( '', ( #3439 ) );
#2838 = EDGE_CURVE( '', #3440, #3411, #3441, .T. );
#2839 = EDGE_CURVE( '', #3440, #3417, #3442, .T. );
#2840 = EDGE_CURVE( '', #3130, #3155, #3443, .T. );
#2841 = EDGE_CURVE( '', #3155, #3444, #3445, .T. );
#2842 = EDGE_CURVE( '', #3446, #3444, #3447, .T. );
#2843 = EDGE_CURVE( '', #3446, #3448, #3449, .T. );
#2844 = EDGE_CURVE( '', #3100, #3448, #3450, .T. );
#2845 = EDGE_CURVE( '', #3451, #3451, #3452, .T. );
#2846 = FILL_AREA_STYLE( '', ( #3453 ) );
#2847 = EDGE_CURVE( '', #3423, #3423, #3454, .F. );
#2848 = EDGE_CURVE( '', #3455, #3456, #3457, .T. );
#2849 = EDGE_CURVE( '', #3456, #3455, #3458, .T. );
#2850 = FILL_AREA_STYLE( '', ( #3459 ) );
#2851 = EDGE_CURVE( '', #3460, #3461, #3462, .T. );
#2852 = EDGE_CURVE( '', #3461, #3463, #3464, .T. );
#2853 = EDGE_CURVE( '', #3463, #3465, #3466, .T. );
#2854 = EDGE_CURVE( '', #3465, #3460, #3467, .T. );
#2855 = EDGE_CURVE( '', #3468, #3468, #3469, .F. );
#2856 = FILL_AREA_STYLE( '', ( #3470 ) );
#2857 = EDGE_CURVE( '', #3471, #3472, #3473, .T. );
#2858 = EDGE_CURVE( '', #3358, #3472, #3474, .T. );
#2859 = EDGE_CURVE( '', #3360, #3471, #3475, .T. );
#2860 = FILL_AREA_STYLE( '', ( #3476 ) );
#2861 = EDGE_CURVE( '', #3107, #3477, #3478, .T. );
#2862 = EDGE_CURVE( '', #3477, #3479, #3480, .T. );
#2863 = EDGE_CURVE( '', #3479, #3109, #3481, .T. );
#2864 = FILL_AREA_STYLE( '', ( #3482 ) );
#2865 = EDGE_CURVE( '', #3424, #3336, #3483, .T. );
#2866 = EDGE_CURVE( '', #3427, #3337, #3484, .T. );
#2867 = FILL_AREA_STYLE( '', ( #3485 ) );
#2868 = EDGE_CURVE( '', #3301, #3486, #3487, .T. );
#2869 = EDGE_CURVE( '', #3486, #3488, #3489, .T. );
#2870 = EDGE_CURVE( '', #3303, #3488, #3490, .T. );
#2871 = FILL_AREA_STYLE( '', ( #3491 ) );
#2872 = EDGE_CURVE( '', #3370, #3460, #3492, .T. );
#2873 = EDGE_CURVE( '', #3371, #3461, #3493, .T. );
#2874 = FILL_AREA_STYLE( '', ( #3494 ) );
#2875 = EDGE_CURVE( '', #3332, #3393, #3495, .T. );
#2876 = FILL_AREA_STYLE( '', ( #3496 ) );
#2877 = EDGE_CURVE( '', #3497, #3497, #3498, .T. );
#2878 = FILL_AREA_STYLE( '', ( #3499 ) );
#2879 = EDGE_CURVE( '', #3147, #3277, #3500, .T. );
#2880 = EDGE_CURVE( '', #3151, #3330, #3501, .T. );
#2881 = EDGE_CURVE( '', #3391, #3502, #3503, .T. );
#2882 = EDGE_CURVE( '', #3502, #3348, #3504, .T. );
#2883 = EDGE_CURVE( '', #3346, #3505, #3506, .T. );
#2884 = EDGE_CURVE( '', #3505, #3507, #3508, .T. );
#2885 = EDGE_CURVE( '', #3507, #3509, #3510, .T. );
#2886 = EDGE_CURVE( '', #3509, #3318, #3511, .T. );
#2887 = EDGE_CURVE( '', #3316, #3512, #3513, .T. );
#2888 = EDGE_CURVE( '', #3512, #3514, #3515, .T. );
#2889 = EDGE_CURVE( '', #3472, #3514, #3516, .T. );
#2890 = EDGE_CURVE( '', #3278, #3471, #3517, .T. );
#2891 = FILL_AREA_STYLE( '', ( #3518 ) );
#2892 = EDGE_CURVE( '', #3519, #3165, #3520, .T. );
#2893 = EDGE_CURVE( '', #3519, #3137, #3521, .T. );
#2894 = EDGE_CURVE( '', #3136, #3522, #3523, .T. );
#2895 = EDGE_CURVE( '', #3167, #3522, #3524, .F. );
#2896 = FILL_AREA_STYLE( '', ( #3525 ) );
#2897 = EDGE_CURVE( '', #3526, #3526, #3527, .T. );
#2898 = FILL_AREA_STYLE( '', ( #3528 ) );
#2899 = EDGE_CURVE( '', #3529, #3529, #3530, .F. );
#2900 = EDGE_CURVE( '', #3531, #3532, #3533, .T. );
#2901 = EDGE_CURVE( '', #3532, #3532, #3534, .F. );
#2902 = EDGE_CURVE( '', #3532, #3535, #3536, .T. );
#2903 = EDGE_CURVE( '', #3535, #3537, #3538, .T. );
#2904 = EDGE_CURVE( '', #3537, #3243, #3539, .T. );
#2905 = EDGE_CURVE( '', #3540, #3240, #3541, .T. );
#2906 = EDGE_CURVE( '', #3434, #3540, #3542, .T. );
#2907 = EDGE_CURVE( '', #3531, #3432, #3543, .T. );
#2908 = FILL_AREA_STYLE( '', ( #3544 ) );
#2909 = EDGE_CURVE( '', #3545, #3531, #3546, .T. );
#2910 = EDGE_CURVE( '', #3547, #3545, #3548, .T. );
#2911 = EDGE_CURVE( '', #3535, #3547, #3549, .T. );
#2912 = FILL_AREA_STYLE( '', ( #3550 ) );
#2913 = EDGE_CURVE( '', #3373, #3465, #3551, .T. );
#2914 = FILL_AREA_STYLE( '', ( #3552 ) );
#2915 = EDGE_CURVE( '', #3387, #3553, #3554, .T. );
#2916 = EDGE_CURVE( '', #3553, #3455, #3555, .T. );
#2917 = EDGE_CURVE( '', #3456, #3556, #3557, .T. );
#2918 = EDGE_CURVE( '', #3556, #3558, #3559, .T. );
#2919 = EDGE_CURVE( '', #3558, #3560, #3561, .T. );
#2920 = EDGE_CURVE( '', #3105, #3560, #3562, .T. );
#2921 = EDGE_CURVE( '', #3563, #3104, #3564, .T. );
#2922 = EDGE_CURVE( '', #3565, #3563, #3566, .T. );
#2923 = EDGE_CURVE( '', #3567, #3565, #3568, .T. );
#2924 = EDGE_CURVE( '', #3567, #3569, #3570, .T. );
#2925 = EDGE_CURVE( '', #3569, #3571, #3572, .T. );
#2926 = EDGE_CURVE( '', #3235, #3571, #3573, .T. );
#2927 = EDGE_CURVE( '', #3574, #3574, #3575, .T. );
#2928 = EDGE_CURVE( '', #3382, #3219, #3576, .T. );
#2929 = EDGE_CURVE( '', #3220, #3381, #3577, .T. );
#2930 = FILL_AREA_STYLE( '', ( #3578 ) );
#2931 = EDGE_CURVE( '', #3096, #3579, #3580, .F. );
#2932 = EDGE_CURVE( '', #3448, #3579, #3581, .F. );
#2933 = FILL_AREA_STYLE( '', ( #3582 ) );
#2934 = EDGE_CURVE( '', #3291, #3583, #3584, .T. );
#2935 = EDGE_CURVE( '', #3585, #3583, #3586, .T. );
#2936 = EDGE_CURVE( '', #3585, #3587, #3588, .T. );
#2937 = EDGE_CURVE( '', #3587, #3345, #3589, .F. );
#2938 = EDGE_CURVE( '', #3590, #3350, #3591, .T. );
#2939 = EDGE_CURVE( '', #3339, #3590, #3592, .T. );
#2940 = FILL_AREA_STYLE( '', ( #3593 ) );
#2941 = EDGE_CURVE( '', #3225, #3571, #3594, .T. );
#2942 = FILL_AREA_STYLE( '', ( #3595 ) );
#2943 = EDGE_CURVE( '', #3118, #3326, #3596, .T. );
#2944 = EDGE_CURVE( '', #3121, #3324, #3597, .T. );
#2945 = FILL_AREA_STYLE( '', ( #3598 ) );
#2946 = EDGE_CURVE( '', #3412, #3296, #3599, .T. );
#2947 = EDGE_CURVE( '', #3600, #3189, #3601, .F. );
#2948 = EDGE_CURVE( '', #3600, #3411, #3602, .T. );
#2949 = FILL_AREA_STYLE( '', ( #3603 ) );
#2950 = EDGE_CURVE( '', #3444, #3486, #3604, .F. );
#2951 = EDGE_CURVE( '', #3160, #3486, #3605, .T. );
#2952 = FILL_AREA_STYLE( '', ( #3606 ) );
#2953 = EDGE_CURVE( '', #3585, #3507, #3607, .T. );
#2954 = EDGE_CURVE( '', #3587, #3505, #3608, .T. );
#2955 = FILL_AREA_STYLE( '', ( #3609 ) );
#2956 = EDGE_CURVE( '', #3403, #3405, #3610, .F. );
#2957 = EDGE_CURVE( '', #3407, #3401, #3611, .T. );
#2958 = FILL_AREA_STYLE( '', ( #3612 ) );
#2959 = FILL_AREA_STYLE( '', ( #3613 ) );
#2960 = EDGE_CURVE( '', #3614, #3567, #3615, .F. );
#2961 = EDGE_CURVE( '', #3616, #3614, #3617, .T. );
#2962 = EDGE_CURVE( '', #3569, #3616, #3618, .F. );
#2963 = FILL_AREA_STYLE( '', ( #3619 ) );
#2964 = EDGE_CURVE( '', #3620, #3620, #3621, .F. );
#2965 = EDGE_CURVE( '', #3622, #3622, #3623, .T. );
#2966 = FILL_AREA_STYLE( '', ( #3624 ) );
#2967 = EDGE_CURVE( '', #3477, #3565, #3625, .T. );
#2968 = EDGE_CURVE( '', #3560, #3146, #3626, .F. );
#2969 = EDGE_CURVE( '', #3514, #3614, #3627, .T. );
#2970 = FILL_AREA_STYLE( '', ( #3628 ) );
#2971 = EDGE_CURVE( '', #3629, #3590, #3630, .T. );
#2972 = EDGE_CURVE( '', #3341, #3629, #3631, .T. );
#2973 = FILL_AREA_STYLE( '', ( #3632 ) );
#2974 = EDGE_CURVE( '', #3488, #3633, #3634, .T. );
#2975 = EDGE_CURVE( '', #3305, #3633, #3635, .T. );
#2976 = FILL_AREA_STYLE( '', ( #3636 ) );
#2977 = EDGE_CURVE( '', #3600, #3255, #3637, .T. );
#2978 = FILL_AREA_STYLE( '', ( #3638 ) );
#2979 = EDGE_CURVE( '', #3558, #3556, #3639, .T. );
#2980 = FILL_AREA_STYLE( '', ( #3640 ) );
#2981 = EDGE_CURVE( '', #3641, #3512, #3642, .T. );
#2982 = EDGE_CURVE( '', #3641, #3315, #3643, .T. );
#2983 = FILL_AREA_STYLE( '', ( #3644 ) );
#2984 = EDGE_CURVE( '', #3522, #3519, #3645, .T. );
#2985 = FILL_AREA_STYLE( '', ( #3646 ) );
#2986 = EDGE_CURVE( '', #3156, #3647, #3648, .T. );
#2987 = EDGE_CURVE( '', #3647, #3301, #3649, .F. );
#2988 = FILL_AREA_STYLE( '', ( #3650 ) );
#2989 = EDGE_CURVE( '', #3579, #3651, #3652, .F. );
#2990 = EDGE_CURVE( '', #3651, #3446, #3653, .F. );
#2991 = FILL_AREA_STYLE( '', ( #3654 ) );
#2992 = EDGE_CURVE( '', #3655, #3600, #3656, .T. );
#2993 = EDGE_CURVE( '', #3655, #3440, #3657, .T. );
#2994 = FILL_AREA_STYLE( '', ( #3658 ) );
#2995 = FILL_AREA_STYLE( '', ( #3659 ) );
#2996 = EDGE_CURVE( '', #3537, #3660, #3661, .T. );
#2997 = EDGE_CURVE( '', #3547, #3660, #3662, .T. );
#2998 = FILL_AREA_STYLE( '', ( #3663 ) );
#2999 = FILL_AREA_STYLE( '', ( #3664 ) );
#3000 = FILL_AREA_STYLE( '', ( #3665 ) );
#3001 = EDGE_CURVE( '', #3666, #3666, #3667, .F. );
#3002 = FILL_AREA_STYLE( '', ( #3668 ) );
#3003 = EDGE_CURVE( '', #3195, #3669, #3670, .F. );
#3004 = EDGE_CURVE( '', #3671, #3669, #3672, .T. );
#3005 = EDGE_CURVE( '', #3673, #3671, #3674, .F. );
#3006 = EDGE_CURVE( '', #3271, #3673, #3675, .T. );
#3007 = FILL_AREA_STYLE( '', ( #3676 ) );
#3008 = FILL_AREA_STYLE( '', ( #3677 ) );
#3009 = EDGE_CURVE( '', #3419, #3655, #3678, .F. );
#3010 = FILL_AREA_STYLE( '', ( #3679 ) );
#3011 = EDGE_CURVE( '', #3583, #3680, #3681, .T. );
#3012 = EDGE_CURVE( '', #3289, #3680, #3682, .T. );
#3013 = FILL_AREA_STYLE( '', ( #3683 ) );
#3014 = FILL_AREA_STYLE( '', ( #3684 ) );
#3015 = EDGE_CURVE( '', #3647, #3651, #3685, .T. );
#3016 = EDGE_CURVE( '', #3127, #3156, #3686, .T. );
#3017 = FILL_AREA_STYLE( '', ( #3687 ) );
#3018 = EDGE_CURVE( '', #3479, #3563, #3688, .T. );
#3019 = FILL_AREA_STYLE( '', ( #3689 ) );
#3020 = FILL_AREA_STYLE( '', ( #3690 ) );
#3021 = FILL_AREA_STYLE( '', ( #3691 ) );
#3022 = EDGE_CURVE( '', #3692, #3693, #3694, .F. );
#3023 = EDGE_CURVE( '', #3673, #3692, #3695, .T. );
#3024 = EDGE_CURVE( '', #3671, #3693, #3696, .T. );
#3025 = FILL_AREA_STYLE( '', ( #3697 ) );
#3026 = EDGE_CURVE( '', #3444, #3647, #3698, .T. );
#3027 = FILL_AREA_STYLE( '', ( #3699 ) );
#3028 = EDGE_CURVE( '', #3641, #3700, #3701, .T. );
#3029 = EDGE_CURVE( '', #3700, #3540, #3702, .T. );
#3030 = EDGE_CURVE( '', #3241, #3703, #3704, .T. );
#3031 = EDGE_CURVE( '', #3703, #3509, #3705, .T. );
#3032 = EDGE_CURVE( '', #3680, #3629, #3706, .T. );
#3033 = EDGE_CURVE( '', #3502, #3616, #3707, .T. );
#3034 = FILL_AREA_STYLE( '', ( #3708 ) );
#3035 = EDGE_CURVE( '', #3197, #3709, #3710, .F. );
#3036 = EDGE_CURVE( '', #3669, #3709, #3711, .T. );
#3037 = FILL_AREA_STYLE( '', ( #3712 ) );
#3038 = FILL_AREA_STYLE( '', ( #3713 ) );
#3039 = EDGE_CURVE( '', #3149, #3553, #3714, .F. );
#3040 = FILL_AREA_STYLE( '', ( #3715 ) );
#3041 = EDGE_CURVE( '', #3716, #3183, #3717, .F. );
#3042 = EDGE_CURVE( '', #3249, #3716, #3718, .T. );
#3043 = FILL_AREA_STYLE( '', ( #3719 ) );
#3044 = FILL_AREA_STYLE( '', ( #3720 ) );
#3045 = EDGE_CURVE( '', #3721, #3721, #3722, .T. );
#3046 = FILL_AREA_STYLE( '', ( #3723 ) );
#3047 = EDGE_CURVE( '', #3724, #3724, #3725, .T. );
#3048 = FILL_AREA_STYLE( '', ( #3726 ) );
#3049 = EDGE_CURVE( '', #3545, #3431, #3727, .T. );
#3050 = EDGE_CURVE( '', #3436, #3700, #3728, .T. );
#3051 = EDGE_CURVE( '', #3320, #3703, #3729, .T. );
#3052 = EDGE_CURVE( '', #3245, #3660, #3730, .T. );
#3053 = FILL_AREA_STYLE( '', ( #3731 ) );
#3054 = EDGE_CURVE( '', #3295, #3716, #3732, .T. );
#3055 = FILL_AREA_STYLE( '', ( #3733 ) );
#3056 = FILL_AREA_STYLE( '', ( #3734 ) );
#3057 = FILL_AREA_STYLE( '', ( #3735 ) );
#3058 = FILL_AREA_STYLE( '', ( #3736 ) );
#3059 = EDGE_CURVE( '', #3375, #3463, #3737, .T. );
#3060 = FILL_AREA_STYLE( '', ( #3738 ) );
#3061 = EDGE_CURVE( '', #3693, #3709, #3739, .T. );
#3062 = FILL_AREA_STYLE( '', ( #3740 ) );
#3063 = EDGE_CURVE( '', #3307, #3741, #3742, .T. );
#3064 = EDGE_CURVE( '', #3741, #3692, #3743, .T. );
#3065 = FILL_AREA_STYLE( '', ( #3744 ) );
#3066 = FILL_AREA_STYLE( '', ( #3745 ) );
#3067 = FILL_AREA_STYLE( '', ( #3746 ) );
#3068 = FILL_AREA_STYLE( '', ( #3747 ) );
#3069 = FILL_AREA_STYLE( '', ( #3748 ) );
#3070 = FILL_AREA_STYLE( '', ( #3749 ) );
#3071 = FILL_AREA_STYLE( '', ( #3750 ) );
#3072 = FILL_AREA_STYLE( '', ( #3751 ) );
#3073 = FILL_AREA_STYLE( '', ( #3752 ) );
#3074 = EDGE_CURVE( '', #3633, #3741, #3753, .T. );
#3075 = FILL_AREA_STYLE( '', ( #3754 ) );
#3076 = FILL_AREA_STYLE( '', ( #3755 ) );
#3077 = EDGE_CURVE( '', #3354, #3273, #3756, .T. );
#3078 = FILL_AREA_STYLE( '', ( #3757 ) );
#3079 = FILL_AREA_STYLE_COLOUR( '', #3758 );
#3080 = VERTEX_POINT( '', #3759 );
#3081 = CIRCLE( '', #3760, 1.75000000000000 );
#3082 = VERTEX_POINT( '', #3761 );
#3083 = CIRCLE( '', #3762, 1.55000000000000 );
#3084 = FILL_AREA_STYLE_COLOUR( '', #3763 );
#3085 = VERTEX_POINT( '', #3764 );
#3086 = CIRCLE( '', #3765, 1.75000000000000 );
#3087 = VERTEX_POINT( '', #3766 );
#3088 = CIRCLE( '', #3767, 1.70000000000000 );
#3089 = FILL_AREA_STYLE_COLOUR( '', #3768 );
#3090 = VERTEX_POINT( '', #3769 );
#3091 = CIRCLE( '', #3770, 1.25000000000000 );
#3092 = VERTEX_POINT( '', #3771 );
#3093 = CIRCLE( '', #3772, 1.25000000000000 );
#3094 = FILL_AREA_STYLE_COLOUR( '', #3773 );
#3095 = VERTEX_POINT( '', #3774 );
#3096 = VERTEX_POINT( '', #3775 );
#3097 = CIRCLE( '', #3776, 0.800000000000000 );
#3098 = VERTEX_POINT( '', #3777 );
#3099 = LINE( '', #3778, #3779 );
#3100 = VERTEX_POINT( '', #3780 );
#3101 = CIRCLE( '', #3781, 0.800000000000000 );
#3102 = LINE( '', #3782, #3783 );
#3103 = FILL_AREA_STYLE_COLOUR( '', #3784 );
#3104 = VERTEX_POINT( '', #3785 );
#3105 = VERTEX_POINT( '', #3786 );
#3106 = LINE( '', #3787, #3788 );
#3107 = VERTEX_POINT( '', #3789 );
#3108 = LINE( '', #3790, #3791 );
#3109 = VERTEX_POINT( '', #3792 );
#3110 = LINE( '', #3793, #3794 );
#3111 = LINE( '', #3795, #3796 );
#3112 = FILL_AREA_STYLE_COLOUR( '', #3797 );
#3113 = VERTEX_POINT( '', #3798 );
#3114 = CIRCLE( '', #3799, 0.150000000000000 );
#3115 = VERTEX_POINT( '', #3800 );
#3116 = CIRCLE( '', #3801, 0.500000000000000 );
#3117 = FILL_AREA_STYLE_COLOUR( '', #3802 );
#3118 = VERTEX_POINT( '', #3803 );
#3119 = VERTEX_POINT( '', #3804 );
#3120 = LINE( '', #3805, #3806 );
#3121 = VERTEX_POINT( '', #3807 );
#3122 = LINE( '', #3808, #3809 );
#3123 = VERTEX_POINT( '', #3810 );
#3124 = LINE( '', #3811, #3812 );
#3125 = LINE( '', #3813, #3814 );
#3126 = FILL_AREA_STYLE_COLOUR( '', #3815 );
#3127 = VERTEX_POINT( '', #3816 );
#3128 = VERTEX_POINT( '', #3817 );
#3129 = CIRCLE( '', #3818, 0.800000000000000 );
#3130 = VERTEX_POINT( '', #3819 );
#3131 = LINE( '', #3820, #3821 );
#3132 = VERTEX_POINT( '', #3822 );
#3133 = CIRCLE( '', #3823, 0.800000000000000 );
#3134 = LINE( '', #3824, #3825 );
#3135 = FILL_AREA_STYLE_COLOUR( '', #3826 );
#3136 = VERTEX_POINT( '', #3827 );
#3137 = VERTEX_POINT( '', #3828 );
#3138 = LINE( '', #3829, #3830 );
#3139 = CIRCLE( '', #3831, 1.55000000000000 );
#3140 = FILL_AREA_STYLE_COLOUR( '', #3832 );
#3141 = VERTEX_POINT( '', #3833 );
#3142 = CIRCLE( '', #3834, 1.00000000000000 );
#3143 = VERTEX_POINT( '', #3835 );
#3144 = CIRCLE( '', #3836, 1.20000000000000 );
#3145 = FILL_AREA_STYLE_COLOUR( '', #3837 );
#3146 = VERTEX_POINT( '', #3838 );
#3147 = VERTEX_POINT( '', #3839 );
#3148 = LINE( '', #3840, #3841 );
#3149 = VERTEX_POINT( '', #3842 );
#3150 = LINE( '', #3843, #3844 );
#3151 = VERTEX_POINT( '', #3845 );
#3152 = LINE( '', #3846, #3847 );
#3153 = LINE( '', #3848, #3849 );
#3154 = FILL_AREA_STYLE_COLOUR( '', #3850 );
#3155 = VERTEX_POINT( '', #3851 );
#3156 = VERTEX_POINT( '', #3852 );
#3157 = LINE( '', #3853, #3854 );
#3158 = VERTEX_POINT( '', #3855 );
#3159 = CIRCLE( '', #3856, 0.100000000000000 );
#3160 = VERTEX_POINT( '', #3857 );
#3161 = LINE( '', #3858, #3859 );
#3162 = CIRCLE( '', #3860, 0.300000000000000 );
#3163 = FILL_AREA_STYLE_COLOUR( '', #3861 );
#3164 = VERTEX_POINT( '', #3862 );
#3165 = VERTEX_POINT( '', #3863 );
#3166 = CIRCLE( '', #3864, 1.75000000000000 );
#3167 = VERTEX_POINT( '', #3865 );
#3168 = LINE( '', #3866, #3867 );
#3169 = VERTEX_POINT( '', #3868 );
#3170 = CIRCLE( '', #3869, 1.75000000000000 );
#3171 = LINE( '', #3870, #3871 );
#3172 = FILL_AREA_STYLE_COLOUR( '', #3872 );
#3173 = VERTEX_POINT( '', #3873 );
#3174 = VERTEX_POINT( '', #3874 );
#3175 = LINE( '', #3875, #3876 );
#3176 = VERTEX_POINT( '', #3877 );
#3177 = LINE( '', #3878, #3879 );
#3178 = VERTEX_POINT( '', #3880 );
#3179 = LINE( '', #3881, #3882 );
#3180 = LINE( '', #3883, #3884 );
#3181 = FILL_AREA_STYLE_COLOUR( '', #3885 );
#3182 = VERTEX_POINT( '', #3886 );
#3183 = VERTEX_POINT( '', #3887 );
#3184 = LINE( '', #3888, #3889 );
#3185 = VERTEX_POINT( '', #3890 );
#3186 = CIRCLE( '', #3891, 0.200000000000000 );
#3187 = VERTEX_POINT( '', #3892 );
#3188 = LINE( '', #3893, #3894 );
#3189 = VERTEX_POINT( '', #3895 );
#3190 = LINE( '', #3896, #3897 );
#3191 = VERTEX_POINT( '', #3898 );
#3192 = LINE( '', #3899, #3900 );
#3193 = CIRCLE( '', #3901, 0.200000000000000 );
#3194 = FILL_AREA_STYLE_COLOUR( '', #3902 );
#3195 = VERTEX_POINT( '', #3903 );
#3196 = LINE( '', #3904, #3905 );
#3197 = VERTEX_POINT( '', #3906 );
#3198 = LINE( '', #3907, #3908 );
#3199 = LINE( '', #3909, #3910 );
#3200 = FILL_AREA_STYLE_COLOUR( '', #3911 );
#3201 = VERTEX_POINT( '', #3912 );
#3202 = VERTEX_POINT( '', #3913 );
#3203 = LINE( '', #3914, #3915 );
#3204 = VERTEX_POINT( '', #3916 );
#3205 = LINE( '', #3917, #3918 );
#3206 = VERTEX_POINT( '', #3919 );
#3207 = LINE( '', #3920, #3921 );
#3208 = LINE( '', #3922, #3923 );
#3209 = FILL_AREA_STYLE_COLOUR( '', #3924 );
#3210 = VERTEX_POINT( '', #3925 );
#3211 = VERTEX_POINT( '', #3926 );
#3212 = LINE( '', #3927, #3928 );
#3213 = VERTEX_POINT( '', #3929 );
#3214 = LINE( '', #3930, #3931 );
#3215 = VERTEX_POINT( '', #3932 );
#3216 = LINE( '', #3933, #3934 );
#3217 = LINE( '', #3935, #3936 );
#3218 = FILL_AREA_STYLE_COLOUR( '', #3937 );
#3219 = VERTEX_POINT( '', #3938 );
#3220 = VERTEX_POINT( '', #3939 );
#3221 = LINE( '', #3940, #3941 );
#3222 = LINE( '', #3942, #3943 );
#3223 = LINE( '', #3944, #3945 );
#3224 = FILL_AREA_STYLE_COLOUR( '', #3946 );
#3225 = VERTEX_POINT( '', #3947 );
#3226 = VERTEX_POINT( '', #3948 );
#3227 = LINE( '', #3949, #3950 );
#3228 = VERTEX_POINT( '', #3951 );
#3229 = LINE( '', #3952, #3953 );
#3230 = VERTEX_POINT( '', #3954 );
#3231 = LINE( '', #3955, #3956 );
#3232 = LINE( '', #3957, #3958 );
#3233 = FILL_AREA_STYLE_COLOUR( '', #3959 );
#3234 = VERTEX_POINT( '', #3960 );
#3235 = VERTEX_POINT( '', #3961 );
#3236 = LINE( '', #3962, #3963 );
#3237 = LINE( '', #3964, #3965 );
#3238 = LINE( '', #3966, #3967 );
#3239 = FILL_AREA_STYLE_COLOUR( '', #3968 );
#3240 = VERTEX_POINT( '', #3969 );
#3241 = VERTEX_POINT( '', #3970 );
#3242 = LINE( '', #3971, #3972 );
#3243 = VERTEX_POINT( '', #3973 );
#3244 = LINE( '', #3974, #3975 );
#3245 = VERTEX_POINT( '', #3976 );
#3246 = LINE( '', #3977, #3978 );
#3247 = LINE( '', #3979, #3980 );
#3248 = FILL_AREA_STYLE_COLOUR( '', #3981 );
#3249 = VERTEX_POINT( '', #3982 );
#3250 = LINE( '', #3983, #3984 );
#3251 = VERTEX_POINT( '', #3985 );
#3252 = LINE( '', #3986, #3987 );
#3253 = VERTEX_POINT( '', #3988 );
#3254 = CIRCLE( '', #3989, 0.871359329900000 );
#3255 = VERTEX_POINT( '', #3990 );
#3256 = LINE( '', #3991, #3992 );
#3257 = CIRCLE( '', #3993, 0.671359329900000 );
#3258 = FILL_AREA_STYLE_COLOUR( '', #3994 );
#3259 = VERTEX_POINT( '', #3995 );
#3260 = VERTEX_POINT( '', #3996 );
#3261 = LINE( '', #3997, #3998 );
#3262 = CIRCLE( '', #3999, 0.100000000000000 );
#3263 = CIRCLE( '', #4000, 0.100000000000000 );
#3264 = FILL_AREA_STYLE_COLOUR( '', #4001 );
#3265 = VERTEX_POINT( '', #4002 );
#3266 = CIRCLE( '', #4003, 0.850000000000000 );
#3267 = FILL_AREA_STYLE_COLOUR( '', #4004 );
#3268 = VERTEX_POINT( '', #4005 );
#3269 = VERTEX_POINT( '', #4006 );
#3270 = LINE( '', #4007, #4008 );
#3271 = VERTEX_POINT( '', #4009 );
#3272 = LINE( '', #4010, #4011 );
#3273 = VERTEX_POINT( '', #4012 );
#3274 = LINE( '', #4013, #4014 );
#3275 = LINE( '', #4015, #4016 );
#3276 = FILL_AREA_STYLE_COLOUR( '', #4017 );
#3277 = VERTEX_POINT( '', #4018 );
#3278 = VERTEX_POINT( '', #4019 );
#3279 = LINE( '', #4020, #4021 );
#3280 = VERTEX_POINT( '', #4022 );
#3281 = LINE( '', #4023, #4024 );
#3282 = VERTEX_POINT( '', #4025 );
#3283 = LINE( '', #4026, #4027 );
#3284 = LINE( '', #4028, #4029 );
#3285 = FILL_AREA_STYLE_COLOUR( '', #4030 );
#3286 = VERTEX_POINT( '', #4031 );
#3287 = VERTEX_POINT( '', #4032 );
#3288 = LINE( '', #4033, #4034 );
#3289 = VERTEX_POINT( '', #4035 );
#3290 = LINE( '', #4036, #4037 );
#3291 = VERTEX_POINT( '', #4038 );
#3292 = LINE( '', #4039, #4040 );
#3293 = LINE( '', #4041, #4042 );
#3294 = FILL_AREA_STYLE_COLOUR( '', #4043 );
#3295 = VERTEX_POINT( '', #4044 );
#3296 = VERTEX_POINT( '', #4045 );
#3297 = CIRCLE( '', #4046, 0.200000000000000 );
#3298 = LINE( '', #4047, #4048 );
#3299 = LINE( '', #4049, #4050 );
#3300 = FILL_AREA_STYLE_COLOUR( '', #4051 );
#3301 = VERTEX_POINT( '', #4052 );
#3302 = LINE( '', #4053, #4054 );
#3303 = VERTEX_POINT( '', #4055 );
#3304 = LINE( '', #4056, #4057 );
#3305 = VERTEX_POINT( '', #4058 );
#3306 = LINE( '', #4059, #4060 );
#3307 = VERTEX_POINT( '', #4061 );
#3308 = LINE( '', #4062, #4063 );
#3309 = LINE( '', #4064, #4065 );
#3310 = LINE( '', #4066, #4067 );
#3311 = VERTEX_POINT( '', #4068 );
#3312 = LINE( '', #4069, #4070 );
#3313 = LINE( '', #4071, #4072 );
#3314 = FILL_AREA_STYLE_COLOUR( '', #4073 );
#3315 = VERTEX_POINT( '', #4074 );
#3316 = VERTEX_POINT( '', #4075 );
#3317 = LINE( '', #4076, #4077 );
#3318 = VERTEX_POINT( '', #4078 );
#3319 = CIRCLE( '', #4079, 0.475000000000000 );
#3320 = VERTEX_POINT( '', #4080 );
#3321 = LINE( '', #4081, #4082 );
#3322 = CIRCLE( '', #4083, 0.475000000000000 );
#3323 = FILL_AREA_STYLE_COLOUR( '', #4084 );
#3324 = VERTEX_POINT( '', #4085 );
#3325 = CIRCLE( '', #4086, 0.550000000000000 );
#3326 = VERTEX_POINT( '', #4087 );
#3327 = LINE( '', #4088, #4089 );
#3328 = CIRCLE( '', #4090, 0.550000000000000 );
#3329 = FILL_AREA_STYLE_COLOUR( '', #4091 );
#3330 = VERTEX_POINT( '', #4092 );
#3331 = LINE( '', #4093, #4094 );
#3332 = VERTEX_POINT( '', #4095 );
#3333 = LINE( '', #4096, #4097 );
#3334 = LINE( '', #4098, #4099 );
#3335 = FILL_AREA_STYLE_COLOUR( '', #4100 );
#3336 = VERTEX_POINT( '', #4101 );
#3337 = VERTEX_POINT( '', #4102 );
#3338 = LINE( '', #4103, #4104 );
#3339 = VERTEX_POINT( '', #4105 );
#3340 = LINE( '', #4106, #4107 );
#3341 = VERTEX_POINT( '', #4108 );
#3342 = LINE( '', #4109, #4110 );
#3343 = LINE( '', #4111, #4112 );
#3344 = FILL_AREA_STYLE_COLOUR( '', #4113 );
#3345 = VERTEX_POINT( '', #4114 );
#3346 = VERTEX_POINT( '', #4115 );
#3347 = LINE( '', #4116, #4117 );
#3348 = VERTEX_POINT( '', #4118 );
#3349 = LINE( '', #4119, #4120 );
#3350 = VERTEX_POINT( '', #4121 );
#3351 = LINE( '', #4122, #4123 );
#3352 = LINE( '', #4124, #4125 );
#3353 = FILL_AREA_STYLE_COLOUR( '', #4126 );
#3354 = VERTEX_POINT( '', #4127 );
#3355 = LINE( '', #4128, #4129 );
#3356 = LINE( '', #4130, #4131 );
#3357 = FILL_AREA_STYLE_COLOUR( '', #4132 );
#3358 = VERTEX_POINT( '', #4133 );
#3359 = LINE( '', #4134, #4135 );
#3360 = VERTEX_POINT( '', #4136 );
#3361 = LINE( '', #4137, #4138 );
#3362 = LINE( '', #4139, #4140 );
#3363 = FILL_AREA_STYLE_COLOUR( '', #4141 );
#3364 = VERTEX_POINT( '', #4142 );
#3365 = LINE( '', #4143, #4144 );
#3366 = VERTEX_POINT( '', #4145 );
#3367 = LINE( '', #4146, #4147 );
#3368 = LINE( '', #4148, #4149 );
#3369 = FILL_AREA_STYLE_COLOUR( '', #4150 );
#3370 = VERTEX_POINT( '', #4151 );
#3371 = VERTEX_POINT( '', #4152 );
#3372 = LINE( '', #4153, #4154 );
#3373 = VERTEX_POINT( '', #4155 );
#3374 = LINE( '', #4156, #4157 );
#3375 = VERTEX_POINT( '', #4158 );
#3376 = LINE( '', #4159, #4160 );
#3377 = LINE( '', #4161, #4162 );
#3378 = VERTEX_POINT( '', #4163 );
#3379 = CIRCLE( '', #4164, 1.50000000000000 );
#3380 = FILL_AREA_STYLE_COLOUR( '', #4165 );
#3381 = VERTEX_POINT( '', #4166 );
#3382 = VERTEX_POINT( '', #4167 );
#3383 = LINE( '', #4168, #4169 );
#3384 = LINE( '', #4170, #4171 );
#3385 = LINE( '', #4172, #4173 );
#3386 = FILL_AREA_STYLE_COLOUR( '', #4174 );
#3387 = VERTEX_POINT( '', #4175 );
#3388 = LINE( '', #4176, #4177 );
#3389 = LINE( '', #4178, #4179 );
#3390 = FILL_AREA_STYLE_COLOUR( '', #4180 );
#3391 = VERTEX_POINT( '', #4181 );
#3392 = LINE( '', #4182, #4183 );
#3393 = VERTEX_POINT( '', #4184 );
#3394 = LINE( '', #4185, #4186 );
#3395 = LINE( '', #4187, #4188 );
#3396 = FILL_AREA_STYLE_COLOUR( '', #4189 );
#3397 = LINE( '', #4190, #4191 );
#3398 = LINE( '', #4192, #4193 );
#3399 = FILL_AREA_STYLE_COLOUR( '', #4194 );
#3400 = FILL_AREA_STYLE_COLOUR( '', #4195 );
#3401 = VERTEX_POINT( '', #4196 );
#3402 = LINE( '', #4197, #4198 );
#3403 = VERTEX_POINT( '', #4199 );
#3404 = B_SPLINE_CURVE_WITH_KNOTS( '', 3, ( #4200, #4201, #4202, #4203, #4204, #4205 ), .UNSPECIFIED., .F., .F., ( 4, 2, 4 ), ( 0.000000000000000, 0.000158371365797398, 0.000316742731594796 ), .UNSPECIFIED. );
#3405 = VERTEX_POINT( '', #4206 );
#3406 = LINE( '', #4207, #4208 );
#3407 = VERTEX_POINT( '', #4209 );
#3408 = B_SPLINE_CURVE_WITH_KNOTS( '', 3, ( #4210, #4211, #4212, #4213, #4214, #4215 ), .UNSPECIFIED., .F., .F., ( 4, 2, 4 ), ( 0.000000000000000, 0.000158373718943738, 0.000316747437887476 ), .UNSPECIFIED. );
#3409 = LINE( '', #4216, #4217 );
#3410 = FILL_AREA_STYLE_COLOUR( '', #4218 );
#3411 = VERTEX_POINT( '', #4219 );
#3412 = VERTEX_POINT( '', #4220 );
#3413 = CIRCLE( '', #4221, 0.871359329900000 );
#3414 = LINE( '', #4222, #4223 );
#3415 = LINE( '', #4224, #4225 );
#3416 = FILL_AREA_STYLE_COLOUR( '', #4226 );
#3417 = VERTEX_POINT( '', #4227 );
#3418 = LINE( '', #4228, #4229 );
#3419 = VERTEX_POINT( '', #4230 );
#3420 = LINE( '', #4231, #4232 );
#3421 = LINE( '', #4233, #4234 );
#3422 = FILL_AREA_STYLE_COLOUR( '', #4235 );
#3423 = VERTEX_POINT( '', #4236 );
#3424 = VERTEX_POINT( '', #4237 );
#3425 = LINE( '', #4238, #4239 );
#3426 = LINE( '', #4240, #4241 );
#3427 = VERTEX_POINT( '', #4242 );
#3428 = LINE( '', #4243, #4244 );
#3429 = LINE( '', #4245, #4246 );
#3430 = FILL_AREA_STYLE_COLOUR( '', #4247 );
#3431 = VERTEX_POINT( '', #4248 );
#3432 = VERTEX_POINT( '', #4249 );
#3433 = LINE( '', #4250, #4251 );
#3434 = VERTEX_POINT( '', #4252 );
#3435 = LINE( '', #4253, #4254 );
#3436 = VERTEX_POINT( '', #4255 );
#3437 = LINE( '', #4256, #4257 );
#3438 = LINE( '', #4258, #4259 );
#3439 = FILL_AREA_STYLE_COLOUR( '', #4260 );
#3440 = VERTEX_POINT( '', #4261 );
#3441 = LINE( '', #4262, #4263 );
#3442 = CIRCLE( '', #4264, 0.800000000000000 );
#3443 = LINE( '', #4265, #4266 );
#3444 = VERTEX_POINT( '', #4267 );
#3445 = LINE( '', #4268, #4269 );
#3446 = VERTEX_POINT( '', #4270 );
#3447 = LINE( '', #4271, #4272 );
#3448 = VERTEX_POINT( '', #4273 );
#3449 = CIRCLE( '', #4274, 0.800000000000000 );
#3450 = LINE( '', #4275, #4276 );
#3451 = VERTEX_POINT( '', #4277 );
#3452 = CIRCLE( '', #4278, 1.37500000000000 );
#3453 = FILL_AREA_STYLE_COLOUR( '', #4279 );
#3454 = CIRCLE( '', #4280, 0.300000000000000 );
#3455 = VERTEX_POINT( '', #4281 );
#3456 = VERTEX_POINT( '', #4282 );
#3457 = CIRCLE( '', #4283, 0.300000000000000 );
#3458 = ELLIPSE( '', #4284, 0.891964124800000, 0.300000000000000 );
#3459 = FILL_AREA_STYLE_COLOUR( '', #4285 );
#3460 = VERTEX_POINT( '', #4286 );
#3461 = VERTEX_POINT( '', #4287 );
#3462 = LINE( '', #4288, #4289 );
#3463 = VERTEX_POINT( '', #4290 );
#3464 = LINE( '', #4291, #4292 );
#3465 = VERTEX_POINT( '', #4293 );
#3466 = LINE( '', #4294, #4295 );
#3467 = LINE( '', #4296, #4297 );
#3468 = VERTEX_POINT( '', #4298 );
#3469 = CIRCLE( '', #4299, 1.50000000000000 );
#3470 = FILL_AREA_STYLE_COLOUR( '', #4300 );
#3471 = VERTEX_POINT( '', #4301 );
#3472 = VERTEX_POINT( '', #4302 );
#3473 = LINE( '', #4303, #4304 );
#3474 = LINE( '', #4305, #4306 );
#3475 = LINE( '', #4307, #4308 );
#3476 = FILL_AREA_STYLE_COLOUR( '', #4309 );
#3477 = VERTEX_POINT( '', #4310 );
#3478 = LINE( '', #4311, #4312 );
#3479 = VERTEX_POINT( '', #4313 );
#3480 = LINE( '', #4314, #4315 );
#3481 = LINE( '', #4316, #4317 );
#3482 = FILL_AREA_STYLE_COLOUR( '', #4318 );
#3483 = LINE( '', #4319, #4320 );
#3484 = LINE( '', #4321, #4322 );
#3485 = FILL_AREA_STYLE_COLOUR( '', #4323 );
#3486 = VERTEX_POINT( '', #4324 );
#3487 = LINE( '', #4325, #4326 );
#3488 = VERTEX_POINT( '', #4327 );
#3489 = LINE( '', #4328, #4329 );
#3490 = LINE( '', #4330, #4331 );
#3491 = FILL_AREA_STYLE_COLOUR( '', #4332 );
#3492 = LINE( '', #4333, #4334 );
#3493 = LINE( '', #4335, #4336 );
#3494 = FILL_AREA_STYLE_COLOUR( '', #4337 );
#3495 = LINE( '', #4338, #4339 );
#3496 = FILL_AREA_STYLE_COLOUR( '', #4340 );
#3497 = VERTEX_POINT( '', #4341 );
#3498 = CIRCLE( '', #4342, 1.75000000000000 );
#3499 = FILL_AREA_STYLE_COLOUR( '', #4343 );
#3500 = LINE( '', #4344, #4345 );
#3501 = LINE( '', #4346, #4347 );
#3502 = VERTEX_POINT( '', #4348 );
#3503 = LINE( '', #4349, #4350 );
#3504 = LINE( '', #4351, #4352 );
#3505 = VERTEX_POINT( '', #4353 );
#3506 = CIRCLE( '', #4354, 0.475000000000000 );
#3507 = VERTEX_POINT( '', #4355 );
#3508 = LINE( '', #4356, #4357 );
#3509 = VERTEX_POINT( '', #4358 );
#3510 = LINE( '', #4359, #4360 );
#3511 = LINE( '', #4361, #4362 );
#3512 = VERTEX_POINT( '', #4363 );
#3513 = LINE( '', #4364, #4365 );
#3514 = VERTEX_POINT( '', #4366 );
#3515 = LINE( '', #4367, #4368 );
#3516 = LINE( '', #4369, #4370 );
#3517 = LINE( '', #4371, #4372 );
#3518 = FILL_AREA_STYLE_COLOUR( '', #4373 );
#3519 = VERTEX_POINT( '', #4374 );
#3520 = LINE( '', #4375, #4376 );
#3521 = B_SPLINE_CURVE_WITH_KNOTS( '', 3, ( #4377, #4378, #4379, #4380, #4381, #4382 ), .UNSPECIFIED., .F., .F., ( 4, 2, 4 ), ( 0.000000000000000, 0.000158371365797398, 0.000316742731594796 ), .UNSPECIFIED. );
#3522 = VERTEX_POINT( '', #4383 );
#3523 = B_SPLINE_CURVE_WITH_KNOTS( '', 3, ( #4384, #4385, #4386, #4387, #4388, #4389 ), .UNSPECIFIED., .F., .F., ( 4, 2, 4 ), ( 0.000000000000000, 0.000158373718943738, 0.000316747437887476 ), .UNSPECIFIED. );
#3524 = LINE( '', #4390, #4391 );
#3525 = FILL_AREA_STYLE_COLOUR( '', #4392 );
#3526 = VERTEX_POINT( '', #4393 );
#3527 = B_SPLINE_CURVE_WITH_KNOTS( '', 3, ( #4394, #4395, #4396, #4397, #4398, #4399, #4400, #4401, #4402, #4403, #4404, #4405, #4406, #4407, #4408, #4409, #4410, #4411, #4412, #4413, #4414, #4415, #4416, #4417, #4418, #4419, #4420, #4421, #4422, #4423, #4424, #4425, #4426, #4427, #4428, #4429 ), .UNSPECIFIED., .T., .F., ( 2, 2, 2, 2, 2, 2, 2, 2, 2, 2, 2, 2, 2, 2, 2, 2, 2, 2, 2, 2 ), ( -0.000403126764378133, 0.000000000000000, 0.000403126764378133, 0.000806253528756266, 0.00120938029313440, 0.00141094367532347, 0.00161250705751253, 0.00201563382189067, 0.00241876058626880, 0.00282188735064693, 0.00322501411502507, 0.00362814087940320, 0.00403126764378133, 0.00443439440815946, 0.00483752117253760, 0.00524064793691573, 0.00564377470129386, 0.00604690146567200, 0.00645002823005013, 0.00685315499442826 ), .UNSPECIFIED. );
#3528 = FILL_AREA_STYLE_COLOUR( '', #4430 );
#3529 = VERTEX_POINT( '', #4431 );
#3530 = CIRCLE( '', #4432, 1.40000000000000 );
#3531 = VERTEX_POINT( '', #4433 );
#3532 = VERTEX_POINT( '', #4434 );
#3533 = LINE( '', #4435, #4436 );
#3534 = CIRCLE( '', #4437, 0.300000000000000 );
#3535 = VERTEX_POINT( '', #4438 );
#3536 = LINE( '', #4439, #4440 );
#3537 = VERTEX_POINT( '', #4441 );
#3538 = LINE( '', #4442, #4443 );
#3539 = LINE( '', #4444, #4445 );
#3540 = VERTEX_POINT( '', #4446 );
#3541 = LINE( '', #4447, #4448 );
#3542 = LINE( '', #4449, #4450 );
#3543 = LINE( '', #4451, #4452 );
#3544 = FILL_AREA_STYLE_COLOUR( '', #4453 );
#3545 = VERTEX_POINT( '', #4454 );
#3546 = LINE( '', #4455, #4456 );
#3547 = VERTEX_POINT( '', #4457 );
#3548 = LINE( '', #4458, #4459 );
#3549 = LINE( '', #4460, #4461 );
#3550 = FILL_AREA_STYLE_COLOUR( '', #4462 );
#3551 = LINE( '', #4463, #4464 );
#3552 = FILL_AREA_STYLE_COLOUR( '', #4465 );
#3553 = VERTEX_POINT( '', #4466 );
#3554 = LINE( '', #4467, #4468 );
#3555 = LINE( '', #4469, #4470 );
#3556 = VERTEX_POINT( '', #4471 );
#3557 = LINE( '', #4472, #4473 );
#3558 = VERTEX_POINT( '', #4474 );
#3559 = CIRCLE( '', #4475, 0.300000000000000 );
#3560 = VERTEX_POINT( '', #4476 );
#3561 = LINE( '', #4477, #4478 );
#3562 = LINE( '', #4479, #4480 );
#3563 = VERTEX_POINT( '', #4481 );
#3564 = LINE( '', #4482, #4483 );
#3565 = VERTEX_POINT( '', #4484 );
#3566 = LINE( '', #4485, #4486 );
#3567 = VERTEX_POINT( '', #4487 );
#3568 = LINE( '', #4488, #4489 );
#3569 = VERTEX_POINT( '', #4490 );
#3570 = LINE( '', #4491, #4492 );
#3571 = VERTEX_POINT( '', #4493 );
#3572 = LINE( '', #4494, #4495 );
#3573 = LINE( '', #4496, #4497 );
#3574 = VERTEX_POINT( '', #4498 );
#3575 = CIRCLE( '', #4499, 1.75000000000000 );
#3576 = LINE( '', #4500, #4501 );
#3577 = LINE( '', #4502, #4503 );
#3578 = FILL_AREA_STYLE_COLOUR( '', #4504 );
#3579 = VERTEX_POINT( '', #4505 );
#3580 = LINE( '', #4506, #4507 );
#3581 = LINE( '', #4508, #4509 );
#3582 = FILL_AREA_STYLE_COLOUR( '', #4510 );
#3583 = VERTEX_POINT( '', #4511 );
#3584 = LINE( '', #4512, #4513 );
#3585 = VERTEX_POINT( '', #4514 );
#3586 = LINE( '', #4515, #4516 );
#3587 = VERTEX_POINT( '', #4517 );
#3588 = LINE( '', #4518, #4519 );
#3589 = CIRCLE( '', #4520, 0.475000000000000 );
#3590 = VERTEX_POINT( '', #4521 );
#3591 = LINE( '', #4522, #4523 );
#3592 = LINE( '', #4524, #4525 );
#3593 = FILL_AREA_STYLE_COLOUR( '', #4526 );
#3594 = LINE( '', #4527, #4528 );
#3595 = FILL_AREA_STYLE_COLOUR( '', #4529 );
#3596 = LINE( '', #4530, #4531 );
#3597 = LINE( '', #4532, #4533 );
#3598 = FILL_AREA_STYLE_COLOUR( '', #4534 );
#3599 = LINE( '', #4535, #4536 );
#3600 = VERTEX_POINT( '', #4537 );
#3601 = CIRCLE( '', #4538, 0.671359329900000 );
#3602 = LINE( '', #4539, #4540 );
#3603 = FILL_AREA_STYLE_COLOUR( '', #4541 );
#3604 = CIRCLE( '', #4542, 0.300000000000000 );
#3605 = LINE( '', #4543, #4544 );
#3606 = FILL_AREA_STYLE_COLOUR( '', #4545 );
#3607 = LINE( '', #4546, #4547 );
#3608 = LINE( '', #4548, #4549 );
#3609 = FILL_AREA_STYLE_COLOUR( '', #4550 );
#3610 = CIRCLE( '', #4551, 1.55000000000000 );
#3611 = CIRCLE( '', #4552, 1.75000000000000 );
#3612 = FILL_AREA_STYLE_COLOUR( '', #4553 );
#3613 = FILL_AREA_STYLE_COLOUR( '', #4554 );
#3614 = VERTEX_POINT( '', #4555 );
#3615 = LINE( '', #4556, #4557 );
#3616 = VERTEX_POINT( '', #4558 );
#3617 = LINE( '', #4559, #4560 );
#3618 = LINE( '', #4561, #4562 );
#3619 = FILL_AREA_STYLE_COLOUR( '', #4563 );
#3620 = VERTEX_POINT( '', #4564 );
#3621 = CIRCLE( '', #4565, 1.40000000000000 );
#3622 = VERTEX_POINT( '', #4566 );
#3623 = CIRCLE( '', #4567, 1.70000000000000 );
#3624 = FILL_AREA_STYLE_COLOUR( '', #4568 );
#3625 = LINE( '', #4569, #4570 );
#3626 = LINE( '', #4571, #4572 );
#3627 = LINE( '', #4573, #4574 );
#3628 = FILL_AREA_STYLE_COLOUR( '', #4575 );
#3629 = VERTEX_POINT( '', #4576 );
#3630 = LINE( '', #4577, #4578 );
#3631 = LINE( '', #4579, #4580 );
#3632 = FILL_AREA_STYLE_COLOUR( '', #4581 );
#3633 = VERTEX_POINT( '', #4582 );
#3634 = LINE( '', #4583, #4584 );
#3635 = LINE( '', #4585, #4586 );
#3636 = FILL_AREA_STYLE_COLOUR( '', #4587 );
#3637 = LINE( '', #4588, #4589 );
#3638 = FILL_AREA_STYLE_COLOUR( '', #4590 );
#3639 = ELLIPSE( '', #4591, 0.891964124800000, 0.300000000000000 );
#3640 = FILL_AREA_STYLE_COLOUR( '', #4592 );
#3641 = VERTEX_POINT( '', #4593 );
#3642 = LINE( '', #4594, #4595 );
#3643 = LINE( '', #4596, #4597 );
#3644 = FILL_AREA_STYLE_COLOUR( '', #4598 );
#3645 = CIRCLE( '', #4599, 1.75000000000000 );
#3646 = FILL_AREA_STYLE_COLOUR( '', #4600 );
#3647 = VERTEX_POINT( '', #4601 );
#3648 = LINE( '', #4602, #4603 );
#3649 = CIRCLE( '', #4604, 0.100000000000000 );
#3650 = FILL_AREA_STYLE_COLOUR( '', #4605 );
#3651 = VERTEX_POINT( '', #4606 );
#3652 = CIRCLE( '', #4607, 0.800000000000000 );
#3653 = LINE( '', #4608, #4609 );
#3654 = FILL_AREA_STYLE_COLOUR( '', #4610 );
#3655 = VERTEX_POINT( '', #4611 );
#3656 = LINE( '', #4612, #4613 );
#3657 = LINE( '', #4614, #4615 );
#3658 = FILL_AREA_STYLE_COLOUR( '', #4616 );
#3659 = FILL_AREA_STYLE_COLOUR( '', #4617 );
#3660 = VERTEX_POINT( '', #4618 );
#3661 = LINE( '', #4619, #4620 );
#3662 = LINE( '', #4621, #4622 );
#3663 = FILL_AREA_STYLE_COLOUR( '', #4623 );
#3664 = FILL_AREA_STYLE_COLOUR( '', #4624 );
#3665 = FILL_AREA_STYLE_COLOUR( '', #4625 );
#3666 = VERTEX_POINT( '', #4626 );
#3667 = CIRCLE( '', #4627, 1.37500000000000 );
#3668 = FILL_AREA_STYLE_COLOUR( '', #4628 );
#3669 = VERTEX_POINT( '', #4629 );
#3670 = CIRCLE( '', #4630, 0.750000000000000 );
#3671 = VERTEX_POINT( '', #4631 );
#3672 = LINE( '', #4632, #4633 );
#3673 = VERTEX_POINT( '', #4634 );
#3674 = CIRCLE( '', #4635, 0.300000000000000 );
#3675 = LINE( '', #4636, #4637 );
#3676 = FILL_AREA_STYLE_COLOUR( '', #4638 );
#3677 = FILL_AREA_STYLE_COLOUR( '', #4639 );
#3678 = CIRCLE( '', #4640, 0.800000000000000 );
#3679 = FILL_AREA_STYLE_COLOUR( '', #4641 );
#3680 = VERTEX_POINT( '', #4642 );
#3681 = LINE( '', #4643, #4644 );
#3682 = LINE( '', #4645, #4646 );
#3683 = FILL_AREA_STYLE_COLOUR( '', #4647 );
#3684 = FILL_AREA_STYLE_COLOUR( '', #4648 );
#3685 = LINE( '', #4649, #4650 );
#3686 = LINE( '', #4651, #4652 );
#3687 = FILL_AREA_STYLE_COLOUR( '', #4653 );
#3688 = LINE( '', #4654, #4655 );
#3689 = FILL_AREA_STYLE_COLOUR( '', #4656 );
#3690 = FILL_AREA_STYLE_COLOUR( '', #4657 );
#3691 = FILL_AREA_STYLE_COLOUR( '', #4658 );
#3692 = VERTEX_POINT( '', #4659 );
#3693 = VERTEX_POINT( '', #4660 );
#3694 = CIRCLE( '', #4661, 0.300000000000000 );
#3695 = LINE( '', #4662, #4663 );
#3696 = LINE( '', #4664, #4665 );
#3697 = FILL_AREA_STYLE_COLOUR( '', #4666 );
#3698 = LINE( '', #4667, #4668 );
#3699 = FILL_AREA_STYLE_COLOUR( '', #4669 );
#3700 = VERTEX_POINT( '', #4670 );
#3701 = LINE( '', #4671, #4672 );
#3702 = LINE( '', #4673, #4674 );
#3703 = VERTEX_POINT( '', #4675 );
#3704 = LINE( '', #4676, #4677 );
#3705 = LINE( '', #4678, #4679 );
#3706 = LINE( '', #4680, #4681 );
#3707 = LINE( '', #4682, #4683 );
#3708 = FILL_AREA_STYLE_COLOUR( '', #4684 );
#3709 = VERTEX_POINT( '', #4685 );
#3710 = CIRCLE( '', #4686, 0.750000000000000 );
#3711 = LINE( '', #4687, #4688 );
#3712 = FILL_AREA_STYLE_COLOUR( '', #4689 );
#3713 = FILL_AREA_STYLE_COLOUR( '', #4690 );
#3714 = LINE( '', #4691, #4692 );
#3715 = FILL_AREA_STYLE_COLOUR( '', #4693 );
#3716 = VERTEX_POINT( '', #4694 );
#3717 = LINE( '', #4695, #4696 );
#3718 = CIRCLE( '', #4697, 0.200000000000000 );
#3719 = FILL_AREA_STYLE_COLOUR( '', #4698 );
#3720 = FILL_AREA_STYLE_COLOUR( '', #4699 );
#3721 = VERTEX_POINT( '', #4700 );
#3722 = CIRCLE( '', #4701, 0.500000000000000 );
#3723 = FILL_AREA_STYLE_COLOUR( '', #4702 );
#3724 = VERTEX_POINT( '', #4703 );
#3725 = CIRCLE( '', #4704, 1.75000000000000 );
#3726 = FILL_AREA_STYLE_COLOUR( '', #4705 );
#3727 = LINE( '', #4706, #4707 );
#3728 = LINE( '', #4708, #4709 );
#3729 = LINE( '', #4710, #4711 );
#3730 = LINE( '', #4712, #4713 );
#3731 = FILL_AREA_STYLE_COLOUR( '', #4714 );
#3732 = LINE( '', #4715, #4716 );
#3733 = FILL_AREA_STYLE_COLOUR( '', #4717 );
#3734 = FILL_AREA_STYLE_COLOUR( '', #4718 );
#3735 = FILL_AREA_STYLE_COLOUR( '', #4719 );
#3736 = FILL_AREA_STYLE_COLOUR( '', #4720 );
#3737 = LINE( '', #4721, #4722 );
#3738 = FILL_AREA_STYLE_COLOUR( '', #4723 );
#3739 = LINE( '', #4724, #4725 );
#3740 = FILL_AREA_STYLE_COLOUR( '', #4726 );
#3741 = VERTEX_POINT( '', #4727 );
#3742 = LINE( '', #4728, #4729 );
#3743 = LINE( '', #4730, #4731 );
#3744 = FILL_AREA_STYLE_COLOUR( '', #4732 );
#3745 = FILL_AREA_STYLE_COLOUR( '', #4733 );
#3746 = FILL_AREA_STYLE_COLOUR( '', #4734 );
#3747 = FILL_AREA_STYLE_COLOUR( '', #4735 );
#3748 = FILL_AREA_STYLE_COLOUR( '', #4736 );
#3749 = FILL_AREA_STYLE_COLOUR( '', #4737 );
#3750 = FILL_AREA_STYLE_COLOUR( '', #4738 );
#3751 = FILL_AREA_STYLE_COLOUR( '', #4739 );
#3752 = FILL_AREA_STYLE_COLOUR( '', #4740 );
#3753 = LINE( '', #4741, #4742 );
#3754 = FILL_AREA_STYLE_COLOUR( '', #4743 );
#3755 = FILL_AREA_STYLE_COLOUR( '', #4744 );
#3756 = LINE( '', #4745, #4746 );
#3757 = FILL_AREA_STYLE_COLOUR( '', #4747 );
#3758 = COLOUR_RGB( '', 0.699999988100000, 0.699999988100000, 0.699999988100000 );
#3759 = CARTESIAN_POINT( '', ( -1.75000000000000, 0.000000000000000, -0.550000000000000 ) );
#3760 = AXIS2_PLACEMENT_3D( '', #4748, #4749, #4750 );
#3761 = CARTESIAN_POINT( '', ( -1.55000000000000, 0.000000000000000, -0.750000000000000 ) );
#3762 = AXIS2_PLACEMENT_3D( '', #4751, #4752, #4753 );
#3763 = COLOUR_RGB( '', 0.211764708200000, 0.435451000900000, 0.698039233700000 );
#3764 = CARTESIAN_POINT( '', ( -0.750000000000000, -0.450000000000000, 1.20000000000000 ) );
#3765 = AXIS2_PLACEMENT_3D( '', #4754, #4755, #4756 );
#3766 = CARTESIAN_POINT( '', ( -2.50000000000000, 1.25000000000000, 1.20000000000000 ) );
#3767 = AXIS2_PLACEMENT_3D( '', #4757, #4758, #4759 );
#3768 = COLOUR_RGB( '', 0.639999985700000, 0.670000016700000, 0.689999997600000 );
#3769 = CARTESIAN_POINT( '', ( 1.25000000000000, 0.000000000000000, -3.75000000000000 ) );
#3770 = AXIS2_PLACEMENT_3D( '', #4760, #4761, #4762 );
#3771 = CARTESIAN_POINT( '', ( -1.25000000000000, 0.000000000000000, -0.750000000000000 ) );
#3772 = AXIS2_PLACEMENT_3D( '', #4763, #4764, #4765 );
#3773 = COLOUR_RGB( '', 0.699999988100000, 0.699999988100000, 0.699999988100000 );
#3774 = CARTESIAN_POINT( '', ( 1.15000000000000, 1.95000000000000, 0.950304374152270 ) );
#3775 = CARTESIAN_POINT( '', ( 1.95000000000000, 1.15000000000000, 0.950304374152270 ) );
#3776 = AXIS2_PLACEMENT_3D( '', #4766, #4767, #4768 );
#3777 = CARTESIAN_POINT( '', ( 1.15000000000000, 1.95000000000000, 1.15030437415227 ) );
#3778 = CARTESIAN_POINT( '', ( 1.15000000000000, 1.95000000000000, 0.950304374152271 ) );
#3779 = VECTOR( '', #4769, 1000.00000000000 );
#3780 = CARTESIAN_POINT( '', ( 1.95000000000000, 1.15000000000000, 1.15030437415227 ) );
#3781 = AXIS2_PLACEMENT_3D( '', #4770, #4771, #4772 );
#3782 = CARTESIAN_POINT( '', ( 1.95000000000000, 1.15000000000000, 1.15030437415227 ) );
#3783 = VECTOR( '', #4773, 1000.00000000000 );
#3784 = COLOUR_RGB( '', 0.211764708200000, 0.435451000900000, 0.698039233700000 );
#3785 = CARTESIAN_POINT( '', ( -5.60000000000000, -1.27500000000000, 4.95000000000000 ) );
#3786 = CARTESIAN_POINT( '', ( -5.00000000000000, -1.35000000000000, 4.95000000000000 ) );
#3787 = CARTESIAN_POINT( '', ( -5.60000000000000, -1.27500000000000, 4.95000000000000 ) );
#3788 = VECTOR( '', #4774, 1000.00000000000 );
#3789 = CARTESIAN_POINT( '', ( -5.00000000000000, -1.35000000000000, 1.45000000000000 ) );
#3790 = CARTESIAN_POINT( '', ( -5.00000000000000, -1.35000000000000, 1.45000000000000 ) );
#3791 = VECTOR( '', #4775, 1000.00000000000 );
#3792 = CARTESIAN_POINT( '', ( -5.60000000000000, -1.27500000000000, 1.45000000000000 ) );
#3793 = CARTESIAN_POINT( '', ( -5.60000000000000, -1.27500000000000, 1.45000000000000 ) );
#3794 = VECTOR( '', #4776, 1000.00000000000 );
#3795 = CARTESIAN_POINT( '', ( -5.60000000000000, -1.27500000000000, 1.45000000000000 ) );
#3796 = VECTOR( '', #4777, 1000.00000000000 );
#3797 = COLOUR_RGB( '', 0.699999988100000, 0.699999988100000, 0.699999988100000 );
#3798 = CARTESIAN_POINT( '', ( 0.150000000000001, 0.000000000000000, -6.70000000000000 ) );
#3799 = AXIS2_PLACEMENT_3D( '', #4778, #4779, #4780 );
#3800 = CARTESIAN_POINT( '', ( 0.500000000000001, 0.000000000000000, -5.70000000000000 ) );
#3801 = AXIS2_PLACEMENT_3D( '', #4781, #4782, #4783 );
#3802 = COLOUR_RGB( '', 0.699999988100000, 0.699999988100000, 0.699999988100000 );
#3803 = CARTESIAN_POINT( '', ( -0.950000000000000, 2.27833980050499, -0.257771556980705 ) );
#3804 = CARTESIAN_POINT( '', ( -0.950000000000000, 2.42279891062553, -0.396088459430048 ) );
#3805 = CARTESIAN_POINT( '', ( -0.950000000000000, 2.27833980050499, -0.257771556980705 ) );
#3806 = VECTOR( '', #4784, 1000.00000000000 );
#3807 = CARTESIAN_POINT( '', ( 0.950000000000000, 2.27833980050500, -0.257771556980711 ) );
#3808 = CARTESIAN_POINT( '', ( -1.95000000000000, 2.27833980050500, -0.257771556980711 ) );
#3809 = VECTOR( '', #4785, 1000.00000000000 );
#3810 = CARTESIAN_POINT( '', ( 0.950000000000000, 2.42279891062554, -0.396088459430054 ) );
#3811 = CARTESIAN_POINT( '', ( 0.950000000000000, 2.27833980050500, -0.257771556980711 ) );
#3812 = VECTOR( '', #4786, 1000.00000000000 );
#3813 = CARTESIAN_POINT( '', ( -1.95000000000000, 2.42279891062554, -0.396088459430053 ) );
#3814 = VECTOR( '', #4787, 1000.00000000000 );
#3815 = COLOUR_RGB( '', 0.699999988100000, 0.699999988100000, 0.699999988100000 );
#3816 = CARTESIAN_POINT( '', ( -1.15000000000000, -1.95000000000000, 0.950304374152270 ) );
#3817 = CARTESIAN_POINT( '', ( -1.95000000000000, -1.15000000000000, 0.950304374152270 ) );
#3818 = AXIS2_PLACEMENT_3D( '', #4788, #4789, #4790 );
#3819 = CARTESIAN_POINT( '', ( -1.15000000000000, -1.95000000000000, 1.15030437415227 ) );
#3820 = CARTESIAN_POINT( '', ( -1.15000000000000, -1.95000000000000, 0.950304374152270 ) );
#3821 = VECTOR( '', #4791, 1000.00000000000 );
#3822 = CARTESIAN_POINT( '', ( -1.95000000000000, -1.15000000000000, 1.15030437415227 ) );
#3823 = AXIS2_PLACEMENT_3D( '', #4792, #4793, #4794 );
#3824 = CARTESIAN_POINT( '', ( -1.95000000000000, -1.15000000000000, 1.15030437415227 ) );
#3825 = VECTOR( '', #4795, 1000.00000000000 );
#3826 = COLOUR_RGB( '', 0.699999988100000, 0.699999988100000, 0.699999988100000 );
#3827 = CARTESIAN_POINT( '', ( -1.50395312426951, 0.375000000000000, 0.750000000000000 ) );
#3828 = CARTESIAN_POINT( '', ( 1.50395312426951, 0.375000000000000, 0.750000000000000 ) );
#3829 = CARTESIAN_POINT( '', ( -2.00000000000000, 0.375000000000000, 0.750000000000000 ) );
#3830 = VECTOR( '', #4796, 1000.00000000000 );
#3831 = AXIS2_PLACEMENT_3D( '', #4797, #4798, #4799 );
#3832 = COLOUR_RGB( '', 0.699999988100000, 0.699999988100000, 0.699999988100000 );
#3833 = CARTESIAN_POINT( '', ( 0.999999999999999, 0.000000000000000, 2.15000000000000 ) );
#3834 = AXIS2_PLACEMENT_3D( '', #4800, #4801, #4802 );
#3835 = CARTESIAN_POINT( '', ( 1.20000000000000, 0.000000000000000, 2.35000000000000 ) );
#3836 = AXIS2_PLACEMENT_3D( '', #4803, #4804, #4805 );
#3837 = COLOUR_RGB( '', 0.211764708200000, 0.435451000900000, 0.698039233700000 );
#3838 = CARTESIAN_POINT( '', ( -5.00000000000000, 3.75000000000000, 1.45000000000000 ) );
#3839 = CARTESIAN_POINT( '', ( -5.00000000000000, 3.75000000000000, -4.95000000000000 ) );
#3840 = CARTESIAN_POINT( '', ( -5.00000000000000, 3.75000000000000, 4.95000000000000 ) );
#3841 = VECTOR( '', #4806, 1000.00000000000 );
#3842 = CARTESIAN_POINT( '', ( 5.00000000000000, 3.75000000000000, 1.45000000000000 ) );
#3843 = CARTESIAN_POINT( '', ( 5.00000000000000, 3.75000000000000, 1.45000000000000 ) );
#3844 = VECTOR( '', #4807, 1000.00000000000 );
#3845 = CARTESIAN_POINT( '', ( 5.00000000000000, 3.75000000000000, -4.95000000000000 ) );
#3846 = CARTESIAN_POINT( '', ( 5.00000000000000, 3.75000000000000, 4.95000000000000 ) );
#3847 = VECTOR( '', #4808, 1000.00000000000 );
#3848 = CARTESIAN_POINT( '', ( 5.00000000000000, 3.75000000000000, -4.95000000000000 ) );
#3849 = VECTOR( '', #4809, 1000.00000000000 );
#3850 = COLOUR_RGB( '', 0.699999988100000, 0.699999988100000, 0.699999988100000 );
#3851 = CARTESIAN_POINT( '', ( -0.950000000000000, -1.95000000000000, 1.15030437415227 ) );
#3852 = CARTESIAN_POINT( '', ( -0.950000000000000, -1.95000000000000, 0.950304374152270 ) );
#3853 = CARTESIAN_POINT( '', ( -0.950000000000000, -1.95000000000000, 1.15030437415227 ) );
#3854 = VECTOR( '', #4810, 1000.00000000000 );
#3855 = CARTESIAN_POINT( '', ( -0.950000000000000, -2.05000000000000, 0.850304374152270 ) );
#3856 = AXIS2_PLACEMENT_3D( '', #4811, #4812, #4813 );
#3857 = CARTESIAN_POINT( '', ( -0.950000000000000, -2.25000000000000, 0.850304374152270 ) );
#3858 = CARTESIAN_POINT( '', ( -0.950000000000000, -1.95000000000000, 0.850304374152270 ) );
#3859 = VECTOR( '', #4814, 1000.00000000000 );
#3860 = AXIS2_PLACEMENT_3D( '', #4815, #4816, #4817 );
#3861 = COLOUR_RGB( '', 0.699999988100000, 0.699999988100000, 0.699999988100000 );
#3862 = CARTESIAN_POINT( '', ( 1.70934929139717, -0.375000000000000, -0.250000000000000 ) );
#3863 = CARTESIAN_POINT( '', ( 1.70934929139717, 0.375000000000000, -0.250000000000000 ) );
#3864 = AXIS2_PLACEMENT_3D( '', #4818, #4819, #4820 );
#3865 = CARTESIAN_POINT( '', ( -1.70934929139717, 0.375000000000000, -0.250000000000000 ) );
#3866 = CARTESIAN_POINT( '', ( -2.00000000000000, 0.375000000000000, -0.250000000000000 ) );
#3867 = VECTOR( '', #4821, 1000.00000000000 );
#3868 = CARTESIAN_POINT( '', ( -1.70934929139717, -0.375000000000000, -0.250000000000000 ) );
#3869 = AXIS2_PLACEMENT_3D( '', #4822, #4823, #4824 );
#3870 = CARTESIAN_POINT( '', ( 2.00000000000000, -0.375000000000000, -0.250000000000000 ) );
#3871 = VECTOR( '', #4825, 1000.00000000000 );
#3872 = COLOUR_RGB( '', 0.211764708200000, 0.435451000900000, 0.698039233700000 );
#3873 = CARTESIAN_POINT( '', ( -0.199999999999997, -2.35000000000000, 1.65000000000000 ) );
#3874 = CARTESIAN_POINT( '', ( -0.199999999999997, 1.85000000000000, 1.65000000000000 ) );
#3875 = CARTESIAN_POINT( '', ( -0.199999999999997, -2.35000000000000, 1.65000000000000 ) );
#3876 = VECTOR( '', #4826, 1000.00000000000 );
#3877 = CARTESIAN_POINT( '', ( 0.200000000000000, -2.35000000000000, 1.65000000000000 ) );
#3878 = CARTESIAN_POINT( '', ( 0.200000000000000, -2.35000000000000, 1.65000000000000 ) );
#3879 = VECTOR( '', #4827, 1000.00000000000 );
#3880 = CARTESIAN_POINT( '', ( 0.200000000000000, 1.85000000000000, 1.65000000000000 ) );
#3881 = CARTESIAN_POINT( '', ( 0.200000000000000, 1.85000000000000, 1.65000000000000 ) );
#3882 = VECTOR( '', #4828, 1000.00000000000 );
#3883 = CARTESIAN_POINT( '', ( -0.199999999999997, 1.85000000000000, 1.65000000000000 ) );
#3884 = VECTOR( '', #4829, 1000.00000000000 );
#3885 = COLOUR_RGB( '', 0.699999988100000, 0.699999988100000, 0.699999988100000 );
#3886 = CARTESIAN_POINT( '', ( -0.750000000000000, 2.96274624022099, 0.534030133533697 ) );
#3887 = CARTESIAN_POINT( '', ( 0.750000000000000, 2.96274624022099, 0.534030133533697 ) );
#3888 = CARTESIAN_POINT( '', ( -1.95000000000000, 2.96274624022099, 0.534030133533697 ) );
#3889 = VECTOR( '', #4830, 1000.00000000000 );
#3890 = CARTESIAN_POINT( '', ( 0.950000000000000, 2.78278296228789, 0.621283893312707 ) );
#3891 = AXIS2_PLACEMENT_3D( '', #4831, #4832, #4833 );
#3892 = CARTESIAN_POINT( '', ( 0.950000000000000, 2.24289312848859, 0.883045172649738 ) );
#3893 = CARTESIAN_POINT( '', ( 0.950000000000000, 2.96274624022099, 0.534030133533697 ) );
#3894 = VECTOR( '', #4834, 1000.00000000000 );
#3895 = CARTESIAN_POINT( '', ( -0.950000000000000, 2.24289312848859, 0.883045172649738 ) );
#3896 = CARTESIAN_POINT( '', ( -1.95000000000000, 2.24289312848859, 0.883045172649738 ) );
#3897 = VECTOR( '', #4835, 1000.00000000000 );
#3898 = CARTESIAN_POINT( '', ( -0.950000000000000, 2.78278296228789, 0.621283893312707 ) );
#3899 = CARTESIAN_POINT( '', ( -0.950000000000000, 2.96274624022099, 0.534030133533697 ) );
#3900 = VECTOR( '', #4836, 1000.00000000000 );
#3901 = AXIS2_PLACEMENT_3D( '', #4837, #4838, #4839 );
#3902 = COLOUR_RGB( '', 0.699999988100000, 0.699999988100000, 0.699999988100000 );
#3903 = CARTESIAN_POINT( '', ( -0.950000000000000, 1.73121439837882, -1.11838401003277 ) );
#3904 = CARTESIAN_POINT( '', ( -0.950000000000000, 1.73121439837882, -1.11838401003276 ) );
#3905 = VECTOR( '', #4840, 1000.00000000000 );
#3906 = CARTESIAN_POINT( '', ( 0.950000000000000, 1.73121439837882, -1.11838401003277 ) );
#3907 = CARTESIAN_POINT( '', ( 0.950000000000000, 1.73121439837882, -1.11838401003276 ) );
#3908 = VECTOR( '', #4841, 1000.00000000000 );
#3909 = CARTESIAN_POINT( '', ( -1.95000000000000, 1.73121439837882, -1.11838401003277 ) );
#3910 = VECTOR( '', #4842, 1000.00000000000 );
#3911 = COLOUR_RGB( '', 0.699999988100000, 0.699999988100000, 0.699999988100000 );
#3912 = CARTESIAN_POINT( '', ( 0.950000000000000, -1.95636726356911, -0.950101458050757 ) );
#3913 = CARTESIAN_POINT( '', ( 0.950000000000000, 1.15447278579670, -1.14857958728940 ) );
#3914 = CARTESIAN_POINT( '', ( 0.950000000000000, -1.95636726356911, -0.950101458050757 ) );
#3915 = VECTOR( '', #4843, 1000.00000000000 );
#3916 = CARTESIAN_POINT( '', ( -0.950000000000000, 1.15447278579670, -1.14857958728940 ) );
#3917 = CARTESIAN_POINT( '', ( -1.95000000000000, 1.15447278579670, -1.14857958728940 ) );
#3918 = VECTOR( '', #4844, 1000.00000000000 );
#3919 = CARTESIAN_POINT( '', ( -0.950000000000000, -1.95636726356911, -0.950101458050757 ) );
#3920 = CARTESIAN_POINT( '', ( -0.950000000000000, -1.95636726356911, -0.950101458050757 ) );
#3921 = VECTOR( '', #4845, 1000.00000000000 );
#3922 = CARTESIAN_POINT( '', ( -1.95000000000000, -1.95636726356911, -0.950101458050757 ) );
#3923 = VECTOR( '', #4846, 1000.00000000000 );
#3924 = COLOUR_RGB( '', 0.211764708200000, 0.435451000900000, 0.698039233700000 );
#3925 = CARTESIAN_POINT( '', ( 5.60000000000000, 1.95000000000000, -4.95000000000000 ) );
#3926 = CARTESIAN_POINT( '', ( 5.60000000000000, 2.80000000000000, -4.95000000000000 ) );
#3927 = CARTESIAN_POINT( '', ( 5.60000000000000, 1.95000000000000, -4.95000000000000 ) );
#3928 = VECTOR( '', #4847, 1000.00000000000 );
#3929 = CARTESIAN_POINT( '', ( 5.60000000000000, 2.80000000000000, 1.45000000000000 ) );
#3930 = CARTESIAN_POINT( '', ( 5.60000000000000, 2.80000000000000, 1.45000000000000 ) );
#3931 = VECTOR( '', #4848, 1000.00000000000 );
#3932 = CARTESIAN_POINT( '', ( 5.60000000000000, 1.95000000000000, 1.45000000000000 ) );
#3933 = CARTESIAN_POINT( '', ( 5.60000000000000, 1.95000000000000, 1.45000000000000 ) );
#3934 = VECTOR( '', #4849, 1000.00000000000 );
#3935 = CARTESIAN_POINT( '', ( 5.60000000000000, 1.95000000000000, 1.45000000000000 ) );
#3936 = VECTOR( '', #4850, 1000.00000000000 );
#3937 = COLOUR_RGB( '', 0.211764708200000, 0.435451000900000, 0.698039233700000 );
#3938 = CARTESIAN_POINT( '', ( -0.199999999999997, 1.85000000000000, 4.95000000000000 ) );
#3939 = CARTESIAN_POINT( '', ( 0.200000000000000, 1.85000000000000, 4.95000000000000 ) );
#3940 = CARTESIAN_POINT( '', ( -0.199999999999997, 1.85000000000000, 4.95000000000000 ) );
#3941 = VECTOR( '', #4851, 1000.00000000000 );
#3942 = CARTESIAN_POINT( '', ( -0.199999999999997, 1.85000000000000, 1.65000000000000 ) );
#3943 = VECTOR( '', #4852, 1000.00000000000 );
#3944 = CARTESIAN_POINT( '', ( 0.200000000000000, 1.85000000000000, 1.65000000000000 ) );
#3945 = VECTOR( '', #4853, 1000.00000000000 );
#3946 = COLOUR_RGB( '', 0.211764708200000, 0.435451000900000, 0.698039233700000 );
#3947 = CARTESIAN_POINT( '', ( 5.00000000000000, -2.05000000000000, 1.45000000000000 ) );
#3948 = CARTESIAN_POINT( '', ( 5.00000000000000, -1.35000000000000, 1.45000000000000 ) );
#3949 = CARTESIAN_POINT( '', ( 5.00000000000000, -2.05000000000000, 1.45000000000000 ) );
#3950 = VECTOR( '', #4854, 1000.00000000000 );
#3951 = CARTESIAN_POINT( '', ( 4.40000000000000, -1.27500000000000, 1.45000000000000 ) );
#3952 = CARTESIAN_POINT( '', ( 5.00000000000000, -1.35000000000000, 1.45000000000000 ) );
#3953 = VECTOR( '', #4855, 1000.00000000000 );
#3954 = CARTESIAN_POINT( '', ( 4.40000000000000, -2.12500000000000, 1.45000000000000 ) );
#3955 = CARTESIAN_POINT( '', ( 4.40000000000000, -1.27500000000000, 1.45000000000000 ) );
#3956 = VECTOR( '', #4856, 1000.00000000000 );
#3957 = CARTESIAN_POINT( '', ( 4.40000000000000, -2.12500000000000, 1.45000000000000 ) );
#3958 = VECTOR( '', #4857, 1000.00000000000 );
#3959 = COLOUR_RGB( '', 0.211764708200000, 0.435451000900000, 0.698039233700000 );
#3960 = CARTESIAN_POINT( '', ( 4.40000000000000, -1.27500000000000, 4.95000000000000 ) );
#3961 = CARTESIAN_POINT( '', ( 4.40000000000000, -2.12500000000000, 4.95000000000000 ) );
#3962 = CARTESIAN_POINT( '', ( 4.40000000000000, -1.27500000000000, 4.95000000000000 ) );
#3963 = VECTOR( '', #4858, 1000.00000000000 );
#3964 = CARTESIAN_POINT( '', ( 4.40000000000000, -2.12500000000000, 1.45000000000000 ) );
#3965 = VECTOR( '', #4859, 1000.00000000000 );
#3966 = CARTESIAN_POINT( '', ( 4.40000000000000, -1.27500000000000, 1.45000000000000 ) );
#3967 = VECTOR( '', #4860, 1000.00000000000 );
#3968 = COLOUR_RGB( '', 0.211764708200000, 0.435451000900000, 0.698039233700000 );
#3969 = CARTESIAN_POINT( '', ( -0.500000000000000, -3.75000000000000, 0.900000000000000 ) );
#3970 = CARTESIAN_POINT( '', ( -0.500000000000000, -3.75000000000000, -4.10000000000000 ) );
#3971 = CARTESIAN_POINT( '', ( -0.500000000000000, -3.75000000000000, 0.900000000000000 ) );
#3972 = VECTOR( '', #4861, 1000.00000000000 );
#3973 = CARTESIAN_POINT( '', ( -0.500000000000000, 1.75000000000000, 0.900000000000000 ) );
#3974 = CARTESIAN_POINT( '', ( -0.500000000000000, 1.75000000000000, 0.900000000000000 ) );
#3975 = VECTOR( '', #4862, 1000.00000000000 );
#3976 = CARTESIAN_POINT( '', ( -0.500000000000000, 1.75000000000000, -4.10000000000000 ) );
#3977 = CARTESIAN_POINT( '', ( -0.500000000000000, 1.75000000000000, 0.900000000000000 ) );
#3978 = VECTOR( '', #4863, 1000.00000000000 );
#3979 = CARTESIAN_POINT( '', ( -0.500000000000000, 1.75000000000000, -4.10000000000000 ) );
#3980 = VECTOR( '', #4864, 1000.00000000000 );
#3981 = COLOUR_RGB( '', 0.699999988100000, 0.699999988100000, 0.699999988100000 );
#3982 = CARTESIAN_POINT( '', ( 0.950000000000000, 2.87003672206690, 0.801247171245809 ) );
#3983 = CARTESIAN_POINT( '', ( 0.950000000000000, 2.87003672206690, 0.801247171245806 ) );
#3984 = VECTOR( '', #4865, 1000.00000000000 );
#3985 = CARTESIAN_POINT( '', ( 0.950000000000000, 2.33014688826759, 1.06300845058284 ) );
#3986 = CARTESIAN_POINT( '', ( 0.950000000000000, 3.05000000000000, 0.713993411466799 ) );
#3987 = VECTOR( '', #4866, 1000.00000000000 );
#3988 = CARTESIAN_POINT( '', ( 0.950000000000000, 1.95000000000000, 1.15030437415227 ) );
#3989 = AXIS2_PLACEMENT_3D( '', #4867, #4868, #4869 );
#3990 = CARTESIAN_POINT( '', ( 0.950000000000000, 1.95000000000000, 0.950304374152271 ) );
#3991 = CARTESIAN_POINT( '', ( 0.950000000000000, 1.95000000000000, -6.04066218118645 ) );
#3992 = VECTOR( '', #4870, 1000.00000000000 );
#3993 = AXIS2_PLACEMENT_3D( '', #4871, #4872, #4873 );
#3994 = COLOUR_RGB( '', 0.699999988100000, 0.699999988100000, 0.699999988100000 );
#3995 = CARTESIAN_POINT( '', ( -0.950000000000000, -2.05000000000000, -0.850304374152270 ) );
#3996 = CARTESIAN_POINT( '', ( 0.950000000000000, -2.05000000000000, -0.850304374152270 ) );
#3997 = CARTESIAN_POINT( '', ( -1.95000000000000, -2.05000000000000, -0.850304374152270 ) );
#3998 = VECTOR( '', #4874, 1000.00000000000 );
#3999 = AXIS2_PLACEMENT_3D( '', #4875, #4876, #4877 );
#4000 = AXIS2_PLACEMENT_3D( '', #4878, #4879, #4880 );
#4001 = COLOUR_RGB( '', 0.699999988100000, 0.699999988100000, 0.699999988100000 );
#4002 = CARTESIAN_POINT( '', ( 0.850000000000000, 0.000000000000000, -4.55000000000000 ) );
#4003 = AXIS2_PLACEMENT_3D( '', #4881, #4882, #4883 );
#4004 = COLOUR_RGB( '', 0.699999988100000, 0.699999988100000, 0.699999988100000 );
#4005 = CARTESIAN_POINT( '', ( -1.17500000000000, -2.05000000000000, -0.611889603863748 ) );
#4006 = CARTESIAN_POINT( '', ( -0.950000000000000, -2.05000000000000, -0.849695625847730 ) );
#4007 = CARTESIAN_POINT( '', ( -2.27105017231673, -2.05000000000000, 0.546542980018477 ) );
#4008 = VECTOR( '', #4884, 1000.00000000000 );
#4009 = CARTESIAN_POINT( '', ( -0.950000000000000, -2.25000000000000, -0.849695625847730 ) );
#4010 = CARTESIAN_POINT( '', ( -0.950000000000000, -1.95000000000000, -0.849695625847730 ) );
#4011 = VECTOR( '', #4885, 1000.00000000000 );
#4012 = CARTESIAN_POINT( '', ( -1.17500000000000, -2.25000000000000, -0.611889603863748 ) );
#4013 = CARTESIAN_POINT( '', ( -1.17500000000000, -2.25000000000000, -0.611889603863748 ) );
#4014 = VECTOR( '', #4886, 1000.00000000000 );
#4015 = CARTESIAN_POINT( '', ( -1.17500000000000, -1.95000000000000, -0.611889603863748 ) );
#4016 = VECTOR( '', #4887, 1000.00000000000 );
#4017 = COLOUR_RGB( '', 0.211764708200000, 0.435451000900000, 0.698039233700000 );
#4018 = CARTESIAN_POINT( '', ( -5.00000000000000, 2.72500000000000, -4.95000000000000 ) );
#4019 = CARTESIAN_POINT( '', ( -4.40000000000000, 2.80000000000000, -4.95000000000000 ) );
#4020 = CARTESIAN_POINT( '', ( -5.00000000000000, 2.72500000000000, -4.95000000000000 ) );
#4021 = VECTOR( '', #4888, 1000.00000000000 );
#4022 = CARTESIAN_POINT( '', ( -4.40000000000000, 2.80000000000000, 1.45000000000000 ) );
#4023 = CARTESIAN_POINT( '', ( -4.40000000000000, 2.80000000000000, 1.45000000000000 ) );
#4024 = VECTOR( '', #4889, 1000.00000000000 );
#4025 = CARTESIAN_POINT( '', ( -5.00000000000000, 2.72500000000000, 1.45000000000000 ) );
#4026 = CARTESIAN_POINT( '', ( -5.00000000000000, 2.72500000000000, 1.45000000000000 ) );
#4027 = VECTOR( '', #4890, 1000.00000000000 );
#4028 = CARTESIAN_POINT( '', ( -5.00000000000000, 2.72500000000000, 1.45000000000000 ) );
#4029 = VECTOR( '', #4891, 1000.00000000000 );
#4030 = COLOUR_RGB( '', 0.211764708200000, 0.435451000900000, 0.698039233700000 );
#4031 = CARTESIAN_POINT( '', ( 1.50000000000000, 1.75000000000000, -4.10000000000000 ) );
#4032 = CARTESIAN_POINT( '', ( 1.50000000000000, 1.75000000000000, 0.900000000000000 ) );
#4033 = CARTESIAN_POINT( '', ( 1.50000000000000, 1.75000000000000, -4.10000000000000 ) );
#4034 = VECTOR( '', #4892, 1000.00000000000 );
#4035 = CARTESIAN_POINT( '', ( 0.500000000000000, 1.75000000000000, 0.900000000000000 ) );
#4036 = CARTESIAN_POINT( '', ( 0.500000000000000, 1.75000000000000, 0.900000000000000 ) );
#4037 = VECTOR( '', #4893, 1000.00000000000 );
#4038 = CARTESIAN_POINT( '', ( 0.500000000000000, 1.75000000000000, -4.10000000000000 ) );
#4039 = CARTESIAN_POINT( '', ( 0.500000000000000, 1.75000000000000, -4.10000000000000 ) );
#4040 = VECTOR( '', #4894, 1000.00000000000 );
#4041 = CARTESIAN_POINT( '', ( 4.50000000000000, 1.75000000000000, -4.10000000000000 ) );
#4042 = VECTOR( '', #4895, 1000.00000000000 );
#4043 = COLOUR_RGB( '', 0.699999988100000, 0.699999988100000, 0.699999988100000 );
#4044 = CARTESIAN_POINT( '', ( -0.750000000000000, 3.05000000000000, 0.713993411466799 ) );
#4045 = CARTESIAN_POINT( '', ( -0.950000000000000, 2.87003672206690, 0.801247171245809 ) );
#4046 = AXIS2_PLACEMENT_3D( '', #4896, #4897, #4898 );
#4047 = CARTESIAN_POINT( '', ( -0.750000000000000, 3.05000000000000, 0.713993411466798 ) );
#4048 = VECTOR( '', #4899, 1000.00000000000 );
#4049 = CARTESIAN_POINT( '', ( -0.950000000000000, 2.78278296228789, 0.621283893312706 ) );
#4050 = VECTOR( '', #4900, 1000.00000000000 );
#4051 = COLOUR_RGB( '', 0.699999988100000, 0.699999988100000, 0.699999988100000 );
#4052 = CARTESIAN_POINT( '', ( 0.950000000000000, -2.05000000000000, 0.850304374152270 ) );
#4053 = CARTESIAN_POINT( '', ( -1.95000000000000, -2.05000000000000, 0.850304374152270 ) );
#4054 = VECTOR( '', #4901, 1000.00000000000 );
#4055 = CARTESIAN_POINT( '', ( 1.17500000000000, -2.05000000000000, 0.612498352168289 ) );
#4056 = CARTESIAN_POINT( '', ( -0.419817268071502, -2.05000000000000, 2.29808568688582 ) );
#4057 = VECTOR( '', #4902, 1000.00000000000 );
#4058 = CARTESIAN_POINT( '', ( 1.17500000000000, -2.05000000000000, -0.611889603863748 ) );
#4059 = CARTESIAN_POINT( '', ( 1.17500000000000, -2.05000000000000, 0.850304374152270 ) );
#4060 = VECTOR( '', #4903, 1000.00000000000 );
#4061 = CARTESIAN_POINT( '', ( 0.950000000000000, -2.05000000000000, -0.849695625847730 ) );
#4062 = CARTESIAN_POINT( '', ( 0.428882122151614, -2.05000000000000, -1.40047326814044 ) );
#4063 = VECTOR( '', #4904, 1000.00000000000 );
#4064 = CARTESIAN_POINT( '', ( 0.950000000000000, -2.05000000000000, 0.850304374152270 ) );
#4065 = VECTOR( '', #4905, 1000.00000000000 );
#4066 = CARTESIAN_POINT( '', ( -0.950000000000000, -2.05000000000000, 0.850304374152270 ) );
#4067 = VECTOR( '', #4906, 1000.00000000000 );
#4068 = CARTESIAN_POINT( '', ( -1.17500000000000, -2.05000000000000, 0.612498352168289 ) );
#4069 = CARTESIAN_POINT( '', ( -1.17500000000000, -2.05000000000000, 0.850304374152270 ) );
#4070 = VECTOR( '', #4907, 1000.00000000000 );
#4071 = CARTESIAN_POINT( '', ( -1.42235078209362, -2.05000000000000, 0.351069438726908 ) );
#4072 = VECTOR( '', #4908, 1000.00000000000 );
#4073 = COLOUR_RGB( '', 0.211764708200000, 0.435451000900000, 0.698039233700000 );
#4074 = CARTESIAN_POINT( '', ( -2.97433853025498, -0.424940895555838, -4.10000000000000 ) );
#4075 = CARTESIAN_POINT( '', ( -2.97433853025498, -0.424940895555838, -4.95000000000000 ) );
#4076 = CARTESIAN_POINT( '', ( -2.97433853025498, -0.424940895555840, 10.9955322896415 ) );
#4077 = VECTOR( '', #4909, 1000.00000000000 );
#4078 = CARTESIAN_POINT( '', ( -2.02566146974502, -0.424940895555838, -4.95000000000000 ) );
#4079 = AXIS2_PLACEMENT_3D( '', #4910, #4911, #4912 );
#4080 = CARTESIAN_POINT( '', ( -2.02566146974502, -0.424940895555838, -4.10000000000000 ) );
#4081 = CARTESIAN_POINT( '', ( -2.02566146974502, -0.424940895555839, 10.9955322896415 ) );
#4082 = VECTOR( '', #4913, 1000.00000000000 );
#4083 = AXIS2_PLACEMENT_3D( '', #4914, #4915, #4916 );
#4084 = COLOUR_RGB( '', 0.699999988100000, 0.699999988100000, 0.699999988100000 );
#4085 = CARTESIAN_POINT( '', ( 0.950000000000000, 1.58675528825828, -0.980067107583423 ) );
#4086 = AXIS2_PLACEMENT_3D( '', #4917, #4918, #4919 );
#4087 = CARTESIAN_POINT( '', ( -0.950000000000000, 1.58675528825828, -0.980067107583423 ) );
#4088 = CARTESIAN_POINT( '', ( -1.95000000000000, 1.58675528825828, -0.980067107583423 ) );
#4089 = VECTOR( '', #4920, 1000.00000000000 );
#4090 = AXIS2_PLACEMENT_3D( '', #4921, #4922, #4923 );
#4091 = COLOUR_RGB( '', 0.211764708200000, 0.435451000900000, 0.698039233700000 );
#4092 = CARTESIAN_POINT( '', ( 5.00000000000000, 2.72500000000000, -4.95000000000000 ) );
#4093 = CARTESIAN_POINT( '', ( 5.60000000000000, 2.80000000000000, -4.95000000000000 ) );
#4094 = VECTOR( '', #4924, 1000.00000000000 );
#4095 = CARTESIAN_POINT( '', ( 5.00000000000000, 2.72500000000000, 1.45000000000000 ) );
#4096 = CARTESIAN_POINT( '', ( 5.00000000000000, 2.72500000000000, 1.45000000000000 ) );
#4097 = VECTOR( '', #4925, 1000.00000000000 );
#4098 = CARTESIAN_POINT( '', ( 5.60000000000000, 2.80000000000000, 1.45000000000000 ) );
#4099 = VECTOR( '', #4926, 1000.00000000000 );
#4100 = COLOUR_RGB( '', 0.211764708200000, 0.435451000900000, 0.698039233700000 );
#4101 = CARTESIAN_POINT( '', ( 3.50000000000000, 1.75000000000000, 0.900000000000000 ) );
#4102 = CARTESIAN_POINT( '', ( 3.50000000000000, 1.75000000000000, -4.10000000000000 ) );
#4103 = CARTESIAN_POINT( '', ( 3.50000000000000, 1.75000000000000, 0.900000000000000 ) );
#4104 = VECTOR( '', #4927, 1000.00000000000 );
#4105 = CARTESIAN_POINT( '', ( 4.50000000000000, 1.75000000000000, -4.10000000000000 ) );
#4106 = CARTESIAN_POINT( '', ( 4.50000000000000, 1.75000000000000, -4.10000000000000 ) );
#4107 = VECTOR( '', #4928, 1000.00000000000 );
#4108 = CARTESIAN_POINT( '', ( 4.50000000000000, 1.75000000000000, 0.900000000000000 ) );
#4109 = CARTESIAN_POINT( '', ( 4.50000000000000, 1.75000000000000, 0.900000000000000 ) );
#4110 = VECTOR( '', #4929, 1000.00000000000 );
#4111 = CARTESIAN_POINT( '', ( 0.500000000000000, 1.75000000000000, 0.900000000000000 ) );
#4112 = VECTOR( '', #4930, 1000.00000000000 );
#4113 = COLOUR_RGB( '', 0.211764708200000, 0.435451000900000, 0.698039233700000 );
#4114 = CARTESIAN_POINT( '', ( 2.97433853025498, -0.424940895555837, -4.10000000000000 ) );
#4115 = CARTESIAN_POINT( '', ( 2.97433853025498, -0.424940895555837, -4.95000000000000 ) );
#4116 = CARTESIAN_POINT( '', ( 2.97433853025498, -0.424940895555839, 10.9955322896415 ) );
#4117 = VECTOR( '', #4931, 1000.00000000000 );
#4118 = CARTESIAN_POINT( '', ( 3.15000000000000, -3.75000000000000, -4.95000000000000 ) );
#4119 = CARTESIAN_POINT( '', ( 3.15000000000000, -3.75000000000000, -4.95000000000000 ) );
#4120 = VECTOR( '', #4932, 1000.00000000000 );
#4121 = CARTESIAN_POINT( '', ( 3.15000000000000, -3.75000000000000, -4.10000000000000 ) );
#4122 = CARTESIAN_POINT( '', ( 3.15000000000000, -3.75000000000000, 10.9955322896415 ) );
#4123 = VECTOR( '', #4933, 1000.00000000000 );
#4124 = CARTESIAN_POINT( '', ( 2.86400332863138, 1.66357098602955, -4.10000000000000 ) );
#4125 = VECTOR( '', #4934, 1000.00000000000 );
#4126 = COLOUR_RGB( '', 0.699999988100000, 0.699999988100000, 0.699999988100000 );
#4127 = CARTESIAN_POINT( '', ( -1.17500000000000, -2.25000000000000, 0.612498352168289 ) );
#4128 = CARTESIAN_POINT( '', ( -1.17500000000000, -1.95000000000000, 0.612498352168289 ) );
#4129 = VECTOR( '', #4935, 1000.00000000000 );
#4130 = CARTESIAN_POINT( '', ( -0.950000000000000, -2.25000000000000, 0.850304374152270 ) );
#4131 = VECTOR( '', #4936, 1000.00000000000 );
#4132 = COLOUR_RGB( '', 0.211764708200000, 0.435451000900000, 0.698039233700000 );
#4133 = CARTESIAN_POINT( '', ( -5.00000000000000, 2.02500000000000, 1.45000000000000 ) );
#4134 = CARTESIAN_POINT( '', ( -5.00000000000000, 2.02500000000000, 1.45000000000000 ) );
#4135 = VECTOR( '', #4937, 1000.00000000000 );
#4136 = CARTESIAN_POINT( '', ( -4.40000000000000, 1.95000000000000, 1.45000000000000 ) );
#4137 = CARTESIAN_POINT( '', ( -4.40000000000000, 2.80000000000000, 1.45000000000000 ) );
#4138 = VECTOR( '', #4938, 1000.00000000000 );
#4139 = CARTESIAN_POINT( '', ( -4.40000000000000, 1.95000000000000, 1.45000000000000 ) );
#4140 = VECTOR( '', #4939, 1000.00000000000 );
#4141 = COLOUR_RGB( '', 0.211764708200000, 0.435451000900000, 0.698039233700000 );
#4142 = CARTESIAN_POINT( '', ( 1.50000000000000, 3.05000000000000, -4.10000000000000 ) );
#4143 = CARTESIAN_POINT( '', ( 1.50000000000000, 3.05000000000000, -4.10000000000000 ) );
#4144 = VECTOR( '', #4940, 1000.00000000000 );
#4145 = CARTESIAN_POINT( '', ( 1.50000000000000, 3.05000000000000, 0.900000000000000 ) );
#4146 = CARTESIAN_POINT( '', ( 1.50000000000000, 3.05000000000000, -4.10000000000000 ) );
#4147 = VECTOR( '', #4941, 1000.00000000000 );
#4148 = CARTESIAN_POINT( '', ( 1.50000000000000, 3.05000000000000, 0.900000000000000 ) );
#4149 = VECTOR( '', #4942, 1000.00000000000 );
#4150 = COLOUR_RGB( '', 0.699999988100000, 0.699999988100000, 0.699999988100000 );
#4151 = CARTESIAN_POINT( '', ( 2.00000000000000, -2.00000000000000, 2.35000000000000 ) );
#4152 = CARTESIAN_POINT( '', ( 2.00000000000000, -2.00000000000000, -2.35000000000000 ) );
#4153 = CARTESIAN_POINT( '', ( 2.00000000000000, -2.00000000000000, 2.35000000000000 ) );
#4154 = VECTOR( '', #4943, 1000.00000000000 );
#4155 = CARTESIAN_POINT( '', ( -2.00000000000000, -2.00000000000000, 2.35000000000000 ) );
#4156 = CARTESIAN_POINT( '', ( -2.00000000000000, -2.00000000000000, 2.35000000000000 ) );
#4157 = VECTOR( '', #4944, 1000.00000000000 );
#4158 = CARTESIAN_POINT( '', ( -2.00000000000000, -2.00000000000000, -2.35000000000000 ) );
#4159 = CARTESIAN_POINT( '', ( -2.00000000000000, -2.00000000000000, -2.35000000000000 ) );
#4160 = VECTOR( '', #4945, 1000.00000000000 );
#4161 = CARTESIAN_POINT( '', ( 2.00000000000000, -2.00000000000000, -2.35000000000000 ) );
#4162 = VECTOR( '', #4946, 1000.00000000000 );
#4163 = CARTESIAN_POINT( '', ( 1.50000000000000, -2.00000000000000, 0.000000000000000 ) );
#4164 = AXIS2_PLACEMENT_3D( '', #4947, #4948, #4949 );
#4165 = COLOUR_RGB( '', 0.211764708200000, 0.435451000900000, 0.698039233700000 );
#4166 = CARTESIAN_POINT( '', ( 0.200000000000000, -2.35000000000000, 4.95000000000000 ) );
#4167 = CARTESIAN_POINT( '', ( -0.199999999999997, -2.35000000000000, 4.95000000000000 ) );
#4168 = CARTESIAN_POINT( '', ( 0.200000000000000, -2.35000000000000, 4.95000000000000 ) );
#4169 = VECTOR( '', #4950, 1000.00000000000 );
#4170 = CARTESIAN_POINT( '', ( 0.200000000000000, -2.35000000000000, 1.65000000000000 ) );
#4171 = VECTOR( '', #4951, 1000.00000000000 );
#4172 = CARTESIAN_POINT( '', ( -0.199999999999997, -2.35000000000000, 1.65000000000000 ) );
#4173 = VECTOR( '', #4952, 1000.00000000000 );
#4174 = COLOUR_RGB( '', 0.211764708200000, 0.435451000900000, 0.698039233700000 );
#4175 = CARTESIAN_POINT( '', ( 5.00000000000000, -1.35000000000000, 4.95000000000000 ) );
#4176 = CARTESIAN_POINT( '', ( 5.00000000000000, -1.35000000000000, 4.95000000000000 ) );
#4177 = VECTOR( '', #4953, 1000.00000000000 );
#4178 = CARTESIAN_POINT( '', ( 5.00000000000000, -1.35000000000000, 1.45000000000000 ) );
#4179 = VECTOR( '', #4954, 1000.00000000000 );
#4180 = COLOUR_RGB( '', 0.211764708200000, 0.435451000900000, 0.698039233700000 );
#4181 = CARTESIAN_POINT( '', ( 5.00000000000000, 2.02500000000000, -4.95000000000000 ) );
#4182 = CARTESIAN_POINT( '', ( 5.00000000000000, 2.02500000000000, -4.95000000000000 ) );
#4183 = VECTOR( '', #4955, 1000.00000000000 );
#4184 = CARTESIAN_POINT( '', ( 5.00000000000000, 2.02500000000000, 1.45000000000000 ) );
#4185 = CARTESIAN_POINT( '', ( 5.00000000000000, 2.02500000000000, 1.45000000000000 ) );
#4186 = VECTOR( '', #4956, 1000.00000000000 );
#4187 = CARTESIAN_POINT( '', ( 5.00000000000000, 2.02500000000000, 1.45000000000000 ) );
#4188 = VECTOR( '', #4957, 1000.00000000000 );
#4189 = COLOUR_RGB( '', 0.699999988100000, 0.699999988100000, 0.699999988100000 );
#4190 = CARTESIAN_POINT( '', ( 0.950000000000000, 1.95000000000000, 1.15030437415227 ) );
#4191 = VECTOR( '', #4958, 1000.00000000000 );
#4192 = CARTESIAN_POINT( '', ( -1.95000000000000, 1.95000000000000, 0.950304374152270 ) );
#4193 = VECTOR( '', #4959, 1000.00000000000 );
#4194 = COLOUR_RGB( '', 0.699999988100000, 0.699999988100000, 0.699999988100000 );
#4195 = COLOUR_RGB( '', 0.699999988100000, 0.699999988100000, 0.699999988100000 );
#4196 = CARTESIAN_POINT( '', ( -1.70934929139717, -0.375000000000000, 0.550000000000000 ) );
#4197 = CARTESIAN_POINT( '', ( -1.70934929139717, -0.375000000000000, 0.750000000000000 ) );
#4198 = VECTOR( '', #4960, 1000.00000000000 );
#4199 = CARTESIAN_POINT( '', ( -1.50395312426951, -0.375000000000000, 0.750000000000000 ) );
#4200 = CARTESIAN_POINT( '', ( -1.70934929139717, -0.375000000000000, 0.550000000000000 ) );
#4201 = CARTESIAN_POINT( '', ( -1.70934929139717, -0.375000000000000, 0.603557366936911 ) );
#4202 = CARTESIAN_POINT( '', ( -1.68641923807792, -0.375000000000000, 0.655749895546695 ) );
#4203 = CARTESIAN_POINT( '', ( -1.61025246793066, -0.375000000000001, 0.729013592541771 ) );
#4204 = CARTESIAN_POINT( '', ( -1.55747120966297, -0.375000000000000, 0.750000000002811 ) );
#4205 = CARTESIAN_POINT( '', ( -1.50395312427024, -0.375000000000000, 0.750000000002995 ) );
#4206 = CARTESIAN_POINT( '', ( 1.50395312426951, -0.375000000000000, 0.750000000000000 ) );
#4207 = CARTESIAN_POINT( '', ( 2.00000000000000, -0.375000000000000, 0.750000000000000 ) );
#4208 = VECTOR( '', #4961, 1000.00000000000 );
#4209 = CARTESIAN_POINT( '', ( 1.70934929139717, -0.375000000000000, 0.550000000000000 ) );
#4210 = CARTESIAN_POINT( '', ( 1.50395312426951, -0.375000000000000, 0.750000000000000 ) );
#4211 = CARTESIAN_POINT( '', ( 1.55749286672947, -0.375000000000000, 0.749999999999999 ) );
#4212 = CARTESIAN_POINT( '', ( 1.61002767797887, -0.375000000000000, 0.729174996322555 ) );
#4213 = CARTESIAN_POINT( '', ( 1.68642674174545, -0.375000000000000, 0.655797340505454 ) );
#4214 = CARTESIAN_POINT( '', ( 1.70934929139749, -0.375000000000000, 0.603583747944100 ) );
#4215 = CARTESIAN_POINT( '', ( 1.70934929139751, -0.375000000000000, 0.550000000000069 ) );
#4216 = CARTESIAN_POINT( '', ( 1.70934929139717, -0.375000000000000, 0.750000000000000 ) );
#4217 = VECTOR( '', #4962, 1000.00000000000 );
#4218 = COLOUR_RGB( '', 0.699999988100000, 0.699999988100000, 0.699999988100000 );
#4219 = CARTESIAN_POINT( '', ( -0.950000000000000, 1.95000000000000, 1.15030437415227 ) );
#4220 = CARTESIAN_POINT( '', ( -0.950000000000000, 2.33014688826759, 1.06300845058284 ) );
#4221 = AXIS2_PLACEMENT_3D( '', #4963, #4964, #4965 );
#4222 = CARTESIAN_POINT( '', ( -1.95000000000000, 1.95000000000000, 1.15030437415227 ) );
#4223 = VECTOR( '', #4966, 1000.00000000000 );
#4224 = CARTESIAN_POINT( '', ( -1.95000000000000, 2.33014688826759, 1.06300845058284 ) );
#4225 = VECTOR( '', #4967, 1000.00000000000 );
#4226 = COLOUR_RGB( '', 0.699999988100000, 0.699999988100000, 0.699999988100000 );
#4227 = CARTESIAN_POINT( '', ( -1.95000000000000, 1.15000000000000, 1.15030437415227 ) );
#4228 = CARTESIAN_POINT( '', ( -1.95000000000000, 1.95000000000000, 1.15030437415227 ) );
#4229 = VECTOR( '', #4968, 1000.00000000000 );
#4230 = CARTESIAN_POINT( '', ( -1.95000000000000, 1.15000000000000, 0.950304374152270 ) );
#4231 = CARTESIAN_POINT( '', ( -1.95000000000000, 1.15000000000000, 0.950304374152271 ) );
#4232 = VECTOR( '', #4969, 1000.00000000000 );
#4233 = CARTESIAN_POINT( '', ( -1.95000000000000, 1.95000000000000, 0.950304374152270 ) );
#4234 = VECTOR( '', #4970, 1000.00000000000 );
#4235 = COLOUR_RGB( '', 0.211764708200000, 0.435451000900000, 0.698039233700000 );
#4236 = CARTESIAN_POINT( '', ( 2.50000000000000, 3.05000000000000, 0.900000000000000 ) );
#4237 = CARTESIAN_POINT( '', ( 3.50000000000000, 3.05000000000000, 0.900000000000000 ) );
#4238 = CARTESIAN_POINT( '', ( 1.50000000000000, 3.05000000000000, 0.900000000000000 ) );
#4239 = VECTOR( '', #4971, 1000.00000000000 );
#4240 = CARTESIAN_POINT( '', ( 1.50000000000000, 3.05000000000000, 0.900000000000000 ) );
#4241 = VECTOR( '', #4972, 1000.00000000000 );
#4242 = CARTESIAN_POINT( '', ( 3.50000000000000, 3.05000000000000, -4.10000000000000 ) );
#4243 = CARTESIAN_POINT( '', ( 3.50000000000000, 3.05000000000000, -4.10000000000000 ) );
#4244 = VECTOR( '', #4973, 1000.00000000000 );
#4245 = CARTESIAN_POINT( '', ( 3.50000000000000, 3.05000000000000, 0.900000000000000 ) );
#4246 = VECTOR( '', #4974, 1000.00000000000 );
#4247 = COLOUR_RGB( '', 0.211764708200000, 0.435451000900000, 0.698039233700000 );
#4248 = CARTESIAN_POINT( '', ( -3.50000000000000, 1.75000000000000, -4.10000000000000 ) );
#4249 = CARTESIAN_POINT( '', ( -3.50000000000000, 1.75000000000000, 0.900000000000000 ) );
#4250 = CARTESIAN_POINT( '', ( -3.50000000000000, 1.75000000000000, -4.10000000000000 ) );
#4251 = VECTOR( '', #4975, 1000.00000000000 );
#4252 = CARTESIAN_POINT( '', ( -4.50000000000000, 1.75000000000000, 0.900000000000000 ) );
#4253 = CARTESIAN_POINT( '', ( -4.50000000000000, 1.75000000000000, 0.900000000000000 ) );
#4254 = VECTOR( '', #4976, 1000.00000000000 );
#4255 = CARTESIAN_POINT( '', ( -4.50000000000000, 1.75000000000000, -4.10000000000000 ) );
#4256 = CARTESIAN_POINT( '', ( -4.50000000000000, 1.75000000000000, -4.10000000000000 ) );
#4257 = VECTOR( '', #4977, 1000.00000000000 );
#4258 = CARTESIAN_POINT( '', ( -0.500000000000000, 1.75000000000000, -4.10000000000000 ) );
#4259 = VECTOR( '', #4978, 1000.00000000000 );
#4260 = COLOUR_RGB( '', 0.699999988100000, 0.699999988100000, 0.699999988100000 );
#4261 = CARTESIAN_POINT( '', ( -1.15000000000000, 1.95000000000000, 1.15030437415227 ) );
#4262 = CARTESIAN_POINT( '', ( -1.95000000000000, 1.95000000000000, 1.15030437415227 ) );
#4263 = VECTOR( '', #4979, 1000.00000000000 );
#4264 = AXIS2_PLACEMENT_3D( '', #4980, #4981, #4982 );
#4265 = CARTESIAN_POINT( '', ( -1.95000000000000, -1.95000000000000, 1.15030437415227 ) );
#4266 = VECTOR( '', #4983, 1000.00000000000 );
#4267 = CARTESIAN_POINT( '', ( 0.950000000000000, -1.95000000000000, 1.15030437415227 ) );
#4268 = CARTESIAN_POINT( '', ( -1.95000000000000, -1.95000000000000, 1.15030437415227 ) );
#4269 = VECTOR( '', #4984, 1000.00000000000 );
#4270 = CARTESIAN_POINT( '', ( 1.15000000000000, -1.95000000000000, 1.15030437415227 ) );
#4271 = CARTESIAN_POINT( '', ( 1.95000000000000, -1.95000000000000, 1.15030437415227 ) );
#4272 = VECTOR( '', #4985, 1000.00000000000 );
#4273 = CARTESIAN_POINT( '', ( 1.95000000000000, -1.15000000000000, 1.15030437415227 ) );
#4274 = AXIS2_PLACEMENT_3D( '', #4986, #4987, #4988 );
#4275 = CARTESIAN_POINT( '', ( 1.95000000000000, 1.95000000000000, 1.15030437415227 ) );
#4276 = VECTOR( '', #4989, 1000.00000000000 );
#4277 = CARTESIAN_POINT( '', ( 0.000000000000000, 1.37500000000000, 1.15030437415227 ) );
#4278 = AXIS2_PLACEMENT_3D( '', #4990, #4991, #4992 );
#4279 = COLOUR_RGB( '', 0.211764708200000, 0.435451000900000, 0.698039233700000 );
#4280 = AXIS2_PLACEMENT_3D( '', #4993, #4994, #4995 );
#4281 = CARTESIAN_POINT( '', ( 2.66583123951777, 2.50000000000000, 4.95000000000000 ) );
#4282 = CARTESIAN_POINT( '', ( 2.33416876048223, 2.50000000000000, 4.95000000000000 ) );
#4283 = AXIS2_PLACEMENT_3D( '', #4996, #4997, #4998 );
#4284 = AXIS2_PLACEMENT_3D( '', #4999, #5000, #5001 );
#4285 = COLOUR_RGB( '', 0.699999988100000, 0.699999988100000, 0.699999988100000 );
#4286 = CARTESIAN_POINT( '', ( 2.00000000000000, 2.00000000000000, 2.35000000000000 ) );
#4287 = CARTESIAN_POINT( '', ( 2.00000000000000, 2.00000000000000, -2.35000000000000 ) );
#4288 = CARTESIAN_POINT( '', ( 2.00000000000000, 2.00000000000000, 2.35000000000000 ) );
#4289 = VECTOR( '', #5002, 1000.00000000000 );
#4290 = CARTESIAN_POINT( '', ( -2.00000000000000, 2.00000000000000, -2.35000000000000 ) );
#4291 = CARTESIAN_POINT( '', ( 2.00000000000000, 2.00000000000000, -2.35000000000000 ) );
#4292 = VECTOR( '', #5003, 1000.00000000000 );
#4293 = CARTESIAN_POINT( '', ( -2.00000000000000, 2.00000000000000, 2.35000000000000 ) );
#4294 = CARTESIAN_POINT( '', ( -2.00000000000000, 2.00000000000000, -2.35000000000000 ) );
#4295 = VECTOR( '', #5004, 1000.00000000000 );
#4296 = CARTESIAN_POINT( '', ( -2.00000000000000, 2.00000000000000, 2.35000000000000 ) );
#4297 = VECTOR( '', #5005, 1000.00000000000 );
#4298 = CARTESIAN_POINT( '', ( 0.000000000000000, 2.00000000000000, 1.50000000000000 ) );
#4299 = AXIS2_PLACEMENT_3D( '', #5006, #5007, #5008 );
#4300 = COLOUR_RGB( '', 0.211764708200000, 0.435451000900000, 0.698039233700000 );
#4301 = CARTESIAN_POINT( '', ( -4.40000000000000, 1.95000000000000, -4.95000000000000 ) );
#4302 = CARTESIAN_POINT( '', ( -5.00000000000000, 2.02500000000000, -4.95000000000000 ) );
#4303 = CARTESIAN_POINT( '', ( -4.40000000000000, 1.95000000000000, -4.95000000000000 ) );
#4304 = VECTOR( '', #5009, 1000.00000000000 );
#4305 = CARTESIAN_POINT( '', ( -5.00000000000000, 2.02500000000000, 1.45000000000000 ) );
#4306 = VECTOR( '', #5010, 1000.00000000000 );
#4307 = CARTESIAN_POINT( '', ( -4.40000000000000, 1.95000000000000, 1.45000000000000 ) );
#4308 = VECTOR( '', #5011, 1000.00000000000 );
#4309 = COLOUR_RGB( '', 0.211764708200000, 0.435451000900000, 0.698039233700000 );
#4310 = CARTESIAN_POINT( '', ( -5.00000000000000, -2.05000000000000, 1.45000000000000 ) );
#4311 = CARTESIAN_POINT( '', ( -5.00000000000000, -1.35000000000000, 1.45000000000000 ) );
#4312 = VECTOR( '', #5012, 1000.00000000000 );
#4313 = CARTESIAN_POINT( '', ( -5.60000000000000, -2.12500000000000, 1.45000000000000 ) );
#4314 = CARTESIAN_POINT( '', ( -5.00000000000000, -2.05000000000000, 1.45000000000000 ) );
#4315 = VECTOR( '', #5013, 1000.00000000000 );
#4316 = CARTESIAN_POINT( '', ( -5.60000000000000, -2.12500000000000, 1.45000000000000 ) );
#4317 = VECTOR( '', #5014, 1000.00000000000 );
#4318 = COLOUR_RGB( '', 0.211764708200000, 0.435451000900000, 0.698039233700000 );
#4319 = CARTESIAN_POINT( '', ( 3.50000000000000, 3.05000000000000, 0.900000000000000 ) );
#4320 = VECTOR( '', #5015, 1000.00000000000 );
#4321 = CARTESIAN_POINT( '', ( 3.50000000000000, 3.05000000000000, -4.10000000000000 ) );
#4322 = VECTOR( '', #5016, 1000.00000000000 );
#4323 = COLOUR_RGB( '', 0.699999988100000, 0.699999988100000, 0.699999988100000 );
#4324 = CARTESIAN_POINT( '', ( 0.950000000000000, -2.25000000000000, 0.850304374152270 ) );
#4325 = CARTESIAN_POINT( '', ( 0.950000000000000, -1.95000000000000, 0.850304374152270 ) );
#4326 = VECTOR( '', #5017, 1000.00000000000 );
#4327 = CARTESIAN_POINT( '', ( 1.17500000000000, -2.25000000000000, 0.612498352168289 ) );
#4328 = CARTESIAN_POINT( '', ( 0.950000000000000, -2.25000000000000, 0.850304374152270 ) );
#4329 = VECTOR( '', #5018, 1000.00000000000 );
#4330 = CARTESIAN_POINT( '', ( 1.17500000000000, -1.95000000000000, 0.612498352168289 ) );
#4331 = VECTOR( '', #5019, 1000.00000000000 );
#4332 = COLOUR_RGB( '', 0.699999988100000, 0.699999988100000, 0.699999988100000 );
#4333 = CARTESIAN_POINT( '', ( 2.00000000000000, -2.00000000000000, 2.35000000000000 ) );
#4334 = VECTOR( '', #5020, 1000.00000000000 );
#4335 = CARTESIAN_POINT( '', ( 2.00000000000000, -2.00000000000000, -2.35000000000000 ) );
#4336 = VECTOR( '', #5021, 1000.00000000000 );
#4337 = COLOUR_RGB( '', 0.211764708200000, 0.435451000900000, 0.698039233700000 );
#4338 = CARTESIAN_POINT( '', ( 5.00000000000000, 2.72500000000000, 1.45000000000000 ) );
#4339 = VECTOR( '', #5022, 1000.00000000000 );
#4340 = COLOUR_RGB( '', 0.211764708200000, 0.435451000900000, 0.698039233700000 );
#4341 = CARTESIAN_POINT( '', ( -0.750000000000000, -0.450000000000006, 4.95000000000000 ) );
#4342 = AXIS2_PLACEMENT_3D( '', #5023, #5024, #5025 );
#4343 = COLOUR_RGB( '', 0.211764708200000, 0.435451000900000, 0.698039233700000 );
#4344 = CARTESIAN_POINT( '', ( -5.00000000000000, 3.75000000000000, -4.95000000000000 ) );
#4345 = VECTOR( '', #5026, 1000.00000000000 );
#4346 = CARTESIAN_POINT( '', ( 5.00000000000000, 3.75000000000000, -4.95000000000000 ) );
#4347 = VECTOR( '', #5027, 1000.00000000000 );
#4348 = CARTESIAN_POINT( '', ( 5.00000000000000, -3.75000000000000, -4.95000000000000 ) );
#4349 = CARTESIAN_POINT( '', ( 5.00000000000000, 3.75000000000000, -4.95000000000000 ) );
#4350 = VECTOR( '', #5028, 1000.00000000000 );
#4351 = CARTESIAN_POINT( '', ( 5.00000000000000, -3.75000000000000, -4.95000000000000 ) );
#4352 = VECTOR( '', #5029, 1000.00000000000 );
#4353 = CARTESIAN_POINT( '', ( 2.02566146974502, -0.424940895555837, -4.95000000000000 ) );
#4354 = AXIS2_PLACEMENT_3D( '', #5030, #5031, #5032 );
#4355 = CARTESIAN_POINT( '', ( 1.85000000000000, -3.75000000000000, -4.95000000000000 ) );
#4356 = CARTESIAN_POINT( '', ( 2.02566146974502, -0.424940895555837, -4.95000000000000 ) );
#4357 = VECTOR( '', #5033, 1000.00000000000 );
#4358 = CARTESIAN_POINT( '', ( -1.85000000000000, -3.75000000000000, -4.95000000000000 ) );
#4359 = CARTESIAN_POINT( '', ( 5.00000000000000, -3.75000000000000, -4.95000000000000 ) );
#4360 = VECTOR( '', #5034, 1000.00000000000 );
#4361 = CARTESIAN_POINT( '', ( -1.85000000000000, -3.75000000000000, -4.95000000000000 ) );
#4362 = VECTOR( '', #5035, 1000.00000000000 );
#4363 = CARTESIAN_POINT( '', ( -3.15000000000000, -3.75000000000000, -4.95000000000000 ) );
#4364 = CARTESIAN_POINT( '', ( -2.97433853025498, -0.424940895555838, -4.95000000000000 ) );
#4365 = VECTOR( '', #5036, 1000.00000000000 );
#4366 = CARTESIAN_POINT( '', ( -5.00000000000000, -3.75000000000000, -4.95000000000000 ) );
#4367 = CARTESIAN_POINT( '', ( 5.00000000000000, -3.75000000000000, -4.95000000000000 ) );
#4368 = VECTOR( '', #5037, 1000.00000000000 );
#4369 = CARTESIAN_POINT( '', ( -5.00000000000000, 3.75000000000000, -4.95000000000000 ) );
#4370 = VECTOR( '', #5038, 1000.00000000000 );
#4371 = CARTESIAN_POINT( '', ( -4.40000000000000, 2.80000000000000, -4.95000000000000 ) );
#4372 = VECTOR( '', #5039, 1000.00000000000 );
#4373 = COLOUR_RGB( '', 0.699999988100000, 0.699999988100000, 0.699999988100000 );
#4374 = CARTESIAN_POINT( '', ( 1.70934929139717, 0.375000000000000, 0.550000000000000 ) );
#4375 = CARTESIAN_POINT( '', ( 1.70934929139717, 0.375000000000000, 0.750000000000000 ) );
#4376 = VECTOR( '', #5040, 1000.00000000000 );
#4377 = CARTESIAN_POINT( '', ( 1.70934929139717, 0.375000000000000, 0.550000000000000 ) );
#4378 = CARTESIAN_POINT( '', ( 1.70934929139717, 0.375000000000000, 0.603557366936911 ) );
#4379 = CARTESIAN_POINT( '', ( 1.68641923807792, 0.375000000000001, 0.655749895546695 ) );
#4380 = CARTESIAN_POINT( '', ( 1.61025246793066, 0.375000000000001, 0.729013592541771 ) );
#4381 = CARTESIAN_POINT( '', ( 1.55747120966297, 0.375000000000000, 0.750000000002811 ) );
#4382 = CARTESIAN_POINT( '', ( 1.50395312427024, 0.375000000000000, 0.750000000002995 ) );
#4383 = CARTESIAN_POINT( '', ( -1.70934929139717, 0.375000000000000, 0.550000000000000 ) );
#4384 = CARTESIAN_POINT( '', ( -1.50395312426951, 0.375000000000000, 0.750000000000000 ) );
#4385 = CARTESIAN_POINT( '', ( -1.55749286672947, 0.375000000000000, 0.749999999999999 ) );
#4386 = CARTESIAN_POINT( '', ( -1.61002767797887, 0.375000000000000, 0.729174996322555 ) );
#4387 = CARTESIAN_POINT( '', ( -1.68642674174545, 0.375000000000000, 0.655797340505454 ) );
#4388 = CARTESIAN_POINT( '', ( -1.70934929139749, 0.375000000000000, 0.603583747944100 ) );
#4389 = CARTESIAN_POINT( '', ( -1.70934929139751, 0.375000000000000, 0.550000000000069 ) );
#4390 = CARTESIAN_POINT( '', ( -1.70934929139717, 0.375000000000000, 0.750000000000000 ) );
#4391 = VECTOR( '', #5041, 1000.00000000000 );
#4392 = COLOUR_RGB( '', 0.699999988100000, 0.699999988100000, 0.699999988100000 );
#4393 = CARTESIAN_POINT( '', ( 1.00000000000000, 0.000000000000000, 1.11803398874989 ) );
#4394 = CARTESIAN_POINT( '', ( 1.00000000000000, -0.136854386277418, 1.11803398874989 ) );
#4395 = CARTESIAN_POINT( '', ( 1.00000000000000, 0.136854386277418, 1.11803398874989 ) );
#4396 = CARTESIAN_POINT( '', ( 0.971680961874610, 0.269361410754147, 1.14450390502652 ) );
#4397 = CARTESIAN_POINT( '', ( 0.871209934723475, 0.507654125278373, 1.22272087163410 ) );
#4398 = CARTESIAN_POINT( '', ( 0.799224479198536, 0.614161373097848, 1.27335363758977 ) );
#4399 = CARTESIAN_POINT( '', ( 0.621411506451335, 0.793600466233158, 1.36895470858723 ) );
#4400 = CARTESIAN_POINT( '', ( 0.514733213306992, 0.867256709992945, 1.41440663588031 ) );
#4401 = CARTESIAN_POINT( '', ( 0.334584445609483, 0.944629223152384, 1.46353249088706 ) );
#4402 = CARTESIAN_POINT( '', ( 0.270032984216930, 0.965150340015935, 1.47695966532512 ) );
#4403 = CARTESIAN_POINT( '', ( 0.139695863390780, 0.992430378993650, 1.49492900544269 ) );
#4404 = CARTESIAN_POINT( '', ( 0.0731382874664065, 0.999641297475561, 1.49976086666769 ) );
#4405 = CARTESIAN_POINT( '', ( -0.131033988424475, 1.00067868205840, 1.50045245143020 ) );
#4406 = CARTESIAN_POINT( '', ( -0.266120027388458, 0.972857546328042, 1.48152279779627 ) );
#4407 = CARTESIAN_POINT( '', ( -0.508451154169319, 0.871062051893284, 1.41675936319165 ) );
#4408 = CARTESIAN_POINT( '', ( -0.616567675886395, 0.797402075858787, 1.37118694300999 ) );
#4409 = CARTESIAN_POINT( '', ( -0.795727711013804, 0.618727063782235, 1.27558878230948 ) );
#4410 = CARTESIAN_POINT( '', ( -0.868024529674570, 0.513067976729806, 1.22502696932927 ) );
#4411 = CARTESIAN_POINT( '', ( -0.969947751345334, 0.275511692170231, 1.14601876920099 ) );
#4412 = CARTESIAN_POINT( '', ( -0.999326967111056, 0.140550286484190, 1.11863595491472 ) );
#4413 = CARTESIAN_POINT( '', ( -1.00064928687133, -0.130804338269326, 1.11745326144195 ) );
#4414 = CARTESIAN_POINT( '', ( -0.972963745891238, -0.265092740667440, 1.14340879541134 ) );
#4415 = CARTESIAN_POINT( '', ( -0.872720901884707, -0.505263138757250, 1.22163838825418 ) );
#4416 = CARTESIAN_POINT( '', ( -0.800914162163707, -0.612144954306875, 1.27233945696073 ) );
#4417 = CARTESIAN_POINT( '', ( -0.622128089238706, -0.793184455733945, 1.36867374836873 ) );
#4418 = CARTESIAN_POINT( '', ( -0.515682451933740, -0.866833230689829, 1.41413868988104 ) );
#4419 = CARTESIAN_POINT( '', ( -0.273788051363248, -0.970756583285056, 1.48012051143871 ) );
#4420 = CARTESIAN_POINT( '', ( -0.138462878645901, -0.999508483240151, 1.49967232332971 ) );
#4421 = CARTESIAN_POINT( '', ( 0.131269889545593, -1.00047858194497, 1.50031905347587 ) );
#4422 = CARTESIAN_POINT( '', ( 0.266665770100373, -0.972886766706626, 1.48152660499288 ) );
#4423 = CARTESIAN_POINT( '', ( 0.511237149930517, -0.869629731728982, 1.41586309040665 ) );
#4424 = CARTESIAN_POINT( '', ( 0.618827869092268, -0.795687896698737, 1.37016637310605 ) );
#4425 = CARTESIAN_POINT( '', ( 0.797783854447067, -0.616123430898160, 1.27430166881295 ) );
#4426 = CARTESIAN_POINT( '', ( 0.870230301602983, -0.509338201779039, 1.22343233596542 ) );
#4427 = CARTESIAN_POINT( '', ( 0.971175763623035, -0.271189634334979, 1.14494763839445 ) );
#4428 = CARTESIAN_POINT( '', ( 1.00000000000000, -0.136854386277418, 1.11803398874989 ) );
#4429 = CARTESIAN_POINT( '', ( 1.00000000000000, 0.136854386277418, 1.11803398874989 ) );
#4430 = COLOUR_RGB( '', 0.211764708200000, 0.435451000900000, 0.698039233700000 );
#4431 = CARTESIAN_POINT( '', ( -2.50000000000000, 0.950000000000000, 0.900000000000000 ) );
#4432 = AXIS2_PLACEMENT_3D( '', #5042, #5043, #5044 );
#4433 = CARTESIAN_POINT( '', ( -3.50000000000000, 3.05000000000000, 0.900000000000000 ) );
#4434 = CARTESIAN_POINT( '', ( -2.50000000000000, 3.05000000000000, 0.900000000000000 ) );
#4435 = CARTESIAN_POINT( '', ( -3.50000000000000, 3.05000000000000, 0.900000000000000 ) );
#4436 = VECTOR( '', #5045, 1000.00000000000 );
#4437 = AXIS2_PLACEMENT_3D( '', #5046, #5047, #5048 );
#4438 = CARTESIAN_POINT( '', ( -1.50000000000000, 3.05000000000000, 0.900000000000000 ) );
#4439 = CARTESIAN_POINT( '', ( -3.50000000000000, 3.05000000000000, 0.900000000000000 ) );
#4440 = VECTOR( '', #5049, 1000.00000000000 );
#4441 = CARTESIAN_POINT( '', ( -1.50000000000000, 1.75000000000000, 0.900000000000000 ) );
#4442 = CARTESIAN_POINT( '', ( -1.50000000000000, 3.05000000000000, 0.900000000000000 ) );
#4443 = VECTOR( '', #5050, 1000.00000000000 );
#4444 = CARTESIAN_POINT( '', ( -4.50000000000000, 1.75000000000000, 0.900000000000000 ) );
#4445 = VECTOR( '', #5051, 1000.00000000000 );
#4446 = CARTESIAN_POINT( '', ( -4.50000000000000, -3.75000000000000, 0.900000000000000 ) );
#4447 = CARTESIAN_POINT( '', ( -4.50000000000000, -3.75000000000000, 0.900000000000000 ) );
#4448 = VECTOR( '', #5052, 1000.00000000000 );
#4449 = CARTESIAN_POINT( '', ( -4.50000000000000, 1.75000000000000, 0.900000000000000 ) );
#4450 = VECTOR( '', #5053, 1000.00000000000 );
#4451 = CARTESIAN_POINT( '', ( -3.50000000000000, 3.05000000000000, 0.900000000000000 ) );
#4452 = VECTOR( '', #5054, 1000.00000000000 );
#4453 = COLOUR_RGB( '', 0.211764708200000, 0.435451000900000, 0.698039233700000 );
#4454 = CARTESIAN_POINT( '', ( -3.50000000000000, 3.05000000000000, -4.10000000000000 ) );
#4455 = CARTESIAN_POINT( '', ( -3.50000000000000, 3.05000000000000, -4.10000000000000 ) );
#4456 = VECTOR( '', #5055, 1000.00000000000 );
#4457 = CARTESIAN_POINT( '', ( -1.50000000000000, 3.05000000000000, -4.10000000000000 ) );
#4458 = CARTESIAN_POINT( '', ( -1.50000000000000, 3.05000000000000, -4.10000000000000 ) );
#4459 = VECTOR( '', #5056, 1000.00000000000 );
#4460 = CARTESIAN_POINT( '', ( -1.50000000000000, 3.05000000000000, 0.900000000000000 ) );
#4461 = VECTOR( '', #5057, 1000.00000000000 );
#4462 = COLOUR_RGB( '', 0.699999988100000, 0.699999988100000, 0.699999988100000 );
#4463 = CARTESIAN_POINT( '', ( -2.00000000000000, -2.00000000000000, 2.35000000000000 ) );
#4464 = VECTOR( '', #5058, 1000.00000000000 );
#4465 = COLOUR_RGB( '', 0.211764708200000, 0.435451000900000, 0.698039233700000 );
#4466 = CARTESIAN_POINT( '', ( 5.00000000000000, 2.50000000000000, 4.95000000000000 ) );
#4467 = CARTESIAN_POINT( '', ( 5.00000000000000, -3.75000000000000, 4.95000000000000 ) );
#4468 = VECTOR( '', #5059, 1000.00000000000 );
#4469 = CARTESIAN_POINT( '', ( 5.00000000000000, 2.50000000000000, 4.95000000000000 ) );
#4470 = VECTOR( '', #5060, 1000.00000000000 );
#4471 = CARTESIAN_POINT( '', ( -2.33416876048223, 2.50000000000000, 4.95000000000000 ) );
#4472 = CARTESIAN_POINT( '', ( 5.00000000000000, 2.50000000000000, 4.95000000000000 ) );
#4473 = VECTOR( '', #5061, 1000.00000000000 );
#4474 = CARTESIAN_POINT( '', ( -2.66583123951777, 2.50000000000000, 4.95000000000000 ) );
#4475 = AXIS2_PLACEMENT_3D( '', #5062, #5063, #5064 );
#4476 = CARTESIAN_POINT( '', ( -5.00000000000000, 2.50000000000000, 4.95000000000000 ) );
#4477 = CARTESIAN_POINT( '', ( 5.00000000000000, 2.50000000000000, 4.95000000000000 ) );
#4478 = VECTOR( '', #5065, 1000.00000000000 );
#4479 = CARTESIAN_POINT( '', ( -5.00000000000000, -3.75000000000000, 4.95000000000000 ) );
#4480 = VECTOR( '', #5066, 1000.00000000000 );
#4481 = CARTESIAN_POINT( '', ( -5.60000000000000, -2.12500000000000, 4.95000000000000 ) );
#4482 = CARTESIAN_POINT( '', ( -5.60000000000000, -2.12500000000000, 4.95000000000000 ) );
#4483 = VECTOR( '', #5067, 1000.00000000000 );
#4484 = CARTESIAN_POINT( '', ( -5.00000000000000, -2.05000000000000, 4.95000000000000 ) );
#4485 = CARTESIAN_POINT( '', ( -5.00000000000000, -2.05000000000000, 4.95000000000000 ) );
#4486 = VECTOR( '', #5068, 1000.00000000000 );
#4487 = CARTESIAN_POINT( '', ( -5.00000000000000, -3.00000000000000, 4.95000000000000 ) );
#4488 = CARTESIAN_POINT( '', ( -5.00000000000000, -3.75000000000000, 4.95000000000000 ) );
#4489 = VECTOR( '', #5069, 1000.00000000000 );
#4490 = CARTESIAN_POINT( '', ( 5.00000000000000, -3.00000000000000, 4.95000000000000 ) );
#4491 = CARTESIAN_POINT( '', ( 5.00000000000000, -3.00000000000000, 4.95000000000000 ) );
#4492 = VECTOR( '', #5070, 1000.00000000000 );
#4493 = CARTESIAN_POINT( '', ( 5.00000000000000, -2.05000000000000, 4.95000000000000 ) );
#4494 = CARTESIAN_POINT( '', ( 5.00000000000000, -3.75000000000000, 4.95000000000000 ) );
#4495 = VECTOR( '', #5071, 1000.00000000000 );
#4496 = CARTESIAN_POINT( '', ( 4.40000000000000, -2.12500000000000, 4.95000000000000 ) );
#4497 = VECTOR( '', #5072, 1000.00000000000 );
#4498 = CARTESIAN_POINT( '', ( 4.25000000000000, -0.450000000000000, 4.95000000000000 ) );
#4499 = AXIS2_PLACEMENT_3D( '', #5073, #5074, #5075 );
#4500 = CARTESIAN_POINT( '', ( -0.199999999999997, -2.35000000000000, 4.95000000000000 ) );
#4501 = VECTOR( '', #5076, 1000.00000000000 );
#4502 = CARTESIAN_POINT( '', ( 0.200000000000000, 1.85000000000000, 4.95000000000000 ) );
#4503 = VECTOR( '', #5077, 1000.00000000000 );
#4504 = COLOUR_RGB( '', 0.699999988100000, 0.699999988100000, 0.699999988100000 );
#4505 = CARTESIAN_POINT( '', ( 1.95000000000000, -1.15000000000000, 0.950304374152270 ) );
#4506 = CARTESIAN_POINT( '', ( 1.95000000000000, 1.95000000000000, 0.950304374152270 ) );
#4507 = VECTOR( '', #5078, 1000.00000000000 );
#4508 = CARTESIAN_POINT( '', ( 1.95000000000000, -1.15000000000000, 0.713993411466799 ) );
#4509 = VECTOR( '', #5079, 1000.00000000000 );
#4510 = COLOUR_RGB( '', 0.211764708200000, 0.435451000900000, 0.698039233700000 );
#4511 = CARTESIAN_POINT( '', ( 0.500000000000000, -3.75000000000000, -4.10000000000000 ) );
#4512 = CARTESIAN_POINT( '', ( 0.500000000000000, 1.75000000000000, -4.10000000000000 ) );
#4513 = VECTOR( '', #5080, 1000.00000000000 );
#4514 = CARTESIAN_POINT( '', ( 1.85000000000000, -3.75000000000000, -4.10000000000000 ) );
#4515 = CARTESIAN_POINT( '', ( 4.50000000000000, -3.75000000000000, -4.10000000000000 ) );
#4516 = VECTOR( '', #5081, 1000.00000000000 );
#4517 = CARTESIAN_POINT( '', ( 2.02566146974502, -0.424940895555837, -4.10000000000000 ) );
#4518 = CARTESIAN_POINT( '', ( 2.14712945746136, 1.87430115815677, -4.10000000000000 ) );
#4519 = VECTOR( '', #5082, 1000.00000000000 );
#4520 = AXIS2_PLACEMENT_3D( '', #5083, #5084, #5085 );
#4521 = CARTESIAN_POINT( '', ( 4.50000000000000, -3.75000000000000, -4.10000000000000 ) );
#4522 = CARTESIAN_POINT( '', ( 4.50000000000000, -3.75000000000000, -4.10000000000000 ) );
#4523 = VECTOR( '', #5086, 1000.00000000000 );
#4524 = CARTESIAN_POINT( '', ( 4.50000000000000, 1.75000000000000, -4.10000000000000 ) );
#4525 = VECTOR( '', #5087, 1000.00000000000 );
#4526 = COLOUR_RGB( '', 0.211764708200000, 0.435451000900000, 0.698039233700000 );
#4527 = CARTESIAN_POINT( '', ( 5.00000000000000, -2.05000000000000, 1.45000000000000 ) );
#4528 = VECTOR( '', #5088, 1000.00000000000 );
#4529 = COLOUR_RGB( '', 0.699999988100000, 0.699999988100000, 0.699999988100000 );
#4530 = CARTESIAN_POINT( '', ( -0.950000000000000, 1.58675528825828, -0.980067107583422 ) );
#4531 = VECTOR( '', #5089, 1000.00000000000 );
#4532 = CARTESIAN_POINT( '', ( 0.950000000000000, 1.58675528825828, -0.980067107583422 ) );
#4533 = VECTOR( '', #5090, 1000.00000000000 );
#4534 = COLOUR_RGB( '', 0.699999988100000, 0.699999988100000, 0.699999988100000 );
#4535 = CARTESIAN_POINT( '', ( -0.950000000000000, 3.05000000000000, 0.713993411466799 ) );
#4536 = VECTOR( '', #5091, 1000.00000000000 );
#4537 = CARTESIAN_POINT( '', ( -0.950000000000000, 1.95000000000000, 0.950304374152271 ) );
#4538 = AXIS2_PLACEMENT_3D( '', #5092, #5093, #5094 );
#4539 = CARTESIAN_POINT( '', ( -0.950000000000000, 1.95000000000000, -6.04066218118645 ) );
#4540 = VECTOR( '', #5095, 1000.00000000000 );
#4541 = COLOUR_RGB( '', 0.699999988100000, 0.699999988100000, 0.699999988100000 );
#4542 = AXIS2_PLACEMENT_3D( '', #5096, #5097, #5098 );
#4543 = CARTESIAN_POINT( '', ( -1.95000000000000, -2.25000000000000, 0.850304374152270 ) );
#4544 = VECTOR( '', #5099, 1000.00000000000 );
#4545 = COLOUR_RGB( '', 0.211764708200000, 0.435451000900000, 0.698039233700000 );
#4546 = CARTESIAN_POINT( '', ( 1.85000000000000, -3.75000000000000, 10.9955322896415 ) );
#4547 = VECTOR( '', #5100, 1000.00000000000 );
#4548 = CARTESIAN_POINT( '', ( 2.02566146974502, -0.424940895555839, 10.9955322896415 ) );
#4549 = VECTOR( '', #5101, 1000.00000000000 );
#4550 = COLOUR_RGB( '', 0.699999988100000, 0.699999988100000, 0.699999988100000 );
#4551 = AXIS2_PLACEMENT_3D( '', #5102, #5103, #5104 );
#4552 = AXIS2_PLACEMENT_3D( '', #5105, #5106, #5107 );
#4553 = COLOUR_RGB( '', 0.211764708200000, 0.435451000900000, 0.698039233700000 );
#4554 = COLOUR_RGB( '', 0.211764708200000, 0.435451000900000, 0.698039233700000 );
#4555 = CARTESIAN_POINT( '', ( -5.00000000000000, -3.75000000000000, 1.44999999999998 ) );
#4556 = CARTESIAN_POINT( '', ( -5.00000000000000, -3.88243902439025, 0.831951219512194 ) );
#4557 = VECTOR( '', #5108, 1000.00000000000 );
#4558 = CARTESIAN_POINT( '', ( 5.00000000000000, -3.75000000000000, 1.45000000000000 ) );
#4559 = CARTESIAN_POINT( '', ( 5.00000000000000, -3.75000000000000, 1.45000000000000 ) );
#4560 = VECTOR( '', #5109, 1000.00000000000 );
#4561 = CARTESIAN_POINT( '', ( 5.00000000000000, -3.75000000000000, 1.45000000000000 ) );
#4562 = VECTOR( '', #5110, 1000.00000000000 );
#4563 = COLOUR_RGB( '', 0.211764708200000, 0.435451000900000, 0.698039233700000 );
#4564 = CARTESIAN_POINT( '', ( 2.50000000000000, 0.950000000000000, 0.900000000000000 ) );
#4565 = AXIS2_PLACEMENT_3D( '', #5111, #5112, #5113 );
#4566 = CARTESIAN_POINT( '', ( 2.50000000000000, 1.25000000000000, 1.20000000000000 ) );
#4567 = AXIS2_PLACEMENT_3D( '', #5114, #5115, #5116 );
#4568 = COLOUR_RGB( '', 0.211764708200000, 0.435451000900000, 0.698039233700000 );
#4569 = CARTESIAN_POINT( '', ( -5.00000000000000, -2.05000000000000, 1.45000000000000 ) );
#4570 = VECTOR( '', #5117, 1000.00000000000 );
#4571 = CARTESIAN_POINT( '', ( -5.00000000000000, 3.78506787330317, 1.35180995475113 ) );
#4572 = VECTOR( '', #5118, 1000.00000000000 );
#4573 = CARTESIAN_POINT( '', ( -5.00000000000000, -3.75000000000000, -4.95000000000000 ) );
#4574 = VECTOR( '', #5119, 1000.00000000000 );
#4575 = COLOUR_RGB( '', 0.211764708200000, 0.435451000900000, 0.698039233700000 );
#4576 = CARTESIAN_POINT( '', ( 4.50000000000000, -3.75000000000000, 0.900000000000000 ) );
#4577 = CARTESIAN_POINT( '', ( 4.50000000000000, -3.75000000000000, 0.900000000000000 ) );
#4578 = VECTOR( '', #5120, 1000.00000000000 );
#4579 = CARTESIAN_POINT( '', ( 4.50000000000000, 1.75000000000000, 0.900000000000000 ) );
#4580 = VECTOR( '', #5121, 1000.00000000000 );
#4581 = COLOUR_RGB( '', 0.699999988100000, 0.699999988100000, 0.699999988100000 );
#4582 = CARTESIAN_POINT( '', ( 1.17500000000000, -2.25000000000000, -0.611889603863748 ) );
#4583 = CARTESIAN_POINT( '', ( 1.17500000000000, -2.25000000000000, 0.612498352168289 ) );
#4584 = VECTOR( '', #5122, 1000.00000000000 );
#4585 = CARTESIAN_POINT( '', ( 1.17500000000000, -1.95000000000000, -0.611889603863748 ) );
#4586 = VECTOR( '', #5123, 1000.00000000000 );
#4587 = COLOUR_RGB( '', 0.699999988100000, 0.699999988100000, 0.699999988100000 );
#4588 = CARTESIAN_POINT( '', ( -1.95000000000000, 1.95000000000000, 0.950304374152270 ) );
#4589 = VECTOR( '', #5124, 1000.00000000000 );
#4590 = COLOUR_RGB( '', 0.211764708200000, 0.435451000900000, 0.698039233700000 );
#4591 = AXIS2_PLACEMENT_3D( '', #5125, #5126, #5127 );
#4592 = COLOUR_RGB( '', 0.211764708200000, 0.435451000900000, 0.698039233700000 );
#4593 = CARTESIAN_POINT( '', ( -3.15000000000000, -3.75000000000000, -4.10000000000000 ) );
#4594 = CARTESIAN_POINT( '', ( -3.15000000000000, -3.75000000000000, 10.9955322896415 ) );
#4595 = VECTOR( '', #5128, 1000.00000000000 );
#4596 = CARTESIAN_POINT( '', ( -2.85287054253864, 1.87430115815677, -4.10000000000000 ) );
#4597 = VECTOR( '', #5129, 1000.00000000000 );
#4598 = COLOUR_RGB( '', 0.699999988100000, 0.699999988100000, 0.699999988100000 );
#4599 = AXIS2_PLACEMENT_3D( '', #5130, #5131, #5132 );
#4600 = COLOUR_RGB( '', 0.699999988100000, 0.699999988100000, 0.699999988100000 );
#4601 = CARTESIAN_POINT( '', ( 0.950000000000000, -1.95000000000000, 0.950304374152270 ) );
#4602 = CARTESIAN_POINT( '', ( -1.95000000000000, -1.95000000000000, 0.950304374152270 ) );
#4603 = VECTOR( '', #5133, 1000.00000000000 );
#4604 = AXIS2_PLACEMENT_3D( '', #5134, #5135, #5136 );
#4605 = COLOUR_RGB( '', 0.699999988100000, 0.699999988100000, 0.699999988100000 );
#4606 = CARTESIAN_POINT( '', ( 1.15000000000000, -1.95000000000000, 0.950304374152270 ) );
#4607 = AXIS2_PLACEMENT_3D( '', #5137, #5138, #5139 );
#4608 = CARTESIAN_POINT( '', ( 1.15000000000000, -1.95000000000000, 0.000000000000000 ) );
#4609 = VECTOR( '', #5140, 1000.00000000000 );
#4610 = COLOUR_RGB( '', 0.699999988100000, 0.699999988100000, 0.699999988100000 );
#4611 = CARTESIAN_POINT( '', ( -1.15000000000000, 1.95000000000000, 0.950304374152270 ) );
#4612 = CARTESIAN_POINT( '', ( -1.95000000000000, 1.95000000000000, 0.950304374152270 ) );
#4613 = VECTOR( '', #5141, 1000.00000000000 );
#4614 = CARTESIAN_POINT( '', ( -1.15000000000000, 1.95000000000000, 1.15030437415227 ) );
#4615 = VECTOR( '', #5142, 1000.00000000000 );
#4616 = COLOUR_RGB( '', 0.699999988100000, 0.699999988100000, 0.699999988100000 );
#4617 = COLOUR_RGB( '', 0.211764708200000, 0.435451000900000, 0.698039233700000 );
#4618 = CARTESIAN_POINT( '', ( -1.50000000000000, 1.75000000000000, -4.10000000000000 ) );
#4619 = CARTESIAN_POINT( '', ( -1.50000000000000, 1.75000000000000, 0.900000000000000 ) );
#4620 = VECTOR( '', #5143, 1000.00000000000 );
#4621 = CARTESIAN_POINT( '', ( -1.50000000000000, 3.05000000000000, -4.10000000000000 ) );
#4622 = VECTOR( '', #5144, 1000.00000000000 );
#4623 = COLOUR_RGB( '', 0.211764708200000, 0.435451000900000, 0.698039233700000 );
#4624 = COLOUR_RGB( '', 0.639999985700000, 0.670000016700000, 0.689999997600000 );
#4625 = COLOUR_RGB( '', 0.699999988100000, 0.699999988100000, 0.699999988100000 );
#4626 = CARTESIAN_POINT( '', ( 1.37500000000000, 0.000000000000000, 0.950304374152271 ) );
#4627 = AXIS2_PLACEMENT_3D( '', #5145, #5146, #5147 );
#4628 = COLOUR_RGB( '', 0.699999988100000, 0.699999988100000, 0.699999988100000 );
#4629 = CARTESIAN_POINT( '', ( -0.950000000000000, 1.14173825865849, -1.34817375508638 ) );
#4630 = AXIS2_PLACEMENT_3D( '', #5148, #5149, #5150 );
#4631 = CARTESIAN_POINT( '', ( -0.950000000000000, -1.96910179070732, -1.14969562584773 ) );
#4632 = CARTESIAN_POINT( '', ( -0.950000000000000, -1.96910179070732, -1.14969562584773 ) );
#4633 = VECTOR( '', #5151, 1000.00000000000 );
#4634 = CARTESIAN_POINT( '', ( -0.950000000000000, -2.25000000000000, -0.850304374152270 ) );
#4635 = AXIS2_PLACEMENT_3D( '', #5152, #5153, #5154 );
#4636 = CARTESIAN_POINT( '', ( -0.950000000000000, -2.25000000000000, -0.849695625847730 ) );
#4637 = VECTOR( '', #5155, 1000.00000000000 );
#4638 = COLOUR_RGB( '', 0.699999988100000, 0.699999988100000, 0.699999988100000 );
#4639 = COLOUR_RGB( '', 0.699999988100000, 0.699999988100000, 0.699999988100000 );
#4640 = AXIS2_PLACEMENT_3D( '', #5156, #5157, #5158 );
#4641 = COLOUR_RGB( '', 0.211764708200000, 0.435451000900000, 0.698039233700000 );
#4642 = CARTESIAN_POINT( '', ( 0.500000000000000, -3.75000000000000, 0.900000000000000 ) );
#4643 = CARTESIAN_POINT( '', ( 0.500000000000000, -3.75000000000000, -4.10000000000000 ) );
#4644 = VECTOR( '', #5159, 1000.00000000000 );
#4645 = CARTESIAN_POINT( '', ( 0.500000000000000, 1.75000000000000, 0.900000000000000 ) );
#4646 = VECTOR( '', #5160, 1000.00000000000 );
#4647 = COLOUR_RGB( '', 0.211764708200000, 0.435451000900000, 0.698039233700000 );
#4648 = COLOUR_RGB( '', 0.699999988100000, 0.699999988100000, 0.699999988100000 );
#4649 = CARTESIAN_POINT( '', ( -1.95000000000000, -1.95000000000000, 0.950304374152270 ) );
#4650 = VECTOR( '', #5161, 1000.00000000000 );
#4651 = CARTESIAN_POINT( '', ( -1.95000000000000, -1.95000000000000, 0.950304374152270 ) );
#4652 = VECTOR( '', #5162, 1000.00000000000 );
#4653 = COLOUR_RGB( '', 0.211764708200000, 0.435451000900000, 0.698039233700000 );
#4654 = CARTESIAN_POINT( '', ( -5.60000000000000, -2.12500000000000, 1.45000000000000 ) );
#4655 = VECTOR( '', #5163, 1000.00000000000 );
#4656 = COLOUR_RGB( '', 0.699999988100000, 0.699999988100000, 0.699999988100000 );
#4657 = COLOUR_RGB( '', 0.699999988100000, 0.699999988100000, 0.699999988100000 );
#4658 = COLOUR_RGB( '', 0.699999988100000, 0.699999988100000, 0.699999988100000 );
#4659 = CARTESIAN_POINT( '', ( 0.950000000000000, -2.25000000000000, -0.850304374152270 ) );
#4660 = CARTESIAN_POINT( '', ( 0.950000000000000, -1.96910179070732, -1.14969562584773 ) );
#4661 = AXIS2_PLACEMENT_3D( '', #5164, #5165, #5166 );
#4662 = CARTESIAN_POINT( '', ( -1.95000000000000, -2.25000000000000, -0.850304374152270 ) );
#4663 = VECTOR( '', #5167, 1000.00000000000 );
#4664 = CARTESIAN_POINT( '', ( -1.95000000000000, -1.96910179070732, -1.14969562584773 ) );
#4665 = VECTOR( '', #5168, 1000.00000000000 );
#4666 = COLOUR_RGB( '', 0.699999988100000, 0.699999988100000, 0.699999988100000 );
#4667 = CARTESIAN_POINT( '', ( 0.950000000000000, -1.95000000000000, 1.15030437415227 ) );
#4668 = VECTOR( '', #5169, 1000.00000000000 );
#4669 = COLOUR_RGB( '', 0.211764708200000, 0.435451000900000, 0.698039233700000 );
#4670 = CARTESIAN_POINT( '', ( -4.50000000000000, -3.75000000000000, -4.10000000000000 ) );
#4671 = CARTESIAN_POINT( '', ( -0.500000000000000, -3.75000000000000, -4.10000000000000 ) );
#4672 = VECTOR( '', #5170, 1000.00000000000 );
#4673 = CARTESIAN_POINT( '', ( -4.50000000000000, -3.75000000000000, -4.10000000000000 ) );
#4674 = VECTOR( '', #5171, 1000.00000000000 );
#4675 = CARTESIAN_POINT( '', ( -1.85000000000000, -3.75000000000000, -4.10000000000000 ) );
#4676 = CARTESIAN_POINT( '', ( -0.500000000000000, -3.75000000000000, -4.10000000000000 ) );
#4677 = VECTOR( '', #5172, 1000.00000000000 );
#4678 = CARTESIAN_POINT( '', ( -1.85000000000000, -3.75000000000000, 10.9955322896415 ) );
#4679 = VECTOR( '', #5173, 1000.00000000000 );
#4680 = CARTESIAN_POINT( '', ( 0.500000000000000, -3.75000000000000, 0.900000000000000 ) );
#4681 = VECTOR( '', #5174, 1000.00000000000 );
#4682 = CARTESIAN_POINT( '', ( 5.00000000000000, -3.75000000000000, -4.95000000000000 ) );
#4683 = VECTOR( '', #5175, 1000.00000000000 );
#4684 = COLOUR_RGB( '', 0.699999988100000, 0.699999988100000, 0.699999988100000 );
#4685 = CARTESIAN_POINT( '', ( 0.950000000000000, 1.14173825865849, -1.34817375508638 ) );
#4686 = AXIS2_PLACEMENT_3D( '', #5176, #5177, #5178 );
#4687 = CARTESIAN_POINT( '', ( -1.95000000000000, 1.14173825865849, -1.34817375508638 ) );
#4688 = VECTOR( '', #5179, 1000.00000000000 );
#4689 = COLOUR_RGB( '', 0.211764708200000, 0.435451000900000, 0.698039233700000 );
#4690 = COLOUR_RGB( '', 0.211764708200000, 0.435451000900000, 0.698039233700000 );
#4691 = CARTESIAN_POINT( '', ( 5.00000000000000, 2.50000000000000, 4.95000000000000 ) );
#4692 = VECTOR( '', #5180, 1000.00000000000 );
#4693 = COLOUR_RGB( '', 0.699999988100000, 0.699999988100000, 0.699999988100000 );
#4694 = CARTESIAN_POINT( '', ( 0.750000000000000, 3.05000000000000, 0.713993411466799 ) );
#4695 = CARTESIAN_POINT( '', ( 0.750000000000000, 2.96274624022099, 0.534030133533696 ) );
#4696 = VECTOR( '', #5181, 1000.00000000000 );
#4697 = AXIS2_PLACEMENT_3D( '', #5182, #5183, #5184 );
#4698 = COLOUR_RGB( '', 0.211764708200000, 0.435451000900000, 0.698039233700000 );
#4699 = COLOUR_RGB( '', 0.699999988100000, 0.699999988100000, 0.699999988100000 );
#4700 = CARTESIAN_POINT( '', ( -0.500000000000000, 0.000000000000000, -2.35000000000000 ) );
#4701 = AXIS2_PLACEMENT_3D( '', #5185, #5186, #5187 );
#4702 = COLOUR_RGB( '', 0.211764708200000, 0.435451000900000, 0.698039233700000 );
#4703 = CARTESIAN_POINT( '', ( 4.25000000000000, -0.450000000000000, 1.20000000000000 ) );
#4704 = AXIS2_PLACEMENT_3D( '', #5188, #5189, #5190 );
#4705 = COLOUR_RGB( '', 0.211764708200000, 0.435451000900000, 0.698039233700000 );
#4706 = CARTESIAN_POINT( '', ( -3.50000000000000, 3.05000000000000, -4.10000000000000 ) );
#4707 = VECTOR( '', #5191, 1000.00000000000 );
#4708 = CARTESIAN_POINT( '', ( -4.50000000000000, 1.75000000000000, -4.10000000000000 ) );
#4709 = VECTOR( '', #5192, 1000.00000000000 );
#4710 = CARTESIAN_POINT( '', ( -2.13599667136862, 1.66357098602955, -4.10000000000000 ) );
#4711 = VECTOR( '', #5193, 1000.00000000000 );
#4712 = CARTESIAN_POINT( '', ( -0.500000000000000, 1.75000000000000, -4.10000000000000 ) );
#4713 = VECTOR( '', #5194, 1000.00000000000 );
#4714 = COLOUR_RGB( '', 0.699999988100000, 0.699999988100000, 0.699999988100000 );
#4715 = CARTESIAN_POINT( '', ( -1.95000000000000, 3.05000000000000, 0.713993411466799 ) );
#4716 = VECTOR( '', #5195, 1000.00000000000 );
#4717 = COLOUR_RGB( '', 0.211764708200000, 0.435451000900000, 0.698039233700000 );
#4718 = COLOUR_RGB( '', 0.211764708200000, 0.435451000900000, 0.698039233700000 );
#4719 = COLOUR_RGB( '', 0.699999988100000, 0.699999988100000, 0.699999988100000 );
#4720 = COLOUR_RGB( '', 0.699999988100000, 0.699999988100000, 0.699999988100000 );
#4721 = CARTESIAN_POINT( '', ( -2.00000000000000, -2.00000000000000, -2.35000000000000 ) );
#4722 = VECTOR( '', #5196, 1000.00000000000 );
#4723 = COLOUR_RGB( '', 0.699999988100000, 0.699999988100000, 0.699999988100000 );
#4724 = CARTESIAN_POINT( '', ( 0.950000000000000, -1.96910179070732, -1.14969562584773 ) );
#4725 = VECTOR( '', #5197, 1000.00000000000 );
#4726 = COLOUR_RGB( '', 0.699999988100000, 0.699999988100000, 0.699999988100000 );
#4727 = CARTESIAN_POINT( '', ( 0.950000000000000, -2.25000000000000, -0.849695625847730 ) );
#4728 = CARTESIAN_POINT( '', ( 0.950000000000000, -1.95000000000000, -0.849695625847730 ) );
#4729 = VECTOR( '', #5198, 1000.00000000000 );
#4730 = CARTESIAN_POINT( '', ( 0.950000000000000, -2.25000000000000, -0.849695625847730 ) );
#4731 = VECTOR( '', #5199, 1000.00000000000 );
#4732 = COLOUR_RGB( '', 0.211764708200000, 0.435451000900000, 0.698039233700000 );
#4733 = COLOUR_RGB( '', 0.699999988100000, 0.699999988100000, 0.699999988100000 );
#4734 = COLOUR_RGB( '', 0.699999988100000, 0.699999988100000, 0.699999988100000 );
#4735 = COLOUR_RGB( '', 0.699999988100000, 0.699999988100000, 0.699999988100000 );
#4736 = COLOUR_RGB( '', 0.211764708200000, 0.435451000900000, 0.698039233700000 );
#4737 = COLOUR_RGB( '', 0.211764708200000, 0.435451000900000, 0.698039233700000 );
#4738 = COLOUR_RGB( '', 0.211764708200000, 0.435451000900000, 0.698039233700000 );
#4739 = COLOUR_RGB( '', 0.211764708200000, 0.435451000900000, 0.698039233700000 );
#4740 = COLOUR_RGB( '', 0.699999988100000, 0.699999988100000, 0.699999988100000 );
#4741 = CARTESIAN_POINT( '', ( 1.17500000000000, -2.25000000000000, -0.611889603863748 ) );
#4742 = VECTOR( '', #5200, 1000.00000000000 );
#4743 = COLOUR_RGB( '', 0.211764708200000, 0.435451000900000, 0.698039233700000 );
#4744 = COLOUR_RGB( '', 0.699999988100000, 0.699999988100000, 0.699999988100000 );
#4745 = CARTESIAN_POINT( '', ( -1.17500000000000, -2.25000000000000, 0.612498352168289 ) );
#4746 = VECTOR( '', #5201, 1000.00000000000 );
#4747 = COLOUR_RGB( '', 0.699999988100000, 0.699999988100000, 0.699999988100000 );
#4748 = CARTESIAN_POINT( '', ( 0.000000000000000, 0.000000000000000, -0.550000000000000 ) );
#4749 = DIRECTION( '', ( 0.000000000000000, 0.000000000000000, -1.00000000000000 ) );
#4750 = DIRECTION( '', ( -1.00000000000000, 0.000000000000000, 0.000000000000000 ) );
#4751 = CARTESIAN_POINT( '', ( 0.000000000000000, 0.000000000000000, -0.750000000000000 ) );
#4752 = DIRECTION( '', ( 0.000000000000000, 0.000000000000000, -1.00000000000000 ) );
#4753 = DIRECTION( '', ( -1.00000000000000, 0.000000000000000, 0.000000000000000 ) );
#4754 = CARTESIAN_POINT( '', ( -2.50000000000000, -0.450000000000000, 1.20000000000000 ) );
#4755 = DIRECTION( '', ( 0.000000000000000, 3.46944695195362E-016, -1.00000000000000 ) );
#4756 = DIRECTION( '', ( 1.00000000000000, 0.000000000000000, 0.000000000000000 ) );
#4757 = CARTESIAN_POINT( '', ( -2.50000000000000, -0.450000000000000, 1.20000000000000 ) );
#4758 = DIRECTION( '', ( 0.000000000000000, 3.46944695195362E-016, -1.00000000000000 ) );
#4759 = DIRECTION( '', ( 0.000000000000000, 1.00000000000000, 3.46944695195361E-016 ) );
#4760 = CARTESIAN_POINT( '', ( 0.000000000000000, 0.000000000000000, -3.75000000000000 ) );
#4761 = DIRECTION( '', ( 0.000000000000000, 0.000000000000000, 1.00000000000000 ) );
#4762 = DIRECTION( '', ( 1.00000000000000, 0.000000000000000, 0.000000000000000 ) );
#4763 = CARTESIAN_POINT( '', ( 0.000000000000000, 0.000000000000000, -0.750000000000000 ) );
#4764 = DIRECTION( '', ( 0.000000000000000, 0.000000000000000, -1.00000000000000 ) );
#4765 = DIRECTION( '', ( -1.00000000000000, 0.000000000000000, 0.000000000000000 ) );
#4766 = CARTESIAN_POINT( '', ( 1.15000000000000, 1.15000000000000, 0.950304374152270 ) );
#4767 = DIRECTION( '', ( 0.000000000000000, 0.000000000000000, 1.00000000000000 ) );
#4768 = DIRECTION( '', ( 1.00000000000000, 0.000000000000000, 0.000000000000000 ) );
#4769 = DIRECTION( '', ( 0.000000000000000, 0.000000000000000, -1.00000000000000 ) );
#4770 = CARTESIAN_POINT( '', ( 1.15000000000000, 1.15000000000000, 1.15030437415227 ) );
#4771 = DIRECTION( '', ( 0.000000000000000, 0.000000000000000, 1.00000000000000 ) );
#4772 = DIRECTION( '', ( 1.00000000000000, 0.000000000000000, 0.000000000000000 ) );
#4773 = DIRECTION( '', ( 0.000000000000000, 0.000000000000000, 1.00000000000000 ) );
#4774 = DIRECTION( '', ( 0.992277876713667, -0.124034734589214, -4.30331931856923E-017 ) );
#4775 = DIRECTION( '', ( 0.000000000000000, -3.46944695195362E-016, 1.00000000000000 ) );
#4776 = DIRECTION( '', ( 0.992277876713667, -0.124034734589214, -4.30331931856923E-017 ) );
#4777 = DIRECTION( '', ( 0.000000000000000, -3.46944695195362E-016, 1.00000000000000 ) );
#4778 = CARTESIAN_POINT( '', ( 7.26415455565288E-016, 0.000000000000000, -6.70000000000000 ) );
#4779 = DIRECTION( '', ( -1.08420217248550E-016, 0.000000000000000, 1.00000000000000 ) );
#4780 = DIRECTION( '', ( 1.00000000000000, 0.000000000000000, 1.08420217248550E-016 ) );
#4781 = CARTESIAN_POINT( '', ( 6.17995238316738E-016, 0.000000000000000, -5.70000000000000 ) );
#4782 = DIRECTION( '', ( -1.08420217248550E-016, 0.000000000000000, 1.00000000000000 ) );
#4783 = DIRECTION( '', ( 1.00000000000000, 0.000000000000000, 1.08420217248550E-016 ) );
#4784 = DIRECTION( '', ( -8.67361737988402E-015, 0.722295550602712, -0.691584512246714 ) );
#4785 = DIRECTION( '', ( 1.00000000000000, 0.000000000000000, 0.000000000000000 ) );
#4786 = DIRECTION( '', ( 0.000000000000000, 0.722295550602712, -0.691584512246714 ) );
#4787 = DIRECTION( '', ( 1.00000000000000, 0.000000000000000, 0.000000000000000 ) );
#4788 = CARTESIAN_POINT( '', ( -1.15000000000000, -1.15000000000000, 0.950304374152270 ) );
#4789 = DIRECTION( '', ( 0.000000000000000, 0.000000000000000, 1.00000000000000 ) );
#4790 = DIRECTION( '', ( 1.00000000000000, 0.000000000000000, 0.000000000000000 ) );
#4791 = DIRECTION( '', ( 0.000000000000000, 0.000000000000000, 1.00000000000000 ) );
#4792 = CARTESIAN_POINT( '', ( -1.15000000000000, -1.15000000000000, 1.15030437415227 ) );
#4793 = DIRECTION( '', ( 0.000000000000000, 0.000000000000000, 1.00000000000000 ) );
#4794 = DIRECTION( '', ( 1.00000000000000, 0.000000000000000, 0.000000000000000 ) );
#4795 = DIRECTION( '', ( 0.000000000000000, 0.000000000000000, 1.00000000000000 ) );
#4796 = DIRECTION( '', ( 1.00000000000000, 1.49077798716757E-016, 0.000000000000000 ) );
#4797 = CARTESIAN_POINT( '', ( 0.000000000000000, 0.000000000000000, 0.750000000000000 ) );
#4798 = DIRECTION( '', ( 0.000000000000000, 0.000000000000000, -1.00000000000000 ) );
#4799 = DIRECTION( '', ( -1.00000000000000, 0.000000000000000, 0.000000000000000 ) );
#4800 = CARTESIAN_POINT( '', ( -6.99310401253150E-016, 0.000000000000000, 2.15000000000000 ) );
#4801 = DIRECTION( '', ( -3.25260651745653E-016, 0.000000000000000, 1.00000000000000 ) );
#4802 = DIRECTION( '', ( 1.00000000000000, 0.000000000000000, 3.25260651745653E-016 ) );
#4803 = CARTESIAN_POINT( '', ( -7.64362531602281E-016, 0.000000000000000, 2.35000000000000 ) );
#4804 = DIRECTION( '', ( -3.25260651745651E-016, 0.000000000000000, 1.00000000000000 ) );
#4805 = DIRECTION( '', ( 1.00000000000000, 0.000000000000000, 3.25260651745651E-016 ) );
#4806 = DIRECTION( '', ( 0.000000000000000, 1.31418445149758E-016, -1.00000000000000 ) );
#4807 = DIRECTION( '', ( 1.00000000000000, 0.000000000000000, 0.000000000000000 ) );
#4808 = DIRECTION( '', ( 0.000000000000000, 1.31418445149758E-016, -1.00000000000000 ) );
#4809 = DIRECTION( '', ( -1.00000000000000, 0.000000000000000, 0.000000000000000 ) );
#4810 = DIRECTION( '', ( 0.000000000000000, 0.000000000000000, -1.00000000000000 ) );
#4811 = CARTESIAN_POINT( '', ( -0.950000000000000, -1.95000000000000, 0.850304374152270 ) );
#4812 = DIRECTION( '', ( -1.00000000000000, 0.000000000000000, 0.000000000000000 ) );
#4813 = DIRECTION( '', ( 0.000000000000000, 0.000000000000000, 1.00000000000000 ) );
#4814 = DIRECTION( '', ( 0.000000000000000, -1.00000000000000, 0.000000000000000 ) );
#4815 = CARTESIAN_POINT( '', ( -0.950000000000000, -1.95000000000000, 0.850304374152270 ) );
#4816 = DIRECTION( '', ( -1.00000000000000, 0.000000000000000, 0.000000000000000 ) );
#4817 = DIRECTION( '', ( 0.000000000000000, 0.000000000000000, 1.00000000000000 ) );
#4818 = CARTESIAN_POINT( '', ( 0.000000000000000, 0.000000000000000, -0.250000000000000 ) );
#4819 = DIRECTION( '', ( 0.000000000000000, 0.000000000000000, -1.00000000000000 ) );
#4820 = DIRECTION( '', ( -1.00000000000000, 0.000000000000000, 0.000000000000000 ) );
#4821 = DIRECTION( '', ( 1.00000000000000, 1.49077798716757E-016, 0.000000000000000 ) );
#4822 = CARTESIAN_POINT( '', ( 0.000000000000000, 0.000000000000000, -0.250000000000000 ) );
#4823 = DIRECTION( '', ( 0.000000000000000, 0.000000000000000, -1.00000000000000 ) );
#4824 = DIRECTION( '', ( -1.00000000000000, 0.000000000000000, 0.000000000000000 ) );
#4825 = DIRECTION( '', ( -1.00000000000000, -1.21972744404619E-016, 0.000000000000000 ) );
#4826 = DIRECTION( '', ( 0.000000000000000, 1.00000000000000, 3.46944695195362E-016 ) );
#4827 = DIRECTION( '', ( -1.00000000000000, 0.000000000000000, 0.000000000000000 ) );
#4828 = DIRECTION( '', ( 0.000000000000000, -1.00000000000000, -3.46944695195362E-016 ) );
#4829 = DIRECTION( '', ( 1.00000000000000, 0.000000000000000, 0.000000000000000 ) );
#4830 = DIRECTION( '', ( 1.00000000000000, 0.000000000000000, 0.000000000000000 ) );
#4831 = CARTESIAN_POINT( '', ( 0.750000000000000, 2.78278296228789, 0.621283893312707 ) );
#4832 = DIRECTION( '', ( 0.000000000000000, 0.436268798895052, 0.899816389665508 ) );
#4833 = DIRECTION( '', ( 0.000000000000000, -0.899816389665508, 0.436268798895052 ) );
#4834 = DIRECTION( '', ( -8.86893531375825E-017, -0.899816389665508, 0.436268798895051 ) );
#4835 = DIRECTION( '', ( 1.00000000000000, 0.000000000000000, 0.000000000000000 ) );
#4836 = DIRECTION( '', ( -8.86893531375825E-017, 0.899816389665508, -0.436268798895051 ) );
#4837 = CARTESIAN_POINT( '', ( -0.750000000000000, 2.78278296228789, 0.621283893312707 ) );
#4838 = DIRECTION( '', ( 0.000000000000000, 0.436268798895052, 0.899816389665508 ) );
#4839 = DIRECTION( '', ( 0.000000000000000, -0.899816389665508, 0.436268798895052 ) );
#4840 = DIRECTION( '', ( 0.000000000000000, -0.691584512246714, -0.722295550602712 ) );
#4841 = DIRECTION( '', ( 0.000000000000000, -0.691584512246714, -0.722295550602712 ) );
#4842 = DIRECTION( '', ( 1.00000000000000, 0.000000000000000, 0.000000000000000 ) );
#4843 = DIRECTION( '', ( 0.000000000000000, 0.997970838984864, -0.0636726356910638 ) );
#4844 = DIRECTION( '', ( 1.00000000000000, 0.000000000000000, 0.000000000000000 ) );
#4845 = DIRECTION( '', ( 0.000000000000000, 0.997970838984864, -0.0636726356910638 ) );
#4846 = DIRECTION( '', ( 1.00000000000000, 0.000000000000000, 0.000000000000000 ) );
#4847 = DIRECTION( '', ( 0.000000000000000, 1.00000000000000, 1.15648231731787E-016 ) );
#4848 = DIRECTION( '', ( 0.000000000000000, 1.15648231731787E-016, -1.00000000000000 ) );
#4849 = DIRECTION( '', ( 0.000000000000000, 1.00000000000000, 1.15648231731787E-016 ) );
#4850 = DIRECTION( '', ( 0.000000000000000, 1.15648231731787E-016, -1.00000000000000 ) );
#4851 = DIRECTION( '', ( 1.00000000000000, 0.000000000000000, 0.000000000000000 ) );
#4852 = DIRECTION( '', ( 0.000000000000000, -3.46944695195362E-016, 1.00000000000000 ) );
#4853 = DIRECTION( '', ( 0.000000000000000, -3.46944695195362E-016, 1.00000000000000 ) );
#4854 = DIRECTION( '', ( 0.000000000000000, 1.00000000000000, 3.46944695195362E-016 ) );
#4855 = DIRECTION( '', ( -0.992277876713668, 0.124034734589208, 4.30331931856904E-017 ) );
#4856 = DIRECTION( '', ( 0.000000000000000, -1.00000000000000, -3.46944695195362E-016 ) );
#4857 = DIRECTION( '', ( 0.992277876713668, 0.124034734589203, 4.30331931856887E-017 ) );
#4858 = DIRECTION( '', ( 0.000000000000000, -1.00000000000000, -3.46944695195362E-016 ) );
#4859 = DIRECTION( '', ( 0.000000000000000, -3.46944695195362E-016, 1.00000000000000 ) );
#4860 = DIRECTION( '', ( 0.000000000000000, -3.46944695195362E-016, 1.00000000000000 ) );
#4861 = DIRECTION( '', ( 0.000000000000000, 1.30104260698261E-016, -1.00000000000000 ) );
#4862 = DIRECTION( '', ( 0.000000000000000, -1.00000000000000, -1.30104260698261E-016 ) );
#4863 = DIRECTION( '', ( 0.000000000000000, 1.30104260698261E-016, -1.00000000000000 ) );
#4864 = DIRECTION( '', ( 0.000000000000000, -1.00000000000000, -1.30104260698261E-016 ) );
#4865 = DIRECTION( '', ( -4.30003254136051E-017, -0.436268798895051, -0.899816389665508 ) );
#4866 = DIRECTION( '', ( -8.86893531375825E-017, -0.899816389665508, 0.436268798895051 ) );
#4867 = CARTESIAN_POINT( '', ( 0.950000000000000, 1.95000000000000, 0.278945044238219 ) );
#4868 = DIRECTION( '', ( -1.00000000000000, 9.85638338623186E-017, 0.000000000000000 ) );
#4869 = DIRECTION( '', ( -9.85638338623186E-017, -1.00000000000000, 0.000000000000000 ) );
#4870 = DIRECTION( '', ( 0.000000000000000, 0.000000000000000, 1.00000000000000 ) );
#4871 = CARTESIAN_POINT( '', ( 0.950000000000000, 1.95000000000000, 0.278945044238219 ) );
#4872 = DIRECTION( '', ( -1.00000000000000, 9.85638338623186E-017, 0.000000000000000 ) );
#4873 = DIRECTION( '', ( -9.85638338623186E-017, -1.00000000000000, 0.000000000000000 ) );
#4874 = DIRECTION( '', ( 1.00000000000000, 0.000000000000000, 0.000000000000000 ) );
#4875 = CARTESIAN_POINT( '', ( 0.950000000000000, -1.95000000000000, -0.850304374152270 ) );
#4876 = DIRECTION( '', ( -1.00000000000000, 0.000000000000000, 0.000000000000000 ) );
#4877 = DIRECTION( '', ( 0.000000000000000, 0.000000000000000, 1.00000000000000 ) );
#4878 = CARTESIAN_POINT( '', ( -0.950000000000000, -1.95000000000000, -0.850304374152270 ) );
#4879 = DIRECTION( '', ( -1.00000000000000, 0.000000000000000, 0.000000000000000 ) );
#4880 = DIRECTION( '', ( 0.000000000000000, 0.000000000000000, 1.00000000000000 ) );
#4881 = CARTESIAN_POINT( '', ( 0.000000000000000, 0.000000000000000, -4.55000000000000 ) );
#4882 = DIRECTION( '', ( 0.000000000000000, 0.000000000000000, 1.00000000000000 ) );
#4883 = DIRECTION( '', ( 1.00000000000000, 0.000000000000000, 0.000000000000000 ) );
#4884 = DIRECTION( '', ( 0.687277805616929, 0.000000000000000, -0.726394670896187 ) );
#4885 = DIRECTION( '', ( 0.000000000000000, -1.00000000000000, 0.000000000000000 ) );
#4886 = DIRECTION( '', ( 0.687277805616929, 0.000000000000000, -0.726394670896187 ) );
#4887 = DIRECTION( '', ( 0.000000000000000, -1.00000000000000, 0.000000000000000 ) );
#4888 = DIRECTION( '', ( 0.992277876713667, 0.124034734589211, 1.43443977285638E-017 ) );
#4889 = DIRECTION( '', ( 0.000000000000000, 1.15648231731787E-016, -1.00000000000000 ) );
#4890 = DIRECTION( '', ( 0.992277876713667, 0.124034734589211, 1.43443977285638E-017 ) );
#4891 = DIRECTION( '', ( 0.000000000000000, 1.15648231731787E-016, -1.00000000000000 ) );
#4892 = DIRECTION( '', ( 0.000000000000000, -1.30104260698261E-016, 1.00000000000000 ) );
#4893 = DIRECTION( '', ( 1.00000000000000, 0.000000000000000, 0.000000000000000 ) );
#4894 = DIRECTION( '', ( 0.000000000000000, -1.30104260698261E-016, 1.00000000000000 ) );
#4895 = DIRECTION( '', ( -1.00000000000000, 0.000000000000000, 0.000000000000000 ) );
#4896 = CARTESIAN_POINT( '', ( -0.750000000000000, 2.87003672206690, 0.801247171245809 ) );
#4897 = DIRECTION( '', ( 0.000000000000000, 0.436268798895052, 0.899816389665508 ) );
#4898 = DIRECTION( '', ( 0.000000000000000, -0.899816389665508, 0.436268798895052 ) );
#4899 = DIRECTION( '', ( 4.30003254136051E-017, -0.436268798895051, -0.899816389665508 ) );
#4900 = DIRECTION( '', ( -4.30003254136051E-017, 0.436268798895051, 0.899816389665508 ) );
#4901 = DIRECTION( '', ( 1.00000000000000, 0.000000000000000, 0.000000000000000 ) );
#4902 = DIRECTION( '', ( 0.687277805616929, 0.000000000000000, -0.726394670896186 ) );
#4903 = DIRECTION( '', ( 0.000000000000000, 0.000000000000000, -1.00000000000000 ) );
#4904 = DIRECTION( '', ( -0.687277805616929, 0.000000000000000, -0.726394670896186 ) );
#4905 = DIRECTION( '', ( 0.000000000000000, 0.000000000000000, -1.00000000000000 ) );
#4906 = DIRECTION( '', ( 0.000000000000000, 0.000000000000000, -1.00000000000000 ) );
#4907 = DIRECTION( '', ( 0.000000000000000, 0.000000000000000, -1.00000000000000 ) );
#4908 = DIRECTION( '', ( -0.687277805616929, 0.000000000000000, -0.726394670896187 ) );
#4909 = DIRECTION( '', ( 0.000000000000000, 1.15648231731787E-016, -1.00000000000000 ) );
#4910 = CARTESIAN_POINT( '', ( -2.50000000000000, -0.450000000000000, -4.95000000000000 ) );
#4911 = DIRECTION( '', ( 0.000000000000000, -1.15648231731787E-016, 1.00000000000000 ) );
#4912 = DIRECTION( '', ( 1.00000000000000, 0.000000000000000, 0.000000000000000 ) );
#4913 = DIRECTION( '', ( 0.000000000000000, 1.15648231731787E-016, -1.00000000000000 ) );
#4914 = CARTESIAN_POINT( '', ( -2.50000000000000, -0.450000000000000, -4.10000000000000 ) );
#4915 = DIRECTION( '', ( 0.000000000000000, -1.30104260698261E-016, 1.00000000000000 ) );
#4916 = DIRECTION( '', ( 0.000000000000000, -1.00000000000000, -1.30104260698261E-016 ) );
#4917 = CARTESIAN_POINT( '', ( 0.950000000000000, 1.18949273542679, -0.599695625847730 ) );
#4918 = DIRECTION( '', ( 1.00000000000000, 0.000000000000000, 0.000000000000000 ) );
#4919 = DIRECTION( '', ( 0.000000000000000, 0.000000000000000, -1.00000000000000 ) );
#4920 = DIRECTION( '', ( 1.00000000000000, 0.000000000000000, 0.000000000000000 ) );
#4921 = CARTESIAN_POINT( '', ( -0.950000000000000, 1.18949273542679, -0.599695625847730 ) );
#4922 = DIRECTION( '', ( 1.00000000000000, 0.000000000000000, 0.000000000000000 ) );
#4923 = DIRECTION( '', ( 0.000000000000000, 0.000000000000000, -1.00000000000000 ) );
#4924 = DIRECTION( '', ( -0.992277876713668, -0.124034734589209, -1.43443977285635E-017 ) );
#4925 = DIRECTION( '', ( 0.000000000000000, 1.15648231731787E-016, -1.00000000000000 ) );
#4926 = DIRECTION( '', ( -0.992277876713668, -0.124034734589209, -1.43443977285635E-017 ) );
#4927 = DIRECTION( '', ( 3.46944695195362E-016, 1.30104260698261E-016, -1.00000000000000 ) );
#4928 = DIRECTION( '', ( -1.00000000000000, 0.000000000000000, 0.000000000000000 ) );
#4929 = DIRECTION( '', ( 0.000000000000000, 1.30104260698261E-016, -1.00000000000000 ) );
#4930 = DIRECTION( '', ( 1.00000000000000, 0.000000000000000, 0.000000000000000 ) );
#4931 = DIRECTION( '', ( 0.000000000000000, 1.15648231731787E-016, -1.00000000000000 ) );
#4932 = DIRECTION( '', ( -0.0527560093561339, 0.998607432115752, 1.15487183718407E-016 ) );
#4933 = DIRECTION( '', ( 0.000000000000000, 1.15648231731787E-016, -1.00000000000000 ) );
#4934 = DIRECTION( '', ( 0.0527560093561339, -0.998607432115752, -1.29923081683208E-016 ) );
#4935 = DIRECTION( '', ( 0.000000000000000, -1.00000000000000, 0.000000000000000 ) );
#4936 = DIRECTION( '', ( -0.687277805616929, 0.000000000000000, -0.726394670896187 ) );
#4937 = DIRECTION( '', ( 0.000000000000000, 1.00000000000000, 1.15648231731787E-016 ) );
#4938 = DIRECTION( '', ( 0.000000000000000, -1.00000000000000, -1.15648231731787E-016 ) );
#4939 = DIRECTION( '', ( -0.992277876713667, 0.124034734589210, 1.43443977285637E-017 ) );
#4940 = DIRECTION( '', ( 0.000000000000000, -1.00000000000000, -1.30104260698261E-016 ) );
#4941 = DIRECTION( '', ( 0.000000000000000, -1.30104260698261E-016, 1.00000000000000 ) );
#4942 = DIRECTION( '', ( 0.000000000000000, -1.00000000000000, -1.30104260698261E-016 ) );
#4943 = DIRECTION( '', ( 9.22725253179153E-017, 0.000000000000000, -1.00000000000000 ) );
#4944 = DIRECTION( '', ( 1.00000000000000, 0.000000000000000, 3.25260651745651E-016 ) );
#4945 = DIRECTION( '', ( -9.22725253179153E-017, 0.000000000000000, 1.00000000000000 ) );
#4946 = DIRECTION( '', ( -1.00000000000000, 0.000000000000000, -1.08420217248550E-016 ) );
#4947 = CARTESIAN_POINT( '', ( 0.000000000000000, -2.00000000000000, 0.000000000000000 ) );
#4948 = DIRECTION( '', ( -0.000000000000000, 1.00000000000000, 0.000000000000000 ) );
#4949 = DIRECTION( '', ( 1.00000000000000, 0.000000000000000, 0.000000000000000 ) );
#4950 = DIRECTION( '', ( -1.00000000000000, 0.000000000000000, 0.000000000000000 ) );
#4951 = DIRECTION( '', ( 0.000000000000000, -3.46944695195362E-016, 1.00000000000000 ) );
#4952 = DIRECTION( '', ( 0.000000000000000, -3.46944695195362E-016, 1.00000000000000 ) );
#4953 = DIRECTION( '', ( -0.992277876713668, 0.124034734589208, 4.30331931856904E-017 ) );
#4954 = DIRECTION( '', ( 0.000000000000000, -3.46944695195362E-016, 1.00000000000000 ) );
#4955 = DIRECTION( '', ( 0.992277876713668, -0.124034734589209, -1.43443977285635E-017 ) );
#4956 = DIRECTION( '', ( 0.992277876713668, -0.124034734589209, -1.43443977285635E-017 ) );
#4957 = DIRECTION( '', ( 0.000000000000000, 1.15648231731787E-016, -1.00000000000000 ) );
#4958 = DIRECTION( '', ( 1.00000000000000, 0.000000000000000, 0.000000000000000 ) );
#4959 = DIRECTION( '', ( 1.00000000000000, 0.000000000000000, 0.000000000000000 ) );
#4960 = DIRECTION( '', ( 0.000000000000000, 0.000000000000000, -1.00000000000000 ) );
#4961 = DIRECTION( '', ( -1.00000000000000, -1.21972744404619E-016, 0.000000000000000 ) );
#4962 = DIRECTION( '', ( 0.000000000000000, 0.000000000000000, -1.00000000000000 ) );
#4963 = CARTESIAN_POINT( '', ( -0.950000000000000, 1.95000000000000, 0.278945044238219 ) );
#4964 = DIRECTION( '', ( 1.00000000000000, 9.85638338623186E-017, 0.000000000000000 ) );
#4965 = DIRECTION( '', ( -9.85638338623186E-017, 1.00000000000000, 0.000000000000000 ) );
#4966 = DIRECTION( '', ( 1.00000000000000, 0.000000000000000, 0.000000000000000 ) );
#4967 = DIRECTION( '', ( 1.00000000000000, 0.000000000000000, 0.000000000000000 ) );
#4968 = DIRECTION( '', ( 0.000000000000000, -1.00000000000000, 0.000000000000000 ) );
#4969 = DIRECTION( '', ( 0.000000000000000, 0.000000000000000, 1.00000000000000 ) );
#4970 = DIRECTION( '', ( 0.000000000000000, 1.00000000000000, 0.000000000000000 ) );
#4971 = DIRECTION( '', ( 1.00000000000000, -2.82118644197349E-032, 2.16840434497101E-016 ) );
#4972 = DIRECTION( '', ( 1.00000000000000, -2.82118644197349E-032, 2.16840434497101E-016 ) );
#4973 = DIRECTION( '', ( -1.00000000000000, 2.82118644197349E-032, -2.16840434497101E-016 ) );
#4974 = DIRECTION( '', ( 3.46944695195362E-016, 1.30104260698261E-016, -1.00000000000000 ) );
#4975 = DIRECTION( '', ( 0.000000000000000, -1.30104260698261E-016, 1.00000000000000 ) );
#4976 = DIRECTION( '', ( 1.00000000000000, 0.000000000000000, 0.000000000000000 ) );
#4977 = DIRECTION( '', ( 0.000000000000000, -1.30104260698261E-016, 1.00000000000000 ) );
#4978 = DIRECTION( '', ( -1.00000000000000, 0.000000000000000, 0.000000000000000 ) );
#4979 = DIRECTION( '', ( 1.00000000000000, 0.000000000000000, 0.000000000000000 ) );
#4980 = CARTESIAN_POINT( '', ( -1.15000000000000, 1.15000000000000, 1.15030437415227 ) );
#4981 = DIRECTION( '', ( 0.000000000000000, 0.000000000000000, 1.00000000000000 ) );
#4982 = DIRECTION( '', ( 1.00000000000000, 0.000000000000000, 0.000000000000000 ) );
#4983 = DIRECTION( '', ( 1.00000000000000, 0.000000000000000, 0.000000000000000 ) );
#4984 = DIRECTION( '', ( 1.00000000000000, 0.000000000000000, 0.000000000000000 ) );
#4985 = DIRECTION( '', ( -1.00000000000000, 0.000000000000000, 0.000000000000000 ) );
#4986 = CARTESIAN_POINT( '', ( 1.15000000000000, -1.15000000000000, 1.15030437415227 ) );
#4987 = DIRECTION( '', ( 0.000000000000000, 0.000000000000000, 1.00000000000000 ) );
#4988 = DIRECTION( '', ( 1.00000000000000, 0.000000000000000, 0.000000000000000 ) );
#4989 = DIRECTION( '', ( 0.000000000000000, -1.00000000000000, 0.000000000000000 ) );
#4990 = CARTESIAN_POINT( '', ( 0.000000000000000, 0.000000000000000, 1.15030437415227 ) );
#4991 = DIRECTION( '', ( 0.000000000000000, 0.000000000000000, -1.00000000000000 ) );
#4992 = DIRECTION( '', ( 0.000000000000000, 1.00000000000000, 0.000000000000000 ) );
#4993 = CARTESIAN_POINT( '', ( 2.50000000000000, 2.75000000000000, 0.900000000000000 ) );
#4994 = DIRECTION( '', ( 0.000000000000000, 1.30104260698261E-016, -1.00000000000000 ) );
#4995 = DIRECTION( '', ( 0.000000000000000, 1.00000000000000, 1.30104260698261E-016 ) );
#4996 = CARTESIAN_POINT( '', ( 2.50000000000000, 2.75000000000000, 4.95000000000000 ) );
#4997 = DIRECTION( '', ( 0.000000000000000, 3.46944695195362E-016, -1.00000000000000 ) );
#4998 = DIRECTION( '', ( -1.00000000000000, 0.000000000000000, 0.000000000000000 ) );
#4999 = CARTESIAN_POINT( '', ( 2.50000000000000, 2.75000000000000, 4.25000000000000 ) );
#5000 = DIRECTION( '', ( 0.000000000000000, -0.941741911594837, -0.336336396998157 ) );
#5001 = DIRECTION( '', ( 0.000000000000000, -0.336336396998157, 0.941741911594837 ) );
#5002 = DIRECTION( '', ( 9.22725253179153E-017, 0.000000000000000, -1.00000000000000 ) );
#5003 = DIRECTION( '', ( -1.00000000000000, 0.000000000000000, -1.08420217248550E-016 ) );
#5004 = DIRECTION( '', ( -9.22725253179153E-017, 0.000000000000000, 1.00000000000000 ) );
#5005 = DIRECTION( '', ( 1.00000000000000, 0.000000000000000, 3.25260651745651E-016 ) );
#5006 = CARTESIAN_POINT( '', ( 0.000000000000000, 2.00000000000000, 0.000000000000000 ) );
#5007 = DIRECTION( '', ( 0.000000000000000, 1.00000000000000, 0.000000000000000 ) );
#5008 = DIRECTION( '', ( 0.000000000000000, 0.000000000000000, 1.00000000000000 ) );
#5009 = DIRECTION( '', ( -0.992277876713667, 0.124034734589210, 1.43443977285637E-017 ) );
#5010 = DIRECTION( '', ( 0.000000000000000, 1.15648231731787E-016, -1.00000000000000 ) );
#5011 = DIRECTION( '', ( 0.000000000000000, 1.15648231731787E-016, -1.00000000000000 ) );
#5012 = DIRECTION( '', ( 0.000000000000000, -1.00000000000000, -3.46944695195362E-016 ) );
#5013 = DIRECTION( '', ( -0.992277876713668, -0.124034734589204, -4.30331931856888E-017 ) );
#5014 = DIRECTION( '', ( 0.000000000000000, 1.00000000000000, 3.46944695195362E-016 ) );
#5015 = DIRECTION( '', ( 0.000000000000000, -1.00000000000000, -1.30104260698261E-016 ) );
#5016 = DIRECTION( '', ( 0.000000000000000, -1.00000000000000, -1.30104260698261E-016 ) );
#5017 = DIRECTION( '', ( 0.000000000000000, -1.00000000000000, 0.000000000000000 ) );
#5018 = DIRECTION( '', ( 0.687277805616929, 0.000000000000000, -0.726394670896186 ) );
#5019 = DIRECTION( '', ( 0.000000000000000, -1.00000000000000, 0.000000000000000 ) );
#5020 = DIRECTION( '', ( 0.000000000000000, 1.00000000000000, 0.000000000000000 ) );
#5021 = DIRECTION( '', ( 0.000000000000000, 1.00000000000000, 0.000000000000000 ) );
#5022 = DIRECTION( '', ( 0.000000000000000, -1.00000000000000, -1.15648231731787E-016 ) );
#5023 = CARTESIAN_POINT( '', ( -2.50000000000000, -0.450000000000006, 4.95000000000000 ) );
#5024 = DIRECTION( '', ( 0.000000000000000, 3.46944695195362E-016, -1.00000000000000 ) );
#5025 = DIRECTION( '', ( 1.00000000000000, 0.000000000000000, 0.000000000000000 ) );
#5026 = DIRECTION( '', ( 0.000000000000000, -1.00000000000000, -1.15648231731787E-016 ) );
#5027 = DIRECTION( '', ( 0.000000000000000, -1.00000000000000, -1.15648231731787E-016 ) );
#5028 = DIRECTION( '', ( 0.000000000000000, -1.00000000000000, -1.15648231731787E-016 ) );
#5029 = DIRECTION( '', ( -1.00000000000000, 0.000000000000000, 0.000000000000000 ) );
#5030 = CARTESIAN_POINT( '', ( 2.50000000000000, -0.450000000000000, -4.95000000000000 ) );
#5031 = DIRECTION( '', ( 0.000000000000000, -1.15648231731787E-016, 1.00000000000000 ) );
#5032 = DIRECTION( '', ( 1.00000000000000, 0.000000000000000, 0.000000000000000 ) );
#5033 = DIRECTION( '', ( -0.0527560093561339, -0.998607432115752, -1.15487183718407E-016 ) );
#5034 = DIRECTION( '', ( -1.00000000000000, 0.000000000000000, 0.000000000000000 ) );
#5035 = DIRECTION( '', ( -0.0527560093561339, 0.998607432115752, 1.15487183718407E-016 ) );
#5036 = DIRECTION( '', ( -0.0527560093561339, -0.998607432115752, -1.15487183718407E-016 ) );
#5037 = DIRECTION( '', ( -1.00000000000000, 0.000000000000000, 0.000000000000000 ) );
#5038 = DIRECTION( '', ( 0.000000000000000, -1.00000000000000, -1.15648231731787E-016 ) );
#5039 = DIRECTION( '', ( 0.000000000000000, -1.00000000000000, -1.15648231731787E-016 ) );
#5040 = DIRECTION( '', ( 0.000000000000000, 0.000000000000000, -1.00000000000000 ) );
#5041 = DIRECTION( '', ( 0.000000000000000, 0.000000000000000, -1.00000000000000 ) );
#5042 = CARTESIAN_POINT( '', ( -2.50000000000000, -0.450000000000000, 0.900000000000000 ) );
#5043 = DIRECTION( '', ( 0.000000000000000, 1.30104260698261E-016, -1.00000000000000 ) );
#5044 = DIRECTION( '', ( 0.000000000000000, 1.00000000000000, 1.30104260698261E-016 ) );
#5045 = DIRECTION( '', ( 1.00000000000000, -2.82118644197349E-032, 2.16840434497101E-016 ) );
#5046 = CARTESIAN_POINT( '', ( -2.50000000000000, 2.75000000000000, 0.900000000000000 ) );
#5047 = DIRECTION( '', ( 0.000000000000000, 1.30104260698261E-016, -1.00000000000000 ) );
#5048 = DIRECTION( '', ( 0.000000000000000, 1.00000000000000, 1.30104260698261E-016 ) );
#5049 = DIRECTION( '', ( 1.00000000000000, -2.82118644197349E-032, 2.16840434497101E-016 ) );
#5050 = DIRECTION( '', ( 0.000000000000000, -1.00000000000000, -1.30104260698261E-016 ) );
#5051 = DIRECTION( '', ( 1.00000000000000, 0.000000000000000, 0.000000000000000 ) );
#5052 = DIRECTION( '', ( 1.00000000000000, 0.000000000000000, 0.000000000000000 ) );
#5053 = DIRECTION( '', ( 0.000000000000000, -1.00000000000000, -1.30104260698261E-016 ) );
#5054 = DIRECTION( '', ( 0.000000000000000, -1.00000000000000, -1.30104260698261E-016 ) );
#5055 = DIRECTION( '', ( 0.000000000000000, -1.30104260698261E-016, 1.00000000000000 ) );
#5056 = DIRECTION( '', ( -1.00000000000000, 2.82118644197349E-032, -2.16840434497101E-016 ) );
#5057 = DIRECTION( '', ( 3.46944695195362E-016, 1.30104260698261E-016, -1.00000000000000 ) );
#5058 = DIRECTION( '', ( 0.000000000000000, 1.00000000000000, 0.000000000000000 ) );
#5059 = DIRECTION( '', ( 0.000000000000000, 1.00000000000000, 3.46944695195362E-016 ) );
#5060 = DIRECTION( '', ( -1.00000000000000, 0.000000000000000, 0.000000000000000 ) );
#5061 = DIRECTION( '', ( -1.00000000000000, 0.000000000000000, 0.000000000000000 ) );
#5062 = CARTESIAN_POINT( '', ( -2.50000000000000, 2.75000000000000, 4.95000000000000 ) );
#5063 = DIRECTION( '', ( 0.000000000000000, 3.46944695195362E-016, -1.00000000000000 ) );
#5064 = DIRECTION( '', ( -1.00000000000000, 0.000000000000000, 0.000000000000000 ) );
#5065 = DIRECTION( '', ( -1.00000000000000, 0.000000000000000, 0.000000000000000 ) );
#5066 = DIRECTION( '', ( 0.000000000000000, 1.00000000000000, 3.46944695195362E-016 ) );
#5067 = DIRECTION( '', ( 0.000000000000000, 1.00000000000000, 3.46944695195362E-016 ) );
#5068 = DIRECTION( '', ( -0.992277876713668, -0.124034734589204, -4.30331931856888E-017 ) );
#5069 = DIRECTION( '', ( 0.000000000000000, 1.00000000000000, 3.46944695195362E-016 ) );
#5070 = DIRECTION( '', ( 1.00000000000000, 0.000000000000000, 0.000000000000000 ) );
#5071 = DIRECTION( '', ( 0.000000000000000, 1.00000000000000, 3.46944695195362E-016 ) );
#5072 = DIRECTION( '', ( 0.992277876713668, 0.124034734589203, 4.30331931856887E-017 ) );
#5073 = CARTESIAN_POINT( '', ( 2.50000000000000, -0.450000000000000, 4.95000000000000 ) );
#5074 = DIRECTION( '', ( 0.000000000000000, 3.46944695195362E-016, -1.00000000000000 ) );
#5075 = DIRECTION( '', ( 1.00000000000000, 0.000000000000000, 0.000000000000000 ) );
#5076 = DIRECTION( '', ( 0.000000000000000, 1.00000000000000, 3.46944695195362E-016 ) );
#5077 = DIRECTION( '', ( 0.000000000000000, -1.00000000000000, -3.46944695195362E-016 ) );
#5078 = DIRECTION( '', ( 0.000000000000000, 1.00000000000000, 0.000000000000000 ) );
#5079 = DIRECTION( '', ( 0.000000000000000, 0.000000000000000, 1.00000000000000 ) );
#5080 = DIRECTION( '', ( 0.000000000000000, -1.00000000000000, -1.30104260698261E-016 ) );
#5081 = DIRECTION( '', ( -1.00000000000000, 0.000000000000000, 0.000000000000000 ) );
#5082 = DIRECTION( '', ( 0.0527560093561339, 0.998607432115752, 1.29923081683208E-016 ) );
#5083 = CARTESIAN_POINT( '', ( 2.50000000000000, -0.450000000000000, -4.10000000000000 ) );
#5084 = DIRECTION( '', ( 0.000000000000000, -1.30104260698261E-016, 1.00000000000000 ) );
#5085 = DIRECTION( '', ( 0.000000000000000, -1.00000000000000, -1.30104260698261E-016 ) );
#5086 = DIRECTION( '', ( -1.00000000000000, 0.000000000000000, 0.000000000000000 ) );
#5087 = DIRECTION( '', ( 0.000000000000000, -1.00000000000000, -1.30104260698261E-016 ) );
#5088 = DIRECTION( '', ( 0.000000000000000, -3.46944695195362E-016, 1.00000000000000 ) );
#5089 = DIRECTION( '', ( 0.000000000000000, -0.691584512246714, -0.722295550602712 ) );
#5090 = DIRECTION( '', ( 0.000000000000000, -0.691584512246714, -0.722295550602712 ) );
#5091 = DIRECTION( '', ( -8.86893531375825E-017, 0.899816389665508, -0.436268798895051 ) );
#5092 = CARTESIAN_POINT( '', ( -0.950000000000000, 1.95000000000000, 0.278945044238219 ) );
#5093 = DIRECTION( '', ( 1.00000000000000, 9.85638338623186E-017, 0.000000000000000 ) );
#5094 = DIRECTION( '', ( -9.85638338623186E-017, 1.00000000000000, 0.000000000000000 ) );
#5095 = DIRECTION( '', ( 0.000000000000000, 0.000000000000000, 1.00000000000000 ) );
#5096 = CARTESIAN_POINT( '', ( 0.950000000000000, -1.95000000000000, 0.850304374152270 ) );
#5097 = DIRECTION( '', ( -1.00000000000000, 0.000000000000000, 0.000000000000000 ) );
#5098 = DIRECTION( '', ( 0.000000000000000, 0.000000000000000, 1.00000000000000 ) );
#5099 = DIRECTION( '', ( 1.00000000000000, 0.000000000000000, 0.000000000000000 ) );
#5100 = DIRECTION( '', ( 0.000000000000000, 1.15648231731787E-016, -1.00000000000000 ) );
#5101 = DIRECTION( '', ( 0.000000000000000, 1.15648231731787E-016, -1.00000000000000 ) );
#5102 = CARTESIAN_POINT( '', ( 0.000000000000000, 0.000000000000000, 0.750000000000000 ) );
#5103 = DIRECTION( '', ( 0.000000000000000, 0.000000000000000, -1.00000000000000 ) );
#5104 = DIRECTION( '', ( -1.00000000000000, 0.000000000000000, 0.000000000000000 ) );
#5105 = CARTESIAN_POINT( '', ( 0.000000000000000, 0.000000000000000, 0.550000000000000 ) );
#5106 = DIRECTION( '', ( 0.000000000000000, 0.000000000000000, -1.00000000000000 ) );
#5107 = DIRECTION( '', ( -1.00000000000000, 0.000000000000000, 0.000000000000000 ) );
#5108 = DIRECTION( '', ( 0.000000000000000, -0.209529088730873, -0.977802414077410 ) );
#5109 = DIRECTION( '', ( -1.00000000000000, 0.000000000000000, 0.000000000000000 ) );
#5110 = DIRECTION( '', ( 0.000000000000000, 0.209529088730873, 0.977802414077410 ) );
#5111 = CARTESIAN_POINT( '', ( 2.50000000000000, -0.450000000000000, 0.900000000000000 ) );
#5112 = DIRECTION( '', ( 0.000000000000000, 1.30104260698261E-016, -1.00000000000000 ) );
#5113 = DIRECTION( '', ( 0.000000000000000, 1.00000000000000, 1.30104260698261E-016 ) );
#5114 = CARTESIAN_POINT( '', ( 2.50000000000000, -0.450000000000000, 1.20000000000000 ) );
#5115 = DIRECTION( '', ( 0.000000000000000, 3.46944695195362E-016, -1.00000000000000 ) );
#5116 = DIRECTION( '', ( 0.000000000000000, 1.00000000000000, 3.46944695195361E-016 ) );
#5117 = DIRECTION( '', ( 0.000000000000000, -3.46944695195362E-016, 1.00000000000000 ) );
#5118 = DIRECTION( '', ( 0.000000000000000, -0.336336396998157, 0.941741911594837 ) );
#5119 = DIRECTION( '', ( 0.000000000000000, -1.31418445149758E-016, 1.00000000000000 ) );
#5120 = DIRECTION( '', ( 0.000000000000000, 1.30104260698261E-016, -1.00000000000000 ) );
#5121 = DIRECTION( '', ( 0.000000000000000, -1.00000000000000, -1.30104260698261E-016 ) );
#5122 = DIRECTION( '', ( 0.000000000000000, 0.000000000000000, -1.00000000000000 ) );
#5123 = DIRECTION( '', ( 0.000000000000000, -1.00000000000000, 0.000000000000000 ) );
#5124 = DIRECTION( '', ( 1.00000000000000, 0.000000000000000, 0.000000000000000 ) );
#5125 = CARTESIAN_POINT( '', ( -2.50000000000000, 2.75000000000000, 4.25000000000000 ) );
#5126 = DIRECTION( '', ( 0.000000000000000, -0.941741911594837, -0.336336396998157 ) );
#5127 = DIRECTION( '', ( 0.000000000000000, -0.336336396998157, 0.941741911594837 ) );
#5128 = DIRECTION( '', ( 0.000000000000000, 1.15648231731787E-016, -1.00000000000000 ) );
#5129 = DIRECTION( '', ( 0.0527560093561339, 0.998607432115752, 1.29923081683208E-016 ) );
#5130 = CARTESIAN_POINT( '', ( 0.000000000000000, 0.000000000000000, 0.550000000000000 ) );
#5131 = DIRECTION( '', ( 0.000000000000000, 0.000000000000000, -1.00000000000000 ) );
#5132 = DIRECTION( '', ( -1.00000000000000, 0.000000000000000, 0.000000000000000 ) );
#5133 = DIRECTION( '', ( 1.00000000000000, 0.000000000000000, 0.000000000000000 ) );
#5134 = CARTESIAN_POINT( '', ( 0.950000000000000, -1.95000000000000, 0.850304374152270 ) );
#5135 = DIRECTION( '', ( -1.00000000000000, 0.000000000000000, 0.000000000000000 ) );
#5136 = DIRECTION( '', ( 0.000000000000000, 0.000000000000000, 1.00000000000000 ) );
#5137 = CARTESIAN_POINT( '', ( 1.15000000000000, -1.15000000000000, 0.950304374152270 ) );
#5138 = DIRECTION( '', ( 0.000000000000000, 0.000000000000000, 1.00000000000000 ) );
#5139 = DIRECTION( '', ( 1.00000000000000, 0.000000000000000, 0.000000000000000 ) );
#5140 = DIRECTION( '', ( 0.000000000000000, 0.000000000000000, -1.00000000000000 ) );
#5141 = DIRECTION( '', ( 1.00000000000000, 0.000000000000000, 0.000000000000000 ) );
#5142 = DIRECTION( '', ( 0.000000000000000, 0.000000000000000, 1.00000000000000 ) );
#5143 = DIRECTION( '', ( 3.46944695195362E-016, 1.30104260698261E-016, -1.00000000000000 ) );
#5144 = DIRECTION( '', ( 0.000000000000000, -1.00000000000000, -1.30104260698261E-016 ) );
#5145 = CARTESIAN_POINT( '', ( 0.000000000000000, 0.000000000000000, 0.950304374152271 ) );
#5146 = DIRECTION( '', ( 0.000000000000000, 0.000000000000000, 1.00000000000000 ) );
#5147 = DIRECTION( '', ( 1.00000000000000, 0.000000000000000, 0.000000000000000 ) );
#5148 = CARTESIAN_POINT( '', ( -0.950000000000000, 1.18949273542679, -0.599695625847730 ) );
#5149 = DIRECTION( '', ( 1.00000000000000, 0.000000000000000, 0.000000000000000 ) );
#5150 = DIRECTION( '', ( 0.000000000000000, 0.000000000000000, -1.00000000000000 ) );
#5151 = DIRECTION( '', ( 0.000000000000000, 0.997970838984864, -0.0636726356910638 ) );
#5152 = CARTESIAN_POINT( '', ( -0.950000000000000, -1.95000000000000, -0.850304374152270 ) );
#5153 = DIRECTION( '', ( -1.00000000000000, 0.000000000000000, 0.000000000000000 ) );
#5154 = DIRECTION( '', ( 0.000000000000000, 0.000000000000000, 1.00000000000000 ) );
#5155 = DIRECTION( '', ( 0.000000000000000, 0.000000000000000, -1.00000000000000 ) );
#5156 = CARTESIAN_POINT( '', ( -1.15000000000000, 1.15000000000000, 0.950304374152271 ) );
#5157 = DIRECTION( '', ( 0.000000000000000, 0.000000000000000, 1.00000000000000 ) );
#5158 = DIRECTION( '', ( 1.00000000000000, 0.000000000000000, 0.000000000000000 ) );
#5159 = DIRECTION( '', ( 0.000000000000000, -1.30104260698261E-016, 1.00000000000000 ) );
#5160 = DIRECTION( '', ( 0.000000000000000, -1.00000000000000, -1.30104260698261E-016 ) );
#5161 = DIRECTION( '', ( 1.00000000000000, 0.000000000000000, 0.000000000000000 ) );
#5162 = DIRECTION( '', ( 1.00000000000000, 0.000000000000000, 0.000000000000000 ) );
#5163 = DIRECTION( '', ( 0.000000000000000, -3.46944695195362E-016, 1.00000000000000 ) );
#5164 = CARTESIAN_POINT( '', ( 0.950000000000000, -1.95000000000000, -0.850304374152270 ) );
#5165 = DIRECTION( '', ( -1.00000000000000, 0.000000000000000, 0.000000000000000 ) );
#5166 = DIRECTION( '', ( 0.000000000000000, 0.000000000000000, 1.00000000000000 ) );
#5167 = DIRECTION( '', ( 1.00000000000000, 0.000000000000000, 0.000000000000000 ) );
#5168 = DIRECTION( '', ( 1.00000000000000, 0.000000000000000, 0.000000000000000 ) );
#5169 = DIRECTION( '', ( 0.000000000000000, 0.000000000000000, -1.00000000000000 ) );
#5170 = DIRECTION( '', ( -1.00000000000000, 0.000000000000000, 0.000000000000000 ) );
#5171 = DIRECTION( '', ( 0.000000000000000, -1.30104260698261E-016, 1.00000000000000 ) );
#5172 = DIRECTION( '', ( -1.00000000000000, 0.000000000000000, 0.000000000000000 ) );
#5173 = DIRECTION( '', ( 0.000000000000000, 1.15648231731787E-016, -1.00000000000000 ) );
#5174 = DIRECTION( '', ( 1.00000000000000, 0.000000000000000, 0.000000000000000 ) );
#5175 = DIRECTION( '', ( 0.000000000000000, -1.31418445149758E-016, 1.00000000000000 ) );
#5176 = CARTESIAN_POINT( '', ( 0.950000000000000, 1.18949273542679, -0.599695625847730 ) );
#5177 = DIRECTION( '', ( 1.00000000000000, 0.000000000000000, 0.000000000000000 ) );
#5178 = DIRECTION( '', ( 0.000000000000000, 0.000000000000000, -1.00000000000000 ) );
#5179 = DIRECTION( '', ( 1.00000000000000, 0.000000000000000, 0.000000000000000 ) );
#5180 = DIRECTION( '', ( 0.000000000000000, 0.336336396998157, -0.941741911594837 ) );
#5181 = DIRECTION( '', ( 4.30003254136051E-017, 0.436268798895051, 0.899816389665508 ) );
#5182 = CARTESIAN_POINT( '', ( 0.750000000000000, 2.87003672206690, 0.801247171245809 ) );
#5183 = DIRECTION( '', ( 0.000000000000000, 0.436268798895052, 0.899816389665508 ) );
#5184 = DIRECTION( '', ( 0.000000000000000, -0.899816389665508, 0.436268798895052 ) );
#5185 = CARTESIAN_POINT( '', ( 2.54787510534093E-016, 0.000000000000000, -2.35000000000000 ) );
#5186 = DIRECTION( '', ( 1.08420217248550E-016, 0.000000000000000, -1.00000000000000 ) );
#5187 = DIRECTION( '', ( -1.00000000000000, 0.000000000000000, -1.08420217248550E-016 ) );
#5188 = CARTESIAN_POINT( '', ( 2.50000000000000, -0.450000000000000, 1.20000000000000 ) );
#5189 = DIRECTION( '', ( 0.000000000000000, 3.46944695195362E-016, -1.00000000000000 ) );
#5190 = DIRECTION( '', ( 1.00000000000000, 0.000000000000000, 0.000000000000000 ) );
#5191 = DIRECTION( '', ( 0.000000000000000, -1.00000000000000, -1.30104260698261E-016 ) );
#5192 = DIRECTION( '', ( 0.000000000000000, -1.00000000000000, -1.30104260698261E-016 ) );
#5193 = DIRECTION( '', ( 0.0527560093561339, -0.998607432115752, -1.29923081683208E-016 ) );
#5194 = DIRECTION( '', ( -1.00000000000000, 0.000000000000000, 0.000000000000000 ) );
#5195 = DIRECTION( '', ( 1.00000000000000, 0.000000000000000, 0.000000000000000 ) );
#5196 = DIRECTION( '', ( 0.000000000000000, 1.00000000000000, 0.000000000000000 ) );
#5197 = DIRECTION( '', ( 0.000000000000000, 0.997970838984864, -0.0636726356910638 ) );
#5198 = DIRECTION( '', ( 0.000000000000000, -1.00000000000000, 0.000000000000000 ) );
#5199 = DIRECTION( '', ( 0.000000000000000, 0.000000000000000, -1.00000000000000 ) );
#5200 = DIRECTION( '', ( -0.687277805616929, 0.000000000000000, -0.726394670896186 ) );
#5201 = DIRECTION( '', ( 0.000000000000000, 0.000000000000000, -1.00000000000000 ) );
ENDSEC;
END-ISO-10303-21;
