ISO-10303-21;
HEADER;
/* Generated by software containing ST-Developer
 * from STEP Tools, Inc. (www.steptools.com) 
 */

FILE_DESCRIPTION(
/* description */ (''),
/* implementation_level */ '2;1');

FILE_NAME(
/* name */ 
'C:\\Users\\thall\\Desktop\\3D\\B6B-XH-A(LF)(SN)\\B6B-XH-A(LF)(SN).stp',

/* time_stamp */ '2021-05-06T17:01:40+03:00',
/* author */ ('thall'),
/* organization */ (''),
/* preprocessor_version */ 'ST-DEVELOPER v18.1',
/* originating_system */ 'Autodesk Inventor 2021',
/* authorisation */ '');

FILE_SCHEMA (('AUTOMOTIVE_DESIGN { 1 0 10303 214 3 1 1 }'));
ENDSEC;

DATA;
#10=MECHANICAL_DESIGN_GEOMETRIC_PRESENTATION_REPRESENTATION('',(#943,#944,
#945,#946,#947,#948,#949,#950,#951,#952,#953,#954,#955,#956,#957,#958,#959,
#960,#961,#962,#963,#964,#965,#966,#967,#968,#969,#970,#971,#972,#973,#974,
#975,#976,#977,#978,#979,#980,#981,#982,#983,#984),#18059);
#11=ITEM_DEFINED_TRANSFORMATION($,$,#10021,#11111);
#12=ITEM_DEFINED_TRANSFORMATION($,$,#10998,#11112);
#13=ITEM_DEFINED_TRANSFORMATION($,$,#11083,#11113);
#14=(
REPRESENTATION_RELATIONSHIP($,$,#18076,#18075)
REPRESENTATION_RELATIONSHIP_WITH_TRANSFORMATION(#11)
SHAPE_REPRESENTATION_RELATIONSHIP()
);
#15=(
REPRESENTATION_RELATIONSHIP($,$,#18077,#18075)
REPRESENTATION_RELATIONSHIP_WITH_TRANSFORMATION(#12)
SHAPE_REPRESENTATION_RELATIONSHIP()
);
#16=(
REPRESENTATION_RELATIONSHIP($,$,#18078,#18075)
REPRESENTATION_RELATIONSHIP_WITH_TRANSFORMATION(#13)
SHAPE_REPRESENTATION_RELATIONSHIP()
);
#17=CONTEXT_DEPENDENT_SHAPE_REPRESENTATION(#14,#18072);
#18=CONTEXT_DEPENDENT_SHAPE_REPRESENTATION(#15,#18073);
#19=CONTEXT_DEPENDENT_SHAPE_REPRESENTATION(#16,#18074);
#20=NEXT_ASSEMBLY_USAGE_OCCURRENCE('Package:1','Package:1','Package:1',
#18080,#18081,'Package:1');
#21=NEXT_ASSEMBLY_USAGE_OCCURRENCE('Pins:1','Pins:1','Pins:1',#18080,#18082,
'Pins:1');
#22=NEXT_ASSEMBLY_USAGE_OCCURRENCE('Logo:1','Logo:1','Logo:1',#18080,#18083,
'Logo:1');
#23=ELLIPSE('',#11090,0.223023562292556,0.179990671133858);
#24=ELLIPSE('',#11091,0.223023562292556,0.179990671133858);
#25=ELLIPSE('',#11094,0.285318609639768,0.204056805137107);
#26=ELLIPSE('',#11095,0.285318609639768,0.204056805137107);
#27=ELLIPSE('',#11098,0.391813918991942,0.216277708105303);
#28=ELLIPSE('',#11099,0.391813918991942,0.216277708105303);
#29=SHAPE_REPRESENTATION_RELATIONSHIP('SRR','None',#18076,#32);
#30=SHAPE_REPRESENTATION_RELATIONSHIP('SRR','None',#18077,#33);
#31=SHAPE_REPRESENTATION_RELATIONSHIP('SRR','None',#18078,#34);
#32=ADVANCED_BREP_SHAPE_REPRESENTATION('',(#35),#18056);
#33=ADVANCED_BREP_SHAPE_REPRESENTATION('',(#36,#37,#38,#39,#40,#41),#18057);
#34=ADVANCED_BREP_SHAPE_REPRESENTATION('',(#42,#43,#44),#18058);
#35=MANIFOLD_SOLID_BREP('\X2\04220432043504400434043E0435\X0\ \X2\04420435043B043E\X0\1',
#9916);
#36=MANIFOLD_SOLID_BREP('\X2\04220432043504400434043E0435\X0\ \X2\04420435043B043E\X0\1',
#9917);
#37=MANIFOLD_SOLID_BREP('\X2\04220432043504400434043E0435\X0\ \X2\04420435043B043E\X0\1',
#9918);
#38=MANIFOLD_SOLID_BREP('\X2\04220432043504400434043E0435\X0\ \X2\04420435043B043E\X0\1',
#9919);
#39=MANIFOLD_SOLID_BREP('\X2\04220432043504400434043E0435\X0\ \X2\04420435043B043E\X0\1',
#9920);
#40=MANIFOLD_SOLID_BREP('\X2\04220432043504400434043E0435\X0\ \X2\04420435043B043E\X0\1',
#9921);
#41=MANIFOLD_SOLID_BREP('\X2\04220432043504400434043E0435\X0\ \X2\04420435043B043E\X0\1',
#9922);
#42=MANIFOLD_SOLID_BREP('\X2\04220432043504400434043E0435\X0\ \X2\04420435043B043E\X0\1',
#9923);
#43=MANIFOLD_SOLID_BREP('\X2\04220432043504400434043E0435\X0\ \X2\04420435043B043E\X0\2',
#9924);
#44=MANIFOLD_SOLID_BREP('\X2\04220432043504400434043E0435\X0\ \X2\04420435043B043E\X0\3',
#9925);
#45=CYLINDRICAL_SURFACE('',#10057,0.1);
#46=CYLINDRICAL_SURFACE('',#10063,0.1);
#47=CYLINDRICAL_SURFACE('',#10069,0.1);
#48=CYLINDRICAL_SURFACE('',#10078,0.1);
#49=CYLINDRICAL_SURFACE('',#10083,0.1);
#50=CYLINDRICAL_SURFACE('',#10084,0.1);
#51=CYLINDRICAL_SURFACE('',#10085,0.1);
#52=CYLINDRICAL_SURFACE('',#10086,0.1);
#53=CYLINDRICAL_SURFACE('',#10088,0.1);
#54=CYLINDRICAL_SURFACE('',#10089,0.1);
#55=CYLINDRICAL_SURFACE('',#10094,0.1);
#56=CYLINDRICAL_SURFACE('',#10098,0.1);
#57=CYLINDRICAL_SURFACE('',#10100,0.1);
#58=CYLINDRICAL_SURFACE('',#10103,0.1);
#59=CYLINDRICAL_SURFACE('',#10105,0.1);
#60=CYLINDRICAL_SURFACE('',#10180,0.1);
#61=CYLINDRICAL_SURFACE('',#10211,0.1);
#62=CYLINDRICAL_SURFACE('',#10217,0.1);
#63=CYLINDRICAL_SURFACE('',#10218,0.1);
#64=CYLINDRICAL_SURFACE('',#10232,0.1);
#65=CYLINDRICAL_SURFACE('',#10242,0.1);
#66=CYLINDRICAL_SURFACE('',#10248,0.1);
#67=CYLINDRICAL_SURFACE('',#10249,0.1);
#68=CYLINDRICAL_SURFACE('',#10254,0.1);
#69=CYLINDRICAL_SURFACE('',#10255,0.1);
#70=CYLINDRICAL_SURFACE('',#10270,0.1);
#71=CYLINDRICAL_SURFACE('',#10297,0.1);
#72=CYLINDRICAL_SURFACE('',#10332,0.1);
#73=CYLINDRICAL_SURFACE('',#10363,0.1);
#74=CYLINDRICAL_SURFACE('',#10369,0.1);
#75=CYLINDRICAL_SURFACE('',#10370,0.1);
#76=CYLINDRICAL_SURFACE('',#10384,0.1);
#77=CYLINDRICAL_SURFACE('',#10398,0.1);
#78=CYLINDRICAL_SURFACE('',#10404,0.1);
#79=CYLINDRICAL_SURFACE('',#10405,0.1);
#80=CYLINDRICAL_SURFACE('',#10410,0.1);
#81=CYLINDRICAL_SURFACE('',#10411,0.1);
#82=CYLINDRICAL_SURFACE('',#10426,0.1);
#83=CYLINDRICAL_SURFACE('',#10435,0.1);
#84=CYLINDRICAL_SURFACE('',#10440,0.1);
#85=CYLINDRICAL_SURFACE('',#10451,0.1);
#86=CYLINDRICAL_SURFACE('',#10457,0.1);
#87=CYLINDRICAL_SURFACE('',#10462,0.1);
#88=CYLINDRICAL_SURFACE('',#10485,0.1);
#89=CYLINDRICAL_SURFACE('',#10516,0.1);
#90=CYLINDRICAL_SURFACE('',#10517,0.1);
#91=CYLINDRICAL_SURFACE('',#10522,0.1);
#92=CYLINDRICAL_SURFACE('',#10540,0.1);
#93=CYLINDRICAL_SURFACE('',#10571,0.1);
#94=CYLINDRICAL_SURFACE('',#10572,0.1);
#95=CYLINDRICAL_SURFACE('',#10577,0.1);
#96=CYLINDRICAL_SURFACE('',#10582,0.1);
#97=CYLINDRICAL_SURFACE('',#10587,0.1);
#98=CYLINDRICAL_SURFACE('',#10597,0.1);
#99=CYLINDRICAL_SURFACE('',#10598,0.1);
#100=CYLINDRICAL_SURFACE('',#10612,0.1);
#101=CYLINDRICAL_SURFACE('',#10617,0.1);
#102=CYLINDRICAL_SURFACE('',#10631,0.1);
#103=CYLINDRICAL_SURFACE('',#10636,0.1);
#104=CYLINDRICAL_SURFACE('',#10641,0.1);
#105=CYLINDRICAL_SURFACE('',#10646,0.1);
#106=CYLINDRICAL_SURFACE('',#10652,0.1);
#107=CYLINDRICAL_SURFACE('',#10653,0.1);
#108=CYLINDRICAL_SURFACE('',#10658,0.1);
#109=CYLINDRICAL_SURFACE('',#10659,0.1);
#110=CYLINDRICAL_SURFACE('',#10674,0.1);
#111=CYLINDRICAL_SURFACE('',#10680,0.1);
#112=CYLINDRICAL_SURFACE('',#10697,0.1);
#113=CYLINDRICAL_SURFACE('',#10710,0.1);
#114=CYLINDRICAL_SURFACE('',#10719,0.1);
#115=CYLINDRICAL_SURFACE('',#10724,0.1);
#116=CYLINDRICAL_SURFACE('',#10729,0.1);
#117=CYLINDRICAL_SURFACE('',#10730,0.1);
#118=CYLINDRICAL_SURFACE('',#10735,0.1);
#119=CYLINDRICAL_SURFACE('',#10744,0.1);
#120=CYLINDRICAL_SURFACE('',#10745,0.1);
#121=CYLINDRICAL_SURFACE('',#10754,0.1);
#122=CYLINDRICAL_SURFACE('',#10760,0.1);
#123=CYLINDRICAL_SURFACE('',#10767,0.1);
#124=CYLINDRICAL_SURFACE('',#10768,0.1);
#125=CYLINDRICAL_SURFACE('',#10769,0.1);
#126=CYLINDRICAL_SURFACE('',#10770,0.1);
#127=CYLINDRICAL_SURFACE('',#10771,0.1);
#128=CYLINDRICAL_SURFACE('',#10772,0.1);
#129=CYLINDRICAL_SURFACE('',#10773,0.1);
#130=CYLINDRICAL_SURFACE('',#10774,0.1);
#131=CYLINDRICAL_SURFACE('',#10775,0.1);
#132=CYLINDRICAL_SURFACE('',#10776,0.1);
#133=CYLINDRICAL_SURFACE('',#10777,0.1);
#134=CYLINDRICAL_SURFACE('',#10781,0.1);
#135=CYLINDRICAL_SURFACE('',#10782,0.1);
#136=CYLINDRICAL_SURFACE('',#10783,0.1);
#137=CYLINDRICAL_SURFACE('',#10784,0.1);
#138=CYLINDRICAL_SURFACE('',#10785,0.1);
#139=CYLINDRICAL_SURFACE('',#10788,0.1);
#140=CYLINDRICAL_SURFACE('',#10789,0.1);
#141=CYLINDRICAL_SURFACE('',#10790,0.1);
#142=CYLINDRICAL_SURFACE('',#10796,0.1);
#143=CYLINDRICAL_SURFACE('',#10797,0.1);
#144=CYLINDRICAL_SURFACE('',#10798,0.1);
#145=CYLINDRICAL_SURFACE('',#10799,0.1);
#146=CYLINDRICAL_SURFACE('',#10800,0.1);
#147=CYLINDRICAL_SURFACE('',#10801,0.1);
#148=CYLINDRICAL_SURFACE('',#10806,0.1);
#149=CYLINDRICAL_SURFACE('',#10807,0.1);
#150=CYLINDRICAL_SURFACE('',#10808,0.1);
#151=CYLINDRICAL_SURFACE('',#10809,0.1);
#152=CYLINDRICAL_SURFACE('',#10810,0.1);
#153=CYLINDRICAL_SURFACE('',#10811,0.1);
#154=CYLINDRICAL_SURFACE('',#10812,0.1);
#155=CYLINDRICAL_SURFACE('',#10813,0.1);
#156=CYLINDRICAL_SURFACE('',#10814,0.1);
#157=CYLINDRICAL_SURFACE('',#10815,0.1);
#158=CYLINDRICAL_SURFACE('',#10816,0.1);
#159=CYLINDRICAL_SURFACE('',#10817,0.1);
#160=CYLINDRICAL_SURFACE('',#10818,0.1);
#161=CYLINDRICAL_SURFACE('',#10819,0.1);
#162=CYLINDRICAL_SURFACE('',#10820,0.1);
#163=CYLINDRICAL_SURFACE('',#10821,0.1);
#164=CYLINDRICAL_SURFACE('',#10822,0.1);
#165=CYLINDRICAL_SURFACE('',#10823,0.1);
#166=CYLINDRICAL_SURFACE('',#10824,0.1);
#167=CYLINDRICAL_SURFACE('',#10825,0.1);
#168=CYLINDRICAL_SURFACE('',#10826,0.1);
#169=CYLINDRICAL_SURFACE('',#10827,0.1);
#170=CYLINDRICAL_SURFACE('',#10828,0.1);
#171=CYLINDRICAL_SURFACE('',#10829,0.1);
#172=CYLINDRICAL_SURFACE('',#10833,0.1);
#173=CYLINDRICAL_SURFACE('',#10836,0.1);
#174=CYLINDRICAL_SURFACE('',#10837,0.1);
#175=CYLINDRICAL_SURFACE('',#10838,0.1);
#176=CYLINDRICAL_SURFACE('',#10839,0.1);
#177=CYLINDRICAL_SURFACE('',#10840,0.1);
#178=CYLINDRICAL_SURFACE('',#10841,0.1);
#179=CYLINDRICAL_SURFACE('',#10842,0.1);
#180=CYLINDRICAL_SURFACE('',#10843,0.1);
#181=CYLINDRICAL_SURFACE('',#10844,0.1);
#182=CYLINDRICAL_SURFACE('',#10845,0.1);
#183=CYLINDRICAL_SURFACE('',#10846,0.1);
#184=CYLINDRICAL_SURFACE('',#10847,0.1);
#185=CYLINDRICAL_SURFACE('',#10848,0.1);
#186=CYLINDRICAL_SURFACE('',#10849,0.1);
#187=CYLINDRICAL_SURFACE('',#10850,0.1);
#188=CYLINDRICAL_SURFACE('',#10851,0.1);
#189=CYLINDRICAL_SURFACE('',#10852,0.1);
#190=CYLINDRICAL_SURFACE('',#10853,0.1);
#191=CYLINDRICAL_SURFACE('',#10854,0.1);
#192=CYLINDRICAL_SURFACE('',#10855,0.1);
#193=CYLINDRICAL_SURFACE('',#10856,0.1);
#194=CYLINDRICAL_SURFACE('',#10857,0.1);
#195=CYLINDRICAL_SURFACE('',#10858,0.1);
#196=CYLINDRICAL_SURFACE('',#10859,0.1);
#197=CYLINDRICAL_SURFACE('',#10860,0.1);
#198=CYLINDRICAL_SURFACE('',#10861,0.1);
#199=CYLINDRICAL_SURFACE('',#10862,0.1);
#200=CYLINDRICAL_SURFACE('',#10863,0.1);
#201=CYLINDRICAL_SURFACE('',#10864,0.1);
#202=CYLINDRICAL_SURFACE('',#10865,0.1);
#203=CYLINDRICAL_SURFACE('',#10866,0.1);
#204=CYLINDRICAL_SURFACE('',#10867,0.1);
#205=CYLINDRICAL_SURFACE('',#10868,0.1);
#206=CYLINDRICAL_SURFACE('',#10869,0.1);
#207=CYLINDRICAL_SURFACE('',#10870,0.1);
#208=CYLINDRICAL_SURFACE('',#10871,0.1);
#209=CYLINDRICAL_SURFACE('',#10872,0.1);
#210=CYLINDRICAL_SURFACE('',#10873,0.1);
#211=CYLINDRICAL_SURFACE('',#10874,0.1);
#212=CYLINDRICAL_SURFACE('',#10875,0.1);
#213=CYLINDRICAL_SURFACE('',#10876,0.1);
#214=CYLINDRICAL_SURFACE('',#10877,0.1);
#215=CYLINDRICAL_SURFACE('',#10878,0.1);
#216=CYLINDRICAL_SURFACE('',#10879,0.1);
#217=CYLINDRICAL_SURFACE('',#10880,0.1);
#218=CYLINDRICAL_SURFACE('',#10881,0.1);
#219=CYLINDRICAL_SURFACE('',#10882,0.1);
#220=CYLINDRICAL_SURFACE('',#10883,0.1);
#221=CYLINDRICAL_SURFACE('',#10884,0.1);
#222=CYLINDRICAL_SURFACE('',#10885,0.1);
#223=CYLINDRICAL_SURFACE('',#10886,0.1);
#224=CYLINDRICAL_SURFACE('',#10887,0.1);
#225=CYLINDRICAL_SURFACE('',#10888,0.1);
#226=CYLINDRICAL_SURFACE('',#10889,0.1);
#227=CYLINDRICAL_SURFACE('',#10890,0.1);
#228=CYLINDRICAL_SURFACE('',#10891,0.1);
#229=CYLINDRICAL_SURFACE('',#10892,0.1);
#230=CYLINDRICAL_SURFACE('',#10893,0.1);
#231=CYLINDRICAL_SURFACE('',#10894,0.1);
#232=CYLINDRICAL_SURFACE('',#10895,0.1);
#233=CYLINDRICAL_SURFACE('',#10896,0.1);
#234=CYLINDRICAL_SURFACE('',#10897,0.1);
#235=CYLINDRICAL_SURFACE('',#10898,0.1);
#236=CYLINDRICAL_SURFACE('',#10899,0.1);
#237=CYLINDRICAL_SURFACE('',#10900,0.1);
#238=CYLINDRICAL_SURFACE('',#10901,0.1);
#239=CYLINDRICAL_SURFACE('',#10902,0.1);
#240=CYLINDRICAL_SURFACE('',#10903,0.1);
#241=CYLINDRICAL_SURFACE('',#10904,0.1);
#242=CYLINDRICAL_SURFACE('',#10905,0.1);
#243=CYLINDRICAL_SURFACE('',#10906,0.1);
#244=CYLINDRICAL_SURFACE('',#10907,0.1);
#245=CYLINDRICAL_SURFACE('',#10908,0.1);
#246=CYLINDRICAL_SURFACE('',#10909,0.1);
#247=CYLINDRICAL_SURFACE('',#10910,0.1);
#248=CYLINDRICAL_SURFACE('',#10911,0.1);
#249=CYLINDRICAL_SURFACE('',#10912,0.1);
#250=CYLINDRICAL_SURFACE('',#10913,0.1);
#251=CYLINDRICAL_SURFACE('',#10914,0.1);
#252=CYLINDRICAL_SURFACE('',#10915,0.1);
#253=CYLINDRICAL_SURFACE('',#10916,0.1);
#254=CYLINDRICAL_SURFACE('',#10917,0.1);
#255=CYLINDRICAL_SURFACE('',#10918,0.1);
#256=CYLINDRICAL_SURFACE('',#10919,0.1);
#257=CYLINDRICAL_SURFACE('',#10920,0.1);
#258=CYLINDRICAL_SURFACE('',#10921,0.1);
#259=CYLINDRICAL_SURFACE('',#10923,0.8);
#260=CYLINDRICAL_SURFACE('',#10925,0.8);
#261=CYLINDRICAL_SURFACE('',#10928,0.8);
#262=CYLINDRICAL_SURFACE('',#10964,0.25);
#263=CYLINDRICAL_SURFACE('',#10971,0.25);
#264=CYLINDRICAL_SURFACE('',#10994,0.8);
#265=SPHERICAL_SURFACE('',#10053,0.1);
#266=SPHERICAL_SURFACE('',#10059,0.1);
#267=SPHERICAL_SURFACE('',#10071,0.1);
#268=SPHERICAL_SURFACE('',#10074,0.1);
#269=SPHERICAL_SURFACE('',#10079,0.1);
#270=SPHERICAL_SURFACE('',#10090,0.1);
#271=SPHERICAL_SURFACE('',#10119,0.1);
#272=SPHERICAL_SURFACE('',#10128,0.1);
#273=SPHERICAL_SURFACE('',#10142,0.1);
#274=SPHERICAL_SURFACE('',#10146,0.1);
#275=SPHERICAL_SURFACE('',#10159,0.1);
#276=SPHERICAL_SURFACE('',#10168,0.0999999999999999);
#277=SPHERICAL_SURFACE('',#10172,0.1);
#278=SPHERICAL_SURFACE('',#10176,0.1);
#279=SPHERICAL_SURFACE('',#10186,0.1);
#280=SPHERICAL_SURFACE('',#10195,0.1);
#281=SPHERICAL_SURFACE('',#10203,0.1);
#282=SPHERICAL_SURFACE('',#10219,0.1);
#283=SPHERICAL_SURFACE('',#10228,0.0999999999999998);
#284=SPHERICAL_SURFACE('',#10250,0.1);
#285=SPHERICAL_SURFACE('',#10266,0.1);
#286=SPHERICAL_SURFACE('',#10271,0.1);
#287=SPHERICAL_SURFACE('',#10275,0.1);
#288=SPHERICAL_SURFACE('',#10284,0.1);
#289=SPHERICAL_SURFACE('',#10293,0.1);
#290=SPHERICAL_SURFACE('',#10298,0.1);
#291=SPHERICAL_SURFACE('',#10307,0.1);
#292=SPHERICAL_SURFACE('',#10320,0.1);
#293=SPHERICAL_SURFACE('',#10324,0.1);
#294=SPHERICAL_SURFACE('',#10328,0.1);
#295=SPHERICAL_SURFACE('',#10333,0.1);
#296=SPHERICAL_SURFACE('',#10347,0.1);
#297=SPHERICAL_SURFACE('',#10355,0.1);
#298=SPHERICAL_SURFACE('',#10371,0.1);
#299=SPHERICAL_SURFACE('',#10380,0.1);
#300=SPHERICAL_SURFACE('',#10406,0.1);
#301=SPHERICAL_SURFACE('',#10422,0.1);
#302=SPHERICAL_SURFACE('',#10427,0.1);
#303=SPHERICAL_SURFACE('',#10458,0.1);
#304=SPHERICAL_SURFACE('',#10463,0.1);
#305=SPHERICAL_SURFACE('',#10472,0.1);
#306=SPHERICAL_SURFACE('',#10481,0.1);
#307=SPHERICAL_SURFACE('',#10491,0.1);
#308=SPHERICAL_SURFACE('',#10495,0.1);
#309=SPHERICAL_SURFACE('',#10512,0.1);
#310=SPHERICAL_SURFACE('',#10518,0.1);
#311=SPHERICAL_SURFACE('',#10523,0.1);
#312=SPHERICAL_SURFACE('',#10527,0.1);
#313=SPHERICAL_SURFACE('',#10536,0.1);
#314=SPHERICAL_SURFACE('',#10546,0.1);
#315=SPHERICAL_SURFACE('',#10555,0.1);
#316=SPHERICAL_SURFACE('',#10563,0.1);
#317=SPHERICAL_SURFACE('',#10567,0.1);
#318=SPHERICAL_SURFACE('',#10573,0.1);
#319=SPHERICAL_SURFACE('',#10588,0.1);
#320=SPHERICAL_SURFACE('',#10599,0.1);
#321=SPHERICAL_SURFACE('',#10608,0.1);
#322=SPHERICAL_SURFACE('',#10613,0.1);
#323=SPHERICAL_SURFACE('',#10618,0.1);
#324=SPHERICAL_SURFACE('',#10654,0.1);
#325=SPHERICAL_SURFACE('',#10660,0.1);
#326=SPHERICAL_SURFACE('',#10685,0.1);
#327=SPHERICAL_SURFACE('',#10689,0.1);
#328=SPHERICAL_SURFACE('',#10693,0.1);
#329=SPHERICAL_SURFACE('',#10698,0.1);
#330=SPHERICAL_SURFACE('',#10706,0.099999999999999);
#331=SPHERICAL_SURFACE('',#10711,0.1);
#332=SPHERICAL_SURFACE('',#10715,0.1);
#333=SPHERICAL_SURFACE('',#10720,0.100000000000001);
#334=SPHERICAL_SURFACE('',#10725,0.1);
#335=SPHERICAL_SURFACE('',#10731,0.1);
#336=SPHERICAL_SURFACE('',#10736,0.1);
#337=SPHERICAL_SURFACE('',#10740,0.1);
#338=SPHERICAL_SURFACE('',#10746,0.1);
#339=TOROIDAL_SURFACE('',#10048,0.199999999999999,0.1);
#340=TOROIDAL_SURFACE('',#10064,0.2,0.1);
#341=TOROIDAL_SURFACE('',#10109,0.2,0.1);
#342=TOROIDAL_SURFACE('',#10114,0.2,0.1);
#343=TOROIDAL_SURFACE('',#10123,0.2,0.1);
#344=TOROIDAL_SURFACE('',#10132,0.2,0.1);
#345=TOROIDAL_SURFACE('',#10137,0.2,0.1);
#346=TOROIDAL_SURFACE('',#10150,0.2,0.1);
#347=TOROIDAL_SURFACE('',#10155,0.2,0.1);
#348=TOROIDAL_SURFACE('',#10163,0.2,0.1);
#349=TOROIDAL_SURFACE('',#10181,0.2,0.1);
#350=TOROIDAL_SURFACE('',#10190,0.2,0.100000000000001);
#351=TOROIDAL_SURFACE('',#10199,0.2,0.1);
#352=TOROIDAL_SURFACE('',#10207,0.2,0.1);
#353=TOROIDAL_SURFACE('',#10212,0.2,0.100000000000001);
#354=TOROIDAL_SURFACE('',#10223,0.2,0.100000000000001);
#355=TOROIDAL_SURFACE('',#10233,0.2,0.1);
#356=TOROIDAL_SURFACE('',#10238,0.2,0.0999999999999995);
#357=TOROIDAL_SURFACE('',#10243,0.2,0.100000000000001);
#358=TOROIDAL_SURFACE('',#10256,0.2,0.1);
#359=TOROIDAL_SURFACE('',#10261,0.2,0.1);
#360=TOROIDAL_SURFACE('',#10279,0.2,0.1);
#361=TOROIDAL_SURFACE('',#10288,0.2,0.1);
#362=TOROIDAL_SURFACE('',#10302,0.2,0.1);
#363=TOROIDAL_SURFACE('',#10311,0.2,0.1);
#364=TOROIDAL_SURFACE('',#10315,0.2,0.1);
#365=TOROIDAL_SURFACE('',#10337,0.2,0.1);
#366=TOROIDAL_SURFACE('',#10342,0.2,0.100000000000001);
#367=TOROIDAL_SURFACE('',#10351,0.2,0.1);
#368=TOROIDAL_SURFACE('',#10359,0.2,0.1);
#369=TOROIDAL_SURFACE('',#10364,0.2,0.100000000000001);
#370=TOROIDAL_SURFACE('',#10375,0.2,0.100000000000001);
#371=TOROIDAL_SURFACE('',#10385,0.2,0.1);
#372=TOROIDAL_SURFACE('',#10390,0.2,0.1);
#373=TOROIDAL_SURFACE('',#10394,0.2,0.0999999999999995);
#374=TOROIDAL_SURFACE('',#10399,0.2,0.100000000000001);
#375=TOROIDAL_SURFACE('',#10412,0.2,0.1);
#376=TOROIDAL_SURFACE('',#10417,0.2,0.1);
#377=TOROIDAL_SURFACE('',#10431,0.2,0.1);
#378=TOROIDAL_SURFACE('',#10437,0.9,0.1);
#379=TOROIDAL_SURFACE('',#10441,0.2,0.1);
#380=TOROIDAL_SURFACE('',#10446,0.2,0.1);
#381=TOROIDAL_SURFACE('',#10453,0.9,0.1);
#382=TOROIDAL_SURFACE('',#10467,0.2,0.1);
#383=TOROIDAL_SURFACE('',#10476,0.2,0.1);
#384=TOROIDAL_SURFACE('',#10486,0.2,0.1);
#385=TOROIDAL_SURFACE('',#10499,0.2,0.1);
#386=TOROIDAL_SURFACE('',#10503,0.2,0.1);
#387=TOROIDAL_SURFACE('',#10507,0.2,0.1);
#388=TOROIDAL_SURFACE('',#10531,0.2,0.1);
#389=TOROIDAL_SURFACE('',#10541,0.2,0.1);
#390=TOROIDAL_SURFACE('',#10550,0.2,0.100000000000001);
#391=TOROIDAL_SURFACE('',#10559,0.2,0.1);
#392=TOROIDAL_SURFACE('',#10578,0.2,0.1);
#393=TOROIDAL_SURFACE('',#10583,0.2,0.1);
#394=TOROIDAL_SURFACE('',#10592,0.2,0.100000000000001);
#395=TOROIDAL_SURFACE('',#10603,0.2,0.100000000000001);
#396=TOROIDAL_SURFACE('',#10622,0.2,0.1);
#397=TOROIDAL_SURFACE('',#10626,0.200000000000001,0.100000000000001);
#398=TOROIDAL_SURFACE('',#10632,0.199999999999999,0.099999999999999);
#399=TOROIDAL_SURFACE('',#10638,0.900000000000001,0.1);
#400=TOROIDAL_SURFACE('',#10642,0.2,0.1);
#401=TOROIDAL_SURFACE('',#10647,0.2,0.100000000000001);
#402=TOROIDAL_SURFACE('',#10664,0.2,0.1);
#403=TOROIDAL_SURFACE('',#10669,0.2,0.1);
#404=TOROIDAL_SURFACE('',#10676,0.900000000000001,0.1);
#405=TOROIDAL_SURFACE('',#10681,0.2,0.1);
#406=TOROIDAL_SURFACE('',#10701,0.2,0.1);
#407=TOROIDAL_SURFACE('',#10749,0.2,0.1);
#408=TOROIDAL_SURFACE('',#10756,0.9,0.1);
#409=TOROIDAL_SURFACE('',#10761,0.2,0.1);
#410=TOROIDAL_SURFACE('',#10764,0.9,0.1);
#411=TOROIDAL_SURFACE('',#10778,0.15,0.1);
#412=TOROIDAL_SURFACE('',#10786,0.15,0.1);
#413=TOROIDAL_SURFACE('',#10792,0.9,0.1);
#414=TOROIDAL_SURFACE('',#10803,0.9,0.1);
#415=TOROIDAL_SURFACE('',#10830,0.15,0.1);
#416=TOROIDAL_SURFACE('',#10834,0.15,0.1);
#417=CIRCLE('',#10026,0.2);
#418=CIRCLE('',#10027,0.2);
#419=CIRCLE('',#10028,0.200000000000001);
#420=CIRCLE('',#10029,0.2);
#421=CIRCLE('',#10030,0.2);
#422=CIRCLE('',#10031,0.2);
#423=CIRCLE('',#10032,0.2);
#424=CIRCLE('',#10033,0.2);
#425=CIRCLE('',#10034,0.2);
#426=CIRCLE('',#10035,0.2);
#427=CIRCLE('',#10036,0.2);
#428=CIRCLE('',#10037,0.2);
#429=CIRCLE('',#10038,0.200000000000001);
#430=CIRCLE('',#10039,0.2);
#431=CIRCLE('',#10040,0.15);
#432=CIRCLE('',#10041,0.2);
#433=CIRCLE('',#10042,0.9);
#434=CIRCLE('',#10043,0.2);
#435=CIRCLE('',#10044,0.2);
#436=CIRCLE('',#10045,0.900000000000001);
#437=CIRCLE('',#10046,0.199999999999999);
#438=CIRCLE('',#10047,0.15);
#439=CIRCLE('',#10049,0.199999999999999);
#440=CIRCLE('',#10050,0.1);
#441=CIRCLE('',#10051,0.1);
#442=CIRCLE('',#10052,0.1);
#443=CIRCLE('',#10054,0.1);
#444=CIRCLE('',#10055,0.1);
#445=CIRCLE('',#10056,0.1);
#446=CIRCLE('',#10058,0.1);
#447=CIRCLE('',#10060,0.099999999999999);
#448=CIRCLE('',#10061,0.1);
#449=CIRCLE('',#10062,0.1);
#450=CIRCLE('',#10065,0.2);
#451=CIRCLE('',#10066,0.1);
#452=CIRCLE('',#10067,0.1);
#453=CIRCLE('',#10068,0.1);
#454=CIRCLE('',#10070,0.1);
#455=CIRCLE('',#10072,0.1);
#456=CIRCLE('',#10073,0.1);
#457=CIRCLE('',#10075,0.1);
#458=CIRCLE('',#10076,0.1);
#459=CIRCLE('',#10077,0.1);
#460=CIRCLE('',#10080,0.1);
#461=CIRCLE('',#10081,0.1);
#462=CIRCLE('',#10082,0.1);
#463=CIRCLE('',#10087,0.1);
#464=CIRCLE('',#10091,0.1);
#465=CIRCLE('',#10092,0.1);
#466=CIRCLE('',#10093,0.1);
#467=CIRCLE('',#10096,0.2);
#468=CIRCLE('',#10097,0.9);
#469=CIRCLE('',#10099,0.1);
#470=CIRCLE('',#10101,0.1);
#471=CIRCLE('',#10104,0.1);
#472=CIRCLE('',#10106,0.1);
#473=CIRCLE('',#10110,0.1);
#474=CIRCLE('',#10111,0.1);
#475=CIRCLE('',#10112,0.2);
#476=CIRCLE('',#10113,0.1);
#477=CIRCLE('',#10115,0.2);
#478=CIRCLE('',#10116,0.1);
#479=CIRCLE('',#10117,0.1);
#480=CIRCLE('',#10118,0.1);
#481=CIRCLE('',#10120,0.1);
#482=CIRCLE('',#10121,0.1);
#483=CIRCLE('',#10122,0.1);
#484=CIRCLE('',#10124,0.1);
#485=CIRCLE('',#10125,0.1);
#486=CIRCLE('',#10126,0.2);
#487=CIRCLE('',#10127,0.1);
#488=CIRCLE('',#10129,0.1);
#489=CIRCLE('',#10130,0.1);
#490=CIRCLE('',#10131,0.1);
#491=CIRCLE('',#10133,0.1);
#492=CIRCLE('',#10134,0.1);
#493=CIRCLE('',#10135,0.2);
#494=CIRCLE('',#10136,0.1);
#495=CIRCLE('',#10138,0.1);
#496=CIRCLE('',#10139,0.1);
#497=CIRCLE('',#10140,0.2);
#498=CIRCLE('',#10141,0.1);
#499=CIRCLE('',#10143,0.1);
#500=CIRCLE('',#10144,0.1);
#501=CIRCLE('',#10145,0.1);
#502=CIRCLE('',#10147,0.1);
#503=CIRCLE('',#10148,0.1);
#504=CIRCLE('',#10149,0.1);
#505=CIRCLE('',#10151,0.1);
#506=CIRCLE('',#10152,0.1);
#507=CIRCLE('',#10153,0.2);
#508=CIRCLE('',#10154,0.1);
#509=CIRCLE('',#10156,0.1);
#510=CIRCLE('',#10157,0.1);
#511=CIRCLE('',#10158,0.1);
#512=CIRCLE('',#10160,0.1);
#513=CIRCLE('',#10161,0.1);
#514=CIRCLE('',#10162,0.1);
#515=CIRCLE('',#10164,0.1);
#516=CIRCLE('',#10165,0.1);
#517=CIRCLE('',#10166,0.2);
#518=CIRCLE('',#10167,0.1);
#519=CIRCLE('',#10169,0.1);
#520=CIRCLE('',#10170,0.0999999999999999);
#521=CIRCLE('',#10171,0.1);
#522=CIRCLE('',#10173,0.1);
#523=CIRCLE('',#10174,0.1);
#524=CIRCLE('',#10175,0.1);
#525=CIRCLE('',#10177,0.1);
#526=CIRCLE('',#10178,0.1);
#527=CIRCLE('',#10179,0.100000000000001);
#528=CIRCLE('',#10182,0.2);
#529=CIRCLE('',#10183,0.1);
#530=CIRCLE('',#10184,0.1);
#531=CIRCLE('',#10185,0.1);
#532=CIRCLE('',#10187,0.1);
#533=CIRCLE('',#10188,0.1);
#534=CIRCLE('',#10189,0.1);
#535=CIRCLE('',#10191,0.2);
#536=CIRCLE('',#10192,0.1);
#537=CIRCLE('',#10193,0.1);
#538=CIRCLE('',#10194,0.100000000000001);
#539=CIRCLE('',#10196,0.1);
#540=CIRCLE('',#10197,0.1);
#541=CIRCLE('',#10198,0.1);
#542=CIRCLE('',#10200,0.1);
#543=CIRCLE('',#10201,0.1);
#544=CIRCLE('',#10202,0.1);
#545=CIRCLE('',#10204,0.1);
#546=CIRCLE('',#10205,0.1);
#547=CIRCLE('',#10206,0.1);
#548=CIRCLE('',#10208,0.1);
#549=CIRCLE('',#10209,0.1);
#550=CIRCLE('',#10210,0.1);
#551=CIRCLE('',#10213,0.2);
#552=CIRCLE('',#10214,0.0999999999999999);
#553=CIRCLE('',#10215,0.1);
#554=CIRCLE('',#10216,0.100000000000001);
#555=CIRCLE('',#10220,0.1);
#556=CIRCLE('',#10221,0.1);
#557=CIRCLE('',#10222,0.1);
#558=CIRCLE('',#10224,0.2);
#559=CIRCLE('',#10225,0.0999999999999998);
#560=CIRCLE('',#10226,0.1);
#561=CIRCLE('',#10227,0.100000000000001);
#562=CIRCLE('',#10229,0.1);
#563=CIRCLE('',#10230,0.0999999999999998);
#564=CIRCLE('',#10231,0.1);
#565=CIRCLE('',#10234,0.1);
#566=CIRCLE('',#10235,0.1);
#567=CIRCLE('',#10236,0.2);
#568=CIRCLE('',#10237,0.1);
#569=CIRCLE('',#10239,0.1);
#570=CIRCLE('',#10240,0.1);
#571=CIRCLE('',#10241,0.0999999999999995);
#572=CIRCLE('',#10244,0.2);
#573=CIRCLE('',#10245,0.1);
#574=CIRCLE('',#10246,0.1);
#575=CIRCLE('',#10247,0.100000000000001);
#576=CIRCLE('',#10251,0.1);
#577=CIRCLE('',#10252,0.1);
#578=CIRCLE('',#10253,0.100000000000001);
#579=CIRCLE('',#10257,0.2);
#580=CIRCLE('',#10258,0.1);
#581=CIRCLE('',#10259,0.1);
#582=CIRCLE('',#10260,0.1);
#583=CIRCLE('',#10262,0.1);
#584=CIRCLE('',#10263,0.1);
#585=CIRCLE('',#10264,0.2);
#586=CIRCLE('',#10265,0.1);
#587=CIRCLE('',#10267,0.1);
#588=CIRCLE('',#10268,0.1);
#589=CIRCLE('',#10269,0.1);
#590=CIRCLE('',#10272,0.1);
#591=CIRCLE('',#10273,0.1);
#592=CIRCLE('',#10274,0.1);
#593=CIRCLE('',#10276,0.1);
#594=CIRCLE('',#10277,0.1);
#595=CIRCLE('',#10278,0.1);
#596=CIRCLE('',#10280,0.1);
#597=CIRCLE('',#10281,0.1);
#598=CIRCLE('',#10282,0.2);
#599=CIRCLE('',#10283,0.1);
#600=CIRCLE('',#10285,0.1);
#601=CIRCLE('',#10286,0.1);
#602=CIRCLE('',#10287,0.0999999999999995);
#603=CIRCLE('',#10289,0.1);
#604=CIRCLE('',#10290,0.1);
#605=CIRCLE('',#10291,0.2);
#606=CIRCLE('',#10292,0.1);
#607=CIRCLE('',#10294,0.1);
#608=CIRCLE('',#10295,0.1);
#609=CIRCLE('',#10296,0.1);
#610=CIRCLE('',#10299,0.1);
#611=CIRCLE('',#10300,0.1);
#612=CIRCLE('',#10301,0.1);
#613=CIRCLE('',#10303,0.1);
#614=CIRCLE('',#10304,0.1);
#615=CIRCLE('',#10305,0.2);
#616=CIRCLE('',#10306,0.1);
#617=CIRCLE('',#10308,0.1);
#618=CIRCLE('',#10309,0.1);
#619=CIRCLE('',#10310,0.1);
#620=CIRCLE('',#10312,0.1);
#621=CIRCLE('',#10313,0.1);
#622=CIRCLE('',#10314,0.1);
#623=CIRCLE('',#10316,0.1);
#624=CIRCLE('',#10317,0.1);
#625=CIRCLE('',#10318,0.2);
#626=CIRCLE('',#10319,0.1);
#627=CIRCLE('',#10321,0.1);
#628=CIRCLE('',#10322,0.1);
#629=CIRCLE('',#10323,0.1);
#630=CIRCLE('',#10325,0.1);
#631=CIRCLE('',#10326,0.1);
#632=CIRCLE('',#10327,0.1);
#633=CIRCLE('',#10329,0.1);
#634=CIRCLE('',#10330,0.1);
#635=CIRCLE('',#10331,0.100000000000001);
#636=CIRCLE('',#10334,0.1);
#637=CIRCLE('',#10335,0.1);
#638=CIRCLE('',#10336,0.1);
#639=CIRCLE('',#10338,0.2);
#640=CIRCLE('',#10339,0.1);
#641=CIRCLE('',#10340,0.1);
#642=CIRCLE('',#10341,0.1);
#643=CIRCLE('',#10343,0.2);
#644=CIRCLE('',#10344,0.1);
#645=CIRCLE('',#10345,0.1);
#646=CIRCLE('',#10346,0.100000000000001);
#647=CIRCLE('',#10348,0.1);
#648=CIRCLE('',#10349,0.1);
#649=CIRCLE('',#10350,0.1);
#650=CIRCLE('',#10352,0.1);
#651=CIRCLE('',#10353,0.1);
#652=CIRCLE('',#10354,0.1);
#653=CIRCLE('',#10356,0.1);
#654=CIRCLE('',#10357,0.1);
#655=CIRCLE('',#10358,0.1);
#656=CIRCLE('',#10360,0.1);
#657=CIRCLE('',#10361,0.1);
#658=CIRCLE('',#10362,0.1);
#659=CIRCLE('',#10365,0.2);
#660=CIRCLE('',#10366,0.1);
#661=CIRCLE('',#10367,0.1);
#662=CIRCLE('',#10368,0.100000000000001);
#663=CIRCLE('',#10372,0.1);
#664=CIRCLE('',#10373,0.1);
#665=CIRCLE('',#10374,0.1);
#666=CIRCLE('',#10376,0.2);
#667=CIRCLE('',#10377,0.1);
#668=CIRCLE('',#10378,0.1);
#669=CIRCLE('',#10379,0.100000000000001);
#670=CIRCLE('',#10381,0.1);
#671=CIRCLE('',#10382,0.1);
#672=CIRCLE('',#10383,0.1);
#673=CIRCLE('',#10386,0.1);
#674=CIRCLE('',#10387,0.1);
#675=CIRCLE('',#10388,0.2);
#676=CIRCLE('',#10389,0.1);
#677=CIRCLE('',#10391,0.100000000000001);
#678=CIRCLE('',#10392,0.1);
#679=CIRCLE('',#10393,0.1);
#680=CIRCLE('',#10395,0.1);
#681=CIRCLE('',#10396,0.1);
#682=CIRCLE('',#10397,0.0999999999999995);
#683=CIRCLE('',#10400,0.2);
#684=CIRCLE('',#10401,0.1);
#685=CIRCLE('',#10402,0.1);
#686=CIRCLE('',#10403,0.100000000000001);
#687=CIRCLE('',#10407,0.1);
#688=CIRCLE('',#10408,0.1);
#689=CIRCLE('',#10409,0.100000000000001);
#690=CIRCLE('',#10413,0.2);
#691=CIRCLE('',#10414,0.1);
#692=CIRCLE('',#10415,0.1);
#693=CIRCLE('',#10416,0.1);
#694=CIRCLE('',#10418,0.1);
#695=CIRCLE('',#10419,0.1);
#696=CIRCLE('',#10420,0.2);
#697=CIRCLE('',#10421,0.1);
#698=CIRCLE('',#10423,0.1);
#699=CIRCLE('',#10424,0.1);
#700=CIRCLE('',#10425,0.1);
#701=CIRCLE('',#10428,0.1);
#702=CIRCLE('',#10429,0.1);
#703=CIRCLE('',#10430,0.1);
#704=CIRCLE('',#10432,0.1);
#705=CIRCLE('',#10433,0.1);
#706=CIRCLE('',#10434,0.1);
#707=CIRCLE('',#10436,0.1);
#708=CIRCLE('',#10438,0.1);
#709=CIRCLE('',#10439,0.8);
#710=CIRCLE('',#10442,0.2);
#711=CIRCLE('',#10443,0.1);
#712=CIRCLE('',#10444,0.1);
#713=CIRCLE('',#10445,0.1);
#714=CIRCLE('',#10447,0.100000000000001);
#715=CIRCLE('',#10448,0.1);
#716=CIRCLE('',#10449,0.200000000000001);
#717=CIRCLE('',#10450,0.1);
#718=CIRCLE('',#10452,0.1);
#719=CIRCLE('',#10454,0.100000000000001);
#720=CIRCLE('',#10455,0.8);
#721=CIRCLE('',#10456,0.9);
#722=CIRCLE('',#10459,0.1);
#723=CIRCLE('',#10460,0.1);
#724=CIRCLE('',#10461,0.1);
#725=CIRCLE('',#10464,0.1);
#726=CIRCLE('',#10465,0.1);
#727=CIRCLE('',#10466,0.0999999999999995);
#728=CIRCLE('',#10468,0.1);
#729=CIRCLE('',#10469,0.1);
#730=CIRCLE('',#10470,0.2);
#731=CIRCLE('',#10471,0.1);
#732=CIRCLE('',#10473,0.1);
#733=CIRCLE('',#10474,0.1);
#734=CIRCLE('',#10475,0.0999999999999995);
#735=CIRCLE('',#10477,0.1);
#736=CIRCLE('',#10478,0.1);
#737=CIRCLE('',#10479,0.2);
#738=CIRCLE('',#10480,0.1);
#739=CIRCLE('',#10482,0.1);
#740=CIRCLE('',#10483,0.1);
#741=CIRCLE('',#10484,0.1);
#742=CIRCLE('',#10487,0.1);
#743=CIRCLE('',#10488,0.1);
#744=CIRCLE('',#10489,0.2);
#745=CIRCLE('',#10490,0.1);
#746=CIRCLE('',#10492,0.1);
#747=CIRCLE('',#10493,0.1);
#748=CIRCLE('',#10494,0.1);
#749=CIRCLE('',#10496,0.1);
#750=CIRCLE('',#10497,0.1);
#751=CIRCLE('',#10498,0.1);
#752=CIRCLE('',#10500,0.1);
#753=CIRCLE('',#10501,0.1);
#754=CIRCLE('',#10502,0.1);
#755=CIRCLE('',#10504,0.1);
#756=CIRCLE('',#10505,0.1);
#757=CIRCLE('',#10506,0.1);
#758=CIRCLE('',#10508,0.1);
#759=CIRCLE('',#10509,0.1);
#760=CIRCLE('',#10510,0.2);
#761=CIRCLE('',#10511,0.1);
#762=CIRCLE('',#10513,0.1);
#763=CIRCLE('',#10514,0.1);
#764=CIRCLE('',#10515,0.1);
#765=CIRCLE('',#10519,0.1);
#766=CIRCLE('',#10520,0.1);
#767=CIRCLE('',#10521,0.1);
#768=CIRCLE('',#10524,0.1);
#769=CIRCLE('',#10525,0.1);
#770=CIRCLE('',#10526,0.1);
#771=CIRCLE('',#10528,0.1);
#772=CIRCLE('',#10529,0.1);
#773=CIRCLE('',#10530,0.1);
#774=CIRCLE('',#10532,0.1);
#775=CIRCLE('',#10533,0.1);
#776=CIRCLE('',#10534,0.2);
#777=CIRCLE('',#10535,0.1);
#778=CIRCLE('',#10537,0.1);
#779=CIRCLE('',#10538,0.1);
#780=CIRCLE('',#10539,0.100000000000001);
#781=CIRCLE('',#10542,0.2);
#782=CIRCLE('',#10543,0.1);
#783=CIRCLE('',#10544,0.1);
#784=CIRCLE('',#10545,0.1);
#785=CIRCLE('',#10547,0.1);
#786=CIRCLE('',#10548,0.1);
#787=CIRCLE('',#10549,0.1);
#788=CIRCLE('',#10551,0.2);
#789=CIRCLE('',#10552,0.1);
#790=CIRCLE('',#10553,0.1);
#791=CIRCLE('',#10554,0.100000000000001);
#792=CIRCLE('',#10556,0.1);
#793=CIRCLE('',#10557,0.1);
#794=CIRCLE('',#10558,0.1);
#795=CIRCLE('',#10560,0.100000000000001);
#796=CIRCLE('',#10561,0.1);
#797=CIRCLE('',#10562,0.1);
#798=CIRCLE('',#10564,0.1);
#799=CIRCLE('',#10565,0.1);
#800=CIRCLE('',#10566,0.1);
#801=CIRCLE('',#10568,0.1);
#802=CIRCLE('',#10569,0.1);
#803=CIRCLE('',#10570,0.100000000000001);
#804=CIRCLE('',#10574,0.1);
#805=CIRCLE('',#10575,0.1);
#806=CIRCLE('',#10576,0.1);
#807=CIRCLE('',#10579,0.100000000000001);
#808=CIRCLE('',#10580,0.1);
#809=CIRCLE('',#10581,0.1);
#810=CIRCLE('',#10584,0.100000000000001);
#811=CIRCLE('',#10585,0.1);
#812=CIRCLE('',#10586,0.1);
#813=CIRCLE('',#10589,0.1);
#814=CIRCLE('',#10590,0.1);
#815=CIRCLE('',#10591,0.1);
#816=CIRCLE('',#10593,0.2);
#817=CIRCLE('',#10594,0.1);
#818=CIRCLE('',#10595,0.1);
#819=CIRCLE('',#10596,0.100000000000001);
#820=CIRCLE('',#10600,0.1);
#821=CIRCLE('',#10601,0.1);
#822=CIRCLE('',#10602,0.1);
#823=CIRCLE('',#10604,0.2);
#824=CIRCLE('',#10605,0.1);
#825=CIRCLE('',#10606,0.1);
#826=CIRCLE('',#10607,0.100000000000001);
#827=CIRCLE('',#10609,0.1);
#828=CIRCLE('',#10610,0.1);
#829=CIRCLE('',#10611,0.1);
#830=CIRCLE('',#10614,0.1);
#831=CIRCLE('',#10615,0.1);
#832=CIRCLE('',#10616,0.1);
#833=CIRCLE('',#10619,0.1);
#834=CIRCLE('',#10620,0.1);
#835=CIRCLE('',#10621,0.1);
#836=CIRCLE('',#10623,0.1);
#837=CIRCLE('',#10624,0.1);
#838=CIRCLE('',#10625,0.2);
#839=CIRCLE('',#10627,0.100000000000001);
#840=CIRCLE('',#10628,0.1);
#841=CIRCLE('',#10629,0.200000000000001);
#842=CIRCLE('',#10630,0.100000000000001);
#843=CIRCLE('',#10633,0.099999999999999);
#844=CIRCLE('',#10634,0.1);
#845=CIRCLE('',#10635,0.1);
#846=CIRCLE('',#10637,0.1);
#847=CIRCLE('',#10639,0.1);
#848=CIRCLE('',#10640,0.8);
#849=CIRCLE('',#10643,0.1);
#850=CIRCLE('',#10644,0.1);
#851=CIRCLE('',#10645,0.1);
#852=CIRCLE('',#10648,0.2);
#853=CIRCLE('',#10649,0.1);
#854=CIRCLE('',#10650,0.1);
#855=CIRCLE('',#10651,0.100000000000001);
#856=CIRCLE('',#10655,0.1);
#857=CIRCLE('',#10656,0.1);
#858=CIRCLE('',#10657,0.100000000000001);
#859=CIRCLE('',#10661,0.1);
#860=CIRCLE('',#10662,0.1);
#861=CIRCLE('',#10663,0.1);
#862=CIRCLE('',#10665,0.2);
#863=CIRCLE('',#10666,0.1);
#864=CIRCLE('',#10667,0.0999999999999995);
#865=CIRCLE('',#10668,0.1);
#866=CIRCLE('',#10670,0.1);
#867=CIRCLE('',#10671,0.1);
#868=CIRCLE('',#10672,0.2);
#869=CIRCLE('',#10673,0.1);
#870=CIRCLE('',#10675,0.1);
#871=CIRCLE('',#10677,0.100000000000001);
#872=CIRCLE('',#10678,0.8);
#873=CIRCLE('',#10679,0.900000000000001);
#874=CIRCLE('',#10682,0.1);
#875=CIRCLE('',#10683,0.1);
#876=CIRCLE('',#10684,0.1);
#877=CIRCLE('',#10686,0.1);
#878=CIRCLE('',#10687,0.1);
#879=CIRCLE('',#10688,0.1);
#880=CIRCLE('',#10690,0.1);
#881=CIRCLE('',#10691,0.1);
#882=CIRCLE('',#10692,0.1);
#883=CIRCLE('',#10694,0.1);
#884=CIRCLE('',#10695,0.1);
#885=CIRCLE('',#10696,0.1);
#886=CIRCLE('',#10699,0.1);
#887=CIRCLE('',#10700,0.1);
#888=CIRCLE('',#10702,0.2);
#889=CIRCLE('',#10703,0.1);
#890=CIRCLE('',#10704,0.1);
#891=CIRCLE('',#10705,0.1);
#892=CIRCLE('',#10707,0.1);
#893=CIRCLE('',#10708,0.099999999999999);
#894=CIRCLE('',#10709,0.1);
#895=CIRCLE('',#10712,0.1);
#896=CIRCLE('',#10713,0.1);
#897=CIRCLE('',#10714,0.1);
#898=CIRCLE('',#10716,0.1);
#899=CIRCLE('',#10717,0.1);
#900=CIRCLE('',#10718,0.100000000000001);
#901=CIRCLE('',#10721,0.1);
#902=CIRCLE('',#10722,0.100000000000001);
#903=CIRCLE('',#10723,0.100000000000001);
#904=CIRCLE('',#10726,0.1);
#905=CIRCLE('',#10727,0.1);
#906=CIRCLE('',#10728,0.1);
#907=CIRCLE('',#10732,0.1);
#908=CIRCLE('',#10733,0.1);
#909=CIRCLE('',#10734,0.1);
#910=CIRCLE('',#10737,0.1);
#911=CIRCLE('',#10738,0.1);
#912=CIRCLE('',#10739,0.1);
#913=CIRCLE('',#10741,0.1);
#914=CIRCLE('',#10742,0.1);
#915=CIRCLE('',#10743,0.1);
#916=CIRCLE('',#10747,0.1);
#917=CIRCLE('',#10748,0.1);
#918=CIRCLE('',#10750,0.2);
#919=CIRCLE('',#10751,0.1);
#920=CIRCLE('',#10752,0.1);
#921=CIRCLE('',#10753,0.1);
#922=CIRCLE('',#10755,0.1);
#923=CIRCLE('',#10757,0.1);
#924=CIRCLE('',#10758,0.8);
#925=CIRCLE('',#10759,0.9);
#926=CIRCLE('',#10762,0.0999999999999995);
#927=CIRCLE('',#10763,0.1);
#928=CIRCLE('',#10765,0.1);
#929=CIRCLE('',#10766,0.8);
#930=CIRCLE('',#10779,0.25);
#931=CIRCLE('',#10780,0.15);
#932=CIRCLE('',#10787,0.25);
#933=CIRCLE('',#10791,0.0999999999999995);
#934=CIRCLE('',#10793,0.100000000000001);
#935=CIRCLE('',#10794,0.9);
#936=CIRCLE('',#10795,0.8);
#937=CIRCLE('',#10802,0.1);
#938=CIRCLE('',#10804,0.8);
#939=CIRCLE('',#10805,0.9);
#940=CIRCLE('',#10831,0.15);
#941=CIRCLE('',#10832,0.25);
#942=CIRCLE('',#10835,0.25);
#943=STYLED_ITEM('',(#9961),#9299);
#944=STYLED_ITEM('',(#9961),#9321);
#945=STYLED_ITEM('',(#9961),#9324);
#946=STYLED_ITEM('',(#9961),#9327);
#947=STYLED_ITEM('',(#9961),#9328);
#948=STYLED_ITEM('',(#9961),#9672);
#949=STYLED_ITEM('',(#9961),#9674);
#950=STYLED_ITEM('',(#9961),#9676);
#951=STYLED_ITEM('',(#9961),#9677);
#952=STYLED_ITEM('',(#9961),#9679);
#953=STYLED_ITEM('',(#9961),#9686);
#954=STYLED_ITEM('',(#9961),#9692);
#955=STYLED_ITEM('',(#9961),#9693);
#956=STYLED_ITEM('',(#9961),#9694);
#957=STYLED_ITEM('',(#9961),#9695);
#958=STYLED_ITEM('',(#9961),#9697);
#959=STYLED_ITEM('',(#9961),#9698);
#960=STYLED_ITEM('',(#9961),#9701);
#961=STYLED_ITEM('',(#9961),#9703);
#962=STYLED_ITEM('',(#9961),#9705);
#963=STYLED_ITEM('',(#9961),#9706);
#964=STYLED_ITEM('',(#9961),#9707);
#965=STYLED_ITEM('',(#9961),#9708);
#966=STYLED_ITEM('',(#9961),#9709);
#967=STYLED_ITEM('',(#9961),#9710);
#968=STYLED_ITEM('',(#9961),#9711);
#969=STYLED_ITEM('',(#9961),#9712);
#970=STYLED_ITEM('',(#9961),#9713);
#971=STYLED_ITEM('',(#9961),#9743);
#972=STYLED_ITEM('',(#9961),#9745);
#973=STYLED_ITEM('',(#9961),#9746);
#974=STYLED_ITEM('',(#9961),#9747);
#975=STYLED_ITEM('',(#9961),#35);
#976=STYLED_ITEM('',(#9962),#36);
#977=STYLED_ITEM('',(#9962),#37);
#978=STYLED_ITEM('',(#9962),#38);
#979=STYLED_ITEM('',(#9962),#39);
#980=STYLED_ITEM('',(#9962),#40);
#981=STYLED_ITEM('',(#9962),#41);
#982=STYLED_ITEM('',(#9963),#42);
#983=STYLED_ITEM('',(#9963),#43);
#984=STYLED_ITEM('',(#9963),#44);
#985=FACE_BOUND('',#1831,.T.);
#986=FACE_BOUND('',#1833,.T.);
#987=PLANE('',#10022);
#988=PLANE('',#10023);
#989=PLANE('',#10024);
#990=PLANE('',#10025);
#991=PLANE('',#10095);
#992=PLANE('',#10102);
#993=PLANE('',#10107);
#994=PLANE('',#10108);
#995=PLANE('',#10922);
#996=PLANE('',#10924);
#997=PLANE('',#10926);
#998=PLANE('',#10927);
#999=PLANE('',#10929);
#1000=PLANE('',#10930);
#1001=PLANE('',#10931);
#1002=PLANE('',#10932);
#1003=PLANE('',#10933);
#1004=PLANE('',#10934);
#1005=PLANE('',#10935);
#1006=PLANE('',#10936);
#1007=PLANE('',#10937);
#1008=PLANE('',#10938);
#1009=PLANE('',#10939);
#1010=PLANE('',#10940);
#1011=PLANE('',#10941);
#1012=PLANE('',#10942);
#1013=PLANE('',#10943);
#1014=PLANE('',#10944);
#1015=PLANE('',#10945);
#1016=PLANE('',#10946);
#1017=PLANE('',#10947);
#1018=PLANE('',#10948);
#1019=PLANE('',#10949);
#1020=PLANE('',#10950);
#1021=PLANE('',#10951);
#1022=PLANE('',#10952);
#1023=PLANE('',#10953);
#1024=PLANE('',#10954);
#1025=PLANE('',#10955);
#1026=PLANE('',#10956);
#1027=PLANE('',#10957);
#1028=PLANE('',#10958);
#1029=PLANE('',#10959);
#1030=PLANE('',#10960);
#1031=PLANE('',#10961);
#1032=PLANE('',#10962);
#1033=PLANE('',#10963);
#1034=PLANE('',#10965);
#1035=PLANE('',#10966);
#1036=PLANE('',#10967);
#1037=PLANE('',#10968);
#1038=PLANE('',#10969);
#1039=PLANE('',#10970);
#1040=PLANE('',#10972);
#1041=PLANE('',#10973);
#1042=PLANE('',#10974);
#1043=PLANE('',#10975);
#1044=PLANE('',#10976);
#1045=PLANE('',#10977);
#1046=PLANE('',#10978);
#1047=PLANE('',#10979);
#1048=PLANE('',#10980);
#1049=PLANE('',#10981);
#1050=PLANE('',#10982);
#1051=PLANE('',#10983);
#1052=PLANE('',#10984);
#1053=PLANE('',#10985);
#1054=PLANE('',#10986);
#1055=PLANE('',#10987);
#1056=PLANE('',#10988);
#1057=PLANE('',#10989);
#1058=PLANE('',#10990);
#1059=PLANE('',#10991);
#1060=PLANE('',#10992);
#1061=PLANE('',#10993);
#1062=PLANE('',#10995);
#1063=PLANE('',#10996);
#1064=PLANE('',#10997);
#1065=PLANE('',#10999);
#1066=PLANE('',#11000);
#1067=PLANE('',#11001);
#1068=PLANE('',#11002);
#1069=PLANE('',#11003);
#1070=PLANE('',#11004);
#1071=PLANE('',#11005);
#1072=PLANE('',#11006);
#1073=PLANE('',#11007);
#1074=PLANE('',#11008);
#1075=PLANE('',#11009);
#1076=PLANE('',#11010);
#1077=PLANE('',#11011);
#1078=PLANE('',#11012);
#1079=PLANE('',#11013);
#1080=PLANE('',#11014);
#1081=PLANE('',#11015);
#1082=PLANE('',#11016);
#1083=PLANE('',#11017);
#1084=PLANE('',#11018);
#1085=PLANE('',#11019);
#1086=PLANE('',#11020);
#1087=PLANE('',#11021);
#1088=PLANE('',#11022);
#1089=PLANE('',#11023);
#1090=PLANE('',#11024);
#1091=PLANE('',#11025);
#1092=PLANE('',#11026);
#1093=PLANE('',#11027);
#1094=PLANE('',#11028);
#1095=PLANE('',#11029);
#1096=PLANE('',#11030);
#1097=PLANE('',#11031);
#1098=PLANE('',#11032);
#1099=PLANE('',#11033);
#1100=PLANE('',#11034);
#1101=PLANE('',#11035);
#1102=PLANE('',#11036);
#1103=PLANE('',#11037);
#1104=PLANE('',#11038);
#1105=PLANE('',#11039);
#1106=PLANE('',#11040);
#1107=PLANE('',#11041);
#1108=PLANE('',#11042);
#1109=PLANE('',#11043);
#1110=PLANE('',#11044);
#1111=PLANE('',#11045);
#1112=PLANE('',#11046);
#1113=PLANE('',#11047);
#1114=PLANE('',#11048);
#1115=PLANE('',#11049);
#1116=PLANE('',#11050);
#1117=PLANE('',#11051);
#1118=PLANE('',#11052);
#1119=PLANE('',#11053);
#1120=PLANE('',#11054);
#1121=PLANE('',#11055);
#1122=PLANE('',#11056);
#1123=PLANE('',#11057);
#1124=PLANE('',#11058);
#1125=PLANE('',#11059);
#1126=PLANE('',#11060);
#1127=PLANE('',#11061);
#1128=PLANE('',#11062);
#1129=PLANE('',#11063);
#1130=PLANE('',#11064);
#1131=PLANE('',#11065);
#1132=PLANE('',#11066);
#1133=PLANE('',#11067);
#1134=PLANE('',#11068);
#1135=PLANE('',#11069);
#1136=PLANE('',#11070);
#1137=PLANE('',#11071);
#1138=PLANE('',#11072);
#1139=PLANE('',#11073);
#1140=PLANE('',#11074);
#1141=PLANE('',#11075);
#1142=PLANE('',#11076);
#1143=PLANE('',#11077);
#1144=PLANE('',#11078);
#1145=PLANE('',#11079);
#1146=PLANE('',#11080);
#1147=PLANE('',#11081);
#1148=PLANE('',#11082);
#1149=PLANE('',#11084);
#1150=PLANE('',#11085);
#1151=PLANE('',#11086);
#1152=PLANE('',#11087);
#1153=PLANE('',#11088);
#1154=PLANE('',#11089);
#1155=PLANE('',#11092);
#1156=PLANE('',#11093);
#1157=PLANE('',#11096);
#1158=PLANE('',#11097);
#1159=PLANE('',#11100);
#1160=PLANE('',#11101);
#1161=PLANE('',#11102);
#1162=PLANE('',#11103);
#1163=PLANE('',#11104);
#1164=PLANE('',#11105);
#1165=PLANE('',#11106);
#1166=PLANE('',#11107);
#1167=PLANE('',#11108);
#1168=PLANE('',#11109);
#1169=PLANE('',#11110);
#1170=FACE_OUTER_BOUND('',#1809,.T.);
#1171=FACE_OUTER_BOUND('',#1810,.T.);
#1172=FACE_OUTER_BOUND('',#1811,.T.);
#1173=FACE_OUTER_BOUND('',#1812,.T.);
#1174=FACE_OUTER_BOUND('',#1813,.T.);
#1175=FACE_OUTER_BOUND('',#1814,.T.);
#1176=FACE_OUTER_BOUND('',#1815,.T.);
#1177=FACE_OUTER_BOUND('',#1816,.T.);
#1178=FACE_OUTER_BOUND('',#1817,.T.);
#1179=FACE_OUTER_BOUND('',#1818,.T.);
#1180=FACE_OUTER_BOUND('',#1819,.T.);
#1181=FACE_OUTER_BOUND('',#1820,.T.);
#1182=FACE_OUTER_BOUND('',#1821,.T.);
#1183=FACE_OUTER_BOUND('',#1822,.T.);
#1184=FACE_OUTER_BOUND('',#1823,.T.);
#1185=FACE_OUTER_BOUND('',#1824,.T.);
#1186=FACE_OUTER_BOUND('',#1825,.T.);
#1187=FACE_OUTER_BOUND('',#1826,.T.);
#1188=FACE_OUTER_BOUND('',#1827,.T.);
#1189=FACE_OUTER_BOUND('',#1828,.T.);
#1190=FACE_OUTER_BOUND('',#1829,.T.);
#1191=FACE_OUTER_BOUND('',#1830,.T.);
#1192=FACE_OUTER_BOUND('',#1832,.T.);
#1193=FACE_OUTER_BOUND('',#1834,.T.);
#1194=FACE_OUTER_BOUND('',#1835,.T.);
#1195=FACE_OUTER_BOUND('',#1836,.T.);
#1196=FACE_OUTER_BOUND('',#1837,.T.);
#1197=FACE_OUTER_BOUND('',#1838,.T.);
#1198=FACE_OUTER_BOUND('',#1839,.T.);
#1199=FACE_OUTER_BOUND('',#1840,.T.);
#1200=FACE_OUTER_BOUND('',#1841,.T.);
#1201=FACE_OUTER_BOUND('',#1842,.T.);
#1202=FACE_OUTER_BOUND('',#1843,.T.);
#1203=FACE_OUTER_BOUND('',#1844,.T.);
#1204=FACE_OUTER_BOUND('',#1845,.T.);
#1205=FACE_OUTER_BOUND('',#1846,.T.);
#1206=FACE_OUTER_BOUND('',#1847,.T.);
#1207=FACE_OUTER_BOUND('',#1848,.T.);
#1208=FACE_OUTER_BOUND('',#1849,.T.);
#1209=FACE_OUTER_BOUND('',#1850,.T.);
#1210=FACE_OUTER_BOUND('',#1851,.T.);
#1211=FACE_OUTER_BOUND('',#1852,.T.);
#1212=FACE_OUTER_BOUND('',#1853,.T.);
#1213=FACE_OUTER_BOUND('',#1854,.T.);
#1214=FACE_OUTER_BOUND('',#1855,.T.);
#1215=FACE_OUTER_BOUND('',#1856,.T.);
#1216=FACE_OUTER_BOUND('',#1857,.T.);
#1217=FACE_OUTER_BOUND('',#1858,.T.);
#1218=FACE_OUTER_BOUND('',#1859,.T.);
#1219=FACE_OUTER_BOUND('',#1860,.T.);
#1220=FACE_OUTER_BOUND('',#1861,.T.);
#1221=FACE_OUTER_BOUND('',#1862,.T.);
#1222=FACE_OUTER_BOUND('',#1863,.T.);
#1223=FACE_OUTER_BOUND('',#1864,.T.);
#1224=FACE_OUTER_BOUND('',#1865,.T.);
#1225=FACE_OUTER_BOUND('',#1866,.T.);
#1226=FACE_OUTER_BOUND('',#1867,.T.);
#1227=FACE_OUTER_BOUND('',#1868,.T.);
#1228=FACE_OUTER_BOUND('',#1869,.T.);
#1229=FACE_OUTER_BOUND('',#1870,.T.);
#1230=FACE_OUTER_BOUND('',#1871,.T.);
#1231=FACE_OUTER_BOUND('',#1872,.T.);
#1232=FACE_OUTER_BOUND('',#1873,.T.);
#1233=FACE_OUTER_BOUND('',#1874,.T.);
#1234=FACE_OUTER_BOUND('',#1875,.T.);
#1235=FACE_OUTER_BOUND('',#1876,.T.);
#1236=FACE_OUTER_BOUND('',#1877,.T.);
#1237=FACE_OUTER_BOUND('',#1878,.T.);
#1238=FACE_OUTER_BOUND('',#1879,.T.);
#1239=FACE_OUTER_BOUND('',#1880,.T.);
#1240=FACE_OUTER_BOUND('',#1881,.T.);
#1241=FACE_OUTER_BOUND('',#1882,.T.);
#1242=FACE_OUTER_BOUND('',#1883,.T.);
#1243=FACE_OUTER_BOUND('',#1884,.T.);
#1244=FACE_OUTER_BOUND('',#1885,.T.);
#1245=FACE_OUTER_BOUND('',#1886,.T.);
#1246=FACE_OUTER_BOUND('',#1887,.T.);
#1247=FACE_OUTER_BOUND('',#1888,.T.);
#1248=FACE_OUTER_BOUND('',#1889,.T.);
#1249=FACE_OUTER_BOUND('',#1890,.T.);
#1250=FACE_OUTER_BOUND('',#1891,.T.);
#1251=FACE_OUTER_BOUND('',#1892,.T.);
#1252=FACE_OUTER_BOUND('',#1893,.T.);
#1253=FACE_OUTER_BOUND('',#1894,.T.);
#1254=FACE_OUTER_BOUND('',#1895,.T.);
#1255=FACE_OUTER_BOUND('',#1896,.T.);
#1256=FACE_OUTER_BOUND('',#1897,.T.);
#1257=FACE_OUTER_BOUND('',#1898,.T.);
#1258=FACE_OUTER_BOUND('',#1899,.T.);
#1259=FACE_OUTER_BOUND('',#1900,.T.);
#1260=FACE_OUTER_BOUND('',#1901,.T.);
#1261=FACE_OUTER_BOUND('',#1902,.T.);
#1262=FACE_OUTER_BOUND('',#1903,.T.);
#1263=FACE_OUTER_BOUND('',#1904,.T.);
#1264=FACE_OUTER_BOUND('',#1905,.T.);
#1265=FACE_OUTER_BOUND('',#1906,.T.);
#1266=FACE_OUTER_BOUND('',#1907,.T.);
#1267=FACE_OUTER_BOUND('',#1908,.T.);
#1268=FACE_OUTER_BOUND('',#1909,.T.);
#1269=FACE_OUTER_BOUND('',#1910,.T.);
#1270=FACE_OUTER_BOUND('',#1911,.T.);
#1271=FACE_OUTER_BOUND('',#1912,.T.);
#1272=FACE_OUTER_BOUND('',#1913,.T.);
#1273=FACE_OUTER_BOUND('',#1914,.T.);
#1274=FACE_OUTER_BOUND('',#1915,.T.);
#1275=FACE_OUTER_BOUND('',#1916,.T.);
#1276=FACE_OUTER_BOUND('',#1917,.T.);
#1277=FACE_OUTER_BOUND('',#1918,.T.);
#1278=FACE_OUTER_BOUND('',#1919,.T.);
#1279=FACE_OUTER_BOUND('',#1920,.T.);
#1280=FACE_OUTER_BOUND('',#1921,.T.);
#1281=FACE_OUTER_BOUND('',#1922,.T.);
#1282=FACE_OUTER_BOUND('',#1923,.T.);
#1283=FACE_OUTER_BOUND('',#1924,.T.);
#1284=FACE_OUTER_BOUND('',#1925,.T.);
#1285=FACE_OUTER_BOUND('',#1926,.T.);
#1286=FACE_OUTER_BOUND('',#1927,.T.);
#1287=FACE_OUTER_BOUND('',#1928,.T.);
#1288=FACE_OUTER_BOUND('',#1929,.T.);
#1289=FACE_OUTER_BOUND('',#1930,.T.);
#1290=FACE_OUTER_BOUND('',#1931,.T.);
#1291=FACE_OUTER_BOUND('',#1932,.T.);
#1292=FACE_OUTER_BOUND('',#1933,.T.);
#1293=FACE_OUTER_BOUND('',#1934,.T.);
#1294=FACE_OUTER_BOUND('',#1935,.T.);
#1295=FACE_OUTER_BOUND('',#1936,.T.);
#1296=FACE_OUTER_BOUND('',#1937,.T.);
#1297=FACE_OUTER_BOUND('',#1938,.T.);
#1298=FACE_OUTER_BOUND('',#1939,.T.);
#1299=FACE_OUTER_BOUND('',#1940,.T.);
#1300=FACE_OUTER_BOUND('',#1941,.T.);
#1301=FACE_OUTER_BOUND('',#1942,.T.);
#1302=FACE_OUTER_BOUND('',#1943,.T.);
#1303=FACE_OUTER_BOUND('',#1944,.T.);
#1304=FACE_OUTER_BOUND('',#1945,.T.);
#1305=FACE_OUTER_BOUND('',#1946,.T.);
#1306=FACE_OUTER_BOUND('',#1947,.T.);
#1307=FACE_OUTER_BOUND('',#1948,.T.);
#1308=FACE_OUTER_BOUND('',#1949,.T.);
#1309=FACE_OUTER_BOUND('',#1950,.T.);
#1310=FACE_OUTER_BOUND('',#1951,.T.);
#1311=FACE_OUTER_BOUND('',#1952,.T.);
#1312=FACE_OUTER_BOUND('',#1953,.T.);
#1313=FACE_OUTER_BOUND('',#1954,.T.);
#1314=FACE_OUTER_BOUND('',#1955,.T.);
#1315=FACE_OUTER_BOUND('',#1956,.T.);
#1316=FACE_OUTER_BOUND('',#1957,.T.);
#1317=FACE_OUTER_BOUND('',#1958,.T.);
#1318=FACE_OUTER_BOUND('',#1959,.T.);
#1319=FACE_OUTER_BOUND('',#1960,.T.);
#1320=FACE_OUTER_BOUND('',#1961,.T.);
#1321=FACE_OUTER_BOUND('',#1962,.T.);
#1322=FACE_OUTER_BOUND('',#1963,.T.);
#1323=FACE_OUTER_BOUND('',#1964,.T.);
#1324=FACE_OUTER_BOUND('',#1965,.T.);
#1325=FACE_OUTER_BOUND('',#1966,.T.);
#1326=FACE_OUTER_BOUND('',#1967,.T.);
#1327=FACE_OUTER_BOUND('',#1968,.T.);
#1328=FACE_OUTER_BOUND('',#1969,.T.);
#1329=FACE_OUTER_BOUND('',#1970,.T.);
#1330=FACE_OUTER_BOUND('',#1971,.T.);
#1331=FACE_OUTER_BOUND('',#1972,.T.);
#1332=FACE_OUTER_BOUND('',#1973,.T.);
#1333=FACE_OUTER_BOUND('',#1974,.T.);
#1334=FACE_OUTER_BOUND('',#1975,.T.);
#1335=FACE_OUTER_BOUND('',#1976,.T.);
#1336=FACE_OUTER_BOUND('',#1977,.T.);
#1337=FACE_OUTER_BOUND('',#1978,.T.);
#1338=FACE_OUTER_BOUND('',#1979,.T.);
#1339=FACE_OUTER_BOUND('',#1980,.T.);
#1340=FACE_OUTER_BOUND('',#1981,.T.);
#1341=FACE_OUTER_BOUND('',#1982,.T.);
#1342=FACE_OUTER_BOUND('',#1983,.T.);
#1343=FACE_OUTER_BOUND('',#1984,.T.);
#1344=FACE_OUTER_BOUND('',#1985,.T.);
#1345=FACE_OUTER_BOUND('',#1986,.T.);
#1346=FACE_OUTER_BOUND('',#1987,.T.);
#1347=FACE_OUTER_BOUND('',#1988,.T.);
#1348=FACE_OUTER_BOUND('',#1989,.T.);
#1349=FACE_OUTER_BOUND('',#1990,.T.);
#1350=FACE_OUTER_BOUND('',#1991,.T.);
#1351=FACE_OUTER_BOUND('',#1992,.T.);
#1352=FACE_OUTER_BOUND('',#1993,.T.);
#1353=FACE_OUTER_BOUND('',#1994,.T.);
#1354=FACE_OUTER_BOUND('',#1995,.T.);
#1355=FACE_OUTER_BOUND('',#1996,.T.);
#1356=FACE_OUTER_BOUND('',#1997,.T.);
#1357=FACE_OUTER_BOUND('',#1998,.T.);
#1358=FACE_OUTER_BOUND('',#1999,.T.);
#1359=FACE_OUTER_BOUND('',#2000,.T.);
#1360=FACE_OUTER_BOUND('',#2001,.T.);
#1361=FACE_OUTER_BOUND('',#2002,.T.);
#1362=FACE_OUTER_BOUND('',#2003,.T.);
#1363=FACE_OUTER_BOUND('',#2004,.T.);
#1364=FACE_OUTER_BOUND('',#2005,.T.);
#1365=FACE_OUTER_BOUND('',#2006,.T.);
#1366=FACE_OUTER_BOUND('',#2007,.T.);
#1367=FACE_OUTER_BOUND('',#2008,.T.);
#1368=FACE_OUTER_BOUND('',#2009,.T.);
#1369=FACE_OUTER_BOUND('',#2010,.T.);
#1370=FACE_OUTER_BOUND('',#2011,.T.);
#1371=FACE_OUTER_BOUND('',#2012,.T.);
#1372=FACE_OUTER_BOUND('',#2013,.T.);
#1373=FACE_OUTER_BOUND('',#2014,.T.);
#1374=FACE_OUTER_BOUND('',#2015,.T.);
#1375=FACE_OUTER_BOUND('',#2016,.T.);
#1376=FACE_OUTER_BOUND('',#2017,.T.);
#1377=FACE_OUTER_BOUND('',#2018,.T.);
#1378=FACE_OUTER_BOUND('',#2019,.T.);
#1379=FACE_OUTER_BOUND('',#2020,.T.);
#1380=FACE_OUTER_BOUND('',#2021,.T.);
#1381=FACE_OUTER_BOUND('',#2022,.T.);
#1382=FACE_OUTER_BOUND('',#2023,.T.);
#1383=FACE_OUTER_BOUND('',#2024,.T.);
#1384=FACE_OUTER_BOUND('',#2025,.T.);
#1385=FACE_OUTER_BOUND('',#2026,.T.);
#1386=FACE_OUTER_BOUND('',#2027,.T.);
#1387=FACE_OUTER_BOUND('',#2028,.T.);
#1388=FACE_OUTER_BOUND('',#2029,.T.);
#1389=FACE_OUTER_BOUND('',#2030,.T.);
#1390=FACE_OUTER_BOUND('',#2031,.T.);
#1391=FACE_OUTER_BOUND('',#2032,.T.);
#1392=FACE_OUTER_BOUND('',#2033,.T.);
#1393=FACE_OUTER_BOUND('',#2034,.T.);
#1394=FACE_OUTER_BOUND('',#2035,.T.);
#1395=FACE_OUTER_BOUND('',#2036,.T.);
#1396=FACE_OUTER_BOUND('',#2037,.T.);
#1397=FACE_OUTER_BOUND('',#2038,.T.);
#1398=FACE_OUTER_BOUND('',#2039,.T.);
#1399=FACE_OUTER_BOUND('',#2040,.T.);
#1400=FACE_OUTER_BOUND('',#2041,.T.);
#1401=FACE_OUTER_BOUND('',#2042,.T.);
#1402=FACE_OUTER_BOUND('',#2043,.T.);
#1403=FACE_OUTER_BOUND('',#2044,.T.);
#1404=FACE_OUTER_BOUND('',#2045,.T.);
#1405=FACE_OUTER_BOUND('',#2046,.T.);
#1406=FACE_OUTER_BOUND('',#2047,.T.);
#1407=FACE_OUTER_BOUND('',#2048,.T.);
#1408=FACE_OUTER_BOUND('',#2049,.T.);
#1409=FACE_OUTER_BOUND('',#2050,.T.);
#1410=FACE_OUTER_BOUND('',#2051,.T.);
#1411=FACE_OUTER_BOUND('',#2052,.T.);
#1412=FACE_OUTER_BOUND('',#2053,.T.);
#1413=FACE_OUTER_BOUND('',#2054,.T.);
#1414=FACE_OUTER_BOUND('',#2055,.T.);
#1415=FACE_OUTER_BOUND('',#2056,.T.);
#1416=FACE_OUTER_BOUND('',#2057,.T.);
#1417=FACE_OUTER_BOUND('',#2058,.T.);
#1418=FACE_OUTER_BOUND('',#2059,.T.);
#1419=FACE_OUTER_BOUND('',#2060,.T.);
#1420=FACE_OUTER_BOUND('',#2061,.T.);
#1421=FACE_OUTER_BOUND('',#2062,.T.);
#1422=FACE_OUTER_BOUND('',#2063,.T.);
#1423=FACE_OUTER_BOUND('',#2064,.T.);
#1424=FACE_OUTER_BOUND('',#2065,.T.);
#1425=FACE_OUTER_BOUND('',#2066,.T.);
#1426=FACE_OUTER_BOUND('',#2067,.T.);
#1427=FACE_OUTER_BOUND('',#2068,.T.);
#1428=FACE_OUTER_BOUND('',#2069,.T.);
#1429=FACE_OUTER_BOUND('',#2070,.T.);
#1430=FACE_OUTER_BOUND('',#2071,.T.);
#1431=FACE_OUTER_BOUND('',#2072,.T.);
#1432=FACE_OUTER_BOUND('',#2073,.T.);
#1433=FACE_OUTER_BOUND('',#2074,.T.);
#1434=FACE_OUTER_BOUND('',#2075,.T.);
#1435=FACE_OUTER_BOUND('',#2076,.T.);
#1436=FACE_OUTER_BOUND('',#2077,.T.);
#1437=FACE_OUTER_BOUND('',#2078,.T.);
#1438=FACE_OUTER_BOUND('',#2079,.T.);
#1439=FACE_OUTER_BOUND('',#2080,.T.);
#1440=FACE_OUTER_BOUND('',#2081,.T.);
#1441=FACE_OUTER_BOUND('',#2082,.T.);
#1442=FACE_OUTER_BOUND('',#2083,.T.);
#1443=FACE_OUTER_BOUND('',#2084,.T.);
#1444=FACE_OUTER_BOUND('',#2085,.T.);
#1445=FACE_OUTER_BOUND('',#2086,.T.);
#1446=FACE_OUTER_BOUND('',#2087,.T.);
#1447=FACE_OUTER_BOUND('',#2088,.T.);
#1448=FACE_OUTER_BOUND('',#2089,.T.);
#1449=FACE_OUTER_BOUND('',#2090,.T.);
#1450=FACE_OUTER_BOUND('',#2091,.T.);
#1451=FACE_OUTER_BOUND('',#2092,.T.);
#1452=FACE_OUTER_BOUND('',#2093,.T.);
#1453=FACE_OUTER_BOUND('',#2094,.T.);
#1454=FACE_OUTER_BOUND('',#2095,.T.);
#1455=FACE_OUTER_BOUND('',#2096,.T.);
#1456=FACE_OUTER_BOUND('',#2097,.T.);
#1457=FACE_OUTER_BOUND('',#2098,.T.);
#1458=FACE_OUTER_BOUND('',#2099,.T.);
#1459=FACE_OUTER_BOUND('',#2100,.T.);
#1460=FACE_OUTER_BOUND('',#2101,.T.);
#1461=FACE_OUTER_BOUND('',#2102,.T.);
#1462=FACE_OUTER_BOUND('',#2103,.T.);
#1463=FACE_OUTER_BOUND('',#2104,.T.);
#1464=FACE_OUTER_BOUND('',#2105,.T.);
#1465=FACE_OUTER_BOUND('',#2106,.T.);
#1466=FACE_OUTER_BOUND('',#2107,.T.);
#1467=FACE_OUTER_BOUND('',#2108,.T.);
#1468=FACE_OUTER_BOUND('',#2109,.T.);
#1469=FACE_OUTER_BOUND('',#2110,.T.);
#1470=FACE_OUTER_BOUND('',#2111,.T.);
#1471=FACE_OUTER_BOUND('',#2112,.T.);
#1472=FACE_OUTER_BOUND('',#2113,.T.);
#1473=FACE_OUTER_BOUND('',#2114,.T.);
#1474=FACE_OUTER_BOUND('',#2115,.T.);
#1475=FACE_OUTER_BOUND('',#2116,.T.);
#1476=FACE_OUTER_BOUND('',#2117,.T.);
#1477=FACE_OUTER_BOUND('',#2118,.T.);
#1478=FACE_OUTER_BOUND('',#2119,.T.);
#1479=FACE_OUTER_BOUND('',#2120,.T.);
#1480=FACE_OUTER_BOUND('',#2121,.T.);
#1481=FACE_OUTER_BOUND('',#2122,.T.);
#1482=FACE_OUTER_BOUND('',#2123,.T.);
#1483=FACE_OUTER_BOUND('',#2124,.T.);
#1484=FACE_OUTER_BOUND('',#2125,.T.);
#1485=FACE_OUTER_BOUND('',#2126,.T.);
#1486=FACE_OUTER_BOUND('',#2127,.T.);
#1487=FACE_OUTER_BOUND('',#2128,.T.);
#1488=FACE_OUTER_BOUND('',#2129,.T.);
#1489=FACE_OUTER_BOUND('',#2130,.T.);
#1490=FACE_OUTER_BOUND('',#2131,.T.);
#1491=FACE_OUTER_BOUND('',#2132,.T.);
#1492=FACE_OUTER_BOUND('',#2133,.T.);
#1493=FACE_OUTER_BOUND('',#2134,.T.);
#1494=FACE_OUTER_BOUND('',#2135,.T.);
#1495=FACE_OUTER_BOUND('',#2136,.T.);
#1496=FACE_OUTER_BOUND('',#2137,.T.);
#1497=FACE_OUTER_BOUND('',#2138,.T.);
#1498=FACE_OUTER_BOUND('',#2139,.T.);
#1499=FACE_OUTER_BOUND('',#2140,.T.);
#1500=FACE_OUTER_BOUND('',#2141,.T.);
#1501=FACE_OUTER_BOUND('',#2142,.T.);
#1502=FACE_OUTER_BOUND('',#2143,.T.);
#1503=FACE_OUTER_BOUND('',#2144,.T.);
#1504=FACE_OUTER_BOUND('',#2145,.T.);
#1505=FACE_OUTER_BOUND('',#2146,.T.);
#1506=FACE_OUTER_BOUND('',#2147,.T.);
#1507=FACE_OUTER_BOUND('',#2148,.T.);
#1508=FACE_OUTER_BOUND('',#2149,.T.);
#1509=FACE_OUTER_BOUND('',#2150,.T.);
#1510=FACE_OUTER_BOUND('',#2151,.T.);
#1511=FACE_OUTER_BOUND('',#2152,.T.);
#1512=FACE_OUTER_BOUND('',#2153,.T.);
#1513=FACE_OUTER_BOUND('',#2154,.T.);
#1514=FACE_OUTER_BOUND('',#2155,.T.);
#1515=FACE_OUTER_BOUND('',#2156,.T.);
#1516=FACE_OUTER_BOUND('',#2157,.T.);
#1517=FACE_OUTER_BOUND('',#2158,.T.);
#1518=FACE_OUTER_BOUND('',#2159,.T.);
#1519=FACE_OUTER_BOUND('',#2160,.T.);
#1520=FACE_OUTER_BOUND('',#2161,.T.);
#1521=FACE_OUTER_BOUND('',#2162,.T.);
#1522=FACE_OUTER_BOUND('',#2163,.T.);
#1523=FACE_OUTER_BOUND('',#2164,.T.);
#1524=FACE_OUTER_BOUND('',#2165,.T.);
#1525=FACE_OUTER_BOUND('',#2166,.T.);
#1526=FACE_OUTER_BOUND('',#2167,.T.);
#1527=FACE_OUTER_BOUND('',#2168,.T.);
#1528=FACE_OUTER_BOUND('',#2169,.T.);
#1529=FACE_OUTER_BOUND('',#2170,.T.);
#1530=FACE_OUTER_BOUND('',#2171,.T.);
#1531=FACE_OUTER_BOUND('',#2172,.T.);
#1532=FACE_OUTER_BOUND('',#2173,.T.);
#1533=FACE_OUTER_BOUND('',#2174,.T.);
#1534=FACE_OUTER_BOUND('',#2175,.T.);
#1535=FACE_OUTER_BOUND('',#2176,.T.);
#1536=FACE_OUTER_BOUND('',#2177,.T.);
#1537=FACE_OUTER_BOUND('',#2178,.T.);
#1538=FACE_OUTER_BOUND('',#2179,.T.);
#1539=FACE_OUTER_BOUND('',#2180,.T.);
#1540=FACE_OUTER_BOUND('',#2181,.T.);
#1541=FACE_OUTER_BOUND('',#2182,.T.);
#1542=FACE_OUTER_BOUND('',#2183,.T.);
#1543=FACE_OUTER_BOUND('',#2184,.T.);
#1544=FACE_OUTER_BOUND('',#2185,.T.);
#1545=FACE_OUTER_BOUND('',#2186,.T.);
#1546=FACE_OUTER_BOUND('',#2187,.T.);
#1547=FACE_OUTER_BOUND('',#2188,.T.);
#1548=FACE_OUTER_BOUND('',#2189,.T.);
#1549=FACE_OUTER_BOUND('',#2190,.T.);
#1550=FACE_OUTER_BOUND('',#2191,.T.);
#1551=FACE_OUTER_BOUND('',#2192,.T.);
#1552=FACE_OUTER_BOUND('',#2193,.T.);
#1553=FACE_OUTER_BOUND('',#2194,.T.);
#1554=FACE_OUTER_BOUND('',#2195,.T.);
#1555=FACE_OUTER_BOUND('',#2196,.T.);
#1556=FACE_OUTER_BOUND('',#2197,.T.);
#1557=FACE_OUTER_BOUND('',#2198,.T.);
#1558=FACE_OUTER_BOUND('',#2199,.T.);
#1559=FACE_OUTER_BOUND('',#2200,.T.);
#1560=FACE_OUTER_BOUND('',#2201,.T.);
#1561=FACE_OUTER_BOUND('',#2202,.T.);
#1562=FACE_OUTER_BOUND('',#2203,.T.);
#1563=FACE_OUTER_BOUND('',#2204,.T.);
#1564=FACE_OUTER_BOUND('',#2205,.T.);
#1565=FACE_OUTER_BOUND('',#2206,.T.);
#1566=FACE_OUTER_BOUND('',#2207,.T.);
#1567=FACE_OUTER_BOUND('',#2208,.T.);
#1568=FACE_OUTER_BOUND('',#2209,.T.);
#1569=FACE_OUTER_BOUND('',#2210,.T.);
#1570=FACE_OUTER_BOUND('',#2211,.T.);
#1571=FACE_OUTER_BOUND('',#2212,.T.);
#1572=FACE_OUTER_BOUND('',#2213,.T.);
#1573=FACE_OUTER_BOUND('',#2214,.T.);
#1574=FACE_OUTER_BOUND('',#2215,.T.);
#1575=FACE_OUTER_BOUND('',#2216,.T.);
#1576=FACE_OUTER_BOUND('',#2217,.T.);
#1577=FACE_OUTER_BOUND('',#2218,.T.);
#1578=FACE_OUTER_BOUND('',#2219,.T.);
#1579=FACE_OUTER_BOUND('',#2220,.T.);
#1580=FACE_OUTER_BOUND('',#2221,.T.);
#1581=FACE_OUTER_BOUND('',#2222,.T.);
#1582=FACE_OUTER_BOUND('',#2223,.T.);
#1583=FACE_OUTER_BOUND('',#2224,.T.);
#1584=FACE_OUTER_BOUND('',#2225,.T.);
#1585=FACE_OUTER_BOUND('',#2226,.T.);
#1586=FACE_OUTER_BOUND('',#2227,.T.);
#1587=FACE_OUTER_BOUND('',#2228,.T.);
#1588=FACE_OUTER_BOUND('',#2229,.T.);
#1589=FACE_OUTER_BOUND('',#2230,.T.);
#1590=FACE_OUTER_BOUND('',#2231,.T.);
#1591=FACE_OUTER_BOUND('',#2232,.T.);
#1592=FACE_OUTER_BOUND('',#2233,.T.);
#1593=FACE_OUTER_BOUND('',#2234,.T.);
#1594=FACE_OUTER_BOUND('',#2235,.T.);
#1595=FACE_OUTER_BOUND('',#2236,.T.);
#1596=FACE_OUTER_BOUND('',#2237,.T.);
#1597=FACE_OUTER_BOUND('',#2238,.T.);
#1598=FACE_OUTER_BOUND('',#2239,.T.);
#1599=FACE_OUTER_BOUND('',#2240,.T.);
#1600=FACE_OUTER_BOUND('',#2241,.T.);
#1601=FACE_OUTER_BOUND('',#2242,.T.);
#1602=FACE_OUTER_BOUND('',#2243,.T.);
#1603=FACE_OUTER_BOUND('',#2244,.T.);
#1604=FACE_OUTER_BOUND('',#2245,.T.);
#1605=FACE_OUTER_BOUND('',#2246,.T.);
#1606=FACE_OUTER_BOUND('',#2247,.T.);
#1607=FACE_OUTER_BOUND('',#2248,.T.);
#1608=FACE_OUTER_BOUND('',#2249,.T.);
#1609=FACE_OUTER_BOUND('',#2250,.T.);
#1610=FACE_OUTER_BOUND('',#2251,.T.);
#1611=FACE_OUTER_BOUND('',#2252,.T.);
#1612=FACE_OUTER_BOUND('',#2253,.T.);
#1613=FACE_OUTER_BOUND('',#2254,.T.);
#1614=FACE_OUTER_BOUND('',#2255,.T.);
#1615=FACE_OUTER_BOUND('',#2256,.T.);
#1616=FACE_OUTER_BOUND('',#2257,.T.);
#1617=FACE_OUTER_BOUND('',#2258,.T.);
#1618=FACE_OUTER_BOUND('',#2259,.T.);
#1619=FACE_OUTER_BOUND('',#2260,.T.);
#1620=FACE_OUTER_BOUND('',#2261,.T.);
#1621=FACE_OUTER_BOUND('',#2262,.T.);
#1622=FACE_OUTER_BOUND('',#2263,.T.);
#1623=FACE_OUTER_BOUND('',#2264,.T.);
#1624=FACE_OUTER_BOUND('',#2265,.T.);
#1625=FACE_OUTER_BOUND('',#2266,.T.);
#1626=FACE_OUTER_BOUND('',#2267,.T.);
#1627=FACE_OUTER_BOUND('',#2268,.T.);
#1628=FACE_OUTER_BOUND('',#2269,.T.);
#1629=FACE_OUTER_BOUND('',#2270,.T.);
#1630=FACE_OUTER_BOUND('',#2271,.T.);
#1631=FACE_OUTER_BOUND('',#2272,.T.);
#1632=FACE_OUTER_BOUND('',#2273,.T.);
#1633=FACE_OUTER_BOUND('',#2274,.T.);
#1634=FACE_OUTER_BOUND('',#2275,.T.);
#1635=FACE_OUTER_BOUND('',#2276,.T.);
#1636=FACE_OUTER_BOUND('',#2277,.T.);
#1637=FACE_OUTER_BOUND('',#2278,.T.);
#1638=FACE_OUTER_BOUND('',#2279,.T.);
#1639=FACE_OUTER_BOUND('',#2280,.T.);
#1640=FACE_OUTER_BOUND('',#2281,.T.);
#1641=FACE_OUTER_BOUND('',#2282,.T.);
#1642=FACE_OUTER_BOUND('',#2283,.T.);
#1643=FACE_OUTER_BOUND('',#2284,.T.);
#1644=FACE_OUTER_BOUND('',#2285,.T.);
#1645=FACE_OUTER_BOUND('',#2286,.T.);
#1646=FACE_OUTER_BOUND('',#2287,.T.);
#1647=FACE_OUTER_BOUND('',#2288,.T.);
#1648=FACE_OUTER_BOUND('',#2289,.T.);
#1649=FACE_OUTER_BOUND('',#2290,.T.);
#1650=FACE_OUTER_BOUND('',#2291,.T.);
#1651=FACE_OUTER_BOUND('',#2292,.T.);
#1652=FACE_OUTER_BOUND('',#2293,.T.);
#1653=FACE_OUTER_BOUND('',#2294,.T.);
#1654=FACE_OUTER_BOUND('',#2295,.T.);
#1655=FACE_OUTER_BOUND('',#2296,.T.);
#1656=FACE_OUTER_BOUND('',#2297,.T.);
#1657=FACE_OUTER_BOUND('',#2298,.T.);
#1658=FACE_OUTER_BOUND('',#2299,.T.);
#1659=FACE_OUTER_BOUND('',#2300,.T.);
#1660=FACE_OUTER_BOUND('',#2301,.T.);
#1661=FACE_OUTER_BOUND('',#2302,.T.);
#1662=FACE_OUTER_BOUND('',#2303,.T.);
#1663=FACE_OUTER_BOUND('',#2304,.T.);
#1664=FACE_OUTER_BOUND('',#2305,.T.);
#1665=FACE_OUTER_BOUND('',#2306,.T.);
#1666=FACE_OUTER_BOUND('',#2307,.T.);
#1667=FACE_OUTER_BOUND('',#2308,.T.);
#1668=FACE_OUTER_BOUND('',#2309,.T.);
#1669=FACE_OUTER_BOUND('',#2310,.T.);
#1670=FACE_OUTER_BOUND('',#2311,.T.);
#1671=FACE_OUTER_BOUND('',#2312,.T.);
#1672=FACE_OUTER_BOUND('',#2313,.T.);
#1673=FACE_OUTER_BOUND('',#2314,.T.);
#1674=FACE_OUTER_BOUND('',#2315,.T.);
#1675=FACE_OUTER_BOUND('',#2316,.T.);
#1676=FACE_OUTER_BOUND('',#2317,.T.);
#1677=FACE_OUTER_BOUND('',#2318,.T.);
#1678=FACE_OUTER_BOUND('',#2319,.T.);
#1679=FACE_OUTER_BOUND('',#2320,.T.);
#1680=FACE_OUTER_BOUND('',#2321,.T.);
#1681=FACE_OUTER_BOUND('',#2322,.T.);
#1682=FACE_OUTER_BOUND('',#2323,.T.);
#1683=FACE_OUTER_BOUND('',#2324,.T.);
#1684=FACE_OUTER_BOUND('',#2325,.T.);
#1685=FACE_OUTER_BOUND('',#2326,.T.);
#1686=FACE_OUTER_BOUND('',#2327,.T.);
#1687=FACE_OUTER_BOUND('',#2328,.T.);
#1688=FACE_OUTER_BOUND('',#2329,.T.);
#1689=FACE_OUTER_BOUND('',#2330,.T.);
#1690=FACE_OUTER_BOUND('',#2331,.T.);
#1691=FACE_OUTER_BOUND('',#2332,.T.);
#1692=FACE_OUTER_BOUND('',#2333,.T.);
#1693=FACE_OUTER_BOUND('',#2334,.T.);
#1694=FACE_OUTER_BOUND('',#2335,.T.);
#1695=FACE_OUTER_BOUND('',#2336,.T.);
#1696=FACE_OUTER_BOUND('',#2337,.T.);
#1697=FACE_OUTER_BOUND('',#2338,.T.);
#1698=FACE_OUTER_BOUND('',#2339,.T.);
#1699=FACE_OUTER_BOUND('',#2340,.T.);
#1700=FACE_OUTER_BOUND('',#2341,.T.);
#1701=FACE_OUTER_BOUND('',#2342,.T.);
#1702=FACE_OUTER_BOUND('',#2343,.T.);
#1703=FACE_OUTER_BOUND('',#2344,.T.);
#1704=FACE_OUTER_BOUND('',#2345,.T.);
#1705=FACE_OUTER_BOUND('',#2346,.T.);
#1706=FACE_OUTER_BOUND('',#2347,.T.);
#1707=FACE_OUTER_BOUND('',#2348,.T.);
#1708=FACE_OUTER_BOUND('',#2349,.T.);
#1709=FACE_OUTER_BOUND('',#2350,.T.);
#1710=FACE_OUTER_BOUND('',#2351,.T.);
#1711=FACE_OUTER_BOUND('',#2352,.T.);
#1712=FACE_OUTER_BOUND('',#2353,.T.);
#1713=FACE_OUTER_BOUND('',#2354,.T.);
#1714=FACE_OUTER_BOUND('',#2355,.T.);
#1715=FACE_OUTER_BOUND('',#2356,.T.);
#1716=FACE_OUTER_BOUND('',#2357,.T.);
#1717=FACE_OUTER_BOUND('',#2358,.T.);
#1718=FACE_OUTER_BOUND('',#2359,.T.);
#1719=FACE_OUTER_BOUND('',#2360,.T.);
#1720=FACE_OUTER_BOUND('',#2361,.T.);
#1721=FACE_OUTER_BOUND('',#2362,.T.);
#1722=FACE_OUTER_BOUND('',#2363,.T.);
#1723=FACE_OUTER_BOUND('',#2364,.T.);
#1724=FACE_OUTER_BOUND('',#2365,.T.);
#1725=FACE_OUTER_BOUND('',#2366,.T.);
#1726=FACE_OUTER_BOUND('',#2367,.T.);
#1727=FACE_OUTER_BOUND('',#2368,.T.);
#1728=FACE_OUTER_BOUND('',#2369,.T.);
#1729=FACE_OUTER_BOUND('',#2370,.T.);
#1730=FACE_OUTER_BOUND('',#2371,.T.);
#1731=FACE_OUTER_BOUND('',#2372,.T.);
#1732=FACE_OUTER_BOUND('',#2373,.T.);
#1733=FACE_OUTER_BOUND('',#2374,.T.);
#1734=FACE_OUTER_BOUND('',#2375,.T.);
#1735=FACE_OUTER_BOUND('',#2376,.T.);
#1736=FACE_OUTER_BOUND('',#2377,.T.);
#1737=FACE_OUTER_BOUND('',#2378,.T.);
#1738=FACE_OUTER_BOUND('',#2379,.T.);
#1739=FACE_OUTER_BOUND('',#2380,.T.);
#1740=FACE_OUTER_BOUND('',#2381,.T.);
#1741=FACE_OUTER_BOUND('',#2382,.T.);
#1742=FACE_OUTER_BOUND('',#2383,.T.);
#1743=FACE_OUTER_BOUND('',#2384,.T.);
#1744=FACE_OUTER_BOUND('',#2385,.T.);
#1745=FACE_OUTER_BOUND('',#2386,.T.);
#1746=FACE_OUTER_BOUND('',#2387,.T.);
#1747=FACE_OUTER_BOUND('',#2388,.T.);
#1748=FACE_OUTER_BOUND('',#2389,.T.);
#1749=FACE_OUTER_BOUND('',#2390,.T.);
#1750=FACE_OUTER_BOUND('',#2391,.T.);
#1751=FACE_OUTER_BOUND('',#2392,.T.);
#1752=FACE_OUTER_BOUND('',#2393,.T.);
#1753=FACE_OUTER_BOUND('',#2394,.T.);
#1754=FACE_OUTER_BOUND('',#2395,.T.);
#1755=FACE_OUTER_BOUND('',#2396,.T.);
#1756=FACE_OUTER_BOUND('',#2397,.T.);
#1757=FACE_OUTER_BOUND('',#2398,.T.);
#1758=FACE_OUTER_BOUND('',#2399,.T.);
#1759=FACE_OUTER_BOUND('',#2400,.T.);
#1760=FACE_OUTER_BOUND('',#2401,.T.);
#1761=FACE_OUTER_BOUND('',#2402,.T.);
#1762=FACE_OUTER_BOUND('',#2403,.T.);
#1763=FACE_OUTER_BOUND('',#2404,.T.);
#1764=FACE_OUTER_BOUND('',#2405,.T.);
#1765=FACE_OUTER_BOUND('',#2406,.T.);
#1766=FACE_OUTER_BOUND('',#2407,.T.);
#1767=FACE_OUTER_BOUND('',#2408,.T.);
#1768=FACE_OUTER_BOUND('',#2409,.T.);
#1769=FACE_OUTER_BOUND('',#2410,.T.);
#1770=FACE_OUTER_BOUND('',#2411,.T.);
#1771=FACE_OUTER_BOUND('',#2412,.T.);
#1772=FACE_OUTER_BOUND('',#2413,.T.);
#1773=FACE_OUTER_BOUND('',#2414,.T.);
#1774=FACE_OUTER_BOUND('',#2415,.T.);
#1775=FACE_OUTER_BOUND('',#2416,.T.);
#1776=FACE_OUTER_BOUND('',#2417,.T.);
#1777=FACE_OUTER_BOUND('',#2418,.T.);
#1778=FACE_OUTER_BOUND('',#2419,.T.);
#1779=FACE_OUTER_BOUND('',#2420,.T.);
#1780=FACE_OUTER_BOUND('',#2421,.T.);
#1781=FACE_OUTER_BOUND('',#2422,.T.);
#1782=FACE_OUTER_BOUND('',#2423,.T.);
#1783=FACE_OUTER_BOUND('',#2424,.T.);
#1784=FACE_OUTER_BOUND('',#2425,.T.);
#1785=FACE_OUTER_BOUND('',#2426,.T.);
#1786=FACE_OUTER_BOUND('',#2427,.T.);
#1787=FACE_OUTER_BOUND('',#2428,.T.);
#1788=FACE_OUTER_BOUND('',#2429,.T.);
#1789=FACE_OUTER_BOUND('',#2430,.T.);
#1790=FACE_OUTER_BOUND('',#2431,.T.);
#1791=FACE_OUTER_BOUND('',#2432,.T.);
#1792=FACE_OUTER_BOUND('',#2433,.T.);
#1793=FACE_OUTER_BOUND('',#2434,.T.);
#1794=FACE_OUTER_BOUND('',#2435,.T.);
#1795=FACE_OUTER_BOUND('',#2436,.T.);
#1796=FACE_OUTER_BOUND('',#2437,.T.);
#1797=FACE_OUTER_BOUND('',#2438,.T.);
#1798=FACE_OUTER_BOUND('',#2439,.T.);
#1799=FACE_OUTER_BOUND('',#2440,.T.);
#1800=FACE_OUTER_BOUND('',#2441,.T.);
#1801=FACE_OUTER_BOUND('',#2442,.T.);
#1802=FACE_OUTER_BOUND('',#2443,.T.);
#1803=FACE_OUTER_BOUND('',#2444,.T.);
#1804=FACE_OUTER_BOUND('',#2445,.T.);
#1805=FACE_OUTER_BOUND('',#2446,.T.);
#1806=FACE_OUTER_BOUND('',#2447,.T.);
#1807=FACE_OUTER_BOUND('',#2448,.T.);
#1808=FACE_OUTER_BOUND('',#2449,.T.);
#1809=EDGE_LOOP('',(#6331,#6332,#6333,#6334));
#1810=EDGE_LOOP('',(#6335,#6336,#6337,#6338));
#1811=EDGE_LOOP('',(#6339,#6340,#6341,#6342));
#1812=EDGE_LOOP('',(#6343,#6344,#6345,#6346));
#1813=EDGE_LOOP('',(#6347,#6348,#6349,#6350));
#1814=EDGE_LOOP('',(#6351,#6352,#6353,#6354));
#1815=EDGE_LOOP('',(#6355,#6356,#6357,#6358));
#1816=EDGE_LOOP('',(#6359,#6360,#6361,#6362));
#1817=EDGE_LOOP('',(#6363,#6364,#6365,#6366));
#1818=EDGE_LOOP('',(#6367,#6368,#6369,#6370));
#1819=EDGE_LOOP('',(#6371,#6372,#6373,#6374));
#1820=EDGE_LOOP('',(#6375,#6376,#6377,#6378));
#1821=EDGE_LOOP('',(#6379,#6380,#6381,#6382));
#1822=EDGE_LOOP('',(#6383,#6384,#6385,#6386));
#1823=EDGE_LOOP('',(#6387,#6388,#6389,#6390));
#1824=EDGE_LOOP('',(#6391,#6392,#6393,#6394));
#1825=EDGE_LOOP('',(#6395,#6396,#6397,#6398));
#1826=EDGE_LOOP('',(#6399,#6400,#6401,#6402));
#1827=EDGE_LOOP('',(#6403,#6404,#6405,#6406));
#1828=EDGE_LOOP('',(#6407,#6408,#6409,#6410));
#1829=EDGE_LOOP('',(#6411,#6412,#6413,#6414));
#1830=EDGE_LOOP('',(#6415,#6416,#6417,#6418,#6419,#6420,#6421,#6422,#6423,
#6424,#6425,#6426,#6427,#6428));
#1831=EDGE_LOOP('',(#6429,#6430,#6431,#6432,#6433,#6434,#6435));
#1832=EDGE_LOOP('',(#6436,#6437,#6438,#6439,#6440,#6441,#6442,#6443,#6444,
#6445,#6446,#6447,#6448,#6449,#6450,#6451,#6452,#6453,#6454,#6455,#6456,
#6457,#6458,#6459,#6460,#6461,#6462,#6463,#6464,#6465,#6466,#6467,#6468,
#6469,#6470,#6471,#6472,#6473,#6474,#6475,#6476,#6477,#6478,#6479,#6480,
#6481,#6482,#6483,#6484,#6485,#6486,#6487,#6488,#6489,#6490,#6491,#6492,
#6493,#6494,#6495));
#1833=EDGE_LOOP('',(#6496,#6497,#6498,#6499,#6500,#6501,#6502,#6503,#6504,
#6505,#6506,#6507,#6508,#6509));
#1834=EDGE_LOOP('',(#6510,#6511,#6512,#6513));
#1835=EDGE_LOOP('',(#6514,#6515,#6516));
#1836=EDGE_LOOP('',(#6517,#6518,#6519,#6520));
#1837=EDGE_LOOP('',(#6521,#6522,#6523));
#1838=EDGE_LOOP('',(#6524,#6525,#6526));
#1839=EDGE_LOOP('',(#6527,#6528,#6529,#6530));
#1840=EDGE_LOOP('',(#6531,#6532,#6533,#6534));
#1841=EDGE_LOOP('',(#6535,#6536,#6537,#6538));
#1842=EDGE_LOOP('',(#6539,#6540,#6541));
#1843=EDGE_LOOP('',(#6542,#6543,#6544));
#1844=EDGE_LOOP('',(#6545,#6546,#6547,#6548));
#1845=EDGE_LOOP('',(#6549,#6550,#6551));
#1846=EDGE_LOOP('',(#6552,#6553,#6554,#6555));
#1847=EDGE_LOOP('',(#6556,#6557,#6558,#6559));
#1848=EDGE_LOOP('',(#6560,#6561,#6562,#6563));
#1849=EDGE_LOOP('',(#6564,#6565,#6566,#6567));
#1850=EDGE_LOOP('',(#6568,#6569,#6570));
#1851=EDGE_LOOP('',(#6571,#6572,#6573,#6574));
#1852=EDGE_LOOP('',(#6575,#6576,#6577,#6578));
#1853=EDGE_LOOP('',(#6579,#6580,#6581));
#1854=EDGE_LOOP('',(#6582,#6583,#6584,#6585));
#1855=EDGE_LOOP('',(#6586,#6587,#6588,#6589,#6590,#6591,#6592,#6593));
#1856=EDGE_LOOP('',(#6594,#6595,#6596,#6597));
#1857=EDGE_LOOP('',(#6598,#6599,#6600,#6601));
#1858=EDGE_LOOP('',(#6602,#6603,#6604,#6605,#6606,#6607,#6608,#6609,#6610,
#6611));
#1859=EDGE_LOOP('',(#6612,#6613,#6614,#6615));
#1860=EDGE_LOOP('',(#6616,#6617,#6618,#6619));
#1861=EDGE_LOOP('',(#6620,#6621,#6622,#6623));
#1862=EDGE_LOOP('',(#6624,#6625,#6626,#6627));
#1863=EDGE_LOOP('',(#6628,#6629,#6630,#6631));
#1864=EDGE_LOOP('',(#6632,#6633,#6634,#6635));
#1865=EDGE_LOOP('',(#6636,#6637,#6638));
#1866=EDGE_LOOP('',(#6639,#6640,#6641,#6642));
#1867=EDGE_LOOP('',(#6643,#6644,#6645));
#1868=EDGE_LOOP('',(#6646,#6647,#6648,#6649));
#1869=EDGE_LOOP('',(#6650,#6651,#6652,#6653));
#1870=EDGE_LOOP('',(#6654,#6655,#6656));
#1871=EDGE_LOOP('',(#6657,#6658,#6659));
#1872=EDGE_LOOP('',(#6660,#6661,#6662,#6663));
#1873=EDGE_LOOP('',(#6664,#6665,#6666,#6667));
#1874=EDGE_LOOP('',(#6668,#6669,#6670));
#1875=EDGE_LOOP('',(#6671,#6672,#6673,#6674));
#1876=EDGE_LOOP('',(#6675,#6676,#6677));
#1877=EDGE_LOOP('',(#6678,#6679,#6680));
#1878=EDGE_LOOP('',(#6681,#6682,#6683));
#1879=EDGE_LOOP('',(#6684,#6685,#6686,#6687));
#1880=EDGE_LOOP('',(#6688,#6689,#6690,#6691));
#1881=EDGE_LOOP('',(#6692,#6693,#6694));
#1882=EDGE_LOOP('',(#6695,#6696,#6697,#6698));
#1883=EDGE_LOOP('',(#6699,#6700,#6701));
#1884=EDGE_LOOP('',(#6702,#6703,#6704,#6705));
#1885=EDGE_LOOP('',(#6706,#6707,#6708));
#1886=EDGE_LOOP('',(#6709,#6710,#6711,#6712));
#1887=EDGE_LOOP('',(#6713,#6714,#6715,#6716));
#1888=EDGE_LOOP('',(#6717,#6718,#6719,#6720));
#1889=EDGE_LOOP('',(#6721,#6722,#6723,#6724));
#1890=EDGE_LOOP('',(#6725,#6726,#6727,#6728));
#1891=EDGE_LOOP('',(#6729,#6730,#6731));
#1892=EDGE_LOOP('',(#6732,#6733,#6734,#6735));
#1893=EDGE_LOOP('',(#6736,#6737,#6738));
#1894=EDGE_LOOP('',(#6739,#6740,#6741,#6742));
#1895=EDGE_LOOP('',(#6743,#6744,#6745,#6746));
#1896=EDGE_LOOP('',(#6747,#6748,#6749,#6750));
#1897=EDGE_LOOP('',(#6751,#6752,#6753,#6754));
#1898=EDGE_LOOP('',(#6755,#6756,#6757,#6758));
#1899=EDGE_LOOP('',(#6759,#6760,#6761,#6762));
#1900=EDGE_LOOP('',(#6763,#6764,#6765,#6766));
#1901=EDGE_LOOP('',(#6767,#6768,#6769));
#1902=EDGE_LOOP('',(#6770,#6771,#6772,#6773));
#1903=EDGE_LOOP('',(#6774,#6775,#6776,#6777));
#1904=EDGE_LOOP('',(#6778,#6779,#6780,#6781));
#1905=EDGE_LOOP('',(#6782,#6783,#6784,#6785));
#1906=EDGE_LOOP('',(#6786,#6787,#6788));
#1907=EDGE_LOOP('',(#6789,#6790,#6791,#6792));
#1908=EDGE_LOOP('',(#6793,#6794,#6795));
#1909=EDGE_LOOP('',(#6796,#6797,#6798));
#1910=EDGE_LOOP('',(#6799,#6800,#6801,#6802));
#1911=EDGE_LOOP('',(#6803,#6804,#6805));
#1912=EDGE_LOOP('',(#6806,#6807,#6808,#6809));
#1913=EDGE_LOOP('',(#6810,#6811,#6812));
#1914=EDGE_LOOP('',(#6813,#6814,#6815,#6816));
#1915=EDGE_LOOP('',(#6817,#6818,#6819));
#1916=EDGE_LOOP('',(#6820,#6821,#6822,#6823));
#1917=EDGE_LOOP('',(#6824,#6825,#6826));
#1918=EDGE_LOOP('',(#6827,#6828,#6829,#6830));
#1919=EDGE_LOOP('',(#6831,#6832,#6833,#6834));
#1920=EDGE_LOOP('',(#6835,#6836,#6837));
#1921=EDGE_LOOP('',(#6838,#6839,#6840));
#1922=EDGE_LOOP('',(#6841,#6842,#6843));
#1923=EDGE_LOOP('',(#6844,#6845,#6846,#6847));
#1924=EDGE_LOOP('',(#6848,#6849,#6850));
#1925=EDGE_LOOP('',(#6851,#6852,#6853,#6854));
#1926=EDGE_LOOP('',(#6855,#6856,#6857,#6858));
#1927=EDGE_LOOP('',(#6859,#6860,#6861));
#1928=EDGE_LOOP('',(#6862,#6863,#6864,#6865));
#1929=EDGE_LOOP('',(#6866,#6867,#6868));
#1930=EDGE_LOOP('',(#6869,#6870,#6871,#6872));
#1931=EDGE_LOOP('',(#6873,#6874,#6875,#6876));
#1932=EDGE_LOOP('',(#6877,#6878,#6879,#6880));
#1933=EDGE_LOOP('',(#6881,#6882,#6883,#6884));
#1934=EDGE_LOOP('',(#6885,#6886,#6887,#6888));
#1935=EDGE_LOOP('',(#6889,#6890,#6891));
#1936=EDGE_LOOP('',(#6892,#6893,#6894,#6895));
#1937=EDGE_LOOP('',(#6896,#6897,#6898));
#1938=EDGE_LOOP('',(#6899,#6900,#6901,#6902));
#1939=EDGE_LOOP('',(#6903,#6904,#6905,#6906));
#1940=EDGE_LOOP('',(#6907,#6908,#6909,#6910));
#1941=EDGE_LOOP('',(#6911,#6912,#6913,#6914));
#1942=EDGE_LOOP('',(#6915,#6916,#6917,#6918));
#1943=EDGE_LOOP('',(#6919,#6920,#6921,#6922));
#1944=EDGE_LOOP('',(#6923,#6924,#6925,#6926));
#1945=EDGE_LOOP('',(#6927,#6928,#6929,#6930));
#1946=EDGE_LOOP('',(#6931,#6932,#6933));
#1947=EDGE_LOOP('',(#6934,#6935,#6936,#6937));
#1948=EDGE_LOOP('',(#6938,#6939,#6940,#6941));
#1949=EDGE_LOOP('',(#6942,#6943,#6944,#6945));
#1950=EDGE_LOOP('',(#6946,#6947,#6948,#6949));
#1951=EDGE_LOOP('',(#6950,#6951,#6952));
#1952=EDGE_LOOP('',(#6953,#6954,#6955,#6956));
#1953=EDGE_LOOP('',(#6957,#6958,#6959));
#1954=EDGE_LOOP('',(#6960,#6961,#6962,#6963));
#1955=EDGE_LOOP('',(#6964,#6965,#6966,#6967));
#1956=EDGE_LOOP('',(#6968,#6969,#6970,#6971));
#1957=EDGE_LOOP('',(#6972,#6973,#6974,#6975));
#1958=EDGE_LOOP('',(#6976,#6977,#6978,#6979));
#1959=EDGE_LOOP('',(#6980,#6981,#6982,#6983));
#1960=EDGE_LOOP('',(#6984,#6985,#6986,#6987));
#1961=EDGE_LOOP('',(#6988,#6989,#6990,#6991));
#1962=EDGE_LOOP('',(#6992,#6993,#6994,#6995));
#1963=EDGE_LOOP('',(#6996,#6997,#6998));
#1964=EDGE_LOOP('',(#6999,#7000,#7001,#7002));
#1965=EDGE_LOOP('',(#7003,#7004,#7005));
#1966=EDGE_LOOP('',(#7006,#7007,#7008,#7009));
#1967=EDGE_LOOP('',(#7010,#7011,#7012));
#1968=EDGE_LOOP('',(#7013,#7014,#7015,#7016));
#1969=EDGE_LOOP('',(#7017,#7018,#7019));
#1970=EDGE_LOOP('',(#7020,#7021,#7022,#7023));
#1971=EDGE_LOOP('',(#7024,#7025,#7026,#7027));
#1972=EDGE_LOOP('',(#7028,#7029,#7030));
#1973=EDGE_LOOP('',(#7031,#7032,#7033));
#1974=EDGE_LOOP('',(#7034,#7035,#7036,#7037));
#1975=EDGE_LOOP('',(#7038,#7039,#7040,#7041));
#1976=EDGE_LOOP('',(#7042,#7043,#7044,#7045));
#1977=EDGE_LOOP('',(#7046,#7047,#7048));
#1978=EDGE_LOOP('',(#7049,#7050,#7051,#7052));
#1979=EDGE_LOOP('',(#7053,#7054,#7055,#7056));
#1980=EDGE_LOOP('',(#7057,#7058,#7059));
#1981=EDGE_LOOP('',(#7060,#7061,#7062,#7063));
#1982=EDGE_LOOP('',(#7064,#7065,#7066));
#1983=EDGE_LOOP('',(#7067,#7068,#7069));
#1984=EDGE_LOOP('',(#7070,#7071,#7072,#7073));
#1985=EDGE_LOOP('',(#7074,#7075,#7076));
#1986=EDGE_LOOP('',(#7077,#7078,#7079,#7080));
#1987=EDGE_LOOP('',(#7081,#7082,#7083,#7084));
#1988=EDGE_LOOP('',(#7085,#7086,#7087));
#1989=EDGE_LOOP('',(#7088,#7089,#7090,#7091));
#1990=EDGE_LOOP('',(#7092,#7093,#7094));
#1991=EDGE_LOOP('',(#7095,#7096,#7097,#7098));
#1992=EDGE_LOOP('',(#7099,#7100,#7101));
#1993=EDGE_LOOP('',(#7102,#7103,#7104));
#1994=EDGE_LOOP('',(#7105,#7106,#7107,#7108));
#1995=EDGE_LOOP('',(#7109,#7110,#7111,#7112));
#1996=EDGE_LOOP('',(#7113,#7114,#7115));
#1997=EDGE_LOOP('',(#7116,#7117,#7118,#7119));
#1998=EDGE_LOOP('',(#7120,#7121,#7122,#7123));
#1999=EDGE_LOOP('',(#7124,#7125,#7126,#7127));
#2000=EDGE_LOOP('',(#7128,#7129,#7130,#7131));
#2001=EDGE_LOOP('',(#7132,#7133,#7134,#7135));
#2002=EDGE_LOOP('',(#7136,#7137,#7138));
#2003=EDGE_LOOP('',(#7139,#7140,#7141,#7142));
#2004=EDGE_LOOP('',(#7143,#7144,#7145,#7146));
#2005=EDGE_LOOP('',(#7147,#7148,#7149,#7150));
#2006=EDGE_LOOP('',(#7151,#7152,#7153));
#2007=EDGE_LOOP('',(#7154,#7155,#7156,#7157));
#2008=EDGE_LOOP('',(#7158,#7159,#7160));
#2009=EDGE_LOOP('',(#7161,#7162,#7163,#7164));
#2010=EDGE_LOOP('',(#7165,#7166,#7167));
#2011=EDGE_LOOP('',(#7168,#7169,#7170,#7171));
#2012=EDGE_LOOP('',(#7172,#7173,#7174));
#2013=EDGE_LOOP('',(#7175,#7176,#7177,#7178));
#2014=EDGE_LOOP('',(#7179,#7180,#7181,#7182));
#2015=EDGE_LOOP('',(#7183,#7184,#7185,#7186));
#2016=EDGE_LOOP('',(#7187,#7188,#7189,#7190));
#2017=EDGE_LOOP('',(#7191,#7192,#7193,#7194));
#2018=EDGE_LOOP('',(#7195,#7196,#7197,#7198));
#2019=EDGE_LOOP('',(#7199,#7200,#7201,#7202));
#2020=EDGE_LOOP('',(#7203,#7204,#7205,#7206));
#2021=EDGE_LOOP('',(#7207,#7208,#7209,#7210));
#2022=EDGE_LOOP('',(#7211,#7212,#7213,#7214));
#2023=EDGE_LOOP('',(#7215,#7216,#7217,#7218));
#2024=EDGE_LOOP('',(#7219,#7220,#7221,#7222));
#2025=EDGE_LOOP('',(#7223,#7224,#7225));
#2026=EDGE_LOOP('',(#7226,#7227,#7228,#7229));
#2027=EDGE_LOOP('',(#7230,#7231,#7232,#7233));
#2028=EDGE_LOOP('',(#7234,#7235,#7236));
#2029=EDGE_LOOP('',(#7237,#7238,#7239,#7240));
#2030=EDGE_LOOP('',(#7241,#7242,#7243,#7244));
#2031=EDGE_LOOP('',(#7245,#7246,#7247,#7248));
#2032=EDGE_LOOP('',(#7249,#7250,#7251,#7252));
#2033=EDGE_LOOP('',(#7253,#7254,#7255,#7256));
#2034=EDGE_LOOP('',(#7257,#7258,#7259,#7260));
#2035=EDGE_LOOP('',(#7261,#7262,#7263));
#2036=EDGE_LOOP('',(#7264,#7265,#7266));
#2037=EDGE_LOOP('',(#7267,#7268,#7269));
#2038=EDGE_LOOP('',(#7270,#7271,#7272,#7273));
#2039=EDGE_LOOP('',(#7274,#7275,#7276));
#2040=EDGE_LOOP('',(#7277,#7278,#7279,#7280));
#2041=EDGE_LOOP('',(#7281,#7282,#7283));
#2042=EDGE_LOOP('',(#7284,#7285,#7286,#7287));
#2043=EDGE_LOOP('',(#7288,#7289,#7290));
#2044=EDGE_LOOP('',(#7291,#7292,#7293));
#2045=EDGE_LOOP('',(#7294,#7295,#7296,#7297));
#2046=EDGE_LOOP('',(#7298,#7299,#7300));
#2047=EDGE_LOOP('',(#7301,#7302,#7303,#7304));
#2048=EDGE_LOOP('',(#7305,#7306,#7307));
#2049=EDGE_LOOP('',(#7308,#7309,#7310,#7311));
#2050=EDGE_LOOP('',(#7312,#7313,#7314,#7315));
#2051=EDGE_LOOP('',(#7316,#7317,#7318));
#2052=EDGE_LOOP('',(#7319,#7320,#7321,#7322));
#2053=EDGE_LOOP('',(#7323,#7324,#7325));
#2054=EDGE_LOOP('',(#7326,#7327,#7328));
#2055=EDGE_LOOP('',(#7329,#7330,#7331,#7332));
#2056=EDGE_LOOP('',(#7333,#7334,#7335,#7336));
#2057=EDGE_LOOP('',(#7337,#7338,#7339));
#2058=EDGE_LOOP('',(#7340,#7341,#7342,#7343));
#2059=EDGE_LOOP('',(#7344,#7345,#7346,#7347));
#2060=EDGE_LOOP('',(#7348,#7349,#7350,#7351));
#2061=EDGE_LOOP('',(#7352,#7353,#7354,#7355));
#2062=EDGE_LOOP('',(#7356,#7357,#7358,#7359));
#2063=EDGE_LOOP('',(#7360,#7361,#7362,#7363));
#2064=EDGE_LOOP('',(#7364,#7365,#7366,#7367));
#2065=EDGE_LOOP('',(#7368,#7369,#7370,#7371));
#2066=EDGE_LOOP('',(#7372,#7373,#7374,#7375));
#2067=EDGE_LOOP('',(#7376,#7377,#7378,#7379));
#2068=EDGE_LOOP('',(#7380,#7381,#7382,#7383));
#2069=EDGE_LOOP('',(#7384,#7385,#7386,#7387));
#2070=EDGE_LOOP('',(#7388,#7389,#7390,#7391));
#2071=EDGE_LOOP('',(#7392,#7393,#7394,#7395));
#2072=EDGE_LOOP('',(#7396,#7397,#7398,#7399));
#2073=EDGE_LOOP('',(#7400,#7401,#7402,#7403));
#2074=EDGE_LOOP('',(#7404,#7405,#7406,#7407));
#2075=EDGE_LOOP('',(#7408,#7409,#7410,#7411));
#2076=EDGE_LOOP('',(#7412,#7413,#7414,#7415));
#2077=EDGE_LOOP('',(#7416,#7417,#7418,#7419));
#2078=EDGE_LOOP('',(#7420,#7421,#7422,#7423));
#2079=EDGE_LOOP('',(#7424,#7425,#7426,#7427));
#2080=EDGE_LOOP('',(#7428,#7429,#7430,#7431));
#2081=EDGE_LOOP('',(#7432,#7433,#7434,#7435));
#2082=EDGE_LOOP('',(#7436,#7437,#7438,#7439));
#2083=EDGE_LOOP('',(#7440,#7441,#7442,#7443));
#2084=EDGE_LOOP('',(#7444,#7445,#7446,#7447));
#2085=EDGE_LOOP('',(#7448,#7449,#7450,#7451));
#2086=EDGE_LOOP('',(#7452,#7453,#7454,#7455));
#2087=EDGE_LOOP('',(#7456,#7457,#7458,#7459));
#2088=EDGE_LOOP('',(#7460,#7461,#7462,#7463));
#2089=EDGE_LOOP('',(#7464,#7465,#7466,#7467));
#2090=EDGE_LOOP('',(#7468,#7469,#7470,#7471));
#2091=EDGE_LOOP('',(#7472,#7473,#7474,#7475));
#2092=EDGE_LOOP('',(#7476,#7477,#7478,#7479));
#2093=EDGE_LOOP('',(#7480,#7481,#7482,#7483));
#2094=EDGE_LOOP('',(#7484,#7485,#7486,#7487));
#2095=EDGE_LOOP('',(#7488,#7489,#7490,#7491));
#2096=EDGE_LOOP('',(#7492,#7493,#7494,#7495));
#2097=EDGE_LOOP('',(#7496,#7497,#7498,#7499));
#2098=EDGE_LOOP('',(#7500,#7501,#7502,#7503));
#2099=EDGE_LOOP('',(#7504,#7505,#7506,#7507));
#2100=EDGE_LOOP('',(#7508,#7509,#7510,#7511));
#2101=EDGE_LOOP('',(#7512,#7513,#7514,#7515));
#2102=EDGE_LOOP('',(#7516,#7517,#7518,#7519));
#2103=EDGE_LOOP('',(#7520,#7521,#7522,#7523));
#2104=EDGE_LOOP('',(#7524,#7525,#7526,#7527));
#2105=EDGE_LOOP('',(#7528,#7529,#7530,#7531));
#2106=EDGE_LOOP('',(#7532,#7533,#7534,#7535));
#2107=EDGE_LOOP('',(#7536,#7537,#7538,#7539));
#2108=EDGE_LOOP('',(#7540,#7541,#7542,#7543));
#2109=EDGE_LOOP('',(#7544,#7545,#7546,#7547));
#2110=EDGE_LOOP('',(#7548,#7549,#7550,#7551));
#2111=EDGE_LOOP('',(#7552,#7553,#7554,#7555));
#2112=EDGE_LOOP('',(#7556,#7557,#7558,#7559));
#2113=EDGE_LOOP('',(#7560,#7561,#7562,#7563));
#2114=EDGE_LOOP('',(#7564,#7565,#7566,#7567));
#2115=EDGE_LOOP('',(#7568,#7569,#7570,#7571));
#2116=EDGE_LOOP('',(#7572,#7573,#7574,#7575));
#2117=EDGE_LOOP('',(#7576,#7577,#7578,#7579));
#2118=EDGE_LOOP('',(#7580,#7581,#7582,#7583));
#2119=EDGE_LOOP('',(#7584,#7585,#7586,#7587));
#2120=EDGE_LOOP('',(#7588,#7589,#7590,#7591));
#2121=EDGE_LOOP('',(#7592,#7593,#7594,#7595));
#2122=EDGE_LOOP('',(#7596,#7597,#7598,#7599));
#2123=EDGE_LOOP('',(#7600,#7601,#7602,#7603));
#2124=EDGE_LOOP('',(#7604,#7605,#7606,#7607));
#2125=EDGE_LOOP('',(#7608,#7609,#7610,#7611));
#2126=EDGE_LOOP('',(#7612,#7613,#7614,#7615));
#2127=EDGE_LOOP('',(#7616,#7617,#7618,#7619));
#2128=EDGE_LOOP('',(#7620,#7621,#7622,#7623));
#2129=EDGE_LOOP('',(#7624,#7625,#7626,#7627));
#2130=EDGE_LOOP('',(#7628,#7629,#7630,#7631));
#2131=EDGE_LOOP('',(#7632,#7633,#7634,#7635));
#2132=EDGE_LOOP('',(#7636,#7637,#7638,#7639));
#2133=EDGE_LOOP('',(#7640,#7641,#7642,#7643));
#2134=EDGE_LOOP('',(#7644,#7645,#7646,#7647));
#2135=EDGE_LOOP('',(#7648,#7649,#7650,#7651));
#2136=EDGE_LOOP('',(#7652,#7653,#7654,#7655));
#2137=EDGE_LOOP('',(#7656,#7657,#7658,#7659));
#2138=EDGE_LOOP('',(#7660,#7661,#7662,#7663));
#2139=EDGE_LOOP('',(#7664,#7665,#7666,#7667));
#2140=EDGE_LOOP('',(#7668,#7669,#7670,#7671));
#2141=EDGE_LOOP('',(#7672,#7673,#7674,#7675));
#2142=EDGE_LOOP('',(#7676,#7677,#7678,#7679));
#2143=EDGE_LOOP('',(#7680,#7681,#7682,#7683));
#2144=EDGE_LOOP('',(#7684,#7685,#7686,#7687));
#2145=EDGE_LOOP('',(#7688,#7689,#7690,#7691));
#2146=EDGE_LOOP('',(#7692,#7693,#7694,#7695));
#2147=EDGE_LOOP('',(#7696,#7697,#7698,#7699));
#2148=EDGE_LOOP('',(#7700,#7701,#7702,#7703));
#2149=EDGE_LOOP('',(#7704,#7705,#7706,#7707));
#2150=EDGE_LOOP('',(#7708,#7709,#7710,#7711));
#2151=EDGE_LOOP('',(#7712,#7713,#7714,#7715));
#2152=EDGE_LOOP('',(#7716,#7717,#7718,#7719));
#2153=EDGE_LOOP('',(#7720,#7721,#7722,#7723));
#2154=EDGE_LOOP('',(#7724,#7725,#7726,#7727));
#2155=EDGE_LOOP('',(#7728,#7729,#7730,#7731));
#2156=EDGE_LOOP('',(#7732,#7733,#7734,#7735));
#2157=EDGE_LOOP('',(#7736,#7737,#7738,#7739));
#2158=EDGE_LOOP('',(#7740,#7741,#7742,#7743));
#2159=EDGE_LOOP('',(#7744,#7745,#7746,#7747));
#2160=EDGE_LOOP('',(#7748,#7749,#7750,#7751));
#2161=EDGE_LOOP('',(#7752,#7753,#7754,#7755));
#2162=EDGE_LOOP('',(#7756,#7757,#7758,#7759));
#2163=EDGE_LOOP('',(#7760,#7761,#7762,#7763));
#2164=EDGE_LOOP('',(#7764,#7765,#7766,#7767));
#2165=EDGE_LOOP('',(#7768,#7769,#7770,#7771));
#2166=EDGE_LOOP('',(#7772,#7773,#7774,#7775));
#2167=EDGE_LOOP('',(#7776,#7777,#7778,#7779));
#2168=EDGE_LOOP('',(#7780,#7781,#7782,#7783));
#2169=EDGE_LOOP('',(#7784,#7785,#7786,#7787));
#2170=EDGE_LOOP('',(#7788,#7789,#7790,#7791));
#2171=EDGE_LOOP('',(#7792,#7793,#7794,#7795));
#2172=EDGE_LOOP('',(#7796,#7797,#7798,#7799));
#2173=EDGE_LOOP('',(#7800,#7801,#7802,#7803));
#2174=EDGE_LOOP('',(#7804,#7805,#7806,#7807));
#2175=EDGE_LOOP('',(#7808,#7809,#7810,#7811));
#2176=EDGE_LOOP('',(#7812,#7813,#7814,#7815));
#2177=EDGE_LOOP('',(#7816,#7817,#7818,#7819));
#2178=EDGE_LOOP('',(#7820,#7821,#7822,#7823));
#2179=EDGE_LOOP('',(#7824,#7825,#7826,#7827));
#2180=EDGE_LOOP('',(#7828,#7829,#7830,#7831));
#2181=EDGE_LOOP('',(#7832,#7833,#7834,#7835));
#2182=EDGE_LOOP('',(#7836,#7837,#7838,#7839));
#2183=EDGE_LOOP('',(#7840,#7841,#7842,#7843));
#2184=EDGE_LOOP('',(#7844,#7845,#7846,#7847));
#2185=EDGE_LOOP('',(#7848,#7849,#7850,#7851));
#2186=EDGE_LOOP('',(#7852,#7853,#7854,#7855));
#2187=EDGE_LOOP('',(#7856,#7857,#7858,#7859));
#2188=EDGE_LOOP('',(#7860,#7861,#7862,#7863));
#2189=EDGE_LOOP('',(#7864,#7865,#7866,#7867));
#2190=EDGE_LOOP('',(#7868,#7869,#7870,#7871));
#2191=EDGE_LOOP('',(#7872,#7873,#7874,#7875));
#2192=EDGE_LOOP('',(#7876,#7877,#7878,#7879));
#2193=EDGE_LOOP('',(#7880,#7881,#7882,#7883));
#2194=EDGE_LOOP('',(#7884,#7885,#7886,#7887));
#2195=EDGE_LOOP('',(#7888,#7889,#7890,#7891));
#2196=EDGE_LOOP('',(#7892,#7893,#7894,#7895));
#2197=EDGE_LOOP('',(#7896,#7897,#7898,#7899));
#2198=EDGE_LOOP('',(#7900,#7901,#7902,#7903));
#2199=EDGE_LOOP('',(#7904,#7905,#7906,#7907));
#2200=EDGE_LOOP('',(#7908,#7909,#7910,#7911));
#2201=EDGE_LOOP('',(#7912,#7913,#7914,#7915));
#2202=EDGE_LOOP('',(#7916,#7917,#7918,#7919));
#2203=EDGE_LOOP('',(#7920,#7921,#7922,#7923));
#2204=EDGE_LOOP('',(#7924,#7925,#7926,#7927));
#2205=EDGE_LOOP('',(#7928,#7929,#7930,#7931));
#2206=EDGE_LOOP('',(#7932,#7933,#7934,#7935));
#2207=EDGE_LOOP('',(#7936,#7937,#7938,#7939));
#2208=EDGE_LOOP('',(#7940,#7941,#7942,#7943));
#2209=EDGE_LOOP('',(#7944,#7945,#7946,#7947));
#2210=EDGE_LOOP('',(#7948,#7949,#7950,#7951,#7952,#7953,#7954,#7955,#7956,
#7957,#7958,#7959,#7960,#7961,#7962,#7963,#7964,#7965,#7966,#7967,#7968,
#7969,#7970,#7971,#7972,#7973,#7974,#7975,#7976,#7977));
#2211=EDGE_LOOP('',(#7978,#7979,#7980,#7981));
#2212=EDGE_LOOP('',(#7982,#7983,#7984,#7985));
#2213=EDGE_LOOP('',(#7986,#7987,#7988,#7989));
#2214=EDGE_LOOP('',(#7990,#7991,#7992,#7993,#7994,#7995,#7996,#7997,#7998,
#7999));
#2215=EDGE_LOOP('',(#8000,#8001,#8002,#8003));
#2216=EDGE_LOOP('',(#8004,#8005,#8006,#8007,#8008,#8009,#8010,#8011,#8012,
#8013));
#2217=EDGE_LOOP('',(#8014,#8015,#8016,#8017));
#2218=EDGE_LOOP('',(#8018,#8019,#8020,#8021,#8022,#8023,#8024,#8025,#8026,
#8027));
#2219=EDGE_LOOP('',(#8028,#8029,#8030,#8031));
#2220=EDGE_LOOP('',(#8032,#8033,#8034,#8035));
#2221=EDGE_LOOP('',(#8036,#8037,#8038,#8039,#8040,#8041,#8042,#8043,#8044,
#8045));
#2222=EDGE_LOOP('',(#8046,#8047,#8048,#8049));
#2223=EDGE_LOOP('',(#8050,#8051,#8052,#8053,#8054,#8055,#8056,#8057,#8058,
#8059));
#2224=EDGE_LOOP('',(#8060,#8061,#8062,#8063));
#2225=EDGE_LOOP('',(#8064,#8065,#8066,#8067,#8068,#8069,#8070,#8071,#8072,
#8073));
#2226=EDGE_LOOP('',(#8074,#8075,#8076,#8077));
#2227=EDGE_LOOP('',(#8078,#8079,#8080,#8081));
#2228=EDGE_LOOP('',(#8082,#8083,#8084,#8085));
#2229=EDGE_LOOP('',(#8086,#8087,#8088,#8089));
#2230=EDGE_LOOP('',(#8090,#8091,#8092,#8093,#8094,#8095,#8096,#8097,#8098,
#8099));
#2231=EDGE_LOOP('',(#8100,#8101,#8102,#8103));
#2232=EDGE_LOOP('',(#8104,#8105,#8106,#8107));
#2233=EDGE_LOOP('',(#8108,#8109,#8110,#8111));
#2234=EDGE_LOOP('',(#8112,#8113,#8114,#8115,#8116,#8117,#8118,#8119,#8120,
#8121));
#2235=EDGE_LOOP('',(#8122,#8123,#8124,#8125));
#2236=EDGE_LOOP('',(#8126,#8127,#8128,#8129));
#2237=EDGE_LOOP('',(#8130,#8131,#8132,#8133,#8134,#8135,#8136,#8137,#8138,
#8139,#8140,#8141,#8142,#8143,#8144,#8145,#8146,#8147,#8148,#8149,#8150,
#8151,#8152,#8153,#8154,#8155,#8156,#8157,#8158,#8159,#8160,#8161,#8162,
#8163,#8164,#8165,#8166,#8167,#8168,#8169));
#2238=EDGE_LOOP('',(#8170,#8171,#8172,#8173,#8174,#8175,#8176,#8177,#8178,
#8179));
#2239=EDGE_LOOP('',(#8180,#8181,#8182,#8183));
#2240=EDGE_LOOP('',(#8184,#8185,#8186,#8187));
#2241=EDGE_LOOP('',(#8188,#8189,#8190,#8191,#8192,#8193,#8194));
#2242=EDGE_LOOP('',(#8195,#8196,#8197,#8198));
#2243=EDGE_LOOP('',(#8199,#8200,#8201,#8202));
#2244=EDGE_LOOP('',(#8203,#8204,#8205,#8206,#8207,#8208,#8209,#8210,#8211,
#8212));
#2245=EDGE_LOOP('',(#8213,#8214,#8215,#8216));
#2246=EDGE_LOOP('',(#8217,#8218,#8219,#8220,#8221,#8222,#8223,#8224,#8225,
#8226));
#2247=EDGE_LOOP('',(#8227,#8228,#8229,#8230));
#2248=EDGE_LOOP('',(#8231,#8232,#8233,#8234));
#2249=EDGE_LOOP('',(#8235,#8236,#8237,#8238));
#2250=EDGE_LOOP('',(#8239,#8240,#8241,#8242));
#2251=EDGE_LOOP('',(#8243,#8244,#8245,#8246));
#2252=EDGE_LOOP('',(#8247,#8248,#8249,#8250));
#2253=EDGE_LOOP('',(#8251,#8252,#8253,#8254));
#2254=EDGE_LOOP('',(#8255,#8256,#8257,#8258));
#2255=EDGE_LOOP('',(#8259,#8260,#8261,#8262));
#2256=EDGE_LOOP('',(#8263,#8264,#8265,#8266,#8267,#8268,#8269,#8270,#8271,
#8272));
#2257=EDGE_LOOP('',(#8273,#8274,#8275,#8276));
#2258=EDGE_LOOP('',(#8277,#8278,#8279,#8280));
#2259=EDGE_LOOP('',(#8281,#8282,#8283,#8284));
#2260=EDGE_LOOP('',(#8285,#8286,#8287,#8288));
#2261=EDGE_LOOP('',(#8289,#8290,#8291,#8292));
#2262=EDGE_LOOP('',(#8293,#8294,#8295,#8296));
#2263=EDGE_LOOP('',(#8297,#8298,#8299,#8300));
#2264=EDGE_LOOP('',(#8301,#8302,#8303,#8304));
#2265=EDGE_LOOP('',(#8305,#8306,#8307,#8308,#8309,#8310,#8311,#8312,#8313,
#8314));
#2266=EDGE_LOOP('',(#8315,#8316,#8317,#8318));
#2267=EDGE_LOOP('',(#8319,#8320,#8321,#8322));
#2268=EDGE_LOOP('',(#8323,#8324,#8325,#8326));
#2269=EDGE_LOOP('',(#8327,#8328,#8329,#8330));
#2270=EDGE_LOOP('',(#8331,#8332,#8333,#8334));
#2271=EDGE_LOOP('',(#8335,#8336,#8337,#8338));
#2272=EDGE_LOOP('',(#8339,#8340,#8341,#8342));
#2273=EDGE_LOOP('',(#8343,#8344,#8345,#8346));
#2274=EDGE_LOOP('',(#8347,#8348,#8349,#8350));
#2275=EDGE_LOOP('',(#8351,#8352,#8353,#8354,#8355,#8356,#8357,#8358,#8359,
#8360));
#2276=EDGE_LOOP('',(#8361,#8362,#8363,#8364));
#2277=EDGE_LOOP('',(#8365,#8366,#8367,#8368));
#2278=EDGE_LOOP('',(#8369,#8370,#8371,#8372));
#2279=EDGE_LOOP('',(#8373,#8374,#8375,#8376));
#2280=EDGE_LOOP('',(#8377,#8378,#8379,#8380));
#2281=EDGE_LOOP('',(#8381,#8382,#8383,#8384,#8385,#8386,#8387,#8388));
#2282=EDGE_LOOP('',(#8389,#8390,#8391,#8392));
#2283=EDGE_LOOP('',(#8393,#8394,#8395,#8396));
#2284=EDGE_LOOP('',(#8397,#8398,#8399,#8400));
#2285=EDGE_LOOP('',(#8401,#8402,#8403,#8404));
#2286=EDGE_LOOP('',(#8405,#8406,#8407,#8408));
#2287=EDGE_LOOP('',(#8409,#8410,#8411,#8412));
#2288=EDGE_LOOP('',(#8413,#8414,#8415,#8416));
#2289=EDGE_LOOP('',(#8417,#8418,#8419,#8420));
#2290=EDGE_LOOP('',(#8421,#8422,#8423,#8424));
#2291=EDGE_LOOP('',(#8425,#8426,#8427,#8428));
#2292=EDGE_LOOP('',(#8429,#8430,#8431,#8432));
#2293=EDGE_LOOP('',(#8433,#8434,#8435,#8436));
#2294=EDGE_LOOP('',(#8437,#8438,#8439,#8440));
#2295=EDGE_LOOP('',(#8441,#8442,#8443,#8444));
#2296=EDGE_LOOP('',(#8445,#8446,#8447,#8448));
#2297=EDGE_LOOP('',(#8449,#8450,#8451,#8452));
#2298=EDGE_LOOP('',(#8453,#8454,#8455,#8456));
#2299=EDGE_LOOP('',(#8457,#8458,#8459,#8460));
#2300=EDGE_LOOP('',(#8461,#8462,#8463,#8464));
#2301=EDGE_LOOP('',(#8465,#8466,#8467,#8468));
#2302=EDGE_LOOP('',(#8469,#8470,#8471,#8472));
#2303=EDGE_LOOP('',(#8473,#8474,#8475,#8476));
#2304=EDGE_LOOP('',(#8477,#8478,#8479,#8480));
#2305=EDGE_LOOP('',(#8481,#8482,#8483,#8484));
#2306=EDGE_LOOP('',(#8485,#8486,#8487,#8488));
#2307=EDGE_LOOP('',(#8489,#8490,#8491,#8492));
#2308=EDGE_LOOP('',(#8493,#8494,#8495,#8496));
#2309=EDGE_LOOP('',(#8497,#8498,#8499,#8500));
#2310=EDGE_LOOP('',(#8501,#8502,#8503,#8504));
#2311=EDGE_LOOP('',(#8505,#8506,#8507,#8508));
#2312=EDGE_LOOP('',(#8509,#8510,#8511,#8512));
#2313=EDGE_LOOP('',(#8513,#8514,#8515,#8516));
#2314=EDGE_LOOP('',(#8517,#8518,#8519,#8520));
#2315=EDGE_LOOP('',(#8521,#8522,#8523,#8524));
#2316=EDGE_LOOP('',(#8525,#8526,#8527,#8528));
#2317=EDGE_LOOP('',(#8529,#8530,#8531,#8532));
#2318=EDGE_LOOP('',(#8533,#8534,#8535,#8536));
#2319=EDGE_LOOP('',(#8537,#8538,#8539,#8540));
#2320=EDGE_LOOP('',(#8541,#8542,#8543,#8544));
#2321=EDGE_LOOP('',(#8545,#8546,#8547,#8548));
#2322=EDGE_LOOP('',(#8549,#8550,#8551,#8552));
#2323=EDGE_LOOP('',(#8553,#8554,#8555,#8556));
#2324=EDGE_LOOP('',(#8557,#8558,#8559,#8560));
#2325=EDGE_LOOP('',(#8561,#8562,#8563,#8564));
#2326=EDGE_LOOP('',(#8565,#8566,#8567,#8568));
#2327=EDGE_LOOP('',(#8569,#8570,#8571,#8572));
#2328=EDGE_LOOP('',(#8573,#8574,#8575,#8576));
#2329=EDGE_LOOP('',(#8577,#8578,#8579,#8580));
#2330=EDGE_LOOP('',(#8581,#8582,#8583,#8584));
#2331=EDGE_LOOP('',(#8585,#8586,#8587,#8588));
#2332=EDGE_LOOP('',(#8589,#8590,#8591,#8592));
#2333=EDGE_LOOP('',(#8593,#8594,#8595,#8596));
#2334=EDGE_LOOP('',(#8597,#8598,#8599,#8600));
#2335=EDGE_LOOP('',(#8601,#8602,#8603,#8604));
#2336=EDGE_LOOP('',(#8605,#8606,#8607,#8608));
#2337=EDGE_LOOP('',(#8609,#8610,#8611,#8612));
#2338=EDGE_LOOP('',(#8613,#8614,#8615,#8616));
#2339=EDGE_LOOP('',(#8617,#8618,#8619,#8620));
#2340=EDGE_LOOP('',(#8621,#8622,#8623,#8624));
#2341=EDGE_LOOP('',(#8625,#8626,#8627,#8628));
#2342=EDGE_LOOP('',(#8629,#8630,#8631,#8632));
#2343=EDGE_LOOP('',(#8633,#8634,#8635,#8636));
#2344=EDGE_LOOP('',(#8637,#8638,#8639,#8640));
#2345=EDGE_LOOP('',(#8641,#8642,#8643,#8644));
#2346=EDGE_LOOP('',(#8645,#8646,#8647,#8648));
#2347=EDGE_LOOP('',(#8649,#8650,#8651,#8652));
#2348=EDGE_LOOP('',(#8653,#8654,#8655,#8656));
#2349=EDGE_LOOP('',(#8657,#8658,#8659,#8660));
#2350=EDGE_LOOP('',(#8661,#8662,#8663,#8664));
#2351=EDGE_LOOP('',(#8665,#8666,#8667,#8668));
#2352=EDGE_LOOP('',(#8669,#8670,#8671,#8672));
#2353=EDGE_LOOP('',(#8673,#8674,#8675,#8676));
#2354=EDGE_LOOP('',(#8677,#8678,#8679,#8680));
#2355=EDGE_LOOP('',(#8681,#8682,#8683,#8684));
#2356=EDGE_LOOP('',(#8685,#8686,#8687,#8688));
#2357=EDGE_LOOP('',(#8689,#8690,#8691,#8692));
#2358=EDGE_LOOP('',(#8693,#8694,#8695,#8696));
#2359=EDGE_LOOP('',(#8697,#8698,#8699,#8700));
#2360=EDGE_LOOP('',(#8701,#8702,#8703,#8704));
#2361=EDGE_LOOP('',(#8705,#8706,#8707,#8708));
#2362=EDGE_LOOP('',(#8709,#8710,#8711,#8712));
#2363=EDGE_LOOP('',(#8713,#8714,#8715,#8716));
#2364=EDGE_LOOP('',(#8717,#8718,#8719,#8720));
#2365=EDGE_LOOP('',(#8721,#8722,#8723,#8724));
#2366=EDGE_LOOP('',(#8725,#8726,#8727,#8728));
#2367=EDGE_LOOP('',(#8729,#8730,#8731,#8732));
#2368=EDGE_LOOP('',(#8733,#8734,#8735,#8736));
#2369=EDGE_LOOP('',(#8737,#8738,#8739,#8740));
#2370=EDGE_LOOP('',(#8741,#8742,#8743,#8744));
#2371=EDGE_LOOP('',(#8745,#8746,#8747,#8748));
#2372=EDGE_LOOP('',(#8749,#8750,#8751,#8752));
#2373=EDGE_LOOP('',(#8753,#8754,#8755,#8756));
#2374=EDGE_LOOP('',(#8757,#8758,#8759,#8760));
#2375=EDGE_LOOP('',(#8761,#8762,#8763,#8764));
#2376=EDGE_LOOP('',(#8765,#8766,#8767,#8768));
#2377=EDGE_LOOP('',(#8769,#8770,#8771,#8772));
#2378=EDGE_LOOP('',(#8773,#8774,#8775,#8776));
#2379=EDGE_LOOP('',(#8777,#8778,#8779,#8780));
#2380=EDGE_LOOP('',(#8781,#8782,#8783,#8784));
#2381=EDGE_LOOP('',(#8785,#8786,#8787,#8788));
#2382=EDGE_LOOP('',(#8789,#8790,#8791,#8792));
#2383=EDGE_LOOP('',(#8793,#8794,#8795,#8796));
#2384=EDGE_LOOP('',(#8797,#8798,#8799,#8800,#8801,#8802,#8803,#8804,#8805,
#8806,#8807,#8808,#8809,#8810,#8811,#8812,#8813,#8814));
#2385=EDGE_LOOP('',(#8815,#8816,#8817,#8818,#8819,#8820,#8821,#8822,#8823,
#8824,#8825,#8826,#8827,#8828,#8829,#8830,#8831,#8832));
#2386=EDGE_LOOP('',(#8833,#8834,#8835,#8836));
#2387=EDGE_LOOP('',(#8837,#8838,#8839,#8840));
#2388=EDGE_LOOP('',(#8841,#8842,#8843,#8844));
#2389=EDGE_LOOP('',(#8845,#8846,#8847,#8848));
#2390=EDGE_LOOP('',(#8849,#8850,#8851,#8852));
#2391=EDGE_LOOP('',(#8853,#8854,#8855,#8856));
#2392=EDGE_LOOP('',(#8857,#8858,#8859,#8860));
#2393=EDGE_LOOP('',(#8861,#8862,#8863,#8864));
#2394=EDGE_LOOP('',(#8865,#8866,#8867,#8868));
#2395=EDGE_LOOP('',(#8869,#8870,#8871,#8872));
#2396=EDGE_LOOP('',(#8873,#8874,#8875,#8876));
#2397=EDGE_LOOP('',(#8877,#8878,#8879,#8880));
#2398=EDGE_LOOP('',(#8881,#8882,#8883,#8884));
#2399=EDGE_LOOP('',(#8885,#8886,#8887,#8888));
#2400=EDGE_LOOP('',(#8889,#8890,#8891,#8892));
#2401=EDGE_LOOP('',(#8893,#8894,#8895,#8896));
#2402=EDGE_LOOP('',(#8897,#8898,#8899,#8900));
#2403=EDGE_LOOP('',(#8901,#8902,#8903,#8904));
#2404=EDGE_LOOP('',(#8905,#8906,#8907,#8908));
#2405=EDGE_LOOP('',(#8909,#8910,#8911,#8912));
#2406=EDGE_LOOP('',(#8913,#8914,#8915,#8916));
#2407=EDGE_LOOP('',(#8917,#8918,#8919,#8920));
#2408=EDGE_LOOP('',(#8921,#8922,#8923,#8924));
#2409=EDGE_LOOP('',(#8925,#8926,#8927,#8928));
#2410=EDGE_LOOP('',(#8929,#8930,#8931,#8932));
#2411=EDGE_LOOP('',(#8933,#8934,#8935,#8936));
#2412=EDGE_LOOP('',(#8937,#8938,#8939,#8940));
#2413=EDGE_LOOP('',(#8941,#8942,#8943,#8944));
#2414=EDGE_LOOP('',(#8945,#8946,#8947,#8948));
#2415=EDGE_LOOP('',(#8949,#8950,#8951,#8952));
#2416=EDGE_LOOP('',(#8953,#8954,#8955,#8956));
#2417=EDGE_LOOP('',(#8957,#8958,#8959,#8960));
#2418=EDGE_LOOP('',(#8961,#8962,#8963,#8964));
#2419=EDGE_LOOP('',(#8965,#8966,#8967,#8968));
#2420=EDGE_LOOP('',(#8969,#8970,#8971,#8972));
#2421=EDGE_LOOP('',(#8973,#8974,#8975,#8976));
#2422=EDGE_LOOP('',(#8977,#8978,#8979,#8980));
#2423=EDGE_LOOP('',(#8981,#8982,#8983,#8984));
#2424=EDGE_LOOP('',(#8985,#8986,#8987,#8988));
#2425=EDGE_LOOP('',(#8989,#8990,#8991,#8992));
#2426=EDGE_LOOP('',(#8993,#8994,#8995,#8996));
#2427=EDGE_LOOP('',(#8997,#8998,#8999,#9000));
#2428=EDGE_LOOP('',(#9001,#9002,#9003,#9004));
#2429=EDGE_LOOP('',(#9005,#9006,#9007,#9008));
#2430=EDGE_LOOP('',(#9009,#9010,#9011,#9012,#9013,#9014,#9015,#9016,#9017,
#9018,#9019,#9020,#9021,#9022,#9023,#9024,#9025,#9026,#9027,#9028,#9029,
#9030,#9031,#9032,#9033,#9034,#9035,#9036,#9037,#9038,#9039,#9040,#9041,
#9042,#9043,#9044,#9045,#9046,#9047,#9048,#9049,#9050,#9051,#9052));
#2431=EDGE_LOOP('',(#9053,#9054,#9055,#9056,#9057,#9058,#9059,#9060,#9061,
#9062,#9063,#9064,#9065,#9066,#9067,#9068,#9069,#9070,#9071,#9072,#9073,
#9074,#9075,#9076,#9077,#9078,#9079,#9080,#9081,#9082,#9083,#9084,#9085,
#9086,#9087,#9088,#9089,#9090,#9091,#9092,#9093,#9094,#9095,#9096));
#2432=EDGE_LOOP('',(#9097,#9098,#9099,#9100));
#2433=EDGE_LOOP('',(#9101,#9102,#9103,#9104));
#2434=EDGE_LOOP('',(#9105,#9106,#9107,#9108));
#2435=EDGE_LOOP('',(#9109,#9110,#9111,#9112));
#2436=EDGE_LOOP('',(#9113,#9114,#9115,#9116));
#2437=EDGE_LOOP('',(#9117,#9118,#9119,#9120));
#2438=EDGE_LOOP('',(#9121,#9122,#9123,#9124));
#2439=EDGE_LOOP('',(#9125,#9126,#9127,#9128));
#2440=EDGE_LOOP('',(#9129,#9130,#9131,#9132));
#2441=EDGE_LOOP('',(#9133,#9134,#9135,#9136));
#2442=EDGE_LOOP('',(#9137,#9138,#9139,#9140));
#2443=EDGE_LOOP('',(#9141,#9142,#9143,#9144));
#2444=EDGE_LOOP('',(#9145,#9146,#9147,#9148));
#2445=EDGE_LOOP('',(#9149,#9150,#9151,#9152));
#2446=EDGE_LOOP('',(#9153,#9154,#9155,#9156));
#2447=EDGE_LOOP('',(#9157,#9158,#9159,#9160));
#2448=EDGE_LOOP('',(#9161,#9162,#9163,#9164,#9165,#9166,#9167,#9168,#9169,
#9170,#9171,#9172,#9173,#9174,#9175,#9176));
#2449=EDGE_LOOP('',(#9177,#9178,#9179,#9180,#9181,#9182,#9183,#9184,#9185,
#9186,#9187,#9188,#9189,#9190,#9191,#9192));
#2450=LINE('',#14056,#3187);
#2451=LINE('',#14062,#3188);
#2452=LINE('',#14077,#3189);
#2453=LINE('',#14096,#3190);
#2454=LINE('',#14115,#3191);
#2455=LINE('',#14134,#3192);
#2456=LINE('',#14153,#3193);
#2457=LINE('',#14189,#3194);
#2458=LINE('',#14195,#3195);
#2459=LINE('',#14214,#3196);
#2460=LINE('',#14233,#3197);
#2461=LINE('',#14252,#3198);
#2462=LINE('',#14271,#3199);
#2463=LINE('',#14290,#3200);
#2464=LINE('',#14293,#3201);
#2465=LINE('',#14295,#3202);
#2466=LINE('',#14296,#3203);
#2467=LINE('',#14299,#3204);
#2468=LINE('',#14301,#3205);
#2469=LINE('',#14302,#3206);
#2470=LINE('',#14321,#3207);
#2471=LINE('',#14340,#3208);
#2472=LINE('',#14359,#3209);
#2473=LINE('',#14378,#3210);
#2474=LINE('',#14397,#3211);
#2475=LINE('',#14420,#3212);
#2476=LINE('',#14422,#3213);
#2477=LINE('',#14424,#3214);
#2478=LINE('',#14426,#3215);
#2479=LINE('',#14428,#3216);
#2480=LINE('',#14432,#3217);
#2481=LINE('',#14436,#3218);
#2482=LINE('',#14438,#3219);
#2483=LINE('',#14440,#3220);
#2484=LINE('',#14444,#3221);
#2485=LINE('',#14448,#3222);
#2486=LINE('',#14450,#3223);
#2487=LINE('',#14452,#3224);
#2488=LINE('',#14456,#3225);
#2489=LINE('',#14460,#3226);
#2490=LINE('',#14462,#3227);
#2491=LINE('',#14464,#3228);
#2492=LINE('',#14468,#3229);
#2493=LINE('',#14472,#3230);
#2494=LINE('',#14474,#3231);
#2495=LINE('',#14476,#3232);
#2496=LINE('',#14480,#3233);
#2497=LINE('',#14484,#3234);
#2498=LINE('',#14486,#3235);
#2499=LINE('',#14488,#3236);
#2500=LINE('',#14492,#3237);
#2501=LINE('',#14496,#3238);
#2502=LINE('',#14498,#3239);
#2503=LINE('',#14500,#3240);
#2504=LINE('',#14502,#3241);
#2505=LINE('',#14504,#3242);
#2506=LINE('',#14512,#3243);
#2507=LINE('',#14516,#3244);
#2508=LINE('',#14520,#3245);
#2509=LINE('',#14522,#3246);
#2510=LINE('',#14524,#3247);
#2511=LINE('',#14528,#3248);
#2512=LINE('',#14532,#3249);
#2513=LINE('',#14556,#3250);
#2514=LINE('',#14557,#3251);
#2515=LINE('',#14609,#3252);
#2516=LINE('',#14610,#3253);
#2517=LINE('',#14624,#3254);
#2518=LINE('',#14625,#3255);
#2519=LINE('',#14638,#3256);
#2520=LINE('',#14639,#3257);
#2521=LINE('',#14648,#3258);
#2522=LINE('',#14649,#3259);
#2523=LINE('',#14651,#3260);
#2524=LINE('',#14652,#3261);
#2525=LINE('',#14654,#3262);
#2526=LINE('',#14655,#3263);
#2527=LINE('',#14660,#3264);
#2528=LINE('',#14661,#3265);
#2529=LINE('',#14700,#3266);
#2530=LINE('',#14701,#3267);
#2531=LINE('',#14703,#3268);
#2532=LINE('',#14704,#3269);
#2533=LINE('',#14713,#3270);
#2534=LINE('',#14714,#3271);
#2535=LINE('',#14717,#3272);
#2536=LINE('',#14721,#3273);
#2537=LINE('',#14725,#3274);
#2538=LINE('',#14729,#3275);
#2539=LINE('',#14732,#3276);
#2540=LINE('',#14735,#3277);
#2541=LINE('',#14737,#3278);
#2542=LINE('',#14739,#3279);
#2543=LINE('',#14740,#3280);
#2544=LINE('',#14743,#3281);
#2545=LINE('',#14747,#3282);
#2546=LINE('',#14750,#3283);
#2547=LINE('',#14877,#3284);
#2548=LINE('',#14878,#3285);
#2549=LINE('',#14931,#3286);
#2550=LINE('',#14942,#3287);
#2551=LINE('',#14943,#3288);
#2552=LINE('',#14945,#3289);
#2553=LINE('',#14946,#3290);
#2554=LINE('',#14970,#3291);
#2555=LINE('',#14987,#3292);
#2556=LINE('',#14998,#3293);
#2557=LINE('',#14999,#3294);
#2558=LINE('',#15001,#3295);
#2559=LINE('',#15002,#3296);
#2560=LINE('',#15011,#3297);
#2561=LINE('',#15012,#3298);
#2562=LINE('',#15014,#3299);
#2563=LINE('',#15015,#3300);
#2564=LINE('',#15041,#3301);
#2565=LINE('',#15088,#3302);
#2566=LINE('',#15089,#3303);
#2567=LINE('',#15149,#3304);
#2568=LINE('',#15150,#3305);
#2569=LINE('',#15203,#3306);
#2570=LINE('',#15214,#3307);
#2571=LINE('',#15215,#3308);
#2572=LINE('',#15217,#3309);
#2573=LINE('',#15218,#3310);
#2574=LINE('',#15242,#3311);
#2575=LINE('',#15265,#3312);
#2576=LINE('',#15276,#3313);
#2577=LINE('',#15277,#3314);
#2578=LINE('',#15279,#3315);
#2579=LINE('',#15280,#3316);
#2580=LINE('',#15289,#3317);
#2581=LINE('',#15290,#3318);
#2582=LINE('',#15292,#3319);
#2583=LINE('',#15293,#3320);
#2584=LINE('',#15319,#3321);
#2585=LINE('',#15336,#3322);
#2586=LINE('',#15342,#3323);
#2587=LINE('',#15365,#3324);
#2588=LINE('',#15366,#3325);
#2589=LINE('',#15374,#3326);
#2590=LINE('',#15375,#3327);
#2591=LINE('',#15383,#3328);
#2592=LINE('',#15423,#3329);
#2593=LINE('',#15424,#3330);
#2594=LINE('',#15477,#3331);
#2595=LINE('',#15478,#3332);
#2596=LINE('',#15480,#3333);
#2597=LINE('',#15481,#3334);
#2598=LINE('',#15489,#3335);
#2599=LINE('',#15520,#3336);
#2600=LINE('',#15521,#3337);
#2601=LINE('',#15574,#3338);
#2602=LINE('',#15575,#3339);
#2603=LINE('',#15577,#3340);
#2604=LINE('',#15578,#3341);
#2605=LINE('',#15587,#3342);
#2606=LINE('',#15588,#3343);
#2607=LINE('',#15596,#3344);
#2608=LINE('',#15604,#3345);
#2609=LINE('',#15622,#3346);
#2610=LINE('',#15623,#3347);
#2611=LINE('',#15625,#3348);
#2612=LINE('',#15626,#3349);
#2613=LINE('',#15650,#3350);
#2614=LINE('',#15658,#3351);
#2615=LINE('',#15682,#3352);
#2616=LINE('',#15683,#3353);
#2617=LINE('',#15693,#3354);
#2618=LINE('',#15699,#3355);
#2619=LINE('',#15707,#3356);
#2620=LINE('',#15718,#3357);
#2621=LINE('',#15719,#3358);
#2622=LINE('',#15721,#3359);
#2623=LINE('',#15722,#3360);
#2624=LINE('',#15731,#3361);
#2625=LINE('',#15732,#3362);
#2626=LINE('',#15734,#3363);
#2627=LINE('',#15735,#3364);
#2628=LINE('',#15764,#3365);
#2629=LINE('',#15765,#3366);
#2630=LINE('',#15773,#3367);
#2631=LINE('',#15774,#3368);
#2632=LINE('',#15802,#3369);
#2633=LINE('',#15803,#3370);
#2634=LINE('',#15824,#3371);
#2635=LINE('',#15839,#3372);
#2636=LINE('',#15840,#3373);
#2637=LINE('',#15848,#3374);
#2638=LINE('',#15849,#3375);
#2639=LINE('',#15858,#3376);
#2640=LINE('',#15859,#3377);
#2641=LINE('',#15861,#3378);
#2642=LINE('',#15862,#3379);
#2643=LINE('',#15870,#3380);
#2644=LINE('',#15885,#3381);
#2645=LINE('',#15886,#3382);
#2646=LINE('',#15888,#3383);
#2647=LINE('',#15889,#3384);
#2648=LINE('',#15907,#3385);
#2649=LINE('',#15908,#3386);
#2650=LINE('',#15916,#3387);
#2651=LINE('',#15917,#3388);
#2652=LINE('',#15927,#3389);
#2653=LINE('',#15929,#3390);
#2654=LINE('',#15930,#3391);
#2655=LINE('',#15932,#3392);
#2656=LINE('',#15933,#3393);
#2657=LINE('',#15935,#3394);
#2658=LINE('',#15937,#3395);
#2659=LINE('',#15939,#3396);
#2660=LINE('',#15940,#3397);
#2661=LINE('',#15942,#3398);
#2662=LINE('',#15944,#3399);
#2663=LINE('',#15946,#3400);
#2664=LINE('',#15947,#3401);
#2665=LINE('',#15949,#3402);
#2666=LINE('',#15951,#3403);
#2667=LINE('',#15952,#3404);
#2668=LINE('',#15957,#3405);
#2669=LINE('',#15958,#3406);
#2670=LINE('',#15960,#3407);
#2671=LINE('',#15961,#3408);
#2672=LINE('',#15963,#3409);
#2673=LINE('',#15964,#3410);
#2674=LINE('',#15966,#3411);
#2675=LINE('',#15967,#3412);
#2676=LINE('',#15969,#3413);
#2677=LINE('',#15973,#3414);
#2678=LINE('',#15974,#3415);
#2679=LINE('',#15976,#3416);
#2680=LINE('',#15977,#3417);
#2681=LINE('',#15982,#3418);
#2682=LINE('',#15983,#3419);
#2683=LINE('',#15991,#3420);
#2684=LINE('',#15992,#3421);
#2685=LINE('',#15994,#3422);
#2686=LINE('',#15996,#3423);
#2687=LINE('',#15998,#3424);
#2688=LINE('',#15999,#3425);
#2689=LINE('',#16001,#3426);
#2690=LINE('',#16002,#3427);
#2691=LINE('',#16007,#3428);
#2692=LINE('',#16008,#3429);
#2693=LINE('',#16013,#3430);
#2694=LINE('',#16014,#3431);
#2695=LINE('',#16016,#3432);
#2696=LINE('',#16017,#3433);
#2697=LINE('',#16019,#3434);
#2698=LINE('',#16020,#3435);
#2699=LINE('',#16022,#3436);
#2700=LINE('',#16023,#3437);
#2701=LINE('',#16025,#3438);
#2702=LINE('',#16026,#3439);
#2703=LINE('',#16028,#3440);
#2704=LINE('',#16029,#3441);
#2705=LINE('',#16031,#3442);
#2706=LINE('',#16032,#3443);
#2707=LINE('',#16034,#3444);
#2708=LINE('',#16035,#3445);
#2709=LINE('',#16037,#3446);
#2710=LINE('',#16038,#3447);
#2711=LINE('',#16040,#3448);
#2712=LINE('',#16041,#3449);
#2713=LINE('',#16043,#3450);
#2714=LINE('',#16045,#3451);
#2715=LINE('',#16047,#3452);
#2716=LINE('',#16048,#3453);
#2717=LINE('',#16050,#3454);
#2718=LINE('',#16051,#3455);
#2719=LINE('',#16053,#3456);
#2720=LINE('',#16054,#3457);
#2721=LINE('',#16056,#3458);
#2722=LINE('',#16057,#3459);
#2723=LINE('',#16059,#3460);
#2724=LINE('',#16060,#3461);
#2725=LINE('',#16062,#3462);
#2726=LINE('',#16063,#3463);
#2727=LINE('',#16065,#3464);
#2728=LINE('',#16066,#3465);
#2729=LINE('',#16068,#3466);
#2730=LINE('',#16069,#3467);
#2731=LINE('',#16071,#3468);
#2732=LINE('',#16072,#3469);
#2733=LINE('',#16074,#3470);
#2734=LINE('',#16075,#3471);
#2735=LINE('',#16077,#3472);
#2736=LINE('',#16078,#3473);
#2737=LINE('',#16080,#3474);
#2738=LINE('',#16085,#3475);
#2739=LINE('',#16086,#3476);
#2740=LINE('',#16090,#3477);
#2741=LINE('',#16092,#3478);
#2742=LINE('',#16093,#3479);
#2743=LINE('',#16095,#3480);
#2744=LINE('',#16096,#3481);
#2745=LINE('',#16098,#3482);
#2746=LINE('',#16099,#3483);
#2747=LINE('',#16101,#3484);
#2748=LINE('',#16102,#3485);
#2749=LINE('',#16104,#3486);
#2750=LINE('',#16105,#3487);
#2751=LINE('',#16107,#3488);
#2752=LINE('',#16108,#3489);
#2753=LINE('',#16110,#3490);
#2754=LINE('',#16111,#3491);
#2755=LINE('',#16113,#3492);
#2756=LINE('',#16114,#3493);
#2757=LINE('',#16116,#3494);
#2758=LINE('',#16117,#3495);
#2759=LINE('',#16119,#3496);
#2760=LINE('',#16120,#3497);
#2761=LINE('',#16122,#3498);
#2762=LINE('',#16124,#3499);
#2763=LINE('',#16125,#3500);
#2764=LINE('',#16127,#3501);
#2765=LINE('',#16128,#3502);
#2766=LINE('',#16130,#3503);
#2767=LINE('',#16131,#3504);
#2768=LINE('',#16133,#3505);
#2769=LINE('',#16134,#3506);
#2770=LINE('',#16136,#3507);
#2771=LINE('',#16137,#3508);
#2772=LINE('',#16139,#3509);
#2773=LINE('',#16140,#3510);
#2774=LINE('',#16142,#3511);
#2775=LINE('',#16143,#3512);
#2776=LINE('',#16145,#3513);
#2777=LINE('',#16146,#3514);
#2778=LINE('',#16148,#3515);
#2779=LINE('',#16149,#3516);
#2780=LINE('',#16151,#3517);
#2781=LINE('',#16152,#3518);
#2782=LINE('',#16154,#3519);
#2783=LINE('',#16155,#3520);
#2784=LINE('',#16157,#3521);
#2785=LINE('',#16158,#3522);
#2786=LINE('',#16160,#3523);
#2787=LINE('',#16161,#3524);
#2788=LINE('',#16163,#3525);
#2789=LINE('',#16165,#3526);
#2790=LINE('',#16166,#3527);
#2791=LINE('',#16168,#3528);
#2792=LINE('',#16169,#3529);
#2793=LINE('',#16171,#3530);
#2794=LINE('',#16172,#3531);
#2795=LINE('',#16174,#3532);
#2796=LINE('',#16175,#3533);
#2797=LINE('',#16177,#3534);
#2798=LINE('',#16178,#3535);
#2799=LINE('',#16180,#3536);
#2800=LINE('',#16181,#3537);
#2801=LINE('',#16183,#3538);
#2802=LINE('',#16184,#3539);
#2803=LINE('',#16186,#3540);
#2804=LINE('',#16187,#3541);
#2805=LINE('',#16189,#3542);
#2806=LINE('',#16190,#3543);
#2807=LINE('',#16192,#3544);
#2808=LINE('',#16193,#3545);
#2809=LINE('',#16195,#3546);
#2810=LINE('',#16197,#3547);
#2811=LINE('',#16198,#3548);
#2812=LINE('',#16200,#3549);
#2813=LINE('',#16202,#3550);
#2814=LINE('',#16203,#3551);
#2815=LINE('',#16205,#3552);
#2816=LINE('',#16206,#3553);
#2817=LINE('',#16208,#3554);
#2818=LINE('',#16209,#3555);
#2819=LINE('',#16211,#3556);
#2820=LINE('',#16212,#3557);
#2821=LINE('',#16214,#3558);
#2822=LINE('',#16215,#3559);
#2823=LINE('',#16217,#3560);
#2824=LINE('',#16218,#3561);
#2825=LINE('',#16220,#3562);
#2826=LINE('',#16221,#3563);
#2827=LINE('',#16223,#3564);
#2828=LINE('',#16224,#3565);
#2829=LINE('',#16226,#3566);
#2830=LINE('',#16227,#3567);
#2831=LINE('',#16229,#3568);
#2832=LINE('',#16230,#3569);
#2833=LINE('',#16232,#3570);
#2834=LINE('',#16234,#3571);
#2835=LINE('',#16235,#3572);
#2836=LINE('',#16237,#3573);
#2837=LINE('',#16238,#3574);
#2838=LINE('',#16240,#3575);
#2839=LINE('',#16241,#3576);
#2840=LINE('',#16243,#3577);
#2841=LINE('',#16244,#3578);
#2842=LINE('',#16246,#3579);
#2843=LINE('',#16247,#3580);
#2844=LINE('',#16249,#3581);
#2845=LINE('',#16250,#3582);
#2846=LINE('',#16252,#3583);
#2847=LINE('',#16253,#3584);
#2848=LINE('',#16255,#3585);
#2849=LINE('',#16256,#3586);
#2850=LINE('',#16258,#3587);
#2851=LINE('',#16259,#3588);
#2852=LINE('',#16261,#3589);
#2853=LINE('',#16262,#3590);
#2854=LINE('',#16264,#3591);
#2855=LINE('',#16265,#3592);
#2856=LINE('',#16267,#3593);
#2857=LINE('',#16269,#3594);
#2858=LINE('',#16270,#3595);
#2859=LINE('',#16272,#3596);
#2860=LINE('',#16273,#3597);
#2861=LINE('',#16275,#3598);
#2862=LINE('',#16276,#3599);
#2863=LINE('',#16278,#3600);
#2864=LINE('',#16279,#3601);
#2865=LINE('',#16281,#3602);
#2866=LINE('',#16282,#3603);
#2867=LINE('',#16284,#3604);
#2868=LINE('',#16285,#3605);
#2869=LINE('',#16287,#3606);
#2870=LINE('',#16288,#3607);
#2871=LINE('',#16290,#3608);
#2872=LINE('',#16291,#3609);
#2873=LINE('',#16293,#3610);
#2874=LINE('',#16294,#3611);
#2875=LINE('',#16296,#3612);
#2876=LINE('',#16297,#3613);
#2877=LINE('',#16299,#3614);
#2878=LINE('',#16301,#3615);
#2879=LINE('',#16302,#3616);
#2880=LINE('',#16304,#3617);
#2881=LINE('',#16305,#3618);
#2882=LINE('',#16307,#3619);
#2883=LINE('',#16308,#3620);
#2884=LINE('',#16310,#3621);
#2885=LINE('',#16312,#3622);
#2886=LINE('',#16313,#3623);
#2887=LINE('',#16315,#3624);
#2888=LINE('',#16316,#3625);
#2889=LINE('',#16318,#3626);
#2890=LINE('',#16319,#3627);
#2891=LINE('',#16321,#3628);
#2892=LINE('',#16322,#3629);
#2893=LINE('',#16324,#3630);
#2894=LINE('',#16325,#3631);
#2895=LINE('',#16327,#3632);
#2896=LINE('',#16328,#3633);
#2897=LINE('',#16330,#3634);
#2898=LINE('',#16331,#3635);
#2899=LINE('',#16333,#3636);
#2900=LINE('',#16334,#3637);
#2901=LINE('',#16336,#3638);
#2902=LINE('',#16337,#3639);
#2903=LINE('',#16339,#3640);
#2904=LINE('',#16341,#3641);
#2905=LINE('',#16343,#3642);
#2906=LINE('',#16345,#3643);
#2907=LINE('',#16347,#3644);
#2908=LINE('',#16348,#3645);
#2909=LINE('',#16350,#3646);
#2910=LINE('',#16418,#3647);
#2911=LINE('',#16426,#3648);
#2912=LINE('',#16428,#3649);
#2913=LINE('',#16430,#3650);
#2914=LINE('',#16431,#3651);
#2915=LINE('',#16434,#3652);
#2916=LINE('',#16436,#3653);
#2917=LINE('',#16437,#3654);
#2918=LINE('',#16440,#3655);
#2919=LINE('',#16441,#3656);
#2920=LINE('',#16444,#3657);
#2921=LINE('',#16445,#3658);
#2922=LINE('',#16447,#3659);
#2923=LINE('',#16450,#3660);
#2924=LINE('',#16452,#3661);
#2925=LINE('',#16453,#3662);
#2926=LINE('',#16456,#3663);
#2927=LINE('',#16457,#3664);
#2928=LINE('',#16461,#3665);
#2929=LINE('',#16462,#3666);
#2930=LINE('',#16464,#3667);
#2931=LINE('',#16465,#3668);
#2932=LINE('',#16468,#3669);
#2933=LINE('',#16470,#3670);
#2934=LINE('',#16471,#3671);
#2935=LINE('',#16473,#3672);
#2936=LINE('',#16475,#3673);
#2937=LINE('',#16477,#3674);
#2938=LINE('',#16479,#3675);
#2939=LINE('',#16484,#3676);
#2940=LINE('',#16486,#3677);
#2941=LINE('',#16488,#3678);
#2942=LINE('',#16489,#3679);
#2943=LINE('',#16492,#3680);
#2944=LINE('',#16494,#3681);
#2945=LINE('',#16495,#3682);
#2946=LINE('',#16498,#3683);
#2947=LINE('',#16499,#3684);
#2948=LINE('',#16502,#3685);
#2949=LINE('',#16503,#3686);
#2950=LINE('',#16505,#3687);
#2951=LINE('',#16508,#3688);
#2952=LINE('',#16510,#3689);
#2953=LINE('',#16511,#3690);
#2954=LINE('',#16514,#3691);
#2955=LINE('',#16515,#3692);
#2956=LINE('',#16519,#3693);
#2957=LINE('',#16520,#3694);
#2958=LINE('',#16522,#3695);
#2959=LINE('',#16523,#3696);
#2960=LINE('',#16526,#3697);
#2961=LINE('',#16528,#3698);
#2962=LINE('',#16529,#3699);
#2963=LINE('',#16531,#3700);
#2964=LINE('',#16533,#3701);
#2965=LINE('',#16535,#3702);
#2966=LINE('',#16537,#3703);
#2967=LINE('',#16542,#3704);
#2968=LINE('',#16544,#3705);
#2969=LINE('',#16546,#3706);
#2970=LINE('',#16547,#3707);
#2971=LINE('',#16550,#3708);
#2972=LINE('',#16552,#3709);
#2973=LINE('',#16553,#3710);
#2974=LINE('',#16556,#3711);
#2975=LINE('',#16557,#3712);
#2976=LINE('',#16560,#3713);
#2977=LINE('',#16561,#3714);
#2978=LINE('',#16563,#3715);
#2979=LINE('',#16566,#3716);
#2980=LINE('',#16568,#3717);
#2981=LINE('',#16569,#3718);
#2982=LINE('',#16572,#3719);
#2983=LINE('',#16573,#3720);
#2984=LINE('',#16577,#3721);
#2985=LINE('',#16578,#3722);
#2986=LINE('',#16580,#3723);
#2987=LINE('',#16581,#3724);
#2988=LINE('',#16584,#3725);
#2989=LINE('',#16586,#3726);
#2990=LINE('',#16587,#3727);
#2991=LINE('',#16589,#3728);
#2992=LINE('',#16591,#3729);
#2993=LINE('',#16593,#3730);
#2994=LINE('',#16595,#3731);
#2995=LINE('',#16600,#3732);
#2996=LINE('',#16602,#3733);
#2997=LINE('',#16604,#3734);
#2998=LINE('',#16605,#3735);
#2999=LINE('',#16608,#3736);
#3000=LINE('',#16610,#3737);
#3001=LINE('',#16611,#3738);
#3002=LINE('',#16614,#3739);
#3003=LINE('',#16615,#3740);
#3004=LINE('',#16618,#3741);
#3005=LINE('',#16619,#3742);
#3006=LINE('',#16621,#3743);
#3007=LINE('',#16624,#3744);
#3008=LINE('',#16626,#3745);
#3009=LINE('',#16627,#3746);
#3010=LINE('',#16630,#3747);
#3011=LINE('',#16631,#3748);
#3012=LINE('',#16635,#3749);
#3013=LINE('',#16636,#3750);
#3014=LINE('',#16638,#3751);
#3015=LINE('',#16639,#3752);
#3016=LINE('',#16642,#3753);
#3017=LINE('',#16644,#3754);
#3018=LINE('',#16645,#3755);
#3019=LINE('',#16647,#3756);
#3020=LINE('',#16649,#3757);
#3021=LINE('',#16651,#3758);
#3022=LINE('',#16653,#3759);
#3023=LINE('',#16658,#3760);
#3024=LINE('',#16660,#3761);
#3025=LINE('',#16662,#3762);
#3026=LINE('',#16663,#3763);
#3027=LINE('',#16666,#3764);
#3028=LINE('',#16668,#3765);
#3029=LINE('',#16669,#3766);
#3030=LINE('',#16672,#3767);
#3031=LINE('',#16673,#3768);
#3032=LINE('',#16676,#3769);
#3033=LINE('',#16677,#3770);
#3034=LINE('',#16679,#3771);
#3035=LINE('',#16682,#3772);
#3036=LINE('',#16684,#3773);
#3037=LINE('',#16685,#3774);
#3038=LINE('',#16688,#3775);
#3039=LINE('',#16689,#3776);
#3040=LINE('',#16693,#3777);
#3041=LINE('',#16694,#3778);
#3042=LINE('',#16696,#3779);
#3043=LINE('',#16697,#3780);
#3044=LINE('',#16700,#3781);
#3045=LINE('',#16702,#3782);
#3046=LINE('',#16703,#3783);
#3047=LINE('',#16705,#3784);
#3048=LINE('',#16707,#3785);
#3049=LINE('',#16709,#3786);
#3050=LINE('',#16711,#3787);
#3051=LINE('',#16716,#3788);
#3052=LINE('',#16718,#3789);
#3053=LINE('',#16720,#3790);
#3054=LINE('',#16721,#3791);
#3055=LINE('',#16724,#3792);
#3056=LINE('',#16726,#3793);
#3057=LINE('',#16727,#3794);
#3058=LINE('',#16730,#3795);
#3059=LINE('',#16731,#3796);
#3060=LINE('',#16734,#3797);
#3061=LINE('',#16735,#3798);
#3062=LINE('',#16737,#3799);
#3063=LINE('',#16740,#3800);
#3064=LINE('',#16742,#3801);
#3065=LINE('',#16743,#3802);
#3066=LINE('',#16746,#3803);
#3067=LINE('',#16747,#3804);
#3068=LINE('',#16751,#3805);
#3069=LINE('',#16752,#3806);
#3070=LINE('',#16754,#3807);
#3071=LINE('',#16755,#3808);
#3072=LINE('',#16758,#3809);
#3073=LINE('',#16760,#3810);
#3074=LINE('',#16761,#3811);
#3075=LINE('',#16763,#3812);
#3076=LINE('',#16765,#3813);
#3077=LINE('',#16767,#3814);
#3078=LINE('',#16769,#3815);
#3079=LINE('',#16782,#3816);
#3080=LINE('',#16789,#3817);
#3081=LINE('',#16808,#3818);
#3082=LINE('',#16827,#3819);
#3083=LINE('',#16834,#3820);
#3084=LINE('',#16836,#3821);
#3085=LINE('',#16837,#3822);
#3086=LINE('',#16840,#3823);
#3087=LINE('',#16842,#3824);
#3088=LINE('',#16843,#3825);
#3089=LINE('',#16858,#3826);
#3090=LINE('',#16877,#3827);
#3091=LINE('',#16896,#3828);
#3092=LINE('',#16915,#3829);
#3093=LINE('',#16934,#3830);
#3094=LINE('',#16953,#3831);
#3095=LINE('',#16960,#3832);
#3096=LINE('',#16962,#3833);
#3097=LINE('',#16963,#3834);
#3098=LINE('',#16966,#3835);
#3099=LINE('',#16968,#3836);
#3100=LINE('',#16969,#3837);
#3101=LINE('',#16984,#3838);
#3102=LINE('',#17003,#3839);
#3103=LINE('',#17022,#3840);
#3104=LINE('',#17041,#3841);
#3105=LINE('',#17074,#3842);
#3106=LINE('',#17078,#3843);
#3107=LINE('',#17094,#3844);
#3108=LINE('',#17113,#3845);
#3109=LINE('',#17120,#3846);
#3110=LINE('',#17122,#3847);
#3111=LINE('',#17123,#3848);
#3112=LINE('',#17126,#3849);
#3113=LINE('',#17128,#3850);
#3114=LINE('',#17129,#3851);
#3115=LINE('',#17144,#3852);
#3116=LINE('',#17163,#3853);
#3117=LINE('',#17182,#3854);
#3118=LINE('',#17201,#3855);
#3119=LINE('',#17220,#3856);
#3120=LINE('',#17239,#3857);
#3121=LINE('',#17258,#3858);
#3122=LINE('',#17277,#3859);
#3123=LINE('',#17296,#3860);
#3124=LINE('',#17315,#3861);
#3125=LINE('',#17334,#3862);
#3126=LINE('',#17353,#3863);
#3127=LINE('',#17372,#3864);
#3128=LINE('',#17391,#3865);
#3129=LINE('',#17410,#3866);
#3130=LINE('',#17429,#3867);
#3131=LINE('',#17448,#3868);
#3132=LINE('',#17464,#3869);
#3133=LINE('',#17480,#3870);
#3134=LINE('',#17499,#3871);
#3135=LINE('',#17518,#3872);
#3136=LINE('',#17537,#3873);
#3137=LINE('',#17544,#3874);
#3138=LINE('',#17546,#3875);
#3139=LINE('',#17547,#3876);
#3140=LINE('',#17550,#3877);
#3141=LINE('',#17552,#3878);
#3142=LINE('',#17553,#3879);
#3143=LINE('',#17568,#3880);
#3144=LINE('',#17587,#3881);
#3145=LINE('',#17606,#3882);
#3146=LINE('',#17625,#3883);
#3147=LINE('',#17644,#3884);
#3148=LINE('',#17663,#3885);
#3149=LINE('',#17682,#3886);
#3150=LINE('',#17701,#3887);
#3151=LINE('',#17720,#3888);
#3152=LINE('',#17736,#3889);
#3153=LINE('',#17752,#3890);
#3154=LINE('',#17771,#3891);
#3155=LINE('',#17790,#3892);
#3156=LINE('',#17809,#3893);
#3157=LINE('',#17842,#3894);
#3158=LINE('',#17849,#3895);
#3159=LINE('',#17868,#3896);
#3160=LINE('',#17887,#3897);
#3161=LINE('',#17894,#3898);
#3162=LINE('',#17896,#3899);
#3163=LINE('',#17897,#3900);
#3164=LINE('',#17900,#3901);
#3165=LINE('',#17902,#3902);
#3166=LINE('',#17903,#3903);
#3167=LINE('',#17918,#3904);
#3168=LINE('',#17925,#3905);
#3169=LINE('',#17927,#3906);
#3170=LINE('',#17928,#3907);
#3171=LINE('',#17931,#3908);
#3172=LINE('',#17933,#3909);
#3173=LINE('',#17934,#3910);
#3174=LINE('',#17949,#3911);
#3175=LINE('',#17968,#3912);
#3176=LINE('',#17987,#3913);
#3177=LINE('',#18006,#3914);
#3178=LINE('',#18013,#3915);
#3179=LINE('',#18015,#3916);
#3180=LINE('',#18016,#3917);
#3181=LINE('',#18019,#3918);
#3182=LINE('',#18021,#3919);
#3183=LINE('',#18022,#3920);
#3184=LINE('',#18025,#3921);
#3185=LINE('',#18027,#3922);
#3186=LINE('',#18028,#3923);
#3187=VECTOR('',#11118,10.);
#3188=VECTOR('',#11119,10.);
#3189=VECTOR('',#11120,10.);
#3190=VECTOR('',#11121,10.);
#3191=VECTOR('',#11122,10.);
#3192=VECTOR('',#11123,10.);
#3193=VECTOR('',#11124,10.);
#3194=VECTOR('',#11125,10.);
#3195=VECTOR('',#11126,10.);
#3196=VECTOR('',#11127,10.);
#3197=VECTOR('',#11128,10.);
#3198=VECTOR('',#11129,10.);
#3199=VECTOR('',#11130,10.);
#3200=VECTOR('',#11131,10.);
#3201=VECTOR('',#11134,10.);
#3202=VECTOR('',#11135,10.);
#3203=VECTOR('',#11136,10.);
#3204=VECTOR('',#11139,10.);
#3205=VECTOR('',#11140,10.);
#3206=VECTOR('',#11141,10.);
#3207=VECTOR('',#11142,10.);
#3208=VECTOR('',#11143,10.);
#3209=VECTOR('',#11144,10.);
#3210=VECTOR('',#11145,10.);
#3211=VECTOR('',#11146,10.);
#3212=VECTOR('',#11153,10.);
#3213=VECTOR('',#11154,10.);
#3214=VECTOR('',#11155,10.);
#3215=VECTOR('',#11156,10.);
#3216=VECTOR('',#11157,10.);
#3217=VECTOR('',#11160,10.);
#3218=VECTOR('',#11163,10.);
#3219=VECTOR('',#11164,10.);
#3220=VECTOR('',#11165,10.);
#3221=VECTOR('',#11168,10.);
#3222=VECTOR('',#11171,10.);
#3223=VECTOR('',#11172,10.);
#3224=VECTOR('',#11173,10.);
#3225=VECTOR('',#11176,10.);
#3226=VECTOR('',#11179,10.);
#3227=VECTOR('',#11180,10.);
#3228=VECTOR('',#11181,10.);
#3229=VECTOR('',#11184,10.);
#3230=VECTOR('',#11187,10.);
#3231=VECTOR('',#11188,10.);
#3232=VECTOR('',#11189,10.);
#3233=VECTOR('',#11192,10.);
#3234=VECTOR('',#11195,10.);
#3235=VECTOR('',#11196,10.);
#3236=VECTOR('',#11197,10.);
#3237=VECTOR('',#11200,10.);
#3238=VECTOR('',#11203,10.);
#3239=VECTOR('',#11204,10.);
#3240=VECTOR('',#11205,10.);
#3241=VECTOR('',#11206,10.);
#3242=VECTOR('',#11207,10.);
#3243=VECTOR('',#11214,10.);
#3244=VECTOR('',#11217,10.);
#3245=VECTOR('',#11220,10.);
#3246=VECTOR('',#11221,10.);
#3247=VECTOR('',#11222,10.);
#3248=VECTOR('',#11225,10.);
#3249=VECTOR('',#11228,10.);
#3250=VECTOR('',#11255,10.);
#3251=VECTOR('',#11256,10.);
#3252=VECTOR('',#11267,10.);
#3253=VECTOR('',#11268,10.);
#3254=VECTOR('',#11283,10.);
#3255=VECTOR('',#11284,10.);
#3256=VECTOR('',#11301,10.);
#3257=VECTOR('',#11302,10.);
#3258=VECTOR('',#11313,10.);
#3259=VECTOR('',#11314,10.);
#3260=VECTOR('',#11317,10.);
#3261=VECTOR('',#11318,10.);
#3262=VECTOR('',#11321,10.);
#3263=VECTOR('',#11322,10.);
#3264=VECTOR('',#11327,10.);
#3265=VECTOR('',#11328,10.);
#3266=VECTOR('',#11331,10.);
#3267=VECTOR('',#11332,10.);
#3268=VECTOR('',#11335,10.);
#3269=VECTOR('',#11336,10.);
#3270=VECTOR('',#11347,10.);
#3271=VECTOR('',#11348,10.);
#3272=VECTOR('',#11351,10.);
#3273=VECTOR('',#11354,10.);
#3274=VECTOR('',#11359,10.);
#3275=VECTOR('',#11364,10.);
#3276=VECTOR('',#11367,10.);
#3277=VECTOR('',#11370,10.);
#3278=VECTOR('',#11371,10.);
#3279=VECTOR('',#11372,10.);
#3280=VECTOR('',#11373,10.);
#3281=VECTOR('',#11376,10.);
#3282=VECTOR('',#11381,10.);
#3283=VECTOR('',#11384,10.);
#3284=VECTOR('',#11533,10.);
#3285=VECTOR('',#11534,10.);
#3286=VECTOR('',#11597,10.);
#3287=VECTOR('',#11610,10.);
#3288=VECTOR('',#11611,10.);
#3289=VECTOR('',#11614,10.);
#3290=VECTOR('',#11615,10.);
#3291=VECTOR('',#11644,10.);
#3292=VECTOR('',#11665,10.);
#3293=VECTOR('',#11678,10.);
#3294=VECTOR('',#11679,10.);
#3295=VECTOR('',#11682,10.);
#3296=VECTOR('',#11683,10.);
#3297=VECTOR('',#11694,10.);
#3298=VECTOR('',#11695,10.);
#3299=VECTOR('',#11698,10.);
#3300=VECTOR('',#11699,10.);
#3301=VECTOR('',#11730,10.);
#3302=VECTOR('',#11785,10.);
#3303=VECTOR('',#11786,10.);
#3304=VECTOR('',#11857,10.);
#3305=VECTOR('',#11858,10.);
#3306=VECTOR('',#11921,10.);
#3307=VECTOR('',#11934,10.);
#3308=VECTOR('',#11935,10.);
#3309=VECTOR('',#11938,10.);
#3310=VECTOR('',#11939,10.);
#3311=VECTOR('',#11968,10.);
#3312=VECTOR('',#11997,10.);
#3313=VECTOR('',#12010,10.);
#3314=VECTOR('',#12011,10.);
#3315=VECTOR('',#12014,10.);
#3316=VECTOR('',#12015,10.);
#3317=VECTOR('',#12026,10.);
#3318=VECTOR('',#12027,10.);
#3319=VECTOR('',#12030,10.);
#3320=VECTOR('',#12031,10.);
#3321=VECTOR('',#12062,10.);
#3322=VECTOR('',#12083,10.);
#3323=VECTOR('',#12092,10.);
#3324=VECTOR('',#12117,10.);
#3325=VECTOR('',#12118,10.);
#3326=VECTOR('',#12129,10.);
#3327=VECTOR('',#12130,10.);
#3328=VECTOR('',#12141,10.);
#3329=VECTOR('',#12188,10.);
#3330=VECTOR('',#12189,10.);
#3331=VECTOR('',#12252,10.);
#3332=VECTOR('',#12253,10.);
#3333=VECTOR('',#12256,10.);
#3334=VECTOR('',#12257,10.);
#3335=VECTOR('',#12268,10.);
#3336=VECTOR('',#12305,10.);
#3337=VECTOR('',#12306,10.);
#3338=VECTOR('',#12369,10.);
#3339=VECTOR('',#12370,10.);
#3340=VECTOR('',#12373,10.);
#3341=VECTOR('',#12374,10.);
#3342=VECTOR('',#12385,10.);
#3343=VECTOR('',#12386,10.);
#3344=VECTOR('',#12397,10.);
#3345=VECTOR('',#12408,10.);
#3346=VECTOR('',#12429,10.);
#3347=VECTOR('',#12430,10.);
#3348=VECTOR('',#12433,10.);
#3349=VECTOR('',#12434,10.);
#3350=VECTOR('',#12463,10.);
#3351=VECTOR('',#12474,10.);
#3352=VECTOR('',#12503,10.);
#3353=VECTOR('',#12504,10.);
#3354=VECTOR('',#12517,10.);
#3355=VECTOR('',#12526,10.);
#3356=VECTOR('',#12537,10.);
#3357=VECTOR('',#12550,10.);
#3358=VECTOR('',#12551,10.);
#3359=VECTOR('',#12554,10.);
#3360=VECTOR('',#12555,10.);
#3361=VECTOR('',#12566,10.);
#3362=VECTOR('',#12567,10.);
#3363=VECTOR('',#12570,10.);
#3364=VECTOR('',#12571,10.);
#3365=VECTOR('',#12604,10.);
#3366=VECTOR('',#12605,10.);
#3367=VECTOR('',#12616,10.);
#3368=VECTOR('',#12617,10.);
#3369=VECTOR('',#12652,10.);
#3370=VECTOR('',#12653,10.);
#3371=VECTOR('',#12680,10.);
#3372=VECTOR('',#12699,10.);
#3373=VECTOR('',#12700,10.);
#3374=VECTOR('',#12711,10.);
#3375=VECTOR('',#12712,10.);
#3376=VECTOR('',#12723,10.);
#3377=VECTOR('',#12724,10.);
#3378=VECTOR('',#12727,10.);
#3379=VECTOR('',#12728,10.);
#3380=VECTOR('',#12739,10.);
#3381=VECTOR('',#12758,10.);
#3382=VECTOR('',#12759,10.);
#3383=VECTOR('',#12762,10.);
#3384=VECTOR('',#12763,10.);
#3385=VECTOR('',#12784,10.);
#3386=VECTOR('',#12785,10.);
#3387=VECTOR('',#12796,10.);
#3388=VECTOR('',#12797,10.);
#3389=VECTOR('',#12812,10.);
#3390=VECTOR('',#12815,10.);
#3391=VECTOR('',#12816,10.);
#3392=VECTOR('',#12819,10.);
#3393=VECTOR('',#12820,10.);
#3394=VECTOR('',#12823,10.);
#3395=VECTOR('',#12826,10.);
#3396=VECTOR('',#12829,10.);
#3397=VECTOR('',#12830,10.);
#3398=VECTOR('',#12833,10.);
#3399=VECTOR('',#12836,10.);
#3400=VECTOR('',#12839,10.);
#3401=VECTOR('',#12840,10.);
#3402=VECTOR('',#12843,10.);
#3403=VECTOR('',#12846,10.);
#3404=VECTOR('',#12847,10.);
#3405=VECTOR('',#12856,10.);
#3406=VECTOR('',#12857,10.);
#3407=VECTOR('',#12860,10.);
#3408=VECTOR('',#12861,10.);
#3409=VECTOR('',#12864,10.);
#3410=VECTOR('',#12865,10.);
#3411=VECTOR('',#12868,10.);
#3412=VECTOR('',#12869,10.);
#3413=VECTOR('',#12872,10.);
#3414=VECTOR('',#12879,10.);
#3415=VECTOR('',#12880,10.);
#3416=VECTOR('',#12883,10.);
#3417=VECTOR('',#12884,10.);
#3418=VECTOR('',#12889,10.);
#3419=VECTOR('',#12890,10.);
#3420=VECTOR('',#12901,10.);
#3421=VECTOR('',#12902,10.);
#3422=VECTOR('',#12905,10.);
#3423=VECTOR('',#12908,10.);
#3424=VECTOR('',#12911,10.);
#3425=VECTOR('',#12912,10.);
#3426=VECTOR('',#12915,10.);
#3427=VECTOR('',#12916,10.);
#3428=VECTOR('',#12921,10.);
#3429=VECTOR('',#12922,10.);
#3430=VECTOR('',#12931,10.);
#3431=VECTOR('',#12932,10.);
#3432=VECTOR('',#12935,10.);
#3433=VECTOR('',#12936,10.);
#3434=VECTOR('',#12939,10.);
#3435=VECTOR('',#12940,10.);
#3436=VECTOR('',#12943,10.);
#3437=VECTOR('',#12944,10.);
#3438=VECTOR('',#12947,10.);
#3439=VECTOR('',#12948,10.);
#3440=VECTOR('',#12951,10.);
#3441=VECTOR('',#12952,10.);
#3442=VECTOR('',#12955,10.);
#3443=VECTOR('',#12956,10.);
#3444=VECTOR('',#12959,10.);
#3445=VECTOR('',#12960,10.);
#3446=VECTOR('',#12963,10.);
#3447=VECTOR('',#12964,10.);
#3448=VECTOR('',#12967,10.);
#3449=VECTOR('',#12968,10.);
#3450=VECTOR('',#12971,10.);
#3451=VECTOR('',#12974,10.);
#3452=VECTOR('',#12977,10.);
#3453=VECTOR('',#12978,10.);
#3454=VECTOR('',#12981,10.);
#3455=VECTOR('',#12982,10.);
#3456=VECTOR('',#12985,10.);
#3457=VECTOR('',#12986,10.);
#3458=VECTOR('',#12989,10.);
#3459=VECTOR('',#12990,10.);
#3460=VECTOR('',#12993,10.);
#3461=VECTOR('',#12994,10.);
#3462=VECTOR('',#12997,10.);
#3463=VECTOR('',#12998,10.);
#3464=VECTOR('',#13001,10.);
#3465=VECTOR('',#13002,10.);
#3466=VECTOR('',#13005,10.);
#3467=VECTOR('',#13006,10.);
#3468=VECTOR('',#13009,10.);
#3469=VECTOR('',#13010,10.);
#3470=VECTOR('',#13013,10.);
#3471=VECTOR('',#13014,10.);
#3472=VECTOR('',#13017,10.);
#3473=VECTOR('',#13018,10.);
#3474=VECTOR('',#13021,10.);
#3475=VECTOR('',#13030,10.);
#3476=VECTOR('',#13031,10.);
#3477=VECTOR('',#13038,10.);
#3478=VECTOR('',#13041,10.);
#3479=VECTOR('',#13042,10.);
#3480=VECTOR('',#13045,10.);
#3481=VECTOR('',#13046,10.);
#3482=VECTOR('',#13049,10.);
#3483=VECTOR('',#13050,10.);
#3484=VECTOR('',#13053,10.);
#3485=VECTOR('',#13054,10.);
#3486=VECTOR('',#13057,10.);
#3487=VECTOR('',#13058,10.);
#3488=VECTOR('',#13061,10.);
#3489=VECTOR('',#13062,10.);
#3490=VECTOR('',#13065,10.);
#3491=VECTOR('',#13066,10.);
#3492=VECTOR('',#13069,10.);
#3493=VECTOR('',#13070,10.);
#3494=VECTOR('',#13073,10.);
#3495=VECTOR('',#13074,10.);
#3496=VECTOR('',#13077,10.);
#3497=VECTOR('',#13078,10.);
#3498=VECTOR('',#13081,10.);
#3499=VECTOR('',#13084,10.);
#3500=VECTOR('',#13085,10.);
#3501=VECTOR('',#13088,10.);
#3502=VECTOR('',#13089,10.);
#3503=VECTOR('',#13092,10.);
#3504=VECTOR('',#13093,10.);
#3505=VECTOR('',#13096,10.);
#3506=VECTOR('',#13097,10.);
#3507=VECTOR('',#13100,10.);
#3508=VECTOR('',#13101,10.);
#3509=VECTOR('',#13104,10.);
#3510=VECTOR('',#13105,10.);
#3511=VECTOR('',#13108,10.);
#3512=VECTOR('',#13109,10.);
#3513=VECTOR('',#13112,10.);
#3514=VECTOR('',#13113,10.);
#3515=VECTOR('',#13116,10.);
#3516=VECTOR('',#13117,10.);
#3517=VECTOR('',#13120,10.);
#3518=VECTOR('',#13121,10.);
#3519=VECTOR('',#13124,10.);
#3520=VECTOR('',#13125,10.);
#3521=VECTOR('',#13128,10.);
#3522=VECTOR('',#13129,10.);
#3523=VECTOR('',#13132,10.);
#3524=VECTOR('',#13133,10.);
#3525=VECTOR('',#13136,10.);
#3526=VECTOR('',#13139,10.);
#3527=VECTOR('',#13140,10.);
#3528=VECTOR('',#13143,10.);
#3529=VECTOR('',#13144,10.);
#3530=VECTOR('',#13147,10.);
#3531=VECTOR('',#13148,10.);
#3532=VECTOR('',#13151,10.);
#3533=VECTOR('',#13152,10.);
#3534=VECTOR('',#13155,10.);
#3535=VECTOR('',#13156,10.);
#3536=VECTOR('',#13159,10.);
#3537=VECTOR('',#13160,10.);
#3538=VECTOR('',#13163,10.);
#3539=VECTOR('',#13164,10.);
#3540=VECTOR('',#13167,10.);
#3541=VECTOR('',#13168,10.);
#3542=VECTOR('',#13171,10.);
#3543=VECTOR('',#13172,10.);
#3544=VECTOR('',#13175,10.);
#3545=VECTOR('',#13176,10.);
#3546=VECTOR('',#13179,10.);
#3547=VECTOR('',#13182,10.);
#3548=VECTOR('',#13183,10.);
#3549=VECTOR('',#13186,10.);
#3550=VECTOR('',#13189,10.);
#3551=VECTOR('',#13190,10.);
#3552=VECTOR('',#13193,10.);
#3553=VECTOR('',#13194,10.);
#3554=VECTOR('',#13197,10.);
#3555=VECTOR('',#13198,10.);
#3556=VECTOR('',#13201,10.);
#3557=VECTOR('',#13202,10.);
#3558=VECTOR('',#13205,10.);
#3559=VECTOR('',#13206,10.);
#3560=VECTOR('',#13209,10.);
#3561=VECTOR('',#13210,10.);
#3562=VECTOR('',#13213,10.);
#3563=VECTOR('',#13214,10.);
#3564=VECTOR('',#13217,10.);
#3565=VECTOR('',#13218,10.);
#3566=VECTOR('',#13221,10.);
#3567=VECTOR('',#13222,10.);
#3568=VECTOR('',#13225,10.);
#3569=VECTOR('',#13226,10.);
#3570=VECTOR('',#13229,10.);
#3571=VECTOR('',#13232,10.);
#3572=VECTOR('',#13233,10.);
#3573=VECTOR('',#13236,10.);
#3574=VECTOR('',#13237,10.);
#3575=VECTOR('',#13240,10.);
#3576=VECTOR('',#13241,10.);
#3577=VECTOR('',#13244,10.);
#3578=VECTOR('',#13245,10.);
#3579=VECTOR('',#13248,10.);
#3580=VECTOR('',#13249,10.);
#3581=VECTOR('',#13252,10.);
#3582=VECTOR('',#13253,10.);
#3583=VECTOR('',#13256,10.);
#3584=VECTOR('',#13257,10.);
#3585=VECTOR('',#13260,10.);
#3586=VECTOR('',#13261,10.);
#3587=VECTOR('',#13264,10.);
#3588=VECTOR('',#13265,10.);
#3589=VECTOR('',#13268,10.);
#3590=VECTOR('',#13269,10.);
#3591=VECTOR('',#13272,10.);
#3592=VECTOR('',#13273,10.);
#3593=VECTOR('',#13276,10.);
#3594=VECTOR('',#13279,10.);
#3595=VECTOR('',#13280,10.);
#3596=VECTOR('',#13283,10.);
#3597=VECTOR('',#13284,10.);
#3598=VECTOR('',#13287,10.);
#3599=VECTOR('',#13288,10.);
#3600=VECTOR('',#13291,10.);
#3601=VECTOR('',#13292,10.);
#3602=VECTOR('',#13295,10.);
#3603=VECTOR('',#13296,10.);
#3604=VECTOR('',#13299,10.);
#3605=VECTOR('',#13300,10.);
#3606=VECTOR('',#13303,10.);
#3607=VECTOR('',#13304,10.);
#3608=VECTOR('',#13307,10.);
#3609=VECTOR('',#13308,10.);
#3610=VECTOR('',#13311,10.);
#3611=VECTOR('',#13312,10.);
#3612=VECTOR('',#13315,10.);
#3613=VECTOR('',#13316,10.);
#3614=VECTOR('',#13319,10.);
#3615=VECTOR('',#13322,10.);
#3616=VECTOR('',#13323,10.);
#3617=VECTOR('',#13326,10.);
#3618=VECTOR('',#13327,10.);
#3619=VECTOR('',#13330,10.);
#3620=VECTOR('',#13331,10.);
#3621=VECTOR('',#13334,10.);
#3622=VECTOR('',#13337,10.);
#3623=VECTOR('',#13338,10.);
#3624=VECTOR('',#13341,10.);
#3625=VECTOR('',#13342,10.);
#3626=VECTOR('',#13345,10.);
#3627=VECTOR('',#13346,10.);
#3628=VECTOR('',#13349,10.);
#3629=VECTOR('',#13350,10.);
#3630=VECTOR('',#13353,10.);
#3631=VECTOR('',#13354,10.);
#3632=VECTOR('',#13357,10.);
#3633=VECTOR('',#13358,10.);
#3634=VECTOR('',#13361,10.);
#3635=VECTOR('',#13362,10.);
#3636=VECTOR('',#13365,10.);
#3637=VECTOR('',#13366,10.);
#3638=VECTOR('',#13369,10.);
#3639=VECTOR('',#13370,10.);
#3640=VECTOR('',#13373,10.);
#3641=VECTOR('',#13376,10.);
#3642=VECTOR('',#13379,10.);
#3643=VECTOR('',#13382,10.);
#3644=VECTOR('',#13385,10.);
#3645=VECTOR('',#13386,10.);
#3646=VECTOR('',#13389,10.);
#3647=VECTOR('',#13524,10.);
#3648=VECTOR('',#13535,10.);
#3649=VECTOR('',#13536,10.);
#3650=VECTOR('',#13537,10.);
#3651=VECTOR('',#13538,10.);
#3652=VECTOR('',#13541,10.);
#3653=VECTOR('',#13542,10.);
#3654=VECTOR('',#13543,10.);
#3655=VECTOR('',#13546,10.);
#3656=VECTOR('',#13547,10.);
#3657=VECTOR('',#13550,10.);
#3658=VECTOR('',#13551,10.);
#3659=VECTOR('',#13554,10.);
#3660=VECTOR('',#13557,1000.);
#3661=VECTOR('',#13558,10.);
#3662=VECTOR('',#13559,1000.);
#3663=VECTOR('',#13562,1000.);
#3664=VECTOR('',#13563,10.);
#3665=VECTOR('',#13566,10.);
#3666=VECTOR('',#13567,10.);
#3667=VECTOR('',#13568,10.);
#3668=VECTOR('',#13569,10.);
#3669=VECTOR('',#13572,10.);
#3670=VECTOR('',#13573,10.);
#3671=VECTOR('',#13574,10.);
#3672=VECTOR('',#13577,10.);
#3673=VECTOR('',#13580,10.);
#3674=VECTOR('',#13583,10.);
#3675=VECTOR('',#13586,1000.);
#3676=VECTOR('',#13591,10.);
#3677=VECTOR('',#13592,10.);
#3678=VECTOR('',#13593,10.);
#3679=VECTOR('',#13594,10.);
#3680=VECTOR('',#13597,10.);
#3681=VECTOR('',#13598,10.);
#3682=VECTOR('',#13599,10.);
#3683=VECTOR('',#13602,10.);
#3684=VECTOR('',#13603,10.);
#3685=VECTOR('',#13606,10.);
#3686=VECTOR('',#13607,10.);
#3687=VECTOR('',#13610,10.);
#3688=VECTOR('',#13613,1000.);
#3689=VECTOR('',#13614,10.);
#3690=VECTOR('',#13615,1000.);
#3691=VECTOR('',#13618,1000.);
#3692=VECTOR('',#13619,10.);
#3693=VECTOR('',#13622,10.);
#3694=VECTOR('',#13623,10.);
#3695=VECTOR('',#13624,10.);
#3696=VECTOR('',#13625,10.);
#3697=VECTOR('',#13628,10.);
#3698=VECTOR('',#13629,10.);
#3699=VECTOR('',#13630,10.);
#3700=VECTOR('',#13633,10.);
#3701=VECTOR('',#13636,10.);
#3702=VECTOR('',#13639,10.);
#3703=VECTOR('',#13642,1000.);
#3704=VECTOR('',#13647,10.);
#3705=VECTOR('',#13648,10.);
#3706=VECTOR('',#13649,10.);
#3707=VECTOR('',#13650,10.);
#3708=VECTOR('',#13653,10.);
#3709=VECTOR('',#13654,10.);
#3710=VECTOR('',#13655,10.);
#3711=VECTOR('',#13658,10.);
#3712=VECTOR('',#13659,10.);
#3713=VECTOR('',#13662,10.);
#3714=VECTOR('',#13663,10.);
#3715=VECTOR('',#13666,10.);
#3716=VECTOR('',#13669,1000.);
#3717=VECTOR('',#13670,10.);
#3718=VECTOR('',#13671,1000.);
#3719=VECTOR('',#13674,1000.);
#3720=VECTOR('',#13675,10.);
#3721=VECTOR('',#13678,10.);
#3722=VECTOR('',#13679,10.);
#3723=VECTOR('',#13680,10.);
#3724=VECTOR('',#13681,10.);
#3725=VECTOR('',#13684,10.);
#3726=VECTOR('',#13685,10.);
#3727=VECTOR('',#13686,10.);
#3728=VECTOR('',#13689,10.);
#3729=VECTOR('',#13692,10.);
#3730=VECTOR('',#13695,10.);
#3731=VECTOR('',#13698,1000.);
#3732=VECTOR('',#13703,10.);
#3733=VECTOR('',#13704,10.);
#3734=VECTOR('',#13705,10.);
#3735=VECTOR('',#13706,10.);
#3736=VECTOR('',#13709,10.);
#3737=VECTOR('',#13710,10.);
#3738=VECTOR('',#13711,10.);
#3739=VECTOR('',#13714,10.);
#3740=VECTOR('',#13715,10.);
#3741=VECTOR('',#13718,10.);
#3742=VECTOR('',#13719,10.);
#3743=VECTOR('',#13722,10.);
#3744=VECTOR('',#13725,1000.);
#3745=VECTOR('',#13726,10.);
#3746=VECTOR('',#13727,1000.);
#3747=VECTOR('',#13730,1000.);
#3748=VECTOR('',#13731,10.);
#3749=VECTOR('',#13734,10.);
#3750=VECTOR('',#13735,10.);
#3751=VECTOR('',#13736,10.);
#3752=VECTOR('',#13737,10.);
#3753=VECTOR('',#13740,10.);
#3754=VECTOR('',#13741,10.);
#3755=VECTOR('',#13742,10.);
#3756=VECTOR('',#13745,10.);
#3757=VECTOR('',#13748,10.);
#3758=VECTOR('',#13751,10.);
#3759=VECTOR('',#13754,1000.);
#3760=VECTOR('',#13759,10.);
#3761=VECTOR('',#13760,10.);
#3762=VECTOR('',#13761,10.);
#3763=VECTOR('',#13762,10.);
#3764=VECTOR('',#13765,10.);
#3765=VECTOR('',#13766,10.);
#3766=VECTOR('',#13767,10.);
#3767=VECTOR('',#13770,10.);
#3768=VECTOR('',#13771,10.);
#3769=VECTOR('',#13774,10.);
#3770=VECTOR('',#13775,10.);
#3771=VECTOR('',#13778,10.);
#3772=VECTOR('',#13781,1000.);
#3773=VECTOR('',#13782,10.);
#3774=VECTOR('',#13783,1000.);
#3775=VECTOR('',#13786,1000.);
#3776=VECTOR('',#13787,10.);
#3777=VECTOR('',#13790,10.);
#3778=VECTOR('',#13791,10.);
#3779=VECTOR('',#13792,10.);
#3780=VECTOR('',#13793,10.);
#3781=VECTOR('',#13796,10.);
#3782=VECTOR('',#13797,10.);
#3783=VECTOR('',#13798,10.);
#3784=VECTOR('',#13801,10.);
#3785=VECTOR('',#13804,10.);
#3786=VECTOR('',#13807,10.);
#3787=VECTOR('',#13810,1000.);
#3788=VECTOR('',#13815,10.);
#3789=VECTOR('',#13816,10.);
#3790=VECTOR('',#13817,10.);
#3791=VECTOR('',#13818,10.);
#3792=VECTOR('',#13821,10.);
#3793=VECTOR('',#13822,10.);
#3794=VECTOR('',#13823,10.);
#3795=VECTOR('',#13826,10.);
#3796=VECTOR('',#13827,10.);
#3797=VECTOR('',#13830,10.);
#3798=VECTOR('',#13831,10.);
#3799=VECTOR('',#13834,10.);
#3800=VECTOR('',#13837,1000.);
#3801=VECTOR('',#13838,10.);
#3802=VECTOR('',#13839,1000.);
#3803=VECTOR('',#13842,1000.);
#3804=VECTOR('',#13843,10.);
#3805=VECTOR('',#13846,10.);
#3806=VECTOR('',#13847,10.);
#3807=VECTOR('',#13848,10.);
#3808=VECTOR('',#13849,10.);
#3809=VECTOR('',#13852,10.);
#3810=VECTOR('',#13853,10.);
#3811=VECTOR('',#13854,10.);
#3812=VECTOR('',#13857,10.);
#3813=VECTOR('',#13860,10.);
#3814=VECTOR('',#13863,10.);
#3815=VECTOR('',#13866,1000.);
#3816=VECTOR('',#13871,10.);
#3817=VECTOR('',#13872,10.);
#3818=VECTOR('',#13873,10.);
#3819=VECTOR('',#13874,10.);
#3820=VECTOR('',#13877,10.);
#3821=VECTOR('',#13878,10.);
#3822=VECTOR('',#13879,10.);
#3823=VECTOR('',#13882,10.);
#3824=VECTOR('',#13883,10.);
#3825=VECTOR('',#13884,10.);
#3826=VECTOR('',#13885,10.);
#3827=VECTOR('',#13886,10.);
#3828=VECTOR('',#13887,10.);
#3829=VECTOR('',#13888,10.);
#3830=VECTOR('',#13889,10.);
#3831=VECTOR('',#13890,10.);
#3832=VECTOR('',#13893,10.);
#3833=VECTOR('',#13894,10.);
#3834=VECTOR('',#13895,10.);
#3835=VECTOR('',#13898,10.);
#3836=VECTOR('',#13899,10.);
#3837=VECTOR('',#13900,10.);
#3838=VECTOR('',#13901,10.);
#3839=VECTOR('',#13902,10.);
#3840=VECTOR('',#13903,10.);
#3841=VECTOR('',#13904,10.);
#3842=VECTOR('',#13909,10.);
#3843=VECTOR('',#13912,10.);
#3844=VECTOR('',#13915,10.);
#3845=VECTOR('',#13916,10.);
#3846=VECTOR('',#13919,10.);
#3847=VECTOR('',#13920,10.);
#3848=VECTOR('',#13921,10.);
#3849=VECTOR('',#13924,10.);
#3850=VECTOR('',#13925,10.);
#3851=VECTOR('',#13926,10.);
#3852=VECTOR('',#13927,10.);
#3853=VECTOR('',#13928,10.);
#3854=VECTOR('',#13929,10.);
#3855=VECTOR('',#13930,10.);
#3856=VECTOR('',#13931,10.);
#3857=VECTOR('',#13932,10.);
#3858=VECTOR('',#13933,10.);
#3859=VECTOR('',#13934,10.);
#3860=VECTOR('',#13935,10.);
#3861=VECTOR('',#13936,10.);
#3862=VECTOR('',#13937,10.);
#3863=VECTOR('',#13938,10.);
#3864=VECTOR('',#13939,10.);
#3865=VECTOR('',#13940,10.);
#3866=VECTOR('',#13941,10.);
#3867=VECTOR('',#13942,10.);
#3868=VECTOR('',#13943,10.);
#3869=VECTOR('',#13946,10.);
#3870=VECTOR('',#13949,10.);
#3871=VECTOR('',#13950,10.);
#3872=VECTOR('',#13951,10.);
#3873=VECTOR('',#13952,10.);
#3874=VECTOR('',#13955,10.);
#3875=VECTOR('',#13956,10.);
#3876=VECTOR('',#13957,10.);
#3877=VECTOR('',#13960,10.);
#3878=VECTOR('',#13961,10.);
#3879=VECTOR('',#13962,10.);
#3880=VECTOR('',#13963,10.);
#3881=VECTOR('',#13964,10.);
#3882=VECTOR('',#13965,10.);
#3883=VECTOR('',#13966,10.);
#3884=VECTOR('',#13967,10.);
#3885=VECTOR('',#13968,10.);
#3886=VECTOR('',#13969,10.);
#3887=VECTOR('',#13970,10.);
#3888=VECTOR('',#13971,10.);
#3889=VECTOR('',#13974,10.);
#3890=VECTOR('',#13977,10.);
#3891=VECTOR('',#13978,10.);
#3892=VECTOR('',#13979,10.);
#3893=VECTOR('',#13980,10.);
#3894=VECTOR('',#13985,10.);
#3895=VECTOR('',#13986,10.);
#3896=VECTOR('',#13987,10.);
#3897=VECTOR('',#13988,10.);
#3898=VECTOR('',#13991,10.);
#3899=VECTOR('',#13992,10.);
#3900=VECTOR('',#13993,10.);
#3901=VECTOR('',#13996,10.);
#3902=VECTOR('',#13997,10.);
#3903=VECTOR('',#13998,10.);
#3904=VECTOR('',#13999,10.);
#3905=VECTOR('',#14002,10.);
#3906=VECTOR('',#14003,10.);
#3907=VECTOR('',#14004,10.);
#3908=VECTOR('',#14007,10.);
#3909=VECTOR('',#14008,10.);
#3910=VECTOR('',#14009,10.);
#3911=VECTOR('',#14010,10.);
#3912=VECTOR('',#14011,10.);
#3913=VECTOR('',#14012,10.);
#3914=VECTOR('',#14013,10.);
#3915=VECTOR('',#14016,10.);
#3916=VECTOR('',#14017,10.);
#3917=VECTOR('',#14018,10.);
#3918=VECTOR('',#14021,10.);
#3919=VECTOR('',#14022,10.);
#3920=VECTOR('',#14023,10.);
#3921=VECTOR('',#14026,10.);
#3922=VECTOR('',#14027,10.);
#3923=VECTOR('',#14028,10.);
#3924=B_SPLINE_CURVE_WITH_KNOTS('',2,(#14051,#14052,#14053,#14054),
 .UNSPECIFIED.,.F.,.F.,(3,1,3),(0.,1.,2.),.UNSPECIFIED.);
#3925=B_SPLINE_CURVE_WITH_KNOTS('',2,(#14058,#14059,#14060,#14061),
 .UNSPECIFIED.,.F.,.F.,(3,1,3),(-2.,-1.,0.),.UNSPECIFIED.);
#3926=B_SPLINE_CURVE_WITH_KNOTS('',2,(#14072,#14073,#14074,#14075),
 .UNSPECIFIED.,.F.,.F.,(3,1,3),(0.,1.,2.),.UNSPECIFIED.);
#3927=B_SPLINE_CURVE_WITH_KNOTS('',2,(#14078,#14079,#14080,#14081),
 .UNSPECIFIED.,.F.,.F.,(3,1,3),(-2.,-1.,0.),.UNSPECIFIED.);
#3928=B_SPLINE_CURVE_WITH_KNOTS('',2,(#14091,#14092,#14093,#14094),
 .UNSPECIFIED.,.F.,.F.,(3,1,3),(0.,1.,2.),.UNSPECIFIED.);
#3929=B_SPLINE_CURVE_WITH_KNOTS('',2,(#14097,#14098,#14099,#14100),
 .UNSPECIFIED.,.F.,.F.,(3,1,3),(-2.,-1.,0.),.UNSPECIFIED.);
#3930=B_SPLINE_CURVE_WITH_KNOTS('',2,(#14110,#14111,#14112,#14113),
 .UNSPECIFIED.,.F.,.F.,(3,1,3),(0.,1.,2.),.UNSPECIFIED.);
#3931=B_SPLINE_CURVE_WITH_KNOTS('',2,(#14116,#14117,#14118,#14119),
 .UNSPECIFIED.,.F.,.F.,(3,1,3),(-2.,-1.,0.),.UNSPECIFIED.);
#3932=B_SPLINE_CURVE_WITH_KNOTS('',2,(#14129,#14130,#14131,#14132),
 .UNSPECIFIED.,.F.,.F.,(3,1,3),(0.,1.,2.),.UNSPECIFIED.);
#3933=B_SPLINE_CURVE_WITH_KNOTS('',2,(#14135,#14136,#14137,#14138),
 .UNSPECIFIED.,.F.,.F.,(3,1,3),(-2.,-1.,0.),.UNSPECIFIED.);
#3934=B_SPLINE_CURVE_WITH_KNOTS('',2,(#14148,#14149,#14150,#14151),
 .UNSPECIFIED.,.F.,.F.,(3,1,3),(0.,1.,2.),.UNSPECIFIED.);
#3935=B_SPLINE_CURVE_WITH_KNOTS('',2,(#14154,#14155,#14156,#14157),
 .UNSPECIFIED.,.F.,.F.,(3,1,3),(-2.,-1.,0.),.UNSPECIFIED.);
#3936=B_SPLINE_CURVE_WITH_KNOTS('',2,(#14166,#14167,#14168,#14169),
 .UNSPECIFIED.,.F.,.F.,(3,1,3),(0.,1.,2.),.UNSPECIFIED.);
#3937=B_SPLINE_CURVE_WITH_KNOTS('',2,(#14170,#14171,#14172,#14173),
 .UNSPECIFIED.,.F.,.F.,(3,1,3),(-2.,-1.,0.),.UNSPECIFIED.);
#3938=B_SPLINE_CURVE_WITH_KNOTS('',2,(#14184,#14185,#14186,#14187),
 .UNSPECIFIED.,.F.,.F.,(3,1,3),(0.,1.,2.),.UNSPECIFIED.);
#3939=B_SPLINE_CURVE_WITH_KNOTS('',2,(#14191,#14192,#14193,#14194),
 .UNSPECIFIED.,.F.,.F.,(3,1,3),(-2.,-1.,0.),.UNSPECIFIED.);
#3940=B_SPLINE_CURVE_WITH_KNOTS('',2,(#14205,#14206,#14207,#14208),
 .UNSPECIFIED.,.F.,.F.,(3,1,3),(0.,1.,2.),.UNSPECIFIED.);
#3941=B_SPLINE_CURVE_WITH_KNOTS('',2,(#14210,#14211,#14212,#14213),
 .UNSPECIFIED.,.F.,.F.,(3,1,3),(-2.,-1.,0.),.UNSPECIFIED.);
#3942=B_SPLINE_CURVE_WITH_KNOTS('',2,(#14224,#14225,#14226,#14227),
 .UNSPECIFIED.,.F.,.F.,(3,1,3),(0.,1.,2.),.UNSPECIFIED.);
#3943=B_SPLINE_CURVE_WITH_KNOTS('',2,(#14229,#14230,#14231,#14232),
 .UNSPECIFIED.,.F.,.F.,(3,1,3),(-2.,-1.,0.),.UNSPECIFIED.);
#3944=B_SPLINE_CURVE_WITH_KNOTS('',2,(#14243,#14244,#14245,#14246),
 .UNSPECIFIED.,.F.,.F.,(3,1,3),(0.,1.,2.),.UNSPECIFIED.);
#3945=B_SPLINE_CURVE_WITH_KNOTS('',2,(#14248,#14249,#14250,#14251),
 .UNSPECIFIED.,.F.,.F.,(3,1,3),(-2.,-1.,0.),.UNSPECIFIED.);
#3946=B_SPLINE_CURVE_WITH_KNOTS('',2,(#14262,#14263,#14264,#14265),
 .UNSPECIFIED.,.F.,.F.,(3,1,3),(0.,1.,2.),.UNSPECIFIED.);
#3947=B_SPLINE_CURVE_WITH_KNOTS('',2,(#14267,#14268,#14269,#14270),
 .UNSPECIFIED.,.F.,.F.,(3,1,3),(-2.,-1.,0.),.UNSPECIFIED.);
#3948=B_SPLINE_CURVE_WITH_KNOTS('',2,(#14281,#14282,#14283,#14284),
 .UNSPECIFIED.,.F.,.F.,(3,1,3),(0.,1.,2.),.UNSPECIFIED.);
#3949=B_SPLINE_CURVE_WITH_KNOTS('',2,(#14286,#14287,#14288,#14289),
 .UNSPECIFIED.,.F.,.F.,(3,1,3),(-2.,-1.,0.),.UNSPECIFIED.);
#3950=B_SPLINE_CURVE_WITH_KNOTS('',2,(#14312,#14313,#14314,#14315),
 .UNSPECIFIED.,.F.,.F.,(3,1,3),(0.,1.,2.),.UNSPECIFIED.);
#3951=B_SPLINE_CURVE_WITH_KNOTS('',2,(#14317,#14318,#14319,#14320),
 .UNSPECIFIED.,.F.,.F.,(3,1,3),(-2.,-1.,0.),.UNSPECIFIED.);
#3952=B_SPLINE_CURVE_WITH_KNOTS('',2,(#14331,#14332,#14333,#14334),
 .UNSPECIFIED.,.F.,.F.,(3,1,3),(0.,1.,2.),.UNSPECIFIED.);
#3953=B_SPLINE_CURVE_WITH_KNOTS('',2,(#14336,#14337,#14338,#14339),
 .UNSPECIFIED.,.F.,.F.,(3,1,3),(-2.,-1.,0.),.UNSPECIFIED.);
#3954=B_SPLINE_CURVE_WITH_KNOTS('',2,(#14350,#14351,#14352,#14353),
 .UNSPECIFIED.,.F.,.F.,(3,1,3),(0.,1.,2.),.UNSPECIFIED.);
#3955=B_SPLINE_CURVE_WITH_KNOTS('',2,(#14355,#14356,#14357,#14358),
 .UNSPECIFIED.,.F.,.F.,(3,1,3),(-2.,-1.,0.),.UNSPECIFIED.);
#3956=B_SPLINE_CURVE_WITH_KNOTS('',2,(#14369,#14370,#14371,#14372),
 .UNSPECIFIED.,.F.,.F.,(3,1,3),(0.,1.,2.),.UNSPECIFIED.);
#3957=B_SPLINE_CURVE_WITH_KNOTS('',2,(#14374,#14375,#14376,#14377),
 .UNSPECIFIED.,.F.,.F.,(3,1,3),(-2.,-1.,0.),.UNSPECIFIED.);
#3958=B_SPLINE_CURVE_WITH_KNOTS('',2,(#14388,#14389,#14390,#14391),
 .UNSPECIFIED.,.F.,.F.,(3,1,3),(0.,1.,2.),.UNSPECIFIED.);
#3959=B_SPLINE_CURVE_WITH_KNOTS('',2,(#14393,#14394,#14395,#14396),
 .UNSPECIFIED.,.F.,.F.,(3,1,3),(-2.,-1.,0.),.UNSPECIFIED.);
#3960=B_SPLINE_CURVE_WITH_KNOTS('',2,(#14406,#14407,#14408,#14409),
 .UNSPECIFIED.,.F.,.F.,(3,1,3),(0.,1.,2.),.UNSPECIFIED.);
#3961=B_SPLINE_CURVE_WITH_KNOTS('',2,(#14410,#14411,#14412,#14413),
 .UNSPECIFIED.,.F.,.F.,(3,1,3),(-2.,-1.,0.),.UNSPECIFIED.);
#3962=B_SPLINE_CURVE_WITH_KNOTS('',3,(#14589,#14590,#14591,#14592,#14593,
#14594),.UNSPECIFIED.,.F.,.F.,(4,2,4),(-0.0600944070937236,0.,0.000374165180500859),
 .UNSPECIFIED.);
#3963=B_SPLINE_CURVE_WITH_KNOTS('',3,(#14595,#14596,#14597,#14598,#14599,
#14600),.UNSPECIFIED.,.F.,.F.,(4,2,4),(-0.000374165180500859,0.,0.0600944070937236),
 .UNSPECIFIED.);
#3964=B_SPLINE_CURVE_WITH_KNOTS('',3,(#14687,#14688,#14689,#14690,#14691,
#14692),.UNSPECIFIED.,.F.,.F.,(4,2,4),(0.,0.060094407093721,0.0604685722742241),
 .UNSPECIFIED.);
#3965=B_SPLINE_CURVE_WITH_KNOTS('',3,(#14693,#14694,#14695,#14696,#14697,
#14698),.UNSPECIFIED.,.F.,.F.,(4,2,4),(-0.0604685722742241,-0.060094407093721,
0.),.UNSPECIFIED.);
#3966=B_SPLINE_CURVE_WITH_KNOTS('',3,(#16784,#16785,#16786,#16787),
 .UNSPECIFIED.,.F.,.F.,(4,4),(0.,0.0125085235459169),.UNSPECIFIED.);
#3967=B_SPLINE_CURVE_WITH_KNOTS('',3,(#16790,#16791,#16792,#16793),
 .UNSPECIFIED.,.F.,.F.,(4,4),(0.,0.0125085235459222),.UNSPECIFIED.);
#3968=B_SPLINE_CURVE_WITH_KNOTS('',3,(#16803,#16804,#16805,#16806),
 .UNSPECIFIED.,.F.,.F.,(4,4),(0.,0.00681593259713104),.UNSPECIFIED.);
#3969=B_SPLINE_CURVE_WITH_KNOTS('',3,(#16809,#16810,#16811,#16812),
 .UNSPECIFIED.,.F.,.F.,(4,4),(0.,0.00681593259713091),.UNSPECIFIED.);
#3970=B_SPLINE_CURVE_WITH_KNOTS('',3,(#16822,#16823,#16824,#16825),
 .UNSPECIFIED.,.F.,.F.,(4,4),(0.,1.),.UNSPECIFIED.);
#3971=B_SPLINE_CURVE_WITH_KNOTS('',3,(#16828,#16829,#16830,#16831),
 .UNSPECIFIED.,.F.,.F.,(4,4),(0.,1.),.UNSPECIFIED.);
#3972=B_SPLINE_CURVE_WITH_KNOTS('',3,(#16853,#16854,#16855,#16856),
 .UNSPECIFIED.,.F.,.F.,(4,4),(0.,1.),.UNSPECIFIED.);
#3973=B_SPLINE_CURVE_WITH_KNOTS('',3,(#16859,#16860,#16861,#16862),
 .UNSPECIFIED.,.F.,.F.,(4,4),(0.,1.),.UNSPECIFIED.);
#3974=B_SPLINE_CURVE_WITH_KNOTS('',3,(#16872,#16873,#16874,#16875),
 .UNSPECIFIED.,.F.,.F.,(4,4),(0.,1.),.UNSPECIFIED.);
#3975=B_SPLINE_CURVE_WITH_KNOTS('',3,(#16878,#16879,#16880,#16881),
 .UNSPECIFIED.,.F.,.F.,(4,4),(0.,1.),.UNSPECIFIED.);
#3976=B_SPLINE_CURVE_WITH_KNOTS('',3,(#16891,#16892,#16893,#16894),
 .UNSPECIFIED.,.F.,.F.,(4,4),(0.,1.),.UNSPECIFIED.);
#3977=B_SPLINE_CURVE_WITH_KNOTS('',3,(#16897,#16898,#16899,#16900),
 .UNSPECIFIED.,.F.,.F.,(4,4),(0.,1.),.UNSPECIFIED.);
#3978=B_SPLINE_CURVE_WITH_KNOTS('',3,(#16910,#16911,#16912,#16913),
 .UNSPECIFIED.,.F.,.F.,(4,4),(0.,1.),.UNSPECIFIED.);
#3979=B_SPLINE_CURVE_WITH_KNOTS('',3,(#16916,#16917,#16918,#16919),
 .UNSPECIFIED.,.F.,.F.,(4,4),(0.,1.),.UNSPECIFIED.);
#3980=B_SPLINE_CURVE_WITH_KNOTS('',3,(#16929,#16930,#16931,#16932),
 .UNSPECIFIED.,.F.,.F.,(4,4),(0.,1.),.UNSPECIFIED.);
#3981=B_SPLINE_CURVE_WITH_KNOTS('',3,(#16935,#16936,#16937,#16938),
 .UNSPECIFIED.,.F.,.F.,(4,4),(0.,1.),.UNSPECIFIED.);
#3982=B_SPLINE_CURVE_WITH_KNOTS('',3,(#16948,#16949,#16950,#16951),
 .UNSPECIFIED.,.F.,.F.,(4,4),(0.,1.),.UNSPECIFIED.);
#3983=B_SPLINE_CURVE_WITH_KNOTS('',3,(#16954,#16955,#16956,#16957),
 .UNSPECIFIED.,.F.,.F.,(4,4),(0.,1.),.UNSPECIFIED.);
#3984=B_SPLINE_CURVE_WITH_KNOTS('',3,(#16979,#16980,#16981,#16982),
 .UNSPECIFIED.,.F.,.F.,(4,4),(0.,1.),.UNSPECIFIED.);
#3985=B_SPLINE_CURVE_WITH_KNOTS('',3,(#16985,#16986,#16987,#16988),
 .UNSPECIFIED.,.F.,.F.,(4,4),(0.,1.),.UNSPECIFIED.);
#3986=B_SPLINE_CURVE_WITH_KNOTS('',3,(#16998,#16999,#17000,#17001),
 .UNSPECIFIED.,.F.,.F.,(4,4),(0.,1.),.UNSPECIFIED.);
#3987=B_SPLINE_CURVE_WITH_KNOTS('',3,(#17004,#17005,#17006,#17007),
 .UNSPECIFIED.,.F.,.F.,(4,4),(0.,1.),.UNSPECIFIED.);
#3988=B_SPLINE_CURVE_WITH_KNOTS('',3,(#17017,#17018,#17019,#17020),
 .UNSPECIFIED.,.F.,.F.,(4,4),(0.,0.0288453009888103),.UNSPECIFIED.);
#3989=B_SPLINE_CURVE_WITH_KNOTS('',3,(#17023,#17024,#17025,#17026),
 .UNSPECIFIED.,.F.,.F.,(4,4),(0.,0.0288453009888103),.UNSPECIFIED.);
#3990=B_SPLINE_CURVE_WITH_KNOTS('',3,(#17036,#17037,#17038,#17039),
 .UNSPECIFIED.,.F.,.F.,(4,4),(0.,1.),.UNSPECIFIED.);
#3991=B_SPLINE_CURVE_WITH_KNOTS('',3,(#17042,#17043,#17044,#17045),
 .UNSPECIFIED.,.F.,.F.,(4,4),(0.,1.),.UNSPECIFIED.);
#3992=B_SPLINE_CURVE_WITH_KNOTS('',3,(#17054,#17055,#17056,#17057),
 .UNSPECIFIED.,.F.,.F.,(4,4),(0.,1.),.UNSPECIFIED.);
#3993=B_SPLINE_CURVE_WITH_KNOTS('',3,(#17058,#17059,#17060,#17061),
 .UNSPECIFIED.,.F.,.F.,(4,4),(0.,1.),.UNSPECIFIED.);
#3994=B_SPLINE_CURVE_WITH_KNOTS('',3,(#17089,#17090,#17091,#17092),
 .UNSPECIFIED.,.F.,.F.,(4,4),(0.,1.),.UNSPECIFIED.);
#3995=B_SPLINE_CURVE_WITH_KNOTS('',3,(#17095,#17096,#17097,#17098),
 .UNSPECIFIED.,.F.,.F.,(4,4),(0.,1.),.UNSPECIFIED.);
#3996=B_SPLINE_CURVE_WITH_KNOTS('',3,(#17108,#17109,#17110,#17111),
 .UNSPECIFIED.,.F.,.F.,(4,4),(0.,1.),.UNSPECIFIED.);
#3997=B_SPLINE_CURVE_WITH_KNOTS('',3,(#17114,#17115,#17116,#17117),
 .UNSPECIFIED.,.F.,.F.,(4,4),(0.,1.),.UNSPECIFIED.);
#3998=B_SPLINE_CURVE_WITH_KNOTS('',3,(#17139,#17140,#17141,#17142),
 .UNSPECIFIED.,.F.,.F.,(4,4),(0.,1.),.UNSPECIFIED.);
#3999=B_SPLINE_CURVE_WITH_KNOTS('',3,(#17145,#17146,#17147,#17148),
 .UNSPECIFIED.,.F.,.F.,(4,4),(0.,1.),.UNSPECIFIED.);
#4000=B_SPLINE_CURVE_WITH_KNOTS('',3,(#17158,#17159,#17160,#17161),
 .UNSPECIFIED.,.F.,.F.,(4,4),(0.,1.),.UNSPECIFIED.);
#4001=B_SPLINE_CURVE_WITH_KNOTS('',3,(#17164,#17165,#17166,#17167),
 .UNSPECIFIED.,.F.,.F.,(4,4),(0.,1.),.UNSPECIFIED.);
#4002=B_SPLINE_CURVE_WITH_KNOTS('',3,(#17177,#17178,#17179,#17180),
 .UNSPECIFIED.,.F.,.F.,(4,4),(0.,1.),.UNSPECIFIED.);
#4003=B_SPLINE_CURVE_WITH_KNOTS('',3,(#17183,#17184,#17185,#17186),
 .UNSPECIFIED.,.F.,.F.,(4,4),(0.,1.),.UNSPECIFIED.);
#4004=B_SPLINE_CURVE_WITH_KNOTS('',3,(#17196,#17197,#17198,#17199),
 .UNSPECIFIED.,.F.,.F.,(4,4),(0.,1.),.UNSPECIFIED.);
#4005=B_SPLINE_CURVE_WITH_KNOTS('',3,(#17202,#17203,#17204,#17205),
 .UNSPECIFIED.,.F.,.F.,(4,4),(0.,1.),.UNSPECIFIED.);
#4006=B_SPLINE_CURVE_WITH_KNOTS('',3,(#17215,#17216,#17217,#17218),
 .UNSPECIFIED.,.F.,.F.,(4,4),(0.,1.),.UNSPECIFIED.);
#4007=B_SPLINE_CURVE_WITH_KNOTS('',3,(#17221,#17222,#17223,#17224),
 .UNSPECIFIED.,.F.,.F.,(4,4),(0.,1.),.UNSPECIFIED.);
#4008=B_SPLINE_CURVE_WITH_KNOTS('',3,(#17234,#17235,#17236,#17237),
 .UNSPECIFIED.,.F.,.F.,(4,4),(0.,1.),.UNSPECIFIED.);
#4009=B_SPLINE_CURVE_WITH_KNOTS('',3,(#17240,#17241,#17242,#17243),
 .UNSPECIFIED.,.F.,.F.,(4,4),(0.,1.),.UNSPECIFIED.);
#4010=B_SPLINE_CURVE_WITH_KNOTS('',3,(#17253,#17254,#17255,#17256),
 .UNSPECIFIED.,.F.,.F.,(4,4),(0.,1.),.UNSPECIFIED.);
#4011=B_SPLINE_CURVE_WITH_KNOTS('',3,(#17259,#17260,#17261,#17262),
 .UNSPECIFIED.,.F.,.F.,(4,4),(0.,1.),.UNSPECIFIED.);
#4012=B_SPLINE_CURVE_WITH_KNOTS('',3,(#17272,#17273,#17274,#17275),
 .UNSPECIFIED.,.F.,.F.,(4,4),(0.,1.),.UNSPECIFIED.);
#4013=B_SPLINE_CURVE_WITH_KNOTS('',3,(#17278,#17279,#17280,#17281),
 .UNSPECIFIED.,.F.,.F.,(4,4),(0.,1.),.UNSPECIFIED.);
#4014=B_SPLINE_CURVE_WITH_KNOTS('',3,(#17291,#17292,#17293,#17294),
 .UNSPECIFIED.,.F.,.F.,(4,4),(0.,1.),.UNSPECIFIED.);
#4015=B_SPLINE_CURVE_WITH_KNOTS('',3,(#17297,#17298,#17299,#17300),
 .UNSPECIFIED.,.F.,.F.,(4,4),(0.,1.),.UNSPECIFIED.);
#4016=B_SPLINE_CURVE_WITH_KNOTS('',3,(#17310,#17311,#17312,#17313),
 .UNSPECIFIED.,.F.,.F.,(4,4),(0.,1.),.UNSPECIFIED.);
#4017=B_SPLINE_CURVE_WITH_KNOTS('',3,(#17316,#17317,#17318,#17319),
 .UNSPECIFIED.,.F.,.F.,(4,4),(0.,1.),.UNSPECIFIED.);
#4018=B_SPLINE_CURVE_WITH_KNOTS('',3,(#17329,#17330,#17331,#17332),
 .UNSPECIFIED.,.F.,.F.,(4,4),(0.,0.0119117152942624),.UNSPECIFIED.);
#4019=B_SPLINE_CURVE_WITH_KNOTS('',3,(#17335,#17336,#17337,#17338),
 .UNSPECIFIED.,.F.,.F.,(4,4),(0.,0.0119117152942634),.UNSPECIFIED.);
#4020=B_SPLINE_CURVE_WITH_KNOTS('',3,(#17348,#17349,#17350,#17351),
 .UNSPECIFIED.,.F.,.F.,(4,4),(0.,1.),.UNSPECIFIED.);
#4021=B_SPLINE_CURVE_WITH_KNOTS('',3,(#17354,#17355,#17356,#17357),
 .UNSPECIFIED.,.F.,.F.,(4,4),(0.,1.),.UNSPECIFIED.);
#4022=B_SPLINE_CURVE_WITH_KNOTS('',3,(#17367,#17368,#17369,#17370),
 .UNSPECIFIED.,.F.,.F.,(4,4),(0.,1.),.UNSPECIFIED.);
#4023=B_SPLINE_CURVE_WITH_KNOTS('',3,(#17373,#17374,#17375,#17376),
 .UNSPECIFIED.,.F.,.F.,(4,4),(0.,1.),.UNSPECIFIED.);
#4024=B_SPLINE_CURVE_WITH_KNOTS('',3,(#17386,#17387,#17388,#17389),
 .UNSPECIFIED.,.F.,.F.,(4,4),(0.,1.),.UNSPECIFIED.);
#4025=B_SPLINE_CURVE_WITH_KNOTS('',3,(#17392,#17393,#17394,#17395),
 .UNSPECIFIED.,.F.,.F.,(4,4),(0.,1.),.UNSPECIFIED.);
#4026=B_SPLINE_CURVE_WITH_KNOTS('',3,(#17405,#17406,#17407,#17408),
 .UNSPECIFIED.,.F.,.F.,(4,4),(0.,0.0285141898971559),.UNSPECIFIED.);
#4027=B_SPLINE_CURVE_WITH_KNOTS('',3,(#17411,#17412,#17413,#17414),
 .UNSPECIFIED.,.F.,.F.,(4,4),(0.,0.0285141898971558),.UNSPECIFIED.);
#4028=B_SPLINE_CURVE_WITH_KNOTS('',3,(#17424,#17425,#17426,#17427),
 .UNSPECIFIED.,.F.,.F.,(4,4),(0.,1.),.UNSPECIFIED.);
#4029=B_SPLINE_CURVE_WITH_KNOTS('',3,(#17430,#17431,#17432,#17433),
 .UNSPECIFIED.,.F.,.F.,(4,4),(0.,1.),.UNSPECIFIED.);
#4030=B_SPLINE_CURVE_WITH_KNOTS('',3,(#17443,#17444,#17445,#17446),
 .UNSPECIFIED.,.F.,.F.,(4,4),(0.,1.),.UNSPECIFIED.);
#4031=B_SPLINE_CURVE_WITH_KNOTS('',3,(#17449,#17450,#17451,#17452),
 .UNSPECIFIED.,.F.,.F.,(4,4),(0.,1.),.UNSPECIFIED.);
#4032=B_SPLINE_CURVE_WITH_KNOTS('',3,(#17475,#17476,#17477,#17478),
 .UNSPECIFIED.,.F.,.F.,(4,4),(0.,1.),.UNSPECIFIED.);
#4033=B_SPLINE_CURVE_WITH_KNOTS('',3,(#17481,#17482,#17483,#17484),
 .UNSPECIFIED.,.F.,.F.,(4,4),(0.,1.),.UNSPECIFIED.);
#4034=B_SPLINE_CURVE_WITH_KNOTS('',3,(#17494,#17495,#17496,#17497),
 .UNSPECIFIED.,.F.,.F.,(4,4),(0.,1.),.UNSPECIFIED.);
#4035=B_SPLINE_CURVE_WITH_KNOTS('',3,(#17500,#17501,#17502,#17503),
 .UNSPECIFIED.,.F.,.F.,(4,4),(0.,1.),.UNSPECIFIED.);
#4036=B_SPLINE_CURVE_WITH_KNOTS('',3,(#17513,#17514,#17515,#17516),
 .UNSPECIFIED.,.F.,.F.,(4,4),(0.,1.),.UNSPECIFIED.);
#4037=B_SPLINE_CURVE_WITH_KNOTS('',3,(#17519,#17520,#17521,#17522),
 .UNSPECIFIED.,.F.,.F.,(4,4),(0.,1.),.UNSPECIFIED.);
#4038=B_SPLINE_CURVE_WITH_KNOTS('',3,(#17532,#17533,#17534,#17535),
 .UNSPECIFIED.,.F.,.F.,(4,4),(0.,1.),.UNSPECIFIED.);
#4039=B_SPLINE_CURVE_WITH_KNOTS('',3,(#17538,#17539,#17540,#17541),
 .UNSPECIFIED.,.F.,.F.,(4,4),(0.,1.),.UNSPECIFIED.);
#4040=B_SPLINE_CURVE_WITH_KNOTS('',3,(#17563,#17564,#17565,#17566),
 .UNSPECIFIED.,.F.,.F.,(4,4),(0.,1.),.UNSPECIFIED.);
#4041=B_SPLINE_CURVE_WITH_KNOTS('',3,(#17569,#17570,#17571,#17572),
 .UNSPECIFIED.,.F.,.F.,(4,4),(0.,1.),.UNSPECIFIED.);
#4042=B_SPLINE_CURVE_WITH_KNOTS('',3,(#17582,#17583,#17584,#17585),
 .UNSPECIFIED.,.F.,.F.,(4,4),(0.,1.),.UNSPECIFIED.);
#4043=B_SPLINE_CURVE_WITH_KNOTS('',3,(#17588,#17589,#17590,#17591),
 .UNSPECIFIED.,.F.,.F.,(4,4),(0.,1.),.UNSPECIFIED.);
#4044=B_SPLINE_CURVE_WITH_KNOTS('',3,(#17601,#17602,#17603,#17604),
 .UNSPECIFIED.,.F.,.F.,(4,4),(0.,1.),.UNSPECIFIED.);
#4045=B_SPLINE_CURVE_WITH_KNOTS('',3,(#17607,#17608,#17609,#17610),
 .UNSPECIFIED.,.F.,.F.,(4,4),(0.,1.),.UNSPECIFIED.);
#4046=B_SPLINE_CURVE_WITH_KNOTS('',3,(#17620,#17621,#17622,#17623),
 .UNSPECIFIED.,.F.,.F.,(4,4),(0.,1.),.UNSPECIFIED.);
#4047=B_SPLINE_CURVE_WITH_KNOTS('',3,(#17626,#17627,#17628,#17629),
 .UNSPECIFIED.,.F.,.F.,(4,4),(0.,1.),.UNSPECIFIED.);
#4048=B_SPLINE_CURVE_WITH_KNOTS('',3,(#17639,#17640,#17641,#17642),
 .UNSPECIFIED.,.F.,.F.,(4,4),(0.,1.),.UNSPECIFIED.);
#4049=B_SPLINE_CURVE_WITH_KNOTS('',3,(#17645,#17646,#17647,#17648),
 .UNSPECIFIED.,.F.,.F.,(4,4),(0.,1.),.UNSPECIFIED.);
#4050=B_SPLINE_CURVE_WITH_KNOTS('',3,(#17658,#17659,#17660,#17661),
 .UNSPECIFIED.,.F.,.F.,(4,4),(0.,0.00681253452095995),.UNSPECIFIED.);
#4051=B_SPLINE_CURVE_WITH_KNOTS('',3,(#17664,#17665,#17666,#17667),
 .UNSPECIFIED.,.F.,.F.,(4,4),(0.,0.00681253452095996),.UNSPECIFIED.);
#4052=B_SPLINE_CURVE_WITH_KNOTS('',3,(#17677,#17678,#17679,#17680),
 .UNSPECIFIED.,.F.,.F.,(4,4),(0.,1.),.UNSPECIFIED.);
#4053=B_SPLINE_CURVE_WITH_KNOTS('',3,(#17683,#17684,#17685,#17686),
 .UNSPECIFIED.,.F.,.F.,(4,4),(0.,1.),.UNSPECIFIED.);
#4054=B_SPLINE_CURVE_WITH_KNOTS('',3,(#17696,#17697,#17698,#17699),
 .UNSPECIFIED.,.F.,.F.,(4,4),(0.,1.),.UNSPECIFIED.);
#4055=B_SPLINE_CURVE_WITH_KNOTS('',3,(#17702,#17703,#17704,#17705),
 .UNSPECIFIED.,.F.,.F.,(4,4),(0.,1.),.UNSPECIFIED.);
#4056=B_SPLINE_CURVE_WITH_KNOTS('',3,(#17715,#17716,#17717,#17718),
 .UNSPECIFIED.,.F.,.F.,(4,4),(0.,1.),.UNSPECIFIED.);
#4057=B_SPLINE_CURVE_WITH_KNOTS('',3,(#17721,#17722,#17723,#17724),
 .UNSPECIFIED.,.F.,.F.,(4,4),(0.,1.),.UNSPECIFIED.);
#4058=B_SPLINE_CURVE_WITH_KNOTS('',3,(#17747,#17748,#17749,#17750),
 .UNSPECIFIED.,.F.,.F.,(4,4),(0.,1.),.UNSPECIFIED.);
#4059=B_SPLINE_CURVE_WITH_KNOTS('',3,(#17753,#17754,#17755,#17756),
 .UNSPECIFIED.,.F.,.F.,(4,4),(0.,1.),.UNSPECIFIED.);
#4060=B_SPLINE_CURVE_WITH_KNOTS('',3,(#17766,#17767,#17768,#17769),
 .UNSPECIFIED.,.F.,.F.,(4,4),(0.,1.),.UNSPECIFIED.);
#4061=B_SPLINE_CURVE_WITH_KNOTS('',3,(#17772,#17773,#17774,#17775),
 .UNSPECIFIED.,.F.,.F.,(4,4),(0.,1.),.UNSPECIFIED.);
#4062=B_SPLINE_CURVE_WITH_KNOTS('',3,(#17785,#17786,#17787,#17788),
 .UNSPECIFIED.,.F.,.F.,(4,4),(0.,1.),.UNSPECIFIED.);
#4063=B_SPLINE_CURVE_WITH_KNOTS('',3,(#17791,#17792,#17793,#17794),
 .UNSPECIFIED.,.F.,.F.,(4,4),(0.,1.),.UNSPECIFIED.);
#4064=B_SPLINE_CURVE_WITH_KNOTS('',3,(#17804,#17805,#17806,#17807),
 .UNSPECIFIED.,.F.,.F.,(4,4),(0.,1.),.UNSPECIFIED.);
#4065=B_SPLINE_CURVE_WITH_KNOTS('',3,(#17810,#17811,#17812,#17813),
 .UNSPECIFIED.,.F.,.F.,(4,4),(0.,1.),.UNSPECIFIED.);
#4066=B_SPLINE_CURVE_WITH_KNOTS('',3,(#17822,#17823,#17824,#17825),
 .UNSPECIFIED.,.F.,.F.,(4,4),(0.,0.99927404485894),.UNSPECIFIED.);
#4067=B_SPLINE_CURVE_WITH_KNOTS('',3,(#17826,#17827,#17828,#17829),
 .UNSPECIFIED.,.F.,.F.,(4,4),(0.,0.99927404485894),.UNSPECIFIED.);
#4068=B_SPLINE_CURVE_WITH_KNOTS('',3,(#17844,#17845,#17846,#17847),
 .UNSPECIFIED.,.F.,.F.,(4,4),(0.000951531242977981,1.),.UNSPECIFIED.);
#4069=B_SPLINE_CURVE_WITH_KNOTS('',3,(#17850,#17851,#17852,#17853),
 .UNSPECIFIED.,.F.,.F.,(4,4),(0.000940777268393524,1.),.UNSPECIFIED.);
#4070=B_SPLINE_CURVE_WITH_KNOTS('',3,(#17863,#17864,#17865,#17866),
 .UNSPECIFIED.,.F.,.F.,(4,4),(0.,1.),.UNSPECIFIED.);
#4071=B_SPLINE_CURVE_WITH_KNOTS('',3,(#17869,#17870,#17871,#17872),
 .UNSPECIFIED.,.F.,.F.,(4,4),(0.,1.),.UNSPECIFIED.);
#4072=B_SPLINE_CURVE_WITH_KNOTS('',3,(#17882,#17883,#17884,#17885),
 .UNSPECIFIED.,.F.,.F.,(4,4),(0.,1.),.UNSPECIFIED.);
#4073=B_SPLINE_CURVE_WITH_KNOTS('',3,(#17888,#17889,#17890,#17891),
 .UNSPECIFIED.,.F.,.F.,(4,4),(0.,1.),.UNSPECIFIED.);
#4074=B_SPLINE_CURVE_WITH_KNOTS('',3,(#17913,#17914,#17915,#17916),
 .UNSPECIFIED.,.F.,.F.,(4,4),(0.,1.),.UNSPECIFIED.);
#4075=B_SPLINE_CURVE_WITH_KNOTS('',3,(#17919,#17920,#17921,#17922),
 .UNSPECIFIED.,.F.,.F.,(4,4),(0.,1.),.UNSPECIFIED.);
#4076=B_SPLINE_CURVE_WITH_KNOTS('',3,(#17944,#17945,#17946,#17947),
 .UNSPECIFIED.,.F.,.F.,(4,4),(0.,1.),.UNSPECIFIED.);
#4077=B_SPLINE_CURVE_WITH_KNOTS('',3,(#17950,#17951,#17952,#17953),
 .UNSPECIFIED.,.F.,.F.,(4,4),(0.,1.),.UNSPECIFIED.);
#4078=B_SPLINE_CURVE_WITH_KNOTS('',3,(#17963,#17964,#17965,#17966),
 .UNSPECIFIED.,.F.,.F.,(4,4),(0.,1.),.UNSPECIFIED.);
#4079=B_SPLINE_CURVE_WITH_KNOTS('',3,(#17969,#17970,#17971,#17972),
 .UNSPECIFIED.,.F.,.F.,(4,4),(0.,1.),.UNSPECIFIED.);
#4080=B_SPLINE_CURVE_WITH_KNOTS('',3,(#17982,#17983,#17984,#17985),
 .UNSPECIFIED.,.F.,.F.,(4,4),(0.,1.),.UNSPECIFIED.);
#4081=B_SPLINE_CURVE_WITH_KNOTS('',3,(#17988,#17989,#17990,#17991),
 .UNSPECIFIED.,.F.,.F.,(4,4),(0.,1.),.UNSPECIFIED.);
#4082=B_SPLINE_CURVE_WITH_KNOTS('',3,(#18001,#18002,#18003,#18004),
 .UNSPECIFIED.,.F.,.F.,(4,4),(0.,1.),.UNSPECIFIED.);
#4083=B_SPLINE_CURVE_WITH_KNOTS('',3,(#18007,#18008,#18009,#18010),
 .UNSPECIFIED.,.F.,.F.,(4,4),(0.,1.),.UNSPECIFIED.);
#4084=B_SPLINE_CURVE_WITH_KNOTS('',3,(#18037,#18038,#18039,#18040),
 .UNSPECIFIED.,.F.,.F.,(4,4),(0.,0.998876925604749),.UNSPECIFIED.);
#4085=B_SPLINE_CURVE_WITH_KNOTS('',3,(#18041,#18042,#18043,#18044),
 .UNSPECIFIED.,.F.,.F.,(4,4),(0.,0.998862275318419),.UNSPECIFIED.);
#4086=VERTEX_POINT('',#14049);
#4087=VERTEX_POINT('',#14050);
#4088=VERTEX_POINT('',#14055);
#4089=VERTEX_POINT('',#14057);
#4090=VERTEX_POINT('',#14071);
#4091=VERTEX_POINT('',#14076);
#4092=VERTEX_POINT('',#14090);
#4093=VERTEX_POINT('',#14095);
#4094=VERTEX_POINT('',#14109);
#4095=VERTEX_POINT('',#14114);
#4096=VERTEX_POINT('',#14128);
#4097=VERTEX_POINT('',#14133);
#4098=VERTEX_POINT('',#14147);
#4099=VERTEX_POINT('',#14152);
#4100=VERTEX_POINT('',#14182);
#4101=VERTEX_POINT('',#14183);
#4102=VERTEX_POINT('',#14188);
#4103=VERTEX_POINT('',#14190);
#4104=VERTEX_POINT('',#14204);
#4105=VERTEX_POINT('',#14209);
#4106=VERTEX_POINT('',#14223);
#4107=VERTEX_POINT('',#14228);
#4108=VERTEX_POINT('',#14242);
#4109=VERTEX_POINT('',#14247);
#4110=VERTEX_POINT('',#14261);
#4111=VERTEX_POINT('',#14266);
#4112=VERTEX_POINT('',#14280);
#4113=VERTEX_POINT('',#14285);
#4114=VERTEX_POINT('',#14292);
#4115=VERTEX_POINT('',#14294);
#4116=VERTEX_POINT('',#14298);
#4117=VERTEX_POINT('',#14300);
#4118=VERTEX_POINT('',#14311);
#4119=VERTEX_POINT('',#14316);
#4120=VERTEX_POINT('',#14330);
#4121=VERTEX_POINT('',#14335);
#4122=VERTEX_POINT('',#14349);
#4123=VERTEX_POINT('',#14354);
#4124=VERTEX_POINT('',#14368);
#4125=VERTEX_POINT('',#14373);
#4126=VERTEX_POINT('',#14387);
#4127=VERTEX_POINT('',#14392);
#4128=VERTEX_POINT('',#14416);
#4129=VERTEX_POINT('',#14417);
#4130=VERTEX_POINT('',#14419);
#4131=VERTEX_POINT('',#14421);
#4132=VERTEX_POINT('',#14423);
#4133=VERTEX_POINT('',#14425);
#4134=VERTEX_POINT('',#14427);
#4135=VERTEX_POINT('',#14429);
#4136=VERTEX_POINT('',#14431);
#4137=VERTEX_POINT('',#14433);
#4138=VERTEX_POINT('',#14435);
#4139=VERTEX_POINT('',#14437);
#4140=VERTEX_POINT('',#14439);
#4141=VERTEX_POINT('',#14441);
#4142=VERTEX_POINT('',#14443);
#4143=VERTEX_POINT('',#14445);
#4144=VERTEX_POINT('',#14447);
#4145=VERTEX_POINT('',#14449);
#4146=VERTEX_POINT('',#14451);
#4147=VERTEX_POINT('',#14453);
#4148=VERTEX_POINT('',#14455);
#4149=VERTEX_POINT('',#14457);
#4150=VERTEX_POINT('',#14459);
#4151=VERTEX_POINT('',#14461);
#4152=VERTEX_POINT('',#14463);
#4153=VERTEX_POINT('',#14465);
#4154=VERTEX_POINT('',#14467);
#4155=VERTEX_POINT('',#14469);
#4156=VERTEX_POINT('',#14471);
#4157=VERTEX_POINT('',#14473);
#4158=VERTEX_POINT('',#14475);
#4159=VERTEX_POINT('',#14477);
#4160=VERTEX_POINT('',#14479);
#4161=VERTEX_POINT('',#14481);
#4162=VERTEX_POINT('',#14483);
#4163=VERTEX_POINT('',#14485);
#4164=VERTEX_POINT('',#14487);
#4165=VERTEX_POINT('',#14489);
#4166=VERTEX_POINT('',#14491);
#4167=VERTEX_POINT('',#14493);
#4168=VERTEX_POINT('',#14495);
#4169=VERTEX_POINT('',#14497);
#4170=VERTEX_POINT('',#14499);
#4171=VERTEX_POINT('',#14501);
#4172=VERTEX_POINT('',#14503);
#4173=VERTEX_POINT('',#14505);
#4174=VERTEX_POINT('',#14507);
#4175=VERTEX_POINT('',#14509);
#4176=VERTEX_POINT('',#14511);
#4177=VERTEX_POINT('',#14513);
#4178=VERTEX_POINT('',#14515);
#4179=VERTEX_POINT('',#14517);
#4180=VERTEX_POINT('',#14519);
#4181=VERTEX_POINT('',#14521);
#4182=VERTEX_POINT('',#14523);
#4183=VERTEX_POINT('',#14525);
#4184=VERTEX_POINT('',#14527);
#4185=VERTEX_POINT('',#14529);
#4186=VERTEX_POINT('',#14531);
#4187=VERTEX_POINT('',#14533);
#4188=VERTEX_POINT('',#14537);
#4189=VERTEX_POINT('',#14538);
#4190=VERTEX_POINT('',#14540);
#4191=VERTEX_POINT('',#14542);
#4192=VERTEX_POINT('',#14546);
#4193=VERTEX_POINT('',#14547);
#4194=VERTEX_POINT('',#14549);
#4195=VERTEX_POINT('',#14553);
#4196=VERTEX_POINT('',#14554);
#4197=VERTEX_POINT('',#14588);
#4198=VERTEX_POINT('',#14602);
#4199=VERTEX_POINT('',#14603);
#4200=VERTEX_POINT('',#14605);
#4201=VERTEX_POINT('',#14612);
#4202=VERTEX_POINT('',#14613);
#4203=VERTEX_POINT('',#14615);
#4204=VERTEX_POINT('',#14617);
#4205=VERTEX_POINT('',#14621);
#4206=VERTEX_POINT('',#14622);
#4207=VERTEX_POINT('',#14627);
#4208=VERTEX_POINT('',#14631);
#4209=VERTEX_POINT('',#14632);
#4210=VERTEX_POINT('',#14634);
#4211=VERTEX_POINT('',#14641);
#4212=VERTEX_POINT('',#14642);
#4213=VERTEX_POINT('',#14644);
#4214=VERTEX_POINT('',#14657);
#4215=VERTEX_POINT('',#14658);
#4216=VERTEX_POINT('',#14686);
#4217=VERTEX_POINT('',#14706);
#4218=VERTEX_POINT('',#14707);
#4219=VERTEX_POINT('',#14709);
#4220=VERTEX_POINT('',#14716);
#4221=VERTEX_POINT('',#14718);
#4222=VERTEX_POINT('',#14720);
#4223=VERTEX_POINT('',#14724);
#4224=VERTEX_POINT('',#14728);
#4225=VERTEX_POINT('',#14730);
#4226=VERTEX_POINT('',#14734);
#4227=VERTEX_POINT('',#14736);
#4228=VERTEX_POINT('',#14738);
#4229=VERTEX_POINT('',#14742);
#4230=VERTEX_POINT('',#14746);
#4231=VERTEX_POINT('',#14748);
#4232=VERTEX_POINT('',#14754);
#4233=VERTEX_POINT('',#14755);
#4234=VERTEX_POINT('',#14757);
#4235=VERTEX_POINT('',#14759);
#4236=VERTEX_POINT('',#14763);
#4237=VERTEX_POINT('',#14764);
#4238=VERTEX_POINT('',#14766);
#4239=VERTEX_POINT('',#14768);
#4240=VERTEX_POINT('',#14772);
#4241=VERTEX_POINT('',#14773);
#4242=VERTEX_POINT('',#14775);
#4243=VERTEX_POINT('',#14779);
#4244=VERTEX_POINT('',#14780);
#4245=VERTEX_POINT('',#14782);
#4246=VERTEX_POINT('',#14784);
#4247=VERTEX_POINT('',#14788);
#4248=VERTEX_POINT('',#14790);
#4249=VERTEX_POINT('',#14794);
#4250=VERTEX_POINT('',#14795);
#4251=VERTEX_POINT('',#14797);
#4252=VERTEX_POINT('',#14799);
#4253=VERTEX_POINT('',#14803);
#4254=VERTEX_POINT('',#14804);
#4255=VERTEX_POINT('',#14806);
#4256=VERTEX_POINT('',#14808);
#4257=VERTEX_POINT('',#14812);
#4258=VERTEX_POINT('',#14813);
#4259=VERTEX_POINT('',#14815);
#4260=VERTEX_POINT('',#14819);
#4261=VERTEX_POINT('',#14820);
#4262=VERTEX_POINT('',#14822);
#4263=VERTEX_POINT('',#14826);
#4264=VERTEX_POINT('',#14827);
#4265=VERTEX_POINT('',#14829);
#4266=VERTEX_POINT('',#14831);
#4267=VERTEX_POINT('',#14835);
#4268=VERTEX_POINT('',#14836);
#4269=VERTEX_POINT('',#14841);
#4270=VERTEX_POINT('',#14842);
#4271=VERTEX_POINT('',#14844);
#4272=VERTEX_POINT('',#14848);
#4273=VERTEX_POINT('',#14849);
#4274=VERTEX_POINT('',#14851);
#4275=VERTEX_POINT('',#14853);
#4276=VERTEX_POINT('',#14857);
#4277=VERTEX_POINT('',#14859);
#4278=VERTEX_POINT('',#14863);
#4279=VERTEX_POINT('',#14864);
#4280=VERTEX_POINT('',#14866);
#4281=VERTEX_POINT('',#14870);
#4282=VERTEX_POINT('',#14871);
#4283=VERTEX_POINT('',#14873);
#4284=VERTEX_POINT('',#14880);
#4285=VERTEX_POINT('',#14881);
#4286=VERTEX_POINT('',#14883);
#4287=VERTEX_POINT('',#14885);
#4288=VERTEX_POINT('',#14889);
#4289=VERTEX_POINT('',#14890);
#4290=VERTEX_POINT('',#14892);
#4291=VERTEX_POINT('',#14896);
#4292=VERTEX_POINT('',#14897);
#4293=VERTEX_POINT('',#14899);
#4294=VERTEX_POINT('',#14901);
#4295=VERTEX_POINT('',#14905);
#4296=VERTEX_POINT('',#14906);
#4297=VERTEX_POINT('',#14908);
#4298=VERTEX_POINT('',#14912);
#4299=VERTEX_POINT('',#14913);
#4300=VERTEX_POINT('',#14918);
#4301=VERTEX_POINT('',#14919);
#4302=VERTEX_POINT('',#14921);
#4303=VERTEX_POINT('',#14925);
#4304=VERTEX_POINT('',#14926);
#4305=VERTEX_POINT('',#14933);
#4306=VERTEX_POINT('',#14934);
#4307=VERTEX_POINT('',#14936);
#4308=VERTEX_POINT('',#14938);
#4309=VERTEX_POINT('',#14948);
#4310=VERTEX_POINT('',#14949);
#4311=VERTEX_POINT('',#14951);
#4312=VERTEX_POINT('',#14955);
#4313=VERTEX_POINT('',#14956);
#4314=VERTEX_POINT('',#14958);
#4315=VERTEX_POINT('',#14960);
#4316=VERTEX_POINT('',#14964);
#4317=VERTEX_POINT('',#14966);
#4318=VERTEX_POINT('',#14972);
#4319=VERTEX_POINT('',#14973);
#4320=VERTEX_POINT('',#14975);
#4321=VERTEX_POINT('',#14977);
#4322=VERTEX_POINT('',#14981);
#4323=VERTEX_POINT('',#14982);
#4324=VERTEX_POINT('',#14989);
#4325=VERTEX_POINT('',#14990);
#4326=VERTEX_POINT('',#14992);
#4327=VERTEX_POINT('',#14994);
#4328=VERTEX_POINT('',#15004);
#4329=VERTEX_POINT('',#15005);
#4330=VERTEX_POINT('',#15007);
#4331=VERTEX_POINT('',#15017);
#4332=VERTEX_POINT('',#15018);
#4333=VERTEX_POINT('',#15020);
#4334=VERTEX_POINT('',#15022);
#4335=VERTEX_POINT('',#15026);
#4336=VERTEX_POINT('',#15027);
#4337=VERTEX_POINT('',#15029);
#4338=VERTEX_POINT('',#15031);
#4339=VERTEX_POINT('',#15035);
#4340=VERTEX_POINT('',#15037);
#4341=VERTEX_POINT('',#15043);
#4342=VERTEX_POINT('',#15044);
#4343=VERTEX_POINT('',#15046);
#4344=VERTEX_POINT('',#15050);
#4345=VERTEX_POINT('',#15052);
#4346=VERTEX_POINT('',#15056);
#4347=VERTEX_POINT('',#15057);
#4348=VERTEX_POINT('',#15059);
#4349=VERTEX_POINT('',#15061);
#4350=VERTEX_POINT('',#15065);
#4351=VERTEX_POINT('',#15066);
#4352=VERTEX_POINT('',#15068);
#4353=VERTEX_POINT('',#15072);
#4354=VERTEX_POINT('',#15073);
#4355=VERTEX_POINT('',#15075);
#4356=VERTEX_POINT('',#15077);
#4357=VERTEX_POINT('',#15081);
#4358=VERTEX_POINT('',#15082);
#4359=VERTEX_POINT('',#15084);
#4360=VERTEX_POINT('',#15091);
#4361=VERTEX_POINT('',#15092);
#4362=VERTEX_POINT('',#15094);
#4363=VERTEX_POINT('',#15098);
#4364=VERTEX_POINT('',#15099);
#4365=VERTEX_POINT('',#15101);
#4366=VERTEX_POINT('',#15103);
#4367=VERTEX_POINT('',#15107);
#4368=VERTEX_POINT('',#15108);
#4369=VERTEX_POINT('',#15110);
#4370=VERTEX_POINT('',#15114);
#4371=VERTEX_POINT('',#15115);
#4372=VERTEX_POINT('',#15120);
#4373=VERTEX_POINT('',#15121);
#4374=VERTEX_POINT('',#15123);
#4375=VERTEX_POINT('',#15125);
#4376=VERTEX_POINT('',#15129);
#4377=VERTEX_POINT('',#15131);
#4378=VERTEX_POINT('',#15135);
#4379=VERTEX_POINT('',#15136);
#4380=VERTEX_POINT('',#15138);
#4381=VERTEX_POINT('',#15142);
#4382=VERTEX_POINT('',#15143);
#4383=VERTEX_POINT('',#15145);
#4384=VERTEX_POINT('',#15152);
#4385=VERTEX_POINT('',#15153);
#4386=VERTEX_POINT('',#15155);
#4387=VERTEX_POINT('',#15159);
#4388=VERTEX_POINT('',#15160);
#4389=VERTEX_POINT('',#15162);
#4390=VERTEX_POINT('',#15164);
#4391=VERTEX_POINT('',#15168);
#4392=VERTEX_POINT('',#15169);
#4393=VERTEX_POINT('',#15171);
#4394=VERTEX_POINT('',#15173);
#4395=VERTEX_POINT('',#15177);
#4396=VERTEX_POINT('',#15178);
#4397=VERTEX_POINT('',#15180);
#4398=VERTEX_POINT('',#15184);
#4399=VERTEX_POINT('',#15185);
#4400=VERTEX_POINT('',#15190);
#4401=VERTEX_POINT('',#15191);
#4402=VERTEX_POINT('',#15193);
#4403=VERTEX_POINT('',#15197);
#4404=VERTEX_POINT('',#15198);
#4405=VERTEX_POINT('',#15205);
#4406=VERTEX_POINT('',#15206);
#4407=VERTEX_POINT('',#15208);
#4408=VERTEX_POINT('',#15210);
#4409=VERTEX_POINT('',#15220);
#4410=VERTEX_POINT('',#15221);
#4411=VERTEX_POINT('',#15223);
#4412=VERTEX_POINT('',#15227);
#4413=VERTEX_POINT('',#15228);
#4414=VERTEX_POINT('',#15230);
#4415=VERTEX_POINT('',#15232);
#4416=VERTEX_POINT('',#15236);
#4417=VERTEX_POINT('',#15238);
#4418=VERTEX_POINT('',#15244);
#4419=VERTEX_POINT('',#15245);
#4420=VERTEX_POINT('',#15247);
#4421=VERTEX_POINT('',#15249);
#4422=VERTEX_POINT('',#15253);
#4423=VERTEX_POINT('',#15255);
#4424=VERTEX_POINT('',#15259);
#4425=VERTEX_POINT('',#15260);
#4426=VERTEX_POINT('',#15267);
#4427=VERTEX_POINT('',#15268);
#4428=VERTEX_POINT('',#15270);
#4429=VERTEX_POINT('',#15272);
#4430=VERTEX_POINT('',#15282);
#4431=VERTEX_POINT('',#15283);
#4432=VERTEX_POINT('',#15285);
#4433=VERTEX_POINT('',#15295);
#4434=VERTEX_POINT('',#15296);
#4435=VERTEX_POINT('',#15298);
#4436=VERTEX_POINT('',#15300);
#4437=VERTEX_POINT('',#15304);
#4438=VERTEX_POINT('',#15305);
#4439=VERTEX_POINT('',#15307);
#4440=VERTEX_POINT('',#15309);
#4441=VERTEX_POINT('',#15313);
#4442=VERTEX_POINT('',#15315);
#4443=VERTEX_POINT('',#15321);
#4444=VERTEX_POINT('',#15322);
#4445=VERTEX_POINT('',#15324);
#4446=VERTEX_POINT('',#15328);
#4447=VERTEX_POINT('',#15329);
#4448=VERTEX_POINT('',#15334);
#4449=VERTEX_POINT('',#15338);
#4450=VERTEX_POINT('',#15344);
#4451=VERTEX_POINT('',#15345);
#4452=VERTEX_POINT('',#15347);
#4453=VERTEX_POINT('',#15349);
#4454=VERTEX_POINT('',#15353);
#4455=VERTEX_POINT('',#15354);
#4456=VERTEX_POINT('',#15356);
#4457=VERTEX_POINT('',#15358);
#4458=VERTEX_POINT('',#15362);
#4459=VERTEX_POINT('',#15363);
#4460=VERTEX_POINT('',#15368);
#4461=VERTEX_POINT('',#15369);
#4462=VERTEX_POINT('',#15377);
#4463=VERTEX_POINT('',#15379);
#4464=VERTEX_POINT('',#15385);
#4465=VERTEX_POINT('',#15387);
#4466=VERTEX_POINT('',#15391);
#4467=VERTEX_POINT('',#15392);
#4468=VERTEX_POINT('',#15394);
#4469=VERTEX_POINT('',#15396);
#4470=VERTEX_POINT('',#15400);
#4471=VERTEX_POINT('',#15401);
#4472=VERTEX_POINT('',#15403);
#4473=VERTEX_POINT('',#15407);
#4474=VERTEX_POINT('',#15408);
#4475=VERTEX_POINT('',#15410);
#4476=VERTEX_POINT('',#15412);
#4477=VERTEX_POINT('',#15416);
#4478=VERTEX_POINT('',#15417);
#4479=VERTEX_POINT('',#15419);
#4480=VERTEX_POINT('',#15426);
#4481=VERTEX_POINT('',#15427);
#4482=VERTEX_POINT('',#15429);
#4483=VERTEX_POINT('',#15431);
#4484=VERTEX_POINT('',#15435);
#4485=VERTEX_POINT('',#15436);
#4486=VERTEX_POINT('',#15438);
#4487=VERTEX_POINT('',#15442);
#4488=VERTEX_POINT('',#15443);
#4489=VERTEX_POINT('',#15445);
#4490=VERTEX_POINT('',#15449);
#4491=VERTEX_POINT('',#15450);
#4492=VERTEX_POINT('',#15455);
#4493=VERTEX_POINT('',#15457);
#4494=VERTEX_POINT('',#15461);
#4495=VERTEX_POINT('',#15462);
#4496=VERTEX_POINT('',#15464);
#4497=VERTEX_POINT('',#15466);
#4498=VERTEX_POINT('',#15470);
#4499=VERTEX_POINT('',#15471);
#4500=VERTEX_POINT('',#15473);
#4501=VERTEX_POINT('',#15483);
#4502=VERTEX_POINT('',#15485);
#4503=VERTEX_POINT('',#15491);
#4504=VERTEX_POINT('',#15493);
#4505=VERTEX_POINT('',#15497);
#4506=VERTEX_POINT('',#15498);
#4507=VERTEX_POINT('',#15500);
#4508=VERTEX_POINT('',#15504);
#4509=VERTEX_POINT('',#15505);
#4510=VERTEX_POINT('',#15507);
#4511=VERTEX_POINT('',#15509);
#4512=VERTEX_POINT('',#15513);
#4513=VERTEX_POINT('',#15514);
#4514=VERTEX_POINT('',#15516);
#4515=VERTEX_POINT('',#15523);
#4516=VERTEX_POINT('',#15524);
#4517=VERTEX_POINT('',#15526);
#4518=VERTEX_POINT('',#15528);
#4519=VERTEX_POINT('',#15532);
#4520=VERTEX_POINT('',#15533);
#4521=VERTEX_POINT('',#15535);
#4522=VERTEX_POINT('',#15539);
#4523=VERTEX_POINT('',#15540);
#4524=VERTEX_POINT('',#15542);
#4525=VERTEX_POINT('',#15544);
#4526=VERTEX_POINT('',#15548);
#4527=VERTEX_POINT('',#15549);
#4528=VERTEX_POINT('',#15551);
#4529=VERTEX_POINT('',#15555);
#4530=VERTEX_POINT('',#15556);
#4531=VERTEX_POINT('',#15561);
#4532=VERTEX_POINT('',#15563);
#4533=VERTEX_POINT('',#15567);
#4534=VERTEX_POINT('',#15568);
#4535=VERTEX_POINT('',#15570);
#4536=VERTEX_POINT('',#15580);
#4537=VERTEX_POINT('',#15581);
#4538=VERTEX_POINT('',#15583);
#4539=VERTEX_POINT('',#15590);
#4540=VERTEX_POINT('',#15592);
#4541=VERTEX_POINT('',#15598);
#4542=VERTEX_POINT('',#15599);
#4543=VERTEX_POINT('',#15606);
#4544=VERTEX_POINT('',#15607);
#4545=VERTEX_POINT('',#15609);
#4546=VERTEX_POINT('',#15613);
#4547=VERTEX_POINT('',#15614);
#4548=VERTEX_POINT('',#15616);
#4549=VERTEX_POINT('',#15618);
#4550=VERTEX_POINT('',#15628);
#4551=VERTEX_POINT('',#15629);
#4552=VERTEX_POINT('',#15631);
#4553=VERTEX_POINT('',#15635);
#4554=VERTEX_POINT('',#15636);
#4555=VERTEX_POINT('',#15638);
#4556=VERTEX_POINT('',#15640);
#4557=VERTEX_POINT('',#15644);
#4558=VERTEX_POINT('',#15646);
#4559=VERTEX_POINT('',#15652);
#4560=VERTEX_POINT('',#15653);
#4561=VERTEX_POINT('',#15660);
#4562=VERTEX_POINT('',#15661);
#4563=VERTEX_POINT('',#15663);
#4564=VERTEX_POINT('',#15667);
#4565=VERTEX_POINT('',#15668);
#4566=VERTEX_POINT('',#15673);
#4567=VERTEX_POINT('',#15674);
#4568=VERTEX_POINT('',#15676);
#4569=VERTEX_POINT('',#15678);
#4570=VERTEX_POINT('',#15685);
#4571=VERTEX_POINT('',#15687);
#4572=VERTEX_POINT('',#15691);
#4573=VERTEX_POINT('',#15695);
#4574=VERTEX_POINT('',#15701);
#4575=VERTEX_POINT('',#15702);
#4576=VERTEX_POINT('',#15709);
#4577=VERTEX_POINT('',#15710);
#4578=VERTEX_POINT('',#15712);
#4579=VERTEX_POINT('',#15714);
#4580=VERTEX_POINT('',#15724);
#4581=VERTEX_POINT('',#15725);
#4582=VERTEX_POINT('',#15727);
#4583=VERTEX_POINT('',#15737);
#4584=VERTEX_POINT('',#15739);
#4585=VERTEX_POINT('',#15743);
#4586=VERTEX_POINT('',#15744);
#4587=VERTEX_POINT('',#15746);
#4588=VERTEX_POINT('',#15748);
#4589=VERTEX_POINT('',#15752);
#4590=VERTEX_POINT('',#15753);
#4591=VERTEX_POINT('',#15755);
#4592=VERTEX_POINT('',#15757);
#4593=VERTEX_POINT('',#15761);
#4594=VERTEX_POINT('',#15762);
#4595=VERTEX_POINT('',#15767);
#4596=VERTEX_POINT('',#15768);
#4597=VERTEX_POINT('',#15776);
#4598=VERTEX_POINT('',#15777);
#4599=VERTEX_POINT('',#15782);
#4600=VERTEX_POINT('',#15784);
#4601=VERTEX_POINT('',#15788);
#4602=VERTEX_POINT('',#15789);
#4603=VERTEX_POINT('',#15791);
#4604=VERTEX_POINT('',#15795);
#4605=VERTEX_POINT('',#15796);
#4606=VERTEX_POINT('',#15798);
#4607=VERTEX_POINT('',#15805);
#4608=VERTEX_POINT('',#15809);
#4609=VERTEX_POINT('',#15810);
#4610=VERTEX_POINT('',#15812);
#4611=VERTEX_POINT('',#15814);
#4612=VERTEX_POINT('',#15818);
#4613=VERTEX_POINT('',#15820);
#4614=VERTEX_POINT('',#15826);
#4615=VERTEX_POINT('',#15828);
#4616=VERTEX_POINT('',#15832);
#4617=VERTEX_POINT('',#15833);
#4618=VERTEX_POINT('',#15835);
#4619=VERTEX_POINT('',#15842);
#4620=VERTEX_POINT('',#15844);
#4621=VERTEX_POINT('',#15851);
#4622=VERTEX_POINT('',#15852);
#4623=VERTEX_POINT('',#15854);
#4624=VERTEX_POINT('',#15864);
#4625=VERTEX_POINT('',#15866);
#4626=VERTEX_POINT('',#15872);
#4627=VERTEX_POINT('',#15873);
#4628=VERTEX_POINT('',#15878);
#4629=VERTEX_POINT('',#15879);
#4630=VERTEX_POINT('',#15881);
#4631=VERTEX_POINT('',#15891);
#4632=VERTEX_POINT('',#15895);
#4633=VERTEX_POINT('',#15896);
#4634=VERTEX_POINT('',#15898);
#4635=VERTEX_POINT('',#15900);
#4636=VERTEX_POINT('',#15904);
#4637=VERTEX_POINT('',#15905);
#4638=VERTEX_POINT('',#15910);
#4639=VERTEX_POINT('',#15911);
#4640=VERTEX_POINT('',#15919);
#4641=VERTEX_POINT('',#15923);
#4642=VERTEX_POINT('',#15979);
#4643=VERTEX_POINT('',#15980);
#4644=VERTEX_POINT('',#15985);
#4645=VERTEX_POINT('',#15986);
#4646=VERTEX_POINT('',#16004);
#4647=VERTEX_POINT('',#16005);
#4648=VERTEX_POINT('',#16424);
#4649=VERTEX_POINT('',#16425);
#4650=VERTEX_POINT('',#16427);
#4651=VERTEX_POINT('',#16429);
#4652=VERTEX_POINT('',#16433);
#4653=VERTEX_POINT('',#16435);
#4654=VERTEX_POINT('',#16439);
#4655=VERTEX_POINT('',#16443);
#4656=VERTEX_POINT('',#16449);
#4657=VERTEX_POINT('',#16451);
#4658=VERTEX_POINT('',#16455);
#4659=VERTEX_POINT('',#16459);
#4660=VERTEX_POINT('',#16460);
#4661=VERTEX_POINT('',#16463);
#4662=VERTEX_POINT('',#16467);
#4663=VERTEX_POINT('',#16469);
#4664=VERTEX_POINT('',#16482);
#4665=VERTEX_POINT('',#16483);
#4666=VERTEX_POINT('',#16485);
#4667=VERTEX_POINT('',#16487);
#4668=VERTEX_POINT('',#16491);
#4669=VERTEX_POINT('',#16493);
#4670=VERTEX_POINT('',#16497);
#4671=VERTEX_POINT('',#16501);
#4672=VERTEX_POINT('',#16507);
#4673=VERTEX_POINT('',#16509);
#4674=VERTEX_POINT('',#16513);
#4675=VERTEX_POINT('',#16517);
#4676=VERTEX_POINT('',#16518);
#4677=VERTEX_POINT('',#16521);
#4678=VERTEX_POINT('',#16525);
#4679=VERTEX_POINT('',#16527);
#4680=VERTEX_POINT('',#16540);
#4681=VERTEX_POINT('',#16541);
#4682=VERTEX_POINT('',#16543);
#4683=VERTEX_POINT('',#16545);
#4684=VERTEX_POINT('',#16549);
#4685=VERTEX_POINT('',#16551);
#4686=VERTEX_POINT('',#16555);
#4687=VERTEX_POINT('',#16559);
#4688=VERTEX_POINT('',#16565);
#4689=VERTEX_POINT('',#16567);
#4690=VERTEX_POINT('',#16571);
#4691=VERTEX_POINT('',#16575);
#4692=VERTEX_POINT('',#16576);
#4693=VERTEX_POINT('',#16579);
#4694=VERTEX_POINT('',#16583);
#4695=VERTEX_POINT('',#16585);
#4696=VERTEX_POINT('',#16598);
#4697=VERTEX_POINT('',#16599);
#4698=VERTEX_POINT('',#16601);
#4699=VERTEX_POINT('',#16603);
#4700=VERTEX_POINT('',#16607);
#4701=VERTEX_POINT('',#16609);
#4702=VERTEX_POINT('',#16613);
#4703=VERTEX_POINT('',#16617);
#4704=VERTEX_POINT('',#16623);
#4705=VERTEX_POINT('',#16625);
#4706=VERTEX_POINT('',#16629);
#4707=VERTEX_POINT('',#16633);
#4708=VERTEX_POINT('',#16634);
#4709=VERTEX_POINT('',#16637);
#4710=VERTEX_POINT('',#16641);
#4711=VERTEX_POINT('',#16643);
#4712=VERTEX_POINT('',#16656);
#4713=VERTEX_POINT('',#16657);
#4714=VERTEX_POINT('',#16659);
#4715=VERTEX_POINT('',#16661);
#4716=VERTEX_POINT('',#16665);
#4717=VERTEX_POINT('',#16667);
#4718=VERTEX_POINT('',#16671);
#4719=VERTEX_POINT('',#16675);
#4720=VERTEX_POINT('',#16681);
#4721=VERTEX_POINT('',#16683);
#4722=VERTEX_POINT('',#16687);
#4723=VERTEX_POINT('',#16691);
#4724=VERTEX_POINT('',#16692);
#4725=VERTEX_POINT('',#16695);
#4726=VERTEX_POINT('',#16699);
#4727=VERTEX_POINT('',#16701);
#4728=VERTEX_POINT('',#16714);
#4729=VERTEX_POINT('',#16715);
#4730=VERTEX_POINT('',#16717);
#4731=VERTEX_POINT('',#16719);
#4732=VERTEX_POINT('',#16723);
#4733=VERTEX_POINT('',#16725);
#4734=VERTEX_POINT('',#16729);
#4735=VERTEX_POINT('',#16733);
#4736=VERTEX_POINT('',#16739);
#4737=VERTEX_POINT('',#16741);
#4738=VERTEX_POINT('',#16745);
#4739=VERTEX_POINT('',#16749);
#4740=VERTEX_POINT('',#16750);
#4741=VERTEX_POINT('',#16753);
#4742=VERTEX_POINT('',#16757);
#4743=VERTEX_POINT('',#16759);
#4744=VERTEX_POINT('',#16780);
#4745=VERTEX_POINT('',#16781);
#4746=VERTEX_POINT('',#16783);
#4747=VERTEX_POINT('',#16788);
#4748=VERTEX_POINT('',#16802);
#4749=VERTEX_POINT('',#16807);
#4750=VERTEX_POINT('',#16821);
#4751=VERTEX_POINT('',#16826);
#4752=VERTEX_POINT('',#16833);
#4753=VERTEX_POINT('',#16835);
#4754=VERTEX_POINT('',#16839);
#4755=VERTEX_POINT('',#16841);
#4756=VERTEX_POINT('',#16852);
#4757=VERTEX_POINT('',#16857);
#4758=VERTEX_POINT('',#16871);
#4759=VERTEX_POINT('',#16876);
#4760=VERTEX_POINT('',#16890);
#4761=VERTEX_POINT('',#16895);
#4762=VERTEX_POINT('',#16909);
#4763=VERTEX_POINT('',#16914);
#4764=VERTEX_POINT('',#16928);
#4765=VERTEX_POINT('',#16933);
#4766=VERTEX_POINT('',#16947);
#4767=VERTEX_POINT('',#16952);
#4768=VERTEX_POINT('',#16959);
#4769=VERTEX_POINT('',#16961);
#4770=VERTEX_POINT('',#16965);
#4771=VERTEX_POINT('',#16967);
#4772=VERTEX_POINT('',#16978);
#4773=VERTEX_POINT('',#16983);
#4774=VERTEX_POINT('',#16997);
#4775=VERTEX_POINT('',#17002);
#4776=VERTEX_POINT('',#17016);
#4777=VERTEX_POINT('',#17021);
#4778=VERTEX_POINT('',#17035);
#4779=VERTEX_POINT('',#17040);
#4780=VERTEX_POINT('',#17072);
#4781=VERTEX_POINT('',#17073);
#4782=VERTEX_POINT('',#17075);
#4783=VERTEX_POINT('',#17077);
#4784=VERTEX_POINT('',#17088);
#4785=VERTEX_POINT('',#17093);
#4786=VERTEX_POINT('',#17107);
#4787=VERTEX_POINT('',#17112);
#4788=VERTEX_POINT('',#17119);
#4789=VERTEX_POINT('',#17121);
#4790=VERTEX_POINT('',#17125);
#4791=VERTEX_POINT('',#17127);
#4792=VERTEX_POINT('',#17138);
#4793=VERTEX_POINT('',#17143);
#4794=VERTEX_POINT('',#17157);
#4795=VERTEX_POINT('',#17162);
#4796=VERTEX_POINT('',#17176);
#4797=VERTEX_POINT('',#17181);
#4798=VERTEX_POINT('',#17195);
#4799=VERTEX_POINT('',#17200);
#4800=VERTEX_POINT('',#17214);
#4801=VERTEX_POINT('',#17219);
#4802=VERTEX_POINT('',#17233);
#4803=VERTEX_POINT('',#17238);
#4804=VERTEX_POINT('',#17252);
#4805=VERTEX_POINT('',#17257);
#4806=VERTEX_POINT('',#17271);
#4807=VERTEX_POINT('',#17276);
#4808=VERTEX_POINT('',#17290);
#4809=VERTEX_POINT('',#17295);
#4810=VERTEX_POINT('',#17309);
#4811=VERTEX_POINT('',#17314);
#4812=VERTEX_POINT('',#17328);
#4813=VERTEX_POINT('',#17333);
#4814=VERTEX_POINT('',#17347);
#4815=VERTEX_POINT('',#17352);
#4816=VERTEX_POINT('',#17366);
#4817=VERTEX_POINT('',#17371);
#4818=VERTEX_POINT('',#17385);
#4819=VERTEX_POINT('',#17390);
#4820=VERTEX_POINT('',#17404);
#4821=VERTEX_POINT('',#17409);
#4822=VERTEX_POINT('',#17423);
#4823=VERTEX_POINT('',#17428);
#4824=VERTEX_POINT('',#17442);
#4825=VERTEX_POINT('',#17447);
#4826=VERTEX_POINT('',#17461);
#4827=VERTEX_POINT('',#17463);
#4828=VERTEX_POINT('',#17474);
#4829=VERTEX_POINT('',#17479);
#4830=VERTEX_POINT('',#17493);
#4831=VERTEX_POINT('',#17498);
#4832=VERTEX_POINT('',#17512);
#4833=VERTEX_POINT('',#17517);
#4834=VERTEX_POINT('',#17531);
#4835=VERTEX_POINT('',#17536);
#4836=VERTEX_POINT('',#17543);
#4837=VERTEX_POINT('',#17545);
#4838=VERTEX_POINT('',#17549);
#4839=VERTEX_POINT('',#17551);
#4840=VERTEX_POINT('',#17562);
#4841=VERTEX_POINT('',#17567);
#4842=VERTEX_POINT('',#17581);
#4843=VERTEX_POINT('',#17586);
#4844=VERTEX_POINT('',#17600);
#4845=VERTEX_POINT('',#17605);
#4846=VERTEX_POINT('',#17619);
#4847=VERTEX_POINT('',#17624);
#4848=VERTEX_POINT('',#17638);
#4849=VERTEX_POINT('',#17643);
#4850=VERTEX_POINT('',#17657);
#4851=VERTEX_POINT('',#17662);
#4852=VERTEX_POINT('',#17676);
#4853=VERTEX_POINT('',#17681);
#4854=VERTEX_POINT('',#17695);
#4855=VERTEX_POINT('',#17700);
#4856=VERTEX_POINT('',#17714);
#4857=VERTEX_POINT('',#17719);
#4858=VERTEX_POINT('',#17733);
#4859=VERTEX_POINT('',#17735);
#4860=VERTEX_POINT('',#17746);
#4861=VERTEX_POINT('',#17751);
#4862=VERTEX_POINT('',#17765);
#4863=VERTEX_POINT('',#17770);
#4864=VERTEX_POINT('',#17784);
#4865=VERTEX_POINT('',#17789);
#4866=VERTEX_POINT('',#17803);
#4867=VERTEX_POINT('',#17808);
#4868=VERTEX_POINT('',#17840);
#4869=VERTEX_POINT('',#17841);
#4870=VERTEX_POINT('',#17843);
#4871=VERTEX_POINT('',#17848);
#4872=VERTEX_POINT('',#17862);
#4873=VERTEX_POINT('',#17867);
#4874=VERTEX_POINT('',#17881);
#4875=VERTEX_POINT('',#17886);
#4876=VERTEX_POINT('',#17893);
#4877=VERTEX_POINT('',#17895);
#4878=VERTEX_POINT('',#17899);
#4879=VERTEX_POINT('',#17901);
#4880=VERTEX_POINT('',#17912);
#4881=VERTEX_POINT('',#17917);
#4882=VERTEX_POINT('',#17924);
#4883=VERTEX_POINT('',#17926);
#4884=VERTEX_POINT('',#17930);
#4885=VERTEX_POINT('',#17932);
#4886=VERTEX_POINT('',#17943);
#4887=VERTEX_POINT('',#17948);
#4888=VERTEX_POINT('',#17962);
#4889=VERTEX_POINT('',#17967);
#4890=VERTEX_POINT('',#17981);
#4891=VERTEX_POINT('',#17986);
#4892=VERTEX_POINT('',#18000);
#4893=VERTEX_POINT('',#18005);
#4894=VERTEX_POINT('',#18012);
#4895=VERTEX_POINT('',#18014);
#4896=VERTEX_POINT('',#18018);
#4897=VERTEX_POINT('',#18020);
#4898=VERTEX_POINT('',#18024);
#4899=VERTEX_POINT('',#18026);
#4900=EDGE_CURVE('',#4086,#4087,#3924,.T.);
#4901=EDGE_CURVE('',#4086,#4088,#2450,.T.);
#4902=EDGE_CURVE('',#4089,#4088,#3925,.T.);
#4903=EDGE_CURVE('',#4087,#4089,#2451,.T.);
#4904=EDGE_CURVE('',#4090,#4086,#3926,.T.);
#4905=EDGE_CURVE('',#4090,#4091,#2452,.T.);
#4906=EDGE_CURVE('',#4088,#4091,#3927,.T.);
#4907=EDGE_CURVE('',#4092,#4090,#3928,.T.);
#4908=EDGE_CURVE('',#4092,#4093,#2453,.T.);
#4909=EDGE_CURVE('',#4091,#4093,#3929,.T.);
#4910=EDGE_CURVE('',#4094,#4092,#3930,.T.);
#4911=EDGE_CURVE('',#4094,#4095,#2454,.T.);
#4912=EDGE_CURVE('',#4093,#4095,#3931,.T.);
#4913=EDGE_CURVE('',#4096,#4094,#3932,.T.);
#4914=EDGE_CURVE('',#4096,#4097,#2455,.T.);
#4915=EDGE_CURVE('',#4095,#4097,#3933,.T.);
#4916=EDGE_CURVE('',#4098,#4096,#3934,.T.);
#4917=EDGE_CURVE('',#4098,#4099,#2456,.T.);
#4918=EDGE_CURVE('',#4097,#4099,#3935,.T.);
#4919=EDGE_CURVE('',#4087,#4098,#3936,.T.);
#4920=EDGE_CURVE('',#4099,#4089,#3937,.T.);
#4921=EDGE_CURVE('',#4100,#4101,#3938,.T.);
#4922=EDGE_CURVE('',#4100,#4102,#2457,.T.);
#4923=EDGE_CURVE('',#4103,#4102,#3939,.T.);
#4924=EDGE_CURVE('',#4101,#4103,#2458,.T.);
#4925=EDGE_CURVE('',#4101,#4104,#3940,.T.);
#4926=EDGE_CURVE('',#4105,#4103,#3941,.T.);
#4927=EDGE_CURVE('',#4104,#4105,#2459,.T.);
#4928=EDGE_CURVE('',#4104,#4106,#3942,.T.);
#4929=EDGE_CURVE('',#4107,#4105,#3943,.T.);
#4930=EDGE_CURVE('',#4106,#4107,#2460,.T.);
#4931=EDGE_CURVE('',#4106,#4108,#3944,.T.);
#4932=EDGE_CURVE('',#4109,#4107,#3945,.T.);
#4933=EDGE_CURVE('',#4108,#4109,#2461,.T.);
#4934=EDGE_CURVE('',#4108,#4110,#3946,.T.);
#4935=EDGE_CURVE('',#4111,#4109,#3947,.T.);
#4936=EDGE_CURVE('',#4110,#4111,#2462,.T.);
#4937=EDGE_CURVE('',#4110,#4112,#3948,.T.);
#4938=EDGE_CURVE('',#4113,#4111,#3949,.T.);
#4939=EDGE_CURVE('',#4112,#4113,#2463,.T.);
#4940=EDGE_CURVE('',#4112,#4114,#2464,.T.);
#4941=EDGE_CURVE('',#4115,#4113,#2465,.T.);
#4942=EDGE_CURVE('',#4114,#4115,#2466,.T.);
#4943=EDGE_CURVE('',#4114,#4116,#2467,.T.);
#4944=EDGE_CURVE('',#4117,#4115,#2468,.T.);
#4945=EDGE_CURVE('',#4116,#4117,#2469,.T.);
#4946=EDGE_CURVE('',#4116,#4118,#3950,.T.);
#4947=EDGE_CURVE('',#4119,#4117,#3951,.T.);
#4948=EDGE_CURVE('',#4118,#4119,#2470,.T.);
#4949=EDGE_CURVE('',#4118,#4120,#3952,.T.);
#4950=EDGE_CURVE('',#4121,#4119,#3953,.T.);
#4951=EDGE_CURVE('',#4120,#4121,#2471,.T.);
#4952=EDGE_CURVE('',#4120,#4122,#3954,.T.);
#4953=EDGE_CURVE('',#4123,#4121,#3955,.T.);
#4954=EDGE_CURVE('',#4122,#4123,#2472,.T.);
#4955=EDGE_CURVE('',#4122,#4124,#3956,.T.);
#4956=EDGE_CURVE('',#4125,#4123,#3957,.T.);
#4957=EDGE_CURVE('',#4124,#4125,#2473,.T.);
#4958=EDGE_CURVE('',#4124,#4126,#3958,.T.);
#4959=EDGE_CURVE('',#4127,#4125,#3959,.T.);
#4960=EDGE_CURVE('',#4126,#4127,#2474,.T.);
#4961=EDGE_CURVE('',#4126,#4100,#3960,.T.);
#4962=EDGE_CURVE('',#4102,#4127,#3961,.T.);
#4963=EDGE_CURVE('',#4128,#4129,#417,.T.);
#4964=EDGE_CURVE('',#4130,#4128,#2475,.T.);
#4965=EDGE_CURVE('',#4131,#4130,#2476,.T.);
#4966=EDGE_CURVE('',#4132,#4131,#2477,.T.);
#4967=EDGE_CURVE('',#4133,#4132,#2478,.T.);
#4968=EDGE_CURVE('',#4134,#4133,#2479,.T.);
#4969=EDGE_CURVE('',#4135,#4134,#418,.T.);
#4970=EDGE_CURVE('',#4136,#4135,#2480,.T.);
#4971=EDGE_CURVE('',#4137,#4136,#419,.T.);
#4972=EDGE_CURVE('',#4138,#4137,#2481,.T.);
#4973=EDGE_CURVE('',#4139,#4138,#2482,.T.);
#4974=EDGE_CURVE('',#4140,#4139,#2483,.T.);
#4975=EDGE_CURVE('',#4141,#4140,#420,.T.);
#4976=EDGE_CURVE('',#4142,#4141,#2484,.T.);
#4977=EDGE_CURVE('',#4143,#4142,#421,.T.);
#4978=EDGE_CURVE('',#4144,#4143,#2485,.T.);
#4979=EDGE_CURVE('',#4145,#4144,#2486,.T.);
#4980=EDGE_CURVE('',#4146,#4145,#2487,.T.);
#4981=EDGE_CURVE('',#4147,#4146,#422,.T.);
#4982=EDGE_CURVE('',#4148,#4147,#2488,.T.);
#4983=EDGE_CURVE('',#4149,#4148,#423,.T.);
#4984=EDGE_CURVE('',#4150,#4149,#2489,.T.);
#4985=EDGE_CURVE('',#4151,#4150,#2490,.T.);
#4986=EDGE_CURVE('',#4152,#4151,#2491,.T.);
#4987=EDGE_CURVE('',#4153,#4152,#424,.T.);
#4988=EDGE_CURVE('',#4154,#4153,#2492,.T.);
#4989=EDGE_CURVE('',#4155,#4154,#425,.T.);
#4990=EDGE_CURVE('',#4156,#4155,#2493,.T.);
#4991=EDGE_CURVE('',#4157,#4156,#2494,.T.);
#4992=EDGE_CURVE('',#4158,#4157,#2495,.T.);
#4993=EDGE_CURVE('',#4159,#4158,#426,.T.);
#4994=EDGE_CURVE('',#4160,#4159,#2496,.T.);
#4995=EDGE_CURVE('',#4161,#4160,#427,.T.);
#4996=EDGE_CURVE('',#4162,#4161,#2497,.T.);
#4997=EDGE_CURVE('',#4163,#4162,#2498,.T.);
#4998=EDGE_CURVE('',#4164,#4163,#2499,.T.);
#4999=EDGE_CURVE('',#4165,#4164,#428,.T.);
#5000=EDGE_CURVE('',#4166,#4165,#2500,.T.);
#5001=EDGE_CURVE('',#4167,#4166,#429,.T.);
#5002=EDGE_CURVE('',#4168,#4167,#2501,.T.);
#5003=EDGE_CURVE('',#4169,#4168,#2502,.T.);
#5004=EDGE_CURVE('',#4170,#4169,#2503,.T.);
#5005=EDGE_CURVE('',#4171,#4170,#2504,.T.);
#5006=EDGE_CURVE('',#4172,#4171,#2505,.T.);
#5007=EDGE_CURVE('',#4173,#4172,#430,.T.);
#5008=EDGE_CURVE('',#4174,#4173,#431,.T.);
#5009=EDGE_CURVE('',#4175,#4174,#432,.T.);
#5010=EDGE_CURVE('',#4176,#4175,#2506,.T.);
#5011=EDGE_CURVE('',#4177,#4176,#433,.T.);
#5012=EDGE_CURVE('',#4178,#4177,#2507,.T.);
#5013=EDGE_CURVE('',#4179,#4178,#434,.T.);
#5014=EDGE_CURVE('',#4180,#4179,#2508,.T.);
#5015=EDGE_CURVE('',#4181,#4180,#2509,.T.);
#5016=EDGE_CURVE('',#4182,#4181,#2510,.T.);
#5017=EDGE_CURVE('',#4183,#4182,#435,.T.);
#5018=EDGE_CURVE('',#4184,#4183,#2511,.T.);
#5019=EDGE_CURVE('',#4185,#4184,#436,.T.);
#5020=EDGE_CURVE('',#4186,#4185,#2512,.T.);
#5021=EDGE_CURVE('',#4187,#4186,#437,.T.);
#5022=EDGE_CURVE('',#4129,#4187,#438,.T.);
#5023=EDGE_CURVE('',#4188,#4189,#439,.T.);
#5024=EDGE_CURVE('',#4190,#4189,#440,.T.);
#5025=EDGE_CURVE('',#4191,#4190,#441,.F.);
#5026=EDGE_CURVE('',#4188,#4191,#442,.T.);
#5027=EDGE_CURVE('',#4192,#4193,#443,.F.);
#5028=EDGE_CURVE('',#4194,#4192,#444,.F.);
#5029=EDGE_CURVE('',#4193,#4194,#445,.F.);
#5030=EDGE_CURVE('',#4195,#4196,#446,.T.);
#5031=EDGE_CURVE('',#4196,#4194,#2513,.T.);
#5032=EDGE_CURVE('',#4192,#4195,#2514,.T.);
#5033=EDGE_CURVE('',#4195,#4197,#3962,.T.);
#5034=EDGE_CURVE('',#4197,#4196,#3963,.T.);
#5035=EDGE_CURVE('',#4198,#4199,#447,.F.);
#5036=EDGE_CURVE('',#4200,#4198,#448,.F.);
#5037=EDGE_CURVE('',#4199,#4200,#449,.F.);
#5038=EDGE_CURVE('',#4190,#4200,#2515,.T.);
#5039=EDGE_CURVE('',#4198,#4191,#2516,.T.);
#5040=EDGE_CURVE('',#4201,#4202,#450,.T.);
#5041=EDGE_CURVE('',#4203,#4202,#451,.T.);
#5042=EDGE_CURVE('',#4204,#4203,#452,.F.);
#5043=EDGE_CURVE('',#4201,#4204,#453,.T.);
#5044=EDGE_CURVE('',#4205,#4206,#454,.T.);
#5045=EDGE_CURVE('',#4206,#4203,#2517,.T.);
#5046=EDGE_CURVE('',#4202,#4205,#2518,.T.);
#5047=EDGE_CURVE('',#4205,#4207,#455,.T.);
#5048=EDGE_CURVE('',#4207,#4206,#456,.T.);
#5049=EDGE_CURVE('',#4208,#4209,#457,.F.);
#5050=EDGE_CURVE('',#4210,#4208,#458,.F.);
#5051=EDGE_CURVE('',#4209,#4210,#459,.F.);
#5052=EDGE_CURVE('',#4193,#4210,#2519,.T.);
#5053=EDGE_CURVE('',#4208,#4192,#2520,.T.);
#5054=EDGE_CURVE('',#4211,#4212,#460,.F.);
#5055=EDGE_CURVE('',#4213,#4211,#461,.F.);
#5056=EDGE_CURVE('',#4212,#4213,#462,.F.);
#5057=EDGE_CURVE('',#4203,#4213,#2521,.T.);
#5058=EDGE_CURVE('',#4211,#4204,#2522,.T.);
#5059=EDGE_CURVE('',#4210,#4212,#2523,.T.);
#5060=EDGE_CURVE('',#4213,#4209,#2524,.T.);
#5061=EDGE_CURVE('',#4212,#4199,#2525,.T.);
#5062=EDGE_CURVE('',#4200,#4211,#2526,.T.);
#5063=EDGE_CURVE('',#4214,#4215,#463,.T.);
#5064=EDGE_CURVE('',#4215,#4208,#2527,.T.);
#5065=EDGE_CURVE('',#4209,#4214,#2528,.T.);
#5066=EDGE_CURVE('',#4214,#4216,#3964,.T.);
#5067=EDGE_CURVE('',#4216,#4215,#3965,.T.);
#5068=EDGE_CURVE('',#4204,#4190,#2529,.T.);
#5069=EDGE_CURVE('',#4189,#4201,#2530,.T.);
#5070=EDGE_CURVE('',#4199,#4193,#2531,.T.);
#5071=EDGE_CURVE('',#4194,#4198,#2532,.T.);
#5072=EDGE_CURVE('',#4217,#4218,#464,.T.);
#5073=EDGE_CURVE('',#4218,#4219,#465,.T.);
#5074=EDGE_CURVE('',#4219,#4217,#466,.T.);
#5075=EDGE_CURVE('',#4217,#4188,#2533,.T.);
#5076=EDGE_CURVE('',#4191,#4218,#2534,.T.);
#5077=EDGE_CURVE('',#4220,#4206,#2535,.T.);
#5078=EDGE_CURVE('',#4221,#4220,#467,.T.);
#5079=EDGE_CURVE('',#4222,#4221,#2536,.T.);
#5080=EDGE_CURVE('',#4214,#4222,#468,.T.);
#5081=EDGE_CURVE('',#4207,#4223,#2537,.T.);
#5082=EDGE_CURVE('',#4223,#4220,#469,.T.);
#5083=EDGE_CURVE('',#4205,#4224,#2538,.T.);
#5084=EDGE_CURVE('',#4224,#4225,#470,.F.);
#5085=EDGE_CURVE('',#4225,#4207,#2539,.T.);
#5086=EDGE_CURVE('',#4226,#4217,#2540,.T.);
#5087=EDGE_CURVE('',#4227,#4226,#2541,.T.);
#5088=EDGE_CURVE('',#4228,#4227,#2542,.T.);
#5089=EDGE_CURVE('',#4224,#4228,#2543,.T.);
#5090=EDGE_CURVE('',#4219,#4229,#2544,.T.);
#5091=EDGE_CURVE('',#4229,#4226,#471,.F.);
#5092=EDGE_CURVE('',#4218,#4230,#2545,.T.);
#5093=EDGE_CURVE('',#4230,#4231,#472,.T.);
#5094=EDGE_CURVE('',#4231,#4219,#2546,.T.);
#5095=EDGE_CURVE('',#4232,#4233,#473,.F.);
#5096=EDGE_CURVE('',#4234,#4232,#474,.T.);
#5097=EDGE_CURVE('',#4234,#4235,#475,.T.);
#5098=EDGE_CURVE('',#4233,#4235,#476,.T.);
#5099=EDGE_CURVE('',#4236,#4237,#477,.T.);
#5100=EDGE_CURVE('',#4238,#4237,#478,.T.);
#5101=EDGE_CURVE('',#4239,#4238,#479,.F.);
#5102=EDGE_CURVE('',#4236,#4239,#480,.T.);
#5103=EDGE_CURVE('',#4240,#4241,#481,.F.);
#5104=EDGE_CURVE('',#4242,#4240,#482,.F.);
#5105=EDGE_CURVE('',#4241,#4242,#483,.F.);
#5106=EDGE_CURVE('',#4243,#4244,#484,.F.);
#5107=EDGE_CURVE('',#4245,#4243,#485,.T.);
#5108=EDGE_CURVE('',#4245,#4246,#486,.T.);
#5109=EDGE_CURVE('',#4244,#4246,#487,.T.);
#5110=EDGE_CURVE('',#4151,#4247,#488,.F.);
#5111=EDGE_CURVE('',#4248,#4151,#489,.F.);
#5112=EDGE_CURVE('',#4247,#4248,#490,.F.);
#5113=EDGE_CURVE('',#4249,#4250,#491,.F.);
#5114=EDGE_CURVE('',#4251,#4249,#492,.T.);
#5115=EDGE_CURVE('',#4251,#4252,#493,.T.);
#5116=EDGE_CURVE('',#4250,#4252,#494,.T.);
#5117=EDGE_CURVE('',#4253,#4254,#495,.F.);
#5118=EDGE_CURVE('',#4255,#4253,#496,.T.);
#5119=EDGE_CURVE('',#4255,#4256,#497,.T.);
#5120=EDGE_CURVE('',#4254,#4256,#498,.T.);
#5121=EDGE_CURVE('',#4257,#4258,#499,.F.);
#5122=EDGE_CURVE('',#4259,#4257,#500,.F.);
#5123=EDGE_CURVE('',#4258,#4259,#501,.F.);
#5124=EDGE_CURVE('',#4260,#4261,#502,.F.);
#5125=EDGE_CURVE('',#4262,#4260,#503,.F.);
#5126=EDGE_CURVE('',#4261,#4262,#504,.F.);
#5127=EDGE_CURVE('',#4263,#4264,#505,.F.);
#5128=EDGE_CURVE('',#4265,#4263,#506,.T.);
#5129=EDGE_CURVE('',#4265,#4266,#507,.T.);
#5130=EDGE_CURVE('',#4264,#4266,#508,.T.);
#5131=EDGE_CURVE('',#4267,#4268,#509,.F.);
#5132=EDGE_CURVE('',#4153,#4267,#510,.T.);
#5133=EDGE_CURVE('',#4268,#4152,#511,.T.);
#5134=EDGE_CURVE('',#4269,#4270,#512,.F.);
#5135=EDGE_CURVE('',#4271,#4269,#513,.F.);
#5136=EDGE_CURVE('',#4270,#4271,#514,.F.);
#5137=EDGE_CURVE('',#4272,#4273,#515,.F.);
#5138=EDGE_CURVE('',#4274,#4272,#516,.T.);
#5139=EDGE_CURVE('',#4274,#4275,#517,.T.);
#5140=EDGE_CURVE('',#4273,#4275,#518,.T.);
#5141=EDGE_CURVE('',#4150,#4276,#519,.F.);
#5142=EDGE_CURVE('',#4277,#4150,#520,.F.);
#5143=EDGE_CURVE('',#4276,#4277,#521,.F.);
#5144=EDGE_CURVE('',#4278,#4279,#522,.F.);
#5145=EDGE_CURVE('',#4280,#4278,#523,.F.);
#5146=EDGE_CURVE('',#4279,#4280,#524,.F.);
#5147=EDGE_CURVE('',#4281,#4282,#525,.F.);
#5148=EDGE_CURVE('',#4283,#4281,#526,.F.);
#5149=EDGE_CURVE('',#4282,#4283,#527,.F.);
#5150=EDGE_CURVE('',#4281,#4276,#2547,.T.);
#5151=EDGE_CURVE('',#4277,#4283,#2548,.T.);
#5152=EDGE_CURVE('',#4284,#4285,#528,.T.);
#5153=EDGE_CURVE('',#4286,#4285,#529,.T.);
#5154=EDGE_CURVE('',#4287,#4286,#530,.F.);
#5155=EDGE_CURVE('',#4284,#4287,#531,.T.);
#5156=EDGE_CURVE('',#4288,#4289,#532,.F.);
#5157=EDGE_CURVE('',#4290,#4288,#533,.F.);
#5158=EDGE_CURVE('',#4289,#4290,#534,.F.);
#5159=EDGE_CURVE('',#4291,#4292,#535,.T.);
#5160=EDGE_CURVE('',#4293,#4292,#536,.T.);
#5161=EDGE_CURVE('',#4294,#4293,#537,.F.);
#5162=EDGE_CURVE('',#4291,#4294,#538,.T.);
#5163=EDGE_CURVE('',#4295,#4296,#539,.F.);
#5164=EDGE_CURVE('',#4297,#4295,#540,.F.);
#5165=EDGE_CURVE('',#4296,#4297,#541,.F.);
#5166=EDGE_CURVE('',#4298,#4299,#542,.F.);
#5167=EDGE_CURVE('',#4155,#4298,#543,.T.);
#5168=EDGE_CURVE('',#4299,#4154,#544,.T.);
#5169=EDGE_CURVE('',#4300,#4301,#545,.F.);
#5170=EDGE_CURVE('',#4302,#4300,#546,.F.);
#5171=EDGE_CURVE('',#4301,#4302,#547,.F.);
#5172=EDGE_CURVE('',#4303,#4304,#548,.F.);
#5173=EDGE_CURVE('',#4149,#4303,#549,.T.);
#5174=EDGE_CURVE('',#4304,#4148,#550,.T.);
#5175=EDGE_CURVE('',#4303,#4277,#2549,.T.);
#5176=EDGE_CURVE('',#4305,#4306,#551,.T.);
#5177=EDGE_CURVE('',#4307,#4306,#552,.T.);
#5178=EDGE_CURVE('',#4308,#4307,#553,.F.);
#5179=EDGE_CURVE('',#4305,#4308,#554,.T.);
#5180=EDGE_CURVE('',#4306,#4282,#2550,.T.);
#5181=EDGE_CURVE('',#4283,#4307,#2551,.T.);
#5182=EDGE_CURVE('',#4288,#4308,#2552,.T.);
#5183=EDGE_CURVE('',#4307,#4290,#2553,.T.);
#5184=EDGE_CURVE('',#4309,#4310,#555,.F.);
#5185=EDGE_CURVE('',#4311,#4309,#556,.F.);
#5186=EDGE_CURVE('',#4310,#4311,#557,.F.);
#5187=EDGE_CURVE('',#4312,#4313,#558,.T.);
#5188=EDGE_CURVE('',#4314,#4313,#559,.T.);
#5189=EDGE_CURVE('',#4315,#4314,#560,.F.);
#5190=EDGE_CURVE('',#4312,#4315,#561,.T.);
#5191=EDGE_CURVE('',#4156,#4316,#562,.F.);
#5192=EDGE_CURVE('',#4317,#4156,#563,.F.);
#5193=EDGE_CURVE('',#4316,#4317,#564,.F.);
#5194=EDGE_CURVE('',#4298,#4317,#2554,.T.);
#5195=EDGE_CURVE('',#4318,#4319,#565,.F.);
#5196=EDGE_CURVE('',#4320,#4318,#566,.T.);
#5197=EDGE_CURVE('',#4320,#4321,#567,.T.);
#5198=EDGE_CURVE('',#4319,#4321,#568,.T.);
#5199=EDGE_CURVE('',#4322,#4323,#569,.F.);
#5200=EDGE_CURVE('',#4147,#4322,#570,.T.);
#5201=EDGE_CURVE('',#4323,#4146,#571,.T.);
#5202=EDGE_CURVE('',#4322,#4304,#2555,.T.);
#5203=EDGE_CURVE('',#4324,#4325,#572,.T.);
#5204=EDGE_CURVE('',#4326,#4325,#573,.T.);
#5205=EDGE_CURVE('',#4327,#4326,#574,.F.);
#5206=EDGE_CURVE('',#4324,#4327,#575,.T.);
#5207=EDGE_CURVE('',#4325,#4305,#2556,.T.);
#5208=EDGE_CURVE('',#4308,#4326,#2557,.T.);
#5209=EDGE_CURVE('',#4309,#4327,#2558,.T.);
#5210=EDGE_CURVE('',#4326,#4311,#2559,.T.);
#5211=EDGE_CURVE('',#4328,#4329,#576,.F.);
#5212=EDGE_CURVE('',#4330,#4328,#577,.F.);
#5213=EDGE_CURVE('',#4329,#4330,#578,.F.);
#5214=EDGE_CURVE('',#4328,#4316,#2560,.T.);
#5215=EDGE_CURVE('',#4317,#4330,#2561,.T.);
#5216=EDGE_CURVE('',#4313,#4329,#2562,.T.);
#5217=EDGE_CURVE('',#4330,#4314,#2563,.T.);
#5218=EDGE_CURVE('',#4331,#4332,#579,.T.);
#5219=EDGE_CURVE('',#4333,#4332,#580,.T.);
#5220=EDGE_CURVE('',#4334,#4333,#581,.F.);
#5221=EDGE_CURVE('',#4331,#4334,#582,.T.);
#5222=EDGE_CURVE('',#4335,#4336,#583,.F.);
#5223=EDGE_CURVE('',#4337,#4335,#584,.T.);
#5224=EDGE_CURVE('',#4337,#4338,#585,.T.);
#5225=EDGE_CURVE('',#4336,#4338,#586,.T.);
#5226=EDGE_CURVE('',#4157,#4339,#587,.F.);
#5227=EDGE_CURVE('',#4340,#4157,#588,.F.);
#5228=EDGE_CURVE('',#4339,#4340,#589,.F.);
#5229=EDGE_CURVE('',#4316,#4340,#2564,.T.);
#5230=EDGE_CURVE('',#4341,#4342,#590,.F.);
#5231=EDGE_CURVE('',#4343,#4341,#591,.F.);
#5232=EDGE_CURVE('',#4342,#4343,#592,.F.);
#5233=EDGE_CURVE('',#4145,#4344,#593,.F.);
#5234=EDGE_CURVE('',#4345,#4145,#594,.F.);
#5235=EDGE_CURVE('',#4344,#4345,#595,.F.);
#5236=EDGE_CURVE('',#4346,#4347,#596,.F.);
#5237=EDGE_CURVE('',#4348,#4346,#597,.T.);
#5238=EDGE_CURVE('',#4348,#4349,#598,.T.);
#5239=EDGE_CURVE('',#4347,#4349,#599,.T.);
#5240=EDGE_CURVE('',#4350,#4351,#600,.F.);
#5241=EDGE_CURVE('',#4352,#4350,#601,.F.);
#5242=EDGE_CURVE('',#4351,#4352,#602,.F.);
#5243=EDGE_CURVE('',#4353,#4354,#603,.F.);
#5244=EDGE_CURVE('',#4355,#4353,#604,.T.);
#5245=EDGE_CURVE('',#4355,#4356,#605,.T.);
#5246=EDGE_CURVE('',#4354,#4356,#606,.T.);
#5247=EDGE_CURVE('',#4357,#4358,#607,.F.);
#5248=EDGE_CURVE('',#4359,#4357,#608,.F.);
#5249=EDGE_CURVE('',#4358,#4359,#609,.F.);
#5250=EDGE_CURVE('',#4329,#4359,#2565,.T.);
#5251=EDGE_CURVE('',#4357,#4328,#2566,.T.);
#5252=EDGE_CURVE('',#4360,#4361,#610,.F.);
#5253=EDGE_CURVE('',#4362,#4360,#611,.F.);
#5254=EDGE_CURVE('',#4361,#4362,#612,.F.);
#5255=EDGE_CURVE('',#4363,#4364,#613,.F.);
#5256=EDGE_CURVE('',#4365,#4363,#614,.T.);
#5257=EDGE_CURVE('',#4365,#4366,#615,.T.);
#5258=EDGE_CURVE('',#4364,#4366,#616,.T.);
#5259=EDGE_CURVE('',#4367,#4368,#617,.F.);
#5260=EDGE_CURVE('',#4369,#4367,#618,.F.);
#5261=EDGE_CURVE('',#4368,#4369,#619,.F.);
#5262=EDGE_CURVE('',#4370,#4371,#620,.F.);
#5263=EDGE_CURVE('',#4159,#4370,#621,.T.);
#5264=EDGE_CURVE('',#4371,#4158,#622,.T.);
#5265=EDGE_CURVE('',#4372,#4373,#623,.F.);
#5266=EDGE_CURVE('',#4374,#4372,#624,.T.);
#5267=EDGE_CURVE('',#4374,#4375,#625,.T.);
#5268=EDGE_CURVE('',#4373,#4375,#626,.T.);
#5269=EDGE_CURVE('',#4144,#4376,#627,.F.);
#5270=EDGE_CURVE('',#4377,#4144,#628,.F.);
#5271=EDGE_CURVE('',#4376,#4377,#629,.F.);
#5272=EDGE_CURVE('',#4378,#4379,#630,.F.);
#5273=EDGE_CURVE('',#4380,#4378,#631,.F.);
#5274=EDGE_CURVE('',#4379,#4380,#632,.F.);
#5275=EDGE_CURVE('',#4381,#4382,#633,.F.);
#5276=EDGE_CURVE('',#4383,#4381,#634,.F.);
#5277=EDGE_CURVE('',#4382,#4383,#635,.F.);
#5278=EDGE_CURVE('',#4381,#4376,#2567,.T.);
#5279=EDGE_CURVE('',#4377,#4383,#2568,.T.);
#5280=EDGE_CURVE('',#4384,#4385,#636,.F.);
#5281=EDGE_CURVE('',#4386,#4384,#637,.F.);
#5282=EDGE_CURVE('',#4385,#4386,#638,.F.);
#5283=EDGE_CURVE('',#4387,#4388,#639,.T.);
#5284=EDGE_CURVE('',#4389,#4388,#640,.T.);
#5285=EDGE_CURVE('',#4390,#4389,#641,.F.);
#5286=EDGE_CURVE('',#4387,#4390,#642,.T.);
#5287=EDGE_CURVE('',#4391,#4392,#643,.T.);
#5288=EDGE_CURVE('',#4393,#4392,#644,.T.);
#5289=EDGE_CURVE('',#4394,#4393,#645,.F.);
#5290=EDGE_CURVE('',#4391,#4394,#646,.T.);
#5291=EDGE_CURVE('',#4395,#4396,#647,.F.);
#5292=EDGE_CURVE('',#4397,#4395,#648,.F.);
#5293=EDGE_CURVE('',#4396,#4397,#649,.F.);
#5294=EDGE_CURVE('',#4398,#4399,#650,.F.);
#5295=EDGE_CURVE('',#4161,#4398,#651,.T.);
#5296=EDGE_CURVE('',#4399,#4160,#652,.T.);
#5297=EDGE_CURVE('',#4400,#4401,#653,.F.);
#5298=EDGE_CURVE('',#4402,#4400,#654,.F.);
#5299=EDGE_CURVE('',#4401,#4402,#655,.F.);
#5300=EDGE_CURVE('',#4403,#4404,#656,.F.);
#5301=EDGE_CURVE('',#4143,#4403,#657,.T.);
#5302=EDGE_CURVE('',#4404,#4142,#658,.T.);
#5303=EDGE_CURVE('',#4403,#4377,#2569,.T.);
#5304=EDGE_CURVE('',#4405,#4406,#659,.T.);
#5305=EDGE_CURVE('',#4407,#4406,#660,.T.);
#5306=EDGE_CURVE('',#4408,#4407,#661,.F.);
#5307=EDGE_CURVE('',#4405,#4408,#662,.T.);
#5308=EDGE_CURVE('',#4406,#4382,#2570,.T.);
#5309=EDGE_CURVE('',#4383,#4407,#2571,.T.);
#5310=EDGE_CURVE('',#4384,#4408,#2572,.T.);
#5311=EDGE_CURVE('',#4407,#4386,#2573,.T.);
#5312=EDGE_CURVE('',#4409,#4410,#663,.F.);
#5313=EDGE_CURVE('',#4411,#4409,#664,.F.);
#5314=EDGE_CURVE('',#4410,#4411,#665,.F.);
#5315=EDGE_CURVE('',#4412,#4413,#666,.T.);
#5316=EDGE_CURVE('',#4414,#4413,#667,.T.);
#5317=EDGE_CURVE('',#4415,#4414,#668,.F.);
#5318=EDGE_CURVE('',#4412,#4415,#669,.T.);
#5319=EDGE_CURVE('',#4162,#4416,#670,.F.);
#5320=EDGE_CURVE('',#4417,#4162,#671,.F.);
#5321=EDGE_CURVE('',#4416,#4417,#672,.F.);
#5322=EDGE_CURVE('',#4398,#4417,#2574,.T.);
#5323=EDGE_CURVE('',#4418,#4419,#673,.F.);
#5324=EDGE_CURVE('',#4420,#4418,#674,.T.);
#5325=EDGE_CURVE('',#4420,#4421,#675,.T.);
#5326=EDGE_CURVE('',#4419,#4421,#676,.T.);
#5327=EDGE_CURVE('',#4422,#4178,#677,.T.);
#5328=EDGE_CURVE('',#4423,#4422,#678,.F.);
#5329=EDGE_CURVE('',#4179,#4423,#679,.T.);
#5330=EDGE_CURVE('',#4424,#4425,#680,.F.);
#5331=EDGE_CURVE('',#4141,#4424,#681,.T.);
#5332=EDGE_CURVE('',#4425,#4140,#682,.T.);
#5333=EDGE_CURVE('',#4424,#4404,#2575,.T.);
#5334=EDGE_CURVE('',#4426,#4427,#683,.T.);
#5335=EDGE_CURVE('',#4428,#4427,#684,.T.);
#5336=EDGE_CURVE('',#4429,#4428,#685,.F.);
#5337=EDGE_CURVE('',#4426,#4429,#686,.T.);
#5338=EDGE_CURVE('',#4427,#4405,#2576,.T.);
#5339=EDGE_CURVE('',#4408,#4428,#2577,.T.);
#5340=EDGE_CURVE('',#4409,#4429,#2578,.T.);
#5341=EDGE_CURVE('',#4428,#4411,#2579,.T.);
#5342=EDGE_CURVE('',#4430,#4431,#687,.F.);
#5343=EDGE_CURVE('',#4432,#4430,#688,.F.);
#5344=EDGE_CURVE('',#4431,#4432,#689,.F.);
#5345=EDGE_CURVE('',#4430,#4416,#2580,.T.);
#5346=EDGE_CURVE('',#4417,#4432,#2581,.T.);
#5347=EDGE_CURVE('',#4413,#4431,#2582,.T.);
#5348=EDGE_CURVE('',#4432,#4414,#2583,.T.);
#5349=EDGE_CURVE('',#4433,#4434,#690,.T.);
#5350=EDGE_CURVE('',#4435,#4434,#691,.T.);
#5351=EDGE_CURVE('',#4436,#4435,#692,.F.);
#5352=EDGE_CURVE('',#4433,#4436,#693,.T.);
#5353=EDGE_CURVE('',#4437,#4438,#694,.F.);
#5354=EDGE_CURVE('',#4439,#4437,#695,.T.);
#5355=EDGE_CURVE('',#4439,#4440,#696,.T.);
#5356=EDGE_CURVE('',#4438,#4440,#697,.T.);
#5357=EDGE_CURVE('',#4163,#4441,#698,.F.);
#5358=EDGE_CURVE('',#4442,#4163,#699,.F.);
#5359=EDGE_CURVE('',#4441,#4442,#700,.F.);
#5360=EDGE_CURVE('',#4416,#4442,#2584,.T.);
#5361=EDGE_CURVE('',#4443,#4444,#701,.F.);
#5362=EDGE_CURVE('',#4445,#4443,#702,.F.);
#5363=EDGE_CURVE('',#4444,#4445,#703,.F.);
#5364=EDGE_CURVE('',#4446,#4447,#704,.F.);
#5365=EDGE_CURVE('',#4175,#4446,#705,.T.);
#5366=EDGE_CURVE('',#4447,#4174,#706,.T.);
#5367=EDGE_CURVE('',#4177,#4448,#707,.T.);
#5368=EDGE_CURVE('',#4448,#4422,#2585,.T.);
#5369=EDGE_CURVE('',#4176,#4449,#708,.T.);
#5370=EDGE_CURVE('',#4449,#4448,#709,.T.);
#5371=EDGE_CURVE('',#4446,#4449,#2586,.T.);
#5372=EDGE_CURVE('',#4450,#4451,#710,.T.);
#5373=EDGE_CURVE('',#4452,#4451,#711,.T.);
#5374=EDGE_CURVE('',#4453,#4452,#712,.F.);
#5375=EDGE_CURVE('',#4450,#4453,#713,.T.);
#5376=EDGE_CURVE('',#4454,#4455,#714,.F.);
#5377=EDGE_CURVE('',#4456,#4454,#715,.T.);
#5378=EDGE_CURVE('',#4456,#4457,#716,.T.);
#5379=EDGE_CURVE('',#4455,#4457,#717,.T.);
#5380=EDGE_CURVE('',#4458,#4459,#718,.T.);
#5381=EDGE_CURVE('',#4459,#4452,#2587,.T.);
#5382=EDGE_CURVE('',#4451,#4458,#2588,.T.);
#5383=EDGE_CURVE('',#4460,#4461,#719,.T.);
#5384=EDGE_CURVE('',#4461,#4459,#720,.T.);
#5385=EDGE_CURVE('',#4458,#4460,#721,.T.);
#5386=EDGE_CURVE('',#4454,#4461,#2589,.T.);
#5387=EDGE_CURVE('',#4460,#4456,#2590,.T.);
#5388=EDGE_CURVE('',#4180,#4462,#722,.F.);
#5389=EDGE_CURVE('',#4463,#4180,#723,.F.);
#5390=EDGE_CURVE('',#4462,#4463,#724,.F.);
#5391=EDGE_CURVE('',#4423,#4463,#2591,.T.);
#5392=EDGE_CURVE('',#4139,#4464,#725,.F.);
#5393=EDGE_CURVE('',#4465,#4139,#726,.F.);
#5394=EDGE_CURVE('',#4464,#4465,#727,.F.);
#5395=EDGE_CURVE('',#4466,#4467,#728,.F.);
#5396=EDGE_CURVE('',#4468,#4466,#729,.T.);
#5397=EDGE_CURVE('',#4468,#4469,#730,.T.);
#5398=EDGE_CURVE('',#4467,#4469,#731,.T.);
#5399=EDGE_CURVE('',#4470,#4471,#732,.F.);
#5400=EDGE_CURVE('',#4472,#4470,#733,.F.);
#5401=EDGE_CURVE('',#4471,#4472,#734,.F.);
#5402=EDGE_CURVE('',#4473,#4474,#735,.F.);
#5403=EDGE_CURVE('',#4475,#4473,#736,.T.);
#5404=EDGE_CURVE('',#4475,#4476,#737,.T.);
#5405=EDGE_CURVE('',#4474,#4476,#738,.T.);
#5406=EDGE_CURVE('',#4477,#4478,#739,.F.);
#5407=EDGE_CURVE('',#4479,#4477,#740,.F.);
#5408=EDGE_CURVE('',#4478,#4479,#741,.F.);
#5409=EDGE_CURVE('',#4431,#4479,#2592,.T.);
#5410=EDGE_CURVE('',#4477,#4430,#2593,.T.);
#5411=EDGE_CURVE('',#4480,#4481,#742,.F.);
#5412=EDGE_CURVE('',#4482,#4480,#743,.T.);
#5413=EDGE_CURVE('',#4482,#4483,#744,.T.);
#5414=EDGE_CURVE('',#4481,#4483,#745,.T.);
#5415=EDGE_CURVE('',#4484,#4485,#746,.F.);
#5416=EDGE_CURVE('',#4486,#4484,#747,.F.);
#5417=EDGE_CURVE('',#4485,#4486,#748,.F.);
#5418=EDGE_CURVE('',#4487,#4488,#749,.F.);
#5419=EDGE_CURVE('',#4489,#4487,#750,.F.);
#5420=EDGE_CURVE('',#4488,#4489,#751,.F.);
#5421=EDGE_CURVE('',#4490,#4491,#752,.F.);
#5422=EDGE_CURVE('',#4165,#4490,#753,.T.);
#5423=EDGE_CURVE('',#4491,#4164,#754,.T.);
#5424=EDGE_CURVE('',#4492,#4172,#755,.T.);
#5425=EDGE_CURVE('',#4493,#4492,#756,.F.);
#5426=EDGE_CURVE('',#4173,#4493,#757,.T.);
#5427=EDGE_CURVE('',#4494,#4495,#758,.F.);
#5428=EDGE_CURVE('',#4496,#4494,#759,.T.);
#5429=EDGE_CURVE('',#4496,#4497,#760,.T.);
#5430=EDGE_CURVE('',#4495,#4497,#761,.T.);
#5431=EDGE_CURVE('',#4498,#4499,#762,.F.);
#5432=EDGE_CURVE('',#4500,#4498,#763,.F.);
#5433=EDGE_CURVE('',#4499,#4500,#764,.F.);
#5434=EDGE_CURVE('',#4463,#4500,#2594,.T.);
#5435=EDGE_CURVE('',#4498,#4462,#2595,.T.);
#5436=EDGE_CURVE('',#4500,#4455,#2596,.T.);
#5437=EDGE_CURVE('',#4457,#4499,#2597,.T.);
#5438=EDGE_CURVE('',#4181,#4501,#765,.F.);
#5439=EDGE_CURVE('',#4502,#4181,#766,.F.);
#5440=EDGE_CURVE('',#4501,#4502,#767,.F.);
#5441=EDGE_CURVE('',#4462,#4502,#2598,.T.);
#5442=EDGE_CURVE('',#4138,#4503,#768,.F.);
#5443=EDGE_CURVE('',#4504,#4138,#769,.F.);
#5444=EDGE_CURVE('',#4503,#4504,#770,.F.);
#5445=EDGE_CURVE('',#4505,#4506,#771,.F.);
#5446=EDGE_CURVE('',#4507,#4505,#772,.F.);
#5447=EDGE_CURVE('',#4506,#4507,#773,.F.);
#5448=EDGE_CURVE('',#4508,#4509,#774,.F.);
#5449=EDGE_CURVE('',#4510,#4508,#775,.T.);
#5450=EDGE_CURVE('',#4510,#4511,#776,.T.);
#5451=EDGE_CURVE('',#4509,#4511,#777,.T.);
#5452=EDGE_CURVE('',#4512,#4513,#778,.F.);
#5453=EDGE_CURVE('',#4514,#4512,#779,.F.);
#5454=EDGE_CURVE('',#4513,#4514,#780,.F.);
#5455=EDGE_CURVE('',#4512,#4503,#2599,.T.);
#5456=EDGE_CURVE('',#4504,#4514,#2600,.T.);
#5457=EDGE_CURVE('',#4515,#4516,#781,.T.);
#5458=EDGE_CURVE('',#4517,#4516,#782,.T.);
#5459=EDGE_CURVE('',#4518,#4517,#783,.F.);
#5460=EDGE_CURVE('',#4515,#4518,#784,.T.);
#5461=EDGE_CURVE('',#4519,#4520,#785,.F.);
#5462=EDGE_CURVE('',#4521,#4519,#786,.F.);
#5463=EDGE_CURVE('',#4520,#4521,#787,.F.);
#5464=EDGE_CURVE('',#4522,#4523,#788,.T.);
#5465=EDGE_CURVE('',#4524,#4523,#789,.T.);
#5466=EDGE_CURVE('',#4525,#4524,#790,.F.);
#5467=EDGE_CURVE('',#4522,#4525,#791,.T.);
#5468=EDGE_CURVE('',#4526,#4527,#792,.F.);
#5469=EDGE_CURVE('',#4528,#4526,#793,.F.);
#5470=EDGE_CURVE('',#4527,#4528,#794,.F.);
#5471=EDGE_CURVE('',#4529,#4530,#795,.F.);
#5472=EDGE_CURVE('',#4167,#4529,#796,.T.);
#5473=EDGE_CURVE('',#4530,#4166,#797,.T.);
#5474=EDGE_CURVE('',#4171,#4531,#798,.F.);
#5475=EDGE_CURVE('',#4532,#4171,#799,.F.);
#5476=EDGE_CURVE('',#4531,#4532,#800,.F.);
#5477=EDGE_CURVE('',#4533,#4534,#801,.F.);
#5478=EDGE_CURVE('',#4535,#4533,#802,.F.);
#5479=EDGE_CURVE('',#4534,#4535,#803,.F.);
#5480=EDGE_CURVE('',#4494,#4535,#2601,.T.);
#5481=EDGE_CURVE('',#4533,#4496,#2602,.T.);
#5482=EDGE_CURVE('',#4532,#4534,#2603,.T.);
#5483=EDGE_CURVE('',#4535,#4531,#2604,.T.);
#5484=EDGE_CURVE('',#4536,#4537,#804,.F.);
#5485=EDGE_CURVE('',#4538,#4536,#805,.F.);
#5486=EDGE_CURVE('',#4537,#4538,#806,.F.);
#5487=EDGE_CURVE('',#4536,#4498,#2605,.T.);
#5488=EDGE_CURVE('',#4499,#4538,#2606,.T.);
#5489=EDGE_CURVE('',#4539,#4182,#807,.T.);
#5490=EDGE_CURVE('',#4540,#4539,#808,.F.);
#5491=EDGE_CURVE('',#4183,#4540,#809,.T.);
#5492=EDGE_CURVE('',#4501,#4539,#2607,.T.);
#5493=EDGE_CURVE('',#4541,#4542,#810,.F.);
#5494=EDGE_CURVE('',#4137,#4541,#811,.T.);
#5495=EDGE_CURVE('',#4542,#4136,#812,.T.);
#5496=EDGE_CURVE('',#4541,#4504,#2608,.T.);
#5497=EDGE_CURVE('',#4543,#4544,#813,.F.);
#5498=EDGE_CURVE('',#4545,#4543,#814,.F.);
#5499=EDGE_CURVE('',#4544,#4545,#815,.F.);
#5500=EDGE_CURVE('',#4546,#4547,#816,.T.);
#5501=EDGE_CURVE('',#4548,#4547,#817,.T.);
#5502=EDGE_CURVE('',#4549,#4548,#818,.F.);
#5503=EDGE_CURVE('',#4546,#4549,#819,.T.);
#5504=EDGE_CURVE('',#4547,#4513,#2609,.T.);
#5505=EDGE_CURVE('',#4514,#4548,#2610,.T.);
#5506=EDGE_CURVE('',#4519,#4549,#2611,.T.);
#5507=EDGE_CURVE('',#4548,#4521,#2612,.T.);
#5508=EDGE_CURVE('',#4550,#4551,#820,.F.);
#5509=EDGE_CURVE('',#4552,#4550,#821,.F.);
#5510=EDGE_CURVE('',#4551,#4552,#822,.F.);
#5511=EDGE_CURVE('',#4553,#4554,#823,.T.);
#5512=EDGE_CURVE('',#4555,#4554,#824,.T.);
#5513=EDGE_CURVE('',#4556,#4555,#825,.F.);
#5514=EDGE_CURVE('',#4553,#4556,#826,.T.);
#5515=EDGE_CURVE('',#4168,#4557,#827,.F.);
#5516=EDGE_CURVE('',#4558,#4168,#828,.F.);
#5517=EDGE_CURVE('',#4557,#4558,#829,.F.);
#5518=EDGE_CURVE('',#4529,#4558,#2613,.T.);
#5519=EDGE_CURVE('',#4559,#4560,#830,.F.);
#5520=EDGE_CURVE('',#4170,#4559,#831,.F.);
#5521=EDGE_CURVE('',#4560,#4170,#832,.F.);
#5522=EDGE_CURVE('',#4559,#4532,#2614,.T.);
#5523=EDGE_CURVE('',#4561,#4562,#833,.F.);
#5524=EDGE_CURVE('',#4563,#4561,#834,.F.);
#5525=EDGE_CURVE('',#4562,#4563,#835,.F.);
#5526=EDGE_CURVE('',#4564,#4565,#836,.T.);
#5527=EDGE_CURVE('',#4231,#4564,#837,.F.);
#5528=EDGE_CURVE('',#4230,#4565,#838,.T.);
#5529=EDGE_CURVE('',#4566,#4567,#839,.F.);
#5530=EDGE_CURVE('',#4568,#4566,#840,.T.);
#5531=EDGE_CURVE('',#4568,#4569,#841,.T.);
#5532=EDGE_CURVE('',#4567,#4569,#842,.T.);
#5533=EDGE_CURVE('',#4566,#4537,#2615,.T.);
#5534=EDGE_CURVE('',#4538,#4568,#2616,.T.);
#5535=EDGE_CURVE('',#4570,#4186,#843,.T.);
#5536=EDGE_CURVE('',#4571,#4570,#844,.F.);
#5537=EDGE_CURVE('',#4187,#4571,#845,.T.);
#5538=EDGE_CURVE('',#4185,#4572,#846,.T.);
#5539=EDGE_CURVE('',#4572,#4570,#2617,.T.);
#5540=EDGE_CURVE('',#4184,#4573,#847,.T.);
#5541=EDGE_CURVE('',#4573,#4572,#848,.T.);
#5542=EDGE_CURVE('',#4540,#4573,#2618,.T.);
#5543=EDGE_CURVE('',#4574,#4575,#849,.F.);
#5544=EDGE_CURVE('',#4135,#4574,#850,.T.);
#5545=EDGE_CURVE('',#4575,#4134,#851,.T.);
#5546=EDGE_CURVE('',#4574,#4542,#2619,.T.);
#5547=EDGE_CURVE('',#4576,#4577,#852,.T.);
#5548=EDGE_CURVE('',#4578,#4577,#853,.T.);
#5549=EDGE_CURVE('',#4579,#4578,#854,.F.);
#5550=EDGE_CURVE('',#4576,#4579,#855,.T.);
#5551=EDGE_CURVE('',#4577,#4546,#2620,.T.);
#5552=EDGE_CURVE('',#4549,#4578,#2621,.T.);
#5553=EDGE_CURVE('',#4550,#4579,#2622,.T.);
#5554=EDGE_CURVE('',#4578,#4552,#2623,.T.);
#5555=EDGE_CURVE('',#4580,#4581,#856,.F.);
#5556=EDGE_CURVE('',#4582,#4580,#857,.F.);
#5557=EDGE_CURVE('',#4581,#4582,#858,.F.);
#5558=EDGE_CURVE('',#4580,#4557,#2624,.T.);
#5559=EDGE_CURVE('',#4558,#4582,#2625,.T.);
#5560=EDGE_CURVE('',#4554,#4581,#2626,.T.);
#5561=EDGE_CURVE('',#4582,#4555,#2627,.T.);
#5562=EDGE_CURVE('',#4583,#4169,#859,.F.);
#5563=EDGE_CURVE('',#4584,#4583,#860,.F.);
#5564=EDGE_CURVE('',#4169,#4584,#861,.F.);
#5565=EDGE_CURVE('',#4585,#4586,#862,.T.);
#5566=EDGE_CURVE('',#4587,#4586,#863,.T.);
#5567=EDGE_CURVE('',#4588,#4587,#864,.F.);
#5568=EDGE_CURVE('',#4585,#4588,#865,.T.);
#5569=EDGE_CURVE('',#4589,#4590,#866,.F.);
#5570=EDGE_CURVE('',#4591,#4589,#867,.T.);
#5571=EDGE_CURVE('',#4591,#4592,#868,.T.);
#5572=EDGE_CURVE('',#4590,#4592,#869,.T.);
#5573=EDGE_CURVE('',#4593,#4594,#870,.T.);
#5574=EDGE_CURVE('',#4594,#4567,#2628,.T.);
#5575=EDGE_CURVE('',#4569,#4593,#2629,.T.);
#5576=EDGE_CURVE('',#4595,#4596,#871,.T.);
#5577=EDGE_CURVE('',#4596,#4594,#872,.T.);
#5578=EDGE_CURVE('',#4593,#4595,#873,.T.);
#5579=EDGE_CURVE('',#4589,#4596,#2630,.T.);
#5580=EDGE_CURVE('',#4595,#4591,#2631,.T.);
#5581=EDGE_CURVE('',#4597,#4598,#874,.F.);
#5582=EDGE_CURVE('',#4128,#4597,#875,.T.);
#5583=EDGE_CURVE('',#4598,#4129,#876,.T.);
#5584=EDGE_CURVE('',#4133,#4599,#877,.F.);
#5585=EDGE_CURVE('',#4600,#4133,#878,.F.);
#5586=EDGE_CURVE('',#4599,#4600,#879,.F.);
#5587=EDGE_CURVE('',#4601,#4602,#880,.F.);
#5588=EDGE_CURVE('',#4603,#4601,#881,.F.);
#5589=EDGE_CURVE('',#4602,#4603,#882,.F.);
#5590=EDGE_CURVE('',#4604,#4605,#883,.F.);
#5591=EDGE_CURVE('',#4606,#4604,#884,.F.);
#5592=EDGE_CURVE('',#4605,#4606,#885,.F.);
#5593=EDGE_CURVE('',#4581,#4606,#2632,.T.);
#5594=EDGE_CURVE('',#4604,#4580,#2633,.T.);
#5595=EDGE_CURVE('',#4607,#4229,#886,.F.);
#5596=EDGE_CURVE('',#4226,#4607,#887,.F.);
#5597=EDGE_CURVE('',#4608,#4609,#888,.T.);
#5598=EDGE_CURVE('',#4610,#4609,#889,.T.);
#5599=EDGE_CURVE('',#4611,#4610,#890,.F.);
#5600=EDGE_CURVE('',#4608,#4611,#891,.T.);
#5601=EDGE_CURVE('',#4130,#4612,#892,.F.);
#5602=EDGE_CURVE('',#4613,#4130,#893,.F.);
#5603=EDGE_CURVE('',#4612,#4613,#894,.F.);
#5604=EDGE_CURVE('',#4597,#4613,#2634,.T.);
#5605=EDGE_CURVE('',#4614,#4132,#895,.F.);
#5606=EDGE_CURVE('',#4615,#4614,#896,.F.);
#5607=EDGE_CURVE('',#4132,#4615,#897,.F.);
#5608=EDGE_CURVE('',#4616,#4617,#898,.F.);
#5609=EDGE_CURVE('',#4618,#4616,#899,.F.);
#5610=EDGE_CURVE('',#4617,#4618,#900,.F.);
#5611=EDGE_CURVE('',#4616,#4615,#2635,.T.);
#5612=EDGE_CURVE('',#4614,#4618,#2636,.T.);
#5613=EDGE_CURVE('',#4619,#4227,#901,.F.);
#5614=EDGE_CURVE('',#4620,#4619,#902,.F.);
#5615=EDGE_CURVE('',#4227,#4620,#903,.F.);
#5616=EDGE_CURVE('',#4619,#4605,#2637,.T.);
#5617=EDGE_CURVE('',#4606,#4620,#2638,.T.);
#5618=EDGE_CURVE('',#4621,#4622,#904,.F.);
#5619=EDGE_CURVE('',#4623,#4621,#905,.F.);
#5620=EDGE_CURVE('',#4622,#4623,#906,.F.);
#5621=EDGE_CURVE('',#4613,#4623,#2639,.T.);
#5622=EDGE_CURVE('',#4621,#4612,#2640,.T.);
#5623=EDGE_CURVE('',#4623,#4610,#2641,.T.);
#5624=EDGE_CURVE('',#4609,#4622,#2642,.T.);
#5625=EDGE_CURVE('',#4131,#4624,#907,.F.);
#5626=EDGE_CURVE('',#4625,#4131,#908,.F.);
#5627=EDGE_CURVE('',#4624,#4625,#909,.F.);
#5628=EDGE_CURVE('',#4612,#4625,#2643,.T.);
#5629=EDGE_CURVE('',#4626,#4627,#910,.F.);
#5630=EDGE_CURVE('',#4228,#4626,#911,.F.);
#5631=EDGE_CURVE('',#4627,#4228,#912,.F.);
#5632=EDGE_CURVE('',#4628,#4629,#913,.F.);
#5633=EDGE_CURVE('',#4630,#4628,#914,.F.);
#5634=EDGE_CURVE('',#4629,#4630,#915,.F.);
#5635=EDGE_CURVE('',#4625,#4630,#2644,.T.);
#5636=EDGE_CURVE('',#4628,#4624,#2645,.T.);
#5637=EDGE_CURVE('',#4630,#4621,#2646,.T.);
#5638=EDGE_CURVE('',#4622,#4629,#2647,.T.);
#5639=EDGE_CURVE('',#4631,#4224,#916,.F.);
#5640=EDGE_CURVE('',#4225,#4631,#917,.F.);
#5641=EDGE_CURVE('',#4632,#4633,#918,.T.);
#5642=EDGE_CURVE('',#4634,#4633,#919,.T.);
#5643=EDGE_CURVE('',#4635,#4634,#920,.F.);
#5644=EDGE_CURVE('',#4632,#4635,#921,.T.);
#5645=EDGE_CURVE('',#4636,#4637,#922,.T.);
#5646=EDGE_CURVE('',#4637,#4634,#2648,.T.);
#5647=EDGE_CURVE('',#4633,#4636,#2649,.T.);
#5648=EDGE_CURVE('',#4638,#4639,#923,.T.);
#5649=EDGE_CURVE('',#4639,#4637,#924,.T.);
#5650=EDGE_CURVE('',#4636,#4638,#925,.T.);
#5651=EDGE_CURVE('',#4629,#4639,#2650,.T.);
#5652=EDGE_CURVE('',#4638,#4628,#2651,.T.);
#5653=EDGE_CURVE('',#4640,#4223,#926,.F.);
#5654=EDGE_CURVE('',#4221,#4640,#927,.T.);
#5655=EDGE_CURVE('',#4222,#4641,#928,.T.);
#5656=EDGE_CURVE('',#4641,#4216,#929,.T.);
#5657=EDGE_CURVE('',#4640,#4641,#2652,.T.);
#5658=EDGE_CURVE('',#4634,#4640,#2653,.T.);
#5659=EDGE_CURVE('',#4223,#4635,#2654,.T.);
#5660=EDGE_CURVE('',#4635,#4225,#2655,.T.);
#5661=EDGE_CURVE('',#4631,#4632,#2656,.T.);
#5662=EDGE_CURVE('',#4626,#4631,#2657,.T.);
#5663=EDGE_CURVE('',#4620,#4627,#2658,.T.);
#5664=EDGE_CURVE('',#4627,#4617,#2659,.T.);
#5665=EDGE_CURVE('',#4618,#4626,#2660,.T.);
#5666=EDGE_CURVE('',#4624,#4614,#2661,.T.);
#5667=EDGE_CURVE('',#4607,#4619,#2662,.T.);
#5668=EDGE_CURVE('',#4617,#4603,#2663,.T.);
#5669=EDGE_CURVE('',#4601,#4616,#2664,.T.);
#5670=EDGE_CURVE('',#4615,#4600,#2665,.T.);
#5671=EDGE_CURVE('',#4610,#4597,#2666,.T.);
#5672=EDGE_CURVE('',#4598,#4611,#2667,.T.);
#5673=EDGE_CURVE('',#4611,#4590,#930,.T.);
#5674=EDGE_CURVE('',#4592,#4608,#931,.T.);
#5675=EDGE_CURVE('',#4586,#4607,#2668,.T.);
#5676=EDGE_CURVE('',#4229,#4587,#2669,.T.);
#5677=EDGE_CURVE('',#4605,#4584,#2670,.T.);
#5678=EDGE_CURVE('',#4583,#4604,#2671,.T.);
#5679=EDGE_CURVE('',#4603,#4576,#2672,.T.);
#5680=EDGE_CURVE('',#4579,#4602,#2673,.T.);
#5681=EDGE_CURVE('',#4600,#4601,#2674,.T.);
#5682=EDGE_CURVE('',#4602,#4599,#2675,.T.);
#5683=EDGE_CURVE('',#4599,#4575,#2676,.T.);
#5684=EDGE_CURVE('',#4571,#4598,#932,.T.);
#5685=EDGE_CURVE('',#4570,#4589,#2677,.T.);
#5686=EDGE_CURVE('',#4590,#4571,#2678,.T.);
#5687=EDGE_CURVE('',#4564,#4588,#2679,.T.);
#5688=EDGE_CURVE('',#4587,#4231,#2680,.T.);
#5689=EDGE_CURVE('',#4642,#4643,#933,.T.);
#5690=EDGE_CURVE('',#4643,#4585,#2681,.T.);
#5691=EDGE_CURVE('',#4588,#4642,#2682,.T.);
#5692=EDGE_CURVE('',#4644,#4645,#934,.T.);
#5693=EDGE_CURVE('',#4645,#4643,#935,.T.);
#5694=EDGE_CURVE('',#4642,#4644,#936,.T.);
#5695=EDGE_CURVE('',#4561,#4645,#2683,.T.);
#5696=EDGE_CURVE('',#4644,#4563,#2684,.T.);
#5697=EDGE_CURVE('',#4584,#4560,#2685,.T.);
#5698=EDGE_CURVE('',#4557,#4583,#2686,.T.);
#5699=EDGE_CURVE('',#4543,#4574,#2687,.T.);
#5700=EDGE_CURVE('',#4575,#4545,#2688,.T.);
#5701=EDGE_CURVE('',#4539,#4566,#2689,.T.);
#5702=EDGE_CURVE('',#4567,#4540,#2690,.T.);
#5703=EDGE_CURVE('',#4646,#4647,#937,.T.);
#5704=EDGE_CURVE('',#4647,#4564,#2691,.T.);
#5705=EDGE_CURVE('',#4565,#4646,#2692,.T.);
#5706=EDGE_CURVE('',#4197,#4647,#938,.T.);
#5707=EDGE_CURVE('',#4646,#4196,#939,.T.);
#5708=EDGE_CURVE('',#4534,#4562,#2693,.T.);
#5709=EDGE_CURVE('',#4563,#4533,#2694,.T.);
#5710=EDGE_CURVE('',#4560,#4561,#2695,.T.);
#5711=EDGE_CURVE('',#4562,#4559,#2696,.T.);
#5712=EDGE_CURVE('',#4526,#4556,#2697,.T.);
#5713=EDGE_CURVE('',#4555,#4528,#2698,.T.);
#5714=EDGE_CURVE('',#4523,#4553,#2699,.T.);
#5715=EDGE_CURVE('',#4556,#4524,#2700,.T.);
#5716=EDGE_CURVE('',#4520,#4551,#2701,.T.);
#5717=EDGE_CURVE('',#4552,#4519,#2702,.T.);
#5718=EDGE_CURVE('',#4551,#4517,#2703,.T.);
#5719=EDGE_CURVE('',#4516,#4550,#2704,.T.);
#5720=EDGE_CURVE('',#4545,#4510,#2705,.T.);
#5721=EDGE_CURVE('',#4508,#4544,#2706,.T.);
#5722=EDGE_CURVE('',#4507,#4543,#2707,.T.);
#5723=EDGE_CURVE('',#4544,#4506,#2708,.T.);
#5724=EDGE_CURVE('',#4505,#4541,#2709,.T.);
#5725=EDGE_CURVE('',#4542,#4507,#2710,.T.);
#5726=EDGE_CURVE('',#4502,#4536,#2711,.T.);
#5727=EDGE_CURVE('',#4537,#4501,#2712,.T.);
#5728=EDGE_CURVE('',#4531,#4492,#2713,.T.);
#5729=EDGE_CURVE('',#4490,#4530,#2714,.T.);
#5730=EDGE_CURVE('',#4487,#4529,#2715,.T.);
#5731=EDGE_CURVE('',#4530,#4489,#2716,.T.);
#5732=EDGE_CURVE('',#4480,#4527,#2717,.T.);
#5733=EDGE_CURVE('',#4528,#4482,#2718,.T.);
#5734=EDGE_CURVE('',#4527,#4485,#2719,.T.);
#5735=EDGE_CURVE('',#4486,#4526,#2720,.T.);
#5736=EDGE_CURVE('',#4484,#4525,#2721,.T.);
#5737=EDGE_CURVE('',#4524,#4486,#2722,.T.);
#5738=EDGE_CURVE('',#4479,#4522,#2723,.T.);
#5739=EDGE_CURVE('',#4525,#4478,#2724,.T.);
#5740=EDGE_CURVE('',#4473,#4520,#2725,.T.);
#5741=EDGE_CURVE('',#4521,#4475,#2726,.T.);
#5742=EDGE_CURVE('',#4517,#4473,#2727,.T.);
#5743=EDGE_CURVE('',#4474,#4518,#2728,.T.);
#5744=EDGE_CURVE('',#4518,#4509,#2729,.T.);
#5745=EDGE_CURVE('',#4511,#4515,#2730,.T.);
#5746=EDGE_CURVE('',#4513,#4472,#2731,.T.);
#5747=EDGE_CURVE('',#4470,#4512,#2732,.T.);
#5748=EDGE_CURVE('',#4467,#4508,#2733,.T.);
#5749=EDGE_CURVE('',#4509,#4466,#2734,.T.);
#5750=EDGE_CURVE('',#4469,#4505,#2735,.T.);
#5751=EDGE_CURVE('',#4506,#4467,#2736,.T.);
#5752=EDGE_CURVE('',#4503,#4465,#2737,.T.);
#5753=EDGE_CURVE('',#4497,#4450,#940,.T.);
#5754=EDGE_CURVE('',#4453,#4495,#941,.T.);
#5755=EDGE_CURVE('',#4492,#4494,#2738,.T.);
#5756=EDGE_CURVE('',#4495,#4493,#2739,.T.);
#5757=EDGE_CURVE('',#4493,#4447,#942,.T.);
#5758=EDGE_CURVE('',#4441,#4491,#2740,.T.);
#5759=EDGE_CURVE('',#4443,#4490,#2741,.T.);
#5760=EDGE_CURVE('',#4491,#4445,#2742,.T.);
#5761=EDGE_CURVE('',#4489,#4443,#2743,.T.);
#5762=EDGE_CURVE('',#4444,#4488,#2744,.T.);
#5763=EDGE_CURVE('',#4440,#4487,#2745,.T.);
#5764=EDGE_CURVE('',#4488,#4438,#2746,.T.);
#5765=EDGE_CURVE('',#4485,#4435,#2747,.T.);
#5766=EDGE_CURVE('',#4434,#4484,#2748,.T.);
#5767=EDGE_CURVE('',#4483,#4439,#2749,.T.);
#5768=EDGE_CURVE('',#4437,#4481,#2750,.T.);
#5769=EDGE_CURVE('',#4435,#4480,#2751,.T.);
#5770=EDGE_CURVE('',#4481,#4436,#2752,.T.);
#5771=EDGE_CURVE('',#4442,#4477,#2753,.T.);
#5772=EDGE_CURVE('',#4478,#4441,#2754,.T.);
#5773=EDGE_CURVE('',#4476,#4468,#2755,.T.);
#5774=EDGE_CURVE('',#4466,#4474,#2756,.T.);
#5775=EDGE_CURVE('',#4472,#4426,#2757,.T.);
#5776=EDGE_CURVE('',#4429,#4471,#2758,.T.);
#5777=EDGE_CURVE('',#4465,#4470,#2759,.T.);
#5778=EDGE_CURVE('',#4471,#4464,#2760,.T.);
#5779=EDGE_CURVE('',#4464,#4425,#2761,.T.);
#5780=EDGE_CURVE('',#4422,#4454,#2762,.T.);
#5781=EDGE_CURVE('',#4455,#4423,#2763,.T.);
#5782=EDGE_CURVE('',#4452,#4446,#2764,.T.);
#5783=EDGE_CURVE('',#4447,#4453,#2765,.T.);
#5784=EDGE_CURVE('',#4445,#4420,#2766,.T.);
#5785=EDGE_CURVE('',#4418,#4444,#2767,.T.);
#5786=EDGE_CURVE('',#4438,#4418,#2768,.T.);
#5787=EDGE_CURVE('',#4419,#4437,#2769,.T.);
#5788=EDGE_CURVE('',#4436,#4419,#2770,.T.);
#5789=EDGE_CURVE('',#4421,#4433,#2771,.T.);
#5790=EDGE_CURVE('',#4400,#4424,#2772,.T.);
#5791=EDGE_CURVE('',#4425,#4402,#2773,.T.);
#5792=EDGE_CURVE('',#4395,#4415,#2774,.T.);
#5793=EDGE_CURVE('',#4414,#4397,#2775,.T.);
#5794=EDGE_CURVE('',#4392,#4412,#2776,.T.);
#5795=EDGE_CURVE('',#4415,#4393,#2777,.T.);
#5796=EDGE_CURVE('',#4385,#4410,#2778,.T.);
#5797=EDGE_CURVE('',#4411,#4384,#2779,.T.);
#5798=EDGE_CURVE('',#4410,#4389,#2780,.T.);
#5799=EDGE_CURVE('',#4388,#4409,#2781,.T.);
#5800=EDGE_CURVE('',#4378,#4403,#2782,.T.);
#5801=EDGE_CURVE('',#4404,#4380,#2783,.T.);
#5802=EDGE_CURVE('',#4402,#4374,#2784,.T.);
#5803=EDGE_CURVE('',#4372,#4401,#2785,.T.);
#5804=EDGE_CURVE('',#4380,#4400,#2786,.T.);
#5805=EDGE_CURVE('',#4401,#4379,#2787,.T.);
#5806=EDGE_CURVE('',#4370,#4399,#2788,.T.);
#5807=EDGE_CURVE('',#4367,#4398,#2789,.T.);
#5808=EDGE_CURVE('',#4399,#4369,#2790,.T.);
#5809=EDGE_CURVE('',#4363,#4396,#2791,.T.);
#5810=EDGE_CURVE('',#4397,#4365,#2792,.T.);
#5811=EDGE_CURVE('',#4396,#4361,#2793,.T.);
#5812=EDGE_CURVE('',#4362,#4395,#2794,.T.);
#5813=EDGE_CURVE('',#4360,#4394,#2795,.T.);
#5814=EDGE_CURVE('',#4393,#4362,#2796,.T.);
#5815=EDGE_CURVE('',#4359,#4391,#2797,.T.);
#5816=EDGE_CURVE('',#4394,#4358,#2798,.T.);
#5817=EDGE_CURVE('',#4389,#4353,#2799,.T.);
#5818=EDGE_CURVE('',#4354,#4390,#2800,.T.);
#5819=EDGE_CURVE('',#4390,#4373,#2801,.T.);
#5820=EDGE_CURVE('',#4375,#4387,#2802,.T.);
#5821=EDGE_CURVE('',#4353,#4385,#2803,.T.);
#5822=EDGE_CURVE('',#4386,#4355,#2804,.T.);
#5823=EDGE_CURVE('',#4382,#4352,#2805,.T.);
#5824=EDGE_CURVE('',#4350,#4381,#2806,.T.);
#5825=EDGE_CURVE('',#4349,#4378,#2807,.T.);
#5826=EDGE_CURVE('',#4379,#4347,#2808,.T.);
#5827=EDGE_CURVE('',#4376,#4345,#2809,.T.);
#5828=EDGE_CURVE('',#4347,#4372,#2810,.T.);
#5829=EDGE_CURVE('',#4373,#4346,#2811,.T.);
#5830=EDGE_CURVE('',#4339,#4371,#2812,.T.);
#5831=EDGE_CURVE('',#4341,#4370,#2813,.T.);
#5832=EDGE_CURVE('',#4371,#4343,#2814,.T.);
#5833=EDGE_CURVE('',#4369,#4341,#2815,.T.);
#5834=EDGE_CURVE('',#4342,#4368,#2816,.T.);
#5835=EDGE_CURVE('',#4338,#4367,#2817,.T.);
#5836=EDGE_CURVE('',#4368,#4336,#2818,.T.);
#5837=EDGE_CURVE('',#4366,#4337,#2819,.T.);
#5838=EDGE_CURVE('',#4335,#4364,#2820,.T.);
#5839=EDGE_CURVE('',#4333,#4363,#2821,.T.);
#5840=EDGE_CURVE('',#4364,#4334,#2822,.T.);
#5841=EDGE_CURVE('',#4361,#4333,#2823,.T.);
#5842=EDGE_CURVE('',#4332,#4360,#2824,.T.);
#5843=EDGE_CURVE('',#4340,#4357,#2825,.T.);
#5844=EDGE_CURVE('',#4358,#4339,#2826,.T.);
#5845=EDGE_CURVE('',#4356,#4348,#2827,.T.);
#5846=EDGE_CURVE('',#4346,#4354,#2828,.T.);
#5847=EDGE_CURVE('',#4352,#4324,#2829,.T.);
#5848=EDGE_CURVE('',#4327,#4351,#2830,.T.);
#5849=EDGE_CURVE('',#4345,#4350,#2831,.T.);
#5850=EDGE_CURVE('',#4351,#4344,#2832,.T.);
#5851=EDGE_CURVE('',#4344,#4323,#2833,.T.);
#5852=EDGE_CURVE('',#4343,#4320,#2834,.T.);
#5853=EDGE_CURVE('',#4318,#4342,#2835,.T.);
#5854=EDGE_CURVE('',#4336,#4318,#2836,.T.);
#5855=EDGE_CURVE('',#4319,#4335,#2837,.T.);
#5856=EDGE_CURVE('',#4334,#4319,#2838,.T.);
#5857=EDGE_CURVE('',#4321,#4331,#2839,.T.);
#5858=EDGE_CURVE('',#4300,#4322,#2840,.T.);
#5859=EDGE_CURVE('',#4323,#4302,#2841,.T.);
#5860=EDGE_CURVE('',#4295,#4315,#2842,.T.);
#5861=EDGE_CURVE('',#4314,#4297,#2843,.T.);
#5862=EDGE_CURVE('',#4292,#4312,#2844,.T.);
#5863=EDGE_CURVE('',#4315,#4293,#2845,.T.);
#5864=EDGE_CURVE('',#4289,#4310,#2846,.T.);
#5865=EDGE_CURVE('',#4311,#4288,#2847,.T.);
#5866=EDGE_CURVE('',#4310,#4286,#2848,.T.);
#5867=EDGE_CURVE('',#4285,#4309,#2849,.T.);
#5868=EDGE_CURVE('',#4278,#4303,#2850,.T.);
#5869=EDGE_CURVE('',#4304,#4280,#2851,.T.);
#5870=EDGE_CURVE('',#4302,#4274,#2852,.T.);
#5871=EDGE_CURVE('',#4272,#4301,#2853,.T.);
#5872=EDGE_CURVE('',#4280,#4300,#2854,.T.);
#5873=EDGE_CURVE('',#4301,#4279,#2855,.T.);
#5874=EDGE_CURVE('',#4267,#4299,#2856,.T.);
#5875=EDGE_CURVE('',#4269,#4298,#2857,.T.);
#5876=EDGE_CURVE('',#4299,#4271,#2858,.T.);
#5877=EDGE_CURVE('',#4263,#4296,#2859,.T.);
#5878=EDGE_CURVE('',#4297,#4265,#2860,.T.);
#5879=EDGE_CURVE('',#4296,#4261,#2861,.T.);
#5880=EDGE_CURVE('',#4262,#4295,#2862,.T.);
#5881=EDGE_CURVE('',#4260,#4294,#2863,.T.);
#5882=EDGE_CURVE('',#4293,#4262,#2864,.T.);
#5883=EDGE_CURVE('',#4259,#4291,#2865,.T.);
#5884=EDGE_CURVE('',#4294,#4258,#2866,.T.);
#5885=EDGE_CURVE('',#4253,#4289,#2867,.T.);
#5886=EDGE_CURVE('',#4290,#4255,#2868,.T.);
#5887=EDGE_CURVE('',#4286,#4253,#2869,.T.);
#5888=EDGE_CURVE('',#4254,#4287,#2870,.T.);
#5889=EDGE_CURVE('',#4287,#4273,#2871,.T.);
#5890=EDGE_CURVE('',#4275,#4284,#2872,.T.);
#5891=EDGE_CURVE('',#4282,#4259,#2873,.T.);
#5892=EDGE_CURVE('',#4257,#4281,#2874,.T.);
#5893=EDGE_CURVE('',#4252,#4278,#2875,.T.);
#5894=EDGE_CURVE('',#4279,#4250,#2876,.T.);
#5895=EDGE_CURVE('',#4276,#4248,#2877,.T.);
#5896=EDGE_CURVE('',#4250,#4272,#2878,.T.);
#5897=EDGE_CURVE('',#4273,#4249,#2879,.T.);
#5898=EDGE_CURVE('',#4271,#4240,#2880,.T.);
#5899=EDGE_CURVE('',#4241,#4270,#2881,.T.);
#5900=EDGE_CURVE('',#4246,#4269,#2882,.T.);
#5901=EDGE_CURVE('',#4270,#4244,#2883,.T.);
#5902=EDGE_CURVE('',#4247,#4268,#2884,.T.);
#5903=EDGE_CURVE('',#4240,#4267,#2885,.T.);
#5904=EDGE_CURVE('',#4268,#4242,#2886,.T.);
#5905=EDGE_CURVE('',#4266,#4245,#2887,.T.);
#5906=EDGE_CURVE('',#4243,#4264,#2888,.T.);
#5907=EDGE_CURVE('',#4238,#4263,#2889,.T.);
#5908=EDGE_CURVE('',#4264,#4239,#2890,.T.);
#5909=EDGE_CURVE('',#4261,#4238,#2891,.T.);
#5910=EDGE_CURVE('',#4237,#4260,#2892,.T.);
#5911=EDGE_CURVE('',#4248,#4257,#2893,.T.);
#5912=EDGE_CURVE('',#4258,#4247,#2894,.T.);
#5913=EDGE_CURVE('',#4256,#4251,#2895,.T.);
#5914=EDGE_CURVE('',#4249,#4254,#2896,.T.);
#5915=EDGE_CURVE('',#4244,#4232,#2897,.T.);
#5916=EDGE_CURVE('',#4233,#4243,#2898,.T.);
#5917=EDGE_CURVE('',#4242,#4234,#2899,.T.);
#5918=EDGE_CURVE('',#4232,#4241,#2900,.T.);
#5919=EDGE_CURVE('',#4239,#4233,#2901,.T.);
#5920=EDGE_CURVE('',#4235,#4236,#2902,.T.);
#5921=EDGE_CURVE('',#4449,#4459,#2903,.T.);
#5922=EDGE_CURVE('',#4461,#4448,#2904,.T.);
#5923=EDGE_CURVE('',#4573,#4594,#2905,.T.);
#5924=EDGE_CURVE('',#4596,#4572,#2906,.T.);
#5925=EDGE_CURVE('',#4639,#4216,#2907,.T.);
#5926=EDGE_CURVE('',#4197,#4644,#2908,.T.);
#5927=EDGE_CURVE('',#4642,#4647,#2909,.T.);
#5928=EDGE_CURVE('',#4641,#4637,#2910,.T.);
#5929=EDGE_CURVE('',#4648,#4649,#2911,.T.);
#5930=EDGE_CURVE('',#4649,#4650,#2912,.T.);
#5931=EDGE_CURVE('',#4650,#4651,#2913,.T.);
#5932=EDGE_CURVE('',#4651,#4648,#2914,.T.);
#5933=EDGE_CURVE('',#4652,#4651,#2915,.T.);
#5934=EDGE_CURVE('',#4653,#4652,#2916,.T.);
#5935=EDGE_CURVE('',#4648,#4653,#2917,.T.);
#5936=EDGE_CURVE('',#4650,#4654,#2918,.T.);
#5937=EDGE_CURVE('',#4654,#4652,#2919,.T.);
#5938=EDGE_CURVE('',#4654,#4655,#2920,.T.);
#5939=EDGE_CURVE('',#4653,#4655,#2921,.T.);
#5940=EDGE_CURVE('',#4655,#4649,#2922,.T.);
#5941=EDGE_CURVE('',#4656,#4649,#2923,.T.);
#5942=EDGE_CURVE('',#4657,#4656,#2924,.T.);
#5943=EDGE_CURVE('',#4657,#4650,#2925,.T.);
#5944=EDGE_CURVE('',#4658,#4655,#2926,.T.);
#5945=EDGE_CURVE('',#4656,#4658,#2927,.T.);
#5946=EDGE_CURVE('',#4659,#4660,#2928,.T.);
#5947=EDGE_CURVE('',#4660,#4657,#2929,.T.);
#5948=EDGE_CURVE('',#4657,#4661,#2930,.T.);
#5949=EDGE_CURVE('',#4661,#4659,#2931,.T.);
#5950=EDGE_CURVE('',#4662,#4661,#2932,.T.);
#5951=EDGE_CURVE('',#4663,#4662,#2933,.T.);
#5952=EDGE_CURVE('',#4659,#4663,#2934,.T.);
#5953=EDGE_CURVE('',#4656,#4662,#2935,.T.);
#5954=EDGE_CURVE('',#4658,#4663,#2936,.T.);
#5955=EDGE_CURVE('',#4658,#4660,#2937,.T.);
#5956=EDGE_CURVE('',#4660,#4654,#2938,.T.);
#5957=EDGE_CURVE('',#4664,#4665,#2939,.T.);
#5958=EDGE_CURVE('',#4665,#4666,#2940,.T.);
#5959=EDGE_CURVE('',#4666,#4667,#2941,.T.);
#5960=EDGE_CURVE('',#4667,#4664,#2942,.T.);
#5961=EDGE_CURVE('',#4668,#4667,#2943,.T.);
#5962=EDGE_CURVE('',#4669,#4668,#2944,.T.);
#5963=EDGE_CURVE('',#4664,#4669,#2945,.T.);
#5964=EDGE_CURVE('',#4666,#4670,#2946,.T.);
#5965=EDGE_CURVE('',#4670,#4668,#2947,.T.);
#5966=EDGE_CURVE('',#4670,#4671,#2948,.T.);
#5967=EDGE_CURVE('',#4669,#4671,#2949,.T.);
#5968=EDGE_CURVE('',#4671,#4665,#2950,.T.);
#5969=EDGE_CURVE('',#4672,#4665,#2951,.T.);
#5970=EDGE_CURVE('',#4673,#4672,#2952,.T.);
#5971=EDGE_CURVE('',#4673,#4666,#2953,.T.);
#5972=EDGE_CURVE('',#4674,#4671,#2954,.T.);
#5973=EDGE_CURVE('',#4672,#4674,#2955,.T.);
#5974=EDGE_CURVE('',#4675,#4676,#2956,.T.);
#5975=EDGE_CURVE('',#4676,#4673,#2957,.T.);
#5976=EDGE_CURVE('',#4673,#4677,#2958,.T.);
#5977=EDGE_CURVE('',#4677,#4675,#2959,.T.);
#5978=EDGE_CURVE('',#4678,#4677,#2960,.T.);
#5979=EDGE_CURVE('',#4679,#4678,#2961,.T.);
#5980=EDGE_CURVE('',#4675,#4679,#2962,.T.);
#5981=EDGE_CURVE('',#4672,#4678,#2963,.T.);
#5982=EDGE_CURVE('',#4674,#4679,#2964,.T.);
#5983=EDGE_CURVE('',#4674,#4676,#2965,.T.);
#5984=EDGE_CURVE('',#4676,#4670,#2966,.T.);
#5985=EDGE_CURVE('',#4680,#4681,#2967,.T.);
#5986=EDGE_CURVE('',#4681,#4682,#2968,.T.);
#5987=EDGE_CURVE('',#4682,#4683,#2969,.T.);
#5988=EDGE_CURVE('',#4683,#4680,#2970,.T.);
#5989=EDGE_CURVE('',#4684,#4683,#2971,.T.);
#5990=EDGE_CURVE('',#4685,#4684,#2972,.T.);
#5991=EDGE_CURVE('',#4680,#4685,#2973,.T.);
#5992=EDGE_CURVE('',#4682,#4686,#2974,.T.);
#5993=EDGE_CURVE('',#4686,#4684,#2975,.T.);
#5994=EDGE_CURVE('',#4686,#4687,#2976,.T.);
#5995=EDGE_CURVE('',#4685,#4687,#2977,.T.);
#5996=EDGE_CURVE('',#4687,#4681,#2978,.T.);
#5997=EDGE_CURVE('',#4688,#4681,#2979,.T.);
#5998=EDGE_CURVE('',#4689,#4688,#2980,.T.);
#5999=EDGE_CURVE('',#4689,#4682,#2981,.T.);
#6000=EDGE_CURVE('',#4690,#4687,#2982,.T.);
#6001=EDGE_CURVE('',#4688,#4690,#2983,.T.);
#6002=EDGE_CURVE('',#4691,#4692,#2984,.T.);
#6003=EDGE_CURVE('',#4692,#4689,#2985,.T.);
#6004=EDGE_CURVE('',#4689,#4693,#2986,.T.);
#6005=EDGE_CURVE('',#4693,#4691,#2987,.T.);
#6006=EDGE_CURVE('',#4694,#4693,#2988,.T.);
#6007=EDGE_CURVE('',#4695,#4694,#2989,.T.);
#6008=EDGE_CURVE('',#4691,#4695,#2990,.T.);
#6009=EDGE_CURVE('',#4688,#4694,#2991,.T.);
#6010=EDGE_CURVE('',#4690,#4695,#2992,.T.);
#6011=EDGE_CURVE('',#4690,#4692,#2993,.T.);
#6012=EDGE_CURVE('',#4692,#4686,#2994,.T.);
#6013=EDGE_CURVE('',#4696,#4697,#2995,.T.);
#6014=EDGE_CURVE('',#4697,#4698,#2996,.T.);
#6015=EDGE_CURVE('',#4698,#4699,#2997,.T.);
#6016=EDGE_CURVE('',#4699,#4696,#2998,.T.);
#6017=EDGE_CURVE('',#4700,#4699,#2999,.T.);
#6018=EDGE_CURVE('',#4701,#4700,#3000,.T.);
#6019=EDGE_CURVE('',#4696,#4701,#3001,.T.);
#6020=EDGE_CURVE('',#4698,#4702,#3002,.T.);
#6021=EDGE_CURVE('',#4702,#4700,#3003,.T.);
#6022=EDGE_CURVE('',#4702,#4703,#3004,.T.);
#6023=EDGE_CURVE('',#4701,#4703,#3005,.T.);
#6024=EDGE_CURVE('',#4703,#4697,#3006,.T.);
#6025=EDGE_CURVE('',#4704,#4697,#3007,.T.);
#6026=EDGE_CURVE('',#4705,#4704,#3008,.T.);
#6027=EDGE_CURVE('',#4705,#4698,#3009,.T.);
#6028=EDGE_CURVE('',#4706,#4703,#3010,.T.);
#6029=EDGE_CURVE('',#4704,#4706,#3011,.T.);
#6030=EDGE_CURVE('',#4707,#4708,#3012,.T.);
#6031=EDGE_CURVE('',#4708,#4705,#3013,.T.);
#6032=EDGE_CURVE('',#4705,#4709,#3014,.T.);
#6033=EDGE_CURVE('',#4709,#4707,#3015,.T.);
#6034=EDGE_CURVE('',#4710,#4709,#3016,.T.);
#6035=EDGE_CURVE('',#4711,#4710,#3017,.T.);
#6036=EDGE_CURVE('',#4707,#4711,#3018,.T.);
#6037=EDGE_CURVE('',#4704,#4710,#3019,.T.);
#6038=EDGE_CURVE('',#4706,#4711,#3020,.T.);
#6039=EDGE_CURVE('',#4706,#4708,#3021,.T.);
#6040=EDGE_CURVE('',#4708,#4702,#3022,.T.);
#6041=EDGE_CURVE('',#4712,#4713,#3023,.T.);
#6042=EDGE_CURVE('',#4713,#4714,#3024,.T.);
#6043=EDGE_CURVE('',#4714,#4715,#3025,.T.);
#6044=EDGE_CURVE('',#4715,#4712,#3026,.T.);
#6045=EDGE_CURVE('',#4716,#4715,#3027,.T.);
#6046=EDGE_CURVE('',#4717,#4716,#3028,.T.);
#6047=EDGE_CURVE('',#4712,#4717,#3029,.T.);
#6048=EDGE_CURVE('',#4714,#4718,#3030,.T.);
#6049=EDGE_CURVE('',#4718,#4716,#3031,.T.);
#6050=EDGE_CURVE('',#4718,#4719,#3032,.T.);
#6051=EDGE_CURVE('',#4717,#4719,#3033,.T.);
#6052=EDGE_CURVE('',#4719,#4713,#3034,.T.);
#6053=EDGE_CURVE('',#4720,#4713,#3035,.T.);
#6054=EDGE_CURVE('',#4721,#4720,#3036,.T.);
#6055=EDGE_CURVE('',#4721,#4714,#3037,.T.);
#6056=EDGE_CURVE('',#4722,#4719,#3038,.T.);
#6057=EDGE_CURVE('',#4720,#4722,#3039,.T.);
#6058=EDGE_CURVE('',#4723,#4724,#3040,.T.);
#6059=EDGE_CURVE('',#4724,#4721,#3041,.T.);
#6060=EDGE_CURVE('',#4721,#4725,#3042,.T.);
#6061=EDGE_CURVE('',#4725,#4723,#3043,.T.);
#6062=EDGE_CURVE('',#4726,#4725,#3044,.T.);
#6063=EDGE_CURVE('',#4727,#4726,#3045,.T.);
#6064=EDGE_CURVE('',#4723,#4727,#3046,.T.);
#6065=EDGE_CURVE('',#4720,#4726,#3047,.T.);
#6066=EDGE_CURVE('',#4722,#4727,#3048,.T.);
#6067=EDGE_CURVE('',#4722,#4724,#3049,.T.);
#6068=EDGE_CURVE('',#4724,#4718,#3050,.T.);
#6069=EDGE_CURVE('',#4728,#4729,#3051,.T.);
#6070=EDGE_CURVE('',#4729,#4730,#3052,.T.);
#6071=EDGE_CURVE('',#4730,#4731,#3053,.T.);
#6072=EDGE_CURVE('',#4731,#4728,#3054,.T.);
#6073=EDGE_CURVE('',#4732,#4731,#3055,.T.);
#6074=EDGE_CURVE('',#4733,#4732,#3056,.T.);
#6075=EDGE_CURVE('',#4728,#4733,#3057,.T.);
#6076=EDGE_CURVE('',#4730,#4734,#3058,.T.);
#6077=EDGE_CURVE('',#4734,#4732,#3059,.T.);
#6078=EDGE_CURVE('',#4734,#4735,#3060,.T.);
#6079=EDGE_CURVE('',#4733,#4735,#3061,.T.);
#6080=EDGE_CURVE('',#4735,#4729,#3062,.T.);
#6081=EDGE_CURVE('',#4736,#4729,#3063,.T.);
#6082=EDGE_CURVE('',#4737,#4736,#3064,.T.);
#6083=EDGE_CURVE('',#4737,#4730,#3065,.T.);
#6084=EDGE_CURVE('',#4738,#4735,#3066,.T.);
#6085=EDGE_CURVE('',#4736,#4738,#3067,.T.);
#6086=EDGE_CURVE('',#4739,#4740,#3068,.T.);
#6087=EDGE_CURVE('',#4740,#4737,#3069,.T.);
#6088=EDGE_CURVE('',#4737,#4741,#3070,.T.);
#6089=EDGE_CURVE('',#4741,#4739,#3071,.T.);
#6090=EDGE_CURVE('',#4742,#4741,#3072,.T.);
#6091=EDGE_CURVE('',#4743,#4742,#3073,.T.);
#6092=EDGE_CURVE('',#4739,#4743,#3074,.T.);
#6093=EDGE_CURVE('',#4736,#4742,#3075,.T.);
#6094=EDGE_CURVE('',#4738,#4743,#3076,.T.);
#6095=EDGE_CURVE('',#4738,#4740,#3077,.T.);
#6096=EDGE_CURVE('',#4740,#4734,#3078,.T.);
#6097=EDGE_CURVE('',#4744,#4745,#3079,.T.);
#6098=EDGE_CURVE('',#4745,#4746,#3966,.T.);
#6099=EDGE_CURVE('',#4747,#4746,#3080,.T.);
#6100=EDGE_CURVE('',#4744,#4747,#3967,.T.);
#6101=EDGE_CURVE('',#4746,#4748,#3968,.T.);
#6102=EDGE_CURVE('',#4749,#4748,#3081,.T.);
#6103=EDGE_CURVE('',#4747,#4749,#3969,.T.);
#6104=EDGE_CURVE('',#4748,#4750,#3970,.T.);
#6105=EDGE_CURVE('',#4751,#4750,#3082,.T.);
#6106=EDGE_CURVE('',#4749,#4751,#3971,.T.);
#6107=EDGE_CURVE('',#4750,#4752,#3083,.T.);
#6108=EDGE_CURVE('',#4753,#4752,#3084,.T.);
#6109=EDGE_CURVE('',#4751,#4753,#3085,.T.);
#6110=EDGE_CURVE('',#4752,#4754,#3086,.T.);
#6111=EDGE_CURVE('',#4755,#4754,#3087,.T.);
#6112=EDGE_CURVE('',#4753,#4755,#3088,.T.);
#6113=EDGE_CURVE('',#4754,#4756,#3972,.T.);
#6114=EDGE_CURVE('',#4757,#4756,#3089,.T.);
#6115=EDGE_CURVE('',#4755,#4757,#3973,.T.);
#6116=EDGE_CURVE('',#4756,#4758,#3974,.T.);
#6117=EDGE_CURVE('',#4759,#4758,#3090,.T.);
#6118=EDGE_CURVE('',#4757,#4759,#3975,.T.);
#6119=EDGE_CURVE('',#4758,#4760,#3976,.T.);
#6120=EDGE_CURVE('',#4761,#4760,#3091,.T.);
#6121=EDGE_CURVE('',#4759,#4761,#3977,.T.);
#6122=EDGE_CURVE('',#4760,#4762,#3978,.T.);
#6123=EDGE_CURVE('',#4763,#4762,#3092,.T.);
#6124=EDGE_CURVE('',#4761,#4763,#3979,.T.);
#6125=EDGE_CURVE('',#4762,#4764,#3980,.T.);
#6126=EDGE_CURVE('',#4765,#4764,#3093,.T.);
#6127=EDGE_CURVE('',#4763,#4765,#3981,.T.);
#6128=EDGE_CURVE('',#4764,#4766,#3982,.T.);
#6129=EDGE_CURVE('',#4767,#4766,#3094,.T.);
#6130=EDGE_CURVE('',#4765,#4767,#3983,.T.);
#6131=EDGE_CURVE('',#4766,#4768,#3095,.T.);
#6132=EDGE_CURVE('',#4769,#4768,#3096,.T.);
#6133=EDGE_CURVE('',#4767,#4769,#3097,.T.);
#6134=EDGE_CURVE('',#4768,#4770,#3098,.T.);
#6135=EDGE_CURVE('',#4771,#4770,#3099,.T.);
#6136=EDGE_CURVE('',#4769,#4771,#3100,.T.);
#6137=EDGE_CURVE('',#4770,#4772,#3984,.T.);
#6138=EDGE_CURVE('',#4773,#4772,#3101,.T.);
#6139=EDGE_CURVE('',#4771,#4773,#3985,.T.);
#6140=EDGE_CURVE('',#4772,#4774,#3986,.T.);
#6141=EDGE_CURVE('',#4775,#4774,#3102,.T.);
#6142=EDGE_CURVE('',#4773,#4775,#3987,.T.);
#6143=EDGE_CURVE('',#4774,#4776,#3988,.T.);
#6144=EDGE_CURVE('',#4777,#4776,#3103,.T.);
#6145=EDGE_CURVE('',#4775,#4777,#3989,.T.);
#6146=EDGE_CURVE('',#4776,#4778,#3990,.T.);
#6147=EDGE_CURVE('',#4779,#4778,#3104,.T.);
#6148=EDGE_CURVE('',#4777,#4779,#3991,.T.);
#6149=EDGE_CURVE('',#4778,#4745,#3992,.T.);
#6150=EDGE_CURVE('',#4779,#4744,#3993,.T.);
#6151=EDGE_CURVE('',#4780,#4781,#3105,.T.);
#6152=EDGE_CURVE('',#4781,#4782,#23,.T.);
#6153=EDGE_CURVE('',#4783,#4782,#3106,.T.);
#6154=EDGE_CURVE('',#4780,#4783,#24,.T.);
#6155=EDGE_CURVE('',#4782,#4784,#3994,.T.);
#6156=EDGE_CURVE('',#4785,#4784,#3107,.T.);
#6157=EDGE_CURVE('',#4783,#4785,#3995,.T.);
#6158=EDGE_CURVE('',#4784,#4786,#3996,.T.);
#6159=EDGE_CURVE('',#4787,#4786,#3108,.T.);
#6160=EDGE_CURVE('',#4785,#4787,#3997,.T.);
#6161=EDGE_CURVE('',#4786,#4788,#3109,.T.);
#6162=EDGE_CURVE('',#4789,#4788,#3110,.T.);
#6163=EDGE_CURVE('',#4787,#4789,#3111,.T.);
#6164=EDGE_CURVE('',#4788,#4790,#3112,.T.);
#6165=EDGE_CURVE('',#4791,#4790,#3113,.T.);
#6166=EDGE_CURVE('',#4789,#4791,#3114,.T.);
#6167=EDGE_CURVE('',#4790,#4792,#3998,.T.);
#6168=EDGE_CURVE('',#4793,#4792,#3115,.T.);
#6169=EDGE_CURVE('',#4791,#4793,#3999,.T.);
#6170=EDGE_CURVE('',#4792,#4794,#4000,.T.);
#6171=EDGE_CURVE('',#4795,#4794,#3116,.T.);
#6172=EDGE_CURVE('',#4793,#4795,#4001,.T.);
#6173=EDGE_CURVE('',#4794,#4796,#4002,.T.);
#6174=EDGE_CURVE('',#4797,#4796,#3117,.T.);
#6175=EDGE_CURVE('',#4795,#4797,#4003,.T.);
#6176=EDGE_CURVE('',#4796,#4798,#4004,.T.);
#6177=EDGE_CURVE('',#4799,#4798,#3118,.T.);
#6178=EDGE_CURVE('',#4797,#4799,#4005,.T.);
#6179=EDGE_CURVE('',#4798,#4800,#4006,.T.);
#6180=EDGE_CURVE('',#4801,#4800,#3119,.T.);
#6181=EDGE_CURVE('',#4799,#4801,#4007,.T.);
#6182=EDGE_CURVE('',#4800,#4802,#4008,.T.);
#6183=EDGE_CURVE('',#4803,#4802,#3120,.T.);
#6184=EDGE_CURVE('',#4801,#4803,#4009,.T.);
#6185=EDGE_CURVE('',#4802,#4804,#4010,.T.);
#6186=EDGE_CURVE('',#4805,#4804,#3121,.T.);
#6187=EDGE_CURVE('',#4803,#4805,#4011,.T.);
#6188=EDGE_CURVE('',#4804,#4806,#4012,.T.);
#6189=EDGE_CURVE('',#4807,#4806,#3122,.T.);
#6190=EDGE_CURVE('',#4805,#4807,#4013,.T.);
#6191=EDGE_CURVE('',#4806,#4808,#4014,.T.);
#6192=EDGE_CURVE('',#4809,#4808,#3123,.T.);
#6193=EDGE_CURVE('',#4807,#4809,#4015,.T.);
#6194=EDGE_CURVE('',#4808,#4810,#4016,.T.);
#6195=EDGE_CURVE('',#4811,#4810,#3124,.T.);
#6196=EDGE_CURVE('',#4809,#4811,#4017,.T.);
#6197=EDGE_CURVE('',#4810,#4812,#4018,.T.);
#6198=EDGE_CURVE('',#4813,#4812,#3125,.T.);
#6199=EDGE_CURVE('',#4811,#4813,#4019,.T.);
#6200=EDGE_CURVE('',#4812,#4814,#4020,.T.);
#6201=EDGE_CURVE('',#4815,#4814,#3126,.T.);
#6202=EDGE_CURVE('',#4813,#4815,#4021,.T.);
#6203=EDGE_CURVE('',#4814,#4816,#4022,.T.);
#6204=EDGE_CURVE('',#4817,#4816,#3127,.T.);
#6205=EDGE_CURVE('',#4815,#4817,#4023,.T.);
#6206=EDGE_CURVE('',#4816,#4818,#4024,.T.);
#6207=EDGE_CURVE('',#4819,#4818,#3128,.T.);
#6208=EDGE_CURVE('',#4817,#4819,#4025,.T.);
#6209=EDGE_CURVE('',#4818,#4820,#4026,.T.);
#6210=EDGE_CURVE('',#4821,#4820,#3129,.T.);
#6211=EDGE_CURVE('',#4819,#4821,#4027,.T.);
#6212=EDGE_CURVE('',#4820,#4822,#4028,.T.);
#6213=EDGE_CURVE('',#4823,#4822,#3130,.T.);
#6214=EDGE_CURVE('',#4821,#4823,#4029,.T.);
#6215=EDGE_CURVE('',#4822,#4824,#4030,.T.);
#6216=EDGE_CURVE('',#4825,#4824,#3131,.T.);
#6217=EDGE_CURVE('',#4823,#4825,#4031,.T.);
#6218=EDGE_CURVE('',#4824,#4826,#25,.T.);
#6219=EDGE_CURVE('',#4827,#4826,#3132,.T.);
#6220=EDGE_CURVE('',#4825,#4827,#26,.T.);
#6221=EDGE_CURVE('',#4826,#4828,#4032,.T.);
#6222=EDGE_CURVE('',#4829,#4828,#3133,.T.);
#6223=EDGE_CURVE('',#4827,#4829,#4033,.T.);
#6224=EDGE_CURVE('',#4828,#4830,#4034,.T.);
#6225=EDGE_CURVE('',#4831,#4830,#3134,.T.);
#6226=EDGE_CURVE('',#4829,#4831,#4035,.T.);
#6227=EDGE_CURVE('',#4830,#4832,#4036,.T.);
#6228=EDGE_CURVE('',#4833,#4832,#3135,.T.);
#6229=EDGE_CURVE('',#4831,#4833,#4037,.T.);
#6230=EDGE_CURVE('',#4832,#4834,#4038,.T.);
#6231=EDGE_CURVE('',#4835,#4834,#3136,.T.);
#6232=EDGE_CURVE('',#4833,#4835,#4039,.T.);
#6233=EDGE_CURVE('',#4834,#4836,#3137,.T.);
#6234=EDGE_CURVE('',#4837,#4836,#3138,.T.);
#6235=EDGE_CURVE('',#4835,#4837,#3139,.T.);
#6236=EDGE_CURVE('',#4836,#4838,#3140,.T.);
#6237=EDGE_CURVE('',#4839,#4838,#3141,.T.);
#6238=EDGE_CURVE('',#4837,#4839,#3142,.T.);
#6239=EDGE_CURVE('',#4838,#4840,#4040,.T.);
#6240=EDGE_CURVE('',#4841,#4840,#3143,.T.);
#6241=EDGE_CURVE('',#4839,#4841,#4041,.T.);
#6242=EDGE_CURVE('',#4840,#4842,#4042,.T.);
#6243=EDGE_CURVE('',#4843,#4842,#3144,.T.);
#6244=EDGE_CURVE('',#4841,#4843,#4043,.T.);
#6245=EDGE_CURVE('',#4842,#4844,#4044,.T.);
#6246=EDGE_CURVE('',#4845,#4844,#3145,.T.);
#6247=EDGE_CURVE('',#4843,#4845,#4045,.T.);
#6248=EDGE_CURVE('',#4844,#4846,#4046,.T.);
#6249=EDGE_CURVE('',#4847,#4846,#3146,.T.);
#6250=EDGE_CURVE('',#4845,#4847,#4047,.T.);
#6251=EDGE_CURVE('',#4846,#4848,#4048,.T.);
#6252=EDGE_CURVE('',#4849,#4848,#3147,.T.);
#6253=EDGE_CURVE('',#4847,#4849,#4049,.T.);
#6254=EDGE_CURVE('',#4848,#4850,#4050,.T.);
#6255=EDGE_CURVE('',#4851,#4850,#3148,.T.);
#6256=EDGE_CURVE('',#4849,#4851,#4051,.T.);
#6257=EDGE_CURVE('',#4850,#4852,#4052,.T.);
#6258=EDGE_CURVE('',#4853,#4852,#3149,.T.);
#6259=EDGE_CURVE('',#4851,#4853,#4053,.T.);
#6260=EDGE_CURVE('',#4852,#4854,#4054,.T.);
#6261=EDGE_CURVE('',#4855,#4854,#3150,.T.);
#6262=EDGE_CURVE('',#4853,#4855,#4055,.T.);
#6263=EDGE_CURVE('',#4854,#4856,#4056,.T.);
#6264=EDGE_CURVE('',#4857,#4856,#3151,.T.);
#6265=EDGE_CURVE('',#4855,#4857,#4057,.T.);
#6266=EDGE_CURVE('',#4856,#4858,#27,.T.);
#6267=EDGE_CURVE('',#4859,#4858,#3152,.T.);
#6268=EDGE_CURVE('',#4857,#4859,#28,.T.);
#6269=EDGE_CURVE('',#4858,#4860,#4058,.T.);
#6270=EDGE_CURVE('',#4861,#4860,#3153,.T.);
#6271=EDGE_CURVE('',#4859,#4861,#4059,.T.);
#6272=EDGE_CURVE('',#4860,#4862,#4060,.T.);
#6273=EDGE_CURVE('',#4863,#4862,#3154,.T.);
#6274=EDGE_CURVE('',#4861,#4863,#4061,.T.);
#6275=EDGE_CURVE('',#4862,#4864,#4062,.T.);
#6276=EDGE_CURVE('',#4865,#4864,#3155,.T.);
#6277=EDGE_CURVE('',#4863,#4865,#4063,.T.);
#6278=EDGE_CURVE('',#4864,#4866,#4064,.T.);
#6279=EDGE_CURVE('',#4867,#4866,#3156,.T.);
#6280=EDGE_CURVE('',#4865,#4867,#4065,.T.);
#6281=EDGE_CURVE('',#4867,#4780,#4066,.T.);
#6282=EDGE_CURVE('',#4866,#4781,#4067,.T.);
#6283=EDGE_CURVE('',#4868,#4869,#3157,.T.);
#6284=EDGE_CURVE('',#4869,#4870,#4068,.T.);
#6285=EDGE_CURVE('',#4871,#4870,#3158,.T.);
#6286=EDGE_CURVE('',#4868,#4871,#4069,.T.);
#6287=EDGE_CURVE('',#4870,#4872,#4070,.T.);
#6288=EDGE_CURVE('',#4873,#4872,#3159,.T.);
#6289=EDGE_CURVE('',#4871,#4873,#4071,.T.);
#6290=EDGE_CURVE('',#4872,#4874,#4072,.T.);
#6291=EDGE_CURVE('',#4875,#4874,#3160,.T.);
#6292=EDGE_CURVE('',#4873,#4875,#4073,.T.);
#6293=EDGE_CURVE('',#4874,#4876,#3161,.T.);
#6294=EDGE_CURVE('',#4877,#4876,#3162,.T.);
#6295=EDGE_CURVE('',#4875,#4877,#3163,.T.);
#6296=EDGE_CURVE('',#4876,#4878,#3164,.T.);
#6297=EDGE_CURVE('',#4879,#4878,#3165,.T.);
#6298=EDGE_CURVE('',#4877,#4879,#3166,.T.);
#6299=EDGE_CURVE('',#4878,#4880,#4074,.T.);
#6300=EDGE_CURVE('',#4881,#4880,#3167,.T.);
#6301=EDGE_CURVE('',#4879,#4881,#4075,.T.);
#6302=EDGE_CURVE('',#4880,#4882,#3168,.T.);
#6303=EDGE_CURVE('',#4883,#4882,#3169,.T.);
#6304=EDGE_CURVE('',#4881,#4883,#3170,.T.);
#6305=EDGE_CURVE('',#4882,#4884,#3171,.T.);
#6306=EDGE_CURVE('',#4885,#4884,#3172,.T.);
#6307=EDGE_CURVE('',#4883,#4885,#3173,.T.);
#6308=EDGE_CURVE('',#4884,#4886,#4076,.T.);
#6309=EDGE_CURVE('',#4887,#4886,#3174,.T.);
#6310=EDGE_CURVE('',#4885,#4887,#4077,.T.);
#6311=EDGE_CURVE('',#4886,#4888,#4078,.T.);
#6312=EDGE_CURVE('',#4889,#4888,#3175,.T.);
#6313=EDGE_CURVE('',#4887,#4889,#4079,.T.);
#6314=EDGE_CURVE('',#4888,#4890,#4080,.T.);
#6315=EDGE_CURVE('',#4891,#4890,#3176,.T.);
#6316=EDGE_CURVE('',#4889,#4891,#4081,.T.);
#6317=EDGE_CURVE('',#4890,#4892,#4082,.T.);
#6318=EDGE_CURVE('',#4893,#4892,#3177,.T.);
#6319=EDGE_CURVE('',#4891,#4893,#4083,.T.);
#6320=EDGE_CURVE('',#4892,#4894,#3178,.T.);
#6321=EDGE_CURVE('',#4895,#4894,#3179,.T.);
#6322=EDGE_CURVE('',#4893,#4895,#3180,.T.);
#6323=EDGE_CURVE('',#4894,#4896,#3181,.T.);
#6324=EDGE_CURVE('',#4897,#4896,#3182,.T.);
#6325=EDGE_CURVE('',#4895,#4897,#3183,.T.);
#6326=EDGE_CURVE('',#4896,#4898,#3184,.T.);
#6327=EDGE_CURVE('',#4899,#4898,#3185,.T.);
#6328=EDGE_CURVE('',#4897,#4899,#3186,.T.);
#6329=EDGE_CURVE('',#4898,#4869,#4084,.T.);
#6330=EDGE_CURVE('',#4899,#4868,#4085,.T.);
#6331=ORIENTED_EDGE('',*,*,#4900,.F.);
#6332=ORIENTED_EDGE('',*,*,#4901,.T.);
#6333=ORIENTED_EDGE('',*,*,#4902,.F.);
#6334=ORIENTED_EDGE('',*,*,#4903,.F.);
#6335=ORIENTED_EDGE('',*,*,#4904,.F.);
#6336=ORIENTED_EDGE('',*,*,#4905,.T.);
#6337=ORIENTED_EDGE('',*,*,#4906,.F.);
#6338=ORIENTED_EDGE('',*,*,#4901,.F.);
#6339=ORIENTED_EDGE('',*,*,#4907,.F.);
#6340=ORIENTED_EDGE('',*,*,#4908,.T.);
#6341=ORIENTED_EDGE('',*,*,#4909,.F.);
#6342=ORIENTED_EDGE('',*,*,#4905,.F.);
#6343=ORIENTED_EDGE('',*,*,#4910,.F.);
#6344=ORIENTED_EDGE('',*,*,#4911,.T.);
#6345=ORIENTED_EDGE('',*,*,#4912,.F.);
#6346=ORIENTED_EDGE('',*,*,#4908,.F.);
#6347=ORIENTED_EDGE('',*,*,#4913,.F.);
#6348=ORIENTED_EDGE('',*,*,#4914,.T.);
#6349=ORIENTED_EDGE('',*,*,#4915,.F.);
#6350=ORIENTED_EDGE('',*,*,#4911,.F.);
#6351=ORIENTED_EDGE('',*,*,#4916,.F.);
#6352=ORIENTED_EDGE('',*,*,#4917,.T.);
#6353=ORIENTED_EDGE('',*,*,#4918,.F.);
#6354=ORIENTED_EDGE('',*,*,#4914,.F.);
#6355=ORIENTED_EDGE('',*,*,#4919,.F.);
#6356=ORIENTED_EDGE('',*,*,#4903,.T.);
#6357=ORIENTED_EDGE('',*,*,#4920,.F.);
#6358=ORIENTED_EDGE('',*,*,#4917,.F.);
#6359=ORIENTED_EDGE('',*,*,#4921,.F.);
#6360=ORIENTED_EDGE('',*,*,#4922,.T.);
#6361=ORIENTED_EDGE('',*,*,#4923,.F.);
#6362=ORIENTED_EDGE('',*,*,#4924,.F.);
#6363=ORIENTED_EDGE('',*,*,#4925,.F.);
#6364=ORIENTED_EDGE('',*,*,#4924,.T.);
#6365=ORIENTED_EDGE('',*,*,#4926,.F.);
#6366=ORIENTED_EDGE('',*,*,#4927,.F.);
#6367=ORIENTED_EDGE('',*,*,#4928,.F.);
#6368=ORIENTED_EDGE('',*,*,#4927,.T.);
#6369=ORIENTED_EDGE('',*,*,#4929,.F.);
#6370=ORIENTED_EDGE('',*,*,#4930,.F.);
#6371=ORIENTED_EDGE('',*,*,#4931,.F.);
#6372=ORIENTED_EDGE('',*,*,#4930,.T.);
#6373=ORIENTED_EDGE('',*,*,#4932,.F.);
#6374=ORIENTED_EDGE('',*,*,#4933,.F.);
#6375=ORIENTED_EDGE('',*,*,#4934,.F.);
#6376=ORIENTED_EDGE('',*,*,#4933,.T.);
#6377=ORIENTED_EDGE('',*,*,#4935,.F.);
#6378=ORIENTED_EDGE('',*,*,#4936,.F.);
#6379=ORIENTED_EDGE('',*,*,#4937,.F.);
#6380=ORIENTED_EDGE('',*,*,#4936,.T.);
#6381=ORIENTED_EDGE('',*,*,#4938,.F.);
#6382=ORIENTED_EDGE('',*,*,#4939,.F.);
#6383=ORIENTED_EDGE('',*,*,#4940,.F.);
#6384=ORIENTED_EDGE('',*,*,#4939,.T.);
#6385=ORIENTED_EDGE('',*,*,#4941,.F.);
#6386=ORIENTED_EDGE('',*,*,#4942,.F.);
#6387=ORIENTED_EDGE('',*,*,#4943,.F.);
#6388=ORIENTED_EDGE('',*,*,#4942,.T.);
#6389=ORIENTED_EDGE('',*,*,#4944,.F.);
#6390=ORIENTED_EDGE('',*,*,#4945,.F.);
#6391=ORIENTED_EDGE('',*,*,#4946,.F.);
#6392=ORIENTED_EDGE('',*,*,#4945,.T.);
#6393=ORIENTED_EDGE('',*,*,#4947,.F.);
#6394=ORIENTED_EDGE('',*,*,#4948,.F.);
#6395=ORIENTED_EDGE('',*,*,#4949,.F.);
#6396=ORIENTED_EDGE('',*,*,#4948,.T.);
#6397=ORIENTED_EDGE('',*,*,#4950,.F.);
#6398=ORIENTED_EDGE('',*,*,#4951,.F.);
#6399=ORIENTED_EDGE('',*,*,#4952,.F.);
#6400=ORIENTED_EDGE('',*,*,#4951,.T.);
#6401=ORIENTED_EDGE('',*,*,#4953,.F.);
#6402=ORIENTED_EDGE('',*,*,#4954,.F.);
#6403=ORIENTED_EDGE('',*,*,#4955,.F.);
#6404=ORIENTED_EDGE('',*,*,#4954,.T.);
#6405=ORIENTED_EDGE('',*,*,#4956,.F.);
#6406=ORIENTED_EDGE('',*,*,#4957,.F.);
#6407=ORIENTED_EDGE('',*,*,#4958,.F.);
#6408=ORIENTED_EDGE('',*,*,#4957,.T.);
#6409=ORIENTED_EDGE('',*,*,#4959,.F.);
#6410=ORIENTED_EDGE('',*,*,#4960,.F.);
#6411=ORIENTED_EDGE('',*,*,#4961,.F.);
#6412=ORIENTED_EDGE('',*,*,#4960,.T.);
#6413=ORIENTED_EDGE('',*,*,#4962,.F.);
#6414=ORIENTED_EDGE('',*,*,#4922,.F.);
#6415=ORIENTED_EDGE('',*,*,#4962,.T.);
#6416=ORIENTED_EDGE('',*,*,#4959,.T.);
#6417=ORIENTED_EDGE('',*,*,#4956,.T.);
#6418=ORIENTED_EDGE('',*,*,#4953,.T.);
#6419=ORIENTED_EDGE('',*,*,#4950,.T.);
#6420=ORIENTED_EDGE('',*,*,#4947,.T.);
#6421=ORIENTED_EDGE('',*,*,#4944,.T.);
#6422=ORIENTED_EDGE('',*,*,#4941,.T.);
#6423=ORIENTED_EDGE('',*,*,#4938,.T.);
#6424=ORIENTED_EDGE('',*,*,#4935,.T.);
#6425=ORIENTED_EDGE('',*,*,#4932,.T.);
#6426=ORIENTED_EDGE('',*,*,#4929,.T.);
#6427=ORIENTED_EDGE('',*,*,#4926,.T.);
#6428=ORIENTED_EDGE('',*,*,#4923,.T.);
#6429=ORIENTED_EDGE('',*,*,#4902,.T.);
#6430=ORIENTED_EDGE('',*,*,#4906,.T.);
#6431=ORIENTED_EDGE('',*,*,#4909,.T.);
#6432=ORIENTED_EDGE('',*,*,#4912,.T.);
#6433=ORIENTED_EDGE('',*,*,#4915,.T.);
#6434=ORIENTED_EDGE('',*,*,#4918,.T.);
#6435=ORIENTED_EDGE('',*,*,#4920,.T.);
#6436=ORIENTED_EDGE('',*,*,#4963,.F.);
#6437=ORIENTED_EDGE('',*,*,#4964,.F.);
#6438=ORIENTED_EDGE('',*,*,#4965,.F.);
#6439=ORIENTED_EDGE('',*,*,#4966,.F.);
#6440=ORIENTED_EDGE('',*,*,#4967,.F.);
#6441=ORIENTED_EDGE('',*,*,#4968,.F.);
#6442=ORIENTED_EDGE('',*,*,#4969,.F.);
#6443=ORIENTED_EDGE('',*,*,#4970,.F.);
#6444=ORIENTED_EDGE('',*,*,#4971,.F.);
#6445=ORIENTED_EDGE('',*,*,#4972,.F.);
#6446=ORIENTED_EDGE('',*,*,#4973,.F.);
#6447=ORIENTED_EDGE('',*,*,#4974,.F.);
#6448=ORIENTED_EDGE('',*,*,#4975,.F.);
#6449=ORIENTED_EDGE('',*,*,#4976,.F.);
#6450=ORIENTED_EDGE('',*,*,#4977,.F.);
#6451=ORIENTED_EDGE('',*,*,#4978,.F.);
#6452=ORIENTED_EDGE('',*,*,#4979,.F.);
#6453=ORIENTED_EDGE('',*,*,#4980,.F.);
#6454=ORIENTED_EDGE('',*,*,#4981,.F.);
#6455=ORIENTED_EDGE('',*,*,#4982,.F.);
#6456=ORIENTED_EDGE('',*,*,#4983,.F.);
#6457=ORIENTED_EDGE('',*,*,#4984,.F.);
#6458=ORIENTED_EDGE('',*,*,#4985,.F.);
#6459=ORIENTED_EDGE('',*,*,#4986,.F.);
#6460=ORIENTED_EDGE('',*,*,#4987,.F.);
#6461=ORIENTED_EDGE('',*,*,#4988,.F.);
#6462=ORIENTED_EDGE('',*,*,#4989,.F.);
#6463=ORIENTED_EDGE('',*,*,#4990,.F.);
#6464=ORIENTED_EDGE('',*,*,#4991,.F.);
#6465=ORIENTED_EDGE('',*,*,#4992,.F.);
#6466=ORIENTED_EDGE('',*,*,#4993,.F.);
#6467=ORIENTED_EDGE('',*,*,#4994,.F.);
#6468=ORIENTED_EDGE('',*,*,#4995,.F.);
#6469=ORIENTED_EDGE('',*,*,#4996,.F.);
#6470=ORIENTED_EDGE('',*,*,#4997,.F.);
#6471=ORIENTED_EDGE('',*,*,#4998,.F.);
#6472=ORIENTED_EDGE('',*,*,#4999,.F.);
#6473=ORIENTED_EDGE('',*,*,#5000,.F.);
#6474=ORIENTED_EDGE('',*,*,#5001,.F.);
#6475=ORIENTED_EDGE('',*,*,#5002,.F.);
#6476=ORIENTED_EDGE('',*,*,#5003,.F.);
#6477=ORIENTED_EDGE('',*,*,#5004,.F.);
#6478=ORIENTED_EDGE('',*,*,#5005,.F.);
#6479=ORIENTED_EDGE('',*,*,#5006,.F.);
#6480=ORIENTED_EDGE('',*,*,#5007,.F.);
#6481=ORIENTED_EDGE('',*,*,#5008,.F.);
#6482=ORIENTED_EDGE('',*,*,#5009,.F.);
#6483=ORIENTED_EDGE('',*,*,#5010,.F.);
#6484=ORIENTED_EDGE('',*,*,#5011,.F.);
#6485=ORIENTED_EDGE('',*,*,#5012,.F.);
#6486=ORIENTED_EDGE('',*,*,#5013,.F.);
#6487=ORIENTED_EDGE('',*,*,#5014,.F.);
#6488=ORIENTED_EDGE('',*,*,#5015,.F.);
#6489=ORIENTED_EDGE('',*,*,#5016,.F.);
#6490=ORIENTED_EDGE('',*,*,#5017,.F.);
#6491=ORIENTED_EDGE('',*,*,#5018,.F.);
#6492=ORIENTED_EDGE('',*,*,#5019,.F.);
#6493=ORIENTED_EDGE('',*,*,#5020,.F.);
#6494=ORIENTED_EDGE('',*,*,#5021,.F.);
#6495=ORIENTED_EDGE('',*,*,#5022,.F.);
#6496=ORIENTED_EDGE('',*,*,#4921,.T.);
#6497=ORIENTED_EDGE('',*,*,#4925,.T.);
#6498=ORIENTED_EDGE('',*,*,#4928,.T.);
#6499=ORIENTED_EDGE('',*,*,#4931,.T.);
#6500=ORIENTED_EDGE('',*,*,#4934,.T.);
#6501=ORIENTED_EDGE('',*,*,#4937,.T.);
#6502=ORIENTED_EDGE('',*,*,#4940,.T.);
#6503=ORIENTED_EDGE('',*,*,#4943,.T.);
#6504=ORIENTED_EDGE('',*,*,#4946,.T.);
#6505=ORIENTED_EDGE('',*,*,#4949,.T.);
#6506=ORIENTED_EDGE('',*,*,#4952,.T.);
#6507=ORIENTED_EDGE('',*,*,#4955,.T.);
#6508=ORIENTED_EDGE('',*,*,#4958,.T.);
#6509=ORIENTED_EDGE('',*,*,#4961,.T.);
#6510=ORIENTED_EDGE('',*,*,#5023,.T.);
#6511=ORIENTED_EDGE('',*,*,#5024,.F.);
#6512=ORIENTED_EDGE('',*,*,#5025,.F.);
#6513=ORIENTED_EDGE('',*,*,#5026,.F.);
#6514=ORIENTED_EDGE('',*,*,#5027,.F.);
#6515=ORIENTED_EDGE('',*,*,#5028,.F.);
#6516=ORIENTED_EDGE('',*,*,#5029,.F.);
#6517=ORIENTED_EDGE('',*,*,#5030,.T.);
#6518=ORIENTED_EDGE('',*,*,#5031,.T.);
#6519=ORIENTED_EDGE('',*,*,#5028,.T.);
#6520=ORIENTED_EDGE('',*,*,#5032,.T.);
#6521=ORIENTED_EDGE('',*,*,#5033,.T.);
#6522=ORIENTED_EDGE('',*,*,#5034,.T.);
#6523=ORIENTED_EDGE('',*,*,#5030,.F.);
#6524=ORIENTED_EDGE('',*,*,#5035,.F.);
#6525=ORIENTED_EDGE('',*,*,#5036,.F.);
#6526=ORIENTED_EDGE('',*,*,#5037,.F.);
#6527=ORIENTED_EDGE('',*,*,#5025,.T.);
#6528=ORIENTED_EDGE('',*,*,#5038,.T.);
#6529=ORIENTED_EDGE('',*,*,#5036,.T.);
#6530=ORIENTED_EDGE('',*,*,#5039,.T.);
#6531=ORIENTED_EDGE('',*,*,#5040,.T.);
#6532=ORIENTED_EDGE('',*,*,#5041,.F.);
#6533=ORIENTED_EDGE('',*,*,#5042,.F.);
#6534=ORIENTED_EDGE('',*,*,#5043,.F.);
#6535=ORIENTED_EDGE('',*,*,#5044,.T.);
#6536=ORIENTED_EDGE('',*,*,#5045,.T.);
#6537=ORIENTED_EDGE('',*,*,#5041,.T.);
#6538=ORIENTED_EDGE('',*,*,#5046,.T.);
#6539=ORIENTED_EDGE('',*,*,#5044,.F.);
#6540=ORIENTED_EDGE('',*,*,#5047,.T.);
#6541=ORIENTED_EDGE('',*,*,#5048,.T.);
#6542=ORIENTED_EDGE('',*,*,#5049,.F.);
#6543=ORIENTED_EDGE('',*,*,#5050,.F.);
#6544=ORIENTED_EDGE('',*,*,#5051,.F.);
#6545=ORIENTED_EDGE('',*,*,#5027,.T.);
#6546=ORIENTED_EDGE('',*,*,#5052,.T.);
#6547=ORIENTED_EDGE('',*,*,#5050,.T.);
#6548=ORIENTED_EDGE('',*,*,#5053,.T.);
#6549=ORIENTED_EDGE('',*,*,#5054,.F.);
#6550=ORIENTED_EDGE('',*,*,#5055,.F.);
#6551=ORIENTED_EDGE('',*,*,#5056,.F.);
#6552=ORIENTED_EDGE('',*,*,#5042,.T.);
#6553=ORIENTED_EDGE('',*,*,#5057,.T.);
#6554=ORIENTED_EDGE('',*,*,#5055,.T.);
#6555=ORIENTED_EDGE('',*,*,#5058,.T.);
#6556=ORIENTED_EDGE('',*,*,#5051,.T.);
#6557=ORIENTED_EDGE('',*,*,#5059,.T.);
#6558=ORIENTED_EDGE('',*,*,#5056,.T.);
#6559=ORIENTED_EDGE('',*,*,#5060,.T.);
#6560=ORIENTED_EDGE('',*,*,#5054,.T.);
#6561=ORIENTED_EDGE('',*,*,#5061,.T.);
#6562=ORIENTED_EDGE('',*,*,#5037,.T.);
#6563=ORIENTED_EDGE('',*,*,#5062,.T.);
#6564=ORIENTED_EDGE('',*,*,#5063,.T.);
#6565=ORIENTED_EDGE('',*,*,#5064,.T.);
#6566=ORIENTED_EDGE('',*,*,#5049,.T.);
#6567=ORIENTED_EDGE('',*,*,#5065,.T.);
#6568=ORIENTED_EDGE('',*,*,#5063,.F.);
#6569=ORIENTED_EDGE('',*,*,#5066,.T.);
#6570=ORIENTED_EDGE('',*,*,#5067,.T.);
#6571=ORIENTED_EDGE('',*,*,#5043,.T.);
#6572=ORIENTED_EDGE('',*,*,#5068,.T.);
#6573=ORIENTED_EDGE('',*,*,#5024,.T.);
#6574=ORIENTED_EDGE('',*,*,#5069,.T.);
#6575=ORIENTED_EDGE('',*,*,#5035,.T.);
#6576=ORIENTED_EDGE('',*,*,#5070,.T.);
#6577=ORIENTED_EDGE('',*,*,#5029,.T.);
#6578=ORIENTED_EDGE('',*,*,#5071,.T.);
#6579=ORIENTED_EDGE('',*,*,#5072,.T.);
#6580=ORIENTED_EDGE('',*,*,#5073,.T.);
#6581=ORIENTED_EDGE('',*,*,#5074,.T.);
#6582=ORIENTED_EDGE('',*,*,#5072,.F.);
#6583=ORIENTED_EDGE('',*,*,#5075,.T.);
#6584=ORIENTED_EDGE('',*,*,#5026,.T.);
#6585=ORIENTED_EDGE('',*,*,#5076,.T.);
#6586=ORIENTED_EDGE('',*,*,#5065,.F.);
#6587=ORIENTED_EDGE('',*,*,#5060,.F.);
#6588=ORIENTED_EDGE('',*,*,#5057,.F.);
#6589=ORIENTED_EDGE('',*,*,#5045,.F.);
#6590=ORIENTED_EDGE('',*,*,#5077,.F.);
#6591=ORIENTED_EDGE('',*,*,#5078,.F.);
#6592=ORIENTED_EDGE('',*,*,#5079,.F.);
#6593=ORIENTED_EDGE('',*,*,#5080,.F.);
#6594=ORIENTED_EDGE('',*,*,#5048,.F.);
#6595=ORIENTED_EDGE('',*,*,#5081,.T.);
#6596=ORIENTED_EDGE('',*,*,#5082,.T.);
#6597=ORIENTED_EDGE('',*,*,#5077,.T.);
#6598=ORIENTED_EDGE('',*,*,#5047,.F.);
#6599=ORIENTED_EDGE('',*,*,#5083,.T.);
#6600=ORIENTED_EDGE('',*,*,#5084,.T.);
#6601=ORIENTED_EDGE('',*,*,#5085,.T.);
#6602=ORIENTED_EDGE('',*,*,#5046,.F.);
#6603=ORIENTED_EDGE('',*,*,#5040,.F.);
#6604=ORIENTED_EDGE('',*,*,#5069,.F.);
#6605=ORIENTED_EDGE('',*,*,#5023,.F.);
#6606=ORIENTED_EDGE('',*,*,#5075,.F.);
#6607=ORIENTED_EDGE('',*,*,#5086,.F.);
#6608=ORIENTED_EDGE('',*,*,#5087,.F.);
#6609=ORIENTED_EDGE('',*,*,#5088,.F.);
#6610=ORIENTED_EDGE('',*,*,#5089,.F.);
#6611=ORIENTED_EDGE('',*,*,#5083,.F.);
#6612=ORIENTED_EDGE('',*,*,#5074,.F.);
#6613=ORIENTED_EDGE('',*,*,#5090,.T.);
#6614=ORIENTED_EDGE('',*,*,#5091,.T.);
#6615=ORIENTED_EDGE('',*,*,#5086,.T.);
#6616=ORIENTED_EDGE('',*,*,#5073,.F.);
#6617=ORIENTED_EDGE('',*,*,#5092,.T.);
#6618=ORIENTED_EDGE('',*,*,#5093,.T.);
#6619=ORIENTED_EDGE('',*,*,#5094,.T.);
#6620=ORIENTED_EDGE('',*,*,#5052,.F.);
#6621=ORIENTED_EDGE('',*,*,#5070,.F.);
#6622=ORIENTED_EDGE('',*,*,#5061,.F.);
#6623=ORIENTED_EDGE('',*,*,#5059,.F.);
#6624=ORIENTED_EDGE('',*,*,#5058,.F.);
#6625=ORIENTED_EDGE('',*,*,#5062,.F.);
#6626=ORIENTED_EDGE('',*,*,#5038,.F.);
#6627=ORIENTED_EDGE('',*,*,#5068,.F.);
#6628=ORIENTED_EDGE('',*,*,#5095,.F.);
#6629=ORIENTED_EDGE('',*,*,#5096,.F.);
#6630=ORIENTED_EDGE('',*,*,#5097,.T.);
#6631=ORIENTED_EDGE('',*,*,#5098,.F.);
#6632=ORIENTED_EDGE('',*,*,#5099,.T.);
#6633=ORIENTED_EDGE('',*,*,#5100,.F.);
#6634=ORIENTED_EDGE('',*,*,#5101,.F.);
#6635=ORIENTED_EDGE('',*,*,#5102,.F.);
#6636=ORIENTED_EDGE('',*,*,#5103,.F.);
#6637=ORIENTED_EDGE('',*,*,#5104,.F.);
#6638=ORIENTED_EDGE('',*,*,#5105,.F.);
#6639=ORIENTED_EDGE('',*,*,#5106,.F.);
#6640=ORIENTED_EDGE('',*,*,#5107,.F.);
#6641=ORIENTED_EDGE('',*,*,#5108,.T.);
#6642=ORIENTED_EDGE('',*,*,#5109,.F.);
#6643=ORIENTED_EDGE('',*,*,#5110,.F.);
#6644=ORIENTED_EDGE('',*,*,#5111,.F.);
#6645=ORIENTED_EDGE('',*,*,#5112,.F.);
#6646=ORIENTED_EDGE('',*,*,#5113,.F.);
#6647=ORIENTED_EDGE('',*,*,#5114,.F.);
#6648=ORIENTED_EDGE('',*,*,#5115,.T.);
#6649=ORIENTED_EDGE('',*,*,#5116,.F.);
#6650=ORIENTED_EDGE('',*,*,#5117,.F.);
#6651=ORIENTED_EDGE('',*,*,#5118,.F.);
#6652=ORIENTED_EDGE('',*,*,#5119,.T.);
#6653=ORIENTED_EDGE('',*,*,#5120,.F.);
#6654=ORIENTED_EDGE('',*,*,#5121,.F.);
#6655=ORIENTED_EDGE('',*,*,#5122,.F.);
#6656=ORIENTED_EDGE('',*,*,#5123,.F.);
#6657=ORIENTED_EDGE('',*,*,#5124,.F.);
#6658=ORIENTED_EDGE('',*,*,#5125,.F.);
#6659=ORIENTED_EDGE('',*,*,#5126,.F.);
#6660=ORIENTED_EDGE('',*,*,#5127,.F.);
#6661=ORIENTED_EDGE('',*,*,#5128,.F.);
#6662=ORIENTED_EDGE('',*,*,#5129,.T.);
#6663=ORIENTED_EDGE('',*,*,#5130,.F.);
#6664=ORIENTED_EDGE('',*,*,#5131,.F.);
#6665=ORIENTED_EDGE('',*,*,#5132,.F.);
#6666=ORIENTED_EDGE('',*,*,#4987,.T.);
#6667=ORIENTED_EDGE('',*,*,#5133,.F.);
#6668=ORIENTED_EDGE('',*,*,#5134,.F.);
#6669=ORIENTED_EDGE('',*,*,#5135,.F.);
#6670=ORIENTED_EDGE('',*,*,#5136,.F.);
#6671=ORIENTED_EDGE('',*,*,#5137,.F.);
#6672=ORIENTED_EDGE('',*,*,#5138,.F.);
#6673=ORIENTED_EDGE('',*,*,#5139,.T.);
#6674=ORIENTED_EDGE('',*,*,#5140,.F.);
#6675=ORIENTED_EDGE('',*,*,#5141,.F.);
#6676=ORIENTED_EDGE('',*,*,#5142,.F.);
#6677=ORIENTED_EDGE('',*,*,#5143,.F.);
#6678=ORIENTED_EDGE('',*,*,#5144,.F.);
#6679=ORIENTED_EDGE('',*,*,#5145,.F.);
#6680=ORIENTED_EDGE('',*,*,#5146,.F.);
#6681=ORIENTED_EDGE('',*,*,#5147,.F.);
#6682=ORIENTED_EDGE('',*,*,#5148,.F.);
#6683=ORIENTED_EDGE('',*,*,#5149,.F.);
#6684=ORIENTED_EDGE('',*,*,#5148,.T.);
#6685=ORIENTED_EDGE('',*,*,#5150,.T.);
#6686=ORIENTED_EDGE('',*,*,#5143,.T.);
#6687=ORIENTED_EDGE('',*,*,#5151,.T.);
#6688=ORIENTED_EDGE('',*,*,#5152,.T.);
#6689=ORIENTED_EDGE('',*,*,#5153,.F.);
#6690=ORIENTED_EDGE('',*,*,#5154,.F.);
#6691=ORIENTED_EDGE('',*,*,#5155,.F.);
#6692=ORIENTED_EDGE('',*,*,#5156,.F.);
#6693=ORIENTED_EDGE('',*,*,#5157,.F.);
#6694=ORIENTED_EDGE('',*,*,#5158,.F.);
#6695=ORIENTED_EDGE('',*,*,#5159,.T.);
#6696=ORIENTED_EDGE('',*,*,#5160,.F.);
#6697=ORIENTED_EDGE('',*,*,#5161,.F.);
#6698=ORIENTED_EDGE('',*,*,#5162,.F.);
#6699=ORIENTED_EDGE('',*,*,#5163,.F.);
#6700=ORIENTED_EDGE('',*,*,#5164,.F.);
#6701=ORIENTED_EDGE('',*,*,#5165,.F.);
#6702=ORIENTED_EDGE('',*,*,#5166,.F.);
#6703=ORIENTED_EDGE('',*,*,#5167,.F.);
#6704=ORIENTED_EDGE('',*,*,#4989,.T.);
#6705=ORIENTED_EDGE('',*,*,#5168,.F.);
#6706=ORIENTED_EDGE('',*,*,#5169,.F.);
#6707=ORIENTED_EDGE('',*,*,#5170,.F.);
#6708=ORIENTED_EDGE('',*,*,#5171,.F.);
#6709=ORIENTED_EDGE('',*,*,#5172,.F.);
#6710=ORIENTED_EDGE('',*,*,#5173,.F.);
#6711=ORIENTED_EDGE('',*,*,#4983,.T.);
#6712=ORIENTED_EDGE('',*,*,#5174,.F.);
#6713=ORIENTED_EDGE('',*,*,#5142,.T.);
#6714=ORIENTED_EDGE('',*,*,#4984,.T.);
#6715=ORIENTED_EDGE('',*,*,#5173,.T.);
#6716=ORIENTED_EDGE('',*,*,#5175,.T.);
#6717=ORIENTED_EDGE('',*,*,#5176,.T.);
#6718=ORIENTED_EDGE('',*,*,#5177,.F.);
#6719=ORIENTED_EDGE('',*,*,#5178,.F.);
#6720=ORIENTED_EDGE('',*,*,#5179,.F.);
#6721=ORIENTED_EDGE('',*,*,#5177,.T.);
#6722=ORIENTED_EDGE('',*,*,#5180,.T.);
#6723=ORIENTED_EDGE('',*,*,#5149,.T.);
#6724=ORIENTED_EDGE('',*,*,#5181,.T.);
#6725=ORIENTED_EDGE('',*,*,#5157,.T.);
#6726=ORIENTED_EDGE('',*,*,#5182,.T.);
#6727=ORIENTED_EDGE('',*,*,#5178,.T.);
#6728=ORIENTED_EDGE('',*,*,#5183,.T.);
#6729=ORIENTED_EDGE('',*,*,#5184,.F.);
#6730=ORIENTED_EDGE('',*,*,#5185,.F.);
#6731=ORIENTED_EDGE('',*,*,#5186,.F.);
#6732=ORIENTED_EDGE('',*,*,#5187,.T.);
#6733=ORIENTED_EDGE('',*,*,#5188,.F.);
#6734=ORIENTED_EDGE('',*,*,#5189,.F.);
#6735=ORIENTED_EDGE('',*,*,#5190,.F.);
#6736=ORIENTED_EDGE('',*,*,#5191,.F.);
#6737=ORIENTED_EDGE('',*,*,#5192,.F.);
#6738=ORIENTED_EDGE('',*,*,#5193,.F.);
#6739=ORIENTED_EDGE('',*,*,#5192,.T.);
#6740=ORIENTED_EDGE('',*,*,#4990,.T.);
#6741=ORIENTED_EDGE('',*,*,#5167,.T.);
#6742=ORIENTED_EDGE('',*,*,#5194,.T.);
#6743=ORIENTED_EDGE('',*,*,#5195,.F.);
#6744=ORIENTED_EDGE('',*,*,#5196,.F.);
#6745=ORIENTED_EDGE('',*,*,#5197,.T.);
#6746=ORIENTED_EDGE('',*,*,#5198,.F.);
#6747=ORIENTED_EDGE('',*,*,#5199,.F.);
#6748=ORIENTED_EDGE('',*,*,#5200,.F.);
#6749=ORIENTED_EDGE('',*,*,#4981,.T.);
#6750=ORIENTED_EDGE('',*,*,#5201,.F.);
#6751=ORIENTED_EDGE('',*,*,#5174,.T.);
#6752=ORIENTED_EDGE('',*,*,#4982,.T.);
#6753=ORIENTED_EDGE('',*,*,#5200,.T.);
#6754=ORIENTED_EDGE('',*,*,#5202,.T.);
#6755=ORIENTED_EDGE('',*,*,#5203,.T.);
#6756=ORIENTED_EDGE('',*,*,#5204,.F.);
#6757=ORIENTED_EDGE('',*,*,#5205,.F.);
#6758=ORIENTED_EDGE('',*,*,#5206,.F.);
#6759=ORIENTED_EDGE('',*,*,#5204,.T.);
#6760=ORIENTED_EDGE('',*,*,#5207,.T.);
#6761=ORIENTED_EDGE('',*,*,#5179,.T.);
#6762=ORIENTED_EDGE('',*,*,#5208,.T.);
#6763=ORIENTED_EDGE('',*,*,#5185,.T.);
#6764=ORIENTED_EDGE('',*,*,#5209,.T.);
#6765=ORIENTED_EDGE('',*,*,#5205,.T.);
#6766=ORIENTED_EDGE('',*,*,#5210,.T.);
#6767=ORIENTED_EDGE('',*,*,#5211,.F.);
#6768=ORIENTED_EDGE('',*,*,#5212,.F.);
#6769=ORIENTED_EDGE('',*,*,#5213,.F.);
#6770=ORIENTED_EDGE('',*,*,#5212,.T.);
#6771=ORIENTED_EDGE('',*,*,#5214,.T.);
#6772=ORIENTED_EDGE('',*,*,#5193,.T.);
#6773=ORIENTED_EDGE('',*,*,#5215,.T.);
#6774=ORIENTED_EDGE('',*,*,#5188,.T.);
#6775=ORIENTED_EDGE('',*,*,#5216,.T.);
#6776=ORIENTED_EDGE('',*,*,#5213,.T.);
#6777=ORIENTED_EDGE('',*,*,#5217,.T.);
#6778=ORIENTED_EDGE('',*,*,#5218,.T.);
#6779=ORIENTED_EDGE('',*,*,#5219,.F.);
#6780=ORIENTED_EDGE('',*,*,#5220,.F.);
#6781=ORIENTED_EDGE('',*,*,#5221,.F.);
#6782=ORIENTED_EDGE('',*,*,#5222,.F.);
#6783=ORIENTED_EDGE('',*,*,#5223,.F.);
#6784=ORIENTED_EDGE('',*,*,#5224,.T.);
#6785=ORIENTED_EDGE('',*,*,#5225,.F.);
#6786=ORIENTED_EDGE('',*,*,#5226,.F.);
#6787=ORIENTED_EDGE('',*,*,#5227,.F.);
#6788=ORIENTED_EDGE('',*,*,#5228,.F.);
#6789=ORIENTED_EDGE('',*,*,#5191,.T.);
#6790=ORIENTED_EDGE('',*,*,#5229,.T.);
#6791=ORIENTED_EDGE('',*,*,#5227,.T.);
#6792=ORIENTED_EDGE('',*,*,#4991,.T.);
#6793=ORIENTED_EDGE('',*,*,#5230,.F.);
#6794=ORIENTED_EDGE('',*,*,#5231,.F.);
#6795=ORIENTED_EDGE('',*,*,#5232,.F.);
#6796=ORIENTED_EDGE('',*,*,#5233,.F.);
#6797=ORIENTED_EDGE('',*,*,#5234,.F.);
#6798=ORIENTED_EDGE('',*,*,#5235,.F.);
#6799=ORIENTED_EDGE('',*,*,#5236,.F.);
#6800=ORIENTED_EDGE('',*,*,#5237,.F.);
#6801=ORIENTED_EDGE('',*,*,#5238,.T.);
#6802=ORIENTED_EDGE('',*,*,#5239,.F.);
#6803=ORIENTED_EDGE('',*,*,#5240,.F.);
#6804=ORIENTED_EDGE('',*,*,#5241,.F.);
#6805=ORIENTED_EDGE('',*,*,#5242,.F.);
#6806=ORIENTED_EDGE('',*,*,#5243,.F.);
#6807=ORIENTED_EDGE('',*,*,#5244,.F.);
#6808=ORIENTED_EDGE('',*,*,#5245,.T.);
#6809=ORIENTED_EDGE('',*,*,#5246,.F.);
#6810=ORIENTED_EDGE('',*,*,#5247,.F.);
#6811=ORIENTED_EDGE('',*,*,#5248,.F.);
#6812=ORIENTED_EDGE('',*,*,#5249,.F.);
#6813=ORIENTED_EDGE('',*,*,#5211,.T.);
#6814=ORIENTED_EDGE('',*,*,#5250,.T.);
#6815=ORIENTED_EDGE('',*,*,#5248,.T.);
#6816=ORIENTED_EDGE('',*,*,#5251,.T.);
#6817=ORIENTED_EDGE('',*,*,#5252,.F.);
#6818=ORIENTED_EDGE('',*,*,#5253,.F.);
#6819=ORIENTED_EDGE('',*,*,#5254,.F.);
#6820=ORIENTED_EDGE('',*,*,#5255,.F.);
#6821=ORIENTED_EDGE('',*,*,#5256,.F.);
#6822=ORIENTED_EDGE('',*,*,#5257,.T.);
#6823=ORIENTED_EDGE('',*,*,#5258,.F.);
#6824=ORIENTED_EDGE('',*,*,#5259,.F.);
#6825=ORIENTED_EDGE('',*,*,#5260,.F.);
#6826=ORIENTED_EDGE('',*,*,#5261,.F.);
#6827=ORIENTED_EDGE('',*,*,#5262,.F.);
#6828=ORIENTED_EDGE('',*,*,#5263,.F.);
#6829=ORIENTED_EDGE('',*,*,#4993,.T.);
#6830=ORIENTED_EDGE('',*,*,#5264,.F.);
#6831=ORIENTED_EDGE('',*,*,#5265,.F.);
#6832=ORIENTED_EDGE('',*,*,#5266,.F.);
#6833=ORIENTED_EDGE('',*,*,#5267,.T.);
#6834=ORIENTED_EDGE('',*,*,#5268,.F.);
#6835=ORIENTED_EDGE('',*,*,#5269,.F.);
#6836=ORIENTED_EDGE('',*,*,#5270,.F.);
#6837=ORIENTED_EDGE('',*,*,#5271,.F.);
#6838=ORIENTED_EDGE('',*,*,#5272,.F.);
#6839=ORIENTED_EDGE('',*,*,#5273,.F.);
#6840=ORIENTED_EDGE('',*,*,#5274,.F.);
#6841=ORIENTED_EDGE('',*,*,#5275,.F.);
#6842=ORIENTED_EDGE('',*,*,#5276,.F.);
#6843=ORIENTED_EDGE('',*,*,#5277,.F.);
#6844=ORIENTED_EDGE('',*,*,#5276,.T.);
#6845=ORIENTED_EDGE('',*,*,#5278,.T.);
#6846=ORIENTED_EDGE('',*,*,#5271,.T.);
#6847=ORIENTED_EDGE('',*,*,#5279,.T.);
#6848=ORIENTED_EDGE('',*,*,#5280,.F.);
#6849=ORIENTED_EDGE('',*,*,#5281,.F.);
#6850=ORIENTED_EDGE('',*,*,#5282,.F.);
#6851=ORIENTED_EDGE('',*,*,#5283,.T.);
#6852=ORIENTED_EDGE('',*,*,#5284,.F.);
#6853=ORIENTED_EDGE('',*,*,#5285,.F.);
#6854=ORIENTED_EDGE('',*,*,#5286,.F.);
#6855=ORIENTED_EDGE('',*,*,#5287,.T.);
#6856=ORIENTED_EDGE('',*,*,#5288,.F.);
#6857=ORIENTED_EDGE('',*,*,#5289,.F.);
#6858=ORIENTED_EDGE('',*,*,#5290,.F.);
#6859=ORIENTED_EDGE('',*,*,#5291,.F.);
#6860=ORIENTED_EDGE('',*,*,#5292,.F.);
#6861=ORIENTED_EDGE('',*,*,#5293,.F.);
#6862=ORIENTED_EDGE('',*,*,#5294,.F.);
#6863=ORIENTED_EDGE('',*,*,#5295,.F.);
#6864=ORIENTED_EDGE('',*,*,#4995,.T.);
#6865=ORIENTED_EDGE('',*,*,#5296,.F.);
#6866=ORIENTED_EDGE('',*,*,#5297,.F.);
#6867=ORIENTED_EDGE('',*,*,#5298,.F.);
#6868=ORIENTED_EDGE('',*,*,#5299,.F.);
#6869=ORIENTED_EDGE('',*,*,#5300,.F.);
#6870=ORIENTED_EDGE('',*,*,#5301,.F.);
#6871=ORIENTED_EDGE('',*,*,#4977,.T.);
#6872=ORIENTED_EDGE('',*,*,#5302,.F.);
#6873=ORIENTED_EDGE('',*,*,#5270,.T.);
#6874=ORIENTED_EDGE('',*,*,#4978,.T.);
#6875=ORIENTED_EDGE('',*,*,#5301,.T.);
#6876=ORIENTED_EDGE('',*,*,#5303,.T.);
#6877=ORIENTED_EDGE('',*,*,#5304,.T.);
#6878=ORIENTED_EDGE('',*,*,#5305,.F.);
#6879=ORIENTED_EDGE('',*,*,#5306,.F.);
#6880=ORIENTED_EDGE('',*,*,#5307,.F.);
#6881=ORIENTED_EDGE('',*,*,#5305,.T.);
#6882=ORIENTED_EDGE('',*,*,#5308,.T.);
#6883=ORIENTED_EDGE('',*,*,#5277,.T.);
#6884=ORIENTED_EDGE('',*,*,#5309,.T.);
#6885=ORIENTED_EDGE('',*,*,#5281,.T.);
#6886=ORIENTED_EDGE('',*,*,#5310,.T.);
#6887=ORIENTED_EDGE('',*,*,#5306,.T.);
#6888=ORIENTED_EDGE('',*,*,#5311,.T.);
#6889=ORIENTED_EDGE('',*,*,#5312,.F.);
#6890=ORIENTED_EDGE('',*,*,#5313,.F.);
#6891=ORIENTED_EDGE('',*,*,#5314,.F.);
#6892=ORIENTED_EDGE('',*,*,#5315,.T.);
#6893=ORIENTED_EDGE('',*,*,#5316,.F.);
#6894=ORIENTED_EDGE('',*,*,#5317,.F.);
#6895=ORIENTED_EDGE('',*,*,#5318,.F.);
#6896=ORIENTED_EDGE('',*,*,#5319,.F.);
#6897=ORIENTED_EDGE('',*,*,#5320,.F.);
#6898=ORIENTED_EDGE('',*,*,#5321,.F.);
#6899=ORIENTED_EDGE('',*,*,#5320,.T.);
#6900=ORIENTED_EDGE('',*,*,#4996,.T.);
#6901=ORIENTED_EDGE('',*,*,#5295,.T.);
#6902=ORIENTED_EDGE('',*,*,#5322,.T.);
#6903=ORIENTED_EDGE('',*,*,#5323,.F.);
#6904=ORIENTED_EDGE('',*,*,#5324,.F.);
#6905=ORIENTED_EDGE('',*,*,#5325,.T.);
#6906=ORIENTED_EDGE('',*,*,#5326,.F.);
#6907=ORIENTED_EDGE('',*,*,#5013,.T.);
#6908=ORIENTED_EDGE('',*,*,#5327,.F.);
#6909=ORIENTED_EDGE('',*,*,#5328,.F.);
#6910=ORIENTED_EDGE('',*,*,#5329,.F.);
#6911=ORIENTED_EDGE('',*,*,#5330,.F.);
#6912=ORIENTED_EDGE('',*,*,#5331,.F.);
#6913=ORIENTED_EDGE('',*,*,#4975,.T.);
#6914=ORIENTED_EDGE('',*,*,#5332,.F.);
#6915=ORIENTED_EDGE('',*,*,#5302,.T.);
#6916=ORIENTED_EDGE('',*,*,#4976,.T.);
#6917=ORIENTED_EDGE('',*,*,#5331,.T.);
#6918=ORIENTED_EDGE('',*,*,#5333,.T.);
#6919=ORIENTED_EDGE('',*,*,#5334,.T.);
#6920=ORIENTED_EDGE('',*,*,#5335,.F.);
#6921=ORIENTED_EDGE('',*,*,#5336,.F.);
#6922=ORIENTED_EDGE('',*,*,#5337,.F.);
#6923=ORIENTED_EDGE('',*,*,#5335,.T.);
#6924=ORIENTED_EDGE('',*,*,#5338,.T.);
#6925=ORIENTED_EDGE('',*,*,#5307,.T.);
#6926=ORIENTED_EDGE('',*,*,#5339,.T.);
#6927=ORIENTED_EDGE('',*,*,#5313,.T.);
#6928=ORIENTED_EDGE('',*,*,#5340,.T.);
#6929=ORIENTED_EDGE('',*,*,#5336,.T.);
#6930=ORIENTED_EDGE('',*,*,#5341,.T.);
#6931=ORIENTED_EDGE('',*,*,#5342,.F.);
#6932=ORIENTED_EDGE('',*,*,#5343,.F.);
#6933=ORIENTED_EDGE('',*,*,#5344,.F.);
#6934=ORIENTED_EDGE('',*,*,#5343,.T.);
#6935=ORIENTED_EDGE('',*,*,#5345,.T.);
#6936=ORIENTED_EDGE('',*,*,#5321,.T.);
#6937=ORIENTED_EDGE('',*,*,#5346,.T.);
#6938=ORIENTED_EDGE('',*,*,#5316,.T.);
#6939=ORIENTED_EDGE('',*,*,#5347,.T.);
#6940=ORIENTED_EDGE('',*,*,#5344,.T.);
#6941=ORIENTED_EDGE('',*,*,#5348,.T.);
#6942=ORIENTED_EDGE('',*,*,#5349,.T.);
#6943=ORIENTED_EDGE('',*,*,#5350,.F.);
#6944=ORIENTED_EDGE('',*,*,#5351,.F.);
#6945=ORIENTED_EDGE('',*,*,#5352,.F.);
#6946=ORIENTED_EDGE('',*,*,#5353,.F.);
#6947=ORIENTED_EDGE('',*,*,#5354,.F.);
#6948=ORIENTED_EDGE('',*,*,#5355,.T.);
#6949=ORIENTED_EDGE('',*,*,#5356,.F.);
#6950=ORIENTED_EDGE('',*,*,#5357,.F.);
#6951=ORIENTED_EDGE('',*,*,#5358,.F.);
#6952=ORIENTED_EDGE('',*,*,#5359,.F.);
#6953=ORIENTED_EDGE('',*,*,#5319,.T.);
#6954=ORIENTED_EDGE('',*,*,#5360,.T.);
#6955=ORIENTED_EDGE('',*,*,#5358,.T.);
#6956=ORIENTED_EDGE('',*,*,#4997,.T.);
#6957=ORIENTED_EDGE('',*,*,#5361,.F.);
#6958=ORIENTED_EDGE('',*,*,#5362,.F.);
#6959=ORIENTED_EDGE('',*,*,#5363,.F.);
#6960=ORIENTED_EDGE('',*,*,#5364,.F.);
#6961=ORIENTED_EDGE('',*,*,#5365,.F.);
#6962=ORIENTED_EDGE('',*,*,#5009,.T.);
#6963=ORIENTED_EDGE('',*,*,#5366,.F.);
#6964=ORIENTED_EDGE('',*,*,#5367,.T.);
#6965=ORIENTED_EDGE('',*,*,#5368,.T.);
#6966=ORIENTED_EDGE('',*,*,#5327,.T.);
#6967=ORIENTED_EDGE('',*,*,#5012,.T.);
#6968=ORIENTED_EDGE('',*,*,#5369,.T.);
#6969=ORIENTED_EDGE('',*,*,#5370,.T.);
#6970=ORIENTED_EDGE('',*,*,#5367,.F.);
#6971=ORIENTED_EDGE('',*,*,#5011,.T.);
#6972=ORIENTED_EDGE('',*,*,#5365,.T.);
#6973=ORIENTED_EDGE('',*,*,#5371,.T.);
#6974=ORIENTED_EDGE('',*,*,#5369,.F.);
#6975=ORIENTED_EDGE('',*,*,#5010,.T.);
#6976=ORIENTED_EDGE('',*,*,#5372,.T.);
#6977=ORIENTED_EDGE('',*,*,#5373,.F.);
#6978=ORIENTED_EDGE('',*,*,#5374,.F.);
#6979=ORIENTED_EDGE('',*,*,#5375,.F.);
#6980=ORIENTED_EDGE('',*,*,#5376,.F.);
#6981=ORIENTED_EDGE('',*,*,#5377,.F.);
#6982=ORIENTED_EDGE('',*,*,#5378,.T.);
#6983=ORIENTED_EDGE('',*,*,#5379,.F.);
#6984=ORIENTED_EDGE('',*,*,#5380,.T.);
#6985=ORIENTED_EDGE('',*,*,#5381,.T.);
#6986=ORIENTED_EDGE('',*,*,#5373,.T.);
#6987=ORIENTED_EDGE('',*,*,#5382,.T.);
#6988=ORIENTED_EDGE('',*,*,#5383,.T.);
#6989=ORIENTED_EDGE('',*,*,#5384,.T.);
#6990=ORIENTED_EDGE('',*,*,#5380,.F.);
#6991=ORIENTED_EDGE('',*,*,#5385,.T.);
#6992=ORIENTED_EDGE('',*,*,#5377,.T.);
#6993=ORIENTED_EDGE('',*,*,#5386,.T.);
#6994=ORIENTED_EDGE('',*,*,#5383,.F.);
#6995=ORIENTED_EDGE('',*,*,#5387,.T.);
#6996=ORIENTED_EDGE('',*,*,#5388,.F.);
#6997=ORIENTED_EDGE('',*,*,#5389,.F.);
#6998=ORIENTED_EDGE('',*,*,#5390,.F.);
#6999=ORIENTED_EDGE('',*,*,#5329,.T.);
#7000=ORIENTED_EDGE('',*,*,#5391,.T.);
#7001=ORIENTED_EDGE('',*,*,#5389,.T.);
#7002=ORIENTED_EDGE('',*,*,#5014,.T.);
#7003=ORIENTED_EDGE('',*,*,#5392,.F.);
#7004=ORIENTED_EDGE('',*,*,#5393,.F.);
#7005=ORIENTED_EDGE('',*,*,#5394,.F.);
#7006=ORIENTED_EDGE('',*,*,#5395,.F.);
#7007=ORIENTED_EDGE('',*,*,#5396,.F.);
#7008=ORIENTED_EDGE('',*,*,#5397,.T.);
#7009=ORIENTED_EDGE('',*,*,#5398,.F.);
#7010=ORIENTED_EDGE('',*,*,#5399,.F.);
#7011=ORIENTED_EDGE('',*,*,#5400,.F.);
#7012=ORIENTED_EDGE('',*,*,#5401,.F.);
#7013=ORIENTED_EDGE('',*,*,#5402,.F.);
#7014=ORIENTED_EDGE('',*,*,#5403,.F.);
#7015=ORIENTED_EDGE('',*,*,#5404,.T.);
#7016=ORIENTED_EDGE('',*,*,#5405,.F.);
#7017=ORIENTED_EDGE('',*,*,#5406,.F.);
#7018=ORIENTED_EDGE('',*,*,#5407,.F.);
#7019=ORIENTED_EDGE('',*,*,#5408,.F.);
#7020=ORIENTED_EDGE('',*,*,#5342,.T.);
#7021=ORIENTED_EDGE('',*,*,#5409,.T.);
#7022=ORIENTED_EDGE('',*,*,#5407,.T.);
#7023=ORIENTED_EDGE('',*,*,#5410,.T.);
#7024=ORIENTED_EDGE('',*,*,#5411,.F.);
#7025=ORIENTED_EDGE('',*,*,#5412,.F.);
#7026=ORIENTED_EDGE('',*,*,#5413,.T.);
#7027=ORIENTED_EDGE('',*,*,#5414,.F.);
#7028=ORIENTED_EDGE('',*,*,#5415,.F.);
#7029=ORIENTED_EDGE('',*,*,#5416,.F.);
#7030=ORIENTED_EDGE('',*,*,#5417,.F.);
#7031=ORIENTED_EDGE('',*,*,#5418,.F.);
#7032=ORIENTED_EDGE('',*,*,#5419,.F.);
#7033=ORIENTED_EDGE('',*,*,#5420,.F.);
#7034=ORIENTED_EDGE('',*,*,#5421,.F.);
#7035=ORIENTED_EDGE('',*,*,#5422,.F.);
#7036=ORIENTED_EDGE('',*,*,#4999,.T.);
#7037=ORIENTED_EDGE('',*,*,#5423,.F.);
#7038=ORIENTED_EDGE('',*,*,#5007,.T.);
#7039=ORIENTED_EDGE('',*,*,#5424,.F.);
#7040=ORIENTED_EDGE('',*,*,#5425,.F.);
#7041=ORIENTED_EDGE('',*,*,#5426,.F.);
#7042=ORIENTED_EDGE('',*,*,#5427,.F.);
#7043=ORIENTED_EDGE('',*,*,#5428,.F.);
#7044=ORIENTED_EDGE('',*,*,#5429,.T.);
#7045=ORIENTED_EDGE('',*,*,#5430,.F.);
#7046=ORIENTED_EDGE('',*,*,#5431,.F.);
#7047=ORIENTED_EDGE('',*,*,#5432,.F.);
#7048=ORIENTED_EDGE('',*,*,#5433,.F.);
#7049=ORIENTED_EDGE('',*,*,#5390,.T.);
#7050=ORIENTED_EDGE('',*,*,#5434,.T.);
#7051=ORIENTED_EDGE('',*,*,#5432,.T.);
#7052=ORIENTED_EDGE('',*,*,#5435,.T.);
#7053=ORIENTED_EDGE('',*,*,#5433,.T.);
#7054=ORIENTED_EDGE('',*,*,#5436,.T.);
#7055=ORIENTED_EDGE('',*,*,#5379,.T.);
#7056=ORIENTED_EDGE('',*,*,#5437,.T.);
#7057=ORIENTED_EDGE('',*,*,#5438,.F.);
#7058=ORIENTED_EDGE('',*,*,#5439,.F.);
#7059=ORIENTED_EDGE('',*,*,#5440,.F.);
#7060=ORIENTED_EDGE('',*,*,#5439,.T.);
#7061=ORIENTED_EDGE('',*,*,#5015,.T.);
#7062=ORIENTED_EDGE('',*,*,#5388,.T.);
#7063=ORIENTED_EDGE('',*,*,#5441,.T.);
#7064=ORIENTED_EDGE('',*,*,#5442,.F.);
#7065=ORIENTED_EDGE('',*,*,#5443,.F.);
#7066=ORIENTED_EDGE('',*,*,#5444,.F.);
#7067=ORIENTED_EDGE('',*,*,#5445,.F.);
#7068=ORIENTED_EDGE('',*,*,#5446,.F.);
#7069=ORIENTED_EDGE('',*,*,#5447,.F.);
#7070=ORIENTED_EDGE('',*,*,#5448,.F.);
#7071=ORIENTED_EDGE('',*,*,#5449,.F.);
#7072=ORIENTED_EDGE('',*,*,#5450,.T.);
#7073=ORIENTED_EDGE('',*,*,#5451,.F.);
#7074=ORIENTED_EDGE('',*,*,#5452,.F.);
#7075=ORIENTED_EDGE('',*,*,#5453,.F.);
#7076=ORIENTED_EDGE('',*,*,#5454,.F.);
#7077=ORIENTED_EDGE('',*,*,#5453,.T.);
#7078=ORIENTED_EDGE('',*,*,#5455,.T.);
#7079=ORIENTED_EDGE('',*,*,#5444,.T.);
#7080=ORIENTED_EDGE('',*,*,#5456,.T.);
#7081=ORIENTED_EDGE('',*,*,#5457,.T.);
#7082=ORIENTED_EDGE('',*,*,#5458,.F.);
#7083=ORIENTED_EDGE('',*,*,#5459,.F.);
#7084=ORIENTED_EDGE('',*,*,#5460,.F.);
#7085=ORIENTED_EDGE('',*,*,#5461,.F.);
#7086=ORIENTED_EDGE('',*,*,#5462,.F.);
#7087=ORIENTED_EDGE('',*,*,#5463,.F.);
#7088=ORIENTED_EDGE('',*,*,#5464,.T.);
#7089=ORIENTED_EDGE('',*,*,#5465,.F.);
#7090=ORIENTED_EDGE('',*,*,#5466,.F.);
#7091=ORIENTED_EDGE('',*,*,#5467,.F.);
#7092=ORIENTED_EDGE('',*,*,#5468,.F.);
#7093=ORIENTED_EDGE('',*,*,#5469,.F.);
#7094=ORIENTED_EDGE('',*,*,#5470,.F.);
#7095=ORIENTED_EDGE('',*,*,#5471,.F.);
#7096=ORIENTED_EDGE('',*,*,#5472,.F.);
#7097=ORIENTED_EDGE('',*,*,#5001,.T.);
#7098=ORIENTED_EDGE('',*,*,#5473,.F.);
#7099=ORIENTED_EDGE('',*,*,#5474,.F.);
#7100=ORIENTED_EDGE('',*,*,#5475,.F.);
#7101=ORIENTED_EDGE('',*,*,#5476,.F.);
#7102=ORIENTED_EDGE('',*,*,#5477,.F.);
#7103=ORIENTED_EDGE('',*,*,#5478,.F.);
#7104=ORIENTED_EDGE('',*,*,#5479,.F.);
#7105=ORIENTED_EDGE('',*,*,#5428,.T.);
#7106=ORIENTED_EDGE('',*,*,#5480,.T.);
#7107=ORIENTED_EDGE('',*,*,#5478,.T.);
#7108=ORIENTED_EDGE('',*,*,#5481,.T.);
#7109=ORIENTED_EDGE('',*,*,#5476,.T.);
#7110=ORIENTED_EDGE('',*,*,#5482,.T.);
#7111=ORIENTED_EDGE('',*,*,#5479,.T.);
#7112=ORIENTED_EDGE('',*,*,#5483,.T.);
#7113=ORIENTED_EDGE('',*,*,#5484,.F.);
#7114=ORIENTED_EDGE('',*,*,#5485,.F.);
#7115=ORIENTED_EDGE('',*,*,#5486,.F.);
#7116=ORIENTED_EDGE('',*,*,#5485,.T.);
#7117=ORIENTED_EDGE('',*,*,#5487,.T.);
#7118=ORIENTED_EDGE('',*,*,#5431,.T.);
#7119=ORIENTED_EDGE('',*,*,#5488,.T.);
#7120=ORIENTED_EDGE('',*,*,#5017,.T.);
#7121=ORIENTED_EDGE('',*,*,#5489,.F.);
#7122=ORIENTED_EDGE('',*,*,#5490,.F.);
#7123=ORIENTED_EDGE('',*,*,#5491,.F.);
#7124=ORIENTED_EDGE('',*,*,#5438,.T.);
#7125=ORIENTED_EDGE('',*,*,#5492,.T.);
#7126=ORIENTED_EDGE('',*,*,#5489,.T.);
#7127=ORIENTED_EDGE('',*,*,#5016,.T.);
#7128=ORIENTED_EDGE('',*,*,#5493,.F.);
#7129=ORIENTED_EDGE('',*,*,#5494,.F.);
#7130=ORIENTED_EDGE('',*,*,#4971,.T.);
#7131=ORIENTED_EDGE('',*,*,#5495,.F.);
#7132=ORIENTED_EDGE('',*,*,#5443,.T.);
#7133=ORIENTED_EDGE('',*,*,#4972,.T.);
#7134=ORIENTED_EDGE('',*,*,#5494,.T.);
#7135=ORIENTED_EDGE('',*,*,#5496,.T.);
#7136=ORIENTED_EDGE('',*,*,#5497,.F.);
#7137=ORIENTED_EDGE('',*,*,#5498,.F.);
#7138=ORIENTED_EDGE('',*,*,#5499,.F.);
#7139=ORIENTED_EDGE('',*,*,#5500,.T.);
#7140=ORIENTED_EDGE('',*,*,#5501,.F.);
#7141=ORIENTED_EDGE('',*,*,#5502,.F.);
#7142=ORIENTED_EDGE('',*,*,#5503,.F.);
#7143=ORIENTED_EDGE('',*,*,#5501,.T.);
#7144=ORIENTED_EDGE('',*,*,#5504,.T.);
#7145=ORIENTED_EDGE('',*,*,#5454,.T.);
#7146=ORIENTED_EDGE('',*,*,#5505,.T.);
#7147=ORIENTED_EDGE('',*,*,#5462,.T.);
#7148=ORIENTED_EDGE('',*,*,#5506,.T.);
#7149=ORIENTED_EDGE('',*,*,#5502,.T.);
#7150=ORIENTED_EDGE('',*,*,#5507,.T.);
#7151=ORIENTED_EDGE('',*,*,#5508,.F.);
#7152=ORIENTED_EDGE('',*,*,#5509,.F.);
#7153=ORIENTED_EDGE('',*,*,#5510,.F.);
#7154=ORIENTED_EDGE('',*,*,#5511,.T.);
#7155=ORIENTED_EDGE('',*,*,#5512,.F.);
#7156=ORIENTED_EDGE('',*,*,#5513,.F.);
#7157=ORIENTED_EDGE('',*,*,#5514,.F.);
#7158=ORIENTED_EDGE('',*,*,#5515,.F.);
#7159=ORIENTED_EDGE('',*,*,#5516,.F.);
#7160=ORIENTED_EDGE('',*,*,#5517,.F.);
#7161=ORIENTED_EDGE('',*,*,#5516,.T.);
#7162=ORIENTED_EDGE('',*,*,#5002,.T.);
#7163=ORIENTED_EDGE('',*,*,#5472,.T.);
#7164=ORIENTED_EDGE('',*,*,#5518,.T.);
#7165=ORIENTED_EDGE('',*,*,#5519,.F.);
#7166=ORIENTED_EDGE('',*,*,#5520,.F.);
#7167=ORIENTED_EDGE('',*,*,#5521,.F.);
#7168=ORIENTED_EDGE('',*,*,#5475,.T.);
#7169=ORIENTED_EDGE('',*,*,#5005,.T.);
#7170=ORIENTED_EDGE('',*,*,#5520,.T.);
#7171=ORIENTED_EDGE('',*,*,#5522,.T.);
#7172=ORIENTED_EDGE('',*,*,#5523,.F.);
#7173=ORIENTED_EDGE('',*,*,#5524,.F.);
#7174=ORIENTED_EDGE('',*,*,#5525,.F.);
#7175=ORIENTED_EDGE('',*,*,#5526,.F.);
#7176=ORIENTED_EDGE('',*,*,#5527,.F.);
#7177=ORIENTED_EDGE('',*,*,#5093,.F.);
#7178=ORIENTED_EDGE('',*,*,#5528,.T.);
#7179=ORIENTED_EDGE('',*,*,#5529,.F.);
#7180=ORIENTED_EDGE('',*,*,#5530,.F.);
#7181=ORIENTED_EDGE('',*,*,#5531,.T.);
#7182=ORIENTED_EDGE('',*,*,#5532,.F.);
#7183=ORIENTED_EDGE('',*,*,#5530,.T.);
#7184=ORIENTED_EDGE('',*,*,#5533,.T.);
#7185=ORIENTED_EDGE('',*,*,#5486,.T.);
#7186=ORIENTED_EDGE('',*,*,#5534,.T.);
#7187=ORIENTED_EDGE('',*,*,#5021,.T.);
#7188=ORIENTED_EDGE('',*,*,#5535,.F.);
#7189=ORIENTED_EDGE('',*,*,#5536,.F.);
#7190=ORIENTED_EDGE('',*,*,#5537,.F.);
#7191=ORIENTED_EDGE('',*,*,#5538,.T.);
#7192=ORIENTED_EDGE('',*,*,#5539,.T.);
#7193=ORIENTED_EDGE('',*,*,#5535,.T.);
#7194=ORIENTED_EDGE('',*,*,#5020,.T.);
#7195=ORIENTED_EDGE('',*,*,#5540,.T.);
#7196=ORIENTED_EDGE('',*,*,#5541,.T.);
#7197=ORIENTED_EDGE('',*,*,#5538,.F.);
#7198=ORIENTED_EDGE('',*,*,#5019,.T.);
#7199=ORIENTED_EDGE('',*,*,#5491,.T.);
#7200=ORIENTED_EDGE('',*,*,#5542,.T.);
#7201=ORIENTED_EDGE('',*,*,#5540,.F.);
#7202=ORIENTED_EDGE('',*,*,#5018,.T.);
#7203=ORIENTED_EDGE('',*,*,#5543,.F.);
#7204=ORIENTED_EDGE('',*,*,#5544,.F.);
#7205=ORIENTED_EDGE('',*,*,#4969,.T.);
#7206=ORIENTED_EDGE('',*,*,#5545,.F.);
#7207=ORIENTED_EDGE('',*,*,#5495,.T.);
#7208=ORIENTED_EDGE('',*,*,#4970,.T.);
#7209=ORIENTED_EDGE('',*,*,#5544,.T.);
#7210=ORIENTED_EDGE('',*,*,#5546,.T.);
#7211=ORIENTED_EDGE('',*,*,#5547,.T.);
#7212=ORIENTED_EDGE('',*,*,#5548,.F.);
#7213=ORIENTED_EDGE('',*,*,#5549,.F.);
#7214=ORIENTED_EDGE('',*,*,#5550,.F.);
#7215=ORIENTED_EDGE('',*,*,#5548,.T.);
#7216=ORIENTED_EDGE('',*,*,#5551,.T.);
#7217=ORIENTED_EDGE('',*,*,#5503,.T.);
#7218=ORIENTED_EDGE('',*,*,#5552,.T.);
#7219=ORIENTED_EDGE('',*,*,#5509,.T.);
#7220=ORIENTED_EDGE('',*,*,#5553,.T.);
#7221=ORIENTED_EDGE('',*,*,#5549,.T.);
#7222=ORIENTED_EDGE('',*,*,#5554,.T.);
#7223=ORIENTED_EDGE('',*,*,#5555,.F.);
#7224=ORIENTED_EDGE('',*,*,#5556,.F.);
#7225=ORIENTED_EDGE('',*,*,#5557,.F.);
#7226=ORIENTED_EDGE('',*,*,#5556,.T.);
#7227=ORIENTED_EDGE('',*,*,#5558,.T.);
#7228=ORIENTED_EDGE('',*,*,#5517,.T.);
#7229=ORIENTED_EDGE('',*,*,#5559,.T.);
#7230=ORIENTED_EDGE('',*,*,#5512,.T.);
#7231=ORIENTED_EDGE('',*,*,#5560,.T.);
#7232=ORIENTED_EDGE('',*,*,#5557,.T.);
#7233=ORIENTED_EDGE('',*,*,#5561,.T.);
#7234=ORIENTED_EDGE('',*,*,#5562,.F.);
#7235=ORIENTED_EDGE('',*,*,#5563,.F.);
#7236=ORIENTED_EDGE('',*,*,#5564,.F.);
#7237=ORIENTED_EDGE('',*,*,#5565,.T.);
#7238=ORIENTED_EDGE('',*,*,#5566,.F.);
#7239=ORIENTED_EDGE('',*,*,#5567,.F.);
#7240=ORIENTED_EDGE('',*,*,#5568,.F.);
#7241=ORIENTED_EDGE('',*,*,#5569,.F.);
#7242=ORIENTED_EDGE('',*,*,#5570,.F.);
#7243=ORIENTED_EDGE('',*,*,#5571,.T.);
#7244=ORIENTED_EDGE('',*,*,#5572,.F.);
#7245=ORIENTED_EDGE('',*,*,#5573,.T.);
#7246=ORIENTED_EDGE('',*,*,#5574,.T.);
#7247=ORIENTED_EDGE('',*,*,#5532,.T.);
#7248=ORIENTED_EDGE('',*,*,#5575,.T.);
#7249=ORIENTED_EDGE('',*,*,#5576,.T.);
#7250=ORIENTED_EDGE('',*,*,#5577,.T.);
#7251=ORIENTED_EDGE('',*,*,#5573,.F.);
#7252=ORIENTED_EDGE('',*,*,#5578,.T.);
#7253=ORIENTED_EDGE('',*,*,#5570,.T.);
#7254=ORIENTED_EDGE('',*,*,#5579,.T.);
#7255=ORIENTED_EDGE('',*,*,#5576,.F.);
#7256=ORIENTED_EDGE('',*,*,#5580,.T.);
#7257=ORIENTED_EDGE('',*,*,#5581,.F.);
#7258=ORIENTED_EDGE('',*,*,#5582,.F.);
#7259=ORIENTED_EDGE('',*,*,#4963,.T.);
#7260=ORIENTED_EDGE('',*,*,#5583,.F.);
#7261=ORIENTED_EDGE('',*,*,#5584,.F.);
#7262=ORIENTED_EDGE('',*,*,#5585,.F.);
#7263=ORIENTED_EDGE('',*,*,#5586,.F.);
#7264=ORIENTED_EDGE('',*,*,#5587,.F.);
#7265=ORIENTED_EDGE('',*,*,#5588,.F.);
#7266=ORIENTED_EDGE('',*,*,#5589,.F.);
#7267=ORIENTED_EDGE('',*,*,#5590,.F.);
#7268=ORIENTED_EDGE('',*,*,#5591,.F.);
#7269=ORIENTED_EDGE('',*,*,#5592,.F.);
#7270=ORIENTED_EDGE('',*,*,#5555,.T.);
#7271=ORIENTED_EDGE('',*,*,#5593,.T.);
#7272=ORIENTED_EDGE('',*,*,#5591,.T.);
#7273=ORIENTED_EDGE('',*,*,#5594,.T.);
#7274=ORIENTED_EDGE('',*,*,#5595,.F.);
#7275=ORIENTED_EDGE('',*,*,#5596,.F.);
#7276=ORIENTED_EDGE('',*,*,#5091,.F.);
#7277=ORIENTED_EDGE('',*,*,#5597,.T.);
#7278=ORIENTED_EDGE('',*,*,#5598,.F.);
#7279=ORIENTED_EDGE('',*,*,#5599,.F.);
#7280=ORIENTED_EDGE('',*,*,#5600,.F.);
#7281=ORIENTED_EDGE('',*,*,#5601,.F.);
#7282=ORIENTED_EDGE('',*,*,#5602,.F.);
#7283=ORIENTED_EDGE('',*,*,#5603,.F.);
#7284=ORIENTED_EDGE('',*,*,#5582,.T.);
#7285=ORIENTED_EDGE('',*,*,#5604,.T.);
#7286=ORIENTED_EDGE('',*,*,#5602,.T.);
#7287=ORIENTED_EDGE('',*,*,#4964,.T.);
#7288=ORIENTED_EDGE('',*,*,#5605,.F.);
#7289=ORIENTED_EDGE('',*,*,#5606,.F.);
#7290=ORIENTED_EDGE('',*,*,#5607,.F.);
#7291=ORIENTED_EDGE('',*,*,#5608,.F.);
#7292=ORIENTED_EDGE('',*,*,#5609,.F.);
#7293=ORIENTED_EDGE('',*,*,#5610,.F.);
#7294=ORIENTED_EDGE('',*,*,#5609,.T.);
#7295=ORIENTED_EDGE('',*,*,#5611,.T.);
#7296=ORIENTED_EDGE('',*,*,#5606,.T.);
#7297=ORIENTED_EDGE('',*,*,#5612,.T.);
#7298=ORIENTED_EDGE('',*,*,#5613,.F.);
#7299=ORIENTED_EDGE('',*,*,#5614,.F.);
#7300=ORIENTED_EDGE('',*,*,#5615,.F.);
#7301=ORIENTED_EDGE('',*,*,#5614,.T.);
#7302=ORIENTED_EDGE('',*,*,#5616,.T.);
#7303=ORIENTED_EDGE('',*,*,#5592,.T.);
#7304=ORIENTED_EDGE('',*,*,#5617,.T.);
#7305=ORIENTED_EDGE('',*,*,#5618,.F.);
#7306=ORIENTED_EDGE('',*,*,#5619,.F.);
#7307=ORIENTED_EDGE('',*,*,#5620,.F.);
#7308=ORIENTED_EDGE('',*,*,#5603,.T.);
#7309=ORIENTED_EDGE('',*,*,#5621,.T.);
#7310=ORIENTED_EDGE('',*,*,#5619,.T.);
#7311=ORIENTED_EDGE('',*,*,#5622,.T.);
#7312=ORIENTED_EDGE('',*,*,#5620,.T.);
#7313=ORIENTED_EDGE('',*,*,#5623,.T.);
#7314=ORIENTED_EDGE('',*,*,#5598,.T.);
#7315=ORIENTED_EDGE('',*,*,#5624,.T.);
#7316=ORIENTED_EDGE('',*,*,#5625,.F.);
#7317=ORIENTED_EDGE('',*,*,#5626,.F.);
#7318=ORIENTED_EDGE('',*,*,#5627,.F.);
#7319=ORIENTED_EDGE('',*,*,#5626,.T.);
#7320=ORIENTED_EDGE('',*,*,#4965,.T.);
#7321=ORIENTED_EDGE('',*,*,#5601,.T.);
#7322=ORIENTED_EDGE('',*,*,#5628,.T.);
#7323=ORIENTED_EDGE('',*,*,#5629,.F.);
#7324=ORIENTED_EDGE('',*,*,#5630,.F.);
#7325=ORIENTED_EDGE('',*,*,#5631,.F.);
#7326=ORIENTED_EDGE('',*,*,#5632,.F.);
#7327=ORIENTED_EDGE('',*,*,#5633,.F.);
#7328=ORIENTED_EDGE('',*,*,#5634,.F.);
#7329=ORIENTED_EDGE('',*,*,#5627,.T.);
#7330=ORIENTED_EDGE('',*,*,#5635,.T.);
#7331=ORIENTED_EDGE('',*,*,#5633,.T.);
#7332=ORIENTED_EDGE('',*,*,#5636,.T.);
#7333=ORIENTED_EDGE('',*,*,#5634,.T.);
#7334=ORIENTED_EDGE('',*,*,#5637,.T.);
#7335=ORIENTED_EDGE('',*,*,#5618,.T.);
#7336=ORIENTED_EDGE('',*,*,#5638,.T.);
#7337=ORIENTED_EDGE('',*,*,#5639,.F.);
#7338=ORIENTED_EDGE('',*,*,#5640,.F.);
#7339=ORIENTED_EDGE('',*,*,#5084,.F.);
#7340=ORIENTED_EDGE('',*,*,#5641,.T.);
#7341=ORIENTED_EDGE('',*,*,#5642,.F.);
#7342=ORIENTED_EDGE('',*,*,#5643,.F.);
#7343=ORIENTED_EDGE('',*,*,#5644,.F.);
#7344=ORIENTED_EDGE('',*,*,#5645,.T.);
#7345=ORIENTED_EDGE('',*,*,#5646,.T.);
#7346=ORIENTED_EDGE('',*,*,#5642,.T.);
#7347=ORIENTED_EDGE('',*,*,#5647,.T.);
#7348=ORIENTED_EDGE('',*,*,#5648,.T.);
#7349=ORIENTED_EDGE('',*,*,#5649,.T.);
#7350=ORIENTED_EDGE('',*,*,#5645,.F.);
#7351=ORIENTED_EDGE('',*,*,#5650,.T.);
#7352=ORIENTED_EDGE('',*,*,#5632,.T.);
#7353=ORIENTED_EDGE('',*,*,#5651,.T.);
#7354=ORIENTED_EDGE('',*,*,#5648,.F.);
#7355=ORIENTED_EDGE('',*,*,#5652,.T.);
#7356=ORIENTED_EDGE('',*,*,#5653,.F.);
#7357=ORIENTED_EDGE('',*,*,#5654,.F.);
#7358=ORIENTED_EDGE('',*,*,#5078,.T.);
#7359=ORIENTED_EDGE('',*,*,#5082,.F.);
#7360=ORIENTED_EDGE('',*,*,#5066,.F.);
#7361=ORIENTED_EDGE('',*,*,#5080,.T.);
#7362=ORIENTED_EDGE('',*,*,#5655,.T.);
#7363=ORIENTED_EDGE('',*,*,#5656,.T.);
#7364=ORIENTED_EDGE('',*,*,#5654,.T.);
#7365=ORIENTED_EDGE('',*,*,#5657,.T.);
#7366=ORIENTED_EDGE('',*,*,#5655,.F.);
#7367=ORIENTED_EDGE('',*,*,#5079,.T.);
#7368=ORIENTED_EDGE('',*,*,#5643,.T.);
#7369=ORIENTED_EDGE('',*,*,#5658,.T.);
#7370=ORIENTED_EDGE('',*,*,#5653,.T.);
#7371=ORIENTED_EDGE('',*,*,#5659,.T.);
#7372=ORIENTED_EDGE('',*,*,#5644,.T.);
#7373=ORIENTED_EDGE('',*,*,#5660,.T.);
#7374=ORIENTED_EDGE('',*,*,#5640,.T.);
#7375=ORIENTED_EDGE('',*,*,#5661,.T.);
#7376=ORIENTED_EDGE('',*,*,#5639,.T.);
#7377=ORIENTED_EDGE('',*,*,#5089,.T.);
#7378=ORIENTED_EDGE('',*,*,#5630,.T.);
#7379=ORIENTED_EDGE('',*,*,#5662,.T.);
#7380=ORIENTED_EDGE('',*,*,#5631,.T.);
#7381=ORIENTED_EDGE('',*,*,#5088,.T.);
#7382=ORIENTED_EDGE('',*,*,#5615,.T.);
#7383=ORIENTED_EDGE('',*,*,#5663,.T.);
#7384=ORIENTED_EDGE('',*,*,#5629,.T.);
#7385=ORIENTED_EDGE('',*,*,#5664,.T.);
#7386=ORIENTED_EDGE('',*,*,#5610,.T.);
#7387=ORIENTED_EDGE('',*,*,#5665,.T.);
#7388=ORIENTED_EDGE('',*,*,#5605,.T.);
#7389=ORIENTED_EDGE('',*,*,#4966,.T.);
#7390=ORIENTED_EDGE('',*,*,#5625,.T.);
#7391=ORIENTED_EDGE('',*,*,#5666,.T.);
#7392=ORIENTED_EDGE('',*,*,#5596,.T.);
#7393=ORIENTED_EDGE('',*,*,#5667,.T.);
#7394=ORIENTED_EDGE('',*,*,#5613,.T.);
#7395=ORIENTED_EDGE('',*,*,#5087,.T.);
#7396=ORIENTED_EDGE('',*,*,#5608,.T.);
#7397=ORIENTED_EDGE('',*,*,#5668,.T.);
#7398=ORIENTED_EDGE('',*,*,#5588,.T.);
#7399=ORIENTED_EDGE('',*,*,#5669,.T.);
#7400=ORIENTED_EDGE('',*,*,#5607,.T.);
#7401=ORIENTED_EDGE('',*,*,#5670,.T.);
#7402=ORIENTED_EDGE('',*,*,#5585,.T.);
#7403=ORIENTED_EDGE('',*,*,#4967,.T.);
#7404=ORIENTED_EDGE('',*,*,#5599,.T.);
#7405=ORIENTED_EDGE('',*,*,#5671,.T.);
#7406=ORIENTED_EDGE('',*,*,#5581,.T.);
#7407=ORIENTED_EDGE('',*,*,#5672,.T.);
#7408=ORIENTED_EDGE('',*,*,#5600,.T.);
#7409=ORIENTED_EDGE('',*,*,#5673,.T.);
#7410=ORIENTED_EDGE('',*,*,#5572,.T.);
#7411=ORIENTED_EDGE('',*,*,#5674,.T.);
#7412=ORIENTED_EDGE('',*,*,#5566,.T.);
#7413=ORIENTED_EDGE('',*,*,#5675,.T.);
#7414=ORIENTED_EDGE('',*,*,#5595,.T.);
#7415=ORIENTED_EDGE('',*,*,#5676,.T.);
#7416=ORIENTED_EDGE('',*,*,#5590,.T.);
#7417=ORIENTED_EDGE('',*,*,#5677,.T.);
#7418=ORIENTED_EDGE('',*,*,#5563,.T.);
#7419=ORIENTED_EDGE('',*,*,#5678,.T.);
#7420=ORIENTED_EDGE('',*,*,#5589,.T.);
#7421=ORIENTED_EDGE('',*,*,#5679,.T.);
#7422=ORIENTED_EDGE('',*,*,#5550,.T.);
#7423=ORIENTED_EDGE('',*,*,#5680,.T.);
#7424=ORIENTED_EDGE('',*,*,#5586,.T.);
#7425=ORIENTED_EDGE('',*,*,#5681,.T.);
#7426=ORIENTED_EDGE('',*,*,#5587,.T.);
#7427=ORIENTED_EDGE('',*,*,#5682,.T.);
#7428=ORIENTED_EDGE('',*,*,#5545,.T.);
#7429=ORIENTED_EDGE('',*,*,#4968,.T.);
#7430=ORIENTED_EDGE('',*,*,#5584,.T.);
#7431=ORIENTED_EDGE('',*,*,#5683,.T.);
#7432=ORIENTED_EDGE('',*,*,#5537,.T.);
#7433=ORIENTED_EDGE('',*,*,#5684,.T.);
#7434=ORIENTED_EDGE('',*,*,#5583,.T.);
#7435=ORIENTED_EDGE('',*,*,#5022,.T.);
#7436=ORIENTED_EDGE('',*,*,#5536,.T.);
#7437=ORIENTED_EDGE('',*,*,#5685,.T.);
#7438=ORIENTED_EDGE('',*,*,#5569,.T.);
#7439=ORIENTED_EDGE('',*,*,#5686,.T.);
#7440=ORIENTED_EDGE('',*,*,#5527,.T.);
#7441=ORIENTED_EDGE('',*,*,#5687,.T.);
#7442=ORIENTED_EDGE('',*,*,#5567,.T.);
#7443=ORIENTED_EDGE('',*,*,#5688,.T.);
#7444=ORIENTED_EDGE('',*,*,#5689,.T.);
#7445=ORIENTED_EDGE('',*,*,#5690,.T.);
#7446=ORIENTED_EDGE('',*,*,#5568,.T.);
#7447=ORIENTED_EDGE('',*,*,#5691,.T.);
#7448=ORIENTED_EDGE('',*,*,#5692,.T.);
#7449=ORIENTED_EDGE('',*,*,#5693,.T.);
#7450=ORIENTED_EDGE('',*,*,#5689,.F.);
#7451=ORIENTED_EDGE('',*,*,#5694,.T.);
#7452=ORIENTED_EDGE('',*,*,#5524,.T.);
#7453=ORIENTED_EDGE('',*,*,#5695,.T.);
#7454=ORIENTED_EDGE('',*,*,#5692,.F.);
#7455=ORIENTED_EDGE('',*,*,#5696,.T.);
#7456=ORIENTED_EDGE('',*,*,#5564,.T.);
#7457=ORIENTED_EDGE('',*,*,#5697,.T.);
#7458=ORIENTED_EDGE('',*,*,#5521,.T.);
#7459=ORIENTED_EDGE('',*,*,#5004,.T.);
#7460=ORIENTED_EDGE('',*,*,#5515,.T.);
#7461=ORIENTED_EDGE('',*,*,#5698,.T.);
#7462=ORIENTED_EDGE('',*,*,#5562,.T.);
#7463=ORIENTED_EDGE('',*,*,#5003,.T.);
#7464=ORIENTED_EDGE('',*,*,#5498,.T.);
#7465=ORIENTED_EDGE('',*,*,#5699,.T.);
#7466=ORIENTED_EDGE('',*,*,#5543,.T.);
#7467=ORIENTED_EDGE('',*,*,#5700,.T.);
#7468=ORIENTED_EDGE('',*,*,#5490,.T.);
#7469=ORIENTED_EDGE('',*,*,#5701,.T.);
#7470=ORIENTED_EDGE('',*,*,#5529,.T.);
#7471=ORIENTED_EDGE('',*,*,#5702,.T.);
#7472=ORIENTED_EDGE('',*,*,#5703,.T.);
#7473=ORIENTED_EDGE('',*,*,#5704,.T.);
#7474=ORIENTED_EDGE('',*,*,#5526,.T.);
#7475=ORIENTED_EDGE('',*,*,#5705,.T.);
#7476=ORIENTED_EDGE('',*,*,#5034,.F.);
#7477=ORIENTED_EDGE('',*,*,#5706,.T.);
#7478=ORIENTED_EDGE('',*,*,#5703,.F.);
#7479=ORIENTED_EDGE('',*,*,#5707,.T.);
#7480=ORIENTED_EDGE('',*,*,#5477,.T.);
#7481=ORIENTED_EDGE('',*,*,#5708,.T.);
#7482=ORIENTED_EDGE('',*,*,#5525,.T.);
#7483=ORIENTED_EDGE('',*,*,#5709,.T.);
#7484=ORIENTED_EDGE('',*,*,#5519,.T.);
#7485=ORIENTED_EDGE('',*,*,#5710,.T.);
#7486=ORIENTED_EDGE('',*,*,#5523,.T.);
#7487=ORIENTED_EDGE('',*,*,#5711,.T.);
#7488=ORIENTED_EDGE('',*,*,#5469,.T.);
#7489=ORIENTED_EDGE('',*,*,#5712,.T.);
#7490=ORIENTED_EDGE('',*,*,#5513,.T.);
#7491=ORIENTED_EDGE('',*,*,#5713,.T.);
#7492=ORIENTED_EDGE('',*,*,#5465,.T.);
#7493=ORIENTED_EDGE('',*,*,#5714,.T.);
#7494=ORIENTED_EDGE('',*,*,#5514,.T.);
#7495=ORIENTED_EDGE('',*,*,#5715,.T.);
#7496=ORIENTED_EDGE('',*,*,#5461,.T.);
#7497=ORIENTED_EDGE('',*,*,#5716,.T.);
#7498=ORIENTED_EDGE('',*,*,#5510,.T.);
#7499=ORIENTED_EDGE('',*,*,#5717,.T.);
#7500=ORIENTED_EDGE('',*,*,#5508,.T.);
#7501=ORIENTED_EDGE('',*,*,#5718,.T.);
#7502=ORIENTED_EDGE('',*,*,#5458,.T.);
#7503=ORIENTED_EDGE('',*,*,#5719,.T.);
#7504=ORIENTED_EDGE('',*,*,#5499,.T.);
#7505=ORIENTED_EDGE('',*,*,#5720,.T.);
#7506=ORIENTED_EDGE('',*,*,#5449,.T.);
#7507=ORIENTED_EDGE('',*,*,#5721,.T.);
#7508=ORIENTED_EDGE('',*,*,#5447,.T.);
#7509=ORIENTED_EDGE('',*,*,#5722,.T.);
#7510=ORIENTED_EDGE('',*,*,#5497,.T.);
#7511=ORIENTED_EDGE('',*,*,#5723,.T.);
#7512=ORIENTED_EDGE('',*,*,#5446,.T.);
#7513=ORIENTED_EDGE('',*,*,#5724,.T.);
#7514=ORIENTED_EDGE('',*,*,#5493,.T.);
#7515=ORIENTED_EDGE('',*,*,#5725,.T.);
#7516=ORIENTED_EDGE('',*,*,#5440,.T.);
#7517=ORIENTED_EDGE('',*,*,#5726,.T.);
#7518=ORIENTED_EDGE('',*,*,#5484,.T.);
#7519=ORIENTED_EDGE('',*,*,#5727,.T.);
#7520=ORIENTED_EDGE('',*,*,#5474,.T.);
#7521=ORIENTED_EDGE('',*,*,#5728,.T.);
#7522=ORIENTED_EDGE('',*,*,#5424,.T.);
#7523=ORIENTED_EDGE('',*,*,#5006,.T.);
#7524=ORIENTED_EDGE('',*,*,#5473,.T.);
#7525=ORIENTED_EDGE('',*,*,#5000,.T.);
#7526=ORIENTED_EDGE('',*,*,#5422,.T.);
#7527=ORIENTED_EDGE('',*,*,#5729,.T.);
#7528=ORIENTED_EDGE('',*,*,#5419,.T.);
#7529=ORIENTED_EDGE('',*,*,#5730,.T.);
#7530=ORIENTED_EDGE('',*,*,#5471,.T.);
#7531=ORIENTED_EDGE('',*,*,#5731,.T.);
#7532=ORIENTED_EDGE('',*,*,#5412,.T.);
#7533=ORIENTED_EDGE('',*,*,#5732,.T.);
#7534=ORIENTED_EDGE('',*,*,#5470,.T.);
#7535=ORIENTED_EDGE('',*,*,#5733,.T.);
#7536=ORIENTED_EDGE('',*,*,#5468,.T.);
#7537=ORIENTED_EDGE('',*,*,#5734,.T.);
#7538=ORIENTED_EDGE('',*,*,#5417,.T.);
#7539=ORIENTED_EDGE('',*,*,#5735,.T.);
#7540=ORIENTED_EDGE('',*,*,#5416,.T.);
#7541=ORIENTED_EDGE('',*,*,#5736,.T.);
#7542=ORIENTED_EDGE('',*,*,#5466,.T.);
#7543=ORIENTED_EDGE('',*,*,#5737,.T.);
#7544=ORIENTED_EDGE('',*,*,#5408,.T.);
#7545=ORIENTED_EDGE('',*,*,#5738,.T.);
#7546=ORIENTED_EDGE('',*,*,#5467,.T.);
#7547=ORIENTED_EDGE('',*,*,#5739,.T.);
#7548=ORIENTED_EDGE('',*,*,#5403,.T.);
#7549=ORIENTED_EDGE('',*,*,#5740,.T.);
#7550=ORIENTED_EDGE('',*,*,#5463,.T.);
#7551=ORIENTED_EDGE('',*,*,#5741,.T.);
#7552=ORIENTED_EDGE('',*,*,#5459,.T.);
#7553=ORIENTED_EDGE('',*,*,#5742,.T.);
#7554=ORIENTED_EDGE('',*,*,#5402,.T.);
#7555=ORIENTED_EDGE('',*,*,#5743,.T.);
#7556=ORIENTED_EDGE('',*,*,#5460,.T.);
#7557=ORIENTED_EDGE('',*,*,#5744,.T.);
#7558=ORIENTED_EDGE('',*,*,#5451,.T.);
#7559=ORIENTED_EDGE('',*,*,#5745,.T.);
#7560=ORIENTED_EDGE('',*,*,#5452,.T.);
#7561=ORIENTED_EDGE('',*,*,#5746,.T.);
#7562=ORIENTED_EDGE('',*,*,#5400,.T.);
#7563=ORIENTED_EDGE('',*,*,#5747,.T.);
#7564=ORIENTED_EDGE('',*,*,#5395,.T.);
#7565=ORIENTED_EDGE('',*,*,#5748,.T.);
#7566=ORIENTED_EDGE('',*,*,#5448,.T.);
#7567=ORIENTED_EDGE('',*,*,#5749,.T.);
#7568=ORIENTED_EDGE('',*,*,#5398,.T.);
#7569=ORIENTED_EDGE('',*,*,#5750,.T.);
#7570=ORIENTED_EDGE('',*,*,#5445,.T.);
#7571=ORIENTED_EDGE('',*,*,#5751,.T.);
#7572=ORIENTED_EDGE('',*,*,#5442,.T.);
#7573=ORIENTED_EDGE('',*,*,#5752,.T.);
#7574=ORIENTED_EDGE('',*,*,#5393,.T.);
#7575=ORIENTED_EDGE('',*,*,#4973,.T.);
#7576=ORIENTED_EDGE('',*,*,#5430,.T.);
#7577=ORIENTED_EDGE('',*,*,#5753,.T.);
#7578=ORIENTED_EDGE('',*,*,#5375,.T.);
#7579=ORIENTED_EDGE('',*,*,#5754,.T.);
#7580=ORIENTED_EDGE('',*,*,#5425,.T.);
#7581=ORIENTED_EDGE('',*,*,#5755,.T.);
#7582=ORIENTED_EDGE('',*,*,#5427,.T.);
#7583=ORIENTED_EDGE('',*,*,#5756,.T.);
#7584=ORIENTED_EDGE('',*,*,#5366,.T.);
#7585=ORIENTED_EDGE('',*,*,#5008,.T.);
#7586=ORIENTED_EDGE('',*,*,#5426,.T.);
#7587=ORIENTED_EDGE('',*,*,#5757,.T.);
#7588=ORIENTED_EDGE('',*,*,#5423,.T.);
#7589=ORIENTED_EDGE('',*,*,#4998,.T.);
#7590=ORIENTED_EDGE('',*,*,#5357,.T.);
#7591=ORIENTED_EDGE('',*,*,#5758,.T.);
#7592=ORIENTED_EDGE('',*,*,#5362,.T.);
#7593=ORIENTED_EDGE('',*,*,#5759,.T.);
#7594=ORIENTED_EDGE('',*,*,#5421,.T.);
#7595=ORIENTED_EDGE('',*,*,#5760,.T.);
#7596=ORIENTED_EDGE('',*,*,#5420,.T.);
#7597=ORIENTED_EDGE('',*,*,#5761,.T.);
#7598=ORIENTED_EDGE('',*,*,#5361,.T.);
#7599=ORIENTED_EDGE('',*,*,#5762,.T.);
#7600=ORIENTED_EDGE('',*,*,#5356,.T.);
#7601=ORIENTED_EDGE('',*,*,#5763,.T.);
#7602=ORIENTED_EDGE('',*,*,#5418,.T.);
#7603=ORIENTED_EDGE('',*,*,#5764,.T.);
#7604=ORIENTED_EDGE('',*,*,#5415,.T.);
#7605=ORIENTED_EDGE('',*,*,#5765,.T.);
#7606=ORIENTED_EDGE('',*,*,#5350,.T.);
#7607=ORIENTED_EDGE('',*,*,#5766,.T.);
#7608=ORIENTED_EDGE('',*,*,#5414,.T.);
#7609=ORIENTED_EDGE('',*,*,#5767,.T.);
#7610=ORIENTED_EDGE('',*,*,#5354,.T.);
#7611=ORIENTED_EDGE('',*,*,#5768,.T.);
#7612=ORIENTED_EDGE('',*,*,#5351,.T.);
#7613=ORIENTED_EDGE('',*,*,#5769,.T.);
#7614=ORIENTED_EDGE('',*,*,#5411,.T.);
#7615=ORIENTED_EDGE('',*,*,#5770,.T.);
#7616=ORIENTED_EDGE('',*,*,#5359,.T.);
#7617=ORIENTED_EDGE('',*,*,#5771,.T.);
#7618=ORIENTED_EDGE('',*,*,#5406,.T.);
#7619=ORIENTED_EDGE('',*,*,#5772,.T.);
#7620=ORIENTED_EDGE('',*,*,#5405,.T.);
#7621=ORIENTED_EDGE('',*,*,#5773,.T.);
#7622=ORIENTED_EDGE('',*,*,#5396,.T.);
#7623=ORIENTED_EDGE('',*,*,#5774,.T.);
#7624=ORIENTED_EDGE('',*,*,#5401,.T.);
#7625=ORIENTED_EDGE('',*,*,#5775,.T.);
#7626=ORIENTED_EDGE('',*,*,#5337,.T.);
#7627=ORIENTED_EDGE('',*,*,#5776,.T.);
#7628=ORIENTED_EDGE('',*,*,#5394,.T.);
#7629=ORIENTED_EDGE('',*,*,#5777,.T.);
#7630=ORIENTED_EDGE('',*,*,#5399,.T.);
#7631=ORIENTED_EDGE('',*,*,#5778,.T.);
#7632=ORIENTED_EDGE('',*,*,#5332,.T.);
#7633=ORIENTED_EDGE('',*,*,#4974,.T.);
#7634=ORIENTED_EDGE('',*,*,#5392,.T.);
#7635=ORIENTED_EDGE('',*,*,#5779,.T.);
#7636=ORIENTED_EDGE('',*,*,#5328,.T.);
#7637=ORIENTED_EDGE('',*,*,#5780,.T.);
#7638=ORIENTED_EDGE('',*,*,#5376,.T.);
#7639=ORIENTED_EDGE('',*,*,#5781,.T.);
#7640=ORIENTED_EDGE('',*,*,#5374,.T.);
#7641=ORIENTED_EDGE('',*,*,#5782,.T.);
#7642=ORIENTED_EDGE('',*,*,#5364,.T.);
#7643=ORIENTED_EDGE('',*,*,#5783,.T.);
#7644=ORIENTED_EDGE('',*,*,#5363,.T.);
#7645=ORIENTED_EDGE('',*,*,#5784,.T.);
#7646=ORIENTED_EDGE('',*,*,#5324,.T.);
#7647=ORIENTED_EDGE('',*,*,#5785,.T.);
#7648=ORIENTED_EDGE('',*,*,#5353,.T.);
#7649=ORIENTED_EDGE('',*,*,#5786,.T.);
#7650=ORIENTED_EDGE('',*,*,#5323,.T.);
#7651=ORIENTED_EDGE('',*,*,#5787,.T.);
#7652=ORIENTED_EDGE('',*,*,#5352,.T.);
#7653=ORIENTED_EDGE('',*,*,#5788,.T.);
#7654=ORIENTED_EDGE('',*,*,#5326,.T.);
#7655=ORIENTED_EDGE('',*,*,#5789,.T.);
#7656=ORIENTED_EDGE('',*,*,#5298,.T.);
#7657=ORIENTED_EDGE('',*,*,#5790,.T.);
#7658=ORIENTED_EDGE('',*,*,#5330,.T.);
#7659=ORIENTED_EDGE('',*,*,#5791,.T.);
#7660=ORIENTED_EDGE('',*,*,#5292,.T.);
#7661=ORIENTED_EDGE('',*,*,#5792,.T.);
#7662=ORIENTED_EDGE('',*,*,#5317,.T.);
#7663=ORIENTED_EDGE('',*,*,#5793,.T.);
#7664=ORIENTED_EDGE('',*,*,#5288,.T.);
#7665=ORIENTED_EDGE('',*,*,#5794,.T.);
#7666=ORIENTED_EDGE('',*,*,#5318,.T.);
#7667=ORIENTED_EDGE('',*,*,#5795,.T.);
#7668=ORIENTED_EDGE('',*,*,#5280,.T.);
#7669=ORIENTED_EDGE('',*,*,#5796,.T.);
#7670=ORIENTED_EDGE('',*,*,#5314,.T.);
#7671=ORIENTED_EDGE('',*,*,#5797,.T.);
#7672=ORIENTED_EDGE('',*,*,#5312,.T.);
#7673=ORIENTED_EDGE('',*,*,#5798,.T.);
#7674=ORIENTED_EDGE('',*,*,#5284,.T.);
#7675=ORIENTED_EDGE('',*,*,#5799,.T.);
#7676=ORIENTED_EDGE('',*,*,#5273,.T.);
#7677=ORIENTED_EDGE('',*,*,#5800,.T.);
#7678=ORIENTED_EDGE('',*,*,#5300,.T.);
#7679=ORIENTED_EDGE('',*,*,#5801,.T.);
#7680=ORIENTED_EDGE('',*,*,#5299,.T.);
#7681=ORIENTED_EDGE('',*,*,#5802,.T.);
#7682=ORIENTED_EDGE('',*,*,#5266,.T.);
#7683=ORIENTED_EDGE('',*,*,#5803,.T.);
#7684=ORIENTED_EDGE('',*,*,#5274,.T.);
#7685=ORIENTED_EDGE('',*,*,#5804,.T.);
#7686=ORIENTED_EDGE('',*,*,#5297,.T.);
#7687=ORIENTED_EDGE('',*,*,#5805,.T.);
#7688=ORIENTED_EDGE('',*,*,#5296,.T.);
#7689=ORIENTED_EDGE('',*,*,#4994,.T.);
#7690=ORIENTED_EDGE('',*,*,#5263,.T.);
#7691=ORIENTED_EDGE('',*,*,#5806,.T.);
#7692=ORIENTED_EDGE('',*,*,#5260,.T.);
#7693=ORIENTED_EDGE('',*,*,#5807,.T.);
#7694=ORIENTED_EDGE('',*,*,#5294,.T.);
#7695=ORIENTED_EDGE('',*,*,#5808,.T.);
#7696=ORIENTED_EDGE('',*,*,#5256,.T.);
#7697=ORIENTED_EDGE('',*,*,#5809,.T.);
#7698=ORIENTED_EDGE('',*,*,#5293,.T.);
#7699=ORIENTED_EDGE('',*,*,#5810,.T.);
#7700=ORIENTED_EDGE('',*,*,#5291,.T.);
#7701=ORIENTED_EDGE('',*,*,#5811,.T.);
#7702=ORIENTED_EDGE('',*,*,#5254,.T.);
#7703=ORIENTED_EDGE('',*,*,#5812,.T.);
#7704=ORIENTED_EDGE('',*,*,#5253,.T.);
#7705=ORIENTED_EDGE('',*,*,#5813,.T.);
#7706=ORIENTED_EDGE('',*,*,#5289,.T.);
#7707=ORIENTED_EDGE('',*,*,#5814,.T.);
#7708=ORIENTED_EDGE('',*,*,#5249,.T.);
#7709=ORIENTED_EDGE('',*,*,#5815,.T.);
#7710=ORIENTED_EDGE('',*,*,#5290,.T.);
#7711=ORIENTED_EDGE('',*,*,#5816,.T.);
#7712=ORIENTED_EDGE('',*,*,#5285,.T.);
#7713=ORIENTED_EDGE('',*,*,#5817,.T.);
#7714=ORIENTED_EDGE('',*,*,#5243,.T.);
#7715=ORIENTED_EDGE('',*,*,#5818,.T.);
#7716=ORIENTED_EDGE('',*,*,#5286,.T.);
#7717=ORIENTED_EDGE('',*,*,#5819,.T.);
#7718=ORIENTED_EDGE('',*,*,#5268,.T.);
#7719=ORIENTED_EDGE('',*,*,#5820,.T.);
#7720=ORIENTED_EDGE('',*,*,#5244,.T.);
#7721=ORIENTED_EDGE('',*,*,#5821,.T.);
#7722=ORIENTED_EDGE('',*,*,#5282,.T.);
#7723=ORIENTED_EDGE('',*,*,#5822,.T.);
#7724=ORIENTED_EDGE('',*,*,#5275,.T.);
#7725=ORIENTED_EDGE('',*,*,#5823,.T.);
#7726=ORIENTED_EDGE('',*,*,#5241,.T.);
#7727=ORIENTED_EDGE('',*,*,#5824,.T.);
#7728=ORIENTED_EDGE('',*,*,#5239,.T.);
#7729=ORIENTED_EDGE('',*,*,#5825,.T.);
#7730=ORIENTED_EDGE('',*,*,#5272,.T.);
#7731=ORIENTED_EDGE('',*,*,#5826,.T.);
#7732=ORIENTED_EDGE('',*,*,#5269,.T.);
#7733=ORIENTED_EDGE('',*,*,#5827,.T.);
#7734=ORIENTED_EDGE('',*,*,#5234,.T.);
#7735=ORIENTED_EDGE('',*,*,#4979,.T.);
#7736=ORIENTED_EDGE('',*,*,#5236,.T.);
#7737=ORIENTED_EDGE('',*,*,#5828,.T.);
#7738=ORIENTED_EDGE('',*,*,#5265,.T.);
#7739=ORIENTED_EDGE('',*,*,#5829,.T.);
#7740=ORIENTED_EDGE('',*,*,#5264,.T.);
#7741=ORIENTED_EDGE('',*,*,#4992,.T.);
#7742=ORIENTED_EDGE('',*,*,#5226,.T.);
#7743=ORIENTED_EDGE('',*,*,#5830,.T.);
#7744=ORIENTED_EDGE('',*,*,#5231,.T.);
#7745=ORIENTED_EDGE('',*,*,#5831,.T.);
#7746=ORIENTED_EDGE('',*,*,#5262,.T.);
#7747=ORIENTED_EDGE('',*,*,#5832,.T.);
#7748=ORIENTED_EDGE('',*,*,#5261,.T.);
#7749=ORIENTED_EDGE('',*,*,#5833,.T.);
#7750=ORIENTED_EDGE('',*,*,#5230,.T.);
#7751=ORIENTED_EDGE('',*,*,#5834,.T.);
#7752=ORIENTED_EDGE('',*,*,#5225,.T.);
#7753=ORIENTED_EDGE('',*,*,#5835,.T.);
#7754=ORIENTED_EDGE('',*,*,#5259,.T.);
#7755=ORIENTED_EDGE('',*,*,#5836,.T.);
#7756=ORIENTED_EDGE('',*,*,#5258,.T.);
#7757=ORIENTED_EDGE('',*,*,#5837,.T.);
#7758=ORIENTED_EDGE('',*,*,#5223,.T.);
#7759=ORIENTED_EDGE('',*,*,#5838,.T.);
#7760=ORIENTED_EDGE('',*,*,#5220,.T.);
#7761=ORIENTED_EDGE('',*,*,#5839,.T.);
#7762=ORIENTED_EDGE('',*,*,#5255,.T.);
#7763=ORIENTED_EDGE('',*,*,#5840,.T.);
#7764=ORIENTED_EDGE('',*,*,#5252,.T.);
#7765=ORIENTED_EDGE('',*,*,#5841,.T.);
#7766=ORIENTED_EDGE('',*,*,#5219,.T.);
#7767=ORIENTED_EDGE('',*,*,#5842,.T.);
#7768=ORIENTED_EDGE('',*,*,#5228,.T.);
#7769=ORIENTED_EDGE('',*,*,#5843,.T.);
#7770=ORIENTED_EDGE('',*,*,#5247,.T.);
#7771=ORIENTED_EDGE('',*,*,#5844,.T.);
#7772=ORIENTED_EDGE('',*,*,#5246,.T.);
#7773=ORIENTED_EDGE('',*,*,#5845,.T.);
#7774=ORIENTED_EDGE('',*,*,#5237,.T.);
#7775=ORIENTED_EDGE('',*,*,#5846,.T.);
#7776=ORIENTED_EDGE('',*,*,#5242,.T.);
#7777=ORIENTED_EDGE('',*,*,#5847,.T.);
#7778=ORIENTED_EDGE('',*,*,#5206,.T.);
#7779=ORIENTED_EDGE('',*,*,#5848,.T.);
#7780=ORIENTED_EDGE('',*,*,#5235,.T.);
#7781=ORIENTED_EDGE('',*,*,#5849,.T.);
#7782=ORIENTED_EDGE('',*,*,#5240,.T.);
#7783=ORIENTED_EDGE('',*,*,#5850,.T.);
#7784=ORIENTED_EDGE('',*,*,#5201,.T.);
#7785=ORIENTED_EDGE('',*,*,#4980,.T.);
#7786=ORIENTED_EDGE('',*,*,#5233,.T.);
#7787=ORIENTED_EDGE('',*,*,#5851,.T.);
#7788=ORIENTED_EDGE('',*,*,#5232,.T.);
#7789=ORIENTED_EDGE('',*,*,#5852,.T.);
#7790=ORIENTED_EDGE('',*,*,#5196,.T.);
#7791=ORIENTED_EDGE('',*,*,#5853,.T.);
#7792=ORIENTED_EDGE('',*,*,#5222,.T.);
#7793=ORIENTED_EDGE('',*,*,#5854,.T.);
#7794=ORIENTED_EDGE('',*,*,#5195,.T.);
#7795=ORIENTED_EDGE('',*,*,#5855,.T.);
#7796=ORIENTED_EDGE('',*,*,#5221,.T.);
#7797=ORIENTED_EDGE('',*,*,#5856,.T.);
#7798=ORIENTED_EDGE('',*,*,#5198,.T.);
#7799=ORIENTED_EDGE('',*,*,#5857,.T.);
#7800=ORIENTED_EDGE('',*,*,#5170,.T.);
#7801=ORIENTED_EDGE('',*,*,#5858,.T.);
#7802=ORIENTED_EDGE('',*,*,#5199,.T.);
#7803=ORIENTED_EDGE('',*,*,#5859,.T.);
#7804=ORIENTED_EDGE('',*,*,#5164,.T.);
#7805=ORIENTED_EDGE('',*,*,#5860,.T.);
#7806=ORIENTED_EDGE('',*,*,#5189,.T.);
#7807=ORIENTED_EDGE('',*,*,#5861,.T.);
#7808=ORIENTED_EDGE('',*,*,#5160,.T.);
#7809=ORIENTED_EDGE('',*,*,#5862,.T.);
#7810=ORIENTED_EDGE('',*,*,#5190,.T.);
#7811=ORIENTED_EDGE('',*,*,#5863,.T.);
#7812=ORIENTED_EDGE('',*,*,#5156,.T.);
#7813=ORIENTED_EDGE('',*,*,#5864,.T.);
#7814=ORIENTED_EDGE('',*,*,#5186,.T.);
#7815=ORIENTED_EDGE('',*,*,#5865,.T.);
#7816=ORIENTED_EDGE('',*,*,#5184,.T.);
#7817=ORIENTED_EDGE('',*,*,#5866,.T.);
#7818=ORIENTED_EDGE('',*,*,#5153,.T.);
#7819=ORIENTED_EDGE('',*,*,#5867,.T.);
#7820=ORIENTED_EDGE('',*,*,#5145,.T.);
#7821=ORIENTED_EDGE('',*,*,#5868,.T.);
#7822=ORIENTED_EDGE('',*,*,#5172,.T.);
#7823=ORIENTED_EDGE('',*,*,#5869,.T.);
#7824=ORIENTED_EDGE('',*,*,#5171,.T.);
#7825=ORIENTED_EDGE('',*,*,#5870,.T.);
#7826=ORIENTED_EDGE('',*,*,#5138,.T.);
#7827=ORIENTED_EDGE('',*,*,#5871,.T.);
#7828=ORIENTED_EDGE('',*,*,#5146,.T.);
#7829=ORIENTED_EDGE('',*,*,#5872,.T.);
#7830=ORIENTED_EDGE('',*,*,#5169,.T.);
#7831=ORIENTED_EDGE('',*,*,#5873,.T.);
#7832=ORIENTED_EDGE('',*,*,#5168,.T.);
#7833=ORIENTED_EDGE('',*,*,#4988,.T.);
#7834=ORIENTED_EDGE('',*,*,#5132,.T.);
#7835=ORIENTED_EDGE('',*,*,#5874,.T.);
#7836=ORIENTED_EDGE('',*,*,#5135,.T.);
#7837=ORIENTED_EDGE('',*,*,#5875,.T.);
#7838=ORIENTED_EDGE('',*,*,#5166,.T.);
#7839=ORIENTED_EDGE('',*,*,#5876,.T.);
#7840=ORIENTED_EDGE('',*,*,#5128,.T.);
#7841=ORIENTED_EDGE('',*,*,#5877,.T.);
#7842=ORIENTED_EDGE('',*,*,#5165,.T.);
#7843=ORIENTED_EDGE('',*,*,#5878,.T.);
#7844=ORIENTED_EDGE('',*,*,#5163,.T.);
#7845=ORIENTED_EDGE('',*,*,#5879,.T.);
#7846=ORIENTED_EDGE('',*,*,#5126,.T.);
#7847=ORIENTED_EDGE('',*,*,#5880,.T.);
#7848=ORIENTED_EDGE('',*,*,#5125,.T.);
#7849=ORIENTED_EDGE('',*,*,#5881,.T.);
#7850=ORIENTED_EDGE('',*,*,#5161,.T.);
#7851=ORIENTED_EDGE('',*,*,#5882,.T.);
#7852=ORIENTED_EDGE('',*,*,#5123,.T.);
#7853=ORIENTED_EDGE('',*,*,#5883,.T.);
#7854=ORIENTED_EDGE('',*,*,#5162,.T.);
#7855=ORIENTED_EDGE('',*,*,#5884,.T.);
#7856=ORIENTED_EDGE('',*,*,#5118,.T.);
#7857=ORIENTED_EDGE('',*,*,#5885,.T.);
#7858=ORIENTED_EDGE('',*,*,#5158,.T.);
#7859=ORIENTED_EDGE('',*,*,#5886,.T.);
#7860=ORIENTED_EDGE('',*,*,#5154,.T.);
#7861=ORIENTED_EDGE('',*,*,#5887,.T.);
#7862=ORIENTED_EDGE('',*,*,#5117,.T.);
#7863=ORIENTED_EDGE('',*,*,#5888,.T.);
#7864=ORIENTED_EDGE('',*,*,#5155,.T.);
#7865=ORIENTED_EDGE('',*,*,#5889,.T.);
#7866=ORIENTED_EDGE('',*,*,#5140,.T.);
#7867=ORIENTED_EDGE('',*,*,#5890,.T.);
#7868=ORIENTED_EDGE('',*,*,#5147,.T.);
#7869=ORIENTED_EDGE('',*,*,#5891,.T.);
#7870=ORIENTED_EDGE('',*,*,#5122,.T.);
#7871=ORIENTED_EDGE('',*,*,#5892,.T.);
#7872=ORIENTED_EDGE('',*,*,#5116,.T.);
#7873=ORIENTED_EDGE('',*,*,#5893,.T.);
#7874=ORIENTED_EDGE('',*,*,#5144,.T.);
#7875=ORIENTED_EDGE('',*,*,#5894,.T.);
#7876=ORIENTED_EDGE('',*,*,#5141,.T.);
#7877=ORIENTED_EDGE('',*,*,#5895,.T.);
#7878=ORIENTED_EDGE('',*,*,#5111,.T.);
#7879=ORIENTED_EDGE('',*,*,#4985,.T.);
#7880=ORIENTED_EDGE('',*,*,#5113,.T.);
#7881=ORIENTED_EDGE('',*,*,#5896,.T.);
#7882=ORIENTED_EDGE('',*,*,#5137,.T.);
#7883=ORIENTED_EDGE('',*,*,#5897,.T.);
#7884=ORIENTED_EDGE('',*,*,#5136,.T.);
#7885=ORIENTED_EDGE('',*,*,#5898,.T.);
#7886=ORIENTED_EDGE('',*,*,#5103,.T.);
#7887=ORIENTED_EDGE('',*,*,#5899,.T.);
#7888=ORIENTED_EDGE('',*,*,#5109,.T.);
#7889=ORIENTED_EDGE('',*,*,#5900,.T.);
#7890=ORIENTED_EDGE('',*,*,#5134,.T.);
#7891=ORIENTED_EDGE('',*,*,#5901,.T.);
#7892=ORIENTED_EDGE('',*,*,#5133,.T.);
#7893=ORIENTED_EDGE('',*,*,#4986,.T.);
#7894=ORIENTED_EDGE('',*,*,#5110,.T.);
#7895=ORIENTED_EDGE('',*,*,#5902,.T.);
#7896=ORIENTED_EDGE('',*,*,#5104,.T.);
#7897=ORIENTED_EDGE('',*,*,#5903,.T.);
#7898=ORIENTED_EDGE('',*,*,#5131,.T.);
#7899=ORIENTED_EDGE('',*,*,#5904,.T.);
#7900=ORIENTED_EDGE('',*,*,#5130,.T.);
#7901=ORIENTED_EDGE('',*,*,#5905,.T.);
#7902=ORIENTED_EDGE('',*,*,#5107,.T.);
#7903=ORIENTED_EDGE('',*,*,#5906,.T.);
#7904=ORIENTED_EDGE('',*,*,#5101,.T.);
#7905=ORIENTED_EDGE('',*,*,#5907,.T.);
#7906=ORIENTED_EDGE('',*,*,#5127,.T.);
#7907=ORIENTED_EDGE('',*,*,#5908,.T.);
#7908=ORIENTED_EDGE('',*,*,#5124,.T.);
#7909=ORIENTED_EDGE('',*,*,#5909,.T.);
#7910=ORIENTED_EDGE('',*,*,#5100,.T.);
#7911=ORIENTED_EDGE('',*,*,#5910,.T.);
#7912=ORIENTED_EDGE('',*,*,#5112,.T.);
#7913=ORIENTED_EDGE('',*,*,#5911,.T.);
#7914=ORIENTED_EDGE('',*,*,#5121,.T.);
#7915=ORIENTED_EDGE('',*,*,#5912,.T.);
#7916=ORIENTED_EDGE('',*,*,#5120,.T.);
#7917=ORIENTED_EDGE('',*,*,#5913,.T.);
#7918=ORIENTED_EDGE('',*,*,#5114,.T.);
#7919=ORIENTED_EDGE('',*,*,#5914,.T.);
#7920=ORIENTED_EDGE('',*,*,#5106,.T.);
#7921=ORIENTED_EDGE('',*,*,#5915,.T.);
#7922=ORIENTED_EDGE('',*,*,#5095,.T.);
#7923=ORIENTED_EDGE('',*,*,#5916,.T.);
#7924=ORIENTED_EDGE('',*,*,#5105,.T.);
#7925=ORIENTED_EDGE('',*,*,#5917,.T.);
#7926=ORIENTED_EDGE('',*,*,#5096,.T.);
#7927=ORIENTED_EDGE('',*,*,#5918,.T.);
#7928=ORIENTED_EDGE('',*,*,#5102,.T.);
#7929=ORIENTED_EDGE('',*,*,#5919,.T.);
#7930=ORIENTED_EDGE('',*,*,#5098,.T.);
#7931=ORIENTED_EDGE('',*,*,#5920,.T.);
#7932=ORIENTED_EDGE('',*,*,#5371,.F.);
#7933=ORIENTED_EDGE('',*,*,#5782,.F.);
#7934=ORIENTED_EDGE('',*,*,#5381,.F.);
#7935=ORIENTED_EDGE('',*,*,#5921,.F.);
#7936=ORIENTED_EDGE('',*,*,#5370,.F.);
#7937=ORIENTED_EDGE('',*,*,#5921,.T.);
#7938=ORIENTED_EDGE('',*,*,#5384,.F.);
#7939=ORIENTED_EDGE('',*,*,#5922,.T.);
#7940=ORIENTED_EDGE('',*,*,#5542,.F.);
#7941=ORIENTED_EDGE('',*,*,#5702,.F.);
#7942=ORIENTED_EDGE('',*,*,#5574,.F.);
#7943=ORIENTED_EDGE('',*,*,#5923,.F.);
#7944=ORIENTED_EDGE('',*,*,#5541,.F.);
#7945=ORIENTED_EDGE('',*,*,#5923,.T.);
#7946=ORIENTED_EDGE('',*,*,#5577,.F.);
#7947=ORIENTED_EDGE('',*,*,#5924,.T.);
#7948=ORIENTED_EDGE('',*,*,#5067,.F.);
#7949=ORIENTED_EDGE('',*,*,#5925,.F.);
#7950=ORIENTED_EDGE('',*,*,#5651,.F.);
#7951=ORIENTED_EDGE('',*,*,#5638,.F.);
#7952=ORIENTED_EDGE('',*,*,#5624,.F.);
#7953=ORIENTED_EDGE('',*,*,#5597,.F.);
#7954=ORIENTED_EDGE('',*,*,#5674,.F.);
#7955=ORIENTED_EDGE('',*,*,#5571,.F.);
#7956=ORIENTED_EDGE('',*,*,#5580,.F.);
#7957=ORIENTED_EDGE('',*,*,#5578,.F.);
#7958=ORIENTED_EDGE('',*,*,#5575,.F.);
#7959=ORIENTED_EDGE('',*,*,#5531,.F.);
#7960=ORIENTED_EDGE('',*,*,#5534,.F.);
#7961=ORIENTED_EDGE('',*,*,#5488,.F.);
#7962=ORIENTED_EDGE('',*,*,#5437,.F.);
#7963=ORIENTED_EDGE('',*,*,#5378,.F.);
#7964=ORIENTED_EDGE('',*,*,#5387,.F.);
#7965=ORIENTED_EDGE('',*,*,#5385,.F.);
#7966=ORIENTED_EDGE('',*,*,#5382,.F.);
#7967=ORIENTED_EDGE('',*,*,#5372,.F.);
#7968=ORIENTED_EDGE('',*,*,#5753,.F.);
#7969=ORIENTED_EDGE('',*,*,#5429,.F.);
#7970=ORIENTED_EDGE('',*,*,#5481,.F.);
#7971=ORIENTED_EDGE('',*,*,#5709,.F.);
#7972=ORIENTED_EDGE('',*,*,#5696,.F.);
#7973=ORIENTED_EDGE('',*,*,#5926,.F.);
#7974=ORIENTED_EDGE('',*,*,#5033,.F.);
#7975=ORIENTED_EDGE('',*,*,#5032,.F.);
#7976=ORIENTED_EDGE('',*,*,#5053,.F.);
#7977=ORIENTED_EDGE('',*,*,#5064,.F.);
#7978=ORIENTED_EDGE('',*,*,#5691,.F.);
#7979=ORIENTED_EDGE('',*,*,#5687,.F.);
#7980=ORIENTED_EDGE('',*,*,#5704,.F.);
#7981=ORIENTED_EDGE('',*,*,#5927,.F.);
#7982=ORIENTED_EDGE('',*,*,#5694,.F.);
#7983=ORIENTED_EDGE('',*,*,#5927,.T.);
#7984=ORIENTED_EDGE('',*,*,#5706,.F.);
#7985=ORIENTED_EDGE('',*,*,#5926,.T.);
#7986=ORIENTED_EDGE('',*,*,#5150,.F.);
#7987=ORIENTED_EDGE('',*,*,#5892,.F.);
#7988=ORIENTED_EDGE('',*,*,#5911,.F.);
#7989=ORIENTED_EDGE('',*,*,#5895,.F.);
#7990=ORIENTED_EDGE('',*,*,#5151,.F.);
#7991=ORIENTED_EDGE('',*,*,#5175,.F.);
#7992=ORIENTED_EDGE('',*,*,#5868,.F.);
#7993=ORIENTED_EDGE('',*,*,#5893,.F.);
#7994=ORIENTED_EDGE('',*,*,#5115,.F.);
#7995=ORIENTED_EDGE('',*,*,#5913,.F.);
#7996=ORIENTED_EDGE('',*,*,#5119,.F.);
#7997=ORIENTED_EDGE('',*,*,#5886,.F.);
#7998=ORIENTED_EDGE('',*,*,#5183,.F.);
#7999=ORIENTED_EDGE('',*,*,#5181,.F.);
#8000=ORIENTED_EDGE('',*,*,#5182,.F.);
#8001=ORIENTED_EDGE('',*,*,#5865,.F.);
#8002=ORIENTED_EDGE('',*,*,#5210,.F.);
#8003=ORIENTED_EDGE('',*,*,#5208,.F.);
#8004=ORIENTED_EDGE('',*,*,#5194,.F.);
#8005=ORIENTED_EDGE('',*,*,#5875,.F.);
#8006=ORIENTED_EDGE('',*,*,#5900,.F.);
#8007=ORIENTED_EDGE('',*,*,#5108,.F.);
#8008=ORIENTED_EDGE('',*,*,#5905,.F.);
#8009=ORIENTED_EDGE('',*,*,#5129,.F.);
#8010=ORIENTED_EDGE('',*,*,#5878,.F.);
#8011=ORIENTED_EDGE('',*,*,#5861,.F.);
#8012=ORIENTED_EDGE('',*,*,#5217,.F.);
#8013=ORIENTED_EDGE('',*,*,#5215,.F.);
#8014=ORIENTED_EDGE('',*,*,#5202,.F.);
#8015=ORIENTED_EDGE('',*,*,#5858,.F.);
#8016=ORIENTED_EDGE('',*,*,#5872,.F.);
#8017=ORIENTED_EDGE('',*,*,#5869,.F.);
#8018=ORIENTED_EDGE('',*,*,#5209,.F.);
#8019=ORIENTED_EDGE('',*,*,#5867,.F.);
#8020=ORIENTED_EDGE('',*,*,#5152,.F.);
#8021=ORIENTED_EDGE('',*,*,#5890,.F.);
#8022=ORIENTED_EDGE('',*,*,#5139,.F.);
#8023=ORIENTED_EDGE('',*,*,#5870,.F.);
#8024=ORIENTED_EDGE('',*,*,#5859,.F.);
#8025=ORIENTED_EDGE('',*,*,#5851,.F.);
#8026=ORIENTED_EDGE('',*,*,#5850,.F.);
#8027=ORIENTED_EDGE('',*,*,#5848,.F.);
#8028=ORIENTED_EDGE('',*,*,#5214,.F.);
#8029=ORIENTED_EDGE('',*,*,#5251,.F.);
#8030=ORIENTED_EDGE('',*,*,#5843,.F.);
#8031=ORIENTED_EDGE('',*,*,#5229,.F.);
#8032=ORIENTED_EDGE('',*,*,#5278,.F.);
#8033=ORIENTED_EDGE('',*,*,#5824,.F.);
#8034=ORIENTED_EDGE('',*,*,#5849,.F.);
#8035=ORIENTED_EDGE('',*,*,#5827,.F.);
#8036=ORIENTED_EDGE('',*,*,#5279,.F.);
#8037=ORIENTED_EDGE('',*,*,#5303,.F.);
#8038=ORIENTED_EDGE('',*,*,#5800,.F.);
#8039=ORIENTED_EDGE('',*,*,#5825,.F.);
#8040=ORIENTED_EDGE('',*,*,#5238,.F.);
#8041=ORIENTED_EDGE('',*,*,#5845,.F.);
#8042=ORIENTED_EDGE('',*,*,#5245,.F.);
#8043=ORIENTED_EDGE('',*,*,#5822,.F.);
#8044=ORIENTED_EDGE('',*,*,#5311,.F.);
#8045=ORIENTED_EDGE('',*,*,#5309,.F.);
#8046=ORIENTED_EDGE('',*,*,#5310,.F.);
#8047=ORIENTED_EDGE('',*,*,#5797,.F.);
#8048=ORIENTED_EDGE('',*,*,#5341,.F.);
#8049=ORIENTED_EDGE('',*,*,#5339,.F.);
#8050=ORIENTED_EDGE('',*,*,#5322,.F.);
#8051=ORIENTED_EDGE('',*,*,#5807,.F.);
#8052=ORIENTED_EDGE('',*,*,#5835,.F.);
#8053=ORIENTED_EDGE('',*,*,#5224,.F.);
#8054=ORIENTED_EDGE('',*,*,#5837,.F.);
#8055=ORIENTED_EDGE('',*,*,#5257,.F.);
#8056=ORIENTED_EDGE('',*,*,#5810,.F.);
#8057=ORIENTED_EDGE('',*,*,#5793,.F.);
#8058=ORIENTED_EDGE('',*,*,#5348,.F.);
#8059=ORIENTED_EDGE('',*,*,#5346,.F.);
#8060=ORIENTED_EDGE('',*,*,#5333,.F.);
#8061=ORIENTED_EDGE('',*,*,#5790,.F.);
#8062=ORIENTED_EDGE('',*,*,#5804,.F.);
#8063=ORIENTED_EDGE('',*,*,#5801,.F.);
#8064=ORIENTED_EDGE('',*,*,#5340,.F.);
#8065=ORIENTED_EDGE('',*,*,#5799,.F.);
#8066=ORIENTED_EDGE('',*,*,#5283,.F.);
#8067=ORIENTED_EDGE('',*,*,#5820,.F.);
#8068=ORIENTED_EDGE('',*,*,#5267,.F.);
#8069=ORIENTED_EDGE('',*,*,#5802,.F.);
#8070=ORIENTED_EDGE('',*,*,#5791,.F.);
#8071=ORIENTED_EDGE('',*,*,#5779,.F.);
#8072=ORIENTED_EDGE('',*,*,#5778,.F.);
#8073=ORIENTED_EDGE('',*,*,#5776,.F.);
#8074=ORIENTED_EDGE('',*,*,#5345,.F.);
#8075=ORIENTED_EDGE('',*,*,#5410,.F.);
#8076=ORIENTED_EDGE('',*,*,#5771,.F.);
#8077=ORIENTED_EDGE('',*,*,#5360,.F.);
#8078=ORIENTED_EDGE('',*,*,#5391,.F.);
#8079=ORIENTED_EDGE('',*,*,#5781,.F.);
#8080=ORIENTED_EDGE('',*,*,#5436,.F.);
#8081=ORIENTED_EDGE('',*,*,#5434,.F.);
#8082=ORIENTED_EDGE('',*,*,#5435,.F.);
#8083=ORIENTED_EDGE('',*,*,#5487,.F.);
#8084=ORIENTED_EDGE('',*,*,#5726,.F.);
#8085=ORIENTED_EDGE('',*,*,#5441,.F.);
#8086=ORIENTED_EDGE('',*,*,#5455,.F.);
#8087=ORIENTED_EDGE('',*,*,#5747,.F.);
#8088=ORIENTED_EDGE('',*,*,#5777,.F.);
#8089=ORIENTED_EDGE('',*,*,#5752,.F.);
#8090=ORIENTED_EDGE('',*,*,#5456,.F.);
#8091=ORIENTED_EDGE('',*,*,#5496,.F.);
#8092=ORIENTED_EDGE('',*,*,#5724,.F.);
#8093=ORIENTED_EDGE('',*,*,#5750,.F.);
#8094=ORIENTED_EDGE('',*,*,#5397,.F.);
#8095=ORIENTED_EDGE('',*,*,#5773,.F.);
#8096=ORIENTED_EDGE('',*,*,#5404,.F.);
#8097=ORIENTED_EDGE('',*,*,#5741,.F.);
#8098=ORIENTED_EDGE('',*,*,#5507,.F.);
#8099=ORIENTED_EDGE('',*,*,#5505,.F.);
#8100=ORIENTED_EDGE('',*,*,#5480,.F.);
#8101=ORIENTED_EDGE('',*,*,#5755,.F.);
#8102=ORIENTED_EDGE('',*,*,#5728,.F.);
#8103=ORIENTED_EDGE('',*,*,#5483,.F.);
#8104=ORIENTED_EDGE('',*,*,#5482,.F.);
#8105=ORIENTED_EDGE('',*,*,#5522,.F.);
#8106=ORIENTED_EDGE('',*,*,#5711,.F.);
#8107=ORIENTED_EDGE('',*,*,#5708,.F.);
#8108=ORIENTED_EDGE('',*,*,#5506,.F.);
#8109=ORIENTED_EDGE('',*,*,#5717,.F.);
#8110=ORIENTED_EDGE('',*,*,#5554,.F.);
#8111=ORIENTED_EDGE('',*,*,#5552,.F.);
#8112=ORIENTED_EDGE('',*,*,#5518,.F.);
#8113=ORIENTED_EDGE('',*,*,#5730,.F.);
#8114=ORIENTED_EDGE('',*,*,#5763,.F.);
#8115=ORIENTED_EDGE('',*,*,#5355,.F.);
#8116=ORIENTED_EDGE('',*,*,#5767,.F.);
#8117=ORIENTED_EDGE('',*,*,#5413,.F.);
#8118=ORIENTED_EDGE('',*,*,#5733,.F.);
#8119=ORIENTED_EDGE('',*,*,#5713,.F.);
#8120=ORIENTED_EDGE('',*,*,#5561,.F.);
#8121=ORIENTED_EDGE('',*,*,#5559,.F.);
#8122=ORIENTED_EDGE('',*,*,#5533,.F.);
#8123=ORIENTED_EDGE('',*,*,#5701,.F.);
#8124=ORIENTED_EDGE('',*,*,#5492,.F.);
#8125=ORIENTED_EDGE('',*,*,#5727,.F.);
#8126=ORIENTED_EDGE('',*,*,#5546,.F.);
#8127=ORIENTED_EDGE('',*,*,#5699,.F.);
#8128=ORIENTED_EDGE('',*,*,#5722,.F.);
#8129=ORIENTED_EDGE('',*,*,#5725,.F.);
#8130=ORIENTED_EDGE('',*,*,#5547,.F.);
#8131=ORIENTED_EDGE('',*,*,#5679,.F.);
#8132=ORIENTED_EDGE('',*,*,#5668,.F.);
#8133=ORIENTED_EDGE('',*,*,#5664,.F.);
#8134=ORIENTED_EDGE('',*,*,#5663,.F.);
#8135=ORIENTED_EDGE('',*,*,#5617,.F.);
#8136=ORIENTED_EDGE('',*,*,#5593,.F.);
#8137=ORIENTED_EDGE('',*,*,#5560,.F.);
#8138=ORIENTED_EDGE('',*,*,#5511,.F.);
#8139=ORIENTED_EDGE('',*,*,#5714,.F.);
#8140=ORIENTED_EDGE('',*,*,#5464,.F.);
#8141=ORIENTED_EDGE('',*,*,#5738,.F.);
#8142=ORIENTED_EDGE('',*,*,#5409,.F.);
#8143=ORIENTED_EDGE('',*,*,#5347,.F.);
#8144=ORIENTED_EDGE('',*,*,#5315,.F.);
#8145=ORIENTED_EDGE('',*,*,#5794,.F.);
#8146=ORIENTED_EDGE('',*,*,#5287,.F.);
#8147=ORIENTED_EDGE('',*,*,#5815,.F.);
#8148=ORIENTED_EDGE('',*,*,#5250,.F.);
#8149=ORIENTED_EDGE('',*,*,#5216,.F.);
#8150=ORIENTED_EDGE('',*,*,#5187,.F.);
#8151=ORIENTED_EDGE('',*,*,#5862,.F.);
#8152=ORIENTED_EDGE('',*,*,#5159,.F.);
#8153=ORIENTED_EDGE('',*,*,#5883,.F.);
#8154=ORIENTED_EDGE('',*,*,#5891,.F.);
#8155=ORIENTED_EDGE('',*,*,#5180,.F.);
#8156=ORIENTED_EDGE('',*,*,#5176,.F.);
#8157=ORIENTED_EDGE('',*,*,#5207,.F.);
#8158=ORIENTED_EDGE('',*,*,#5203,.F.);
#8159=ORIENTED_EDGE('',*,*,#5847,.F.);
#8160=ORIENTED_EDGE('',*,*,#5823,.F.);
#8161=ORIENTED_EDGE('',*,*,#5308,.F.);
#8162=ORIENTED_EDGE('',*,*,#5304,.F.);
#8163=ORIENTED_EDGE('',*,*,#5338,.F.);
#8164=ORIENTED_EDGE('',*,*,#5334,.F.);
#8165=ORIENTED_EDGE('',*,*,#5775,.F.);
#8166=ORIENTED_EDGE('',*,*,#5746,.F.);
#8167=ORIENTED_EDGE('',*,*,#5504,.F.);
#8168=ORIENTED_EDGE('',*,*,#5500,.F.);
#8169=ORIENTED_EDGE('',*,*,#5551,.F.);
#8170=ORIENTED_EDGE('',*,*,#5553,.F.);
#8171=ORIENTED_EDGE('',*,*,#5719,.F.);
#8172=ORIENTED_EDGE('',*,*,#5457,.F.);
#8173=ORIENTED_EDGE('',*,*,#5745,.F.);
#8174=ORIENTED_EDGE('',*,*,#5450,.F.);
#8175=ORIENTED_EDGE('',*,*,#5720,.F.);
#8176=ORIENTED_EDGE('',*,*,#5700,.F.);
#8177=ORIENTED_EDGE('',*,*,#5683,.F.);
#8178=ORIENTED_EDGE('',*,*,#5682,.F.);
#8179=ORIENTED_EDGE('',*,*,#5680,.F.);
#8180=ORIENTED_EDGE('',*,*,#5558,.F.);
#8181=ORIENTED_EDGE('',*,*,#5594,.F.);
#8182=ORIENTED_EDGE('',*,*,#5678,.F.);
#8183=ORIENTED_EDGE('',*,*,#5698,.F.);
#8184=ORIENTED_EDGE('',*,*,#5094,.F.);
#8185=ORIENTED_EDGE('',*,*,#5688,.F.);
#8186=ORIENTED_EDGE('',*,*,#5676,.F.);
#8187=ORIENTED_EDGE('',*,*,#5090,.F.);
#8188=ORIENTED_EDGE('',*,*,#4900,.T.);
#8189=ORIENTED_EDGE('',*,*,#4919,.T.);
#8190=ORIENTED_EDGE('',*,*,#4916,.T.);
#8191=ORIENTED_EDGE('',*,*,#4913,.T.);
#8192=ORIENTED_EDGE('',*,*,#4910,.T.);
#8193=ORIENTED_EDGE('',*,*,#4907,.T.);
#8194=ORIENTED_EDGE('',*,*,#4904,.T.);
#8195=ORIENTED_EDGE('',*,*,#5604,.F.);
#8196=ORIENTED_EDGE('',*,*,#5671,.F.);
#8197=ORIENTED_EDGE('',*,*,#5623,.F.);
#8198=ORIENTED_EDGE('',*,*,#5621,.F.);
#8199=ORIENTED_EDGE('',*,*,#5611,.F.);
#8200=ORIENTED_EDGE('',*,*,#5669,.F.);
#8201=ORIENTED_EDGE('',*,*,#5681,.F.);
#8202=ORIENTED_EDGE('',*,*,#5670,.F.);
#8203=ORIENTED_EDGE('',*,*,#5616,.F.);
#8204=ORIENTED_EDGE('',*,*,#5667,.F.);
#8205=ORIENTED_EDGE('',*,*,#5675,.F.);
#8206=ORIENTED_EDGE('',*,*,#5565,.F.);
#8207=ORIENTED_EDGE('',*,*,#5690,.F.);
#8208=ORIENTED_EDGE('',*,*,#5693,.F.);
#8209=ORIENTED_EDGE('',*,*,#5695,.F.);
#8210=ORIENTED_EDGE('',*,*,#5710,.F.);
#8211=ORIENTED_EDGE('',*,*,#5697,.F.);
#8212=ORIENTED_EDGE('',*,*,#5677,.F.);
#8213=ORIENTED_EDGE('',*,*,#5622,.F.);
#8214=ORIENTED_EDGE('',*,*,#5637,.F.);
#8215=ORIENTED_EDGE('',*,*,#5635,.F.);
#8216=ORIENTED_EDGE('',*,*,#5628,.F.);
#8217=ORIENTED_EDGE('',*,*,#5641,.F.);
#8218=ORIENTED_EDGE('',*,*,#5661,.F.);
#8219=ORIENTED_EDGE('',*,*,#5662,.F.);
#8220=ORIENTED_EDGE('',*,*,#5665,.F.);
#8221=ORIENTED_EDGE('',*,*,#5612,.F.);
#8222=ORIENTED_EDGE('',*,*,#5666,.F.);
#8223=ORIENTED_EDGE('',*,*,#5636,.F.);
#8224=ORIENTED_EDGE('',*,*,#5652,.F.);
#8225=ORIENTED_EDGE('',*,*,#5650,.F.);
#8226=ORIENTED_EDGE('',*,*,#5647,.F.);
#8227=ORIENTED_EDGE('',*,*,#5085,.F.);
#8228=ORIENTED_EDGE('',*,*,#5660,.F.);
#8229=ORIENTED_EDGE('',*,*,#5659,.F.);
#8230=ORIENTED_EDGE('',*,*,#5081,.F.);
#8231=ORIENTED_EDGE('',*,*,#5672,.F.);
#8232=ORIENTED_EDGE('',*,*,#5684,.F.);
#8233=ORIENTED_EDGE('',*,*,#5686,.F.);
#8234=ORIENTED_EDGE('',*,*,#5673,.F.);
#8235=ORIENTED_EDGE('',*,*,#5712,.F.);
#8236=ORIENTED_EDGE('',*,*,#5735,.F.);
#8237=ORIENTED_EDGE('',*,*,#5737,.F.);
#8238=ORIENTED_EDGE('',*,*,#5715,.F.);
#8239=ORIENTED_EDGE('',*,*,#5716,.F.);
#8240=ORIENTED_EDGE('',*,*,#5740,.F.);
#8241=ORIENTED_EDGE('',*,*,#5742,.F.);
#8242=ORIENTED_EDGE('',*,*,#5718,.F.);
#8243=ORIENTED_EDGE('',*,*,#5721,.F.);
#8244=ORIENTED_EDGE('',*,*,#5748,.F.);
#8245=ORIENTED_EDGE('',*,*,#5751,.F.);
#8246=ORIENTED_EDGE('',*,*,#5723,.F.);
#8247=ORIENTED_EDGE('',*,*,#5729,.F.);
#8248=ORIENTED_EDGE('',*,*,#5759,.F.);
#8249=ORIENTED_EDGE('',*,*,#5761,.F.);
#8250=ORIENTED_EDGE('',*,*,#5731,.F.);
#8251=ORIENTED_EDGE('',*,*,#5732,.F.);
#8252=ORIENTED_EDGE('',*,*,#5769,.F.);
#8253=ORIENTED_EDGE('',*,*,#5765,.F.);
#8254=ORIENTED_EDGE('',*,*,#5734,.F.);
#8255=ORIENTED_EDGE('',*,*,#5743,.F.);
#8256=ORIENTED_EDGE('',*,*,#5774,.F.);
#8257=ORIENTED_EDGE('',*,*,#5749,.F.);
#8258=ORIENTED_EDGE('',*,*,#5744,.F.);
#8259=ORIENTED_EDGE('',*,*,#5754,.F.);
#8260=ORIENTED_EDGE('',*,*,#5783,.F.);
#8261=ORIENTED_EDGE('',*,*,#5757,.F.);
#8262=ORIENTED_EDGE('',*,*,#5756,.F.);
#8263=ORIENTED_EDGE('',*,*,#5758,.F.);
#8264=ORIENTED_EDGE('',*,*,#5772,.F.);
#8265=ORIENTED_EDGE('',*,*,#5739,.F.);
#8266=ORIENTED_EDGE('',*,*,#5736,.F.);
#8267=ORIENTED_EDGE('',*,*,#5766,.F.);
#8268=ORIENTED_EDGE('',*,*,#5349,.F.);
#8269=ORIENTED_EDGE('',*,*,#5789,.F.);
#8270=ORIENTED_EDGE('',*,*,#5325,.F.);
#8271=ORIENTED_EDGE('',*,*,#5784,.F.);
#8272=ORIENTED_EDGE('',*,*,#5760,.F.);
#8273=ORIENTED_EDGE('',*,*,#5762,.F.);
#8274=ORIENTED_EDGE('',*,*,#5785,.F.);
#8275=ORIENTED_EDGE('',*,*,#5786,.F.);
#8276=ORIENTED_EDGE('',*,*,#5764,.F.);
#8277=ORIENTED_EDGE('',*,*,#5768,.F.);
#8278=ORIENTED_EDGE('',*,*,#5787,.F.);
#8279=ORIENTED_EDGE('',*,*,#5788,.F.);
#8280=ORIENTED_EDGE('',*,*,#5770,.F.);
#8281=ORIENTED_EDGE('',*,*,#5792,.F.);
#8282=ORIENTED_EDGE('',*,*,#5812,.F.);
#8283=ORIENTED_EDGE('',*,*,#5814,.F.);
#8284=ORIENTED_EDGE('',*,*,#5795,.F.);
#8285=ORIENTED_EDGE('',*,*,#5796,.F.);
#8286=ORIENTED_EDGE('',*,*,#5821,.F.);
#8287=ORIENTED_EDGE('',*,*,#5817,.F.);
#8288=ORIENTED_EDGE('',*,*,#5798,.F.);
#8289=ORIENTED_EDGE('',*,*,#5803,.F.);
#8290=ORIENTED_EDGE('',*,*,#5828,.F.);
#8291=ORIENTED_EDGE('',*,*,#5826,.F.);
#8292=ORIENTED_EDGE('',*,*,#5805,.F.);
#8293=ORIENTED_EDGE('',*,*,#5806,.F.);
#8294=ORIENTED_EDGE('',*,*,#5831,.F.);
#8295=ORIENTED_EDGE('',*,*,#5833,.F.);
#8296=ORIENTED_EDGE('',*,*,#5808,.F.);
#8297=ORIENTED_EDGE('',*,*,#5809,.F.);
#8298=ORIENTED_EDGE('',*,*,#5839,.F.);
#8299=ORIENTED_EDGE('',*,*,#5841,.F.);
#8300=ORIENTED_EDGE('',*,*,#5811,.F.);
#8301=ORIENTED_EDGE('',*,*,#5818,.F.);
#8302=ORIENTED_EDGE('',*,*,#5846,.F.);
#8303=ORIENTED_EDGE('',*,*,#5829,.F.);
#8304=ORIENTED_EDGE('',*,*,#5819,.F.);
#8305=ORIENTED_EDGE('',*,*,#5830,.F.);
#8306=ORIENTED_EDGE('',*,*,#5844,.F.);
#8307=ORIENTED_EDGE('',*,*,#5816,.F.);
#8308=ORIENTED_EDGE('',*,*,#5813,.F.);
#8309=ORIENTED_EDGE('',*,*,#5842,.F.);
#8310=ORIENTED_EDGE('',*,*,#5218,.F.);
#8311=ORIENTED_EDGE('',*,*,#5857,.F.);
#8312=ORIENTED_EDGE('',*,*,#5197,.F.);
#8313=ORIENTED_EDGE('',*,*,#5852,.F.);
#8314=ORIENTED_EDGE('',*,*,#5832,.F.);
#8315=ORIENTED_EDGE('',*,*,#5834,.F.);
#8316=ORIENTED_EDGE('',*,*,#5853,.F.);
#8317=ORIENTED_EDGE('',*,*,#5854,.F.);
#8318=ORIENTED_EDGE('',*,*,#5836,.F.);
#8319=ORIENTED_EDGE('',*,*,#5838,.F.);
#8320=ORIENTED_EDGE('',*,*,#5855,.F.);
#8321=ORIENTED_EDGE('',*,*,#5856,.F.);
#8322=ORIENTED_EDGE('',*,*,#5840,.F.);
#8323=ORIENTED_EDGE('',*,*,#5860,.F.);
#8324=ORIENTED_EDGE('',*,*,#5880,.F.);
#8325=ORIENTED_EDGE('',*,*,#5882,.F.);
#8326=ORIENTED_EDGE('',*,*,#5863,.F.);
#8327=ORIENTED_EDGE('',*,*,#5864,.F.);
#8328=ORIENTED_EDGE('',*,*,#5885,.F.);
#8329=ORIENTED_EDGE('',*,*,#5887,.F.);
#8330=ORIENTED_EDGE('',*,*,#5866,.F.);
#8331=ORIENTED_EDGE('',*,*,#5871,.F.);
#8332=ORIENTED_EDGE('',*,*,#5896,.F.);
#8333=ORIENTED_EDGE('',*,*,#5894,.F.);
#8334=ORIENTED_EDGE('',*,*,#5873,.F.);
#8335=ORIENTED_EDGE('',*,*,#5874,.F.);
#8336=ORIENTED_EDGE('',*,*,#5903,.F.);
#8337=ORIENTED_EDGE('',*,*,#5898,.F.);
#8338=ORIENTED_EDGE('',*,*,#5876,.F.);
#8339=ORIENTED_EDGE('',*,*,#5877,.F.);
#8340=ORIENTED_EDGE('',*,*,#5907,.F.);
#8341=ORIENTED_EDGE('',*,*,#5909,.F.);
#8342=ORIENTED_EDGE('',*,*,#5879,.F.);
#8343=ORIENTED_EDGE('',*,*,#5888,.F.);
#8344=ORIENTED_EDGE('',*,*,#5914,.F.);
#8345=ORIENTED_EDGE('',*,*,#5897,.F.);
#8346=ORIENTED_EDGE('',*,*,#5889,.F.);
#8347=ORIENTED_EDGE('',*,*,#5899,.F.);
#8348=ORIENTED_EDGE('',*,*,#5918,.F.);
#8349=ORIENTED_EDGE('',*,*,#5915,.F.);
#8350=ORIENTED_EDGE('',*,*,#5901,.F.);
#8351=ORIENTED_EDGE('',*,*,#5902,.F.);
#8352=ORIENTED_EDGE('',*,*,#5912,.F.);
#8353=ORIENTED_EDGE('',*,*,#5884,.F.);
#8354=ORIENTED_EDGE('',*,*,#5881,.F.);
#8355=ORIENTED_EDGE('',*,*,#5910,.F.);
#8356=ORIENTED_EDGE('',*,*,#5099,.F.);
#8357=ORIENTED_EDGE('',*,*,#5920,.F.);
#8358=ORIENTED_EDGE('',*,*,#5097,.F.);
#8359=ORIENTED_EDGE('',*,*,#5917,.F.);
#8360=ORIENTED_EDGE('',*,*,#5904,.F.);
#8361=ORIENTED_EDGE('',*,*,#5906,.F.);
#8362=ORIENTED_EDGE('',*,*,#5916,.F.);
#8363=ORIENTED_EDGE('',*,*,#5919,.F.);
#8364=ORIENTED_EDGE('',*,*,#5908,.F.);
#8365=ORIENTED_EDGE('',*,*,#5539,.F.);
#8366=ORIENTED_EDGE('',*,*,#5924,.F.);
#8367=ORIENTED_EDGE('',*,*,#5579,.F.);
#8368=ORIENTED_EDGE('',*,*,#5685,.F.);
#8369=ORIENTED_EDGE('',*,*,#5649,.F.);
#8370=ORIENTED_EDGE('',*,*,#5925,.T.);
#8371=ORIENTED_EDGE('',*,*,#5656,.F.);
#8372=ORIENTED_EDGE('',*,*,#5928,.T.);
#8373=ORIENTED_EDGE('',*,*,#5646,.F.);
#8374=ORIENTED_EDGE('',*,*,#5928,.F.);
#8375=ORIENTED_EDGE('',*,*,#5657,.F.);
#8376=ORIENTED_EDGE('',*,*,#5658,.F.);
#8377=ORIENTED_EDGE('',*,*,#5368,.F.);
#8378=ORIENTED_EDGE('',*,*,#5922,.F.);
#8379=ORIENTED_EDGE('',*,*,#5386,.F.);
#8380=ORIENTED_EDGE('',*,*,#5780,.F.);
#8381=ORIENTED_EDGE('',*,*,#5031,.F.);
#8382=ORIENTED_EDGE('',*,*,#5707,.F.);
#8383=ORIENTED_EDGE('',*,*,#5705,.F.);
#8384=ORIENTED_EDGE('',*,*,#5528,.F.);
#8385=ORIENTED_EDGE('',*,*,#5092,.F.);
#8386=ORIENTED_EDGE('',*,*,#5076,.F.);
#8387=ORIENTED_EDGE('',*,*,#5039,.F.);
#8388=ORIENTED_EDGE('',*,*,#5071,.F.);
#8389=ORIENTED_EDGE('',*,*,#5929,.T.);
#8390=ORIENTED_EDGE('',*,*,#5930,.T.);
#8391=ORIENTED_EDGE('',*,*,#5931,.T.);
#8392=ORIENTED_EDGE('',*,*,#5932,.T.);
#8393=ORIENTED_EDGE('',*,*,#5932,.F.);
#8394=ORIENTED_EDGE('',*,*,#5933,.F.);
#8395=ORIENTED_EDGE('',*,*,#5934,.F.);
#8396=ORIENTED_EDGE('',*,*,#5935,.F.);
#8397=ORIENTED_EDGE('',*,*,#5931,.F.);
#8398=ORIENTED_EDGE('',*,*,#5936,.T.);
#8399=ORIENTED_EDGE('',*,*,#5937,.T.);
#8400=ORIENTED_EDGE('',*,*,#5933,.T.);
#8401=ORIENTED_EDGE('',*,*,#5937,.F.);
#8402=ORIENTED_EDGE('',*,*,#5938,.T.);
#8403=ORIENTED_EDGE('',*,*,#5939,.F.);
#8404=ORIENTED_EDGE('',*,*,#5934,.T.);
#8405=ORIENTED_EDGE('',*,*,#5929,.F.);
#8406=ORIENTED_EDGE('',*,*,#5935,.T.);
#8407=ORIENTED_EDGE('',*,*,#5939,.T.);
#8408=ORIENTED_EDGE('',*,*,#5940,.T.);
#8409=ORIENTED_EDGE('',*,*,#5930,.F.);
#8410=ORIENTED_EDGE('',*,*,#5941,.F.);
#8411=ORIENTED_EDGE('',*,*,#5942,.F.);
#8412=ORIENTED_EDGE('',*,*,#5943,.T.);
#8413=ORIENTED_EDGE('',*,*,#5940,.F.);
#8414=ORIENTED_EDGE('',*,*,#5944,.F.);
#8415=ORIENTED_EDGE('',*,*,#5945,.F.);
#8416=ORIENTED_EDGE('',*,*,#5941,.T.);
#8417=ORIENTED_EDGE('',*,*,#5946,.T.);
#8418=ORIENTED_EDGE('',*,*,#5947,.T.);
#8419=ORIENTED_EDGE('',*,*,#5948,.T.);
#8420=ORIENTED_EDGE('',*,*,#5949,.T.);
#8421=ORIENTED_EDGE('',*,*,#5949,.F.);
#8422=ORIENTED_EDGE('',*,*,#5950,.F.);
#8423=ORIENTED_EDGE('',*,*,#5951,.F.);
#8424=ORIENTED_EDGE('',*,*,#5952,.F.);
#8425=ORIENTED_EDGE('',*,*,#5948,.F.);
#8426=ORIENTED_EDGE('',*,*,#5942,.T.);
#8427=ORIENTED_EDGE('',*,*,#5953,.T.);
#8428=ORIENTED_EDGE('',*,*,#5950,.T.);
#8429=ORIENTED_EDGE('',*,*,#5953,.F.);
#8430=ORIENTED_EDGE('',*,*,#5945,.T.);
#8431=ORIENTED_EDGE('',*,*,#5954,.T.);
#8432=ORIENTED_EDGE('',*,*,#5951,.T.);
#8433=ORIENTED_EDGE('',*,*,#5946,.F.);
#8434=ORIENTED_EDGE('',*,*,#5952,.T.);
#8435=ORIENTED_EDGE('',*,*,#5954,.F.);
#8436=ORIENTED_EDGE('',*,*,#5955,.T.);
#8437=ORIENTED_EDGE('',*,*,#5938,.F.);
#8438=ORIENTED_EDGE('',*,*,#5956,.F.);
#8439=ORIENTED_EDGE('',*,*,#5955,.F.);
#8440=ORIENTED_EDGE('',*,*,#5944,.T.);
#8441=ORIENTED_EDGE('',*,*,#5936,.F.);
#8442=ORIENTED_EDGE('',*,*,#5943,.F.);
#8443=ORIENTED_EDGE('',*,*,#5947,.F.);
#8444=ORIENTED_EDGE('',*,*,#5956,.T.);
#8445=ORIENTED_EDGE('',*,*,#5957,.T.);
#8446=ORIENTED_EDGE('',*,*,#5958,.T.);
#8447=ORIENTED_EDGE('',*,*,#5959,.T.);
#8448=ORIENTED_EDGE('',*,*,#5960,.T.);
#8449=ORIENTED_EDGE('',*,*,#5960,.F.);
#8450=ORIENTED_EDGE('',*,*,#5961,.F.);
#8451=ORIENTED_EDGE('',*,*,#5962,.F.);
#8452=ORIENTED_EDGE('',*,*,#5963,.F.);
#8453=ORIENTED_EDGE('',*,*,#5959,.F.);
#8454=ORIENTED_EDGE('',*,*,#5964,.T.);
#8455=ORIENTED_EDGE('',*,*,#5965,.T.);
#8456=ORIENTED_EDGE('',*,*,#5961,.T.);
#8457=ORIENTED_EDGE('',*,*,#5965,.F.);
#8458=ORIENTED_EDGE('',*,*,#5966,.T.);
#8459=ORIENTED_EDGE('',*,*,#5967,.F.);
#8460=ORIENTED_EDGE('',*,*,#5962,.T.);
#8461=ORIENTED_EDGE('',*,*,#5957,.F.);
#8462=ORIENTED_EDGE('',*,*,#5963,.T.);
#8463=ORIENTED_EDGE('',*,*,#5967,.T.);
#8464=ORIENTED_EDGE('',*,*,#5968,.T.);
#8465=ORIENTED_EDGE('',*,*,#5958,.F.);
#8466=ORIENTED_EDGE('',*,*,#5969,.F.);
#8467=ORIENTED_EDGE('',*,*,#5970,.F.);
#8468=ORIENTED_EDGE('',*,*,#5971,.T.);
#8469=ORIENTED_EDGE('',*,*,#5968,.F.);
#8470=ORIENTED_EDGE('',*,*,#5972,.F.);
#8471=ORIENTED_EDGE('',*,*,#5973,.F.);
#8472=ORIENTED_EDGE('',*,*,#5969,.T.);
#8473=ORIENTED_EDGE('',*,*,#5974,.T.);
#8474=ORIENTED_EDGE('',*,*,#5975,.T.);
#8475=ORIENTED_EDGE('',*,*,#5976,.T.);
#8476=ORIENTED_EDGE('',*,*,#5977,.T.);
#8477=ORIENTED_EDGE('',*,*,#5977,.F.);
#8478=ORIENTED_EDGE('',*,*,#5978,.F.);
#8479=ORIENTED_EDGE('',*,*,#5979,.F.);
#8480=ORIENTED_EDGE('',*,*,#5980,.F.);
#8481=ORIENTED_EDGE('',*,*,#5976,.F.);
#8482=ORIENTED_EDGE('',*,*,#5970,.T.);
#8483=ORIENTED_EDGE('',*,*,#5981,.T.);
#8484=ORIENTED_EDGE('',*,*,#5978,.T.);
#8485=ORIENTED_EDGE('',*,*,#5981,.F.);
#8486=ORIENTED_EDGE('',*,*,#5973,.T.);
#8487=ORIENTED_EDGE('',*,*,#5982,.T.);
#8488=ORIENTED_EDGE('',*,*,#5979,.T.);
#8489=ORIENTED_EDGE('',*,*,#5974,.F.);
#8490=ORIENTED_EDGE('',*,*,#5980,.T.);
#8491=ORIENTED_EDGE('',*,*,#5982,.F.);
#8492=ORIENTED_EDGE('',*,*,#5983,.T.);
#8493=ORIENTED_EDGE('',*,*,#5966,.F.);
#8494=ORIENTED_EDGE('',*,*,#5984,.F.);
#8495=ORIENTED_EDGE('',*,*,#5983,.F.);
#8496=ORIENTED_EDGE('',*,*,#5972,.T.);
#8497=ORIENTED_EDGE('',*,*,#5964,.F.);
#8498=ORIENTED_EDGE('',*,*,#5971,.F.);
#8499=ORIENTED_EDGE('',*,*,#5975,.F.);
#8500=ORIENTED_EDGE('',*,*,#5984,.T.);
#8501=ORIENTED_EDGE('',*,*,#5985,.T.);
#8502=ORIENTED_EDGE('',*,*,#5986,.T.);
#8503=ORIENTED_EDGE('',*,*,#5987,.T.);
#8504=ORIENTED_EDGE('',*,*,#5988,.T.);
#8505=ORIENTED_EDGE('',*,*,#5988,.F.);
#8506=ORIENTED_EDGE('',*,*,#5989,.F.);
#8507=ORIENTED_EDGE('',*,*,#5990,.F.);
#8508=ORIENTED_EDGE('',*,*,#5991,.F.);
#8509=ORIENTED_EDGE('',*,*,#5987,.F.);
#8510=ORIENTED_EDGE('',*,*,#5992,.T.);
#8511=ORIENTED_EDGE('',*,*,#5993,.T.);
#8512=ORIENTED_EDGE('',*,*,#5989,.T.);
#8513=ORIENTED_EDGE('',*,*,#5993,.F.);
#8514=ORIENTED_EDGE('',*,*,#5994,.T.);
#8515=ORIENTED_EDGE('',*,*,#5995,.F.);
#8516=ORIENTED_EDGE('',*,*,#5990,.T.);
#8517=ORIENTED_EDGE('',*,*,#5985,.F.);
#8518=ORIENTED_EDGE('',*,*,#5991,.T.);
#8519=ORIENTED_EDGE('',*,*,#5995,.T.);
#8520=ORIENTED_EDGE('',*,*,#5996,.T.);
#8521=ORIENTED_EDGE('',*,*,#5986,.F.);
#8522=ORIENTED_EDGE('',*,*,#5997,.F.);
#8523=ORIENTED_EDGE('',*,*,#5998,.F.);
#8524=ORIENTED_EDGE('',*,*,#5999,.T.);
#8525=ORIENTED_EDGE('',*,*,#5996,.F.);
#8526=ORIENTED_EDGE('',*,*,#6000,.F.);
#8527=ORIENTED_EDGE('',*,*,#6001,.F.);
#8528=ORIENTED_EDGE('',*,*,#5997,.T.);
#8529=ORIENTED_EDGE('',*,*,#6002,.T.);
#8530=ORIENTED_EDGE('',*,*,#6003,.T.);
#8531=ORIENTED_EDGE('',*,*,#6004,.T.);
#8532=ORIENTED_EDGE('',*,*,#6005,.T.);
#8533=ORIENTED_EDGE('',*,*,#6005,.F.);
#8534=ORIENTED_EDGE('',*,*,#6006,.F.);
#8535=ORIENTED_EDGE('',*,*,#6007,.F.);
#8536=ORIENTED_EDGE('',*,*,#6008,.F.);
#8537=ORIENTED_EDGE('',*,*,#6004,.F.);
#8538=ORIENTED_EDGE('',*,*,#5998,.T.);
#8539=ORIENTED_EDGE('',*,*,#6009,.T.);
#8540=ORIENTED_EDGE('',*,*,#6006,.T.);
#8541=ORIENTED_EDGE('',*,*,#6009,.F.);
#8542=ORIENTED_EDGE('',*,*,#6001,.T.);
#8543=ORIENTED_EDGE('',*,*,#6010,.T.);
#8544=ORIENTED_EDGE('',*,*,#6007,.T.);
#8545=ORIENTED_EDGE('',*,*,#6002,.F.);
#8546=ORIENTED_EDGE('',*,*,#6008,.T.);
#8547=ORIENTED_EDGE('',*,*,#6010,.F.);
#8548=ORIENTED_EDGE('',*,*,#6011,.T.);
#8549=ORIENTED_EDGE('',*,*,#5994,.F.);
#8550=ORIENTED_EDGE('',*,*,#6012,.F.);
#8551=ORIENTED_EDGE('',*,*,#6011,.F.);
#8552=ORIENTED_EDGE('',*,*,#6000,.T.);
#8553=ORIENTED_EDGE('',*,*,#5992,.F.);
#8554=ORIENTED_EDGE('',*,*,#5999,.F.);
#8555=ORIENTED_EDGE('',*,*,#6003,.F.);
#8556=ORIENTED_EDGE('',*,*,#6012,.T.);
#8557=ORIENTED_EDGE('',*,*,#6013,.T.);
#8558=ORIENTED_EDGE('',*,*,#6014,.T.);
#8559=ORIENTED_EDGE('',*,*,#6015,.T.);
#8560=ORIENTED_EDGE('',*,*,#6016,.T.);
#8561=ORIENTED_EDGE('',*,*,#6016,.F.);
#8562=ORIENTED_EDGE('',*,*,#6017,.F.);
#8563=ORIENTED_EDGE('',*,*,#6018,.F.);
#8564=ORIENTED_EDGE('',*,*,#6019,.F.);
#8565=ORIENTED_EDGE('',*,*,#6015,.F.);
#8566=ORIENTED_EDGE('',*,*,#6020,.T.);
#8567=ORIENTED_EDGE('',*,*,#6021,.T.);
#8568=ORIENTED_EDGE('',*,*,#6017,.T.);
#8569=ORIENTED_EDGE('',*,*,#6021,.F.);
#8570=ORIENTED_EDGE('',*,*,#6022,.T.);
#8571=ORIENTED_EDGE('',*,*,#6023,.F.);
#8572=ORIENTED_EDGE('',*,*,#6018,.T.);
#8573=ORIENTED_EDGE('',*,*,#6013,.F.);
#8574=ORIENTED_EDGE('',*,*,#6019,.T.);
#8575=ORIENTED_EDGE('',*,*,#6023,.T.);
#8576=ORIENTED_EDGE('',*,*,#6024,.T.);
#8577=ORIENTED_EDGE('',*,*,#6014,.F.);
#8578=ORIENTED_EDGE('',*,*,#6025,.F.);
#8579=ORIENTED_EDGE('',*,*,#6026,.F.);
#8580=ORIENTED_EDGE('',*,*,#6027,.T.);
#8581=ORIENTED_EDGE('',*,*,#6024,.F.);
#8582=ORIENTED_EDGE('',*,*,#6028,.F.);
#8583=ORIENTED_EDGE('',*,*,#6029,.F.);
#8584=ORIENTED_EDGE('',*,*,#6025,.T.);
#8585=ORIENTED_EDGE('',*,*,#6030,.T.);
#8586=ORIENTED_EDGE('',*,*,#6031,.T.);
#8587=ORIENTED_EDGE('',*,*,#6032,.T.);
#8588=ORIENTED_EDGE('',*,*,#6033,.T.);
#8589=ORIENTED_EDGE('',*,*,#6033,.F.);
#8590=ORIENTED_EDGE('',*,*,#6034,.F.);
#8591=ORIENTED_EDGE('',*,*,#6035,.F.);
#8592=ORIENTED_EDGE('',*,*,#6036,.F.);
#8593=ORIENTED_EDGE('',*,*,#6032,.F.);
#8594=ORIENTED_EDGE('',*,*,#6026,.T.);
#8595=ORIENTED_EDGE('',*,*,#6037,.T.);
#8596=ORIENTED_EDGE('',*,*,#6034,.T.);
#8597=ORIENTED_EDGE('',*,*,#6037,.F.);
#8598=ORIENTED_EDGE('',*,*,#6029,.T.);
#8599=ORIENTED_EDGE('',*,*,#6038,.T.);
#8600=ORIENTED_EDGE('',*,*,#6035,.T.);
#8601=ORIENTED_EDGE('',*,*,#6030,.F.);
#8602=ORIENTED_EDGE('',*,*,#6036,.T.);
#8603=ORIENTED_EDGE('',*,*,#6038,.F.);
#8604=ORIENTED_EDGE('',*,*,#6039,.T.);
#8605=ORIENTED_EDGE('',*,*,#6022,.F.);
#8606=ORIENTED_EDGE('',*,*,#6040,.F.);
#8607=ORIENTED_EDGE('',*,*,#6039,.F.);
#8608=ORIENTED_EDGE('',*,*,#6028,.T.);
#8609=ORIENTED_EDGE('',*,*,#6020,.F.);
#8610=ORIENTED_EDGE('',*,*,#6027,.F.);
#8611=ORIENTED_EDGE('',*,*,#6031,.F.);
#8612=ORIENTED_EDGE('',*,*,#6040,.T.);
#8613=ORIENTED_EDGE('',*,*,#6041,.T.);
#8614=ORIENTED_EDGE('',*,*,#6042,.T.);
#8615=ORIENTED_EDGE('',*,*,#6043,.T.);
#8616=ORIENTED_EDGE('',*,*,#6044,.T.);
#8617=ORIENTED_EDGE('',*,*,#6044,.F.);
#8618=ORIENTED_EDGE('',*,*,#6045,.F.);
#8619=ORIENTED_EDGE('',*,*,#6046,.F.);
#8620=ORIENTED_EDGE('',*,*,#6047,.F.);
#8621=ORIENTED_EDGE('',*,*,#6043,.F.);
#8622=ORIENTED_EDGE('',*,*,#6048,.T.);
#8623=ORIENTED_EDGE('',*,*,#6049,.T.);
#8624=ORIENTED_EDGE('',*,*,#6045,.T.);
#8625=ORIENTED_EDGE('',*,*,#6049,.F.);
#8626=ORIENTED_EDGE('',*,*,#6050,.T.);
#8627=ORIENTED_EDGE('',*,*,#6051,.F.);
#8628=ORIENTED_EDGE('',*,*,#6046,.T.);
#8629=ORIENTED_EDGE('',*,*,#6041,.F.);
#8630=ORIENTED_EDGE('',*,*,#6047,.T.);
#8631=ORIENTED_EDGE('',*,*,#6051,.T.);
#8632=ORIENTED_EDGE('',*,*,#6052,.T.);
#8633=ORIENTED_EDGE('',*,*,#6042,.F.);
#8634=ORIENTED_EDGE('',*,*,#6053,.F.);
#8635=ORIENTED_EDGE('',*,*,#6054,.F.);
#8636=ORIENTED_EDGE('',*,*,#6055,.T.);
#8637=ORIENTED_EDGE('',*,*,#6052,.F.);
#8638=ORIENTED_EDGE('',*,*,#6056,.F.);
#8639=ORIENTED_EDGE('',*,*,#6057,.F.);
#8640=ORIENTED_EDGE('',*,*,#6053,.T.);
#8641=ORIENTED_EDGE('',*,*,#6058,.T.);
#8642=ORIENTED_EDGE('',*,*,#6059,.T.);
#8643=ORIENTED_EDGE('',*,*,#6060,.T.);
#8644=ORIENTED_EDGE('',*,*,#6061,.T.);
#8645=ORIENTED_EDGE('',*,*,#6061,.F.);
#8646=ORIENTED_EDGE('',*,*,#6062,.F.);
#8647=ORIENTED_EDGE('',*,*,#6063,.F.);
#8648=ORIENTED_EDGE('',*,*,#6064,.F.);
#8649=ORIENTED_EDGE('',*,*,#6060,.F.);
#8650=ORIENTED_EDGE('',*,*,#6054,.T.);
#8651=ORIENTED_EDGE('',*,*,#6065,.T.);
#8652=ORIENTED_EDGE('',*,*,#6062,.T.);
#8653=ORIENTED_EDGE('',*,*,#6065,.F.);
#8654=ORIENTED_EDGE('',*,*,#6057,.T.);
#8655=ORIENTED_EDGE('',*,*,#6066,.T.);
#8656=ORIENTED_EDGE('',*,*,#6063,.T.);
#8657=ORIENTED_EDGE('',*,*,#6058,.F.);
#8658=ORIENTED_EDGE('',*,*,#6064,.T.);
#8659=ORIENTED_EDGE('',*,*,#6066,.F.);
#8660=ORIENTED_EDGE('',*,*,#6067,.T.);
#8661=ORIENTED_EDGE('',*,*,#6050,.F.);
#8662=ORIENTED_EDGE('',*,*,#6068,.F.);
#8663=ORIENTED_EDGE('',*,*,#6067,.F.);
#8664=ORIENTED_EDGE('',*,*,#6056,.T.);
#8665=ORIENTED_EDGE('',*,*,#6048,.F.);
#8666=ORIENTED_EDGE('',*,*,#6055,.F.);
#8667=ORIENTED_EDGE('',*,*,#6059,.F.);
#8668=ORIENTED_EDGE('',*,*,#6068,.T.);
#8669=ORIENTED_EDGE('',*,*,#6069,.T.);
#8670=ORIENTED_EDGE('',*,*,#6070,.T.);
#8671=ORIENTED_EDGE('',*,*,#6071,.T.);
#8672=ORIENTED_EDGE('',*,*,#6072,.T.);
#8673=ORIENTED_EDGE('',*,*,#6072,.F.);
#8674=ORIENTED_EDGE('',*,*,#6073,.F.);
#8675=ORIENTED_EDGE('',*,*,#6074,.F.);
#8676=ORIENTED_EDGE('',*,*,#6075,.F.);
#8677=ORIENTED_EDGE('',*,*,#6071,.F.);
#8678=ORIENTED_EDGE('',*,*,#6076,.T.);
#8679=ORIENTED_EDGE('',*,*,#6077,.T.);
#8680=ORIENTED_EDGE('',*,*,#6073,.T.);
#8681=ORIENTED_EDGE('',*,*,#6077,.F.);
#8682=ORIENTED_EDGE('',*,*,#6078,.T.);
#8683=ORIENTED_EDGE('',*,*,#6079,.F.);
#8684=ORIENTED_EDGE('',*,*,#6074,.T.);
#8685=ORIENTED_EDGE('',*,*,#6069,.F.);
#8686=ORIENTED_EDGE('',*,*,#6075,.T.);
#8687=ORIENTED_EDGE('',*,*,#6079,.T.);
#8688=ORIENTED_EDGE('',*,*,#6080,.T.);
#8689=ORIENTED_EDGE('',*,*,#6070,.F.);
#8690=ORIENTED_EDGE('',*,*,#6081,.F.);
#8691=ORIENTED_EDGE('',*,*,#6082,.F.);
#8692=ORIENTED_EDGE('',*,*,#6083,.T.);
#8693=ORIENTED_EDGE('',*,*,#6080,.F.);
#8694=ORIENTED_EDGE('',*,*,#6084,.F.);
#8695=ORIENTED_EDGE('',*,*,#6085,.F.);
#8696=ORIENTED_EDGE('',*,*,#6081,.T.);
#8697=ORIENTED_EDGE('',*,*,#6086,.T.);
#8698=ORIENTED_EDGE('',*,*,#6087,.T.);
#8699=ORIENTED_EDGE('',*,*,#6088,.T.);
#8700=ORIENTED_EDGE('',*,*,#6089,.T.);
#8701=ORIENTED_EDGE('',*,*,#6089,.F.);
#8702=ORIENTED_EDGE('',*,*,#6090,.F.);
#8703=ORIENTED_EDGE('',*,*,#6091,.F.);
#8704=ORIENTED_EDGE('',*,*,#6092,.F.);
#8705=ORIENTED_EDGE('',*,*,#6088,.F.);
#8706=ORIENTED_EDGE('',*,*,#6082,.T.);
#8707=ORIENTED_EDGE('',*,*,#6093,.T.);
#8708=ORIENTED_EDGE('',*,*,#6090,.T.);
#8709=ORIENTED_EDGE('',*,*,#6093,.F.);
#8710=ORIENTED_EDGE('',*,*,#6085,.T.);
#8711=ORIENTED_EDGE('',*,*,#6094,.T.);
#8712=ORIENTED_EDGE('',*,*,#6091,.T.);
#8713=ORIENTED_EDGE('',*,*,#6086,.F.);
#8714=ORIENTED_EDGE('',*,*,#6092,.T.);
#8715=ORIENTED_EDGE('',*,*,#6094,.F.);
#8716=ORIENTED_EDGE('',*,*,#6095,.T.);
#8717=ORIENTED_EDGE('',*,*,#6078,.F.);
#8718=ORIENTED_EDGE('',*,*,#6096,.F.);
#8719=ORIENTED_EDGE('',*,*,#6095,.F.);
#8720=ORIENTED_EDGE('',*,*,#6084,.T.);
#8721=ORIENTED_EDGE('',*,*,#6076,.F.);
#8722=ORIENTED_EDGE('',*,*,#6083,.F.);
#8723=ORIENTED_EDGE('',*,*,#6087,.F.);
#8724=ORIENTED_EDGE('',*,*,#6096,.T.);
#8725=ORIENTED_EDGE('',*,*,#6097,.T.);
#8726=ORIENTED_EDGE('',*,*,#6098,.T.);
#8727=ORIENTED_EDGE('',*,*,#6099,.F.);
#8728=ORIENTED_EDGE('',*,*,#6100,.F.);
#8729=ORIENTED_EDGE('',*,*,#6099,.T.);
#8730=ORIENTED_EDGE('',*,*,#6101,.T.);
#8731=ORIENTED_EDGE('',*,*,#6102,.F.);
#8732=ORIENTED_EDGE('',*,*,#6103,.F.);
#8733=ORIENTED_EDGE('',*,*,#6102,.T.);
#8734=ORIENTED_EDGE('',*,*,#6104,.T.);
#8735=ORIENTED_EDGE('',*,*,#6105,.F.);
#8736=ORIENTED_EDGE('',*,*,#6106,.F.);
#8737=ORIENTED_EDGE('',*,*,#6105,.T.);
#8738=ORIENTED_EDGE('',*,*,#6107,.T.);
#8739=ORIENTED_EDGE('',*,*,#6108,.F.);
#8740=ORIENTED_EDGE('',*,*,#6109,.F.);
#8741=ORIENTED_EDGE('',*,*,#6108,.T.);
#8742=ORIENTED_EDGE('',*,*,#6110,.T.);
#8743=ORIENTED_EDGE('',*,*,#6111,.F.);
#8744=ORIENTED_EDGE('',*,*,#6112,.F.);
#8745=ORIENTED_EDGE('',*,*,#6111,.T.);
#8746=ORIENTED_EDGE('',*,*,#6113,.T.);
#8747=ORIENTED_EDGE('',*,*,#6114,.F.);
#8748=ORIENTED_EDGE('',*,*,#6115,.F.);
#8749=ORIENTED_EDGE('',*,*,#6114,.T.);
#8750=ORIENTED_EDGE('',*,*,#6116,.T.);
#8751=ORIENTED_EDGE('',*,*,#6117,.F.);
#8752=ORIENTED_EDGE('',*,*,#6118,.F.);
#8753=ORIENTED_EDGE('',*,*,#6117,.T.);
#8754=ORIENTED_EDGE('',*,*,#6119,.T.);
#8755=ORIENTED_EDGE('',*,*,#6120,.F.);
#8756=ORIENTED_EDGE('',*,*,#6121,.F.);
#8757=ORIENTED_EDGE('',*,*,#6120,.T.);
#8758=ORIENTED_EDGE('',*,*,#6122,.T.);
#8759=ORIENTED_EDGE('',*,*,#6123,.F.);
#8760=ORIENTED_EDGE('',*,*,#6124,.F.);
#8761=ORIENTED_EDGE('',*,*,#6123,.T.);
#8762=ORIENTED_EDGE('',*,*,#6125,.T.);
#8763=ORIENTED_EDGE('',*,*,#6126,.F.);
#8764=ORIENTED_EDGE('',*,*,#6127,.F.);
#8765=ORIENTED_EDGE('',*,*,#6126,.T.);
#8766=ORIENTED_EDGE('',*,*,#6128,.T.);
#8767=ORIENTED_EDGE('',*,*,#6129,.F.);
#8768=ORIENTED_EDGE('',*,*,#6130,.F.);
#8769=ORIENTED_EDGE('',*,*,#6129,.T.);
#8770=ORIENTED_EDGE('',*,*,#6131,.T.);
#8771=ORIENTED_EDGE('',*,*,#6132,.F.);
#8772=ORIENTED_EDGE('',*,*,#6133,.F.);
#8773=ORIENTED_EDGE('',*,*,#6132,.T.);
#8774=ORIENTED_EDGE('',*,*,#6134,.T.);
#8775=ORIENTED_EDGE('',*,*,#6135,.F.);
#8776=ORIENTED_EDGE('',*,*,#6136,.F.);
#8777=ORIENTED_EDGE('',*,*,#6135,.T.);
#8778=ORIENTED_EDGE('',*,*,#6137,.T.);
#8779=ORIENTED_EDGE('',*,*,#6138,.F.);
#8780=ORIENTED_EDGE('',*,*,#6139,.F.);
#8781=ORIENTED_EDGE('',*,*,#6138,.T.);
#8782=ORIENTED_EDGE('',*,*,#6140,.T.);
#8783=ORIENTED_EDGE('',*,*,#6141,.F.);
#8784=ORIENTED_EDGE('',*,*,#6142,.F.);
#8785=ORIENTED_EDGE('',*,*,#6141,.T.);
#8786=ORIENTED_EDGE('',*,*,#6143,.T.);
#8787=ORIENTED_EDGE('',*,*,#6144,.F.);
#8788=ORIENTED_EDGE('',*,*,#6145,.F.);
#8789=ORIENTED_EDGE('',*,*,#6144,.T.);
#8790=ORIENTED_EDGE('',*,*,#6146,.T.);
#8791=ORIENTED_EDGE('',*,*,#6147,.F.);
#8792=ORIENTED_EDGE('',*,*,#6148,.F.);
#8793=ORIENTED_EDGE('',*,*,#6147,.T.);
#8794=ORIENTED_EDGE('',*,*,#6149,.T.);
#8795=ORIENTED_EDGE('',*,*,#6097,.F.);
#8796=ORIENTED_EDGE('',*,*,#6150,.F.);
#8797=ORIENTED_EDGE('',*,*,#6100,.T.);
#8798=ORIENTED_EDGE('',*,*,#6103,.T.);
#8799=ORIENTED_EDGE('',*,*,#6106,.T.);
#8800=ORIENTED_EDGE('',*,*,#6109,.T.);
#8801=ORIENTED_EDGE('',*,*,#6112,.T.);
#8802=ORIENTED_EDGE('',*,*,#6115,.T.);
#8803=ORIENTED_EDGE('',*,*,#6118,.T.);
#8804=ORIENTED_EDGE('',*,*,#6121,.T.);
#8805=ORIENTED_EDGE('',*,*,#6124,.T.);
#8806=ORIENTED_EDGE('',*,*,#6127,.T.);
#8807=ORIENTED_EDGE('',*,*,#6130,.T.);
#8808=ORIENTED_EDGE('',*,*,#6133,.T.);
#8809=ORIENTED_EDGE('',*,*,#6136,.T.);
#8810=ORIENTED_EDGE('',*,*,#6139,.T.);
#8811=ORIENTED_EDGE('',*,*,#6142,.T.);
#8812=ORIENTED_EDGE('',*,*,#6145,.T.);
#8813=ORIENTED_EDGE('',*,*,#6148,.T.);
#8814=ORIENTED_EDGE('',*,*,#6150,.T.);
#8815=ORIENTED_EDGE('',*,*,#6149,.F.);
#8816=ORIENTED_EDGE('',*,*,#6146,.F.);
#8817=ORIENTED_EDGE('',*,*,#6143,.F.);
#8818=ORIENTED_EDGE('',*,*,#6140,.F.);
#8819=ORIENTED_EDGE('',*,*,#6137,.F.);
#8820=ORIENTED_EDGE('',*,*,#6134,.F.);
#8821=ORIENTED_EDGE('',*,*,#6131,.F.);
#8822=ORIENTED_EDGE('',*,*,#6128,.F.);
#8823=ORIENTED_EDGE('',*,*,#6125,.F.);
#8824=ORIENTED_EDGE('',*,*,#6122,.F.);
#8825=ORIENTED_EDGE('',*,*,#6119,.F.);
#8826=ORIENTED_EDGE('',*,*,#6116,.F.);
#8827=ORIENTED_EDGE('',*,*,#6113,.F.);
#8828=ORIENTED_EDGE('',*,*,#6110,.F.);
#8829=ORIENTED_EDGE('',*,*,#6107,.F.);
#8830=ORIENTED_EDGE('',*,*,#6104,.F.);
#8831=ORIENTED_EDGE('',*,*,#6101,.F.);
#8832=ORIENTED_EDGE('',*,*,#6098,.F.);
#8833=ORIENTED_EDGE('',*,*,#6151,.T.);
#8834=ORIENTED_EDGE('',*,*,#6152,.T.);
#8835=ORIENTED_EDGE('',*,*,#6153,.F.);
#8836=ORIENTED_EDGE('',*,*,#6154,.F.);
#8837=ORIENTED_EDGE('',*,*,#6153,.T.);
#8838=ORIENTED_EDGE('',*,*,#6155,.T.);
#8839=ORIENTED_EDGE('',*,*,#6156,.F.);
#8840=ORIENTED_EDGE('',*,*,#6157,.F.);
#8841=ORIENTED_EDGE('',*,*,#6156,.T.);
#8842=ORIENTED_EDGE('',*,*,#6158,.T.);
#8843=ORIENTED_EDGE('',*,*,#6159,.F.);
#8844=ORIENTED_EDGE('',*,*,#6160,.F.);
#8845=ORIENTED_EDGE('',*,*,#6159,.T.);
#8846=ORIENTED_EDGE('',*,*,#6161,.T.);
#8847=ORIENTED_EDGE('',*,*,#6162,.F.);
#8848=ORIENTED_EDGE('',*,*,#6163,.F.);
#8849=ORIENTED_EDGE('',*,*,#6162,.T.);
#8850=ORIENTED_EDGE('',*,*,#6164,.T.);
#8851=ORIENTED_EDGE('',*,*,#6165,.F.);
#8852=ORIENTED_EDGE('',*,*,#6166,.F.);
#8853=ORIENTED_EDGE('',*,*,#6165,.T.);
#8854=ORIENTED_EDGE('',*,*,#6167,.T.);
#8855=ORIENTED_EDGE('',*,*,#6168,.F.);
#8856=ORIENTED_EDGE('',*,*,#6169,.F.);
#8857=ORIENTED_EDGE('',*,*,#6168,.T.);
#8858=ORIENTED_EDGE('',*,*,#6170,.T.);
#8859=ORIENTED_EDGE('',*,*,#6171,.F.);
#8860=ORIENTED_EDGE('',*,*,#6172,.F.);
#8861=ORIENTED_EDGE('',*,*,#6171,.T.);
#8862=ORIENTED_EDGE('',*,*,#6173,.T.);
#8863=ORIENTED_EDGE('',*,*,#6174,.F.);
#8864=ORIENTED_EDGE('',*,*,#6175,.F.);
#8865=ORIENTED_EDGE('',*,*,#6174,.T.);
#8866=ORIENTED_EDGE('',*,*,#6176,.T.);
#8867=ORIENTED_EDGE('',*,*,#6177,.F.);
#8868=ORIENTED_EDGE('',*,*,#6178,.F.);
#8869=ORIENTED_EDGE('',*,*,#6177,.T.);
#8870=ORIENTED_EDGE('',*,*,#6179,.T.);
#8871=ORIENTED_EDGE('',*,*,#6180,.F.);
#8872=ORIENTED_EDGE('',*,*,#6181,.F.);
#8873=ORIENTED_EDGE('',*,*,#6180,.T.);
#8874=ORIENTED_EDGE('',*,*,#6182,.T.);
#8875=ORIENTED_EDGE('',*,*,#6183,.F.);
#8876=ORIENTED_EDGE('',*,*,#6184,.F.);
#8877=ORIENTED_EDGE('',*,*,#6183,.T.);
#8878=ORIENTED_EDGE('',*,*,#6185,.T.);
#8879=ORIENTED_EDGE('',*,*,#6186,.F.);
#8880=ORIENTED_EDGE('',*,*,#6187,.F.);
#8881=ORIENTED_EDGE('',*,*,#6186,.T.);
#8882=ORIENTED_EDGE('',*,*,#6188,.T.);
#8883=ORIENTED_EDGE('',*,*,#6189,.F.);
#8884=ORIENTED_EDGE('',*,*,#6190,.F.);
#8885=ORIENTED_EDGE('',*,*,#6189,.T.);
#8886=ORIENTED_EDGE('',*,*,#6191,.T.);
#8887=ORIENTED_EDGE('',*,*,#6192,.F.);
#8888=ORIENTED_EDGE('',*,*,#6193,.F.);
#8889=ORIENTED_EDGE('',*,*,#6192,.T.);
#8890=ORIENTED_EDGE('',*,*,#6194,.T.);
#8891=ORIENTED_EDGE('',*,*,#6195,.F.);
#8892=ORIENTED_EDGE('',*,*,#6196,.F.);
#8893=ORIENTED_EDGE('',*,*,#6195,.T.);
#8894=ORIENTED_EDGE('',*,*,#6197,.T.);
#8895=ORIENTED_EDGE('',*,*,#6198,.F.);
#8896=ORIENTED_EDGE('',*,*,#6199,.F.);
#8897=ORIENTED_EDGE('',*,*,#6198,.T.);
#8898=ORIENTED_EDGE('',*,*,#6200,.T.);
#8899=ORIENTED_EDGE('',*,*,#6201,.F.);
#8900=ORIENTED_EDGE('',*,*,#6202,.F.);
#8901=ORIENTED_EDGE('',*,*,#6201,.T.);
#8902=ORIENTED_EDGE('',*,*,#6203,.T.);
#8903=ORIENTED_EDGE('',*,*,#6204,.F.);
#8904=ORIENTED_EDGE('',*,*,#6205,.F.);
#8905=ORIENTED_EDGE('',*,*,#6204,.T.);
#8906=ORIENTED_EDGE('',*,*,#6206,.T.);
#8907=ORIENTED_EDGE('',*,*,#6207,.F.);
#8908=ORIENTED_EDGE('',*,*,#6208,.F.);
#8909=ORIENTED_EDGE('',*,*,#6207,.T.);
#8910=ORIENTED_EDGE('',*,*,#6209,.T.);
#8911=ORIENTED_EDGE('',*,*,#6210,.F.);
#8912=ORIENTED_EDGE('',*,*,#6211,.F.);
#8913=ORIENTED_EDGE('',*,*,#6210,.T.);
#8914=ORIENTED_EDGE('',*,*,#6212,.T.);
#8915=ORIENTED_EDGE('',*,*,#6213,.F.);
#8916=ORIENTED_EDGE('',*,*,#6214,.F.);
#8917=ORIENTED_EDGE('',*,*,#6213,.T.);
#8918=ORIENTED_EDGE('',*,*,#6215,.T.);
#8919=ORIENTED_EDGE('',*,*,#6216,.F.);
#8920=ORIENTED_EDGE('',*,*,#6217,.F.);
#8921=ORIENTED_EDGE('',*,*,#6216,.T.);
#8922=ORIENTED_EDGE('',*,*,#6218,.T.);
#8923=ORIENTED_EDGE('',*,*,#6219,.F.);
#8924=ORIENTED_EDGE('',*,*,#6220,.F.);
#8925=ORIENTED_EDGE('',*,*,#6219,.T.);
#8926=ORIENTED_EDGE('',*,*,#6221,.T.);
#8927=ORIENTED_EDGE('',*,*,#6222,.F.);
#8928=ORIENTED_EDGE('',*,*,#6223,.F.);
#8929=ORIENTED_EDGE('',*,*,#6222,.T.);
#8930=ORIENTED_EDGE('',*,*,#6224,.T.);
#8931=ORIENTED_EDGE('',*,*,#6225,.F.);
#8932=ORIENTED_EDGE('',*,*,#6226,.F.);
#8933=ORIENTED_EDGE('',*,*,#6225,.T.);
#8934=ORIENTED_EDGE('',*,*,#6227,.T.);
#8935=ORIENTED_EDGE('',*,*,#6228,.F.);
#8936=ORIENTED_EDGE('',*,*,#6229,.F.);
#8937=ORIENTED_EDGE('',*,*,#6228,.T.);
#8938=ORIENTED_EDGE('',*,*,#6230,.T.);
#8939=ORIENTED_EDGE('',*,*,#6231,.F.);
#8940=ORIENTED_EDGE('',*,*,#6232,.F.);
#8941=ORIENTED_EDGE('',*,*,#6231,.T.);
#8942=ORIENTED_EDGE('',*,*,#6233,.T.);
#8943=ORIENTED_EDGE('',*,*,#6234,.F.);
#8944=ORIENTED_EDGE('',*,*,#6235,.F.);
#8945=ORIENTED_EDGE('',*,*,#6234,.T.);
#8946=ORIENTED_EDGE('',*,*,#6236,.T.);
#8947=ORIENTED_EDGE('',*,*,#6237,.F.);
#8948=ORIENTED_EDGE('',*,*,#6238,.F.);
#8949=ORIENTED_EDGE('',*,*,#6237,.T.);
#8950=ORIENTED_EDGE('',*,*,#6239,.T.);
#8951=ORIENTED_EDGE('',*,*,#6240,.F.);
#8952=ORIENTED_EDGE('',*,*,#6241,.F.);
#8953=ORIENTED_EDGE('',*,*,#6240,.T.);
#8954=ORIENTED_EDGE('',*,*,#6242,.T.);
#8955=ORIENTED_EDGE('',*,*,#6243,.F.);
#8956=ORIENTED_EDGE('',*,*,#6244,.F.);
#8957=ORIENTED_EDGE('',*,*,#6243,.T.);
#8958=ORIENTED_EDGE('',*,*,#6245,.T.);
#8959=ORIENTED_EDGE('',*,*,#6246,.F.);
#8960=ORIENTED_EDGE('',*,*,#6247,.F.);
#8961=ORIENTED_EDGE('',*,*,#6246,.T.);
#8962=ORIENTED_EDGE('',*,*,#6248,.T.);
#8963=ORIENTED_EDGE('',*,*,#6249,.F.);
#8964=ORIENTED_EDGE('',*,*,#6250,.F.);
#8965=ORIENTED_EDGE('',*,*,#6249,.T.);
#8966=ORIENTED_EDGE('',*,*,#6251,.T.);
#8967=ORIENTED_EDGE('',*,*,#6252,.F.);
#8968=ORIENTED_EDGE('',*,*,#6253,.F.);
#8969=ORIENTED_EDGE('',*,*,#6252,.T.);
#8970=ORIENTED_EDGE('',*,*,#6254,.T.);
#8971=ORIENTED_EDGE('',*,*,#6255,.F.);
#8972=ORIENTED_EDGE('',*,*,#6256,.F.);
#8973=ORIENTED_EDGE('',*,*,#6255,.T.);
#8974=ORIENTED_EDGE('',*,*,#6257,.T.);
#8975=ORIENTED_EDGE('',*,*,#6258,.F.);
#8976=ORIENTED_EDGE('',*,*,#6259,.F.);
#8977=ORIENTED_EDGE('',*,*,#6258,.T.);
#8978=ORIENTED_EDGE('',*,*,#6260,.T.);
#8979=ORIENTED_EDGE('',*,*,#6261,.F.);
#8980=ORIENTED_EDGE('',*,*,#6262,.F.);
#8981=ORIENTED_EDGE('',*,*,#6261,.T.);
#8982=ORIENTED_EDGE('',*,*,#6263,.T.);
#8983=ORIENTED_EDGE('',*,*,#6264,.F.);
#8984=ORIENTED_EDGE('',*,*,#6265,.F.);
#8985=ORIENTED_EDGE('',*,*,#6264,.T.);
#8986=ORIENTED_EDGE('',*,*,#6266,.T.);
#8987=ORIENTED_EDGE('',*,*,#6267,.F.);
#8988=ORIENTED_EDGE('',*,*,#6268,.F.);
#8989=ORIENTED_EDGE('',*,*,#6267,.T.);
#8990=ORIENTED_EDGE('',*,*,#6269,.T.);
#8991=ORIENTED_EDGE('',*,*,#6270,.F.);
#8992=ORIENTED_EDGE('',*,*,#6271,.F.);
#8993=ORIENTED_EDGE('',*,*,#6270,.T.);
#8994=ORIENTED_EDGE('',*,*,#6272,.T.);
#8995=ORIENTED_EDGE('',*,*,#6273,.F.);
#8996=ORIENTED_EDGE('',*,*,#6274,.F.);
#8997=ORIENTED_EDGE('',*,*,#6273,.T.);
#8998=ORIENTED_EDGE('',*,*,#6275,.T.);
#8999=ORIENTED_EDGE('',*,*,#6276,.F.);
#9000=ORIENTED_EDGE('',*,*,#6277,.F.);
#9001=ORIENTED_EDGE('',*,*,#6276,.T.);
#9002=ORIENTED_EDGE('',*,*,#6278,.T.);
#9003=ORIENTED_EDGE('',*,*,#6279,.F.);
#9004=ORIENTED_EDGE('',*,*,#6280,.F.);
#9005=ORIENTED_EDGE('',*,*,#6281,.F.);
#9006=ORIENTED_EDGE('',*,*,#6279,.T.);
#9007=ORIENTED_EDGE('',*,*,#6282,.T.);
#9008=ORIENTED_EDGE('',*,*,#6151,.F.);
#9009=ORIENTED_EDGE('',*,*,#6154,.T.);
#9010=ORIENTED_EDGE('',*,*,#6157,.T.);
#9011=ORIENTED_EDGE('',*,*,#6160,.T.);
#9012=ORIENTED_EDGE('',*,*,#6163,.T.);
#9013=ORIENTED_EDGE('',*,*,#6166,.T.);
#9014=ORIENTED_EDGE('',*,*,#6169,.T.);
#9015=ORIENTED_EDGE('',*,*,#6172,.T.);
#9016=ORIENTED_EDGE('',*,*,#6175,.T.);
#9017=ORIENTED_EDGE('',*,*,#6178,.T.);
#9018=ORIENTED_EDGE('',*,*,#6181,.T.);
#9019=ORIENTED_EDGE('',*,*,#6184,.T.);
#9020=ORIENTED_EDGE('',*,*,#6187,.T.);
#9021=ORIENTED_EDGE('',*,*,#6190,.T.);
#9022=ORIENTED_EDGE('',*,*,#6193,.T.);
#9023=ORIENTED_EDGE('',*,*,#6196,.T.);
#9024=ORIENTED_EDGE('',*,*,#6199,.T.);
#9025=ORIENTED_EDGE('',*,*,#6202,.T.);
#9026=ORIENTED_EDGE('',*,*,#6205,.T.);
#9027=ORIENTED_EDGE('',*,*,#6208,.T.);
#9028=ORIENTED_EDGE('',*,*,#6211,.T.);
#9029=ORIENTED_EDGE('',*,*,#6214,.T.);
#9030=ORIENTED_EDGE('',*,*,#6217,.T.);
#9031=ORIENTED_EDGE('',*,*,#6220,.T.);
#9032=ORIENTED_EDGE('',*,*,#6223,.T.);
#9033=ORIENTED_EDGE('',*,*,#6226,.T.);
#9034=ORIENTED_EDGE('',*,*,#6229,.T.);
#9035=ORIENTED_EDGE('',*,*,#6232,.T.);
#9036=ORIENTED_EDGE('',*,*,#6235,.T.);
#9037=ORIENTED_EDGE('',*,*,#6238,.T.);
#9038=ORIENTED_EDGE('',*,*,#6241,.T.);
#9039=ORIENTED_EDGE('',*,*,#6244,.T.);
#9040=ORIENTED_EDGE('',*,*,#6247,.T.);
#9041=ORIENTED_EDGE('',*,*,#6250,.T.);
#9042=ORIENTED_EDGE('',*,*,#6253,.T.);
#9043=ORIENTED_EDGE('',*,*,#6256,.T.);
#9044=ORIENTED_EDGE('',*,*,#6259,.T.);
#9045=ORIENTED_EDGE('',*,*,#6262,.T.);
#9046=ORIENTED_EDGE('',*,*,#6265,.T.);
#9047=ORIENTED_EDGE('',*,*,#6268,.T.);
#9048=ORIENTED_EDGE('',*,*,#6271,.T.);
#9049=ORIENTED_EDGE('',*,*,#6274,.T.);
#9050=ORIENTED_EDGE('',*,*,#6277,.T.);
#9051=ORIENTED_EDGE('',*,*,#6280,.T.);
#9052=ORIENTED_EDGE('',*,*,#6281,.T.);
#9053=ORIENTED_EDGE('',*,*,#6282,.F.);
#9054=ORIENTED_EDGE('',*,*,#6278,.F.);
#9055=ORIENTED_EDGE('',*,*,#6275,.F.);
#9056=ORIENTED_EDGE('',*,*,#6272,.F.);
#9057=ORIENTED_EDGE('',*,*,#6269,.F.);
#9058=ORIENTED_EDGE('',*,*,#6266,.F.);
#9059=ORIENTED_EDGE('',*,*,#6263,.F.);
#9060=ORIENTED_EDGE('',*,*,#6260,.F.);
#9061=ORIENTED_EDGE('',*,*,#6257,.F.);
#9062=ORIENTED_EDGE('',*,*,#6254,.F.);
#9063=ORIENTED_EDGE('',*,*,#6251,.F.);
#9064=ORIENTED_EDGE('',*,*,#6248,.F.);
#9065=ORIENTED_EDGE('',*,*,#6245,.F.);
#9066=ORIENTED_EDGE('',*,*,#6242,.F.);
#9067=ORIENTED_EDGE('',*,*,#6239,.F.);
#9068=ORIENTED_EDGE('',*,*,#6236,.F.);
#9069=ORIENTED_EDGE('',*,*,#6233,.F.);
#9070=ORIENTED_EDGE('',*,*,#6230,.F.);
#9071=ORIENTED_EDGE('',*,*,#6227,.F.);
#9072=ORIENTED_EDGE('',*,*,#6224,.F.);
#9073=ORIENTED_EDGE('',*,*,#6221,.F.);
#9074=ORIENTED_EDGE('',*,*,#6218,.F.);
#9075=ORIENTED_EDGE('',*,*,#6215,.F.);
#9076=ORIENTED_EDGE('',*,*,#6212,.F.);
#9077=ORIENTED_EDGE('',*,*,#6209,.F.);
#9078=ORIENTED_EDGE('',*,*,#6206,.F.);
#9079=ORIENTED_EDGE('',*,*,#6203,.F.);
#9080=ORIENTED_EDGE('',*,*,#6200,.F.);
#9081=ORIENTED_EDGE('',*,*,#6197,.F.);
#9082=ORIENTED_EDGE('',*,*,#6194,.F.);
#9083=ORIENTED_EDGE('',*,*,#6191,.F.);
#9084=ORIENTED_EDGE('',*,*,#6188,.F.);
#9085=ORIENTED_EDGE('',*,*,#6185,.F.);
#9086=ORIENTED_EDGE('',*,*,#6182,.F.);
#9087=ORIENTED_EDGE('',*,*,#6179,.F.);
#9088=ORIENTED_EDGE('',*,*,#6176,.F.);
#9089=ORIENTED_EDGE('',*,*,#6173,.F.);
#9090=ORIENTED_EDGE('',*,*,#6170,.F.);
#9091=ORIENTED_EDGE('',*,*,#6167,.F.);
#9092=ORIENTED_EDGE('',*,*,#6164,.F.);
#9093=ORIENTED_EDGE('',*,*,#6161,.F.);
#9094=ORIENTED_EDGE('',*,*,#6158,.F.);
#9095=ORIENTED_EDGE('',*,*,#6155,.F.);
#9096=ORIENTED_EDGE('',*,*,#6152,.F.);
#9097=ORIENTED_EDGE('',*,*,#6283,.T.);
#9098=ORIENTED_EDGE('',*,*,#6284,.T.);
#9099=ORIENTED_EDGE('',*,*,#6285,.F.);
#9100=ORIENTED_EDGE('',*,*,#6286,.F.);
#9101=ORIENTED_EDGE('',*,*,#6285,.T.);
#9102=ORIENTED_EDGE('',*,*,#6287,.T.);
#9103=ORIENTED_EDGE('',*,*,#6288,.F.);
#9104=ORIENTED_EDGE('',*,*,#6289,.F.);
#9105=ORIENTED_EDGE('',*,*,#6288,.T.);
#9106=ORIENTED_EDGE('',*,*,#6290,.T.);
#9107=ORIENTED_EDGE('',*,*,#6291,.F.);
#9108=ORIENTED_EDGE('',*,*,#6292,.F.);
#9109=ORIENTED_EDGE('',*,*,#6291,.T.);
#9110=ORIENTED_EDGE('',*,*,#6293,.T.);
#9111=ORIENTED_EDGE('',*,*,#6294,.F.);
#9112=ORIENTED_EDGE('',*,*,#6295,.F.);
#9113=ORIENTED_EDGE('',*,*,#6294,.T.);
#9114=ORIENTED_EDGE('',*,*,#6296,.T.);
#9115=ORIENTED_EDGE('',*,*,#6297,.F.);
#9116=ORIENTED_EDGE('',*,*,#6298,.F.);
#9117=ORIENTED_EDGE('',*,*,#6297,.T.);
#9118=ORIENTED_EDGE('',*,*,#6299,.T.);
#9119=ORIENTED_EDGE('',*,*,#6300,.F.);
#9120=ORIENTED_EDGE('',*,*,#6301,.F.);
#9121=ORIENTED_EDGE('',*,*,#6300,.T.);
#9122=ORIENTED_EDGE('',*,*,#6302,.T.);
#9123=ORIENTED_EDGE('',*,*,#6303,.F.);
#9124=ORIENTED_EDGE('',*,*,#6304,.F.);
#9125=ORIENTED_EDGE('',*,*,#6303,.T.);
#9126=ORIENTED_EDGE('',*,*,#6305,.T.);
#9127=ORIENTED_EDGE('',*,*,#6306,.F.);
#9128=ORIENTED_EDGE('',*,*,#6307,.F.);
#9129=ORIENTED_EDGE('',*,*,#6306,.T.);
#9130=ORIENTED_EDGE('',*,*,#6308,.T.);
#9131=ORIENTED_EDGE('',*,*,#6309,.F.);
#9132=ORIENTED_EDGE('',*,*,#6310,.F.);
#9133=ORIENTED_EDGE('',*,*,#6309,.T.);
#9134=ORIENTED_EDGE('',*,*,#6311,.T.);
#9135=ORIENTED_EDGE('',*,*,#6312,.F.);
#9136=ORIENTED_EDGE('',*,*,#6313,.F.);
#9137=ORIENTED_EDGE('',*,*,#6312,.T.);
#9138=ORIENTED_EDGE('',*,*,#6314,.T.);
#9139=ORIENTED_EDGE('',*,*,#6315,.F.);
#9140=ORIENTED_EDGE('',*,*,#6316,.F.);
#9141=ORIENTED_EDGE('',*,*,#6315,.T.);
#9142=ORIENTED_EDGE('',*,*,#6317,.T.);
#9143=ORIENTED_EDGE('',*,*,#6318,.F.);
#9144=ORIENTED_EDGE('',*,*,#6319,.F.);
#9145=ORIENTED_EDGE('',*,*,#6318,.T.);
#9146=ORIENTED_EDGE('',*,*,#6320,.T.);
#9147=ORIENTED_EDGE('',*,*,#6321,.F.);
#9148=ORIENTED_EDGE('',*,*,#6322,.F.);
#9149=ORIENTED_EDGE('',*,*,#6321,.T.);
#9150=ORIENTED_EDGE('',*,*,#6323,.T.);
#9151=ORIENTED_EDGE('',*,*,#6324,.F.);
#9152=ORIENTED_EDGE('',*,*,#6325,.F.);
#9153=ORIENTED_EDGE('',*,*,#6324,.T.);
#9154=ORIENTED_EDGE('',*,*,#6326,.T.);
#9155=ORIENTED_EDGE('',*,*,#6327,.F.);
#9156=ORIENTED_EDGE('',*,*,#6328,.F.);
#9157=ORIENTED_EDGE('',*,*,#6327,.T.);
#9158=ORIENTED_EDGE('',*,*,#6329,.T.);
#9159=ORIENTED_EDGE('',*,*,#6283,.F.);
#9160=ORIENTED_EDGE('',*,*,#6330,.F.);
#9161=ORIENTED_EDGE('',*,*,#6286,.T.);
#9162=ORIENTED_EDGE('',*,*,#6289,.T.);
#9163=ORIENTED_EDGE('',*,*,#6292,.T.);
#9164=ORIENTED_EDGE('',*,*,#6295,.T.);
#9165=ORIENTED_EDGE('',*,*,#6298,.T.);
#9166=ORIENTED_EDGE('',*,*,#6301,.T.);
#9167=ORIENTED_EDGE('',*,*,#6304,.T.);
#9168=ORIENTED_EDGE('',*,*,#6307,.T.);
#9169=ORIENTED_EDGE('',*,*,#6310,.T.);
#9170=ORIENTED_EDGE('',*,*,#6313,.T.);
#9171=ORIENTED_EDGE('',*,*,#6316,.T.);
#9172=ORIENTED_EDGE('',*,*,#6319,.T.);
#9173=ORIENTED_EDGE('',*,*,#6322,.T.);
#9174=ORIENTED_EDGE('',*,*,#6325,.T.);
#9175=ORIENTED_EDGE('',*,*,#6328,.T.);
#9176=ORIENTED_EDGE('',*,*,#6330,.T.);
#9177=ORIENTED_EDGE('',*,*,#6329,.F.);
#9178=ORIENTED_EDGE('',*,*,#6326,.F.);
#9179=ORIENTED_EDGE('',*,*,#6323,.F.);
#9180=ORIENTED_EDGE('',*,*,#6320,.F.);
#9181=ORIENTED_EDGE('',*,*,#6317,.F.);
#9182=ORIENTED_EDGE('',*,*,#6314,.F.);
#9183=ORIENTED_EDGE('',*,*,#6311,.F.);
#9184=ORIENTED_EDGE('',*,*,#6308,.F.);
#9185=ORIENTED_EDGE('',*,*,#6305,.F.);
#9186=ORIENTED_EDGE('',*,*,#6302,.F.);
#9187=ORIENTED_EDGE('',*,*,#6299,.F.);
#9188=ORIENTED_EDGE('',*,*,#6296,.F.);
#9189=ORIENTED_EDGE('',*,*,#6293,.F.);
#9190=ORIENTED_EDGE('',*,*,#6290,.F.);
#9191=ORIENTED_EDGE('',*,*,#6287,.F.);
#9192=ORIENTED_EDGE('',*,*,#6284,.F.);
#9193=B_SPLINE_SURFACE_WITH_KNOTS('',2,1,((#14041,#14042),(#14043,#14044),
(#14045,#14046),(#14047,#14048)),.UNSPECIFIED.,.F.,.F.,.F.,(3,1,3),(2,2),
(0.,1.,2.),(0.,0.01),.UNSPECIFIED.);
#9194=B_SPLINE_SURFACE_WITH_KNOTS('',2,1,((#14063,#14064),(#14065,#14066),
(#14067,#14068),(#14069,#14070)),.UNSPECIFIED.,.F.,.F.,.F.,(3,1,3),(2,2),
(0.,1.,2.),(0.,0.01),.UNSPECIFIED.);
#9195=B_SPLINE_SURFACE_WITH_KNOTS('',2,1,((#14082,#14083),(#14084,#14085),
(#14086,#14087),(#14088,#14089)),.UNSPECIFIED.,.F.,.F.,.F.,(3,1,3),(2,2),
(0.,1.,2.),(0.,0.01),.UNSPECIFIED.);
#9196=B_SPLINE_SURFACE_WITH_KNOTS('',2,1,((#14101,#14102),(#14103,#14104),
(#14105,#14106),(#14107,#14108)),.UNSPECIFIED.,.F.,.F.,.F.,(3,1,3),(2,2),
(0.,1.,2.),(0.,0.01),.UNSPECIFIED.);
#9197=B_SPLINE_SURFACE_WITH_KNOTS('',2,1,((#14120,#14121),(#14122,#14123),
(#14124,#14125),(#14126,#14127)),.UNSPECIFIED.,.F.,.F.,.F.,(3,1,3),(2,2),
(0.,1.,2.),(0.,0.01),.UNSPECIFIED.);
#9198=B_SPLINE_SURFACE_WITH_KNOTS('',2,1,((#14139,#14140),(#14141,#14142),
(#14143,#14144),(#14145,#14146)),.UNSPECIFIED.,.F.,.F.,.F.,(3,1,3),(2,2),
(0.,1.,2.),(0.,0.01),.UNSPECIFIED.);
#9199=B_SPLINE_SURFACE_WITH_KNOTS('',2,1,((#14158,#14159),(#14160,#14161),
(#14162,#14163),(#14164,#14165)),.UNSPECIFIED.,.F.,.F.,.F.,(3,1,3),(2,2),
(0.,1.,2.),(0.,0.01),.UNSPECIFIED.);
#9200=B_SPLINE_SURFACE_WITH_KNOTS('',2,1,((#14174,#14175),(#14176,#14177),
(#14178,#14179),(#14180,#14181)),.UNSPECIFIED.,.F.,.F.,.F.,(3,1,3),(2,2),
(-2.,-1.,0.),(0.,0.01),.UNSPECIFIED.);
#9201=B_SPLINE_SURFACE_WITH_KNOTS('',2,1,((#14196,#14197),(#14198,#14199),
(#14200,#14201),(#14202,#14203)),.UNSPECIFIED.,.F.,.F.,.F.,(3,1,3),(2,2),
(-2.,-1.,0.),(0.,0.01),.UNSPECIFIED.);
#9202=B_SPLINE_SURFACE_WITH_KNOTS('',2,1,((#14215,#14216),(#14217,#14218),
(#14219,#14220),(#14221,#14222)),.UNSPECIFIED.,.F.,.F.,.F.,(3,1,3),(2,2),
(-2.,-1.,0.),(0.,0.01),.UNSPECIFIED.);
#9203=B_SPLINE_SURFACE_WITH_KNOTS('',2,1,((#14234,#14235),(#14236,#14237),
(#14238,#14239),(#14240,#14241)),.UNSPECIFIED.,.F.,.F.,.F.,(3,1,3),(2,2),
(-2.,-1.,0.),(0.,0.01),.UNSPECIFIED.);
#9204=B_SPLINE_SURFACE_WITH_KNOTS('',2,1,((#14253,#14254),(#14255,#14256),
(#14257,#14258),(#14259,#14260)),.UNSPECIFIED.,.F.,.F.,.F.,(3,1,3),(2,2),
(-2.,-1.,0.),(0.,0.01),.UNSPECIFIED.);
#9205=B_SPLINE_SURFACE_WITH_KNOTS('',2,1,((#14272,#14273),(#14274,#14275),
(#14276,#14277),(#14278,#14279)),.UNSPECIFIED.,.F.,.F.,.F.,(3,1,3),(2,2),
(-2.,-1.,0.),(0.,0.01),.UNSPECIFIED.);
#9206=B_SPLINE_SURFACE_WITH_KNOTS('',2,1,((#14303,#14304),(#14305,#14306),
(#14307,#14308),(#14309,#14310)),.UNSPECIFIED.,.F.,.F.,.F.,(3,1,3),(2,2),
(-2.,-1.,0.),(0.,0.01),.UNSPECIFIED.);
#9207=B_SPLINE_SURFACE_WITH_KNOTS('',2,1,((#14322,#14323),(#14324,#14325),
(#14326,#14327),(#14328,#14329)),.UNSPECIFIED.,.F.,.F.,.F.,(3,1,3),(2,2),
(-2.,-1.,0.),(0.,0.01),.UNSPECIFIED.);
#9208=B_SPLINE_SURFACE_WITH_KNOTS('',2,1,((#14341,#14342),(#14343,#14344),
(#14345,#14346),(#14347,#14348)),.UNSPECIFIED.,.F.,.F.,.F.,(3,1,3),(2,2),
(-2.,-1.,0.),(0.,0.01),.UNSPECIFIED.);
#9209=B_SPLINE_SURFACE_WITH_KNOTS('',2,1,((#14360,#14361),(#14362,#14363),
(#14364,#14365),(#14366,#14367)),.UNSPECIFIED.,.F.,.F.,.F.,(3,1,3),(2,2),
(-2.,-1.,0.),(0.,0.01),.UNSPECIFIED.);
#9210=B_SPLINE_SURFACE_WITH_KNOTS('',2,1,((#14379,#14380),(#14381,#14382),
(#14383,#14384),(#14385,#14386)),.UNSPECIFIED.,.F.,.F.,.F.,(3,1,3),(2,2),
(-2.,-1.,0.),(0.,0.01),.UNSPECIFIED.);
#9211=B_SPLINE_SURFACE_WITH_KNOTS('',2,1,((#14398,#14399),(#14400,#14401),
(#14402,#14403),(#14404,#14405)),.UNSPECIFIED.,.F.,.F.,.F.,(3,1,3),(2,2),
(-2.,-1.,0.),(0.,0.01),.UNSPECIFIED.);
#9212=B_SPLINE_SURFACE_WITH_KNOTS('',3,3,((#14558,#14559,#14560,#14561,
#14562,#14563),(#14564,#14565,#14566,#14567,#14568,#14569),(#14570,#14571,
#14572,#14573,#14574,#14575),(#14576,#14577,#14578,#14579,#14580,#14581),
(#14582,#14583,#14584,#14585,#14586,#14587)),.UNSPECIFIED.,.F.,.F.,.F.,
(4,1,4),(4,2,4),(0.,0.571428571428571,1.),(-0.0600944070937236,0.,0.000374165180500859),
 .UNSPECIFIED.);
#9213=B_SPLINE_SURFACE_WITH_KNOTS('',3,3,((#14662,#14663,#14664,#14665,
#14666,#14667),(#14668,#14669,#14670,#14671,#14672,#14673),(#14674,#14675,
#14676,#14677,#14678,#14679),(#14680,#14681,#14682,#14683,#14684,#14685)),
 .UNSPECIFIED.,.F.,.F.,.F.,(4,4),(4,2,4),(0.,1.),(-0.0604685722742241,-0.060094407093721,
0.),.UNSPECIFIED.);
#9214=B_SPLINE_SURFACE_WITH_KNOTS('',3,1,((#16772,#16773),(#16774,#16775),
(#16776,#16777),(#16778,#16779)),.UNSPECIFIED.,.F.,.F.,.F.,(4,4),(2,2),
(0.,1.),(0.,0.00036),.UNSPECIFIED.);
#9215=B_SPLINE_SURFACE_WITH_KNOTS('',3,1,((#16794,#16795),(#16796,#16797),
(#16798,#16799),(#16800,#16801)),.UNSPECIFIED.,.F.,.F.,.F.,(4,4),(2,2),
(0.,1.),(0.,0.00036),.UNSPECIFIED.);
#9216=B_SPLINE_SURFACE_WITH_KNOTS('',3,1,((#16813,#16814),(#16815,#16816),
(#16817,#16818),(#16819,#16820)),.UNSPECIFIED.,.F.,.F.,.F.,(4,4),(2,2),
(0.,1.),(0.,0.00036),.UNSPECIFIED.);
#9217=B_SPLINE_SURFACE_WITH_KNOTS('',3,1,((#16844,#16845),(#16846,#16847),
(#16848,#16849),(#16850,#16851)),.UNSPECIFIED.,.F.,.F.,.F.,(4,4),(2,2),
(0.,1.),(0.,0.00036),.UNSPECIFIED.);
#9218=B_SPLINE_SURFACE_WITH_KNOTS('',3,1,((#16863,#16864),(#16865,#16866),
(#16867,#16868),(#16869,#16870)),.UNSPECIFIED.,.F.,.F.,.F.,(4,4),(2,2),
(0.,1.),(0.,0.00036),.UNSPECIFIED.);
#9219=B_SPLINE_SURFACE_WITH_KNOTS('',3,1,((#16882,#16883),(#16884,#16885),
(#16886,#16887),(#16888,#16889)),.UNSPECIFIED.,.F.,.F.,.F.,(4,4),(2,2),
(0.,1.),(0.,0.00036),.UNSPECIFIED.);
#9220=B_SPLINE_SURFACE_WITH_KNOTS('',3,1,((#16901,#16902),(#16903,#16904),
(#16905,#16906),(#16907,#16908)),.UNSPECIFIED.,.F.,.F.,.F.,(4,4),(2,2),
(0.,1.),(0.,0.00036),.UNSPECIFIED.);
#9221=B_SPLINE_SURFACE_WITH_KNOTS('',3,1,((#16920,#16921),(#16922,#16923),
(#16924,#16925),(#16926,#16927)),.UNSPECIFIED.,.F.,.F.,.F.,(4,4),(2,2),
(0.,1.),(0.,0.00036),.UNSPECIFIED.);
#9222=B_SPLINE_SURFACE_WITH_KNOTS('',3,1,((#16939,#16940),(#16941,#16942),
(#16943,#16944),(#16945,#16946)),.UNSPECIFIED.,.F.,.F.,.F.,(4,4),(2,2),
(0.,1.),(0.,0.00036),.UNSPECIFIED.);
#9223=B_SPLINE_SURFACE_WITH_KNOTS('',3,1,((#16970,#16971),(#16972,#16973),
(#16974,#16975),(#16976,#16977)),.UNSPECIFIED.,.F.,.F.,.F.,(4,4),(2,2),
(0.,1.),(0.,0.00036),.UNSPECIFIED.);
#9224=B_SPLINE_SURFACE_WITH_KNOTS('',3,1,((#16989,#16990),(#16991,#16992),
(#16993,#16994),(#16995,#16996)),.UNSPECIFIED.,.F.,.F.,.F.,(4,4),(2,2),
(0.,1.),(0.,0.00036),.UNSPECIFIED.);
#9225=B_SPLINE_SURFACE_WITH_KNOTS('',3,1,((#17008,#17009),(#17010,#17011),
(#17012,#17013),(#17014,#17015)),.UNSPECIFIED.,.F.,.F.,.F.,(4,4),(2,2),
(0.,1.),(0.,0.00036),.UNSPECIFIED.);
#9226=B_SPLINE_SURFACE_WITH_KNOTS('',3,1,((#17027,#17028),(#17029,#17030),
(#17031,#17032),(#17033,#17034)),.UNSPECIFIED.,.F.,.F.,.F.,(4,4),(2,2),
(0.,1.),(0.,0.00036),.UNSPECIFIED.);
#9227=B_SPLINE_SURFACE_WITH_KNOTS('',3,1,((#17046,#17047),(#17048,#17049),
(#17050,#17051),(#17052,#17053)),.UNSPECIFIED.,.F.,.F.,.F.,(4,4),(2,2),
(0.,1.),(0.,0.00036),.UNSPECIFIED.);
#9228=B_SPLINE_SURFACE_WITH_KNOTS('',3,1,((#17064,#17065),(#17066,#17067),
(#17068,#17069),(#17070,#17071)),.UNSPECIFIED.,.F.,.F.,.F.,(4,4),(2,2),
(0.,1.),(0.,0.00036),.UNSPECIFIED.);
#9229=B_SPLINE_SURFACE_WITH_KNOTS('',3,1,((#17080,#17081),(#17082,#17083),
(#17084,#17085),(#17086,#17087)),.UNSPECIFIED.,.F.,.F.,.F.,(4,4),(2,2),
(0.,1.),(0.,0.00036),.UNSPECIFIED.);
#9230=B_SPLINE_SURFACE_WITH_KNOTS('',3,1,((#17099,#17100),(#17101,#17102),
(#17103,#17104),(#17105,#17106)),.UNSPECIFIED.,.F.,.F.,.F.,(4,4),(2,2),
(0.,1.),(0.,0.00036),.UNSPECIFIED.);
#9231=B_SPLINE_SURFACE_WITH_KNOTS('',3,1,((#17130,#17131),(#17132,#17133),
(#17134,#17135),(#17136,#17137)),.UNSPECIFIED.,.F.,.F.,.F.,(4,4),(2,2),
(0.,1.),(0.,0.00036),.UNSPECIFIED.);
#9232=B_SPLINE_SURFACE_WITH_KNOTS('',3,1,((#17149,#17150),(#17151,#17152),
(#17153,#17154),(#17155,#17156)),.UNSPECIFIED.,.F.,.F.,.F.,(4,4),(2,2),
(0.,1.),(0.,0.00036),.UNSPECIFIED.);
#9233=B_SPLINE_SURFACE_WITH_KNOTS('',3,1,((#17168,#17169),(#17170,#17171),
(#17172,#17173),(#17174,#17175)),.UNSPECIFIED.,.F.,.F.,.F.,(4,4),(2,2),
(0.,1.),(0.,0.00036),.UNSPECIFIED.);
#9234=B_SPLINE_SURFACE_WITH_KNOTS('',3,1,((#17187,#17188),(#17189,#17190),
(#17191,#17192),(#17193,#17194)),.UNSPECIFIED.,.F.,.F.,.F.,(4,4),(2,2),
(0.,1.),(0.,0.00036),.UNSPECIFIED.);
#9235=B_SPLINE_SURFACE_WITH_KNOTS('',3,1,((#17206,#17207),(#17208,#17209),
(#17210,#17211),(#17212,#17213)),.UNSPECIFIED.,.F.,.F.,.F.,(4,4),(2,2),
(0.,1.),(0.,0.00036),.UNSPECIFIED.);
#9236=B_SPLINE_SURFACE_WITH_KNOTS('',3,1,((#17225,#17226),(#17227,#17228),
(#17229,#17230),(#17231,#17232)),.UNSPECIFIED.,.F.,.F.,.F.,(4,4),(2,2),
(0.,1.),(0.,0.00036),.UNSPECIFIED.);
#9237=B_SPLINE_SURFACE_WITH_KNOTS('',3,1,((#17244,#17245),(#17246,#17247),
(#17248,#17249),(#17250,#17251)),.UNSPECIFIED.,.F.,.F.,.F.,(4,4),(2,2),
(0.,1.),(0.,0.00036),.UNSPECIFIED.);
#9238=B_SPLINE_SURFACE_WITH_KNOTS('',3,1,((#17263,#17264),(#17265,#17266),
(#17267,#17268),(#17269,#17270)),.UNSPECIFIED.,.F.,.F.,.F.,(4,4),(2,2),
(0.,1.),(0.,0.00036),.UNSPECIFIED.);
#9239=B_SPLINE_SURFACE_WITH_KNOTS('',3,1,((#17282,#17283),(#17284,#17285),
(#17286,#17287),(#17288,#17289)),.UNSPECIFIED.,.F.,.F.,.F.,(4,4),(2,2),
(0.,1.),(0.,0.00036),.UNSPECIFIED.);
#9240=B_SPLINE_SURFACE_WITH_KNOTS('',3,1,((#17301,#17302),(#17303,#17304),
(#17305,#17306),(#17307,#17308)),.UNSPECIFIED.,.F.,.F.,.F.,(4,4),(2,2),
(0.,1.),(0.,0.00036),.UNSPECIFIED.);
#9241=B_SPLINE_SURFACE_WITH_KNOTS('',3,1,((#17320,#17321),(#17322,#17323),
(#17324,#17325),(#17326,#17327)),.UNSPECIFIED.,.F.,.F.,.F.,(4,4),(2,2),
(0.,1.),(0.,0.00036),.UNSPECIFIED.);
#9242=B_SPLINE_SURFACE_WITH_KNOTS('',3,1,((#17339,#17340),(#17341,#17342),
(#17343,#17344),(#17345,#17346)),.UNSPECIFIED.,.F.,.F.,.F.,(4,4),(2,2),
(0.,1.),(0.,0.00036),.UNSPECIFIED.);
#9243=B_SPLINE_SURFACE_WITH_KNOTS('',3,1,((#17358,#17359),(#17360,#17361),
(#17362,#17363),(#17364,#17365)),.UNSPECIFIED.,.F.,.F.,.F.,(4,4),(2,2),
(0.,1.),(0.,0.00036),.UNSPECIFIED.);
#9244=B_SPLINE_SURFACE_WITH_KNOTS('',3,1,((#17377,#17378),(#17379,#17380),
(#17381,#17382),(#17383,#17384)),.UNSPECIFIED.,.F.,.F.,.F.,(4,4),(2,2),
(0.,1.),(0.,0.00036),.UNSPECIFIED.);
#9245=B_SPLINE_SURFACE_WITH_KNOTS('',3,1,((#17396,#17397),(#17398,#17399),
(#17400,#17401),(#17402,#17403)),.UNSPECIFIED.,.F.,.F.,.F.,(4,4),(2,2),
(0.,1.),(0.,0.00036),.UNSPECIFIED.);
#9246=B_SPLINE_SURFACE_WITH_KNOTS('',3,1,((#17415,#17416),(#17417,#17418),
(#17419,#17420),(#17421,#17422)),.UNSPECIFIED.,.F.,.F.,.F.,(4,4),(2,2),
(0.,1.),(0.,0.00036),.UNSPECIFIED.);
#9247=B_SPLINE_SURFACE_WITH_KNOTS('',3,1,((#17434,#17435),(#17436,#17437),
(#17438,#17439),(#17440,#17441)),.UNSPECIFIED.,.F.,.F.,.F.,(4,4),(2,2),
(0.,1.),(0.,0.00036),.UNSPECIFIED.);
#9248=B_SPLINE_SURFACE_WITH_KNOTS('',3,1,((#17453,#17454),(#17455,#17456),
(#17457,#17458),(#17459,#17460)),.UNSPECIFIED.,.F.,.F.,.F.,(4,4),(2,2),
(0.,1.),(0.,0.00036),.UNSPECIFIED.);
#9249=B_SPLINE_SURFACE_WITH_KNOTS('',3,1,((#17466,#17467),(#17468,#17469),
(#17470,#17471),(#17472,#17473)),.UNSPECIFIED.,.F.,.F.,.F.,(4,4),(2,2),
(0.,1.),(0.,0.00036),.UNSPECIFIED.);
#9250=B_SPLINE_SURFACE_WITH_KNOTS('',3,1,((#17485,#17486),(#17487,#17488),
(#17489,#17490),(#17491,#17492)),.UNSPECIFIED.,.F.,.F.,.F.,(4,4),(2,2),
(0.,1.),(0.,0.00036),.UNSPECIFIED.);
#9251=B_SPLINE_SURFACE_WITH_KNOTS('',3,1,((#17504,#17505),(#17506,#17507),
(#17508,#17509),(#17510,#17511)),.UNSPECIFIED.,.F.,.F.,.F.,(4,4),(2,2),
(0.,1.),(0.,0.00036),.UNSPECIFIED.);
#9252=B_SPLINE_SURFACE_WITH_KNOTS('',3,1,((#17523,#17524),(#17525,#17526),
(#17527,#17528),(#17529,#17530)),.UNSPECIFIED.,.F.,.F.,.F.,(4,4),(2,2),
(0.,1.),(0.,0.00036),.UNSPECIFIED.);
#9253=B_SPLINE_SURFACE_WITH_KNOTS('',3,1,((#17554,#17555),(#17556,#17557),
(#17558,#17559),(#17560,#17561)),.UNSPECIFIED.,.F.,.F.,.F.,(4,4),(2,2),
(0.,1.),(0.,0.00036),.UNSPECIFIED.);
#9254=B_SPLINE_SURFACE_WITH_KNOTS('',3,1,((#17573,#17574),(#17575,#17576),
(#17577,#17578),(#17579,#17580)),.UNSPECIFIED.,.F.,.F.,.F.,(4,4),(2,2),
(0.,1.),(0.,0.00036),.UNSPECIFIED.);
#9255=B_SPLINE_SURFACE_WITH_KNOTS('',3,1,((#17592,#17593),(#17594,#17595),
(#17596,#17597),(#17598,#17599)),.UNSPECIFIED.,.F.,.F.,.F.,(4,4),(2,2),
(0.,1.),(0.,0.00036),.UNSPECIFIED.);
#9256=B_SPLINE_SURFACE_WITH_KNOTS('',3,1,((#17611,#17612),(#17613,#17614),
(#17615,#17616),(#17617,#17618)),.UNSPECIFIED.,.F.,.F.,.F.,(4,4),(2,2),
(0.,1.),(0.,0.00036),.UNSPECIFIED.);
#9257=B_SPLINE_SURFACE_WITH_KNOTS('',3,1,((#17630,#17631),(#17632,#17633),
(#17634,#17635),(#17636,#17637)),.UNSPECIFIED.,.F.,.F.,.F.,(4,4),(2,2),
(0.,1.),(0.,0.00036),.UNSPECIFIED.);
#9258=B_SPLINE_SURFACE_WITH_KNOTS('',3,1,((#17649,#17650),(#17651,#17652),
(#17653,#17654),(#17655,#17656)),.UNSPECIFIED.,.F.,.F.,.F.,(4,4),(2,2),
(0.,1.),(0.,0.00036),.UNSPECIFIED.);
#9259=B_SPLINE_SURFACE_WITH_KNOTS('',3,1,((#17668,#17669),(#17670,#17671),
(#17672,#17673),(#17674,#17675)),.UNSPECIFIED.,.F.,.F.,.F.,(4,4),(2,2),
(0.,1.),(0.,0.00036),.UNSPECIFIED.);
#9260=B_SPLINE_SURFACE_WITH_KNOTS('',3,1,((#17687,#17688),(#17689,#17690),
(#17691,#17692),(#17693,#17694)),.UNSPECIFIED.,.F.,.F.,.F.,(4,4),(2,2),
(0.,1.),(0.,0.00036),.UNSPECIFIED.);
#9261=B_SPLINE_SURFACE_WITH_KNOTS('',3,1,((#17706,#17707),(#17708,#17709),
(#17710,#17711),(#17712,#17713)),.UNSPECIFIED.,.F.,.F.,.F.,(4,4),(2,2),
(0.,1.),(0.,0.00036),.UNSPECIFIED.);
#9262=B_SPLINE_SURFACE_WITH_KNOTS('',3,1,((#17725,#17726),(#17727,#17728),
(#17729,#17730),(#17731,#17732)),.UNSPECIFIED.,.F.,.F.,.F.,(4,4),(2,2),
(0.,1.),(0.,0.00036),.UNSPECIFIED.);
#9263=B_SPLINE_SURFACE_WITH_KNOTS('',3,1,((#17738,#17739),(#17740,#17741),
(#17742,#17743),(#17744,#17745)),.UNSPECIFIED.,.F.,.F.,.F.,(4,4),(2,2),
(0.,1.),(0.,0.00036),.UNSPECIFIED.);
#9264=B_SPLINE_SURFACE_WITH_KNOTS('',3,1,((#17757,#17758),(#17759,#17760),
(#17761,#17762),(#17763,#17764)),.UNSPECIFIED.,.F.,.F.,.F.,(4,4),(2,2),
(0.,1.),(0.,0.00036),.UNSPECIFIED.);
#9265=B_SPLINE_SURFACE_WITH_KNOTS('',3,1,((#17776,#17777),(#17778,#17779),
(#17780,#17781),(#17782,#17783)),.UNSPECIFIED.,.F.,.F.,.F.,(4,4),(2,2),
(0.,1.),(0.,0.00036),.UNSPECIFIED.);
#9266=B_SPLINE_SURFACE_WITH_KNOTS('',3,1,((#17795,#17796),(#17797,#17798),
(#17799,#17800),(#17801,#17802)),.UNSPECIFIED.,.F.,.F.,.F.,(4,4),(2,2),
(0.,1.),(0.,0.00036),.UNSPECIFIED.);
#9267=B_SPLINE_SURFACE_WITH_KNOTS('',3,1,((#17814,#17815),(#17816,#17817),
(#17818,#17819),(#17820,#17821)),.UNSPECIFIED.,.F.,.F.,.F.,(4,4),(2,2),
(0.,1.),(0.,0.00036),.UNSPECIFIED.);
#9268=B_SPLINE_SURFACE_WITH_KNOTS('',3,1,((#17832,#17833),(#17834,#17835),
(#17836,#17837),(#17838,#17839)),.UNSPECIFIED.,.F.,.F.,.F.,(4,4),(2,2),
(0.,1.),(0.,0.00036),.UNSPECIFIED.);
#9269=B_SPLINE_SURFACE_WITH_KNOTS('',3,1,((#17854,#17855),(#17856,#17857),
(#17858,#17859),(#17860,#17861)),.UNSPECIFIED.,.F.,.F.,.F.,(4,4),(2,2),
(0.,1.),(0.,0.00036),.UNSPECIFIED.);
#9270=B_SPLINE_SURFACE_WITH_KNOTS('',3,1,((#17873,#17874),(#17875,#17876),
(#17877,#17878),(#17879,#17880)),.UNSPECIFIED.,.F.,.F.,.F.,(4,4),(2,2),
(0.,1.),(0.,0.00036),.UNSPECIFIED.);
#9271=B_SPLINE_SURFACE_WITH_KNOTS('',3,1,((#17904,#17905),(#17906,#17907),
(#17908,#17909),(#17910,#17911)),.UNSPECIFIED.,.F.,.F.,.F.,(4,4),(2,2),
(0.,1.),(0.,0.00036),.UNSPECIFIED.);
#9272=B_SPLINE_SURFACE_WITH_KNOTS('',3,1,((#17935,#17936),(#17937,#17938),
(#17939,#17940),(#17941,#17942)),.UNSPECIFIED.,.F.,.F.,.F.,(4,4),(2,2),
(0.,1.),(0.,0.00036),.UNSPECIFIED.);
#9273=B_SPLINE_SURFACE_WITH_KNOTS('',3,1,((#17954,#17955),(#17956,#17957),
(#17958,#17959),(#17960,#17961)),.UNSPECIFIED.,.F.,.F.,.F.,(4,4),(2,2),
(0.,1.),(0.,0.00036),.UNSPECIFIED.);
#9274=B_SPLINE_SURFACE_WITH_KNOTS('',3,1,((#17973,#17974),(#17975,#17976),
(#17977,#17978),(#17979,#17980)),.UNSPECIFIED.,.F.,.F.,.F.,(4,4),(2,2),
(0.,1.),(0.,0.00036),.UNSPECIFIED.);
#9275=B_SPLINE_SURFACE_WITH_KNOTS('',3,1,((#17992,#17993),(#17994,#17995),
(#17996,#17997),(#17998,#17999)),.UNSPECIFIED.,.F.,.F.,.F.,(4,4),(2,2),
(0.,1.),(0.,0.00036),.UNSPECIFIED.);
#9276=B_SPLINE_SURFACE_WITH_KNOTS('',3,1,((#18029,#18030),(#18031,#18032),
(#18033,#18034),(#18035,#18036)),.UNSPECIFIED.,.F.,.F.,.F.,(4,4),(2,2),
(0.,1.),(0.,0.00036),.UNSPECIFIED.);
#9277=ADVANCED_FACE('',(#1170),#9193,.F.);
#9278=ADVANCED_FACE('',(#1171),#9194,.F.);
#9279=ADVANCED_FACE('',(#1172),#9195,.F.);
#9280=ADVANCED_FACE('',(#1173),#9196,.F.);
#9281=ADVANCED_FACE('',(#1174),#9197,.F.);
#9282=ADVANCED_FACE('',(#1175),#9198,.F.);
#9283=ADVANCED_FACE('',(#1176),#9199,.F.);
#9284=ADVANCED_FACE('',(#1177),#9200,.T.);
#9285=ADVANCED_FACE('',(#1178),#9201,.T.);
#9286=ADVANCED_FACE('',(#1179),#9202,.T.);
#9287=ADVANCED_FACE('',(#1180),#9203,.T.);
#9288=ADVANCED_FACE('',(#1181),#9204,.T.);
#9289=ADVANCED_FACE('',(#1182),#9205,.T.);
#9290=ADVANCED_FACE('',(#1183),#987,.T.);
#9291=ADVANCED_FACE('',(#1184),#988,.T.);
#9292=ADVANCED_FACE('',(#1185),#9206,.T.);
#9293=ADVANCED_FACE('',(#1186),#9207,.T.);
#9294=ADVANCED_FACE('',(#1187),#9208,.T.);
#9295=ADVANCED_FACE('',(#1188),#9209,.T.);
#9296=ADVANCED_FACE('',(#1189),#9210,.T.);
#9297=ADVANCED_FACE('',(#1190),#9211,.T.);
#9298=ADVANCED_FACE('',(#1191,#985),#989,.T.);
#9299=ADVANCED_FACE('',(#1192,#986),#990,.F.);
#9300=ADVANCED_FACE('',(#1193),#339,.T.);
#9301=ADVANCED_FACE('',(#1194),#265,.F.);
#9302=ADVANCED_FACE('',(#1195),#45,.F.);
#9303=ADVANCED_FACE('',(#1196),#9212,.T.);
#9304=ADVANCED_FACE('',(#1197),#266,.F.);
#9305=ADVANCED_FACE('',(#1198),#46,.F.);
#9306=ADVANCED_FACE('',(#1199),#340,.T.);
#9307=ADVANCED_FACE('',(#1200),#47,.T.);
#9308=ADVANCED_FACE('',(#1201),#267,.T.);
#9309=ADVANCED_FACE('',(#1202),#268,.F.);
#9310=ADVANCED_FACE('',(#1203),#48,.F.);
#9311=ADVANCED_FACE('',(#1204),#269,.F.);
#9312=ADVANCED_FACE('',(#1205),#49,.F.);
#9313=ADVANCED_FACE('',(#1206),#50,.F.);
#9314=ADVANCED_FACE('',(#1207),#51,.F.);
#9315=ADVANCED_FACE('',(#1208),#52,.F.);
#9316=ADVANCED_FACE('',(#1209),#9213,.T.);
#9317=ADVANCED_FACE('',(#1210),#53,.T.);
#9318=ADVANCED_FACE('',(#1211),#54,.F.);
#9319=ADVANCED_FACE('',(#1212),#270,.T.);
#9320=ADVANCED_FACE('',(#1213),#55,.T.);
#9321=ADVANCED_FACE('',(#1214),#991,.F.);
#9322=ADVANCED_FACE('',(#1215),#56,.T.);
#9323=ADVANCED_FACE('',(#1216),#57,.T.);
#9324=ADVANCED_FACE('',(#1217),#992,.F.);
#9325=ADVANCED_FACE('',(#1218),#58,.T.);
#9326=ADVANCED_FACE('',(#1219),#59,.T.);
#9327=ADVANCED_FACE('',(#1220),#993,.F.);
#9328=ADVANCED_FACE('',(#1221),#994,.F.);
#9329=ADVANCED_FACE('',(#1222),#341,.F.);
#9330=ADVANCED_FACE('',(#1223),#342,.F.);
#9331=ADVANCED_FACE('',(#1224),#271,.F.);
#9332=ADVANCED_FACE('',(#1225),#343,.F.);
#9333=ADVANCED_FACE('',(#1226),#272,.T.);
#9334=ADVANCED_FACE('',(#1227),#344,.F.);
#9335=ADVANCED_FACE('',(#1228),#345,.F.);
#9336=ADVANCED_FACE('',(#1229),#273,.T.);
#9337=ADVANCED_FACE('',(#1230),#274,.F.);
#9338=ADVANCED_FACE('',(#1231),#346,.F.);
#9339=ADVANCED_FACE('',(#1232),#347,.T.);
#9340=ADVANCED_FACE('',(#1233),#275,.F.);
#9341=ADVANCED_FACE('',(#1234),#348,.F.);
#9342=ADVANCED_FACE('',(#1235),#276,.T.);
#9343=ADVANCED_FACE('',(#1236),#277,.F.);
#9344=ADVANCED_FACE('',(#1237),#278,.T.);
#9345=ADVANCED_FACE('',(#1238),#60,.T.);
#9346=ADVANCED_FACE('',(#1239),#349,.F.);
#9347=ADVANCED_FACE('',(#1240),#279,.F.);
#9348=ADVANCED_FACE('',(#1241),#350,.T.);
#9349=ADVANCED_FACE('',(#1242),#280,.F.);
#9350=ADVANCED_FACE('',(#1243),#351,.T.);
#9351=ADVANCED_FACE('',(#1244),#281,.F.);
#9352=ADVANCED_FACE('',(#1245),#352,.T.);
#9353=ADVANCED_FACE('',(#1246),#61,.T.);
#9354=ADVANCED_FACE('',(#1247),#353,.T.);
#9355=ADVANCED_FACE('',(#1248),#62,.T.);
#9356=ADVANCED_FACE('',(#1249),#63,.F.);
#9357=ADVANCED_FACE('',(#1250),#282,.F.);
#9358=ADVANCED_FACE('',(#1251),#354,.T.);
#9359=ADVANCED_FACE('',(#1252),#283,.T.);
#9360=ADVANCED_FACE('',(#1253),#64,.T.);
#9361=ADVANCED_FACE('',(#1254),#355,.F.);
#9362=ADVANCED_FACE('',(#1255),#356,.T.);
#9363=ADVANCED_FACE('',(#1256),#65,.T.);
#9364=ADVANCED_FACE('',(#1257),#357,.T.);
#9365=ADVANCED_FACE('',(#1258),#66,.T.);
#9366=ADVANCED_FACE('',(#1259),#67,.F.);
#9367=ADVANCED_FACE('',(#1260),#284,.T.);
#9368=ADVANCED_FACE('',(#1261),#68,.T.);
#9369=ADVANCED_FACE('',(#1262),#69,.T.);
#9370=ADVANCED_FACE('',(#1263),#358,.F.);
#9371=ADVANCED_FACE('',(#1264),#359,.F.);
#9372=ADVANCED_FACE('',(#1265),#285,.T.);
#9373=ADVANCED_FACE('',(#1266),#70,.T.);
#9374=ADVANCED_FACE('',(#1267),#286,.F.);
#9375=ADVANCED_FACE('',(#1268),#287,.T.);
#9376=ADVANCED_FACE('',(#1269),#360,.F.);
#9377=ADVANCED_FACE('',(#1270),#288,.T.);
#9378=ADVANCED_FACE('',(#1271),#361,.F.);
#9379=ADVANCED_FACE('',(#1272),#289,.T.);
#9380=ADVANCED_FACE('',(#1273),#71,.T.);
#9381=ADVANCED_FACE('',(#1274),#290,.F.);
#9382=ADVANCED_FACE('',(#1275),#362,.F.);
#9383=ADVANCED_FACE('',(#1276),#291,.F.);
#9384=ADVANCED_FACE('',(#1277),#363,.T.);
#9385=ADVANCED_FACE('',(#1278),#364,.F.);
#9386=ADVANCED_FACE('',(#1279),#292,.T.);
#9387=ADVANCED_FACE('',(#1280),#293,.F.);
#9388=ADVANCED_FACE('',(#1281),#294,.T.);
#9389=ADVANCED_FACE('',(#1282),#72,.T.);
#9390=ADVANCED_FACE('',(#1283),#295,.F.);
#9391=ADVANCED_FACE('',(#1284),#365,.F.);
#9392=ADVANCED_FACE('',(#1285),#366,.T.);
#9393=ADVANCED_FACE('',(#1286),#296,.F.);
#9394=ADVANCED_FACE('',(#1287),#367,.T.);
#9395=ADVANCED_FACE('',(#1288),#297,.F.);
#9396=ADVANCED_FACE('',(#1289),#368,.T.);
#9397=ADVANCED_FACE('',(#1290),#73,.T.);
#9398=ADVANCED_FACE('',(#1291),#369,.T.);
#9399=ADVANCED_FACE('',(#1292),#74,.T.);
#9400=ADVANCED_FACE('',(#1293),#75,.F.);
#9401=ADVANCED_FACE('',(#1294),#298,.F.);
#9402=ADVANCED_FACE('',(#1295),#370,.T.);
#9403=ADVANCED_FACE('',(#1296),#299,.T.);
#9404=ADVANCED_FACE('',(#1297),#76,.T.);
#9405=ADVANCED_FACE('',(#1298),#371,.F.);
#9406=ADVANCED_FACE('',(#1299),#372,.T.);
#9407=ADVANCED_FACE('',(#1300),#373,.T.);
#9408=ADVANCED_FACE('',(#1301),#77,.T.);
#9409=ADVANCED_FACE('',(#1302),#374,.T.);
#9410=ADVANCED_FACE('',(#1303),#78,.T.);
#9411=ADVANCED_FACE('',(#1304),#79,.F.);
#9412=ADVANCED_FACE('',(#1305),#300,.T.);
#9413=ADVANCED_FACE('',(#1306),#80,.T.);
#9414=ADVANCED_FACE('',(#1307),#81,.T.);
#9415=ADVANCED_FACE('',(#1308),#375,.F.);
#9416=ADVANCED_FACE('',(#1309),#376,.F.);
#9417=ADVANCED_FACE('',(#1310),#301,.T.);
#9418=ADVANCED_FACE('',(#1311),#82,.T.);
#9419=ADVANCED_FACE('',(#1312),#302,.F.);
#9420=ADVANCED_FACE('',(#1313),#377,.T.);
#9421=ADVANCED_FACE('',(#1314),#83,.T.);
#9422=ADVANCED_FACE('',(#1315),#378,.T.);
#9423=ADVANCED_FACE('',(#1316),#84,.T.);
#9424=ADVANCED_FACE('',(#1317),#379,.T.);
#9425=ADVANCED_FACE('',(#1318),#380,.T.);
#9426=ADVANCED_FACE('',(#1319),#85,.T.);
#9427=ADVANCED_FACE('',(#1320),#381,.T.);
#9428=ADVANCED_FACE('',(#1321),#86,.T.);
#9429=ADVANCED_FACE('',(#1322),#303,.T.);
#9430=ADVANCED_FACE('',(#1323),#87,.T.);
#9431=ADVANCED_FACE('',(#1324),#304,.T.);
#9432=ADVANCED_FACE('',(#1325),#382,.F.);
#9433=ADVANCED_FACE('',(#1326),#305,.T.);
#9434=ADVANCED_FACE('',(#1327),#383,.F.);
#9435=ADVANCED_FACE('',(#1328),#306,.T.);
#9436=ADVANCED_FACE('',(#1329),#88,.T.);
#9437=ADVANCED_FACE('',(#1330),#384,.F.);
#9438=ADVANCED_FACE('',(#1331),#307,.F.);
#9439=ADVANCED_FACE('',(#1332),#308,.F.);
#9440=ADVANCED_FACE('',(#1333),#385,.T.);
#9441=ADVANCED_FACE('',(#1334),#386,.T.);
#9442=ADVANCED_FACE('',(#1335),#387,.T.);
#9443=ADVANCED_FACE('',(#1336),#309,.T.);
#9444=ADVANCED_FACE('',(#1337),#89,.T.);
#9445=ADVANCED_FACE('',(#1338),#90,.T.);
#9446=ADVANCED_FACE('',(#1339),#310,.T.);
#9447=ADVANCED_FACE('',(#1340),#91,.T.);
#9448=ADVANCED_FACE('',(#1341),#311,.T.);
#9449=ADVANCED_FACE('',(#1342),#312,.F.);
#9450=ADVANCED_FACE('',(#1343),#388,.F.);
#9451=ADVANCED_FACE('',(#1344),#313,.T.);
#9452=ADVANCED_FACE('',(#1345),#92,.T.);
#9453=ADVANCED_FACE('',(#1346),#389,.F.);
#9454=ADVANCED_FACE('',(#1347),#314,.F.);
#9455=ADVANCED_FACE('',(#1348),#390,.T.);
#9456=ADVANCED_FACE('',(#1349),#315,.F.);
#9457=ADVANCED_FACE('',(#1350),#391,.T.);
#9458=ADVANCED_FACE('',(#1351),#316,.T.);
#9459=ADVANCED_FACE('',(#1352),#317,.T.);
#9460=ADVANCED_FACE('',(#1353),#93,.T.);
#9461=ADVANCED_FACE('',(#1354),#94,.T.);
#9462=ADVANCED_FACE('',(#1355),#318,.T.);
#9463=ADVANCED_FACE('',(#1356),#95,.T.);
#9464=ADVANCED_FACE('',(#1357),#392,.T.);
#9465=ADVANCED_FACE('',(#1358),#96,.T.);
#9466=ADVANCED_FACE('',(#1359),#393,.T.);
#9467=ADVANCED_FACE('',(#1360),#97,.T.);
#9468=ADVANCED_FACE('',(#1361),#319,.F.);
#9469=ADVANCED_FACE('',(#1362),#394,.T.);
#9470=ADVANCED_FACE('',(#1363),#98,.T.);
#9471=ADVANCED_FACE('',(#1364),#99,.F.);
#9472=ADVANCED_FACE('',(#1365),#320,.F.);
#9473=ADVANCED_FACE('',(#1366),#395,.T.);
#9474=ADVANCED_FACE('',(#1367),#321,.T.);
#9475=ADVANCED_FACE('',(#1368),#100,.T.);
#9476=ADVANCED_FACE('',(#1369),#322,.T.);
#9477=ADVANCED_FACE('',(#1370),#101,.T.);
#9478=ADVANCED_FACE('',(#1371),#323,.T.);
#9479=ADVANCED_FACE('',(#1372),#396,.T.);
#9480=ADVANCED_FACE('',(#1373),#397,.T.);
#9481=ADVANCED_FACE('',(#1374),#102,.T.);
#9482=ADVANCED_FACE('',(#1375),#398,.T.);
#9483=ADVANCED_FACE('',(#1376),#103,.T.);
#9484=ADVANCED_FACE('',(#1377),#399,.T.);
#9485=ADVANCED_FACE('',(#1378),#104,.T.);
#9486=ADVANCED_FACE('',(#1379),#400,.T.);
#9487=ADVANCED_FACE('',(#1380),#105,.T.);
#9488=ADVANCED_FACE('',(#1381),#401,.T.);
#9489=ADVANCED_FACE('',(#1382),#106,.T.);
#9490=ADVANCED_FACE('',(#1383),#107,.F.);
#9491=ADVANCED_FACE('',(#1384),#324,.T.);
#9492=ADVANCED_FACE('',(#1385),#108,.T.);
#9493=ADVANCED_FACE('',(#1386),#109,.T.);
#9494=ADVANCED_FACE('',(#1387),#325,.T.);
#9495=ADVANCED_FACE('',(#1388),#402,.T.);
#9496=ADVANCED_FACE('',(#1389),#403,.T.);
#9497=ADVANCED_FACE('',(#1390),#110,.T.);
#9498=ADVANCED_FACE('',(#1391),#404,.T.);
#9499=ADVANCED_FACE('',(#1392),#111,.T.);
#9500=ADVANCED_FACE('',(#1393),#405,.T.);
#9501=ADVANCED_FACE('',(#1394),#326,.T.);
#9502=ADVANCED_FACE('',(#1395),#327,.T.);
#9503=ADVANCED_FACE('',(#1396),#328,.T.);
#9504=ADVANCED_FACE('',(#1397),#112,.T.);
#9505=ADVANCED_FACE('',(#1398),#329,.T.);
#9506=ADVANCED_FACE('',(#1399),#406,.T.);
#9507=ADVANCED_FACE('',(#1400),#330,.T.);
#9508=ADVANCED_FACE('',(#1401),#113,.T.);
#9509=ADVANCED_FACE('',(#1402),#331,.T.);
#9510=ADVANCED_FACE('',(#1403),#332,.T.);
#9511=ADVANCED_FACE('',(#1404),#114,.T.);
#9512=ADVANCED_FACE('',(#1405),#333,.T.);
#9513=ADVANCED_FACE('',(#1406),#115,.T.);
#9514=ADVANCED_FACE('',(#1407),#334,.T.);
#9515=ADVANCED_FACE('',(#1408),#116,.T.);
#9516=ADVANCED_FACE('',(#1409),#117,.T.);
#9517=ADVANCED_FACE('',(#1410),#335,.T.);
#9518=ADVANCED_FACE('',(#1411),#118,.T.);
#9519=ADVANCED_FACE('',(#1412),#336,.T.);
#9520=ADVANCED_FACE('',(#1413),#337,.T.);
#9521=ADVANCED_FACE('',(#1414),#119,.T.);
#9522=ADVANCED_FACE('',(#1415),#120,.T.);
#9523=ADVANCED_FACE('',(#1416),#338,.T.);
#9524=ADVANCED_FACE('',(#1417),#407,.T.);
#9525=ADVANCED_FACE('',(#1418),#121,.T.);
#9526=ADVANCED_FACE('',(#1419),#408,.T.);
#9527=ADVANCED_FACE('',(#1420),#122,.T.);
#9528=ADVANCED_FACE('',(#1421),#409,.T.);
#9529=ADVANCED_FACE('',(#1422),#410,.T.);
#9530=ADVANCED_FACE('',(#1423),#123,.T.);
#9531=ADVANCED_FACE('',(#1424),#124,.F.);
#9532=ADVANCED_FACE('',(#1425),#125,.T.);
#9533=ADVANCED_FACE('',(#1426),#126,.T.);
#9534=ADVANCED_FACE('',(#1427),#127,.T.);
#9535=ADVANCED_FACE('',(#1428),#128,.T.);
#9536=ADVANCED_FACE('',(#1429),#129,.T.);
#9537=ADVANCED_FACE('',(#1430),#130,.T.);
#9538=ADVANCED_FACE('',(#1431),#131,.T.);
#9539=ADVANCED_FACE('',(#1432),#132,.T.);
#9540=ADVANCED_FACE('',(#1433),#133,.F.);
#9541=ADVANCED_FACE('',(#1434),#411,.T.);
#9542=ADVANCED_FACE('',(#1435),#134,.T.);
#9543=ADVANCED_FACE('',(#1436),#135,.T.);
#9544=ADVANCED_FACE('',(#1437),#136,.T.);
#9545=ADVANCED_FACE('',(#1438),#137,.T.);
#9546=ADVANCED_FACE('',(#1439),#138,.T.);
#9547=ADVANCED_FACE('',(#1440),#412,.T.);
#9548=ADVANCED_FACE('',(#1441),#139,.F.);
#9549=ADVANCED_FACE('',(#1442),#140,.F.);
#9550=ADVANCED_FACE('',(#1443),#141,.T.);
#9551=ADVANCED_FACE('',(#1444),#413,.T.);
#9552=ADVANCED_FACE('',(#1445),#142,.T.);
#9553=ADVANCED_FACE('',(#1446),#143,.T.);
#9554=ADVANCED_FACE('',(#1447),#144,.T.);
#9555=ADVANCED_FACE('',(#1448),#145,.F.);
#9556=ADVANCED_FACE('',(#1449),#146,.F.);
#9557=ADVANCED_FACE('',(#1450),#147,.T.);
#9558=ADVANCED_FACE('',(#1451),#414,.T.);
#9559=ADVANCED_FACE('',(#1452),#148,.T.);
#9560=ADVANCED_FACE('',(#1453),#149,.T.);
#9561=ADVANCED_FACE('',(#1454),#150,.F.);
#9562=ADVANCED_FACE('',(#1455),#151,.T.);
#9563=ADVANCED_FACE('',(#1456),#152,.F.);
#9564=ADVANCED_FACE('',(#1457),#153,.F.);
#9565=ADVANCED_FACE('',(#1458),#154,.F.);
#9566=ADVANCED_FACE('',(#1459),#155,.F.);
#9567=ADVANCED_FACE('',(#1460),#156,.F.);
#9568=ADVANCED_FACE('',(#1461),#157,.T.);
#9569=ADVANCED_FACE('',(#1462),#158,.T.);
#9570=ADVANCED_FACE('',(#1463),#159,.T.);
#9571=ADVANCED_FACE('',(#1464),#160,.F.);
#9572=ADVANCED_FACE('',(#1465),#161,.F.);
#9573=ADVANCED_FACE('',(#1466),#162,.F.);
#9574=ADVANCED_FACE('',(#1467),#163,.F.);
#9575=ADVANCED_FACE('',(#1468),#164,.T.);
#9576=ADVANCED_FACE('',(#1469),#165,.F.);
#9577=ADVANCED_FACE('',(#1470),#166,.T.);
#9578=ADVANCED_FACE('',(#1471),#167,.F.);
#9579=ADVANCED_FACE('',(#1472),#168,.T.);
#9580=ADVANCED_FACE('',(#1473),#169,.T.);
#9581=ADVANCED_FACE('',(#1474),#170,.F.);
#9582=ADVANCED_FACE('',(#1475),#171,.T.);
#9583=ADVANCED_FACE('',(#1476),#415,.T.);
#9584=ADVANCED_FACE('',(#1477),#172,.F.);
#9585=ADVANCED_FACE('',(#1478),#416,.T.);
#9586=ADVANCED_FACE('',(#1479),#173,.T.);
#9587=ADVANCED_FACE('',(#1480),#174,.F.);
#9588=ADVANCED_FACE('',(#1481),#175,.F.);
#9589=ADVANCED_FACE('',(#1482),#176,.F.);
#9590=ADVANCED_FACE('',(#1483),#177,.F.);
#9591=ADVANCED_FACE('',(#1484),#178,.F.);
#9592=ADVANCED_FACE('',(#1485),#179,.T.);
#9593=ADVANCED_FACE('',(#1486),#180,.T.);
#9594=ADVANCED_FACE('',(#1487),#181,.F.);
#9595=ADVANCED_FACE('',(#1488),#182,.T.);
#9596=ADVANCED_FACE('',(#1489),#183,.T.);
#9597=ADVANCED_FACE('',(#1490),#184,.T.);
#9598=ADVANCED_FACE('',(#1491),#185,.F.);
#9599=ADVANCED_FACE('',(#1492),#186,.F.);
#9600=ADVANCED_FACE('',(#1493),#187,.F.);
#9601=ADVANCED_FACE('',(#1494),#188,.T.);
#9602=ADVANCED_FACE('',(#1495),#189,.F.);
#9603=ADVANCED_FACE('',(#1496),#190,.F.);
#9604=ADVANCED_FACE('',(#1497),#191,.F.);
#9605=ADVANCED_FACE('',(#1498),#192,.T.);
#9606=ADVANCED_FACE('',(#1499),#193,.F.);
#9607=ADVANCED_FACE('',(#1500),#194,.F.);
#9608=ADVANCED_FACE('',(#1501),#195,.F.);
#9609=ADVANCED_FACE('',(#1502),#196,.F.);
#9610=ADVANCED_FACE('',(#1503),#197,.F.);
#9611=ADVANCED_FACE('',(#1504),#198,.T.);
#9612=ADVANCED_FACE('',(#1505),#199,.F.);
#9613=ADVANCED_FACE('',(#1506),#200,.F.);
#9614=ADVANCED_FACE('',(#1507),#201,.F.);
#9615=ADVANCED_FACE('',(#1508),#202,.F.);
#9616=ADVANCED_FACE('',(#1509),#203,.T.);
#9617=ADVANCED_FACE('',(#1510),#204,.T.);
#9618=ADVANCED_FACE('',(#1511),#205,.F.);
#9619=ADVANCED_FACE('',(#1512),#206,.F.);
#9620=ADVANCED_FACE('',(#1513),#207,.T.);
#9621=ADVANCED_FACE('',(#1514),#208,.F.);
#9622=ADVANCED_FACE('',(#1515),#209,.T.);
#9623=ADVANCED_FACE('',(#1516),#210,.T.);
#9624=ADVANCED_FACE('',(#1517),#211,.T.);
#9625=ADVANCED_FACE('',(#1518),#212,.F.);
#9626=ADVANCED_FACE('',(#1519),#213,.F.);
#9627=ADVANCED_FACE('',(#1520),#214,.F.);
#9628=ADVANCED_FACE('',(#1521),#215,.F.);
#9629=ADVANCED_FACE('',(#1522),#216,.T.);
#9630=ADVANCED_FACE('',(#1523),#217,.F.);
#9631=ADVANCED_FACE('',(#1524),#218,.T.);
#9632=ADVANCED_FACE('',(#1525),#219,.F.);
#9633=ADVANCED_FACE('',(#1526),#220,.T.);
#9634=ADVANCED_FACE('',(#1527),#221,.T.);
#9635=ADVANCED_FACE('',(#1528),#222,.T.);
#9636=ADVANCED_FACE('',(#1529),#223,.F.);
#9637=ADVANCED_FACE('',(#1530),#224,.T.);
#9638=ADVANCED_FACE('',(#1531),#225,.F.);
#9639=ADVANCED_FACE('',(#1532),#226,.F.);
#9640=ADVANCED_FACE('',(#1533),#227,.F.);
#9641=ADVANCED_FACE('',(#1534),#228,.T.);
#9642=ADVANCED_FACE('',(#1535),#229,.F.);
#9643=ADVANCED_FACE('',(#1536),#230,.F.);
#9644=ADVANCED_FACE('',(#1537),#231,.F.);
#9645=ADVANCED_FACE('',(#1538),#232,.F.);
#9646=ADVANCED_FACE('',(#1539),#233,.F.);
#9647=ADVANCED_FACE('',(#1540),#234,.T.);
#9648=ADVANCED_FACE('',(#1541),#235,.F.);
#9649=ADVANCED_FACE('',(#1542),#236,.F.);
#9650=ADVANCED_FACE('',(#1543),#237,.F.);
#9651=ADVANCED_FACE('',(#1544),#238,.F.);
#9652=ADVANCED_FACE('',(#1545),#239,.T.);
#9653=ADVANCED_FACE('',(#1546),#240,.F.);
#9654=ADVANCED_FACE('',(#1547),#241,.T.);
#9655=ADVANCED_FACE('',(#1548),#242,.F.);
#9656=ADVANCED_FACE('',(#1549),#243,.T.);
#9657=ADVANCED_FACE('',(#1550),#244,.F.);
#9658=ADVANCED_FACE('',(#1551),#245,.T.);
#9659=ADVANCED_FACE('',(#1552),#246,.T.);
#9660=ADVANCED_FACE('',(#1553),#247,.F.);
#9661=ADVANCED_FACE('',(#1554),#248,.F.);
#9662=ADVANCED_FACE('',(#1555),#249,.T.);
#9663=ADVANCED_FACE('',(#1556),#250,.F.);
#9664=ADVANCED_FACE('',(#1557),#251,.F.);
#9665=ADVANCED_FACE('',(#1558),#252,.T.);
#9666=ADVANCED_FACE('',(#1559),#253,.F.);
#9667=ADVANCED_FACE('',(#1560),#254,.T.);
#9668=ADVANCED_FACE('',(#1561),#255,.F.);
#9669=ADVANCED_FACE('',(#1562),#256,.T.);
#9670=ADVANCED_FACE('',(#1563),#257,.F.);
#9671=ADVANCED_FACE('',(#1564),#258,.F.);
#9672=ADVANCED_FACE('',(#1565),#995,.F.);
#9673=ADVANCED_FACE('',(#1566),#259,.F.);
#9674=ADVANCED_FACE('',(#1567),#996,.F.);
#9675=ADVANCED_FACE('',(#1568),#260,.F.);
#9676=ADVANCED_FACE('',(#1569),#997,.F.);
#9677=ADVANCED_FACE('',(#1570),#998,.F.);
#9678=ADVANCED_FACE('',(#1571),#261,.F.);
#9679=ADVANCED_FACE('',(#1572),#999,.T.);
#9680=ADVANCED_FACE('',(#1573),#1000,.T.);
#9681=ADVANCED_FACE('',(#1574),#1001,.T.);
#9682=ADVANCED_FACE('',(#1575),#1002,.T.);
#9683=ADVANCED_FACE('',(#1576),#1003,.F.);
#9684=ADVANCED_FACE('',(#1577),#1004,.F.);
#9685=ADVANCED_FACE('',(#1578),#1005,.T.);
#9686=ADVANCED_FACE('',(#1579),#1006,.T.);
#9687=ADVANCED_FACE('',(#1580),#1007,.T.);
#9688=ADVANCED_FACE('',(#1581),#1008,.T.);
#9689=ADVANCED_FACE('',(#1582),#1009,.T.);
#9690=ADVANCED_FACE('',(#1583),#1010,.F.);
#9691=ADVANCED_FACE('',(#1584),#1011,.F.);
#9692=ADVANCED_FACE('',(#1585),#1012,.T.);
#9693=ADVANCED_FACE('',(#1586),#1013,.F.);
#9694=ADVANCED_FACE('',(#1587),#1014,.F.);
#9695=ADVANCED_FACE('',(#1588),#1015,.T.);
#9696=ADVANCED_FACE('',(#1589),#1016,.F.);
#9697=ADVANCED_FACE('',(#1590),#1017,.F.);
#9698=ADVANCED_FACE('',(#1591),#1018,.F.);
#9699=ADVANCED_FACE('',(#1592),#1019,.T.);
#9700=ADVANCED_FACE('',(#1593),#1020,.T.);
#9701=ADVANCED_FACE('',(#1594),#1021,.F.);
#9702=ADVANCED_FACE('',(#1595),#1022,.F.);
#9703=ADVANCED_FACE('',(#1596),#1023,.F.);
#9704=ADVANCED_FACE('',(#1597),#1024,.F.);
#9705=ADVANCED_FACE('',(#1598),#1025,.T.);
#9706=ADVANCED_FACE('',(#1599),#1026,.F.);
#9707=ADVANCED_FACE('',(#1600),#1027,.F.);
#9708=ADVANCED_FACE('',(#1601),#1028,.F.);
#9709=ADVANCED_FACE('',(#1602),#1029,.T.);
#9710=ADVANCED_FACE('',(#1603),#1030,.F.);
#9711=ADVANCED_FACE('',(#1604),#1031,.F.);
#9712=ADVANCED_FACE('',(#1605),#1032,.T.);
#9713=ADVANCED_FACE('',(#1606),#1033,.F.);
#9714=ADVANCED_FACE('',(#1607),#262,.T.);
#9715=ADVANCED_FACE('',(#1608),#1034,.T.);
#9716=ADVANCED_FACE('',(#1609),#1035,.T.);
#9717=ADVANCED_FACE('',(#1610),#1036,.F.);
#9718=ADVANCED_FACE('',(#1611),#1037,.F.);
#9719=ADVANCED_FACE('',(#1612),#1038,.T.);
#9720=ADVANCED_FACE('',(#1613),#1039,.F.);
#9721=ADVANCED_FACE('',(#1614),#263,.T.);
#9722=ADVANCED_FACE('',(#1615),#1040,.F.);
#9723=ADVANCED_FACE('',(#1616),#1041,.F.);
#9724=ADVANCED_FACE('',(#1617),#1042,.F.);
#9725=ADVANCED_FACE('',(#1618),#1043,.T.);
#9726=ADVANCED_FACE('',(#1619),#1044,.T.);
#9727=ADVANCED_FACE('',(#1620),#1045,.F.);
#9728=ADVANCED_FACE('',(#1621),#1046,.F.);
#9729=ADVANCED_FACE('',(#1622),#1047,.T.);
#9730=ADVANCED_FACE('',(#1623),#1048,.F.);
#9731=ADVANCED_FACE('',(#1624),#1049,.F.);
#9732=ADVANCED_FACE('',(#1625),#1050,.F.);
#9733=ADVANCED_FACE('',(#1626),#1051,.F.);
#9734=ADVANCED_FACE('',(#1627),#1052,.T.);
#9735=ADVANCED_FACE('',(#1628),#1053,.T.);
#9736=ADVANCED_FACE('',(#1629),#1054,.F.);
#9737=ADVANCED_FACE('',(#1630),#1055,.F.);
#9738=ADVANCED_FACE('',(#1631),#1056,.T.);
#9739=ADVANCED_FACE('',(#1632),#1057,.F.);
#9740=ADVANCED_FACE('',(#1633),#1058,.F.);
#9741=ADVANCED_FACE('',(#1634),#1059,.F.);
#9742=ADVANCED_FACE('',(#1635),#1060,.F.);
#9743=ADVANCED_FACE('',(#1636),#1061,.F.);
#9744=ADVANCED_FACE('',(#1637),#264,.F.);
#9745=ADVANCED_FACE('',(#1638),#1062,.F.);
#9746=ADVANCED_FACE('',(#1639),#1063,.F.);
#9747=ADVANCED_FACE('',(#1640),#1064,.F.);
#9748=ADVANCED_FACE('',(#1641),#1065,.T.);
#9749=ADVANCED_FACE('',(#1642),#1066,.T.);
#9750=ADVANCED_FACE('',(#1643),#1067,.T.);
#9751=ADVANCED_FACE('',(#1644),#1068,.T.);
#9752=ADVANCED_FACE('',(#1645),#1069,.T.);
#9753=ADVANCED_FACE('',(#1646),#1070,.F.);
#9754=ADVANCED_FACE('',(#1647),#1071,.F.);
#9755=ADVANCED_FACE('',(#1648),#1072,.T.);
#9756=ADVANCED_FACE('',(#1649),#1073,.F.);
#9757=ADVANCED_FACE('',(#1650),#1074,.T.);
#9758=ADVANCED_FACE('',(#1651),#1075,.T.);
#9759=ADVANCED_FACE('',(#1652),#1076,.T.);
#9760=ADVANCED_FACE('',(#1653),#1077,.F.);
#9761=ADVANCED_FACE('',(#1654),#1078,.F.);
#9762=ADVANCED_FACE('',(#1655),#1079,.T.);
#9763=ADVANCED_FACE('',(#1656),#1080,.T.);
#9764=ADVANCED_FACE('',(#1657),#1081,.T.);
#9765=ADVANCED_FACE('',(#1658),#1082,.T.);
#9766=ADVANCED_FACE('',(#1659),#1083,.T.);
#9767=ADVANCED_FACE('',(#1660),#1084,.F.);
#9768=ADVANCED_FACE('',(#1661),#1085,.F.);
#9769=ADVANCED_FACE('',(#1662),#1086,.T.);
#9770=ADVANCED_FACE('',(#1663),#1087,.F.);
#9771=ADVANCED_FACE('',(#1664),#1088,.T.);
#9772=ADVANCED_FACE('',(#1665),#1089,.T.);
#9773=ADVANCED_FACE('',(#1666),#1090,.T.);
#9774=ADVANCED_FACE('',(#1667),#1091,.F.);
#9775=ADVANCED_FACE('',(#1668),#1092,.F.);
#9776=ADVANCED_FACE('',(#1669),#1093,.T.);
#9777=ADVANCED_FACE('',(#1670),#1094,.T.);
#9778=ADVANCED_FACE('',(#1671),#1095,.T.);
#9779=ADVANCED_FACE('',(#1672),#1096,.T.);
#9780=ADVANCED_FACE('',(#1673),#1097,.T.);
#9781=ADVANCED_FACE('',(#1674),#1098,.F.);
#9782=ADVANCED_FACE('',(#1675),#1099,.F.);
#9783=ADVANCED_FACE('',(#1676),#1100,.T.);
#9784=ADVANCED_FACE('',(#1677),#1101,.F.);
#9785=ADVANCED_FACE('',(#1678),#1102,.T.);
#9786=ADVANCED_FACE('',(#1679),#1103,.T.);
#9787=ADVANCED_FACE('',(#1680),#1104,.T.);
#9788=ADVANCED_FACE('',(#1681),#1105,.F.);
#9789=ADVANCED_FACE('',(#1682),#1106,.F.);
#9790=ADVANCED_FACE('',(#1683),#1107,.T.);
#9791=ADVANCED_FACE('',(#1684),#1108,.T.);
#9792=ADVANCED_FACE('',(#1685),#1109,.T.);
#9793=ADVANCED_FACE('',(#1686),#1110,.T.);
#9794=ADVANCED_FACE('',(#1687),#1111,.T.);
#9795=ADVANCED_FACE('',(#1688),#1112,.F.);
#9796=ADVANCED_FACE('',(#1689),#1113,.F.);
#9797=ADVANCED_FACE('',(#1690),#1114,.T.);
#9798=ADVANCED_FACE('',(#1691),#1115,.F.);
#9799=ADVANCED_FACE('',(#1692),#1116,.T.);
#9800=ADVANCED_FACE('',(#1693),#1117,.T.);
#9801=ADVANCED_FACE('',(#1694),#1118,.T.);
#9802=ADVANCED_FACE('',(#1695),#1119,.F.);
#9803=ADVANCED_FACE('',(#1696),#1120,.F.);
#9804=ADVANCED_FACE('',(#1697),#1121,.T.);
#9805=ADVANCED_FACE('',(#1698),#1122,.T.);
#9806=ADVANCED_FACE('',(#1699),#1123,.T.);
#9807=ADVANCED_FACE('',(#1700),#1124,.T.);
#9808=ADVANCED_FACE('',(#1701),#1125,.T.);
#9809=ADVANCED_FACE('',(#1702),#1126,.F.);
#9810=ADVANCED_FACE('',(#1703),#1127,.F.);
#9811=ADVANCED_FACE('',(#1704),#1128,.T.);
#9812=ADVANCED_FACE('',(#1705),#1129,.F.);
#9813=ADVANCED_FACE('',(#1706),#1130,.T.);
#9814=ADVANCED_FACE('',(#1707),#1131,.T.);
#9815=ADVANCED_FACE('',(#1708),#1132,.T.);
#9816=ADVANCED_FACE('',(#1709),#1133,.F.);
#9817=ADVANCED_FACE('',(#1710),#1134,.F.);
#9818=ADVANCED_FACE('',(#1711),#1135,.T.);
#9819=ADVANCED_FACE('',(#1712),#1136,.T.);
#9820=ADVANCED_FACE('',(#1713),#1137,.T.);
#9821=ADVANCED_FACE('',(#1714),#1138,.T.);
#9822=ADVANCED_FACE('',(#1715),#1139,.T.);
#9823=ADVANCED_FACE('',(#1716),#1140,.F.);
#9824=ADVANCED_FACE('',(#1717),#1141,.F.);
#9825=ADVANCED_FACE('',(#1718),#1142,.T.);
#9826=ADVANCED_FACE('',(#1719),#1143,.F.);
#9827=ADVANCED_FACE('',(#1720),#1144,.T.);
#9828=ADVANCED_FACE('',(#1721),#1145,.T.);
#9829=ADVANCED_FACE('',(#1722),#1146,.T.);
#9830=ADVANCED_FACE('',(#1723),#1147,.F.);
#9831=ADVANCED_FACE('',(#1724),#1148,.F.);
#9832=ADVANCED_FACE('',(#1725),#9214,.T.);
#9833=ADVANCED_FACE('',(#1726),#9215,.T.);
#9834=ADVANCED_FACE('',(#1727),#9216,.T.);
#9835=ADVANCED_FACE('',(#1728),#1149,.T.);
#9836=ADVANCED_FACE('',(#1729),#1150,.T.);
#9837=ADVANCED_FACE('',(#1730),#9217,.T.);
#9838=ADVANCED_FACE('',(#1731),#9218,.T.);
#9839=ADVANCED_FACE('',(#1732),#9219,.T.);
#9840=ADVANCED_FACE('',(#1733),#9220,.T.);
#9841=ADVANCED_FACE('',(#1734),#9221,.T.);
#9842=ADVANCED_FACE('',(#1735),#9222,.T.);
#9843=ADVANCED_FACE('',(#1736),#1151,.T.);
#9844=ADVANCED_FACE('',(#1737),#1152,.T.);
#9845=ADVANCED_FACE('',(#1738),#9223,.T.);
#9846=ADVANCED_FACE('',(#1739),#9224,.T.);
#9847=ADVANCED_FACE('',(#1740),#9225,.T.);
#9848=ADVANCED_FACE('',(#1741),#9226,.T.);
#9849=ADVANCED_FACE('',(#1742),#9227,.T.);
#9850=ADVANCED_FACE('',(#1743),#1153,.F.);
#9851=ADVANCED_FACE('',(#1744),#1154,.T.);
#9852=ADVANCED_FACE('',(#1745),#9228,.T.);
#9853=ADVANCED_FACE('',(#1746),#9229,.T.);
#9854=ADVANCED_FACE('',(#1747),#9230,.T.);
#9855=ADVANCED_FACE('',(#1748),#1155,.T.);
#9856=ADVANCED_FACE('',(#1749),#1156,.T.);
#9857=ADVANCED_FACE('',(#1750),#9231,.T.);
#9858=ADVANCED_FACE('',(#1751),#9232,.T.);
#9859=ADVANCED_FACE('',(#1752),#9233,.T.);
#9860=ADVANCED_FACE('',(#1753),#9234,.T.);
#9861=ADVANCED_FACE('',(#1754),#9235,.T.);
#9862=ADVANCED_FACE('',(#1755),#9236,.T.);
#9863=ADVANCED_FACE('',(#1756),#9237,.T.);
#9864=ADVANCED_FACE('',(#1757),#9238,.T.);
#9865=ADVANCED_FACE('',(#1758),#9239,.T.);
#9866=ADVANCED_FACE('',(#1759),#9240,.T.);
#9867=ADVANCED_FACE('',(#1760),#9241,.T.);
#9868=ADVANCED_FACE('',(#1761),#9242,.T.);
#9869=ADVANCED_FACE('',(#1762),#9243,.T.);
#9870=ADVANCED_FACE('',(#1763),#9244,.T.);
#9871=ADVANCED_FACE('',(#1764),#9245,.T.);
#9872=ADVANCED_FACE('',(#1765),#9246,.T.);
#9873=ADVANCED_FACE('',(#1766),#9247,.T.);
#9874=ADVANCED_FACE('',(#1767),#9248,.T.);
#9875=ADVANCED_FACE('',(#1768),#9249,.T.);
#9876=ADVANCED_FACE('',(#1769),#9250,.T.);
#9877=ADVANCED_FACE('',(#1770),#9251,.T.);
#9878=ADVANCED_FACE('',(#1771),#9252,.T.);
#9879=ADVANCED_FACE('',(#1772),#1157,.T.);
#9880=ADVANCED_FACE('',(#1773),#1158,.T.);
#9881=ADVANCED_FACE('',(#1774),#9253,.T.);
#9882=ADVANCED_FACE('',(#1775),#9254,.T.);
#9883=ADVANCED_FACE('',(#1776),#9255,.T.);
#9884=ADVANCED_FACE('',(#1777),#9256,.T.);
#9885=ADVANCED_FACE('',(#1778),#9257,.T.);
#9886=ADVANCED_FACE('',(#1779),#9258,.T.);
#9887=ADVANCED_FACE('',(#1780),#9259,.T.);
#9888=ADVANCED_FACE('',(#1781),#9260,.T.);
#9889=ADVANCED_FACE('',(#1782),#9261,.T.);
#9890=ADVANCED_FACE('',(#1783),#9262,.T.);
#9891=ADVANCED_FACE('',(#1784),#9263,.T.);
#9892=ADVANCED_FACE('',(#1785),#9264,.T.);
#9893=ADVANCED_FACE('',(#1786),#9265,.T.);
#9894=ADVANCED_FACE('',(#1787),#9266,.T.);
#9895=ADVANCED_FACE('',(#1788),#9267,.T.);
#9896=ADVANCED_FACE('',(#1789),#1159,.F.);
#9897=ADVANCED_FACE('',(#1790),#1160,.T.);
#9898=ADVANCED_FACE('',(#1791),#9268,.T.);
#9899=ADVANCED_FACE('',(#1792),#9269,.T.);
#9900=ADVANCED_FACE('',(#1793),#9270,.T.);
#9901=ADVANCED_FACE('',(#1794),#1161,.T.);
#9902=ADVANCED_FACE('',(#1795),#1162,.T.);
#9903=ADVANCED_FACE('',(#1796),#9271,.T.);
#9904=ADVANCED_FACE('',(#1797),#1163,.T.);
#9905=ADVANCED_FACE('',(#1798),#1164,.T.);
#9906=ADVANCED_FACE('',(#1799),#9272,.T.);
#9907=ADVANCED_FACE('',(#1800),#9273,.T.);
#9908=ADVANCED_FACE('',(#1801),#9274,.T.);
#9909=ADVANCED_FACE('',(#1802),#9275,.T.);
#9910=ADVANCED_FACE('',(#1803),#1165,.T.);
#9911=ADVANCED_FACE('',(#1804),#1166,.T.);
#9912=ADVANCED_FACE('',(#1805),#1167,.T.);
#9913=ADVANCED_FACE('',(#1806),#9276,.T.);
#9914=ADVANCED_FACE('',(#1807),#1168,.F.);
#9915=ADVANCED_FACE('',(#1808),#1169,.T.);
#9916=CLOSED_SHELL('',(#9277,#9278,#9279,#9280,#9281,#9282,#9283,#9284,
#9285,#9286,#9287,#9288,#9289,#9290,#9291,#9292,#9293,#9294,#9295,#9296,
#9297,#9298,#9299,#9300,#9301,#9302,#9303,#9304,#9305,#9306,#9307,#9308,
#9309,#9310,#9311,#9312,#9313,#9314,#9315,#9316,#9317,#9318,#9319,#9320,
#9321,#9322,#9323,#9324,#9325,#9326,#9327,#9328,#9329,#9330,#9331,#9332,
#9333,#9334,#9335,#9336,#9337,#9338,#9339,#9340,#9341,#9342,#9343,#9344,
#9345,#9346,#9347,#9348,#9349,#9350,#9351,#9352,#9353,#9354,#9355,#9356,
#9357,#9358,#9359,#9360,#9361,#9362,#9363,#9364,#9365,#9366,#9367,#9368,
#9369,#9370,#9371,#9372,#9373,#9374,#9375,#9376,#9377,#9378,#9379,#9380,
#9381,#9382,#9383,#9384,#9385,#9386,#9387,#9388,#9389,#9390,#9391,#9392,
#9393,#9394,#9395,#9396,#9397,#9398,#9399,#9400,#9401,#9402,#9403,#9404,
#9405,#9406,#9407,#9408,#9409,#9410,#9411,#9412,#9413,#9414,#9415,#9416,
#9417,#9418,#9419,#9420,#9421,#9422,#9423,#9424,#9425,#9426,#9427,#9428,
#9429,#9430,#9431,#9432,#9433,#9434,#9435,#9436,#9437,#9438,#9439,#9440,
#9441,#9442,#9443,#9444,#9445,#9446,#9447,#9448,#9449,#9450,#9451,#9452,
#9453,#9454,#9455,#9456,#9457,#9458,#9459,#9460,#9461,#9462,#9463,#9464,
#9465,#9466,#9467,#9468,#9469,#9470,#9471,#9472,#9473,#9474,#9475,#9476,
#9477,#9478,#9479,#9480,#9481,#9482,#9483,#9484,#9485,#9486,#9487,#9488,
#9489,#9490,#9491,#9492,#9493,#9494,#9495,#9496,#9497,#9498,#9499,#9500,
#9501,#9502,#9503,#9504,#9505,#9506,#9507,#9508,#9509,#9510,#9511,#9512,
#9513,#9514,#9515,#9516,#9517,#9518,#9519,#9520,#9521,#9522,#9523,#9524,
#9525,#9526,#9527,#9528,#9529,#9530,#9531,#9532,#9533,#9534,#9535,#9536,
#9537,#9538,#9539,#9540,#9541,#9542,#9543,#9544,#9545,#9546,#9547,#9548,
#9549,#9550,#9551,#9552,#9553,#9554,#9555,#9556,#9557,#9558,#9559,#9560,
#9561,#9562,#9563,#9564,#9565,#9566,#9567,#9568,#9569,#9570,#9571,#9572,
#9573,#9574,#9575,#9576,#9577,#9578,#9579,#9580,#9581,#9582,#9583,#9584,
#9585,#9586,#9587,#9588,#9589,#9590,#9591,#9592,#9593,#9594,#9595,#9596,
#9597,#9598,#9599,#9600,#9601,#9602,#9603,#9604,#9605,#9606,#9607,#9608,
#9609,#9610,#9611,#9612,#9613,#9614,#9615,#9616,#9617,#9618,#9619,#9620,
#9621,#9622,#9623,#9624,#9625,#9626,#9627,#9628,#9629,#9630,#9631,#9632,
#9633,#9634,#9635,#9636,#9637,#9638,#9639,#9640,#9641,#9642,#9643,#9644,
#9645,#9646,#9647,#9648,#9649,#9650,#9651,#9652,#9653,#9654,#9655,#9656,
#9657,#9658,#9659,#9660,#9661,#9662,#9663,#9664,#9665,#9666,#9667,#9668,
#9669,#9670,#9671,#9672,#9673,#9674,#9675,#9676,#9677,#9678,#9679,#9680,
#9681,#9682,#9683,#9684,#9685,#9686,#9687,#9688,#9689,#9690,#9691,#9692,
#9693,#9694,#9695,#9696,#9697,#9698,#9699,#9700,#9701,#9702,#9703,#9704,
#9705,#9706,#9707,#9708,#9709,#9710,#9711,#9712,#9713,#9714,#9715,#9716,
#9717,#9718,#9719,#9720,#9721,#9722,#9723,#9724,#9725,#9726,#9727,#9728,
#9729,#9730,#9731,#9732,#9733,#9734,#9735,#9736,#9737,#9738,#9739,#9740,
#9741,#9742,#9743,#9744,#9745,#9746,#9747));
#9917=CLOSED_SHELL('',(#9748,#9749,#9750,#9751,#9752,#9753,#9754,#9755,
#9756,#9757,#9758,#9759,#9760,#9761));
#9918=CLOSED_SHELL('',(#9762,#9763,#9764,#9765,#9766,#9767,#9768,#9769,
#9770,#9771,#9772,#9773,#9774,#9775));
#9919=CLOSED_SHELL('',(#9776,#9777,#9778,#9779,#9780,#9781,#9782,#9783,
#9784,#9785,#9786,#9787,#9788,#9789));
#9920=CLOSED_SHELL('',(#9790,#9791,#9792,#9793,#9794,#9795,#9796,#9797,
#9798,#9799,#9800,#9801,#9802,#9803));
#9921=CLOSED_SHELL('',(#9804,#9805,#9806,#9807,#9808,#9809,#9810,#9811,
#9812,#9813,#9814,#9815,#9816,#9817));
#9922=CLOSED_SHELL('',(#9818,#9819,#9820,#9821,#9822,#9823,#9824,#9825,
#9826,#9827,#9828,#9829,#9830,#9831));
#9923=CLOSED_SHELL('',(#9832,#9833,#9834,#9835,#9836,#9837,#9838,#9839,
#9840,#9841,#9842,#9843,#9844,#9845,#9846,#9847,#9848,#9849,#9850,#9851));
#9924=CLOSED_SHELL('',(#9852,#9853,#9854,#9855,#9856,#9857,#9858,#9859,
#9860,#9861,#9862,#9863,#9864,#9865,#9866,#9867,#9868,#9869,#9870,#9871,
#9872,#9873,#9874,#9875,#9876,#9877,#9878,#9879,#9880,#9881,#9882,#9883,
#9884,#9885,#9886,#9887,#9888,#9889,#9890,#9891,#9892,#9893,#9894,#9895,
#9896,#9897));
#9925=CLOSED_SHELL('',(#9898,#9899,#9900,#9901,#9902,#9903,#9904,#9905,
#9906,#9907,#9908,#9909,#9910,#9911,#9912,#9913,#9914,#9915));
#9926=DERIVED_UNIT_ELEMENT(#9932,1.);
#9927=DERIVED_UNIT_ELEMENT(#18061,3.);
#9928=DERIVED_UNIT_ELEMENT(#9932,1.);
#9929=DERIVED_UNIT_ELEMENT(#18061,3.);
#9930=DERIVED_UNIT_ELEMENT(#9932,1.);
#9931=DERIVED_UNIT_ELEMENT(#18061,3.);
#9932=(
MASS_UNIT()
NAMED_UNIT(*)
SI_UNIT($,.GRAM.)
);
#9933=DERIVED_UNIT((#9926,#9927));
#9934=DERIVED_UNIT((#9928,#9929));
#9935=DERIVED_UNIT((#9930,#9931));
#9936=MEASURE_REPRESENTATION_ITEM('density measure',
POSITIVE_RATIO_MEASURE(1.),#9933);
#9937=MEASURE_REPRESENTATION_ITEM('density measure',
POSITIVE_RATIO_MEASURE(1.),#9934);
#9938=MEASURE_REPRESENTATION_ITEM('density measure',
POSITIVE_RATIO_MEASURE(1.),#9935);
#9939=PROPERTY_DEFINITION_REPRESENTATION(#9954,#9945);
#9940=PROPERTY_DEFINITION_REPRESENTATION(#9955,#9946);
#9941=PROPERTY_DEFINITION_REPRESENTATION(#9956,#9947);
#9942=PROPERTY_DEFINITION_REPRESENTATION(#9957,#9948);
#9943=PROPERTY_DEFINITION_REPRESENTATION(#9958,#9949);
#9944=PROPERTY_DEFINITION_REPRESENTATION(#9959,#9950);
#9945=REPRESENTATION('material name',(#9951),#18056);
#9946=REPRESENTATION('density',(#9936),#18056);
#9947=REPRESENTATION('material name',(#9952),#18057);
#9948=REPRESENTATION('density',(#9937),#18057);
#9949=REPRESENTATION('material name',(#9953),#18058);
#9950=REPRESENTATION('density',(#9938),#18058);
#9951=DESCRIPTIVE_REPRESENTATION_ITEM('\X2\04220438043F043E0432044B0435\X0\',
'\X2\04220438043F043E0432044B0435\X0\');
#9952=DESCRIPTIVE_REPRESENTATION_ITEM('\X2\04220438043F043E0432044B0435\X0\',
'\X2\04220438043F043E0432044B0435\X0\');
#9953=DESCRIPTIVE_REPRESENTATION_ITEM('\X2\04220438043F043E0432044B0435\X0\',
'\X2\04220438043F043E0432044B0435\X0\');
#9954=PROPERTY_DEFINITION('material property','material name',#18081);
#9955=PROPERTY_DEFINITION('material property','density of part',#18081);
#9956=PROPERTY_DEFINITION('material property','material name',#18082);
#9957=PROPERTY_DEFINITION('material property','density of part',#18082);
#9958=PROPERTY_DEFINITION('material property','material name',#18083);
#9959=PROPERTY_DEFINITION('material property','density of part',#18083);
#9960=PRESENTATION_STYLE_ASSIGNMENT((#9964));
#9961=PRESENTATION_STYLE_ASSIGNMENT((#9965));
#9962=PRESENTATION_STYLE_ASSIGNMENT((#9966));
#9963=PRESENTATION_STYLE_ASSIGNMENT((#9967));
#9964=SURFACE_STYLE_USAGE(.BOTH.,#9976);
#9965=SURFACE_STYLE_USAGE(.BOTH.,#9977);
#9966=SURFACE_STYLE_USAGE(.BOTH.,#9978);
#9967=SURFACE_STYLE_USAGE(.BOTH.,#9979);
#9968=SURFACE_STYLE_RENDERING_WITH_PROPERTIES($,#9992,(#9972));
#9969=SURFACE_STYLE_RENDERING_WITH_PROPERTIES($,#9993,(#9973));
#9970=SURFACE_STYLE_RENDERING_WITH_PROPERTIES($,#9994,(#9974));
#9971=SURFACE_STYLE_RENDERING_WITH_PROPERTIES($,#9995,(#9975));
#9972=SURFACE_STYLE_TRANSPARENT(0.);
#9973=SURFACE_STYLE_TRANSPARENT(0.);
#9974=SURFACE_STYLE_TRANSPARENT(0.);
#9975=SURFACE_STYLE_TRANSPARENT(0.);
#9976=SURFACE_SIDE_STYLE('',(#9980,#9968));
#9977=SURFACE_SIDE_STYLE('',(#9981,#9969));
#9978=SURFACE_SIDE_STYLE('',(#9982,#9970));
#9979=SURFACE_SIDE_STYLE('',(#9983,#9971));
#9980=SURFACE_STYLE_FILL_AREA(#9984);
#9981=SURFACE_STYLE_FILL_AREA(#9985);
#9982=SURFACE_STYLE_FILL_AREA(#9986);
#9983=SURFACE_STYLE_FILL_AREA(#9987);
#9984=FILL_AREA_STYLE('',(#9988));
#9985=FILL_AREA_STYLE('',(#9989));
#9986=FILL_AREA_STYLE('',(#9990));
#9987=FILL_AREA_STYLE('',(#9991));
#9988=FILL_AREA_STYLE_COLOUR('',#9992);
#9989=FILL_AREA_STYLE_COLOUR('',#9993);
#9990=FILL_AREA_STYLE_COLOUR('',#9994);
#9991=FILL_AREA_STYLE_COLOUR('',#9995);
#9992=COLOUR_RGB('',0.749019607843137,0.749019607843137,0.749019607843137);
#9993=COLOUR_RGB('',0.96078431372549,0.96078431372549,0.96078431372549);
#9994=COLOUR_RGB('',0.831372549019608,0.831372549019608,0.831372549019608);
#9995=COLOUR_RGB('',0.6,0.6,0.6);
#9996=DATE_TIME_ROLE('creation_date');
#9997=DATE_TIME_ROLE('creation_date');
#9998=DATE_TIME_ROLE('creation_date');
#9999=DATE_TIME_ROLE('creation_date');
#10000=APPLIED_DATE_AND_TIME_ASSIGNMENT(#10004,#9996,(#18080));
#10001=APPLIED_DATE_AND_TIME_ASSIGNMENT(#10005,#9997,(#18081));
#10002=APPLIED_DATE_AND_TIME_ASSIGNMENT(#10006,#9998,(#18082));
#10003=APPLIED_DATE_AND_TIME_ASSIGNMENT(#10007,#9999,(#18083));
#10004=DATE_AND_TIME(#10008,#10012);
#10005=DATE_AND_TIME(#10009,#10013);
#10006=DATE_AND_TIME(#10010,#10014);
#10007=DATE_AND_TIME(#10011,#10015);
#10008=CALENDAR_DATE(2021,6,5);
#10009=CALENDAR_DATE(2021,6,5);
#10010=CALENDAR_DATE(2021,6,5);
#10011=CALENDAR_DATE(2021,6,5);
#10012=LOCAL_TIME(0,0,0.,#10016);
#10013=LOCAL_TIME(0,0,0.,#10017);
#10014=LOCAL_TIME(0,0,0.,#10018);
#10015=LOCAL_TIME(0,0,0.,#10019);
#10016=COORDINATED_UNIVERSAL_TIME_OFFSET(0,0,.BEHIND.);
#10017=COORDINATED_UNIVERSAL_TIME_OFFSET(0,0,.BEHIND.);
#10018=COORDINATED_UNIVERSAL_TIME_OFFSET(0,0,.BEHIND.);
#10019=COORDINATED_UNIVERSAL_TIME_OFFSET(0,0,.BEHIND.);
#10020=AXIS2_PLACEMENT_3D('placement',#14039,#11114,#11115);
#10021=AXIS2_PLACEMENT_3D('placement',#14040,#11116,#11117);
#10022=AXIS2_PLACEMENT_3D('',#14291,#11132,#11133);
#10023=AXIS2_PLACEMENT_3D('',#14297,#11137,#11138);
#10024=AXIS2_PLACEMENT_3D('',#14414,#11147,#11148);
#10025=AXIS2_PLACEMENT_3D('',#14415,#11149,#11150);
#10026=AXIS2_PLACEMENT_3D('',#14418,#11151,#11152);
#10027=AXIS2_PLACEMENT_3D('',#14430,#11158,#11159);
#10028=AXIS2_PLACEMENT_3D('',#14434,#11161,#11162);
#10029=AXIS2_PLACEMENT_3D('',#14442,#11166,#11167);
#10030=AXIS2_PLACEMENT_3D('',#14446,#11169,#11170);
#10031=AXIS2_PLACEMENT_3D('',#14454,#11174,#11175);
#10032=AXIS2_PLACEMENT_3D('',#14458,#11177,#11178);
#10033=AXIS2_PLACEMENT_3D('',#14466,#11182,#11183);
#10034=AXIS2_PLACEMENT_3D('',#14470,#11185,#11186);
#10035=AXIS2_PLACEMENT_3D('',#14478,#11190,#11191);
#10036=AXIS2_PLACEMENT_3D('',#14482,#11193,#11194);
#10037=AXIS2_PLACEMENT_3D('',#14490,#11198,#11199);
#10038=AXIS2_PLACEMENT_3D('',#14494,#11201,#11202);
#10039=AXIS2_PLACEMENT_3D('',#14506,#11208,#11209);
#10040=AXIS2_PLACEMENT_3D('',#14508,#11210,#11211);
#10041=AXIS2_PLACEMENT_3D('',#14510,#11212,#11213);
#10042=AXIS2_PLACEMENT_3D('',#14514,#11215,#11216);
#10043=AXIS2_PLACEMENT_3D('',#14518,#11218,#11219);
#10044=AXIS2_PLACEMENT_3D('',#14526,#11223,#11224);
#10045=AXIS2_PLACEMENT_3D('',#14530,#11226,#11227);
#10046=AXIS2_PLACEMENT_3D('',#14534,#11229,#11230);
#10047=AXIS2_PLACEMENT_3D('',#14535,#11231,#11232);
#10048=AXIS2_PLACEMENT_3D('',#14536,#11233,#11234);
#10049=AXIS2_PLACEMENT_3D('',#14539,#11235,#11236);
#10050=AXIS2_PLACEMENT_3D('',#14541,#11237,#11238);
#10051=AXIS2_PLACEMENT_3D('',#14543,#11239,#11240);
#10052=AXIS2_PLACEMENT_3D('',#14544,#11241,#11242);
#10053=AXIS2_PLACEMENT_3D('',#14545,#11243,#11244);
#10054=AXIS2_PLACEMENT_3D('',#14548,#11245,#11246);
#10055=AXIS2_PLACEMENT_3D('',#14550,#11247,#11248);
#10056=AXIS2_PLACEMENT_3D('',#14551,#11249,#11250);
#10057=AXIS2_PLACEMENT_3D('',#14552,#11251,#11252);
#10058=AXIS2_PLACEMENT_3D('',#14555,#11253,#11254);
#10059=AXIS2_PLACEMENT_3D('',#14601,#11257,#11258);
#10060=AXIS2_PLACEMENT_3D('',#14604,#11259,#11260);
#10061=AXIS2_PLACEMENT_3D('',#14606,#11261,#11262);
#10062=AXIS2_PLACEMENT_3D('',#14607,#11263,#11264);
#10063=AXIS2_PLACEMENT_3D('',#14608,#11265,#11266);
#10064=AXIS2_PLACEMENT_3D('',#14611,#11269,#11270);
#10065=AXIS2_PLACEMENT_3D('',#14614,#11271,#11272);
#10066=AXIS2_PLACEMENT_3D('',#14616,#11273,#11274);
#10067=AXIS2_PLACEMENT_3D('',#14618,#11275,#11276);
#10068=AXIS2_PLACEMENT_3D('',#14619,#11277,#11278);
#10069=AXIS2_PLACEMENT_3D('',#14620,#11279,#11280);
#10070=AXIS2_PLACEMENT_3D('',#14623,#11281,#11282);
#10071=AXIS2_PLACEMENT_3D('',#14626,#11285,#11286);
#10072=AXIS2_PLACEMENT_3D('',#14628,#11287,#11288);
#10073=AXIS2_PLACEMENT_3D('',#14629,#11289,#11290);
#10074=AXIS2_PLACEMENT_3D('',#14630,#11291,#11292);
#10075=AXIS2_PLACEMENT_3D('',#14633,#11293,#11294);
#10076=AXIS2_PLACEMENT_3D('',#14635,#11295,#11296);
#10077=AXIS2_PLACEMENT_3D('',#14636,#11297,#11298);
#10078=AXIS2_PLACEMENT_3D('',#14637,#11299,#11300);
#10079=AXIS2_PLACEMENT_3D('',#14640,#11303,#11304);
#10080=AXIS2_PLACEMENT_3D('',#14643,#11305,#11306);
#10081=AXIS2_PLACEMENT_3D('',#14645,#11307,#11308);
#10082=AXIS2_PLACEMENT_3D('',#14646,#11309,#11310);
#10083=AXIS2_PLACEMENT_3D('',#14647,#11311,#11312);
#10084=AXIS2_PLACEMENT_3D('',#14650,#11315,#11316);
#10085=AXIS2_PLACEMENT_3D('',#14653,#11319,#11320);
#10086=AXIS2_PLACEMENT_3D('',#14656,#11323,#11324);
#10087=AXIS2_PLACEMENT_3D('',#14659,#11325,#11326);
#10088=AXIS2_PLACEMENT_3D('',#14699,#11329,#11330);
#10089=AXIS2_PLACEMENT_3D('',#14702,#11333,#11334);
#10090=AXIS2_PLACEMENT_3D('',#14705,#11337,#11338);
#10091=AXIS2_PLACEMENT_3D('',#14708,#11339,#11340);
#10092=AXIS2_PLACEMENT_3D('',#14710,#11341,#11342);
#10093=AXIS2_PLACEMENT_3D('',#14711,#11343,#11344);
#10094=AXIS2_PLACEMENT_3D('',#14712,#11345,#11346);
#10095=AXIS2_PLACEMENT_3D('',#14715,#11349,#11350);
#10096=AXIS2_PLACEMENT_3D('',#14719,#11352,#11353);
#10097=AXIS2_PLACEMENT_3D('',#14722,#11355,#11356);
#10098=AXIS2_PLACEMENT_3D('',#14723,#11357,#11358);
#10099=AXIS2_PLACEMENT_3D('',#14726,#11360,#11361);
#10100=AXIS2_PLACEMENT_3D('',#14727,#11362,#11363);
#10101=AXIS2_PLACEMENT_3D('',#14731,#11365,#11366);
#10102=AXIS2_PLACEMENT_3D('',#14733,#11368,#11369);
#10103=AXIS2_PLACEMENT_3D('',#14741,#11374,#11375);
#10104=AXIS2_PLACEMENT_3D('',#14744,#11377,#11378);
#10105=AXIS2_PLACEMENT_3D('',#14745,#11379,#11380);
#10106=AXIS2_PLACEMENT_3D('',#14749,#11382,#11383);
#10107=AXIS2_PLACEMENT_3D('',#14751,#11385,#11386);
#10108=AXIS2_PLACEMENT_3D('',#14752,#11387,#11388);
#10109=AXIS2_PLACEMENT_3D('',#14753,#11389,#11390);
#10110=AXIS2_PLACEMENT_3D('',#14756,#11391,#11392);
#10111=AXIS2_PLACEMENT_3D('',#14758,#11393,#11394);
#10112=AXIS2_PLACEMENT_3D('',#14760,#11395,#11396);
#10113=AXIS2_PLACEMENT_3D('',#14761,#11397,#11398);
#10114=AXIS2_PLACEMENT_3D('',#14762,#11399,#11400);
#10115=AXIS2_PLACEMENT_3D('',#14765,#11401,#11402);
#10116=AXIS2_PLACEMENT_3D('',#14767,#11403,#11404);
#10117=AXIS2_PLACEMENT_3D('',#14769,#11405,#11406);
#10118=AXIS2_PLACEMENT_3D('',#14770,#11407,#11408);
#10119=AXIS2_PLACEMENT_3D('',#14771,#11409,#11410);
#10120=AXIS2_PLACEMENT_3D('',#14774,#11411,#11412);
#10121=AXIS2_PLACEMENT_3D('',#14776,#11413,#11414);
#10122=AXIS2_PLACEMENT_3D('',#14777,#11415,#11416);
#10123=AXIS2_PLACEMENT_3D('',#14778,#11417,#11418);
#10124=AXIS2_PLACEMENT_3D('',#14781,#11419,#11420);
#10125=AXIS2_PLACEMENT_3D('',#14783,#11421,#11422);
#10126=AXIS2_PLACEMENT_3D('',#14785,#11423,#11424);
#10127=AXIS2_PLACEMENT_3D('',#14786,#11425,#11426);
#10128=AXIS2_PLACEMENT_3D('',#14787,#11427,#11428);
#10129=AXIS2_PLACEMENT_3D('',#14789,#11429,#11430);
#10130=AXIS2_PLACEMENT_3D('',#14791,#11431,#11432);
#10131=AXIS2_PLACEMENT_3D('',#14792,#11433,#11434);
#10132=AXIS2_PLACEMENT_3D('',#14793,#11435,#11436);
#10133=AXIS2_PLACEMENT_3D('',#14796,#11437,#11438);
#10134=AXIS2_PLACEMENT_3D('',#14798,#11439,#11440);
#10135=AXIS2_PLACEMENT_3D('',#14800,#11441,#11442);
#10136=AXIS2_PLACEMENT_3D('',#14801,#11443,#11444);
#10137=AXIS2_PLACEMENT_3D('',#14802,#11445,#11446);
#10138=AXIS2_PLACEMENT_3D('',#14805,#11447,#11448);
#10139=AXIS2_PLACEMENT_3D('',#14807,#11449,#11450);
#10140=AXIS2_PLACEMENT_3D('',#14809,#11451,#11452);
#10141=AXIS2_PLACEMENT_3D('',#14810,#11453,#11454);
#10142=AXIS2_PLACEMENT_3D('',#14811,#11455,#11456);
#10143=AXIS2_PLACEMENT_3D('',#14814,#11457,#11458);
#10144=AXIS2_PLACEMENT_3D('',#14816,#11459,#11460);
#10145=AXIS2_PLACEMENT_3D('',#14817,#11461,#11462);
#10146=AXIS2_PLACEMENT_3D('',#14818,#11463,#11464);
#10147=AXIS2_PLACEMENT_3D('',#14821,#11465,#11466);
#10148=AXIS2_PLACEMENT_3D('',#14823,#11467,#11468);
#10149=AXIS2_PLACEMENT_3D('',#14824,#11469,#11470);
#10150=AXIS2_PLACEMENT_3D('',#14825,#11471,#11472);
#10151=AXIS2_PLACEMENT_3D('',#14828,#11473,#11474);
#10152=AXIS2_PLACEMENT_3D('',#14830,#11475,#11476);
#10153=AXIS2_PLACEMENT_3D('',#14832,#11477,#11478);
#10154=AXIS2_PLACEMENT_3D('',#14833,#11479,#11480);
#10155=AXIS2_PLACEMENT_3D('',#14834,#11481,#11482);
#10156=AXIS2_PLACEMENT_3D('',#14837,#11483,#11484);
#10157=AXIS2_PLACEMENT_3D('',#14838,#11485,#11486);
#10158=AXIS2_PLACEMENT_3D('',#14839,#11487,#11488);
#10159=AXIS2_PLACEMENT_3D('',#14840,#11489,#11490);
#10160=AXIS2_PLACEMENT_3D('',#14843,#11491,#11492);
#10161=AXIS2_PLACEMENT_3D('',#14845,#11493,#11494);
#10162=AXIS2_PLACEMENT_3D('',#14846,#11495,#11496);
#10163=AXIS2_PLACEMENT_3D('',#14847,#11497,#11498);
#10164=AXIS2_PLACEMENT_3D('',#14850,#11499,#11500);
#10165=AXIS2_PLACEMENT_3D('',#14852,#11501,#11502);
#10166=AXIS2_PLACEMENT_3D('',#14854,#11503,#11504);
#10167=AXIS2_PLACEMENT_3D('',#14855,#11505,#11506);
#10168=AXIS2_PLACEMENT_3D('',#14856,#11507,#11508);
#10169=AXIS2_PLACEMENT_3D('',#14858,#11509,#11510);
#10170=AXIS2_PLACEMENT_3D('',#14860,#11511,#11512);
#10171=AXIS2_PLACEMENT_3D('',#14861,#11513,#11514);
#10172=AXIS2_PLACEMENT_3D('',#14862,#11515,#11516);
#10173=AXIS2_PLACEMENT_3D('',#14865,#11517,#11518);
#10174=AXIS2_PLACEMENT_3D('',#14867,#11519,#11520);
#10175=AXIS2_PLACEMENT_3D('',#14868,#11521,#11522);
#10176=AXIS2_PLACEMENT_3D('',#14869,#11523,#11524);
#10177=AXIS2_PLACEMENT_3D('',#14872,#11525,#11526);
#10178=AXIS2_PLACEMENT_3D('',#14874,#11527,#11528);
#10179=AXIS2_PLACEMENT_3D('',#14875,#11529,#11530);
#10180=AXIS2_PLACEMENT_3D('',#14876,#11531,#11532);
#10181=AXIS2_PLACEMENT_3D('',#14879,#11535,#11536);
#10182=AXIS2_PLACEMENT_3D('',#14882,#11537,#11538);
#10183=AXIS2_PLACEMENT_3D('',#14884,#11539,#11540);
#10184=AXIS2_PLACEMENT_3D('',#14886,#11541,#11542);
#10185=AXIS2_PLACEMENT_3D('',#14887,#11543,#11544);
#10186=AXIS2_PLACEMENT_3D('',#14888,#11545,#11546);
#10187=AXIS2_PLACEMENT_3D('',#14891,#11547,#11548);
#10188=AXIS2_PLACEMENT_3D('',#14893,#11549,#11550);
#10189=AXIS2_PLACEMENT_3D('',#14894,#11551,#11552);
#10190=AXIS2_PLACEMENT_3D('',#14895,#11553,#11554);
#10191=AXIS2_PLACEMENT_3D('',#14898,#11555,#11556);
#10192=AXIS2_PLACEMENT_3D('',#14900,#11557,#11558);
#10193=AXIS2_PLACEMENT_3D('',#14902,#11559,#11560);
#10194=AXIS2_PLACEMENT_3D('',#14903,#11561,#11562);
#10195=AXIS2_PLACEMENT_3D('',#14904,#11563,#11564);
#10196=AXIS2_PLACEMENT_3D('',#14907,#11565,#11566);
#10197=AXIS2_PLACEMENT_3D('',#14909,#11567,#11568);
#10198=AXIS2_PLACEMENT_3D('',#14910,#11569,#11570);
#10199=AXIS2_PLACEMENT_3D('',#14911,#11571,#11572);
#10200=AXIS2_PLACEMENT_3D('',#14914,#11573,#11574);
#10201=AXIS2_PLACEMENT_3D('',#14915,#11575,#11576);
#10202=AXIS2_PLACEMENT_3D('',#14916,#11577,#11578);
#10203=AXIS2_PLACEMENT_3D('',#14917,#11579,#11580);
#10204=AXIS2_PLACEMENT_3D('',#14920,#11581,#11582);
#10205=AXIS2_PLACEMENT_3D('',#14922,#11583,#11584);
#10206=AXIS2_PLACEMENT_3D('',#14923,#11585,#11586);
#10207=AXIS2_PLACEMENT_3D('',#14924,#11587,#11588);
#10208=AXIS2_PLACEMENT_3D('',#14927,#11589,#11590);
#10209=AXIS2_PLACEMENT_3D('',#14928,#11591,#11592);
#10210=AXIS2_PLACEMENT_3D('',#14929,#11593,#11594);
#10211=AXIS2_PLACEMENT_3D('',#14930,#11595,#11596);
#10212=AXIS2_PLACEMENT_3D('',#14932,#11598,#11599);
#10213=AXIS2_PLACEMENT_3D('',#14935,#11600,#11601);
#10214=AXIS2_PLACEMENT_3D('',#14937,#11602,#11603);
#10215=AXIS2_PLACEMENT_3D('',#14939,#11604,#11605);
#10216=AXIS2_PLACEMENT_3D('',#14940,#11606,#11607);
#10217=AXIS2_PLACEMENT_3D('',#14941,#11608,#11609);
#10218=AXIS2_PLACEMENT_3D('',#14944,#11612,#11613);
#10219=AXIS2_PLACEMENT_3D('',#14947,#11616,#11617);
#10220=AXIS2_PLACEMENT_3D('',#14950,#11618,#11619);
#10221=AXIS2_PLACEMENT_3D('',#14952,#11620,#11621);
#10222=AXIS2_PLACEMENT_3D('',#14953,#11622,#11623);
#10223=AXIS2_PLACEMENT_3D('',#14954,#11624,#11625);
#10224=AXIS2_PLACEMENT_3D('',#14957,#11626,#11627);
#10225=AXIS2_PLACEMENT_3D('',#14959,#11628,#11629);
#10226=AXIS2_PLACEMENT_3D('',#14961,#11630,#11631);
#10227=AXIS2_PLACEMENT_3D('',#14962,#11632,#11633);
#10228=AXIS2_PLACEMENT_3D('',#14963,#11634,#11635);
#10229=AXIS2_PLACEMENT_3D('',#14965,#11636,#11637);
#10230=AXIS2_PLACEMENT_3D('',#14967,#11638,#11639);
#10231=AXIS2_PLACEMENT_3D('',#14968,#11640,#11641);
#10232=AXIS2_PLACEMENT_3D('',#14969,#11642,#11643);
#10233=AXIS2_PLACEMENT_3D('',#14971,#11645,#11646);
#10234=AXIS2_PLACEMENT_3D('',#14974,#11647,#11648);
#10235=AXIS2_PLACEMENT_3D('',#14976,#11649,#11650);
#10236=AXIS2_PLACEMENT_3D('',#14978,#11651,#11652);
#10237=AXIS2_PLACEMENT_3D('',#14979,#11653,#11654);
#10238=AXIS2_PLACEMENT_3D('',#14980,#11655,#11656);
#10239=AXIS2_PLACEMENT_3D('',#14983,#11657,#11658);
#10240=AXIS2_PLACEMENT_3D('',#14984,#11659,#11660);
#10241=AXIS2_PLACEMENT_3D('',#14985,#11661,#11662);
#10242=AXIS2_PLACEMENT_3D('',#14986,#11663,#11664);
#10243=AXIS2_PLACEMENT_3D('',#14988,#11666,#11667);
#10244=AXIS2_PLACEMENT_3D('',#14991,#11668,#11669);
#10245=AXIS2_PLACEMENT_3D('',#14993,#11670,#11671);
#10246=AXIS2_PLACEMENT_3D('',#14995,#11672,#11673);
#10247=AXIS2_PLACEMENT_3D('',#14996,#11674,#11675);
#10248=AXIS2_PLACEMENT_3D('',#14997,#11676,#11677);
#10249=AXIS2_PLACEMENT_3D('',#15000,#11680,#11681);
#10250=AXIS2_PLACEMENT_3D('',#15003,#11684,#11685);
#10251=AXIS2_PLACEMENT_3D('',#15006,#11686,#11687);
#10252=AXIS2_PLACEMENT_3D('',#15008,#11688,#11689);
#10253=AXIS2_PLACEMENT_3D('',#15009,#11690,#11691);
#10254=AXIS2_PLACEMENT_3D('',#15010,#11692,#11693);
#10255=AXIS2_PLACEMENT_3D('',#15013,#11696,#11697);
#10256=AXIS2_PLACEMENT_3D('',#15016,#11700,#11701);
#10257=AXIS2_PLACEMENT_3D('',#15019,#11702,#11703);
#10258=AXIS2_PLACEMENT_3D('',#15021,#11704,#11705);
#10259=AXIS2_PLACEMENT_3D('',#15023,#11706,#11707);
#10260=AXIS2_PLACEMENT_3D('',#15024,#11708,#11709);
#10261=AXIS2_PLACEMENT_3D('',#15025,#11710,#11711);
#10262=AXIS2_PLACEMENT_3D('',#15028,#11712,#11713);
#10263=AXIS2_PLACEMENT_3D('',#15030,#11714,#11715);
#10264=AXIS2_PLACEMENT_3D('',#15032,#11716,#11717);
#10265=AXIS2_PLACEMENT_3D('',#15033,#11718,#11719);
#10266=AXIS2_PLACEMENT_3D('',#15034,#11720,#11721);
#10267=AXIS2_PLACEMENT_3D('',#15036,#11722,#11723);
#10268=AXIS2_PLACEMENT_3D('',#15038,#11724,#11725);
#10269=AXIS2_PLACEMENT_3D('',#15039,#11726,#11727);
#10270=AXIS2_PLACEMENT_3D('',#15040,#11728,#11729);
#10271=AXIS2_PLACEMENT_3D('',#15042,#11731,#11732);
#10272=AXIS2_PLACEMENT_3D('',#15045,#11733,#11734);
#10273=AXIS2_PLACEMENT_3D('',#15047,#11735,#11736);
#10274=AXIS2_PLACEMENT_3D('',#15048,#11737,#11738);
#10275=AXIS2_PLACEMENT_3D('',#15049,#11739,#11740);
#10276=AXIS2_PLACEMENT_3D('',#15051,#11741,#11742);
#10277=AXIS2_PLACEMENT_3D('',#15053,#11743,#11744);
#10278=AXIS2_PLACEMENT_3D('',#15054,#11745,#11746);
#10279=AXIS2_PLACEMENT_3D('',#15055,#11747,#11748);
#10280=AXIS2_PLACEMENT_3D('',#15058,#11749,#11750);
#10281=AXIS2_PLACEMENT_3D('',#15060,#11751,#11752);
#10282=AXIS2_PLACEMENT_3D('',#15062,#11753,#11754);
#10283=AXIS2_PLACEMENT_3D('',#15063,#11755,#11756);
#10284=AXIS2_PLACEMENT_3D('',#15064,#11757,#11758);
#10285=AXIS2_PLACEMENT_3D('',#15067,#11759,#11760);
#10286=AXIS2_PLACEMENT_3D('',#15069,#11761,#11762);
#10287=AXIS2_PLACEMENT_3D('',#15070,#11763,#11764);
#10288=AXIS2_PLACEMENT_3D('',#15071,#11765,#11766);
#10289=AXIS2_PLACEMENT_3D('',#15074,#11767,#11768);
#10290=AXIS2_PLACEMENT_3D('',#15076,#11769,#11770);
#10291=AXIS2_PLACEMENT_3D('',#15078,#11771,#11772);
#10292=AXIS2_PLACEMENT_3D('',#15079,#11773,#11774);
#10293=AXIS2_PLACEMENT_3D('',#15080,#11775,#11776);
#10294=AXIS2_PLACEMENT_3D('',#15083,#11777,#11778);
#10295=AXIS2_PLACEMENT_3D('',#15085,#11779,#11780);
#10296=AXIS2_PLACEMENT_3D('',#15086,#11781,#11782);
#10297=AXIS2_PLACEMENT_3D('',#15087,#11783,#11784);
#10298=AXIS2_PLACEMENT_3D('',#15090,#11787,#11788);
#10299=AXIS2_PLACEMENT_3D('',#15093,#11789,#11790);
#10300=AXIS2_PLACEMENT_3D('',#15095,#11791,#11792);
#10301=AXIS2_PLACEMENT_3D('',#15096,#11793,#11794);
#10302=AXIS2_PLACEMENT_3D('',#15097,#11795,#11796);
#10303=AXIS2_PLACEMENT_3D('',#15100,#11797,#11798);
#10304=AXIS2_PLACEMENT_3D('',#15102,#11799,#11800);
#10305=AXIS2_PLACEMENT_3D('',#15104,#11801,#11802);
#10306=AXIS2_PLACEMENT_3D('',#15105,#11803,#11804);
#10307=AXIS2_PLACEMENT_3D('',#15106,#11805,#11806);
#10308=AXIS2_PLACEMENT_3D('',#15109,#11807,#11808);
#10309=AXIS2_PLACEMENT_3D('',#15111,#11809,#11810);
#10310=AXIS2_PLACEMENT_3D('',#15112,#11811,#11812);
#10311=AXIS2_PLACEMENT_3D('',#15113,#11813,#11814);
#10312=AXIS2_PLACEMENT_3D('',#15116,#11815,#11816);
#10313=AXIS2_PLACEMENT_3D('',#15117,#11817,#11818);
#10314=AXIS2_PLACEMENT_3D('',#15118,#11819,#11820);
#10315=AXIS2_PLACEMENT_3D('',#15119,#11821,#11822);
#10316=AXIS2_PLACEMENT_3D('',#15122,#11823,#11824);
#10317=AXIS2_PLACEMENT_3D('',#15124,#11825,#11826);
#10318=AXIS2_PLACEMENT_3D('',#15126,#11827,#11828);
#10319=AXIS2_PLACEMENT_3D('',#15127,#11829,#11830);
#10320=AXIS2_PLACEMENT_3D('',#15128,#11831,#11832);
#10321=AXIS2_PLACEMENT_3D('',#15130,#11833,#11834);
#10322=AXIS2_PLACEMENT_3D('',#15132,#11835,#11836);
#10323=AXIS2_PLACEMENT_3D('',#15133,#11837,#11838);
#10324=AXIS2_PLACEMENT_3D('',#15134,#11839,#11840);
#10325=AXIS2_PLACEMENT_3D('',#15137,#11841,#11842);
#10326=AXIS2_PLACEMENT_3D('',#15139,#11843,#11844);
#10327=AXIS2_PLACEMENT_3D('',#15140,#11845,#11846);
#10328=AXIS2_PLACEMENT_3D('',#15141,#11847,#11848);
#10329=AXIS2_PLACEMENT_3D('',#15144,#11849,#11850);
#10330=AXIS2_PLACEMENT_3D('',#15146,#11851,#11852);
#10331=AXIS2_PLACEMENT_3D('',#15147,#11853,#11854);
#10332=AXIS2_PLACEMENT_3D('',#15148,#11855,#11856);
#10333=AXIS2_PLACEMENT_3D('',#15151,#11859,#11860);
#10334=AXIS2_PLACEMENT_3D('',#15154,#11861,#11862);
#10335=AXIS2_PLACEMENT_3D('',#15156,#11863,#11864);
#10336=AXIS2_PLACEMENT_3D('',#15157,#11865,#11866);
#10337=AXIS2_PLACEMENT_3D('',#15158,#11867,#11868);
#10338=AXIS2_PLACEMENT_3D('',#15161,#11869,#11870);
#10339=AXIS2_PLACEMENT_3D('',#15163,#11871,#11872);
#10340=AXIS2_PLACEMENT_3D('',#15165,#11873,#11874);
#10341=AXIS2_PLACEMENT_3D('',#15166,#11875,#11876);
#10342=AXIS2_PLACEMENT_3D('',#15167,#11877,#11878);
#10343=AXIS2_PLACEMENT_3D('',#15170,#11879,#11880);
#10344=AXIS2_PLACEMENT_3D('',#15172,#11881,#11882);
#10345=AXIS2_PLACEMENT_3D('',#15174,#11883,#11884);
#10346=AXIS2_PLACEMENT_3D('',#15175,#11885,#11886);
#10347=AXIS2_PLACEMENT_3D('',#15176,#11887,#11888);
#10348=AXIS2_PLACEMENT_3D('',#15179,#11889,#11890);
#10349=AXIS2_PLACEMENT_3D('',#15181,#11891,#11892);
#10350=AXIS2_PLACEMENT_3D('',#15182,#11893,#11894);
#10351=AXIS2_PLACEMENT_3D('',#15183,#11895,#11896);
#10352=AXIS2_PLACEMENT_3D('',#15186,#11897,#11898);
#10353=AXIS2_PLACEMENT_3D('',#15187,#11899,#11900);
#10354=AXIS2_PLACEMENT_3D('',#15188,#11901,#11902);
#10355=AXIS2_PLACEMENT_3D('',#15189,#11903,#11904);
#10356=AXIS2_PLACEMENT_3D('',#15192,#11905,#11906);
#10357=AXIS2_PLACEMENT_3D('',#15194,#11907,#11908);
#10358=AXIS2_PLACEMENT_3D('',#15195,#11909,#11910);
#10359=AXIS2_PLACEMENT_3D('',#15196,#11911,#11912);
#10360=AXIS2_PLACEMENT_3D('',#15199,#11913,#11914);
#10361=AXIS2_PLACEMENT_3D('',#15200,#11915,#11916);
#10362=AXIS2_PLACEMENT_3D('',#15201,#11917,#11918);
#10363=AXIS2_PLACEMENT_3D('',#15202,#11919,#11920);
#10364=AXIS2_PLACEMENT_3D('',#15204,#11922,#11923);
#10365=AXIS2_PLACEMENT_3D('',#15207,#11924,#11925);
#10366=AXIS2_PLACEMENT_3D('',#15209,#11926,#11927);
#10367=AXIS2_PLACEMENT_3D('',#15211,#11928,#11929);
#10368=AXIS2_PLACEMENT_3D('',#15212,#11930,#11931);
#10369=AXIS2_PLACEMENT_3D('',#15213,#11932,#11933);
#10370=AXIS2_PLACEMENT_3D('',#15216,#11936,#11937);
#10371=AXIS2_PLACEMENT_3D('',#15219,#11940,#11941);
#10372=AXIS2_PLACEMENT_3D('',#15222,#11942,#11943);
#10373=AXIS2_PLACEMENT_3D('',#15224,#11944,#11945);
#10374=AXIS2_PLACEMENT_3D('',#15225,#11946,#11947);
#10375=AXIS2_PLACEMENT_3D('',#15226,#11948,#11949);
#10376=AXIS2_PLACEMENT_3D('',#15229,#11950,#11951);
#10377=AXIS2_PLACEMENT_3D('',#15231,#11952,#11953);
#10378=AXIS2_PLACEMENT_3D('',#15233,#11954,#11955);
#10379=AXIS2_PLACEMENT_3D('',#15234,#11956,#11957);
#10380=AXIS2_PLACEMENT_3D('',#15235,#11958,#11959);
#10381=AXIS2_PLACEMENT_3D('',#15237,#11960,#11961);
#10382=AXIS2_PLACEMENT_3D('',#15239,#11962,#11963);
#10383=AXIS2_PLACEMENT_3D('',#15240,#11964,#11965);
#10384=AXIS2_PLACEMENT_3D('',#15241,#11966,#11967);
#10385=AXIS2_PLACEMENT_3D('',#15243,#11969,#11970);
#10386=AXIS2_PLACEMENT_3D('',#15246,#11971,#11972);
#10387=AXIS2_PLACEMENT_3D('',#15248,#11973,#11974);
#10388=AXIS2_PLACEMENT_3D('',#15250,#11975,#11976);
#10389=AXIS2_PLACEMENT_3D('',#15251,#11977,#11978);
#10390=AXIS2_PLACEMENT_3D('',#15252,#11979,#11980);
#10391=AXIS2_PLACEMENT_3D('',#15254,#11981,#11982);
#10392=AXIS2_PLACEMENT_3D('',#15256,#11983,#11984);
#10393=AXIS2_PLACEMENT_3D('',#15257,#11985,#11986);
#10394=AXIS2_PLACEMENT_3D('',#15258,#11987,#11988);
#10395=AXIS2_PLACEMENT_3D('',#15261,#11989,#11990);
#10396=AXIS2_PLACEMENT_3D('',#15262,#11991,#11992);
#10397=AXIS2_PLACEMENT_3D('',#15263,#11993,#11994);
#10398=AXIS2_PLACEMENT_3D('',#15264,#11995,#11996);
#10399=AXIS2_PLACEMENT_3D('',#15266,#11998,#11999);
#10400=AXIS2_PLACEMENT_3D('',#15269,#12000,#12001);
#10401=AXIS2_PLACEMENT_3D('',#15271,#12002,#12003);
#10402=AXIS2_PLACEMENT_3D('',#15273,#12004,#12005);
#10403=AXIS2_PLACEMENT_3D('',#15274,#12006,#12007);
#10404=AXIS2_PLACEMENT_3D('',#15275,#12008,#12009);
#10405=AXIS2_PLACEMENT_3D('',#15278,#12012,#12013);
#10406=AXIS2_PLACEMENT_3D('',#15281,#12016,#12017);
#10407=AXIS2_PLACEMENT_3D('',#15284,#12018,#12019);
#10408=AXIS2_PLACEMENT_3D('',#15286,#12020,#12021);
#10409=AXIS2_PLACEMENT_3D('',#15287,#12022,#12023);
#10410=AXIS2_PLACEMENT_3D('',#15288,#12024,#12025);
#10411=AXIS2_PLACEMENT_3D('',#15291,#12028,#12029);
#10412=AXIS2_PLACEMENT_3D('',#15294,#12032,#12033);
#10413=AXIS2_PLACEMENT_3D('',#15297,#12034,#12035);
#10414=AXIS2_PLACEMENT_3D('',#15299,#12036,#12037);
#10415=AXIS2_PLACEMENT_3D('',#15301,#12038,#12039);
#10416=AXIS2_PLACEMENT_3D('',#15302,#12040,#12041);
#10417=AXIS2_PLACEMENT_3D('',#15303,#12042,#12043);
#10418=AXIS2_PLACEMENT_3D('',#15306,#12044,#12045);
#10419=AXIS2_PLACEMENT_3D('',#15308,#12046,#12047);
#10420=AXIS2_PLACEMENT_3D('',#15310,#12048,#12049);
#10421=AXIS2_PLACEMENT_3D('',#15311,#12050,#12051);
#10422=AXIS2_PLACEMENT_3D('',#15312,#12052,#12053);
#10423=AXIS2_PLACEMENT_3D('',#15314,#12054,#12055);
#10424=AXIS2_PLACEMENT_3D('',#15316,#12056,#12057);
#10425=AXIS2_PLACEMENT_3D('',#15317,#12058,#12059);
#10426=AXIS2_PLACEMENT_3D('',#15318,#12060,#12061);
#10427=AXIS2_PLACEMENT_3D('',#15320,#12063,#12064);
#10428=AXIS2_PLACEMENT_3D('',#15323,#12065,#12066);
#10429=AXIS2_PLACEMENT_3D('',#15325,#12067,#12068);
#10430=AXIS2_PLACEMENT_3D('',#15326,#12069,#12070);
#10431=AXIS2_PLACEMENT_3D('',#15327,#12071,#12072);
#10432=AXIS2_PLACEMENT_3D('',#15330,#12073,#12074);
#10433=AXIS2_PLACEMENT_3D('',#15331,#12075,#12076);
#10434=AXIS2_PLACEMENT_3D('',#15332,#12077,#12078);
#10435=AXIS2_PLACEMENT_3D('',#15333,#12079,#12080);
#10436=AXIS2_PLACEMENT_3D('',#15335,#12081,#12082);
#10437=AXIS2_PLACEMENT_3D('',#15337,#12084,#12085);
#10438=AXIS2_PLACEMENT_3D('',#15339,#12086,#12087);
#10439=AXIS2_PLACEMENT_3D('',#15340,#12088,#12089);
#10440=AXIS2_PLACEMENT_3D('',#15341,#12090,#12091);
#10441=AXIS2_PLACEMENT_3D('',#15343,#12093,#12094);
#10442=AXIS2_PLACEMENT_3D('',#15346,#12095,#12096);
#10443=AXIS2_PLACEMENT_3D('',#15348,#12097,#12098);
#10444=AXIS2_PLACEMENT_3D('',#15350,#12099,#12100);
#10445=AXIS2_PLACEMENT_3D('',#15351,#12101,#12102);
#10446=AXIS2_PLACEMENT_3D('',#15352,#12103,#12104);
#10447=AXIS2_PLACEMENT_3D('',#15355,#12105,#12106);
#10448=AXIS2_PLACEMENT_3D('',#15357,#12107,#12108);
#10449=AXIS2_PLACEMENT_3D('',#15359,#12109,#12110);
#10450=AXIS2_PLACEMENT_3D('',#15360,#12111,#12112);
#10451=AXIS2_PLACEMENT_3D('',#15361,#12113,#12114);
#10452=AXIS2_PLACEMENT_3D('',#15364,#12115,#12116);
#10453=AXIS2_PLACEMENT_3D('',#15367,#12119,#12120);
#10454=AXIS2_PLACEMENT_3D('',#15370,#12121,#12122);
#10455=AXIS2_PLACEMENT_3D('',#15371,#12123,#12124);
#10456=AXIS2_PLACEMENT_3D('',#15372,#12125,#12126);
#10457=AXIS2_PLACEMENT_3D('',#15373,#12127,#12128);
#10458=AXIS2_PLACEMENT_3D('',#15376,#12131,#12132);
#10459=AXIS2_PLACEMENT_3D('',#15378,#12133,#12134);
#10460=AXIS2_PLACEMENT_3D('',#15380,#12135,#12136);
#10461=AXIS2_PLACEMENT_3D('',#15381,#12137,#12138);
#10462=AXIS2_PLACEMENT_3D('',#15382,#12139,#12140);
#10463=AXIS2_PLACEMENT_3D('',#15384,#12142,#12143);
#10464=AXIS2_PLACEMENT_3D('',#15386,#12144,#12145);
#10465=AXIS2_PLACEMENT_3D('',#15388,#12146,#12147);
#10466=AXIS2_PLACEMENT_3D('',#15389,#12148,#12149);
#10467=AXIS2_PLACEMENT_3D('',#15390,#12150,#12151);
#10468=AXIS2_PLACEMENT_3D('',#15393,#12152,#12153);
#10469=AXIS2_PLACEMENT_3D('',#15395,#12154,#12155);
#10470=AXIS2_PLACEMENT_3D('',#15397,#12156,#12157);
#10471=AXIS2_PLACEMENT_3D('',#15398,#12158,#12159);
#10472=AXIS2_PLACEMENT_3D('',#15399,#12160,#12161);
#10473=AXIS2_PLACEMENT_3D('',#15402,#12162,#12163);
#10474=AXIS2_PLACEMENT_3D('',#15404,#12164,#12165);
#10475=AXIS2_PLACEMENT_3D('',#15405,#12166,#12167);
#10476=AXIS2_PLACEMENT_3D('',#15406,#12168,#12169);
#10477=AXIS2_PLACEMENT_3D('',#15409,#12170,#12171);
#10478=AXIS2_PLACEMENT_3D('',#15411,#12172,#12173);
#10479=AXIS2_PLACEMENT_3D('',#15413,#12174,#12175);
#10480=AXIS2_PLACEMENT_3D('',#15414,#12176,#12177);
#10481=AXIS2_PLACEMENT_3D('',#15415,#12178,#12179);
#10482=AXIS2_PLACEMENT_3D('',#15418,#12180,#12181);
#10483=AXIS2_PLACEMENT_3D('',#15420,#12182,#12183);
#10484=AXIS2_PLACEMENT_3D('',#15421,#12184,#12185);
#10485=AXIS2_PLACEMENT_3D('',#15422,#12186,#12187);
#10486=AXIS2_PLACEMENT_3D('',#15425,#12190,#12191);
#10487=AXIS2_PLACEMENT_3D('',#15428,#12192,#12193);
#10488=AXIS2_PLACEMENT_3D('',#15430,#12194,#12195);
#10489=AXIS2_PLACEMENT_3D('',#15432,#12196,#12197);
#10490=AXIS2_PLACEMENT_3D('',#15433,#12198,#12199);
#10491=AXIS2_PLACEMENT_3D('',#15434,#12200,#12201);
#10492=AXIS2_PLACEMENT_3D('',#15437,#12202,#12203);
#10493=AXIS2_PLACEMENT_3D('',#15439,#12204,#12205);
#10494=AXIS2_PLACEMENT_3D('',#15440,#12206,#12207);
#10495=AXIS2_PLACEMENT_3D('',#15441,#12208,#12209);
#10496=AXIS2_PLACEMENT_3D('',#15444,#12210,#12211);
#10497=AXIS2_PLACEMENT_3D('',#15446,#12212,#12213);
#10498=AXIS2_PLACEMENT_3D('',#15447,#12214,#12215);
#10499=AXIS2_PLACEMENT_3D('',#15448,#12216,#12217);
#10500=AXIS2_PLACEMENT_3D('',#15451,#12218,#12219);
#10501=AXIS2_PLACEMENT_3D('',#15452,#12220,#12221);
#10502=AXIS2_PLACEMENT_3D('',#15453,#12222,#12223);
#10503=AXIS2_PLACEMENT_3D('',#15454,#12224,#12225);
#10504=AXIS2_PLACEMENT_3D('',#15456,#12226,#12227);
#10505=AXIS2_PLACEMENT_3D('',#15458,#12228,#12229);
#10506=AXIS2_PLACEMENT_3D('',#15459,#12230,#12231);
#10507=AXIS2_PLACEMENT_3D('',#15460,#12232,#12233);
#10508=AXIS2_PLACEMENT_3D('',#15463,#12234,#12235);
#10509=AXIS2_PLACEMENT_3D('',#15465,#12236,#12237);
#10510=AXIS2_PLACEMENT_3D('',#15467,#12238,#12239);
#10511=AXIS2_PLACEMENT_3D('',#15468,#12240,#12241);
#10512=AXIS2_PLACEMENT_3D('',#15469,#12242,#12243);
#10513=AXIS2_PLACEMENT_3D('',#15472,#12244,#12245);
#10514=AXIS2_PLACEMENT_3D('',#15474,#12246,#12247);
#10515=AXIS2_PLACEMENT_3D('',#15475,#12248,#12249);
#10516=AXIS2_PLACEMENT_3D('',#15476,#12250,#12251);
#10517=AXIS2_PLACEMENT_3D('',#15479,#12254,#12255);
#10518=AXIS2_PLACEMENT_3D('',#15482,#12258,#12259);
#10519=AXIS2_PLACEMENT_3D('',#15484,#12260,#12261);
#10520=AXIS2_PLACEMENT_3D('',#15486,#12262,#12263);
#10521=AXIS2_PLACEMENT_3D('',#15487,#12264,#12265);
#10522=AXIS2_PLACEMENT_3D('',#15488,#12266,#12267);
#10523=AXIS2_PLACEMENT_3D('',#15490,#12269,#12270);
#10524=AXIS2_PLACEMENT_3D('',#15492,#12271,#12272);
#10525=AXIS2_PLACEMENT_3D('',#15494,#12273,#12274);
#10526=AXIS2_PLACEMENT_3D('',#15495,#12275,#12276);
#10527=AXIS2_PLACEMENT_3D('',#15496,#12277,#12278);
#10528=AXIS2_PLACEMENT_3D('',#15499,#12279,#12280);
#10529=AXIS2_PLACEMENT_3D('',#15501,#12281,#12282);
#10530=AXIS2_PLACEMENT_3D('',#15502,#12283,#12284);
#10531=AXIS2_PLACEMENT_3D('',#15503,#12285,#12286);
#10532=AXIS2_PLACEMENT_3D('',#15506,#12287,#12288);
#10533=AXIS2_PLACEMENT_3D('',#15508,#12289,#12290);
#10534=AXIS2_PLACEMENT_3D('',#15510,#12291,#12292);
#10535=AXIS2_PLACEMENT_3D('',#15511,#12293,#12294);
#10536=AXIS2_PLACEMENT_3D('',#15512,#12295,#12296);
#10537=AXIS2_PLACEMENT_3D('',#15515,#12297,#12298);
#10538=AXIS2_PLACEMENT_3D('',#15517,#12299,#12300);
#10539=AXIS2_PLACEMENT_3D('',#15518,#12301,#12302);
#10540=AXIS2_PLACEMENT_3D('',#15519,#12303,#12304);
#10541=AXIS2_PLACEMENT_3D('',#15522,#12307,#12308);
#10542=AXIS2_PLACEMENT_3D('',#15525,#12309,#12310);
#10543=AXIS2_PLACEMENT_3D('',#15527,#12311,#12312);
#10544=AXIS2_PLACEMENT_3D('',#15529,#12313,#12314);
#10545=AXIS2_PLACEMENT_3D('',#15530,#12315,#12316);
#10546=AXIS2_PLACEMENT_3D('',#15531,#12317,#12318);
#10547=AXIS2_PLACEMENT_3D('',#15534,#12319,#12320);
#10548=AXIS2_PLACEMENT_3D('',#15536,#12321,#12322);
#10549=AXIS2_PLACEMENT_3D('',#15537,#12323,#12324);
#10550=AXIS2_PLACEMENT_3D('',#15538,#12325,#12326);
#10551=AXIS2_PLACEMENT_3D('',#15541,#12327,#12328);
#10552=AXIS2_PLACEMENT_3D('',#15543,#12329,#12330);
#10553=AXIS2_PLACEMENT_3D('',#15545,#12331,#12332);
#10554=AXIS2_PLACEMENT_3D('',#15546,#12333,#12334);
#10555=AXIS2_PLACEMENT_3D('',#15547,#12335,#12336);
#10556=AXIS2_PLACEMENT_3D('',#15550,#12337,#12338);
#10557=AXIS2_PLACEMENT_3D('',#15552,#12339,#12340);
#10558=AXIS2_PLACEMENT_3D('',#15553,#12341,#12342);
#10559=AXIS2_PLACEMENT_3D('',#15554,#12343,#12344);
#10560=AXIS2_PLACEMENT_3D('',#15557,#12345,#12346);
#10561=AXIS2_PLACEMENT_3D('',#15558,#12347,#12348);
#10562=AXIS2_PLACEMENT_3D('',#15559,#12349,#12350);
#10563=AXIS2_PLACEMENT_3D('',#15560,#12351,#12352);
#10564=AXIS2_PLACEMENT_3D('',#15562,#12353,#12354);
#10565=AXIS2_PLACEMENT_3D('',#15564,#12355,#12356);
#10566=AXIS2_PLACEMENT_3D('',#15565,#12357,#12358);
#10567=AXIS2_PLACEMENT_3D('',#15566,#12359,#12360);
#10568=AXIS2_PLACEMENT_3D('',#15569,#12361,#12362);
#10569=AXIS2_PLACEMENT_3D('',#15571,#12363,#12364);
#10570=AXIS2_PLACEMENT_3D('',#15572,#12365,#12366);
#10571=AXIS2_PLACEMENT_3D('',#15573,#12367,#12368);
#10572=AXIS2_PLACEMENT_3D('',#15576,#12371,#12372);
#10573=AXIS2_PLACEMENT_3D('',#15579,#12375,#12376);
#10574=AXIS2_PLACEMENT_3D('',#15582,#12377,#12378);
#10575=AXIS2_PLACEMENT_3D('',#15584,#12379,#12380);
#10576=AXIS2_PLACEMENT_3D('',#15585,#12381,#12382);
#10577=AXIS2_PLACEMENT_3D('',#15586,#12383,#12384);
#10578=AXIS2_PLACEMENT_3D('',#15589,#12387,#12388);
#10579=AXIS2_PLACEMENT_3D('',#15591,#12389,#12390);
#10580=AXIS2_PLACEMENT_3D('',#15593,#12391,#12392);
#10581=AXIS2_PLACEMENT_3D('',#15594,#12393,#12394);
#10582=AXIS2_PLACEMENT_3D('',#15595,#12395,#12396);
#10583=AXIS2_PLACEMENT_3D('',#15597,#12398,#12399);
#10584=AXIS2_PLACEMENT_3D('',#15600,#12400,#12401);
#10585=AXIS2_PLACEMENT_3D('',#15601,#12402,#12403);
#10586=AXIS2_PLACEMENT_3D('',#15602,#12404,#12405);
#10587=AXIS2_PLACEMENT_3D('',#15603,#12406,#12407);
#10588=AXIS2_PLACEMENT_3D('',#15605,#12409,#12410);
#10589=AXIS2_PLACEMENT_3D('',#15608,#12411,#12412);
#10590=AXIS2_PLACEMENT_3D('',#15610,#12413,#12414);
#10591=AXIS2_PLACEMENT_3D('',#15611,#12415,#12416);
#10592=AXIS2_PLACEMENT_3D('',#15612,#12417,#12418);
#10593=AXIS2_PLACEMENT_3D('',#15615,#12419,#12420);
#10594=AXIS2_PLACEMENT_3D('',#15617,#12421,#12422);
#10595=AXIS2_PLACEMENT_3D('',#15619,#12423,#12424);
#10596=AXIS2_PLACEMENT_3D('',#15620,#12425,#12426);
#10597=AXIS2_PLACEMENT_3D('',#15621,#12427,#12428);
#10598=AXIS2_PLACEMENT_3D('',#15624,#12431,#12432);
#10599=AXIS2_PLACEMENT_3D('',#15627,#12435,#12436);
#10600=AXIS2_PLACEMENT_3D('',#15630,#12437,#12438);
#10601=AXIS2_PLACEMENT_3D('',#15632,#12439,#12440);
#10602=AXIS2_PLACEMENT_3D('',#15633,#12441,#12442);
#10603=AXIS2_PLACEMENT_3D('',#15634,#12443,#12444);
#10604=AXIS2_PLACEMENT_3D('',#15637,#12445,#12446);
#10605=AXIS2_PLACEMENT_3D('',#15639,#12447,#12448);
#10606=AXIS2_PLACEMENT_3D('',#15641,#12449,#12450);
#10607=AXIS2_PLACEMENT_3D('',#15642,#12451,#12452);
#10608=AXIS2_PLACEMENT_3D('',#15643,#12453,#12454);
#10609=AXIS2_PLACEMENT_3D('',#15645,#12455,#12456);
#10610=AXIS2_PLACEMENT_3D('',#15647,#12457,#12458);
#10611=AXIS2_PLACEMENT_3D('',#15648,#12459,#12460);
#10612=AXIS2_PLACEMENT_3D('',#15649,#12461,#12462);
#10613=AXIS2_PLACEMENT_3D('',#15651,#12464,#12465);
#10614=AXIS2_PLACEMENT_3D('',#15654,#12466,#12467);
#10615=AXIS2_PLACEMENT_3D('',#15655,#12468,#12469);
#10616=AXIS2_PLACEMENT_3D('',#15656,#12470,#12471);
#10617=AXIS2_PLACEMENT_3D('',#15657,#12472,#12473);
#10618=AXIS2_PLACEMENT_3D('',#15659,#12475,#12476);
#10619=AXIS2_PLACEMENT_3D('',#15662,#12477,#12478);
#10620=AXIS2_PLACEMENT_3D('',#15664,#12479,#12480);
#10621=AXIS2_PLACEMENT_3D('',#15665,#12481,#12482);
#10622=AXIS2_PLACEMENT_3D('',#15666,#12483,#12484);
#10623=AXIS2_PLACEMENT_3D('',#15669,#12485,#12486);
#10624=AXIS2_PLACEMENT_3D('',#15670,#12487,#12488);
#10625=AXIS2_PLACEMENT_3D('',#15671,#12489,#12490);
#10626=AXIS2_PLACEMENT_3D('',#15672,#12491,#12492);
#10627=AXIS2_PLACEMENT_3D('',#15675,#12493,#12494);
#10628=AXIS2_PLACEMENT_3D('',#15677,#12495,#12496);
#10629=AXIS2_PLACEMENT_3D('',#15679,#12497,#12498);
#10630=AXIS2_PLACEMENT_3D('',#15680,#12499,#12500);
#10631=AXIS2_PLACEMENT_3D('',#15681,#12501,#12502);
#10632=AXIS2_PLACEMENT_3D('',#15684,#12505,#12506);
#10633=AXIS2_PLACEMENT_3D('',#15686,#12507,#12508);
#10634=AXIS2_PLACEMENT_3D('',#15688,#12509,#12510);
#10635=AXIS2_PLACEMENT_3D('',#15689,#12511,#12512);
#10636=AXIS2_PLACEMENT_3D('',#15690,#12513,#12514);
#10637=AXIS2_PLACEMENT_3D('',#15692,#12515,#12516);
#10638=AXIS2_PLACEMENT_3D('',#15694,#12518,#12519);
#10639=AXIS2_PLACEMENT_3D('',#15696,#12520,#12521);
#10640=AXIS2_PLACEMENT_3D('',#15697,#12522,#12523);
#10641=AXIS2_PLACEMENT_3D('',#15698,#12524,#12525);
#10642=AXIS2_PLACEMENT_3D('',#15700,#12527,#12528);
#10643=AXIS2_PLACEMENT_3D('',#15703,#12529,#12530);
#10644=AXIS2_PLACEMENT_3D('',#15704,#12531,#12532);
#10645=AXIS2_PLACEMENT_3D('',#15705,#12533,#12534);
#10646=AXIS2_PLACEMENT_3D('',#15706,#12535,#12536);
#10647=AXIS2_PLACEMENT_3D('',#15708,#12538,#12539);
#10648=AXIS2_PLACEMENT_3D('',#15711,#12540,#12541);
#10649=AXIS2_PLACEMENT_3D('',#15713,#12542,#12543);
#10650=AXIS2_PLACEMENT_3D('',#15715,#12544,#12545);
#10651=AXIS2_PLACEMENT_3D('',#15716,#12546,#12547);
#10652=AXIS2_PLACEMENT_3D('',#15717,#12548,#12549);
#10653=AXIS2_PLACEMENT_3D('',#15720,#12552,#12553);
#10654=AXIS2_PLACEMENT_3D('',#15723,#12556,#12557);
#10655=AXIS2_PLACEMENT_3D('',#15726,#12558,#12559);
#10656=AXIS2_PLACEMENT_3D('',#15728,#12560,#12561);
#10657=AXIS2_PLACEMENT_3D('',#15729,#12562,#12563);
#10658=AXIS2_PLACEMENT_3D('',#15730,#12564,#12565);
#10659=AXIS2_PLACEMENT_3D('',#15733,#12568,#12569);
#10660=AXIS2_PLACEMENT_3D('',#15736,#12572,#12573);
#10661=AXIS2_PLACEMENT_3D('',#15738,#12574,#12575);
#10662=AXIS2_PLACEMENT_3D('',#15740,#12576,#12577);
#10663=AXIS2_PLACEMENT_3D('',#15741,#12578,#12579);
#10664=AXIS2_PLACEMENT_3D('',#15742,#12580,#12581);
#10665=AXIS2_PLACEMENT_3D('',#15745,#12582,#12583);
#10666=AXIS2_PLACEMENT_3D('',#15747,#12584,#12585);
#10667=AXIS2_PLACEMENT_3D('',#15749,#12586,#12587);
#10668=AXIS2_PLACEMENT_3D('',#15750,#12588,#12589);
#10669=AXIS2_PLACEMENT_3D('',#15751,#12590,#12591);
#10670=AXIS2_PLACEMENT_3D('',#15754,#12592,#12593);
#10671=AXIS2_PLACEMENT_3D('',#15756,#12594,#12595);
#10672=AXIS2_PLACEMENT_3D('',#15758,#12596,#12597);
#10673=AXIS2_PLACEMENT_3D('',#15759,#12598,#12599);
#10674=AXIS2_PLACEMENT_3D('',#15760,#12600,#12601);
#10675=AXIS2_PLACEMENT_3D('',#15763,#12602,#12603);
#10676=AXIS2_PLACEMENT_3D('',#15766,#12606,#12607);
#10677=AXIS2_PLACEMENT_3D('',#15769,#12608,#12609);
#10678=AXIS2_PLACEMENT_3D('',#15770,#12610,#12611);
#10679=AXIS2_PLACEMENT_3D('',#15771,#12612,#12613);
#10680=AXIS2_PLACEMENT_3D('',#15772,#12614,#12615);
#10681=AXIS2_PLACEMENT_3D('',#15775,#12618,#12619);
#10682=AXIS2_PLACEMENT_3D('',#15778,#12620,#12621);
#10683=AXIS2_PLACEMENT_3D('',#15779,#12622,#12623);
#10684=AXIS2_PLACEMENT_3D('',#15780,#12624,#12625);
#10685=AXIS2_PLACEMENT_3D('',#15781,#12626,#12627);
#10686=AXIS2_PLACEMENT_3D('',#15783,#12628,#12629);
#10687=AXIS2_PLACEMENT_3D('',#15785,#12630,#12631);
#10688=AXIS2_PLACEMENT_3D('',#15786,#12632,#12633);
#10689=AXIS2_PLACEMENT_3D('',#15787,#12634,#12635);
#10690=AXIS2_PLACEMENT_3D('',#15790,#12636,#12637);
#10691=AXIS2_PLACEMENT_3D('',#15792,#12638,#12639);
#10692=AXIS2_PLACEMENT_3D('',#15793,#12640,#12641);
#10693=AXIS2_PLACEMENT_3D('',#15794,#12642,#12643);
#10694=AXIS2_PLACEMENT_3D('',#15797,#12644,#12645);
#10695=AXIS2_PLACEMENT_3D('',#15799,#12646,#12647);
#10696=AXIS2_PLACEMENT_3D('',#15800,#12648,#12649);
#10697=AXIS2_PLACEMENT_3D('',#15801,#12650,#12651);
#10698=AXIS2_PLACEMENT_3D('',#15804,#12654,#12655);
#10699=AXIS2_PLACEMENT_3D('',#15806,#12656,#12657);
#10700=AXIS2_PLACEMENT_3D('',#15807,#12658,#12659);
#10701=AXIS2_PLACEMENT_3D('',#15808,#12660,#12661);
#10702=AXIS2_PLACEMENT_3D('',#15811,#12662,#12663);
#10703=AXIS2_PLACEMENT_3D('',#15813,#12664,#12665);
#10704=AXIS2_PLACEMENT_3D('',#15815,#12666,#12667);
#10705=AXIS2_PLACEMENT_3D('',#15816,#12668,#12669);
#10706=AXIS2_PLACEMENT_3D('',#15817,#12670,#12671);
#10707=AXIS2_PLACEMENT_3D('',#15819,#12672,#12673);
#10708=AXIS2_PLACEMENT_3D('',#15821,#12674,#12675);
#10709=AXIS2_PLACEMENT_3D('',#15822,#12676,#12677);
#10710=AXIS2_PLACEMENT_3D('',#15823,#12678,#12679);
#10711=AXIS2_PLACEMENT_3D('',#15825,#12681,#12682);
#10712=AXIS2_PLACEMENT_3D('',#15827,#12683,#12684);
#10713=AXIS2_PLACEMENT_3D('',#15829,#12685,#12686);
#10714=AXIS2_PLACEMENT_3D('',#15830,#12687,#12688);
#10715=AXIS2_PLACEMENT_3D('',#15831,#12689,#12690);
#10716=AXIS2_PLACEMENT_3D('',#15834,#12691,#12692);
#10717=AXIS2_PLACEMENT_3D('',#15836,#12693,#12694);
#10718=AXIS2_PLACEMENT_3D('',#15837,#12695,#12696);
#10719=AXIS2_PLACEMENT_3D('',#15838,#12697,#12698);
#10720=AXIS2_PLACEMENT_3D('',#15841,#12701,#12702);
#10721=AXIS2_PLACEMENT_3D('',#15843,#12703,#12704);
#10722=AXIS2_PLACEMENT_3D('',#15845,#12705,#12706);
#10723=AXIS2_PLACEMENT_3D('',#15846,#12707,#12708);
#10724=AXIS2_PLACEMENT_3D('',#15847,#12709,#12710);
#10725=AXIS2_PLACEMENT_3D('',#15850,#12713,#12714);
#10726=AXIS2_PLACEMENT_3D('',#15853,#12715,#12716);
#10727=AXIS2_PLACEMENT_3D('',#15855,#12717,#12718);
#10728=AXIS2_PLACEMENT_3D('',#15856,#12719,#12720);
#10729=AXIS2_PLACEMENT_3D('',#15857,#12721,#12722);
#10730=AXIS2_PLACEMENT_3D('',#15860,#12725,#12726);
#10731=AXIS2_PLACEMENT_3D('',#15863,#12729,#12730);
#10732=AXIS2_PLACEMENT_3D('',#15865,#12731,#12732);
#10733=AXIS2_PLACEMENT_3D('',#15867,#12733,#12734);
#10734=AXIS2_PLACEMENT_3D('',#15868,#12735,#12736);
#10735=AXIS2_PLACEMENT_3D('',#15869,#12737,#12738);
#10736=AXIS2_PLACEMENT_3D('',#15871,#12740,#12741);
#10737=AXIS2_PLACEMENT_3D('',#15874,#12742,#12743);
#10738=AXIS2_PLACEMENT_3D('',#15875,#12744,#12745);
#10739=AXIS2_PLACEMENT_3D('',#15876,#12746,#12747);
#10740=AXIS2_PLACEMENT_3D('',#15877,#12748,#12749);
#10741=AXIS2_PLACEMENT_3D('',#15880,#12750,#12751);
#10742=AXIS2_PLACEMENT_3D('',#15882,#12752,#12753);
#10743=AXIS2_PLACEMENT_3D('',#15883,#12754,#12755);
#10744=AXIS2_PLACEMENT_3D('',#15884,#12756,#12757);
#10745=AXIS2_PLACEMENT_3D('',#15887,#12760,#12761);
#10746=AXIS2_PLACEMENT_3D('',#15890,#12764,#12765);
#10747=AXIS2_PLACEMENT_3D('',#15892,#12766,#12767);
#10748=AXIS2_PLACEMENT_3D('',#15893,#12768,#12769);
#10749=AXIS2_PLACEMENT_3D('',#15894,#12770,#12771);
#10750=AXIS2_PLACEMENT_3D('',#15897,#12772,#12773);
#10751=AXIS2_PLACEMENT_3D('',#15899,#12774,#12775);
#10752=AXIS2_PLACEMENT_3D('',#15901,#12776,#12777);
#10753=AXIS2_PLACEMENT_3D('',#15902,#12778,#12779);
#10754=AXIS2_PLACEMENT_3D('',#15903,#12780,#12781);
#10755=AXIS2_PLACEMENT_3D('',#15906,#12782,#12783);
#10756=AXIS2_PLACEMENT_3D('',#15909,#12786,#12787);
#10757=AXIS2_PLACEMENT_3D('',#15912,#12788,#12789);
#10758=AXIS2_PLACEMENT_3D('',#15913,#12790,#12791);
#10759=AXIS2_PLACEMENT_3D('',#15914,#12792,#12793);
#10760=AXIS2_PLACEMENT_3D('',#15915,#12794,#12795);
#10761=AXIS2_PLACEMENT_3D('',#15918,#12798,#12799);
#10762=AXIS2_PLACEMENT_3D('',#15920,#12800,#12801);
#10763=AXIS2_PLACEMENT_3D('',#15921,#12802,#12803);
#10764=AXIS2_PLACEMENT_3D('',#15922,#12804,#12805);
#10765=AXIS2_PLACEMENT_3D('',#15924,#12806,#12807);
#10766=AXIS2_PLACEMENT_3D('',#15925,#12808,#12809);
#10767=AXIS2_PLACEMENT_3D('',#15926,#12810,#12811);
#10768=AXIS2_PLACEMENT_3D('',#15928,#12813,#12814);
#10769=AXIS2_PLACEMENT_3D('',#15931,#12817,#12818);
#10770=AXIS2_PLACEMENT_3D('',#15934,#12821,#12822);
#10771=AXIS2_PLACEMENT_3D('',#15936,#12824,#12825);
#10772=AXIS2_PLACEMENT_3D('',#15938,#12827,#12828);
#10773=AXIS2_PLACEMENT_3D('',#15941,#12831,#12832);
#10774=AXIS2_PLACEMENT_3D('',#15943,#12834,#12835);
#10775=AXIS2_PLACEMENT_3D('',#15945,#12837,#12838);
#10776=AXIS2_PLACEMENT_3D('',#15948,#12841,#12842);
#10777=AXIS2_PLACEMENT_3D('',#15950,#12844,#12845);
#10778=AXIS2_PLACEMENT_3D('',#15953,#12848,#12849);
#10779=AXIS2_PLACEMENT_3D('',#15954,#12850,#12851);
#10780=AXIS2_PLACEMENT_3D('',#15955,#12852,#12853);
#10781=AXIS2_PLACEMENT_3D('',#15956,#12854,#12855);
#10782=AXIS2_PLACEMENT_3D('',#15959,#12858,#12859);
#10783=AXIS2_PLACEMENT_3D('',#15962,#12862,#12863);
#10784=AXIS2_PLACEMENT_3D('',#15965,#12866,#12867);
#10785=AXIS2_PLACEMENT_3D('',#15968,#12870,#12871);
#10786=AXIS2_PLACEMENT_3D('',#15970,#12873,#12874);
#10787=AXIS2_PLACEMENT_3D('',#15971,#12875,#12876);
#10788=AXIS2_PLACEMENT_3D('',#15972,#12877,#12878);
#10789=AXIS2_PLACEMENT_3D('',#15975,#12881,#12882);
#10790=AXIS2_PLACEMENT_3D('',#15978,#12885,#12886);
#10791=AXIS2_PLACEMENT_3D('',#15981,#12887,#12888);
#10792=AXIS2_PLACEMENT_3D('',#15984,#12891,#12892);
#10793=AXIS2_PLACEMENT_3D('',#15987,#12893,#12894);
#10794=AXIS2_PLACEMENT_3D('',#15988,#12895,#12896);
#10795=AXIS2_PLACEMENT_3D('',#15989,#12897,#12898);
#10796=AXIS2_PLACEMENT_3D('',#15990,#12899,#12900);
#10797=AXIS2_PLACEMENT_3D('',#15993,#12903,#12904);
#10798=AXIS2_PLACEMENT_3D('',#15995,#12906,#12907);
#10799=AXIS2_PLACEMENT_3D('',#15997,#12909,#12910);
#10800=AXIS2_PLACEMENT_3D('',#16000,#12913,#12914);
#10801=AXIS2_PLACEMENT_3D('',#16003,#12917,#12918);
#10802=AXIS2_PLACEMENT_3D('',#16006,#12919,#12920);
#10803=AXIS2_PLACEMENT_3D('',#16009,#12923,#12924);
#10804=AXIS2_PLACEMENT_3D('',#16010,#12925,#12926);
#10805=AXIS2_PLACEMENT_3D('',#16011,#12927,#12928);
#10806=AXIS2_PLACEMENT_3D('',#16012,#12929,#12930);
#10807=AXIS2_PLACEMENT_3D('',#16015,#12933,#12934);
#10808=AXIS2_PLACEMENT_3D('',#16018,#12937,#12938);
#10809=AXIS2_PLACEMENT_3D('',#16021,#12941,#12942);
#10810=AXIS2_PLACEMENT_3D('',#16024,#12945,#12946);
#10811=AXIS2_PLACEMENT_3D('',#16027,#12949,#12950);
#10812=AXIS2_PLACEMENT_3D('',#16030,#12953,#12954);
#10813=AXIS2_PLACEMENT_3D('',#16033,#12957,#12958);
#10814=AXIS2_PLACEMENT_3D('',#16036,#12961,#12962);
#10815=AXIS2_PLACEMENT_3D('',#16039,#12965,#12966);
#10816=AXIS2_PLACEMENT_3D('',#16042,#12969,#12970);
#10817=AXIS2_PLACEMENT_3D('',#16044,#12972,#12973);
#10818=AXIS2_PLACEMENT_3D('',#16046,#12975,#12976);
#10819=AXIS2_PLACEMENT_3D('',#16049,#12979,#12980);
#10820=AXIS2_PLACEMENT_3D('',#16052,#12983,#12984);
#10821=AXIS2_PLACEMENT_3D('',#16055,#12987,#12988);
#10822=AXIS2_PLACEMENT_3D('',#16058,#12991,#12992);
#10823=AXIS2_PLACEMENT_3D('',#16061,#12995,#12996);
#10824=AXIS2_PLACEMENT_3D('',#16064,#12999,#13000);
#10825=AXIS2_PLACEMENT_3D('',#16067,#13003,#13004);
#10826=AXIS2_PLACEMENT_3D('',#16070,#13007,#13008);
#10827=AXIS2_PLACEMENT_3D('',#16073,#13011,#13012);
#10828=AXIS2_PLACEMENT_3D('',#16076,#13015,#13016);
#10829=AXIS2_PLACEMENT_3D('',#16079,#13019,#13020);
#10830=AXIS2_PLACEMENT_3D('',#16081,#13022,#13023);
#10831=AXIS2_PLACEMENT_3D('',#16082,#13024,#13025);
#10832=AXIS2_PLACEMENT_3D('',#16083,#13026,#13027);
#10833=AXIS2_PLACEMENT_3D('',#16084,#13028,#13029);
#10834=AXIS2_PLACEMENT_3D('',#16087,#13032,#13033);
#10835=AXIS2_PLACEMENT_3D('',#16088,#13034,#13035);
#10836=AXIS2_PLACEMENT_3D('',#16089,#13036,#13037);
#10837=AXIS2_PLACEMENT_3D('',#16091,#13039,#13040);
#10838=AXIS2_PLACEMENT_3D('',#16094,#13043,#13044);
#10839=AXIS2_PLACEMENT_3D('',#16097,#13047,#13048);
#10840=AXIS2_PLACEMENT_3D('',#16100,#13051,#13052);
#10841=AXIS2_PLACEMENT_3D('',#16103,#13055,#13056);
#10842=AXIS2_PLACEMENT_3D('',#16106,#13059,#13060);
#10843=AXIS2_PLACEMENT_3D('',#16109,#13063,#13064);
#10844=AXIS2_PLACEMENT_3D('',#16112,#13067,#13068);
#10845=AXIS2_PLACEMENT_3D('',#16115,#13071,#13072);
#10846=AXIS2_PLACEMENT_3D('',#16118,#13075,#13076);
#10847=AXIS2_PLACEMENT_3D('',#16121,#13079,#13080);
#10848=AXIS2_PLACEMENT_3D('',#16123,#13082,#13083);
#10849=AXIS2_PLACEMENT_3D('',#16126,#13086,#13087);
#10850=AXIS2_PLACEMENT_3D('',#16129,#13090,#13091);
#10851=AXIS2_PLACEMENT_3D('',#16132,#13094,#13095);
#10852=AXIS2_PLACEMENT_3D('',#16135,#13098,#13099);
#10853=AXIS2_PLACEMENT_3D('',#16138,#13102,#13103);
#10854=AXIS2_PLACEMENT_3D('',#16141,#13106,#13107);
#10855=AXIS2_PLACEMENT_3D('',#16144,#13110,#13111);
#10856=AXIS2_PLACEMENT_3D('',#16147,#13114,#13115);
#10857=AXIS2_PLACEMENT_3D('',#16150,#13118,#13119);
#10858=AXIS2_PLACEMENT_3D('',#16153,#13122,#13123);
#10859=AXIS2_PLACEMENT_3D('',#16156,#13126,#13127);
#10860=AXIS2_PLACEMENT_3D('',#16159,#13130,#13131);
#10861=AXIS2_PLACEMENT_3D('',#16162,#13134,#13135);
#10862=AXIS2_PLACEMENT_3D('',#16164,#13137,#13138);
#10863=AXIS2_PLACEMENT_3D('',#16167,#13141,#13142);
#10864=AXIS2_PLACEMENT_3D('',#16170,#13145,#13146);
#10865=AXIS2_PLACEMENT_3D('',#16173,#13149,#13150);
#10866=AXIS2_PLACEMENT_3D('',#16176,#13153,#13154);
#10867=AXIS2_PLACEMENT_3D('',#16179,#13157,#13158);
#10868=AXIS2_PLACEMENT_3D('',#16182,#13161,#13162);
#10869=AXIS2_PLACEMENT_3D('',#16185,#13165,#13166);
#10870=AXIS2_PLACEMENT_3D('',#16188,#13169,#13170);
#10871=AXIS2_PLACEMENT_3D('',#16191,#13173,#13174);
#10872=AXIS2_PLACEMENT_3D('',#16194,#13177,#13178);
#10873=AXIS2_PLACEMENT_3D('',#16196,#13180,#13181);
#10874=AXIS2_PLACEMENT_3D('',#16199,#13184,#13185);
#10875=AXIS2_PLACEMENT_3D('',#16201,#13187,#13188);
#10876=AXIS2_PLACEMENT_3D('',#16204,#13191,#13192);
#10877=AXIS2_PLACEMENT_3D('',#16207,#13195,#13196);
#10878=AXIS2_PLACEMENT_3D('',#16210,#13199,#13200);
#10879=AXIS2_PLACEMENT_3D('',#16213,#13203,#13204);
#10880=AXIS2_PLACEMENT_3D('',#16216,#13207,#13208);
#10881=AXIS2_PLACEMENT_3D('',#16219,#13211,#13212);
#10882=AXIS2_PLACEMENT_3D('',#16222,#13215,#13216);
#10883=AXIS2_PLACEMENT_3D('',#16225,#13219,#13220);
#10884=AXIS2_PLACEMENT_3D('',#16228,#13223,#13224);
#10885=AXIS2_PLACEMENT_3D('',#16231,#13227,#13228);
#10886=AXIS2_PLACEMENT_3D('',#16233,#13230,#13231);
#10887=AXIS2_PLACEMENT_3D('',#16236,#13234,#13235);
#10888=AXIS2_PLACEMENT_3D('',#16239,#13238,#13239);
#10889=AXIS2_PLACEMENT_3D('',#16242,#13242,#13243);
#10890=AXIS2_PLACEMENT_3D('',#16245,#13246,#13247);
#10891=AXIS2_PLACEMENT_3D('',#16248,#13250,#13251);
#10892=AXIS2_PLACEMENT_3D('',#16251,#13254,#13255);
#10893=AXIS2_PLACEMENT_3D('',#16254,#13258,#13259);
#10894=AXIS2_PLACEMENT_3D('',#16257,#13262,#13263);
#10895=AXIS2_PLACEMENT_3D('',#16260,#13266,#13267);
#10896=AXIS2_PLACEMENT_3D('',#16263,#13270,#13271);
#10897=AXIS2_PLACEMENT_3D('',#16266,#13274,#13275);
#10898=AXIS2_PLACEMENT_3D('',#16268,#13277,#13278);
#10899=AXIS2_PLACEMENT_3D('',#16271,#13281,#13282);
#10900=AXIS2_PLACEMENT_3D('',#16274,#13285,#13286);
#10901=AXIS2_PLACEMENT_3D('',#16277,#13289,#13290);
#10902=AXIS2_PLACEMENT_3D('',#16280,#13293,#13294);
#10903=AXIS2_PLACEMENT_3D('',#16283,#13297,#13298);
#10904=AXIS2_PLACEMENT_3D('',#16286,#13301,#13302);
#10905=AXIS2_PLACEMENT_3D('',#16289,#13305,#13306);
#10906=AXIS2_PLACEMENT_3D('',#16292,#13309,#13310);
#10907=AXIS2_PLACEMENT_3D('',#16295,#13313,#13314);
#10908=AXIS2_PLACEMENT_3D('',#16298,#13317,#13318);
#10909=AXIS2_PLACEMENT_3D('',#16300,#13320,#13321);
#10910=AXIS2_PLACEMENT_3D('',#16303,#13324,#13325);
#10911=AXIS2_PLACEMENT_3D('',#16306,#13328,#13329);
#10912=AXIS2_PLACEMENT_3D('',#16309,#13332,#13333);
#10913=AXIS2_PLACEMENT_3D('',#16311,#13335,#13336);
#10914=AXIS2_PLACEMENT_3D('',#16314,#13339,#13340);
#10915=AXIS2_PLACEMENT_3D('',#16317,#13343,#13344);
#10916=AXIS2_PLACEMENT_3D('',#16320,#13347,#13348);
#10917=AXIS2_PLACEMENT_3D('',#16323,#13351,#13352);
#10918=AXIS2_PLACEMENT_3D('',#16326,#13355,#13356);
#10919=AXIS2_PLACEMENT_3D('',#16329,#13359,#13360);
#10920=AXIS2_PLACEMENT_3D('',#16332,#13363,#13364);
#10921=AXIS2_PLACEMENT_3D('',#16335,#13367,#13368);
#10922=AXIS2_PLACEMENT_3D('',#16338,#13371,#13372);
#10923=AXIS2_PLACEMENT_3D('',#16340,#13374,#13375);
#10924=AXIS2_PLACEMENT_3D('',#16342,#13377,#13378);
#10925=AXIS2_PLACEMENT_3D('',#16344,#13380,#13381);
#10926=AXIS2_PLACEMENT_3D('',#16346,#13383,#13384);
#10927=AXIS2_PLACEMENT_3D('',#16349,#13387,#13388);
#10928=AXIS2_PLACEMENT_3D('',#16351,#13390,#13391);
#10929=AXIS2_PLACEMENT_3D('',#16352,#13392,#13393);
#10930=AXIS2_PLACEMENT_3D('',#16353,#13394,#13395);
#10931=AXIS2_PLACEMENT_3D('',#16354,#13396,#13397);
#10932=AXIS2_PLACEMENT_3D('',#16355,#13398,#13399);
#10933=AXIS2_PLACEMENT_3D('',#16356,#13400,#13401);
#10934=AXIS2_PLACEMENT_3D('',#16357,#13402,#13403);
#10935=AXIS2_PLACEMENT_3D('',#16358,#13404,#13405);
#10936=AXIS2_PLACEMENT_3D('',#16359,#13406,#13407);
#10937=AXIS2_PLACEMENT_3D('',#16360,#13408,#13409);
#10938=AXIS2_PLACEMENT_3D('',#16361,#13410,#13411);
#10939=AXIS2_PLACEMENT_3D('',#16362,#13412,#13413);
#10940=AXIS2_PLACEMENT_3D('',#16363,#13414,#13415);
#10941=AXIS2_PLACEMENT_3D('',#16364,#13416,#13417);
#10942=AXIS2_PLACEMENT_3D('',#16365,#13418,#13419);
#10943=AXIS2_PLACEMENT_3D('',#16366,#13420,#13421);
#10944=AXIS2_PLACEMENT_3D('',#16367,#13422,#13423);
#10945=AXIS2_PLACEMENT_3D('',#16368,#13424,#13425);
#10946=AXIS2_PLACEMENT_3D('',#16369,#13426,#13427);
#10947=AXIS2_PLACEMENT_3D('',#16370,#13428,#13429);
#10948=AXIS2_PLACEMENT_3D('',#16371,#13430,#13431);
#10949=AXIS2_PLACEMENT_3D('',#16372,#13432,#13433);
#10950=AXIS2_PLACEMENT_3D('',#16373,#13434,#13435);
#10951=AXIS2_PLACEMENT_3D('',#16374,#13436,#13437);
#10952=AXIS2_PLACEMENT_3D('',#16375,#13438,#13439);
#10953=AXIS2_PLACEMENT_3D('',#16376,#13440,#13441);
#10954=AXIS2_PLACEMENT_3D('',#16377,#13442,#13443);
#10955=AXIS2_PLACEMENT_3D('',#16378,#13444,#13445);
#10956=AXIS2_PLACEMENT_3D('',#16379,#13446,#13447);
#10957=AXIS2_PLACEMENT_3D('',#16380,#13448,#13449);
#10958=AXIS2_PLACEMENT_3D('',#16381,#13450,#13451);
#10959=AXIS2_PLACEMENT_3D('',#16382,#13452,#13453);
#10960=AXIS2_PLACEMENT_3D('',#16383,#13454,#13455);
#10961=AXIS2_PLACEMENT_3D('',#16384,#13456,#13457);
#10962=AXIS2_PLACEMENT_3D('',#16385,#13458,#13459);
#10963=AXIS2_PLACEMENT_3D('',#16386,#13460,#13461);
#10964=AXIS2_PLACEMENT_3D('',#16387,#13462,#13463);
#10965=AXIS2_PLACEMENT_3D('',#16388,#13464,#13465);
#10966=AXIS2_PLACEMENT_3D('',#16389,#13466,#13467);
#10967=AXIS2_PLACEMENT_3D('',#16390,#13468,#13469);
#10968=AXIS2_PLACEMENT_3D('',#16391,#13470,#13471);
#10969=AXIS2_PLACEMENT_3D('',#16392,#13472,#13473);
#10970=AXIS2_PLACEMENT_3D('',#16393,#13474,#13475);
#10971=AXIS2_PLACEMENT_3D('',#16394,#13476,#13477);
#10972=AXIS2_PLACEMENT_3D('',#16395,#13478,#13479);
#10973=AXIS2_PLACEMENT_3D('',#16396,#13480,#13481);
#10974=AXIS2_PLACEMENT_3D('',#16397,#13482,#13483);
#10975=AXIS2_PLACEMENT_3D('',#16398,#13484,#13485);
#10976=AXIS2_PLACEMENT_3D('',#16399,#13486,#13487);
#10977=AXIS2_PLACEMENT_3D('',#16400,#13488,#13489);
#10978=AXIS2_PLACEMENT_3D('',#16401,#13490,#13491);
#10979=AXIS2_PLACEMENT_3D('',#16402,#13492,#13493);
#10980=AXIS2_PLACEMENT_3D('',#16403,#13494,#13495);
#10981=AXIS2_PLACEMENT_3D('',#16404,#13496,#13497);
#10982=AXIS2_PLACEMENT_3D('',#16405,#13498,#13499);
#10983=AXIS2_PLACEMENT_3D('',#16406,#13500,#13501);
#10984=AXIS2_PLACEMENT_3D('',#16407,#13502,#13503);
#10985=AXIS2_PLACEMENT_3D('',#16408,#13504,#13505);
#10986=AXIS2_PLACEMENT_3D('',#16409,#13506,#13507);
#10987=AXIS2_PLACEMENT_3D('',#16410,#13508,#13509);
#10988=AXIS2_PLACEMENT_3D('',#16411,#13510,#13511);
#10989=AXIS2_PLACEMENT_3D('',#16412,#13512,#13513);
#10990=AXIS2_PLACEMENT_3D('',#16413,#13514,#13515);
#10991=AXIS2_PLACEMENT_3D('',#16414,#13516,#13517);
#10992=AXIS2_PLACEMENT_3D('',#16415,#13518,#13519);
#10993=AXIS2_PLACEMENT_3D('',#16416,#13520,#13521);
#10994=AXIS2_PLACEMENT_3D('',#16417,#13522,#13523);
#10995=AXIS2_PLACEMENT_3D('',#16419,#13525,#13526);
#10996=AXIS2_PLACEMENT_3D('',#16420,#13527,#13528);
#10997=AXIS2_PLACEMENT_3D('',#16421,#13529,#13530);
#10998=AXIS2_PLACEMENT_3D('placement',#16422,#13531,#13532);
#10999=AXIS2_PLACEMENT_3D('',#16423,#13533,#13534);
#11000=AXIS2_PLACEMENT_3D('',#16432,#13539,#13540);
#11001=AXIS2_PLACEMENT_3D('',#16438,#13544,#13545);
#11002=AXIS2_PLACEMENT_3D('',#16442,#13548,#13549);
#11003=AXIS2_PLACEMENT_3D('',#16446,#13552,#13553);
#11004=AXIS2_PLACEMENT_3D('',#16448,#13555,#13556);
#11005=AXIS2_PLACEMENT_3D('',#16454,#13560,#13561);
#11006=AXIS2_PLACEMENT_3D('',#16458,#13564,#13565);
#11007=AXIS2_PLACEMENT_3D('',#16466,#13570,#13571);
#11008=AXIS2_PLACEMENT_3D('',#16472,#13575,#13576);
#11009=AXIS2_PLACEMENT_3D('',#16474,#13578,#13579);
#11010=AXIS2_PLACEMENT_3D('',#16476,#13581,#13582);
#11011=AXIS2_PLACEMENT_3D('',#16478,#13584,#13585);
#11012=AXIS2_PLACEMENT_3D('',#16480,#13587,#13588);
#11013=AXIS2_PLACEMENT_3D('',#16481,#13589,#13590);
#11014=AXIS2_PLACEMENT_3D('',#16490,#13595,#13596);
#11015=AXIS2_PLACEMENT_3D('',#16496,#13600,#13601);
#11016=AXIS2_PLACEMENT_3D('',#16500,#13604,#13605);
#11017=AXIS2_PLACEMENT_3D('',#16504,#13608,#13609);
#11018=AXIS2_PLACEMENT_3D('',#16506,#13611,#13612);
#11019=AXIS2_PLACEMENT_3D('',#16512,#13616,#13617);
#11020=AXIS2_PLACEMENT_3D('',#16516,#13620,#13621);
#11021=AXIS2_PLACEMENT_3D('',#16524,#13626,#13627);
#11022=AXIS2_PLACEMENT_3D('',#16530,#13631,#13632);
#11023=AXIS2_PLACEMENT_3D('',#16532,#13634,#13635);
#11024=AXIS2_PLACEMENT_3D('',#16534,#13637,#13638);
#11025=AXIS2_PLACEMENT_3D('',#16536,#13640,#13641);
#11026=AXIS2_PLACEMENT_3D('',#16538,#13643,#13644);
#11027=AXIS2_PLACEMENT_3D('',#16539,#13645,#13646);
#11028=AXIS2_PLACEMENT_3D('',#16548,#13651,#13652);
#11029=AXIS2_PLACEMENT_3D('',#16554,#13656,#13657);
#11030=AXIS2_PLACEMENT_3D('',#16558,#13660,#13661);
#11031=AXIS2_PLACEMENT_3D('',#16562,#13664,#13665);
#11032=AXIS2_PLACEMENT_3D('',#16564,#13667,#13668);
#11033=AXIS2_PLACEMENT_3D('',#16570,#13672,#13673);
#11034=AXIS2_PLACEMENT_3D('',#16574,#13676,#13677);
#11035=AXIS2_PLACEMENT_3D('',#16582,#13682,#13683);
#11036=AXIS2_PLACEMENT_3D('',#16588,#13687,#13688);
#11037=AXIS2_PLACEMENT_3D('',#16590,#13690,#13691);
#11038=AXIS2_PLACEMENT_3D('',#16592,#13693,#13694);
#11039=AXIS2_PLACEMENT_3D('',#16594,#13696,#13697);
#11040=AXIS2_PLACEMENT_3D('',#16596,#13699,#13700);
#11041=AXIS2_PLACEMENT_3D('',#16597,#13701,#13702);
#11042=AXIS2_PLACEMENT_3D('',#16606,#13707,#13708);
#11043=AXIS2_PLACEMENT_3D('',#16612,#13712,#13713);
#11044=AXIS2_PLACEMENT_3D('',#16616,#13716,#13717);
#11045=AXIS2_PLACEMENT_3D('',#16620,#13720,#13721);
#11046=AXIS2_PLACEMENT_3D('',#16622,#13723,#13724);
#11047=AXIS2_PLACEMENT_3D('',#16628,#13728,#13729);
#11048=AXIS2_PLACEMENT_3D('',#16632,#13732,#13733);
#11049=AXIS2_PLACEMENT_3D('',#16640,#13738,#13739);
#11050=AXIS2_PLACEMENT_3D('',#16646,#13743,#13744);
#11051=AXIS2_PLACEMENT_3D('',#16648,#13746,#13747);
#11052=AXIS2_PLACEMENT_3D('',#16650,#13749,#13750);
#11053=AXIS2_PLACEMENT_3D('',#16652,#13752,#13753);
#11054=AXIS2_PLACEMENT_3D('',#16654,#13755,#13756);
#11055=AXIS2_PLACEMENT_3D('',#16655,#13757,#13758);
#11056=AXIS2_PLACEMENT_3D('',#16664,#13763,#13764);
#11057=AXIS2_PLACEMENT_3D('',#16670,#13768,#13769);
#11058=AXIS2_PLACEMENT_3D('',#16674,#13772,#13773);
#11059=AXIS2_PLACEMENT_3D('',#16678,#13776,#13777);
#11060=AXIS2_PLACEMENT_3D('',#16680,#13779,#13780);
#11061=AXIS2_PLACEMENT_3D('',#16686,#13784,#13785);
#11062=AXIS2_PLACEMENT_3D('',#16690,#13788,#13789);
#11063=AXIS2_PLACEMENT_3D('',#16698,#13794,#13795);
#11064=AXIS2_PLACEMENT_3D('',#16704,#13799,#13800);
#11065=AXIS2_PLACEMENT_3D('',#16706,#13802,#13803);
#11066=AXIS2_PLACEMENT_3D('',#16708,#13805,#13806);
#11067=AXIS2_PLACEMENT_3D('',#16710,#13808,#13809);
#11068=AXIS2_PLACEMENT_3D('',#16712,#13811,#13812);
#11069=AXIS2_PLACEMENT_3D('',#16713,#13813,#13814);
#11070=AXIS2_PLACEMENT_3D('',#16722,#13819,#13820);
#11071=AXIS2_PLACEMENT_3D('',#16728,#13824,#13825);
#11072=AXIS2_PLACEMENT_3D('',#16732,#13828,#13829);
#11073=AXIS2_PLACEMENT_3D('',#16736,#13832,#13833);
#11074=AXIS2_PLACEMENT_3D('',#16738,#13835,#13836);
#11075=AXIS2_PLACEMENT_3D('',#16744,#13840,#13841);
#11076=AXIS2_PLACEMENT_3D('',#16748,#13844,#13845);
#11077=AXIS2_PLACEMENT_3D('',#16756,#13850,#13851);
#11078=AXIS2_PLACEMENT_3D('',#16762,#13855,#13856);
#11079=AXIS2_PLACEMENT_3D('',#16764,#13858,#13859);
#11080=AXIS2_PLACEMENT_3D('',#16766,#13861,#13862);
#11081=AXIS2_PLACEMENT_3D('',#16768,#13864,#13865);
#11082=AXIS2_PLACEMENT_3D('',#16770,#13867,#13868);
#11083=AXIS2_PLACEMENT_3D('placement',#16771,#13869,#13870);
#11084=AXIS2_PLACEMENT_3D('',#16832,#13875,#13876);
#11085=AXIS2_PLACEMENT_3D('',#16838,#13880,#13881);
#11086=AXIS2_PLACEMENT_3D('',#16958,#13891,#13892);
#11087=AXIS2_PLACEMENT_3D('',#16964,#13896,#13897);
#11088=AXIS2_PLACEMENT_3D('',#17062,#13905,#13906);
#11089=AXIS2_PLACEMENT_3D('',#17063,#13907,#13908);
#11090=AXIS2_PLACEMENT_3D('',#17076,#13910,#13911);
#11091=AXIS2_PLACEMENT_3D('',#17079,#13913,#13914);
#11092=AXIS2_PLACEMENT_3D('',#17118,#13917,#13918);
#11093=AXIS2_PLACEMENT_3D('',#17124,#13922,#13923);
#11094=AXIS2_PLACEMENT_3D('',#17462,#13944,#13945);
#11095=AXIS2_PLACEMENT_3D('',#17465,#13947,#13948);
#11096=AXIS2_PLACEMENT_3D('',#17542,#13953,#13954);
#11097=AXIS2_PLACEMENT_3D('',#17548,#13958,#13959);
#11098=AXIS2_PLACEMENT_3D('',#17734,#13972,#13973);
#11099=AXIS2_PLACEMENT_3D('',#17737,#13975,#13976);
#11100=AXIS2_PLACEMENT_3D('',#17830,#13981,#13982);
#11101=AXIS2_PLACEMENT_3D('',#17831,#13983,#13984);
#11102=AXIS2_PLACEMENT_3D('',#17892,#13989,#13990);
#11103=AXIS2_PLACEMENT_3D('',#17898,#13994,#13995);
#11104=AXIS2_PLACEMENT_3D('',#17923,#14000,#14001);
#11105=AXIS2_PLACEMENT_3D('',#17929,#14005,#14006);
#11106=AXIS2_PLACEMENT_3D('',#18011,#14014,#14015);
#11107=AXIS2_PLACEMENT_3D('',#18017,#14019,#14020);
#11108=AXIS2_PLACEMENT_3D('',#18023,#14024,#14025);
#11109=AXIS2_PLACEMENT_3D('',#18045,#14029,#14030);
#11110=AXIS2_PLACEMENT_3D('',#18046,#14031,#14032);
#11111=AXIS2_PLACEMENT_3D('',#18047,#14033,#14034);
#11112=AXIS2_PLACEMENT_3D('',#18048,#14035,#14036);
#11113=AXIS2_PLACEMENT_3D('',#18049,#14037,#14038);
#11114=DIRECTION('axis',(0.,0.,1.));
#11115=DIRECTION('refdir',(1.,0.,0.));
#11116=DIRECTION('axis',(0.,0.,1.));
#11117=DIRECTION('refdir',(1.,0.,0.));
#11118=DIRECTION('',(0.,0.,1.));
#11119=DIRECTION('',(0.,0.,1.));
#11120=DIRECTION('',(0.,0.,1.));
#11121=DIRECTION('',(0.,0.,1.));
#11122=DIRECTION('',(0.,0.,1.));
#11123=DIRECTION('',(0.,0.,1.));
#11124=DIRECTION('',(0.,0.,1.));
#11125=DIRECTION('',(0.,0.,1.));
#11126=DIRECTION('',(0.,0.,1.));
#11127=DIRECTION('',(0.,0.,1.));
#11128=DIRECTION('',(0.,0.,1.));
#11129=DIRECTION('',(0.,0.,1.));
#11130=DIRECTION('',(0.,0.,1.));
#11131=DIRECTION('',(0.,0.,1.));
#11132=DIRECTION('center_axis',(1.,0.,0.));
#11133=DIRECTION('ref_axis',(0.,1.,0.));
#11134=DIRECTION('',(0.,-1.,0.));
#11135=DIRECTION('',(0.,1.,0.));
#11136=DIRECTION('',(0.,0.,1.));
#11137=DIRECTION('center_axis',(0.,-1.,0.));
#11138=DIRECTION('ref_axis',(1.,0.,0.));
#11139=DIRECTION('',(-1.,0.,0.));
#11140=DIRECTION('',(1.,0.,0.));
#11141=DIRECTION('',(0.,0.,1.));
#11142=DIRECTION('',(0.,0.,1.));
#11143=DIRECTION('',(0.,0.,1.));
#11144=DIRECTION('',(0.,0.,1.));
#11145=DIRECTION('',(0.,0.,1.));
#11146=DIRECTION('',(0.,0.,1.));
#11147=DIRECTION('center_axis',(0.,0.,1.));
#11148=DIRECTION('ref_axis',(1.,0.,0.));
#11149=DIRECTION('center_axis',(0.,0.,-1.));
#11150=DIRECTION('ref_axis',(-1.,0.,0.));
#11151=DIRECTION('center_axis',(0.,0.,1.));
#11152=DIRECTION('ref_axis',(-0.768482204925682,-0.63987115946303,0.));
#11153=DIRECTION('',(2.34422091348217E-16,-1.,0.));
#11154=DIRECTION('',(1.,0.,0.));
#11155=DIRECTION('',(0.,1.,0.));
#11156=DIRECTION('',(-1.,0.,0.));
#11157=DIRECTION('',(1.04738021191052E-16,-1.,0.));
#11158=DIRECTION('center_axis',(0.,0.,1.));
#11159=DIRECTION('ref_axis',(-0.707106781186548,0.707106781186547,0.));
#11160=DIRECTION('',(-1.,5.8915136919967E-16,0.));
#11161=DIRECTION('center_axis',(0.,0.,1.));
#11162=DIRECTION('ref_axis',(0.707106781186548,0.707106781186547,0.));
#11163=DIRECTION('',(-3.36034484654627E-16,1.,0.));
#11164=DIRECTION('',(-1.,0.,0.));
#11165=DIRECTION('',(1.04738021191052E-16,-1.,0.));
#11166=DIRECTION('center_axis',(0.,0.,1.));
#11167=DIRECTION('ref_axis',(-0.707106781186548,0.707106781186547,0.));
#11168=DIRECTION('',(-1.,5.8915136919967E-16,0.));
#11169=DIRECTION('center_axis',(0.,0.,1.));
#11170=DIRECTION('ref_axis',(0.707106781186548,0.707106781186547,0.));
#11171=DIRECTION('',(-3.36034484654627E-16,1.,0.));
#11172=DIRECTION('',(-1.,0.,0.));
#11173=DIRECTION('',(1.04738021191052E-16,-1.,0.));
#11174=DIRECTION('center_axis',(0.,0.,1.));
#11175=DIRECTION('ref_axis',(-0.707106781186547,0.707106781186548,0.));
#11176=DIRECTION('',(-1.,5.8915136919967E-16,0.));
#11177=DIRECTION('center_axis',(0.,0.,1.));
#11178=DIRECTION('ref_axis',(0.707106781186548,0.707106781186547,0.));
#11179=DIRECTION('',(-3.36034484654627E-16,1.,0.));
#11180=DIRECTION('',(-1.,0.,0.));
#11181=DIRECTION('',(1.04738021191052E-16,-1.,0.));
#11182=DIRECTION('center_axis',(0.,0.,1.));
#11183=DIRECTION('ref_axis',(-0.707106781186548,0.707106781186547,0.));
#11184=DIRECTION('',(-1.,5.8915136919967E-16,0.));
#11185=DIRECTION('center_axis',(0.,0.,1.));
#11186=DIRECTION('ref_axis',(0.707106781186548,0.707106781186547,0.));
#11187=DIRECTION('',(-3.36034484654627E-16,1.,0.));
#11188=DIRECTION('',(-1.,0.,0.));
#11189=DIRECTION('',(1.04738021191052E-16,-1.,0.));
#11190=DIRECTION('center_axis',(0.,0.,1.));
#11191=DIRECTION('ref_axis',(-0.707106781186548,0.707106781186547,0.));
#11192=DIRECTION('',(-1.,5.8915136919967E-16,0.));
#11193=DIRECTION('center_axis',(0.,0.,1.));
#11194=DIRECTION('ref_axis',(0.707106781186548,0.707106781186547,0.));
#11195=DIRECTION('',(-3.36034484654627E-16,1.,0.));
#11196=DIRECTION('',(-1.,0.,0.));
#11197=DIRECTION('',(1.04738021191052E-16,-1.,0.));
#11198=DIRECTION('center_axis',(0.,0.,1.));
#11199=DIRECTION('ref_axis',(-0.707106781186548,0.707106781186547,0.));
#11200=DIRECTION('',(-1.,5.8915136919967E-16,0.));
#11201=DIRECTION('center_axis',(0.,0.,1.));
#11202=DIRECTION('ref_axis',(0.707106781186548,0.707106781186547,0.));
#11203=DIRECTION('',(-3.36034484654627E-16,1.,0.));
#11204=DIRECTION('',(-1.,0.,0.));
#11205=DIRECTION('',(0.,-1.,0.));
#11206=DIRECTION('',(1.,0.,0.));
#11207=DIRECTION('',(-2.34422091348217E-16,1.,0.));
#11208=DIRECTION('center_axis',(0.,0.,1.));
#11209=DIRECTION('ref_axis',(0.768482204925682,-0.63987115946303,0.));
#11210=DIRECTION('center_axis',(0.,0.,-1.));
#11211=DIRECTION('ref_axis',(-1.,0.,0.));
#11212=DIRECTION('center_axis',(0.,0.,1.));
#11213=DIRECTION('ref_axis',(0.768482204925682,0.63987115946303,0.));
#11214=DIRECTION('',(-2.34422091348217E-16,1.,0.));
#11215=DIRECTION('center_axis',(0.,0.,1.));
#11216=DIRECTION('ref_axis',(0.707106781186548,-0.707106781186548,0.));
#11217=DIRECTION('',(1.,2.9909025447876E-16,0.));
#11218=DIRECTION('center_axis',(0.,0.,1.));
#11219=DIRECTION('ref_axis',(-0.707106781186547,-0.707106781186547,0.));
#11220=DIRECTION('',(2.34422091348217E-16,-1.,0.));
#11221=DIRECTION('',(1.,0.,0.));
#11222=DIRECTION('',(-2.34422091348217E-16,1.,0.));
#11223=DIRECTION('center_axis',(0.,0.,1.));
#11224=DIRECTION('ref_axis',(0.707106781186551,-0.707106781186544,0.));
#11225=DIRECTION('',(1.,0.,0.));
#11226=DIRECTION('center_axis',(0.,0.,1.));
#11227=DIRECTION('ref_axis',(-0.707106781186548,-0.707106781186548,0.));
#11228=DIRECTION('',(2.34422091348217E-16,-1.,0.));
#11229=DIRECTION('center_axis',(0.,0.,1.));
#11230=DIRECTION('ref_axis',(-0.768482204925682,0.63987115946303,0.));
#11231=DIRECTION('center_axis',(0.,0.,-1.));
#11232=DIRECTION('ref_axis',(1.,0.,0.));
#11233=DIRECTION('center_axis',(0.,1.,0.));
#11234=DIRECTION('ref_axis',(0.,0.,1.));
#11235=DIRECTION('center_axis',(0.,1.,2.20983882290039E-16));
#11236=DIRECTION('ref_axis',(0.707106781186543,0.,-0.707106781186552));
#11237=DIRECTION('center_axis',(-1.,0.,0.));
#11238=DIRECTION('ref_axis',(0.,0.,1.));
#11239=DIRECTION('center_axis',(0.,-1.,0.));
#11240=DIRECTION('ref_axis',(1.,0.,0.));
#11241=DIRECTION('center_axis',(0.,0.,1.));
#11242=DIRECTION('ref_axis',(0.,1.,0.));
#11243=DIRECTION('center_axis',(0.408248290463867,-0.408248290463859,-0.816496580927726));
#11244=DIRECTION('ref_axis',(0.57735026918963,-0.577350269189621,0.577350269189626));
#11245=DIRECTION('center_axis',(-1.,-1.11022302462515E-14,0.));
#11246=DIRECTION('ref_axis',(0.,0.,1.));
#11247=DIRECTION('center_axis',(0.,1.,-2.77555756156289E-15));
#11248=DIRECTION('ref_axis',(1.,0.,0.));
#11249=DIRECTION('center_axis',(-2.77555756156292E-15,0.,-1.));
#11250=DIRECTION('ref_axis',(0.,-1.,0.));
#11251=DIRECTION('center_axis',(-2.95954517909624E-32,1.,6.99485272571293E-17));
#11252=DIRECTION('ref_axis',(0.707106781186548,0.,0.707106781186548));
#11253=DIRECTION('center_axis',(0.,1.,0.));
#11254=DIRECTION('ref_axis',(0.,0.,1.));
#11255=DIRECTION('',(2.95954517909624E-32,-1.,-6.99485272571293E-17));
#11256=DIRECTION('',(-2.95954517909624E-32,1.,6.99485272571293E-17));
#11257=DIRECTION('center_axis',(-0.816496580927729,-0.40824829046386,-0.40824829046386));
#11258=DIRECTION('ref_axis',(0.577350269189622,-0.577350269189627,-0.577350269189629));
#11259=DIRECTION('center_axis',(0.,0.,1.));
#11260=DIRECTION('ref_axis',(1.,0.,0.));
#11261=DIRECTION('center_axis',(0.,1.,0.));
#11262=DIRECTION('ref_axis',(0.,0.,-1.));
#11263=DIRECTION('center_axis',(-1.,0.,2.22044604925031E-14));
#11264=DIRECTION('ref_axis',(0.,-1.,0.));
#11265=DIRECTION('center_axis',(0.,1.,0.));
#11266=DIRECTION('ref_axis',(0.707106781186548,0.,-0.707106781186548));
#11267=DIRECTION('',(0.,-1.,0.));
#11268=DIRECTION('',(0.,1.,0.));
#11269=DIRECTION('center_axis',(0.,1.,0.));
#11270=DIRECTION('ref_axis',(0.,0.,1.));
#11271=DIRECTION('center_axis',(0.,1.,2.20983882290039E-16));
#11272=DIRECTION('ref_axis',(-0.707106781186546,0.,-0.707106781186549));
#11273=DIRECTION('center_axis',(0.,0.,1.));
#11274=DIRECTION('ref_axis',(1.,0.,0.));
#11275=DIRECTION('center_axis',(0.,-1.,0.));
#11276=DIRECTION('ref_axis',(0.,0.,-1.));
#11277=DIRECTION('center_axis',(1.,0.,0.));
#11278=DIRECTION('ref_axis',(0.,1.,0.));
#11279=DIRECTION('center_axis',(0.,-2.20983882290039E-16,1.));
#11280=DIRECTION('ref_axis',(0.707106781186548,0.707106781186548,0.));
#11281=DIRECTION('center_axis',(0.,0.,-1.));
#11282=DIRECTION('ref_axis',(0.,1.,0.));
#11283=DIRECTION('',(0.,2.20983882290039E-16,-1.));
#11284=DIRECTION('',(0.,-2.20983882290039E-16,1.));
#11285=DIRECTION('center_axis',(0.40824829046386,-0.816496580927728,0.408248290463863));
#11286=DIRECTION('ref_axis',(0.577350269189625,0.577350269189625,0.577350269189627));
#11287=DIRECTION('center_axis',(1.,0.,0.));
#11288=DIRECTION('ref_axis',(0.,0.707106781186549,0.707106781186546));
#11289=DIRECTION('center_axis',(0.,1.,0.));
#11290=DIRECTION('ref_axis',(0.707106781186549,0.,0.707106781186546));
#11291=DIRECTION('center_axis',(-0.408248290463859,-0.408248290463855,-0.816496580927732));
#11292=DIRECTION('ref_axis',(-0.57735026918963,-0.577350269189626,0.577350269189621));
#11293=DIRECTION('center_axis',(-2.77555756156289E-15,1.,0.));
#11294=DIRECTION('ref_axis',(0.,0.,1.));
#11295=DIRECTION('center_axis',(1.,0.,0.));
#11296=DIRECTION('ref_axis',(0.,-1.,0.));
#11297=DIRECTION('center_axis',(0.,0.,-1.));
#11298=DIRECTION('ref_axis',(-1.,0.,0.));
#11299=DIRECTION('center_axis',(1.,0.,0.));
#11300=DIRECTION('ref_axis',(0.,-0.707106781186549,0.707106781186546));
#11301=DIRECTION('',(-1.,0.,0.));
#11302=DIRECTION('',(1.,0.,0.));
#11303=DIRECTION('center_axis',(0.408248290463859,-0.816496580927728,0.408248290463864));
#11304=DIRECTION('ref_axis',(-0.577350269189624,-0.577350269189628,-0.577350269189626));
#11305=DIRECTION('center_axis',(1.,0.,0.));
#11306=DIRECTION('ref_axis',(0.,0.,-1.));
#11307=DIRECTION('center_axis',(0.,1.,0.));
#11308=DIRECTION('ref_axis',(-1.,0.,0.));
#11309=DIRECTION('center_axis',(0.,0.,1.));
#11310=DIRECTION('ref_axis',(0.,-1.,0.));
#11311=DIRECTION('center_axis',(0.,1.,0.));
#11312=DIRECTION('ref_axis',(-0.707106781186548,0.,-0.707106781186548));
#11313=DIRECTION('',(0.,-1.,0.));
#11314=DIRECTION('',(0.,1.,0.));
#11315=DIRECTION('center_axis',(0.,0.,1.));
#11316=DIRECTION('ref_axis',(-0.707106781186548,-0.707106781186548,0.));
#11317=DIRECTION('',(0.,0.,-1.));
#11318=DIRECTION('',(0.,0.,1.));
#11319=DIRECTION('center_axis',(-1.,0.,1.38114926431274E-16));
#11320=DIRECTION('ref_axis',(0.,-0.707106781186548,-0.707106781186548));
#11321=DIRECTION('',(1.,0.,-1.38114926431274E-16));
#11322=DIRECTION('',(-1.,0.,1.38114926431274E-16));
#11323=DIRECTION('center_axis',(0.,1.,6.99485272571293E-17));
#11324=DIRECTION('ref_axis',(-0.707106781186548,0.,0.707106781186548));
#11325=DIRECTION('center_axis',(0.,1.,0.));
#11326=DIRECTION('ref_axis',(-1.,0.,0.));
#11327=DIRECTION('',(0.,-1.,-6.99485272571293E-17));
#11328=DIRECTION('',(0.,1.,6.99485272571293E-17));
#11329=DIRECTION('center_axis',(-1.,-3.05211726449862E-32,1.38114926431274E-16));
#11330=DIRECTION('ref_axis',(0.,0.707106781186548,0.707106781186548));
#11331=DIRECTION('',(1.,3.05211726449862E-32,-1.38114926431274E-16));
#11332=DIRECTION('',(-1.,-3.05211726449862E-32,1.38114926431274E-16));
#11333=DIRECTION('center_axis',(4.23103286823611E-16,0.,-1.));
#11334=DIRECTION('ref_axis',(0.70710678118654,-0.707106781186555,0.));
#11335=DIRECTION('',(-4.23103286823611E-16,0.,1.));
#11336=DIRECTION('',(4.23103286823611E-16,0.,-1.));
#11337=DIRECTION('center_axis',(-0.40824829046386,-0.816496580927728,0.408248290463863));
#11338=DIRECTION('ref_axis',(-0.577350269189625,0.577350269189625,0.577350269189627));
#11339=DIRECTION('center_axis',(0.,0.,1.));
#11340=DIRECTION('ref_axis',(0.,1.,0.));
#11341=DIRECTION('center_axis',(0.,1.,0.));
#11342=DIRECTION('ref_axis',(-0.707106781186549,0.,0.707106781186546));
#11343=DIRECTION('center_axis',(-1.,0.,0.));
#11344=DIRECTION('ref_axis',(0.,0.707106781186549,0.707106781186546));
#11345=DIRECTION('center_axis',(4.23103286823611E-16,2.20983882290039E-16,
-1.));
#11346=DIRECTION('ref_axis',(-0.707106781186548,0.707106781186548,0.));
#11347=DIRECTION('',(4.23103286823611E-16,2.20983882290039E-16,-1.));
#11348=DIRECTION('',(-4.23103286823611E-16,-2.20983882290039E-16,1.));
#11349=DIRECTION('center_axis',(-1.,0.,0.));
#11350=DIRECTION('ref_axis',(0.,0.,1.));
#11351=DIRECTION('',(0.,1.,0.));
#11352=DIRECTION('center_axis',(1.,0.,0.));
#11353=DIRECTION('ref_axis',(0.,-0.707106781186547,-0.707106781186547));
#11354=DIRECTION('',(0.,4.33680868994202E-16,-1.));
#11355=DIRECTION('center_axis',(1.,0.,0.));
#11356=DIRECTION('ref_axis',(0.,-0.707106781186548,0.707106781186547));
#11357=DIRECTION('center_axis',(0.,1.,0.));
#11358=DIRECTION('ref_axis',(0.707106781186548,0.,0.707106781186548));
#11359=DIRECTION('',(0.,-1.,0.));
#11360=DIRECTION('center_axis',(0.,1.,0.));
#11361=DIRECTION('ref_axis',(0.,0.,1.));
#11362=DIRECTION('center_axis',(-1.,0.,0.));
#11363=DIRECTION('ref_axis',(0.,0.707106781186548,0.707106781186548));
#11364=DIRECTION('',(-1.,0.,0.));
#11365=DIRECTION('center_axis',(-1.,0.,0.));
#11366=DIRECTION('ref_axis',(0.,1.,0.));
#11367=DIRECTION('',(1.,0.,0.));
#11368=DIRECTION('center_axis',(0.,-1.,-2.20983882290039E-16));
#11369=DIRECTION('ref_axis',(0.,2.20983882290039E-16,-1.));
#11370=DIRECTION('',(-1.,0.,0.));
#11371=DIRECTION('',(0.,-2.20983882290039E-16,1.));
#11372=DIRECTION('',(1.,0.,0.));
#11373=DIRECTION('',(0.,2.20983882290039E-16,-1.));
#11374=DIRECTION('center_axis',(-1.,0.,0.));
#11375=DIRECTION('ref_axis',(0.,0.707106781186548,0.707106781186548));
#11376=DIRECTION('',(1.,0.,0.));
#11377=DIRECTION('center_axis',(1.,0.,0.));
#11378=DIRECTION('ref_axis',(0.,0.,1.));
#11379=DIRECTION('center_axis',(0.,-1.,0.));
#11380=DIRECTION('ref_axis',(-0.707106781186548,0.,0.707106781186548));
#11381=DIRECTION('',(0.,-1.,0.));
#11382=DIRECTION('center_axis',(0.,1.,0.));
#11383=DIRECTION('ref_axis',(-1.,0.,0.));
#11384=DIRECTION('',(0.,1.,0.));
#11385=DIRECTION('center_axis',(0.,-1.,0.));
#11386=DIRECTION('ref_axis',(0.,0.,-1.));
#11387=DIRECTION('center_axis',(-1.38114926431274E-16,0.,-1.));
#11388=DIRECTION('ref_axis',(-1.,0.,1.38114926431274E-16));
#11389=DIRECTION('center_axis',(-1.,0.,0.));
#11390=DIRECTION('ref_axis',(0.,0.,1.));
#11391=DIRECTION('center_axis',(-1.,6.93889390390723E-16,0.));
#11392=DIRECTION('ref_axis',(0.,0.,1.));
#11393=DIRECTION('center_axis',(0.,-1.,0.));
#11394=DIRECTION('ref_axis',(-1.,0.,0.));
#11395=DIRECTION('center_axis',(1.,1.04738021191052E-16,0.));
#11396=DIRECTION('ref_axis',(0.,-0.707106781186547,0.707106781186548));
#11397=DIRECTION('center_axis',(0.,0.,1.));
#11398=DIRECTION('ref_axis',(0.,1.,0.));
#11399=DIRECTION('center_axis',(1.,0.,0.));
#11400=DIRECTION('ref_axis',(0.,0.,-1.));
#11401=DIRECTION('center_axis',(1.,1.04738021191052E-16,0.));
#11402=DIRECTION('ref_axis',(0.,-0.707106781186547,-0.707106781186548));
#11403=DIRECTION('center_axis',(0.,-1.,0.));
#11404=DIRECTION('ref_axis',(0.,0.,1.));
#11405=DIRECTION('center_axis',(-1.,0.,0.));
#11406=DIRECTION('ref_axis',(0.,-1.,0.));
#11407=DIRECTION('center_axis',(0.,0.,-1.));
#11408=DIRECTION('ref_axis',(-1.,0.,0.));
#11409=DIRECTION('center_axis',(-0.408248290463862,-0.816496580927726,-0.408248290463864));
#11410=DIRECTION('ref_axis',(-0.577350269189625,0.577350269189625,-0.577350269189627));
#11411=DIRECTION('center_axis',(1.,0.,6.93889390390722E-16));
#11412=DIRECTION('ref_axis',(0.,1.,0.));
#11413=DIRECTION('center_axis',(0.,0.,1.));
#11414=DIRECTION('ref_axis',(-1.,0.,0.));
#11415=DIRECTION('center_axis',(-1.38777878078144E-15,-1.,0.));
#11416=DIRECTION('ref_axis',(0.,0.,-1.));
#11417=DIRECTION('center_axis',(1.,0.,0.));
#11418=DIRECTION('ref_axis',(0.,0.,-1.));
#11419=DIRECTION('center_axis',(1.,0.,0.));
#11420=DIRECTION('ref_axis',(0.,-1.,0.));
#11421=DIRECTION('center_axis',(0.,0.,1.));
#11422=DIRECTION('ref_axis',(1.,0.,0.));
#11423=DIRECTION('center_axis',(-1.,-3.36034484654627E-16,0.));
#11424=DIRECTION('ref_axis',(0.,-0.707106781186547,0.707106781186548));
#11425=DIRECTION('center_axis',(0.,-1.,0.));
#11426=DIRECTION('ref_axis',(0.,0.,-1.));
#11427=DIRECTION('center_axis',(-0.408248290463863,-0.816496580927726,-0.408248290463864));
#11428=DIRECTION('ref_axis',(0.577350269189626,-0.577350269189625,0.577350269189627));
#11429=DIRECTION('center_axis',(1.73472347597681E-16,-1.,0.));
#11430=DIRECTION('ref_axis',(0.,0.,1.));
#11431=DIRECTION('center_axis',(1.,0.,0.));
#11432=DIRECTION('ref_axis',(0.,-1.,0.));
#11433=DIRECTION('center_axis',(0.,0.,1.));
#11434=DIRECTION('ref_axis',(1.,1.73472347597681E-16,0.));
#11435=DIRECTION('center_axis',(1.,0.,0.));
#11436=DIRECTION('ref_axis',(0.,0.,-1.));
#11437=DIRECTION('center_axis',(1.,0.,2.77555756156289E-15));
#11438=DIRECTION('ref_axis',(0.,-1.,0.));
#11439=DIRECTION('center_axis',(0.,0.,1.));
#11440=DIRECTION('ref_axis',(1.,0.,0.));
#11441=DIRECTION('center_axis',(-1.,-3.36034484654627E-16,0.));
#11442=DIRECTION('ref_axis',(0.,-0.707106781186547,0.707106781186548));
#11443=DIRECTION('center_axis',(0.,-1.,0.));
#11444=DIRECTION('ref_axis',(0.,0.,-1.));
#11445=DIRECTION('center_axis',(1.,0.,0.));
#11446=DIRECTION('ref_axis',(0.,0.,-1.));
#11447=DIRECTION('center_axis',(1.,1.38777878078145E-15,0.));
#11448=DIRECTION('ref_axis',(0.,0.,-1.));
#11449=DIRECTION('center_axis',(0.,-1.,0.));
#11450=DIRECTION('ref_axis',(1.,0.,0.));
#11451=DIRECTION('center_axis',(-1.,-3.36034484654627E-16,0.));
#11452=DIRECTION('ref_axis',(0.,-0.707106781186547,-0.707106781186548));
#11453=DIRECTION('center_axis',(0.,0.,-1.));
#11454=DIRECTION('ref_axis',(0.,1.,0.));
#11455=DIRECTION('center_axis',(-0.408248290463862,0.408248290463861,-0.816496580927728));
#11456=DIRECTION('ref_axis',(0.577350269189628,-0.577350269189627,-0.577350269189623));
#11457=DIRECTION('center_axis',(5.55111512312578E-15,0.,-1.));
#11458=DIRECTION('ref_axis',(0.,-1.,0.));
#11459=DIRECTION('center_axis',(1.,0.,0.));
#11460=DIRECTION('ref_axis',(0.,0.,-1.));
#11461=DIRECTION('center_axis',(1.73472347597681E-16,-1.,0.));
#11462=DIRECTION('ref_axis',(1.,1.73472347597681E-16,0.));
#11463=DIRECTION('center_axis',(-0.408248290463861,-0.816496580927727,0.408248290463863));
#11464=DIRECTION('ref_axis',(-0.577350269189625,0.577350269189625,0.577350269189627));
#11465=DIRECTION('center_axis',(0.,-1.,-1.38777878078144E-15));
#11466=DIRECTION('ref_axis',(-1.,0.,0.));
#11467=DIRECTION('center_axis',(0.,0.,-1.));
#11468=DIRECTION('ref_axis',(6.93889390390723E-16,1.,0.));
#11469=DIRECTION('center_axis',(1.,0.,0.));
#11470=DIRECTION('ref_axis',(0.,0.,1.));
#11471=DIRECTION('center_axis',(1.,0.,0.));
#11472=DIRECTION('ref_axis',(0.,0.,-1.));
#11473=DIRECTION('center_axis',(1.,0.,0.));
#11474=DIRECTION('ref_axis',(0.,0.,-1.));
#11475=DIRECTION('center_axis',(0.,-1.,0.));
#11476=DIRECTION('ref_axis',(1.,0.,0.));
#11477=DIRECTION('center_axis',(-1.,-3.36034484654627E-16,0.));
#11478=DIRECTION('ref_axis',(-1.96261557335472E-15,-0.707106781186547,-0.707106781186548));
#11479=DIRECTION('center_axis',(0.,0.,-1.));
#11480=DIRECTION('ref_axis',(0.,1.,0.));
#11481=DIRECTION('center_axis',(0.,0.,-1.));
#11482=DIRECTION('ref_axis',(-1.,0.,0.));
#11483=DIRECTION('center_axis',(0.,0.,-1.));
#11484=DIRECTION('ref_axis',(6.93889390390723E-16,1.,0.));
#11485=DIRECTION('center_axis',(1.,0.,0.));
#11486=DIRECTION('ref_axis',(0.,0.,1.));
#11487=DIRECTION('center_axis',(0.,-1.,0.));
#11488=DIRECTION('ref_axis',(1.,0.,0.));
#11489=DIRECTION('center_axis',(0.408248290463862,-0.816496580927727,-0.408248290463862));
#11490=DIRECTION('ref_axis',(0.577350269189625,0.577350269189625,-0.577350269189627));
#11491=DIRECTION('center_axis',(0.,-1.,1.38777878078144E-15));
#11492=DIRECTION('ref_axis',(1.,0.,0.));
#11493=DIRECTION('center_axis',(0.,0.,1.));
#11494=DIRECTION('ref_axis',(0.,1.,0.));
#11495=DIRECTION('center_axis',(-1.,0.,0.));
#11496=DIRECTION('ref_axis',(0.,0.,-1.));
#11497=DIRECTION('center_axis',(-1.,0.,0.));
#11498=DIRECTION('ref_axis',(0.,0.,1.));
#11499=DIRECTION('center_axis',(-1.,0.,0.));
#11500=DIRECTION('ref_axis',(0.,0.,1.));
#11501=DIRECTION('center_axis',(0.,-1.,0.));
#11502=DIRECTION('ref_axis',(-1.,0.,0.));
#11503=DIRECTION('center_axis',(1.,1.04738021191052E-16,0.));
#11504=DIRECTION('ref_axis',(0.,-0.707106781186547,0.707106781186548));
#11505=DIRECTION('center_axis',(0.,0.,1.));
#11506=DIRECTION('ref_axis',(0.,1.,0.));
#11507=DIRECTION('center_axis',(-0.816496580927726,0.408248290463862,-0.408248290463864));
#11508=DIRECTION('ref_axis',(-0.577350269189625,-0.577350269189626,0.577350269189627));
#11509=DIRECTION('center_axis',(-1.,0.,0.));
#11510=DIRECTION('ref_axis',(0.,0.,1.));
#11511=DIRECTION('center_axis',(0.,-1.,-6.93889390390722E-16));
#11512=DIRECTION('ref_axis',(-1.,0.,0.));
#11513=DIRECTION('center_axis',(0.,0.,1.));
#11514=DIRECTION('ref_axis',(0.,-1.,0.));
#11515=DIRECTION('center_axis',(0.408248290463862,-0.816496580927727,-0.408248290463862));
#11516=DIRECTION('ref_axis',(0.577350269189626,0.577350269189625,-0.577350269189627));
#11517=DIRECTION('center_axis',(0.,-1.,1.38777878078144E-15));
#11518=DIRECTION('ref_axis',(1.,0.,0.));
#11519=DIRECTION('center_axis',(0.,0.,1.));
#11520=DIRECTION('ref_axis',(6.93889390390723E-16,1.,0.));
#11521=DIRECTION('center_axis',(-1.,0.,0.));
#11522=DIRECTION('ref_axis',(0.,0.,-1.));
#11523=DIRECTION('center_axis',(0.40824829046386,-0.816496580927728,0.408248290463863));
#11524=DIRECTION('ref_axis',(-0.577350269189626,-0.577350269189622,-0.577350269189629));
#11525=DIRECTION('center_axis',(-1.,0.,0.));
#11526=DIRECTION('ref_axis',(0.,-1.,0.));
#11527=DIRECTION('center_axis',(-1.92592994438723E-30,5.55111512312578E-15,
-1.));
#11528=DIRECTION('ref_axis',(-1.,-3.4694469519536E-16,0.));
#11529=DIRECTION('center_axis',(-6.93889390390724E-16,-1.,0.));
#11530=DIRECTION('ref_axis',(0.,0.,-1.));
#11531=DIRECTION('center_axis',(0.,0.,-1.));
#11532=DIRECTION('ref_axis',(-0.707106781186548,-0.707106781186547,0.));
#11533=DIRECTION('',(0.,0.,1.));
#11534=DIRECTION('',(0.,0.,-1.));
#11535=DIRECTION('center_axis',(1.,0.,0.));
#11536=DIRECTION('ref_axis',(0.,0.,-1.));
#11537=DIRECTION('center_axis',(1.,1.04738021191052E-16,0.));
#11538=DIRECTION('ref_axis',(0.,-0.707106781186547,-0.707106781186548));
#11539=DIRECTION('center_axis',(0.,-1.,0.));
#11540=DIRECTION('ref_axis',(0.,0.,1.));
#11541=DIRECTION('center_axis',(-1.,0.,0.));
#11542=DIRECTION('ref_axis',(0.,-1.,0.));
#11543=DIRECTION('center_axis',(0.,0.,-1.));
#11544=DIRECTION('ref_axis',(-1.,0.,0.));
#11545=DIRECTION('center_axis',(0.408248290463861,-0.816496580927727,0.408248290463862));
#11546=DIRECTION('ref_axis',(0.577350269189626,0.577350269189624,0.577350269189627));
#11547=DIRECTION('center_axis',(-1.,0.,0.));
#11548=DIRECTION('ref_axis',(0.,1.,0.));
#11549=DIRECTION('center_axis',(0.,0.,-1.));
#11550=DIRECTION('ref_axis',(1.,0.,0.));
#11551=DIRECTION('center_axis',(1.38777878078144E-15,-1.,0.));
#11552=DIRECTION('ref_axis',(0.,0.,1.));
#11553=DIRECTION('center_axis',(0.,0.,-1.));
#11554=DIRECTION('ref_axis',(-1.,0.,0.));
#11555=DIRECTION('center_axis',(0.,0.,-1.));
#11556=DIRECTION('ref_axis',(-0.707106781186548,0.707106781186547,0.));
#11557=DIRECTION('center_axis',(1.,0.,0.));
#11558=DIRECTION('ref_axis',(0.,-1.,0.));
#11559=DIRECTION('center_axis',(0.,0.,1.));
#11560=DIRECTION('ref_axis',(-1.,0.,0.));
#11561=DIRECTION('center_axis',(0.,-1.,0.));
#11562=DIRECTION('ref_axis',(0.,0.,-1.));
#11563=DIRECTION('center_axis',(0.408248290463861,-0.816496580927727,0.408248290463862));
#11564=DIRECTION('ref_axis',(0.577350269189625,0.577350269189625,0.577350269189628));
#11565=DIRECTION('center_axis',(-1.,0.,0.));
#11566=DIRECTION('ref_axis',(0.,1.,0.));
#11567=DIRECTION('center_axis',(0.,0.,-1.));
#11568=DIRECTION('ref_axis',(1.,0.,0.));
#11569=DIRECTION('center_axis',(1.38777878078144E-15,-1.,0.));
#11570=DIRECTION('ref_axis',(0.,0.,1.));
#11571=DIRECTION('center_axis',(0.,0.,-1.));
#11572=DIRECTION('ref_axis',(-1.,0.,0.));
#11573=DIRECTION('center_axis',(0.,0.,-1.));
#11574=DIRECTION('ref_axis',(1.,0.,0.));
#11575=DIRECTION('center_axis',(0.,-1.,0.));
#11576=DIRECTION('ref_axis',(0.,0.,1.));
#11577=DIRECTION('center_axis',(-1.,0.,0.));
#11578=DIRECTION('ref_axis',(0.,-1.,0.));
#11579=DIRECTION('center_axis',(-0.408248290463862,-0.816496580927728,-0.408248290463862));
#11580=DIRECTION('ref_axis',(-0.577350269189627,0.577350269189624,-0.577350269189627));
#11581=DIRECTION('center_axis',(1.,0.,0.));
#11582=DIRECTION('ref_axis',(0.,1.,0.));
#11583=DIRECTION('center_axis',(0.,0.,1.));
#11584=DIRECTION('ref_axis',(-1.,0.,0.));
#11585=DIRECTION('center_axis',(-1.38777878078144E-15,-1.,0.));
#11586=DIRECTION('ref_axis',(0.,0.,-1.));
#11587=DIRECTION('center_axis',(0.,0.,-1.));
#11588=DIRECTION('ref_axis',(-1.,0.,0.));
#11589=DIRECTION('center_axis',(0.,0.,-1.));
#11590=DIRECTION('ref_axis',(1.,0.,0.));
#11591=DIRECTION('center_axis',(0.,-1.,0.));
#11592=DIRECTION('ref_axis',(0.,0.,1.));
#11593=DIRECTION('center_axis',(-1.,0.,0.));
#11594=DIRECTION('ref_axis',(0.,-1.,0.));
#11595=DIRECTION('center_axis',(3.36034484654627E-16,-1.,0.));
#11596=DIRECTION('ref_axis',(-0.707106781186547,0.,0.707106781186548));
#11597=DIRECTION('',(3.36034484654627E-16,-1.,0.));
#11598=DIRECTION('center_axis',(0.,0.,-1.));
#11599=DIRECTION('ref_axis',(-1.,0.,0.));
#11600=DIRECTION('center_axis',(0.,0.,-1.));
#11601=DIRECTION('ref_axis',(0.707106781186548,0.707106781186547,0.));
#11602=DIRECTION('center_axis',(0.,-1.,0.));
#11603=DIRECTION('ref_axis',(-1.,0.,0.));
#11604=DIRECTION('center_axis',(0.,0.,1.));
#11605=DIRECTION('ref_axis',(6.93889390390723E-16,1.,0.));
#11606=DIRECTION('center_axis',(-1.,0.,0.));
#11607=DIRECTION('ref_axis',(0.,0.,-1.));
#11608=DIRECTION('center_axis',(-3.36034484654627E-16,1.,0.));
#11609=DIRECTION('ref_axis',(-0.707106781186547,0.,-0.707106781186548));
#11610=DIRECTION('',(3.36034484654627E-16,-1.,0.));
#11611=DIRECTION('',(-3.36034484654627E-16,1.,0.));
#11612=DIRECTION('center_axis',(0.,0.,1.));
#11613=DIRECTION('ref_axis',(0.707106781186548,0.707106781186548,0.));
#11614=DIRECTION('',(0.,0.,-1.));
#11615=DIRECTION('',(0.,0.,1.));
#11616=DIRECTION('center_axis',(-0.408248290463862,-0.816496580927727,0.408248290463862));
#11617=DIRECTION('ref_axis',(-0.577350269189627,0.577350269189623,0.577350269189627));
#11618=DIRECTION('center_axis',(0.,-1.,-1.38777878078144E-15));
#11619=DIRECTION('ref_axis',(-1.,0.,0.));
#11620=DIRECTION('center_axis',(0.,0.,-1.));
#11621=DIRECTION('ref_axis',(0.,1.,0.));
#11622=DIRECTION('center_axis',(1.,0.,0.));
#11623=DIRECTION('ref_axis',(0.,0.,1.));
#11624=DIRECTION('center_axis',(0.,0.,-1.));
#11625=DIRECTION('ref_axis',(-1.,0.,0.));
#11626=DIRECTION('center_axis',(0.,0.,-1.));
#11627=DIRECTION('ref_axis',(0.707106781186548,0.707106781186547,0.));
#11628=DIRECTION('center_axis',(0.,-1.,0.));
#11629=DIRECTION('ref_axis',(-1.,0.,0.));
#11630=DIRECTION('center_axis',(0.,0.,1.));
#11631=DIRECTION('ref_axis',(0.,1.,0.));
#11632=DIRECTION('center_axis',(-1.,0.,0.));
#11633=DIRECTION('ref_axis',(0.,0.,-1.));
#11634=DIRECTION('center_axis',(-0.408248290463865,-0.408248290463862,-0.816496580927725));
#11635=DIRECTION('ref_axis',(-0.577350269189628,-0.577350269189626,0.577350269189624));
#11636=DIRECTION('center_axis',(-1.,0.,0.));
#11637=DIRECTION('ref_axis',(0.,0.,1.));
#11638=DIRECTION('center_axis',(0.,-1.,-6.93889390390722E-16));
#11639=DIRECTION('ref_axis',(-1.,0.,0.));
#11640=DIRECTION('center_axis',(0.,0.,1.));
#11641=DIRECTION('ref_axis',(0.,-1.,0.));
#11642=DIRECTION('center_axis',(3.36034484654627E-16,-1.,0.));
#11643=DIRECTION('ref_axis',(-0.707106781186548,0.,0.707106781186548));
#11644=DIRECTION('',(3.36034484654627E-16,-1.,0.));
#11645=DIRECTION('center_axis',(-1.,0.,0.));
#11646=DIRECTION('ref_axis',(0.,0.,1.));
#11647=DIRECTION('center_axis',(-1.,0.,0.));
#11648=DIRECTION('ref_axis',(0.,0.,1.));
#11649=DIRECTION('center_axis',(0.,-1.,0.));
#11650=DIRECTION('ref_axis',(-1.,0.,0.));
#11651=DIRECTION('center_axis',(1.,1.04738021191052E-16,0.));
#11652=DIRECTION('ref_axis',(0.,-0.707106781186547,0.707106781186548));
#11653=DIRECTION('center_axis',(0.,0.,1.));
#11654=DIRECTION('ref_axis',(0.,1.,0.));
#11655=DIRECTION('center_axis',(0.,0.,-1.));
#11656=DIRECTION('ref_axis',(-1.,0.,0.));
#11657=DIRECTION('center_axis',(0.,0.,-1.));
#11658=DIRECTION('ref_axis',(0.,1.,0.));
#11659=DIRECTION('center_axis',(1.,0.,0.));
#11660=DIRECTION('ref_axis',(0.,0.,1.));
#11661=DIRECTION('center_axis',(0.,-1.,0.));
#11662=DIRECTION('ref_axis',(1.,0.,0.));
#11663=DIRECTION('center_axis',(1.,-5.8915136919967E-16,0.));
#11664=DIRECTION('ref_axis',(0.,-0.707106781186548,0.707106781186548));
#11665=DIRECTION('',(1.,-5.8915136919967E-16,0.));
#11666=DIRECTION('center_axis',(0.,0.,-1.));
#11667=DIRECTION('ref_axis',(-1.,0.,0.));
#11668=DIRECTION('center_axis',(0.,0.,-1.));
#11669=DIRECTION('ref_axis',(-0.707106781186547,0.707106781186548,0.));
#11670=DIRECTION('center_axis',(1.,0.,0.));
#11671=DIRECTION('ref_axis',(0.,-1.,0.));
#11672=DIRECTION('center_axis',(0.,0.,1.));
#11673=DIRECTION('ref_axis',(-1.,0.,0.));
#11674=DIRECTION('center_axis',(0.,-1.,0.));
#11675=DIRECTION('ref_axis',(0.,0.,-1.));
#11676=DIRECTION('center_axis',(-1.,5.8915136919967E-16,0.));
#11677=DIRECTION('ref_axis',(0.,-0.707106781186548,-0.707106781186548));
#11678=DIRECTION('',(1.,-5.8915136919967E-16,0.));
#11679=DIRECTION('',(-1.,5.8915136919967E-16,0.));
#11680=DIRECTION('center_axis',(0.,0.,1.));
#11681=DIRECTION('ref_axis',(-0.707106781186548,0.707106781186548,0.));
#11682=DIRECTION('',(0.,0.,-1.));
#11683=DIRECTION('',(0.,0.,1.));
#11684=DIRECTION('center_axis',(0.408248290463859,-0.816496580927728,0.408248290463864));
#11685=DIRECTION('ref_axis',(-0.577350269189622,-0.577350269189624,-0.577350269189631));
#11686=DIRECTION('center_axis',(-1.,0.,0.));
#11687=DIRECTION('ref_axis',(0.,-1.,0.));
#11688=DIRECTION('center_axis',(-1.92592994438723E-30,5.55111512312578E-15,
-1.));
#11689=DIRECTION('ref_axis',(-1.,-3.46944695195361E-16,0.));
#11690=DIRECTION('center_axis',(-6.93889390390724E-16,-1.,0.));
#11691=DIRECTION('ref_axis',(0.,0.,-1.));
#11692=DIRECTION('center_axis',(0.,0.,-1.));
#11693=DIRECTION('ref_axis',(-0.707106781186547,-0.707106781186548,0.));
#11694=DIRECTION('',(0.,0.,1.));
#11695=DIRECTION('',(0.,0.,-1.));
#11696=DIRECTION('center_axis',(-3.36034484654627E-16,1.,0.));
#11697=DIRECTION('ref_axis',(-0.707106781186548,0.,-0.707106781186548));
#11698=DIRECTION('',(3.36034484654627E-16,-1.,0.));
#11699=DIRECTION('',(-3.36034484654627E-16,1.,0.));
#11700=DIRECTION('center_axis',(1.,0.,0.));
#11701=DIRECTION('ref_axis',(0.,0.,-1.));
#11702=DIRECTION('center_axis',(1.,1.04738021191052E-16,0.));
#11703=DIRECTION('ref_axis',(0.,-0.707106781186547,-0.707106781186548));
#11704=DIRECTION('center_axis',(0.,-1.,0.));
#11705=DIRECTION('ref_axis',(0.,0.,1.));
#11706=DIRECTION('center_axis',(-1.,0.,0.));
#11707=DIRECTION('ref_axis',(0.,-1.,0.));
#11708=DIRECTION('center_axis',(0.,0.,-1.));
#11709=DIRECTION('ref_axis',(-1.,0.,0.));
#11710=DIRECTION('center_axis',(1.,0.,0.));
#11711=DIRECTION('ref_axis',(0.,0.,-1.));
#11712=DIRECTION('center_axis',(1.,0.,0.));
#11713=DIRECTION('ref_axis',(0.,-1.,0.));
#11714=DIRECTION('center_axis',(0.,0.,1.));
#11715=DIRECTION('ref_axis',(1.,0.,0.));
#11716=DIRECTION('center_axis',(-1.,-3.36034484654627E-16,0.));
#11717=DIRECTION('ref_axis',(0.,-0.707106781186547,0.707106781186548));
#11718=DIRECTION('center_axis',(0.,-1.,0.));
#11719=DIRECTION('ref_axis',(0.,0.,-1.));
#11720=DIRECTION('center_axis',(-0.408248290463864,-0.816496580927726,-0.408248290463864));
#11721=DIRECTION('ref_axis',(0.577350269189626,-0.577350269189625,0.577350269189626));
#11722=DIRECTION('center_axis',(1.73472347597681E-16,-1.,0.));
#11723=DIRECTION('ref_axis',(0.,0.,1.));
#11724=DIRECTION('center_axis',(1.,0.,0.));
#11725=DIRECTION('ref_axis',(0.,-1.,0.));
#11726=DIRECTION('center_axis',(0.,0.,1.));
#11727=DIRECTION('ref_axis',(1.,1.73472347597681E-16,0.));
#11728=DIRECTION('center_axis',(-1.,0.,0.));
#11729=DIRECTION('ref_axis',(0.,-0.707106781186547,0.707106781186548));
#11730=DIRECTION('',(1.,0.,0.));
#11731=DIRECTION('center_axis',(-0.408248290463863,-0.816496580927727,-0.408248290463861));
#11732=DIRECTION('ref_axis',(-0.577350269189627,0.577350269189624,-0.577350269189627));
#11733=DIRECTION('center_axis',(1.,0.,0.));
#11734=DIRECTION('ref_axis',(0.,1.,0.));
#11735=DIRECTION('center_axis',(0.,0.,1.));
#11736=DIRECTION('ref_axis',(-1.,0.,0.));
#11737=DIRECTION('center_axis',(-1.38777878078144E-15,-1.,0.));
#11738=DIRECTION('ref_axis',(0.,0.,-1.));
#11739=DIRECTION('center_axis',(0.408248290463864,-0.408248290463859,-0.816496580927727));
#11740=DIRECTION('ref_axis',(0.577350269189632,-0.577350269189623,0.577350269189623));
#11741=DIRECTION('center_axis',(1.73472347597682E-16,-1.,0.));
#11742=DIRECTION('ref_axis',(0.,0.,1.));
#11743=DIRECTION('center_axis',(1.,0.,-1.11022302462516E-14));
#11744=DIRECTION('ref_axis',(0.,-1.,0.));
#11745=DIRECTION('center_axis',(0.,0.,1.));
#11746=DIRECTION('ref_axis',(1.,1.73472347597681E-16,0.));
#11747=DIRECTION('center_axis',(1.,0.,0.));
#11748=DIRECTION('ref_axis',(0.,0.,-1.));
#11749=DIRECTION('center_axis',(1.,0.,0.));
#11750=DIRECTION('ref_axis',(0.,-1.,0.));
#11751=DIRECTION('center_axis',(0.,0.,1.));
#11752=DIRECTION('ref_axis',(1.,0.,0.));
#11753=DIRECTION('center_axis',(-1.,-3.36034484654627E-16,0.));
#11754=DIRECTION('ref_axis',(0.,-0.707106781186547,0.707106781186548));
#11755=DIRECTION('center_axis',(0.,-1.,0.));
#11756=DIRECTION('ref_axis',(0.,0.,-1.));
#11757=DIRECTION('center_axis',(-0.816496580927733,-0.408248290463858,-0.408248290463855));
#11758=DIRECTION('ref_axis',(0.577350269189617,-0.577350269189631,-0.57735026918963));
#11759=DIRECTION('center_axis',(5.55111512312578E-15,0.,-1.));
#11760=DIRECTION('ref_axis',(0.,-1.,0.));
#11761=DIRECTION('center_axis',(1.,-1.11022302462516E-14,0.));
#11762=DIRECTION('ref_axis',(0.,0.,-1.));
#11763=DIRECTION('center_axis',(1.73472347597682E-16,-1.,0.));
#11764=DIRECTION('ref_axis',(1.,1.73472347597682E-16,0.));
#11765=DIRECTION('center_axis',(1.,0.,0.));
#11766=DIRECTION('ref_axis',(0.,0.,-1.));
#11767=DIRECTION('center_axis',(1.,0.,0.));
#11768=DIRECTION('ref_axis',(0.,0.,-1.));
#11769=DIRECTION('center_axis',(0.,-1.,0.));
#11770=DIRECTION('ref_axis',(1.,0.,0.));
#11771=DIRECTION('center_axis',(-1.,-3.36034484654627E-16,0.));
#11772=DIRECTION('ref_axis',(0.,-0.707106781186547,-0.707106781186548));
#11773=DIRECTION('center_axis',(0.,0.,-1.));
#11774=DIRECTION('ref_axis',(0.,1.,0.));
#11775=DIRECTION('center_axis',(-0.408248290463863,0.408248290463861,-0.816496580927727));
#11776=DIRECTION('ref_axis',(0.577350269189627,-0.577350269189627,-0.577350269189623));
#11777=DIRECTION('center_axis',(5.55111512312578E-15,0.,-1.));
#11778=DIRECTION('ref_axis',(0.,-1.,0.));
#11779=DIRECTION('center_axis',(1.,0.,0.));
#11780=DIRECTION('ref_axis',(0.,0.,-1.));
#11781=DIRECTION('center_axis',(1.73472347597681E-16,-1.,0.));
#11782=DIRECTION('ref_axis',(1.,1.73472347597681E-16,0.));
#11783=DIRECTION('center_axis',(-1.,0.,0.));
#11784=DIRECTION('ref_axis',(0.,-0.707106781186547,-0.707106781186548));
#11785=DIRECTION('',(1.,0.,0.));
#11786=DIRECTION('',(-1.,0.,0.));
#11787=DIRECTION('center_axis',(-0.40824829046386,-0.816496580927727,0.408248290463863));
#11788=DIRECTION('ref_axis',(-0.577350269189627,0.577350269189623,0.577350269189627));
#11789=DIRECTION('center_axis',(0.,-1.,-1.38777878078144E-15));
#11790=DIRECTION('ref_axis',(-1.,0.,0.));
#11791=DIRECTION('center_axis',(0.,0.,-1.));
#11792=DIRECTION('ref_axis',(0.,1.,0.));
#11793=DIRECTION('center_axis',(1.,0.,0.));
#11794=DIRECTION('ref_axis',(0.,0.,1.));
#11795=DIRECTION('center_axis',(1.,0.,0.));
#11796=DIRECTION('ref_axis',(0.,0.,-1.));
#11797=DIRECTION('center_axis',(1.,0.,0.));
#11798=DIRECTION('ref_axis',(0.,0.,-1.));
#11799=DIRECTION('center_axis',(0.,-1.,0.));
#11800=DIRECTION('ref_axis',(1.,0.,0.));
#11801=DIRECTION('center_axis',(-1.,-3.36034484654627E-16,0.));
#11802=DIRECTION('ref_axis',(0.,-0.707106781186547,-0.707106781186548));
#11803=DIRECTION('center_axis',(0.,0.,-1.));
#11804=DIRECTION('ref_axis',(0.,1.,0.));
#11805=DIRECTION('center_axis',(0.40824829046386,-0.816496580927727,-0.408248290463863));
#11806=DIRECTION('ref_axis',(0.577350269189624,0.577350269189626,-0.577350269189628));
#11807=DIRECTION('center_axis',(0.,-1.,1.38777878078144E-15));
#11808=DIRECTION('ref_axis',(1.,0.,0.));
#11809=DIRECTION('center_axis',(0.,0.,1.));
#11810=DIRECTION('ref_axis',(0.,1.,0.));
#11811=DIRECTION('center_axis',(-1.,0.,0.));
#11812=DIRECTION('ref_axis',(0.,0.,-1.));
#11813=DIRECTION('center_axis',(0.,0.,-1.));
#11814=DIRECTION('ref_axis',(-1.,0.,0.));
#11815=DIRECTION('center_axis',(0.,0.,-1.));
#11816=DIRECTION('ref_axis',(0.,1.,0.));
#11817=DIRECTION('center_axis',(1.,0.,0.));
#11818=DIRECTION('ref_axis',(0.,0.,1.));
#11819=DIRECTION('center_axis',(0.,-1.,0.));
#11820=DIRECTION('ref_axis',(1.,0.,0.));
#11821=DIRECTION('center_axis',(-1.,0.,0.));
#11822=DIRECTION('ref_axis',(0.,0.,1.));
#11823=DIRECTION('center_axis',(-1.,0.,0.));
#11824=DIRECTION('ref_axis',(0.,0.,1.));
#11825=DIRECTION('center_axis',(0.,-1.,0.));
#11826=DIRECTION('ref_axis',(-1.,0.,0.));
#11827=DIRECTION('center_axis',(1.,1.04738021191052E-16,0.));
#11828=DIRECTION('ref_axis',(0.,-0.707106781186547,0.707106781186548));
#11829=DIRECTION('center_axis',(0.,0.,1.));
#11830=DIRECTION('ref_axis',(0.,1.,0.));
#11831=DIRECTION('center_axis',(-0.816496580927728,0.408248290463862,-0.40824829046386));
#11832=DIRECTION('ref_axis',(-0.577350269189623,-0.577350269189628,0.577350269189627));
#11833=DIRECTION('center_axis',(-1.,0.,0.));
#11834=DIRECTION('ref_axis',(0.,0.,1.));
#11835=DIRECTION('center_axis',(0.,-1.,-6.93889390390722E-16));
#11836=DIRECTION('ref_axis',(-1.,0.,0.));
#11837=DIRECTION('center_axis',(0.,0.,1.));
#11838=DIRECTION('ref_axis',(0.,-1.,0.));
#11839=DIRECTION('center_axis',(0.40824829046386,-0.816496580927727,-0.408248290463863));
#11840=DIRECTION('ref_axis',(0.577350269189627,0.577350269189624,-0.577350269189627));
#11841=DIRECTION('center_axis',(0.,-1.,1.38777878078144E-15));
#11842=DIRECTION('ref_axis',(1.,0.,0.));
#11843=DIRECTION('center_axis',(0.,0.,1.));
#11844=DIRECTION('ref_axis',(0.,1.,0.));
#11845=DIRECTION('center_axis',(-1.,0.,0.));
#11846=DIRECTION('ref_axis',(0.,0.,-1.));
#11847=DIRECTION('center_axis',(0.40824829046386,-0.81649658092773,0.40824829046386));
#11848=DIRECTION('ref_axis',(-0.577350269189627,-0.577350269189623,-0.577350269189627));
#11849=DIRECTION('center_axis',(-1.,0.,0.));
#11850=DIRECTION('ref_axis',(0.,-1.,0.));
#11851=DIRECTION('center_axis',(-1.92592994438723E-30,5.55111512312578E-15,
-1.));
#11852=DIRECTION('ref_axis',(-1.,-3.46944695195361E-16,0.));
#11853=DIRECTION('center_axis',(-6.93889390390722E-16,-1.,0.));
#11854=DIRECTION('ref_axis',(0.,0.,-1.));
#11855=DIRECTION('center_axis',(0.,0.,-1.));
#11856=DIRECTION('ref_axis',(-0.707106781186547,-0.707106781186548,0.));
#11857=DIRECTION('',(0.,0.,1.));
#11858=DIRECTION('',(0.,0.,-1.));
#11859=DIRECTION('center_axis',(0.40824829046386,-0.816496580927728,0.408248290463863));
#11860=DIRECTION('ref_axis',(0.577350269189626,0.577350269189624,0.577350269189627));
#11861=DIRECTION('center_axis',(-1.,0.,0.));
#11862=DIRECTION('ref_axis',(0.,1.,0.));
#11863=DIRECTION('center_axis',(0.,0.,-1.));
#11864=DIRECTION('ref_axis',(1.,0.,0.));
#11865=DIRECTION('center_axis',(1.38777878078144E-15,-1.,0.));
#11866=DIRECTION('ref_axis',(0.,0.,1.));
#11867=DIRECTION('center_axis',(1.,0.,0.));
#11868=DIRECTION('ref_axis',(0.,0.,-1.));
#11869=DIRECTION('center_axis',(1.,1.04738021191052E-16,0.));
#11870=DIRECTION('ref_axis',(0.,-0.707106781186547,-0.707106781186548));
#11871=DIRECTION('center_axis',(0.,-1.,0.));
#11872=DIRECTION('ref_axis',(0.,0.,1.));
#11873=DIRECTION('center_axis',(-1.,0.,0.));
#11874=DIRECTION('ref_axis',(0.,-1.,0.));
#11875=DIRECTION('center_axis',(0.,0.,-1.));
#11876=DIRECTION('ref_axis',(-1.,0.,0.));
#11877=DIRECTION('center_axis',(0.,0.,-1.));
#11878=DIRECTION('ref_axis',(-1.,0.,0.));
#11879=DIRECTION('center_axis',(0.,0.,-1.));
#11880=DIRECTION('ref_axis',(-0.707106781186548,0.707106781186547,0.));
#11881=DIRECTION('center_axis',(1.,0.,0.));
#11882=DIRECTION('ref_axis',(0.,-1.,0.));
#11883=DIRECTION('center_axis',(0.,0.,1.));
#11884=DIRECTION('ref_axis',(-1.,0.,0.));
#11885=DIRECTION('center_axis',(0.,-1.,0.));
#11886=DIRECTION('ref_axis',(0.,0.,-1.));
#11887=DIRECTION('center_axis',(0.40824829046386,-0.816496580927728,0.408248290463863));
#11888=DIRECTION('ref_axis',(0.577350269189623,0.577350269189625,0.577350269189629));
#11889=DIRECTION('center_axis',(-1.,0.,0.));
#11890=DIRECTION('ref_axis',(0.,1.,0.));
#11891=DIRECTION('center_axis',(0.,0.,-1.));
#11892=DIRECTION('ref_axis',(1.,0.,0.));
#11893=DIRECTION('center_axis',(1.38777878078144E-15,-1.,0.));
#11894=DIRECTION('ref_axis',(0.,0.,1.));
#11895=DIRECTION('center_axis',(0.,0.,-1.));
#11896=DIRECTION('ref_axis',(-1.,0.,0.));
#11897=DIRECTION('center_axis',(0.,0.,-1.));
#11898=DIRECTION('ref_axis',(1.,0.,0.));
#11899=DIRECTION('center_axis',(0.,-1.,0.));
#11900=DIRECTION('ref_axis',(0.,0.,1.));
#11901=DIRECTION('center_axis',(-1.,0.,0.));
#11902=DIRECTION('ref_axis',(0.,-1.,0.));
#11903=DIRECTION('center_axis',(-0.40824829046386,-0.816496580927728,-0.408248290463862));
#11904=DIRECTION('ref_axis',(-0.577350269189624,0.577350269189626,-0.577350269189628));
#11905=DIRECTION('center_axis',(1.,0.,0.));
#11906=DIRECTION('ref_axis',(0.,1.,0.));
#11907=DIRECTION('center_axis',(0.,0.,1.));
#11908=DIRECTION('ref_axis',(-1.,0.,0.));
#11909=DIRECTION('center_axis',(-1.38777878078144E-15,-1.,0.));
#11910=DIRECTION('ref_axis',(0.,0.,-1.));
#11911=DIRECTION('center_axis',(0.,0.,-1.));
#11912=DIRECTION('ref_axis',(-1.,0.,0.));
#11913=DIRECTION('center_axis',(0.,0.,-1.));
#11914=DIRECTION('ref_axis',(1.,0.,0.));
#11915=DIRECTION('center_axis',(0.,-1.,0.));
#11916=DIRECTION('ref_axis',(0.,0.,1.));
#11917=DIRECTION('center_axis',(-1.,0.,0.));
#11918=DIRECTION('ref_axis',(0.,-1.,0.));
#11919=DIRECTION('center_axis',(3.36034484654627E-16,-1.,0.));
#11920=DIRECTION('ref_axis',(-0.707106781186548,0.,0.707106781186548));
#11921=DIRECTION('',(3.36034484654627E-16,-1.,0.));
#11922=DIRECTION('center_axis',(0.,0.,-1.));
#11923=DIRECTION('ref_axis',(-1.,0.,0.));
#11924=DIRECTION('center_axis',(0.,0.,-1.));
#11925=DIRECTION('ref_axis',(0.707106781186548,0.707106781186547,0.));
#11926=DIRECTION('center_axis',(0.,-1.,0.));
#11927=DIRECTION('ref_axis',(-1.,0.,0.));
#11928=DIRECTION('center_axis',(0.,0.,1.));
#11929=DIRECTION('ref_axis',(0.,1.,0.));
#11930=DIRECTION('center_axis',(-1.,0.,0.));
#11931=DIRECTION('ref_axis',(0.,0.,-1.));
#11932=DIRECTION('center_axis',(-3.36034484654627E-16,1.,0.));
#11933=DIRECTION('ref_axis',(-0.707106781186548,0.,-0.707106781186548));
#11934=DIRECTION('',(3.36034484654627E-16,-1.,0.));
#11935=DIRECTION('',(-3.36034484654627E-16,1.,0.));
#11936=DIRECTION('center_axis',(0.,0.,1.));
#11937=DIRECTION('ref_axis',(0.707106781186548,0.707106781186548,0.));
#11938=DIRECTION('',(0.,0.,-1.));
#11939=DIRECTION('',(0.,0.,1.));
#11940=DIRECTION('center_axis',(-0.40824829046386,-0.816496580927727,0.408248290463863));
#11941=DIRECTION('ref_axis',(-0.577350269189624,0.577350269189624,0.577350269189629));
#11942=DIRECTION('center_axis',(0.,-1.,-1.38777878078144E-15));
#11943=DIRECTION('ref_axis',(-1.,0.,0.));
#11944=DIRECTION('center_axis',(0.,0.,-1.));
#11945=DIRECTION('ref_axis',(0.,1.,0.));
#11946=DIRECTION('center_axis',(1.,0.,0.));
#11947=DIRECTION('ref_axis',(0.,0.,1.));
#11948=DIRECTION('center_axis',(0.,0.,-1.));
#11949=DIRECTION('ref_axis',(-1.,0.,0.));
#11950=DIRECTION('center_axis',(0.,0.,-1.));
#11951=DIRECTION('ref_axis',(0.707106781186548,0.707106781186547,0.));
#11952=DIRECTION('center_axis',(0.,-1.,0.));
#11953=DIRECTION('ref_axis',(-1.,0.,0.));
#11954=DIRECTION('center_axis',(0.,0.,1.));
#11955=DIRECTION('ref_axis',(0.,1.,0.));
#11956=DIRECTION('center_axis',(-1.,0.,0.));
#11957=DIRECTION('ref_axis',(0.,0.,-1.));
#11958=DIRECTION('center_axis',(-0.816496580927729,0.408248290463861,-0.40824829046386));
#11959=DIRECTION('ref_axis',(-0.577350269189622,-0.577350269189628,0.577350269189627));
#11960=DIRECTION('center_axis',(-1.,-5.55111512312578E-15,0.));
#11961=DIRECTION('ref_axis',(0.,0.,1.));
#11962=DIRECTION('center_axis',(0.,-1.,-6.93889390390722E-16));
#11963=DIRECTION('ref_axis',(-1.,0.,0.));
#11964=DIRECTION('center_axis',(0.,0.,1.));
#11965=DIRECTION('ref_axis',(0.,-1.,0.));
#11966=DIRECTION('center_axis',(3.36034484654627E-16,-1.,0.));
#11967=DIRECTION('ref_axis',(-0.707106781186548,0.,0.707106781186548));
#11968=DIRECTION('',(3.36034484654627E-16,-1.,0.));
#11969=DIRECTION('center_axis',(-1.,0.,0.));
#11970=DIRECTION('ref_axis',(0.,0.,1.));
#11971=DIRECTION('center_axis',(-1.,0.,0.));
#11972=DIRECTION('ref_axis',(0.,0.,1.));
#11973=DIRECTION('center_axis',(0.,-1.,0.));
#11974=DIRECTION('ref_axis',(-1.,0.,0.));
#11975=DIRECTION('center_axis',(1.,1.04738021191052E-16,0.));
#11976=DIRECTION('ref_axis',(0.,-0.707106781186547,0.707106781186548));
#11977=DIRECTION('center_axis',(0.,0.,1.));
#11978=DIRECTION('ref_axis',(0.,1.,0.));
#11979=DIRECTION('center_axis',(0.,0.,1.));
#11980=DIRECTION('ref_axis',(1.,0.,0.));
#11981=DIRECTION('center_axis',(1.,0.,0.));
#11982=DIRECTION('ref_axis',(0.,1.,0.));
#11983=DIRECTION('center_axis',(0.,0.,-1.));
#11984=DIRECTION('ref_axis',(-1.,0.,0.));
#11985=DIRECTION('center_axis',(0.,1.,0.));
#11986=DIRECTION('ref_axis',(0.,0.,1.));
#11987=DIRECTION('center_axis',(0.,0.,-1.));
#11988=DIRECTION('ref_axis',(-1.,0.,0.));
#11989=DIRECTION('center_axis',(0.,0.,-1.));
#11990=DIRECTION('ref_axis',(0.,1.,0.));
#11991=DIRECTION('center_axis',(1.,0.,0.));
#11992=DIRECTION('ref_axis',(0.,0.,1.));
#11993=DIRECTION('center_axis',(0.,-1.,0.));
#11994=DIRECTION('ref_axis',(1.,0.,0.));
#11995=DIRECTION('center_axis',(1.,-5.8915136919967E-16,0.));
#11996=DIRECTION('ref_axis',(0.,-0.707106781186548,0.707106781186548));
#11997=DIRECTION('',(1.,-5.8915136919967E-16,0.));
#11998=DIRECTION('center_axis',(0.,0.,-1.));
#11999=DIRECTION('ref_axis',(-1.,0.,0.));
#12000=DIRECTION('center_axis',(0.,0.,-1.));
#12001=DIRECTION('ref_axis',(-0.707106781186548,0.707106781186547,0.));
#12002=DIRECTION('center_axis',(1.,0.,0.));
#12003=DIRECTION('ref_axis',(0.,-1.,0.));
#12004=DIRECTION('center_axis',(0.,0.,1.));
#12005=DIRECTION('ref_axis',(-1.,0.,0.));
#12006=DIRECTION('center_axis',(0.,-1.,0.));
#12007=DIRECTION('ref_axis',(0.,0.,-1.));
#12008=DIRECTION('center_axis',(-1.,5.8915136919967E-16,0.));
#12009=DIRECTION('ref_axis',(0.,-0.707106781186548,-0.707106781186548));
#12010=DIRECTION('',(1.,-5.8915136919967E-16,0.));
#12011=DIRECTION('',(-1.,5.8915136919967E-16,0.));
#12012=DIRECTION('center_axis',(0.,0.,1.));
#12013=DIRECTION('ref_axis',(-0.707106781186548,0.707106781186548,0.));
#12014=DIRECTION('',(0.,0.,-1.));
#12015=DIRECTION('',(0.,0.,1.));
#12016=DIRECTION('center_axis',(0.40824829046386,-0.81649658092773,0.40824829046386));
#12017=DIRECTION('ref_axis',(-0.57735026918963,-0.577350269189621,-0.577350269189626));
#12018=DIRECTION('center_axis',(-1.,0.,5.55111512312578E-15));
#12019=DIRECTION('ref_axis',(0.,-1.,0.));
#12020=DIRECTION('center_axis',(-1.92592994438723E-30,5.55111512312578E-15,
-1.));
#12021=DIRECTION('ref_axis',(-1.,-3.46944695195361E-16,0.));
#12022=DIRECTION('center_axis',(-6.93889390390722E-16,-1.,0.));
#12023=DIRECTION('ref_axis',(0.,0.,-1.));
#12024=DIRECTION('center_axis',(0.,0.,-1.));
#12025=DIRECTION('ref_axis',(-0.707106781186547,-0.707106781186548,0.));
#12026=DIRECTION('',(0.,0.,1.));
#12027=DIRECTION('',(0.,0.,-1.));
#12028=DIRECTION('center_axis',(-3.36034484654627E-16,1.,0.));
#12029=DIRECTION('ref_axis',(-0.707106781186548,0.,-0.707106781186548));
#12030=DIRECTION('',(3.36034484654627E-16,-1.,0.));
#12031=DIRECTION('',(-3.36034484654627E-16,1.,0.));
#12032=DIRECTION('center_axis',(1.,0.,0.));
#12033=DIRECTION('ref_axis',(0.,0.,-1.));
#12034=DIRECTION('center_axis',(1.,1.04738021191052E-16,0.));
#12035=DIRECTION('ref_axis',(0.,-0.707106781186547,-0.707106781186548));
#12036=DIRECTION('center_axis',(0.,-1.,0.));
#12037=DIRECTION('ref_axis',(0.,0.,1.));
#12038=DIRECTION('center_axis',(-1.,0.,0.));
#12039=DIRECTION('ref_axis',(0.,-1.,0.));
#12040=DIRECTION('center_axis',(0.,0.,-1.));
#12041=DIRECTION('ref_axis',(-1.,0.,0.));
#12042=DIRECTION('center_axis',(1.,0.,0.));
#12043=DIRECTION('ref_axis',(0.,0.,-1.));
#12044=DIRECTION('center_axis',(1.,0.,0.));
#12045=DIRECTION('ref_axis',(0.,-1.,0.));
#12046=DIRECTION('center_axis',(0.,0.,1.));
#12047=DIRECTION('ref_axis',(1.,0.,0.));
#12048=DIRECTION('center_axis',(-1.,-3.36034484654627E-16,0.));
#12049=DIRECTION('ref_axis',(0.,-0.707106781186547,0.707106781186548));
#12050=DIRECTION('center_axis',(0.,-1.,0.));
#12051=DIRECTION('ref_axis',(0.,0.,-1.));
#12052=DIRECTION('center_axis',(-0.40824829046386,-0.816496580927727,-0.408248290463864));
#12053=DIRECTION('ref_axis',(0.577350269189623,-0.577350269189626,0.577350269189628));
#12054=DIRECTION('center_axis',(1.73472347597681E-16,-1.,0.));
#12055=DIRECTION('ref_axis',(0.,0.,1.));
#12056=DIRECTION('center_axis',(1.,0.,0.));
#12057=DIRECTION('ref_axis',(0.,-1.,0.));
#12058=DIRECTION('center_axis',(0.,0.,1.));
#12059=DIRECTION('ref_axis',(1.,1.73472347597681E-16,0.));
#12060=DIRECTION('center_axis',(-1.,0.,0.));
#12061=DIRECTION('ref_axis',(0.,-0.707106781186547,0.707106781186548));
#12062=DIRECTION('',(1.,0.,0.));
#12063=DIRECTION('center_axis',(-0.40824829046386,-0.816496580927728,-0.408248290463862));
#12064=DIRECTION('ref_axis',(-0.577350269189624,0.577350269189626,-0.577350269189628));
#12065=DIRECTION('center_axis',(1.,0.,0.));
#12066=DIRECTION('ref_axis',(0.,1.,0.));
#12067=DIRECTION('center_axis',(0.,0.,1.));
#12068=DIRECTION('ref_axis',(-1.,0.,0.));
#12069=DIRECTION('center_axis',(-1.38777878078144E-15,-1.,0.));
#12070=DIRECTION('ref_axis',(0.,0.,-1.));
#12071=DIRECTION('center_axis',(0.,0.,-1.));
#12072=DIRECTION('ref_axis',(-1.,0.,0.));
#12073=DIRECTION('center_axis',(0.,0.,-1.));
#12074=DIRECTION('ref_axis',(0.768482204925682,0.63987115946303,0.));
#12075=DIRECTION('center_axis',(0.,-1.,0.));
#12076=DIRECTION('ref_axis',(0.,0.,1.));
#12077=DIRECTION('center_axis',(-0.983459198985004,0.181129798574875,0.));
#12078=DIRECTION('ref_axis',(-0.181129798574875,-0.983459198985004,0.));
#12079=DIRECTION('center_axis',(1.,2.9909025447876E-16,0.));
#12080=DIRECTION('ref_axis',(0.,0.707106781186548,0.707106781186548));
#12081=DIRECTION('center_axis',(-1.,0.,0.));
#12082=DIRECTION('ref_axis',(0.,0.,1.));
#12083=DIRECTION('',(-1.,-2.9909025447876E-16,0.));
#12084=DIRECTION('center_axis',(0.,0.,1.));
#12085=DIRECTION('ref_axis',(1.,0.,0.));
#12086=DIRECTION('center_axis',(0.,-1.,0.));
#12087=DIRECTION('ref_axis',(0.,0.,1.));
#12088=DIRECTION('center_axis',(0.,0.,-1.));
#12089=DIRECTION('ref_axis',(0.707106781186548,-0.707106781186548,0.));
#12090=DIRECTION('center_axis',(-2.34422091348217E-16,1.,0.));
#12091=DIRECTION('ref_axis',(-0.707106781186548,0.,0.707106781186548));
#12092=DIRECTION('',(2.34422091348217E-16,-1.,0.));
#12093=DIRECTION('center_axis',(0.,-6.99485272571293E-17,1.));
#12094=DIRECTION('ref_axis',(1.,0.,0.));
#12095=DIRECTION('center_axis',(0.,6.99485272571293E-17,-1.));
#12096=DIRECTION('ref_axis',(0.768482204925682,0.63987115946303,4.47580452387507E-17));
#12097=DIRECTION('center_axis',(0.,-1.,0.));
#12098=DIRECTION('ref_axis',(-1.,0.,0.));
#12099=DIRECTION('center_axis',(0.,-6.99485272571293E-17,1.));
#12100=DIRECTION('ref_axis',(0.768482204925682,0.63987115946303,4.47580452387506E-17));
#12101=DIRECTION('center_axis',(-0.983459198985004,0.181129798574875,0.));
#12102=DIRECTION('ref_axis',(0.,0.,-1.));
#12103=DIRECTION('center_axis',(0.,0.,1.));
#12104=DIRECTION('ref_axis',(1.,0.,0.));
#12105=DIRECTION('center_axis',(5.55111512312578E-15,0.,1.));
#12106=DIRECTION('ref_axis',(0.,-1.,0.));
#12107=DIRECTION('center_axis',(1.,0.,0.));
#12108=DIRECTION('ref_axis',(0.,0.,-1.));
#12109=DIRECTION('center_axis',(0.,6.99485272571293E-17,-1.));
#12110=DIRECTION('ref_axis',(-0.707106781186547,-0.707106781186547,0.));
#12111=DIRECTION('center_axis',(0.,1.,0.));
#12112=DIRECTION('ref_axis',(1.,0.,0.));
#12113=DIRECTION('center_axis',(2.34422091348217E-16,-1.,-6.99485272571293E-17));
#12114=DIRECTION('ref_axis',(-0.707106781186548,0.,-0.707106781186548));
#12115=DIRECTION('center_axis',(0.,1.,0.));
#12116=DIRECTION('ref_axis',(0.,0.,-1.));
#12117=DIRECTION('',(-2.34422091348217E-16,1.,6.99485272571293E-17));
#12118=DIRECTION('',(2.34422091348217E-16,-1.,-6.99485272571293E-17));
#12119=DIRECTION('center_axis',(0.,6.99485272571293E-17,-1.));
#12120=DIRECTION('ref_axis',(-1.,0.,0.));
#12121=DIRECTION('center_axis',(1.,0.,0.));
#12122=DIRECTION('ref_axis',(0.,0.,-1.));
#12123=DIRECTION('center_axis',(0.,-6.99485272571293E-17,1.));
#12124=DIRECTION('ref_axis',(0.707106781186548,-0.707106781186548,-4.33680868994202E-17));
#12125=DIRECTION('center_axis',(0.,6.99485272571293E-17,-1.));
#12126=DIRECTION('ref_axis',(0.707106781186548,-0.707106781186548,-4.94610779575282E-17));
#12127=DIRECTION('center_axis',(-1.,-2.9909025447876E-16,-2.09209228177493E-32));
#12128=DIRECTION('ref_axis',(0.,0.707106781186548,-0.707106781186548));
#12129=DIRECTION('',(1.,2.9909025447876E-16,2.09209228177493E-32));
#12130=DIRECTION('',(-1.,-2.9909025447876E-16,-2.09209228177493E-32));
#12131=DIRECTION('center_axis',(0.408248290463859,-0.816496580927728,0.408248290463864));
#12132=DIRECTION('ref_axis',(0.577350269189624,0.577350269189624,0.577350269189629));
#12133=DIRECTION('center_axis',(1.,1.11022302462516E-14,0.));
#12134=DIRECTION('ref_axis',(0.,0.,1.));
#12135=DIRECTION('center_axis',(0.,1.,0.));
#12136=DIRECTION('ref_axis',(1.,0.,0.));
#12137=DIRECTION('center_axis',(0.,0.,1.));
#12138=DIRECTION('ref_axis',(0.,1.,0.));
#12139=DIRECTION('center_axis',(2.34422091348217E-16,-1.,0.));
#12140=DIRECTION('ref_axis',(0.707106781186548,0.,0.707106781186548));
#12141=DIRECTION('',(-2.34422091348217E-16,1.,0.));
#12142=DIRECTION('center_axis',(-0.40824829046386,-0.816496580927725,-0.408248290463869));
#12143=DIRECTION('ref_axis',(0.577350269189621,-0.577350269189627,0.57735026918963));
#12144=DIRECTION('center_axis',(1.73472347597682E-16,-1.,0.));
#12145=DIRECTION('ref_axis',(0.,0.,1.));
#12146=DIRECTION('center_axis',(1.,0.,0.));
#12147=DIRECTION('ref_axis',(0.,-1.,0.));
#12148=DIRECTION('center_axis',(0.,0.,1.));
#12149=DIRECTION('ref_axis',(1.,1.73472347597682E-16,0.));
#12150=DIRECTION('center_axis',(1.,0.,0.));
#12151=DIRECTION('ref_axis',(0.,0.,-1.));
#12152=DIRECTION('center_axis',(1.,0.,0.));
#12153=DIRECTION('ref_axis',(0.,-1.,0.));
#12154=DIRECTION('center_axis',(0.,0.,1.));
#12155=DIRECTION('ref_axis',(1.,0.,0.));
#12156=DIRECTION('center_axis',(-1.,-3.36034484654627E-16,0.));
#12157=DIRECTION('ref_axis',(0.,-0.707106781186547,0.707106781186548));
#12158=DIRECTION('center_axis',(0.,-1.,0.));
#12159=DIRECTION('ref_axis',(0.,0.,-1.));
#12160=DIRECTION('center_axis',(-0.816496580927729,-0.408248290463861,-0.40824829046386));
#12161=DIRECTION('ref_axis',(0.577350269189622,-0.577350269189629,-0.577350269189626));
#12162=DIRECTION('center_axis',(5.55111512312581E-15,0.,-1.));
#12163=DIRECTION('ref_axis',(0.,-1.,0.));
#12164=DIRECTION('center_axis',(1.,0.,0.));
#12165=DIRECTION('ref_axis',(0.,0.,-1.));
#12166=DIRECTION('center_axis',(1.73472347597682E-16,-1.,0.));
#12167=DIRECTION('ref_axis',(1.,1.73472347597682E-16,0.));
#12168=DIRECTION('center_axis',(1.,0.,0.));
#12169=DIRECTION('ref_axis',(0.,0.,-1.));
#12170=DIRECTION('center_axis',(1.,0.,0.));
#12171=DIRECTION('ref_axis',(0.,0.,-1.));
#12172=DIRECTION('center_axis',(0.,-1.,0.));
#12173=DIRECTION('ref_axis',(1.,0.,0.));
#12174=DIRECTION('center_axis',(-1.,-3.36034484654627E-16,0.));
#12175=DIRECTION('ref_axis',(0.,-0.707106781186547,-0.707106781186548));
#12176=DIRECTION('center_axis',(0.,0.,-1.));
#12177=DIRECTION('ref_axis',(0.,1.,0.));
#12178=DIRECTION('center_axis',(-0.40824829046386,0.408248290463862,-0.816496580927728));
#12179=DIRECTION('ref_axis',(0.57735026918963,-0.577350269189626,-0.577350269189621));
#12180=DIRECTION('center_axis',(5.55111512312578E-15,0.,-1.));
#12181=DIRECTION('ref_axis',(0.,-1.,0.));
#12182=DIRECTION('center_axis',(1.,0.,0.));
#12183=DIRECTION('ref_axis',(0.,0.,-1.));
#12184=DIRECTION('center_axis',(0.,-1.,1.7347234759768E-16));
#12185=DIRECTION('ref_axis',(1.,0.,0.));
#12186=DIRECTION('center_axis',(-1.,0.,0.));
#12187=DIRECTION('ref_axis',(0.,-0.707106781186547,-0.707106781186548));
#12188=DIRECTION('',(1.,0.,0.));
#12189=DIRECTION('',(-1.,0.,0.));
#12190=DIRECTION('center_axis',(1.,0.,0.));
#12191=DIRECTION('ref_axis',(0.,0.,-1.));
#12192=DIRECTION('center_axis',(1.,0.,0.));
#12193=DIRECTION('ref_axis',(0.,0.,-1.));
#12194=DIRECTION('center_axis',(0.,-1.,0.));
#12195=DIRECTION('ref_axis',(1.,0.,0.));
#12196=DIRECTION('center_axis',(-1.,-3.36034484654627E-16,0.));
#12197=DIRECTION('ref_axis',(0.,-0.707106781186547,-0.707106781186548));
#12198=DIRECTION('center_axis',(0.,0.,-1.));
#12199=DIRECTION('ref_axis',(0.,1.,0.));
#12200=DIRECTION('center_axis',(-0.40824829046386,-0.816496580927727,0.408248290463863));
#12201=DIRECTION('ref_axis',(-0.577350269189624,0.577350269189624,0.577350269189629));
#12202=DIRECTION('center_axis',(0.,-1.,-1.38777878078144E-15));
#12203=DIRECTION('ref_axis',(-1.,0.,0.));
#12204=DIRECTION('center_axis',(0.,0.,-1.));
#12205=DIRECTION('ref_axis',(0.,1.,0.));
#12206=DIRECTION('center_axis',(1.,0.,0.));
#12207=DIRECTION('ref_axis',(0.,0.,1.));
#12208=DIRECTION('center_axis',(-0.408248290463868,-0.408248290463855,-0.816496580927728));
#12209=DIRECTION('ref_axis',(0.577350269189633,0.577350269189621,-0.577350269189624));
#12210=DIRECTION('center_axis',(0.,-1.,1.38777878078144E-15));
#12211=DIRECTION('ref_axis',(1.,0.,0.));
#12212=DIRECTION('center_axis',(0.,0.,1.));
#12213=DIRECTION('ref_axis',(0.,1.,0.));
#12214=DIRECTION('center_axis',(-1.,-1.11022302462516E-14,0.));
#12215=DIRECTION('ref_axis',(0.,0.,-1.));
#12216=DIRECTION('center_axis',(0.,0.,-1.));
#12217=DIRECTION('ref_axis',(-1.,0.,0.));
#12218=DIRECTION('center_axis',(0.,0.,-1.));
#12219=DIRECTION('ref_axis',(0.,1.,0.));
#12220=DIRECTION('center_axis',(1.,0.,0.));
#12221=DIRECTION('ref_axis',(0.,0.,1.));
#12222=DIRECTION('center_axis',(0.,-1.,0.));
#12223=DIRECTION('ref_axis',(1.,0.,0.));
#12224=DIRECTION('center_axis',(0.,0.,-1.));
#12225=DIRECTION('ref_axis',(-1.,0.,0.));
#12226=DIRECTION('center_axis',(0.,1.,0.));
#12227=DIRECTION('ref_axis',(-1.,0.,0.));
#12228=DIRECTION('center_axis',(0.,0.,-1.));
#12229=DIRECTION('ref_axis',(0.768482204925682,-0.63987115946303,0.));
#12230=DIRECTION('center_axis',(-0.983459198985004,-0.181129798574875,0.));
#12231=DIRECTION('ref_axis',(0.,0.,1.));
#12232=DIRECTION('center_axis',(0.,-6.99485272571293E-17,1.));
#12233=DIRECTION('ref_axis',(1.,0.,0.));
#12234=DIRECTION('center_axis',(0.,-6.99485272571293E-17,1.));
#12235=DIRECTION('ref_axis',(0.768482204925682,-0.63987115946303,-4.47580452387508E-17));
#12236=DIRECTION('center_axis',(0.,1.,0.));
#12237=DIRECTION('ref_axis',(0.,0.,-1.));
#12238=DIRECTION('center_axis',(0.,6.99485272571293E-17,-1.));
#12239=DIRECTION('ref_axis',(0.768482204925682,-0.63987115946303,-4.47580452387507E-17));
#12240=DIRECTION('center_axis',(-0.983459198985004,-0.181129798574875,0.));
#12241=DIRECTION('ref_axis',(-0.181129798574875,0.983459198985004,0.));
#12242=DIRECTION('center_axis',(0.408248290463859,-0.816496580927728,-0.408248290463864));
#12243=DIRECTION('ref_axis',(0.577350269189624,0.577350269189624,-0.577350269189629));
#12244=DIRECTION('center_axis',(1.,0.,0.));
#12245=DIRECTION('ref_axis',(0.,1.,0.));
#12246=DIRECTION('center_axis',(0.,-2.77555756156289E-15,-1.));
#12247=DIRECTION('ref_axis',(1.,0.,0.));
#12248=DIRECTION('center_axis',(0.,1.,0.));
#12249=DIRECTION('ref_axis',(0.,0.,-1.));
#12250=DIRECTION('center_axis',(0.,0.,1.));
#12251=DIRECTION('ref_axis',(0.707106781186548,0.707106781186548,0.));
#12252=DIRECTION('',(0.,0.,-1.));
#12253=DIRECTION('',(0.,0.,1.));
#12254=DIRECTION('center_axis',(-2.34422091348217E-16,1.,6.99485272571293E-17));
#12255=DIRECTION('ref_axis',(0.707106781186548,0.,-0.707106781186548));
#12256=DIRECTION('',(2.34422091348217E-16,-1.,-6.99485272571293E-17));
#12257=DIRECTION('',(-2.34422091348217E-16,1.,6.99485272571293E-17));
#12258=DIRECTION('center_axis',(-0.408248290463867,0.408248290463859,-0.816496580927726));
#12259=DIRECTION('ref_axis',(-0.577350269189632,0.577350269189623,0.577350269189623));
#12260=DIRECTION('center_axis',(0.,1.,0.));
#12261=DIRECTION('ref_axis',(0.,0.,1.));
#12262=DIRECTION('center_axis',(-1.,0.,0.));
#12263=DIRECTION('ref_axis',(0.,1.,0.));
#12264=DIRECTION('center_axis',(0.,0.,1.));
#12265=DIRECTION('ref_axis',(-1.,0.,0.));
#12266=DIRECTION('center_axis',(-1.,0.,0.));
#12267=DIRECTION('ref_axis',(0.,0.707106781186548,0.707106781186548));
#12268=DIRECTION('',(-1.,0.,0.));
#12269=DIRECTION('center_axis',(-0.816496580927726,0.408248290463863,-0.408248290463863));
#12270=DIRECTION('ref_axis',(-0.577350269189623,-0.577350269189627,0.577350269189627));
#12271=DIRECTION('center_axis',(-1.,0.,0.));
#12272=DIRECTION('ref_axis',(0.,0.,1.));
#12273=DIRECTION('center_axis',(0.,-1.,-6.93889390390722E-16));
#12274=DIRECTION('ref_axis',(-1.,0.,0.));
#12275=DIRECTION('center_axis',(0.,0.,1.));
#12276=DIRECTION('ref_axis',(0.,-1.,0.));
#12277=DIRECTION('center_axis',(-0.408248290463868,-0.408248290463855,-0.816496580927728));
#12278=DIRECTION('ref_axis',(0.577350269189633,0.577350269189621,-0.577350269189624));
#12279=DIRECTION('center_axis',(0.,-1.,1.38777878078144E-15));
#12280=DIRECTION('ref_axis',(1.,0.,0.));
#12281=DIRECTION('center_axis',(0.,0.,1.));
#12282=DIRECTION('ref_axis',(0.,1.,0.));
#12283=DIRECTION('center_axis',(-1.,-1.11022302462516E-14,0.));
#12284=DIRECTION('ref_axis',(0.,0.,-1.));
#12285=DIRECTION('center_axis',(-1.,0.,0.));
#12286=DIRECTION('ref_axis',(0.,0.,1.));
#12287=DIRECTION('center_axis',(-1.,0.,0.));
#12288=DIRECTION('ref_axis',(0.,0.,1.));
#12289=DIRECTION('center_axis',(0.,-1.,0.));
#12290=DIRECTION('ref_axis',(-1.,0.,0.));
#12291=DIRECTION('center_axis',(1.,1.04738021191052E-16,0.));
#12292=DIRECTION('ref_axis',(0.,-0.707106781186547,0.707106781186548));
#12293=DIRECTION('center_axis',(0.,0.,1.));
#12294=DIRECTION('ref_axis',(0.,1.,0.));
#12295=DIRECTION('center_axis',(0.408248290463859,-0.816496580927728,0.408248290463864));
#12296=DIRECTION('ref_axis',(-0.577350269189622,-0.577350269189624,-0.577350269189631));
#12297=DIRECTION('center_axis',(-1.,0.,0.));
#12298=DIRECTION('ref_axis',(0.,-1.,0.));
#12299=DIRECTION('center_axis',(-1.92592994438723E-30,5.55111512312578E-15,
-1.));
#12300=DIRECTION('ref_axis',(-1.,-3.46944695195361E-16,0.));
#12301=DIRECTION('center_axis',(-6.93889390390722E-16,-1.,0.));
#12302=DIRECTION('ref_axis',(0.,0.,-1.));
#12303=DIRECTION('center_axis',(0.,0.,-1.));
#12304=DIRECTION('ref_axis',(-0.707106781186547,-0.707106781186548,0.));
#12305=DIRECTION('',(0.,0.,1.));
#12306=DIRECTION('',(0.,0.,-1.));
#12307=DIRECTION('center_axis',(1.,0.,0.));
#12308=DIRECTION('ref_axis',(0.,0.,-1.));
#12309=DIRECTION('center_axis',(1.,1.04738021191052E-16,0.));
#12310=DIRECTION('ref_axis',(0.,-0.707106781186547,-0.707106781186548));
#12311=DIRECTION('center_axis',(0.,-1.,0.));
#12312=DIRECTION('ref_axis',(0.,0.,1.));
#12313=DIRECTION('center_axis',(-1.,0.,0.));
#12314=DIRECTION('ref_axis',(0.,-1.,0.));
#12315=DIRECTION('center_axis',(0.,0.,-1.));
#12316=DIRECTION('ref_axis',(-1.,0.,0.));
#12317=DIRECTION('center_axis',(0.40824829046386,-0.816496580927728,0.408248290463863));
#12318=DIRECTION('ref_axis',(0.577350269189624,0.577350269189626,0.577350269189628));
#12319=DIRECTION('center_axis',(-1.,0.,0.));
#12320=DIRECTION('ref_axis',(0.,1.,0.));
#12321=DIRECTION('center_axis',(0.,0.,-1.));
#12322=DIRECTION('ref_axis',(1.,0.,0.));
#12323=DIRECTION('center_axis',(1.38777878078144E-15,-1.,0.));
#12324=DIRECTION('ref_axis',(0.,0.,1.));
#12325=DIRECTION('center_axis',(0.,0.,-1.));
#12326=DIRECTION('ref_axis',(-1.,0.,0.));
#12327=DIRECTION('center_axis',(0.,0.,-1.));
#12328=DIRECTION('ref_axis',(-0.707106781186548,0.707106781186547,0.));
#12329=DIRECTION('center_axis',(1.,0.,0.));
#12330=DIRECTION('ref_axis',(0.,-1.,0.));
#12331=DIRECTION('center_axis',(0.,0.,1.));
#12332=DIRECTION('ref_axis',(-1.,0.,0.));
#12333=DIRECTION('center_axis',(0.,-1.,0.));
#12334=DIRECTION('ref_axis',(0.,0.,-1.));
#12335=DIRECTION('center_axis',(0.40824829046386,-0.816496580927728,0.408248290463863));
#12336=DIRECTION('ref_axis',(0.577350269189623,0.577350269189625,0.577350269189629));
#12337=DIRECTION('center_axis',(-1.,0.,0.));
#12338=DIRECTION('ref_axis',(0.,1.,0.));
#12339=DIRECTION('center_axis',(0.,0.,-1.));
#12340=DIRECTION('ref_axis',(1.,0.,0.));
#12341=DIRECTION('center_axis',(1.38777878078144E-15,-1.,0.));
#12342=DIRECTION('ref_axis',(0.,0.,1.));
#12343=DIRECTION('center_axis',(0.,0.,-1.));
#12344=DIRECTION('ref_axis',(-1.,0.,0.));
#12345=DIRECTION('center_axis',(0.,0.,-1.));
#12346=DIRECTION('ref_axis',(1.,0.,0.));
#12347=DIRECTION('center_axis',(0.,-1.,0.));
#12348=DIRECTION('ref_axis',(0.,0.,1.));
#12349=DIRECTION('center_axis',(-1.,0.,0.));
#12350=DIRECTION('ref_axis',(0.,-1.,0.));
#12351=DIRECTION('center_axis',(-0.40824829046386,-0.816496580927729,0.40824829046386));
#12352=DIRECTION('ref_axis',(-0.57735026918963,0.577350269189621,0.577350269189626));
#12353=DIRECTION('center_axis',(-1.11022302462516E-14,1.,0.));
#12354=DIRECTION('ref_axis',(0.,0.,1.));
#12355=DIRECTION('center_axis',(-1.,0.,0.));
#12356=DIRECTION('ref_axis',(0.,1.,0.));
#12357=DIRECTION('center_axis',(0.,0.,1.));
#12358=DIRECTION('ref_axis',(-1.,0.,0.));
#12359=DIRECTION('center_axis',(-0.81649658092773,-0.408248290463861,0.408248290463856));
#12360=DIRECTION('ref_axis',(-0.577350269189623,0.577350269189632,-0.577350269189623));
#12361=DIRECTION('center_axis',(-1.,0.,0.));
#12362=DIRECTION('ref_axis',(0.,0.,-1.));
#12363=DIRECTION('center_axis',(0.,1.,1.11022302462515E-14));
#12364=DIRECTION('ref_axis',(-1.,0.,0.));
#12365=DIRECTION('center_axis',(-2.77555756156289E-15,0.,-1.));
#12366=DIRECTION('ref_axis',(0.,1.,0.));
#12367=DIRECTION('center_axis',(2.34422091348217E-16,-1.,-6.99485272571293E-17));
#12368=DIRECTION('ref_axis',(-0.707106781186548,0.,-0.707106781186548));
#12369=DIRECTION('',(-2.34422091348217E-16,1.,6.99485272571293E-17));
#12370=DIRECTION('',(2.34422091348217E-16,-1.,-6.99485272571293E-17));
#12371=DIRECTION('center_axis',(0.,0.,1.));
#12372=DIRECTION('ref_axis',(-0.70710678118654,0.707106781186555,0.));
#12373=DIRECTION('',(0.,0.,-1.));
#12374=DIRECTION('',(0.,0.,1.));
#12375=DIRECTION('center_axis',(0.408248290463867,-0.40824829046385,-0.81649658092773));
#12376=DIRECTION('ref_axis',(-0.577350269189632,0.577350269189623,-0.577350269189623));
#12377=DIRECTION('center_axis',(-2.77555756156289E-15,0.,-1.));
#12378=DIRECTION('ref_axis',(0.,1.,0.));
#12379=DIRECTION('center_axis',(-1.,0.,0.));
#12380=DIRECTION('ref_axis',(0.,0.,-1.));
#12381=DIRECTION('center_axis',(0.,1.,0.));
#12382=DIRECTION('ref_axis',(-1.,0.,0.));
#12383=DIRECTION('center_axis',(-1.,0.,0.));
#12384=DIRECTION('ref_axis',(0.,0.707106781186548,-0.707106781186548));
#12385=DIRECTION('',(1.,0.,0.));
#12386=DIRECTION('',(-1.,0.,0.));
#12387=DIRECTION('center_axis',(0.,0.,1.));
#12388=DIRECTION('ref_axis',(1.,0.,0.));
#12389=DIRECTION('center_axis',(0.,1.,0.));
#12390=DIRECTION('ref_axis',(-1.,0.,0.));
#12391=DIRECTION('center_axis',(0.,0.,-1.));
#12392=DIRECTION('ref_axis',(0.,-1.,0.));
#12393=DIRECTION('center_axis',(-1.,0.,0.));
#12394=DIRECTION('ref_axis',(0.,0.,1.));
#12395=DIRECTION('center_axis',(-2.34422091348217E-16,1.,0.));
#12396=DIRECTION('ref_axis',(-0.707106781186555,0.,0.70710678118654));
#12397=DIRECTION('',(2.34422091348217E-16,-1.,0.));
#12398=DIRECTION('center_axis',(0.,0.,-1.));
#12399=DIRECTION('ref_axis',(-1.,0.,0.));
#12400=DIRECTION('center_axis',(0.,0.,-1.));
#12401=DIRECTION('ref_axis',(1.,0.,0.));
#12402=DIRECTION('center_axis',(0.,-1.,0.));
#12403=DIRECTION('ref_axis',(0.,0.,1.));
#12404=DIRECTION('center_axis',(-1.,0.,0.));
#12405=DIRECTION('ref_axis',(0.,-1.,0.));
#12406=DIRECTION('center_axis',(3.36034484654627E-16,-1.,0.));
#12407=DIRECTION('ref_axis',(-0.707106781186548,0.,0.707106781186548));
#12408=DIRECTION('',(3.36034484654627E-16,-1.,0.));
#12409=DIRECTION('center_axis',(-0.40824829046386,-0.816496580927728,-0.408248290463862));
#12410=DIRECTION('ref_axis',(-0.577350269189624,0.577350269189626,-0.577350269189628));
#12411=DIRECTION('center_axis',(1.,0.,0.));
#12412=DIRECTION('ref_axis',(0.,1.,0.));
#12413=DIRECTION('center_axis',(0.,0.,1.));
#12414=DIRECTION('ref_axis',(-1.,0.,0.));
#12415=DIRECTION('center_axis',(-1.38777878078144E-15,-1.,0.));
#12416=DIRECTION('ref_axis',(0.,0.,-1.));
#12417=DIRECTION('center_axis',(0.,0.,-1.));
#12418=DIRECTION('ref_axis',(-1.,0.,0.));
#12419=DIRECTION('center_axis',(0.,0.,-1.));
#12420=DIRECTION('ref_axis',(0.707106781186548,0.707106781186547,0.));
#12421=DIRECTION('center_axis',(0.,-1.,0.));
#12422=DIRECTION('ref_axis',(-1.,0.,0.));
#12423=DIRECTION('center_axis',(0.,0.,1.));
#12424=DIRECTION('ref_axis',(0.,1.,0.));
#12425=DIRECTION('center_axis',(-1.,0.,0.));
#12426=DIRECTION('ref_axis',(0.,0.,-1.));
#12427=DIRECTION('center_axis',(-3.36034484654627E-16,1.,0.));
#12428=DIRECTION('ref_axis',(-0.707106781186548,0.,-0.707106781186548));
#12429=DIRECTION('',(3.36034484654627E-16,-1.,0.));
#12430=DIRECTION('',(-3.36034484654627E-16,1.,0.));
#12431=DIRECTION('center_axis',(0.,0.,1.));
#12432=DIRECTION('ref_axis',(0.707106781186548,0.707106781186548,0.));
#12433=DIRECTION('',(0.,0.,-1.));
#12434=DIRECTION('',(0.,0.,1.));
#12435=DIRECTION('center_axis',(-0.40824829046386,-0.816496580927727,0.408248290463863));
#12436=DIRECTION('ref_axis',(-0.577350269189624,0.577350269189624,0.577350269189629));
#12437=DIRECTION('center_axis',(0.,-1.,-1.38777878078144E-15));
#12438=DIRECTION('ref_axis',(-1.,0.,0.));
#12439=DIRECTION('center_axis',(0.,0.,-1.));
#12440=DIRECTION('ref_axis',(0.,1.,0.));
#12441=DIRECTION('center_axis',(1.,0.,0.));
#12442=DIRECTION('ref_axis',(0.,0.,1.));
#12443=DIRECTION('center_axis',(0.,0.,-1.));
#12444=DIRECTION('ref_axis',(-1.,0.,0.));
#12445=DIRECTION('center_axis',(0.,0.,-1.));
#12446=DIRECTION('ref_axis',(0.707106781186548,0.707106781186547,0.));
#12447=DIRECTION('center_axis',(0.,-1.,0.));
#12448=DIRECTION('ref_axis',(-1.,0.,0.));
#12449=DIRECTION('center_axis',(0.,0.,1.));
#12450=DIRECTION('ref_axis',(0.,1.,0.));
#12451=DIRECTION('center_axis',(-1.,0.,0.));
#12452=DIRECTION('ref_axis',(0.,0.,-1.));
#12453=DIRECTION('center_axis',(-0.816496580927726,0.408248290463863,-0.408248290463863));
#12454=DIRECTION('ref_axis',(-0.577350269189623,-0.577350269189627,0.577350269189627));
#12455=DIRECTION('center_axis',(-1.,0.,0.));
#12456=DIRECTION('ref_axis',(0.,0.,1.));
#12457=DIRECTION('center_axis',(0.,-1.,-6.93889390390722E-16));
#12458=DIRECTION('ref_axis',(-1.,0.,0.));
#12459=DIRECTION('center_axis',(0.,0.,1.));
#12460=DIRECTION('ref_axis',(0.,-1.,0.));
#12461=DIRECTION('center_axis',(3.36034484654627E-16,-1.,0.));
#12462=DIRECTION('ref_axis',(-0.707106781186548,0.,0.707106781186548));
#12463=DIRECTION('',(3.36034484654627E-16,-1.,0.));
#12464=DIRECTION('center_axis',(0.408248290463859,-0.816496580927728,0.408248290463864));
#12465=DIRECTION('ref_axis',(0.577350269189624,0.577350269189624,0.577350269189629));
#12466=DIRECTION('center_axis',(0.,0.,1.));
#12467=DIRECTION('ref_axis',(0.,1.,0.));
#12468=DIRECTION('center_axis',(1.,0.,0.));
#12469=DIRECTION('ref_axis',(0.,0.,1.));
#12470=DIRECTION('center_axis',(0.,1.,0.));
#12471=DIRECTION('ref_axis',(1.,0.,0.));
#12472=DIRECTION('center_axis',(-1.,0.,0.));
#12473=DIRECTION('ref_axis',(0.,0.707106781186548,0.707106781186548));
#12474=DIRECTION('',(-1.,0.,0.));
#12475=DIRECTION('center_axis',(0.408248290463859,-0.816496580927728,-0.408248290463864));
#12476=DIRECTION('ref_axis',(0.577350269189624,0.577350269189624,-0.577350269189629));
#12477=DIRECTION('center_axis',(0.,0.,-1.));
#12478=DIRECTION('ref_axis',(1.,0.,0.));
#12479=DIRECTION('center_axis',(0.,1.,0.));
#12480=DIRECTION('ref_axis',(0.,0.,-1.));
#12481=DIRECTION('center_axis',(1.,0.,0.));
#12482=DIRECTION('ref_axis',(0.,1.,0.));
#12483=DIRECTION('center_axis',(1.,0.,0.));
#12484=DIRECTION('ref_axis',(0.,0.,-1.));
#12485=DIRECTION('center_axis',(0.,0.,1.));
#12486=DIRECTION('ref_axis',(0.,1.,0.));
#12487=DIRECTION('center_axis',(1.,0.,0.));
#12488=DIRECTION('ref_axis',(0.,0.,-1.));
#12489=DIRECTION('center_axis',(-1.,0.,-4.23103286823611E-16));
#12490=DIRECTION('ref_axis',(0.,-0.707106781186547,-0.707106781186548));
#12491=DIRECTION('center_axis',(0.,0.,1.));
#12492=DIRECTION('ref_axis',(1.,0.,0.));
#12493=DIRECTION('center_axis',(0.,-5.55111512312578E-15,1.));
#12494=DIRECTION('ref_axis',(1.,0.,0.));
#12495=DIRECTION('center_axis',(0.,1.,0.));
#12496=DIRECTION('ref_axis',(0.,0.,-1.));
#12497=DIRECTION('center_axis',(0.,6.99485272571293E-17,-1.));
#12498=DIRECTION('ref_axis',(0.707106781186545,-0.707106781186549,0.));
#12499=DIRECTION('center_axis',(-1.,0.,0.));
#12500=DIRECTION('ref_axis',(0.,1.,0.));
#12501=DIRECTION('center_axis',(2.34422091348217E-16,-1.,-6.99485272571293E-17));
#12502=DIRECTION('ref_axis',(-0.707106781186548,0.,-0.707106781186548));
#12503=DIRECTION('',(-2.34422091348217E-16,1.,6.99485272571293E-17));
#12504=DIRECTION('',(2.34422091348217E-16,-1.,-6.99485272571293E-17));
#12505=DIRECTION('center_axis',(0.,0.,-1.));
#12506=DIRECTION('ref_axis',(-1.,0.,0.));
#12507=DIRECTION('center_axis',(0.,-1.,0.));
#12508=DIRECTION('ref_axis',(1.,0.,0.));
#12509=DIRECTION('center_axis',(0.,0.,-1.));
#12510=DIRECTION('ref_axis',(-0.768482204925682,0.63987115946303,0.));
#12511=DIRECTION('center_axis',(0.983459198985004,0.181129798574875,0.));
#12512=DIRECTION('ref_axis',(0.,0.,1.));
#12513=DIRECTION('center_axis',(2.34422091348217E-16,-1.,0.));
#12514=DIRECTION('ref_axis',(0.70710678118654,0.,0.707106781186555));
#12515=DIRECTION('center_axis',(0.,1.,0.));
#12516=DIRECTION('ref_axis',(0.,0.,1.));
#12517=DIRECTION('',(-2.34422091348217E-16,1.,0.));
#12518=DIRECTION('center_axis',(0.,0.,1.));
#12519=DIRECTION('ref_axis',(1.,0.,0.));
#12520=DIRECTION('center_axis',(-1.,0.,0.));
#12521=DIRECTION('ref_axis',(0.,0.,1.));
#12522=DIRECTION('center_axis',(0.,0.,-1.));
#12523=DIRECTION('ref_axis',(-0.707106781186548,-0.707106781186548,0.));
#12524=DIRECTION('center_axis',(1.,0.,0.));
#12525=DIRECTION('ref_axis',(0.,0.707106781186548,0.707106781186548));
#12526=DIRECTION('',(-1.,0.,0.));
#12527=DIRECTION('center_axis',(0.,0.,-1.));
#12528=DIRECTION('ref_axis',(-1.,0.,0.));
#12529=DIRECTION('center_axis',(0.,0.,-1.));
#12530=DIRECTION('ref_axis',(0.,1.,0.));
#12531=DIRECTION('center_axis',(1.,0.,0.));
#12532=DIRECTION('ref_axis',(0.,0.,1.));
#12533=DIRECTION('center_axis',(0.,-1.,0.));
#12534=DIRECTION('ref_axis',(1.,0.,0.));
#12535=DIRECTION('center_axis',(1.,-5.8915136919967E-16,0.));
#12536=DIRECTION('ref_axis',(0.,-0.707106781186547,0.707106781186548));
#12537=DIRECTION('',(1.,-5.8915136919967E-16,0.));
#12538=DIRECTION('center_axis',(0.,0.,-1.));
#12539=DIRECTION('ref_axis',(-1.,0.,0.));
#12540=DIRECTION('center_axis',(0.,0.,-1.));
#12541=DIRECTION('ref_axis',(-0.707106781186548,0.707106781186547,0.));
#12542=DIRECTION('center_axis',(1.,0.,0.));
#12543=DIRECTION('ref_axis',(0.,-1.,0.));
#12544=DIRECTION('center_axis',(0.,0.,1.));
#12545=DIRECTION('ref_axis',(-1.,0.,0.));
#12546=DIRECTION('center_axis',(0.,-1.,0.));
#12547=DIRECTION('ref_axis',(0.,0.,-1.));
#12548=DIRECTION('center_axis',(-1.,5.8915136919967E-16,0.));
#12549=DIRECTION('ref_axis',(0.,-0.707106781186547,-0.707106781186548));
#12550=DIRECTION('',(1.,-5.8915136919967E-16,0.));
#12551=DIRECTION('',(-1.,5.8915136919967E-16,0.));
#12552=DIRECTION('center_axis',(0.,0.,1.));
#12553=DIRECTION('ref_axis',(-0.707106781186548,0.707106781186548,0.));
#12554=DIRECTION('',(0.,0.,-1.));
#12555=DIRECTION('',(0.,0.,1.));
#12556=DIRECTION('center_axis',(0.408248290463859,-0.816496580927728,0.408248290463864));
#12557=DIRECTION('ref_axis',(-0.577350269189622,-0.577350269189624,-0.577350269189631));
#12558=DIRECTION('center_axis',(-1.,0.,0.));
#12559=DIRECTION('ref_axis',(0.,-1.,0.));
#12560=DIRECTION('center_axis',(-1.92592994438723E-30,5.55111512312578E-15,
-1.));
#12561=DIRECTION('ref_axis',(-1.,-3.46944695195361E-16,0.));
#12562=DIRECTION('center_axis',(-6.93889390390722E-16,-1.,0.));
#12563=DIRECTION('ref_axis',(0.,0.,-1.));
#12564=DIRECTION('center_axis',(0.,0.,-1.));
#12565=DIRECTION('ref_axis',(-0.707106781186547,-0.707106781186548,0.));
#12566=DIRECTION('',(0.,0.,1.));
#12567=DIRECTION('',(0.,0.,-1.));
#12568=DIRECTION('center_axis',(-3.36034484654627E-16,1.,0.));
#12569=DIRECTION('ref_axis',(-0.707106781186548,0.,-0.707106781186548));
#12570=DIRECTION('',(3.36034484654627E-16,-1.,0.));
#12571=DIRECTION('',(-3.36034484654627E-16,1.,0.));
#12572=DIRECTION('center_axis',(-0.816496580927723,-0.408248290463866,0.408248290463866));
#12573=DIRECTION('ref_axis',(0.577350269189623,-0.577350269189627,0.577350269189627));
#12574=DIRECTION('center_axis',(1.,0.,0.));
#12575=DIRECTION('ref_axis',(0.,-1.,0.));
#12576=DIRECTION('center_axis',(0.,0.,1.));
#12577=DIRECTION('ref_axis',(1.,0.,0.));
#12578=DIRECTION('center_axis',(0.,-1.,0.));
#12579=DIRECTION('ref_axis',(0.,0.,1.));
#12580=DIRECTION('center_axis',(1.,0.,0.));
#12581=DIRECTION('ref_axis',(0.,0.,-1.));
#12582=DIRECTION('center_axis',(1.,0.,0.));
#12583=DIRECTION('ref_axis',(0.,-0.707106781186547,-0.707106781186547));
#12584=DIRECTION('center_axis',(0.,1.,0.));
#12585=DIRECTION('ref_axis',(0.,0.,1.));
#12586=DIRECTION('center_axis',(-1.,0.,0.));
#12587=DIRECTION('ref_axis',(0.,-1.,0.));
#12588=DIRECTION('center_axis',(0.,0.,1.));
#12589=DIRECTION('ref_axis',(1.,0.,0.));
#12590=DIRECTION('center_axis',(0.,-6.99485272571293E-17,1.));
#12591=DIRECTION('ref_axis',(1.,0.,0.));
#12592=DIRECTION('center_axis',(0.,-6.99485272571293E-17,1.));
#12593=DIRECTION('ref_axis',(-0.768482204925682,0.63987115946303,4.47580452387506E-17));
#12594=DIRECTION('center_axis',(0.,-1.,0.));
#12595=DIRECTION('ref_axis',(0.,0.,-1.));
#12596=DIRECTION('center_axis',(0.,6.99485272571293E-17,-1.));
#12597=DIRECTION('ref_axis',(-0.768482204925682,0.63987115946303,4.47580452387507E-17));
#12598=DIRECTION('center_axis',(0.983459198985004,0.181129798574875,0.));
#12599=DIRECTION('ref_axis',(0.181129798574875,-0.983459198985004,0.));
#12600=DIRECTION('center_axis',(-1.,0.,0.));
#12601=DIRECTION('ref_axis',(0.,0.707106781186548,-0.707106781186548));
#12602=DIRECTION('center_axis',(1.,1.11022302462515E-14,0.));
#12603=DIRECTION('ref_axis',(0.,0.,-1.));
#12604=DIRECTION('',(1.,0.,0.));
#12605=DIRECTION('',(-1.,0.,0.));
#12606=DIRECTION('center_axis',(0.,6.99485272571293E-17,-1.));
#12607=DIRECTION('ref_axis',(-1.,0.,0.));
#12608=DIRECTION('center_axis',(0.,-1.,0.));
#12609=DIRECTION('ref_axis',(0.,0.,-1.));
#12610=DIRECTION('center_axis',(0.,-6.99485272571293E-17,1.));
#12611=DIRECTION('ref_axis',(-0.707106781186548,-0.707106781186548,-4.33680868994202E-17));
#12612=DIRECTION('center_axis',(0.,6.99485272571293E-17,-1.));
#12613=DIRECTION('ref_axis',(-0.707106781186548,-0.707106781186548,-4.94610779575282E-17));
#12614=DIRECTION('center_axis',(-2.34422091348217E-16,1.,6.99485272571293E-17));
#12615=DIRECTION('ref_axis',(0.707106781186548,0.,-0.707106781186548));
#12616=DIRECTION('',(2.34422091348217E-16,-1.,-6.99485272571293E-17));
#12617=DIRECTION('',(-2.34422091348217E-16,1.,6.99485272571293E-17));
#12618=DIRECTION('center_axis',(0.,0.,-1.));
#12619=DIRECTION('ref_axis',(-1.,0.,0.));
#12620=DIRECTION('center_axis',(0.,0.,-1.));
#12621=DIRECTION('ref_axis',(-0.768482204925682,-0.63987115946303,0.));
#12622=DIRECTION('center_axis',(0.,1.,0.));
#12623=DIRECTION('ref_axis',(0.,0.,1.));
#12624=DIRECTION('center_axis',(0.983459198985004,-0.181129798574875,0.));
#12625=DIRECTION('ref_axis',(0.181129798574875,0.983459198985004,0.));
#12626=DIRECTION('center_axis',(-0.40824829046386,-0.816496580927725,-0.408248290463869));
#12627=DIRECTION('ref_axis',(0.577350269189615,-0.577350269189631,0.577350269189632));
#12628=DIRECTION('center_axis',(1.73472347597681E-16,-1.,0.));
#12629=DIRECTION('ref_axis',(0.,0.,1.));
#12630=DIRECTION('center_axis',(1.,0.,0.));
#12631=DIRECTION('ref_axis',(0.,-1.,0.));
#12632=DIRECTION('center_axis',(0.,0.,1.));
#12633=DIRECTION('ref_axis',(1.,1.73472347597681E-16,0.));
#12634=DIRECTION('center_axis',(-0.816496580927731,-0.408248290463861,-0.408248290463856));
#12635=DIRECTION('ref_axis',(0.577350269189621,-0.57735026918963,-0.577350269189626));
#12636=DIRECTION('center_axis',(5.55111512312578E-15,0.,-1.));
#12637=DIRECTION('ref_axis',(0.,-1.,0.));
#12638=DIRECTION('center_axis',(1.,0.,0.));
#12639=DIRECTION('ref_axis',(0.,0.,-1.));
#12640=DIRECTION('center_axis',(0.,-1.,1.7347234759768E-16));
#12641=DIRECTION('ref_axis',(1.,0.,0.));
#12642=DIRECTION('center_axis',(-0.40824829046386,0.408248290463862,-0.816496580927728));
#12643=DIRECTION('ref_axis',(0.577350269189625,-0.577350269189628,-0.577350269189625));
#12644=DIRECTION('center_axis',(5.55111512312578E-15,0.,-1.));
#12645=DIRECTION('ref_axis',(0.,-1.,0.));
#12646=DIRECTION('center_axis',(1.,0.,0.));
#12647=DIRECTION('ref_axis',(0.,0.,-1.));
#12648=DIRECTION('center_axis',(0.,-1.,0.));
#12649=DIRECTION('ref_axis',(1.,0.,0.));
#12650=DIRECTION('center_axis',(-1.,0.,0.));
#12651=DIRECTION('ref_axis',(0.,-0.707106781186547,-0.707106781186548));
#12652=DIRECTION('',(1.,0.,0.));
#12653=DIRECTION('',(-1.,0.,0.));
#12654=DIRECTION('center_axis',(0.408248290463859,-0.816496580927728,0.408248290463864));
#12655=DIRECTION('ref_axis',(0.577350269189624,0.577350269189624,0.577350269189629));
#12656=DIRECTION('center_axis',(0.,1.,0.));
#12657=DIRECTION('ref_axis',(1.,0.,0.));
#12658=DIRECTION('center_axis',(0.,0.,1.));
#12659=DIRECTION('ref_axis',(0.,1.,0.));
#12660=DIRECTION('center_axis',(0.,-6.99485272571293E-17,1.));
#12661=DIRECTION('ref_axis',(1.,0.,0.));
#12662=DIRECTION('center_axis',(0.,6.99485272571293E-17,-1.));
#12663=DIRECTION('ref_axis',(-0.768482204925682,-0.63987115946303,-4.47580452387507E-17));
#12664=DIRECTION('center_axis',(0.,1.,0.));
#12665=DIRECTION('ref_axis',(1.,0.,0.));
#12666=DIRECTION('center_axis',(0.,-6.99485272571293E-17,1.));
#12667=DIRECTION('ref_axis',(-0.768482204925682,-0.63987115946303,-4.47580452387508E-17));
#12668=DIRECTION('center_axis',(0.983459198985004,-0.181129798574875,0.));
#12669=DIRECTION('ref_axis',(0.,0.,-1.));
#12670=DIRECTION('center_axis',(0.408248290463862,-0.816496580927725,0.408248290463867));
#12671=DIRECTION('ref_axis',(0.57735026918962,0.577350269189629,0.577350269189629));
#12672=DIRECTION('center_axis',(1.,0.,0.));
#12673=DIRECTION('ref_axis',(0.,0.,1.));
#12674=DIRECTION('center_axis',(0.,1.,0.));
#12675=DIRECTION('ref_axis',(1.,0.,0.));
#12676=DIRECTION('center_axis',(0.,0.,1.));
#12677=DIRECTION('ref_axis',(0.,1.,0.));
#12678=DIRECTION('center_axis',(2.34422091348217E-16,-1.,0.));
#12679=DIRECTION('ref_axis',(0.70710678118654,0.,0.707106781186555));
#12680=DIRECTION('',(-2.34422091348217E-16,1.,0.));
#12681=DIRECTION('center_axis',(0.40824829046386,-0.816496580927727,-0.408248290463864));
#12682=DIRECTION('ref_axis',(-0.577350269189623,-0.577350269189627,0.577350269189628));
#12683=DIRECTION('center_axis',(0.,-1.,0.));
#12684=DIRECTION('ref_axis',(-1.,0.,0.));
#12685=DIRECTION('center_axis',(0.,0.,1.));
#12686=DIRECTION('ref_axis',(0.,-1.,0.));
#12687=DIRECTION('center_axis',(-1.,0.,0.));
#12688=DIRECTION('ref_axis',(0.,0.,1.));
#12689=DIRECTION('center_axis',(0.408248290463859,-0.816496580927728,0.408248290463864));
#12690=DIRECTION('ref_axis',(-0.577350269189622,-0.577350269189624,-0.577350269189631));
#12691=DIRECTION('center_axis',(-1.,0.,0.));
#12692=DIRECTION('ref_axis',(0.,-1.,0.));
#12693=DIRECTION('center_axis',(0.,5.55111512312578E-15,-1.));
#12694=DIRECTION('ref_axis',(-1.,0.,0.));
#12695=DIRECTION('center_axis',(0.,-1.,0.));
#12696=DIRECTION('ref_axis',(0.,0.,-1.));
#12697=DIRECTION('center_axis',(0.,0.,-1.));
#12698=DIRECTION('ref_axis',(-0.707106781186548,-0.707106781186548,0.));
#12699=DIRECTION('',(0.,0.,1.));
#12700=DIRECTION('',(0.,0.,-1.));
#12701=DIRECTION('center_axis',(-0.816496580927732,0.408248290463857,-0.408248290463857));
#12702=DIRECTION('ref_axis',(0.57735026918962,0.577350269189629,-0.577350269189629));
#12703=DIRECTION('center_axis',(0.,-5.55111512312578E-15,-1.));
#12704=DIRECTION('ref_axis',(1.,0.,0.));
#12705=DIRECTION('center_axis',(-1.11022302462516E-14,1.,0.));
#12706=DIRECTION('ref_axis',(0.,0.,-1.));
#12707=DIRECTION('center_axis',(1.,0.,0.));
#12708=DIRECTION('ref_axis',(0.,1.,0.));
#12709=DIRECTION('center_axis',(0.,1.,0.));
#12710=DIRECTION('ref_axis',(0.707106781186548,0.,-0.707106781186548));
#12711=DIRECTION('',(0.,-1.,0.));
#12712=DIRECTION('',(0.,1.,0.));
#12713=DIRECTION('center_axis',(-0.408248290463867,-0.408248290463859,-0.816496580927726));
#12714=DIRECTION('ref_axis',(0.57735026918963,0.577350269189621,-0.577350269189626));
#12715=DIRECTION('center_axis',(1.,0.,0.));
#12716=DIRECTION('ref_axis',(0.,1.,0.));
#12717=DIRECTION('center_axis',(0.,-2.77555756156289E-15,-1.));
#12718=DIRECTION('ref_axis',(1.,0.,0.));
#12719=DIRECTION('center_axis',(0.,1.,0.));
#12720=DIRECTION('ref_axis',(0.,0.,-1.));
#12721=DIRECTION('center_axis',(0.,0.,1.));
#12722=DIRECTION('ref_axis',(0.707106781186548,0.707106781186548,0.));
#12723=DIRECTION('',(0.,0.,-1.));
#12724=DIRECTION('',(0.,0.,1.));
#12725=DIRECTION('center_axis',(-2.34422091348217E-16,1.,6.99485272571293E-17));
#12726=DIRECTION('ref_axis',(0.707106781186548,0.,-0.707106781186548));
#12727=DIRECTION('',(2.34422091348217E-16,-1.,-6.99485272571293E-17));
#12728=DIRECTION('',(-2.34422091348217E-16,1.,6.99485272571293E-17));
#12729=DIRECTION('center_axis',(-0.408248290463859,-0.816496580927728,0.408248290463864));
#12730=DIRECTION('ref_axis',(-0.577350269189624,0.577350269189624,0.577350269189629));
#12731=DIRECTION('center_axis',(0.,1.,0.));
#12732=DIRECTION('ref_axis',(0.,0.,1.));
#12733=DIRECTION('center_axis',(-1.,0.,0.));
#12734=DIRECTION('ref_axis',(0.,1.,0.));
#12735=DIRECTION('center_axis',(0.,0.,1.));
#12736=DIRECTION('ref_axis',(-1.,0.,0.));
#12737=DIRECTION('center_axis',(-1.,0.,0.));
#12738=DIRECTION('ref_axis',(0.,0.707106781186548,0.707106781186548));
#12739=DIRECTION('',(-1.,0.,0.));
#12740=DIRECTION('center_axis',(0.40824829046386,-0.40824829046386,-0.816496580927729));
#12741=DIRECTION('ref_axis',(-0.577350269189624,0.577350269189624,-0.577350269189629));
#12742=DIRECTION('center_axis',(0.,1.,-1.11022302462515E-14));
#12743=DIRECTION('ref_axis',(-1.,0.,0.));
#12744=DIRECTION('center_axis',(-5.55111512312578E-15,0.,-1.));
#12745=DIRECTION('ref_axis',(0.,1.,0.));
#12746=DIRECTION('center_axis',(-1.,0.,0.));
#12747=DIRECTION('ref_axis',(0.,0.,-1.));
#12748=DIRECTION('center_axis',(-0.816496580927722,-0.40824829046387,0.408248290463865));
#12749=DIRECTION('ref_axis',(-0.577350269189624,0.577350269189624,-0.577350269189629));
#12750=DIRECTION('center_axis',(0.,1.,0.));
#12751=DIRECTION('ref_axis',(-1.,0.,0.));
#12752=DIRECTION('center_axis',(-2.77555756156289E-15,0.,-1.));
#12753=DIRECTION('ref_axis',(0.,1.,0.));
#12754=DIRECTION('center_axis',(-1.,0.,0.));
#12755=DIRECTION('ref_axis',(0.,0.,-1.));
#12756=DIRECTION('center_axis',(0.,0.,1.));
#12757=DIRECTION('ref_axis',(-0.707106781186548,0.707106781186548,0.));
#12758=DIRECTION('',(0.,0.,-1.));
#12759=DIRECTION('',(0.,0.,1.));
#12760=DIRECTION('center_axis',(-1.,0.,0.));
#12761=DIRECTION('ref_axis',(0.,0.707106781186548,-0.707106781186548));
#12762=DIRECTION('',(1.,0.,0.));
#12763=DIRECTION('',(-1.,0.,0.));
#12764=DIRECTION('center_axis',(-0.408248290463859,-0.816496580927728,0.408248290463864));
#12765=DIRECTION('ref_axis',(-0.577350269189624,0.577350269189624,0.57735026918963));
#12766=DIRECTION('center_axis',(0.,-1.38777878078144E-15,1.));
#12767=DIRECTION('ref_axis',(-1.,0.,0.));
#12768=DIRECTION('center_axis',(0.,1.,0.));
#12769=DIRECTION('ref_axis',(0.,0.,1.));
#12770=DIRECTION('center_axis',(-1.,0.,0.));
#12771=DIRECTION('ref_axis',(0.,0.,1.));
#12772=DIRECTION('center_axis',(-1.,0.,0.));
#12773=DIRECTION('ref_axis',(0.,-0.707106781186547,-0.707106781186548));
#12774=DIRECTION('center_axis',(0.,0.,1.));
#12775=DIRECTION('ref_axis',(0.,1.,0.));
#12776=DIRECTION('center_axis',(1.,0.,0.));
#12777=DIRECTION('ref_axis',(0.,0.,-1.));
#12778=DIRECTION('center_axis',(0.,1.,0.));
#12779=DIRECTION('ref_axis',(-1.,0.,0.));
#12780=DIRECTION('center_axis',(0.,-4.33680868994202E-16,1.));
#12781=DIRECTION('ref_axis',(-0.707106781186548,0.707106781186548,0.));
#12782=DIRECTION('center_axis',(0.,0.,-1.));
#12783=DIRECTION('ref_axis',(-1.,0.,0.));
#12784=DIRECTION('',(0.,4.33680868994202E-16,-1.));
#12785=DIRECTION('',(0.,-4.33680868994202E-16,1.));
#12786=DIRECTION('center_axis',(-1.,0.,0.));
#12787=DIRECTION('ref_axis',(0.,0.,1.));
#12788=DIRECTION('center_axis',(0.,-1.,0.));
#12789=DIRECTION('ref_axis',(-1.,0.,0.));
#12790=DIRECTION('center_axis',(1.,0.,0.));
#12791=DIRECTION('ref_axis',(0.,-0.707106781186548,0.707106781186547));
#12792=DIRECTION('center_axis',(-1.,0.,0.));
#12793=DIRECTION('ref_axis',(0.,-0.707106781186548,0.707106781186547));
#12794=DIRECTION('center_axis',(0.,1.,6.99485272571293E-17));
#12795=DIRECTION('ref_axis',(-0.707106781186548,0.,-0.707106781186548));
#12796=DIRECTION('',(0.,-1.,-6.99485272571293E-17));
#12797=DIRECTION('',(0.,1.,6.99485272571293E-17));
#12798=DIRECTION('center_axis',(-1.,0.,0.));
#12799=DIRECTION('ref_axis',(0.,0.,1.));
#12800=DIRECTION('center_axis',(-1.,0.,0.));
#12801=DIRECTION('ref_axis',(0.,-1.,0.));
#12802=DIRECTION('center_axis',(0.,0.,1.));
#12803=DIRECTION('ref_axis',(1.,0.,0.));
#12804=DIRECTION('center_axis',(1.,0.,0.));
#12805=DIRECTION('ref_axis',(0.,0.,-1.));
#12806=DIRECTION('center_axis',(0.,1.38777878078144E-15,1.));
#12807=DIRECTION('ref_axis',(1.,0.,0.));
#12808=DIRECTION('center_axis',(-1.,0.,0.));
#12809=DIRECTION('ref_axis',(0.,-0.707106781186548,0.707106781186547));
#12810=DIRECTION('center_axis',(0.,4.33680868994202E-16,-1.));
#12811=DIRECTION('ref_axis',(0.707106781186548,0.707106781186548,0.));
#12812=DIRECTION('',(0.,-4.33680868994202E-16,1.));
#12813=DIRECTION('center_axis',(-1.,0.,0.));
#12814=DIRECTION('ref_axis',(0.,-0.707106781186548,-0.707106781186548));
#12815=DIRECTION('',(1.,0.,0.));
#12816=DIRECTION('',(-1.,0.,0.));
#12817=DIRECTION('center_axis',(0.,-1.,0.));
#12818=DIRECTION('ref_axis',(-0.707106781186546,0.,0.707106781186549));
#12819=DIRECTION('',(0.,1.,0.));
#12820=DIRECTION('',(0.,-1.,0.));
#12821=DIRECTION('center_axis',(0.,-2.20983882290039E-16,1.));
#12822=DIRECTION('ref_axis',(-0.707106781186548,0.707106781186548,0.));
#12823=DIRECTION('',(0.,-2.20983882290039E-16,1.));
#12824=DIRECTION('center_axis',(-1.,0.,0.));
#12825=DIRECTION('ref_axis',(0.,0.707106781186555,-0.70710678118654));
#12826=DIRECTION('',(-1.,0.,0.));
#12827=DIRECTION('center_axis',(0.,1.,0.));
#12828=DIRECTION('ref_axis',(-0.707106781186548,0.,-0.707106781186548));
#12829=DIRECTION('',(0.,-1.,0.));
#12830=DIRECTION('',(0.,1.,0.));
#12831=DIRECTION('center_axis',(0.,-1.,0.));
#12832=DIRECTION('ref_axis',(-0.707106781186548,0.,0.707106781186548));
#12833=DIRECTION('',(0.,-1.,0.));
#12834=DIRECTION('center_axis',(0.,-2.20983882290039E-16,1.));
#12835=DIRECTION('ref_axis',(0.707106781186548,0.707106781186548,0.));
#12836=DIRECTION('',(0.,2.20983882290039E-16,-1.));
#12837=DIRECTION('center_axis',(-1.,0.,0.));
#12838=DIRECTION('ref_axis',(0.,-0.707106781186547,-0.707106781186548));
#12839=DIRECTION('',(1.,0.,0.));
#12840=DIRECTION('',(-1.,0.,0.));
#12841=DIRECTION('center_axis',(-1.,0.,0.));
#12842=DIRECTION('ref_axis',(0.,-0.707106781186547,0.707106781186548));
#12843=DIRECTION('',(1.,0.,0.));
#12844=DIRECTION('center_axis',(0.,0.,-1.));
#12845=DIRECTION('ref_axis',(-0.768482204925678,-0.639871159463034,0.));
#12846=DIRECTION('',(0.,0.,1.));
#12847=DIRECTION('',(0.,0.,-1.));
#12848=DIRECTION('center_axis',(0.,-6.99485272571293E-17,1.));
#12849=DIRECTION('ref_axis',(1.,0.,0.));
#12850=DIRECTION('center_axis',(0.,6.99485272571293E-17,-1.));
#12851=DIRECTION('ref_axis',(1.,-2.7979410902852E-17,0.));
#12852=DIRECTION('center_axis',(0.,-6.99485272571293E-17,1.));
#12853=DIRECTION('ref_axis',(1.,-2.7979410902852E-17,-1.95711858617656E-33));
#12854=DIRECTION('center_axis',(0.,-1.,0.));
#12855=DIRECTION('ref_axis',(0.707106781186548,0.,0.707106781186548));
#12856=DIRECTION('',(0.,1.,0.));
#12857=DIRECTION('',(0.,-1.,0.));
#12858=DIRECTION('center_axis',(0.,0.,-1.));
#12859=DIRECTION('ref_axis',(0.707106781186548,-0.707106781186548,0.));
#12860=DIRECTION('',(0.,0.,1.));
#12861=DIRECTION('',(0.,0.,-1.));
#12862=DIRECTION('center_axis',(1.04738021191052E-16,-1.,0.));
#12863=DIRECTION('ref_axis',(0.707106781186548,7.40609650322543E-17,-0.707106781186548));
#12864=DIRECTION('',(-1.04738021191052E-16,1.,0.));
#12865=DIRECTION('',(1.04738021191052E-16,-1.,0.));
#12866=DIRECTION('center_axis',(0.,0.,1.));
#12867=DIRECTION('ref_axis',(0.707106781186548,-0.707106781186547,0.));
#12868=DIRECTION('',(0.,0.,-1.));
#12869=DIRECTION('',(0.,0.,1.));
#12870=DIRECTION('center_axis',(-1.04738021191052E-16,1.,0.));
#12871=DIRECTION('ref_axis',(0.707106781186548,7.40609650322543E-17,0.707106781186548));
#12872=DIRECTION('',(-1.04738021191052E-16,1.,0.));
#12873=DIRECTION('center_axis',(0.,0.,-1.));
#12874=DIRECTION('ref_axis',(1.,0.,0.));
#12875=DIRECTION('center_axis',(0.,0.,1.));
#12876=DIRECTION('ref_axis',(1.,0.,0.));
#12877=DIRECTION('center_axis',(0.,0.,1.));
#12878=DIRECTION('ref_axis',(-0.768482204925678,0.639871159463034,0.));
#12879=DIRECTION('',(0.,0.,-1.));
#12880=DIRECTION('',(0.,0.,1.));
#12881=DIRECTION('center_axis',(-1.,0.,0.));
#12882=DIRECTION('ref_axis',(0.,-0.707106781186548,-0.707106781186548));
#12883=DIRECTION('',(1.,0.,0.));
#12884=DIRECTION('',(-1.,0.,0.));
#12885=DIRECTION('center_axis',(0.,-4.33680868994202E-16,1.));
#12886=DIRECTION('ref_axis',(0.707106781186548,0.707106781186548,0.));
#12887=DIRECTION('center_axis',(0.,0.,-1.));
#12888=DIRECTION('ref_axis',(0.,1.,0.));
#12889=DIRECTION('',(0.,4.33680868994202E-16,-1.));
#12890=DIRECTION('',(0.,-4.33680868994202E-16,1.));
#12891=DIRECTION('center_axis',(1.,0.,0.));
#12892=DIRECTION('ref_axis',(0.,0.,-1.));
#12893=DIRECTION('center_axis',(0.,-1.,0.));
#12894=DIRECTION('ref_axis',(0.,0.,-1.));
#12895=DIRECTION('center_axis',(1.,0.,0.));
#12896=DIRECTION('ref_axis',(0.,-0.707106781186548,0.707106781186547));
#12897=DIRECTION('center_axis',(-1.,0.,0.));
#12898=DIRECTION('ref_axis',(0.,-0.707106781186548,0.707106781186547));
#12899=DIRECTION('center_axis',(0.,1.,6.99485272571293E-17));
#12900=DIRECTION('ref_axis',(0.707106781186548,0.,-0.707106781186548));
#12901=DIRECTION('',(0.,-1.,-6.99485272571293E-17));
#12902=DIRECTION('',(0.,1.,6.99485272571293E-17));
#12903=DIRECTION('center_axis',(0.,-1.,0.));
#12904=DIRECTION('ref_axis',(0.707106781186548,0.,0.707106781186548));
#12905=DIRECTION('',(0.,1.,0.));
#12906=DIRECTION('center_axis',(-1.,0.,0.));
#12907=DIRECTION('ref_axis',(0.,-0.707106781186547,0.707106781186548));
#12908=DIRECTION('',(1.,0.,0.));
#12909=DIRECTION('center_axis',(0.,0.,-1.));
#12910=DIRECTION('ref_axis',(-0.707106781186548,0.707106781186548,0.));
#12911=DIRECTION('',(0.,0.,1.));
#12912=DIRECTION('',(0.,0.,-1.));
#12913=DIRECTION('center_axis',(0.,0.,1.));
#12914=DIRECTION('ref_axis',(0.707106781186555,-0.70710678118654,0.));
#12915=DIRECTION('',(0.,0.,-1.));
#12916=DIRECTION('',(0.,0.,1.));
#12917=DIRECTION('center_axis',(-4.23103286823611E-16,-4.33680868994202E-16,
1.));
#12918=DIRECTION('ref_axis',(-0.707106781186548,0.707106781186548,0.));
#12919=DIRECTION('center_axis',(0.,0.,-1.));
#12920=DIRECTION('ref_axis',(-1.,0.,0.));
#12921=DIRECTION('',(4.23103286823611E-16,4.33680868994202E-16,-1.));
#12922=DIRECTION('',(-4.23103286823611E-16,-4.33680868994202E-16,1.));
#12923=DIRECTION('center_axis',(-1.,0.,-4.23103286823611E-16));
#12924=DIRECTION('ref_axis',(0.,0.,1.));
#12925=DIRECTION('center_axis',(1.,0.,4.23103286823611E-16));
#12926=DIRECTION('ref_axis',(-3.03576608295941E-16,-0.707106781186548,0.707106781186547));
#12927=DIRECTION('center_axis',(-1.,0.,-4.23103286823611E-16));
#12928=DIRECTION('ref_axis',(-2.99179203255292E-16,-0.707106781186548,0.707106781186547));
#12929=DIRECTION('center_axis',(-1.,0.,0.));
#12930=DIRECTION('ref_axis',(0.,0.707106781186548,-0.707106781186548));
#12931=DIRECTION('',(1.,0.,0.));
#12932=DIRECTION('',(-1.,0.,0.));
#12933=DIRECTION('center_axis',(0.,0.,1.));
#12934=DIRECTION('ref_axis',(0.707106781186548,0.707106781186548,0.));
#12935=DIRECTION('',(0.,0.,-1.));
#12936=DIRECTION('',(0.,0.,1.));
#12937=DIRECTION('center_axis',(0.,0.,1.));
#12938=DIRECTION('ref_axis',(0.707106781186548,0.707106781186548,0.));
#12939=DIRECTION('',(0.,0.,-1.));
#12940=DIRECTION('',(0.,0.,1.));
#12941=DIRECTION('center_axis',(-1.,5.8915136919967E-16,0.));
#12942=DIRECTION('ref_axis',(0.,-0.707106781186548,-0.707106781186548));
#12943=DIRECTION('',(1.,-5.8915136919967E-16,0.));
#12944=DIRECTION('',(-1.,5.8915136919967E-16,0.));
#12945=DIRECTION('center_axis',(1.,-5.8915136919967E-16,0.));
#12946=DIRECTION('ref_axis',(0.,0.707106781186547,0.707106781186548));
#12947=DIRECTION('',(-1.,5.8915136919967E-16,0.));
#12948=DIRECTION('',(1.,-5.8915136919967E-16,0.));
#12949=DIRECTION('center_axis',(-1.04738021191052E-16,1.,0.));
#12950=DIRECTION('ref_axis',(-0.707106781186547,0.,0.707106781186548));
#12951=DIRECTION('',(1.04738021191052E-16,-1.,0.));
#12952=DIRECTION('',(-1.04738021191052E-16,1.,0.));
#12953=DIRECTION('center_axis',(-1.04738021191052E-16,1.,0.));
#12954=DIRECTION('ref_axis',(-0.707106781186548,0.,-0.707106781186548));
#12955=DIRECTION('',(1.04738021191052E-16,-1.,0.));
#12956=DIRECTION('',(-1.04738021191052E-16,1.,0.));
#12957=DIRECTION('center_axis',(1.,-5.8915136919967E-16,0.));
#12958=DIRECTION('ref_axis',(0.,0.707106781186548,-0.707106781186548));
#12959=DIRECTION('',(-1.,5.8915136919967E-16,0.));
#12960=DIRECTION('',(1.,-5.8915136919967E-16,0.));
#12961=DIRECTION('center_axis',(0.,0.,-1.));
#12962=DIRECTION('ref_axis',(0.707106781186555,0.70710678118654,0.));
#12963=DIRECTION('',(0.,0.,1.));
#12964=DIRECTION('',(0.,0.,-1.));
#12965=DIRECTION('center_axis',(0.,0.,1.));
#12966=DIRECTION('ref_axis',(-0.707106781186548,0.707106781186548,0.));
#12967=DIRECTION('',(0.,0.,-1.));
#12968=DIRECTION('',(0.,0.,1.));
#12969=DIRECTION('center_axis',(-2.34422091348217E-16,1.,0.));
#12970=DIRECTION('ref_axis',(-0.707106781186548,0.,0.707106781186548));
#12971=DIRECTION('',(2.34422091348217E-16,-1.,0.));
#12972=DIRECTION('center_axis',(1.,-5.8915136919967E-16,0.));
#12973=DIRECTION('ref_axis',(0.,-0.707106781186548,0.707106781186548));
#12974=DIRECTION('',(1.,-5.8915136919967E-16,0.));
#12975=DIRECTION('center_axis',(0.,0.,-1.));
#12976=DIRECTION('ref_axis',(0.707106781186555,0.70710678118654,0.));
#12977=DIRECTION('',(0.,0.,1.));
#12978=DIRECTION('',(0.,0.,-1.));
#12979=DIRECTION('center_axis',(3.36034484654627E-16,-1.,0.));
#12980=DIRECTION('ref_axis',(0.707106781186547,0.,0.707106781186548));
#12981=DIRECTION('',(-3.36034484654627E-16,1.,0.));
#12982=DIRECTION('',(3.36034484654627E-16,-1.,0.));
#12983=DIRECTION('center_axis',(1.,-5.8915136919967E-16,0.));
#12984=DIRECTION('ref_axis',(0.,0.707106781186547,0.707106781186548));
#12985=DIRECTION('',(-1.,5.8915136919967E-16,0.));
#12986=DIRECTION('',(1.,-5.8915136919967E-16,0.));
#12987=DIRECTION('center_axis',(0.,0.,1.));
#12988=DIRECTION('ref_axis',(-0.707106781186548,0.707106781186548,0.));
#12989=DIRECTION('',(0.,0.,-1.));
#12990=DIRECTION('',(0.,0.,1.));
#12991=DIRECTION('center_axis',(1.04738021191052E-16,-1.,0.));
#12992=DIRECTION('ref_axis',(0.707106781186548,7.40609650322534E-17,-0.707106781186548));
#12993=DIRECTION('',(-1.04738021191052E-16,1.,0.));
#12994=DIRECTION('',(1.04738021191052E-16,-1.,0.));
#12995=DIRECTION('center_axis',(3.36034484654627E-16,-1.,0.));
#12996=DIRECTION('ref_axis',(0.707106781186547,0.,0.707106781186548));
#12997=DIRECTION('',(-3.36034484654627E-16,1.,0.));
#12998=DIRECTION('',(3.36034484654627E-16,-1.,0.));
#12999=DIRECTION('center_axis',(-1.,-1.04738021191052E-16,0.));
#13000=DIRECTION('ref_axis',(0.,-0.707106781186548,-0.707106781186548));
#13001=DIRECTION('',(1.,1.04738021191052E-16,0.));
#13002=DIRECTION('',(-1.,-1.04738021191052E-16,0.));
#13003=DIRECTION('center_axis',(0.,0.,-1.));
#13004=DIRECTION('ref_axis',(-0.707106781186548,0.707106781186547,0.));
#13005=DIRECTION('',(0.,0.,1.));
#13006=DIRECTION('',(0.,0.,-1.));
#13007=DIRECTION('center_axis',(-1.,0.,0.));
#13008=DIRECTION('ref_axis',(0.,-0.707106781186547,-0.707106781186548));
#13009=DIRECTION('',(1.,0.,0.));
#13010=DIRECTION('',(-1.,0.,0.));
#13011=DIRECTION('center_axis',(1.,1.04738021191052E-16,0.));
#13012=DIRECTION('ref_axis',(0.,-0.707106781186548,0.707106781186548));
#13013=DIRECTION('',(-1.,-1.04738021191052E-16,0.));
#13014=DIRECTION('',(1.,1.04738021191052E-16,0.));
#13015=DIRECTION('center_axis',(3.36034484654627E-16,-1.,0.));
#13016=DIRECTION('ref_axis',(0.707106781186548,0.,-0.707106781186548));
#13017=DIRECTION('',(-3.36034484654627E-16,1.,0.));
#13018=DIRECTION('',(3.36034484654627E-16,-1.,0.));
#13019=DIRECTION('center_axis',(-1.,0.,0.));
#13020=DIRECTION('ref_axis',(0.,-0.707106781186547,0.707106781186548));
#13021=DIRECTION('',(1.,0.,0.));
#13022=DIRECTION('center_axis',(0.,6.99485272571293E-17,-1.));
#13023=DIRECTION('ref_axis',(-1.,0.,0.));
#13024=DIRECTION('center_axis',(0.,-6.99485272571293E-17,1.));
#13025=DIRECTION('ref_axis',(-1.,-2.7979410902852E-17,-1.95711858617656E-33));
#13026=DIRECTION('center_axis',(0.,6.99485272571293E-17,-1.));
#13027=DIRECTION('ref_axis',(-1.,-2.7979410902852E-17,0.));
#13028=DIRECTION('center_axis',(0.,0.,1.));
#13029=DIRECTION('ref_axis',(0.768482204925678,-0.639871159463034,0.));
#13030=DIRECTION('',(0.,0.,-1.));
#13031=DIRECTION('',(0.,0.,1.));
#13032=DIRECTION('center_axis',(0.,0.,1.));
#13033=DIRECTION('ref_axis',(-1.,0.,0.));
#13034=DIRECTION('center_axis',(0.,0.,1.));
#13035=DIRECTION('ref_axis',(-1.,0.,0.));
#13036=DIRECTION('center_axis',(-1.04738021191052E-16,1.,0.));
#13037=DIRECTION('ref_axis',(0.707106781186548,7.40609650322534E-17,0.707106781186548));
#13038=DIRECTION('',(-1.04738021191052E-16,1.,0.));
#13039=DIRECTION('center_axis',(0.,0.,-1.));
#13040=DIRECTION('ref_axis',(-0.707106781186548,0.707106781186548,0.));
#13041=DIRECTION('',(0.,0.,1.));
#13042=DIRECTION('',(0.,0.,-1.));
#13043=DIRECTION('center_axis',(1.,-5.8915136919967E-16,0.));
#13044=DIRECTION('ref_axis',(0.,0.707106781186548,-0.707106781186548));
#13045=DIRECTION('',(-1.,5.8915136919967E-16,0.));
#13046=DIRECTION('',(1.,-5.8915136919967E-16,0.));
#13047=DIRECTION('center_axis',(3.36034484654627E-16,-1.,0.));
#13048=DIRECTION('ref_axis',(0.707106781186548,0.,-0.707106781186548));
#13049=DIRECTION('',(-3.36034484654627E-16,1.,0.));
#13050=DIRECTION('',(3.36034484654627E-16,-1.,0.));
#13051=DIRECTION('center_axis',(-1.04738021191052E-16,1.,0.));
#13052=DIRECTION('ref_axis',(-0.707106781186547,0.,0.707106781186548));
#13053=DIRECTION('',(1.04738021191052E-16,-1.,0.));
#13054=DIRECTION('',(-1.04738021191052E-16,1.,0.));
#13055=DIRECTION('center_axis',(0.,0.,-1.));
#13056=DIRECTION('ref_axis',(0.707106781186548,0.707106781186547,0.));
#13057=DIRECTION('',(0.,0.,1.));
#13058=DIRECTION('',(0.,0.,-1.));
#13059=DIRECTION('center_axis',(-1.,-1.04738021191052E-16,0.));
#13060=DIRECTION('ref_axis',(0.,-0.707106781186548,-0.707106781186548));
#13061=DIRECTION('',(1.,1.04738021191052E-16,0.));
#13062=DIRECTION('',(-1.,-1.04738021191052E-16,0.));
#13063=DIRECTION('center_axis',(0.,0.,1.));
#13064=DIRECTION('ref_axis',(0.707106781186548,-0.707106781186547,0.));
#13065=DIRECTION('',(0.,0.,-1.));
#13066=DIRECTION('',(0.,0.,1.));
#13067=DIRECTION('center_axis',(0.,0.,-1.));
#13068=DIRECTION('ref_axis',(0.707106781186548,0.707106781186547,0.));
#13069=DIRECTION('',(0.,0.,1.));
#13070=DIRECTION('',(0.,0.,-1.));
#13071=DIRECTION('center_axis',(1.04738021191052E-16,-1.,0.));
#13072=DIRECTION('ref_axis',(0.707106781186544,7.4060965032253E-17,-0.707106781186551));
#13073=DIRECTION('',(-1.04738021191052E-16,1.,0.));
#13074=DIRECTION('',(1.04738021191052E-16,-1.,0.));
#13075=DIRECTION('center_axis',(0.,0.,1.));
#13076=DIRECTION('ref_axis',(0.707106781186544,-0.707106781186551,0.));
#13077=DIRECTION('',(0.,0.,-1.));
#13078=DIRECTION('',(0.,0.,1.));
#13079=DIRECTION('center_axis',(-1.04738021191052E-16,1.,0.));
#13080=DIRECTION('ref_axis',(0.707106781186544,7.4060965032253E-17,0.707106781186551));
#13081=DIRECTION('',(-1.04738021191052E-16,1.,0.));
#13082=DIRECTION('center_axis',(0.,0.,1.));
#13083=DIRECTION('ref_axis',(-0.707106781186548,-0.707106781186548,0.));
#13084=DIRECTION('',(0.,0.,-1.));
#13085=DIRECTION('',(0.,0.,1.));
#13086=DIRECTION('center_axis',(0.,0.,-1.));
#13087=DIRECTION('ref_axis',(0.768482204925678,0.639871159463034,0.));
#13088=DIRECTION('',(0.,0.,1.));
#13089=DIRECTION('',(0.,0.,-1.));
#13090=DIRECTION('center_axis',(-1.04738021191052E-16,1.,0.));
#13091=DIRECTION('ref_axis',(-0.707106781186548,0.,-0.707106781186548));
#13092=DIRECTION('',(1.04738021191052E-16,-1.,0.));
#13093=DIRECTION('',(-1.04738021191052E-16,1.,0.));
#13094=DIRECTION('center_axis',(1.,1.04738021191052E-16,0.));
#13095=DIRECTION('ref_axis',(0.,-0.707106781186548,0.707106781186548));
#13096=DIRECTION('',(-1.,-1.04738021191052E-16,0.));
#13097=DIRECTION('',(1.,1.04738021191052E-16,0.));
#13098=DIRECTION('center_axis',(0.,0.,-1.));
#13099=DIRECTION('ref_axis',(-0.707106781186548,0.707106781186547,0.));
#13100=DIRECTION('',(0.,0.,1.));
#13101=DIRECTION('',(0.,0.,-1.));
#13102=DIRECTION('center_axis',(0.,0.,-1.));
#13103=DIRECTION('ref_axis',(-0.707106781186548,0.707106781186548,0.));
#13104=DIRECTION('',(0.,0.,1.));
#13105=DIRECTION('',(0.,0.,-1.));
#13106=DIRECTION('center_axis',(0.,0.,1.));
#13107=DIRECTION('ref_axis',(0.707106781186548,0.707106781186548,0.));
#13108=DIRECTION('',(0.,0.,-1.));
#13109=DIRECTION('',(0.,0.,1.));
#13110=DIRECTION('center_axis',(-1.,5.8915136919967E-16,0.));
#13111=DIRECTION('ref_axis',(0.,-0.707106781186548,-0.707106781186548));
#13112=DIRECTION('',(1.,-5.8915136919967E-16,0.));
#13113=DIRECTION('',(-1.,5.8915136919967E-16,0.));
#13114=DIRECTION('center_axis',(1.,-5.8915136919967E-16,0.));
#13115=DIRECTION('ref_axis',(0.,0.707106781186547,0.707106781186548));
#13116=DIRECTION('',(-1.,5.8915136919967E-16,0.));
#13117=DIRECTION('',(1.,-5.8915136919967E-16,0.));
#13118=DIRECTION('center_axis',(-1.04738021191052E-16,1.,0.));
#13119=DIRECTION('ref_axis',(-0.707106781186547,0.,0.707106781186548));
#13120=DIRECTION('',(1.04738021191052E-16,-1.,0.));
#13121=DIRECTION('',(-1.04738021191052E-16,1.,0.));
#13122=DIRECTION('center_axis',(0.,0.,-1.));
#13123=DIRECTION('ref_axis',(0.707106781186548,0.707106781186548,0.));
#13124=DIRECTION('',(0.,0.,1.));
#13125=DIRECTION('',(0.,0.,-1.));
#13126=DIRECTION('center_axis',(-1.04738021191052E-16,1.,0.));
#13127=DIRECTION('ref_axis',(-0.707106781186548,0.,-0.707106781186548));
#13128=DIRECTION('',(1.04738021191052E-16,-1.,0.));
#13129=DIRECTION('',(-1.04738021191052E-16,1.,0.));
#13130=DIRECTION('center_axis',(1.,-5.8915136919967E-16,0.));
#13131=DIRECTION('ref_axis',(0.,0.707106781186548,-0.707106781186548));
#13132=DIRECTION('',(-1.,5.8915136919967E-16,0.));
#13133=DIRECTION('',(1.,-5.8915136919967E-16,0.));
#13134=DIRECTION('center_axis',(1.,-5.8915136919967E-16,0.));
#13135=DIRECTION('ref_axis',(0.,-0.707106781186548,0.707106781186548));
#13136=DIRECTION('',(1.,-5.8915136919967E-16,0.));
#13137=DIRECTION('center_axis',(0.,0.,-1.));
#13138=DIRECTION('ref_axis',(0.707106781186548,0.707106781186548,0.));
#13139=DIRECTION('',(0.,0.,1.));
#13140=DIRECTION('',(0.,0.,-1.));
#13141=DIRECTION('center_axis',(3.36034484654627E-16,-1.,0.));
#13142=DIRECTION('ref_axis',(0.707106781186547,0.,0.707106781186548));
#13143=DIRECTION('',(-3.36034484654627E-16,1.,0.));
#13144=DIRECTION('',(3.36034484654627E-16,-1.,0.));
#13145=DIRECTION('center_axis',(1.,-5.8915136919967E-16,0.));
#13146=DIRECTION('ref_axis',(0.,0.707106781186547,0.707106781186548));
#13147=DIRECTION('',(-1.,5.8915136919967E-16,0.));
#13148=DIRECTION('',(1.,-5.8915136919967E-16,0.));
#13149=DIRECTION('center_axis',(0.,0.,1.));
#13150=DIRECTION('ref_axis',(-0.707106781186548,0.707106781186548,0.));
#13151=DIRECTION('',(0.,0.,-1.));
#13152=DIRECTION('',(0.,0.,1.));
#13153=DIRECTION('center_axis',(1.04738021191052E-16,-1.,0.));
#13154=DIRECTION('ref_axis',(0.707106781186548,7.40609650322534E-17,-0.707106781186548));
#13155=DIRECTION('',(-1.04738021191052E-16,1.,0.));
#13156=DIRECTION('',(1.04738021191052E-16,-1.,0.));
#13157=DIRECTION('center_axis',(-1.,-1.04738021191052E-16,0.));
#13158=DIRECTION('ref_axis',(0.,-0.707106781186548,-0.707106781186548));
#13159=DIRECTION('',(1.,1.04738021191052E-16,0.));
#13160=DIRECTION('',(-1.,-1.04738021191052E-16,0.));
#13161=DIRECTION('center_axis',(0.,0.,-1.));
#13162=DIRECTION('ref_axis',(-0.707106781186548,0.707106781186547,0.));
#13163=DIRECTION('',(0.,0.,1.));
#13164=DIRECTION('',(0.,0.,-1.));
#13165=DIRECTION('center_axis',(3.36034484654627E-16,-1.,0.));
#13166=DIRECTION('ref_axis',(0.707106781186547,0.,0.707106781186548));
#13167=DIRECTION('',(-3.36034484654627E-16,1.,0.));
#13168=DIRECTION('',(3.36034484654627E-16,-1.,0.));
#13169=DIRECTION('center_axis',(-1.,0.,0.));
#13170=DIRECTION('ref_axis',(0.,-0.707106781186547,-0.707106781186548));
#13171=DIRECTION('',(1.,0.,0.));
#13172=DIRECTION('',(-1.,0.,0.));
#13173=DIRECTION('center_axis',(3.36034484654627E-16,-1.,0.));
#13174=DIRECTION('ref_axis',(0.707106781186548,0.,-0.707106781186548));
#13175=DIRECTION('',(-3.36034484654627E-16,1.,0.));
#13176=DIRECTION('',(3.36034484654627E-16,-1.,0.));
#13177=DIRECTION('center_axis',(-1.,0.,0.));
#13178=DIRECTION('ref_axis',(0.,-0.707106781186547,0.707106781186548));
#13179=DIRECTION('',(1.,0.,0.));
#13180=DIRECTION('center_axis',(1.,1.04738021191052E-16,0.));
#13181=DIRECTION('ref_axis',(0.,-0.707106781186548,0.707106781186548));
#13182=DIRECTION('',(-1.,-1.04738021191052E-16,0.));
#13183=DIRECTION('',(1.,1.04738021191052E-16,0.));
#13184=DIRECTION('center_axis',(-1.04738021191052E-16,1.,0.));
#13185=DIRECTION('ref_axis',(0.707106781186548,7.40609650322534E-17,0.707106781186548));
#13186=DIRECTION('',(-1.04738021191052E-16,1.,0.));
#13187=DIRECTION('center_axis',(0.,0.,-1.));
#13188=DIRECTION('ref_axis',(-0.707106781186548,0.707106781186548,0.));
#13189=DIRECTION('',(0.,0.,1.));
#13190=DIRECTION('',(0.,0.,-1.));
#13191=DIRECTION('center_axis',(1.,-5.8915136919967E-16,0.));
#13192=DIRECTION('ref_axis',(0.,0.707106781186548,-0.707106781186548));
#13193=DIRECTION('',(-1.,5.8915136919967E-16,0.));
#13194=DIRECTION('',(1.,-5.8915136919967E-16,0.));
#13195=DIRECTION('center_axis',(3.36034484654627E-16,-1.,0.));
#13196=DIRECTION('ref_axis',(0.707106781186548,0.,-0.707106781186548));
#13197=DIRECTION('',(-3.36034484654627E-16,1.,0.));
#13198=DIRECTION('',(3.36034484654627E-16,-1.,0.));
#13199=DIRECTION('center_axis',(0.,0.,-1.));
#13200=DIRECTION('ref_axis',(0.707106781186548,0.707106781186547,0.));
#13201=DIRECTION('',(0.,0.,1.));
#13202=DIRECTION('',(0.,0.,-1.));
#13203=DIRECTION('center_axis',(-1.,-1.04738021191052E-16,0.));
#13204=DIRECTION('ref_axis',(0.,-0.707106781186548,-0.707106781186548));
#13205=DIRECTION('',(1.,1.04738021191052E-16,0.));
#13206=DIRECTION('',(-1.,-1.04738021191052E-16,0.));
#13207=DIRECTION('center_axis',(-1.04738021191052E-16,1.,0.));
#13208=DIRECTION('ref_axis',(-0.707106781186547,0.,0.707106781186548));
#13209=DIRECTION('',(1.04738021191052E-16,-1.,0.));
#13210=DIRECTION('',(-1.04738021191052E-16,1.,0.));
#13211=DIRECTION('center_axis',(0.,0.,1.));
#13212=DIRECTION('ref_axis',(0.707106781186548,-0.707106781186547,0.));
#13213=DIRECTION('',(0.,0.,-1.));
#13214=DIRECTION('',(0.,0.,1.));
#13215=DIRECTION('center_axis',(0.,0.,-1.));
#13216=DIRECTION('ref_axis',(0.707106781186548,0.707106781186547,0.));
#13217=DIRECTION('',(0.,0.,1.));
#13218=DIRECTION('',(0.,0.,-1.));
#13219=DIRECTION('center_axis',(1.04738021191052E-16,-1.,0.));
#13220=DIRECTION('ref_axis',(0.707106781186546,7.40609650322528E-17,-0.70710678118655));
#13221=DIRECTION('',(-1.04738021191052E-16,1.,0.));
#13222=DIRECTION('',(1.04738021191052E-16,-1.,0.));
#13223=DIRECTION('center_axis',(0.,0.,1.));
#13224=DIRECTION('ref_axis',(0.707106781186548,-0.707106781186547,0.));
#13225=DIRECTION('',(0.,0.,-1.));
#13226=DIRECTION('',(0.,0.,1.));
#13227=DIRECTION('center_axis',(-1.04738021191052E-16,1.,0.));
#13228=DIRECTION('ref_axis',(0.707106781186546,7.40609650322528E-17,0.70710678118655));
#13229=DIRECTION('',(-1.04738021191052E-16,1.,0.));
#13230=DIRECTION('center_axis',(-1.04738021191052E-16,1.,0.));
#13231=DIRECTION('ref_axis',(-0.707106781186548,0.,-0.707106781186548));
#13232=DIRECTION('',(1.04738021191052E-16,-1.,0.));
#13233=DIRECTION('',(-1.04738021191052E-16,1.,0.));
#13234=DIRECTION('center_axis',(1.,1.04738021191052E-16,0.));
#13235=DIRECTION('ref_axis',(0.,-0.707106781186548,0.707106781186548));
#13236=DIRECTION('',(-1.,-1.04738021191052E-16,0.));
#13237=DIRECTION('',(1.,1.04738021191052E-16,0.));
#13238=DIRECTION('center_axis',(0.,0.,-1.));
#13239=DIRECTION('ref_axis',(-0.707106781186548,0.707106781186547,0.));
#13240=DIRECTION('',(0.,0.,1.));
#13241=DIRECTION('',(0.,0.,-1.));
#13242=DIRECTION('center_axis',(0.,0.,-1.));
#13243=DIRECTION('ref_axis',(-0.707106781186548,0.707106781186548,0.));
#13244=DIRECTION('',(0.,0.,1.));
#13245=DIRECTION('',(0.,0.,-1.));
#13246=DIRECTION('center_axis',(0.,0.,1.));
#13247=DIRECTION('ref_axis',(0.707106781186548,0.707106781186548,0.));
#13248=DIRECTION('',(0.,0.,-1.));
#13249=DIRECTION('',(0.,0.,1.));
#13250=DIRECTION('center_axis',(-1.,5.8915136919967E-16,0.));
#13251=DIRECTION('ref_axis',(0.,-0.707106781186547,-0.707106781186548));
#13252=DIRECTION('',(1.,-5.8915136919967E-16,0.));
#13253=DIRECTION('',(-1.,5.8915136919967E-16,0.));
#13254=DIRECTION('center_axis',(1.,-5.8915136919967E-16,0.));
#13255=DIRECTION('ref_axis',(0.,0.707106781186547,0.707106781186548));
#13256=DIRECTION('',(-1.,5.8915136919967E-16,0.));
#13257=DIRECTION('',(1.,-5.8915136919967E-16,0.));
#13258=DIRECTION('center_axis',(-1.04738021191052E-16,1.,0.));
#13259=DIRECTION('ref_axis',(-0.707106781186547,0.,0.707106781186548));
#13260=DIRECTION('',(1.04738021191052E-16,-1.,0.));
#13261=DIRECTION('',(-1.04738021191052E-16,1.,0.));
#13262=DIRECTION('center_axis',(0.,0.,-1.));
#13263=DIRECTION('ref_axis',(0.707106781186548,0.707106781186548,0.));
#13264=DIRECTION('',(0.,0.,1.));
#13265=DIRECTION('',(0.,0.,-1.));
#13266=DIRECTION('center_axis',(-1.04738021191052E-16,1.,0.));
#13267=DIRECTION('ref_axis',(-0.707106781186548,0.,-0.707106781186548));
#13268=DIRECTION('',(1.04738021191052E-16,-1.,0.));
#13269=DIRECTION('',(-1.04738021191052E-16,1.,0.));
#13270=DIRECTION('center_axis',(1.,-5.8915136919967E-16,0.));
#13271=DIRECTION('ref_axis',(0.,0.707106781186548,-0.707106781186548));
#13272=DIRECTION('',(-1.,5.8915136919967E-16,0.));
#13273=DIRECTION('',(1.,-5.8915136919967E-16,0.));
#13274=DIRECTION('center_axis',(1.,-5.8915136919967E-16,0.));
#13275=DIRECTION('ref_axis',(0.,-0.707106781186547,0.707106781186548));
#13276=DIRECTION('',(1.,-5.8915136919967E-16,0.));
#13277=DIRECTION('center_axis',(0.,0.,-1.));
#13278=DIRECTION('ref_axis',(0.707106781186548,0.707106781186548,0.));
#13279=DIRECTION('',(0.,0.,1.));
#13280=DIRECTION('',(0.,0.,-1.));
#13281=DIRECTION('center_axis',(3.36034484654627E-16,-1.,0.));
#13282=DIRECTION('ref_axis',(0.707106781186547,0.,0.707106781186548));
#13283=DIRECTION('',(-3.36034484654627E-16,1.,0.));
#13284=DIRECTION('',(3.36034484654627E-16,-1.,0.));
#13285=DIRECTION('center_axis',(1.,-5.8915136919967E-16,0.));
#13286=DIRECTION('ref_axis',(0.,0.707106781186547,0.707106781186548));
#13287=DIRECTION('',(-1.,5.8915136919967E-16,0.));
#13288=DIRECTION('',(1.,-5.8915136919967E-16,0.));
#13289=DIRECTION('center_axis',(0.,0.,1.));
#13290=DIRECTION('ref_axis',(-0.707106781186547,0.707106781186548,0.));
#13291=DIRECTION('',(0.,0.,-1.));
#13292=DIRECTION('',(0.,0.,1.));
#13293=DIRECTION('center_axis',(1.04738021191052E-16,-1.,0.));
#13294=DIRECTION('ref_axis',(0.707106781186548,7.40609650322534E-17,-0.707106781186548));
#13295=DIRECTION('',(-1.04738021191052E-16,1.,0.));
#13296=DIRECTION('',(1.04738021191052E-16,-1.,0.));
#13297=DIRECTION('center_axis',(3.36034484654627E-16,-1.,0.));
#13298=DIRECTION('ref_axis',(0.707106781186547,0.,0.707106781186548));
#13299=DIRECTION('',(-3.36034484654627E-16,1.,0.));
#13300=DIRECTION('',(3.36034484654627E-16,-1.,0.));
#13301=DIRECTION('center_axis',(-1.,-1.04738021191052E-16,0.));
#13302=DIRECTION('ref_axis',(0.,-0.707106781186548,-0.707106781186548));
#13303=DIRECTION('',(1.,1.04738021191052E-16,0.));
#13304=DIRECTION('',(-1.,-1.04738021191052E-16,0.));
#13305=DIRECTION('center_axis',(0.,0.,-1.));
#13306=DIRECTION('ref_axis',(-0.707106781186548,0.707106781186547,0.));
#13307=DIRECTION('',(0.,0.,1.));
#13308=DIRECTION('',(0.,0.,-1.));
#13309=DIRECTION('center_axis',(-1.,0.,0.));
#13310=DIRECTION('ref_axis',(0.,-0.707106781186547,-0.707106781186548));
#13311=DIRECTION('',(1.,0.,0.));
#13312=DIRECTION('',(-1.,0.,0.));
#13313=DIRECTION('center_axis',(3.36034484654627E-16,-1.,0.));
#13314=DIRECTION('ref_axis',(0.707106781186548,0.,-0.707106781186547));
#13315=DIRECTION('',(-3.36034484654627E-16,1.,0.));
#13316=DIRECTION('',(3.36034484654627E-16,-1.,0.));
#13317=DIRECTION('center_axis',(-1.,0.,0.));
#13318=DIRECTION('ref_axis',(0.,-0.707106781186547,0.707106781186548));
#13319=DIRECTION('',(1.,0.,0.));
#13320=DIRECTION('center_axis',(1.,1.04738021191052E-16,0.));
#13321=DIRECTION('ref_axis',(0.,-0.707106781186548,0.707106781186548));
#13322=DIRECTION('',(-1.,-1.04738021191052E-16,0.));
#13323=DIRECTION('',(1.,1.04738021191052E-16,0.));
#13324=DIRECTION('center_axis',(1.,-5.8915136919967E-16,0.));
#13325=DIRECTION('ref_axis',(0.,0.707106781186548,-0.707106781186548));
#13326=DIRECTION('',(-1.,5.8915136919967E-16,0.));
#13327=DIRECTION('',(1.,-5.8915136919967E-16,0.));
#13328=DIRECTION('center_axis',(3.36034484654627E-16,-1.,0.));
#13329=DIRECTION('ref_axis',(0.707106781186548,0.,-0.707106781186548));
#13330=DIRECTION('',(-3.36034484654627E-16,1.,0.));
#13331=DIRECTION('',(3.36034484654627E-16,-1.,0.));
#13332=DIRECTION('center_axis',(-1.04738021191052E-16,1.,0.));
#13333=DIRECTION('ref_axis',(0.707106781186548,7.40609650322534E-17,0.707106781186548));
#13334=DIRECTION('',(-1.04738021191052E-16,1.,0.));
#13335=DIRECTION('center_axis',(0.,0.,-1.));
#13336=DIRECTION('ref_axis',(-0.707106781186547,0.707106781186548,0.));
#13337=DIRECTION('',(0.,0.,1.));
#13338=DIRECTION('',(0.,0.,-1.));
#13339=DIRECTION('center_axis',(0.,0.,-1.));
#13340=DIRECTION('ref_axis',(0.707106781186548,0.707106781186547,0.));
#13341=DIRECTION('',(0.,0.,1.));
#13342=DIRECTION('',(0.,0.,-1.));
#13343=DIRECTION('center_axis',(-1.,-1.04738021191052E-16,0.));
#13344=DIRECTION('ref_axis',(0.,-0.707106781186548,-0.707106781186548));
#13345=DIRECTION('',(1.,1.04738021191052E-16,0.));
#13346=DIRECTION('',(-1.,-1.04738021191052E-16,0.));
#13347=DIRECTION('center_axis',(-1.04738021191052E-16,1.,0.));
#13348=DIRECTION('ref_axis',(-0.707106781186547,0.,0.707106781186548));
#13349=DIRECTION('',(1.04738021191052E-16,-1.,0.));
#13350=DIRECTION('',(-1.04738021191052E-16,1.,0.));
#13351=DIRECTION('center_axis',(0.,0.,1.));
#13352=DIRECTION('ref_axis',(0.707106781186548,-0.707106781186547,0.));
#13353=DIRECTION('',(0.,0.,-1.));
#13354=DIRECTION('',(0.,0.,1.));
#13355=DIRECTION('center_axis',(0.,0.,-1.));
#13356=DIRECTION('ref_axis',(0.707106781186548,0.707106781186547,0.));
#13357=DIRECTION('',(0.,0.,1.));
#13358=DIRECTION('',(0.,0.,-1.));
#13359=DIRECTION('center_axis',(1.,1.04738021191052E-16,0.));
#13360=DIRECTION('ref_axis',(0.,-0.707106781186548,0.707106781186548));
#13361=DIRECTION('',(-1.,-1.04738021191052E-16,0.));
#13362=DIRECTION('',(1.,1.04738021191052E-16,0.));
#13363=DIRECTION('center_axis',(-1.04738021191052E-16,1.,0.));
#13364=DIRECTION('ref_axis',(-0.707106781186548,0.,-0.707106781186548));
#13365=DIRECTION('',(1.04738021191052E-16,-1.,0.));
#13366=DIRECTION('',(-1.04738021191052E-16,1.,0.));
#13367=DIRECTION('center_axis',(0.,0.,-1.));
#13368=DIRECTION('ref_axis',(-0.707106781186548,0.707106781186547,0.));
#13369=DIRECTION('',(0.,0.,1.));
#13370=DIRECTION('',(0.,0.,-1.));
#13371=DIRECTION('center_axis',(1.,2.34422091348217E-16,0.));
#13372=DIRECTION('ref_axis',(-2.34422091348217E-16,1.,0.));
#13373=DIRECTION('',(0.,0.,-1.));
#13374=DIRECTION('center_axis',(0.,0.,1.));
#13375=DIRECTION('ref_axis',(0.707106781186548,-0.707106781186547,0.));
#13376=DIRECTION('',(0.,0.,1.));
#13377=DIRECTION('center_axis',(0.,-1.,0.));
#13378=DIRECTION('ref_axis',(0.,0.,-1.));
#13379=DIRECTION('',(0.,0.,-1.));
#13380=DIRECTION('center_axis',(0.,0.,1.));
#13381=DIRECTION('ref_axis',(-0.707106781186548,-0.707106781186548,0.));
#13382=DIRECTION('',(0.,0.,1.));
#13383=DIRECTION('center_axis',(0.,-6.99485272571293E-17,1.));
#13384=DIRECTION('ref_axis',(0.,-1.,-6.99485272571293E-17));
#13385=DIRECTION('',(1.,0.,0.));
#13386=DIRECTION('',(1.,0.,0.));
#13387=DIRECTION('center_axis',(0.,-1.,-4.33680868994202E-16));
#13388=DIRECTION('ref_axis',(0.,4.33680868994202E-16,-1.));
#13389=DIRECTION('',(-1.,0.,0.));
#13390=DIRECTION('center_axis',(-1.,0.,0.));
#13391=DIRECTION('ref_axis',(0.,-0.707106781186548,0.707106781186547));
#13392=DIRECTION('center_axis',(0.,-1.,0.));
#13393=DIRECTION('ref_axis',(0.,0.,-1.));
#13394=DIRECTION('center_axis',(-1.,-3.36034484654627E-16,0.));
#13395=DIRECTION('ref_axis',(3.36034484654627E-16,-1.,0.));
#13396=DIRECTION('center_axis',(-5.8915136919967E-16,-1.,0.));
#13397=DIRECTION('ref_axis',(1.,-5.8915136919967E-16,0.));
#13398=DIRECTION('center_axis',(-1.,-3.36034484654627E-16,0.));
#13399=DIRECTION('ref_axis',(3.36034484654627E-16,-1.,0.));
#13400=DIRECTION('center_axis',(5.8915136919967E-16,1.,0.));
#13401=DIRECTION('ref_axis',(1.,-5.8915136919967E-16,0.));
#13402=DIRECTION('center_axis',(-1.,-1.04738021191052E-16,0.));
#13403=DIRECTION('ref_axis',(-1.04738021191052E-16,1.,0.));
#13404=DIRECTION('center_axis',(0.,-1.,0.));
#13405=DIRECTION('ref_axis',(0.,0.,-1.));
#13406=DIRECTION('center_axis',(0.,-1.,0.));
#13407=DIRECTION('ref_axis',(0.,0.,-1.));
#13408=DIRECTION('center_axis',(-1.,-3.36034484654627E-16,0.));
#13409=DIRECTION('ref_axis',(3.36034484654627E-16,-1.,0.));
#13410=DIRECTION('center_axis',(-5.8915136919967E-16,-1.,0.));
#13411=DIRECTION('ref_axis',(1.,-5.8915136919967E-16,0.));
#13412=DIRECTION('center_axis',(-1.,-3.36034484654627E-16,0.));
#13413=DIRECTION('ref_axis',(3.36034484654627E-16,-1.,0.));
#13414=DIRECTION('center_axis',(5.8915136919967E-16,1.,0.));
#13415=DIRECTION('ref_axis',(1.,-5.8915136919967E-16,0.));
#13416=DIRECTION('center_axis',(-1.,-1.04738021191052E-16,0.));
#13417=DIRECTION('ref_axis',(-1.04738021191052E-16,1.,0.));
#13418=DIRECTION('center_axis',(0.,-1.,0.));
#13419=DIRECTION('ref_axis',(0.,0.,-1.));
#13420=DIRECTION('center_axis',(-1.,-2.34422091348217E-16,0.));
#13421=DIRECTION('ref_axis',(2.34422091348217E-16,-1.,0.));
#13422=DIRECTION('center_axis',(0.,-1.,0.));
#13423=DIRECTION('ref_axis',(0.,0.,-1.));
#13424=DIRECTION('center_axis',(0.,-1.,0.));
#13425=DIRECTION('ref_axis',(0.,0.,-1.));
#13426=DIRECTION('center_axis',(1.,3.36034484654627E-16,0.));
#13427=DIRECTION('ref_axis',(3.36034484654627E-16,-1.,0.));
#13428=DIRECTION('center_axis',(1.,2.34422091348217E-16,0.));
#13429=DIRECTION('ref_axis',(-2.34422091348217E-16,1.,0.));
#13430=DIRECTION('center_axis',(0.,-1.,0.));
#13431=DIRECTION('ref_axis',(0.,0.,-1.));
#13432=DIRECTION('center_axis',(-5.8915136919967E-16,-1.,0.));
#13433=DIRECTION('ref_axis',(1.,-5.8915136919967E-16,0.));
#13434=DIRECTION('center_axis',(-1.,-3.36034484654627E-16,0.));
#13435=DIRECTION('ref_axis',(3.36034484654627E-16,-1.,0.));
#13436=DIRECTION('center_axis',(1.,2.34422091348217E-16,0.));
#13437=DIRECTION('ref_axis',(-2.34422091348217E-16,1.,0.));
#13438=DIRECTION('center_axis',(5.8915136919967E-16,1.,0.));
#13439=DIRECTION('ref_axis',(1.,-5.8915136919967E-16,0.));
#13440=DIRECTION('center_axis',(0.,0.,1.));
#13441=DIRECTION('ref_axis',(1.,0.,0.));
#13442=DIRECTION('center_axis',(-1.,-1.04738021191052E-16,0.));
#13443=DIRECTION('ref_axis',(-1.04738021191052E-16,1.,0.));
#13444=DIRECTION('center_axis',(0.,-1.,0.));
#13445=DIRECTION('ref_axis',(0.,0.,-1.));
#13446=DIRECTION('center_axis',(0.,0.,-1.));
#13447=DIRECTION('ref_axis',(-1.,0.,0.));
#13448=DIRECTION('center_axis',(0.,0.,-1.));
#13449=DIRECTION('ref_axis',(-1.,0.,0.));
#13450=DIRECTION('center_axis',(-1.,-2.34422091348217E-16,0.));
#13451=DIRECTION('ref_axis',(2.34422091348217E-16,-1.,0.));
#13452=DIRECTION('center_axis',(0.,-1.,0.));
#13453=DIRECTION('ref_axis',(0.,0.,-1.));
#13454=DIRECTION('center_axis',(-1.,0.,0.));
#13455=DIRECTION('ref_axis',(0.,0.,1.));
#13456=DIRECTION('center_axis',(0.,-1.,0.));
#13457=DIRECTION('ref_axis',(0.,0.,-1.));
#13458=DIRECTION('center_axis',(-1.,0.,0.));
#13459=DIRECTION('ref_axis',(0.,0.,1.));
#13460=DIRECTION('center_axis',(0.,0.,-1.));
#13461=DIRECTION('ref_axis',(-1.,0.,0.));
#13462=DIRECTION('center_axis',(0.,0.,1.));
#13463=DIRECTION('ref_axis',(-0.146418281995171,0.989222768994721,0.));
#13464=DIRECTION('center_axis',(-5.8915136919967E-16,-1.,0.));
#13465=DIRECTION('ref_axis',(1.,-5.8915136919967E-16,0.));
#13466=DIRECTION('center_axis',(0.,0.,-1.));
#13467=DIRECTION('ref_axis',(-1.,0.,0.));
#13468=DIRECTION('center_axis',(0.,0.,-1.));
#13469=DIRECTION('ref_axis',(-1.,0.,0.));
#13470=DIRECTION('center_axis',(5.8915136919967E-16,1.,0.));
#13471=DIRECTION('ref_axis',(1.,-5.8915136919967E-16,0.));
#13472=DIRECTION('center_axis',(0.,0.,-1.));
#13473=DIRECTION('ref_axis',(-1.,0.,0.));
#13474=DIRECTION('center_axis',(-1.04738021191052E-16,1.,0.));
#13475=DIRECTION('ref_axis',(1.,1.04738021191052E-16,0.));
#13476=DIRECTION('center_axis',(0.,0.,-1.));
#13477=DIRECTION('ref_axis',(0.146418281995171,0.989222768994721,0.));
#13478=DIRECTION('center_axis',(-1.,-1.04738021191052E-16,0.));
#13479=DIRECTION('ref_axis',(-1.04738021191052E-16,1.,0.));
#13480=DIRECTION('center_axis',(0.,0.,-1.));
#13481=DIRECTION('ref_axis',(-1.,0.,0.));
#13482=DIRECTION('center_axis',(-1.04738021191052E-16,1.,0.));
#13483=DIRECTION('ref_axis',(1.,1.04738021191052E-16,0.));
#13484=DIRECTION('center_axis',(-5.8915136919967E-16,-1.,0.));
#13485=DIRECTION('ref_axis',(1.,-5.8915136919967E-16,0.));
#13486=DIRECTION('center_axis',(0.,0.,-1.));
#13487=DIRECTION('ref_axis',(-1.,0.,0.));
#13488=DIRECTION('center_axis',(0.,0.,-1.));
#13489=DIRECTION('ref_axis',(-1.,0.,0.));
#13490=DIRECTION('center_axis',(5.8915136919967E-16,1.,0.));
#13491=DIRECTION('ref_axis',(1.,-5.8915136919967E-16,0.));
#13492=DIRECTION('center_axis',(0.,0.,-1.));
#13493=DIRECTION('ref_axis',(-1.,0.,0.));
#13494=DIRECTION('center_axis',(-1.04738021191052E-16,1.,0.));
#13495=DIRECTION('ref_axis',(1.,1.04738021191052E-16,0.));
#13496=DIRECTION('center_axis',(-1.,-1.04738021191052E-16,0.));
#13497=DIRECTION('ref_axis',(-1.04738021191052E-16,1.,0.));
#13498=DIRECTION('center_axis',(0.,0.,-1.));
#13499=DIRECTION('ref_axis',(-1.,0.,0.));
#13500=DIRECTION('center_axis',(-1.04738021191052E-16,1.,0.));
#13501=DIRECTION('ref_axis',(1.,1.04738021191052E-16,0.));
#13502=DIRECTION('center_axis',(-5.8915136919967E-16,-1.,0.));
#13503=DIRECTION('ref_axis',(1.,-5.8915136919967E-16,0.));
#13504=DIRECTION('center_axis',(0.,0.,-1.));
#13505=DIRECTION('ref_axis',(-1.,0.,0.));
#13506=DIRECTION('center_axis',(0.,0.,-1.));
#13507=DIRECTION('ref_axis',(-1.,0.,0.));
#13508=DIRECTION('center_axis',(5.8915136919967E-16,1.,0.));
#13509=DIRECTION('ref_axis',(1.,-5.8915136919967E-16,0.));
#13510=DIRECTION('center_axis',(0.,0.,-1.));
#13511=DIRECTION('ref_axis',(-1.,0.,0.));
#13512=DIRECTION('center_axis',(-1.04738021191052E-16,1.,0.));
#13513=DIRECTION('ref_axis',(1.,1.04738021191052E-16,0.));
#13514=DIRECTION('center_axis',(0.,0.,-1.));
#13515=DIRECTION('ref_axis',(-1.,0.,0.));
#13516=DIRECTION('center_axis',(-1.,-1.04738021191052E-16,0.));
#13517=DIRECTION('ref_axis',(-1.04738021191052E-16,1.,0.));
#13518=DIRECTION('center_axis',(-1.04738021191052E-16,1.,0.));
#13519=DIRECTION('ref_axis',(1.,1.04738021191052E-16,0.));
#13520=DIRECTION('center_axis',(-1.,-2.34422091348217E-16,0.));
#13521=DIRECTION('ref_axis',(2.34422091348217E-16,-1.,0.));
#13522=DIRECTION('center_axis',(-1.,0.,0.));
#13523=DIRECTION('ref_axis',(0.,-0.707106781186548,0.707106781186547));
#13524=DIRECTION('',(-1.,0.,0.));
#13525=DIRECTION('center_axis',(0.,-1.,-4.33680868994202E-16));
#13526=DIRECTION('ref_axis',(0.,4.33680868994202E-16,-1.));
#13527=DIRECTION('center_axis',(2.9909025447876E-16,-1.,0.));
#13528=DIRECTION('ref_axis',(1.,2.9909025447876E-16,0.));
#13529=DIRECTION('center_axis',(1.,0.,4.23103286823611E-16));
#13530=DIRECTION('ref_axis',(4.23103286823611E-16,0.,-1.));
#13531=DIRECTION('axis',(0.,0.,1.));
#13532=DIRECTION('refdir',(1.,0.,0.));
#13533=DIRECTION('center_axis',(-0.970142500145332,-0.242535625036333,0.));
#13534=DIRECTION('ref_axis',(0.,0.,1.));
#13535=DIRECTION('',(-0.235702260395516,0.942809041582063,0.235702260395516));
#13536=DIRECTION('',(0.,0.,-1.));
#13537=DIRECTION('',(0.235702260395516,-0.942809041582063,0.235702260395516));
#13538=DIRECTION('',(0.,0.,1.));
#13539=DIRECTION('center_axis',(0.,-1.,0.));
#13540=DIRECTION('ref_axis',(0.,0.,-1.));
#13541=DIRECTION('',(-1.,0.,8.470329472543E-17));
#13542=DIRECTION('',(-1.35525271560688E-15,0.,-1.));
#13543=DIRECTION('',(1.,0.,-1.6940658945086E-16));
#13544=DIRECTION('center_axis',(-8.21742661154756E-17,-0.242535625036333,
-0.970142500145332));
#13545=DIRECTION('ref_axis',(-1.,0.,8.47032947254301E-17));
#13546=DIRECTION('',(1.,0.,-8.470329472543E-17));
#13547=DIRECTION('',(-0.235702260395516,-0.942809041582063,0.235702260395516));
#13548=DIRECTION('center_axis',(0.970142500145332,-0.242535625036333,-1.31478825784761E-15));
#13549=DIRECTION('ref_axis',(-1.35525271560688E-15,0.,-1.));
#13550=DIRECTION('',(1.35525271560688E-15,0.,1.));
#13551=DIRECTION('',(0.235702260395516,0.942809041582063,0.235702260395516));
#13552=DIRECTION('center_axis',(1.64348532230951E-16,-0.242535625036333,
0.970142500145332));
#13553=DIRECTION('ref_axis',(1.,0.,-1.6940658945086E-16));
#13554=DIRECTION('',(-1.,0.,1.6940658945086E-16));
#13555=DIRECTION('center_axis',(1.,0.,0.));
#13556=DIRECTION('ref_axis',(0.,0.,-1.));
#13557=DIRECTION('',(0.,-1.,0.));
#13558=DIRECTION('',(0.,0.,1.));
#13559=DIRECTION('',(0.,-1.,0.));
#13560=DIRECTION('center_axis',(-1.6940658945086E-16,0.,-1.));
#13561=DIRECTION('ref_axis',(-1.,0.,1.6940658945086E-16));
#13562=DIRECTION('',(0.,-1.,0.));
#13563=DIRECTION('',(1.,0.,-1.6940658945086E-16));
#13564=DIRECTION('center_axis',(-8.21742661154756E-17,0.242535625036333,
-0.970142500145332));
#13565=DIRECTION('ref_axis',(-1.,0.,8.470329472543E-17));
#13566=DIRECTION('',(0.235702260395516,-0.942809041582063,-0.235702260395516));
#13567=DIRECTION('',(-1.,0.,8.470329472543E-17));
#13568=DIRECTION('',(0.235702260395516,0.942809041582063,0.235702260395516));
#13569=DIRECTION('',(1.,0.,-8.470329472543E-17));
#13570=DIRECTION('center_axis',(0.,-1.,0.));
#13571=DIRECTION('ref_axis',(0.,0.,-1.));
#13572=DIRECTION('',(0.,0.,-1.));
#13573=DIRECTION('',(-1.,0.,1.6940658945086E-16));
#13574=DIRECTION('',(1.35525271560688E-15,0.,1.));
#13575=DIRECTION('center_axis',(-0.970142500145332,0.242535625036333,0.));
#13576=DIRECTION('ref_axis',(0.,0.,1.));
#13577=DIRECTION('',(0.235702260395516,0.942809041582063,-0.235702260395516));
#13578=DIRECTION('center_axis',(1.64348532230951E-16,0.242535625036333,
0.970142500145332));
#13579=DIRECTION('ref_axis',(1.,0.,-1.6940658945086E-16));
#13580=DIRECTION('',(-0.235702260395516,0.942809041582063,-0.235702260395516));
#13581=DIRECTION('center_axis',(0.970142500145332,0.242535625036333,-1.31478825784761E-15));
#13582=DIRECTION('ref_axis',(-1.35525271560688E-15,0.,-1.));
#13583=DIRECTION('',(-1.35525271560688E-15,0.,-1.));
#13584=DIRECTION('center_axis',(-1.,0.,1.35525271560688E-15));
#13585=DIRECTION('ref_axis',(1.35525271560688E-15,0.,1.));
#13586=DIRECTION('',(0.,-1.,0.));
#13587=DIRECTION('center_axis',(8.470329472543E-17,0.,1.));
#13588=DIRECTION('ref_axis',(1.,0.,-8.470329472543E-17));
#13589=DIRECTION('center_axis',(-0.970142500145332,-0.242535625036333,0.));
#13590=DIRECTION('ref_axis',(0.,0.,1.));
#13591=DIRECTION('',(-0.235702260395516,0.942809041582063,0.235702260395516));
#13592=DIRECTION('',(0.,0.,-1.));
#13593=DIRECTION('',(0.235702260395516,-0.942809041582063,0.235702260395516));
#13594=DIRECTION('',(0.,0.,1.));
#13595=DIRECTION('center_axis',(0.,-1.,0.));
#13596=DIRECTION('ref_axis',(0.,0.,-1.));
#13597=DIRECTION('',(-1.,0.,8.470329472543E-17));
#13598=DIRECTION('',(-1.35525271560688E-15,0.,-1.));
#13599=DIRECTION('',(1.,0.,-1.6940658945086E-16));
#13600=DIRECTION('center_axis',(-8.21742661154756E-17,-0.242535625036333,
-0.970142500145332));
#13601=DIRECTION('ref_axis',(-1.,0.,8.47032947254301E-17));
#13602=DIRECTION('',(1.,0.,-8.470329472543E-17));
#13603=DIRECTION('',(-0.235702260395516,-0.942809041582063,0.235702260395516));
#13604=DIRECTION('center_axis',(0.970142500145332,-0.242535625036333,-1.31478825784761E-15));
#13605=DIRECTION('ref_axis',(-1.35525271560688E-15,0.,-1.));
#13606=DIRECTION('',(1.35525271560688E-15,0.,1.));
#13607=DIRECTION('',(0.235702260395516,0.942809041582063,0.235702260395516));
#13608=DIRECTION('center_axis',(1.64348532230951E-16,-0.242535625036333,
0.970142500145332));
#13609=DIRECTION('ref_axis',(1.,0.,-1.6940658945086E-16));
#13610=DIRECTION('',(-1.,0.,1.6940658945086E-16));
#13611=DIRECTION('center_axis',(1.,0.,0.));
#13612=DIRECTION('ref_axis',(0.,0.,-1.));
#13613=DIRECTION('',(0.,-1.,0.));
#13614=DIRECTION('',(0.,0.,1.));
#13615=DIRECTION('',(0.,-1.,0.));
#13616=DIRECTION('center_axis',(-1.6940658945086E-16,0.,-1.));
#13617=DIRECTION('ref_axis',(-1.,0.,1.6940658945086E-16));
#13618=DIRECTION('',(0.,-1.,0.));
#13619=DIRECTION('',(1.,0.,-1.6940658945086E-16));
#13620=DIRECTION('center_axis',(-8.21742661154756E-17,0.242535625036333,
-0.970142500145332));
#13621=DIRECTION('ref_axis',(-1.,0.,8.470329472543E-17));
#13622=DIRECTION('',(0.235702260395516,-0.942809041582063,-0.235702260395516));
#13623=DIRECTION('',(-1.,0.,8.470329472543E-17));
#13624=DIRECTION('',(0.235702260395516,0.942809041582063,0.235702260395516));
#13625=DIRECTION('',(1.,0.,-8.470329472543E-17));
#13626=DIRECTION('center_axis',(0.,-1.,0.));
#13627=DIRECTION('ref_axis',(0.,0.,-1.));
#13628=DIRECTION('',(0.,0.,-1.));
#13629=DIRECTION('',(-1.,0.,1.6940658945086E-16));
#13630=DIRECTION('',(1.35525271560688E-15,0.,1.));
#13631=DIRECTION('center_axis',(-0.970142500145332,0.242535625036333,0.));
#13632=DIRECTION('ref_axis',(0.,0.,1.));
#13633=DIRECTION('',(0.235702260395516,0.942809041582063,-0.235702260395516));
#13634=DIRECTION('center_axis',(1.64348532230951E-16,0.242535625036333,
0.970142500145332));
#13635=DIRECTION('ref_axis',(1.,0.,-1.6940658945086E-16));
#13636=DIRECTION('',(-0.235702260395516,0.942809041582063,-0.235702260395516));
#13637=DIRECTION('center_axis',(0.970142500145332,0.242535625036333,-1.31478825784761E-15));
#13638=DIRECTION('ref_axis',(-1.35525271560688E-15,0.,-1.));
#13639=DIRECTION('',(-1.35525271560688E-15,0.,-1.));
#13640=DIRECTION('center_axis',(-1.,0.,1.35525271560688E-15));
#13641=DIRECTION('ref_axis',(1.35525271560688E-15,0.,1.));
#13642=DIRECTION('',(0.,-1.,0.));
#13643=DIRECTION('center_axis',(8.470329472543E-17,0.,1.));
#13644=DIRECTION('ref_axis',(1.,0.,-8.470329472543E-17));
#13645=DIRECTION('center_axis',(-0.970142500145332,-0.242535625036333,0.));
#13646=DIRECTION('ref_axis',(0.,0.,1.));
#13647=DIRECTION('',(-0.235702260395516,0.942809041582063,0.235702260395516));
#13648=DIRECTION('',(0.,0.,-1.));
#13649=DIRECTION('',(0.235702260395516,-0.942809041582063,0.235702260395516));
#13650=DIRECTION('',(0.,0.,1.));
#13651=DIRECTION('center_axis',(0.,-1.,0.));
#13652=DIRECTION('ref_axis',(0.,0.,-1.));
#13653=DIRECTION('',(-1.,0.,8.470329472543E-17));
#13654=DIRECTION('',(-1.35525271560688E-15,0.,-1.));
#13655=DIRECTION('',(1.,0.,-1.6940658945086E-16));
#13656=DIRECTION('center_axis',(-8.21742661154756E-17,-0.242535625036333,
-0.970142500145332));
#13657=DIRECTION('ref_axis',(-1.,0.,8.47032947254301E-17));
#13658=DIRECTION('',(1.,0.,-8.470329472543E-17));
#13659=DIRECTION('',(-0.235702260395516,-0.942809041582063,0.235702260395516));
#13660=DIRECTION('center_axis',(0.970142500145332,-0.242535625036333,-1.31478825784761E-15));
#13661=DIRECTION('ref_axis',(-1.35525271560688E-15,0.,-1.));
#13662=DIRECTION('',(1.35525271560688E-15,0.,1.));
#13663=DIRECTION('',(0.235702260395516,0.942809041582063,0.235702260395516));
#13664=DIRECTION('center_axis',(1.64348532230951E-16,-0.242535625036333,
0.970142500145332));
#13665=DIRECTION('ref_axis',(1.,0.,-1.6940658945086E-16));
#13666=DIRECTION('',(-1.,0.,1.6940658945086E-16));
#13667=DIRECTION('center_axis',(1.,0.,0.));
#13668=DIRECTION('ref_axis',(0.,0.,-1.));
#13669=DIRECTION('',(0.,-1.,0.));
#13670=DIRECTION('',(0.,0.,1.));
#13671=DIRECTION('',(0.,-1.,0.));
#13672=DIRECTION('center_axis',(-1.6940658945086E-16,0.,-1.));
#13673=DIRECTION('ref_axis',(-1.,0.,1.6940658945086E-16));
#13674=DIRECTION('',(0.,-1.,0.));
#13675=DIRECTION('',(1.,0.,-1.6940658945086E-16));
#13676=DIRECTION('center_axis',(-8.21742661154756E-17,0.242535625036333,
-0.970142500145332));
#13677=DIRECTION('ref_axis',(-1.,0.,8.470329472543E-17));
#13678=DIRECTION('',(0.235702260395516,-0.942809041582063,-0.235702260395516));
#13679=DIRECTION('',(-1.,0.,8.470329472543E-17));
#13680=DIRECTION('',(0.235702260395516,0.942809041582063,0.235702260395516));
#13681=DIRECTION('',(1.,0.,-8.470329472543E-17));
#13682=DIRECTION('center_axis',(0.,-1.,0.));
#13683=DIRECTION('ref_axis',(0.,0.,-1.));
#13684=DIRECTION('',(0.,0.,-1.));
#13685=DIRECTION('',(-1.,0.,1.6940658945086E-16));
#13686=DIRECTION('',(1.35525271560688E-15,0.,1.));
#13687=DIRECTION('center_axis',(-0.970142500145332,0.242535625036333,0.));
#13688=DIRECTION('ref_axis',(0.,0.,1.));
#13689=DIRECTION('',(0.235702260395516,0.942809041582063,-0.235702260395516));
#13690=DIRECTION('center_axis',(1.64348532230951E-16,0.242535625036333,
0.970142500145332));
#13691=DIRECTION('ref_axis',(1.,0.,-1.6940658945086E-16));
#13692=DIRECTION('',(-0.235702260395516,0.942809041582063,-0.235702260395516));
#13693=DIRECTION('center_axis',(0.970142500145332,0.242535625036333,-1.31478825784761E-15));
#13694=DIRECTION('ref_axis',(-1.35525271560688E-15,0.,-1.));
#13695=DIRECTION('',(-1.35525271560688E-15,0.,-1.));
#13696=DIRECTION('center_axis',(-1.,0.,1.35525271560688E-15));
#13697=DIRECTION('ref_axis',(1.35525271560688E-15,0.,1.));
#13698=DIRECTION('',(0.,-1.,0.));
#13699=DIRECTION('center_axis',(8.470329472543E-17,0.,1.));
#13700=DIRECTION('ref_axis',(1.,0.,-8.470329472543E-17));
#13701=DIRECTION('center_axis',(-0.970142500145332,-0.242535625036333,0.));
#13702=DIRECTION('ref_axis',(0.,0.,1.));
#13703=DIRECTION('',(-0.235702260395516,0.942809041582063,0.235702260395516));
#13704=DIRECTION('',(0.,0.,-1.));
#13705=DIRECTION('',(0.235702260395516,-0.942809041582063,0.235702260395516));
#13706=DIRECTION('',(0.,0.,1.));
#13707=DIRECTION('center_axis',(0.,-1.,0.));
#13708=DIRECTION('ref_axis',(0.,0.,-1.));
#13709=DIRECTION('',(-1.,0.,8.470329472543E-17));
#13710=DIRECTION('',(-1.35525271560688E-15,0.,-1.));
#13711=DIRECTION('',(1.,0.,-1.6940658945086E-16));
#13712=DIRECTION('center_axis',(-8.21742661154756E-17,-0.242535625036333,
-0.970142500145332));
#13713=DIRECTION('ref_axis',(-1.,0.,8.47032947254301E-17));
#13714=DIRECTION('',(1.,0.,-8.470329472543E-17));
#13715=DIRECTION('',(-0.235702260395516,-0.942809041582063,0.235702260395516));
#13716=DIRECTION('center_axis',(0.970142500145332,-0.242535625036333,-1.31478825784761E-15));
#13717=DIRECTION('ref_axis',(-1.35525271560688E-15,0.,-1.));
#13718=DIRECTION('',(1.35525271560688E-15,0.,1.));
#13719=DIRECTION('',(0.235702260395516,0.942809041582063,0.235702260395516));
#13720=DIRECTION('center_axis',(1.64348532230951E-16,-0.242535625036333,
0.970142500145332));
#13721=DIRECTION('ref_axis',(1.,0.,-1.6940658945086E-16));
#13722=DIRECTION('',(-1.,0.,1.6940658945086E-16));
#13723=DIRECTION('center_axis',(1.,0.,0.));
#13724=DIRECTION('ref_axis',(0.,0.,-1.));
#13725=DIRECTION('',(0.,-1.,0.));
#13726=DIRECTION('',(0.,0.,1.));
#13727=DIRECTION('',(0.,-1.,0.));
#13728=DIRECTION('center_axis',(-1.6940658945086E-16,0.,-1.));
#13729=DIRECTION('ref_axis',(-1.,0.,1.6940658945086E-16));
#13730=DIRECTION('',(0.,-1.,0.));
#13731=DIRECTION('',(1.,0.,-1.6940658945086E-16));
#13732=DIRECTION('center_axis',(-8.21742661154756E-17,0.242535625036333,
-0.970142500145332));
#13733=DIRECTION('ref_axis',(-1.,0.,8.470329472543E-17));
#13734=DIRECTION('',(0.235702260395516,-0.942809041582063,-0.235702260395516));
#13735=DIRECTION('',(-1.,0.,8.470329472543E-17));
#13736=DIRECTION('',(0.235702260395516,0.942809041582063,0.235702260395516));
#13737=DIRECTION('',(1.,0.,-8.470329472543E-17));
#13738=DIRECTION('center_axis',(0.,-1.,0.));
#13739=DIRECTION('ref_axis',(0.,0.,-1.));
#13740=DIRECTION('',(0.,0.,-1.));
#13741=DIRECTION('',(-1.,0.,1.6940658945086E-16));
#13742=DIRECTION('',(1.35525271560688E-15,0.,1.));
#13743=DIRECTION('center_axis',(-0.970142500145332,0.242535625036333,0.));
#13744=DIRECTION('ref_axis',(0.,0.,1.));
#13745=DIRECTION('',(0.235702260395516,0.942809041582063,-0.235702260395516));
#13746=DIRECTION('center_axis',(1.64348532230951E-16,0.242535625036333,
0.970142500145332));
#13747=DIRECTION('ref_axis',(1.,0.,-1.6940658945086E-16));
#13748=DIRECTION('',(-0.235702260395516,0.942809041582063,-0.235702260395516));
#13749=DIRECTION('center_axis',(0.970142500145332,0.242535625036333,-1.31478825784761E-15));
#13750=DIRECTION('ref_axis',(-1.35525271560688E-15,0.,-1.));
#13751=DIRECTION('',(-1.35525271560688E-15,0.,-1.));
#13752=DIRECTION('center_axis',(-1.,0.,1.35525271560688E-15));
#13753=DIRECTION('ref_axis',(1.35525271560688E-15,0.,1.));
#13754=DIRECTION('',(0.,-1.,0.));
#13755=DIRECTION('center_axis',(8.470329472543E-17,0.,1.));
#13756=DIRECTION('ref_axis',(1.,0.,-8.470329472543E-17));
#13757=DIRECTION('center_axis',(-0.970142500145332,-0.242535625036333,0.));
#13758=DIRECTION('ref_axis',(0.,0.,1.));
#13759=DIRECTION('',(-0.235702260395516,0.942809041582063,0.235702260395516));
#13760=DIRECTION('',(0.,0.,-1.));
#13761=DIRECTION('',(0.235702260395516,-0.942809041582063,0.235702260395516));
#13762=DIRECTION('',(0.,0.,1.));
#13763=DIRECTION('center_axis',(0.,-1.,0.));
#13764=DIRECTION('ref_axis',(0.,0.,-1.));
#13765=DIRECTION('',(-1.,0.,8.470329472543E-17));
#13766=DIRECTION('',(-1.35525271560688E-15,0.,-1.));
#13767=DIRECTION('',(1.,0.,-1.6940658945086E-16));
#13768=DIRECTION('center_axis',(-8.21742661154756E-17,-0.242535625036333,
-0.970142500145332));
#13769=DIRECTION('ref_axis',(-1.,0.,8.47032947254301E-17));
#13770=DIRECTION('',(1.,0.,-8.470329472543E-17));
#13771=DIRECTION('',(-0.235702260395516,-0.942809041582063,0.235702260395516));
#13772=DIRECTION('center_axis',(0.970142500145332,-0.242535625036333,-1.31478825784761E-15));
#13773=DIRECTION('ref_axis',(-1.35525271560688E-15,0.,-1.));
#13774=DIRECTION('',(1.35525271560688E-15,0.,1.));
#13775=DIRECTION('',(0.235702260395516,0.942809041582063,0.235702260395516));
#13776=DIRECTION('center_axis',(1.64348532230951E-16,-0.242535625036333,
0.970142500145332));
#13777=DIRECTION('ref_axis',(1.,0.,-1.6940658945086E-16));
#13778=DIRECTION('',(-1.,0.,1.6940658945086E-16));
#13779=DIRECTION('center_axis',(1.,0.,0.));
#13780=DIRECTION('ref_axis',(0.,0.,-1.));
#13781=DIRECTION('',(0.,-1.,0.));
#13782=DIRECTION('',(0.,0.,1.));
#13783=DIRECTION('',(0.,-1.,0.));
#13784=DIRECTION('center_axis',(-1.6940658945086E-16,0.,-1.));
#13785=DIRECTION('ref_axis',(-1.,0.,1.6940658945086E-16));
#13786=DIRECTION('',(0.,-1.,0.));
#13787=DIRECTION('',(1.,0.,-1.6940658945086E-16));
#13788=DIRECTION('center_axis',(-8.21742661154756E-17,0.242535625036333,
-0.970142500145332));
#13789=DIRECTION('ref_axis',(-1.,0.,8.470329472543E-17));
#13790=DIRECTION('',(0.235702260395516,-0.942809041582063,-0.235702260395516));
#13791=DIRECTION('',(-1.,0.,8.470329472543E-17));
#13792=DIRECTION('',(0.235702260395516,0.942809041582063,0.235702260395516));
#13793=DIRECTION('',(1.,0.,-8.470329472543E-17));
#13794=DIRECTION('center_axis',(0.,-1.,0.));
#13795=DIRECTION('ref_axis',(0.,0.,-1.));
#13796=DIRECTION('',(0.,0.,-1.));
#13797=DIRECTION('',(-1.,0.,1.6940658945086E-16));
#13798=DIRECTION('',(1.35525271560688E-15,0.,1.));
#13799=DIRECTION('center_axis',(-0.970142500145332,0.242535625036333,0.));
#13800=DIRECTION('ref_axis',(0.,0.,1.));
#13801=DIRECTION('',(0.235702260395516,0.942809041582063,-0.235702260395516));
#13802=DIRECTION('center_axis',(1.64348532230951E-16,0.242535625036333,
0.970142500145332));
#13803=DIRECTION('ref_axis',(1.,0.,-1.6940658945086E-16));
#13804=DIRECTION('',(-0.235702260395516,0.942809041582063,-0.235702260395516));
#13805=DIRECTION('center_axis',(0.970142500145332,0.242535625036333,-1.31478825784761E-15));
#13806=DIRECTION('ref_axis',(-1.35525271560688E-15,0.,-1.));
#13807=DIRECTION('',(-1.35525271560688E-15,0.,-1.));
#13808=DIRECTION('center_axis',(-1.,0.,1.35525271560688E-15));
#13809=DIRECTION('ref_axis',(1.35525271560688E-15,0.,1.));
#13810=DIRECTION('',(0.,-1.,0.));
#13811=DIRECTION('center_axis',(8.470329472543E-17,0.,1.));
#13812=DIRECTION('ref_axis',(1.,0.,-8.470329472543E-17));
#13813=DIRECTION('center_axis',(-0.970142500145332,-0.242535625036333,0.));
#13814=DIRECTION('ref_axis',(0.,0.,1.));
#13815=DIRECTION('',(-0.235702260395516,0.942809041582063,0.235702260395516));
#13816=DIRECTION('',(0.,0.,-1.));
#13817=DIRECTION('',(0.235702260395516,-0.942809041582063,0.235702260395516));
#13818=DIRECTION('',(0.,0.,1.));
#13819=DIRECTION('center_axis',(0.,-1.,0.));
#13820=DIRECTION('ref_axis',(0.,0.,-1.));
#13821=DIRECTION('',(-1.,0.,8.470329472543E-17));
#13822=DIRECTION('',(-1.35525271560688E-15,0.,-1.));
#13823=DIRECTION('',(1.,0.,-1.6940658945086E-16));
#13824=DIRECTION('center_axis',(-8.21742661154756E-17,-0.242535625036333,
-0.970142500145332));
#13825=DIRECTION('ref_axis',(-1.,0.,8.47032947254301E-17));
#13826=DIRECTION('',(1.,0.,-8.470329472543E-17));
#13827=DIRECTION('',(-0.235702260395516,-0.942809041582063,0.235702260395516));
#13828=DIRECTION('center_axis',(0.970142500145332,-0.242535625036333,-1.31478825784761E-15));
#13829=DIRECTION('ref_axis',(-1.35525271560688E-15,0.,-1.));
#13830=DIRECTION('',(1.35525271560688E-15,0.,1.));
#13831=DIRECTION('',(0.235702260395516,0.942809041582063,0.235702260395516));
#13832=DIRECTION('center_axis',(1.64348532230951E-16,-0.242535625036333,
0.970142500145332));
#13833=DIRECTION('ref_axis',(1.,0.,-1.6940658945086E-16));
#13834=DIRECTION('',(-1.,0.,1.6940658945086E-16));
#13835=DIRECTION('center_axis',(1.,0.,0.));
#13836=DIRECTION('ref_axis',(0.,0.,-1.));
#13837=DIRECTION('',(0.,-1.,0.));
#13838=DIRECTION('',(0.,0.,1.));
#13839=DIRECTION('',(0.,-1.,0.));
#13840=DIRECTION('center_axis',(-1.6940658945086E-16,0.,-1.));
#13841=DIRECTION('ref_axis',(-1.,0.,1.6940658945086E-16));
#13842=DIRECTION('',(0.,-1.,0.));
#13843=DIRECTION('',(1.,0.,-1.6940658945086E-16));
#13844=DIRECTION('center_axis',(-8.21742661154756E-17,0.242535625036333,
-0.970142500145332));
#13845=DIRECTION('ref_axis',(-1.,0.,8.470329472543E-17));
#13846=DIRECTION('',(0.235702260395516,-0.942809041582063,-0.235702260395516));
#13847=DIRECTION('',(-1.,0.,8.470329472543E-17));
#13848=DIRECTION('',(0.235702260395516,0.942809041582063,0.235702260395516));
#13849=DIRECTION('',(1.,0.,-8.470329472543E-17));
#13850=DIRECTION('center_axis',(0.,-1.,0.));
#13851=DIRECTION('ref_axis',(0.,0.,-1.));
#13852=DIRECTION('',(0.,0.,-1.));
#13853=DIRECTION('',(-1.,0.,1.6940658945086E-16));
#13854=DIRECTION('',(1.35525271560688E-15,0.,1.));
#13855=DIRECTION('center_axis',(-0.970142500145332,0.242535625036333,0.));
#13856=DIRECTION('ref_axis',(0.,0.,1.));
#13857=DIRECTION('',(0.235702260395516,0.942809041582063,-0.235702260395516));
#13858=DIRECTION('center_axis',(1.64348532230951E-16,0.242535625036333,
0.970142500145332));
#13859=DIRECTION('ref_axis',(1.,0.,-1.6940658945086E-16));
#13860=DIRECTION('',(-0.235702260395516,0.942809041582063,-0.235702260395516));
#13861=DIRECTION('center_axis',(0.970142500145332,0.242535625036333,-1.31478825784761E-15));
#13862=DIRECTION('ref_axis',(-1.35525271560688E-15,0.,-1.));
#13863=DIRECTION('',(-1.35525271560688E-15,0.,-1.));
#13864=DIRECTION('center_axis',(-1.,0.,1.35525271560688E-15));
#13865=DIRECTION('ref_axis',(1.35525271560688E-15,0.,1.));
#13866=DIRECTION('',(0.,-1.,0.));
#13867=DIRECTION('center_axis',(8.470329472543E-17,0.,1.));
#13868=DIRECTION('ref_axis',(1.,0.,-8.470329472543E-17));
#13869=DIRECTION('axis',(0.,0.,1.));
#13870=DIRECTION('refdir',(1.,0.,0.));
#13871=DIRECTION('',(0.,0.,1.));
#13872=DIRECTION('',(0.,0.,1.));
#13873=DIRECTION('',(0.,0.,1.));
#13874=DIRECTION('',(0.,0.,1.));
#13875=DIRECTION('center_axis',(-0.974384626393712,0.224887971771696,0.));
#13876=DIRECTION('ref_axis',(0.,0.,1.));
#13877=DIRECTION('',(0.224887971771696,0.974384626393712,0.));
#13878=DIRECTION('',(0.,0.,1.));
#13879=DIRECTION('',(0.224887971771696,0.974384626393712,0.));
#13880=DIRECTION('center_axis',(0.,1.,0.));
#13881=DIRECTION('ref_axis',(0.,0.,1.));
#13882=DIRECTION('',(1.,0.,0.));
#13883=DIRECTION('',(0.,0.,1.));
#13884=DIRECTION('',(1.,0.,0.));
#13885=DIRECTION('',(0.,0.,1.));
#13886=DIRECTION('',(0.,0.,1.));
#13887=DIRECTION('',(0.,0.,1.));
#13888=DIRECTION('',(0.,0.,1.));
#13889=DIRECTION('',(0.,0.,1.));
#13890=DIRECTION('',(0.,0.,1.));
#13891=DIRECTION('center_axis',(-0.980541673985859,0.196311042931899,0.));
#13892=DIRECTION('ref_axis',(0.,0.,1.));
#13893=DIRECTION('',(0.196311042931899,0.980541673985859,0.));
#13894=DIRECTION('',(0.,0.,1.));
#13895=DIRECTION('',(0.196311042931899,0.980541673985859,0.));
#13896=DIRECTION('center_axis',(-0.00329646333970428,0.999994566649964,
0.));
#13897=DIRECTION('ref_axis',(0.,0.,1.));
#13898=DIRECTION('',(0.999994566649964,0.00329646333970428,0.));
#13899=DIRECTION('',(0.,0.,1.));
#13900=DIRECTION('',(0.999994566649964,0.00329646333970428,0.));
#13901=DIRECTION('',(0.,0.,1.));
#13902=DIRECTION('',(0.,0.,1.));
#13903=DIRECTION('',(0.,0.,1.));
#13904=DIRECTION('',(0.,0.,1.));
#13905=DIRECTION('center_axis',(0.,0.,1.));
#13906=DIRECTION('ref_axis',(1.,0.,0.));
#13907=DIRECTION('center_axis',(0.,0.,1.));
#13908=DIRECTION('ref_axis',(1.,0.,0.));
#13909=DIRECTION('',(0.,0.,1.));
#13910=DIRECTION('center_axis',(0.,0.,-1.));
#13911=DIRECTION('ref_axis',(0.713170658783428,0.700990450327542,0.));
#13912=DIRECTION('',(0.,0.,1.));
#13913=DIRECTION('center_axis',(0.,0.,-1.));
#13914=DIRECTION('ref_axis',(0.713170658783428,0.700990450327542,0.));
#13915=DIRECTION('',(0.,0.,1.));
#13916=DIRECTION('',(0.,0.,1.));
#13917=DIRECTION('center_axis',(-0.977790051443666,0.209586772716679,0.));
#13918=DIRECTION('ref_axis',(0.,0.,1.));
#13919=DIRECTION('',(0.209586772716679,0.977790051443666,0.));
#13920=DIRECTION('',(0.,0.,1.));
#13921=DIRECTION('',(0.209586772716679,0.977790051443666,0.));
#13922=DIRECTION('center_axis',(0.,1.,0.));
#13923=DIRECTION('ref_axis',(0.,0.,1.));
#13924=DIRECTION('',(1.,0.,0.));
#13925=DIRECTION('',(0.,0.,1.));
#13926=DIRECTION('',(1.,0.,0.));
#13927=DIRECTION('',(0.,0.,1.));
#13928=DIRECTION('',(0.,0.,1.));
#13929=DIRECTION('',(0.,0.,1.));
#13930=DIRECTION('',(0.,0.,1.));
#13931=DIRECTION('',(0.,0.,1.));
#13932=DIRECTION('',(0.,0.,1.));
#13933=DIRECTION('',(0.,0.,1.));
#13934=DIRECTION('',(0.,0.,1.));
#13935=DIRECTION('',(0.,0.,1.));
#13936=DIRECTION('',(0.,0.,1.));
#13937=DIRECTION('',(0.,0.,1.));
#13938=DIRECTION('',(0.,0.,1.));
#13939=DIRECTION('',(0.,0.,1.));
#13940=DIRECTION('',(0.,0.,1.));
#13941=DIRECTION('',(0.,0.,1.));
#13942=DIRECTION('',(0.,0.,1.));
#13943=DIRECTION('',(0.,0.,1.));
#13944=DIRECTION('center_axis',(0.,0.,-1.));
#13945=DIRECTION('ref_axis',(0.702255066151763,0.711925432938157,0.));
#13946=DIRECTION('',(0.,0.,1.));
#13947=DIRECTION('center_axis',(0.,0.,-1.));
#13948=DIRECTION('ref_axis',(0.702255066151763,0.711925432938157,0.));
#13949=DIRECTION('',(0.,0.,1.));
#13950=DIRECTION('',(0.,0.,1.));
#13951=DIRECTION('',(0.,0.,1.));
#13952=DIRECTION('',(0.,0.,1.));
#13953=DIRECTION('center_axis',(0.,-1.,0.));
#13954=DIRECTION('ref_axis',(0.,0.,-1.));
#13955=DIRECTION('',(-1.,0.,0.));
#13956=DIRECTION('',(0.,0.,1.));
#13957=DIRECTION('',(-1.,0.,0.));
#13958=DIRECTION('center_axis',(-0.972789094268255,0.231692421267394,0.));
#13959=DIRECTION('ref_axis',(0.,0.,1.));
#13960=DIRECTION('',(0.231692421267394,0.972789094268255,0.));
#13961=DIRECTION('',(0.,0.,1.));
#13962=DIRECTION('',(0.231692421267394,0.972789094268255,0.));
#13963=DIRECTION('',(0.,0.,1.));
#13964=DIRECTION('',(0.,0.,1.));
#13965=DIRECTION('',(0.,0.,1.));
#13966=DIRECTION('',(0.,0.,1.));
#13967=DIRECTION('',(0.,0.,1.));
#13968=DIRECTION('',(0.,0.,1.));
#13969=DIRECTION('',(0.,0.,1.));
#13970=DIRECTION('',(0.,0.,1.));
#13971=DIRECTION('',(0.,0.,1.));
#13972=DIRECTION('center_axis',(0.,0.,-1.));
#13973=DIRECTION('ref_axis',(0.86214093890155,-0.506668532148933,0.));
#13974=DIRECTION('',(0.,0.,1.));
#13975=DIRECTION('center_axis',(0.,0.,-1.));
#13976=DIRECTION('ref_axis',(0.86214093890155,-0.506668532148933,0.));
#13977=DIRECTION('',(0.,0.,1.));
#13978=DIRECTION('',(0.,0.,1.));
#13979=DIRECTION('',(0.,0.,1.));
#13980=DIRECTION('',(0.,0.,1.));
#13981=DIRECTION('center_axis',(0.,0.,1.));
#13982=DIRECTION('ref_axis',(1.,0.,0.));
#13983=DIRECTION('center_axis',(0.,0.,1.));
#13984=DIRECTION('ref_axis',(1.,0.,0.));
#13985=DIRECTION('',(0.,0.,1.));
#13986=DIRECTION('',(0.,0.,1.));
#13987=DIRECTION('',(0.,0.,1.));
#13988=DIRECTION('',(0.,0.,1.));
#13989=DIRECTION('center_axis',(0.,-1.,0.));
#13990=DIRECTION('ref_axis',(0.,0.,-1.));
#13991=DIRECTION('',(-1.,0.,0.));
#13992=DIRECTION('',(0.,0.,1.));
#13993=DIRECTION('',(-1.,0.,0.));
#13994=DIRECTION('center_axis',(-0.982215208915053,0.187758577369875,0.));
#13995=DIRECTION('ref_axis',(0.,0.,1.));
#13996=DIRECTION('',(0.187758577369875,0.982215208915053,0.));
#13997=DIRECTION('',(0.,0.,1.));
#13998=DIRECTION('',(0.187758577369875,0.982215208915053,0.));
#13999=DIRECTION('',(0.,0.,1.));
#14000=DIRECTION('center_axis',(-0.980708183076364,0.195477516986116,0.));
#14001=DIRECTION('ref_axis',(0.,0.,1.));
#14002=DIRECTION('',(0.195477516986116,0.980708183076364,0.));
#14003=DIRECTION('',(0.,0.,1.));
#14004=DIRECTION('',(0.195477516986116,0.980708183076364,0.));
#14005=DIRECTION('center_axis',(0.,1.,0.));
#14006=DIRECTION('ref_axis',(0.,0.,1.));
#14007=DIRECTION('',(1.,0.,0.));
#14008=DIRECTION('',(0.,0.,1.));
#14009=DIRECTION('',(1.,0.,0.));
#14010=DIRECTION('',(0.,0.,1.));
#14011=DIRECTION('',(0.,0.,1.));
#14012=DIRECTION('',(0.,0.,1.));
#14013=DIRECTION('',(0.,0.,1.));
#14014=DIRECTION('center_axis',(9.67436112791085E-5,-0.999999995320337,
0.));
#14015=DIRECTION('ref_axis',(0.,0.,-1.));
#14016=DIRECTION('',(-0.999999995320337,-9.67436112791084E-5,0.));
#14017=DIRECTION('',(0.,0.,1.));
#14018=DIRECTION('',(-0.999999995320337,-9.67436112791084E-5,0.));
#14019=DIRECTION('center_axis',(0.980490906051652,-0.196564450371911,0.));
#14020=DIRECTION('ref_axis',(0.,0.,-1.));
#14021=DIRECTION('',(-0.196564450371911,-0.980490906051651,0.));
#14022=DIRECTION('',(0.,0.,1.));
#14023=DIRECTION('',(-0.196564450371911,-0.980490906051651,0.));
#14024=DIRECTION('center_axis',(3.85852106164235E-5,-0.999999999255591,
0.));
#14025=DIRECTION('ref_axis',(0.,0.,-1.));
#14026=DIRECTION('',(-0.999999999255591,-3.85852106164235E-5,0.));
#14027=DIRECTION('',(0.,0.,1.));
#14028=DIRECTION('',(-0.999999999255591,-3.85852106164235E-5,0.));
#14029=DIRECTION('center_axis',(0.,0.,1.));
#14030=DIRECTION('ref_axis',(1.,0.,0.));
#14031=DIRECTION('center_axis',(0.,0.,1.));
#14032=DIRECTION('ref_axis',(1.,0.,0.));
#14033=DIRECTION('',(0.,0.,1.));
#14034=DIRECTION('',(1.,0.,0.));
#14035=DIRECTION('',(0.,0.,1.));
#14036=DIRECTION('',(1.,0.,0.));
#14037=DIRECTION('',(0.,0.,1.));
#14038=DIRECTION('',(1.,0.,0.));
#14039=CARTESIAN_POINT('',(0.,0.,0.));
#14040=CARTESIAN_POINT('',(0.,0.,0.));
#14041=CARTESIAN_POINT('Ctrl Pts',(0.0147087927840681,4.76499849717202,
2.875));
#14042=CARTESIAN_POINT('Ctrl Pts',(0.0147087927840681,4.76499849717202,
2.975));
#14043=CARTESIAN_POINT('Ctrl Pts',(0.176783349494144,4.76499849717202,2.875));
#14044=CARTESIAN_POINT('Ctrl Pts',(0.176783349494144,4.76499849717202,2.975));
#14045=CARTESIAN_POINT('Ctrl Pts',(0.376135054247535,4.99514436770033,2.875));
#14046=CARTESIAN_POINT('Ctrl Pts',(0.376135054247535,4.99514436770033,2.975));
#14047=CARTESIAN_POINT('Ctrl Pts',(0.376135054247535,5.22529023822864,2.875));
#14048=CARTESIAN_POINT('Ctrl Pts',(0.376135054247535,5.22529023822864,2.975));
#14049=CARTESIAN_POINT('',(0.0147087927840681,4.76499849717202,2.875));
#14050=CARTESIAN_POINT('',(0.376135054247535,5.22529023822864,2.875));
#14051=CARTESIAN_POINT('Ctrl Pts',(0.0147087927840681,4.76499849717202,
2.875));
#14052=CARTESIAN_POINT('Ctrl Pts',(0.176783349494144,4.76499849717202,2.875));
#14053=CARTESIAN_POINT('Ctrl Pts',(0.376135054247535,4.99514436770033,2.875));
#14054=CARTESIAN_POINT('Ctrl Pts',(0.376135054247535,5.22529023822864,2.875));
#14055=CARTESIAN_POINT('',(0.0147087927840681,4.76499849717202,2.975));
#14056=CARTESIAN_POINT('',(0.0147087927840681,4.76499849717202,2.875));
#14057=CARTESIAN_POINT('',(0.376135054247535,5.22529023822864,2.975));
#14058=CARTESIAN_POINT('Ctrl Pts',(0.376135054247535,5.22529023822864,2.975));
#14059=CARTESIAN_POINT('Ctrl Pts',(0.376135054247535,4.99514436770033,2.975));
#14060=CARTESIAN_POINT('Ctrl Pts',(0.176783349494144,4.76499849717202,2.975));
#14061=CARTESIAN_POINT('Ctrl Pts',(0.0147087927840681,4.76499849717202,
2.975));
#14062=CARTESIAN_POINT('',(0.376135054247535,5.22529023822864,2.875));
#14063=CARTESIAN_POINT('Ctrl Pts',(-0.234886024549447,4.87845068686908,
2.875));
#14064=CARTESIAN_POINT('Ctrl Pts',(-0.234886024549447,4.87845068686908,
2.975));
#14065=CARTESIAN_POINT('Ctrl Pts',(-0.178159929700921,4.81524160975215,
2.875));
#14066=CARTESIAN_POINT('Ctrl Pts',(-0.178159929700921,4.81524160975215,
2.975));
#14067=CARTESIAN_POINT('Ctrl Pts',(-0.0549832666012642,4.76499849717202,
2.875));
#14068=CARTESIAN_POINT('Ctrl Pts',(-0.0549832666012642,4.76499849717202,
2.975));
#14069=CARTESIAN_POINT('Ctrl Pts',(0.0147087927840681,4.76499849717202,
2.875));
#14070=CARTESIAN_POINT('Ctrl Pts',(0.0147087927840681,4.76499849717202,
2.975));
#14071=CARTESIAN_POINT('',(-0.234886024549447,4.87845068686908,2.875));
#14072=CARTESIAN_POINT('Ctrl Pts',(-0.234886024549447,4.87845068686908,
2.875));
#14073=CARTESIAN_POINT('Ctrl Pts',(-0.178159929700921,4.81524160975215,
2.875));
#14074=CARTESIAN_POINT('Ctrl Pts',(-0.0549832666012642,4.76499849717202,
2.875));
#14075=CARTESIAN_POINT('Ctrl Pts',(0.0147087927840681,4.76499849717202,
2.875));
#14076=CARTESIAN_POINT('',(-0.234886024549447,4.87845068686908,2.975));
#14077=CARTESIAN_POINT('',(-0.234886024549447,4.87845068686908,2.875));
#14078=CARTESIAN_POINT('Ctrl Pts',(0.0147087927840681,4.76499849717202,
2.975));
#14079=CARTESIAN_POINT('Ctrl Pts',(-0.0549832666012642,4.76499849717202,
2.975));
#14080=CARTESIAN_POINT('Ctrl Pts',(-0.178159929700921,4.81524160975215,
2.975));
#14081=CARTESIAN_POINT('Ctrl Pts',(-0.234886024549447,4.87845068686908,
2.975));
#14082=CARTESIAN_POINT('Ctrl Pts',(-0.377511634454312,5.40681374174392,
2.875));
#14083=CARTESIAN_POINT('Ctrl Pts',(-0.377511634454312,5.40681374174392,
2.975));
#14084=CARTESIAN_POINT('Ctrl Pts',(-0.377511634454312,5.19935830915503,
2.875));
#14085=CARTESIAN_POINT('Ctrl Pts',(-0.377511634454312,5.19935830915503,
2.975));
#14086=CARTESIAN_POINT('Ctrl Pts',(-0.296474356099275,4.94490125512021,
2.875));
#14087=CARTESIAN_POINT('Ctrl Pts',(-0.296474356099275,4.94490125512021,
2.975));
#14088=CARTESIAN_POINT('Ctrl Pts',(-0.234886024549447,4.87845068686908,
2.875));
#14089=CARTESIAN_POINT('Ctrl Pts',(-0.234886024549447,4.87845068686908,
2.975));
#14090=CARTESIAN_POINT('',(-0.377511634454312,5.40681374174392,2.875));
#14091=CARTESIAN_POINT('Ctrl Pts',(-0.377511634454312,5.40681374174392,
2.875));
#14092=CARTESIAN_POINT('Ctrl Pts',(-0.377511634454312,5.19935830915503,
2.875));
#14093=CARTESIAN_POINT('Ctrl Pts',(-0.296474356099275,4.94490125512021,
2.875));
#14094=CARTESIAN_POINT('Ctrl Pts',(-0.234886024549447,4.87845068686908,
2.875));
#14095=CARTESIAN_POINT('',(-0.377511634454312,5.40681374174392,2.975));
#14096=CARTESIAN_POINT('',(-0.377511634454312,5.40681374174392,2.875));
#14097=CARTESIAN_POINT('Ctrl Pts',(-0.234886024549447,4.87845068686908,
2.975));
#14098=CARTESIAN_POINT('Ctrl Pts',(-0.296474356099275,4.94490125512021,
2.975));
#14099=CARTESIAN_POINT('Ctrl Pts',(-0.377511634454312,5.19935830915503,
2.975));
#14100=CARTESIAN_POINT('Ctrl Pts',(-0.377511634454312,5.40681374174392,
2.975));
#14101=CARTESIAN_POINT('Ctrl Pts',(-0.37264939775301,5.53323189597778,2.875));
#14102=CARTESIAN_POINT('Ctrl Pts',(-0.37264939775301,5.53323189597778,2.975));
#14103=CARTESIAN_POINT('Ctrl Pts',(-0.374270143320111,5.50405847576997,
2.875));
#14104=CARTESIAN_POINT('Ctrl Pts',(-0.374270143320111,5.50405847576997,
2.975));
#14105=CARTESIAN_POINT('Ctrl Pts',(-0.377511634454312,5.44895312648854,
2.875));
#14106=CARTESIAN_POINT('Ctrl Pts',(-0.377511634454312,5.44895312648854,
2.975));
#14107=CARTESIAN_POINT('Ctrl Pts',(-0.377511634454312,5.40681374174392,
2.875));
#14108=CARTESIAN_POINT('Ctrl Pts',(-0.377511634454312,5.40681374174392,
2.975));
#14109=CARTESIAN_POINT('',(-0.37264939775301,5.53323189597778,2.875));
#14110=CARTESIAN_POINT('Ctrl Pts',(-0.37264939775301,5.53323189597778,2.875));
#14111=CARTESIAN_POINT('Ctrl Pts',(-0.374270143320111,5.50405847576997,
2.875));
#14112=CARTESIAN_POINT('Ctrl Pts',(-0.377511634454312,5.44895312648854,
2.875));
#14113=CARTESIAN_POINT('Ctrl Pts',(-0.377511634454312,5.40681374174392,
2.875));
#14114=CARTESIAN_POINT('',(-0.37264939775301,5.53323189597778,2.975));
#14115=CARTESIAN_POINT('',(-0.37264939775301,5.53323189597778,2.875));
#14116=CARTESIAN_POINT('Ctrl Pts',(-0.377511634454312,5.40681374174392,
2.975));
#14117=CARTESIAN_POINT('Ctrl Pts',(-0.377511634454312,5.44895312648854,
2.975));
#14118=CARTESIAN_POINT('Ctrl Pts',(-0.374270143320111,5.50405847576997,
2.975));
#14119=CARTESIAN_POINT('Ctrl Pts',(-0.37264939775301,5.53323189597778,2.975));
#14120=CARTESIAN_POINT('Ctrl Pts',(-0.0160853729908452,5.64344259454063,
2.875));
#14121=CARTESIAN_POINT('Ctrl Pts',(-0.0160853729908452,5.64344259454063,
2.975));
#14122=CARTESIAN_POINT('Ctrl Pts',(-0.110088615882689,5.64344259454063,
2.875));
#14123=CARTESIAN_POINT('Ctrl Pts',(-0.110088615882689,5.64344259454063,
2.975));
#14124=CARTESIAN_POINT('Ctrl Pts',(-0.286749882696671,5.5867164996921,2.875));
#14125=CARTESIAN_POINT('Ctrl Pts',(-0.286749882696671,5.5867164996921,2.975));
#14126=CARTESIAN_POINT('Ctrl Pts',(-0.37264939775301,5.53323189597778,2.875));
#14127=CARTESIAN_POINT('Ctrl Pts',(-0.37264939775301,5.53323189597778,2.975));
#14128=CARTESIAN_POINT('',(-0.0160853729908452,5.64344259454063,2.875));
#14129=CARTESIAN_POINT('Ctrl Pts',(-0.0160853729908452,5.64344259454063,
2.875));
#14130=CARTESIAN_POINT('Ctrl Pts',(-0.110088615882689,5.64344259454063,
2.875));
#14131=CARTESIAN_POINT('Ctrl Pts',(-0.286749882696671,5.5867164996921,2.875));
#14132=CARTESIAN_POINT('Ctrl Pts',(-0.37264939775301,5.53323189597778,2.875));
#14133=CARTESIAN_POINT('',(-0.0160853729908452,5.64344259454063,2.975));
#14134=CARTESIAN_POINT('',(-0.0160853729908452,5.64344259454063,2.875));
#14135=CARTESIAN_POINT('Ctrl Pts',(-0.37264939775301,5.53323189597778,2.975));
#14136=CARTESIAN_POINT('Ctrl Pts',(-0.286749882696671,5.5867164996921,2.975));
#14137=CARTESIAN_POINT('Ctrl Pts',(-0.110088615882689,5.64344259454063,
2.975));
#14138=CARTESIAN_POINT('Ctrl Pts',(-0.0160853729908452,5.64344259454063,
2.975));
#14139=CARTESIAN_POINT('Ctrl Pts',(0.239992426611072,5.5737505351553,2.875));
#14140=CARTESIAN_POINT('Ctrl Pts',(0.239992426611072,5.5737505351553,2.975));
#14141=CARTESIAN_POINT('Ctrl Pts',(0.186507822896747,5.61588991989992,2.875));
#14142=CARTESIAN_POINT('Ctrl Pts',(0.186507822896747,5.61588991989992,2.975));
#14143=CARTESIAN_POINT('Ctrl Pts',(0.053606686394486,5.64344259454063,2.875));
#14144=CARTESIAN_POINT('Ctrl Pts',(0.053606686394486,5.64344259454063,2.975));
#14145=CARTESIAN_POINT('Ctrl Pts',(-0.0160853729908452,5.64344259454063,
2.875));
#14146=CARTESIAN_POINT('Ctrl Pts',(-0.0160853729908452,5.64344259454063,
2.975));
#14147=CARTESIAN_POINT('',(0.239992426611072,5.5737505351553,2.875));
#14148=CARTESIAN_POINT('Ctrl Pts',(0.239992426611072,5.5737505351553,2.875));
#14149=CARTESIAN_POINT('Ctrl Pts',(0.186507822896747,5.61588991989992,2.875));
#14150=CARTESIAN_POINT('Ctrl Pts',(0.053606686394486,5.64344259454063,2.875));
#14151=CARTESIAN_POINT('Ctrl Pts',(-0.0160853729908452,5.64344259454063,
2.875));
#14152=CARTESIAN_POINT('',(0.239992426611072,5.5737505351553,2.975));
#14153=CARTESIAN_POINT('',(0.239992426611072,5.5737505351553,2.875));
#14154=CARTESIAN_POINT('Ctrl Pts',(-0.0160853729908452,5.64344259454063,
2.975));
#14155=CARTESIAN_POINT('Ctrl Pts',(0.053606686394486,5.64344259454063,2.975));
#14156=CARTESIAN_POINT('Ctrl Pts',(0.186507822896747,5.61588991989992,2.975));
#14157=CARTESIAN_POINT('Ctrl Pts',(0.239992426611072,5.5737505351553,2.975));
#14158=CARTESIAN_POINT('Ctrl Pts',(0.376135054247535,5.22529023822864,2.875));
#14159=CARTESIAN_POINT('Ctrl Pts',(0.376135054247535,5.22529023822864,2.975));
#14160=CARTESIAN_POINT('Ctrl Pts',(0.376135054247535,5.34846690132829,2.875));
#14161=CARTESIAN_POINT('Ctrl Pts',(0.376135054247535,5.34846690132829,2.975));
#14162=CARTESIAN_POINT('Ctrl Pts',(0.311305231563505,5.51540369473967,2.875));
#14163=CARTESIAN_POINT('Ctrl Pts',(0.311305231563505,5.51540369473967,2.975));
#14164=CARTESIAN_POINT('Ctrl Pts',(0.239992426611072,5.5737505351553,2.875));
#14165=CARTESIAN_POINT('Ctrl Pts',(0.239992426611072,5.5737505351553,2.975));
#14166=CARTESIAN_POINT('Ctrl Pts',(0.376135054247535,5.22529023822864,2.875));
#14167=CARTESIAN_POINT('Ctrl Pts',(0.376135054247535,5.34846690132829,2.875));
#14168=CARTESIAN_POINT('Ctrl Pts',(0.311305231563505,5.51540369473967,2.875));
#14169=CARTESIAN_POINT('Ctrl Pts',(0.239992426611072,5.5737505351553,2.875));
#14170=CARTESIAN_POINT('Ctrl Pts',(0.239992426611072,5.5737505351553,2.975));
#14171=CARTESIAN_POINT('Ctrl Pts',(0.311305231563505,5.51540369473967,2.975));
#14172=CARTESIAN_POINT('Ctrl Pts',(0.376135054247535,5.34846690132829,2.975));
#14173=CARTESIAN_POINT('Ctrl Pts',(0.376135054247535,5.22529023822864,2.975));
#14174=CARTESIAN_POINT('Ctrl Pts',(0.0130880472169679,4.54619784561342,
2.875));
#14175=CARTESIAN_POINT('Ctrl Pts',(0.0130880472169679,4.54619784561342,
2.975));
#14176=CARTESIAN_POINT('Ctrl Pts',(0.14760992928633,4.54619784561342,2.875));
#14177=CARTESIAN_POINT('Ctrl Pts',(0.14760992928633,4.54619784561342,2.975));
#14178=CARTESIAN_POINT('Ctrl Pts',(0.371272817546233,4.64182183407237,2.875));
#14179=CARTESIAN_POINT('Ctrl Pts',(0.371272817546233,4.64182183407237,2.975));
#14180=CARTESIAN_POINT('Ctrl Pts',(0.460413823736774,4.73420433139711,2.875));
#14181=CARTESIAN_POINT('Ctrl Pts',(0.460413823736774,4.73420433139711,2.975));
#14182=CARTESIAN_POINT('',(0.460413823736774,4.73420433139711,2.875));
#14183=CARTESIAN_POINT('',(0.0130880472169679,4.54619784561342,2.875));
#14184=CARTESIAN_POINT('Ctrl Pts',(0.460413823736774,4.73420433139711,2.875));
#14185=CARTESIAN_POINT('Ctrl Pts',(0.371272817546233,4.64182183407237,2.875));
#14186=CARTESIAN_POINT('Ctrl Pts',(0.14760992928633,4.54619784561342,2.875));
#14187=CARTESIAN_POINT('Ctrl Pts',(0.0130880472169679,4.54619784561342,
2.875));
#14188=CARTESIAN_POINT('',(0.460413823736774,4.73420433139711,2.975));
#14189=CARTESIAN_POINT('',(0.460413823736774,4.73420433139711,2.875));
#14190=CARTESIAN_POINT('',(0.0130880472169679,4.54619784561342,2.975));
#14191=CARTESIAN_POINT('Ctrl Pts',(0.0130880472169679,4.54619784561342,
2.975));
#14192=CARTESIAN_POINT('Ctrl Pts',(0.14760992928633,4.54619784561342,2.975));
#14193=CARTESIAN_POINT('Ctrl Pts',(0.371272817546233,4.64182183407237,2.975));
#14194=CARTESIAN_POINT('Ctrl Pts',(0.460413823736774,4.73420433139711,2.975));
#14195=CARTESIAN_POINT('',(0.0130880472169679,4.54619784561342,2.875));
#14196=CARTESIAN_POINT('Ctrl Pts',(-0.427754747034436,4.72772134912871,
2.875));
#14197=CARTESIAN_POINT('Ctrl Pts',(-0.427754747034436,4.72772134912871,
2.975));
#14198=CARTESIAN_POINT('Ctrl Pts',(-0.343475977545197,4.63695959737107,
2.875));
#14199=CARTESIAN_POINT('Ctrl Pts',(-0.343475977545197,4.63695959737107,
2.975));
#14200=CARTESIAN_POINT('Ctrl Pts',(-0.121433834852395,4.54619784561342,
2.875));
#14201=CARTESIAN_POINT('Ctrl Pts',(-0.121433834852395,4.54619784561342,
2.975));
#14202=CARTESIAN_POINT('Ctrl Pts',(0.0130880472169679,4.54619784561342,
2.875));
#14203=CARTESIAN_POINT('Ctrl Pts',(0.0130880472169679,4.54619784561342,
2.975));
#14204=CARTESIAN_POINT('',(-0.427754747034436,4.72772134912871,2.875));
#14205=CARTESIAN_POINT('Ctrl Pts',(0.0130880472169679,4.54619784561342,
2.875));
#14206=CARTESIAN_POINT('Ctrl Pts',(-0.121433834852395,4.54619784561342,
2.875));
#14207=CARTESIAN_POINT('Ctrl Pts',(-0.343475977545197,4.63695959737107,
2.875));
#14208=CARTESIAN_POINT('Ctrl Pts',(-0.427754747034436,4.72772134912871,
2.875));
#14209=CARTESIAN_POINT('',(-0.427754747034436,4.72772134912871,2.975));
#14210=CARTESIAN_POINT('Ctrl Pts',(-0.427754747034436,4.72772134912871,
2.975));
#14211=CARTESIAN_POINT('Ctrl Pts',(-0.343475977545197,4.63695959737107,
2.975));
#14212=CARTESIAN_POINT('Ctrl Pts',(-0.121433834852395,4.54619784561342,
2.975));
#14213=CARTESIAN_POINT('Ctrl Pts',(0.0130880472169679,4.54619784561342,
2.975));
#14214=CARTESIAN_POINT('',(-0.427754747034436,4.72772134912871,2.875));
#14215=CARTESIAN_POINT('Ctrl Pts',(-0.648176144160137,5.46678132772665,
2.875));
#14216=CARTESIAN_POINT('Ctrl Pts',(-0.648176144160137,5.46678132772665,
2.975));
#14217=CARTESIAN_POINT('Ctrl Pts',(-0.648176144160137,5.20097905472213,
2.875));
#14218=CARTESIAN_POINT('Ctrl Pts',(-0.648176144160137,5.20097905472213,
2.975));
#14219=CARTESIAN_POINT('Ctrl Pts',(-0.531482463328884,4.83631130212446,
2.875));
#14220=CARTESIAN_POINT('Ctrl Pts',(-0.531482463328884,4.83631130212446,
2.975));
#14221=CARTESIAN_POINT('Ctrl Pts',(-0.427754747034436,4.72772134912871,
2.875));
#14222=CARTESIAN_POINT('Ctrl Pts',(-0.427754747034436,4.72772134912871,
2.975));
#14223=CARTESIAN_POINT('',(-0.648176144160137,5.46678132772665,2.875));
#14224=CARTESIAN_POINT('Ctrl Pts',(-0.427754747034436,4.72772134912871,
2.875));
#14225=CARTESIAN_POINT('Ctrl Pts',(-0.531482463328884,4.83631130212446,
2.875));
#14226=CARTESIAN_POINT('Ctrl Pts',(-0.648176144160137,5.20097905472213,
2.875));
#14227=CARTESIAN_POINT('Ctrl Pts',(-0.648176144160137,5.46678132772665,
2.875));
#14228=CARTESIAN_POINT('',(-0.648176144160137,5.46678132772665,2.975));
#14229=CARTESIAN_POINT('Ctrl Pts',(-0.648176144160137,5.46678132772665,
2.975));
#14230=CARTESIAN_POINT('Ctrl Pts',(-0.648176144160137,5.20097905472213,
2.975));
#14231=CARTESIAN_POINT('Ctrl Pts',(-0.531482463328884,4.83631130212446,
2.975));
#14232=CARTESIAN_POINT('Ctrl Pts',(-0.427754747034436,4.72772134912871,
2.975));
#14233=CARTESIAN_POINT('',(-0.648176144160137,5.46678132772665,2.875));
#14234=CARTESIAN_POINT('Ctrl Pts',(-0.429375492601537,6.30308604035064,
2.875));
#14235=CARTESIAN_POINT('Ctrl Pts',(-0.429375492601537,6.30308604035064,
2.975));
#14236=CARTESIAN_POINT('Ctrl Pts',(-0.541206936731488,6.14749446590896,
2.875));
#14237=CARTESIAN_POINT('Ctrl Pts',(-0.541206936731488,6.14749446590896,
2.975));
#14238=CARTESIAN_POINT('Ctrl Pts',(-0.648176144160137,5.72772136402987,
2.875));
#14239=CARTESIAN_POINT('Ctrl Pts',(-0.648176144160137,5.72772136402987,
2.975));
#14240=CARTESIAN_POINT('Ctrl Pts',(-0.648176144160137,5.46678132772665,
2.875));
#14241=CARTESIAN_POINT('Ctrl Pts',(-0.648176144160137,5.46678132772665,
2.975));
#14242=CARTESIAN_POINT('',(-0.429375492601537,6.30308604035064,2.875));
#14243=CARTESIAN_POINT('Ctrl Pts',(-0.648176144160137,5.46678132772665,
2.875));
#14244=CARTESIAN_POINT('Ctrl Pts',(-0.648176144160137,5.72772136402987,
2.875));
#14245=CARTESIAN_POINT('Ctrl Pts',(-0.541206936731488,6.14749446590896,
2.875));
#14246=CARTESIAN_POINT('Ctrl Pts',(-0.429375492601537,6.30308604035064,
2.875));
#14247=CARTESIAN_POINT('',(-0.429375492601537,6.30308604035064,2.975));
#14248=CARTESIAN_POINT('Ctrl Pts',(-0.429375492601537,6.30308604035064,
2.975));
#14249=CARTESIAN_POINT('Ctrl Pts',(-0.541206936731488,6.14749446590896,
2.975));
#14250=CARTESIAN_POINT('Ctrl Pts',(-0.648176144160137,5.72772136402987,
2.975));
#14251=CARTESIAN_POINT('Ctrl Pts',(-0.648176144160137,5.46678132772665,
2.975));
#14252=CARTESIAN_POINT('',(-0.429375492601537,6.30308604035064,2.875));
#14253=CARTESIAN_POINT('Ctrl Pts',(0.248096154446576,6.62561440820368,2.875));
#14254=CARTESIAN_POINT('Ctrl Pts',(0.248096154446576,6.62561440820368,2.975));
#14255=CARTESIAN_POINT('Ctrl Pts',(0.0228125206195726,6.62561440820368,
2.875));
#14256=CARTESIAN_POINT('Ctrl Pts',(0.0228125206195726,6.62561440820368,
2.975));
#14257=CARTESIAN_POINT('Ctrl Pts',(-0.320785539605786,6.4554361236581,2.875));
#14258=CARTESIAN_POINT('Ctrl Pts',(-0.320785539605786,6.4554361236581,2.975));
#14259=CARTESIAN_POINT('Ctrl Pts',(-0.429375492601537,6.30308604035064,
2.875));
#14260=CARTESIAN_POINT('Ctrl Pts',(-0.429375492601537,6.30308604035064,
2.975));
#14261=CARTESIAN_POINT('',(0.248096154446576,6.62561440820368,2.875));
#14262=CARTESIAN_POINT('Ctrl Pts',(-0.429375492601537,6.30308604035064,
2.875));
#14263=CARTESIAN_POINT('Ctrl Pts',(-0.320785539605786,6.4554361236581,2.875));
#14264=CARTESIAN_POINT('Ctrl Pts',(0.0228125206195726,6.62561440820368,
2.875));
#14265=CARTESIAN_POINT('Ctrl Pts',(0.248096154446576,6.62561440820368,2.875));
#14266=CARTESIAN_POINT('',(0.248096154446576,6.62561440820368,2.975));
#14267=CARTESIAN_POINT('Ctrl Pts',(0.248096154446576,6.62561440820368,2.975));
#14268=CARTESIAN_POINT('Ctrl Pts',(0.0228125206195726,6.62561440820368,
2.975));
#14269=CARTESIAN_POINT('Ctrl Pts',(-0.320785539605786,6.4554361236581,2.975));
#14270=CARTESIAN_POINT('Ctrl Pts',(-0.429375492601537,6.30308604035064,
2.975));
#14271=CARTESIAN_POINT('',(0.248096154446576,6.62561440820368,2.875));
#14272=CARTESIAN_POINT('Ctrl Pts',(0.47500053384068,6.59806173356297,2.875));
#14273=CARTESIAN_POINT('Ctrl Pts',(0.47500053384068,6.59806173356297,2.975));
#14274=CARTESIAN_POINT('Ctrl Pts',(0.431240403528961,6.61264844366688,2.875));
#14275=CARTESIAN_POINT('Ctrl Pts',(0.431240403528961,6.61264844366688,2.975));
#14276=CARTESIAN_POINT('Ctrl Pts',(0.314546722697707,6.62561440820368,2.875));
#14277=CARTESIAN_POINT('Ctrl Pts',(0.314546722697707,6.62561440820368,2.975));
#14278=CARTESIAN_POINT('Ctrl Pts',(0.248096154446576,6.62561440820368,2.875));
#14279=CARTESIAN_POINT('Ctrl Pts',(0.248096154446576,6.62561440820368,2.975));
#14280=CARTESIAN_POINT('',(0.47500053384068,6.59806173356297,2.875));
#14281=CARTESIAN_POINT('Ctrl Pts',(0.248096154446576,6.62561440820368,2.875));
#14282=CARTESIAN_POINT('Ctrl Pts',(0.314546722697707,6.62561440820368,2.875));
#14283=CARTESIAN_POINT('Ctrl Pts',(0.431240403528961,6.61264844366688,2.875));
#14284=CARTESIAN_POINT('Ctrl Pts',(0.47500053384068,6.59806173356297,2.875));
#14285=CARTESIAN_POINT('',(0.47500053384068,6.59806173356297,2.975));
#14286=CARTESIAN_POINT('Ctrl Pts',(0.47500053384068,6.59806173356297,2.975));
#14287=CARTESIAN_POINT('Ctrl Pts',(0.431240403528961,6.61264844366688,2.975));
#14288=CARTESIAN_POINT('Ctrl Pts',(0.314546722697707,6.62561440820368,2.975));
#14289=CARTESIAN_POINT('Ctrl Pts',(0.248096154446576,6.62561440820368,2.975));
#14290=CARTESIAN_POINT('',(0.47500053384068,6.59806173356297,2.875));
#14291=CARTESIAN_POINT('Origin',(0.47500053384068,6.34036318839395,2.875));
#14292=CARTESIAN_POINT('',(0.47500053384068,6.34036318839395,2.875));
#14293=CARTESIAN_POINT('',(0.47500053384068,3.17018159419698,2.875));
#14294=CARTESIAN_POINT('',(0.47500053384068,6.34036318839395,2.975));
#14295=CARTESIAN_POINT('',(0.47500053384068,6.59806173356297,2.975));
#14296=CARTESIAN_POINT('',(0.47500053384068,6.34036318839395,2.875));
#14297=CARTESIAN_POINT('Origin',(0.463655314870975,6.34036318839395,2.875));
#14298=CARTESIAN_POINT('',(0.463655314870975,6.34036318839395,2.875));
#14299=CARTESIAN_POINT('',(4.53557765743549,6.34036318839395,2.875));
#14300=CARTESIAN_POINT('',(0.463655314870975,6.34036318839395,2.975));
#14301=CARTESIAN_POINT('',(0.38250053384068,6.34036318839395,2.975));
#14302=CARTESIAN_POINT('',(0.463655314870975,6.34036318839395,2.875));
#14303=CARTESIAN_POINT('Ctrl Pts',(0.21243975197036,6.39384779210828,2.875));
#14304=CARTESIAN_POINT('Ctrl Pts',(0.21243975197036,6.39384779210828,2.975));
#14305=CARTESIAN_POINT('Ctrl Pts',(0.290235539191196,6.39384779210828,2.875));
#14306=CARTESIAN_POINT('Ctrl Pts',(0.290235539191196,6.39384779210828,2.975));
#14307=CARTESIAN_POINT('Ctrl Pts',(0.426378166827659,6.35981213519916,2.875));
#14308=CARTESIAN_POINT('Ctrl Pts',(0.426378166827659,6.35981213519916,2.975));
#14309=CARTESIAN_POINT('Ctrl Pts',(0.463655314870975,6.34036318839395,2.875));
#14310=CARTESIAN_POINT('Ctrl Pts',(0.463655314870975,6.34036318839395,2.975));
#14311=CARTESIAN_POINT('',(0.21243975197036,6.39384779210828,2.875));
#14312=CARTESIAN_POINT('Ctrl Pts',(0.463655314870975,6.34036318839395,2.875));
#14313=CARTESIAN_POINT('Ctrl Pts',(0.426378166827659,6.35981213519916,2.875));
#14314=CARTESIAN_POINT('Ctrl Pts',(0.290235539191196,6.39384779210828,2.875));
#14315=CARTESIAN_POINT('Ctrl Pts',(0.21243975197036,6.39384779210828,2.875));
#14316=CARTESIAN_POINT('',(0.21243975197036,6.39384779210828,2.975));
#14317=CARTESIAN_POINT('Ctrl Pts',(0.21243975197036,6.39384779210828,2.975));
#14318=CARTESIAN_POINT('Ctrl Pts',(0.290235539191196,6.39384779210828,2.975));
#14319=CARTESIAN_POINT('Ctrl Pts',(0.426378166827659,6.35981213519916,2.975));
#14320=CARTESIAN_POINT('Ctrl Pts',(0.463655314870975,6.34036318839395,2.975));
#14321=CARTESIAN_POINT('',(0.21243975197036,6.39384779210828,2.875));
#14322=CARTESIAN_POINT('Ctrl Pts',(-0.37264939775301,5.72610061846277,2.875));
#14323=CARTESIAN_POINT('Ctrl Pts',(-0.37264939775301,5.72610061846277,2.975));
#14324=CARTESIAN_POINT('Ctrl Pts',(-0.343475977545197,6.05673271415132,
2.875));
#14325=CARTESIAN_POINT('Ctrl Pts',(-0.343475977545197,6.05673271415132,
2.975));
#14326=CARTESIAN_POINT('Ctrl Pts',(-0.037155065363156,6.39384779210828,
2.875));
#14327=CARTESIAN_POINT('Ctrl Pts',(-0.037155065363156,6.39384779210828,
2.975));
#14328=CARTESIAN_POINT('Ctrl Pts',(0.21243975197036,6.39384779210828,2.875));
#14329=CARTESIAN_POINT('Ctrl Pts',(0.21243975197036,6.39384779210828,2.975));
#14330=CARTESIAN_POINT('',(-0.37264939775301,5.72610061846277,2.875));
#14331=CARTESIAN_POINT('Ctrl Pts',(0.21243975197036,6.39384779210828,2.875));
#14332=CARTESIAN_POINT('Ctrl Pts',(-0.037155065363156,6.39384779210828,
2.875));
#14333=CARTESIAN_POINT('Ctrl Pts',(-0.343475977545197,6.05673271415132,
2.875));
#14334=CARTESIAN_POINT('Ctrl Pts',(-0.37264939775301,5.72610061846277,2.875));
#14335=CARTESIAN_POINT('',(-0.37264939775301,5.72610061846277,2.975));
#14336=CARTESIAN_POINT('Ctrl Pts',(-0.37264939775301,5.72610061846277,2.975));
#14337=CARTESIAN_POINT('Ctrl Pts',(-0.343475977545197,6.05673271415132,
2.975));
#14338=CARTESIAN_POINT('Ctrl Pts',(-0.037155065363156,6.39384779210828,
2.975));
#14339=CARTESIAN_POINT('Ctrl Pts',(0.21243975197036,6.39384779210828,2.975));
#14340=CARTESIAN_POINT('',(-0.37264939775301,5.72610061846277,2.875));
#14341=CARTESIAN_POINT('Ctrl Pts',(0.0438822129918823,5.86548473723343,
2.875));
#14342=CARTESIAN_POINT('Ctrl Pts',(0.0438822129918823,5.86548473723343,
2.975));
#14343=CARTESIAN_POINT('Ctrl Pts',(-0.0760529589735739,5.86548473723343,
2.875));
#14344=CARTESIAN_POINT('Ctrl Pts',(-0.0760529589735739,5.86548473723343,
2.975));
#14345=CARTESIAN_POINT('Ctrl Pts',(-0.277025409294066,5.7925511867139,2.875));
#14346=CARTESIAN_POINT('Ctrl Pts',(-0.277025409294066,5.7925511867139,2.975));
#14347=CARTESIAN_POINT('Ctrl Pts',(-0.37264939775301,5.72610061846277,2.875));
#14348=CARTESIAN_POINT('Ctrl Pts',(-0.37264939775301,5.72610061846277,2.975));
#14349=CARTESIAN_POINT('',(0.0438822129918824,5.86548473723343,2.875));
#14350=CARTESIAN_POINT('Ctrl Pts',(-0.37264939775301,5.72610061846277,2.875));
#14351=CARTESIAN_POINT('Ctrl Pts',(-0.277025409294066,5.7925511867139,2.875));
#14352=CARTESIAN_POINT('Ctrl Pts',(-0.0760529589735739,5.86548473723343,
2.875));
#14353=CARTESIAN_POINT('Ctrl Pts',(0.0438822129918823,5.86548473723343,
2.875));
#14354=CARTESIAN_POINT('',(0.0438822129918824,5.86548473723343,2.975));
#14355=CARTESIAN_POINT('Ctrl Pts',(0.0438822129918823,5.86548473723343,
2.975));
#14356=CARTESIAN_POINT('Ctrl Pts',(-0.0760529589735739,5.86548473723343,
2.975));
#14357=CARTESIAN_POINT('Ctrl Pts',(-0.277025409294066,5.7925511867139,2.975));
#14358=CARTESIAN_POINT('Ctrl Pts',(-0.37264939775301,5.72610061846277,2.975));
#14359=CARTESIAN_POINT('',(0.0438822129918824,5.86548473723343,2.875));
#14360=CARTESIAN_POINT('Ctrl Pts',(0.431240403528961,5.74717031083508,2.875));
#14361=CARTESIAN_POINT('Ctrl Pts',(0.431240403528961,5.74717031083508,2.975));
#14362=CARTESIAN_POINT('Ctrl Pts',(0.335616415070017,5.81848311578751,2.875));
#14363=CARTESIAN_POINT('Ctrl Pts',(0.335616415070017,5.81848311578751,2.975));
#14364=CARTESIAN_POINT('Ctrl Pts',(0.160575893823136,5.86548473723343,2.875));
#14365=CARTESIAN_POINT('Ctrl Pts',(0.160575893823136,5.86548473723343,2.975));
#14366=CARTESIAN_POINT('Ctrl Pts',(0.0438822129918823,5.86548473723343,
2.875));
#14367=CARTESIAN_POINT('Ctrl Pts',(0.0438822129918823,5.86548473723343,
2.975));
#14368=CARTESIAN_POINT('',(0.431240403528961,5.74717031083508,2.875));
#14369=CARTESIAN_POINT('Ctrl Pts',(0.0438822129918823,5.86548473723343,
2.875));
#14370=CARTESIAN_POINT('Ctrl Pts',(0.160575893823136,5.86548473723343,2.875));
#14371=CARTESIAN_POINT('Ctrl Pts',(0.335616415070017,5.81848311578751,2.875));
#14372=CARTESIAN_POINT('Ctrl Pts',(0.431240403528961,5.74717031083508,2.875));
#14373=CARTESIAN_POINT('',(0.431240403528961,5.74717031083508,2.975));
#14374=CARTESIAN_POINT('Ctrl Pts',(0.431240403528961,5.74717031083508,2.975));
#14375=CARTESIAN_POINT('Ctrl Pts',(0.335616415070017,5.81848311578751,2.975));
#14376=CARTESIAN_POINT('Ctrl Pts',(0.160575893823136,5.86548473723343,2.975));
#14377=CARTESIAN_POINT('Ctrl Pts',(0.0438822129918823,5.86548473723343,
2.975));
#14378=CARTESIAN_POINT('',(0.431240403528961,5.74717031083508,2.875));
#14379=CARTESIAN_POINT('Ctrl Pts',(0.648420309520461,5.23663545719834,2.875));
#14380=CARTESIAN_POINT('Ctrl Pts',(0.648420309520461,5.23663545719834,2.975));
#14381=CARTESIAN_POINT('Ctrl Pts',(0.648420309520461,5.40843448731102,2.875));
#14382=CARTESIAN_POINT('Ctrl Pts',(0.648420309520461,5.40843448731102,2.975));
#14383=CARTESIAN_POINT('Ctrl Pts',(0.541451102091811,5.66451228691294,2.875));
#14384=CARTESIAN_POINT('Ctrl Pts',(0.541451102091811,5.66451228691294,2.975));
#14385=CARTESIAN_POINT('Ctrl Pts',(0.431240403528961,5.74717031083508,2.875));
#14386=CARTESIAN_POINT('Ctrl Pts',(0.431240403528961,5.74717031083508,2.975));
#14387=CARTESIAN_POINT('',(0.648420309520461,5.23663545719834,2.875));
#14388=CARTESIAN_POINT('Ctrl Pts',(0.431240403528961,5.74717031083508,2.875));
#14389=CARTESIAN_POINT('Ctrl Pts',(0.541451102091811,5.66451228691294,2.875));
#14390=CARTESIAN_POINT('Ctrl Pts',(0.648420309520461,5.40843448731102,2.875));
#14391=CARTESIAN_POINT('Ctrl Pts',(0.648420309520461,5.23663545719834,2.875));
#14392=CARTESIAN_POINT('',(0.648420309520461,5.23663545719834,2.975));
#14393=CARTESIAN_POINT('Ctrl Pts',(0.648420309520461,5.23663545719834,2.975));
#14394=CARTESIAN_POINT('Ctrl Pts',(0.648420309520461,5.40843448731102,2.975));
#14395=CARTESIAN_POINT('Ctrl Pts',(0.541451102091811,5.66451228691294,2.975));
#14396=CARTESIAN_POINT('Ctrl Pts',(0.431240403528961,5.74717031083508,2.975));
#14397=CARTESIAN_POINT('',(0.648420309520461,5.23663545719834,2.875));
#14398=CARTESIAN_POINT('Ctrl Pts',(0.460413823736774,4.73420433139711,2.875));
#14399=CARTESIAN_POINT('Ctrl Pts',(0.460413823736774,4.73420433139711,2.975));
#14400=CARTESIAN_POINT('Ctrl Pts',(0.546313338793114,4.82172459202055,2.875));
#14401=CARTESIAN_POINT('Ctrl Pts',(0.546313338793114,4.82172459202055,2.975));
#14402=CARTESIAN_POINT('Ctrl Pts',(0.648420309520461,5.08266462832377,2.875));
#14403=CARTESIAN_POINT('Ctrl Pts',(0.648420309520461,5.08266462832377,2.975));
#14404=CARTESIAN_POINT('Ctrl Pts',(0.648420309520461,5.23663545719834,2.875));
#14405=CARTESIAN_POINT('Ctrl Pts',(0.648420309520461,5.23663545719834,2.975));
#14406=CARTESIAN_POINT('Ctrl Pts',(0.648420309520461,5.23663545719834,2.875));
#14407=CARTESIAN_POINT('Ctrl Pts',(0.648420309520461,5.08266462832377,2.875));
#14408=CARTESIAN_POINT('Ctrl Pts',(0.546313338793114,4.82172459202055,2.875));
#14409=CARTESIAN_POINT('Ctrl Pts',(0.460413823736774,4.73420433139711,2.875));
#14410=CARTESIAN_POINT('Ctrl Pts',(0.460413823736774,4.73420433139711,2.975));
#14411=CARTESIAN_POINT('Ctrl Pts',(0.546313338793114,4.82172459202055,2.975));
#14412=CARTESIAN_POINT('Ctrl Pts',(0.648420309520461,5.08266462832377,2.975));
#14413=CARTESIAN_POINT('Ctrl Pts',(0.648420309520461,5.23663545719834,2.975));
#14414=CARTESIAN_POINT('Origin',(-0.118776400481138,5.69207091690443,2.975));
#14415=CARTESIAN_POINT('Origin',(8.7,0.,2.875));
#14416=CARTESIAN_POINT('',(-6.85,6.59690502739607,2.875));
#14417=CARTESIAN_POINT('',(-6.68622595971498,6.40021318759907,2.875));
#14418=CARTESIAN_POINT('Origin',(-6.65,6.59690502739607,2.875));
#14419=CARTESIAN_POINT('',(-6.85,6.9,2.875));
#14420=CARTESIAN_POINT('',(-6.85,3.5,2.875));
#14421=CARTESIAN_POINT('',(-8.6,6.9,2.875));
#14422=CARTESIAN_POINT('',(8.7,6.9,2.875));
#14423=CARTESIAN_POINT('',(-8.6,0.099999999999999,2.875));
#14424=CARTESIAN_POINT('',(-8.6,3.5,2.875));
#14425=CARTESIAN_POINT('',(-7.15,0.0999999999999989,2.875));
#14426=CARTESIAN_POINT('',(7.315,0.0999999999999989,2.875));
#14427=CARTESIAN_POINT('',(-7.15,1.1,2.875));
#14428=CARTESIAN_POINT('',(-7.15,-8.35285718998644E-16,2.875));
#14429=CARTESIAN_POINT('',(-6.95,1.3,2.875));
#14430=CARTESIAN_POINT('Origin',(-6.95,1.1,2.875));
#14431=CARTESIAN_POINT('',(-5.55,1.3,2.875));
#14432=CARTESIAN_POINT('',(0.825,1.29999999999999,2.875));
#14433=CARTESIAN_POINT('',(-5.35,1.1,2.875));
#14434=CARTESIAN_POINT('Origin',(-5.55,1.1,2.875));
#14435=CARTESIAN_POINT('',(-5.35,0.0999999999999989,2.875));
#14436=CARTESIAN_POINT('',(-5.35,0.599999999999997,2.875));
#14437=CARTESIAN_POINT('',(-4.65,0.0999999999999989,2.875));
#14438=CARTESIAN_POINT('',(7.315,0.0999999999999989,2.875));
#14439=CARTESIAN_POINT('',(-4.65,1.1,2.875));
#14440=CARTESIAN_POINT('',(-4.65,-7.04363192509828E-16,2.875));
#14441=CARTESIAN_POINT('',(-4.45,1.3,2.875));
#14442=CARTESIAN_POINT('Origin',(-4.45,1.1,2.875));
#14443=CARTESIAN_POINT('',(-3.05,1.3,2.875));
#14444=CARTESIAN_POINT('',(2.075,1.3,2.875));
#14445=CARTESIAN_POINT('',(-2.85,1.1,2.875));
#14446=CARTESIAN_POINT('Origin',(-3.05,1.1,2.875));
#14447=CARTESIAN_POINT('',(-2.85,0.0999999999999989,2.875));
#14448=CARTESIAN_POINT('',(-2.85,0.599999999999997,2.875));
#14449=CARTESIAN_POINT('',(-2.15,0.0999999999999989,2.875));
#14450=CARTESIAN_POINT('',(7.315,0.0999999999999989,2.875));
#14451=CARTESIAN_POINT('',(-2.15,1.1,2.875));
#14452=CARTESIAN_POINT('',(-2.15,-5.73440666021012E-16,2.875));
#14453=CARTESIAN_POINT('',(-1.95,1.3,2.875));
#14454=CARTESIAN_POINT('Origin',(-1.95,1.1,2.875));
#14455=CARTESIAN_POINT('',(-0.55,1.3,2.875));
#14456=CARTESIAN_POINT('',(3.325,1.3,2.875));
#14457=CARTESIAN_POINT('',(-0.35,1.1,2.875));
#14458=CARTESIAN_POINT('Origin',(-0.550000000000001,1.1,2.875));
#14459=CARTESIAN_POINT('',(-0.35,0.0999999999999989,2.875));
#14460=CARTESIAN_POINT('',(-0.35,0.599999999999998,2.875));
#14461=CARTESIAN_POINT('',(0.349999999999999,0.0999999999999989,2.875));
#14462=CARTESIAN_POINT('',(7.315,0.0999999999999989,2.875));
#14463=CARTESIAN_POINT('',(0.349999999999999,1.1,2.875));
#14464=CARTESIAN_POINT('',(0.349999999999999,-4.42518139532197E-16,2.875));
#14465=CARTESIAN_POINT('',(0.549999999999999,1.3,2.875));
#14466=CARTESIAN_POINT('Origin',(0.549999999999999,1.1,2.875));
#14467=CARTESIAN_POINT('',(1.95,1.3,2.875));
#14468=CARTESIAN_POINT('',(4.575,1.3,2.875));
#14469=CARTESIAN_POINT('',(2.15,1.1,2.875));
#14470=CARTESIAN_POINT('Origin',(1.95,1.1,2.875));
#14471=CARTESIAN_POINT('',(2.15,0.0999999999999989,2.875));
#14472=CARTESIAN_POINT('',(2.15,0.599999999999998,2.875));
#14473=CARTESIAN_POINT('',(2.85,0.0999999999999989,2.875));
#14474=CARTESIAN_POINT('',(7.315,0.0999999999999989,2.875));
#14475=CARTESIAN_POINT('',(2.85,1.1,2.875));
#14476=CARTESIAN_POINT('',(2.85,-3.11595613043381E-16,2.875));
#14477=CARTESIAN_POINT('',(3.05,1.3,2.875));
#14478=CARTESIAN_POINT('Origin',(3.05,1.1,2.875));
#14479=CARTESIAN_POINT('',(4.45,1.3,2.875));
#14480=CARTESIAN_POINT('',(5.825,1.3,2.875));
#14481=CARTESIAN_POINT('',(4.65,1.1,2.875));
#14482=CARTESIAN_POINT('Origin',(4.45,1.1,2.875));
#14483=CARTESIAN_POINT('',(4.65,0.0999999999999989,2.875));
#14484=CARTESIAN_POINT('',(4.65,0.599999999999999,2.875));
#14485=CARTESIAN_POINT('',(5.35,0.0999999999999989,2.875));
#14486=CARTESIAN_POINT('',(7.315,0.0999999999999989,2.875));
#14487=CARTESIAN_POINT('',(5.35,1.1,2.875));
#14488=CARTESIAN_POINT('',(5.35,-1.80673086554566E-16,2.875));
#14489=CARTESIAN_POINT('',(5.55,1.3,2.875));
#14490=CARTESIAN_POINT('Origin',(5.55,1.1,2.875));
#14491=CARTESIAN_POINT('',(6.95,1.3,2.875));
#14492=CARTESIAN_POINT('',(7.075,1.3,2.875));
#14493=CARTESIAN_POINT('',(7.15,1.1,2.875));
#14494=CARTESIAN_POINT('Origin',(6.95,1.1,2.875));
#14495=CARTESIAN_POINT('',(7.15,0.0999999999999989,2.875));
#14496=CARTESIAN_POINT('',(7.15,0.599999999999999,2.875));
#14497=CARTESIAN_POINT('',(8.6,0.0999999999999989,2.875));
#14498=CARTESIAN_POINT('',(7.315,0.0999999999999989,2.875));
#14499=CARTESIAN_POINT('',(8.6,6.9,2.875));
#14500=CARTESIAN_POINT('',(8.6,3.5,2.875));
#14501=CARTESIAN_POINT('',(6.85,6.9,2.875));
#14502=CARTESIAN_POINT('',(8.7,6.9,2.875));
#14503=CARTESIAN_POINT('',(6.85,6.59690502739607,2.875));
#14504=CARTESIAN_POINT('',(6.85,3.5,2.875));
#14505=CARTESIAN_POINT('',(6.68622595971498,6.40021318759907,2.875));
#14506=CARTESIAN_POINT('Origin',(6.65,6.59690502739607,2.875));
#14507=CARTESIAN_POINT('',(6.68622595971498,6.10517542790357,2.875));
#14508=CARTESIAN_POINT('Origin',(6.71339542950121,6.25269430775132,2.875));
#14509=CARTESIAN_POINT('',(6.85,5.90848358810657,2.875));
#14510=CARTESIAN_POINT('Origin',(6.65,5.90848358810657,2.875));
#14511=CARTESIAN_POINT('',(6.85,4.1,2.875));
#14512=CARTESIAN_POINT('',(6.85,3.5,2.875));
#14513=CARTESIAN_POINT('',(5.95,3.2,2.875));
#14514=CARTESIAN_POINT('Origin',(5.95,4.1,2.875));
#14515=CARTESIAN_POINT('',(5.4,3.2,2.875));
#14516=CARTESIAN_POINT('',(7.725,3.2,2.875));
#14517=CARTESIAN_POINT('',(5.2,3.4,2.875));
#14518=CARTESIAN_POINT('Origin',(5.4,3.4,2.875));
#14519=CARTESIAN_POINT('',(5.2,6.9,2.875));
#14520=CARTESIAN_POINT('',(5.2,3.5,2.875));
#14521=CARTESIAN_POINT('',(-5.2,6.9,2.875));
#14522=CARTESIAN_POINT('',(8.7,6.9,2.875));
#14523=CARTESIAN_POINT('',(-5.2,3.4,2.875));
#14524=CARTESIAN_POINT('',(-5.2,3.5,2.875));
#14525=CARTESIAN_POINT('',(-5.4,3.2,2.875));
#14526=CARTESIAN_POINT('Origin',(-5.4,3.4,2.875));
#14527=CARTESIAN_POINT('',(-5.95,3.2,2.875));
#14528=CARTESIAN_POINT('',(0.974999999999999,3.2,2.875));
#14529=CARTESIAN_POINT('',(-6.85,4.1,2.875));
#14530=CARTESIAN_POINT('Origin',(-5.95,4.1,2.875));
#14531=CARTESIAN_POINT('',(-6.85,5.90848358810657,2.875));
#14532=CARTESIAN_POINT('',(-6.85,3.5,2.875));
#14533=CARTESIAN_POINT('',(-6.68622595971498,6.10517542790357,2.875));
#14534=CARTESIAN_POINT('Origin',(-6.65,5.90848358810657,2.875));
#14535=CARTESIAN_POINT('Origin',(-6.71339542950121,6.25269430775132,2.875));
#14536=CARTESIAN_POINT('Origin',(7.75,6.9,-1.95));
#14537=CARTESIAN_POINT('',(7.95,7.,-1.95));
#14538=CARTESIAN_POINT('',(7.75,7.,-2.15));
#14539=CARTESIAN_POINT('Origin',(7.75,7.,-1.95));
#14540=CARTESIAN_POINT('',(7.75,6.9,-2.05));
#14541=CARTESIAN_POINT('Origin',(7.75,6.9,-2.15));
#14542=CARTESIAN_POINT('',(7.85,6.9,-1.95));
#14543=CARTESIAN_POINT('Origin',(7.75,6.9,-1.95));
#14544=CARTESIAN_POINT('Origin',(7.95,6.9,-1.95));
#14545=CARTESIAN_POINT('Origin',(7.75,2.4,1.95));
#14546=CARTESIAN_POINT('',(7.75,2.4,2.05));
#14547=CARTESIAN_POINT('',(7.75,2.3,1.95));
#14548=CARTESIAN_POINT('Origin',(7.75,2.4,1.95));
#14549=CARTESIAN_POINT('',(7.85,2.4,1.95));
#14550=CARTESIAN_POINT('Origin',(7.75,2.4,1.95));
#14551=CARTESIAN_POINT('Origin',(7.75,2.4,1.95));
#14552=CARTESIAN_POINT('Origin',(7.75,4.65,1.95));
#14553=CARTESIAN_POINT('',(7.75,4.13431457505076,2.05));
#14554=CARTESIAN_POINT('',(7.85,4.13431457505076,1.95));
#14555=CARTESIAN_POINT('Origin',(7.75,4.13431457505076,1.95));
#14556=CARTESIAN_POINT('',(7.85,4.65,1.95));
#14557=CARTESIAN_POINT('',(7.75,4.65,2.05));
#14558=CARTESIAN_POINT('Ctrl Pts',(7.85,4.13431457505076,1.95));
#14559=CARTESIAN_POINT('Ctrl Pts',(7.85,4.2950609314743,1.99896331512288));
#14560=CARTESIAN_POINT('Ctrl Pts',(7.90236215687605,4.49392446068456,2.04994091928341));
#14561=CARTESIAN_POINT('Ctrl Pts',(7.94941004935968,4.69748761212992,2.04999623123031));
#14562=CARTESIAN_POINT('Ctrl Pts',(7.94970602807078,4.69874292315362,2.05));
#14563=CARTESIAN_POINT('Ctrl Pts',(7.95,4.7,2.05));
#14564=CARTESIAN_POINT('Ctrl Pts',(7.85,4.13431457505076,1.97991993003419));
#14565=CARTESIAN_POINT('Ctrl Pts',(7.83490241916315,4.29493447729378,2.01951123940402));
#14566=CARTESIAN_POINT('Ctrl Pts',(7.89280512957533,4.49979143948713,2.0498806144422));
#14567=CARTESIAN_POINT('Ctrl Pts',(7.94929979027787,4.69754322027077,2.04999802134222));
#14568=CARTESIAN_POINT('Ctrl Pts',(7.94965003341759,4.69877285355472,2.05));
#14569=CARTESIAN_POINT('Ctrl Pts',(7.95,4.7,2.05));
#14570=CARTESIAN_POINT('Ctrl Pts',(7.82490530948082,4.13431457505076,2.03174186336377));
#14571=CARTESIAN_POINT('Ctrl Pts',(7.80162528962437,4.30503442902673,2.0436673875085));
#14572=CARTESIAN_POINT('Ctrl Pts',(7.8770105912276,4.50906311225847,2.04993692582154));
#14573=CARTESIAN_POINT('Ctrl Pts',(7.94910279008091,4.6976448929946,2.04999970249314));
#14574=CARTESIAN_POINT('Ctrl Pts',(7.94955204277451,4.69882523175665,2.05));
#14575=CARTESIAN_POINT('Ctrl Pts',(7.95,4.7,2.05));
#14576=CARTESIAN_POINT('Ctrl Pts',(7.77243994752564,4.13431457505076,2.05));
#14577=CARTESIAN_POINT('Ctrl Pts',(7.76550579355842,4.32576831484281,2.04987374512747));
#14578=CARTESIAN_POINT('Ctrl Pts',(7.86141172948667,4.51723113295768,2.04999407013082));
#14579=CARTESIAN_POINT('Ctrl Pts',(7.94890489984892,4.69775140608194,2.05000002276799));
#14580=CARTESIAN_POINT('Ctrl Pts',(7.94945405213143,4.69887760995857,2.05));
#14581=CARTESIAN_POINT('Ctrl Pts',(7.95,4.7,2.05));
#14582=CARTESIAN_POINT('Ctrl Pts',(7.75,4.13431457505076,2.05));
#14583=CARTESIAN_POINT('Ctrl Pts',(7.75,4.33462926536317,2.05));
#14584=CARTESIAN_POINT('Ctrl Pts',(7.85472431375138,4.52073489164923,2.05000000000002));
#14585=CARTESIAN_POINT('Ctrl Pts',(7.94882009871936,4.69779704058848,2.05));
#14586=CARTESIAN_POINT('Ctrl Pts',(7.94941205614154,4.6989000577594,2.05));
#14587=CARTESIAN_POINT('Ctrl Pts',(7.95,4.7,2.05));
#14588=CARTESIAN_POINT('',(7.95,4.7,2.05));
#14589=CARTESIAN_POINT('Ctrl Pts',(7.75,4.13431457505076,2.05));
#14590=CARTESIAN_POINT('Ctrl Pts',(7.75,4.33462926536317,2.05));
#14591=CARTESIAN_POINT('Ctrl Pts',(7.85472431375138,4.52073489164923,2.05000000000002));
#14592=CARTESIAN_POINT('Ctrl Pts',(7.94882009871936,4.69779704058848,2.05));
#14593=CARTESIAN_POINT('Ctrl Pts',(7.94941205614154,4.6989000577594,2.05));
#14594=CARTESIAN_POINT('Ctrl Pts',(7.95,4.7,2.05));
#14595=CARTESIAN_POINT('Ctrl Pts',(7.95,4.7,2.05));
#14596=CARTESIAN_POINT('Ctrl Pts',(7.94970602807078,4.69874292315362,2.05));
#14597=CARTESIAN_POINT('Ctrl Pts',(7.94941004935968,4.69748761212992,2.04999623123031));
#14598=CARTESIAN_POINT('Ctrl Pts',(7.90236215687605,4.49392446068456,2.04994091928341));
#14599=CARTESIAN_POINT('Ctrl Pts',(7.85,4.2950609314743,1.99896331512288));
#14600=CARTESIAN_POINT('Ctrl Pts',(7.85,4.13431457505076,1.95));
#14601=CARTESIAN_POINT('Origin',(7.75,2.4,-1.95));
#14602=CARTESIAN_POINT('',(7.85,2.4,-1.95));
#14603=CARTESIAN_POINT('',(7.75,2.3,-1.95));
#14604=CARTESIAN_POINT('Origin',(7.75,2.4,-1.95));
#14605=CARTESIAN_POINT('',(7.75,2.4,-2.05));
#14606=CARTESIAN_POINT('Origin',(7.75,2.4,-1.95));
#14607=CARTESIAN_POINT('Origin',(7.75,2.4,-1.95));
#14608=CARTESIAN_POINT('Origin',(7.75,2.3,-1.95));
#14609=CARTESIAN_POINT('',(7.75,2.3,-2.05));
#14610=CARTESIAN_POINT('',(7.85,2.3,-1.95));
#14611=CARTESIAN_POINT('Origin',(-7.75,6.9,-1.95));
#14612=CARTESIAN_POINT('',(-7.75,7.,-2.15));
#14613=CARTESIAN_POINT('',(-7.95,7.,-1.95));
#14614=CARTESIAN_POINT('Origin',(-7.75,7.,-1.95));
#14615=CARTESIAN_POINT('',(-7.85,6.9,-1.95));
#14616=CARTESIAN_POINT('Origin',(-7.95,6.9,-1.95));
#14617=CARTESIAN_POINT('',(-7.75,6.9,-2.05));
#14618=CARTESIAN_POINT('Origin',(-7.75,6.9,-1.95));
#14619=CARTESIAN_POINT('Origin',(-7.75,6.9,-2.15));
#14620=CARTESIAN_POINT('Origin',(-7.95,6.9,1.55));
#14621=CARTESIAN_POINT('',(-7.95,7.,0.95));
#14622=CARTESIAN_POINT('',(-7.85,6.9,0.95));
#14623=CARTESIAN_POINT('Origin',(-7.95,6.9,0.95));
#14624=CARTESIAN_POINT('',(-7.85,6.9,1.55));
#14625=CARTESIAN_POINT('',(-7.95,7.,1.55));
#14626=CARTESIAN_POINT('Origin',(-7.95,6.9,0.95));
#14627=CARTESIAN_POINT('',(-7.95,6.9,1.05));
#14628=CARTESIAN_POINT('Origin',(-7.95,6.9,0.95));
#14629=CARTESIAN_POINT('Origin',(-7.95,6.9,0.95));
#14630=CARTESIAN_POINT('Origin',(-7.75,2.4,1.95));
#14631=CARTESIAN_POINT('',(-7.75,2.4,2.05));
#14632=CARTESIAN_POINT('',(-7.85,2.4,1.95));
#14633=CARTESIAN_POINT('Origin',(-7.75,2.4,1.95));
#14634=CARTESIAN_POINT('',(-7.75,2.3,1.95));
#14635=CARTESIAN_POINT('Origin',(-7.75,2.4,1.95));
#14636=CARTESIAN_POINT('Origin',(-7.75,2.4,1.95));
#14637=CARTESIAN_POINT('Origin',(4.35,2.4,1.95));
#14638=CARTESIAN_POINT('',(4.35,2.3,1.95));
#14639=CARTESIAN_POINT('',(4.35,2.4,2.05));
#14640=CARTESIAN_POINT('Origin',(-7.75,2.4,-1.95));
#14641=CARTESIAN_POINT('',(-7.75,2.4,-2.05));
#14642=CARTESIAN_POINT('',(-7.75,2.3,-1.95));
#14643=CARTESIAN_POINT('Origin',(-7.75,2.4,-1.95));
#14644=CARTESIAN_POINT('',(-7.85,2.4,-1.95));
#14645=CARTESIAN_POINT('Origin',(-7.75,2.4,-1.95));
#14646=CARTESIAN_POINT('Origin',(-7.75,2.4,-1.95));
#14647=CARTESIAN_POINT('Origin',(-7.75,2.3,-1.95));
#14648=CARTESIAN_POINT('',(-7.85,2.3,-1.95));
#14649=CARTESIAN_POINT('',(-7.75,2.3,-2.05));
#14650=CARTESIAN_POINT('Origin',(-7.75,2.4,1.275));
#14651=CARTESIAN_POINT('',(-7.75,2.3,1.275));
#14652=CARTESIAN_POINT('',(-7.85,2.4,1.275));
#14653=CARTESIAN_POINT('Origin',(-3.925,2.4,-1.95));
#14654=CARTESIAN_POINT('',(-3.925,2.3,-1.95));
#14655=CARTESIAN_POINT('',(-3.925,2.4,-2.05));
#14656=CARTESIAN_POINT('Origin',(-7.75,4.65,1.95));
#14657=CARTESIAN_POINT('',(-7.85,4.13431457505076,1.95));
#14658=CARTESIAN_POINT('',(-7.75,4.13431457505076,2.05));
#14659=CARTESIAN_POINT('Origin',(-7.75,4.13431457505076,1.95));
#14660=CARTESIAN_POINT('',(-7.75,4.65,2.05));
#14661=CARTESIAN_POINT('',(-7.85,4.65,1.95));
#14662=CARTESIAN_POINT('Ctrl Pts',(-7.95,4.7,2.05));
#14663=CARTESIAN_POINT('Ctrl Pts',(-7.94970602807082,4.69874292315356,2.05));
#14664=CARTESIAN_POINT('Ctrl Pts',(-7.94940957744344,4.69748827938952,2.04999562459643));
#14665=CARTESIAN_POINT('Ctrl Pts',(-7.90247178736845,4.49376582209176,2.05008314698772));
#14666=CARTESIAN_POINT('Ctrl Pts',(-7.85,4.29506093147429,1.99896331512288));
#14667=CARTESIAN_POINT('Ctrl Pts',(-7.85,4.13431457505076,1.95));
#14668=CARTESIAN_POINT('Ctrl Pts',(-7.95,4.7,2.05));
#14669=CARTESIAN_POINT('Ctrl Pts',(-7.94955872722177,4.69893561570866,2.04997017106458));
#14670=CARTESIAN_POINT('Ctrl Pts',(-7.94926148118971,4.69745610689996,2.05002672177811));
#14671=CARTESIAN_POINT('Ctrl Pts',(-7.88508896991521,4.50653584917047,2.04908744586056));
#14672=CARTESIAN_POINT('Ctrl Pts',(-7.82181096193876,4.29977667200777,2.03456925307458));
#14673=CARTESIAN_POINT('Ctrl Pts',(-7.85,4.13431457505076,2.00235987755983));
#14674=CARTESIAN_POINT('Ctrl Pts',(-7.95,4.7,2.05));
#14675=CARTESIAN_POINT('Ctrl Pts',(-7.94947566403664,4.69888231093353,2.05));
#14676=CARTESIAN_POINT('Ctrl Pts',(-7.94904836688915,4.6976581951694,2.05));
#14677=CARTESIAN_POINT('Ctrl Pts',(-7.87011639548801,4.51321561885367,2.05000000000001));
#14678=CARTESIAN_POINT('Ctrl Pts',(-7.7841067569541,4.31521217094703,2.05));
#14679=CARTESIAN_POINT('Ctrl Pts',(-7.80235987755983,4.13431457505076,2.05));
#14680=CARTESIAN_POINT('Ctrl Pts',(-7.95,4.7,2.05));
#14681=CARTESIAN_POINT('Ctrl Pts',(-7.94941205614161,4.69890005775929,2.05));
#14682=CARTESIAN_POINT('Ctrl Pts',(-7.94881915488689,4.69779656615096,2.05));
#14683=CARTESIAN_POINT('Ctrl Pts',(-7.85494357473631,4.52084276676429,2.05000000000001));
#14684=CARTESIAN_POINT('Ctrl Pts',(-7.75,4.33462926536316,2.05));
#14685=CARTESIAN_POINT('Ctrl Pts',(-7.75,4.13431457505076,2.05));
#14686=CARTESIAN_POINT('',(-7.95,4.7,2.05));
#14687=CARTESIAN_POINT('Ctrl Pts',(-7.85,4.13431457505076,1.95));
#14688=CARTESIAN_POINT('Ctrl Pts',(-7.85,4.29506093147429,1.99896331512288));
#14689=CARTESIAN_POINT('Ctrl Pts',(-7.90247178736845,4.49376582209176,2.05008314698772));
#14690=CARTESIAN_POINT('Ctrl Pts',(-7.94940957744344,4.69748827938952,2.04999562459643));
#14691=CARTESIAN_POINT('Ctrl Pts',(-7.94970602807082,4.69874292315356,2.05));
#14692=CARTESIAN_POINT('Ctrl Pts',(-7.95,4.7,2.05));
#14693=CARTESIAN_POINT('Ctrl Pts',(-7.95,4.7,2.05));
#14694=CARTESIAN_POINT('Ctrl Pts',(-7.94941205614161,4.69890005775929,2.05));
#14695=CARTESIAN_POINT('Ctrl Pts',(-7.94881915488689,4.69779656615096,2.05));
#14696=CARTESIAN_POINT('Ctrl Pts',(-7.85494357473631,4.52084276676429,2.05000000000001));
#14697=CARTESIAN_POINT('Ctrl Pts',(-7.75,4.33462926536316,2.05));
#14698=CARTESIAN_POINT('Ctrl Pts',(-7.75,4.13431457505076,2.05));
#14699=CARTESIAN_POINT('Origin',(0.425,6.9,-2.15));
#14700=CARTESIAN_POINT('',(0.425,6.9,-2.05));
#14701=CARTESIAN_POINT('',(0.425,7.,-2.15));
#14702=CARTESIAN_POINT('Origin',(7.75,2.4,1.275));
#14703=CARTESIAN_POINT('',(7.75,2.3,1.275));
#14704=CARTESIAN_POINT('',(7.85,2.4,1.275));
#14705=CARTESIAN_POINT('Origin',(7.95,6.9,0.95));
#14706=CARTESIAN_POINT('',(7.95,7.,0.95));
#14707=CARTESIAN_POINT('',(7.85,6.9,0.95));
#14708=CARTESIAN_POINT('Origin',(7.95,6.9,0.95));
#14709=CARTESIAN_POINT('',(7.95,6.9,1.05));
#14710=CARTESIAN_POINT('Origin',(7.95,6.9,0.95));
#14711=CARTESIAN_POINT('Origin',(7.95,6.9,0.95));
#14712=CARTESIAN_POINT('Origin',(7.95,6.9,1.55));
#14713=CARTESIAN_POINT('',(7.95,7.,1.55));
#14714=CARTESIAN_POINT('',(7.85,6.9,1.55));
#14715=CARTESIAN_POINT('Origin',(-7.85,2.3,2.05));
#14716=CARTESIAN_POINT('',(-7.85,4.,0.95));
#14717=CARTESIAN_POINT('',(-7.85,3.1,0.95));
#14718=CARTESIAN_POINT('',(-7.85,3.8,1.15));
#14719=CARTESIAN_POINT('Origin',(-7.85,4.,1.15));
#14720=CARTESIAN_POINT('',(-7.85,3.8,1.25));
#14721=CARTESIAN_POINT('',(-7.85,3.8,2.05));
#14722=CARTESIAN_POINT('Origin',(-7.85,4.7,1.25));
#14723=CARTESIAN_POINT('Origin',(-7.95,3.1,0.95));
#14724=CARTESIAN_POINT('',(-7.95,4.,1.05));
#14725=CARTESIAN_POINT('',(-7.95,3.1,1.05));
#14726=CARTESIAN_POINT('Origin',(-7.95,4.,0.95));
#14727=CARTESIAN_POINT('Origin',(8.7,6.9,0.95));
#14728=CARTESIAN_POINT('',(-8.6,7.,0.95));
#14729=CARTESIAN_POINT('',(8.7,7.,0.95));
#14730=CARTESIAN_POINT('',(-8.6,6.9,1.05));
#14731=CARTESIAN_POINT('Origin',(-8.6,6.9,0.95));
#14732=CARTESIAN_POINT('',(8.7,6.9,1.05));
#14733=CARTESIAN_POINT('Origin',(8.7,7.,1.05));
#14734=CARTESIAN_POINT('',(8.6,7.,0.95));
#14735=CARTESIAN_POINT('',(8.7,7.,0.95));
#14736=CARTESIAN_POINT('',(8.6,7.,-2.775));
#14737=CARTESIAN_POINT('',(8.6,7.,1.9625));
#14738=CARTESIAN_POINT('',(-8.6,7.,-2.775));
#14739=CARTESIAN_POINT('',(8.7,7.,-2.775));
#14740=CARTESIAN_POINT('',(-8.6,7.,1.9625));
#14741=CARTESIAN_POINT('Origin',(8.7,6.9,0.95));
#14742=CARTESIAN_POINT('',(8.6,6.9,1.05));
#14743=CARTESIAN_POINT('',(8.7,6.9,1.05));
#14744=CARTESIAN_POINT('Origin',(8.6,6.9,0.95));
#14745=CARTESIAN_POINT('Origin',(7.95,3.1,0.95));
#14746=CARTESIAN_POINT('',(7.85,4.,0.95));
#14747=CARTESIAN_POINT('',(7.85,3.1,0.95));
#14748=CARTESIAN_POINT('',(7.95,4.,1.05));
#14749=CARTESIAN_POINT('Origin',(7.95,4.,0.95));
#14750=CARTESIAN_POINT('',(7.95,3.1,1.05));
#14751=CARTESIAN_POINT('Origin',(0.,2.3,0.5));
#14752=CARTESIAN_POINT('Origin',(-7.85,2.3,-2.05));
#14753=CARTESIAN_POINT('Origin',(0.549999999999999,0.799999999999999,1.525));
#14754=CARTESIAN_POINT('',(0.549999999999999,0.799999999999999,1.625));
#14755=CARTESIAN_POINT('',(0.549999999999999,0.699999999999999,1.525));
#14756=CARTESIAN_POINT('Origin',(0.549999999999999,0.799999999999999,1.525));
#14757=CARTESIAN_POINT('',(0.449999999999999,0.799999999999999,1.725));
#14758=CARTESIAN_POINT('Origin',(0.549999999999999,0.799999999999999,1.725));
#14759=CARTESIAN_POINT('',(0.449999999999999,0.599999999999999,1.525));
#14760=CARTESIAN_POINT('Origin',(0.449999999999999,0.799999999999999,1.525));
#14761=CARTESIAN_POINT('Origin',(0.549999999999999,0.599999999999999,1.525));
#14762=CARTESIAN_POINT('Origin',(0.549999999999999,0.799999999999999,-0.475));
#14763=CARTESIAN_POINT('',(0.449999999999999,0.599999999999999,-0.475));
#14764=CARTESIAN_POINT('',(0.449999999999999,0.799999999999999,-0.675));
#14765=CARTESIAN_POINT('Origin',(0.449999999999999,0.799999999999999,-0.475));
#14766=CARTESIAN_POINT('',(0.549999999999999,0.799999999999999,-0.575));
#14767=CARTESIAN_POINT('Origin',(0.549999999999999,0.799999999999999,-0.675));
#14768=CARTESIAN_POINT('',(0.549999999999999,0.699999999999999,-0.475));
#14769=CARTESIAN_POINT('Origin',(0.549999999999999,0.799999999999999,-0.475));
#14770=CARTESIAN_POINT('Origin',(0.549999999999999,0.599999999999999,-0.475));
#14771=CARTESIAN_POINT('Origin',(0.549999999999999,1.1,1.725));
#14772=CARTESIAN_POINT('',(0.549999999999999,1.2,1.725));
#14773=CARTESIAN_POINT('',(0.549999999999999,1.1,1.625));
#14774=CARTESIAN_POINT('Origin',(0.549999999999999,1.1,1.725));
#14775=CARTESIAN_POINT('',(0.449999999999999,1.1,1.725));
#14776=CARTESIAN_POINT('Origin',(0.549999999999999,1.1,1.725));
#14777=CARTESIAN_POINT('Origin',(0.549999999999999,1.1,1.725));
#14778=CARTESIAN_POINT('Origin',(1.95,0.799999999999999,1.525));
#14779=CARTESIAN_POINT('',(1.95,0.7,1.525));
#14780=CARTESIAN_POINT('',(1.95,0.799999999999999,1.625));
#14781=CARTESIAN_POINT('Origin',(1.95,0.799999999999999,1.525));
#14782=CARTESIAN_POINT('',(2.05,0.6,1.525));
#14783=CARTESIAN_POINT('Origin',(1.95,0.6,1.525));
#14784=CARTESIAN_POINT('',(2.05,0.799999999999999,1.725));
#14785=CARTESIAN_POINT('Origin',(2.05,0.799999999999999,1.525));
#14786=CARTESIAN_POINT('Origin',(1.95,0.799999999999999,1.725));
#14787=CARTESIAN_POINT('Origin',(0.349999999999999,0.0999999999999989,2.775));
#14788=CARTESIAN_POINT('',(0.449999999999999,0.0999999999999989,2.775));
#14789=CARTESIAN_POINT('Origin',(0.349999999999999,0.0999999999999989,2.775));
#14790=CARTESIAN_POINT('',(0.349999999999999,-1.11022302462516E-15,2.775));
#14791=CARTESIAN_POINT('Origin',(0.349999999999999,0.0999999999999989,2.775));
#14792=CARTESIAN_POINT('Origin',(0.349999999999999,0.0999999999999989,2.775));
#14793=CARTESIAN_POINT('Origin',(-0.55,0.799999999999999,1.525));
#14794=CARTESIAN_POINT('',(-0.55,0.7,1.525));
#14795=CARTESIAN_POINT('',(-0.55,0.799999999999999,1.625));
#14796=CARTESIAN_POINT('Origin',(-0.55,0.799999999999999,1.525));
#14797=CARTESIAN_POINT('',(-0.45,0.6,1.525));
#14798=CARTESIAN_POINT('Origin',(-0.55,0.6,1.525));
#14799=CARTESIAN_POINT('',(-0.45,0.799999999999999,1.725));
#14800=CARTESIAN_POINT('Origin',(-0.45,0.799999999999999,1.525));
#14801=CARTESIAN_POINT('Origin',(-0.55,0.799999999999999,1.725));
#14802=CARTESIAN_POINT('Origin',(-0.55,0.799999999999999,-0.475));
#14803=CARTESIAN_POINT('',(-0.55,0.799999999999999,-0.575));
#14804=CARTESIAN_POINT('',(-0.55,0.7,-0.475));
#14805=CARTESIAN_POINT('Origin',(-0.55,0.799999999999999,-0.475));
#14806=CARTESIAN_POINT('',(-0.45,0.799999999999999,-0.675));
#14807=CARTESIAN_POINT('Origin',(-0.55,0.799999999999999,-0.675));
#14808=CARTESIAN_POINT('',(-0.45,0.6,-0.475));
#14809=CARTESIAN_POINT('Origin',(-0.45,0.799999999999999,-0.475));
#14810=CARTESIAN_POINT('Origin',(-0.55,0.6,-0.475));
#14811=CARTESIAN_POINT('Origin',(0.349999999999999,0.0999999999999989,-2.775));
#14812=CARTESIAN_POINT('',(0.349999999999999,-1.11022302462516E-15,-2.775));
#14813=CARTESIAN_POINT('',(0.449999999999999,0.0999999999999989,-2.775));
#14814=CARTESIAN_POINT('Origin',(0.349999999999999,0.0999999999999989,-2.775));
#14815=CARTESIAN_POINT('',(0.349999999999999,0.0999999999999989,-2.875));
#14816=CARTESIAN_POINT('Origin',(0.349999999999999,0.0999999999999989,-2.775));
#14817=CARTESIAN_POINT('Origin',(0.349999999999999,0.0999999999999989,-2.775));
#14818=CARTESIAN_POINT('Origin',(0.549999999999999,1.1,-0.675));
#14819=CARTESIAN_POINT('',(0.449999999999999,1.1,-0.675));
#14820=CARTESIAN_POINT('',(0.549999999999999,1.1,-0.575));
#14821=CARTESIAN_POINT('Origin',(0.549999999999999,1.1,-0.675));
#14822=CARTESIAN_POINT('',(0.549999999999999,1.2,-0.675));
#14823=CARTESIAN_POINT('Origin',(0.549999999999999,1.1,-0.675));
#14824=CARTESIAN_POINT('Origin',(0.549999999999999,1.1,-0.675));
#14825=CARTESIAN_POINT('Origin',(1.95,0.799999999999999,-0.475));
#14826=CARTESIAN_POINT('',(1.95,0.799999999999999,-0.575));
#14827=CARTESIAN_POINT('',(1.95,0.7,-0.475));
#14828=CARTESIAN_POINT('Origin',(1.95,0.799999999999999,-0.475));
#14829=CARTESIAN_POINT('',(2.05,0.799999999999999,-0.675));
#14830=CARTESIAN_POINT('Origin',(1.95,0.799999999999999,-0.675));
#14831=CARTESIAN_POINT('',(2.05,0.6,-0.475));
#14832=CARTESIAN_POINT('Origin',(2.05,0.799999999999999,-0.475));
#14833=CARTESIAN_POINT('Origin',(1.95,0.6,-0.475));
#14834=CARTESIAN_POINT('Origin',(0.549999999999999,1.1,2.775));
#14835=CARTESIAN_POINT('',(0.549999999999999,1.2,2.775));
#14836=CARTESIAN_POINT('',(0.449999999999999,1.1,2.775));
#14837=CARTESIAN_POINT('Origin',(0.549999999999999,1.1,2.775));
#14838=CARTESIAN_POINT('Origin',(0.549999999999999,1.3,2.775));
#14839=CARTESIAN_POINT('Origin',(0.349999999999999,1.1,2.775));
#14840=CARTESIAN_POINT('Origin',(1.95,1.1,1.725));
#14841=CARTESIAN_POINT('',(2.05,1.1,1.725));
#14842=CARTESIAN_POINT('',(1.95,1.1,1.625));
#14843=CARTESIAN_POINT('Origin',(1.95,1.1,1.725));
#14844=CARTESIAN_POINT('',(1.95,1.2,1.725));
#14845=CARTESIAN_POINT('Origin',(1.95,1.1,1.725));
#14846=CARTESIAN_POINT('Origin',(1.95,1.1,1.725));
#14847=CARTESIAN_POINT('Origin',(-1.95,0.799999999999999,1.525));
#14848=CARTESIAN_POINT('',(-1.95,0.799999999999999,1.625));
#14849=CARTESIAN_POINT('',(-1.95,0.699999999999999,1.525));
#14850=CARTESIAN_POINT('Origin',(-1.95,0.799999999999999,1.525));
#14851=CARTESIAN_POINT('',(-2.05,0.799999999999999,1.725));
#14852=CARTESIAN_POINT('Origin',(-1.95,0.799999999999999,1.725));
#14853=CARTESIAN_POINT('',(-2.05,0.599999999999999,1.525));
#14854=CARTESIAN_POINT('Origin',(-2.05,0.799999999999999,1.525));
#14855=CARTESIAN_POINT('Origin',(-1.95,0.599999999999999,1.525));
#14856=CARTESIAN_POINT('Origin',(-0.35,0.099999999999999,2.775));
#14857=CARTESIAN_POINT('',(-0.35,-1.11022302462516E-15,2.775));
#14858=CARTESIAN_POINT('Origin',(-0.35,0.0999999999999989,2.775));
#14859=CARTESIAN_POINT('',(-0.45,0.099999999999999,2.775));
#14860=CARTESIAN_POINT('Origin',(-0.35,0.099999999999999,2.775));
#14861=CARTESIAN_POINT('Origin',(-0.35,0.099999999999999,2.775));
#14862=CARTESIAN_POINT('Origin',(-0.55,1.1,1.725));
#14863=CARTESIAN_POINT('',(-0.45,1.1,1.725));
#14864=CARTESIAN_POINT('',(-0.55,1.1,1.625));
#14865=CARTESIAN_POINT('Origin',(-0.55,1.1,1.725));
#14866=CARTESIAN_POINT('',(-0.55,1.2,1.725));
#14867=CARTESIAN_POINT('Origin',(-0.55,1.1,1.725));
#14868=CARTESIAN_POINT('Origin',(-0.55,1.1,1.725));
#14869=CARTESIAN_POINT('Origin',(-0.35,0.099999999999999,-2.775));
#14870=CARTESIAN_POINT('',(-0.35,-1.11022302462516E-15,-2.775));
#14871=CARTESIAN_POINT('',(-0.35,0.0999999999999989,-2.875));
#14872=CARTESIAN_POINT('Origin',(-0.35,0.0999999999999989,-2.775));
#14873=CARTESIAN_POINT('',(-0.45,0.099999999999999,-2.775));
#14874=CARTESIAN_POINT('Origin',(-0.35,0.099999999999999,-2.775));
#14875=CARTESIAN_POINT('Origin',(-0.35,0.0999999999999989,-2.775));
#14876=CARTESIAN_POINT('Origin',(-0.35,0.099999999999999,-1.3475));
#14877=CARTESIAN_POINT('',(-0.35,-1.11022302462516E-15,-1.3475));
#14878=CARTESIAN_POINT('',(-0.45,0.099999999999999,-1.3475));
#14879=CARTESIAN_POINT('Origin',(-1.95,0.799999999999999,-0.475));
#14880=CARTESIAN_POINT('',(-2.05,0.599999999999999,-0.475));
#14881=CARTESIAN_POINT('',(-2.05,0.799999999999999,-0.675));
#14882=CARTESIAN_POINT('Origin',(-2.05,0.799999999999999,-0.475));
#14883=CARTESIAN_POINT('',(-1.95,0.799999999999999,-0.575));
#14884=CARTESIAN_POINT('Origin',(-1.95,0.799999999999999,-0.675));
#14885=CARTESIAN_POINT('',(-1.95,0.699999999999999,-0.475));
#14886=CARTESIAN_POINT('Origin',(-1.95,0.799999999999999,-0.475));
#14887=CARTESIAN_POINT('Origin',(-1.95,0.599999999999999,-0.475));
#14888=CARTESIAN_POINT('Origin',(-0.55,1.1,-0.675));
#14889=CARTESIAN_POINT('',(-0.55,1.2,-0.675));
#14890=CARTESIAN_POINT('',(-0.55,1.1,-0.575));
#14891=CARTESIAN_POINT('Origin',(-0.55,1.1,-0.675));
#14892=CARTESIAN_POINT('',(-0.45,1.1,-0.675));
#14893=CARTESIAN_POINT('Origin',(-0.55,1.1,-0.675));
#14894=CARTESIAN_POINT('Origin',(-0.55,1.1,-0.675));
#14895=CARTESIAN_POINT('Origin',(0.549999999999999,1.1,-2.775));
#14896=CARTESIAN_POINT('',(0.349999999999999,1.1,-2.875));
#14897=CARTESIAN_POINT('',(0.549999999999999,1.3,-2.875));
#14898=CARTESIAN_POINT('Origin',(0.549999999999999,1.1,-2.875));
#14899=CARTESIAN_POINT('',(0.549999999999999,1.2,-2.775));
#14900=CARTESIAN_POINT('Origin',(0.549999999999999,1.3,-2.775));
#14901=CARTESIAN_POINT('',(0.449999999999999,1.1,-2.775));
#14902=CARTESIAN_POINT('Origin',(0.549999999999999,1.1,-2.775));
#14903=CARTESIAN_POINT('Origin',(0.349999999999999,1.1,-2.775));
#14904=CARTESIAN_POINT('Origin',(1.95,1.1,-0.675));
#14905=CARTESIAN_POINT('',(1.95,1.2,-0.675));
#14906=CARTESIAN_POINT('',(1.95,1.1,-0.575));
#14907=CARTESIAN_POINT('Origin',(1.95,1.1,-0.675));
#14908=CARTESIAN_POINT('',(2.05,1.1,-0.675));
#14909=CARTESIAN_POINT('Origin',(1.95,1.1,-0.675));
#14910=CARTESIAN_POINT('Origin',(1.95,1.1,-0.675));
#14911=CARTESIAN_POINT('Origin',(1.95,1.1,2.775));
#14912=CARTESIAN_POINT('',(2.05,1.1,2.775));
#14913=CARTESIAN_POINT('',(1.95,1.2,2.775));
#14914=CARTESIAN_POINT('Origin',(1.95,1.1,2.775));
#14915=CARTESIAN_POINT('Origin',(2.15,1.1,2.775));
#14916=CARTESIAN_POINT('Origin',(1.95,1.3,2.775));
#14917=CARTESIAN_POINT('Origin',(-1.95,1.1,1.725));
#14918=CARTESIAN_POINT('',(-1.95,1.2,1.725));
#14919=CARTESIAN_POINT('',(-1.95,1.1,1.625));
#14920=CARTESIAN_POINT('Origin',(-1.95,1.1,1.725));
#14921=CARTESIAN_POINT('',(-2.05,1.1,1.725));
#14922=CARTESIAN_POINT('Origin',(-1.95,1.1,1.725));
#14923=CARTESIAN_POINT('Origin',(-1.95,1.1,1.725));
#14924=CARTESIAN_POINT('Origin',(-0.55,1.1,2.775));
#14925=CARTESIAN_POINT('',(-0.45,1.1,2.775));
#14926=CARTESIAN_POINT('',(-0.55,1.2,2.775));
#14927=CARTESIAN_POINT('Origin',(-0.55,1.1,2.775));
#14928=CARTESIAN_POINT('Origin',(-0.35,1.1,2.775));
#14929=CARTESIAN_POINT('Origin',(-0.55,1.3,2.775));
#14930=CARTESIAN_POINT('Origin',(-0.35,0.599999999999998,2.775));
#14931=CARTESIAN_POINT('',(-0.45,0.599999999999998,2.775));
#14932=CARTESIAN_POINT('Origin',(-0.55,1.1,-2.775));
#14933=CARTESIAN_POINT('',(-0.55,1.3,-2.875));
#14934=CARTESIAN_POINT('',(-0.35,1.1,-2.875));
#14935=CARTESIAN_POINT('Origin',(-0.550000000000001,1.1,-2.875));
#14936=CARTESIAN_POINT('',(-0.45,1.1,-2.775));
#14937=CARTESIAN_POINT('Origin',(-0.35,1.1,-2.775));
#14938=CARTESIAN_POINT('',(-0.55,1.2,-2.775));
#14939=CARTESIAN_POINT('Origin',(-0.55,1.1,-2.775));
#14940=CARTESIAN_POINT('Origin',(-0.55,1.3,-2.775));
#14941=CARTESIAN_POINT('Origin',(-0.35,0.599999999999998,-2.775));
#14942=CARTESIAN_POINT('',(-0.35,0.599999999999998,-2.875));
#14943=CARTESIAN_POINT('',(-0.45,0.599999999999998,-2.775));
#14944=CARTESIAN_POINT('Origin',(-0.55,1.1,-2.875));
#14945=CARTESIAN_POINT('',(-0.55,1.2,-2.875));
#14946=CARTESIAN_POINT('',(-0.45,1.1,-2.875));
#14947=CARTESIAN_POINT('Origin',(-1.95,1.1,-0.675));
#14948=CARTESIAN_POINT('',(-2.05,1.1,-0.675));
#14949=CARTESIAN_POINT('',(-1.95,1.1,-0.575));
#14950=CARTESIAN_POINT('Origin',(-1.95,1.1,-0.675));
#14951=CARTESIAN_POINT('',(-1.95,1.2,-0.675));
#14952=CARTESIAN_POINT('Origin',(-1.95,1.1,-0.675));
#14953=CARTESIAN_POINT('Origin',(-1.95,1.1,-0.675));
#14954=CARTESIAN_POINT('Origin',(1.95,1.1,-2.775));
#14955=CARTESIAN_POINT('',(1.95,1.3,-2.875));
#14956=CARTESIAN_POINT('',(2.15,1.1,-2.875));
#14957=CARTESIAN_POINT('Origin',(1.95,1.1,-2.875));
#14958=CARTESIAN_POINT('',(2.05,1.1,-2.775));
#14959=CARTESIAN_POINT('Origin',(2.15,1.1,-2.775));
#14960=CARTESIAN_POINT('',(1.95,1.2,-2.775));
#14961=CARTESIAN_POINT('Origin',(1.95,1.1,-2.775));
#14962=CARTESIAN_POINT('Origin',(1.95,1.3,-2.775));
#14963=CARTESIAN_POINT('Origin',(2.15,0.099999999999999,2.775));
#14964=CARTESIAN_POINT('',(2.15,-1.11022302462516E-15,2.775));
#14965=CARTESIAN_POINT('Origin',(2.15,0.0999999999999989,2.775));
#14966=CARTESIAN_POINT('',(2.05,0.099999999999999,2.775));
#14967=CARTESIAN_POINT('Origin',(2.15,0.099999999999999,2.775));
#14968=CARTESIAN_POINT('Origin',(2.15,0.099999999999999,2.775));
#14969=CARTESIAN_POINT('Origin',(2.15,0.599999999999998,2.775));
#14970=CARTESIAN_POINT('',(2.05,0.599999999999998,2.775));
#14971=CARTESIAN_POINT('Origin',(3.05,0.799999999999999,1.525));
#14972=CARTESIAN_POINT('',(3.05,0.799999999999999,1.625));
#14973=CARTESIAN_POINT('',(3.05,0.699999999999999,1.525));
#14974=CARTESIAN_POINT('Origin',(3.05,0.799999999999999,1.525));
#14975=CARTESIAN_POINT('',(2.95,0.799999999999999,1.725));
#14976=CARTESIAN_POINT('Origin',(3.05,0.799999999999999,1.725));
#14977=CARTESIAN_POINT('',(2.95,0.599999999999999,1.525));
#14978=CARTESIAN_POINT('Origin',(2.95,0.799999999999999,1.525));
#14979=CARTESIAN_POINT('Origin',(3.05,0.599999999999999,1.525));
#14980=CARTESIAN_POINT('Origin',(-1.95,1.1,2.775));
#14981=CARTESIAN_POINT('',(-1.95,1.2,2.775));
#14982=CARTESIAN_POINT('',(-2.05,1.1,2.775));
#14983=CARTESIAN_POINT('Origin',(-1.95,1.1,2.775));
#14984=CARTESIAN_POINT('Origin',(-1.95,1.3,2.775));
#14985=CARTESIAN_POINT('Origin',(-2.15,1.1,2.775));
#14986=CARTESIAN_POINT('Origin',(3.325,1.3,2.775));
#14987=CARTESIAN_POINT('',(3.325,1.2,2.775));
#14988=CARTESIAN_POINT('Origin',(-1.95,1.1,-2.775));
#14989=CARTESIAN_POINT('',(-2.15,1.1,-2.875));
#14990=CARTESIAN_POINT('',(-1.95,1.3,-2.875));
#14991=CARTESIAN_POINT('Origin',(-1.95,1.1,-2.875));
#14992=CARTESIAN_POINT('',(-1.95,1.2,-2.775));
#14993=CARTESIAN_POINT('Origin',(-1.95,1.3,-2.775));
#14994=CARTESIAN_POINT('',(-2.05,1.1,-2.775));
#14995=CARTESIAN_POINT('Origin',(-1.95,1.1,-2.775));
#14996=CARTESIAN_POINT('Origin',(-2.15,1.1,-2.775));
#14997=CARTESIAN_POINT('Origin',(3.325,1.3,-2.775));
#14998=CARTESIAN_POINT('',(3.325,1.3,-2.875));
#14999=CARTESIAN_POINT('',(3.325,1.2,-2.775));
#15000=CARTESIAN_POINT('Origin',(-1.95,1.1,0.));
#15001=CARTESIAN_POINT('',(-2.05,1.1,0.));
#15002=CARTESIAN_POINT('',(-1.95,1.2,0.));
#15003=CARTESIAN_POINT('Origin',(2.15,0.099999999999999,-2.775));
#15004=CARTESIAN_POINT('',(2.15,-1.11022302462516E-15,-2.775));
#15005=CARTESIAN_POINT('',(2.15,0.0999999999999989,-2.875));
#15006=CARTESIAN_POINT('Origin',(2.15,0.0999999999999989,-2.775));
#15007=CARTESIAN_POINT('',(2.05,0.099999999999999,-2.775));
#15008=CARTESIAN_POINT('Origin',(2.15,0.099999999999999,-2.775));
#15009=CARTESIAN_POINT('Origin',(2.15,0.0999999999999989,-2.775));
#15010=CARTESIAN_POINT('Origin',(2.15,0.099999999999999,-1.3475));
#15011=CARTESIAN_POINT('',(2.15,-1.11022302462516E-15,-1.3475));
#15012=CARTESIAN_POINT('',(2.05,0.099999999999999,-1.3475));
#15013=CARTESIAN_POINT('Origin',(2.15,0.599999999999998,-2.775));
#15014=CARTESIAN_POINT('',(2.15,0.599999999999998,-2.875));
#15015=CARTESIAN_POINT('',(2.05,0.599999999999998,-2.775));
#15016=CARTESIAN_POINT('Origin',(3.05,0.799999999999999,-0.475));
#15017=CARTESIAN_POINT('',(2.95,0.599999999999999,-0.475));
#15018=CARTESIAN_POINT('',(2.95,0.799999999999999,-0.675));
#15019=CARTESIAN_POINT('Origin',(2.95,0.799999999999999,-0.475));
#15020=CARTESIAN_POINT('',(3.05,0.799999999999999,-0.575));
#15021=CARTESIAN_POINT('Origin',(3.05,0.799999999999999,-0.675));
#15022=CARTESIAN_POINT('',(3.05,0.699999999999999,-0.475));
#15023=CARTESIAN_POINT('Origin',(3.05,0.799999999999999,-0.475));
#15024=CARTESIAN_POINT('Origin',(3.05,0.599999999999999,-0.475));
#15025=CARTESIAN_POINT('Origin',(4.45,0.799999999999999,1.525));
#15026=CARTESIAN_POINT('',(4.45,0.7,1.525));
#15027=CARTESIAN_POINT('',(4.45,0.799999999999999,1.625));
#15028=CARTESIAN_POINT('Origin',(4.45,0.799999999999999,1.525));
#15029=CARTESIAN_POINT('',(4.55,0.6,1.525));
#15030=CARTESIAN_POINT('Origin',(4.45,0.6,1.525));
#15031=CARTESIAN_POINT('',(4.55,0.799999999999999,1.725));
#15032=CARTESIAN_POINT('Origin',(4.55,0.799999999999999,1.525));
#15033=CARTESIAN_POINT('Origin',(4.45,0.799999999999999,1.725));
#15034=CARTESIAN_POINT('Origin',(2.85,0.0999999999999989,2.775));
#15035=CARTESIAN_POINT('',(2.95,0.0999999999999989,2.775));
#15036=CARTESIAN_POINT('Origin',(2.85,0.0999999999999989,2.775));
#15037=CARTESIAN_POINT('',(2.85,-1.11022302462516E-15,2.775));
#15038=CARTESIAN_POINT('Origin',(2.85,0.0999999999999989,2.775));
#15039=CARTESIAN_POINT('Origin',(2.85,0.0999999999999989,2.775));
#15040=CARTESIAN_POINT('Origin',(7.315,0.0999999999999989,2.775));
#15041=CARTESIAN_POINT('',(7.315,-1.11022302462516E-15,2.775));
#15042=CARTESIAN_POINT('Origin',(3.05,1.1,1.725));
#15043=CARTESIAN_POINT('',(3.05,1.2,1.725));
#15044=CARTESIAN_POINT('',(3.05,1.1,1.625));
#15045=CARTESIAN_POINT('Origin',(3.05,1.1,1.725));
#15046=CARTESIAN_POINT('',(2.95,1.1,1.725));
#15047=CARTESIAN_POINT('Origin',(3.05,1.1,1.725));
#15048=CARTESIAN_POINT('Origin',(3.05,1.1,1.725));
#15049=CARTESIAN_POINT('Origin',(-2.15,0.0999999999999989,2.775));
#15050=CARTESIAN_POINT('',(-2.05,0.0999999999999989,2.775));
#15051=CARTESIAN_POINT('Origin',(-2.15,0.0999999999999989,2.775));
#15052=CARTESIAN_POINT('',(-2.15,-1.11022302462516E-15,2.775));
#15053=CARTESIAN_POINT('Origin',(-2.15,0.0999999999999989,2.775));
#15054=CARTESIAN_POINT('Origin',(-2.15,0.0999999999999989,2.775));
#15055=CARTESIAN_POINT('Origin',(-3.05,0.799999999999999,1.525));
#15056=CARTESIAN_POINT('',(-3.05,0.7,1.525));
#15057=CARTESIAN_POINT('',(-3.05,0.799999999999999,1.625));
#15058=CARTESIAN_POINT('Origin',(-3.05,0.799999999999999,1.525));
#15059=CARTESIAN_POINT('',(-2.95,0.6,1.525));
#15060=CARTESIAN_POINT('Origin',(-3.05,0.6,1.525));
#15061=CARTESIAN_POINT('',(-2.95,0.799999999999999,1.725));
#15062=CARTESIAN_POINT('Origin',(-2.95,0.799999999999999,1.525));
#15063=CARTESIAN_POINT('Origin',(-3.05,0.799999999999999,1.725));
#15064=CARTESIAN_POINT('Origin',(-2.15,0.0999999999999989,-2.775));
#15065=CARTESIAN_POINT('',(-2.15,-1.11022302462516E-15,-2.775));
#15066=CARTESIAN_POINT('',(-2.05,0.0999999999999989,-2.775));
#15067=CARTESIAN_POINT('Origin',(-2.15,0.0999999999999989,-2.775));
#15068=CARTESIAN_POINT('',(-2.15,0.0999999999999989,-2.875));
#15069=CARTESIAN_POINT('Origin',(-2.15,0.0999999999999989,-2.775));
#15070=CARTESIAN_POINT('Origin',(-2.15,0.0999999999999989,-2.775));
#15071=CARTESIAN_POINT('Origin',(-3.05,0.799999999999999,-0.475));
#15072=CARTESIAN_POINT('',(-3.05,0.799999999999999,-0.575));
#15073=CARTESIAN_POINT('',(-3.05,0.7,-0.475));
#15074=CARTESIAN_POINT('Origin',(-3.05,0.799999999999999,-0.475));
#15075=CARTESIAN_POINT('',(-2.95,0.799999999999999,-0.675));
#15076=CARTESIAN_POINT('Origin',(-3.05,0.799999999999999,-0.675));
#15077=CARTESIAN_POINT('',(-2.95,0.6,-0.475));
#15078=CARTESIAN_POINT('Origin',(-2.95,0.799999999999999,-0.475));
#15079=CARTESIAN_POINT('Origin',(-3.05,0.6,-0.475));
#15080=CARTESIAN_POINT('Origin',(2.85,0.0999999999999989,-2.775));
#15081=CARTESIAN_POINT('',(2.85,-1.11022302462516E-15,-2.775));
#15082=CARTESIAN_POINT('',(2.95,0.0999999999999989,-2.775));
#15083=CARTESIAN_POINT('Origin',(2.85,0.0999999999999989,-2.775));
#15084=CARTESIAN_POINT('',(2.85,0.0999999999999989,-2.875));
#15085=CARTESIAN_POINT('Origin',(2.85,0.0999999999999989,-2.775));
#15086=CARTESIAN_POINT('Origin',(2.85,0.0999999999999989,-2.775));
#15087=CARTESIAN_POINT('Origin',(7.315,0.0999999999999989,-2.775));
#15088=CARTESIAN_POINT('',(7.315,0.0999999999999989,-2.875));
#15089=CARTESIAN_POINT('',(7.315,-1.11022302462516E-15,-2.775));
#15090=CARTESIAN_POINT('Origin',(3.05,1.1,-0.675));
#15091=CARTESIAN_POINT('',(2.95,1.1,-0.675));
#15092=CARTESIAN_POINT('',(3.05,1.1,-0.575));
#15093=CARTESIAN_POINT('Origin',(3.05,1.1,-0.675));
#15094=CARTESIAN_POINT('',(3.05,1.2,-0.675));
#15095=CARTESIAN_POINT('Origin',(3.05,1.1,-0.675));
#15096=CARTESIAN_POINT('Origin',(3.05,1.1,-0.675));
#15097=CARTESIAN_POINT('Origin',(4.45,0.799999999999999,-0.475));
#15098=CARTESIAN_POINT('',(4.45,0.799999999999999,-0.575));
#15099=CARTESIAN_POINT('',(4.45,0.7,-0.475));
#15100=CARTESIAN_POINT('Origin',(4.45,0.799999999999999,-0.475));
#15101=CARTESIAN_POINT('',(4.55,0.799999999999999,-0.675));
#15102=CARTESIAN_POINT('Origin',(4.45,0.799999999999999,-0.675));
#15103=CARTESIAN_POINT('',(4.55,0.6,-0.475));
#15104=CARTESIAN_POINT('Origin',(4.55,0.799999999999999,-0.475));
#15105=CARTESIAN_POINT('Origin',(4.45,0.6,-0.475));
#15106=CARTESIAN_POINT('Origin',(4.45,1.1,1.725));
#15107=CARTESIAN_POINT('',(4.55,1.1,1.725));
#15108=CARTESIAN_POINT('',(4.45,1.1,1.625));
#15109=CARTESIAN_POINT('Origin',(4.45,1.1,1.725));
#15110=CARTESIAN_POINT('',(4.45,1.2,1.725));
#15111=CARTESIAN_POINT('Origin',(4.45,1.1,1.725));
#15112=CARTESIAN_POINT('Origin',(4.45,1.1,1.725));
#15113=CARTESIAN_POINT('Origin',(3.05,1.1,2.775));
#15114=CARTESIAN_POINT('',(3.05,1.2,2.775));
#15115=CARTESIAN_POINT('',(2.95,1.1,2.775));
#15116=CARTESIAN_POINT('Origin',(3.05,1.1,2.775));
#15117=CARTESIAN_POINT('Origin',(3.05,1.3,2.775));
#15118=CARTESIAN_POINT('Origin',(2.85,1.1,2.775));
#15119=CARTESIAN_POINT('Origin',(-4.45,0.799999999999999,1.525));
#15120=CARTESIAN_POINT('',(-4.45,0.799999999999999,1.625));
#15121=CARTESIAN_POINT('',(-4.45,0.699999999999999,1.525));
#15122=CARTESIAN_POINT('Origin',(-4.45,0.799999999999999,1.525));
#15123=CARTESIAN_POINT('',(-4.55,0.799999999999999,1.725));
#15124=CARTESIAN_POINT('Origin',(-4.45,0.799999999999999,1.725));
#15125=CARTESIAN_POINT('',(-4.55,0.599999999999999,1.525));
#15126=CARTESIAN_POINT('Origin',(-4.55,0.799999999999999,1.525));
#15127=CARTESIAN_POINT('Origin',(-4.45,0.599999999999999,1.525));
#15128=CARTESIAN_POINT('Origin',(-2.85,0.099999999999999,2.775));
#15129=CARTESIAN_POINT('',(-2.85,-1.11022302462516E-15,2.775));
#15130=CARTESIAN_POINT('Origin',(-2.85,0.0999999999999989,2.775));
#15131=CARTESIAN_POINT('',(-2.95,0.099999999999999,2.775));
#15132=CARTESIAN_POINT('Origin',(-2.85,0.099999999999999,2.775));
#15133=CARTESIAN_POINT('Origin',(-2.85,0.099999999999999,2.775));
#15134=CARTESIAN_POINT('Origin',(-3.05,1.1,1.725));
#15135=CARTESIAN_POINT('',(-2.95,1.1,1.725));
#15136=CARTESIAN_POINT('',(-3.05,1.1,1.625));
#15137=CARTESIAN_POINT('Origin',(-3.05,1.1,1.725));
#15138=CARTESIAN_POINT('',(-3.05,1.2,1.725));
#15139=CARTESIAN_POINT('Origin',(-3.05,1.1,1.725));
#15140=CARTESIAN_POINT('Origin',(-3.05,1.1,1.725));
#15141=CARTESIAN_POINT('Origin',(-2.85,0.099999999999999,-2.775));
#15142=CARTESIAN_POINT('',(-2.85,-1.11022302462516E-15,-2.775));
#15143=CARTESIAN_POINT('',(-2.85,0.0999999999999989,-2.875));
#15144=CARTESIAN_POINT('Origin',(-2.85,0.0999999999999989,-2.775));
#15145=CARTESIAN_POINT('',(-2.95,0.099999999999999,-2.775));
#15146=CARTESIAN_POINT('Origin',(-2.85,0.099999999999999,-2.775));
#15147=CARTESIAN_POINT('Origin',(-2.85,0.0999999999999989,-2.775));
#15148=CARTESIAN_POINT('Origin',(-2.85,0.099999999999999,-1.3475));
#15149=CARTESIAN_POINT('',(-2.85,-1.11022302462516E-15,-1.3475));
#15150=CARTESIAN_POINT('',(-2.95,0.099999999999999,-1.3475));
#15151=CARTESIAN_POINT('Origin',(-3.05,1.1,-0.675));
#15152=CARTESIAN_POINT('',(-3.05,1.2,-0.675));
#15153=CARTESIAN_POINT('',(-3.05,1.1,-0.575));
#15154=CARTESIAN_POINT('Origin',(-3.05,1.1,-0.675));
#15155=CARTESIAN_POINT('',(-2.95,1.1,-0.675));
#15156=CARTESIAN_POINT('Origin',(-3.05,1.1,-0.675));
#15157=CARTESIAN_POINT('Origin',(-3.05,1.1,-0.675));
#15158=CARTESIAN_POINT('Origin',(-4.45,0.799999999999999,-0.475));
#15159=CARTESIAN_POINT('',(-4.55,0.599999999999999,-0.475));
#15160=CARTESIAN_POINT('',(-4.55,0.799999999999999,-0.675));
#15161=CARTESIAN_POINT('Origin',(-4.55,0.799999999999999,-0.475));
#15162=CARTESIAN_POINT('',(-4.45,0.799999999999999,-0.575));
#15163=CARTESIAN_POINT('Origin',(-4.45,0.799999999999999,-0.675));
#15164=CARTESIAN_POINT('',(-4.45,0.699999999999999,-0.475));
#15165=CARTESIAN_POINT('Origin',(-4.45,0.799999999999999,-0.475));
#15166=CARTESIAN_POINT('Origin',(-4.45,0.599999999999999,-0.475));
#15167=CARTESIAN_POINT('Origin',(3.05,1.1,-2.775));
#15168=CARTESIAN_POINT('',(2.85,1.1,-2.875));
#15169=CARTESIAN_POINT('',(3.05,1.3,-2.875));
#15170=CARTESIAN_POINT('Origin',(3.05,1.1,-2.875));
#15171=CARTESIAN_POINT('',(3.05,1.2,-2.775));
#15172=CARTESIAN_POINT('Origin',(3.05,1.3,-2.775));
#15173=CARTESIAN_POINT('',(2.95,1.1,-2.775));
#15174=CARTESIAN_POINT('Origin',(3.05,1.1,-2.775));
#15175=CARTESIAN_POINT('Origin',(2.85,1.1,-2.775));
#15176=CARTESIAN_POINT('Origin',(4.45,1.1,-0.675));
#15177=CARTESIAN_POINT('',(4.45,1.2,-0.675));
#15178=CARTESIAN_POINT('',(4.45,1.1,-0.575));
#15179=CARTESIAN_POINT('Origin',(4.45,1.1,-0.675));
#15180=CARTESIAN_POINT('',(4.55,1.1,-0.675));
#15181=CARTESIAN_POINT('Origin',(4.45,1.1,-0.675));
#15182=CARTESIAN_POINT('Origin',(4.45,1.1,-0.675));
#15183=CARTESIAN_POINT('Origin',(4.45,1.1,2.775));
#15184=CARTESIAN_POINT('',(4.55,1.1,2.775));
#15185=CARTESIAN_POINT('',(4.45,1.2,2.775));
#15186=CARTESIAN_POINT('Origin',(4.45,1.1,2.775));
#15187=CARTESIAN_POINT('Origin',(4.65,1.1,2.775));
#15188=CARTESIAN_POINT('Origin',(4.45,1.3,2.775));
#15189=CARTESIAN_POINT('Origin',(-4.45,1.1,1.725));
#15190=CARTESIAN_POINT('',(-4.45,1.2,1.725));
#15191=CARTESIAN_POINT('',(-4.45,1.1,1.625));
#15192=CARTESIAN_POINT('Origin',(-4.45,1.1,1.725));
#15193=CARTESIAN_POINT('',(-4.55,1.1,1.725));
#15194=CARTESIAN_POINT('Origin',(-4.45,1.1,1.725));
#15195=CARTESIAN_POINT('Origin',(-4.45,1.1,1.725));
#15196=CARTESIAN_POINT('Origin',(-3.05,1.1,2.775));
#15197=CARTESIAN_POINT('',(-2.95,1.1,2.775));
#15198=CARTESIAN_POINT('',(-3.05,1.2,2.775));
#15199=CARTESIAN_POINT('Origin',(-3.05,1.1,2.775));
#15200=CARTESIAN_POINT('Origin',(-2.85,1.1,2.775));
#15201=CARTESIAN_POINT('Origin',(-3.05,1.3,2.775));
#15202=CARTESIAN_POINT('Origin',(-2.85,0.599999999999997,2.775));
#15203=CARTESIAN_POINT('',(-2.95,0.599999999999997,2.775));
#15204=CARTESIAN_POINT('Origin',(-3.05,1.1,-2.775));
#15205=CARTESIAN_POINT('',(-3.05,1.3,-2.875));
#15206=CARTESIAN_POINT('',(-2.85,1.1,-2.875));
#15207=CARTESIAN_POINT('Origin',(-3.05,1.1,-2.875));
#15208=CARTESIAN_POINT('',(-2.95,1.1,-2.775));
#15209=CARTESIAN_POINT('Origin',(-2.85,1.1,-2.775));
#15210=CARTESIAN_POINT('',(-3.05,1.2,-2.775));
#15211=CARTESIAN_POINT('Origin',(-3.05,1.1,-2.775));
#15212=CARTESIAN_POINT('Origin',(-3.05,1.3,-2.775));
#15213=CARTESIAN_POINT('Origin',(-2.85,0.599999999999997,-2.775));
#15214=CARTESIAN_POINT('',(-2.85,0.599999999999997,-2.875));
#15215=CARTESIAN_POINT('',(-2.95,0.599999999999997,-2.775));
#15216=CARTESIAN_POINT('Origin',(-3.05,1.1,-2.875));
#15217=CARTESIAN_POINT('',(-3.05,1.2,-2.875));
#15218=CARTESIAN_POINT('',(-2.95,1.1,-2.875));
#15219=CARTESIAN_POINT('Origin',(-4.45,1.1,-0.675));
#15220=CARTESIAN_POINT('',(-4.55,1.1,-0.675));
#15221=CARTESIAN_POINT('',(-4.45,1.1,-0.575));
#15222=CARTESIAN_POINT('Origin',(-4.45,1.1,-0.675));
#15223=CARTESIAN_POINT('',(-4.45,1.2,-0.675));
#15224=CARTESIAN_POINT('Origin',(-4.45,1.1,-0.675));
#15225=CARTESIAN_POINT('Origin',(-4.45,1.1,-0.675));
#15226=CARTESIAN_POINT('Origin',(4.45,1.1,-2.775));
#15227=CARTESIAN_POINT('',(4.45,1.3,-2.875));
#15228=CARTESIAN_POINT('',(4.65,1.1,-2.875));
#15229=CARTESIAN_POINT('Origin',(4.45,1.1,-2.875));
#15230=CARTESIAN_POINT('',(4.55,1.1,-2.775));
#15231=CARTESIAN_POINT('Origin',(4.65,1.1,-2.775));
#15232=CARTESIAN_POINT('',(4.45,1.2,-2.775));
#15233=CARTESIAN_POINT('Origin',(4.45,1.1,-2.775));
#15234=CARTESIAN_POINT('Origin',(4.45,1.3,-2.775));
#15235=CARTESIAN_POINT('Origin',(4.65,0.099999999999999,2.775));
#15236=CARTESIAN_POINT('',(4.65,-1.11022302462516E-15,2.775));
#15237=CARTESIAN_POINT('Origin',(4.65,0.0999999999999989,2.775));
#15238=CARTESIAN_POINT('',(4.55,0.099999999999999,2.775));
#15239=CARTESIAN_POINT('Origin',(4.65,0.099999999999999,2.775));
#15240=CARTESIAN_POINT('Origin',(4.65,0.099999999999999,2.775));
#15241=CARTESIAN_POINT('Origin',(4.65,0.599999999999999,2.775));
#15242=CARTESIAN_POINT('',(4.55,0.599999999999999,2.775));
#15243=CARTESIAN_POINT('Origin',(5.55,0.799999999999999,1.525));
#15244=CARTESIAN_POINT('',(5.55,0.799999999999999,1.625));
#15245=CARTESIAN_POINT('',(5.55,0.699999999999999,1.525));
#15246=CARTESIAN_POINT('Origin',(5.55,0.799999999999999,1.525));
#15247=CARTESIAN_POINT('',(5.45,0.799999999999999,1.725));
#15248=CARTESIAN_POINT('Origin',(5.55,0.799999999999999,1.725));
#15249=CARTESIAN_POINT('',(5.45,0.599999999999999,1.525));
#15250=CARTESIAN_POINT('Origin',(5.45,0.799999999999999,1.525));
#15251=CARTESIAN_POINT('Origin',(5.55,0.599999999999999,1.525));
#15252=CARTESIAN_POINT('Origin',(5.4,3.4,2.775));
#15253=CARTESIAN_POINT('',(5.4,3.3,2.775));
#15254=CARTESIAN_POINT('Origin',(5.4,3.2,2.775));
#15255=CARTESIAN_POINT('',(5.3,3.4,2.775));
#15256=CARTESIAN_POINT('Origin',(5.4,3.4,2.775));
#15257=CARTESIAN_POINT('Origin',(5.2,3.4,2.775));
#15258=CARTESIAN_POINT('Origin',(-4.45,1.1,2.775));
#15259=CARTESIAN_POINT('',(-4.45,1.2,2.775));
#15260=CARTESIAN_POINT('',(-4.55,1.1,2.775));
#15261=CARTESIAN_POINT('Origin',(-4.45,1.1,2.775));
#15262=CARTESIAN_POINT('Origin',(-4.45,1.3,2.775));
#15263=CARTESIAN_POINT('Origin',(-4.65,1.1,2.775));
#15264=CARTESIAN_POINT('Origin',(2.075,1.3,2.775));
#15265=CARTESIAN_POINT('',(2.075,1.2,2.775));
#15266=CARTESIAN_POINT('Origin',(-4.45,1.1,-2.775));
#15267=CARTESIAN_POINT('',(-4.65,1.1,-2.875));
#15268=CARTESIAN_POINT('',(-4.45,1.3,-2.875));
#15269=CARTESIAN_POINT('Origin',(-4.45,1.1,-2.875));
#15270=CARTESIAN_POINT('',(-4.45,1.2,-2.775));
#15271=CARTESIAN_POINT('Origin',(-4.45,1.3,-2.775));
#15272=CARTESIAN_POINT('',(-4.55,1.1,-2.775));
#15273=CARTESIAN_POINT('Origin',(-4.45,1.1,-2.775));
#15274=CARTESIAN_POINT('Origin',(-4.65,1.1,-2.775));
#15275=CARTESIAN_POINT('Origin',(2.075,1.3,-2.775));
#15276=CARTESIAN_POINT('',(2.075,1.3,-2.875));
#15277=CARTESIAN_POINT('',(2.075,1.2,-2.775));
#15278=CARTESIAN_POINT('Origin',(-4.45,1.1,0.));
#15279=CARTESIAN_POINT('',(-4.55,1.1,0.));
#15280=CARTESIAN_POINT('',(-4.45,1.2,0.));
#15281=CARTESIAN_POINT('Origin',(4.65,0.099999999999999,-2.775));
#15282=CARTESIAN_POINT('',(4.65,-1.11022302462516E-15,-2.775));
#15283=CARTESIAN_POINT('',(4.65,0.0999999999999989,-2.875));
#15284=CARTESIAN_POINT('Origin',(4.65,0.0999999999999989,-2.775));
#15285=CARTESIAN_POINT('',(4.55,0.099999999999999,-2.775));
#15286=CARTESIAN_POINT('Origin',(4.65,0.099999999999999,-2.775));
#15287=CARTESIAN_POINT('Origin',(4.65,0.0999999999999989,-2.775));
#15288=CARTESIAN_POINT('Origin',(4.65,0.099999999999999,-1.3475));
#15289=CARTESIAN_POINT('',(4.65,-1.11022302462516E-15,-1.3475));
#15290=CARTESIAN_POINT('',(4.55,0.099999999999999,-1.3475));
#15291=CARTESIAN_POINT('Origin',(4.65,0.599999999999999,-2.775));
#15292=CARTESIAN_POINT('',(4.65,0.599999999999999,-2.875));
#15293=CARTESIAN_POINT('',(4.55,0.599999999999999,-2.775));
#15294=CARTESIAN_POINT('Origin',(5.55,0.799999999999999,-0.475));
#15295=CARTESIAN_POINT('',(5.45,0.599999999999999,-0.475));
#15296=CARTESIAN_POINT('',(5.45,0.799999999999999,-0.675));
#15297=CARTESIAN_POINT('Origin',(5.45,0.799999999999999,-0.475));
#15298=CARTESIAN_POINT('',(5.55,0.799999999999999,-0.575));
#15299=CARTESIAN_POINT('Origin',(5.55,0.799999999999999,-0.675));
#15300=CARTESIAN_POINT('',(5.55,0.699999999999999,-0.475));
#15301=CARTESIAN_POINT('Origin',(5.55,0.799999999999999,-0.475));
#15302=CARTESIAN_POINT('Origin',(5.55,0.599999999999999,-0.475));
#15303=CARTESIAN_POINT('Origin',(6.95,0.799999999999999,1.525));
#15304=CARTESIAN_POINT('',(6.95,0.7,1.525));
#15305=CARTESIAN_POINT('',(6.95,0.799999999999999,1.625));
#15306=CARTESIAN_POINT('Origin',(6.95,0.799999999999999,1.525));
#15307=CARTESIAN_POINT('',(7.05,0.6,1.525));
#15308=CARTESIAN_POINT('Origin',(6.95,0.6,1.525));
#15309=CARTESIAN_POINT('',(7.05,0.799999999999999,1.725));
#15310=CARTESIAN_POINT('Origin',(7.05,0.799999999999999,1.525));
#15311=CARTESIAN_POINT('Origin',(6.95,0.799999999999999,1.725));
#15312=CARTESIAN_POINT('Origin',(5.35,0.0999999999999989,2.775));
#15313=CARTESIAN_POINT('',(5.45,0.0999999999999989,2.775));
#15314=CARTESIAN_POINT('Origin',(5.35,0.0999999999999989,2.775));
#15315=CARTESIAN_POINT('',(5.35,-1.11022302462516E-15,2.775));
#15316=CARTESIAN_POINT('Origin',(5.35,0.0999999999999989,2.775));
#15317=CARTESIAN_POINT('Origin',(5.35,0.0999999999999989,2.775));
#15318=CARTESIAN_POINT('Origin',(7.315,0.0999999999999989,2.775));
#15319=CARTESIAN_POINT('',(7.315,-1.11022302462516E-15,2.775));
#15320=CARTESIAN_POINT('Origin',(5.55,1.1,1.725));
#15321=CARTESIAN_POINT('',(5.55,1.2,1.725));
#15322=CARTESIAN_POINT('',(5.55,1.1,1.625));
#15323=CARTESIAN_POINT('Origin',(5.55,1.1,1.725));
#15324=CARTESIAN_POINT('',(5.45,1.1,1.725));
#15325=CARTESIAN_POINT('Origin',(5.55,1.1,1.725));
#15326=CARTESIAN_POINT('Origin',(5.55,1.1,1.725));
#15327=CARTESIAN_POINT('Origin',(6.65,5.90848358810657,2.775));
#15328=CARTESIAN_POINT('',(6.75,5.90848358810657,2.775));
#15329=CARTESIAN_POINT('',(6.66811297985749,6.00682950800507,2.775));
#15330=CARTESIAN_POINT('Origin',(6.65,5.90848358810657,2.775));
#15331=CARTESIAN_POINT('Origin',(6.85,5.90848358810657,2.775));
#15332=CARTESIAN_POINT('Origin',(6.68622595971498,6.10517542790357,2.775));
#15333=CARTESIAN_POINT('Origin',(7.725,3.2,2.775));
#15334=CARTESIAN_POINT('',(5.95,3.3,2.775));
#15335=CARTESIAN_POINT('Origin',(5.95,3.2,2.775));
#15336=CARTESIAN_POINT('',(7.725,3.3,2.775));
#15337=CARTESIAN_POINT('Origin',(5.95,4.1,2.775));
#15338=CARTESIAN_POINT('',(6.75,4.1,2.775));
#15339=CARTESIAN_POINT('Origin',(6.85,4.1,2.775));
#15340=CARTESIAN_POINT('Origin',(5.95,4.1,2.775));
#15341=CARTESIAN_POINT('Origin',(6.85,3.5,2.775));
#15342=CARTESIAN_POINT('',(6.75,3.5,2.775));
#15343=CARTESIAN_POINT('Origin',(6.65,5.90848358810657,2.15));
#15344=CARTESIAN_POINT('',(6.68622595971498,6.10517542790357,2.05));
#15345=CARTESIAN_POINT('',(6.85,5.90848358810657,2.05));
#15346=CARTESIAN_POINT('Origin',(6.65,5.90848358810657,2.05));
#15347=CARTESIAN_POINT('',(6.75,5.90848358810657,2.15));
#15348=CARTESIAN_POINT('Origin',(6.85,5.90848358810657,2.15));
#15349=CARTESIAN_POINT('',(6.66811297985749,6.00682950800507,2.15));
#15350=CARTESIAN_POINT('Origin',(6.65,5.90848358810657,2.15));
#15351=CARTESIAN_POINT('Origin',(6.68622595971498,6.10517542790357,2.15));
#15352=CARTESIAN_POINT('Origin',(5.4,3.4,2.15));
#15353=CARTESIAN_POINT('',(5.4,3.3,2.15));
#15354=CARTESIAN_POINT('',(5.3,3.4,2.15));
#15355=CARTESIAN_POINT('Origin',(5.4,3.4,2.15));
#15356=CARTESIAN_POINT('',(5.4,3.2,2.05));
#15357=CARTESIAN_POINT('Origin',(5.4,3.2,2.15));
#15358=CARTESIAN_POINT('',(5.2,3.4,2.05));
#15359=CARTESIAN_POINT('Origin',(5.4,3.4,2.05));
#15360=CARTESIAN_POINT('Origin',(5.2,3.4,2.15));
#15361=CARTESIAN_POINT('Origin',(6.85,7.,2.15));
#15362=CARTESIAN_POINT('',(6.85,4.1,2.05));
#15363=CARTESIAN_POINT('',(6.75,4.1,2.15));
#15364=CARTESIAN_POINT('Origin',(6.85,4.1,2.15));
#15365=CARTESIAN_POINT('',(6.75,7.,2.15));
#15366=CARTESIAN_POINT('',(6.85,7.,2.05));
#15367=CARTESIAN_POINT('Origin',(5.95,4.1,2.15));
#15368=CARTESIAN_POINT('',(5.95,3.2,2.05));
#15369=CARTESIAN_POINT('',(5.95,3.3,2.15));
#15370=CARTESIAN_POINT('Origin',(5.95,3.2,2.15));
#15371=CARTESIAN_POINT('Origin',(5.95,4.1,2.15));
#15372=CARTESIAN_POINT('Origin',(5.95,4.1,2.05));
#15373=CARTESIAN_POINT('Origin',(7.725,3.2,2.15));
#15374=CARTESIAN_POINT('',(7.725,3.3,2.15));
#15375=CARTESIAN_POINT('',(7.725,3.2,2.05));
#15376=CARTESIAN_POINT('Origin',(5.2,6.9,2.775));
#15377=CARTESIAN_POINT('',(5.2,7.,2.775));
#15378=CARTESIAN_POINT('Origin',(5.2,6.9,2.775));
#15379=CARTESIAN_POINT('',(5.3,6.9,2.775));
#15380=CARTESIAN_POINT('Origin',(5.2,6.9,2.775));
#15381=CARTESIAN_POINT('Origin',(5.2,6.9,2.775));
#15382=CARTESIAN_POINT('Origin',(5.2,3.5,2.775));
#15383=CARTESIAN_POINT('',(5.3,3.5,2.775));
#15384=CARTESIAN_POINT('Origin',(-4.65,0.0999999999999989,2.775));
#15385=CARTESIAN_POINT('',(-4.55,0.0999999999999989,2.775));
#15386=CARTESIAN_POINT('Origin',(-4.65,0.0999999999999989,2.775));
#15387=CARTESIAN_POINT('',(-4.65,-1.11022302462516E-15,2.775));
#15388=CARTESIAN_POINT('Origin',(-4.65,0.0999999999999989,2.775));
#15389=CARTESIAN_POINT('Origin',(-4.65,0.0999999999999989,2.775));
#15390=CARTESIAN_POINT('Origin',(-5.55,0.799999999999999,1.525));
#15391=CARTESIAN_POINT('',(-5.55,0.7,1.525));
#15392=CARTESIAN_POINT('',(-5.55,0.799999999999999,1.625));
#15393=CARTESIAN_POINT('Origin',(-5.55,0.799999999999999,1.525));
#15394=CARTESIAN_POINT('',(-5.45,0.6,1.525));
#15395=CARTESIAN_POINT('Origin',(-5.55,0.6,1.525));
#15396=CARTESIAN_POINT('',(-5.45,0.799999999999999,1.725));
#15397=CARTESIAN_POINT('Origin',(-5.45,0.799999999999999,1.525));
#15398=CARTESIAN_POINT('Origin',(-5.55,0.799999999999999,1.725));
#15399=CARTESIAN_POINT('Origin',(-4.65,0.0999999999999989,-2.775));
#15400=CARTESIAN_POINT('',(-4.65,-1.11022302462516E-15,-2.775));
#15401=CARTESIAN_POINT('',(-4.55,0.0999999999999989,-2.775));
#15402=CARTESIAN_POINT('Origin',(-4.65,0.0999999999999989,-2.775));
#15403=CARTESIAN_POINT('',(-4.65,0.0999999999999989,-2.875));
#15404=CARTESIAN_POINT('Origin',(-4.65,0.0999999999999989,-2.775));
#15405=CARTESIAN_POINT('Origin',(-4.65,0.0999999999999989,-2.775));
#15406=CARTESIAN_POINT('Origin',(-5.55,0.799999999999999,-0.475));
#15407=CARTESIAN_POINT('',(-5.55,0.799999999999999,-0.575));
#15408=CARTESIAN_POINT('',(-5.55,0.7,-0.475));
#15409=CARTESIAN_POINT('Origin',(-5.55,0.799999999999999,-0.475));
#15410=CARTESIAN_POINT('',(-5.45,0.799999999999999,-0.675));
#15411=CARTESIAN_POINT('Origin',(-5.55,0.799999999999999,-0.675));
#15412=CARTESIAN_POINT('',(-5.45,0.6,-0.475));
#15413=CARTESIAN_POINT('Origin',(-5.45,0.799999999999999,-0.475));
#15414=CARTESIAN_POINT('Origin',(-5.55,0.6,-0.475));
#15415=CARTESIAN_POINT('Origin',(5.35,0.0999999999999989,-2.775));
#15416=CARTESIAN_POINT('',(5.35,-1.11022302462516E-15,-2.775));
#15417=CARTESIAN_POINT('',(5.45,0.0999999999999989,-2.775));
#15418=CARTESIAN_POINT('Origin',(5.35,0.0999999999999989,-2.775));
#15419=CARTESIAN_POINT('',(5.35,0.0999999999999989,-2.875));
#15420=CARTESIAN_POINT('Origin',(5.35,0.0999999999999989,-2.775));
#15421=CARTESIAN_POINT('Origin',(5.35,0.0999999999999989,-2.775));
#15422=CARTESIAN_POINT('Origin',(7.315,0.0999999999999989,-2.775));
#15423=CARTESIAN_POINT('',(7.315,0.0999999999999989,-2.875));
#15424=CARTESIAN_POINT('',(7.315,-1.11022302462516E-15,-2.775));
#15425=CARTESIAN_POINT('Origin',(6.95,0.799999999999999,-0.475));
#15426=CARTESIAN_POINT('',(6.95,0.799999999999999,-0.575));
#15427=CARTESIAN_POINT('',(6.95,0.7,-0.475));
#15428=CARTESIAN_POINT('Origin',(6.95,0.799999999999999,-0.475));
#15429=CARTESIAN_POINT('',(7.05,0.799999999999999,-0.675));
#15430=CARTESIAN_POINT('Origin',(6.95,0.799999999999999,-0.675));
#15431=CARTESIAN_POINT('',(7.05,0.6,-0.475));
#15432=CARTESIAN_POINT('Origin',(7.05,0.799999999999999,-0.475));
#15433=CARTESIAN_POINT('Origin',(6.95,0.6,-0.475));
#15434=CARTESIAN_POINT('Origin',(5.55,1.1,-0.675));
#15435=CARTESIAN_POINT('',(5.45,1.1,-0.675));
#15436=CARTESIAN_POINT('',(5.55,1.1,-0.575));
#15437=CARTESIAN_POINT('Origin',(5.55,1.1,-0.675));
#15438=CARTESIAN_POINT('',(5.55,1.2,-0.675));
#15439=CARTESIAN_POINT('Origin',(5.55,1.1,-0.675));
#15440=CARTESIAN_POINT('Origin',(5.55,1.1,-0.675));
#15441=CARTESIAN_POINT('Origin',(6.95,1.1,1.725));
#15442=CARTESIAN_POINT('',(7.05,1.1,1.725));
#15443=CARTESIAN_POINT('',(6.95,1.1,1.625));
#15444=CARTESIAN_POINT('Origin',(6.95,1.1,1.725));
#15445=CARTESIAN_POINT('',(6.95,1.2,1.725));
#15446=CARTESIAN_POINT('Origin',(6.95,1.1,1.725));
#15447=CARTESIAN_POINT('Origin',(6.95,1.1,1.725));
#15448=CARTESIAN_POINT('Origin',(5.55,1.1,2.775));
#15449=CARTESIAN_POINT('',(5.55,1.2,2.775));
#15450=CARTESIAN_POINT('',(5.45,1.1,2.775));
#15451=CARTESIAN_POINT('Origin',(5.55,1.1,2.775));
#15452=CARTESIAN_POINT('Origin',(5.55,1.3,2.775));
#15453=CARTESIAN_POINT('Origin',(5.35,1.1,2.775));
#15454=CARTESIAN_POINT('Origin',(6.65,6.59690502739607,2.775));
#15455=CARTESIAN_POINT('',(6.75,6.59690502739607,2.775));
#15456=CARTESIAN_POINT('Origin',(6.85,6.59690502739607,2.775));
#15457=CARTESIAN_POINT('',(6.66811297985749,6.49855910749757,2.775));
#15458=CARTESIAN_POINT('Origin',(6.65,6.59690502739607,2.775));
#15459=CARTESIAN_POINT('Origin',(6.68622595971498,6.40021318759907,2.775));
#15460=CARTESIAN_POINT('Origin',(6.65,6.59690502739607,2.15));
#15461=CARTESIAN_POINT('',(6.75,6.59690502739607,2.15));
#15462=CARTESIAN_POINT('',(6.66811297985749,6.49855910749757,2.15));
#15463=CARTESIAN_POINT('Origin',(6.65,6.59690502739607,2.15));
#15464=CARTESIAN_POINT('',(6.85,6.59690502739607,2.05));
#15465=CARTESIAN_POINT('Origin',(6.85,6.59690502739607,2.15));
#15466=CARTESIAN_POINT('',(6.68622595971498,6.40021318759907,2.05));
#15467=CARTESIAN_POINT('Origin',(6.65,6.59690502739607,2.05));
#15468=CARTESIAN_POINT('Origin',(6.68622595971498,6.40021318759907,2.15));
#15469=CARTESIAN_POINT('Origin',(5.2,6.9,2.15));
#15470=CARTESIAN_POINT('',(5.2,7.,2.15));
#15471=CARTESIAN_POINT('',(5.2,6.9,2.05));
#15472=CARTESIAN_POINT('Origin',(5.2,6.9,2.15));
#15473=CARTESIAN_POINT('',(5.3,6.9,2.15));
#15474=CARTESIAN_POINT('Origin',(5.2,6.9,2.15));
#15475=CARTESIAN_POINT('Origin',(5.2,6.9,2.15));
#15476=CARTESIAN_POINT('Origin',(5.2,6.9,0.475511071998638));
#15477=CARTESIAN_POINT('',(5.3,6.9,0.475511071998638));
#15478=CARTESIAN_POINT('',(5.2,7.,0.475511071998638));
#15479=CARTESIAN_POINT('Origin',(5.2,7.,2.15));
#15480=CARTESIAN_POINT('',(5.3,7.,2.15));
#15481=CARTESIAN_POINT('',(5.2,7.,2.05));
#15482=CARTESIAN_POINT('Origin',(-5.2,6.9,2.775));
#15483=CARTESIAN_POINT('',(-5.3,6.9,2.775));
#15484=CARTESIAN_POINT('Origin',(-5.2,6.9,2.775));
#15485=CARTESIAN_POINT('',(-5.2,7.,2.775));
#15486=CARTESIAN_POINT('Origin',(-5.2,6.9,2.775));
#15487=CARTESIAN_POINT('Origin',(-5.2,6.9,2.775));
#15488=CARTESIAN_POINT('Origin',(8.7,6.9,2.775));
#15489=CARTESIAN_POINT('',(8.7,7.,2.775));
#15490=CARTESIAN_POINT('Origin',(-5.35,0.099999999999999,2.775));
#15491=CARTESIAN_POINT('',(-5.35,-1.11022302462516E-15,2.775));
#15492=CARTESIAN_POINT('Origin',(-5.35,0.0999999999999989,2.775));
#15493=CARTESIAN_POINT('',(-5.45,0.099999999999999,2.775));
#15494=CARTESIAN_POINT('Origin',(-5.35,0.099999999999999,2.775));
#15495=CARTESIAN_POINT('Origin',(-5.35,0.099999999999999,2.775));
#15496=CARTESIAN_POINT('Origin',(-5.55,1.1,1.725));
#15497=CARTESIAN_POINT('',(-5.45,1.1,1.725));
#15498=CARTESIAN_POINT('',(-5.55,1.1,1.625));
#15499=CARTESIAN_POINT('Origin',(-5.55,1.1,1.725));
#15500=CARTESIAN_POINT('',(-5.55,1.2,1.725));
#15501=CARTESIAN_POINT('Origin',(-5.55,1.1,1.725));
#15502=CARTESIAN_POINT('Origin',(-5.55,1.1,1.725));
#15503=CARTESIAN_POINT('Origin',(-6.95,0.799999999999999,1.525));
#15504=CARTESIAN_POINT('',(-6.95,0.799999999999999,1.625));
#15505=CARTESIAN_POINT('',(-6.95,0.699999999999999,1.525));
#15506=CARTESIAN_POINT('Origin',(-6.95,0.799999999999999,1.525));
#15507=CARTESIAN_POINT('',(-7.05,0.799999999999999,1.725));
#15508=CARTESIAN_POINT('Origin',(-6.95,0.799999999999999,1.725));
#15509=CARTESIAN_POINT('',(-7.05,0.599999999999999,1.525));
#15510=CARTESIAN_POINT('Origin',(-7.05,0.799999999999999,1.525));
#15511=CARTESIAN_POINT('Origin',(-6.95,0.599999999999999,1.525));
#15512=CARTESIAN_POINT('Origin',(-5.35,0.099999999999999,-2.775));
#15513=CARTESIAN_POINT('',(-5.35,-1.11022302462516E-15,-2.775));
#15514=CARTESIAN_POINT('',(-5.35,0.0999999999999989,-2.875));
#15515=CARTESIAN_POINT('Origin',(-5.35,0.0999999999999989,-2.775));
#15516=CARTESIAN_POINT('',(-5.45,0.099999999999999,-2.775));
#15517=CARTESIAN_POINT('Origin',(-5.35,0.099999999999999,-2.775));
#15518=CARTESIAN_POINT('Origin',(-5.35,0.0999999999999989,-2.775));
#15519=CARTESIAN_POINT('Origin',(-5.35,0.099999999999999,1.5275));
#15520=CARTESIAN_POINT('',(-5.35,-1.11022302462516E-15,1.5275));
#15521=CARTESIAN_POINT('',(-5.45,0.099999999999999,1.5275));
#15522=CARTESIAN_POINT('Origin',(-6.95,0.799999999999999,-0.475));
#15523=CARTESIAN_POINT('',(-7.05,0.599999999999999,-0.475));
#15524=CARTESIAN_POINT('',(-7.05,0.799999999999999,-0.675));
#15525=CARTESIAN_POINT('Origin',(-7.05,0.799999999999999,-0.475));
#15526=CARTESIAN_POINT('',(-6.95,0.799999999999999,-0.575));
#15527=CARTESIAN_POINT('Origin',(-6.95,0.799999999999999,-0.675));
#15528=CARTESIAN_POINT('',(-6.95,0.699999999999999,-0.475));
#15529=CARTESIAN_POINT('Origin',(-6.95,0.799999999999999,-0.475));
#15530=CARTESIAN_POINT('Origin',(-6.95,0.599999999999999,-0.475));
#15531=CARTESIAN_POINT('Origin',(-5.55,1.1,-0.675));
#15532=CARTESIAN_POINT('',(-5.55,1.2,-0.675));
#15533=CARTESIAN_POINT('',(-5.55,1.1,-0.575));
#15534=CARTESIAN_POINT('Origin',(-5.55,1.1,-0.675));
#15535=CARTESIAN_POINT('',(-5.45,1.1,-0.675));
#15536=CARTESIAN_POINT('Origin',(-5.55,1.1,-0.675));
#15537=CARTESIAN_POINT('Origin',(-5.55,1.1,-0.675));
#15538=CARTESIAN_POINT('Origin',(5.55,1.1,-2.775));
#15539=CARTESIAN_POINT('',(5.35,1.1,-2.875));
#15540=CARTESIAN_POINT('',(5.55,1.3,-2.875));
#15541=CARTESIAN_POINT('Origin',(5.55,1.1,-2.875));
#15542=CARTESIAN_POINT('',(5.55,1.2,-2.775));
#15543=CARTESIAN_POINT('Origin',(5.55,1.3,-2.775));
#15544=CARTESIAN_POINT('',(5.45,1.1,-2.775));
#15545=CARTESIAN_POINT('Origin',(5.55,1.1,-2.775));
#15546=CARTESIAN_POINT('Origin',(5.35,1.1,-2.775));
#15547=CARTESIAN_POINT('Origin',(6.95,1.1,-0.675));
#15548=CARTESIAN_POINT('',(6.95,1.2,-0.675));
#15549=CARTESIAN_POINT('',(6.95,1.1,-0.575));
#15550=CARTESIAN_POINT('Origin',(6.95,1.1,-0.675));
#15551=CARTESIAN_POINT('',(7.05,1.1,-0.675));
#15552=CARTESIAN_POINT('Origin',(6.95,1.1,-0.675));
#15553=CARTESIAN_POINT('Origin',(6.95,1.1,-0.675));
#15554=CARTESIAN_POINT('Origin',(6.95,1.1,2.775));
#15555=CARTESIAN_POINT('',(7.05,1.1,2.775));
#15556=CARTESIAN_POINT('',(6.95,1.2,2.775));
#15557=CARTESIAN_POINT('Origin',(6.95,1.1,2.775));
#15558=CARTESIAN_POINT('Origin',(7.15,1.1,2.775));
#15559=CARTESIAN_POINT('Origin',(6.95,1.3,2.775));
#15560=CARTESIAN_POINT('Origin',(6.85,6.9,2.775));
#15561=CARTESIAN_POINT('',(6.75,6.9,2.775));
#15562=CARTESIAN_POINT('Origin',(6.85,6.9,2.775));
#15563=CARTESIAN_POINT('',(6.85,7.,2.775));
#15564=CARTESIAN_POINT('Origin',(6.85,6.9,2.775));
#15565=CARTESIAN_POINT('Origin',(6.85,6.9,2.775));
#15566=CARTESIAN_POINT('Origin',(6.85,6.9,2.15));
#15567=CARTESIAN_POINT('',(6.85,6.9,2.05));
#15568=CARTESIAN_POINT('',(6.85,7.,2.15));
#15569=CARTESIAN_POINT('Origin',(6.85,6.9,2.15));
#15570=CARTESIAN_POINT('',(6.75,6.9,2.15));
#15571=CARTESIAN_POINT('Origin',(6.85,6.9,2.15));
#15572=CARTESIAN_POINT('Origin',(6.85,6.9,2.15));
#15573=CARTESIAN_POINT('Origin',(6.85,7.,2.15));
#15574=CARTESIAN_POINT('',(6.75,7.,2.15));
#15575=CARTESIAN_POINT('',(6.85,7.,2.05));
#15576=CARTESIAN_POINT('Origin',(6.85,6.9,0.475511071998638));
#15577=CARTESIAN_POINT('',(6.85,7.,0.475511071998638));
#15578=CARTESIAN_POINT('',(6.75,6.9,0.475511071998638));
#15579=CARTESIAN_POINT('Origin',(-5.2,6.9,2.15));
#15580=CARTESIAN_POINT('',(-5.2,7.,2.15));
#15581=CARTESIAN_POINT('',(-5.3,6.9,2.15));
#15582=CARTESIAN_POINT('Origin',(-5.2,6.9,2.15));
#15583=CARTESIAN_POINT('',(-5.2,6.9,2.05));
#15584=CARTESIAN_POINT('Origin',(-5.2,6.9,2.15));
#15585=CARTESIAN_POINT('Origin',(-5.2,6.9,2.15));
#15586=CARTESIAN_POINT('Origin',(8.7,6.9,2.15));
#15587=CARTESIAN_POINT('',(8.7,7.,2.15));
#15588=CARTESIAN_POINT('',(8.7,6.9,2.05));
#15589=CARTESIAN_POINT('Origin',(-5.4,3.4,2.775));
#15590=CARTESIAN_POINT('',(-5.3,3.4,2.775));
#15591=CARTESIAN_POINT('Origin',(-5.2,3.4,2.775));
#15592=CARTESIAN_POINT('',(-5.4,3.3,2.775));
#15593=CARTESIAN_POINT('Origin',(-5.4,3.4,2.775));
#15594=CARTESIAN_POINT('Origin',(-5.4,3.2,2.775));
#15595=CARTESIAN_POINT('Origin',(-5.2,3.5,2.775));
#15596=CARTESIAN_POINT('',(-5.3,3.5,2.775));
#15597=CARTESIAN_POINT('Origin',(-5.55,1.1,2.775));
#15598=CARTESIAN_POINT('',(-5.45,1.1,2.775));
#15599=CARTESIAN_POINT('',(-5.55,1.2,2.775));
#15600=CARTESIAN_POINT('Origin',(-5.55,1.1,2.775));
#15601=CARTESIAN_POINT('Origin',(-5.35,1.1,2.775));
#15602=CARTESIAN_POINT('Origin',(-5.55,1.3,2.775));
#15603=CARTESIAN_POINT('Origin',(-5.35,0.599999999999997,2.775));
#15604=CARTESIAN_POINT('',(-5.45,0.599999999999997,2.775));
#15605=CARTESIAN_POINT('Origin',(-6.95,1.1,1.725));
#15606=CARTESIAN_POINT('',(-6.95,1.2,1.725));
#15607=CARTESIAN_POINT('',(-6.95,1.1,1.625));
#15608=CARTESIAN_POINT('Origin',(-6.95,1.1,1.725));
#15609=CARTESIAN_POINT('',(-7.05,1.1,1.725));
#15610=CARTESIAN_POINT('Origin',(-6.95,1.1,1.725));
#15611=CARTESIAN_POINT('Origin',(-6.95,1.1,1.725));
#15612=CARTESIAN_POINT('Origin',(-5.55,1.1,-2.775));
#15613=CARTESIAN_POINT('',(-5.55,1.3,-2.875));
#15614=CARTESIAN_POINT('',(-5.35,1.1,-2.875));
#15615=CARTESIAN_POINT('Origin',(-5.55,1.1,-2.875));
#15616=CARTESIAN_POINT('',(-5.45,1.1,-2.775));
#15617=CARTESIAN_POINT('Origin',(-5.35,1.1,-2.775));
#15618=CARTESIAN_POINT('',(-5.55,1.2,-2.775));
#15619=CARTESIAN_POINT('Origin',(-5.55,1.1,-2.775));
#15620=CARTESIAN_POINT('Origin',(-5.55,1.3,-2.775));
#15621=CARTESIAN_POINT('Origin',(-5.35,0.599999999999997,-2.775));
#15622=CARTESIAN_POINT('',(-5.35,0.599999999999997,-2.875));
#15623=CARTESIAN_POINT('',(-5.45,0.599999999999997,-2.775));
#15624=CARTESIAN_POINT('Origin',(-5.55,1.1,0.));
#15625=CARTESIAN_POINT('',(-5.55,1.2,0.));
#15626=CARTESIAN_POINT('',(-5.45,1.1,0.));
#15627=CARTESIAN_POINT('Origin',(-6.95,1.1,-0.675));
#15628=CARTESIAN_POINT('',(-7.05,1.1,-0.675));
#15629=CARTESIAN_POINT('',(-6.95,1.1,-0.575));
#15630=CARTESIAN_POINT('Origin',(-6.95,1.1,-0.675));
#15631=CARTESIAN_POINT('',(-6.95,1.2,-0.675));
#15632=CARTESIAN_POINT('Origin',(-6.95,1.1,-0.675));
#15633=CARTESIAN_POINT('Origin',(-6.95,1.1,-0.675));
#15634=CARTESIAN_POINT('Origin',(6.95,1.1,-2.775));
#15635=CARTESIAN_POINT('',(6.95,1.3,-2.875));
#15636=CARTESIAN_POINT('',(7.15,1.1,-2.875));
#15637=CARTESIAN_POINT('Origin',(6.95,1.1,-2.875));
#15638=CARTESIAN_POINT('',(7.05,1.1,-2.775));
#15639=CARTESIAN_POINT('Origin',(7.15,1.1,-2.775));
#15640=CARTESIAN_POINT('',(6.95,1.2,-2.775));
#15641=CARTESIAN_POINT('Origin',(6.95,1.1,-2.775));
#15642=CARTESIAN_POINT('Origin',(6.95,1.3,-2.775));
#15643=CARTESIAN_POINT('Origin',(7.15,0.099999999999999,2.775));
#15644=CARTESIAN_POINT('',(7.15,-1.11022302462516E-15,2.775));
#15645=CARTESIAN_POINT('Origin',(7.15,0.0999999999999989,2.775));
#15646=CARTESIAN_POINT('',(7.05,0.099999999999999,2.775));
#15647=CARTESIAN_POINT('Origin',(7.15,0.099999999999999,2.775));
#15648=CARTESIAN_POINT('Origin',(7.15,0.099999999999999,2.775));
#15649=CARTESIAN_POINT('Origin',(7.15,0.599999999999999,2.775));
#15650=CARTESIAN_POINT('',(7.05,0.599999999999999,2.775));
#15651=CARTESIAN_POINT('Origin',(8.6,6.9,2.775));
#15652=CARTESIAN_POINT('',(8.6,7.,2.775));
#15653=CARTESIAN_POINT('',(8.7,6.9,2.775));
#15654=CARTESIAN_POINT('Origin',(8.6,6.9,2.775));
#15655=CARTESIAN_POINT('Origin',(8.6,6.9,2.775));
#15656=CARTESIAN_POINT('Origin',(8.6,6.9,2.775));
#15657=CARTESIAN_POINT('Origin',(8.7,6.9,2.775));
#15658=CARTESIAN_POINT('',(8.7,7.,2.775));
#15659=CARTESIAN_POINT('Origin',(8.6,6.9,2.15));
#15660=CARTESIAN_POINT('',(8.7,6.9,2.15));
#15661=CARTESIAN_POINT('',(8.6,7.,2.15));
#15662=CARTESIAN_POINT('Origin',(8.6,6.9,2.15));
#15663=CARTESIAN_POINT('',(8.6,6.9,2.05));
#15664=CARTESIAN_POINT('Origin',(8.6,6.9,2.15));
#15665=CARTESIAN_POINT('Origin',(8.6,6.9,2.15));
#15666=CARTESIAN_POINT('Origin',(7.95,4.,1.15));
#15667=CARTESIAN_POINT('',(7.95,3.9,1.15));
#15668=CARTESIAN_POINT('',(7.85,3.8,1.15));
#15669=CARTESIAN_POINT('Origin',(7.95,3.8,1.15));
#15670=CARTESIAN_POINT('Origin',(7.95,4.,1.15));
#15671=CARTESIAN_POINT('Origin',(7.85,4.,1.15));
#15672=CARTESIAN_POINT('Origin',(-5.4,3.4,2.15));
#15673=CARTESIAN_POINT('',(-5.3,3.4,2.15));
#15674=CARTESIAN_POINT('',(-5.4,3.3,2.15));
#15675=CARTESIAN_POINT('Origin',(-5.4,3.4,2.15));
#15676=CARTESIAN_POINT('',(-5.2,3.4,2.05));
#15677=CARTESIAN_POINT('Origin',(-5.2,3.4,2.15));
#15678=CARTESIAN_POINT('',(-5.4,3.2,2.05));
#15679=CARTESIAN_POINT('Origin',(-5.4,3.4,2.05));
#15680=CARTESIAN_POINT('Origin',(-5.4,3.2,2.15));
#15681=CARTESIAN_POINT('Origin',(-5.2,7.,2.15));
#15682=CARTESIAN_POINT('',(-5.3,7.,2.15));
#15683=CARTESIAN_POINT('',(-5.2,7.,2.05));
#15684=CARTESIAN_POINT('Origin',(-6.65,5.90848358810657,2.775));
#15685=CARTESIAN_POINT('',(-6.75,5.90848358810657,2.775));
#15686=CARTESIAN_POINT('Origin',(-6.85,5.90848358810657,2.775));
#15687=CARTESIAN_POINT('',(-6.66811297985749,6.00682950800507,2.775));
#15688=CARTESIAN_POINT('Origin',(-6.65,5.90848358810657,2.775));
#15689=CARTESIAN_POINT('Origin',(-6.68622595971498,6.10517542790357,2.775));
#15690=CARTESIAN_POINT('Origin',(-6.85,3.5,2.775));
#15691=CARTESIAN_POINT('',(-6.75,4.1,2.775));
#15692=CARTESIAN_POINT('Origin',(-6.85,4.1,2.775));
#15693=CARTESIAN_POINT('',(-6.75,3.5,2.775));
#15694=CARTESIAN_POINT('Origin',(-5.95,4.1,2.775));
#15695=CARTESIAN_POINT('',(-5.95,3.3,2.775));
#15696=CARTESIAN_POINT('Origin',(-5.95,3.2,2.775));
#15697=CARTESIAN_POINT('Origin',(-5.95,4.1,2.775));
#15698=CARTESIAN_POINT('Origin',(0.974999999999999,3.2,2.775));
#15699=CARTESIAN_POINT('',(0.974999999999999,3.3,2.775));
#15700=CARTESIAN_POINT('Origin',(-6.95,1.1,2.775));
#15701=CARTESIAN_POINT('',(-6.95,1.2,2.775));
#15702=CARTESIAN_POINT('',(-7.05,1.1,2.775));
#15703=CARTESIAN_POINT('Origin',(-6.95,1.1,2.775));
#15704=CARTESIAN_POINT('Origin',(-6.95,1.3,2.775));
#15705=CARTESIAN_POINT('Origin',(-7.15,1.1,2.775));
#15706=CARTESIAN_POINT('Origin',(0.825,1.29999999999999,2.775));
#15707=CARTESIAN_POINT('',(0.825,1.2,2.775));
#15708=CARTESIAN_POINT('Origin',(-6.95,1.1,-2.775));
#15709=CARTESIAN_POINT('',(-7.15,1.1,-2.875));
#15710=CARTESIAN_POINT('',(-6.95,1.3,-2.875));
#15711=CARTESIAN_POINT('Origin',(-6.95,1.1,-2.875));
#15712=CARTESIAN_POINT('',(-6.95,1.2,-2.775));
#15713=CARTESIAN_POINT('Origin',(-6.95,1.3,-2.775));
#15714=CARTESIAN_POINT('',(-7.05,1.1,-2.775));
#15715=CARTESIAN_POINT('Origin',(-6.95,1.1,-2.775));
#15716=CARTESIAN_POINT('Origin',(-7.15,1.1,-2.775));
#15717=CARTESIAN_POINT('Origin',(0.825,1.29999999999999,-2.775));
#15718=CARTESIAN_POINT('',(0.825,1.29999999999999,-2.875));
#15719=CARTESIAN_POINT('',(0.825,1.2,-2.775));
#15720=CARTESIAN_POINT('Origin',(-6.95,1.1,0.));
#15721=CARTESIAN_POINT('',(-7.05,1.1,0.));
#15722=CARTESIAN_POINT('',(-6.95,1.2,0.));
#15723=CARTESIAN_POINT('Origin',(7.15,0.099999999999999,-2.775));
#15724=CARTESIAN_POINT('',(7.15,-1.11022302462516E-15,-2.775));
#15725=CARTESIAN_POINT('',(7.15,0.0999999999999989,-2.875));
#15726=CARTESIAN_POINT('Origin',(7.15,0.0999999999999989,-2.775));
#15727=CARTESIAN_POINT('',(7.05,0.099999999999999,-2.775));
#15728=CARTESIAN_POINT('Origin',(7.15,0.099999999999999,-2.775));
#15729=CARTESIAN_POINT('Origin',(7.15,0.0999999999999989,-2.775));
#15730=CARTESIAN_POINT('Origin',(7.15,0.099999999999999,-1.3475));
#15731=CARTESIAN_POINT('',(7.15,-1.11022302462516E-15,-1.3475));
#15732=CARTESIAN_POINT('',(7.05,0.099999999999999,-1.3475));
#15733=CARTESIAN_POINT('Origin',(7.15,0.599999999999999,-2.775));
#15734=CARTESIAN_POINT('',(7.15,0.599999999999999,-2.875));
#15735=CARTESIAN_POINT('',(7.05,0.599999999999999,-2.775));
#15736=CARTESIAN_POINT('Origin',(8.6,0.099999999999999,2.775));
#15737=CARTESIAN_POINT('',(8.6,-1.11022302462516E-15,2.775));
#15738=CARTESIAN_POINT('Origin',(8.6,0.0999999999999989,2.775));
#15739=CARTESIAN_POINT('',(8.7,0.099999999999999,2.775));
#15740=CARTESIAN_POINT('Origin',(8.6,0.099999999999999,2.775));
#15741=CARTESIAN_POINT('Origin',(8.6,0.099999999999999,2.775));
#15742=CARTESIAN_POINT('Origin',(8.6,4.,1.15));
#15743=CARTESIAN_POINT('',(8.7,3.8,1.15));
#15744=CARTESIAN_POINT('',(8.7,4.,0.95));
#15745=CARTESIAN_POINT('Origin',(8.7,4.,1.15));
#15746=CARTESIAN_POINT('',(8.6,4.,1.05));
#15747=CARTESIAN_POINT('Origin',(8.6,4.,0.95));
#15748=CARTESIAN_POINT('',(8.6,3.9,1.15));
#15749=CARTESIAN_POINT('Origin',(8.6,4.,1.15));
#15750=CARTESIAN_POINT('Origin',(8.6,3.8,1.15));
#15751=CARTESIAN_POINT('Origin',(-6.65,5.90848358810657,2.15));
#15752=CARTESIAN_POINT('',(-6.75,5.90848358810657,2.15));
#15753=CARTESIAN_POINT('',(-6.66811297985749,6.00682950800507,2.15));
#15754=CARTESIAN_POINT('Origin',(-6.65,5.90848358810657,2.15));
#15755=CARTESIAN_POINT('',(-6.85,5.90848358810657,2.05));
#15756=CARTESIAN_POINT('Origin',(-6.85,5.90848358810657,2.15));
#15757=CARTESIAN_POINT('',(-6.68622595971498,6.10517542790357,2.05));
#15758=CARTESIAN_POINT('Origin',(-6.65,5.90848358810657,2.05));
#15759=CARTESIAN_POINT('Origin',(-6.68622595971498,6.10517542790357,2.15));
#15760=CARTESIAN_POINT('Origin',(0.974999999999999,3.2,2.15));
#15761=CARTESIAN_POINT('',(-5.95,3.2,2.05));
#15762=CARTESIAN_POINT('',(-5.95,3.3,2.15));
#15763=CARTESIAN_POINT('Origin',(-5.95,3.2,2.15));
#15764=CARTESIAN_POINT('',(0.974999999999999,3.3,2.15));
#15765=CARTESIAN_POINT('',(0.974999999999999,3.2,2.05));
#15766=CARTESIAN_POINT('Origin',(-5.95,4.1,2.15));
#15767=CARTESIAN_POINT('',(-6.85,4.1,2.05));
#15768=CARTESIAN_POINT('',(-6.75,4.1,2.15));
#15769=CARTESIAN_POINT('Origin',(-6.85,4.1,2.15));
#15770=CARTESIAN_POINT('Origin',(-5.95,4.1,2.15));
#15771=CARTESIAN_POINT('Origin',(-5.95,4.1,2.05));
#15772=CARTESIAN_POINT('Origin',(-6.85,7.,2.15));
#15773=CARTESIAN_POINT('',(-6.75,7.,2.15));
#15774=CARTESIAN_POINT('',(-6.85,7.,2.05));
#15775=CARTESIAN_POINT('Origin',(-6.65,6.59690502739607,2.775));
#15776=CARTESIAN_POINT('',(-6.75,6.59690502739607,2.775));
#15777=CARTESIAN_POINT('',(-6.66811297985749,6.49855910749757,2.775));
#15778=CARTESIAN_POINT('Origin',(-6.65,6.59690502739607,2.775));
#15779=CARTESIAN_POINT('Origin',(-6.85,6.59690502739607,2.775));
#15780=CARTESIAN_POINT('Origin',(-6.68622595971498,6.40021318759907,2.775));
#15781=CARTESIAN_POINT('Origin',(-7.15,0.0999999999999989,2.775));
#15782=CARTESIAN_POINT('',(-7.05,0.0999999999999989,2.775));
#15783=CARTESIAN_POINT('Origin',(-7.15,0.0999999999999989,2.775));
#15784=CARTESIAN_POINT('',(-7.15,-1.11022302462516E-15,2.775));
#15785=CARTESIAN_POINT('Origin',(-7.15,0.0999999999999989,2.775));
#15786=CARTESIAN_POINT('Origin',(-7.15,0.0999999999999989,2.775));
#15787=CARTESIAN_POINT('Origin',(-7.15,0.0999999999999989,-2.775));
#15788=CARTESIAN_POINT('',(-7.15,-1.11022302462516E-15,-2.775));
#15789=CARTESIAN_POINT('',(-7.05,0.0999999999999989,-2.775));
#15790=CARTESIAN_POINT('Origin',(-7.15,0.0999999999999989,-2.775));
#15791=CARTESIAN_POINT('',(-7.15,0.0999999999999989,-2.875));
#15792=CARTESIAN_POINT('Origin',(-7.15,0.0999999999999989,-2.775));
#15793=CARTESIAN_POINT('Origin',(-7.15,0.0999999999999989,-2.775));
#15794=CARTESIAN_POINT('Origin',(8.6,0.0999999999999989,-2.775));
#15795=CARTESIAN_POINT('',(8.6,-1.11022302462516E-15,-2.775));
#15796=CARTESIAN_POINT('',(8.7,0.099999999999999,-2.775));
#15797=CARTESIAN_POINT('Origin',(8.6,0.099999999999999,-2.775));
#15798=CARTESIAN_POINT('',(8.6,0.099999999999999,-2.875));
#15799=CARTESIAN_POINT('Origin',(8.6,0.0999999999999989,-2.775));
#15800=CARTESIAN_POINT('Origin',(8.6,0.099999999999999,-2.775));
#15801=CARTESIAN_POINT('Origin',(7.315,0.0999999999999989,-2.775));
#15802=CARTESIAN_POINT('',(7.315,0.0999999999999989,-2.875));
#15803=CARTESIAN_POINT('',(7.315,-1.11022302462516E-15,-2.775));
#15804=CARTESIAN_POINT('Origin',(8.6,6.9,0.95));
#15805=CARTESIAN_POINT('',(8.7,6.9,0.95));
#15806=CARTESIAN_POINT('Origin',(8.6,6.9,0.95));
#15807=CARTESIAN_POINT('Origin',(8.6,6.9,0.95));
#15808=CARTESIAN_POINT('Origin',(-6.65,6.59690502739607,2.15));
#15809=CARTESIAN_POINT('',(-6.68622595971498,6.40021318759907,2.05));
#15810=CARTESIAN_POINT('',(-6.85,6.59690502739607,2.05));
#15811=CARTESIAN_POINT('Origin',(-6.65,6.59690502739607,2.05));
#15812=CARTESIAN_POINT('',(-6.75,6.59690502739607,2.15));
#15813=CARTESIAN_POINT('Origin',(-6.85,6.59690502739607,2.15));
#15814=CARTESIAN_POINT('',(-6.66811297985749,6.49855910749757,2.15));
#15815=CARTESIAN_POINT('Origin',(-6.65,6.59690502739607,2.15));
#15816=CARTESIAN_POINT('Origin',(-6.68622595971498,6.40021318759907,2.15));
#15817=CARTESIAN_POINT('Origin',(-6.85,6.9,2.775));
#15818=CARTESIAN_POINT('',(-6.85,7.,2.775));
#15819=CARTESIAN_POINT('Origin',(-6.85,6.9,2.775));
#15820=CARTESIAN_POINT('',(-6.75,6.9,2.775));
#15821=CARTESIAN_POINT('Origin',(-6.85,6.9,2.775));
#15822=CARTESIAN_POINT('Origin',(-6.85,6.9,2.775));
#15823=CARTESIAN_POINT('Origin',(-6.85,3.5,2.775));
#15824=CARTESIAN_POINT('',(-6.75,3.5,2.775));
#15825=CARTESIAN_POINT('Origin',(-8.6,0.099999999999999,2.775));
#15826=CARTESIAN_POINT('',(-8.7,0.099999999999999,2.775));
#15827=CARTESIAN_POINT('Origin',(-8.6,0.099999999999999,2.775));
#15828=CARTESIAN_POINT('',(-8.6,-1.11022302462516E-15,2.775));
#15829=CARTESIAN_POINT('Origin',(-8.6,0.099999999999999,2.775));
#15830=CARTESIAN_POINT('Origin',(-8.6,0.0999999999999989,2.775));
#15831=CARTESIAN_POINT('Origin',(-8.6,0.099999999999999,-2.775));
#15832=CARTESIAN_POINT('',(-8.6,-1.11022302462516E-15,-2.775));
#15833=CARTESIAN_POINT('',(-8.6,0.0999999999999989,-2.875));
#15834=CARTESIAN_POINT('Origin',(-8.6,0.0999999999999989,-2.775));
#15835=CARTESIAN_POINT('',(-8.7,0.099999999999999,-2.775));
#15836=CARTESIAN_POINT('Origin',(-8.6,0.099999999999999,-2.775));
#15837=CARTESIAN_POINT('Origin',(-8.6,0.099999999999999,-2.775));
#15838=CARTESIAN_POINT('Origin',(-8.6,0.099999999999999,1.5275));
#15839=CARTESIAN_POINT('',(-8.6,-1.11022302462516E-15,1.5275));
#15840=CARTESIAN_POINT('',(-8.7,0.099999999999999,1.5275));
#15841=CARTESIAN_POINT('Origin',(8.6,6.9,-2.775));
#15842=CARTESIAN_POINT('',(8.7,6.9,-2.775));
#15843=CARTESIAN_POINT('Origin',(8.6,6.9,-2.775));
#15844=CARTESIAN_POINT('',(8.6,6.9,-2.875));
#15845=CARTESIAN_POINT('Origin',(8.6,6.9,-2.775));
#15846=CARTESIAN_POINT('Origin',(8.6,6.9,-2.775));
#15847=CARTESIAN_POINT('Origin',(8.6,3.5,-2.775));
#15848=CARTESIAN_POINT('',(8.7,3.5,-2.775));
#15849=CARTESIAN_POINT('',(8.6,3.5,-2.875));
#15850=CARTESIAN_POINT('Origin',(-6.85,6.9,2.15));
#15851=CARTESIAN_POINT('',(-6.85,7.,2.15));
#15852=CARTESIAN_POINT('',(-6.85,6.9,2.05));
#15853=CARTESIAN_POINT('Origin',(-6.85,6.9,2.15));
#15854=CARTESIAN_POINT('',(-6.75,6.9,2.15));
#15855=CARTESIAN_POINT('Origin',(-6.85,6.9,2.15));
#15856=CARTESIAN_POINT('Origin',(-6.85,6.9,2.15));
#15857=CARTESIAN_POINT('Origin',(-6.85,6.9,0.475511071998638));
#15858=CARTESIAN_POINT('',(-6.75,6.9,0.475511071998638));
#15859=CARTESIAN_POINT('',(-6.85,7.,0.475511071998638));
#15860=CARTESIAN_POINT('Origin',(-6.85,7.,2.15));
#15861=CARTESIAN_POINT('',(-6.75,7.,2.15));
#15862=CARTESIAN_POINT('',(-6.85,7.,2.05));
#15863=CARTESIAN_POINT('Origin',(-8.6,6.9,2.775));
#15864=CARTESIAN_POINT('',(-8.7,6.9,2.775));
#15865=CARTESIAN_POINT('Origin',(-8.6,6.9,2.775));
#15866=CARTESIAN_POINT('',(-8.6,7.,2.775));
#15867=CARTESIAN_POINT('Origin',(-8.6,6.9,2.775));
#15868=CARTESIAN_POINT('Origin',(-8.6,6.9,2.775));
#15869=CARTESIAN_POINT('Origin',(8.7,6.9,2.775));
#15870=CARTESIAN_POINT('',(8.7,7.,2.775));
#15871=CARTESIAN_POINT('Origin',(-8.6,6.9,-2.775));
#15872=CARTESIAN_POINT('',(-8.7,6.9,-2.775));
#15873=CARTESIAN_POINT('',(-8.6,6.9,-2.875));
#15874=CARTESIAN_POINT('Origin',(-8.6,6.9,-2.775));
#15875=CARTESIAN_POINT('Origin',(-8.6,6.9,-2.775));
#15876=CARTESIAN_POINT('Origin',(-8.6,6.9,-2.775));
#15877=CARTESIAN_POINT('Origin',(-8.6,6.9,2.15));
#15878=CARTESIAN_POINT('',(-8.7,6.9,2.15));
#15879=CARTESIAN_POINT('',(-8.6,6.9,2.05));
#15880=CARTESIAN_POINT('Origin',(-8.6,6.9,2.15));
#15881=CARTESIAN_POINT('',(-8.6,7.,2.15));
#15882=CARTESIAN_POINT('Origin',(-8.6,6.9,2.15));
#15883=CARTESIAN_POINT('Origin',(-8.6,6.9,2.15));
#15884=CARTESIAN_POINT('Origin',(-8.6,6.9,2.875));
#15885=CARTESIAN_POINT('',(-8.6,7.,2.875));
#15886=CARTESIAN_POINT('',(-8.7,6.9,2.875));
#15887=CARTESIAN_POINT('Origin',(8.7,6.9,2.15));
#15888=CARTESIAN_POINT('',(8.7,7.,2.15));
#15889=CARTESIAN_POINT('',(8.7,6.9,2.05));
#15890=CARTESIAN_POINT('Origin',(-8.6,6.9,0.95));
#15891=CARTESIAN_POINT('',(-8.7,6.9,0.95));
#15892=CARTESIAN_POINT('Origin',(-8.6,6.9,0.95));
#15893=CARTESIAN_POINT('Origin',(-8.6,6.9,0.95));
#15894=CARTESIAN_POINT('Origin',(-8.6,4.,1.15));
#15895=CARTESIAN_POINT('',(-8.7,4.,0.95));
#15896=CARTESIAN_POINT('',(-8.7,3.8,1.15));
#15897=CARTESIAN_POINT('Origin',(-8.7,4.,1.15));
#15898=CARTESIAN_POINT('',(-8.6,3.9,1.15));
#15899=CARTESIAN_POINT('Origin',(-8.6,3.8,1.15));
#15900=CARTESIAN_POINT('',(-8.6,4.,1.05));
#15901=CARTESIAN_POINT('Origin',(-8.6,4.,1.15));
#15902=CARTESIAN_POINT('Origin',(-8.6,4.,0.95));
#15903=CARTESIAN_POINT('Origin',(-8.6,3.8,2.4625));
#15904=CARTESIAN_POINT('',(-8.7,3.8,1.25));
#15905=CARTESIAN_POINT('',(-8.6,3.9,1.25));
#15906=CARTESIAN_POINT('Origin',(-8.6,3.8,1.25));
#15907=CARTESIAN_POINT('',(-8.6,3.9,2.4625));
#15908=CARTESIAN_POINT('',(-8.7,3.8,2.4625));
#15909=CARTESIAN_POINT('Origin',(-8.6,4.7,1.25));
#15910=CARTESIAN_POINT('',(-8.7,4.7,2.15));
#15911=CARTESIAN_POINT('',(-8.6,4.7,2.05));
#15912=CARTESIAN_POINT('Origin',(-8.6,4.7,2.15));
#15913=CARTESIAN_POINT('Origin',(-8.6,4.7,1.25));
#15914=CARTESIAN_POINT('Origin',(-8.7,4.7,1.25));
#15915=CARTESIAN_POINT('Origin',(-8.6,7.,2.15));
#15916=CARTESIAN_POINT('',(-8.6,7.,2.05));
#15917=CARTESIAN_POINT('',(-8.7,7.,2.15));
#15918=CARTESIAN_POINT('Origin',(-7.95,4.,1.15));
#15919=CARTESIAN_POINT('',(-7.95,3.9,1.15));
#15920=CARTESIAN_POINT('Origin',(-7.95,4.,1.15));
#15921=CARTESIAN_POINT('Origin',(-7.95,3.8,1.15));
#15922=CARTESIAN_POINT('Origin',(-7.95,4.7,1.25));
#15923=CARTESIAN_POINT('',(-7.95,3.9,1.25));
#15924=CARTESIAN_POINT('Origin',(-7.95,3.8,1.25));
#15925=CARTESIAN_POINT('Origin',(-7.95,4.7,1.25));
#15926=CARTESIAN_POINT('Origin',(-7.95,3.8,2.05));
#15927=CARTESIAN_POINT('',(-7.95,3.9,2.05));
#15928=CARTESIAN_POINT('Origin',(8.7,4.,1.15));
#15929=CARTESIAN_POINT('',(8.7,3.9,1.15));
#15930=CARTESIAN_POINT('',(8.7,4.,1.05));
#15931=CARTESIAN_POINT('Origin',(-8.6,5.45,0.95));
#15932=CARTESIAN_POINT('',(-8.6,5.45,1.05));
#15933=CARTESIAN_POINT('',(-8.7,5.45,0.95));
#15934=CARTESIAN_POINT('Origin',(-8.6,6.9,1.9625));
#15935=CARTESIAN_POINT('',(-8.7,6.9,1.9625));
#15936=CARTESIAN_POINT('Origin',(8.7,6.9,-2.775));
#15937=CARTESIAN_POINT('',(8.7,6.9,-2.875));
#15938=CARTESIAN_POINT('Origin',(-8.6,3.5,-2.775));
#15939=CARTESIAN_POINT('',(-8.6,3.5,-2.875));
#15940=CARTESIAN_POINT('',(-8.7,3.5,-2.775));
#15941=CARTESIAN_POINT('Origin',(-8.6,3.5,2.775));
#15942=CARTESIAN_POINT('',(-8.7,3.5,2.775));
#15943=CARTESIAN_POINT('Origin',(8.6,6.9,1.9625));
#15944=CARTESIAN_POINT('',(8.7,6.9,1.9625));
#15945=CARTESIAN_POINT('Origin',(7.315,0.0999999999999989,-2.775));
#15946=CARTESIAN_POINT('',(7.315,0.0999999999999989,-2.875));
#15947=CARTESIAN_POINT('',(7.315,-1.11022302462516E-15,-2.775));
#15948=CARTESIAN_POINT('Origin',(7.315,0.0999999999999989,2.775));
#15949=CARTESIAN_POINT('',(7.315,-1.11022302462516E-15,2.775));
#15950=CARTESIAN_POINT('Origin',(-6.65,6.59690502739607,2.875));
#15951=CARTESIAN_POINT('',(-6.75,6.59690502739607,2.875));
#15952=CARTESIAN_POINT('',(-6.66811297985749,6.49855910749757,2.875));
#15953=CARTESIAN_POINT('Origin',(-6.71339542950121,6.25269430775132,2.15));
#15954=CARTESIAN_POINT('Origin',(-6.71339542950121,6.25269430775132,2.15));
#15955=CARTESIAN_POINT('Origin',(-6.71339542950121,6.25269430775132,2.05));
#15956=CARTESIAN_POINT('Origin',(8.6,5.45,0.95));
#15957=CARTESIAN_POINT('',(8.7,5.45,0.95));
#15958=CARTESIAN_POINT('',(8.6,5.45,1.05));
#15959=CARTESIAN_POINT('Origin',(8.6,0.099999999999999,1.5275));
#15960=CARTESIAN_POINT('',(8.7,0.099999999999999,1.5275));
#15961=CARTESIAN_POINT('',(8.6,-1.11022302462516E-15,1.5275));
#15962=CARTESIAN_POINT('Origin',(-7.15,-8.35285718998644E-16,-2.775));
#15963=CARTESIAN_POINT('',(-7.15,-8.35285718998644E-16,-2.875));
#15964=CARTESIAN_POINT('',(-7.05,-8.24811916879538E-16,-2.775));
#15965=CARTESIAN_POINT('Origin',(-7.15,0.0999999999999989,1.5275));
#15966=CARTESIAN_POINT('',(-7.15,-1.11022302462516E-15,1.5275));
#15967=CARTESIAN_POINT('',(-7.05,0.0999999999999989,1.5275));
#15968=CARTESIAN_POINT('Origin',(-7.15,-8.35285718998644E-16,2.775));
#15969=CARTESIAN_POINT('',(-7.05,-8.24811916879538E-16,2.775));
#15970=CARTESIAN_POINT('Origin',(-6.71339542950121,6.25269430775132,2.775));
#15971=CARTESIAN_POINT('Origin',(-6.71339542950121,6.25269430775132,2.775));
#15972=CARTESIAN_POINT('Origin',(-6.65,5.90848358810657,2.875));
#15973=CARTESIAN_POINT('',(-6.75,5.90848358810657,2.875));
#15974=CARTESIAN_POINT('',(-6.66811297985749,6.00682950800507,2.875));
#15975=CARTESIAN_POINT('Origin',(8.7,4.,1.15));
#15976=CARTESIAN_POINT('',(8.7,3.9,1.15));
#15977=CARTESIAN_POINT('',(8.7,4.,1.05));
#15978=CARTESIAN_POINT('Origin',(8.6,3.8,2.4625));
#15979=CARTESIAN_POINT('',(8.6,3.9,1.25));
#15980=CARTESIAN_POINT('',(8.7,3.8,1.25));
#15981=CARTESIAN_POINT('Origin',(8.6,3.8,1.25));
#15982=CARTESIAN_POINT('',(8.7,3.8,2.4625));
#15983=CARTESIAN_POINT('',(8.6,3.9,2.4625));
#15984=CARTESIAN_POINT('Origin',(8.6,4.7,1.25));
#15985=CARTESIAN_POINT('',(8.6,4.7,2.05));
#15986=CARTESIAN_POINT('',(8.7,4.7,2.15));
#15987=CARTESIAN_POINT('Origin',(8.6,4.7,2.15));
#15988=CARTESIAN_POINT('Origin',(8.7,4.7,1.25));
#15989=CARTESIAN_POINT('Origin',(8.6,4.7,1.25));
#15990=CARTESIAN_POINT('Origin',(8.6,7.,2.15));
#15991=CARTESIAN_POINT('',(8.7,7.,2.15));
#15992=CARTESIAN_POINT('',(8.6,7.,2.05));
#15993=CARTESIAN_POINT('Origin',(8.6,3.5,2.775));
#15994=CARTESIAN_POINT('',(8.7,3.5,2.775));
#15995=CARTESIAN_POINT('Origin',(7.315,0.0999999999999989,2.775));
#15996=CARTESIAN_POINT('',(7.315,-1.11022302462516E-15,2.775));
#15997=CARTESIAN_POINT('Origin',(-6.95,1.1,2.875));
#15998=CARTESIAN_POINT('',(-6.95,1.2,2.875));
#15999=CARTESIAN_POINT('',(-7.05,1.1,2.875));
#16000=CARTESIAN_POINT('Origin',(-5.4,3.4,-1.92397785600272));
#16001=CARTESIAN_POINT('',(-5.3,3.4,-1.92397785600272));
#16002=CARTESIAN_POINT('',(-5.4,3.3,-1.92397785600272));
#16003=CARTESIAN_POINT('Origin',(7.95,3.8,2.05));
#16004=CARTESIAN_POINT('',(7.85,3.8,1.25));
#16005=CARTESIAN_POINT('',(7.95,3.9,1.25));
#16006=CARTESIAN_POINT('Origin',(7.95,3.8,1.25));
#16007=CARTESIAN_POINT('',(7.95,3.9,2.05));
#16008=CARTESIAN_POINT('',(7.85,3.8,2.05));
#16009=CARTESIAN_POINT('Origin',(7.95,4.7,1.25));
#16010=CARTESIAN_POINT('Origin',(7.95,4.7,1.25));
#16011=CARTESIAN_POINT('Origin',(7.85,4.7,1.25));
#16012=CARTESIAN_POINT('Origin',(8.7,6.9,2.15));
#16013=CARTESIAN_POINT('',(8.7,7.,2.15));
#16014=CARTESIAN_POINT('',(8.7,6.9,2.05));
#16015=CARTESIAN_POINT('Origin',(8.6,6.9,2.875));
#16016=CARTESIAN_POINT('',(8.7,6.9,2.875));
#16017=CARTESIAN_POINT('',(8.6,7.,2.875));
#16018=CARTESIAN_POINT('Origin',(6.95,1.1,-2.875));
#16019=CARTESIAN_POINT('',(6.95,1.2,-2.875));
#16020=CARTESIAN_POINT('',(7.05,1.1,-2.875));
#16021=CARTESIAN_POINT('Origin',(7.075,1.3,-2.775));
#16022=CARTESIAN_POINT('',(7.075,1.3,-2.875));
#16023=CARTESIAN_POINT('',(7.075,1.2,-2.775));
#16024=CARTESIAN_POINT('Origin',(-6.65,1.1,-0.675));
#16025=CARTESIAN_POINT('',(-6.65,1.1,-0.575));
#16026=CARTESIAN_POINT('',(-6.65,1.2,-0.675));
#16027=CARTESIAN_POINT('Origin',(-6.95,0.3,-0.675));
#16028=CARTESIAN_POINT('',(-6.95,0.3,-0.575));
#16029=CARTESIAN_POINT('',(-7.05,0.3,-0.675));
#16030=CARTESIAN_POINT('Origin',(-6.95,0.3,1.725));
#16031=CARTESIAN_POINT('',(-7.05,0.3,1.725));
#16032=CARTESIAN_POINT('',(-6.95,0.3,1.625));
#16033=CARTESIAN_POINT('Origin',(-6.65,1.1,1.725));
#16034=CARTESIAN_POINT('',(-6.65,1.2,1.725));
#16035=CARTESIAN_POINT('',(-6.65,1.1,1.625));
#16036=CARTESIAN_POINT('Origin',(-5.55,1.1,2.875));
#16037=CARTESIAN_POINT('',(-5.45,1.1,2.875));
#16038=CARTESIAN_POINT('',(-5.55,1.2,2.875));
#16039=CARTESIAN_POINT('Origin',(-5.2,6.9,0.475511071998638));
#16040=CARTESIAN_POINT('',(-5.2,7.,0.475511071998638));
#16041=CARTESIAN_POINT('',(-5.3,6.9,0.475511071998638));
#16042=CARTESIAN_POINT('Origin',(6.85,3.5,2.775));
#16043=CARTESIAN_POINT('',(6.75,3.5,2.775));
#16044=CARTESIAN_POINT('Origin',(7.075,1.3,2.775));
#16045=CARTESIAN_POINT('',(7.075,1.2,2.775));
#16046=CARTESIAN_POINT('Origin',(6.95,1.1,0.));
#16047=CARTESIAN_POINT('',(7.05,1.1,0.));
#16048=CARTESIAN_POINT('',(6.95,1.2,0.));
#16049=CARTESIAN_POINT('Origin',(6.95,0.899999999999999,-0.675));
#16050=CARTESIAN_POINT('',(6.95,0.899999999999999,-0.575));
#16051=CARTESIAN_POINT('',(7.05,0.899999999999999,-0.675));
#16052=CARTESIAN_POINT('Origin',(5.85,1.1,-0.675));
#16053=CARTESIAN_POINT('',(5.85,1.1,-0.575));
#16054=CARTESIAN_POINT('',(5.85,1.2,-0.675));
#16055=CARTESIAN_POINT('Origin',(5.55,1.1,0.));
#16056=CARTESIAN_POINT('',(5.45,1.1,0.));
#16057=CARTESIAN_POINT('',(5.55,1.2,0.));
#16058=CARTESIAN_POINT('Origin',(5.35,-1.80673086554566E-16,-2.775));
#16059=CARTESIAN_POINT('',(5.35,-1.80673086554566E-16,-2.875));
#16060=CARTESIAN_POINT('',(5.45,-1.7019928443546E-16,-2.775));
#16061=CARTESIAN_POINT('Origin',(-5.55,0.899999999999999,-0.675));
#16062=CARTESIAN_POINT('',(-5.55,0.899999999999999,-0.575));
#16063=CARTESIAN_POINT('',(-5.45,0.899999999999999,-0.675));
#16064=CARTESIAN_POINT('Origin',(-6.65,0.799999999999999,-0.475));
#16065=CARTESIAN_POINT('',(-6.65,0.799999999999999,-0.575));
#16066=CARTESIAN_POINT('',(-6.65,0.699999999999999,-0.475));
#16067=CARTESIAN_POINT('Origin',(-6.95,0.599999999999999,2.25));
#16068=CARTESIAN_POINT('',(-6.95,0.699999999999999,2.25));
#16069=CARTESIAN_POINT('',(-7.05,0.599999999999999,2.25));
#16070=CARTESIAN_POINT('Origin',(7.315,0.0999999999999989,-2.775));
#16071=CARTESIAN_POINT('',(7.315,0.0999999999999989,-2.875));
#16072=CARTESIAN_POINT('',(7.315,-1.11022302462516E-15,-2.775));
#16073=CARTESIAN_POINT('Origin',(-6.65,0.799999999999999,1.525));
#16074=CARTESIAN_POINT('',(-6.65,0.799999999999999,1.625));
#16075=CARTESIAN_POINT('',(-6.65,0.699999999999999,1.525));
#16076=CARTESIAN_POINT('Origin',(-5.55,0.899999999999999,1.725));
#16077=CARTESIAN_POINT('',(-5.45,0.899999999999999,1.725));
#16078=CARTESIAN_POINT('',(-5.55,0.899999999999999,1.625));
#16079=CARTESIAN_POINT('Origin',(7.315,0.0999999999999989,2.775));
#16080=CARTESIAN_POINT('',(7.315,-1.11022302462516E-15,2.775));
#16081=CARTESIAN_POINT('Origin',(6.71339542950121,6.25269430775132,2.15));
#16082=CARTESIAN_POINT('Origin',(6.71339542950121,6.25269430775132,2.05));
#16083=CARTESIAN_POINT('Origin',(6.71339542950121,6.25269430775132,2.15));
#16084=CARTESIAN_POINT('Origin',(6.65,6.59690502739607,2.875));
#16085=CARTESIAN_POINT('',(6.75,6.59690502739607,2.875));
#16086=CARTESIAN_POINT('',(6.66811297985749,6.49855910749757,2.875));
#16087=CARTESIAN_POINT('Origin',(6.71339542950121,6.25269430775132,2.775));
#16088=CARTESIAN_POINT('Origin',(6.71339542950121,6.25269430775132,2.775));
#16089=CARTESIAN_POINT('Origin',(5.35,-1.80673086554566E-16,2.775));
#16090=CARTESIAN_POINT('',(5.45,-1.7019928443546E-16,2.775));
#16091=CARTESIAN_POINT('Origin',(5.55,1.1,2.875));
#16092=CARTESIAN_POINT('',(5.55,1.2,2.875));
#16093=CARTESIAN_POINT('',(5.45,1.1,2.875));
#16094=CARTESIAN_POINT('Origin',(5.85,1.1,1.725));
#16095=CARTESIAN_POINT('',(5.85,1.2,1.725));
#16096=CARTESIAN_POINT('',(5.85,1.1,1.625));
#16097=CARTESIAN_POINT('Origin',(6.95,0.899999999999999,1.725));
#16098=CARTESIAN_POINT('',(7.05,0.899999999999999,1.725));
#16099=CARTESIAN_POINT('',(6.95,0.899999999999999,1.625));
#16100=CARTESIAN_POINT('Origin',(5.55,0.3,-0.675));
#16101=CARTESIAN_POINT('',(5.55,0.3,-0.575));
#16102=CARTESIAN_POINT('',(5.45,0.3,-0.675));
#16103=CARTESIAN_POINT('Origin',(6.95,0.6,-0.625));
#16104=CARTESIAN_POINT('',(7.05,0.6,-0.625));
#16105=CARTESIAN_POINT('',(6.95,0.7,-0.625));
#16106=CARTESIAN_POINT('Origin',(5.85,0.799999999999999,-0.475));
#16107=CARTESIAN_POINT('',(5.85,0.799999999999999,-0.575));
#16108=CARTESIAN_POINT('',(5.85,0.699999999999999,-0.475));
#16109=CARTESIAN_POINT('Origin',(5.35,0.0999999999999989,1.5275));
#16110=CARTESIAN_POINT('',(5.35,-1.11022302462516E-15,1.5275));
#16111=CARTESIAN_POINT('',(5.45,0.0999999999999989,1.5275));
#16112=CARTESIAN_POINT('Origin',(-5.55,0.6,2.25));
#16113=CARTESIAN_POINT('',(-5.45,0.6,2.25));
#16114=CARTESIAN_POINT('',(-5.55,0.7,2.25));
#16115=CARTESIAN_POINT('Origin',(-4.65,-7.04363192509828E-16,-2.775));
#16116=CARTESIAN_POINT('',(-4.65,-7.04363192509828E-16,-2.875));
#16117=CARTESIAN_POINT('',(-4.55,-6.93889390390723E-16,-2.775));
#16118=CARTESIAN_POINT('Origin',(-4.65,0.0999999999999989,1.5275));
#16119=CARTESIAN_POINT('',(-4.65,-1.11022302462516E-15,1.5275));
#16120=CARTESIAN_POINT('',(-4.55,0.0999999999999989,1.5275));
#16121=CARTESIAN_POINT('Origin',(-4.65,-7.04363192509828E-16,2.775));
#16122=CARTESIAN_POINT('',(-4.55,-6.93889390390723E-16,2.775));
#16123=CARTESIAN_POINT('Origin',(5.4,3.4,-1.92397785600272));
#16124=CARTESIAN_POINT('',(5.4,3.3,-1.92397785600272));
#16125=CARTESIAN_POINT('',(5.3,3.4,-1.92397785600272));
#16126=CARTESIAN_POINT('Origin',(6.65,5.90848358810657,2.875));
#16127=CARTESIAN_POINT('',(6.75,5.90848358810657,2.875));
#16128=CARTESIAN_POINT('',(6.66811297985749,6.00682950800507,2.875));
#16129=CARTESIAN_POINT('Origin',(5.55,0.3,1.725));
#16130=CARTESIAN_POINT('',(5.45,0.3,1.725));
#16131=CARTESIAN_POINT('',(5.55,0.3,1.625));
#16132=CARTESIAN_POINT('Origin',(5.85,0.799999999999999,1.525));
#16133=CARTESIAN_POINT('',(5.85,0.799999999999999,1.625));
#16134=CARTESIAN_POINT('',(5.85,0.699999999999999,1.525));
#16135=CARTESIAN_POINT('Origin',(5.55,0.599999999999999,2.25));
#16136=CARTESIAN_POINT('',(5.55,0.699999999999999,2.25));
#16137=CARTESIAN_POINT('',(5.45,0.599999999999999,2.25));
#16138=CARTESIAN_POINT('Origin',(-4.45,1.1,2.875));
#16139=CARTESIAN_POINT('',(-4.45,1.2,2.875));
#16140=CARTESIAN_POINT('',(-4.55,1.1,2.875));
#16141=CARTESIAN_POINT('Origin',(4.45,1.1,-2.875));
#16142=CARTESIAN_POINT('',(4.45,1.2,-2.875));
#16143=CARTESIAN_POINT('',(4.55,1.1,-2.875));
#16144=CARTESIAN_POINT('Origin',(5.825,1.3,-2.775));
#16145=CARTESIAN_POINT('',(5.825,1.3,-2.875));
#16146=CARTESIAN_POINT('',(5.825,1.2,-2.775));
#16147=CARTESIAN_POINT('Origin',(-4.15,1.1,-0.675));
#16148=CARTESIAN_POINT('',(-4.15,1.1,-0.575));
#16149=CARTESIAN_POINT('',(-4.15,1.2,-0.675));
#16150=CARTESIAN_POINT('Origin',(-4.45,0.3,-0.675));
#16151=CARTESIAN_POINT('',(-4.45,0.3,-0.575));
#16152=CARTESIAN_POINT('',(-4.55,0.3,-0.675));
#16153=CARTESIAN_POINT('Origin',(-3.05,1.1,0.));
#16154=CARTESIAN_POINT('',(-2.95,1.1,0.));
#16155=CARTESIAN_POINT('',(-3.05,1.2,0.));
#16156=CARTESIAN_POINT('Origin',(-4.45,0.3,1.725));
#16157=CARTESIAN_POINT('',(-4.55,0.3,1.725));
#16158=CARTESIAN_POINT('',(-4.45,0.3,1.625));
#16159=CARTESIAN_POINT('Origin',(-4.15,1.1,1.725));
#16160=CARTESIAN_POINT('',(-4.15,1.2,1.725));
#16161=CARTESIAN_POINT('',(-4.15,1.1,1.625));
#16162=CARTESIAN_POINT('Origin',(5.825,1.3,2.775));
#16163=CARTESIAN_POINT('',(5.825,1.2,2.775));
#16164=CARTESIAN_POINT('Origin',(4.45,1.1,0.));
#16165=CARTESIAN_POINT('',(4.55,1.1,0.));
#16166=CARTESIAN_POINT('',(4.45,1.2,0.));
#16167=CARTESIAN_POINT('Origin',(4.45,0.899999999999999,-0.675));
#16168=CARTESIAN_POINT('',(4.45,0.899999999999999,-0.575));
#16169=CARTESIAN_POINT('',(4.55,0.899999999999999,-0.675));
#16170=CARTESIAN_POINT('Origin',(3.35,1.1,-0.675));
#16171=CARTESIAN_POINT('',(3.35,1.1,-0.575));
#16172=CARTESIAN_POINT('',(3.35,1.2,-0.675));
#16173=CARTESIAN_POINT('Origin',(3.05,1.1,0.));
#16174=CARTESIAN_POINT('',(2.95,1.1,0.));
#16175=CARTESIAN_POINT('',(3.05,1.2,0.));
#16176=CARTESIAN_POINT('Origin',(2.85,-3.11595613043381E-16,-2.775));
#16177=CARTESIAN_POINT('',(2.85,-3.11595613043381E-16,-2.875));
#16178=CARTESIAN_POINT('',(2.95,-3.01121810924276E-16,-2.775));
#16179=CARTESIAN_POINT('Origin',(-4.15,0.799999999999999,-0.475));
#16180=CARTESIAN_POINT('',(-4.15,0.799999999999999,-0.575));
#16181=CARTESIAN_POINT('',(-4.15,0.699999999999999,-0.475));
#16182=CARTESIAN_POINT('Origin',(-4.45,0.599999999999999,2.25));
#16183=CARTESIAN_POINT('',(-4.45,0.699999999999999,2.25));
#16184=CARTESIAN_POINT('',(-4.55,0.599999999999999,2.25));
#16185=CARTESIAN_POINT('Origin',(-3.05,0.899999999999999,-0.675));
#16186=CARTESIAN_POINT('',(-3.05,0.899999999999999,-0.575));
#16187=CARTESIAN_POINT('',(-2.95,0.899999999999999,-0.675));
#16188=CARTESIAN_POINT('Origin',(7.315,0.0999999999999989,-2.775));
#16189=CARTESIAN_POINT('',(7.315,0.0999999999999989,-2.875));
#16190=CARTESIAN_POINT('',(7.315,-1.11022302462516E-15,-2.775));
#16191=CARTESIAN_POINT('Origin',(-3.05,0.899999999999999,1.725));
#16192=CARTESIAN_POINT('',(-2.95,0.899999999999999,1.725));
#16193=CARTESIAN_POINT('',(-3.05,0.899999999999999,1.625));
#16194=CARTESIAN_POINT('Origin',(7.315,0.0999999999999989,2.775));
#16195=CARTESIAN_POINT('',(7.315,-1.11022302462516E-15,2.775));
#16196=CARTESIAN_POINT('Origin',(-4.15,0.799999999999999,1.525));
#16197=CARTESIAN_POINT('',(-4.15,0.799999999999999,1.625));
#16198=CARTESIAN_POINT('',(-4.15,0.699999999999999,1.525));
#16199=CARTESIAN_POINT('Origin',(2.85,-3.11595613043381E-16,2.775));
#16200=CARTESIAN_POINT('',(2.95,-3.01121810924276E-16,2.775));
#16201=CARTESIAN_POINT('Origin',(3.05,1.1,2.875));
#16202=CARTESIAN_POINT('',(3.05,1.2,2.875));
#16203=CARTESIAN_POINT('',(2.95,1.1,2.875));
#16204=CARTESIAN_POINT('Origin',(3.35,1.1,1.725));
#16205=CARTESIAN_POINT('',(3.35,1.2,1.725));
#16206=CARTESIAN_POINT('',(3.35,1.1,1.625));
#16207=CARTESIAN_POINT('Origin',(4.45,0.899999999999999,1.725));
#16208=CARTESIAN_POINT('',(4.55,0.899999999999999,1.725));
#16209=CARTESIAN_POINT('',(4.45,0.899999999999999,1.625));
#16210=CARTESIAN_POINT('Origin',(4.45,0.6,-0.625));
#16211=CARTESIAN_POINT('',(4.55,0.6,-0.625));
#16212=CARTESIAN_POINT('',(4.45,0.7,-0.625));
#16213=CARTESIAN_POINT('Origin',(3.35,0.799999999999999,-0.475));
#16214=CARTESIAN_POINT('',(3.35,0.799999999999999,-0.575));
#16215=CARTESIAN_POINT('',(3.35,0.699999999999999,-0.475));
#16216=CARTESIAN_POINT('Origin',(3.05,0.3,-0.675));
#16217=CARTESIAN_POINT('',(3.05,0.3,-0.575));
#16218=CARTESIAN_POINT('',(2.95,0.3,-0.675));
#16219=CARTESIAN_POINT('Origin',(2.85,0.0999999999999989,1.5275));
#16220=CARTESIAN_POINT('',(2.85,-1.11022302462516E-15,1.5275));
#16221=CARTESIAN_POINT('',(2.95,0.0999999999999989,1.5275));
#16222=CARTESIAN_POINT('Origin',(-3.05,0.6,-0.625));
#16223=CARTESIAN_POINT('',(-2.95,0.6,-0.625));
#16224=CARTESIAN_POINT('',(-3.05,0.7,-0.625));
#16225=CARTESIAN_POINT('Origin',(-2.15,-5.73440666021012E-16,-2.775));
#16226=CARTESIAN_POINT('',(-2.15,-5.73440666021012E-16,-2.875));
#16227=CARTESIAN_POINT('',(-2.05,-5.62966863901907E-16,-2.775));
#16228=CARTESIAN_POINT('Origin',(-2.15,0.0999999999999989,1.5275));
#16229=CARTESIAN_POINT('',(-2.15,-1.11022302462516E-15,1.5275));
#16230=CARTESIAN_POINT('',(-2.05,0.0999999999999989,1.5275));
#16231=CARTESIAN_POINT('Origin',(-2.15,-5.73440666021012E-16,2.775));
#16232=CARTESIAN_POINT('',(-2.05,-5.62966863901907E-16,2.775));
#16233=CARTESIAN_POINT('Origin',(3.05,0.3,1.725));
#16234=CARTESIAN_POINT('',(2.95,0.3,1.725));
#16235=CARTESIAN_POINT('',(3.05,0.3,1.625));
#16236=CARTESIAN_POINT('Origin',(3.35,0.799999999999999,1.525));
#16237=CARTESIAN_POINT('',(3.35,0.799999999999999,1.625));
#16238=CARTESIAN_POINT('',(3.35,0.699999999999999,1.525));
#16239=CARTESIAN_POINT('Origin',(3.05,0.599999999999999,2.25));
#16240=CARTESIAN_POINT('',(3.05,0.699999999999999,2.25));
#16241=CARTESIAN_POINT('',(2.95,0.599999999999999,2.25));
#16242=CARTESIAN_POINT('Origin',(-1.95,1.1,2.875));
#16243=CARTESIAN_POINT('',(-1.95,1.2,2.875));
#16244=CARTESIAN_POINT('',(-2.05,1.1,2.875));
#16245=CARTESIAN_POINT('Origin',(1.95,1.1,-2.875));
#16246=CARTESIAN_POINT('',(1.95,1.2,-2.875));
#16247=CARTESIAN_POINT('',(2.05,1.1,-2.875));
#16248=CARTESIAN_POINT('Origin',(4.575,1.3,-2.775));
#16249=CARTESIAN_POINT('',(4.575,1.3,-2.875));
#16250=CARTESIAN_POINT('',(4.575,1.2,-2.775));
#16251=CARTESIAN_POINT('Origin',(-1.65,1.1,-0.675));
#16252=CARTESIAN_POINT('',(-1.65,1.1,-0.575));
#16253=CARTESIAN_POINT('',(-1.65,1.2,-0.675));
#16254=CARTESIAN_POINT('Origin',(-1.95,0.3,-0.675));
#16255=CARTESIAN_POINT('',(-1.95,0.3,-0.575));
#16256=CARTESIAN_POINT('',(-2.05,0.3,-0.675));
#16257=CARTESIAN_POINT('Origin',(-0.55,1.1,0.));
#16258=CARTESIAN_POINT('',(-0.45,1.1,0.));
#16259=CARTESIAN_POINT('',(-0.55,1.2,0.));
#16260=CARTESIAN_POINT('Origin',(-1.95,0.3,1.725));
#16261=CARTESIAN_POINT('',(-2.05,0.3,1.725));
#16262=CARTESIAN_POINT('',(-1.95,0.3,1.625));
#16263=CARTESIAN_POINT('Origin',(-1.65,1.1,1.725));
#16264=CARTESIAN_POINT('',(-1.65,1.2,1.725));
#16265=CARTESIAN_POINT('',(-1.65,1.1,1.625));
#16266=CARTESIAN_POINT('Origin',(4.575,1.3,2.775));
#16267=CARTESIAN_POINT('',(4.575,1.2,2.775));
#16268=CARTESIAN_POINT('Origin',(1.95,1.1,0.));
#16269=CARTESIAN_POINT('',(2.05,1.1,0.));
#16270=CARTESIAN_POINT('',(1.95,1.2,0.));
#16271=CARTESIAN_POINT('Origin',(1.95,0.899999999999999,-0.675));
#16272=CARTESIAN_POINT('',(1.95,0.899999999999999,-0.575));
#16273=CARTESIAN_POINT('',(2.05,0.899999999999999,-0.675));
#16274=CARTESIAN_POINT('Origin',(0.85,1.1,-0.675));
#16275=CARTESIAN_POINT('',(0.85,1.1,-0.575));
#16276=CARTESIAN_POINT('',(0.85,1.2,-0.675));
#16277=CARTESIAN_POINT('Origin',(0.549999999999999,1.1,0.));
#16278=CARTESIAN_POINT('',(0.449999999999999,1.1,0.));
#16279=CARTESIAN_POINT('',(0.549999999999999,1.2,0.));
#16280=CARTESIAN_POINT('Origin',(0.349999999999999,-4.42518139532197E-16,
-2.775));
#16281=CARTESIAN_POINT('',(0.349999999999999,-4.42518139532197E-16,-2.875));
#16282=CARTESIAN_POINT('',(0.449999999999999,-4.32044337413092E-16,-2.775));
#16283=CARTESIAN_POINT('Origin',(-0.55,0.899999999999999,-0.675));
#16284=CARTESIAN_POINT('',(-0.55,0.899999999999999,-0.575));
#16285=CARTESIAN_POINT('',(-0.45,0.899999999999999,-0.675));
#16286=CARTESIAN_POINT('Origin',(-1.65,0.799999999999999,-0.475));
#16287=CARTESIAN_POINT('',(-1.65,0.799999999999999,-0.575));
#16288=CARTESIAN_POINT('',(-1.65,0.699999999999999,-0.475));
#16289=CARTESIAN_POINT('Origin',(-1.95,0.599999999999999,2.25));
#16290=CARTESIAN_POINT('',(-1.95,0.699999999999999,2.25));
#16291=CARTESIAN_POINT('',(-2.05,0.599999999999999,2.25));
#16292=CARTESIAN_POINT('Origin',(7.315,0.0999999999999989,-2.775));
#16293=CARTESIAN_POINT('',(7.315,0.0999999999999989,-2.875));
#16294=CARTESIAN_POINT('',(7.315,-1.11022302462516E-15,-2.775));
#16295=CARTESIAN_POINT('Origin',(-0.55,0.899999999999999,1.725));
#16296=CARTESIAN_POINT('',(-0.45,0.899999999999999,1.725));
#16297=CARTESIAN_POINT('',(-0.55,0.899999999999999,1.625));
#16298=CARTESIAN_POINT('Origin',(7.315,0.0999999999999989,2.775));
#16299=CARTESIAN_POINT('',(7.315,-1.11022302462516E-15,2.775));
#16300=CARTESIAN_POINT('Origin',(-1.65,0.799999999999999,1.525));
#16301=CARTESIAN_POINT('',(-1.65,0.799999999999999,1.625));
#16302=CARTESIAN_POINT('',(-1.65,0.699999999999999,1.525));
#16303=CARTESIAN_POINT('Origin',(0.85,1.1,1.725));
#16304=CARTESIAN_POINT('',(0.85,1.2,1.725));
#16305=CARTESIAN_POINT('',(0.85,1.1,1.625));
#16306=CARTESIAN_POINT('Origin',(1.95,0.899999999999999,1.725));
#16307=CARTESIAN_POINT('',(2.05,0.899999999999999,1.725));
#16308=CARTESIAN_POINT('',(1.95,0.899999999999999,1.625));
#16309=CARTESIAN_POINT('Origin',(0.349999999999999,-4.42518139532197E-16,
2.775));
#16310=CARTESIAN_POINT('',(0.449999999999999,-4.32044337413092E-16,2.775));
#16311=CARTESIAN_POINT('Origin',(0.549999999999999,1.1,2.875));
#16312=CARTESIAN_POINT('',(0.549999999999999,1.2,2.875));
#16313=CARTESIAN_POINT('',(0.449999999999999,1.1,2.875));
#16314=CARTESIAN_POINT('Origin',(1.95,0.6,-0.625));
#16315=CARTESIAN_POINT('',(2.05,0.6,-0.625));
#16316=CARTESIAN_POINT('',(1.95,0.7,-0.625));
#16317=CARTESIAN_POINT('Origin',(0.849999999999999,0.799999999999999,-0.475));
#16318=CARTESIAN_POINT('',(0.849999999999999,0.799999999999999,-0.575));
#16319=CARTESIAN_POINT('',(0.849999999999999,0.699999999999999,-0.475));
#16320=CARTESIAN_POINT('Origin',(0.549999999999999,0.3,-0.675));
#16321=CARTESIAN_POINT('',(0.549999999999999,0.3,-0.575));
#16322=CARTESIAN_POINT('',(0.449999999999999,0.3,-0.675));
#16323=CARTESIAN_POINT('Origin',(0.349999999999999,0.0999999999999989,1.5275));
#16324=CARTESIAN_POINT('',(0.349999999999999,-1.11022302462516E-15,1.5275));
#16325=CARTESIAN_POINT('',(0.449999999999999,0.0999999999999989,1.5275));
#16326=CARTESIAN_POINT('Origin',(-0.55,0.6,-0.625));
#16327=CARTESIAN_POINT('',(-0.45,0.6,-0.625));
#16328=CARTESIAN_POINT('',(-0.55,0.7,-0.625));
#16329=CARTESIAN_POINT('Origin',(0.849999999999999,0.799999999999999,1.525));
#16330=CARTESIAN_POINT('',(0.849999999999999,0.799999999999999,1.625));
#16331=CARTESIAN_POINT('',(0.849999999999999,0.699999999999999,1.525));
#16332=CARTESIAN_POINT('Origin',(0.549999999999999,0.3,1.725));
#16333=CARTESIAN_POINT('',(0.449999999999999,0.3,1.725));
#16334=CARTESIAN_POINT('',(0.549999999999999,0.3,1.625));
#16335=CARTESIAN_POINT('Origin',(0.549999999999999,0.599999999999999,2.25));
#16336=CARTESIAN_POINT('',(0.549999999999999,0.699999999999999,2.25));
#16337=CARTESIAN_POINT('',(0.449999999999999,0.599999999999999,2.25));
#16338=CARTESIAN_POINT('Origin',(6.75,7.,-1.92397785600272));
#16339=CARTESIAN_POINT('',(6.75,4.1,-1.92397785600272));
#16340=CARTESIAN_POINT('Origin',(5.95,4.1,-1.92397785600272));
#16341=CARTESIAN_POINT('',(5.95,3.3,-1.92397785600272));
#16342=CARTESIAN_POINT('Origin',(-6.75,3.3,-1.92397785600272));
#16343=CARTESIAN_POINT('',(-5.95,3.3,-1.92397785600272));
#16344=CARTESIAN_POINT('Origin',(-5.95,4.1,-1.92397785600272));
#16345=CARTESIAN_POINT('',(-6.75,4.1,-1.92397785600272));
#16346=CARTESIAN_POINT('Origin',(8.7,7.,2.05));
#16347=CARTESIAN_POINT('',(8.7,4.7,2.05));
#16348=CARTESIAN_POINT('',(8.7,4.7,2.05));
#16349=CARTESIAN_POINT('Origin',(8.7,3.9,2.05));
#16350=CARTESIAN_POINT('',(8.7,3.9,1.25));
#16351=CARTESIAN_POINT('Origin',(8.7,4.7,1.25));
#16352=CARTESIAN_POINT('Origin',(5.93,-1.11022302462516E-15,0.179999999999999));
#16353=CARTESIAN_POINT('Origin',(-0.45,1.2,-2.875));
#16354=CARTESIAN_POINT('Origin',(-2.05,1.2,-2.875));
#16355=CARTESIAN_POINT('Origin',(2.05,1.2,-2.875));
#16356=CARTESIAN_POINT('Origin',(-2.05,1.2,2.875));
#16357=CARTESIAN_POINT('Origin',(-2.05,0.,2.875));
#16358=CARTESIAN_POINT('Origin',(5.93,-1.11022302462516E-15,0.179999999999999));
#16359=CARTESIAN_POINT('Origin',(5.93,-1.11022302462516E-15,0.179999999999999));
#16360=CARTESIAN_POINT('Origin',(-2.95,1.2,-2.875));
#16361=CARTESIAN_POINT('Origin',(-4.55,1.2,-2.875));
#16362=CARTESIAN_POINT('Origin',(4.55,1.2,-2.875));
#16363=CARTESIAN_POINT('Origin',(-4.55,1.2,2.875));
#16364=CARTESIAN_POINT('Origin',(-4.55,0.,2.875));
#16365=CARTESIAN_POINT('Origin',(5.93,-1.11022302462516E-15,0.179999999999999));
#16366=CARTESIAN_POINT('Origin',(5.3,7.,-1.92397785600272));
#16367=CARTESIAN_POINT('Origin',(8.7,7.,2.875));
#16368=CARTESIAN_POINT('Origin',(5.93,-1.11022302462516E-15,0.179999999999999));
#16369=CARTESIAN_POINT('Origin',(-5.45,1.2,2.875));
#16370=CARTESIAN_POINT('Origin',(6.75,7.,-1.92397785600272));
#16371=CARTESIAN_POINT('Origin',(8.7,7.,2.875));
#16372=CARTESIAN_POINT('Origin',(-7.05,1.2,-2.875));
#16373=CARTESIAN_POINT('Origin',(7.05,1.2,-2.875));
#16374=CARTESIAN_POINT('Origin',(-5.3,7.,-1.92397785600272));
#16375=CARTESIAN_POINT('Origin',(-7.05,1.2,2.875));
#16376=CARTESIAN_POINT('Origin',(8.7,0.,-2.875));
#16377=CARTESIAN_POINT('Origin',(-7.05,0.,2.875));
#16378=CARTESIAN_POINT('Origin',(5.93,-1.11022302462516E-15,0.179999999999999));
#16379=CARTESIAN_POINT('Origin',(8.7,3.9,1.05));
#16380=CARTESIAN_POINT('Origin',(8.7,0.,2.875));
#16381=CARTESIAN_POINT('Origin',(-6.75,7.,-1.92397785600272));
#16382=CARTESIAN_POINT('Origin',(5.93,-1.11022302462516E-15,0.179999999999999));
#16383=CARTESIAN_POINT('Origin',(8.7,7.,2.875));
#16384=CARTESIAN_POINT('Origin',(8.7,7.,2.875));
#16385=CARTESIAN_POINT('Origin',(-8.7,7.,2.875));
#16386=CARTESIAN_POINT('Origin',(8.7,3.9,1.05));
#16387=CARTESIAN_POINT('Origin',(-6.71339542950121,6.25269430775132,2.875));
#16388=CARTESIAN_POINT('Origin',(5.45,1.2,-2.875));
#16389=CARTESIAN_POINT('Origin',(-6.25,0.6,-0.575));
#16390=CARTESIAN_POINT('Origin',(-6.25,0.6,1.625));
#16391=CARTESIAN_POINT('Origin',(5.45,1.2,2.875));
#16392=CARTESIAN_POINT('Origin',(6.25,0.6,-0.575));
#16393=CARTESIAN_POINT('Origin',(-7.05,0.699999999999999,1.625));
#16394=CARTESIAN_POINT('Origin',(6.71339542950121,6.25269430775132,2.875));
#16395=CARTESIAN_POINT('Origin',(5.45,0.,2.875));
#16396=CARTESIAN_POINT('Origin',(6.25,0.6,1.625));
#16397=CARTESIAN_POINT('Origin',(5.45,0.699999999999999,1.625));
#16398=CARTESIAN_POINT('Origin',(2.95,1.2,-2.875));
#16399=CARTESIAN_POINT('Origin',(-3.75,0.6,-0.575));
#16400=CARTESIAN_POINT('Origin',(-3.75,0.6,1.625));
#16401=CARTESIAN_POINT('Origin',(2.95,1.2,2.875));
#16402=CARTESIAN_POINT('Origin',(3.75,0.6,-0.575));
#16403=CARTESIAN_POINT('Origin',(-4.55,0.699999999999999,1.625));
#16404=CARTESIAN_POINT('Origin',(2.95,0.,2.875));
#16405=CARTESIAN_POINT('Origin',(3.75,0.6,1.625));
#16406=CARTESIAN_POINT('Origin',(2.95,0.699999999999999,1.625));
#16407=CARTESIAN_POINT('Origin',(0.449999999999999,1.2,-2.875));
#16408=CARTESIAN_POINT('Origin',(-1.25,0.6,-0.575));
#16409=CARTESIAN_POINT('Origin',(-1.25,0.6,1.625));
#16410=CARTESIAN_POINT('Origin',(0.449999999999999,1.2,2.875));
#16411=CARTESIAN_POINT('Origin',(1.25,0.6,-0.575));
#16412=CARTESIAN_POINT('Origin',(-2.05,0.699999999999999,1.625));
#16413=CARTESIAN_POINT('Origin',(1.25,0.6,1.625));
#16414=CARTESIAN_POINT('Origin',(0.449999999999999,0.,2.875));
#16415=CARTESIAN_POINT('Origin',(0.449999999999998,0.699999999999999,1.625));
#16416=CARTESIAN_POINT('Origin',(-6.75,7.,-1.92397785600272));
#16417=CARTESIAN_POINT('Origin',(8.7,4.7,1.25));
#16418=CARTESIAN_POINT('',(8.7,3.9,1.25));
#16419=CARTESIAN_POINT('Origin',(8.7,3.9,2.05));
#16420=CARTESIAN_POINT('Origin',(6.75,3.3,-1.92397785600272));
#16421=CARTESIAN_POINT('Origin',(7.85,2.3,2.05));
#16422=CARTESIAN_POINT('',(0.,0.,0.));
#16423=CARTESIAN_POINT('Origin',(-6.52,-3.2,0.524999999999999));
#16424=CARTESIAN_POINT('',(-6.47,-3.4,0.744999999999999));
#16425=CARTESIAN_POINT('',(-6.57,-3.,0.844999999999999));
#16426=CARTESIAN_POINT('',(-6.51388888888889,-3.22444444444445,0.788888888888888));
#16427=CARTESIAN_POINT('',(-6.57,-3.,0.204999999999999));
#16428=CARTESIAN_POINT('',(-6.57,-3.,0.524999999999999));
#16429=CARTESIAN_POINT('',(-6.47,-3.4,0.304999999999999));
#16430=CARTESIAN_POINT('',(-6.51388888888889,-3.22444444444445,0.26111111111111));
#16431=CARTESIAN_POINT('',(-6.47,-3.4,0.524999999999999));
#16432=CARTESIAN_POINT('Origin',(-6.57,-3.4,0.204999999999999));
#16433=CARTESIAN_POINT('',(-6.03,-3.4,0.304999999999999));
#16434=CARTESIAN_POINT('',(-6.57,-3.4,0.304999999999999));
#16435=CARTESIAN_POINT('',(-6.03,-3.4,0.744999999999999));
#16436=CARTESIAN_POINT('',(-6.03,-3.4,0.524999999999999));
#16437=CARTESIAN_POINT('',(-6.57,-3.4,0.744999999999999));
#16438=CARTESIAN_POINT('Origin',(-6.57,-3.2,0.254999999999999));
#16439=CARTESIAN_POINT('',(-5.93,-3.,0.204999999999999));
#16440=CARTESIAN_POINT('',(-6.57,-3.,0.204999999999999));
#16441=CARTESIAN_POINT('',(-6.00388888888889,-3.29555555555556,0.278888888888888));
#16442=CARTESIAN_POINT('Origin',(-5.98,-3.2,0.524999999999999));
#16443=CARTESIAN_POINT('',(-5.93,-3.,0.844999999999999));
#16444=CARTESIAN_POINT('',(-5.93,-3.,0.524999999999999));
#16445=CARTESIAN_POINT('',(-6.00388888888889,-3.29555555555556,0.77111111111111));
#16446=CARTESIAN_POINT('Origin',(-6.57,-3.2,0.794999999999999));
#16447=CARTESIAN_POINT('',(-6.57,-3.,0.844999999999999));
#16448=CARTESIAN_POINT('Origin',(-6.57,7.70509667991878,0.844999999999999));
#16449=CARTESIAN_POINT('',(-6.57,6.4,0.844999999999999));
#16450=CARTESIAN_POINT('',(-6.57,7.70509667991878,0.844999999999999));
#16451=CARTESIAN_POINT('',(-6.57,6.4,0.204999999999999));
#16452=CARTESIAN_POINT('',(-6.57,6.4,0.685));
#16453=CARTESIAN_POINT('',(-6.57,7.70509667991878,0.204999999999999));
#16454=CARTESIAN_POINT('Origin',(-6.57,7.70509667991878,0.844999999999999));
#16455=CARTESIAN_POINT('',(-5.93,6.4,0.844999999999999));
#16456=CARTESIAN_POINT('',(-5.93,7.70509667991878,0.844999999999999));
#16457=CARTESIAN_POINT('',(-3.285,6.4,0.844999999999999));
#16458=CARTESIAN_POINT('Origin',(-3.285,6.6,0.254999999999999));
#16459=CARTESIAN_POINT('',(-6.03,6.8,0.304999999999999));
#16460=CARTESIAN_POINT('',(-5.93,6.4,0.204999999999999));
#16461=CARTESIAN_POINT('',(-5.91708333333334,6.34833333333333,0.192083333333333));
#16462=CARTESIAN_POINT('',(-3.285,6.4,0.204999999999999));
#16463=CARTESIAN_POINT('',(-6.47,6.8,0.304999999999999));
#16464=CARTESIAN_POINT('',(-6.41819444444445,7.00722222222222,0.356805555555555));
#16465=CARTESIAN_POINT('',(-3.285,6.8,0.304999999999999));
#16466=CARTESIAN_POINT('Origin',(0.,6.8,0.525));
#16467=CARTESIAN_POINT('',(-6.47,6.8,0.744999999999999));
#16468=CARTESIAN_POINT('',(-6.47,6.8,0.685));
#16469=CARTESIAN_POINT('',(-6.03,6.8,0.744999999999999));
#16470=CARTESIAN_POINT('',(-3.285,6.8,0.744999999999999));
#16471=CARTESIAN_POINT('',(-6.03,6.8,0.685000000000004));
#16472=CARTESIAN_POINT('Origin',(-6.52,6.6,0.685));
#16473=CARTESIAN_POINT('',(-6.42708333333334,6.97166666666667,0.702083333333333));
#16474=CARTESIAN_POINT('Origin',(-3.285,6.6,0.794999999999999));
#16475=CARTESIAN_POINT('',(-5.90819444444445,6.31277777777778,0.866805555555555));
#16476=CARTESIAN_POINT('Origin',(-5.98,6.6,0.685000000000004));
#16477=CARTESIAN_POINT('',(-5.93,6.4,0.685000000000004));
#16478=CARTESIAN_POINT('Origin',(-5.93,7.70509667991878,0.844999999999999));
#16479=CARTESIAN_POINT('',(-5.93,7.70509667991878,0.204999999999999));
#16480=CARTESIAN_POINT('Origin',(-6.57,7.70509667991878,0.204999999999999));
#16481=CARTESIAN_POINT('Origin',(-4.02,-3.2,0.524999999999996));
#16482=CARTESIAN_POINT('',(-3.97,-3.4,0.744999999999996));
#16483=CARTESIAN_POINT('',(-4.07,-3.,0.844999999999996));
#16484=CARTESIAN_POINT('',(-4.01388888888889,-3.22444444444445,0.788888888888885));
#16485=CARTESIAN_POINT('',(-4.07,-3.,0.204999999999996));
#16486=CARTESIAN_POINT('',(-4.07,-3.,0.524999999999996));
#16487=CARTESIAN_POINT('',(-3.97,-3.4,0.304999999999996));
#16488=CARTESIAN_POINT('',(-4.01388888888889,-3.22444444444445,0.261111111111107));
#16489=CARTESIAN_POINT('',(-3.97,-3.4,0.524999999999996));
#16490=CARTESIAN_POINT('Origin',(-4.07,-3.4,0.204999999999996));
#16491=CARTESIAN_POINT('',(-3.53,-3.4,0.304999999999996));
#16492=CARTESIAN_POINT('',(-4.07,-3.4,0.304999999999996));
#16493=CARTESIAN_POINT('',(-3.53,-3.4,0.744999999999996));
#16494=CARTESIAN_POINT('',(-3.53,-3.4,0.524999999999996));
#16495=CARTESIAN_POINT('',(-4.07,-3.4,0.744999999999996));
#16496=CARTESIAN_POINT('Origin',(-4.07,-3.2,0.254999999999996));
#16497=CARTESIAN_POINT('',(-3.43,-3.,0.204999999999996));
#16498=CARTESIAN_POINT('',(-4.07,-3.,0.204999999999996));
#16499=CARTESIAN_POINT('',(-3.50388888888889,-3.29555555555556,0.278888888888885));
#16500=CARTESIAN_POINT('Origin',(-3.48,-3.2,0.524999999999996));
#16501=CARTESIAN_POINT('',(-3.43,-3.,0.844999999999996));
#16502=CARTESIAN_POINT('',(-3.43,-3.,0.524999999999996));
#16503=CARTESIAN_POINT('',(-3.50388888888889,-3.29555555555556,0.771111111111107));
#16504=CARTESIAN_POINT('Origin',(-4.07,-3.2,0.794999999999996));
#16505=CARTESIAN_POINT('',(-4.07,-3.,0.844999999999996));
#16506=CARTESIAN_POINT('Origin',(-4.07,7.70509667991878,0.844999999999996));
#16507=CARTESIAN_POINT('',(-4.07,6.4,0.844999999999996));
#16508=CARTESIAN_POINT('',(-4.07,7.70509667991878,0.844999999999996));
#16509=CARTESIAN_POINT('',(-4.07,6.4,0.204999999999996));
#16510=CARTESIAN_POINT('',(-4.07,6.4,0.684999999999997));
#16511=CARTESIAN_POINT('',(-4.07,7.70509667991878,0.204999999999996));
#16512=CARTESIAN_POINT('Origin',(-4.07,7.70509667991878,0.844999999999996));
#16513=CARTESIAN_POINT('',(-3.43,6.4,0.844999999999996));
#16514=CARTESIAN_POINT('',(-3.43,7.70509667991878,0.844999999999996));
#16515=CARTESIAN_POINT('',(-0.785000000000001,6.4,0.844999999999996));
#16516=CARTESIAN_POINT('Origin',(-0.785000000000001,6.6,0.254999999999996));
#16517=CARTESIAN_POINT('',(-3.53,6.8,0.304999999999996));
#16518=CARTESIAN_POINT('',(-3.43,6.4,0.204999999999996));
#16519=CARTESIAN_POINT('',(-3.41708333333334,6.34833333333333,0.192083333333329));
#16520=CARTESIAN_POINT('',(-0.785000000000001,6.4,0.204999999999996));
#16521=CARTESIAN_POINT('',(-3.97,6.8,0.304999999999996));
#16522=CARTESIAN_POINT('',(-3.91819444444445,7.00722222222222,0.356805555555552));
#16523=CARTESIAN_POINT('',(-0.785000000000001,6.8,0.304999999999996));
#16524=CARTESIAN_POINT('Origin',(2.5,6.8,0.524999999999997));
#16525=CARTESIAN_POINT('',(-3.97,6.8,0.744999999999996));
#16526=CARTESIAN_POINT('',(-3.97,6.8,0.684999999999997));
#16527=CARTESIAN_POINT('',(-3.53,6.8,0.744999999999996));
#16528=CARTESIAN_POINT('',(-0.785000000000001,6.8,0.744999999999995));
#16529=CARTESIAN_POINT('',(-3.53,6.8,0.685));
#16530=CARTESIAN_POINT('Origin',(-4.02,6.6,0.684999999999997));
#16531=CARTESIAN_POINT('',(-3.92708333333334,6.97166666666667,0.702083333333329));
#16532=CARTESIAN_POINT('Origin',(-0.785000000000001,6.6,0.794999999999995));
#16533=CARTESIAN_POINT('',(-3.40819444444445,6.31277777777778,0.866805555555552));
#16534=CARTESIAN_POINT('Origin',(-3.48,6.6,0.685));
#16535=CARTESIAN_POINT('',(-3.43,6.4,0.685));
#16536=CARTESIAN_POINT('Origin',(-3.43,7.70509667991878,0.844999999999996));
#16537=CARTESIAN_POINT('',(-3.43,7.70509667991878,0.204999999999996));
#16538=CARTESIAN_POINT('Origin',(-4.07,7.70509667991878,0.204999999999996));
#16539=CARTESIAN_POINT('Origin',(-1.52,-3.2,0.524999999999993));
#16540=CARTESIAN_POINT('',(-1.47,-3.4,0.744999999999993));
#16541=CARTESIAN_POINT('',(-1.57,-3.,0.844999999999993));
#16542=CARTESIAN_POINT('',(-1.51388888888889,-3.22444444444445,0.788888888888882));
#16543=CARTESIAN_POINT('',(-1.57,-3.,0.204999999999993));
#16544=CARTESIAN_POINT('',(-1.57,-3.,0.524999999999993));
#16545=CARTESIAN_POINT('',(-1.47,-3.4,0.304999999999993));
#16546=CARTESIAN_POINT('',(-1.51388888888889,-3.22444444444445,0.261111111111104));
#16547=CARTESIAN_POINT('',(-1.47,-3.4,0.524999999999993));
#16548=CARTESIAN_POINT('Origin',(-1.57,-3.4,0.204999999999993));
#16549=CARTESIAN_POINT('',(-1.03,-3.4,0.304999999999992));
#16550=CARTESIAN_POINT('',(-1.57,-3.4,0.304999999999993));
#16551=CARTESIAN_POINT('',(-1.03,-3.4,0.744999999999992));
#16552=CARTESIAN_POINT('',(-1.03,-3.4,0.524999999999992));
#16553=CARTESIAN_POINT('',(-1.57,-3.4,0.744999999999993));
#16554=CARTESIAN_POINT('Origin',(-1.57,-3.2,0.254999999999993));
#16555=CARTESIAN_POINT('',(-0.930000000000003,-3.,0.204999999999992));
#16556=CARTESIAN_POINT('',(-1.57,-3.,0.204999999999993));
#16557=CARTESIAN_POINT('',(-1.00388888888889,-3.29555555555556,0.278888888888881));
#16558=CARTESIAN_POINT('Origin',(-0.980000000000002,-3.2,0.524999999999992));
#16559=CARTESIAN_POINT('',(-0.930000000000002,-3.,0.844999999999993));
#16560=CARTESIAN_POINT('',(-0.930000000000002,-3.,0.524999999999992));
#16561=CARTESIAN_POINT('',(-1.00388888888889,-3.29555555555556,0.771111111111104));
#16562=CARTESIAN_POINT('Origin',(-1.57,-3.2,0.794999999999993));
#16563=CARTESIAN_POINT('',(-1.57,-3.,0.844999999999993));
#16564=CARTESIAN_POINT('Origin',(-1.57,7.70509667991878,0.844999999999993));
#16565=CARTESIAN_POINT('',(-1.57,6.4,0.844999999999993));
#16566=CARTESIAN_POINT('',(-1.57,7.70509667991878,0.844999999999993));
#16567=CARTESIAN_POINT('',(-1.57,6.4,0.204999999999993));
#16568=CARTESIAN_POINT('',(-1.57,6.4,0.684999999999993));
#16569=CARTESIAN_POINT('',(-1.57,7.70509667991878,0.204999999999993));
#16570=CARTESIAN_POINT('Origin',(-1.57,7.70509667991878,0.844999999999993));
#16571=CARTESIAN_POINT('',(-0.930000000000002,6.4,0.844999999999993));
#16572=CARTESIAN_POINT('',(-0.930000000000002,7.70509667991878,0.844999999999993));
#16573=CARTESIAN_POINT('',(1.715,6.4,0.844999999999992));
#16574=CARTESIAN_POINT('Origin',(1.715,6.6,0.254999999999992));
#16575=CARTESIAN_POINT('',(-1.03,6.8,0.304999999999992));
#16576=CARTESIAN_POINT('',(-0.930000000000003,6.4,0.204999999999992));
#16577=CARTESIAN_POINT('',(-0.917083333333336,6.34833333333333,0.192083333333326));
#16578=CARTESIAN_POINT('',(1.715,6.4,0.204999999999992));
#16579=CARTESIAN_POINT('',(-1.47,6.8,0.304999999999992));
#16580=CARTESIAN_POINT('',(-1.41819444444445,7.00722222222222,0.356805555555548));
#16581=CARTESIAN_POINT('',(1.715,6.8,0.304999999999992));
#16582=CARTESIAN_POINT('Origin',(5.,6.8,0.524999999999993));
#16583=CARTESIAN_POINT('',(-1.47,6.8,0.744999999999993));
#16584=CARTESIAN_POINT('',(-1.47,6.8,0.684999999999993));
#16585=CARTESIAN_POINT('',(-1.03,6.8,0.744999999999992));
#16586=CARTESIAN_POINT('',(1.715,6.8,0.744999999999992));
#16587=CARTESIAN_POINT('',(-1.03,6.8,0.684999999999997));
#16588=CARTESIAN_POINT('Origin',(-1.52,6.6,0.684999999999993));
#16589=CARTESIAN_POINT('',(-1.42708333333334,6.97166666666667,0.702083333333326));
#16590=CARTESIAN_POINT('Origin',(1.715,6.6,0.794999999999992));
#16591=CARTESIAN_POINT('',(-0.908194444444446,6.31277777777778,0.866805555555548));
#16592=CARTESIAN_POINT('Origin',(-0.980000000000002,6.6,0.684999999999997));
#16593=CARTESIAN_POINT('',(-0.930000000000002,6.4,0.684999999999997));
#16594=CARTESIAN_POINT('Origin',(-0.930000000000002,7.70509667991878,0.844999999999993));
#16595=CARTESIAN_POINT('',(-0.930000000000003,7.70509667991878,0.204999999999992));
#16596=CARTESIAN_POINT('Origin',(-1.57,7.70509667991878,0.204999999999993));
#16597=CARTESIAN_POINT('Origin',(0.979999999999998,-3.2,0.524999999999989));
#16598=CARTESIAN_POINT('',(1.03,-3.4,0.744999999999989));
#16599=CARTESIAN_POINT('',(0.929999999999997,-3.,0.844999999999989));
#16600=CARTESIAN_POINT('',(0.986111111111108,-3.22444444444445,0.788888888888878));
#16601=CARTESIAN_POINT('',(0.929999999999997,-3.,0.204999999999989));
#16602=CARTESIAN_POINT('',(0.929999999999997,-3.,0.524999999999989));
#16603=CARTESIAN_POINT('',(1.03,-3.4,0.304999999999989));
#16604=CARTESIAN_POINT('',(0.986111111111108,-3.22444444444445,0.2611111111111));
#16605=CARTESIAN_POINT('',(1.03,-3.4,0.524999999999989));
#16606=CARTESIAN_POINT('Origin',(0.929999999999997,-3.4,0.204999999999989));
#16607=CARTESIAN_POINT('',(1.47,-3.4,0.304999999999989));
#16608=CARTESIAN_POINT('',(0.929999999999997,-3.4,0.304999999999989));
#16609=CARTESIAN_POINT('',(1.47,-3.4,0.744999999999989));
#16610=CARTESIAN_POINT('',(1.47,-3.4,0.524999999999989));
#16611=CARTESIAN_POINT('',(0.929999999999997,-3.4,0.744999999999989));
#16612=CARTESIAN_POINT('Origin',(0.929999999999997,-3.2,0.254999999999989));
#16613=CARTESIAN_POINT('',(1.57,-3.,0.204999999999989));
#16614=CARTESIAN_POINT('',(0.929999999999997,-3.,0.204999999999989));
#16615=CARTESIAN_POINT('',(1.49611111111111,-3.29555555555556,0.278888888888878));
#16616=CARTESIAN_POINT('Origin',(1.52,-3.2,0.524999999999989));
#16617=CARTESIAN_POINT('',(1.57,-3.,0.844999999999989));
#16618=CARTESIAN_POINT('',(1.57,-3.,0.524999999999989));
#16619=CARTESIAN_POINT('',(1.49611111111111,-3.29555555555556,0.7711111111111));
#16620=CARTESIAN_POINT('Origin',(0.929999999999997,-3.2,0.794999999999989));
#16621=CARTESIAN_POINT('',(0.929999999999997,-3.,0.844999999999989));
#16622=CARTESIAN_POINT('Origin',(0.929999999999997,7.70509667991878,0.844999999999989));
#16623=CARTESIAN_POINT('',(0.929999999999997,6.4,0.844999999999989));
#16624=CARTESIAN_POINT('',(0.929999999999997,7.70509667991878,0.844999999999989));
#16625=CARTESIAN_POINT('',(0.929999999999997,6.4,0.204999999999989));
#16626=CARTESIAN_POINT('',(0.929999999999997,6.4,0.68499999999999));
#16627=CARTESIAN_POINT('',(0.929999999999997,7.70509667991878,0.204999999999989));
#16628=CARTESIAN_POINT('Origin',(0.929999999999997,7.70509667991878,0.844999999999989));
#16629=CARTESIAN_POINT('',(1.57,6.4,0.844999999999989));
#16630=CARTESIAN_POINT('',(1.57,7.70509667991878,0.844999999999989));
#16631=CARTESIAN_POINT('',(4.215,6.4,0.844999999999989));
#16632=CARTESIAN_POINT('Origin',(4.215,6.6,0.254999999999989));
#16633=CARTESIAN_POINT('',(1.47,6.8,0.304999999999989));
#16634=CARTESIAN_POINT('',(1.57,6.4,0.204999999999989));
#16635=CARTESIAN_POINT('',(1.58291666666666,6.34833333333333,0.192083333333323));
#16636=CARTESIAN_POINT('',(4.215,6.4,0.204999999999989));
#16637=CARTESIAN_POINT('',(1.03,6.8,0.304999999999989));
#16638=CARTESIAN_POINT('',(1.08180555555555,7.00722222222222,0.356805555555545));
#16639=CARTESIAN_POINT('',(4.215,6.8,0.304999999999989));
#16640=CARTESIAN_POINT('Origin',(7.5,6.8,0.52499999999999));
#16641=CARTESIAN_POINT('',(1.03,6.8,0.744999999999989));
#16642=CARTESIAN_POINT('',(1.03,6.8,0.68499999999999));
#16643=CARTESIAN_POINT('',(1.47,6.8,0.744999999999989));
#16644=CARTESIAN_POINT('',(4.215,6.8,0.744999999999989));
#16645=CARTESIAN_POINT('',(1.47,6.8,0.684999999999994));
#16646=CARTESIAN_POINT('Origin',(0.979999999999998,6.6,0.68499999999999));
#16647=CARTESIAN_POINT('',(1.07291666666666,6.97166666666667,0.702083333333322));
#16648=CARTESIAN_POINT('Origin',(4.215,6.6,0.794999999999989));
#16649=CARTESIAN_POINT('',(1.59180555555555,6.31277777777778,0.866805555555545));
#16650=CARTESIAN_POINT('Origin',(1.52,6.6,0.684999999999994));
#16651=CARTESIAN_POINT('',(1.57,6.4,0.684999999999994));
#16652=CARTESIAN_POINT('Origin',(1.57,7.70509667991878,0.844999999999989));
#16653=CARTESIAN_POINT('',(1.57,7.70509667991878,0.204999999999989));
#16654=CARTESIAN_POINT('Origin',(0.929999999999997,7.70509667991878,0.204999999999989));
#16655=CARTESIAN_POINT('Origin',(3.48,-3.2,0.524999999999986));
#16656=CARTESIAN_POINT('',(3.53,-3.4,0.744999999999986));
#16657=CARTESIAN_POINT('',(3.43,-3.,0.844999999999986));
#16658=CARTESIAN_POINT('',(3.48611111111111,-3.22444444444445,0.788888888888875));
#16659=CARTESIAN_POINT('',(3.43,-3.,0.204999999999986));
#16660=CARTESIAN_POINT('',(3.43,-3.,0.524999999999986));
#16661=CARTESIAN_POINT('',(3.53,-3.4,0.304999999999986));
#16662=CARTESIAN_POINT('',(3.48611111111111,-3.22444444444445,0.261111111111097));
#16663=CARTESIAN_POINT('',(3.53,-3.4,0.524999999999986));
#16664=CARTESIAN_POINT('Origin',(3.43,-3.4,0.204999999999986));
#16665=CARTESIAN_POINT('',(3.97,-3.4,0.304999999999986));
#16666=CARTESIAN_POINT('',(3.43,-3.4,0.304999999999986));
#16667=CARTESIAN_POINT('',(3.97,-3.4,0.744999999999986));
#16668=CARTESIAN_POINT('',(3.97,-3.4,0.524999999999986));
#16669=CARTESIAN_POINT('',(3.43,-3.4,0.744999999999986));
#16670=CARTESIAN_POINT('Origin',(3.43,-3.2,0.254999999999986));
#16671=CARTESIAN_POINT('',(4.07,-3.,0.204999999999986));
#16672=CARTESIAN_POINT('',(3.43,-3.,0.204999999999986));
#16673=CARTESIAN_POINT('',(3.99611111111111,-3.29555555555556,0.278888888888875));
#16674=CARTESIAN_POINT('Origin',(4.02,-3.2,0.524999999999985));
#16675=CARTESIAN_POINT('',(4.07,-3.,0.844999999999986));
#16676=CARTESIAN_POINT('',(4.07,-3.,0.524999999999985));
#16677=CARTESIAN_POINT('',(3.99611111111111,-3.29555555555556,0.771111111111097));
#16678=CARTESIAN_POINT('Origin',(3.43,-3.2,0.794999999999986));
#16679=CARTESIAN_POINT('',(3.43,-3.,0.844999999999986));
#16680=CARTESIAN_POINT('Origin',(3.43,7.70509667991878,0.844999999999986));
#16681=CARTESIAN_POINT('',(3.43,6.4,0.844999999999986));
#16682=CARTESIAN_POINT('',(3.43,7.70509667991878,0.844999999999986));
#16683=CARTESIAN_POINT('',(3.43,6.4,0.204999999999986));
#16684=CARTESIAN_POINT('',(3.43,6.4,0.684999999999986));
#16685=CARTESIAN_POINT('',(3.43,7.70509667991878,0.204999999999986));
#16686=CARTESIAN_POINT('Origin',(3.43,7.70509667991878,0.844999999999986));
#16687=CARTESIAN_POINT('',(4.07,6.4,0.844999999999986));
#16688=CARTESIAN_POINT('',(4.07,7.70509667991878,0.844999999999986));
#16689=CARTESIAN_POINT('',(6.715,6.4,0.844999999999985));
#16690=CARTESIAN_POINT('Origin',(6.715,6.6,0.254999999999985));
#16691=CARTESIAN_POINT('',(3.97,6.8,0.304999999999986));
#16692=CARTESIAN_POINT('',(4.07,6.4,0.204999999999986));
#16693=CARTESIAN_POINT('',(4.08291666666666,6.34833333333333,0.192083333333319));
#16694=CARTESIAN_POINT('',(6.715,6.4,0.204999999999985));
#16695=CARTESIAN_POINT('',(3.53,6.8,0.304999999999986));
#16696=CARTESIAN_POINT('',(3.58180555555555,7.00722222222222,0.356805555555541));
#16697=CARTESIAN_POINT('',(6.715,6.8,0.304999999999985));
#16698=CARTESIAN_POINT('Origin',(10.,6.8,0.524999999999986));
#16699=CARTESIAN_POINT('',(3.53,6.8,0.744999999999986));
#16700=CARTESIAN_POINT('',(3.53,6.8,0.684999999999986));
#16701=CARTESIAN_POINT('',(3.97,6.8,0.744999999999986));
#16702=CARTESIAN_POINT('',(6.715,6.8,0.744999999999985));
#16703=CARTESIAN_POINT('',(3.97,6.8,0.68499999999999));
#16704=CARTESIAN_POINT('Origin',(3.48,6.6,0.684999999999986));
#16705=CARTESIAN_POINT('',(3.57291666666666,6.97166666666667,0.702083333333319));
#16706=CARTESIAN_POINT('Origin',(6.715,6.6,0.794999999999985));
#16707=CARTESIAN_POINT('',(4.09180555555555,6.31277777777778,0.866805555555542));
#16708=CARTESIAN_POINT('Origin',(4.02,6.6,0.68499999999999));
#16709=CARTESIAN_POINT('',(4.07,6.4,0.68499999999999));
#16710=CARTESIAN_POINT('Origin',(4.07,7.70509667991878,0.844999999999986));
#16711=CARTESIAN_POINT('',(4.07,7.70509667991878,0.204999999999986));
#16712=CARTESIAN_POINT('Origin',(3.43,7.70509667991878,0.204999999999986));
#16713=CARTESIAN_POINT('Origin',(5.98,-3.2,0.524999999999982));
#16714=CARTESIAN_POINT('',(6.03,-3.4,0.744999999999982));
#16715=CARTESIAN_POINT('',(5.93,-3.,0.844999999999982));
#16716=CARTESIAN_POINT('',(5.98611111111111,-3.22444444444445,0.788888888888871));
#16717=CARTESIAN_POINT('',(5.93,-3.,0.204999999999982));
#16718=CARTESIAN_POINT('',(5.93,-3.,0.524999999999982));
#16719=CARTESIAN_POINT('',(6.03,-3.4,0.304999999999982));
#16720=CARTESIAN_POINT('',(5.98611111111111,-3.22444444444445,0.261111111111093));
#16721=CARTESIAN_POINT('',(6.03,-3.4,0.524999999999982));
#16722=CARTESIAN_POINT('Origin',(5.93,-3.4,0.204999999999982));
#16723=CARTESIAN_POINT('',(6.47,-3.4,0.304999999999982));
#16724=CARTESIAN_POINT('',(5.93,-3.4,0.304999999999982));
#16725=CARTESIAN_POINT('',(6.47,-3.4,0.744999999999982));
#16726=CARTESIAN_POINT('',(6.47,-3.4,0.524999999999982));
#16727=CARTESIAN_POINT('',(5.93,-3.4,0.744999999999982));
#16728=CARTESIAN_POINT('Origin',(5.93,-3.2,0.254999999999982));
#16729=CARTESIAN_POINT('',(6.57,-3.,0.204999999999982));
#16730=CARTESIAN_POINT('',(5.93,-3.,0.204999999999982));
#16731=CARTESIAN_POINT('',(6.49611111111111,-3.29555555555556,0.278888888888871));
#16732=CARTESIAN_POINT('Origin',(6.52,-3.2,0.524999999999982));
#16733=CARTESIAN_POINT('',(6.57,-3.,0.844999999999982));
#16734=CARTESIAN_POINT('',(6.57,-3.,0.524999999999982));
#16735=CARTESIAN_POINT('',(6.49611111111111,-3.29555555555556,0.771111111111093));
#16736=CARTESIAN_POINT('Origin',(5.93,-3.2,0.794999999999982));
#16737=CARTESIAN_POINT('',(5.93,-3.,0.844999999999982));
#16738=CARTESIAN_POINT('Origin',(5.93,7.70509667991878,0.844999999999982));
#16739=CARTESIAN_POINT('',(5.93,6.4,0.844999999999982));
#16740=CARTESIAN_POINT('',(5.93,7.70509667991878,0.844999999999982));
#16741=CARTESIAN_POINT('',(5.93,6.4,0.204999999999982));
#16742=CARTESIAN_POINT('',(5.93,6.4,0.684999999999983));
#16743=CARTESIAN_POINT('',(5.93,7.70509667991878,0.204999999999982));
#16744=CARTESIAN_POINT('Origin',(5.93,7.70509667991878,0.844999999999982));
#16745=CARTESIAN_POINT('',(6.57,6.4,0.844999999999982));
#16746=CARTESIAN_POINT('',(6.57,7.70509667991878,0.844999999999982));
#16747=CARTESIAN_POINT('',(9.215,6.4,0.844999999999982));
#16748=CARTESIAN_POINT('Origin',(9.215,6.6,0.254999999999982));
#16749=CARTESIAN_POINT('',(6.47,6.8,0.304999999999982));
#16750=CARTESIAN_POINT('',(6.57,6.4,0.204999999999982));
#16751=CARTESIAN_POINT('',(6.58291666666666,6.34833333333333,0.192083333333316));
#16752=CARTESIAN_POINT('',(9.215,6.4,0.204999999999982));
#16753=CARTESIAN_POINT('',(6.03,6.8,0.304999999999982));
#16754=CARTESIAN_POINT('',(6.08180555555555,7.00722222222222,0.356805555555538));
#16755=CARTESIAN_POINT('',(9.215,6.8,0.304999999999982));
#16756=CARTESIAN_POINT('Origin',(12.5,6.8,0.524999999999983));
#16757=CARTESIAN_POINT('',(6.03,6.8,0.744999999999982));
#16758=CARTESIAN_POINT('',(6.03,6.8,0.684999999999983));
#16759=CARTESIAN_POINT('',(6.47,6.8,0.744999999999982));
#16760=CARTESIAN_POINT('',(9.215,6.8,0.744999999999982));
#16761=CARTESIAN_POINT('',(6.47,6.8,0.684999999999987));
#16762=CARTESIAN_POINT('Origin',(5.98,6.6,0.684999999999983));
#16763=CARTESIAN_POINT('',(6.07291666666666,6.97166666666667,0.702083333333316));
#16764=CARTESIAN_POINT('Origin',(9.215,6.6,0.794999999999982));
#16765=CARTESIAN_POINT('',(6.59180555555555,6.31277777777778,0.866805555555538));
#16766=CARTESIAN_POINT('Origin',(6.52,6.6,0.684999999999987));
#16767=CARTESIAN_POINT('',(6.57,6.4,0.684999999999987));
#16768=CARTESIAN_POINT('Origin',(6.57,7.70509667991878,0.844999999999982));
#16769=CARTESIAN_POINT('',(6.57,7.70509667991878,0.204999999999982));
#16770=CARTESIAN_POINT('Origin',(5.93,7.70509667991878,0.204999999999982));
#16771=CARTESIAN_POINT('',(0.,0.,0.));
#16772=CARTESIAN_POINT('Ctrl Pts',(-10.177294810058,1.685106012347,0.003));
#16773=CARTESIAN_POINT('Ctrl Pts',(-10.177294810058,1.685106012347,-0.0006));
#16774=CARTESIAN_POINT('Ctrl Pts',(-10.216032843947,1.695520040569,0.003));
#16775=CARTESIAN_POINT('Ctrl Pts',(-10.216032843947,1.695520040569,-0.0006));
#16776=CARTESIAN_POINT('Ctrl Pts',(-10.255580150058,1.726720878458,0.003));
#16777=CARTESIAN_POINT('Ctrl Pts',(-10.255580150058,1.726720878458,-0.0006));
#16778=CARTESIAN_POINT('Ctrl Pts',(-10.273572098947,1.761060126236,0.003));
#16779=CARTESIAN_POINT('Ctrl Pts',(-10.273572098947,1.761060126236,-0.0006));
#16780=CARTESIAN_POINT('',(-10.17729233003,1.685105659922,0.));
#16781=CARTESIAN_POINT('',(-10.17729233003,1.685105659922,0.003));
#16782=CARTESIAN_POINT('',(-10.177289850002,1.685105307497,0.));
#16783=CARTESIAN_POINT('',(-10.273572098947,1.761060126236,0.003));
#16784=CARTESIAN_POINT('Ctrl Pts',(-10.177294810058,1.685106012347,0.003));
#16785=CARTESIAN_POINT('Ctrl Pts',(-10.216032843947,1.695520040569,0.003));
#16786=CARTESIAN_POINT('Ctrl Pts',(-10.255580150058,1.726720878458,0.003));
#16787=CARTESIAN_POINT('Ctrl Pts',(-10.273572098947,1.761060126236,0.003));
#16788=CARTESIAN_POINT('',(-10.273572098947,1.761060126236,0.));
#16789=CARTESIAN_POINT('',(-10.273572098947,1.761060126236,0.));
#16790=CARTESIAN_POINT('Ctrl Pts',(-10.177294810058,1.685106012347,-5.42101086242752E-19));
#16791=CARTESIAN_POINT('Ctrl Pts',(-10.216032843947,1.695520040569,-5.42101086242752E-19));
#16792=CARTESIAN_POINT('Ctrl Pts',(-10.255580150058,1.726720878458,-5.42101086242752E-19));
#16793=CARTESIAN_POINT('Ctrl Pts',(-10.273572098947,1.761060126236,-5.42101086242752E-19));
#16794=CARTESIAN_POINT('Ctrl Pts',(-10.273572098947,1.761060126236,0.003));
#16795=CARTESIAN_POINT('Ctrl Pts',(-10.273572098947,1.761060126236,-0.0006));
#16796=CARTESIAN_POINT('Ctrl Pts',(-10.284118482336,1.781190120125,0.003));
#16797=CARTESIAN_POINT('Ctrl Pts',(-10.284118482336,1.781190120125,-0.0006));
#16798=CARTESIAN_POINT('Ctrl Pts',(-10.292346692391,1.81269952568,0.003));
#16799=CARTESIAN_POINT('Ctrl Pts',(-10.292346692391,1.81269952568,-0.0006));
#16800=CARTESIAN_POINT('Ctrl Pts',(-10.292346692391,1.832957436791,0.003));
#16801=CARTESIAN_POINT('Ctrl Pts',(-10.292346692391,1.832957436791,-0.0006));
#16802=CARTESIAN_POINT('',(-10.292346692391,1.832957436791,0.003));
#16803=CARTESIAN_POINT('Ctrl Pts',(-10.273572098947,1.761060126236,0.003));
#16804=CARTESIAN_POINT('Ctrl Pts',(-10.284118482336,1.781190120125,0.003));
#16805=CARTESIAN_POINT('Ctrl Pts',(-10.292346692391,1.81269952568,0.003));
#16806=CARTESIAN_POINT('Ctrl Pts',(-10.292346692391,1.832957436791,0.003));
#16807=CARTESIAN_POINT('',(-10.292346692391,1.832957436791,0.));
#16808=CARTESIAN_POINT('',(-10.292346692391,1.832957436791,0.));
#16809=CARTESIAN_POINT('Ctrl Pts',(-10.273572098947,1.761060126236,-5.42101086242752E-19));
#16810=CARTESIAN_POINT('Ctrl Pts',(-10.284118482336,1.781190120125,-5.42101086242752E-19));
#16811=CARTESIAN_POINT('Ctrl Pts',(-10.292346692391,1.81269952568,-5.42101086242752E-19));
#16812=CARTESIAN_POINT('Ctrl Pts',(-10.292346692391,1.832957436791,-5.42101086242752E-19));
#16813=CARTESIAN_POINT('Ctrl Pts',(-10.292346692391,1.832957436791,0.003));
#16814=CARTESIAN_POINT('Ctrl Pts',(-10.292346692391,1.832957436791,-0.0006));
#16815=CARTESIAN_POINT('Ctrl Pts',(-10.292346692391,1.844534206458,0.003));
#16816=CARTESIAN_POINT('Ctrl Pts',(-10.292346692391,1.844534206458,-0.0006));
#16817=CARTESIAN_POINT('Ctrl Pts',(-10.247873267947,2.081218659569,0.003));
#16818=CARTESIAN_POINT('Ctrl Pts',(-10.247873267947,2.081218659569,-0.0006));
#16819=CARTESIAN_POINT('Ctrl Pts',(-10.236170147391,2.131918259013,0.003));
#16820=CARTESIAN_POINT('Ctrl Pts',(-10.236170147391,2.131918259013,-0.0006));
#16821=CARTESIAN_POINT('',(-10.236170147391,2.131918259013,0.003));
#16822=CARTESIAN_POINT('Ctrl Pts',(-10.292346692391,1.832957436791,0.003));
#16823=CARTESIAN_POINT('Ctrl Pts',(-10.292346692391,1.844534206458,0.003));
#16824=CARTESIAN_POINT('Ctrl Pts',(-10.247873267947,2.081218659569,0.003));
#16825=CARTESIAN_POINT('Ctrl Pts',(-10.236170147391,2.131918259013,0.003));
#16826=CARTESIAN_POINT('',(-10.236170147391,2.131918259013,0.));
#16827=CARTESIAN_POINT('',(-10.236170147391,2.131918259013,0.));
#16828=CARTESIAN_POINT('Ctrl Pts',(-10.292346692391,1.832957436791,0.));
#16829=CARTESIAN_POINT('Ctrl Pts',(-10.292346692391,1.844534206458,0.));
#16830=CARTESIAN_POINT('Ctrl Pts',(-10.247873267947,2.081218659569,0.));
#16831=CARTESIAN_POINT('Ctrl Pts',(-10.236170147391,2.131918259013,0.));
#16832=CARTESIAN_POINT('Origin',(-10.235492316641,2.134855134013,0.003));
#16833=CARTESIAN_POINT('',(-10.234814485891,2.137792009013,0.003));
#16834=CARTESIAN_POINT('',(-10.236170147391,2.131918259013,0.003));
#16835=CARTESIAN_POINT('',(-10.234814485891,2.137792009013,0.));
#16836=CARTESIAN_POINT('',(-10.234814485891,2.137792009013,0.));
#16837=CARTESIAN_POINT('',(-10.236170147391,2.131918259013,0.));
#16838=CARTESIAN_POINT('Origin',(-10.132940165891,2.137792009013,0.003));
#16839=CARTESIAN_POINT('',(-10.031065845891,2.137792009013,0.003));
#16840=CARTESIAN_POINT('',(-10.234814485891,2.137792009013,0.003));
#16841=CARTESIAN_POINT('',(-10.031065845891,2.137792009013,0.));
#16842=CARTESIAN_POINT('',(-10.031065845891,2.137792009013,0.));
#16843=CARTESIAN_POINT('',(-10.234814485891,2.137792009013,0.));
#16844=CARTESIAN_POINT('Ctrl Pts',(-10.031065845891,2.137792009013,0.003));
#16845=CARTESIAN_POINT('Ctrl Pts',(-10.031065845891,2.137792009013,-0.0006));
#16846=CARTESIAN_POINT('Ctrl Pts',(-9.838242380891,2.137792009013,0.003));
#16847=CARTESIAN_POINT('Ctrl Pts',(-9.838242380891,2.137792009013,-0.0006));
#16848=CARTESIAN_POINT('Ctrl Pts',(-9.827387690891,2.137547138902,0.003));
#16849=CARTESIAN_POINT('Ctrl Pts',(-9.827387690891,2.137547138902,-0.0006));
#16850=CARTESIAN_POINT('Ctrl Pts',(-9.828669473669,2.133223536791,0.003));
#16851=CARTESIAN_POINT('Ctrl Pts',(-9.828669473669,2.133223536791,-0.0006));
#16852=CARTESIAN_POINT('',(-9.828669473669,2.133223536791,0.003));
#16853=CARTESIAN_POINT('Ctrl Pts',(-10.031065845891,2.137792009013,0.003));
#16854=CARTESIAN_POINT('Ctrl Pts',(-9.838242380891,2.137792009013,0.003));
#16855=CARTESIAN_POINT('Ctrl Pts',(-9.827387690891,2.137547138902,0.003));
#16856=CARTESIAN_POINT('Ctrl Pts',(-9.828669473669,2.133223536791,0.003));
#16857=CARTESIAN_POINT('',(-9.828669473669,2.133223536791,0.));
#16858=CARTESIAN_POINT('',(-9.828669473669,2.133223536791,0.));
#16859=CARTESIAN_POINT('Ctrl Pts',(-10.031065845891,2.137792009013,0.));
#16860=CARTESIAN_POINT('Ctrl Pts',(-9.838242380891,2.137792009013,0.));
#16861=CARTESIAN_POINT('Ctrl Pts',(-9.827387690891,2.137547138902,0.));
#16862=CARTESIAN_POINT('Ctrl Pts',(-9.828669473669,2.133223536791,0.));
#16863=CARTESIAN_POINT('Ctrl Pts',(-9.828669473669,2.133223536791,0.003));
#16864=CARTESIAN_POINT('Ctrl Pts',(-9.828669473669,2.133223536791,-0.0006));
#16865=CARTESIAN_POINT('Ctrl Pts',(-9.82941431738,2.130710877069,0.003));
#16866=CARTESIAN_POINT('Ctrl Pts',(-9.82941431738,2.130710877069,-0.0006));
#16867=CARTESIAN_POINT('Ctrl Pts',(-9.838985345002,2.083427189569,0.003));
#16868=CARTESIAN_POINT('Ctrl Pts',(-9.838985345002,2.083427189569,-0.0006));
#16869=CARTESIAN_POINT('Ctrl Pts',(-9.849938191891,2.02814867568,0.003));
#16870=CARTESIAN_POINT('Ctrl Pts',(-9.849938191891,2.02814867568,-0.0006));
#16871=CARTESIAN_POINT('',(-9.849938191891,2.02814867568,0.003));
#16872=CARTESIAN_POINT('Ctrl Pts',(-9.828669473669,2.133223536791,0.003));
#16873=CARTESIAN_POINT('Ctrl Pts',(-9.82941431738,2.130710877069,0.003));
#16874=CARTESIAN_POINT('Ctrl Pts',(-9.838985345002,2.083427189569,0.003));
#16875=CARTESIAN_POINT('Ctrl Pts',(-9.849938191891,2.02814867568,0.003));
#16876=CARTESIAN_POINT('',(-9.849938191891,2.02814867568,0.));
#16877=CARTESIAN_POINT('',(-9.849938191891,2.02814867568,0.));
#16878=CARTESIAN_POINT('Ctrl Pts',(-9.828669473669,2.133223536791,0.));
#16879=CARTESIAN_POINT('Ctrl Pts',(-9.82941431738,2.130710877069,0.));
#16880=CARTESIAN_POINT('Ctrl Pts',(-9.838985345002,2.083427189569,0.));
#16881=CARTESIAN_POINT('Ctrl Pts',(-9.849938191891,2.02814867568,0.));
#16882=CARTESIAN_POINT('Ctrl Pts',(-9.849938191891,2.02814867568,0.003));
#16883=CARTESIAN_POINT('Ctrl Pts',(-9.849938191891,2.02814867568,-0.0006));
#16884=CARTESIAN_POINT('Ctrl Pts',(-9.870905652002,1.92232719568,0.003));
#16885=CARTESIAN_POINT('Ctrl Pts',(-9.870905652002,1.92232719568,-0.0006));
#16886=CARTESIAN_POINT('Ctrl Pts',(-9.87197832928,1.91102610068,0.003));
#16887=CARTESIAN_POINT('Ctrl Pts',(-9.87197832928,1.91102610068,-0.0006));
#16888=CARTESIAN_POINT('Ctrl Pts',(-9.862292385002,1.897975933458,0.003));
#16889=CARTESIAN_POINT('Ctrl Pts',(-9.862292385002,1.897975933458,-0.0006));
#16890=CARTESIAN_POINT('',(-9.862292385002,1.897975933458,0.003));
#16891=CARTESIAN_POINT('Ctrl Pts',(-9.849938191891,2.02814867568,0.003));
#16892=CARTESIAN_POINT('Ctrl Pts',(-9.870905652002,1.92232719568,0.003));
#16893=CARTESIAN_POINT('Ctrl Pts',(-9.87197832928,1.91102610068,0.003));
#16894=CARTESIAN_POINT('Ctrl Pts',(-9.862292385002,1.897975933458,0.003));
#16895=CARTESIAN_POINT('',(-9.862292385002,1.897975933458,0.));
#16896=CARTESIAN_POINT('',(-9.862292385002,1.897975933458,0.));
#16897=CARTESIAN_POINT('Ctrl Pts',(-9.849938191891,2.02814867568,0.));
#16898=CARTESIAN_POINT('Ctrl Pts',(-9.870905652002,1.92232719568,0.));
#16899=CARTESIAN_POINT('Ctrl Pts',(-9.87197832928,1.91102610068,0.));
#16900=CARTESIAN_POINT('Ctrl Pts',(-9.862292385002,1.897975933458,0.));
#16901=CARTESIAN_POINT('Ctrl Pts',(-9.862292385002,1.897975933458,0.003));
#16902=CARTESIAN_POINT('Ctrl Pts',(-9.862292385002,1.897975933458,-0.0006));
#16903=CARTESIAN_POINT('Ctrl Pts',(-9.853850892558,1.88660304818,0.003));
#16904=CARTESIAN_POINT('Ctrl Pts',(-9.853850892558,1.88660304818,-0.0006));
#16905=CARTESIAN_POINT('Ctrl Pts',(-9.846618870502,1.884133984736,0.003));
#16906=CARTESIAN_POINT('Ctrl Pts',(-9.846618870502,1.884133984736,-0.0006));
#16907=CARTESIAN_POINT('Ctrl Pts',(-9.826613922224,1.885794559125,0.003));
#16908=CARTESIAN_POINT('Ctrl Pts',(-9.826613922224,1.885794559125,-0.0006));
#16909=CARTESIAN_POINT('',(-9.826613922224,1.885794559125,0.003));
#16910=CARTESIAN_POINT('Ctrl Pts',(-9.862292385002,1.897975933458,0.003));
#16911=CARTESIAN_POINT('Ctrl Pts',(-9.853850892558,1.88660304818,0.003));
#16912=CARTESIAN_POINT('Ctrl Pts',(-9.846618870502,1.884133984736,0.003));
#16913=CARTESIAN_POINT('Ctrl Pts',(-9.826613922224,1.885794559125,0.003));
#16914=CARTESIAN_POINT('',(-9.826613922224,1.885794559125,0.));
#16915=CARTESIAN_POINT('',(-9.826613922224,1.885794559125,0.));
#16916=CARTESIAN_POINT('Ctrl Pts',(-9.862292385002,1.897975933458,0.));
#16917=CARTESIAN_POINT('Ctrl Pts',(-9.853850892558,1.88660304818,0.));
#16918=CARTESIAN_POINT('Ctrl Pts',(-9.846618870502,1.884133984736,0.));
#16919=CARTESIAN_POINT('Ctrl Pts',(-9.826613922224,1.885794559125,0.));
#16920=CARTESIAN_POINT('Ctrl Pts',(-9.826613922224,1.885794559125,0.003));
#16921=CARTESIAN_POINT('Ctrl Pts',(-9.826613922224,1.885794559125,-0.0006));
#16922=CARTESIAN_POINT('Ctrl Pts',(-9.796537711669,1.888290955086,0.003));
#16923=CARTESIAN_POINT('Ctrl Pts',(-9.796537711669,1.888290955086,-0.0006));
#16924=CARTESIAN_POINT('Ctrl Pts',(-9.778339528891,1.899791313791,0.003));
#16925=CARTESIAN_POINT('Ctrl Pts',(-9.778339528891,1.899791313791,-0.0006));
#16926=CARTESIAN_POINT('Ctrl Pts',(-9.76865436778,1.922420653569,0.003));
#16927=CARTESIAN_POINT('Ctrl Pts',(-9.76865436778,1.922420653569,-0.0006));
#16928=CARTESIAN_POINT('',(-9.76865436778,1.922420653569,0.003));
#16929=CARTESIAN_POINT('Ctrl Pts',(-9.826613922224,1.885794559125,0.003));
#16930=CARTESIAN_POINT('Ctrl Pts',(-9.796537711669,1.888290955086,0.003));
#16931=CARTESIAN_POINT('Ctrl Pts',(-9.778339528891,1.899791313791,0.003));
#16932=CARTESIAN_POINT('Ctrl Pts',(-9.76865436778,1.922420653569,0.003));
#16933=CARTESIAN_POINT('',(-9.76865436778,1.922420653569,0.));
#16934=CARTESIAN_POINT('',(-9.76865436778,1.922420653569,0.));
#16935=CARTESIAN_POINT('Ctrl Pts',(-9.826613922224,1.885794559125,0.));
#16936=CARTESIAN_POINT('Ctrl Pts',(-9.796537711669,1.888290955086,0.));
#16937=CARTESIAN_POINT('Ctrl Pts',(-9.778339528891,1.899791313791,0.));
#16938=CARTESIAN_POINT('Ctrl Pts',(-9.76865436778,1.922420653569,0.));
#16939=CARTESIAN_POINT('Ctrl Pts',(-9.76865436778,1.922420653569,0.003));
#16940=CARTESIAN_POINT('Ctrl Pts',(-9.76865436778,1.922420653569,-0.0006));
#16941=CARTESIAN_POINT('Ctrl Pts',(-9.766196451408,1.928163875791,0.003));
#16942=CARTESIAN_POINT('Ctrl Pts',(-9.766196451408,1.928163875791,-0.0006));
#16943=CARTESIAN_POINT('Ctrl Pts',(-9.715265896113,2.17721087579122,0.003));
#16944=CARTESIAN_POINT('Ctrl Pts',(-9.715265896113,2.17721087579122,-0.0006));
#16945=CARTESIAN_POINT('Ctrl Pts',(-9.655473731669,2.475858431347,0.003));
#16946=CARTESIAN_POINT('Ctrl Pts',(-9.655473731669,2.475858431347,-0.0006));
#16947=CARTESIAN_POINT('',(-9.655473731669,2.475858431347,0.003));
#16948=CARTESIAN_POINT('Ctrl Pts',(-9.76865436778,1.922420653569,0.003));
#16949=CARTESIAN_POINT('Ctrl Pts',(-9.766196451408,1.928163875791,0.003));
#16950=CARTESIAN_POINT('Ctrl Pts',(-9.715265896113,2.17721087579122,0.003));
#16951=CARTESIAN_POINT('Ctrl Pts',(-9.655473731669,2.475858431347,0.003));
#16952=CARTESIAN_POINT('',(-9.655473731669,2.475858431347,0.));
#16953=CARTESIAN_POINT('',(-9.655473731669,2.475858431347,0.));
#16954=CARTESIAN_POINT('Ctrl Pts',(-9.76865436778,1.922420653569,0.));
#16955=CARTESIAN_POINT('Ctrl Pts',(-9.766196451408,1.928163875791,0.));
#16956=CARTESIAN_POINT('Ctrl Pts',(-9.715265896113,2.17721087579122,0.));
#16957=CARTESIAN_POINT('Ctrl Pts',(-9.655473731669,2.475858431347,0.));
#16958=CARTESIAN_POINT('Origin',(-9.601118049169,2.7473562091245,0.003));
#16959=CARTESIAN_POINT('',(-9.546762366669,3.018853986902,0.003));
#16960=CARTESIAN_POINT('',(-9.655473731669,2.475858431347,0.003));
#16961=CARTESIAN_POINT('',(-9.546762366669,3.018853986902,0.));
#16962=CARTESIAN_POINT('',(-9.546762366669,3.018853986902,0.));
#16963=CARTESIAN_POINT('',(-9.655473731669,2.475858431347,0.));
#16964=CARTESIAN_POINT('Origin',(-9.445344893891,3.0191883076995,0.003));
#16965=CARTESIAN_POINT('',(-9.343927421113,3.019522628497,0.003));
#16966=CARTESIAN_POINT('',(-9.546762366669,3.018853986902,0.003));
#16967=CARTESIAN_POINT('',(-9.343927421113,3.019522628497,0.));
#16968=CARTESIAN_POINT('',(-9.343927421113,3.019522628497,0.));
#16969=CARTESIAN_POINT('',(-9.546762366669,3.018853986902,0.));
#16970=CARTESIAN_POINT('Ctrl Pts',(-9.343927421113,3.019522628497,0.003));
#16971=CARTESIAN_POINT('Ctrl Pts',(-9.343927421113,3.019522628497,-0.0006));
#16972=CARTESIAN_POINT('Ctrl Pts',(-9.182516771113,3.020054738036,0.003));
#16973=CARTESIAN_POINT('Ctrl Pts',(-9.182516771113,3.020054738036,-0.0006));
#16974=CARTESIAN_POINT('Ctrl Pts',(-9.141092475558,3.019521584275,0.003));
#16975=CARTESIAN_POINT('Ctrl Pts',(-9.141092475558,3.019521584275,-0.0006));
#16976=CARTESIAN_POINT('Ctrl Pts',(-9.141092475558,3.016912072941,0.003));
#16977=CARTESIAN_POINT('Ctrl Pts',(-9.141092475558,3.016912072941,-0.0006));
#16978=CARTESIAN_POINT('',(-9.141092475558,3.016912072941,0.003));
#16979=CARTESIAN_POINT('Ctrl Pts',(-9.343927421113,3.019522628497,0.003));
#16980=CARTESIAN_POINT('Ctrl Pts',(-9.182516771113,3.020054738036,0.003));
#16981=CARTESIAN_POINT('Ctrl Pts',(-9.141092475558,3.019521584275,0.003));
#16982=CARTESIAN_POINT('Ctrl Pts',(-9.141092475558,3.016912072941,0.003));
#16983=CARTESIAN_POINT('',(-9.141092475558,3.016912072941,0.));
#16984=CARTESIAN_POINT('',(-9.141092475558,3.016912072941,0.));
#16985=CARTESIAN_POINT('Ctrl Pts',(-9.343927421113,3.019522628497,0.));
#16986=CARTESIAN_POINT('Ctrl Pts',(-9.182516771113,3.020054738036,0.));
#16987=CARTESIAN_POINT('Ctrl Pts',(-9.141092475558,3.019521584275,0.));
#16988=CARTESIAN_POINT('Ctrl Pts',(-9.141092475558,3.016912072941,0.));
#16989=CARTESIAN_POINT('Ctrl Pts',(-9.141092475558,3.016912072941,0.003));
#16990=CARTESIAN_POINT('Ctrl Pts',(-9.141092475558,3.016912072941,-0.0006));
#16991=CARTESIAN_POINT('Ctrl Pts',(-9.141089865002,3.004859398997,0.003));
#16992=CARTESIAN_POINT('Ctrl Pts',(-9.141089865002,3.004859398997,-0.0006));
#16993=CARTESIAN_POINT('Ctrl Pts',(-9.372460793336,1.859443950719,0.003));
#16994=CARTESIAN_POINT('Ctrl Pts',(-9.372460793336,1.859443950719,-0.0006));
#16995=CARTESIAN_POINT('Ctrl Pts',(-9.37772106278,1.845477478497,0.003));
#16996=CARTESIAN_POINT('Ctrl Pts',(-9.37772106278,1.845477478497,-0.0006));
#16997=CARTESIAN_POINT('',(-9.37772106278,1.845477478497,0.003));
#16998=CARTESIAN_POINT('Ctrl Pts',(-9.141092475558,3.016912072941,0.003));
#16999=CARTESIAN_POINT('Ctrl Pts',(-9.141089865002,3.004859398997,0.003));
#17000=CARTESIAN_POINT('Ctrl Pts',(-9.372460793336,1.859443950719,0.003));
#17001=CARTESIAN_POINT('Ctrl Pts',(-9.37772106278,1.845477478497,0.003));
#17002=CARTESIAN_POINT('',(-9.37772106278,1.845477478497,0.));
#17003=CARTESIAN_POINT('',(-9.37772106278,1.845477478497,0.));
#17004=CARTESIAN_POINT('Ctrl Pts',(-9.141092475558,3.016912072941,0.));
#17005=CARTESIAN_POINT('Ctrl Pts',(-9.141089865002,3.004859398997,0.));
#17006=CARTESIAN_POINT('Ctrl Pts',(-9.372460793336,1.859443950719,0.));
#17007=CARTESIAN_POINT('Ctrl Pts',(-9.37772106278,1.845477478497,0.));
#17008=CARTESIAN_POINT('Ctrl Pts',(-9.37772106278,1.845477478497,0.003));
#17009=CARTESIAN_POINT('Ctrl Pts',(-9.37772106278,1.845477478497,-0.0006));
#17010=CARTESIAN_POINT('Ctrl Pts',(-9.40795912778,1.76514024183,0.003));
#17011=CARTESIAN_POINT('Ctrl Pts',(-9.40795912778,1.76514024183,-0.0006));
#17012=CARTESIAN_POINT('Ctrl Pts',(-9.494193609447,1.703763470163,0.003));
#17013=CARTESIAN_POINT('Ctrl Pts',(-9.494193609447,1.703763470163,-0.0006));
#17014=CARTESIAN_POINT('Ctrl Pts',(-9.60296762778,1.685160651275,0.003));
#17015=CARTESIAN_POINT('Ctrl Pts',(-9.60296762778,1.685160651275,-0.0006));
#17016=CARTESIAN_POINT('',(-9.60296762778,1.685160651275,0.003));
#17017=CARTESIAN_POINT('Ctrl Pts',(-9.37772106278,1.845477478497,0.003));
#17018=CARTESIAN_POINT('Ctrl Pts',(-9.40795912778,1.76514024183,0.003));
#17019=CARTESIAN_POINT('Ctrl Pts',(-9.494193609447,1.703763470163,0.003));
#17020=CARTESIAN_POINT('Ctrl Pts',(-9.60296762778,1.685160651275,0.003));
#17021=CARTESIAN_POINT('',(-9.60296762778,1.685160651275,0.));
#17022=CARTESIAN_POINT('',(-9.60296762778,1.685160651275,0.));
#17023=CARTESIAN_POINT('Ctrl Pts',(-9.37772106278,1.845477478497,-5.42101086242752E-19));
#17024=CARTESIAN_POINT('Ctrl Pts',(-9.40795912778,1.76514024183,-5.42101086242752E-19));
#17025=CARTESIAN_POINT('Ctrl Pts',(-9.494193609447,1.703763470163,-5.42101086242752E-19));
#17026=CARTESIAN_POINT('Ctrl Pts',(-9.60296762778,1.685160651275,-5.42101086242752E-19));
#17027=CARTESIAN_POINT('Ctrl Pts',(-9.60296762778,1.685160651275,0.003));
#17028=CARTESIAN_POINT('Ctrl Pts',(-9.60296762778,1.685160651275,-0.0006));
#17029=CARTESIAN_POINT('Ctrl Pts',(-9.624555878002,1.681468281497,0.003));
#17030=CARTESIAN_POINT('Ctrl Pts',(-9.624555878002,1.681468281497,-0.0006));
#17031=CARTESIAN_POINT('Ctrl Pts',(-9.660431176669,1.680972798052,0.003));
#17032=CARTESIAN_POINT('Ctrl Pts',(-9.660431176669,1.680972798052,-0.0006));
#17033=CARTESIAN_POINT('Ctrl Pts',(-9.895349850002,1.681123688163,0.003));
#17034=CARTESIAN_POINT('Ctrl Pts',(-9.895349850002,1.681123688163,-0.0006));
#17035=CARTESIAN_POINT('',(-9.895349850002,1.681123688163,0.003));
#17036=CARTESIAN_POINT('Ctrl Pts',(-9.60296762778,1.685160651275,0.003));
#17037=CARTESIAN_POINT('Ctrl Pts',(-9.624555878002,1.681468281497,0.003));
#17038=CARTESIAN_POINT('Ctrl Pts',(-9.660431176669,1.680972798052,0.003));
#17039=CARTESIAN_POINT('Ctrl Pts',(-9.895349850002,1.681123688163,0.003));
#17040=CARTESIAN_POINT('',(-9.895349850002,1.681123688163,0.));
#17041=CARTESIAN_POINT('',(-9.895349850002,1.681123688163,0.));
#17042=CARTESIAN_POINT('Ctrl Pts',(-9.60296762778,1.685160651275,0.));
#17043=CARTESIAN_POINT('Ctrl Pts',(-9.624555878002,1.681468281497,0.));
#17044=CARTESIAN_POINT('Ctrl Pts',(-9.660431176669,1.680972798052,0.));
#17045=CARTESIAN_POINT('Ctrl Pts',(-9.895349850002,1.681123688163,0.));
#17046=CARTESIAN_POINT('Ctrl Pts',(-9.895349850002,1.681123688163,0.003));
#17047=CARTESIAN_POINT('Ctrl Pts',(-9.895349850002,1.681123688163,-0.0006));
#17048=CARTESIAN_POINT('Ctrl Pts',(-10.121450066669,1.681268835052,0.003));
#17049=CARTESIAN_POINT('Ctrl Pts',(-10.121450066669,1.681268835052,-0.0006));
#17050=CARTESIAN_POINT('Ctrl Pts',(-10.165333505558,1.681888398202,0.003));
#17051=CARTESIAN_POINT('Ctrl Pts',(-10.165333505558,1.681888398202,-0.0006));
#17052=CARTESIAN_POINT('Ctrl Pts',(-10.177289850002,1.685105307497,0.003));
#17053=CARTESIAN_POINT('Ctrl Pts',(-10.177289850002,1.685105307497,-0.0006));
#17054=CARTESIAN_POINT('Ctrl Pts',(-9.895349850002,1.681123688163,0.003));
#17055=CARTESIAN_POINT('Ctrl Pts',(-10.121450066669,1.681268835052,0.003));
#17056=CARTESIAN_POINT('Ctrl Pts',(-10.165333505558,1.681888398202,0.003));
#17057=CARTESIAN_POINT('Ctrl Pts',(-10.177289850002,1.685105307497,0.003));
#17058=CARTESIAN_POINT('Ctrl Pts',(-9.895349850002,1.681123688163,0.));
#17059=CARTESIAN_POINT('Ctrl Pts',(-10.121450066669,1.681268835052,0.));
#17060=CARTESIAN_POINT('Ctrl Pts',(-10.165333505558,1.681888398202,0.));
#17061=CARTESIAN_POINT('Ctrl Pts',(-10.177289850002,1.685105307497,0.));
#17062=CARTESIAN_POINT('Origin',(-9.7167182786965,1.680972798052,0.));
#17063=CARTESIAN_POINT('Origin',(-9.7167182786965,1.680972798052,0.003));
#17064=CARTESIAN_POINT('Ctrl Pts',(-9.167192548947,1.684887508847,0.003));
#17065=CARTESIAN_POINT('Ctrl Pts',(-9.167192548947,1.684887508847,-0.0006));
#17066=CARTESIAN_POINT('Ctrl Pts',(-9.21180172228,1.695761255902,0.003));
#17067=CARTESIAN_POINT('Ctrl Pts',(-9.21180172228,1.695761255902,-0.0006));
#17068=CARTESIAN_POINT('Ctrl Pts',(-9.247318330613,1.723615100513,0.003));
#17069=CARTESIAN_POINT('Ctrl Pts',(-9.247318330613,1.723615100513,-0.0006));
#17070=CARTESIAN_POINT('Ctrl Pts',(-9.267176826724,1.763295544958,0.003));
#17071=CARTESIAN_POINT('Ctrl Pts',(-9.267176826724,1.763295544958,-0.0006));
#17072=CARTESIAN_POINT('',(-9.16719332472872,1.68488661344278,0.));
#17073=CARTESIAN_POINT('',(-9.16721798824485,1.68489211783986,0.003));
#17074=CARTESIAN_POINT('',(-9.167218419552,1.684890615408,0.));
#17075=CARTESIAN_POINT('',(-9.267176826724,1.763295544958,0.003));
#17076=CARTESIAN_POINT('Origin',(-9.08141050035684,1.88213932293013,0.003));
#17077=CARTESIAN_POINT('',(-9.267176826724,1.763295544958,0.));
#17078=CARTESIAN_POINT('',(-9.267176826724,1.763295544958,0.));
#17079=CARTESIAN_POINT('Origin',(-9.08141050035684,1.88213932293013,0.));
#17080=CARTESIAN_POINT('Ctrl Pts',(-9.267176826724,1.763295544958,0.003));
#17081=CARTESIAN_POINT('Ctrl Pts',(-9.267176826724,1.763295544958,-0.0006));
#17082=CARTESIAN_POINT('Ctrl Pts',(-9.278450249836,1.785823073069,0.003));
#17083=CARTESIAN_POINT('Ctrl Pts',(-9.278450249836,1.785823073069,-0.0006));
#17084=CARTESIAN_POINT('Ctrl Pts',(-9.282918998836,1.805513449402,0.003));
#17085=CARTESIAN_POINT('Ctrl Pts',(-9.282918998836,1.805513449402,-0.0006));
#17086=CARTESIAN_POINT('Ctrl Pts',(-9.283148727724,1.833668291069,0.003));
#17087=CARTESIAN_POINT('Ctrl Pts',(-9.283148727724,1.833668291069,-0.0006));
#17088=CARTESIAN_POINT('',(-9.283148727724,1.833668291069,0.003));
#17089=CARTESIAN_POINT('Ctrl Pts',(-9.267176826724,1.763295544958,0.003));
#17090=CARTESIAN_POINT('Ctrl Pts',(-9.278450249836,1.785823073069,0.003));
#17091=CARTESIAN_POINT('Ctrl Pts',(-9.282918998836,1.805513449402,0.003));
#17092=CARTESIAN_POINT('Ctrl Pts',(-9.283148727724,1.833668291069,0.003));
#17093=CARTESIAN_POINT('',(-9.283148727724,1.833668291069,0.));
#17094=CARTESIAN_POINT('',(-9.283148727724,1.833668291069,0.));
#17095=CARTESIAN_POINT('Ctrl Pts',(-9.267176826724,1.763295544958,0.));
#17096=CARTESIAN_POINT('Ctrl Pts',(-9.278450249836,1.785823073069,0.));
#17097=CARTESIAN_POINT('Ctrl Pts',(-9.282918998836,1.805513449402,0.));
#17098=CARTESIAN_POINT('Ctrl Pts',(-9.283148727724,1.833668291069,0.));
#17099=CARTESIAN_POINT('Ctrl Pts',(-9.283148727724,1.833668291069,0.003));
#17100=CARTESIAN_POINT('Ctrl Pts',(-9.283148727724,1.833668291069,-0.0006));
#17101=CARTESIAN_POINT('Ctrl Pts',(-9.283343475169,1.857521198236,0.003));
#17102=CARTESIAN_POINT('Ctrl Pts',(-9.283343475169,1.857521198236,-0.0006));
#17103=CARTESIAN_POINT('Ctrl Pts',(-9.280790665102,1.871769349402,0.003));
#17104=CARTESIAN_POINT('Ctrl Pts',(-9.280790665102,1.871769349402,-0.0006));
#17105=CARTESIAN_POINT('Ctrl Pts',(-9.253563301613,1.998785929958,0.003));
#17106=CARTESIAN_POINT('Ctrl Pts',(-9.253563301613,1.998785929958,-0.0006));
#17107=CARTESIAN_POINT('',(-9.253563301613,1.998785929958,0.003));
#17108=CARTESIAN_POINT('Ctrl Pts',(-9.283148727724,1.833668291069,0.003));
#17109=CARTESIAN_POINT('Ctrl Pts',(-9.283343475169,1.857521198236,0.003));
#17110=CARTESIAN_POINT('Ctrl Pts',(-9.280790665102,1.871769349402,0.003));
#17111=CARTESIAN_POINT('Ctrl Pts',(-9.253563301613,1.998785929958,0.003));
#17112=CARTESIAN_POINT('',(-9.253563301613,1.998785929958,0.));
#17113=CARTESIAN_POINT('',(-9.253563301613,1.998785929958,0.));
#17114=CARTESIAN_POINT('Ctrl Pts',(-9.283148727724,1.833668291069,0.));
#17115=CARTESIAN_POINT('Ctrl Pts',(-9.283343475169,1.857521198236,0.));
#17116=CARTESIAN_POINT('Ctrl Pts',(-9.280790665102,1.871769349402,0.));
#17117=CARTESIAN_POINT('Ctrl Pts',(-9.253563301613,1.998785929958,0.));
#17118=CARTESIAN_POINT('Origin',(-9.2386648610575,2.0682919716245,0.003));
#17119=CARTESIAN_POINT('',(-9.223766420502,2.137798013291,0.003));
#17120=CARTESIAN_POINT('',(-9.253563301613,1.998785929958,0.003));
#17121=CARTESIAN_POINT('',(-9.223766420502,2.137798013291,0.));
#17122=CARTESIAN_POINT('',(-9.223766420502,2.137798013291,0.));
#17123=CARTESIAN_POINT('',(-9.253563301613,1.998785929958,0.));
#17124=CARTESIAN_POINT('Origin',(-9.1254320138355,2.137798013291,0.003));
#17125=CARTESIAN_POINT('',(-9.027097607169,2.137798013291,0.003));
#17126=CARTESIAN_POINT('',(-9.223766420502,2.137798013291,0.003));
#17127=CARTESIAN_POINT('',(-9.027097607169,2.137798013291,0.));
#17128=CARTESIAN_POINT('',(-9.027097607169,2.137798013291,0.));
#17129=CARTESIAN_POINT('',(-9.223766420502,2.137798013291,0.));
#17130=CARTESIAN_POINT('Ctrl Pts',(-9.027097607169,2.137798013291,0.003));
#17131=CARTESIAN_POINT('Ctrl Pts',(-9.027097607169,2.137798013291,-0.0006));
#17132=CARTESIAN_POINT('Ctrl Pts',(-8.918929237724,2.137798013291,0.003));
#17133=CARTESIAN_POINT('Ctrl Pts',(-8.918929237724,2.137798013291,-0.0006));
#17134=CARTESIAN_POINT('Ctrl Pts',(-8.8304287938356,2.137462713536,0.003));
#17135=CARTESIAN_POINT('Ctrl Pts',(-8.8304287938356,2.137462713536,-0.0006));
#17136=CARTESIAN_POINT('Ctrl Pts',(-8.8304287938356,2.137052882419,0.003));
#17137=CARTESIAN_POINT('Ctrl Pts',(-8.8304287938356,2.137052882419,-0.0006));
#17138=CARTESIAN_POINT('',(-8.8304287938356,2.137052882419,0.003));
#17139=CARTESIAN_POINT('Ctrl Pts',(-9.027097607169,2.137798013291,0.003));
#17140=CARTESIAN_POINT('Ctrl Pts',(-8.918929237724,2.137798013291,0.003));
#17141=CARTESIAN_POINT('Ctrl Pts',(-8.8304287938356,2.137462713536,0.003));
#17142=CARTESIAN_POINT('Ctrl Pts',(-8.8304287938356,2.137052882419,0.003));
#17143=CARTESIAN_POINT('',(-8.8304287938356,2.137052882419,0.));
#17144=CARTESIAN_POINT('',(-8.8304287938356,2.137052882419,0.));
#17145=CARTESIAN_POINT('Ctrl Pts',(-9.027097607169,2.137798013291,0.));
#17146=CARTESIAN_POINT('Ctrl Pts',(-8.918929237724,2.137798013291,0.));
#17147=CARTESIAN_POINT('Ctrl Pts',(-8.8304287938356,2.137462713536,0.));
#17148=CARTESIAN_POINT('Ctrl Pts',(-8.8304287938356,2.137052882419,0.));
#17149=CARTESIAN_POINT('Ctrl Pts',(-8.8304287938356,2.137052882419,0.003));
#17150=CARTESIAN_POINT('Ctrl Pts',(-8.8304287938356,2.137052882419,-0.0006));
#17151=CARTESIAN_POINT('Ctrl Pts',(-8.8304287938356,2.136643077408,0.003));
#17152=CARTESIAN_POINT('Ctrl Pts',(-8.8304287938356,2.136643077408,-0.0006));
#17153=CARTESIAN_POINT('Ctrl Pts',(-8.8398267938356,2.089399801308,0.003));
#17154=CARTESIAN_POINT('Ctrl Pts',(-8.8398267938356,2.089399801308,-0.0006));
#17155=CARTESIAN_POINT('Ctrl Pts',(-8.85131323828004,2.032069390752,0.003));
#17156=CARTESIAN_POINT('Ctrl Pts',(-8.85131323828004,2.032069390752,-0.0006));
#17157=CARTESIAN_POINT('',(-8.85131323828004,2.032069390752,0.003));
#17158=CARTESIAN_POINT('Ctrl Pts',(-8.8304287938356,2.137052882419,0.003));
#17159=CARTESIAN_POINT('Ctrl Pts',(-8.8304287938356,2.136643077408,0.003));
#17160=CARTESIAN_POINT('Ctrl Pts',(-8.8398267938356,2.089399801308,0.003));
#17161=CARTESIAN_POINT('Ctrl Pts',(-8.85131323828004,2.032069390752,0.003));
#17162=CARTESIAN_POINT('',(-8.85131323828004,2.032069390752,0.));
#17163=CARTESIAN_POINT('',(-8.85131323828004,2.032069390752,0.));
#17164=CARTESIAN_POINT('Ctrl Pts',(-8.8304287938356,2.137052882419,0.));
#17165=CARTESIAN_POINT('Ctrl Pts',(-8.8304287938356,2.136643077408,0.));
#17166=CARTESIAN_POINT('Ctrl Pts',(-8.8398267938356,2.089399801308,0.));
#17167=CARTESIAN_POINT('Ctrl Pts',(-8.85131323828004,2.032069390752,0.));
#17168=CARTESIAN_POINT('Ctrl Pts',(-8.85131323828004,2.032069390752,0.003));
#17169=CARTESIAN_POINT('Ctrl Pts',(-8.85131323828004,2.032069390752,-0.0006));
#17170=CARTESIAN_POINT('Ctrl Pts',(-8.86279968272449,1.974738980197,0.003));
#17171=CARTESIAN_POINT('Ctrl Pts',(-8.86279968272449,1.974738980197,-0.0006));
#17172=CARTESIAN_POINT('Ctrl Pts',(-8.872197682724,1.923919295197,0.003));
#17173=CARTESIAN_POINT('Ctrl Pts',(-8.872197682724,1.923919295197,-0.0006));
#17174=CARTESIAN_POINT('Ctrl Pts',(-8.872197682724,1.919136757419,0.003));
#17175=CARTESIAN_POINT('Ctrl Pts',(-8.872197682724,1.919136757419,-0.0006));
#17176=CARTESIAN_POINT('',(-8.872197682724,1.919136757419,0.003));
#17177=CARTESIAN_POINT('Ctrl Pts',(-8.85131323828004,2.032069390752,0.003));
#17178=CARTESIAN_POINT('Ctrl Pts',(-8.86279968272449,1.974738980197,0.003));
#17179=CARTESIAN_POINT('Ctrl Pts',(-8.872197682724,1.923919295197,0.003));
#17180=CARTESIAN_POINT('Ctrl Pts',(-8.872197682724,1.919136757419,0.003));
#17181=CARTESIAN_POINT('',(-8.872197682724,1.919136757419,0.));
#17182=CARTESIAN_POINT('',(-8.872197682724,1.919136757419,0.));
#17183=CARTESIAN_POINT('Ctrl Pts',(-8.85131323828004,2.032069390752,0.));
#17184=CARTESIAN_POINT('Ctrl Pts',(-8.86279968272449,1.974738980197,0.));
#17185=CARTESIAN_POINT('Ctrl Pts',(-8.872197682724,1.923919295197,0.));
#17186=CARTESIAN_POINT('Ctrl Pts',(-8.872197682724,1.919136757419,0.));
#17187=CARTESIAN_POINT('Ctrl Pts',(-8.872197682724,1.919136757419,0.003));
#17188=CARTESIAN_POINT('Ctrl Pts',(-8.872197682724,1.919136757419,-0.0006));
#17189=CARTESIAN_POINT('Ctrl Pts',(-8.872197682724,1.900873049697,0.003));
#17190=CARTESIAN_POINT('Ctrl Pts',(-8.872197682724,1.900873049697,-0.0006));
#17191=CARTESIAN_POINT('Ctrl Pts',(-8.85473567661338,1.892443826863,0.003));
#17192=CARTESIAN_POINT('Ctrl Pts',(-8.85473567661338,1.892443826863,-0.0006));
#17193=CARTESIAN_POINT('Ctrl Pts',(-8.81685129439115,1.892420331863,0.003));
#17194=CARTESIAN_POINT('Ctrl Pts',(-8.81685129439115,1.892420331863,-0.0006));
#17195=CARTESIAN_POINT('',(-8.81685129439115,1.892420331863,0.003));
#17196=CARTESIAN_POINT('Ctrl Pts',(-8.872197682724,1.919136757419,0.003));
#17197=CARTESIAN_POINT('Ctrl Pts',(-8.872197682724,1.900873049697,0.003));
#17198=CARTESIAN_POINT('Ctrl Pts',(-8.85473567661338,1.892443826863,0.003));
#17199=CARTESIAN_POINT('Ctrl Pts',(-8.81685129439115,1.892420331863,0.003));
#17200=CARTESIAN_POINT('',(-8.81685129439115,1.892420331863,0.));
#17201=CARTESIAN_POINT('',(-8.81685129439115,1.892420331863,0.));
#17202=CARTESIAN_POINT('Ctrl Pts',(-8.872197682724,1.919136757419,0.));
#17203=CARTESIAN_POINT('Ctrl Pts',(-8.872197682724,1.900873049697,0.));
#17204=CARTESIAN_POINT('Ctrl Pts',(-8.85473567661338,1.892443826863,0.));
#17205=CARTESIAN_POINT('Ctrl Pts',(-8.81685129439115,1.892420331863,0.));
#17206=CARTESIAN_POINT('Ctrl Pts',(-8.81685129439115,1.892420331863,0.003));
#17207=CARTESIAN_POINT('Ctrl Pts',(-8.81685129439115,1.892420331863,-0.0006));
#17208=CARTESIAN_POINT('Ctrl Pts',(-8.76260656050226,1.892385611475,0.003));
#17209=CARTESIAN_POINT('Ctrl Pts',(-8.76260656050226,1.892385611475,-0.0006));
#17210=CARTESIAN_POINT('Ctrl Pts',(-8.74959294105782,1.902538845197,0.003));
#17211=CARTESIAN_POINT('Ctrl Pts',(-8.74959294105782,1.902538845197,-0.0006));
#17212=CARTESIAN_POINT('Ctrl Pts',(-8.73488507105782,1.956363279641,0.003));
#17213=CARTESIAN_POINT('Ctrl Pts',(-8.73488507105782,1.956363279641,-0.0006));
#17214=CARTESIAN_POINT('',(-8.73488507105782,1.956363279641,0.003));
#17215=CARTESIAN_POINT('Ctrl Pts',(-8.81685129439115,1.892420331863,0.003));
#17216=CARTESIAN_POINT('Ctrl Pts',(-8.76260656050226,1.892385611475,0.003));
#17217=CARTESIAN_POINT('Ctrl Pts',(-8.74959294105782,1.902538845197,0.003));
#17218=CARTESIAN_POINT('Ctrl Pts',(-8.73488507105782,1.956363279641,0.003));
#17219=CARTESIAN_POINT('',(-8.73488507105782,1.956363279641,0.));
#17220=CARTESIAN_POINT('',(-8.73488507105782,1.956363279641,0.));
#17221=CARTESIAN_POINT('Ctrl Pts',(-8.81685129439115,1.892420331863,0.));
#17222=CARTESIAN_POINT('Ctrl Pts',(-8.76260656050226,1.892385611475,0.));
#17223=CARTESIAN_POINT('Ctrl Pts',(-8.74959294105782,1.902538845197,0.));
#17224=CARTESIAN_POINT('Ctrl Pts',(-8.73488507105782,1.956363279641,0.));
#17225=CARTESIAN_POINT('Ctrl Pts',(-8.73488507105782,1.956363279641,0.003));
#17226=CARTESIAN_POINT('Ctrl Pts',(-8.73488507105782,1.956363279641,-0.0006));
#17227=CARTESIAN_POINT('Ctrl Pts',(-8.73251476493004,1.965038155752,0.003));
#17228=CARTESIAN_POINT('Ctrl Pts',(-8.73251476493004,1.965038155752,-0.0006));
#17229=CARTESIAN_POINT('Ctrl Pts',(-8.73002656611338,1.986789304641,0.003));
#17230=CARTESIAN_POINT('Ctrl Pts',(-8.73002656611338,1.986789304641,-0.0006));
#17231=CARTESIAN_POINT('Ctrl Pts',(-8.72930840228004,2.005115404641,0.003));
#17232=CARTESIAN_POINT('Ctrl Pts',(-8.72930840228004,2.005115404641,-0.0006));
#17233=CARTESIAN_POINT('',(-8.72930840228004,2.005115404641,0.003));
#17234=CARTESIAN_POINT('Ctrl Pts',(-8.73488507105782,1.956363279641,0.003));
#17235=CARTESIAN_POINT('Ctrl Pts',(-8.73251476493004,1.965038155752,0.003));
#17236=CARTESIAN_POINT('Ctrl Pts',(-8.73002656611338,1.986789304641,0.003));
#17237=CARTESIAN_POINT('Ctrl Pts',(-8.72930840228004,2.005115404641,0.003));
#17238=CARTESIAN_POINT('',(-8.72930840228004,2.005115404641,0.));
#17239=CARTESIAN_POINT('',(-8.72930840228004,2.005115404641,0.));
#17240=CARTESIAN_POINT('Ctrl Pts',(-8.73488507105782,1.956363279641,0.));
#17241=CARTESIAN_POINT('Ctrl Pts',(-8.73251476493004,1.965038155752,0.));
#17242=CARTESIAN_POINT('Ctrl Pts',(-8.73002656611338,1.986789304641,0.));
#17243=CARTESIAN_POINT('Ctrl Pts',(-8.72930840228004,2.005115404641,0.));
#17244=CARTESIAN_POINT('Ctrl Pts',(-8.72930840228004,2.005115404641,0.003));
#17245=CARTESIAN_POINT('Ctrl Pts',(-8.72930840228004,2.005115404641,-0.0006));
#17246=CARTESIAN_POINT('Ctrl Pts',(-8.72812916212449,2.035202057419,0.003));
#17247=CARTESIAN_POINT('Ctrl Pts',(-8.72812916212449,2.035202057419,-0.0006));
#17248=CARTESIAN_POINT('Ctrl Pts',(-8.72862819592449,2.040355294086,0.003));
#17249=CARTESIAN_POINT('Ctrl Pts',(-8.72862819592449,2.040355294086,-0.0006));
#17250=CARTESIAN_POINT('Ctrl Pts',(-8.73480623228004,2.061892377419,0.003));
#17251=CARTESIAN_POINT('Ctrl Pts',(-8.73480623228004,2.061892377419,-0.0006));
#17252=CARTESIAN_POINT('',(-8.73480623228004,2.061892377419,0.003));
#17253=CARTESIAN_POINT('Ctrl Pts',(-8.72930840228004,2.005115404641,0.003));
#17254=CARTESIAN_POINT('Ctrl Pts',(-8.72812916212449,2.035202057419,0.003));
#17255=CARTESIAN_POINT('Ctrl Pts',(-8.72862819592449,2.040355294086,0.003));
#17256=CARTESIAN_POINT('Ctrl Pts',(-8.73480623228004,2.061892377419,0.003));
#17257=CARTESIAN_POINT('',(-8.73480623228004,2.061892377419,0.));
#17258=CARTESIAN_POINT('',(-8.73480623228004,2.061892377419,0.));
#17259=CARTESIAN_POINT('Ctrl Pts',(-8.72930840228004,2.005115404641,0.));
#17260=CARTESIAN_POINT('Ctrl Pts',(-8.72812916212449,2.035202057419,0.));
#17261=CARTESIAN_POINT('Ctrl Pts',(-8.72862819592449,2.040355294086,0.));
#17262=CARTESIAN_POINT('Ctrl Pts',(-8.73480623228004,2.061892377419,0.));
#17263=CARTESIAN_POINT('Ctrl Pts',(-8.73480623228004,2.061892377419,0.003));
#17264=CARTESIAN_POINT('Ctrl Pts',(-8.73480623228004,2.061892377419,-0.0006));
#17265=CARTESIAN_POINT('Ctrl Pts',(-8.74296343522449,2.090329159086,0.003));
#17266=CARTESIAN_POINT('Ctrl Pts',(-8.74296343522449,2.090329159086,-0.0006));
#17267=CARTESIAN_POINT('Ctrl Pts',(-8.75415619216893,2.113197625752,0.003));
#17268=CARTESIAN_POINT('Ctrl Pts',(-8.75415619216893,2.113197625752,-0.0006));
#17269=CARTESIAN_POINT('Ctrl Pts',(-8.77523329561338,2.14448252353,0.003));
#17270=CARTESIAN_POINT('Ctrl Pts',(-8.77523329561338,2.14448252353,-0.0006));
#17271=CARTESIAN_POINT('',(-8.77523329561338,2.14448252353,0.003));
#17272=CARTESIAN_POINT('Ctrl Pts',(-8.73480623228004,2.061892377419,0.003));
#17273=CARTESIAN_POINT('Ctrl Pts',(-8.74296343522449,2.090329159086,0.003));
#17274=CARTESIAN_POINT('Ctrl Pts',(-8.75415619216893,2.113197625752,0.003));
#17275=CARTESIAN_POINT('Ctrl Pts',(-8.77523329561338,2.14448252353,0.003));
#17276=CARTESIAN_POINT('',(-8.77523329561338,2.14448252353,0.));
#17277=CARTESIAN_POINT('',(-8.77523329561338,2.14448252353,0.));
#17278=CARTESIAN_POINT('Ctrl Pts',(-8.73480623228004,2.061892377419,0.));
#17279=CARTESIAN_POINT('Ctrl Pts',(-8.74296343522449,2.090329159086,0.));
#17280=CARTESIAN_POINT('Ctrl Pts',(-8.75415619216893,2.113197625752,0.));
#17281=CARTESIAN_POINT('Ctrl Pts',(-8.77523329561338,2.14448252353,0.));
#17282=CARTESIAN_POINT('Ctrl Pts',(-8.77523329561338,2.14448252353,0.003));
#17283=CARTESIAN_POINT('Ctrl Pts',(-8.77523329561338,2.14448252353,-0.0006));
#17284=CARTESIAN_POINT('Ctrl Pts',(-8.79312186650226,2.17103709464122,0.003));
#17285=CARTESIAN_POINT('Ctrl Pts',(-8.79312186650226,2.17103709464122,-0.0006));
#17286=CARTESIAN_POINT('Ctrl Pts',(-8.81024084561337,2.19030560519678,0.003));
#17287=CARTESIAN_POINT('Ctrl Pts',(-8.81024084561337,2.19030560519678,-0.0006));
#17288=CARTESIAN_POINT('Ctrl Pts',(-8.88428142228,2.26724128797456,0.003));
#17289=CARTESIAN_POINT('Ctrl Pts',(-8.88428142228,2.26724128797456,-0.0006));
#17290=CARTESIAN_POINT('',(-8.88428142228,2.26724128797456,0.003));
#17291=CARTESIAN_POINT('Ctrl Pts',(-8.77523329561338,2.14448252353,0.003));
#17292=CARTESIAN_POINT('Ctrl Pts',(-8.79312186650226,2.17103709464122,0.003));
#17293=CARTESIAN_POINT('Ctrl Pts',(-8.81024084561337,2.19030560519678,0.003));
#17294=CARTESIAN_POINT('Ctrl Pts',(-8.88428142228,2.26724128797456,0.003));
#17295=CARTESIAN_POINT('',(-8.88428142228,2.26724128797456,0.));
#17296=CARTESIAN_POINT('',(-8.88428142228,2.26724128797456,0.));
#17297=CARTESIAN_POINT('Ctrl Pts',(-8.77523329561338,2.14448252353,0.));
#17298=CARTESIAN_POINT('Ctrl Pts',(-8.79312186650226,2.17103709464122,0.));
#17299=CARTESIAN_POINT('Ctrl Pts',(-8.81024084561337,2.19030560519678,0.));
#17300=CARTESIAN_POINT('Ctrl Pts',(-8.88428142228,2.26724128797456,0.));
#17301=CARTESIAN_POINT('Ctrl Pts',(-8.88428142228,2.26724128797456,0.003));
#17302=CARTESIAN_POINT('Ctrl Pts',(-8.88428142228,2.26724128797456,-0.0006));
#17303=CARTESIAN_POINT('Ctrl Pts',(-8.95650505228,2.34228692853011,0.003));
#17304=CARTESIAN_POINT('Ctrl Pts',(-8.95650505228,2.34228692853011,-0.0006));
#17305=CARTESIAN_POINT('Ctrl Pts',(-9.037218208947,2.432520781308,0.003));
#17306=CARTESIAN_POINT('Ctrl Pts',(-9.037218208947,2.432520781308,-0.0006));
#17307=CARTESIAN_POINT('Ctrl Pts',(-9.058376761724,2.461873867975,0.003));
#17308=CARTESIAN_POINT('Ctrl Pts',(-9.058376761724,2.461873867975,-0.0006));
#17309=CARTESIAN_POINT('',(-9.058376761724,2.461873867975,0.003));
#17310=CARTESIAN_POINT('Ctrl Pts',(-8.88428142228,2.26724128797456,0.003));
#17311=CARTESIAN_POINT('Ctrl Pts',(-8.95650505228,2.34228692853011,0.003));
#17312=CARTESIAN_POINT('Ctrl Pts',(-9.037218208947,2.432520781308,0.003));
#17313=CARTESIAN_POINT('Ctrl Pts',(-9.058376761724,2.461873867975,0.003));
#17314=CARTESIAN_POINT('',(-9.058376761724,2.461873867975,0.));
#17315=CARTESIAN_POINT('',(-9.058376761724,2.461873867975,0.));
#17316=CARTESIAN_POINT('Ctrl Pts',(-8.88428142228,2.26724128797456,0.));
#17317=CARTESIAN_POINT('Ctrl Pts',(-8.95650505228,2.34228692853011,0.));
#17318=CARTESIAN_POINT('Ctrl Pts',(-9.037218208947,2.432520781308,0.));
#17319=CARTESIAN_POINT('Ctrl Pts',(-9.058376761724,2.461873867975,0.));
#17320=CARTESIAN_POINT('Ctrl Pts',(-9.058376761724,2.461873867975,0.003));
#17321=CARTESIAN_POINT('Ctrl Pts',(-9.058376761724,2.461873867975,-0.0006));
#17322=CARTESIAN_POINT('Ctrl Pts',(-9.079962140336,2.491816940197,0.003));
#17323=CARTESIAN_POINT('Ctrl Pts',(-9.079962140336,2.491816940197,-0.0006));
#17324=CARTESIAN_POINT('Ctrl Pts',(-9.102555193391,2.536674116308,0.003));
#17325=CARTESIAN_POINT('Ctrl Pts',(-9.102555193391,2.536674116308,-0.0006));
#17326=CARTESIAN_POINT('Ctrl Pts',(-9.110128415058,2.564625334641,0.003));
#17327=CARTESIAN_POINT('Ctrl Pts',(-9.110128415058,2.564625334641,-0.0006));
#17328=CARTESIAN_POINT('',(-9.110128415058,2.564625334641,0.003));
#17329=CARTESIAN_POINT('Ctrl Pts',(-9.058376761724,2.461873867975,0.003));
#17330=CARTESIAN_POINT('Ctrl Pts',(-9.079962140336,2.491816940197,0.003));
#17331=CARTESIAN_POINT('Ctrl Pts',(-9.102555193391,2.536674116308,0.003));
#17332=CARTESIAN_POINT('Ctrl Pts',(-9.110128415058,2.564625334641,0.003));
#17333=CARTESIAN_POINT('',(-9.110128415058,2.564625334641,0.));
#17334=CARTESIAN_POINT('',(-9.110128415058,2.564625334641,0.));
#17335=CARTESIAN_POINT('Ctrl Pts',(-9.058376761724,2.461873867975,-5.42101086242752E-19));
#17336=CARTESIAN_POINT('Ctrl Pts',(-9.079962140336,2.491816940197,-5.42101086242752E-19));
#17337=CARTESIAN_POINT('Ctrl Pts',(-9.102555193391,2.536674116308,-5.42101086242752E-19));
#17338=CARTESIAN_POINT('Ctrl Pts',(-9.110128415058,2.564625334641,-5.42101086242752E-19));
#17339=CARTESIAN_POINT('Ctrl Pts',(-9.110128415058,2.564625334641,0.003));
#17340=CARTESIAN_POINT('Ctrl Pts',(-9.110128415058,2.564625334641,-0.0006));
#17341=CARTESIAN_POINT('Ctrl Pts',(-9.114368479391,2.580273787808,0.003));
#17342=CARTESIAN_POINT('Ctrl Pts',(-9.114368479391,2.580273787808,-0.0006));
#17343=CARTESIAN_POINT('Ctrl Pts',(-9.11580115228,2.593036010752,0.003));
#17344=CARTESIAN_POINT('Ctrl Pts',(-9.11580115228,2.593036010752,-0.0006));
#17345=CARTESIAN_POINT('Ctrl Pts',(-9.115842660113,2.615531167975,0.003));
#17346=CARTESIAN_POINT('Ctrl Pts',(-9.115842660113,2.615531167975,-0.0006));
#17347=CARTESIAN_POINT('',(-9.115842660113,2.615531167975,0.003));
#17348=CARTESIAN_POINT('Ctrl Pts',(-9.110128415058,2.564625334641,0.003));
#17349=CARTESIAN_POINT('Ctrl Pts',(-9.114368479391,2.580273787808,0.003));
#17350=CARTESIAN_POINT('Ctrl Pts',(-9.11580115228,2.593036010752,0.003));
#17351=CARTESIAN_POINT('Ctrl Pts',(-9.115842660113,2.615531167975,0.003));
#17352=CARTESIAN_POINT('',(-9.115842660113,2.615531167975,0.));
#17353=CARTESIAN_POINT('',(-9.115842660113,2.615531167975,0.));
#17354=CARTESIAN_POINT('Ctrl Pts',(-9.110128415058,2.564625334641,0.));
#17355=CARTESIAN_POINT('Ctrl Pts',(-9.114368479391,2.580273787808,0.));
#17356=CARTESIAN_POINT('Ctrl Pts',(-9.11580115228,2.593036010752,0.));
#17357=CARTESIAN_POINT('Ctrl Pts',(-9.115842660113,2.615531167975,0.));
#17358=CARTESIAN_POINT('Ctrl Pts',(-9.115842660113,2.615531167975,0.003));
#17359=CARTESIAN_POINT('Ctrl Pts',(-9.115842660113,2.615531167975,-0.0006));
#17360=CARTESIAN_POINT('Ctrl Pts',(-9.115893043836,2.642673114086,0.003));
#17361=CARTESIAN_POINT('Ctrl Pts',(-9.115893043836,2.642673114086,-0.0006));
#17362=CARTESIAN_POINT('Ctrl Pts',(-9.114350597086,2.652689815752,0.003));
#17363=CARTESIAN_POINT('Ctrl Pts',(-9.114350597086,2.652689815752,-0.0006));
#17364=CARTESIAN_POINT('Ctrl Pts',(-9.099761898947,2.719953390197,0.003));
#17365=CARTESIAN_POINT('Ctrl Pts',(-9.099761898947,2.719953390197,-0.0006));
#17366=CARTESIAN_POINT('',(-9.099761898947,2.719953390197,0.003));
#17367=CARTESIAN_POINT('Ctrl Pts',(-9.115842660113,2.615531167975,0.003));
#17368=CARTESIAN_POINT('Ctrl Pts',(-9.115893043836,2.642673114086,0.003));
#17369=CARTESIAN_POINT('Ctrl Pts',(-9.114350597086,2.652689815752,0.003));
#17370=CARTESIAN_POINT('Ctrl Pts',(-9.099761898947,2.719953390197,0.003));
#17371=CARTESIAN_POINT('',(-9.099761898947,2.719953390197,0.));
#17372=CARTESIAN_POINT('',(-9.099761898947,2.719953390197,0.));
#17373=CARTESIAN_POINT('Ctrl Pts',(-9.115842660113,2.615531167975,0.));
#17374=CARTESIAN_POINT('Ctrl Pts',(-9.115893043836,2.642673114086,0.));
#17375=CARTESIAN_POINT('Ctrl Pts',(-9.114350597086,2.652689815752,0.));
#17376=CARTESIAN_POINT('Ctrl Pts',(-9.099761898947,2.719953390197,0.));
#17377=CARTESIAN_POINT('Ctrl Pts',(-9.099761898947,2.719953390197,0.003));
#17378=CARTESIAN_POINT('Ctrl Pts',(-9.099761898947,2.719953390197,-0.0006));
#17379=CARTESIAN_POINT('Ctrl Pts',(-9.090886793224,2.76087384853,0.003));
#17380=CARTESIAN_POINT('Ctrl Pts',(-9.090886793224,2.76087384853,-0.0006));
#17381=CARTESIAN_POINT('Ctrl Pts',(-9.081199282613,2.801903950197,0.003));
#17382=CARTESIAN_POINT('Ctrl Pts',(-9.081199282613,2.801903950197,-0.0006));
#17383=CARTESIAN_POINT('Ctrl Pts',(-9.078234213613,2.811134874641,0.003));
#17384=CARTESIAN_POINT('Ctrl Pts',(-9.078234213613,2.811134874641,-0.0006));
#17385=CARTESIAN_POINT('',(-9.078234213613,2.811134874641,0.003));
#17386=CARTESIAN_POINT('Ctrl Pts',(-9.099761898947,2.719953390197,0.003));
#17387=CARTESIAN_POINT('Ctrl Pts',(-9.090886793224,2.76087384853,0.003));
#17388=CARTESIAN_POINT('Ctrl Pts',(-9.081199282613,2.801903950197,0.003));
#17389=CARTESIAN_POINT('Ctrl Pts',(-9.078234213613,2.811134874641,0.003));
#17390=CARTESIAN_POINT('',(-9.078234213613,2.811134874641,0.));
#17391=CARTESIAN_POINT('',(-9.078234213613,2.811134874641,0.));
#17392=CARTESIAN_POINT('Ctrl Pts',(-9.099761898947,2.719953390197,0.));
#17393=CARTESIAN_POINT('Ctrl Pts',(-9.090886793224,2.76087384853,0.));
#17394=CARTESIAN_POINT('Ctrl Pts',(-9.081199282613,2.801903950197,0.));
#17395=CARTESIAN_POINT('Ctrl Pts',(-9.078234213613,2.811134874641,0.));
#17396=CARTESIAN_POINT('Ctrl Pts',(-9.078234213613,2.811134874641,0.003));
#17397=CARTESIAN_POINT('Ctrl Pts',(-9.078234213613,2.811134874641,-0.0006));
#17398=CARTESIAN_POINT('Ctrl Pts',(-9.049831369169,2.899538727975,0.003));
#17399=CARTESIAN_POINT('Ctrl Pts',(-9.049831369169,2.899538727975,-0.0006));
#17400=CARTESIAN_POINT('Ctrl Pts',(-8.973767611947,2.975657306863,0.003));
#17401=CARTESIAN_POINT('Ctrl Pts',(-8.973767611947,2.975657306863,-0.0006));
#17402=CARTESIAN_POINT('Ctrl Pts',(-8.883405841947,3.006098995197,0.003));
#17403=CARTESIAN_POINT('Ctrl Pts',(-8.883405841947,3.006098995197,-0.0006));
#17404=CARTESIAN_POINT('',(-8.883405841947,3.006098995197,0.003));
#17405=CARTESIAN_POINT('Ctrl Pts',(-9.078234213613,2.811134874641,0.003));
#17406=CARTESIAN_POINT('Ctrl Pts',(-9.049831369169,2.899538727975,0.003));
#17407=CARTESIAN_POINT('Ctrl Pts',(-8.973767611947,2.975657306863,0.003));
#17408=CARTESIAN_POINT('Ctrl Pts',(-8.883405841947,3.006098995197,0.003));
#17409=CARTESIAN_POINT('',(-8.883405841947,3.006098995197,0.));
#17410=CARTESIAN_POINT('',(-8.883405841947,3.006098995197,0.));
#17411=CARTESIAN_POINT('Ctrl Pts',(-9.078234213613,2.811134874641,-5.42101086242752E-19));
#17412=CARTESIAN_POINT('Ctrl Pts',(-9.049831369169,2.899538727975,-5.42101086242752E-19));
#17413=CARTESIAN_POINT('Ctrl Pts',(-8.973767611947,2.975657306863,-5.42101086242752E-19));
#17414=CARTESIAN_POINT('Ctrl Pts',(-8.883405841947,3.006098995197,-5.42101086242752E-19));
#17415=CARTESIAN_POINT('Ctrl Pts',(-8.883405841947,3.006098995197,0.003));
#17416=CARTESIAN_POINT('Ctrl Pts',(-8.883405841947,3.006098995197,-0.0006));
#17417=CARTESIAN_POINT('Ctrl Pts',(-8.84183535528004,3.02010358153,0.003));
#17418=CARTESIAN_POINT('Ctrl Pts',(-8.84183535528004,3.02010358153,-0.0006));
#17419=CARTESIAN_POINT('Ctrl Pts',(-8.84477223028004,3.01997905803,0.003));
#17420=CARTESIAN_POINT('Ctrl Pts',(-8.84477223028004,3.01997905803,-0.0006));
#17421=CARTESIAN_POINT('Ctrl Pts',(-8.553483830836,3.020077214919,0.003));
#17422=CARTESIAN_POINT('Ctrl Pts',(-8.553483830836,3.020077214919,-0.0006));
#17423=CARTESIAN_POINT('',(-8.553483830836,3.020077214919,0.003));
#17424=CARTESIAN_POINT('Ctrl Pts',(-8.883405841947,3.006098995197,0.003));
#17425=CARTESIAN_POINT('Ctrl Pts',(-8.84183535528004,3.02010358153,0.003));
#17426=CARTESIAN_POINT('Ctrl Pts',(-8.84477223028004,3.01997905803,0.003));
#17427=CARTESIAN_POINT('Ctrl Pts',(-8.553483830836,3.020077214919,0.003));
#17428=CARTESIAN_POINT('',(-8.553483830836,3.020077214919,0.));
#17429=CARTESIAN_POINT('',(-8.553483830836,3.020077214919,0.));
#17430=CARTESIAN_POINT('Ctrl Pts',(-8.883405841947,3.006098995197,0.));
#17431=CARTESIAN_POINT('Ctrl Pts',(-8.84183535528004,3.02010358153,0.));
#17432=CARTESIAN_POINT('Ctrl Pts',(-8.84477223028004,3.01997905803,0.));
#17433=CARTESIAN_POINT('Ctrl Pts',(-8.553483830836,3.020077214919,0.));
#17434=CARTESIAN_POINT('Ctrl Pts',(-8.553483830836,3.020077214919,0.003));
#17435=CARTESIAN_POINT('Ctrl Pts',(-8.553483830836,3.020077214919,-0.0006));
#17436=CARTESIAN_POINT('Ctrl Pts',(-8.294615920836,3.020164407475,0.003));
#17437=CARTESIAN_POINT('Ctrl Pts',(-8.294615920836,3.020164407475,-0.0006));
#17438=CARTESIAN_POINT('Ctrl Pts',(-8.282221003058,3.019952691419,0.003));
#17439=CARTESIAN_POINT('Ctrl Pts',(-8.282221003058,3.019952691419,-0.0006));
#17440=CARTESIAN_POINT('Ctrl Pts',(-8.263346686391,3.01512499103,0.003));
#17441=CARTESIAN_POINT('Ctrl Pts',(-8.263346686391,3.01512499103,-0.0006));
#17442=CARTESIAN_POINT('',(-8.263346686391,3.01512499103,0.003));
#17443=CARTESIAN_POINT('Ctrl Pts',(-8.553483830836,3.020077214919,0.003));
#17444=CARTESIAN_POINT('Ctrl Pts',(-8.294615920836,3.020164407475,0.003));
#17445=CARTESIAN_POINT('Ctrl Pts',(-8.282221003058,3.019952691419,0.003));
#17446=CARTESIAN_POINT('Ctrl Pts',(-8.263346686391,3.01512499103,0.003));
#17447=CARTESIAN_POINT('',(-8.263346686391,3.01512499103,0.));
#17448=CARTESIAN_POINT('',(-8.263346686391,3.01512499103,0.));
#17449=CARTESIAN_POINT('Ctrl Pts',(-8.553483830836,3.020077214919,0.));
#17450=CARTESIAN_POINT('Ctrl Pts',(-8.294615920836,3.020164407475,0.));
#17451=CARTESIAN_POINT('Ctrl Pts',(-8.282221003058,3.019952691419,0.));
#17452=CARTESIAN_POINT('Ctrl Pts',(-8.263346686391,3.01512499103,0.));
#17453=CARTESIAN_POINT('Ctrl Pts',(-8.263346686391,3.01512499103,0.003));
#17454=CARTESIAN_POINT('Ctrl Pts',(-8.263346686391,3.01512499103,-0.0006));
#17455=CARTESIAN_POINT('Ctrl Pts',(-8.208485861391,3.00109377703,0.003));
#17456=CARTESIAN_POINT('Ctrl Pts',(-8.208485861391,3.00109377703,-0.0006));
#17457=CARTESIAN_POINT('Ctrl Pts',(-8.168828911947,2.963133166586,0.003));
#17458=CARTESIAN_POINT('Ctrl Pts',(-8.168828911947,2.963133166586,-0.0006));
#17459=CARTESIAN_POINT('Ctrl Pts',(-8.152708731391,2.909219973252,0.003));
#17460=CARTESIAN_POINT('Ctrl Pts',(-8.152708731391,2.909219973252,-0.0006));
#17461=CARTESIAN_POINT('',(-8.152708731391,2.909219973252,0.003));
#17462=CARTESIAN_POINT('Origin',(-8.39229481566474,2.77247551536822,0.003));
#17463=CARTESIAN_POINT('',(-8.152708731391,2.909219973252,0.));
#17464=CARTESIAN_POINT('',(-8.152708731391,2.909219973252,0.));
#17465=CARTESIAN_POINT('Origin',(-8.39229481566474,2.77247551536822,0.));
#17466=CARTESIAN_POINT('Ctrl Pts',(-8.152708731391,2.909219973252,0.003));
#17467=CARTESIAN_POINT('Ctrl Pts',(-8.152708731391,2.909219973252,-0.0006));
#17468=CARTESIAN_POINT('Ctrl Pts',(-8.149481823669,2.898427153419,0.003));
#17469=CARTESIAN_POINT('Ctrl Pts',(-8.149481823669,2.898427153419,-0.0006));
#17470=CARTESIAN_POINT('Ctrl Pts',(-8.148036620113,2.885033437086,0.003));
#17471=CARTESIAN_POINT('Ctrl Pts',(-8.148036620113,2.885033437086,-0.0006));
#17472=CARTESIAN_POINT('Ctrl Pts',(-8.148060637224,2.866145806586,0.003));
#17473=CARTESIAN_POINT('Ctrl Pts',(-8.148060637224,2.866145806586,-0.0006));
#17474=CARTESIAN_POINT('',(-8.148060637224,2.866145806586,0.003));
#17475=CARTESIAN_POINT('Ctrl Pts',(-8.152708731391,2.909219973252,0.003));
#17476=CARTESIAN_POINT('Ctrl Pts',(-8.149481823669,2.898427153419,0.003));
#17477=CARTESIAN_POINT('Ctrl Pts',(-8.148036620113,2.885033437086,0.003));
#17478=CARTESIAN_POINT('Ctrl Pts',(-8.148060637224,2.866145806586,0.003));
#17479=CARTESIAN_POINT('',(-8.148060637224,2.866145806586,0.));
#17480=CARTESIAN_POINT('',(-8.148060637224,2.866145806586,0.));
#17481=CARTESIAN_POINT('Ctrl Pts',(-8.152708731391,2.909219973252,0.));
#17482=CARTESIAN_POINT('Ctrl Pts',(-8.149481823669,2.898427153419,0.));
#17483=CARTESIAN_POINT('Ctrl Pts',(-8.148036620113,2.885033437086,0.));
#17484=CARTESIAN_POINT('Ctrl Pts',(-8.148060637224,2.866145806586,0.));
#17485=CARTESIAN_POINT('Ctrl Pts',(-8.148060637224,2.866145806586,0.003));
#17486=CARTESIAN_POINT('Ctrl Pts',(-8.148060637224,2.866145806586,-0.0006));
#17487=CARTESIAN_POINT('Ctrl Pts',(-8.148092486002,2.841140861252,0.003));
#17488=CARTESIAN_POINT('Ctrl Pts',(-8.148092486002,2.841140861252,-0.0006));
#17489=CARTESIAN_POINT('Ctrl Pts',(-8.150659758547,2.826802123808,0.003));
#17490=CARTESIAN_POINT('Ctrl Pts',(-8.150659758547,2.826802123808,-0.0006));
#17491=CARTESIAN_POINT('Ctrl Pts',(-8.177309301669,2.702779850475,0.003));
#17492=CARTESIAN_POINT('Ctrl Pts',(-8.177309301669,2.702779850475,-0.0006));
#17493=CARTESIAN_POINT('',(-8.177309301669,2.702779850475,0.003));
#17494=CARTESIAN_POINT('Ctrl Pts',(-8.148060637224,2.866145806586,0.003));
#17495=CARTESIAN_POINT('Ctrl Pts',(-8.148092486002,2.841140861252,0.003));
#17496=CARTESIAN_POINT('Ctrl Pts',(-8.150659758547,2.826802123808,0.003));
#17497=CARTESIAN_POINT('Ctrl Pts',(-8.177309301669,2.702779850475,0.003));
#17498=CARTESIAN_POINT('',(-8.177309301669,2.702779850475,0.));
#17499=CARTESIAN_POINT('',(-8.177309301669,2.702779850475,0.));
#17500=CARTESIAN_POINT('Ctrl Pts',(-8.148060637224,2.866145806586,0.));
#17501=CARTESIAN_POINT('Ctrl Pts',(-8.148092486002,2.841140861252,0.));
#17502=CARTESIAN_POINT('Ctrl Pts',(-8.150659758547,2.826802123808,0.));
#17503=CARTESIAN_POINT('Ctrl Pts',(-8.177309301669,2.702779850475,0.));
#17504=CARTESIAN_POINT('Ctrl Pts',(-8.177309301669,2.702779850475,0.003));
#17505=CARTESIAN_POINT('Ctrl Pts',(-8.177309301669,2.702779850475,-0.0006));
#17506=CARTESIAN_POINT('Ctrl Pts',(-8.193377271113,2.628003097141,0.003));
#17507=CARTESIAN_POINT('Ctrl Pts',(-8.193377271113,2.628003097141,-0.0006));
#17508=CARTESIAN_POINT('Ctrl Pts',(-8.206524028891,2.566036339919,0.003));
#17509=CARTESIAN_POINT('Ctrl Pts',(-8.206524028891,2.566036339919,-0.0006));
#17510=CARTESIAN_POINT('Ctrl Pts',(-8.206524028891,2.565073044919,0.003));
#17511=CARTESIAN_POINT('Ctrl Pts',(-8.206524028891,2.565073044919,-0.0006));
#17512=CARTESIAN_POINT('',(-8.206524028891,2.565073044919,0.003));
#17513=CARTESIAN_POINT('Ctrl Pts',(-8.177309301669,2.702779850475,0.003));
#17514=CARTESIAN_POINT('Ctrl Pts',(-8.193377271113,2.628003097141,0.003));
#17515=CARTESIAN_POINT('Ctrl Pts',(-8.206524028891,2.566036339919,0.003));
#17516=CARTESIAN_POINT('Ctrl Pts',(-8.206524028891,2.565073044919,0.003));
#17517=CARTESIAN_POINT('',(-8.206524028891,2.565073044919,0.));
#17518=CARTESIAN_POINT('',(-8.206524028891,2.565073044919,0.));
#17519=CARTESIAN_POINT('Ctrl Pts',(-8.177309301669,2.702779850475,0.));
#17520=CARTESIAN_POINT('Ctrl Pts',(-8.193377271113,2.628003097141,0.));
#17521=CARTESIAN_POINT('Ctrl Pts',(-8.206524028891,2.566036339919,0.));
#17522=CARTESIAN_POINT('Ctrl Pts',(-8.206524028891,2.565073044919,0.));
#17523=CARTESIAN_POINT('Ctrl Pts',(-8.206524028891,2.565073044919,0.003));
#17524=CARTESIAN_POINT('Ctrl Pts',(-8.206524028891,2.565073044919,-0.0006));
#17525=CARTESIAN_POINT('Ctrl Pts',(-8.206524028891,2.564109749919,0.003));
#17526=CARTESIAN_POINT('Ctrl Pts',(-8.206524028891,2.564109749919,-0.0006));
#17527=CARTESIAN_POINT('Ctrl Pts',(-8.295345571113,2.563321936463,0.003));
#17528=CARTESIAN_POINT('Ctrl Pts',(-8.295345571113,2.563321936463,-0.0006));
#17529=CARTESIAN_POINT('Ctrl Pts',(-8.403902913336,2.563321936463,0.003));
#17530=CARTESIAN_POINT('Ctrl Pts',(-8.403902913336,2.563321936463,-0.0006));
#17531=CARTESIAN_POINT('',(-8.403902913336,2.563321936463,0.003));
#17532=CARTESIAN_POINT('Ctrl Pts',(-8.206524028891,2.565073044919,0.003));
#17533=CARTESIAN_POINT('Ctrl Pts',(-8.206524028891,2.564109749919,0.003));
#17534=CARTESIAN_POINT('Ctrl Pts',(-8.295345571113,2.563321936463,0.003));
#17535=CARTESIAN_POINT('Ctrl Pts',(-8.403902913336,2.563321936463,0.003));
#17536=CARTESIAN_POINT('',(-8.403902913336,2.563321936463,0.));
#17537=CARTESIAN_POINT('',(-8.403902913336,2.563321936463,0.));
#17538=CARTESIAN_POINT('Ctrl Pts',(-8.206524028891,2.565073044919,0.));
#17539=CARTESIAN_POINT('Ctrl Pts',(-8.206524028891,2.564109749919,0.));
#17540=CARTESIAN_POINT('Ctrl Pts',(-8.295345571113,2.563321936463,0.));
#17541=CARTESIAN_POINT('Ctrl Pts',(-8.403902913336,2.563321936463,0.));
#17542=CARTESIAN_POINT('Origin',(-8.502592355558,2.563321936463,0.003));
#17543=CARTESIAN_POINT('',(-8.60128179778,2.563321936463,0.003));
#17544=CARTESIAN_POINT('',(-8.403902913336,2.563321936463,0.003));
#17545=CARTESIAN_POINT('',(-8.60128179778,2.563321936463,0.));
#17546=CARTESIAN_POINT('',(-8.60128179778,2.563321936463,0.));
#17547=CARTESIAN_POINT('',(-8.403902913336,2.563321936463,0.));
#17548=CARTESIAN_POINT('Origin',(-8.6005823124715,2.566258811463,0.003));
#17549=CARTESIAN_POINT('',(-8.599882827163,2.569195686463,0.003));
#17550=CARTESIAN_POINT('',(-8.60128179778,2.563321936463,0.003));
#17551=CARTESIAN_POINT('',(-8.599882827163,2.569195686463,0.));
#17552=CARTESIAN_POINT('',(-8.599882827163,2.569195686463,0.));
#17553=CARTESIAN_POINT('',(-8.60128179778,2.563321936463,0.));
#17554=CARTESIAN_POINT('Ctrl Pts',(-8.599882827163,2.569195686463,0.003));
#17555=CARTESIAN_POINT('Ctrl Pts',(-8.599882827163,2.569195686463,-0.0006));
#17556=CARTESIAN_POINT('Ctrl Pts',(-8.599113392019,2.572426248963,0.003));
#17557=CARTESIAN_POINT('Ctrl Pts',(-8.599113392019,2.572426248963,-0.0006));
#17558=CARTESIAN_POINT('Ctrl Pts',(-8.589399358163,2.620668010352,0.003));
#17559=CARTESIAN_POINT('Ctrl Pts',(-8.589399358163,2.620668010352,-0.0006));
#17560=CARTESIAN_POINT('Ctrl Pts',(-8.57829640433,2.676398150352,0.003));
#17561=CARTESIAN_POINT('Ctrl Pts',(-8.57829640433,2.676398150352,-0.0006));
#17562=CARTESIAN_POINT('',(-8.57829640433,2.676398150352,0.003));
#17563=CARTESIAN_POINT('Ctrl Pts',(-8.599882827163,2.569195686463,0.003));
#17564=CARTESIAN_POINT('Ctrl Pts',(-8.599113392019,2.572426248963,0.003));
#17565=CARTESIAN_POINT('Ctrl Pts',(-8.589399358163,2.620668010352,0.003));
#17566=CARTESIAN_POINT('Ctrl Pts',(-8.57829640433,2.676398150352,0.003));
#17567=CARTESIAN_POINT('',(-8.57829640433,2.676398150352,0.));
#17568=CARTESIAN_POINT('',(-8.57829640433,2.676398150352,0.));
#17569=CARTESIAN_POINT('Ctrl Pts',(-8.599882827163,2.569195686463,0.));
#17570=CARTESIAN_POINT('Ctrl Pts',(-8.599113392019,2.572426248963,0.));
#17571=CARTESIAN_POINT('Ctrl Pts',(-8.589399358163,2.620668010352,0.));
#17572=CARTESIAN_POINT('Ctrl Pts',(-8.57829640433,2.676398150352,0.));
#17573=CARTESIAN_POINT('Ctrl Pts',(-8.57829640433,2.676398150352,0.003));
#17574=CARTESIAN_POINT('Ctrl Pts',(-8.57829640433,2.676398150352,-0.0006));
#17575=CARTESIAN_POINT('Ctrl Pts',(-8.555643569552,2.790100897575,0.003));
#17576=CARTESIAN_POINT('Ctrl Pts',(-8.555643569552,2.790100897575,-0.0006));
#17577=CARTESIAN_POINT('Ctrl Pts',(-8.555527660886,2.792416460352,0.003));
#17578=CARTESIAN_POINT('Ctrl Pts',(-8.555527660886,2.792416460352,-0.0006));
#17579=CARTESIAN_POINT('Ctrl Pts',(-8.57199974433,2.802059852575,0.003));
#17580=CARTESIAN_POINT('Ctrl Pts',(-8.57199974433,2.802059852575,-0.0006));
#17581=CARTESIAN_POINT('',(-8.57199974433,2.802059852575,0.003));
#17582=CARTESIAN_POINT('Ctrl Pts',(-8.57829640433,2.676398150352,0.003));
#17583=CARTESIAN_POINT('Ctrl Pts',(-8.555643569552,2.790100897575,0.003));
#17584=CARTESIAN_POINT('Ctrl Pts',(-8.555527660886,2.792416460352,0.003));
#17585=CARTESIAN_POINT('Ctrl Pts',(-8.57199974433,2.802059852575,0.003));
#17586=CARTESIAN_POINT('',(-8.57199974433,2.802059852575,0.));
#17587=CARTESIAN_POINT('',(-8.57199974433,2.802059852575,0.));
#17588=CARTESIAN_POINT('Ctrl Pts',(-8.57829640433,2.676398150352,0.));
#17589=CARTESIAN_POINT('Ctrl Pts',(-8.555643569552,2.790100897575,0.));
#17590=CARTESIAN_POINT('Ctrl Pts',(-8.555527660886,2.792416460352,0.));
#17591=CARTESIAN_POINT('Ctrl Pts',(-8.57199974433,2.802059852575,0.));
#17592=CARTESIAN_POINT('Ctrl Pts',(-8.57199974433,2.802059852575,0.003));
#17593=CARTESIAN_POINT('Ctrl Pts',(-8.57199974433,2.802059852575,-0.0006));
#17594=CARTESIAN_POINT('Ctrl Pts',(-8.58002093733,2.806756242019,0.003));
#17595=CARTESIAN_POINT('Ctrl Pts',(-8.58002093733,2.806756242019,-0.0006));
#17596=CARTESIAN_POINT('Ctrl Pts',(-8.585439928552,2.807395044963,0.003));
#17597=CARTESIAN_POINT('Ctrl Pts',(-8.585439928552,2.807395044963,-0.0006));
#17598=CARTESIAN_POINT('Ctrl Pts',(-8.616379188774,2.807293233297,0.003));
#17599=CARTESIAN_POINT('Ctrl Pts',(-8.616379188774,2.807293233297,-0.0006));
#17600=CARTESIAN_POINT('',(-8.616379188774,2.807293233297,0.003));
#17601=CARTESIAN_POINT('Ctrl Pts',(-8.57199974433,2.802059852575,0.003));
#17602=CARTESIAN_POINT('Ctrl Pts',(-8.58002093733,2.806756242019,0.003));
#17603=CARTESIAN_POINT('Ctrl Pts',(-8.585439928552,2.807395044963,0.003));
#17604=CARTESIAN_POINT('Ctrl Pts',(-8.616379188774,2.807293233297,0.003));
#17605=CARTESIAN_POINT('',(-8.616379188774,2.807293233297,0.));
#17606=CARTESIAN_POINT('',(-8.616379188774,2.807293233297,0.));
#17607=CARTESIAN_POINT('Ctrl Pts',(-8.57199974433,2.802059852575,0.));
#17608=CARTESIAN_POINT('Ctrl Pts',(-8.58002093733,2.806756242019,0.));
#17609=CARTESIAN_POINT('Ctrl Pts',(-8.585439928552,2.807395044963,0.));
#17610=CARTESIAN_POINT('Ctrl Pts',(-8.616379188774,2.807293233297,0.));
#17611=CARTESIAN_POINT('Ctrl Pts',(-8.616379188774,2.807293233297,0.003));
#17612=CARTESIAN_POINT('Ctrl Pts',(-8.616379188774,2.807293233297,-0.0006));
#17613=CARTESIAN_POINT('Ctrl Pts',(-8.647408252108,2.807191160575,0.003));
#17614=CARTESIAN_POINT('Ctrl Pts',(-8.647408252108,2.807191160575,-0.0006));
#17615=CARTESIAN_POINT('Ctrl Pts',(-8.652921745441,2.806495943525,0.003));
#17616=CARTESIAN_POINT('Ctrl Pts',(-8.652921745441,2.806495943525,-0.0006));
#17617=CARTESIAN_POINT('Ctrl Pts',(-8.662497263219,2.801478481852,0.003));
#17618=CARTESIAN_POINT('Ctrl Pts',(-8.662497263219,2.801478481852,-0.0006));
#17619=CARTESIAN_POINT('',(-8.662497263219,2.801478481852,0.003));
#17620=CARTESIAN_POINT('Ctrl Pts',(-8.616379188774,2.807293233297,0.003));
#17621=CARTESIAN_POINT('Ctrl Pts',(-8.647408252108,2.807191160575,0.003));
#17622=CARTESIAN_POINT('Ctrl Pts',(-8.652921745441,2.806495943525,0.003));
#17623=CARTESIAN_POINT('Ctrl Pts',(-8.662497263219,2.801478481852,0.003));
#17624=CARTESIAN_POINT('',(-8.662497263219,2.801478481852,0.));
#17625=CARTESIAN_POINT('',(-8.662497263219,2.801478481852,0.));
#17626=CARTESIAN_POINT('Ctrl Pts',(-8.616379188774,2.807293233297,0.));
#17627=CARTESIAN_POINT('Ctrl Pts',(-8.647408252108,2.807191160575,0.));
#17628=CARTESIAN_POINT('Ctrl Pts',(-8.652921745441,2.806495943525,0.));
#17629=CARTESIAN_POINT('Ctrl Pts',(-8.662497263219,2.801478481852,0.));
#17630=CARTESIAN_POINT('Ctrl Pts',(-8.662497263219,2.801478481852,0.003));
#17631=CARTESIAN_POINT('Ctrl Pts',(-8.662497263219,2.801478481852,-0.0006));
#17632=CARTESIAN_POINT('Ctrl Pts',(-8.66847856810782,2.798344248852,0.003));
#17633=CARTESIAN_POINT('Ctrl Pts',(-8.66847856810782,2.798344248852,-0.0006));
#17634=CARTESIAN_POINT('Ctrl Pts',(-8.6759183903856,2.792204222186,0.003));
#17635=CARTESIAN_POINT('Ctrl Pts',(-8.6759183903856,2.792204222186,-0.0006));
#17636=CARTESIAN_POINT('Ctrl Pts',(-8.67903017260782,2.787834152186,0.003));
#17637=CARTESIAN_POINT('Ctrl Pts',(-8.67903017260782,2.787834152186,-0.0006));
#17638=CARTESIAN_POINT('',(-8.67903017260782,2.787834152186,0.003));
#17639=CARTESIAN_POINT('Ctrl Pts',(-8.662497263219,2.801478481852,0.003));
#17640=CARTESIAN_POINT('Ctrl Pts',(-8.66847856810782,2.798344248852,0.003));
#17641=CARTESIAN_POINT('Ctrl Pts',(-8.6759183903856,2.792204222186,0.003));
#17642=CARTESIAN_POINT('Ctrl Pts',(-8.67903017260782,2.787834152186,0.003));
#17643=CARTESIAN_POINT('',(-8.67903017260782,2.787834152186,0.));
#17644=CARTESIAN_POINT('',(-8.67903017260782,2.787834152186,0.));
#17645=CARTESIAN_POINT('Ctrl Pts',(-8.662497263219,2.801478481852,0.));
#17646=CARTESIAN_POINT('Ctrl Pts',(-8.66847856810782,2.798344248852,0.));
#17647=CARTESIAN_POINT('Ctrl Pts',(-8.6759183903856,2.792204222186,0.));
#17648=CARTESIAN_POINT('Ctrl Pts',(-8.67903017260782,2.787834152186,0.));
#17649=CARTESIAN_POINT('Ctrl Pts',(-8.67903017260782,2.787834152186,0.003));
#17650=CARTESIAN_POINT('Ctrl Pts',(-8.67903017260782,2.787834152186,-0.0006));
#17651=CARTESIAN_POINT('Ctrl Pts',(-8.69218032410782,2.769366299019,0.003));
#17652=CARTESIAN_POINT('Ctrl Pts',(-8.69218032410782,2.769366299019,-0.0006));
#17653=CARTESIAN_POINT('Ctrl Pts',(-8.70257242366338,2.724499463852,0.003));
#17654=CARTESIAN_POINT('Ctrl Pts',(-8.70257242366338,2.724499463852,-0.0006));
#17655=CARTESIAN_POINT('Ctrl Pts',(-8.70243510844115,2.686782157186,0.003));
#17656=CARTESIAN_POINT('Ctrl Pts',(-8.70243510844115,2.686782157186,-0.0006));
#17657=CARTESIAN_POINT('',(-8.70243510844115,2.686782157186,0.003));
#17658=CARTESIAN_POINT('Ctrl Pts',(-8.67903017260782,2.787834152186,0.003));
#17659=CARTESIAN_POINT('Ctrl Pts',(-8.69218032410782,2.769366299019,0.003));
#17660=CARTESIAN_POINT('Ctrl Pts',(-8.70257242366338,2.724499463852,0.003));
#17661=CARTESIAN_POINT('Ctrl Pts',(-8.70243510844115,2.686782157186,0.003));
#17662=CARTESIAN_POINT('',(-8.70243510844115,2.686782157186,0.));
#17663=CARTESIAN_POINT('',(-8.70243510844115,2.686782157186,0.));
#17664=CARTESIAN_POINT('Ctrl Pts',(-8.67903017260782,2.787834152186,-5.42101086242752E-19));
#17665=CARTESIAN_POINT('Ctrl Pts',(-8.69218032410782,2.769366299019,-5.42101086242752E-19));
#17666=CARTESIAN_POINT('Ctrl Pts',(-8.70257242366338,2.724499463852,-5.42101086242752E-19));
#17667=CARTESIAN_POINT('Ctrl Pts',(-8.70243510844115,2.686782157186,-5.42101086242752E-19));
#17668=CARTESIAN_POINT('Ctrl Pts',(-8.70243510844115,2.686782157186,0.003));
#17669=CARTESIAN_POINT('Ctrl Pts',(-8.70243510844115,2.686782157186,-0.0006));
#17670=CARTESIAN_POINT('Ctrl Pts',(-8.7022938773856,2.647971027741,0.003));
#17671=CARTESIAN_POINT('Ctrl Pts',(-8.7022938773856,2.647971027741,-0.0006));
#17672=CARTESIAN_POINT('Ctrl Pts',(-8.69440582271893,2.621272876075,0.003));
#17673=CARTESIAN_POINT('Ctrl Pts',(-8.69440582271893,2.621272876075,-0.0006));
#17674=CARTESIAN_POINT('Ctrl Pts',(-8.67104056733004,2.580524714408,0.003));
#17675=CARTESIAN_POINT('Ctrl Pts',(-8.67104056733004,2.580524714408,-0.0006));
#17676=CARTESIAN_POINT('',(-8.67104056733004,2.580524714408,0.003));
#17677=CARTESIAN_POINT('Ctrl Pts',(-8.70243510844115,2.686782157186,0.003));
#17678=CARTESIAN_POINT('Ctrl Pts',(-8.7022938773856,2.647971027741,0.003));
#17679=CARTESIAN_POINT('Ctrl Pts',(-8.69440582271893,2.621272876075,0.003));
#17680=CARTESIAN_POINT('Ctrl Pts',(-8.67104056733004,2.580524714408,0.003));
#17681=CARTESIAN_POINT('',(-8.67104056733004,2.580524714408,0.));
#17682=CARTESIAN_POINT('',(-8.67104056733004,2.580524714408,0.));
#17683=CARTESIAN_POINT('Ctrl Pts',(-8.70243510844115,2.686782157186,0.));
#17684=CARTESIAN_POINT('Ctrl Pts',(-8.7022938773856,2.647971027741,0.));
#17685=CARTESIAN_POINT('Ctrl Pts',(-8.69440582271893,2.621272876075,0.));
#17686=CARTESIAN_POINT('Ctrl Pts',(-8.67104056733004,2.580524714408,0.));
#17687=CARTESIAN_POINT('Ctrl Pts',(-8.67104056733004,2.580524714408,0.003));
#17688=CARTESIAN_POINT('Ctrl Pts',(-8.67104056733004,2.580524714408,-0.0006));
#17689=CARTESIAN_POINT('Ctrl Pts',(-8.647891204886,2.540152472741,0.003));
#17690=CARTESIAN_POINT('Ctrl Pts',(-8.647891204886,2.540152472741,-0.0006));
#17691=CARTESIAN_POINT('Ctrl Pts',(-8.638789763997,2.529329109408,0.003));
#17692=CARTESIAN_POINT('Ctrl Pts',(-8.638789763997,2.529329109408,-0.0006));
#17693=CARTESIAN_POINT('Ctrl Pts',(-8.552317721774,2.439322374963,0.003));
#17694=CARTESIAN_POINT('Ctrl Pts',(-8.552317721774,2.439322374963,-0.0006));
#17695=CARTESIAN_POINT('',(-8.552317721774,2.439322374963,0.003));
#17696=CARTESIAN_POINT('Ctrl Pts',(-8.67104056733004,2.580524714408,0.003));
#17697=CARTESIAN_POINT('Ctrl Pts',(-8.647891204886,2.540152472741,0.003));
#17698=CARTESIAN_POINT('Ctrl Pts',(-8.638789763997,2.529329109408,0.003));
#17699=CARTESIAN_POINT('Ctrl Pts',(-8.552317721774,2.439322374963,0.003));
#17700=CARTESIAN_POINT('',(-8.552317721774,2.439322374963,0.));
#17701=CARTESIAN_POINT('',(-8.552317721774,2.439322374963,0.));
#17702=CARTESIAN_POINT('Ctrl Pts',(-8.67104056733004,2.580524714408,0.));
#17703=CARTESIAN_POINT('Ctrl Pts',(-8.647891204886,2.540152472741,0.));
#17704=CARTESIAN_POINT('Ctrl Pts',(-8.638789763997,2.529329109408,0.));
#17705=CARTESIAN_POINT('Ctrl Pts',(-8.552317721774,2.439322374963,0.));
#17706=CARTESIAN_POINT('Ctrl Pts',(-8.552317721774,2.439322374963,0.003));
#17707=CARTESIAN_POINT('Ctrl Pts',(-8.552317721774,2.439322374963,-0.0006));
#17708=CARTESIAN_POINT('Ctrl Pts',(-8.487471521774,2.371826461075,0.003));
#17709=CARTESIAN_POINT('Ctrl Pts',(-8.487471521774,2.371826461075,-0.0006));
#17710=CARTESIAN_POINT('Ctrl Pts',(-8.407570247886,2.28375675885233,0.003));
#17711=CARTESIAN_POINT('Ctrl Pts',(-8.407570247886,2.28375675885233,-0.0006));
#17712=CARTESIAN_POINT('Ctrl Pts',(-8.384325861219,2.25415305885233,0.003));
#17713=CARTESIAN_POINT('Ctrl Pts',(-8.384325861219,2.25415305885233,-0.0006));
#17714=CARTESIAN_POINT('',(-8.384325861219,2.25415305885233,0.003));
#17715=CARTESIAN_POINT('Ctrl Pts',(-8.552317721774,2.439322374963,0.003));
#17716=CARTESIAN_POINT('Ctrl Pts',(-8.487471521774,2.371826461075,0.003));
#17717=CARTESIAN_POINT('Ctrl Pts',(-8.407570247886,2.28375675885233,0.003));
#17718=CARTESIAN_POINT('Ctrl Pts',(-8.384325861219,2.25415305885233,0.003));
#17719=CARTESIAN_POINT('',(-8.384325861219,2.25415305885233,0.));
#17720=CARTESIAN_POINT('',(-8.384325861219,2.25415305885233,0.));
#17721=CARTESIAN_POINT('Ctrl Pts',(-8.552317721774,2.439322374963,0.));
#17722=CARTESIAN_POINT('Ctrl Pts',(-8.487471521774,2.371826461075,0.));
#17723=CARTESIAN_POINT('Ctrl Pts',(-8.407570247886,2.28375675885233,0.));
#17724=CARTESIAN_POINT('Ctrl Pts',(-8.384325861219,2.25415305885233,0.));
#17725=CARTESIAN_POINT('Ctrl Pts',(-8.384325861219,2.25415305885233,0.003));
#17726=CARTESIAN_POINT('Ctrl Pts',(-8.384325861219,2.25415305885233,-0.0006));
#17727=CARTESIAN_POINT('Ctrl Pts',(-8.335482366774,2.191946130519,0.003));
#17728=CARTESIAN_POINT('Ctrl Pts',(-8.335482366774,2.191946130519,-0.0006));
#17729=CARTESIAN_POINT('Ctrl Pts',(-8.310843943441,2.128731527741,0.003));
#17730=CARTESIAN_POINT('Ctrl Pts',(-8.310843943441,2.128731527741,-0.0006));
#17731=CARTESIAN_POINT('Ctrl Pts',(-8.314558763997,2.075149874963,0.003));
#17732=CARTESIAN_POINT('Ctrl Pts',(-8.314558763997,2.075149874963,-0.0006));
#17733=CARTESIAN_POINT('',(-8.314558763997,2.075149874963,0.003));
#17734=CARTESIAN_POINT('Origin',(-8.66932037429067,2.21715064040635,0.003));
#17735=CARTESIAN_POINT('',(-8.314558763997,2.075149874963,0.));
#17736=CARTESIAN_POINT('',(-8.314558763997,2.075149874963,0.));
#17737=CARTESIAN_POINT('Origin',(-8.66932037429067,2.21715064040635,0.));
#17738=CARTESIAN_POINT('Ctrl Pts',(-8.314558763997,2.075149874963,0.003));
#17739=CARTESIAN_POINT('Ctrl Pts',(-8.314558763997,2.075149874963,-0.0006));
#17740=CARTESIAN_POINT('Ctrl Pts',(-8.31617960573,2.051767128852,0.003));
#17741=CARTESIAN_POINT('Ctrl Pts',(-8.31617960573,2.051767128852,-0.0006));
#17742=CARTESIAN_POINT('Ctrl Pts',(-8.34377871233,1.918602689963,0.003));
#17743=CARTESIAN_POINT('Ctrl Pts',(-8.34377871233,1.918602689963,-0.0006));
#17744=CARTESIAN_POINT('Ctrl Pts',(-8.352933930663,1.889988390519,0.003));
#17745=CARTESIAN_POINT('Ctrl Pts',(-8.352933930663,1.889988390519,-0.0006));
#17746=CARTESIAN_POINT('',(-8.352933930663,1.889988390519,0.003));
#17747=CARTESIAN_POINT('Ctrl Pts',(-8.314558763997,2.075149874963,0.003));
#17748=CARTESIAN_POINT('Ctrl Pts',(-8.31617960573,2.051767128852,0.003));
#17749=CARTESIAN_POINT('Ctrl Pts',(-8.34377871233,1.918602689963,0.003));
#17750=CARTESIAN_POINT('Ctrl Pts',(-8.352933930663,1.889988390519,0.003));
#17751=CARTESIAN_POINT('',(-8.352933930663,1.889988390519,0.));
#17752=CARTESIAN_POINT('',(-8.352933930663,1.889988390519,0.));
#17753=CARTESIAN_POINT('Ctrl Pts',(-8.314558763997,2.075149874963,0.));
#17754=CARTESIAN_POINT('Ctrl Pts',(-8.31617960573,2.051767128852,0.));
#17755=CARTESIAN_POINT('Ctrl Pts',(-8.34377871233,1.918602689963,0.));
#17756=CARTESIAN_POINT('Ctrl Pts',(-8.352933930663,1.889988390519,0.));
#17757=CARTESIAN_POINT('Ctrl Pts',(-8.352933930663,1.889988390519,0.003));
#17758=CARTESIAN_POINT('Ctrl Pts',(-8.352933930663,1.889988390519,-0.0006));
#17759=CARTESIAN_POINT('Ctrl Pts',(-8.367277889219,1.845159930519,0.003));
#17760=CARTESIAN_POINT('Ctrl Pts',(-8.367277889219,1.845159930519,-0.0006));
#17761=CARTESIAN_POINT('Ctrl Pts',(-8.391946072886,1.80578753163,0.003));
#17762=CARTESIAN_POINT('Ctrl Pts',(-8.391946072886,1.80578753163,-0.0006));
#17763=CARTESIAN_POINT('Ctrl Pts',(-8.42829022733,1.769714874963,0.003));
#17764=CARTESIAN_POINT('Ctrl Pts',(-8.42829022733,1.769714874963,-0.0006));
#17765=CARTESIAN_POINT('',(-8.42829022733,1.769714874963,0.003));
#17766=CARTESIAN_POINT('Ctrl Pts',(-8.352933930663,1.889988390519,0.003));
#17767=CARTESIAN_POINT('Ctrl Pts',(-8.367277889219,1.845159930519,0.003));
#17768=CARTESIAN_POINT('Ctrl Pts',(-8.391946072886,1.80578753163,0.003));
#17769=CARTESIAN_POINT('Ctrl Pts',(-8.42829022733,1.769714874963,0.003));
#17770=CARTESIAN_POINT('',(-8.42829022733,1.769714874963,0.));
#17771=CARTESIAN_POINT('',(-8.42829022733,1.769714874963,0.));
#17772=CARTESIAN_POINT('Ctrl Pts',(-8.352933930663,1.889988390519,0.));
#17773=CARTESIAN_POINT('Ctrl Pts',(-8.367277889219,1.845159930519,0.));
#17774=CARTESIAN_POINT('Ctrl Pts',(-8.391946072886,1.80578753163,0.));
#17775=CARTESIAN_POINT('Ctrl Pts',(-8.42829022733,1.769714874963,0.));
#17776=CARTESIAN_POINT('Ctrl Pts',(-8.42829022733,1.769714874963,0.003));
#17777=CARTESIAN_POINT('Ctrl Pts',(-8.42829022733,1.769714874963,-0.0006));
#17778=CARTESIAN_POINT('Ctrl Pts',(-8.474236005108,1.724111079963,0.003));
#17779=CARTESIAN_POINT('Ctrl Pts',(-8.474236005108,1.724111079963,-0.0006));
#17780=CARTESIAN_POINT('Ctrl Pts',(-8.525956331774,1.696238178297,0.003));
#17781=CARTESIAN_POINT('Ctrl Pts',(-8.525956331774,1.696238178297,-0.0006));
#17782=CARTESIAN_POINT('Ctrl Pts',(-8.585638852886,1.684916198852,0.003));
#17783=CARTESIAN_POINT('Ctrl Pts',(-8.585638852886,1.684916198852,-0.0006));
#17784=CARTESIAN_POINT('',(-8.585638852886,1.684916198852,0.003));
#17785=CARTESIAN_POINT('Ctrl Pts',(-8.42829022733,1.769714874963,0.003));
#17786=CARTESIAN_POINT('Ctrl Pts',(-8.474236005108,1.724111079963,0.003));
#17787=CARTESIAN_POINT('Ctrl Pts',(-8.525956331774,1.696238178297,0.003));
#17788=CARTESIAN_POINT('Ctrl Pts',(-8.585638852886,1.684916198852,0.003));
#17789=CARTESIAN_POINT('',(-8.585638852886,1.684916198852,0.));
#17790=CARTESIAN_POINT('',(-8.585638852886,1.684916198852,0.));
#17791=CARTESIAN_POINT('Ctrl Pts',(-8.42829022733,1.769714874963,0.));
#17792=CARTESIAN_POINT('Ctrl Pts',(-8.474236005108,1.724111079963,0.));
#17793=CARTESIAN_POINT('Ctrl Pts',(-8.525956331774,1.696238178297,0.));
#17794=CARTESIAN_POINT('Ctrl Pts',(-8.585638852886,1.684916198852,0.));
#17795=CARTESIAN_POINT('Ctrl Pts',(-8.585638852886,1.684916198852,0.003));
#17796=CARTESIAN_POINT('Ctrl Pts',(-8.585638852886,1.684916198852,-0.0006));
#17797=CARTESIAN_POINT('Ctrl Pts',(-8.603515676274,1.681525087186,0.003));
#17798=CARTESIAN_POINT('Ctrl Pts',(-8.603515676274,1.681525087186,-0.0006));
#17799=CARTESIAN_POINT('Ctrl Pts',(-8.645775610663,1.680987051686,0.003));
#17800=CARTESIAN_POINT('Ctrl Pts',(-8.645775610663,1.680987051686,-0.0006));
#17801=CARTESIAN_POINT('Ctrl Pts',(-8.879691830663,1.681173184297,0.003));
#17802=CARTESIAN_POINT('Ctrl Pts',(-8.879691830663,1.681173184297,-0.0006));
#17803=CARTESIAN_POINT('',(-8.879691830663,1.681173184297,0.003));
#17804=CARTESIAN_POINT('Ctrl Pts',(-8.585638852886,1.684916198852,0.003));
#17805=CARTESIAN_POINT('Ctrl Pts',(-8.603515676274,1.681525087186,0.003));
#17806=CARTESIAN_POINT('Ctrl Pts',(-8.645775610663,1.680987051686,0.003));
#17807=CARTESIAN_POINT('Ctrl Pts',(-8.879691830663,1.681173184297,0.003));
#17808=CARTESIAN_POINT('',(-8.879691830663,1.681173184297,0.));
#17809=CARTESIAN_POINT('',(-8.879691830663,1.681173184297,0.));
#17810=CARTESIAN_POINT('Ctrl Pts',(-8.585638852886,1.684916198852,0.));
#17811=CARTESIAN_POINT('Ctrl Pts',(-8.603515676274,1.681525087186,0.));
#17812=CARTESIAN_POINT('Ctrl Pts',(-8.645775610663,1.680987051686,0.));
#17813=CARTESIAN_POINT('Ctrl Pts',(-8.879691830663,1.681173184297,0.));
#17814=CARTESIAN_POINT('Ctrl Pts',(-8.879691830663,1.681173184297,0.003));
#17815=CARTESIAN_POINT('Ctrl Pts',(-8.879691830663,1.681173184297,-0.0006));
#17816=CARTESIAN_POINT('Ctrl Pts',(-9.098613019552,1.681347569408,0.003));
#17817=CARTESIAN_POINT('Ctrl Pts',(-9.098613019552,1.681347569408,-0.0006));
#17818=CARTESIAN_POINT('Ctrl Pts',(-9.155705869552,1.682085677886,0.003));
#17819=CARTESIAN_POINT('Ctrl Pts',(-9.155705869552,1.682085677886,-0.0006));
#17820=CARTESIAN_POINT('Ctrl Pts',(-9.167218419552,1.684890615408,0.003));
#17821=CARTESIAN_POINT('Ctrl Pts',(-9.167218419552,1.684890615408,-0.0006));
#17822=CARTESIAN_POINT('Ctrl Pts',(-8.879691830663,1.681173184297,0.));
#17823=CARTESIAN_POINT('Ctrl Pts',(-9.09845409258944,1.68134744281223,0.));
#17824=CARTESIAN_POINT('Ctrl Pts',(-9.15562289057076,1.6820846065158,0.));
#17825=CARTESIAN_POINT('Ctrl Pts',(-9.16719327465901,1.68488450989871,0.));
#17826=CARTESIAN_POINT('Ctrl Pts',(-8.879691830663,1.681173184297,0.003));
#17827=CARTESIAN_POINT('Ctrl Pts',(-9.09845409258944,1.68134744281223,0.003));
#17828=CARTESIAN_POINT('Ctrl Pts',(-9.15562289057076,1.6820846065158,0.003));
#17829=CARTESIAN_POINT('Ctrl Pts',(-9.16719327465901,1.68488450989871,0.003));
#17830=CARTESIAN_POINT('Origin',(-8.715690047641,1.680987051686,0.));
#17831=CARTESIAN_POINT('Origin',(-8.715690047641,1.680987051686,0.003));
#17832=CARTESIAN_POINT('Ctrl Pts',(-8.052485326724,1.683220851863,0.003));
#17833=CARTESIAN_POINT('Ctrl Pts',(-8.052485326724,1.683220851863,-0.0006));
#17834=CARTESIAN_POINT('Ctrl Pts',(-8.052485326724,1.684468305836,0.003));
#17835=CARTESIAN_POINT('Ctrl Pts',(-8.052485326724,1.684468305836,-0.0006));
#17836=CARTESIAN_POINT('Ctrl Pts',(-8.002558451724,1.934912344641,0.003));
#17837=CARTESIAN_POINT('Ctrl Pts',(-8.002558451724,1.934912344641,-0.0006));
#17838=CARTESIAN_POINT('Ctrl Pts',(-7.941536715613,2.23976519075234,0.003));
#17839=CARTESIAN_POINT('Ctrl Pts',(-7.941536715613,2.23976519075234,-0.0006));
#17840=CARTESIAN_POINT('',(-8.05248579284939,1.68322646388974,0.));
#17841=CARTESIAN_POINT('',(-8.05248579480743,1.68322650088988,0.003));
#17842=CARTESIAN_POINT('',(-8.052486266524,1.683229336169,0.));
#17843=CARTESIAN_POINT('',(-7.941536715613,2.23976519075234,0.003));
#17844=CARTESIAN_POINT('Ctrl Pts',(-8.05248519114432,1.68322508954599,0.003));
#17845=CARTESIAN_POINT('Ctrl Pts',(-8.05239030271573,1.68494496575345,0.003));
#17846=CARTESIAN_POINT('Ctrl Pts',(-8.00250038763559,1.93520242164859,0.003));
#17847=CARTESIAN_POINT('Ctrl Pts',(-7.941536715613,2.23976519075234,0.003));
#17848=CARTESIAN_POINT('',(-7.941536715613,2.23976519075234,0.));
#17849=CARTESIAN_POINT('',(-7.941536715613,2.23976519075234,0.));
#17850=CARTESIAN_POINT('Ctrl Pts',(-8.05248519419121,1.68322503409302,0.));
#17851=CARTESIAN_POINT('Ctrl Pts',(-8.0523913767662,1.68493957810859,0.));
#17852=CARTESIAN_POINT('Ctrl Pts',(-8.00250104386179,1.93519914326883,0.));
#17853=CARTESIAN_POINT('Ctrl Pts',(-7.941536715613,2.23976519075234,0.));
#17854=CARTESIAN_POINT('Ctrl Pts',(-7.941536715613,2.23976519075234,0.003));
#17855=CARTESIAN_POINT('Ctrl Pts',(-7.941536715613,2.23976519075234,-0.0006));
#17856=CARTESIAN_POINT('Ctrl Pts',(-7.880514979502,2.544618036863,0.003));
#17857=CARTESIAN_POINT('Ctrl Pts',(-7.880514979502,2.544618036863,-0.0006));
#17858=CARTESIAN_POINT('Ctrl Pts',(-7.830588104502,2.795578574086,0.003));
#17859=CARTESIAN_POINT('Ctrl Pts',(-7.830588104502,2.795578574086,-0.0006));
#17860=CARTESIAN_POINT('Ctrl Pts',(-7.830588104502,2.797458174086,0.003));
#17861=CARTESIAN_POINT('Ctrl Pts',(-7.830588104502,2.797458174086,-0.0006));
#17862=CARTESIAN_POINT('',(-7.830588104502,2.797458174086,0.003));
#17863=CARTESIAN_POINT('Ctrl Pts',(-7.941536715613,2.23976519075234,0.003));
#17864=CARTESIAN_POINT('Ctrl Pts',(-7.880514979502,2.544618036863,0.003));
#17865=CARTESIAN_POINT('Ctrl Pts',(-7.830588104502,2.795578574086,0.003));
#17866=CARTESIAN_POINT('Ctrl Pts',(-7.830588104502,2.797458174086,0.003));
#17867=CARTESIAN_POINT('',(-7.830588104502,2.797458174086,0.));
#17868=CARTESIAN_POINT('',(-7.830588104502,2.797458174086,0.));
#17869=CARTESIAN_POINT('Ctrl Pts',(-7.941536715613,2.23976519075234,0.));
#17870=CARTESIAN_POINT('Ctrl Pts',(-7.880514979502,2.544618036863,0.));
#17871=CARTESIAN_POINT('Ctrl Pts',(-7.830588104502,2.795578574086,0.));
#17872=CARTESIAN_POINT('Ctrl Pts',(-7.830588104502,2.797458174086,0.));
#17873=CARTESIAN_POINT('Ctrl Pts',(-7.830588104502,2.797458174086,0.003));
#17874=CARTESIAN_POINT('Ctrl Pts',(-7.830588104502,2.797458174086,-0.0006));
#17875=CARTESIAN_POINT('Ctrl Pts',(-7.830588104502,2.800233716752,0.003));
#17876=CARTESIAN_POINT('Ctrl Pts',(-7.830588104502,2.800233716752,-0.0006));
#17877=CARTESIAN_POINT('Ctrl Pts',(-7.855983588947,2.800878001863,0.003));
#17878=CARTESIAN_POINT('Ctrl Pts',(-7.855983588947,2.800878001863,-0.0006));
#17879=CARTESIAN_POINT('Ctrl Pts',(-7.965337150613,2.800878001863,0.003));
#17880=CARTESIAN_POINT('Ctrl Pts',(-7.965337150613,2.800878001863,-0.0006));
#17881=CARTESIAN_POINT('',(-7.965337150613,2.800878001863,0.003));
#17882=CARTESIAN_POINT('Ctrl Pts',(-7.830588104502,2.797458174086,0.003));
#17883=CARTESIAN_POINT('Ctrl Pts',(-7.830588104502,2.800233716752,0.003));
#17884=CARTESIAN_POINT('Ctrl Pts',(-7.855983588947,2.800878001863,0.003));
#17885=CARTESIAN_POINT('Ctrl Pts',(-7.965337150613,2.800878001863,0.003));
#17886=CARTESIAN_POINT('',(-7.965337150613,2.800878001863,0.));
#17887=CARTESIAN_POINT('',(-7.965337150613,2.800878001863,0.));
#17888=CARTESIAN_POINT('Ctrl Pts',(-7.830588104502,2.797458174086,0.));
#17889=CARTESIAN_POINT('Ctrl Pts',(-7.830588104502,2.800233716752,0.));
#17890=CARTESIAN_POINT('Ctrl Pts',(-7.855983588947,2.800878001863,0.));
#17891=CARTESIAN_POINT('Ctrl Pts',(-7.965337150613,2.800878001863,0.));
#17892=CARTESIAN_POINT('Origin',(-8.0327116736685,2.800878001863,0.003));
#17893=CARTESIAN_POINT('',(-8.100086196724,2.800878001863,0.003));
#17894=CARTESIAN_POINT('',(-7.965337150613,2.800878001863,0.003));
#17895=CARTESIAN_POINT('',(-8.100086196724,2.800878001863,0.));
#17896=CARTESIAN_POINT('',(-8.100086196724,2.800878001863,0.));
#17897=CARTESIAN_POINT('',(-7.965337150613,2.800878001863,0.));
#17898=CARTESIAN_POINT('Origin',(-8.0994444699575,2.80423504578,0.003));
#17899=CARTESIAN_POINT('',(-8.098802743191,2.807592089697,0.003));
#17900=CARTESIAN_POINT('',(-8.100086196724,2.800878001863,0.003));
#17901=CARTESIAN_POINT('',(-8.098802743191,2.807592089697,0.));
#17902=CARTESIAN_POINT('',(-8.098802743191,2.807592089697,0.));
#17903=CARTESIAN_POINT('',(-8.100086196724,2.800878001863,0.));
#17904=CARTESIAN_POINT('Ctrl Pts',(-8.098802743191,2.807592089697,0.003));
#17905=CARTESIAN_POINT('Ctrl Pts',(-8.098802743191,2.807592089697,-0.0006));
#17906=CARTESIAN_POINT('Ctrl Pts',(-8.098096848969,2.81128472053,0.003));
#17907=CARTESIAN_POINT('Ctrl Pts',(-8.098096848969,2.81128472053,-0.0006));
#17908=CARTESIAN_POINT('Ctrl Pts',(-8.088287164358,2.860625525808,0.003));
#17909=CARTESIAN_POINT('Ctrl Pts',(-8.088287164358,2.860625525808,-0.0006));
#17910=CARTESIAN_POINT('Ctrl Pts',(-8.077003299024,2.91723542303,0.003));
#17911=CARTESIAN_POINT('Ctrl Pts',(-8.077003299024,2.91723542303,-0.0006));
#17912=CARTESIAN_POINT('',(-8.077003299024,2.91723542303,0.003));
#17913=CARTESIAN_POINT('Ctrl Pts',(-8.098802743191,2.807592089697,0.003));
#17914=CARTESIAN_POINT('Ctrl Pts',(-8.098096848969,2.81128472053,0.003));
#17915=CARTESIAN_POINT('Ctrl Pts',(-8.088287164358,2.860625525808,0.003));
#17916=CARTESIAN_POINT('Ctrl Pts',(-8.077003299024,2.91723542303,0.003));
#17917=CARTESIAN_POINT('',(-8.077003299024,2.91723542303,0.));
#17918=CARTESIAN_POINT('',(-8.077003299024,2.91723542303,0.));
#17919=CARTESIAN_POINT('Ctrl Pts',(-8.098802743191,2.807592089697,0.));
#17920=CARTESIAN_POINT('Ctrl Pts',(-8.098096848969,2.81128472053,0.));
#17921=CARTESIAN_POINT('Ctrl Pts',(-8.088287164358,2.860625525808,0.));
#17922=CARTESIAN_POINT('Ctrl Pts',(-8.077003299024,2.91723542303,0.));
#17923=CARTESIAN_POINT('Origin',(-8.0667452514965,2.9686999152525,0.003));
#17924=CARTESIAN_POINT('',(-8.056487203969,3.020164407475,0.003));
#17925=CARTESIAN_POINT('',(-8.077003299024,2.91723542303,0.003));
#17926=CARTESIAN_POINT('',(-8.056487203969,3.020164407475,0.));
#17927=CARTESIAN_POINT('',(-8.056487203969,3.020164407475,0.));
#17928=CARTESIAN_POINT('',(-8.077003299024,2.91723542303,0.));
#17929=CARTESIAN_POINT('Origin',(-7.8191485456355,3.020164407475,0.003));
#17930=CARTESIAN_POINT('',(-7.581809887302,3.020164407475,0.003));
#17931=CARTESIAN_POINT('',(-8.056487203969,3.020164407475,0.003));
#17932=CARTESIAN_POINT('',(-7.581809887302,3.020164407475,0.));
#17933=CARTESIAN_POINT('',(-7.581809887302,3.020164407475,0.));
#17934=CARTESIAN_POINT('',(-8.056487203969,3.020164407475,0.));
#17935=CARTESIAN_POINT('Ctrl Pts',(-7.581809887302,3.020164407475,0.003));
#17936=CARTESIAN_POINT('Ctrl Pts',(-7.581809887302,3.020164407475,-0.0006));
#17937=CARTESIAN_POINT('Ctrl Pts',(-7.130966942858,3.020164407475,0.003));
#17938=CARTESIAN_POINT('Ctrl Pts',(-7.130966942858,3.020164407475,-0.0006));
#17939=CARTESIAN_POINT('Ctrl Pts',(-7.107184781747,3.019934939641,0.003));
#17940=CARTESIAN_POINT('Ctrl Pts',(-7.107184781747,3.019934939641,-0.0006));
#17941=CARTESIAN_POINT('Ctrl Pts',(-7.108437848413,3.015595935252,0.003));
#17942=CARTESIAN_POINT('Ctrl Pts',(-7.108437848413,3.015595935252,-0.0006));
#17943=CARTESIAN_POINT('',(-7.108437848413,3.015595935252,0.003));
#17944=CARTESIAN_POINT('Ctrl Pts',(-7.581809887302,3.020164407475,0.003));
#17945=CARTESIAN_POINT('Ctrl Pts',(-7.130966942858,3.020164407475,0.003));
#17946=CARTESIAN_POINT('Ctrl Pts',(-7.107184781747,3.019934939641,0.003));
#17947=CARTESIAN_POINT('Ctrl Pts',(-7.108437848413,3.015595935252,0.003));
#17948=CARTESIAN_POINT('',(-7.108437848413,3.015595935252,0.));
#17949=CARTESIAN_POINT('',(-7.108437848413,3.015595935252,0.));
#17950=CARTESIAN_POINT('Ctrl Pts',(-7.581809887302,3.020164407475,0.));
#17951=CARTESIAN_POINT('Ctrl Pts',(-7.130966942858,3.020164407475,0.));
#17952=CARTESIAN_POINT('Ctrl Pts',(-7.107184781747,3.019934939641,0.));
#17953=CARTESIAN_POINT('Ctrl Pts',(-7.108437848413,3.015595935252,0.));
#17954=CARTESIAN_POINT('Ctrl Pts',(-7.108437848413,3.015595935252,0.003));
#17955=CARTESIAN_POINT('Ctrl Pts',(-7.108437848413,3.015595935252,-0.0006));
#17956=CARTESIAN_POINT('Ctrl Pts',(-7.109167498691,3.01308327553,0.003));
#17957=CARTESIAN_POINT('Ctrl Pts',(-7.109167498691,3.01308327553,-0.0006));
#17958=CARTESIAN_POINT('Ctrl Pts',(-7.118714300358,2.96579958803,0.003));
#17959=CARTESIAN_POINT('Ctrl Pts',(-7.118714300358,2.96579958803,-0.0006));
#17960=CARTESIAN_POINT('Ctrl Pts',(-7.129653050247,2.910521074141,0.003));
#17961=CARTESIAN_POINT('Ctrl Pts',(-7.129653050247,2.910521074141,-0.0006));
#17962=CARTESIAN_POINT('',(-7.129653050247,2.910521074141,0.003));
#17963=CARTESIAN_POINT('Ctrl Pts',(-7.108437848413,3.015595935252,0.003));
#17964=CARTESIAN_POINT('Ctrl Pts',(-7.109167498691,3.01308327553,0.003));
#17965=CARTESIAN_POINT('Ctrl Pts',(-7.118714300358,2.96579958803,0.003));
#17966=CARTESIAN_POINT('Ctrl Pts',(-7.129653050247,2.910521074141,0.003));
#17967=CARTESIAN_POINT('',(-7.129653050247,2.910521074141,0.));
#17968=CARTESIAN_POINT('',(-7.129653050247,2.910521074141,0.));
#17969=CARTESIAN_POINT('Ctrl Pts',(-7.108437848413,3.015595935252,0.));
#17970=CARTESIAN_POINT('Ctrl Pts',(-7.109167498691,3.01308327553,0.));
#17971=CARTESIAN_POINT('Ctrl Pts',(-7.118714300358,2.96579958803,0.));
#17972=CARTESIAN_POINT('Ctrl Pts',(-7.129653050247,2.910521074141,0.));
#17973=CARTESIAN_POINT('Ctrl Pts',(-7.129653050247,2.910521074141,0.003));
#17974=CARTESIAN_POINT('Ctrl Pts',(-7.129653050247,2.910521074141,-0.0006));
#17975=CARTESIAN_POINT('Ctrl Pts',(-7.140591800136,2.855242560252,0.003));
#17976=CARTESIAN_POINT('Ctrl Pts',(-7.140591800136,2.855242560252,-0.0006));
#17977=CARTESIAN_POINT('Ctrl Pts',(-7.150138601802,2.807957567475,0.003));
#17978=CARTESIAN_POINT('Ctrl Pts',(-7.150138601802,2.807957567475,-0.0006));
#17979=CARTESIAN_POINT('Ctrl Pts',(-7.15086825208,2.80544621303,0.003));
#17980=CARTESIAN_POINT('Ctrl Pts',(-7.15086825208,2.80544621303,-0.0006));
#17981=CARTESIAN_POINT('',(-7.15086825208,2.80544621303,0.003));
#17982=CARTESIAN_POINT('Ctrl Pts',(-7.129653050247,2.910521074141,0.003));
#17983=CARTESIAN_POINT('Ctrl Pts',(-7.140591800136,2.855242560252,0.003));
#17984=CARTESIAN_POINT('Ctrl Pts',(-7.150138601802,2.807957567475,0.003));
#17985=CARTESIAN_POINT('Ctrl Pts',(-7.15086825208,2.80544621303,0.003));
#17986=CARTESIAN_POINT('',(-7.15086825208,2.80544621303,0.));
#17987=CARTESIAN_POINT('',(-7.15086825208,2.80544621303,0.));
#17988=CARTESIAN_POINT('Ctrl Pts',(-7.129653050247,2.910521074141,0.));
#17989=CARTESIAN_POINT('Ctrl Pts',(-7.140591800136,2.855242560252,0.));
#17990=CARTESIAN_POINT('Ctrl Pts',(-7.150138601802,2.807957567475,0.));
#17991=CARTESIAN_POINT('Ctrl Pts',(-7.15086825208,2.80544621303,0.));
#17992=CARTESIAN_POINT('Ctrl Pts',(-7.15086825208,2.80544621303,0.003));
#17993=CARTESIAN_POINT('Ctrl Pts',(-7.15086825208,2.80544621303,-0.0006));
#17994=CARTESIAN_POINT('Ctrl Pts',(-7.152109310191,2.801171428308,0.003));
#17995=CARTESIAN_POINT('Ctrl Pts',(-7.152109310191,2.801171428308,-0.0006));
#17996=CARTESIAN_POINT('Ctrl Pts',(-7.160871117802,2.800876957641,0.003));
#17997=CARTESIAN_POINT('Ctrl Pts',(-7.160871117802,2.800876957641,-0.0006));
#17998=CARTESIAN_POINT('Ctrl Pts',(-7.28711575708,2.800865471197,0.003));
#17999=CARTESIAN_POINT('Ctrl Pts',(-7.28711575708,2.800865471197,-0.0006));
#18000=CARTESIAN_POINT('',(-7.28711575708,2.800865471197,0.003));
#18001=CARTESIAN_POINT('Ctrl Pts',(-7.15086825208,2.80544621303,0.003));
#18002=CARTESIAN_POINT('Ctrl Pts',(-7.152109310191,2.801171428308,0.003));
#18003=CARTESIAN_POINT('Ctrl Pts',(-7.160871117802,2.800876957641,0.003));
#18004=CARTESIAN_POINT('Ctrl Pts',(-7.28711575708,2.800865471197,0.003));
#18005=CARTESIAN_POINT('',(-7.28711575708,2.800865471197,0.));
#18006=CARTESIAN_POINT('',(-7.28711575708,2.800865471197,0.));
#18007=CARTESIAN_POINT('Ctrl Pts',(-7.15086825208,2.80544621303,0.));
#18008=CARTESIAN_POINT('Ctrl Pts',(-7.152109310191,2.801171428308,0.));
#18009=CARTESIAN_POINT('Ctrl Pts',(-7.160871117802,2.800876957641,0.));
#18010=CARTESIAN_POINT('Ctrl Pts',(-7.28711575708,2.800865471197,0.));
#18011=CARTESIAN_POINT('Origin',(-7.354576428469,2.800858944808,0.003));
#18012=CARTESIAN_POINT('',(-7.422037099858,2.800852418419,0.003));
#18013=CARTESIAN_POINT('',(-7.28711575708,2.800865471197,0.003));
#18014=CARTESIAN_POINT('',(-7.422037099858,2.800852418419,0.));
#18015=CARTESIAN_POINT('',(-7.422037099858,2.800852418419,0.));
#18016=CARTESIAN_POINT('',(-7.28711575708,2.800865471197,0.));
#18017=CARTESIAN_POINT('Origin',(-7.534290988747,2.240914357308,0.003));
#18018=CARTESIAN_POINT('',(-7.646544877636,1.680976296197,0.003));
#18019=CARTESIAN_POINT('',(-7.422037099858,2.800852418419,0.003));
#18020=CARTESIAN_POINT('',(-7.646544877636,1.680976296197,0.));
#18021=CARTESIAN_POINT('',(-7.646544877636,1.680976296197,0.));
#18022=CARTESIAN_POINT('',(-7.422037099858,2.800852418419,0.));
#18023=CARTESIAN_POINT('Origin',(-7.748030224858,1.6809723803635,0.003));
#18024=CARTESIAN_POINT('',(-7.84951557208,1.68096846453,0.003));
#18025=CARTESIAN_POINT('',(-7.646544877636,1.680976296197,0.003));
#18026=CARTESIAN_POINT('',(-7.84951557208,1.68096846453,0.));
#18027=CARTESIAN_POINT('',(-7.84951557208,1.68096846453,0.));
#18028=CARTESIAN_POINT('',(-7.646544877636,1.680976296197,0.));
#18029=CARTESIAN_POINT('Ctrl Pts',(-7.84951557208,1.68096846453,0.003));
#18030=CARTESIAN_POINT('Ctrl Pts',(-7.84951557208,1.68096846453,-0.0006));
#18031=CARTESIAN_POINT('Ctrl Pts',(-7.96266749208,1.680963243419,0.003));
#18032=CARTESIAN_POINT('Ctrl Pts',(-7.96266749208,1.680963243419,-0.0006));
#18033=CARTESIAN_POINT('Ctrl Pts',(-8.052486266524,1.68196488748,0.003));
#18034=CARTESIAN_POINT('Ctrl Pts',(-8.052486266524,1.68196488748,-0.0006));
#18035=CARTESIAN_POINT('Ctrl Pts',(-8.052486266524,1.683229336169,0.003));
#18036=CARTESIAN_POINT('Ctrl Pts',(-8.052486266524,1.683229336169,-0.0006));
#18037=CARTESIAN_POINT('Ctrl Pts',(-7.84951557208,1.68096846453,0.003));
#18038=CARTESIAN_POINT('Ctrl Pts',(-7.96254041405587,1.6809632492827,0.003));
#18039=CARTESIAN_POINT('Ctrl Pts',(-8.05228449076241,1.68196263890836,0.003));
#18040=CARTESIAN_POINT('Ctrl Pts',(-8.05248592675397,1.68322507695464,0.003));
#18041=CARTESIAN_POINT('Ctrl Pts',(-7.84951557208,1.68096846453,0.));
#18042=CARTESIAN_POINT('Ctrl Pts',(-7.96253875634785,1.68096324935919,0.));
#18043=CARTESIAN_POINT('Ctrl Pts',(-8.05228185824806,1.68196260959296,0.));
#18044=CARTESIAN_POINT('Ctrl Pts',(-8.05248591783295,1.68322502140719,0.));
#18045=CARTESIAN_POINT('Origin',(-7.6036354892355,1.680963243419,0.));
#18046=CARTESIAN_POINT('Origin',(-7.6036354892355,1.680963243419,0.003));
#18047=CARTESIAN_POINT('',(0.,0.,0.));
#18048=CARTESIAN_POINT('',(0.,0.,0.));
#18049=CARTESIAN_POINT('',(8.7,0.,2.875));
#18050=UNCERTAINTY_MEASURE_WITH_UNIT(LENGTH_MEASURE(0.01),#18060,
'DISTANCE_ACCURACY_VALUE',
'Maximum model space distance between geometric entities at asserted c
onnectivities');
#18051=UNCERTAINTY_MEASURE_WITH_UNIT(LENGTH_MEASURE(0.01),#18060,
'DISTANCE_ACCURACY_VALUE',
'Maximum model space distance between geometric entities at asserted c
onnectivities');
#18052=UNCERTAINTY_MEASURE_WITH_UNIT(LENGTH_MEASURE(0.01),#18060,
'DISTANCE_ACCURACY_VALUE',
'Maximum model space distance between geometric entities at asserted c
onnectivities');
#18053=UNCERTAINTY_MEASURE_WITH_UNIT(LENGTH_MEASURE(0.01),#18060,
'DISTANCE_ACCURACY_VALUE',
'Maximum model space distance between geometric entities at asserted c
onnectivities');
#18054=UNCERTAINTY_MEASURE_WITH_UNIT(LENGTH_MEASURE(0.01),#18060,
'DISTANCE_ACCURACY_VALUE',
'Maximum model space distance between geometric entities at asserted c
onnectivities');
#18055=(
GEOMETRIC_REPRESENTATION_CONTEXT(3)
GLOBAL_UNCERTAINTY_ASSIGNED_CONTEXT((#18050))
GLOBAL_UNIT_ASSIGNED_CONTEXT((#18060,#18062,#18063))
REPRESENTATION_CONTEXT('','3D')
);
#18056=(
GEOMETRIC_REPRESENTATION_CONTEXT(3)
GLOBAL_UNCERTAINTY_ASSIGNED_CONTEXT((#18051))
GLOBAL_UNIT_ASSIGNED_CONTEXT((#18060,#18062,#18063))
REPRESENTATION_CONTEXT('','3D')
);
#18057=(
GEOMETRIC_REPRESENTATION_CONTEXT(3)
GLOBAL_UNCERTAINTY_ASSIGNED_CONTEXT((#18052))
GLOBAL_UNIT_ASSIGNED_CONTEXT((#18060,#18062,#18063))
REPRESENTATION_CONTEXT('','3D')
);
#18058=(
GEOMETRIC_REPRESENTATION_CONTEXT(3)
GLOBAL_UNCERTAINTY_ASSIGNED_CONTEXT((#18053))
GLOBAL_UNIT_ASSIGNED_CONTEXT((#18060,#18062,#18063))
REPRESENTATION_CONTEXT('','3D')
);
#18059=(
GEOMETRIC_REPRESENTATION_CONTEXT(3)
GLOBAL_UNCERTAINTY_ASSIGNED_CONTEXT((#18054))
GLOBAL_UNIT_ASSIGNED_CONTEXT((#18060,#18062,#18063))
REPRESENTATION_CONTEXT('','3D')
);
#18060=(
LENGTH_UNIT()
NAMED_UNIT(*)
SI_UNIT(.MILLI.,.METRE.)
);
#18061=(
LENGTH_UNIT()
NAMED_UNIT(*)
SI_UNIT(.CENTI.,.METRE.)
);
#18062=(
NAMED_UNIT(*)
PLANE_ANGLE_UNIT()
SI_UNIT($,.RADIAN.)
);
#18063=(
NAMED_UNIT(*)
SI_UNIT($,.STERADIAN.)
SOLID_ANGLE_UNIT()
);
#18064=SHAPE_DEFINITION_REPRESENTATION(#18068,#18075);
#18065=SHAPE_DEFINITION_REPRESENTATION(#18069,#18076);
#18066=SHAPE_DEFINITION_REPRESENTATION(#18070,#18077);
#18067=SHAPE_DEFINITION_REPRESENTATION(#18071,#18078);
#18068=PRODUCT_DEFINITION_SHAPE('',$,#18080);
#18069=PRODUCT_DEFINITION_SHAPE('',$,#18081);
#18070=PRODUCT_DEFINITION_SHAPE('',$,#18082);
#18071=PRODUCT_DEFINITION_SHAPE('',$,#18083);
#18072=PRODUCT_DEFINITION_SHAPE($,$,#20);
#18073=PRODUCT_DEFINITION_SHAPE($,$,#21);
#18074=PRODUCT_DEFINITION_SHAPE($,$,#22);
#18075=SHAPE_REPRESENTATION('',(#10020,#11111,#11112,#11113),#18055);
#18076=SHAPE_REPRESENTATION('',(#10021),#18056);
#18077=SHAPE_REPRESENTATION('',(#10998),#18057);
#18078=SHAPE_REPRESENTATION('',(#11083),#18058);
#18079=PRODUCT_DEFINITION_CONTEXT('part definition',#18093,'design');
#18080=PRODUCT_DEFINITION('B6B-XH-A(LF)(SN)','B6B-XH-A(LF)(SN)',#18084,
#18079);
#18081=PRODUCT_DEFINITION('Package','Package',#18085,#18079);
#18082=PRODUCT_DEFINITION('Pins','Pins',#18086,#18079);
#18083=PRODUCT_DEFINITION('Logo','Logo',#18087,#18079);
#18084=PRODUCT_DEFINITION_FORMATION('',$,#18095);
#18085=PRODUCT_DEFINITION_FORMATION('',$,#18096);
#18086=PRODUCT_DEFINITION_FORMATION('',$,#18097);
#18087=PRODUCT_DEFINITION_FORMATION('',$,#18098);
#18088=PRODUCT_RELATED_PRODUCT_CATEGORY('B6B-XH-A(LF)(SN)',
'B6B-XH-A(LF)(SN)',(#18095));
#18089=PRODUCT_RELATED_PRODUCT_CATEGORY('Package','Package',(#18096));
#18090=PRODUCT_RELATED_PRODUCT_CATEGORY('Pins','Pins',(#18097));
#18091=PRODUCT_RELATED_PRODUCT_CATEGORY('Logo','Logo',(#18098));
#18092=APPLICATION_PROTOCOL_DEFINITION('international standard',
'automotive_design',2009,#18093);
#18093=APPLICATION_CONTEXT(
'Core Data for Automotive Mechanical Design Process');
#18094=PRODUCT_CONTEXT('part definition',#18093,'mechanical');
#18095=PRODUCT('B6B-XH-A(LF)(SN)','B6B-XH-A(LF)(SN)',$,(#18094));
#18096=PRODUCT('Package','Package',$,(#18094));
#18097=PRODUCT('Pins','Pins',$,(#18094));
#18098=PRODUCT('Logo','Logo',$,(#18094));
ENDSEC;
END-ISO-10303-21;
