ISO-10303-21;
HEADER;
/* Generated by software containing ST-Developer
 * from STEP Tools, Inc. (www.steptools.com) 
 */

FILE_DESCRIPTION(
/* description */ (''),
/* implementation_level */ '2;1');

FILE_NAME(
/* name */ 'D:\\Upverter\\3D\\JST\\B4B-XH-A (LF)(SN)\\B4B-XH-A.stp',
/* time_stamp */ '2022-06-28T20:44:10+02:00',
/* author */ ('AbuBakr'),
/* organization */ (''),
/* preprocessor_version */ 'ST-DEVELOPER v17',
/* originating_system */ 'Autodesk Inventor 2019',
/* authorisation */ '');

FILE_SCHEMA (('AUTOMOTIVE_DESIGN { 1 0 10303 214 3 1 1 }'));
ENDSEC;

DATA;
#10=MECHANICAL_DESIGN_GEOMETRIC_PRESENTATION_REPRESENTATION('',(#8178,#8179,
#8180,#8181,#8182,#8183,#8184,#8185,#8186,#8187,#8188,#8189,#8190,#8191,
#8192,#8193,#8194,#8195,#8196,#8197,#8198,#8199,#8200,#8201,#8202,#8203,
#8204,#8205,#8206,#8207,#8208,#8209,#8210,#8211,#8212,#8213,#8214,#8215,
#8216,#8217,#8218,#8219,#8220,#8221,#8222,#8223,#8224,#8225,#8226,#8227,
#8228,#8229,#8230,#8231,#8232,#8233,#8234,#8235,#8236,#8237,#8238,#8239,
#8240,#8241,#8242,#8243,#8244,#8245,#8246,#8247,#8248,#8249,#8250,#8251,
#8252,#8253,#8254,#8255,#8256,#8257,#8258,#8259,#8260,#8261,#8262,#8263,
#8264,#8265,#8266,#8267,#8268,#8269,#8270,#8271,#8272,#8273,#8274,#8275,
#8276,#8277,#8278,#8279,#8280,#8281,#8282,#8283,#8284,#8285,#8286,#8287,
#8288,#8289,#8290,#8291,#8292,#8293,#8294,#8295,#8296,#8297,#8298,#8299,
#8300,#8301,#8302,#8303,#8304,#8305,#8306,#8307,#8308,#8309,#8310,#8311,
#8312,#8313,#8314,#8315,#8316,#8317,#8318,#8319,#8320,#8321,#8322,#8323,
#8324,#8325,#8326,#8327,#8328,#8329,#8330,#8331,#8332,#8333,#8334,#8335,
#8336,#8337,#8338,#8339,#8340,#8341,#8342,#8343,#8344,#8345,#8346,#8347,
#8348,#8349,#8350,#8351,#8352,#8353,#8354,#8355,#8356,#8357,#8358,#8359,
#8360,#8361,#8362,#8363,#8364,#8365,#8366,#8367,#8368,#8369,#8370,#8371,
#8372,#8373,#8374,#8375,#8376,#8377,#8378,#8379,#8380,#8381,#8382,#8383,
#8384,#8385,#8386,#8387,#8388,#8389,#8390,#8391,#8392,#8393,#8394,#8395,
#8396,#8397,#8398,#8399,#8400,#8401,#8402,#8403,#8404,#8405,#8406,#8407,
#8408,#8409,#8410,#8411,#8412,#8413,#8414,#8415,#8416,#8417,#8418,#8419,
#8420,#8421,#8422,#8423,#8424,#8425,#8426,#8427,#8428,#8429,#8430,#8431,
#8432,#8433,#8434,#8435,#8436,#8437,#8438,#8439,#8440,#8441,#8442,#8443,
#8444,#8445,#8446,#8447,#8448,#8449,#8450,#8451,#8452,#8453,#8454,#8455,
#8456,#8457,#8458,#8459,#8460,#8461,#8462,#8463,#8464,#8465,#8466,#8467,
#8468,#8469,#8470,#8471,#8472,#8473,#8474,#8475,#8476,#8477,#8478,#8479,
#8480,#8481,#8482,#8483,#8484,#8485,#8486,#8487,#8488,#8489,#8490,#8491,
#8492,#8493,#8494,#8495,#8496,#8497,#8498,#8499,#8500,#8501,#8502,#8503,
#8504,#8505,#8506,#8507,#8508,#8509,#8510,#8511,#8512,#8513,#8514,#8515,
#8516,#8517,#8518,#8519,#8520,#8521,#8522,#8523,#8524,#8525,#8526,#8527,
#8528,#8529,#8530,#8531,#8532,#8533,#8534,#8535,#8536,#8537,#8538,#8539,
#8540,#8541,#8542,#8543,#8544,#8545,#8546,#8547,#8548,#8549,#8550,#8551,
#8552,#8553,#8554,#8555,#8556,#8557,#8558,#8559,#8560,#8561,#8562,#8563,
#8564,#8565,#8566,#8567,#8568,#8569,#8570,#8571,#8572,#8573,#8574,#8575,
#8576,#8577,#8578,#8579,#8580,#8581,#8582,#8583,#8584,#8585,#8586,#8587,
#8588,#8589,#8590,#8591,#8592,#8593,#8594,#8595,#8596,#8597,#8598,#8599,
#8600,#8601,#8602,#8603,#8604,#8605,#8606,#8607,#8608,#8609,#8610,#8611,
#8612,#8613,#8614,#8615,#8616,#8617,#8618,#8619,#8620,#8621,#8622,#8623,
#8624,#8625,#8626,#8627,#8628,#8629,#8630,#8631,#8632,#8633,#8634,#8635,
#8636,#8637,#8638,#8639,#8640,#8641,#8642,#8643,#8644,#8645,#8646,#8647,
#8648,#8649,#8650,#8651,#8652,#8653,#8654,#8655,#8656,#8657,#8658,#8659,
#8660,#8661,#8662,#8663,#8664,#8665,#8666,#8667,#8668,#8669,#8670,#8671,
#8672,#8673,#8674,#8675,#8676,#8677,#8678,#8679,#8680,#8681,#8682,#8683,
#8684,#8685,#8686,#8687,#8688,#8689,#8690,#8691,#8692,#8693,#8694,#8695,
#8696,#8697,#8698,#8699,#8700,#8701,#8702,#8703,#8704,#8705,#8706,#8707,
#8708,#8709,#8710,#8711,#8712,#8713,#8714,#8715,#8716,#8717,#8718,#8719,
#8720,#8721,#8722,#8723,#8724,#8725,#8726,#8727,#8728,#8729,#8730,#8731,
#8732,#8733,#8734,#8735,#8736,#8737,#8738),#16345);
#11=ITEM_DEFINED_TRANSFORMATION($,$,#9425,#10358);
#12=ITEM_DEFINED_TRANSFORMATION($,$,#10050,#10359);
#13=ITEM_DEFINED_TRANSFORMATION($,$,#10324,#10360);
#14=ITEM_DEFINED_TRANSFORMATION($,$,#10330,#10361);
#15=(
REPRESENTATION_RELATIONSHIP($,$,#16365,#16364)
REPRESENTATION_RELATIONSHIP_WITH_TRANSFORMATION(#11)
SHAPE_REPRESENTATION_RELATIONSHIP()
);
#16=(
REPRESENTATION_RELATIONSHIP($,$,#16366,#16364)
REPRESENTATION_RELATIONSHIP_WITH_TRANSFORMATION(#12)
SHAPE_REPRESENTATION_RELATIONSHIP()
);
#17=(
REPRESENTATION_RELATIONSHIP($,$,#16367,#16364)
REPRESENTATION_RELATIONSHIP_WITH_TRANSFORMATION(#13)
SHAPE_REPRESENTATION_RELATIONSHIP()
);
#18=(
REPRESENTATION_RELATIONSHIP($,$,#16368,#16364)
REPRESENTATION_RELATIONSHIP_WITH_TRANSFORMATION(#14)
SHAPE_REPRESENTATION_RELATIONSHIP()
);
#19=CONTEXT_DEPENDENT_SHAPE_REPRESENTATION(#15,#16360);
#20=CONTEXT_DEPENDENT_SHAPE_REPRESENTATION(#16,#16361);
#21=CONTEXT_DEPENDENT_SHAPE_REPRESENTATION(#17,#16362);
#22=CONTEXT_DEPENDENT_SHAPE_REPRESENTATION(#18,#16363);
#23=NEXT_ASSEMBLY_USAGE_OCCURRENCE('1:1','1:1','1:1',#16370,#16371,
'1:1');
#24=NEXT_ASSEMBLY_USAGE_OCCURRENCE('2:1','2:1','2:1',#16370,#16372,
'2:1');
#25=NEXT_ASSEMBLY_USAGE_OCCURRENCE('Pin1_Triangle:1','Pin1_Triangle:1',
'Pin1_Triangle:1',#16370,#16373,'Pin1_Triangle:1');
#26=NEXT_ASSEMBLY_USAGE_OCCURRENCE('JST:1','JST:1','JST:1',#16370,#16374,
'JST:1');
#27=B_SPLINE_SURFACE_WITH_KNOTS('',3,1,((#15055,#15056),(#15057,#15058),
(#15059,#15060),(#15061,#15062)),.UNSPECIFIED.,.F.,.F.,.F.,(4,4),(2,2),
(0.,1.),(0.,0.00036),.UNSPECIFIED.);
#28=B_SPLINE_SURFACE_WITH_KNOTS('',3,1,((#15077,#15078),(#15079,#15080),
(#15081,#15082),(#15083,#15084)),.UNSPECIFIED.,.F.,.F.,.F.,(4,4),(2,2),
(0.,1.),(0.,0.00036),.UNSPECIFIED.);
#29=B_SPLINE_SURFACE_WITH_KNOTS('',3,1,((#15096,#15097),(#15098,#15099),
(#15100,#15101),(#15102,#15103)),.UNSPECIFIED.,.F.,.F.,.F.,(4,4),(2,2),
(0.,1.),(0.,0.00036),.UNSPECIFIED.);
#30=B_SPLINE_SURFACE_WITH_KNOTS('',3,1,((#15127,#15128),(#15129,#15130),
(#15131,#15132),(#15133,#15134)),.UNSPECIFIED.,.F.,.F.,.F.,(4,4),(2,2),
(0.,1.),(0.,0.00036),.UNSPECIFIED.);
#31=B_SPLINE_SURFACE_WITH_KNOTS('',3,1,((#15146,#15147),(#15148,#15149),
(#15150,#15151),(#15152,#15153)),.UNSPECIFIED.,.F.,.F.,.F.,(4,4),(2,2),
(0.,1.),(0.,0.00036),.UNSPECIFIED.);
#32=B_SPLINE_SURFACE_WITH_KNOTS('',3,1,((#15165,#15166),(#15167,#15168),
(#15169,#15170),(#15171,#15172)),.UNSPECIFIED.,.F.,.F.,.F.,(4,4),(2,2),
(0.,1.),(0.,0.00036),.UNSPECIFIED.);
#33=B_SPLINE_SURFACE_WITH_KNOTS('',3,1,((#15184,#15185),(#15186,#15187),
(#15188,#15189),(#15190,#15191)),.UNSPECIFIED.,.F.,.F.,.F.,(4,4),(2,2),
(0.,1.),(0.,0.00036),.UNSPECIFIED.);
#34=B_SPLINE_SURFACE_WITH_KNOTS('',3,1,((#15203,#15204),(#15205,#15206),
(#15207,#15208),(#15209,#15210)),.UNSPECIFIED.,.F.,.F.,.F.,(4,4),(2,2),
(0.,1.),(0.,0.00036),.UNSPECIFIED.);
#35=B_SPLINE_SURFACE_WITH_KNOTS('',3,1,((#15222,#15223),(#15224,#15225),
(#15226,#15227),(#15228,#15229)),.UNSPECIFIED.,.F.,.F.,.F.,(4,4),(2,2),
(0.,1.),(0.,0.00036),.UNSPECIFIED.);
#36=B_SPLINE_SURFACE_WITH_KNOTS('',3,1,((#15253,#15254),(#15255,#15256),
(#15257,#15258),(#15259,#15260)),.UNSPECIFIED.,.F.,.F.,.F.,(4,4),(2,2),
(0.,1.),(0.,0.00036),.UNSPECIFIED.);
#37=B_SPLINE_SURFACE_WITH_KNOTS('',3,1,((#15272,#15273),(#15274,#15275),
(#15276,#15277),(#15278,#15279)),.UNSPECIFIED.,.F.,.F.,.F.,(4,4),(2,2),
(0.,1.),(0.,0.00036),.UNSPECIFIED.);
#38=B_SPLINE_SURFACE_WITH_KNOTS('',3,1,((#15291,#15292),(#15293,#15294),
(#15295,#15296),(#15297,#15298)),.UNSPECIFIED.,.F.,.F.,.F.,(4,4),(2,2),
(0.,1.),(0.,0.00036),.UNSPECIFIED.);
#39=B_SPLINE_SURFACE_WITH_KNOTS('',3,1,((#15310,#15311),(#15312,#15313),
(#15314,#15315),(#15316,#15317)),.UNSPECIFIED.,.F.,.F.,.F.,(4,4),(2,2),
(0.,1.),(0.,0.00036),.UNSPECIFIED.);
#40=B_SPLINE_SURFACE_WITH_KNOTS('',3,1,((#15329,#15330),(#15331,#15332),
(#15333,#15334),(#15335,#15336)),.UNSPECIFIED.,.F.,.F.,.F.,(4,4),(2,2),
(0.,1.),(0.,0.00036),.UNSPECIFIED.);
#41=B_SPLINE_SURFACE_WITH_KNOTS('',3,1,((#15347,#15348),(#15349,#15350),
(#15351,#15352),(#15353,#15354)),.UNSPECIFIED.,.F.,.F.,.F.,(4,4),(2,2),
(0.,1.),(0.,0.00036),.UNSPECIFIED.);
#42=B_SPLINE_SURFACE_WITH_KNOTS('',3,1,((#15363,#15364),(#15365,#15366),
(#15367,#15368),(#15369,#15370)),.UNSPECIFIED.,.F.,.F.,.F.,(4,4),(2,2),
(0.,1.),(0.,0.00036),.UNSPECIFIED.);
#43=B_SPLINE_SURFACE_WITH_KNOTS('',3,1,((#15382,#15383),(#15384,#15385),
(#15386,#15387),(#15388,#15389)),.UNSPECIFIED.,.F.,.F.,.F.,(4,4),(2,2),
(0.,1.),(0.,0.00036),.UNSPECIFIED.);
#44=B_SPLINE_SURFACE_WITH_KNOTS('',3,1,((#15413,#15414),(#15415,#15416),
(#15417,#15418),(#15419,#15420)),.UNSPECIFIED.,.F.,.F.,.F.,(4,4),(2,2),
(0.,1.),(0.,0.00036),.UNSPECIFIED.);
#45=B_SPLINE_SURFACE_WITH_KNOTS('',3,1,((#15432,#15433),(#15434,#15435),
(#15436,#15437),(#15438,#15439)),.UNSPECIFIED.,.F.,.F.,.F.,(4,4),(2,2),
(0.,1.),(0.,0.00036),.UNSPECIFIED.);
#46=B_SPLINE_SURFACE_WITH_KNOTS('',3,1,((#15451,#15452),(#15453,#15454),
(#15455,#15456),(#15457,#15458)),.UNSPECIFIED.,.F.,.F.,.F.,(4,4),(2,2),
(0.,1.),(0.,0.00036),.UNSPECIFIED.);
#47=B_SPLINE_SURFACE_WITH_KNOTS('',3,1,((#15470,#15471),(#15472,#15473),
(#15474,#15475),(#15476,#15477)),.UNSPECIFIED.,.F.,.F.,.F.,(4,4),(2,2),
(0.,1.),(0.,0.00036),.UNSPECIFIED.);
#48=B_SPLINE_SURFACE_WITH_KNOTS('',3,1,((#15489,#15490),(#15491,#15492),
(#15493,#15494),(#15495,#15496)),.UNSPECIFIED.,.F.,.F.,.F.,(4,4),(2,2),
(0.,1.),(0.,0.00036),.UNSPECIFIED.);
#49=B_SPLINE_SURFACE_WITH_KNOTS('',3,1,((#15508,#15509),(#15510,#15511),
(#15512,#15513),(#15514,#15515)),.UNSPECIFIED.,.F.,.F.,.F.,(4,4),(2,2),
(0.,1.),(0.,0.00036),.UNSPECIFIED.);
#50=B_SPLINE_SURFACE_WITH_KNOTS('',3,1,((#15527,#15528),(#15529,#15530),
(#15531,#15532),(#15533,#15534)),.UNSPECIFIED.,.F.,.F.,.F.,(4,4),(2,2),
(0.,1.),(0.,0.00036),.UNSPECIFIED.);
#51=B_SPLINE_SURFACE_WITH_KNOTS('',3,1,((#15546,#15547),(#15548,#15549),
(#15550,#15551),(#15552,#15553)),.UNSPECIFIED.,.F.,.F.,.F.,(4,4),(2,2),
(0.,1.),(0.,0.00036),.UNSPECIFIED.);
#52=B_SPLINE_SURFACE_WITH_KNOTS('',3,1,((#15565,#15566),(#15567,#15568),
(#15569,#15570),(#15571,#15572)),.UNSPECIFIED.,.F.,.F.,.F.,(4,4),(2,2),
(0.,1.),(0.,0.00036),.UNSPECIFIED.);
#53=B_SPLINE_SURFACE_WITH_KNOTS('',3,1,((#15584,#15585),(#15586,#15587),
(#15588,#15589),(#15590,#15591)),.UNSPECIFIED.,.F.,.F.,.F.,(4,4),(2,2),
(0.,1.),(0.,0.00036),.UNSPECIFIED.);
#54=B_SPLINE_SURFACE_WITH_KNOTS('',3,1,((#15603,#15604),(#15605,#15606),
(#15607,#15608),(#15609,#15610)),.UNSPECIFIED.,.F.,.F.,.F.,(4,4),(2,2),
(0.,1.),(0.,0.00036),.UNSPECIFIED.);
#55=B_SPLINE_SURFACE_WITH_KNOTS('',3,1,((#15622,#15623),(#15624,#15625),
(#15626,#15627),(#15628,#15629)),.UNSPECIFIED.,.F.,.F.,.F.,(4,4),(2,2),
(0.,1.),(0.,0.00036),.UNSPECIFIED.);
#56=B_SPLINE_SURFACE_WITH_KNOTS('',3,1,((#15641,#15642),(#15643,#15644),
(#15645,#15646),(#15647,#15648)),.UNSPECIFIED.,.F.,.F.,.F.,(4,4),(2,2),
(0.,1.),(0.,0.00036),.UNSPECIFIED.);
#57=B_SPLINE_SURFACE_WITH_KNOTS('',3,1,((#15660,#15661),(#15662,#15663),
(#15664,#15665),(#15666,#15667)),.UNSPECIFIED.,.F.,.F.,.F.,(4,4),(2,2),
(0.,1.),(0.,0.00036),.UNSPECIFIED.);
#58=B_SPLINE_SURFACE_WITH_KNOTS('',3,1,((#15679,#15680),(#15681,#15682),
(#15683,#15684),(#15685,#15686)),.UNSPECIFIED.,.F.,.F.,.F.,(4,4),(2,2),
(0.,1.),(0.,0.00036),.UNSPECIFIED.);
#59=B_SPLINE_SURFACE_WITH_KNOTS('',3,1,((#15698,#15699),(#15700,#15701),
(#15702,#15703),(#15704,#15705)),.UNSPECIFIED.,.F.,.F.,.F.,(4,4),(2,2),
(0.,1.),(0.,0.00036),.UNSPECIFIED.);
#60=B_SPLINE_SURFACE_WITH_KNOTS('',3,1,((#15717,#15718),(#15719,#15720),
(#15721,#15722),(#15723,#15724)),.UNSPECIFIED.,.F.,.F.,.F.,(4,4),(2,2),
(0.,1.),(0.,0.00036),.UNSPECIFIED.);
#61=B_SPLINE_SURFACE_WITH_KNOTS('',3,1,((#15736,#15737),(#15738,#15739),
(#15740,#15741),(#15742,#15743)),.UNSPECIFIED.,.F.,.F.,.F.,(4,4),(2,2),
(0.,1.),(0.,0.00036),.UNSPECIFIED.);
#62=B_SPLINE_SURFACE_WITH_KNOTS('',3,1,((#15749,#15750),(#15751,#15752),
(#15753,#15754),(#15755,#15756)),.UNSPECIFIED.,.F.,.F.,.F.,(4,4),(2,2),
(0.,1.),(0.,0.00036),.UNSPECIFIED.);
#63=B_SPLINE_SURFACE_WITH_KNOTS('',3,1,((#15768,#15769),(#15770,#15771),
(#15772,#15773),(#15774,#15775)),.UNSPECIFIED.,.F.,.F.,.F.,(4,4),(2,2),
(0.,1.),(0.,0.00036),.UNSPECIFIED.);
#64=B_SPLINE_SURFACE_WITH_KNOTS('',3,1,((#15787,#15788),(#15789,#15790),
(#15791,#15792),(#15793,#15794)),.UNSPECIFIED.,.F.,.F.,.F.,(4,4),(2,2),
(0.,1.),(0.,0.00036),.UNSPECIFIED.);
#65=B_SPLINE_SURFACE_WITH_KNOTS('',3,1,((#15806,#15807),(#15808,#15809),
(#15810,#15811),(#15812,#15813)),.UNSPECIFIED.,.F.,.F.,.F.,(4,4),(2,2),
(0.,1.),(0.,0.00036),.UNSPECIFIED.);
#66=B_SPLINE_SURFACE_WITH_KNOTS('',3,1,((#15837,#15838),(#15839,#15840),
(#15841,#15842),(#15843,#15844)),.UNSPECIFIED.,.F.,.F.,.F.,(4,4),(2,2),
(0.,1.),(0.,0.00036),.UNSPECIFIED.);
#67=B_SPLINE_SURFACE_WITH_KNOTS('',3,1,((#15856,#15857),(#15858,#15859),
(#15860,#15861),(#15862,#15863)),.UNSPECIFIED.,.F.,.F.,.F.,(4,4),(2,2),
(0.,1.),(0.,0.00036),.UNSPECIFIED.);
#68=B_SPLINE_SURFACE_WITH_KNOTS('',3,1,((#15875,#15876),(#15877,#15878),
(#15879,#15880),(#15881,#15882)),.UNSPECIFIED.,.F.,.F.,.F.,(4,4),(2,2),
(0.,1.),(0.,0.00036),.UNSPECIFIED.);
#69=B_SPLINE_SURFACE_WITH_KNOTS('',3,1,((#15894,#15895),(#15896,#15897),
(#15898,#15899),(#15900,#15901)),.UNSPECIFIED.,.F.,.F.,.F.,(4,4),(2,2),
(0.,1.),(0.,0.00036),.UNSPECIFIED.);
#70=B_SPLINE_SURFACE_WITH_KNOTS('',3,1,((#15913,#15914),(#15915,#15916),
(#15917,#15918),(#15919,#15920)),.UNSPECIFIED.,.F.,.F.,.F.,(4,4),(2,2),
(0.,1.),(0.,0.00036),.UNSPECIFIED.);
#71=B_SPLINE_SURFACE_WITH_KNOTS('',3,1,((#15932,#15933),(#15934,#15935),
(#15936,#15937),(#15938,#15939)),.UNSPECIFIED.,.F.,.F.,.F.,(4,4),(2,2),
(0.,1.),(0.,0.00036),.UNSPECIFIED.);
#72=B_SPLINE_SURFACE_WITH_KNOTS('',3,1,((#15951,#15952),(#15953,#15954),
(#15955,#15956),(#15957,#15958)),.UNSPECIFIED.,.F.,.F.,.F.,(4,4),(2,2),
(0.,1.),(0.,0.00036),.UNSPECIFIED.);
#73=B_SPLINE_SURFACE_WITH_KNOTS('',3,1,((#15970,#15971),(#15972,#15973),
(#15974,#15975),(#15976,#15977)),.UNSPECIFIED.,.F.,.F.,.F.,(4,4),(2,2),
(0.,1.),(0.,0.00036),.UNSPECIFIED.);
#74=B_SPLINE_SURFACE_WITH_KNOTS('',3,1,((#15989,#15990),(#15991,#15992),
(#15993,#15994),(#15995,#15996)),.UNSPECIFIED.,.F.,.F.,.F.,(4,4),(2,2),
(0.,1.),(0.,0.00036),.UNSPECIFIED.);
#75=B_SPLINE_SURFACE_WITH_KNOTS('',3,1,((#16008,#16009),(#16010,#16011),
(#16012,#16013),(#16014,#16015)),.UNSPECIFIED.,.F.,.F.,.F.,(4,4),(2,2),
(0.,1.),(0.,0.00036),.UNSPECIFIED.);
#76=B_SPLINE_SURFACE_WITH_KNOTS('',3,1,((#16021,#16022),(#16023,#16024),
(#16025,#16026),(#16027,#16028)),.UNSPECIFIED.,.F.,.F.,.F.,(4,4),(2,2),
(0.,1.),(0.,0.00036),.UNSPECIFIED.);
#77=B_SPLINE_SURFACE_WITH_KNOTS('',3,1,((#16040,#16041),(#16042,#16043),
(#16044,#16045),(#16046,#16047)),.UNSPECIFIED.,.F.,.F.,.F.,(4,4),(2,2),
(0.,1.),(0.,0.00036),.UNSPECIFIED.);
#78=B_SPLINE_SURFACE_WITH_KNOTS('',3,1,((#16059,#16060),(#16061,#16062),
(#16063,#16064),(#16065,#16066)),.UNSPECIFIED.,.F.,.F.,.F.,(4,4),(2,2),
(0.,1.),(0.,0.00036),.UNSPECIFIED.);
#79=B_SPLINE_SURFACE_WITH_KNOTS('',3,1,((#16078,#16079),(#16080,#16081),
(#16082,#16083),(#16084,#16085)),.UNSPECIFIED.,.F.,.F.,.F.,(4,4),(2,2),
(0.,1.),(0.,0.00036),.UNSPECIFIED.);
#80=B_SPLINE_SURFACE_WITH_KNOTS('',3,1,((#16097,#16098),(#16099,#16100),
(#16101,#16102),(#16103,#16104)),.UNSPECIFIED.,.F.,.F.,.F.,(4,4),(2,2),
(0.,1.),(0.,0.00036),.UNSPECIFIED.);
#81=B_SPLINE_SURFACE_WITH_KNOTS('',3,1,((#16115,#16116),(#16117,#16118),
(#16119,#16120),(#16121,#16122)),.UNSPECIFIED.,.F.,.F.,.F.,(4,4),(2,2),
(0.,1.),(0.,0.00036),.UNSPECIFIED.);
#82=B_SPLINE_SURFACE_WITH_KNOTS('',3,1,((#16137,#16138),(#16139,#16140),
(#16141,#16142),(#16143,#16144)),.UNSPECIFIED.,.F.,.F.,.F.,(4,4),(2,2),
(0.,1.),(0.,0.00036),.UNSPECIFIED.);
#83=B_SPLINE_SURFACE_WITH_KNOTS('',3,1,((#16156,#16157),(#16158,#16159),
(#16160,#16161),(#16162,#16163)),.UNSPECIFIED.,.F.,.F.,.F.,(4,4),(2,2),
(0.,1.),(0.,0.00036),.UNSPECIFIED.);
#84=B_SPLINE_SURFACE_WITH_KNOTS('',3,1,((#16187,#16188),(#16189,#16190),
(#16191,#16192),(#16193,#16194)),.UNSPECIFIED.,.F.,.F.,.F.,(4,4),(2,2),
(0.,1.),(0.,0.00036),.UNSPECIFIED.);
#85=B_SPLINE_SURFACE_WITH_KNOTS('',3,1,((#16218,#16219),(#16220,#16221),
(#16222,#16223),(#16224,#16225)),.UNSPECIFIED.,.F.,.F.,.F.,(4,4),(2,2),
(0.,1.),(0.,0.00036),.UNSPECIFIED.);
#86=B_SPLINE_SURFACE_WITH_KNOTS('',3,1,((#16237,#16238),(#16239,#16240),
(#16241,#16242),(#16243,#16244)),.UNSPECIFIED.,.F.,.F.,.F.,(4,4),(2,2),
(0.,1.),(0.,0.00036),.UNSPECIFIED.);
#87=B_SPLINE_SURFACE_WITH_KNOTS('',3,1,((#16256,#16257),(#16258,#16259),
(#16260,#16261),(#16262,#16263)),.UNSPECIFIED.,.F.,.F.,.F.,(4,4),(2,2),
(0.,1.),(0.,0.00036),.UNSPECIFIED.);
#88=B_SPLINE_SURFACE_WITH_KNOTS('',3,1,((#16275,#16276),(#16277,#16278),
(#16279,#16280),(#16281,#16282)),.UNSPECIFIED.,.F.,.F.,.F.,(4,4),(2,2),
(0.,1.),(0.,0.00036),.UNSPECIFIED.);
#89=B_SPLINE_SURFACE_WITH_KNOTS('',3,1,((#16312,#16313),(#16314,#16315),
(#16316,#16317),(#16318,#16319)),.UNSPECIFIED.,.F.,.F.,.F.,(4,4),(2,2),
(0.,1.),(0.,0.00036),.UNSPECIFIED.);
#90=FACE_BOUND('',#3069,.T.);
#91=FACE_BOUND('',#3070,.T.);
#92=FACE_BOUND('',#3071,.T.);
#93=FACE_BOUND('',#3072,.T.);
#94=FACE_BOUND('',#3078,.T.);
#95=FACE_BOUND('',#3088,.T.);
#96=FACE_BOUND('',#3095,.T.);
#97=FACE_BOUND('',#3110,.T.);
#98=B_SPLINE_CURVE_WITH_KNOTS('',3,(#14221,#14222,#14223,#14224,#14225,
#14226,#14227,#14228,#14229,#14230,#14231,#14232,#14233,#14234),
 .UNSPECIFIED.,.F.,.F.,(4,2,2,2,2,2,4),(-0.000117972233375026,0.,0.00141843411514967,
0.00272971669652612,0.00400983743454299,0.00497586732801596,0.00582664698105099),
 .UNSPECIFIED.);
#99=B_SPLINE_CURVE_WITH_KNOTS('',3,(#14249,#14250,#14251,#14252,#14253,
#14254,#14255,#14256,#14257,#14258,#14259,#14260,#14261,#14262),
 .UNSPECIFIED.,.F.,.F.,(4,2,2,2,2,2,4),(-0.0117712662014371,-0.0116532939680011,
-0.0102348598521241,-0.00892357727007516,-0.00764345653140181,-0.0066774266374334,
-0.00582664698396203),.UNSPECIFIED.);
#100=B_SPLINE_CURVE_WITH_KNOTS('',3,(#14488,#14489,#14490,#14491,#14492,
#14493,#14494,#14495,#14496,#14497,#14498,#14499,#14500,#14501),
 .UNSPECIFIED.,.F.,.F.,(4,2,2,2,2,2,4),(0.,0.000841562919645412,0.00179712754171303,
0.00306338037455958,0.00436045746582061,0.00576352528835135,0.00588021949564669),
 .UNSPECIFIED.);
#101=B_SPLINE_CURVE_WITH_KNOTS('',3,(#14510,#14511,#14512,#14513,#14514,
#14515,#14516,#14517,#14518,#14519,#14520,#14521,#14522,#14523),
 .UNSPECIFIED.,.F.,.F.,(4,2,2,2,2,2,4),(-0.00582664698250115,-0.00497586732924888,
-0.00400983743552934,-0.002729716697185,-0.00141843411547315,0.,0.000117972233450097),
 .UNSPECIFIED.);
#102=B_SPLINE_CURVE_WITH_KNOTS('',3,(#15067,#15068,#15069,#15070),
 .UNSPECIFIED.,.F.,.F.,(4,4),(0.,0.0125085235459169),.UNSPECIFIED.);
#103=B_SPLINE_CURVE_WITH_KNOTS('',3,(#15073,#15074,#15075,#15076),
 .UNSPECIFIED.,.F.,.F.,(4,4),(0.,0.0125085235459222),.UNSPECIFIED.);
#104=B_SPLINE_CURVE_WITH_KNOTS('',3,(#15086,#15087,#15088,#15089),
 .UNSPECIFIED.,.F.,.F.,(4,4),(0.,0.00681593259713104),.UNSPECIFIED.);
#105=B_SPLINE_CURVE_WITH_KNOTS('',3,(#15092,#15093,#15094,#15095),
 .UNSPECIFIED.,.F.,.F.,(4,4),(0.,0.00681593259713091),.UNSPECIFIED.);
#106=B_SPLINE_CURVE_WITH_KNOTS('',3,(#15105,#15106,#15107,#15108),
 .UNSPECIFIED.,.F.,.F.,(4,4),(0.,1.),.UNSPECIFIED.);
#107=B_SPLINE_CURVE_WITH_KNOTS('',3,(#15111,#15112,#15113,#15114),
 .UNSPECIFIED.,.F.,.F.,(4,4),(0.,1.),.UNSPECIFIED.);
#108=B_SPLINE_CURVE_WITH_KNOTS('',3,(#15136,#15137,#15138,#15139),
 .UNSPECIFIED.,.F.,.F.,(4,4),(0.,1.),.UNSPECIFIED.);
#109=B_SPLINE_CURVE_WITH_KNOTS('',3,(#15142,#15143,#15144,#15145),
 .UNSPECIFIED.,.F.,.F.,(4,4),(0.,1.),.UNSPECIFIED.);
#110=B_SPLINE_CURVE_WITH_KNOTS('',3,(#15155,#15156,#15157,#15158),
 .UNSPECIFIED.,.F.,.F.,(4,4),(0.,1.),.UNSPECIFIED.);
#111=B_SPLINE_CURVE_WITH_KNOTS('',3,(#15161,#15162,#15163,#15164),
 .UNSPECIFIED.,.F.,.F.,(4,4),(0.,1.),.UNSPECIFIED.);
#112=B_SPLINE_CURVE_WITH_KNOTS('',3,(#15174,#15175,#15176,#15177),
 .UNSPECIFIED.,.F.,.F.,(4,4),(0.,1.),.UNSPECIFIED.);
#113=B_SPLINE_CURVE_WITH_KNOTS('',3,(#15180,#15181,#15182,#15183),
 .UNSPECIFIED.,.F.,.F.,(4,4),(0.,1.),.UNSPECIFIED.);
#114=B_SPLINE_CURVE_WITH_KNOTS('',3,(#15193,#15194,#15195,#15196),
 .UNSPECIFIED.,.F.,.F.,(4,4),(0.,1.),.UNSPECIFIED.);
#115=B_SPLINE_CURVE_WITH_KNOTS('',3,(#15199,#15200,#15201,#15202),
 .UNSPECIFIED.,.F.,.F.,(4,4),(0.,1.),.UNSPECIFIED.);
#116=B_SPLINE_CURVE_WITH_KNOTS('',3,(#15212,#15213,#15214,#15215),
 .UNSPECIFIED.,.F.,.F.,(4,4),(0.,1.),.UNSPECIFIED.);
#117=B_SPLINE_CURVE_WITH_KNOTS('',3,(#15218,#15219,#15220,#15221),
 .UNSPECIFIED.,.F.,.F.,(4,4),(0.,1.),.UNSPECIFIED.);
#118=B_SPLINE_CURVE_WITH_KNOTS('',3,(#15231,#15232,#15233,#15234),
 .UNSPECIFIED.,.F.,.F.,(4,4),(0.,1.),.UNSPECIFIED.);
#119=B_SPLINE_CURVE_WITH_KNOTS('',3,(#15237,#15238,#15239,#15240),
 .UNSPECIFIED.,.F.,.F.,(4,4),(0.,1.),.UNSPECIFIED.);
#120=B_SPLINE_CURVE_WITH_KNOTS('',3,(#15262,#15263,#15264,#15265),
 .UNSPECIFIED.,.F.,.F.,(4,4),(0.,1.),.UNSPECIFIED.);
#121=B_SPLINE_CURVE_WITH_KNOTS('',3,(#15268,#15269,#15270,#15271),
 .UNSPECIFIED.,.F.,.F.,(4,4),(0.,1.),.UNSPECIFIED.);
#122=B_SPLINE_CURVE_WITH_KNOTS('',3,(#15281,#15282,#15283,#15284),
 .UNSPECIFIED.,.F.,.F.,(4,4),(0.,1.),.UNSPECIFIED.);
#123=B_SPLINE_CURVE_WITH_KNOTS('',3,(#15287,#15288,#15289,#15290),
 .UNSPECIFIED.,.F.,.F.,(4,4),(0.,1.),.UNSPECIFIED.);
#124=B_SPLINE_CURVE_WITH_KNOTS('',3,(#15300,#15301,#15302,#15303),
 .UNSPECIFIED.,.F.,.F.,(4,4),(0.,0.0288453009888103),.UNSPECIFIED.);
#125=B_SPLINE_CURVE_WITH_KNOTS('',3,(#15306,#15307,#15308,#15309),
 .UNSPECIFIED.,.F.,.F.,(4,4),(0.,0.0288453009888103),.UNSPECIFIED.);
#126=B_SPLINE_CURVE_WITH_KNOTS('',3,(#15319,#15320,#15321,#15322),
 .UNSPECIFIED.,.F.,.F.,(4,4),(0.,1.),.UNSPECIFIED.);
#127=B_SPLINE_CURVE_WITH_KNOTS('',3,(#15325,#15326,#15327,#15328),
 .UNSPECIFIED.,.F.,.F.,(4,4),(0.,1.),.UNSPECIFIED.);
#128=B_SPLINE_CURVE_WITH_KNOTS('',3,(#15337,#15338,#15339,#15340),
 .UNSPECIFIED.,.F.,.F.,(4,4),(0.,1.),.UNSPECIFIED.);
#129=B_SPLINE_CURVE_WITH_KNOTS('',3,(#15341,#15342,#15343,#15344),
 .UNSPECIFIED.,.F.,.F.,(4,4),(0.,1.),.UNSPECIFIED.);
#130=B_SPLINE_CURVE_WITH_KNOTS('',3,(#15372,#15373,#15374,#15375),
 .UNSPECIFIED.,.F.,.F.,(4,4),(0.,1.),.UNSPECIFIED.);
#131=B_SPLINE_CURVE_WITH_KNOTS('',3,(#15378,#15379,#15380,#15381),
 .UNSPECIFIED.,.F.,.F.,(4,4),(0.,1.),.UNSPECIFIED.);
#132=B_SPLINE_CURVE_WITH_KNOTS('',3,(#15391,#15392,#15393,#15394),
 .UNSPECIFIED.,.F.,.F.,(4,4),(0.,1.),.UNSPECIFIED.);
#133=B_SPLINE_CURVE_WITH_KNOTS('',3,(#15397,#15398,#15399,#15400),
 .UNSPECIFIED.,.F.,.F.,(4,4),(0.,1.),.UNSPECIFIED.);
#134=B_SPLINE_CURVE_WITH_KNOTS('',3,(#15422,#15423,#15424,#15425),
 .UNSPECIFIED.,.F.,.F.,(4,4),(0.,1.),.UNSPECIFIED.);
#135=B_SPLINE_CURVE_WITH_KNOTS('',3,(#15428,#15429,#15430,#15431),
 .UNSPECIFIED.,.F.,.F.,(4,4),(0.,1.),.UNSPECIFIED.);
#136=B_SPLINE_CURVE_WITH_KNOTS('',3,(#15441,#15442,#15443,#15444),
 .UNSPECIFIED.,.F.,.F.,(4,4),(0.,1.),.UNSPECIFIED.);
#137=B_SPLINE_CURVE_WITH_KNOTS('',3,(#15447,#15448,#15449,#15450),
 .UNSPECIFIED.,.F.,.F.,(4,4),(0.,1.),.UNSPECIFIED.);
#138=B_SPLINE_CURVE_WITH_KNOTS('',3,(#15460,#15461,#15462,#15463),
 .UNSPECIFIED.,.F.,.F.,(4,4),(0.,1.),.UNSPECIFIED.);
#139=B_SPLINE_CURVE_WITH_KNOTS('',3,(#15466,#15467,#15468,#15469),
 .UNSPECIFIED.,.F.,.F.,(4,4),(0.,1.),.UNSPECIFIED.);
#140=B_SPLINE_CURVE_WITH_KNOTS('',3,(#15479,#15480,#15481,#15482),
 .UNSPECIFIED.,.F.,.F.,(4,4),(0.,1.),.UNSPECIFIED.);
#141=B_SPLINE_CURVE_WITH_KNOTS('',3,(#15485,#15486,#15487,#15488),
 .UNSPECIFIED.,.F.,.F.,(4,4),(0.,1.),.UNSPECIFIED.);
#142=B_SPLINE_CURVE_WITH_KNOTS('',3,(#15498,#15499,#15500,#15501),
 .UNSPECIFIED.,.F.,.F.,(4,4),(0.,1.),.UNSPECIFIED.);
#143=B_SPLINE_CURVE_WITH_KNOTS('',3,(#15504,#15505,#15506,#15507),
 .UNSPECIFIED.,.F.,.F.,(4,4),(0.,1.),.UNSPECIFIED.);
#144=B_SPLINE_CURVE_WITH_KNOTS('',3,(#15517,#15518,#15519,#15520),
 .UNSPECIFIED.,.F.,.F.,(4,4),(0.,1.),.UNSPECIFIED.);
#145=B_SPLINE_CURVE_WITH_KNOTS('',3,(#15523,#15524,#15525,#15526),
 .UNSPECIFIED.,.F.,.F.,(4,4),(0.,1.),.UNSPECIFIED.);
#146=B_SPLINE_CURVE_WITH_KNOTS('',3,(#15536,#15537,#15538,#15539),
 .UNSPECIFIED.,.F.,.F.,(4,4),(0.,1.),.UNSPECIFIED.);
#147=B_SPLINE_CURVE_WITH_KNOTS('',3,(#15542,#15543,#15544,#15545),
 .UNSPECIFIED.,.F.,.F.,(4,4),(0.,1.),.UNSPECIFIED.);
#148=B_SPLINE_CURVE_WITH_KNOTS('',3,(#15555,#15556,#15557,#15558),
 .UNSPECIFIED.,.F.,.F.,(4,4),(0.,1.),.UNSPECIFIED.);
#149=B_SPLINE_CURVE_WITH_KNOTS('',3,(#15561,#15562,#15563,#15564),
 .UNSPECIFIED.,.F.,.F.,(4,4),(0.,1.),.UNSPECIFIED.);
#150=B_SPLINE_CURVE_WITH_KNOTS('',3,(#15574,#15575,#15576,#15577),
 .UNSPECIFIED.,.F.,.F.,(4,4),(0.,1.),.UNSPECIFIED.);
#151=B_SPLINE_CURVE_WITH_KNOTS('',3,(#15580,#15581,#15582,#15583),
 .UNSPECIFIED.,.F.,.F.,(4,4),(0.,1.),.UNSPECIFIED.);
#152=B_SPLINE_CURVE_WITH_KNOTS('',3,(#15593,#15594,#15595,#15596),
 .UNSPECIFIED.,.F.,.F.,(4,4),(0.,1.),.UNSPECIFIED.);
#153=B_SPLINE_CURVE_WITH_KNOTS('',3,(#15599,#15600,#15601,#15602),
 .UNSPECIFIED.,.F.,.F.,(4,4),(0.,1.),.UNSPECIFIED.);
#154=B_SPLINE_CURVE_WITH_KNOTS('',3,(#15612,#15613,#15614,#15615),
 .UNSPECIFIED.,.F.,.F.,(4,4),(0.,0.0119117152942624),.UNSPECIFIED.);
#155=B_SPLINE_CURVE_WITH_KNOTS('',3,(#15618,#15619,#15620,#15621),
 .UNSPECIFIED.,.F.,.F.,(4,4),(0.,0.0119117152942634),.UNSPECIFIED.);
#156=B_SPLINE_CURVE_WITH_KNOTS('',3,(#15631,#15632,#15633,#15634),
 .UNSPECIFIED.,.F.,.F.,(4,4),(0.,1.),.UNSPECIFIED.);
#157=B_SPLINE_CURVE_WITH_KNOTS('',3,(#15637,#15638,#15639,#15640),
 .UNSPECIFIED.,.F.,.F.,(4,4),(0.,1.),.UNSPECIFIED.);
#158=B_SPLINE_CURVE_WITH_KNOTS('',3,(#15650,#15651,#15652,#15653),
 .UNSPECIFIED.,.F.,.F.,(4,4),(0.,1.),.UNSPECIFIED.);
#159=B_SPLINE_CURVE_WITH_KNOTS('',3,(#15656,#15657,#15658,#15659),
 .UNSPECIFIED.,.F.,.F.,(4,4),(0.,1.),.UNSPECIFIED.);
#160=B_SPLINE_CURVE_WITH_KNOTS('',3,(#15669,#15670,#15671,#15672),
 .UNSPECIFIED.,.F.,.F.,(4,4),(0.,1.),.UNSPECIFIED.);
#161=B_SPLINE_CURVE_WITH_KNOTS('',3,(#15675,#15676,#15677,#15678),
 .UNSPECIFIED.,.F.,.F.,(4,4),(0.,1.),.UNSPECIFIED.);
#162=B_SPLINE_CURVE_WITH_KNOTS('',3,(#15688,#15689,#15690,#15691),
 .UNSPECIFIED.,.F.,.F.,(4,4),(0.,0.0285141898971559),.UNSPECIFIED.);
#163=B_SPLINE_CURVE_WITH_KNOTS('',3,(#15694,#15695,#15696,#15697),
 .UNSPECIFIED.,.F.,.F.,(4,4),(0.,0.0285141898971558),.UNSPECIFIED.);
#164=B_SPLINE_CURVE_WITH_KNOTS('',3,(#15707,#15708,#15709,#15710),
 .UNSPECIFIED.,.F.,.F.,(4,4),(0.,1.),.UNSPECIFIED.);
#165=B_SPLINE_CURVE_WITH_KNOTS('',3,(#15713,#15714,#15715,#15716),
 .UNSPECIFIED.,.F.,.F.,(4,4),(0.,1.),.UNSPECIFIED.);
#166=B_SPLINE_CURVE_WITH_KNOTS('',3,(#15726,#15727,#15728,#15729),
 .UNSPECIFIED.,.F.,.F.,(4,4),(0.,1.),.UNSPECIFIED.);
#167=B_SPLINE_CURVE_WITH_KNOTS('',3,(#15732,#15733,#15734,#15735),
 .UNSPECIFIED.,.F.,.F.,(4,4),(0.,1.),.UNSPECIFIED.);
#168=B_SPLINE_CURVE_WITH_KNOTS('',3,(#15758,#15759,#15760,#15761),
 .UNSPECIFIED.,.F.,.F.,(4,4),(0.,1.),.UNSPECIFIED.);
#169=B_SPLINE_CURVE_WITH_KNOTS('',3,(#15764,#15765,#15766,#15767),
 .UNSPECIFIED.,.F.,.F.,(4,4),(0.,1.),.UNSPECIFIED.);
#170=B_SPLINE_CURVE_WITH_KNOTS('',3,(#15777,#15778,#15779,#15780),
 .UNSPECIFIED.,.F.,.F.,(4,4),(0.,1.),.UNSPECIFIED.);
#171=B_SPLINE_CURVE_WITH_KNOTS('',3,(#15783,#15784,#15785,#15786),
 .UNSPECIFIED.,.F.,.F.,(4,4),(0.,1.),.UNSPECIFIED.);
#172=B_SPLINE_CURVE_WITH_KNOTS('',3,(#15796,#15797,#15798,#15799),
 .UNSPECIFIED.,.F.,.F.,(4,4),(0.,1.),.UNSPECIFIED.);
#173=B_SPLINE_CURVE_WITH_KNOTS('',3,(#15802,#15803,#15804,#15805),
 .UNSPECIFIED.,.F.,.F.,(4,4),(0.,1.),.UNSPECIFIED.);
#174=B_SPLINE_CURVE_WITH_KNOTS('',3,(#15815,#15816,#15817,#15818),
 .UNSPECIFIED.,.F.,.F.,(4,4),(0.,1.),.UNSPECIFIED.);
#175=B_SPLINE_CURVE_WITH_KNOTS('',3,(#15821,#15822,#15823,#15824),
 .UNSPECIFIED.,.F.,.F.,(4,4),(0.,1.),.UNSPECIFIED.);
#176=B_SPLINE_CURVE_WITH_KNOTS('',3,(#15846,#15847,#15848,#15849),
 .UNSPECIFIED.,.F.,.F.,(4,4),(0.,1.),.UNSPECIFIED.);
#177=B_SPLINE_CURVE_WITH_KNOTS('',3,(#15852,#15853,#15854,#15855),
 .UNSPECIFIED.,.F.,.F.,(4,4),(0.,1.),.UNSPECIFIED.);
#178=B_SPLINE_CURVE_WITH_KNOTS('',3,(#15865,#15866,#15867,#15868),
 .UNSPECIFIED.,.F.,.F.,(4,4),(0.,1.),.UNSPECIFIED.);
#179=B_SPLINE_CURVE_WITH_KNOTS('',3,(#15871,#15872,#15873,#15874),
 .UNSPECIFIED.,.F.,.F.,(4,4),(0.,1.),.UNSPECIFIED.);
#180=B_SPLINE_CURVE_WITH_KNOTS('',3,(#15884,#15885,#15886,#15887),
 .UNSPECIFIED.,.F.,.F.,(4,4),(0.,1.),.UNSPECIFIED.);
#181=B_SPLINE_CURVE_WITH_KNOTS('',3,(#15890,#15891,#15892,#15893),
 .UNSPECIFIED.,.F.,.F.,(4,4),(0.,1.),.UNSPECIFIED.);
#182=B_SPLINE_CURVE_WITH_KNOTS('',3,(#15903,#15904,#15905,#15906),
 .UNSPECIFIED.,.F.,.F.,(4,4),(0.,1.),.UNSPECIFIED.);
#183=B_SPLINE_CURVE_WITH_KNOTS('',3,(#15909,#15910,#15911,#15912),
 .UNSPECIFIED.,.F.,.F.,(4,4),(0.,1.),.UNSPECIFIED.);
#184=B_SPLINE_CURVE_WITH_KNOTS('',3,(#15922,#15923,#15924,#15925),
 .UNSPECIFIED.,.F.,.F.,(4,4),(0.,1.),.UNSPECIFIED.);
#185=B_SPLINE_CURVE_WITH_KNOTS('',3,(#15928,#15929,#15930,#15931),
 .UNSPECIFIED.,.F.,.F.,(4,4),(0.,1.),.UNSPECIFIED.);
#186=B_SPLINE_CURVE_WITH_KNOTS('',3,(#15941,#15942,#15943,#15944),
 .UNSPECIFIED.,.F.,.F.,(4,4),(0.,0.00681253452095995),.UNSPECIFIED.);
#187=B_SPLINE_CURVE_WITH_KNOTS('',3,(#15947,#15948,#15949,#15950),
 .UNSPECIFIED.,.F.,.F.,(4,4),(0.,0.00681253452095996),.UNSPECIFIED.);
#188=B_SPLINE_CURVE_WITH_KNOTS('',3,(#15960,#15961,#15962,#15963),
 .UNSPECIFIED.,.F.,.F.,(4,4),(0.,1.),.UNSPECIFIED.);
#189=B_SPLINE_CURVE_WITH_KNOTS('',3,(#15966,#15967,#15968,#15969),
 .UNSPECIFIED.,.F.,.F.,(4,4),(0.,1.),.UNSPECIFIED.);
#190=B_SPLINE_CURVE_WITH_KNOTS('',3,(#15979,#15980,#15981,#15982),
 .UNSPECIFIED.,.F.,.F.,(4,4),(0.,1.),.UNSPECIFIED.);
#191=B_SPLINE_CURVE_WITH_KNOTS('',3,(#15985,#15986,#15987,#15988),
 .UNSPECIFIED.,.F.,.F.,(4,4),(0.,1.),.UNSPECIFIED.);
#192=B_SPLINE_CURVE_WITH_KNOTS('',3,(#15998,#15999,#16000,#16001),
 .UNSPECIFIED.,.F.,.F.,(4,4),(0.,1.),.UNSPECIFIED.);
#193=B_SPLINE_CURVE_WITH_KNOTS('',3,(#16004,#16005,#16006,#16007),
 .UNSPECIFIED.,.F.,.F.,(4,4),(0.,1.),.UNSPECIFIED.);
#194=B_SPLINE_CURVE_WITH_KNOTS('',3,(#16030,#16031,#16032,#16033),
 .UNSPECIFIED.,.F.,.F.,(4,4),(0.,1.),.UNSPECIFIED.);
#195=B_SPLINE_CURVE_WITH_KNOTS('',3,(#16036,#16037,#16038,#16039),
 .UNSPECIFIED.,.F.,.F.,(4,4),(0.,1.),.UNSPECIFIED.);
#196=B_SPLINE_CURVE_WITH_KNOTS('',3,(#16049,#16050,#16051,#16052),
 .UNSPECIFIED.,.F.,.F.,(4,4),(0.,1.),.UNSPECIFIED.);
#197=B_SPLINE_CURVE_WITH_KNOTS('',3,(#16055,#16056,#16057,#16058),
 .UNSPECIFIED.,.F.,.F.,(4,4),(0.,1.),.UNSPECIFIED.);
#198=B_SPLINE_CURVE_WITH_KNOTS('',3,(#16068,#16069,#16070,#16071),
 .UNSPECIFIED.,.F.,.F.,(4,4),(0.,1.),.UNSPECIFIED.);
#199=B_SPLINE_CURVE_WITH_KNOTS('',3,(#16074,#16075,#16076,#16077),
 .UNSPECIFIED.,.F.,.F.,(4,4),(0.,1.),.UNSPECIFIED.);
#200=B_SPLINE_CURVE_WITH_KNOTS('',3,(#16087,#16088,#16089,#16090),
 .UNSPECIFIED.,.F.,.F.,(4,4),(0.,1.),.UNSPECIFIED.);
#201=B_SPLINE_CURVE_WITH_KNOTS('',3,(#16093,#16094,#16095,#16096),
 .UNSPECIFIED.,.F.,.F.,(4,4),(0.,1.),.UNSPECIFIED.);
#202=B_SPLINE_CURVE_WITH_KNOTS('',3,(#16105,#16106,#16107,#16108),
 .UNSPECIFIED.,.F.,.F.,(4,4),(0.,0.99927404485894),.UNSPECIFIED.);
#203=B_SPLINE_CURVE_WITH_KNOTS('',3,(#16109,#16110,#16111,#16112),
 .UNSPECIFIED.,.F.,.F.,(4,4),(0.,0.99927404485894),.UNSPECIFIED.);
#204=B_SPLINE_CURVE_WITH_KNOTS('',3,(#16127,#16128,#16129,#16130),
 .UNSPECIFIED.,.F.,.F.,(4,4),(0.000951531242977981,1.),.UNSPECIFIED.);
#205=B_SPLINE_CURVE_WITH_KNOTS('',3,(#16133,#16134,#16135,#16136),
 .UNSPECIFIED.,.F.,.F.,(4,4),(0.000940777268393524,1.),.UNSPECIFIED.);
#206=B_SPLINE_CURVE_WITH_KNOTS('',3,(#16146,#16147,#16148,#16149),
 .UNSPECIFIED.,.F.,.F.,(4,4),(0.,1.),.UNSPECIFIED.);
#207=B_SPLINE_CURVE_WITH_KNOTS('',3,(#16152,#16153,#16154,#16155),
 .UNSPECIFIED.,.F.,.F.,(4,4),(0.,1.),.UNSPECIFIED.);
#208=B_SPLINE_CURVE_WITH_KNOTS('',3,(#16165,#16166,#16167,#16168),
 .UNSPECIFIED.,.F.,.F.,(4,4),(0.,1.),.UNSPECIFIED.);
#209=B_SPLINE_CURVE_WITH_KNOTS('',3,(#16171,#16172,#16173,#16174),
 .UNSPECIFIED.,.F.,.F.,(4,4),(0.,1.),.UNSPECIFIED.);
#210=B_SPLINE_CURVE_WITH_KNOTS('',3,(#16196,#16197,#16198,#16199),
 .UNSPECIFIED.,.F.,.F.,(4,4),(0.,1.),.UNSPECIFIED.);
#211=B_SPLINE_CURVE_WITH_KNOTS('',3,(#16202,#16203,#16204,#16205),
 .UNSPECIFIED.,.F.,.F.,(4,4),(0.,1.),.UNSPECIFIED.);
#212=B_SPLINE_CURVE_WITH_KNOTS('',3,(#16227,#16228,#16229,#16230),
 .UNSPECIFIED.,.F.,.F.,(4,4),(0.,1.),.UNSPECIFIED.);
#213=B_SPLINE_CURVE_WITH_KNOTS('',3,(#16233,#16234,#16235,#16236),
 .UNSPECIFIED.,.F.,.F.,(4,4),(0.,1.),.UNSPECIFIED.);
#214=B_SPLINE_CURVE_WITH_KNOTS('',3,(#16246,#16247,#16248,#16249),
 .UNSPECIFIED.,.F.,.F.,(4,4),(0.,1.),.UNSPECIFIED.);
#215=B_SPLINE_CURVE_WITH_KNOTS('',3,(#16252,#16253,#16254,#16255),
 .UNSPECIFIED.,.F.,.F.,(4,4),(0.,1.),.UNSPECIFIED.);
#216=B_SPLINE_CURVE_WITH_KNOTS('',3,(#16265,#16266,#16267,#16268),
 .UNSPECIFIED.,.F.,.F.,(4,4),(0.,1.),.UNSPECIFIED.);
#217=B_SPLINE_CURVE_WITH_KNOTS('',3,(#16271,#16272,#16273,#16274),
 .UNSPECIFIED.,.F.,.F.,(4,4),(0.,1.),.UNSPECIFIED.);
#218=B_SPLINE_CURVE_WITH_KNOTS('',3,(#16284,#16285,#16286,#16287),
 .UNSPECIFIED.,.F.,.F.,(4,4),(0.,1.),.UNSPECIFIED.);
#219=B_SPLINE_CURVE_WITH_KNOTS('',3,(#16290,#16291,#16292,#16293),
 .UNSPECIFIED.,.F.,.F.,(4,4),(0.,1.),.UNSPECIFIED.);
#220=B_SPLINE_CURVE_WITH_KNOTS('',3,(#16320,#16321,#16322,#16323),
 .UNSPECIFIED.,.F.,.F.,(4,4),(0.,0.998876925604749),.UNSPECIFIED.);
#221=B_SPLINE_CURVE_WITH_KNOTS('',3,(#16324,#16325,#16326,#16327),
 .UNSPECIFIED.,.F.,.F.,(4,4),(0.,0.998862275318419),.UNSPECIFIED.);
#222=ELLIPSE('',#10052,0.0424264068711929,0.03);
#223=ELLIPSE('',#10053,0.0424264068711926,0.03);
#224=ELLIPSE('',#10055,0.0424264068711929,0.03);
#225=ELLIPSE('',#10056,0.0424264068711938,0.03);
#226=ELLIPSE('',#10058,0.0424264068711929,0.03);
#227=ELLIPSE('',#10059,0.0424264068711923,0.03);
#228=ELLIPSE('',#10065,0.0424264068711907,0.03);
#229=ELLIPSE('',#10080,0.0424264068711929,0.03);
#230=ELLIPSE('',#10081,0.0424264068711916,0.03);
#231=ELLIPSE('',#10084,0.0424264068711928,0.03);
#232=ELLIPSE('',#10086,0.0424264068711929,0.03);
#233=ELLIPSE('',#10087,0.0424264068711931,0.03);
#234=ELLIPSE('',#10097,0.0424264068711928,0.03);
#235=ELLIPSE('',#10103,0.0424264068711928,0.03);
#236=ELLIPSE('',#10104,0.0424264068711923,0.03);
#237=ELLIPSE('',#10110,0.0424264068711942,0.03);
#238=ELLIPSE('',#10111,0.0424264068711929,0.03);
#239=ELLIPSE('',#10113,0.0424264068711935,0.03);
#240=ELLIPSE('',#10120,0.0424264068711925,0.03);
#241=ELLIPSE('',#10126,0.0424264068711929,0.03);
#242=ELLIPSE('',#10128,0.0424264068711929,0.03);
#243=ELLIPSE('',#10129,0.0424264068711934,0.03);
#244=ELLIPSE('',#10131,0.0424264068711928,0.03);
#245=ELLIPSE('',#10132,0.0424264068711929,0.03);
#246=ELLIPSE('',#10134,0.0424264068711937,0.03);
#247=ELLIPSE('',#10136,0.0424264068711928,0.03);
#248=ELLIPSE('',#10146,0.0424264068711936,0.03);
#249=ELLIPSE('',#10147,0.0424264068711928,0.03);
#250=ELLIPSE('',#10153,0.0424264068711929,0.03);
#251=ELLIPSE('',#10164,0.0424264068711928,0.03);
#252=ELLIPSE('',#10166,0.0424264068711929,0.03);
#253=ELLIPSE('',#10168,0.0424264068711929,0.03);
#254=ELLIPSE('',#10177,0.0424264068711925,0.03);
#255=ELLIPSE('',#10190,0.0424264068711929,0.03);
#256=ELLIPSE('',#10191,0.0424264068711923,0.03);
#257=ELLIPSE('',#10195,0.0424264068711929,0.03);
#258=ELLIPSE('',#10196,0.0424264068711923,0.03);
#259=ELLIPSE('',#10199,0.0424264068711928,0.03);
#260=ELLIPSE('',#10200,0.0424264068711929,0.03);
#261=ELLIPSE('',#10202,0.0424264068711932,0.03);
#262=ELLIPSE('',#10218,0.042426406871192,0.03);
#263=ELLIPSE('',#10219,0.0424264068711929,0.03);
#264=ELLIPSE('',#10221,0.0424264068711929,0.03);
#265=ELLIPSE('',#10223,0.0424264068711929,0.03);
#266=ELLIPSE('',#10226,0.0424264068711932,0.03);
#267=ELLIPSE('',#10228,0.0424264068711929,0.03);
#268=ELLIPSE('',#10230,0.0424264068711929,0.03);
#269=ELLIPSE('',#10231,0.0424264068711934,0.03);
#270=ELLIPSE('',#10233,0.0424264068711932,0.03);
#271=ELLIPSE('',#10235,0.0424264068711929,0.03);
#272=ELLIPSE('',#10337,0.111511781146278,0.0899953355669289);
#273=ELLIPSE('',#10338,0.111511781146278,0.0899953355669289);
#274=ELLIPSE('',#10341,0.142659304819884,0.102028402568553);
#275=ELLIPSE('',#10342,0.142659304819884,0.102028402568553);
#276=ELLIPSE('',#10345,0.195906959495971,0.108138854052651);
#277=ELLIPSE('',#10346,0.195906959495971,0.108138854052651);
#278=SHAPE_REPRESENTATION_RELATIONSHIP('SRR','None',#16365,#282);
#279=SHAPE_REPRESENTATION_RELATIONSHIP('SRR','None',#16366,#283);
#280=SHAPE_REPRESENTATION_RELATIONSHIP('SRR','None',#16367,#284);
#281=SHAPE_REPRESENTATION_RELATIONSHIP('SRR','None',#16368,#285);
#282=ADVANCED_BREP_SHAPE_REPRESENTATION('',(#316,#317,#318,#319),#16341);
#283=ADVANCED_BREP_SHAPE_REPRESENTATION('',(#320),#16342);
#284=ADVANCED_BREP_SHAPE_REPRESENTATION('',(#321),#16343);
#285=ADVANCED_BREP_SHAPE_REPRESENTATION('',(#322,#323,#324),#16344);
#286=TOROIDAL_SURFACE('',#9716,0.49,0.01);
#287=TOROIDAL_SURFACE('',#9722,0.51,0.01);
#288=TOROIDAL_SURFACE('',#9728,0.49,0.01);
#289=TOROIDAL_SURFACE('',#9755,0.49,0.01);
#290=TOROIDAL_SURFACE('',#9761,0.51,0.01);
#291=TOROIDAL_SURFACE('',#9767,0.49,0.01);
#292=TOROIDAL_SURFACE('',#9779,0.51,0.01);
#293=TOROIDAL_SURFACE('',#9785,0.49,0.01);
#294=TOROIDAL_SURFACE('',#9791,0.51,0.01);
#295=TOROIDAL_SURFACE('',#9805,0.51,0.01);
#296=TOROIDAL_SURFACE('',#9811,0.49,0.01);
#297=TOROIDAL_SURFACE('',#9817,0.51,0.01);
#298=TOROIDAL_SURFACE('',#9925,0.51,0.01);
#299=TOROIDAL_SURFACE('',#9931,0.49,0.01);
#300=TOROIDAL_SURFACE('',#9937,0.51,0.01);
#301=TOROIDAL_SURFACE('',#9957,0.51,0.01);
#302=TOROIDAL_SURFACE('',#9963,0.49,0.01);
#303=TOROIDAL_SURFACE('',#9969,0.51,0.01);
#304=TOROIDAL_SURFACE('',#9981,0.49,0.01);
#305=TOROIDAL_SURFACE('',#9987,0.51,0.01);
#306=TOROIDAL_SURFACE('',#9993,0.49,0.01);
#307=TOROIDAL_SURFACE('',#10003,0.49,0.01);
#308=TOROIDAL_SURFACE('',#10009,0.51,0.01);
#309=TOROIDAL_SURFACE('',#10015,0.49,0.01);
#310=TOROIDAL_SURFACE('',#10072,0.170680113813822,0.03);
#311=TOROIDAL_SURFACE('',#10159,0.830000000000001,0.03);
#312=TOROIDAL_SURFACE('',#10171,0.170680113813822,0.03);
#313=TOROIDAL_SURFACE('',#10178,0.53,0.03);
#314=TOROIDAL_SURFACE('',#10204,0.830000000000001,0.03);
#315=TOROIDAL_SURFACE('',#10211,0.53,0.03);
#316=MANIFOLD_SOLID_BREP('Solid2',#9291);
#317=MANIFOLD_SOLID_BREP('Solid3',#9292);
#318=MANIFOLD_SOLID_BREP('Solid4',#9293);
#319=MANIFOLD_SOLID_BREP('Solid5',#9294);
#320=MANIFOLD_SOLID_BREP('Solid1',#9295);
#321=MANIFOLD_SOLID_BREP('Solid1',#9296);
#322=MANIFOLD_SOLID_BREP('Solid1',#9297);
#323=MANIFOLD_SOLID_BREP('Solid2',#9298);
#324=MANIFOLD_SOLID_BREP('Solid3',#9299);
#325=PLANE('',#9526);
#326=PLANE('',#9527);
#327=PLANE('',#9528);
#328=PLANE('',#9529);
#329=PLANE('',#9530);
#330=PLANE('',#9531);
#331=PLANE('',#9532);
#332=PLANE('',#9533);
#333=PLANE('',#9534);
#334=PLANE('',#9535);
#335=PLANE('',#9536);
#336=PLANE('',#9537);
#337=PLANE('',#9538);
#338=PLANE('',#9539);
#339=PLANE('',#9640);
#340=PLANE('',#9641);
#341=PLANE('',#9642);
#342=PLANE('',#9643);
#343=PLANE('',#9644);
#344=PLANE('',#9645);
#345=PLANE('',#9646);
#346=PLANE('',#9647);
#347=PLANE('',#9648);
#348=PLANE('',#9649);
#349=PLANE('',#9650);
#350=PLANE('',#9651);
#351=PLANE('',#9652);
#352=PLANE('',#9653);
#353=PLANE('',#9827);
#354=PLANE('',#9829);
#355=PLANE('',#9830);
#356=PLANE('',#9833);
#357=PLANE('',#9835);
#358=PLANE('',#9836);
#359=PLANE('',#9838);
#360=PLANE('',#9839);
#361=PLANE('',#9840);
#362=PLANE('',#9841);
#363=PLANE('',#9842);
#364=PLANE('',#9843);
#365=PLANE('',#9844);
#366=PLANE('',#9845);
#367=PLANE('',#9846);
#368=PLANE('',#9847);
#369=PLANE('',#9848);
#370=PLANE('',#9849);
#371=PLANE('',#9850);
#372=PLANE('',#9851);
#373=PLANE('',#10025);
#374=PLANE('',#10027);
#375=PLANE('',#10029);
#376=PLANE('',#10030);
#377=PLANE('',#10031);
#378=PLANE('',#10032);
#379=PLANE('',#10033);
#380=PLANE('',#10034);
#381=PLANE('',#10035);
#382=PLANE('',#10036);
#383=PLANE('',#10037);
#384=PLANE('',#10038);
#385=PLANE('',#10039);
#386=PLANE('',#10040);
#387=PLANE('',#10041);
#388=PLANE('',#10042);
#389=PLANE('',#10044);
#390=PLANE('',#10046);
#391=PLANE('',#10047);
#392=PLANE('',#10049);
#393=PLANE('',#10236);
#394=PLANE('',#10237);
#395=PLANE('',#10238);
#396=PLANE('',#10239);
#397=PLANE('',#10240);
#398=PLANE('',#10241);
#399=PLANE('',#10242);
#400=PLANE('',#10243);
#401=PLANE('',#10244);
#402=PLANE('',#10245);
#403=PLANE('',#10246);
#404=PLANE('',#10247);
#405=PLANE('',#10248);
#406=PLANE('',#10249);
#407=PLANE('',#10252);
#408=PLANE('',#10253);
#409=PLANE('',#10254);
#410=PLANE('',#10255);
#411=PLANE('',#10256);
#412=PLANE('',#10257);
#413=PLANE('',#10258);
#414=PLANE('',#10261);
#415=PLANE('',#10262);
#416=PLANE('',#10263);
#417=PLANE('',#10264);
#418=PLANE('',#10265);
#419=PLANE('',#10266);
#420=PLANE('',#10269);
#421=PLANE('',#10273);
#422=PLANE('',#10274);
#423=PLANE('',#10275);
#424=PLANE('',#10276);
#425=PLANE('',#10277);
#426=PLANE('',#10278);
#427=PLANE('',#10279);
#428=PLANE('',#10280);
#429=PLANE('',#10281);
#430=PLANE('',#10282);
#431=PLANE('',#10283);
#432=PLANE('',#10284);
#433=PLANE('',#10285);
#434=PLANE('',#10286);
#435=PLANE('',#10287);
#436=PLANE('',#10288);
#437=PLANE('',#10289);
#438=PLANE('',#10290);
#439=PLANE('',#10291);
#440=PLANE('',#10292);
#441=PLANE('',#10293);
#442=PLANE('',#10294);
#443=PLANE('',#10295);
#444=PLANE('',#10296);
#445=PLANE('',#10297);
#446=PLANE('',#10298);
#447=PLANE('',#10299);
#448=PLANE('',#10300);
#449=PLANE('',#10301);
#450=PLANE('',#10303);
#451=PLANE('',#10305);
#452=PLANE('',#10306);
#453=PLANE('',#10307);
#454=PLANE('',#10308);
#455=PLANE('',#10309);
#456=PLANE('',#10310);
#457=PLANE('',#10311);
#458=PLANE('',#10312);
#459=PLANE('',#10313);
#460=PLANE('',#10314);
#461=PLANE('',#10315);
#462=PLANE('',#10316);
#463=PLANE('',#10317);
#464=PLANE('',#10318);
#465=PLANE('',#10319);
#466=PLANE('',#10320);
#467=PLANE('',#10322);
#468=PLANE('',#10323);
#469=PLANE('',#10325);
#470=PLANE('',#10326);
#471=PLANE('',#10327);
#472=PLANE('',#10328);
#473=PLANE('',#10329);
#474=PLANE('',#10331);
#475=PLANE('',#10332);
#476=PLANE('',#10333);
#477=PLANE('',#10334);
#478=PLANE('',#10335);
#479=PLANE('',#10336);
#480=PLANE('',#10339);
#481=PLANE('',#10340);
#482=PLANE('',#10343);
#483=PLANE('',#10344);
#484=PLANE('',#10347);
#485=PLANE('',#10348);
#486=PLANE('',#10349);
#487=PLANE('',#10350);
#488=PLANE('',#10351);
#489=PLANE('',#10352);
#490=PLANE('',#10353);
#491=PLANE('',#10354);
#492=PLANE('',#10355);
#493=PLANE('',#10356);
#494=PLANE('',#10357);
#495=LINE('',#12951,#1191);
#496=LINE('',#12952,#1192);
#497=LINE('',#13041,#1193);
#498=LINE('',#13042,#1194);
#499=LINE('',#13044,#1195);
#500=LINE('',#13045,#1196);
#501=LINE('',#13074,#1197);
#502=LINE('',#13075,#1198);
#503=LINE('',#13077,#1199);
#504=LINE('',#13078,#1200);
#505=LINE('',#13080,#1201);
#506=LINE('',#13081,#1202);
#507=LINE('',#13083,#1203);
#508=LINE('',#13084,#1204);
#509=LINE('',#13086,#1205);
#510=LINE('',#13087,#1206);
#511=LINE('',#13089,#1207);
#512=LINE('',#13090,#1208);
#513=LINE('',#13092,#1209);
#514=LINE('',#13093,#1210);
#515=LINE('',#13095,#1211);
#516=LINE('',#13096,#1212);
#517=LINE('',#13098,#1213);
#518=LINE('',#13099,#1214);
#519=LINE('',#13101,#1215);
#520=LINE('',#13102,#1216);
#521=LINE('',#13104,#1217);
#522=LINE('',#13105,#1218);
#523=LINE('',#13107,#1219);
#524=LINE('',#13108,#1220);
#525=LINE('',#13110,#1221);
#526=LINE('',#13111,#1222);
#527=LINE('',#13113,#1223);
#528=LINE('',#13114,#1224);
#529=LINE('',#13116,#1225);
#530=LINE('',#13117,#1226);
#531=LINE('',#13119,#1227);
#532=LINE('',#13120,#1228);
#533=LINE('',#13122,#1229);
#534=LINE('',#13123,#1230);
#535=LINE('',#13125,#1231);
#536=LINE('',#13126,#1232);
#537=LINE('',#13128,#1233);
#538=LINE('',#13129,#1234);
#539=LINE('',#13131,#1235);
#540=LINE('',#13132,#1236);
#541=LINE('',#13134,#1237);
#542=LINE('',#13135,#1238);
#543=LINE('',#13137,#1239);
#544=LINE('',#13138,#1240);
#545=LINE('',#13140,#1241);
#546=LINE('',#13141,#1242);
#547=LINE('',#13143,#1243);
#548=LINE('',#13144,#1244);
#549=LINE('',#13146,#1245);
#550=LINE('',#13147,#1246);
#551=LINE('',#13177,#1247);
#552=LINE('',#13178,#1248);
#553=LINE('',#13267,#1249);
#554=LINE('',#13268,#1250);
#555=LINE('',#13270,#1251);
#556=LINE('',#13271,#1252);
#557=LINE('',#13300,#1253);
#558=LINE('',#13301,#1254);
#559=LINE('',#13303,#1255);
#560=LINE('',#13304,#1256);
#561=LINE('',#13306,#1257);
#562=LINE('',#13307,#1258);
#563=LINE('',#13309,#1259);
#564=LINE('',#13310,#1260);
#565=LINE('',#13312,#1261);
#566=LINE('',#13313,#1262);
#567=LINE('',#13315,#1263);
#568=LINE('',#13316,#1264);
#569=LINE('',#13318,#1265);
#570=LINE('',#13319,#1266);
#571=LINE('',#13321,#1267);
#572=LINE('',#13322,#1268);
#573=LINE('',#13324,#1269);
#574=LINE('',#13325,#1270);
#575=LINE('',#13327,#1271);
#576=LINE('',#13328,#1272);
#577=LINE('',#13330,#1273);
#578=LINE('',#13331,#1274);
#579=LINE('',#13333,#1275);
#580=LINE('',#13334,#1276);
#581=LINE('',#13336,#1277);
#582=LINE('',#13337,#1278);
#583=LINE('',#13339,#1279);
#584=LINE('',#13340,#1280);
#585=LINE('',#13342,#1281);
#586=LINE('',#13343,#1282);
#587=LINE('',#13345,#1283);
#588=LINE('',#13346,#1284);
#589=LINE('',#13348,#1285);
#590=LINE('',#13349,#1286);
#591=LINE('',#13351,#1287);
#592=LINE('',#13352,#1288);
#593=LINE('',#13354,#1289);
#594=LINE('',#13355,#1290);
#595=LINE('',#13357,#1291);
#596=LINE('',#13358,#1292);
#597=LINE('',#13360,#1293);
#598=LINE('',#13361,#1294);
#599=LINE('',#13363,#1295);
#600=LINE('',#13364,#1296);
#601=LINE('',#13366,#1297);
#602=LINE('',#13367,#1298);
#603=LINE('',#13369,#1299);
#604=LINE('',#13370,#1300);
#605=LINE('',#13372,#1301);
#606=LINE('',#13373,#1302);
#607=LINE('',#13433,#1303);
#608=LINE('',#13434,#1304);
#609=LINE('',#13459,#1305);
#610=LINE('',#13460,#1306);
#611=LINE('',#13462,#1307);
#612=LINE('',#13463,#1308);
#613=LINE('',#13502,#1309);
#614=LINE('',#13503,#1310);
#615=LINE('',#13514,#1311);
#616=LINE('',#13515,#1312);
#617=LINE('',#13526,#1313);
#618=LINE('',#13527,#1314);
#619=LINE('',#13535,#1315);
#620=LINE('',#13536,#1316);
#621=LINE('',#13538,#1317);
#622=LINE('',#13539,#1318);
#623=LINE('',#13541,#1319);
#624=LINE('',#13542,#1320);
#625=LINE('',#13562,#1321);
#626=LINE('',#13563,#1322);
#627=LINE('',#13565,#1323);
#628=LINE('',#13566,#1324);
#629=LINE('',#13568,#1325);
#630=LINE('',#13569,#1326);
#631=LINE('',#13583,#1327);
#632=LINE('',#13584,#1328);
#633=LINE('',#13595,#1329);
#634=LINE('',#13596,#1330);
#635=LINE('',#13607,#1331);
#636=LINE('',#13608,#1332);
#637=LINE('',#13616,#1333);
#638=LINE('',#13617,#1334);
#639=LINE('',#13619,#1335);
#640=LINE('',#13620,#1336);
#641=LINE('',#13622,#1337);
#642=LINE('',#13623,#1338);
#643=LINE('',#13625,#1339);
#644=LINE('',#13626,#1340);
#645=LINE('',#13628,#1341);
#646=LINE('',#13629,#1342);
#647=LINE('',#13631,#1343);
#648=LINE('',#13632,#1344);
#649=LINE('',#13637,#1345);
#650=LINE('',#13638,#1346);
#651=LINE('',#13649,#1347);
#652=LINE('',#13650,#1348);
#653=LINE('',#13661,#1349);
#654=LINE('',#13662,#1350);
#655=LINE('',#13670,#1351);
#656=LINE('',#13671,#1352);
#657=LINE('',#13673,#1353);
#658=LINE('',#13674,#1354);
#659=LINE('',#13676,#1355);
#660=LINE('',#13677,#1356);
#661=LINE('',#13679,#1357);
#662=LINE('',#13680,#1358);
#663=LINE('',#13682,#1359);
#664=LINE('',#13683,#1360);
#665=LINE('',#13685,#1361);
#666=LINE('',#13686,#1362);
#667=LINE('',#13688,#1363);
#668=LINE('',#13689,#1364);
#669=LINE('',#13691,#1365);
#670=LINE('',#13692,#1366);
#671=LINE('',#13697,#1367);
#672=LINE('',#13698,#1368);
#673=LINE('',#13709,#1369);
#674=LINE('',#13710,#1370);
#675=LINE('',#13721,#1371);
#676=LINE('',#13722,#1372);
#677=LINE('',#13730,#1373);
#678=LINE('',#13731,#1374);
#679=LINE('',#13733,#1375);
#680=LINE('',#13734,#1376);
#681=LINE('',#13736,#1377);
#682=LINE('',#13737,#1378);
#683=LINE('',#13739,#1379);
#684=LINE('',#13740,#1380);
#685=LINE('',#13742,#1381);
#686=LINE('',#13743,#1382);
#687=LINE('',#13745,#1383);
#688=LINE('',#13746,#1384);
#689=LINE('',#13748,#1385);
#690=LINE('',#13750,#1386);
#691=LINE('',#13752,#1387);
#692=LINE('',#13754,#1388);
#693=LINE('',#13757,#1389);
#694=LINE('',#13758,#1390);
#695=LINE('',#13760,#1391);
#696=LINE('',#13762,#1392);
#697=LINE('',#13764,#1393);
#698=LINE('',#13766,#1394);
#699=LINE('',#13811,#1395);
#700=LINE('',#13812,#1396);
#701=LINE('',#13855,#1397);
#702=LINE('',#13856,#1398);
#703=LINE('',#13865,#1399);
#704=LINE('',#13866,#1400);
#705=LINE('',#13877,#1401);
#706=LINE('',#13878,#1402);
#707=LINE('',#13880,#1403);
#708=LINE('',#13881,#1404);
#709=LINE('',#13890,#1405);
#710=LINE('',#13891,#1406);
#711=LINE('',#13893,#1407);
#712=LINE('',#13894,#1408);
#713=LINE('',#13905,#1409);
#714=LINE('',#13906,#1410);
#715=LINE('',#13908,#1411);
#716=LINE('',#13909,#1412);
#717=LINE('',#13923,#1413);
#718=LINE('',#13924,#1414);
#719=LINE('',#13935,#1415);
#720=LINE('',#13936,#1416);
#721=LINE('',#13947,#1417);
#722=LINE('',#13948,#1418);
#723=LINE('',#13956,#1419);
#724=LINE('',#13957,#1420);
#725=LINE('',#13968,#1421);
#726=LINE('',#13969,#1422);
#727=LINE('',#13971,#1423);
#728=LINE('',#13972,#1424);
#729=LINE('',#13974,#1425);
#730=LINE('',#13975,#1426);
#731=LINE('',#13989,#1427);
#732=LINE('',#13990,#1428);
#733=LINE('',#14001,#1429);
#734=LINE('',#14002,#1430);
#735=LINE('',#14013,#1431);
#736=LINE('',#14014,#1432);
#737=LINE('',#14022,#1433);
#738=LINE('',#14023,#1434);
#739=LINE('',#14025,#1435);
#740=LINE('',#14026,#1436);
#741=LINE('',#14028,#1437);
#742=LINE('',#14029,#1438);
#743=LINE('',#14031,#1439);
#744=LINE('',#14032,#1440);
#745=LINE('',#14034,#1441);
#746=LINE('',#14035,#1442);
#747=LINE('',#14037,#1443);
#748=LINE('',#14038,#1444);
#749=LINE('',#14043,#1445);
#750=LINE('',#14044,#1446);
#751=LINE('',#14055,#1447);
#752=LINE('',#14056,#1448);
#753=LINE('',#14067,#1449);
#754=LINE('',#14068,#1450);
#755=LINE('',#14076,#1451);
#756=LINE('',#14077,#1452);
#757=LINE('',#14079,#1453);
#758=LINE('',#14080,#1454);
#759=LINE('',#14082,#1455);
#760=LINE('',#14083,#1456);
#761=LINE('',#14085,#1457);
#762=LINE('',#14086,#1458);
#763=LINE('',#14091,#1459);
#764=LINE('',#14092,#1460);
#765=LINE('',#14103,#1461);
#766=LINE('',#14104,#1462);
#767=LINE('',#14115,#1463);
#768=LINE('',#14116,#1464);
#769=LINE('',#14124,#1465);
#770=LINE('',#14125,#1466);
#771=LINE('',#14127,#1467);
#772=LINE('',#14128,#1468);
#773=LINE('',#14130,#1469);
#774=LINE('',#14131,#1470);
#775=LINE('',#14133,#1471);
#776=LINE('',#14134,#1472);
#777=LINE('',#14136,#1473);
#778=LINE('',#14137,#1474);
#779=LINE('',#14139,#1475);
#780=LINE('',#14140,#1476);
#781=LINE('',#14142,#1477);
#782=LINE('',#14144,#1478);
#783=LINE('',#14146,#1479);
#784=LINE('',#14148,#1480);
#785=LINE('',#14151,#1481);
#786=LINE('',#14165,#1482);
#787=LINE('',#14166,#1483);
#788=LINE('',#14169,#1484);
#789=LINE('',#14172,#1485);
#790=LINE('',#14174,#1486);
#791=LINE('',#14180,#1487);
#792=LINE('',#14184,#1488);
#793=LINE('',#14188,#1489);
#794=LINE('',#14193,#1490);
#795=LINE('',#14197,#1491);
#796=LINE('',#14201,#1492);
#797=LINE('',#14212,#1493);
#798=LINE('',#14215,#1494);
#799=LINE('',#14218,#1495);
#800=LINE('',#14220,#1496);
#801=LINE('',#14243,#1497);
#802=LINE('',#14244,#1498);
#803=LINE('',#14274,#1499);
#804=LINE('',#14278,#1500);
#805=LINE('',#14283,#1501);
#806=LINE('',#14287,#1502);
#807=LINE('',#14291,#1503);
#808=LINE('',#14296,#1504);
#809=LINE('',#14313,#1505);
#810=LINE('',#14316,#1506);
#811=LINE('',#14327,#1507);
#812=LINE('',#14331,#1508);
#813=LINE('',#14343,#1509);
#814=LINE('',#14346,#1510);
#815=LINE('',#14350,#1511);
#816=LINE('',#14353,#1512);
#817=LINE('',#14362,#1513);
#818=LINE('',#14363,#1514);
#819=LINE('',#14366,#1515);
#820=LINE('',#14369,#1516);
#821=LINE('',#14379,#1517);
#822=LINE('',#14380,#1518);
#823=LINE('',#14384,#1519);
#824=LINE('',#14389,#1520);
#825=LINE('',#14393,#1521);
#826=LINE('',#14397,#1522);
#827=LINE('',#14401,#1523);
#828=LINE('',#14404,#1524);
#829=LINE('',#14407,#1525);
#830=LINE('',#14410,#1526);
#831=LINE('',#14428,#1527);
#832=LINE('',#14431,#1528);
#833=LINE('',#14442,#1529);
#834=LINE('',#14445,#1530);
#835=LINE('',#14447,#1531);
#836=LINE('',#14448,#1532);
#837=LINE('',#14450,#1533);
#838=LINE('',#14451,#1534);
#839=LINE('',#14453,#1535);
#840=LINE('',#14454,#1536);
#841=LINE('',#14459,#1537);
#842=LINE('',#14460,#1538);
#843=LINE('',#14469,#1539);
#844=LINE('',#14471,#1540);
#845=LINE('',#14474,#1541);
#846=LINE('',#14476,#1542);
#847=LINE('',#14480,#1543);
#848=LINE('',#14481,#1544);
#849=LINE('',#14485,#1545);
#850=LINE('',#14487,#1546);
#851=LINE('',#14503,#1547);
#852=LINE('',#14504,#1548);
#853=LINE('',#14525,#1549);
#854=LINE('',#14526,#1550);
#855=LINE('',#14530,#1551);
#856=LINE('',#14534,#1552);
#857=LINE('',#14543,#1553);
#858=LINE('',#14544,#1554);
#859=LINE('',#14549,#1555);
#860=LINE('',#14550,#1556);
#861=LINE('',#14552,#1557);
#862=LINE('',#14553,#1558);
#863=LINE('',#14558,#1559);
#864=LINE('',#14559,#1560);
#865=LINE('',#14561,#1561);
#866=LINE('',#14562,#1562);
#867=LINE('',#14565,#1563);
#868=LINE('',#14567,#1564);
#869=LINE('',#14572,#1565);
#870=LINE('',#14573,#1566);
#871=LINE('',#14575,#1567);
#872=LINE('',#14576,#1568);
#873=LINE('',#14579,#1569);
#874=LINE('',#14581,#1570);
#875=LINE('',#14586,#1571);
#876=LINE('',#14587,#1572);
#877=LINE('',#14590,#1573);
#878=LINE('',#14592,#1574);
#879=LINE('',#14598,#1575);
#880=LINE('',#14600,#1576);
#881=LINE('',#14603,#1577);
#882=LINE('',#14604,#1578);
#883=LINE('',#14612,#1579);
#884=LINE('',#14613,#1580);
#885=LINE('',#14616,#1581);
#886=LINE('',#14619,#1582);
#887=LINE('',#14627,#1583);
#888=LINE('',#14628,#1584);
#889=LINE('',#14630,#1585);
#890=LINE('',#14631,#1586);
#891=LINE('',#14634,#1587);
#892=LINE('',#14636,#1588);
#893=LINE('',#14642,#1589);
#894=LINE('',#14643,#1590);
#895=LINE('',#14647,#1591);
#896=LINE('',#14649,#1592);
#897=LINE('',#14652,#1593);
#898=LINE('',#14653,#1594);
#899=LINE('',#14656,#1595);
#900=LINE('',#14658,#1596);
#901=LINE('',#14661,#1597);
#902=LINE('',#14663,#1598);
#903=LINE('',#14667,#1599);
#904=LINE('',#14669,#1600);
#905=LINE('',#14675,#1601);
#906=LINE('',#14677,#1602);
#907=LINE('',#14680,#1603);
#908=LINE('',#14683,#1604);
#909=LINE('',#14686,#1605);
#910=LINE('',#14688,#1606);
#911=LINE('',#14690,#1607);
#912=LINE('',#14692,#1608);
#913=LINE('',#14693,#1609);
#914=LINE('',#14696,#1610);
#915=LINE('',#14697,#1611);
#916=LINE('',#14700,#1612);
#917=LINE('',#14702,#1613);
#918=LINE('',#14704,#1614);
#919=LINE('',#14705,#1615);
#920=LINE('',#14708,#1616);
#921=LINE('',#14709,#1617);
#922=LINE('',#14712,#1618);
#923=LINE('',#14714,#1619);
#924=LINE('',#14716,#1620);
#925=LINE('',#14717,#1621);
#926=LINE('',#14720,#1622);
#927=LINE('',#14721,#1623);
#928=LINE('',#14724,#1624);
#929=LINE('',#14726,#1625);
#930=LINE('',#14728,#1626);
#931=LINE('',#14729,#1627);
#932=LINE('',#14732,#1628);
#933=LINE('',#14733,#1629);
#934=LINE('',#14736,#1630);
#935=LINE('',#14738,#1631);
#936=LINE('',#14740,#1632);
#937=LINE('',#14741,#1633);
#938=LINE('',#14743,#1634);
#939=LINE('',#14745,#1635);
#940=LINE('',#14748,#1636);
#941=LINE('',#14750,#1637);
#942=LINE('',#14751,#1638);
#943=LINE('',#14754,#1639);
#944=LINE('',#14755,#1640);
#945=LINE('',#14758,#1641);
#946=LINE('',#14759,#1642);
#947=LINE('',#14762,#1643);
#948=LINE('',#14766,#1644);
#949=LINE('',#14767,#1645);
#950=LINE('',#14770,#1646);
#951=LINE('',#14771,#1647);
#952=LINE('',#14774,#1648);
#953=LINE('',#14775,#1649);
#954=LINE('',#14778,#1650);
#955=LINE('',#14779,#1651);
#956=LINE('',#14782,#1652);
#957=LINE('',#14783,#1653);
#958=LINE('',#14786,#1654);
#959=LINE('',#14787,#1655);
#960=LINE('',#14790,#1656);
#961=LINE('',#14791,#1657);
#962=LINE('',#14794,#1658);
#963=LINE('',#14798,#1659);
#964=LINE('',#14799,#1660);
#965=LINE('',#14807,#1661);
#966=LINE('',#14810,#1662);
#967=LINE('',#14814,#1663);
#968=LINE('',#14816,#1664);
#969=LINE('',#14818,#1665);
#970=LINE('',#14822,#1666);
#971=LINE('',#14825,#1667);
#972=LINE('',#14827,#1668);
#973=LINE('',#14829,#1669);
#974=LINE('',#14831,#1670);
#975=LINE('',#14833,#1671);
#976=LINE('',#14834,#1672);
#977=LINE('',#14836,#1673);
#978=LINE('',#14840,#1674);
#979=LINE('',#14841,#1675);
#980=LINE('',#14844,#1676);
#981=LINE('',#14846,#1677);
#982=LINE('',#14848,#1678);
#983=LINE('',#14850,#1679);
#984=LINE('',#14852,#1680);
#985=LINE('',#14854,#1681);
#986=LINE('',#14855,#1682);
#987=LINE('',#14856,#1683);
#988=LINE('',#14857,#1684);
#989=LINE('',#14859,#1685);
#990=LINE('',#14863,#1686);
#991=LINE('',#14864,#1687);
#992=LINE('',#14865,#1688);
#993=LINE('',#14867,#1689);
#994=LINE('',#14868,#1690);
#995=LINE('',#14870,#1691);
#996=LINE('',#14871,#1692);
#997=LINE('',#14874,#1693);
#998=LINE('',#14876,#1694);
#999=LINE('',#14878,#1695);
#1000=LINE('',#14879,#1696);
#1001=LINE('',#14882,#1697);
#1002=LINE('',#14884,#1698);
#1003=LINE('',#14886,#1699);
#1004=LINE('',#14887,#1700);
#1005=LINE('',#14890,#1701);
#1006=LINE('',#14892,#1702);
#1007=LINE('',#14894,#1703);
#1008=LINE('',#14895,#1704);
#1009=LINE('',#14898,#1705);
#1010=LINE('',#14900,#1706);
#1011=LINE('',#14902,#1707);
#1012=LINE('',#14903,#1708);
#1013=LINE('',#14906,#1709);
#1014=LINE('',#14908,#1710);
#1015=LINE('',#14909,#1711);
#1016=LINE('',#14912,#1712);
#1017=LINE('',#14913,#1713);
#1018=LINE('',#14916,#1714);
#1019=LINE('',#14917,#1715);
#1020=LINE('',#14919,#1716);
#1021=LINE('',#14922,#1717);
#1022=LINE('',#14923,#1718);
#1023=LINE('',#14926,#1719);
#1024=LINE('',#14928,#1720);
#1025=LINE('',#14929,#1721);
#1026=LINE('',#14931,#1722);
#1027=LINE('',#14933,#1723);
#1028=LINE('',#14936,#1724);
#1029=LINE('',#14938,#1725);
#1030=LINE('',#14939,#1726);
#1031=LINE('',#14942,#1727);
#1032=LINE('',#14943,#1728);
#1033=LINE('',#14946,#1729);
#1034=LINE('',#14947,#1730);
#1035=LINE('',#14949,#1731);
#1036=LINE('',#14953,#1732);
#1037=LINE('',#14955,#1733);
#1038=LINE('',#14956,#1734);
#1039=LINE('',#14959,#1735);
#1040=LINE('',#14960,#1736);
#1041=LINE('',#14963,#1737);
#1042=LINE('',#14964,#1738);
#1043=LINE('',#14966,#1739);
#1044=LINE('',#14969,#1740);
#1045=LINE('',#14971,#1741);
#1046=LINE('',#14972,#1742);
#1047=LINE('',#14975,#1743);
#1048=LINE('',#14977,#1744);
#1049=LINE('',#14978,#1745);
#1050=LINE('',#14980,#1746);
#1051=LINE('',#14981,#1747);
#1052=LINE('',#14982,#1748);
#1053=LINE('',#14985,#1749);
#1054=LINE('',#14987,#1750);
#1055=LINE('',#14989,#1751);
#1056=LINE('',#14991,#1752);
#1057=LINE('',#14993,#1753);
#1058=LINE('',#14997,#1754);
#1059=LINE('',#15001,#1755);
#1060=LINE('',#15002,#1756);
#1061=LINE('',#15004,#1757);
#1062=LINE('',#15007,#1758);
#1063=LINE('',#15009,#1759);
#1064=LINE('',#15011,#1760);
#1065=LINE('',#15012,#1761);
#1066=LINE('',#15014,#1762);
#1067=LINE('',#15015,#1763);
#1068=LINE('',#15017,#1764);
#1069=LINE('',#15019,#1765);
#1070=LINE('',#15022,#1766);
#1071=LINE('',#15027,#1767);
#1072=LINE('',#15029,#1768);
#1073=LINE('',#15031,#1769);
#1074=LINE('',#15037,#1770);
#1075=LINE('',#15039,#1771);
#1076=LINE('',#15041,#1772);
#1077=LINE('',#15042,#1773);
#1078=LINE('',#15045,#1774);
#1079=LINE('',#15047,#1775);
#1080=LINE('',#15048,#1776);
#1081=LINE('',#15050,#1777);
#1082=LINE('',#15051,#1778);
#1083=LINE('',#15065,#1779);
#1084=LINE('',#15072,#1780);
#1085=LINE('',#15091,#1781);
#1086=LINE('',#15110,#1782);
#1087=LINE('',#15117,#1783);
#1088=LINE('',#15119,#1784);
#1089=LINE('',#15120,#1785);
#1090=LINE('',#15123,#1786);
#1091=LINE('',#15125,#1787);
#1092=LINE('',#15126,#1788);
#1093=LINE('',#15141,#1789);
#1094=LINE('',#15160,#1790);
#1095=LINE('',#15179,#1791);
#1096=LINE('',#15198,#1792);
#1097=LINE('',#15217,#1793);
#1098=LINE('',#15236,#1794);
#1099=LINE('',#15243,#1795);
#1100=LINE('',#15245,#1796);
#1101=LINE('',#15246,#1797);
#1102=LINE('',#15249,#1798);
#1103=LINE('',#15251,#1799);
#1104=LINE('',#15252,#1800);
#1105=LINE('',#15267,#1801);
#1106=LINE('',#15286,#1802);
#1107=LINE('',#15305,#1803);
#1108=LINE('',#15324,#1804);
#1109=LINE('',#15357,#1805);
#1110=LINE('',#15361,#1806);
#1111=LINE('',#15377,#1807);
#1112=LINE('',#15396,#1808);
#1113=LINE('',#15403,#1809);
#1114=LINE('',#15405,#1810);
#1115=LINE('',#15406,#1811);
#1116=LINE('',#15409,#1812);
#1117=LINE('',#15411,#1813);
#1118=LINE('',#15412,#1814);
#1119=LINE('',#15427,#1815);
#1120=LINE('',#15446,#1816);
#1121=LINE('',#15465,#1817);
#1122=LINE('',#15484,#1818);
#1123=LINE('',#15503,#1819);
#1124=LINE('',#15522,#1820);
#1125=LINE('',#15541,#1821);
#1126=LINE('',#15560,#1822);
#1127=LINE('',#15579,#1823);
#1128=LINE('',#15598,#1824);
#1129=LINE('',#15617,#1825);
#1130=LINE('',#15636,#1826);
#1131=LINE('',#15655,#1827);
#1132=LINE('',#15674,#1828);
#1133=LINE('',#15693,#1829);
#1134=LINE('',#15712,#1830);
#1135=LINE('',#15731,#1831);
#1136=LINE('',#15747,#1832);
#1137=LINE('',#15763,#1833);
#1138=LINE('',#15782,#1834);
#1139=LINE('',#15801,#1835);
#1140=LINE('',#15820,#1836);
#1141=LINE('',#15827,#1837);
#1142=LINE('',#15829,#1838);
#1143=LINE('',#15830,#1839);
#1144=LINE('',#15833,#1840);
#1145=LINE('',#15835,#1841);
#1146=LINE('',#15836,#1842);
#1147=LINE('',#15851,#1843);
#1148=LINE('',#15870,#1844);
#1149=LINE('',#15889,#1845);
#1150=LINE('',#15908,#1846);
#1151=LINE('',#15927,#1847);
#1152=LINE('',#15946,#1848);
#1153=LINE('',#15965,#1849);
#1154=LINE('',#15984,#1850);
#1155=LINE('',#16003,#1851);
#1156=LINE('',#16019,#1852);
#1157=LINE('',#16035,#1853);
#1158=LINE('',#16054,#1854);
#1159=LINE('',#16073,#1855);
#1160=LINE('',#16092,#1856);
#1161=LINE('',#16125,#1857);
#1162=LINE('',#16132,#1858);
#1163=LINE('',#16151,#1859);
#1164=LINE('',#16170,#1860);
#1165=LINE('',#16177,#1861);
#1166=LINE('',#16179,#1862);
#1167=LINE('',#16180,#1863);
#1168=LINE('',#16183,#1864);
#1169=LINE('',#16185,#1865);
#1170=LINE('',#16186,#1866);
#1171=LINE('',#16201,#1867);
#1172=LINE('',#16208,#1868);
#1173=LINE('',#16210,#1869);
#1174=LINE('',#16211,#1870);
#1175=LINE('',#16214,#1871);
#1176=LINE('',#16216,#1872);
#1177=LINE('',#16217,#1873);
#1178=LINE('',#16232,#1874);
#1179=LINE('',#16251,#1875);
#1180=LINE('',#16270,#1876);
#1181=LINE('',#16289,#1877);
#1182=LINE('',#16296,#1878);
#1183=LINE('',#16298,#1879);
#1184=LINE('',#16299,#1880);
#1185=LINE('',#16302,#1881);
#1186=LINE('',#16304,#1882);
#1187=LINE('',#16305,#1883);
#1188=LINE('',#16308,#1884);
#1189=LINE('',#16310,#1885);
#1190=LINE('',#16311,#1886);
#1191=VECTOR('',#10384,10.);
#1192=VECTOR('',#10385,10.);
#1193=VECTOR('',#10486,10.);
#1194=VECTOR('',#10487,10.);
#1195=VECTOR('',#10490,10.);
#1196=VECTOR('',#10491,10.);
#1197=VECTOR('',#10524,10.);
#1198=VECTOR('',#10525,10.);
#1199=VECTOR('',#10528,10.);
#1200=VECTOR('',#10529,10.);
#1201=VECTOR('',#10532,10.);
#1202=VECTOR('',#10533,10.);
#1203=VECTOR('',#10536,10.);
#1204=VECTOR('',#10537,10.);
#1205=VECTOR('',#10540,10.);
#1206=VECTOR('',#10541,10.);
#1207=VECTOR('',#10544,10.);
#1208=VECTOR('',#10545,10.);
#1209=VECTOR('',#10548,10.);
#1210=VECTOR('',#10549,10.);
#1211=VECTOR('',#10552,10.);
#1212=VECTOR('',#10553,10.);
#1213=VECTOR('',#10556,10.);
#1214=VECTOR('',#10557,10.);
#1215=VECTOR('',#10560,10.);
#1216=VECTOR('',#10561,10.);
#1217=VECTOR('',#10564,10.);
#1218=VECTOR('',#10565,10.);
#1219=VECTOR('',#10568,10.);
#1220=VECTOR('',#10569,10.);
#1221=VECTOR('',#10572,10.);
#1222=VECTOR('',#10573,10.);
#1223=VECTOR('',#10576,10.);
#1224=VECTOR('',#10577,10.);
#1225=VECTOR('',#10580,10.);
#1226=VECTOR('',#10581,10.);
#1227=VECTOR('',#10584,10.);
#1228=VECTOR('',#10585,10.);
#1229=VECTOR('',#10588,10.);
#1230=VECTOR('',#10589,10.);
#1231=VECTOR('',#10592,10.);
#1232=VECTOR('',#10593,10.);
#1233=VECTOR('',#10596,10.);
#1234=VECTOR('',#10597,10.);
#1235=VECTOR('',#10600,10.);
#1236=VECTOR('',#10601,10.);
#1237=VECTOR('',#10604,10.);
#1238=VECTOR('',#10605,10.);
#1239=VECTOR('',#10608,10.);
#1240=VECTOR('',#10609,10.);
#1241=VECTOR('',#10612,10.);
#1242=VECTOR('',#10613,10.);
#1243=VECTOR('',#10616,10.);
#1244=VECTOR('',#10617,10.);
#1245=VECTOR('',#10620,10.);
#1246=VECTOR('',#10621,10.);
#1247=VECTOR('',#10668,10.);
#1248=VECTOR('',#10669,10.);
#1249=VECTOR('',#10770,10.);
#1250=VECTOR('',#10771,10.);
#1251=VECTOR('',#10774,10.);
#1252=VECTOR('',#10775,10.);
#1253=VECTOR('',#10808,10.);
#1254=VECTOR('',#10809,10.);
#1255=VECTOR('',#10812,10.);
#1256=VECTOR('',#10813,10.);
#1257=VECTOR('',#10816,10.);
#1258=VECTOR('',#10817,10.);
#1259=VECTOR('',#10820,10.);
#1260=VECTOR('',#10821,10.);
#1261=VECTOR('',#10824,10.);
#1262=VECTOR('',#10825,10.);
#1263=VECTOR('',#10828,10.);
#1264=VECTOR('',#10829,10.);
#1265=VECTOR('',#10832,10.);
#1266=VECTOR('',#10833,10.);
#1267=VECTOR('',#10836,10.);
#1268=VECTOR('',#10837,10.);
#1269=VECTOR('',#10840,10.);
#1270=VECTOR('',#10841,10.);
#1271=VECTOR('',#10844,10.);
#1272=VECTOR('',#10845,10.);
#1273=VECTOR('',#10848,10.);
#1274=VECTOR('',#10849,10.);
#1275=VECTOR('',#10852,10.);
#1276=VECTOR('',#10853,10.);
#1277=VECTOR('',#10856,10.);
#1278=VECTOR('',#10857,10.);
#1279=VECTOR('',#10860,10.);
#1280=VECTOR('',#10861,10.);
#1281=VECTOR('',#10864,10.);
#1282=VECTOR('',#10865,10.);
#1283=VECTOR('',#10868,10.);
#1284=VECTOR('',#10869,10.);
#1285=VECTOR('',#10872,10.);
#1286=VECTOR('',#10873,10.);
#1287=VECTOR('',#10876,10.);
#1288=VECTOR('',#10877,10.);
#1289=VECTOR('',#10880,10.);
#1290=VECTOR('',#10881,10.);
#1291=VECTOR('',#10884,10.);
#1292=VECTOR('',#10885,10.);
#1293=VECTOR('',#10888,10.);
#1294=VECTOR('',#10889,10.);
#1295=VECTOR('',#10892,10.);
#1296=VECTOR('',#10893,10.);
#1297=VECTOR('',#10896,10.);
#1298=VECTOR('',#10897,10.);
#1299=VECTOR('',#10900,10.);
#1300=VECTOR('',#10901,10.);
#1301=VECTOR('',#10904,10.);
#1302=VECTOR('',#10905,10.);
#1303=VECTOR('',#10986,10.);
#1304=VECTOR('',#10987,10.);
#1305=VECTOR('',#11016,10.);
#1306=VECTOR('',#11017,10.);
#1307=VECTOR('',#11020,10.);
#1308=VECTOR('',#11021,10.);
#1309=VECTOR('',#11064,10.);
#1310=VECTOR('',#11065,10.);
#1311=VECTOR('',#11078,10.);
#1312=VECTOR('',#11079,10.);
#1313=VECTOR('',#11092,10.);
#1314=VECTOR('',#11093,10.);
#1315=VECTOR('',#11104,10.);
#1316=VECTOR('',#11105,10.);
#1317=VECTOR('',#11108,10.);
#1318=VECTOR('',#11109,10.);
#1319=VECTOR('',#11112,10.);
#1320=VECTOR('',#11113,10.);
#1321=VECTOR('',#11136,10.);
#1322=VECTOR('',#11137,10.);
#1323=VECTOR('',#11140,10.);
#1324=VECTOR('',#11141,10.);
#1325=VECTOR('',#11144,10.);
#1326=VECTOR('',#11145,10.);
#1327=VECTOR('',#11160,10.);
#1328=VECTOR('',#11161,10.);
#1329=VECTOR('',#11174,10.);
#1330=VECTOR('',#11175,10.);
#1331=VECTOR('',#11188,10.);
#1332=VECTOR('',#11189,10.);
#1333=VECTOR('',#11200,10.);
#1334=VECTOR('',#11201,10.);
#1335=VECTOR('',#11204,10.);
#1336=VECTOR('',#11205,10.);
#1337=VECTOR('',#11208,10.);
#1338=VECTOR('',#11209,10.);
#1339=VECTOR('',#11212,10.);
#1340=VECTOR('',#11213,10.);
#1341=VECTOR('',#11216,10.);
#1342=VECTOR('',#11217,10.);
#1343=VECTOR('',#11220,10.);
#1344=VECTOR('',#11221,10.);
#1345=VECTOR('',#11226,10.);
#1346=VECTOR('',#11227,10.);
#1347=VECTOR('',#11240,10.);
#1348=VECTOR('',#11241,10.);
#1349=VECTOR('',#11254,10.);
#1350=VECTOR('',#11255,10.);
#1351=VECTOR('',#11266,10.);
#1352=VECTOR('',#11267,10.);
#1353=VECTOR('',#11270,10.);
#1354=VECTOR('',#11271,10.);
#1355=VECTOR('',#11274,10.);
#1356=VECTOR('',#11275,10.);
#1357=VECTOR('',#11278,10.);
#1358=VECTOR('',#11279,10.);
#1359=VECTOR('',#11282,10.);
#1360=VECTOR('',#11283,10.);
#1361=VECTOR('',#11286,10.);
#1362=VECTOR('',#11287,10.);
#1363=VECTOR('',#11290,10.);
#1364=VECTOR('',#11291,10.);
#1365=VECTOR('',#11294,10.);
#1366=VECTOR('',#11295,10.);
#1367=VECTOR('',#11300,10.);
#1368=VECTOR('',#11301,10.);
#1369=VECTOR('',#11314,10.);
#1370=VECTOR('',#11315,10.);
#1371=VECTOR('',#11328,10.);
#1372=VECTOR('',#11329,10.);
#1373=VECTOR('',#11340,10.);
#1374=VECTOR('',#11341,10.);
#1375=VECTOR('',#11344,10.);
#1376=VECTOR('',#11345,10.);
#1377=VECTOR('',#11348,10.);
#1378=VECTOR('',#11349,10.);
#1379=VECTOR('',#11352,10.);
#1380=VECTOR('',#11353,10.);
#1381=VECTOR('',#11356,10.);
#1382=VECTOR('',#11357,10.);
#1383=VECTOR('',#11360,1000.);
#1384=VECTOR('',#11361,1000.);
#1385=VECTOR('',#11364,1000.);
#1386=VECTOR('',#11367,1000.);
#1387=VECTOR('',#11370,1000.);
#1388=VECTOR('',#11373,1000.);
#1389=VECTOR('',#11378,1000.);
#1390=VECTOR('',#11379,1000.);
#1391=VECTOR('',#11382,1000.);
#1392=VECTOR('',#11385,1000.);
#1393=VECTOR('',#11388,1000.);
#1394=VECTOR('',#11391,1000.);
#1395=VECTOR('',#11456,10.);
#1396=VECTOR('',#11457,10.);
#1397=VECTOR('',#11506,10.);
#1398=VECTOR('',#11507,10.);
#1399=VECTOR('',#11518,10.);
#1400=VECTOR('',#11519,10.);
#1401=VECTOR('',#11532,10.);
#1402=VECTOR('',#11533,10.);
#1403=VECTOR('',#11536,10.);
#1404=VECTOR('',#11537,10.);
#1405=VECTOR('',#11548,10.);
#1406=VECTOR('',#11549,10.);
#1407=VECTOR('',#11552,10.);
#1408=VECTOR('',#11553,10.);
#1409=VECTOR('',#11566,10.);
#1410=VECTOR('',#11567,10.);
#1411=VECTOR('',#11570,10.);
#1412=VECTOR('',#11571,10.);
#1413=VECTOR('',#11586,10.);
#1414=VECTOR('',#11587,10.);
#1415=VECTOR('',#11600,10.);
#1416=VECTOR('',#11601,10.);
#1417=VECTOR('',#11614,10.);
#1418=VECTOR('',#11615,10.);
#1419=VECTOR('',#11626,10.);
#1420=VECTOR('',#11627,10.);
#1421=VECTOR('',#11640,10.);
#1422=VECTOR('',#11641,10.);
#1423=VECTOR('',#11644,10.);
#1424=VECTOR('',#11645,10.);
#1425=VECTOR('',#11648,10.);
#1426=VECTOR('',#11649,10.);
#1427=VECTOR('',#11664,10.);
#1428=VECTOR('',#11665,10.);
#1429=VECTOR('',#11678,10.);
#1430=VECTOR('',#11679,10.);
#1431=VECTOR('',#11692,10.);
#1432=VECTOR('',#11693,10.);
#1433=VECTOR('',#11704,10.);
#1434=VECTOR('',#11705,10.);
#1435=VECTOR('',#11708,10.);
#1436=VECTOR('',#11709,10.);
#1437=VECTOR('',#11712,10.);
#1438=VECTOR('',#11713,10.);
#1439=VECTOR('',#11716,10.);
#1440=VECTOR('',#11717,10.);
#1441=VECTOR('',#11720,10.);
#1442=VECTOR('',#11721,10.);
#1443=VECTOR('',#11724,10.);
#1444=VECTOR('',#11725,10.);
#1445=VECTOR('',#11730,10.);
#1446=VECTOR('',#11731,10.);
#1447=VECTOR('',#11744,10.);
#1448=VECTOR('',#11745,10.);
#1449=VECTOR('',#11758,10.);
#1450=VECTOR('',#11759,10.);
#1451=VECTOR('',#11770,10.);
#1452=VECTOR('',#11771,10.);
#1453=VECTOR('',#11774,10.);
#1454=VECTOR('',#11775,10.);
#1455=VECTOR('',#11778,10.);
#1456=VECTOR('',#11779,10.);
#1457=VECTOR('',#11782,10.);
#1458=VECTOR('',#11783,10.);
#1459=VECTOR('',#11788,10.);
#1460=VECTOR('',#11789,10.);
#1461=VECTOR('',#11802,10.);
#1462=VECTOR('',#11803,10.);
#1463=VECTOR('',#11816,10.);
#1464=VECTOR('',#11817,10.);
#1465=VECTOR('',#11828,10.);
#1466=VECTOR('',#11829,10.);
#1467=VECTOR('',#11832,10.);
#1468=VECTOR('',#11833,10.);
#1469=VECTOR('',#11836,10.);
#1470=VECTOR('',#11837,10.);
#1471=VECTOR('',#11840,10.);
#1472=VECTOR('',#11841,10.);
#1473=VECTOR('',#11844,10.);
#1474=VECTOR('',#11845,10.);
#1475=VECTOR('',#11848,1000.);
#1476=VECTOR('',#11849,1000.);
#1477=VECTOR('',#11852,1000.);
#1478=VECTOR('',#11855,1000.);
#1479=VECTOR('',#11858,1000.);
#1480=VECTOR('',#11861,1000.);
#1481=VECTOR('',#11866,1000.);
#1482=VECTOR('',#11893,1000.);
#1483=VECTOR('',#11894,1000.);
#1484=VECTOR('',#11899,1000.);
#1485=VECTOR('',#11904,1000.);
#1486=VECTOR('',#11907,1000.);
#1487=VECTOR('',#11914,10.);
#1488=VECTOR('',#11917,10.);
#1489=VECTOR('',#11922,10.);
#1490=VECTOR('',#11927,10.);
#1491=VECTOR('',#11930,10.);
#1492=VECTOR('',#11933,10.);
#1493=VECTOR('',#11946,10.);
#1494=VECTOR('',#11949,10.);
#1495=VECTOR('',#11952,10.);
#1496=VECTOR('',#11953,10.);
#1497=VECTOR('',#11964,10.);
#1498=VECTOR('',#11965,10.);
#1499=VECTOR('',#11982,10.);
#1500=VECTOR('',#11985,10.);
#1501=VECTOR('',#11990,10.);
#1502=VECTOR('',#11993,10.);
#1503=VECTOR('',#11998,10.);
#1504=VECTOR('',#12003,10.);
#1505=VECTOR('',#12022,10.);
#1506=VECTOR('',#12025,10.);
#1507=VECTOR('',#12036,10.);
#1508=VECTOR('',#12039,10.);
#1509=VECTOR('',#12052,10.);
#1510=VECTOR('',#12055,10.);
#1511=VECTOR('',#12060,10.);
#1512=VECTOR('',#12063,10.);
#1513=VECTOR('',#12074,10.);
#1514=VECTOR('',#12075,10.);
#1515=VECTOR('',#12078,10.);
#1516=VECTOR('',#12081,10.);
#1517=VECTOR('',#12092,10.);
#1518=VECTOR('',#12093,10.);
#1519=VECTOR('',#12098,10.);
#1520=VECTOR('',#12103,10.);
#1521=VECTOR('',#12106,10.);
#1522=VECTOR('',#12109,10.);
#1523=VECTOR('',#12114,10.);
#1524=VECTOR('',#12117,10.);
#1525=VECTOR('',#12120,10.);
#1526=VECTOR('',#12123,10.);
#1527=VECTOR('',#12142,10.);
#1528=VECTOR('',#12145,10.);
#1529=VECTOR('',#12158,10.);
#1530=VECTOR('',#12161,10.);
#1531=VECTOR('',#12164,10.);
#1532=VECTOR('',#12165,10.);
#1533=VECTOR('',#12168,10.);
#1534=VECTOR('',#12169,10.);
#1535=VECTOR('',#12172,10.);
#1536=VECTOR('',#12173,10.);
#1537=VECTOR('',#12178,10.);
#1538=VECTOR('',#12179,10.);
#1539=VECTOR('',#12190,10.);
#1540=VECTOR('',#12191,10.);
#1541=VECTOR('',#12196,10.);
#1542=VECTOR('',#12197,10.);
#1543=VECTOR('',#12202,10.);
#1544=VECTOR('',#12203,10.);
#1545=VECTOR('',#12208,10.);
#1546=VECTOR('',#12209,10.);
#1547=VECTOR('',#12212,10.);
#1548=VECTOR('',#12213,10.);
#1549=VECTOR('',#12222,10.);
#1550=VECTOR('',#12223,10.);
#1551=VECTOR('',#12226,10.);
#1552=VECTOR('',#12229,10.);
#1553=VECTOR('',#12242,10.);
#1554=VECTOR('',#12243,10.);
#1555=VECTOR('',#12248,10.);
#1556=VECTOR('',#12249,10.);
#1557=VECTOR('',#12252,10.);
#1558=VECTOR('',#12253,10.);
#1559=VECTOR('',#12258,10.);
#1560=VECTOR('',#12259,10.);
#1561=VECTOR('',#12262,10.);
#1562=VECTOR('',#12263,10.);
#1563=VECTOR('',#12266,10.);
#1564=VECTOR('',#12267,10.);
#1565=VECTOR('',#12274,10.);
#1566=VECTOR('',#12275,10.);
#1567=VECTOR('',#12278,10.);
#1568=VECTOR('',#12279,10.);
#1569=VECTOR('',#12282,10.);
#1570=VECTOR('',#12283,10.);
#1571=VECTOR('',#12290,10.);
#1572=VECTOR('',#12291,10.);
#1573=VECTOR('',#12294,10.);
#1574=VECTOR('',#12295,10.);
#1575=VECTOR('',#12302,10.);
#1576=VECTOR('',#12303,10.);
#1577=VECTOR('',#12308,10.);
#1578=VECTOR('',#12309,10.);
#1579=VECTOR('',#12320,10.);
#1580=VECTOR('',#12321,10.);
#1581=VECTOR('',#12324,10.);
#1582=VECTOR('',#12327,10.);
#1583=VECTOR('',#12338,10.);
#1584=VECTOR('',#12339,10.);
#1585=VECTOR('',#12342,10.);
#1586=VECTOR('',#12343,10.);
#1587=VECTOR('',#12346,10.);
#1588=VECTOR('',#12347,10.);
#1589=VECTOR('',#12354,10.);
#1590=VECTOR('',#12355,10.);
#1591=VECTOR('',#12360,10.);
#1592=VECTOR('',#12361,10.);
#1593=VECTOR('',#12366,10.);
#1594=VECTOR('',#12367,10.);
#1595=VECTOR('',#12370,10.);
#1596=VECTOR('',#12371,10.);
#1597=VECTOR('',#12376,10.);
#1598=VECTOR('',#12377,10.);
#1599=VECTOR('',#12382,10.);
#1600=VECTOR('',#12383,10.);
#1601=VECTOR('',#12390,10.);
#1602=VECTOR('',#12391,10.);
#1603=VECTOR('',#12396,10.);
#1604=VECTOR('',#12399,10.);
#1605=VECTOR('',#12402,1000.);
#1606=VECTOR('',#12403,1000.);
#1607=VECTOR('',#12404,1000.);
#1608=VECTOR('',#12405,1000.);
#1609=VECTOR('',#12406,1000.);
#1610=VECTOR('',#12409,1000.);
#1611=VECTOR('',#12410,1000.);
#1612=VECTOR('',#12413,1000.);
#1613=VECTOR('',#12414,1000.);
#1614=VECTOR('',#12415,1000.);
#1615=VECTOR('',#12416,1000.);
#1616=VECTOR('',#12419,1000.);
#1617=VECTOR('',#12420,1000.);
#1618=VECTOR('',#12423,1000.);
#1619=VECTOR('',#12424,1000.);
#1620=VECTOR('',#12425,1000.);
#1621=VECTOR('',#12426,1000.);
#1622=VECTOR('',#12429,1000.);
#1623=VECTOR('',#12430,1000.);
#1624=VECTOR('',#12433,1000.);
#1625=VECTOR('',#12434,1000.);
#1626=VECTOR('',#12435,1000.);
#1627=VECTOR('',#12436,1000.);
#1628=VECTOR('',#12439,1000.);
#1629=VECTOR('',#12440,1000.);
#1630=VECTOR('',#12443,1000.);
#1631=VECTOR('',#12444,1000.);
#1632=VECTOR('',#12445,1000.);
#1633=VECTOR('',#12446,1000.);
#1634=VECTOR('',#12449,1000.);
#1635=VECTOR('',#12452,1000.);
#1636=VECTOR('',#12455,1000.);
#1637=VECTOR('',#12456,1000.);
#1638=VECTOR('',#12457,1000.);
#1639=VECTOR('',#12460,1000.);
#1640=VECTOR('',#12461,1000.);
#1641=VECTOR('',#12464,1000.);
#1642=VECTOR('',#12465,1000.);
#1643=VECTOR('',#12468,1000.);
#1644=VECTOR('',#12473,1000.);
#1645=VECTOR('',#12474,1000.);
#1646=VECTOR('',#12477,1000.);
#1647=VECTOR('',#12478,1000.);
#1648=VECTOR('',#12481,1000.);
#1649=VECTOR('',#12482,1000.);
#1650=VECTOR('',#12485,1000.);
#1651=VECTOR('',#12486,1000.);
#1652=VECTOR('',#12489,1000.);
#1653=VECTOR('',#12490,1000.);
#1654=VECTOR('',#12493,1000.);
#1655=VECTOR('',#12494,1000.);
#1656=VECTOR('',#12497,1000.);
#1657=VECTOR('',#12498,1000.);
#1658=VECTOR('',#12501,1000.);
#1659=VECTOR('',#12506,1000.);
#1660=VECTOR('',#12507,1000.);
#1661=VECTOR('',#12520,1000.);
#1662=VECTOR('',#12523,1000.);
#1663=VECTOR('',#12526,1000.);
#1664=VECTOR('',#12527,1000.);
#1665=VECTOR('',#12528,1000.);
#1666=VECTOR('',#12531,1000.);
#1667=VECTOR('',#12534,1000.);
#1668=VECTOR('',#12535,1000.);
#1669=VECTOR('',#12536,1000.);
#1670=VECTOR('',#12537,1000.);
#1671=VECTOR('',#12538,1000.);
#1672=VECTOR('',#12539,1000.);
#1673=VECTOR('',#12540,1000.);
#1674=VECTOR('',#12543,1000.);
#1675=VECTOR('',#12544,1000.);
#1676=VECTOR('',#12547,1000.);
#1677=VECTOR('',#12548,1000.);
#1678=VECTOR('',#12549,1000.);
#1679=VECTOR('',#12550,1000.);
#1680=VECTOR('',#12551,1000.);
#1681=VECTOR('',#12552,1000.);
#1682=VECTOR('',#12553,1000.);
#1683=VECTOR('',#12554,1000.);
#1684=VECTOR('',#12555,1000.);
#1685=VECTOR('',#12558,1000.);
#1686=VECTOR('',#12561,1000.);
#1687=VECTOR('',#12562,1000.);
#1688=VECTOR('',#12563,1000.);
#1689=VECTOR('',#12566,1000.);
#1690=VECTOR('',#12567,1000.);
#1691=VECTOR('',#12570,1000.);
#1692=VECTOR('',#12571,1000.);
#1693=VECTOR('',#12572,1000.);
#1694=VECTOR('',#12573,1000.);
#1695=VECTOR('',#12574,1000.);
#1696=VECTOR('',#12575,1000.);
#1697=VECTOR('',#12576,1000.);
#1698=VECTOR('',#12577,1000.);
#1699=VECTOR('',#12578,1000.);
#1700=VECTOR('',#12579,1000.);
#1701=VECTOR('',#12580,1000.);
#1702=VECTOR('',#12581,1000.);
#1703=VECTOR('',#12582,1000.);
#1704=VECTOR('',#12583,1000.);
#1705=VECTOR('',#12584,1000.);
#1706=VECTOR('',#12585,1000.);
#1707=VECTOR('',#12586,1000.);
#1708=VECTOR('',#12587,1000.);
#1709=VECTOR('',#12590,1000.);
#1710=VECTOR('',#12591,1000.);
#1711=VECTOR('',#12592,1000.);
#1712=VECTOR('',#12595,1000.);
#1713=VECTOR('',#12596,1000.);
#1714=VECTOR('',#12599,1000.);
#1715=VECTOR('',#12600,1000.);
#1716=VECTOR('',#12603,1000.);
#1717=VECTOR('',#12608,1000.);
#1718=VECTOR('',#12609,1000.);
#1719=VECTOR('',#12612,1000.);
#1720=VECTOR('',#12613,1000.);
#1721=VECTOR('',#12614,1000.);
#1722=VECTOR('',#12617,1000.);
#1723=VECTOR('',#12620,1000.);
#1724=VECTOR('',#12623,1000.);
#1725=VECTOR('',#12624,1000.);
#1726=VECTOR('',#12625,1000.);
#1727=VECTOR('',#12628,1000.);
#1728=VECTOR('',#12629,1000.);
#1729=VECTOR('',#12632,1000.);
#1730=VECTOR('',#12633,1000.);
#1731=VECTOR('',#12636,1000.);
#1732=VECTOR('',#12641,1000.);
#1733=VECTOR('',#12642,1000.);
#1734=VECTOR('',#12643,1000.);
#1735=VECTOR('',#12646,1000.);
#1736=VECTOR('',#12647,1000.);
#1737=VECTOR('',#12650,1000.);
#1738=VECTOR('',#12651,1000.);
#1739=VECTOR('',#12654,1000.);
#1740=VECTOR('',#12657,1000.);
#1741=VECTOR('',#12658,1000.);
#1742=VECTOR('',#12659,1000.);
#1743=VECTOR('',#12662,1000.);
#1744=VECTOR('',#12663,1000.);
#1745=VECTOR('',#12664,1000.);
#1746=VECTOR('',#12667,1000.);
#1747=VECTOR('',#12668,1000.);
#1748=VECTOR('',#12669,1000.);
#1749=VECTOR('',#12674,1000.);
#1750=VECTOR('',#12677,1000.);
#1751=VECTOR('',#12680,1000.);
#1752=VECTOR('',#12683,1000.);
#1753=VECTOR('',#12686,1000.);
#1754=VECTOR('',#12693,1000.);
#1755=VECTOR('',#12700,1000.);
#1756=VECTOR('',#12701,1000.);
#1757=VECTOR('',#12704,1000.);
#1758=VECTOR('',#12705,1000.);
#1759=VECTOR('',#12706,1000.);
#1760=VECTOR('',#12707,1000.);
#1761=VECTOR('',#12708,1000.);
#1762=VECTOR('',#12711,1000.);
#1763=VECTOR('',#12712,1000.);
#1764=VECTOR('',#12715,1000.);
#1765=VECTOR('',#12718,1000.);
#1766=VECTOR('',#12723,1000.);
#1767=VECTOR('',#12732,1000.);
#1768=VECTOR('',#12735,1000.);
#1769=VECTOR('',#12738,1000.);
#1770=VECTOR('',#12745,1.7);
#1771=VECTOR('',#12746,1.7);
#1772=VECTOR('',#12747,1.7);
#1773=VECTOR('',#12748,1.7);
#1774=VECTOR('',#12751,1.7);
#1775=VECTOR('',#12752,1.7);
#1776=VECTOR('',#12753,1.7);
#1777=VECTOR('',#12756,1.7);
#1778=VECTOR('',#12757,1.7);
#1779=VECTOR('',#12764,5.);
#1780=VECTOR('',#12765,5.);
#1781=VECTOR('',#12766,5.);
#1782=VECTOR('',#12767,5.);
#1783=VECTOR('',#12770,5.);
#1784=VECTOR('',#12771,5.);
#1785=VECTOR('',#12772,5.);
#1786=VECTOR('',#12775,5.);
#1787=VECTOR('',#12776,5.);
#1788=VECTOR('',#12777,5.);
#1789=VECTOR('',#12778,5.);
#1790=VECTOR('',#12779,5.);
#1791=VECTOR('',#12780,5.);
#1792=VECTOR('',#12781,5.);
#1793=VECTOR('',#12782,5.);
#1794=VECTOR('',#12783,5.);
#1795=VECTOR('',#12786,5.);
#1796=VECTOR('',#12787,5.);
#1797=VECTOR('',#12788,5.);
#1798=VECTOR('',#12791,5.);
#1799=VECTOR('',#12792,5.);
#1800=VECTOR('',#12793,5.);
#1801=VECTOR('',#12794,5.);
#1802=VECTOR('',#12795,5.);
#1803=VECTOR('',#12796,5.);
#1804=VECTOR('',#12797,5.);
#1805=VECTOR('',#12802,5.);
#1806=VECTOR('',#12805,5.);
#1807=VECTOR('',#12808,5.);
#1808=VECTOR('',#12809,5.);
#1809=VECTOR('',#12812,5.);
#1810=VECTOR('',#12813,5.);
#1811=VECTOR('',#12814,5.);
#1812=VECTOR('',#12817,5.);
#1813=VECTOR('',#12818,5.);
#1814=VECTOR('',#12819,5.);
#1815=VECTOR('',#12820,5.);
#1816=VECTOR('',#12821,5.);
#1817=VECTOR('',#12822,5.);
#1818=VECTOR('',#12823,5.);
#1819=VECTOR('',#12824,5.);
#1820=VECTOR('',#12825,5.);
#1821=VECTOR('',#12826,5.);
#1822=VECTOR('',#12827,5.);
#1823=VECTOR('',#12828,5.);
#1824=VECTOR('',#12829,5.);
#1825=VECTOR('',#12830,5.);
#1826=VECTOR('',#12831,5.);
#1827=VECTOR('',#12832,5.);
#1828=VECTOR('',#12833,5.);
#1829=VECTOR('',#12834,5.);
#1830=VECTOR('',#12835,5.);
#1831=VECTOR('',#12836,5.);
#1832=VECTOR('',#12839,5.);
#1833=VECTOR('',#12842,5.);
#1834=VECTOR('',#12843,5.);
#1835=VECTOR('',#12844,5.);
#1836=VECTOR('',#12845,5.);
#1837=VECTOR('',#12848,5.);
#1838=VECTOR('',#12849,5.);
#1839=VECTOR('',#12850,5.);
#1840=VECTOR('',#12853,5.);
#1841=VECTOR('',#12854,5.);
#1842=VECTOR('',#12855,5.);
#1843=VECTOR('',#12856,5.);
#1844=VECTOR('',#12857,5.);
#1845=VECTOR('',#12858,5.);
#1846=VECTOR('',#12859,5.);
#1847=VECTOR('',#12860,5.);
#1848=VECTOR('',#12861,5.);
#1849=VECTOR('',#12862,5.);
#1850=VECTOR('',#12863,5.);
#1851=VECTOR('',#12864,5.);
#1852=VECTOR('',#12867,5.);
#1853=VECTOR('',#12870,5.);
#1854=VECTOR('',#12871,5.);
#1855=VECTOR('',#12872,5.);
#1856=VECTOR('',#12873,5.);
#1857=VECTOR('',#12878,5.);
#1858=VECTOR('',#12879,5.);
#1859=VECTOR('',#12880,5.);
#1860=VECTOR('',#12881,5.);
#1861=VECTOR('',#12884,5.);
#1862=VECTOR('',#12885,5.);
#1863=VECTOR('',#12886,5.);
#1864=VECTOR('',#12889,5.);
#1865=VECTOR('',#12890,5.);
#1866=VECTOR('',#12891,5.);
#1867=VECTOR('',#12892,5.);
#1868=VECTOR('',#12895,5.);
#1869=VECTOR('',#12896,5.);
#1870=VECTOR('',#12897,5.);
#1871=VECTOR('',#12900,5.);
#1872=VECTOR('',#12901,5.);
#1873=VECTOR('',#12902,5.);
#1874=VECTOR('',#12903,5.);
#1875=VECTOR('',#12904,5.);
#1876=VECTOR('',#12905,5.);
#1877=VECTOR('',#12906,5.);
#1878=VECTOR('',#12909,5.);
#1879=VECTOR('',#12910,5.);
#1880=VECTOR('',#12911,5.);
#1881=VECTOR('',#12914,5.);
#1882=VECTOR('',#12915,5.);
#1883=VECTOR('',#12916,5.);
#1884=VECTOR('',#12919,5.);
#1885=VECTOR('',#12920,5.);
#1886=VECTOR('',#12921,5.);
#1887=CYLINDRICAL_SURFACE('',#9434,0.01);
#1888=CYLINDRICAL_SURFACE('',#9484,0.01);
#1889=CYLINDRICAL_SURFACE('',#9485,0.01);
#1890=CYLINDRICAL_SURFACE('',#9501,0.01);
#1891=CYLINDRICAL_SURFACE('',#9502,0.01);
#1892=CYLINDRICAL_SURFACE('',#9503,0.01);
#1893=CYLINDRICAL_SURFACE('',#9504,0.01);
#1894=CYLINDRICAL_SURFACE('',#9505,0.01);
#1895=CYLINDRICAL_SURFACE('',#9506,0.01);
#1896=CYLINDRICAL_SURFACE('',#9507,0.01);
#1897=CYLINDRICAL_SURFACE('',#9508,0.01);
#1898=CYLINDRICAL_SURFACE('',#9509,0.01);
#1899=CYLINDRICAL_SURFACE('',#9510,0.01);
#1900=CYLINDRICAL_SURFACE('',#9511,0.01);
#1901=CYLINDRICAL_SURFACE('',#9512,0.01);
#1902=CYLINDRICAL_SURFACE('',#9513,0.01);
#1903=CYLINDRICAL_SURFACE('',#9514,0.01);
#1904=CYLINDRICAL_SURFACE('',#9515,0.01);
#1905=CYLINDRICAL_SURFACE('',#9516,0.01);
#1906=CYLINDRICAL_SURFACE('',#9517,0.01);
#1907=CYLINDRICAL_SURFACE('',#9518,0.01);
#1908=CYLINDRICAL_SURFACE('',#9519,0.01);
#1909=CYLINDRICAL_SURFACE('',#9520,0.01);
#1910=CYLINDRICAL_SURFACE('',#9521,0.01);
#1911=CYLINDRICAL_SURFACE('',#9522,0.01);
#1912=CYLINDRICAL_SURFACE('',#9523,0.01);
#1913=CYLINDRICAL_SURFACE('',#9524,0.01);
#1914=CYLINDRICAL_SURFACE('',#9525,0.01);
#1915=CYLINDRICAL_SURFACE('',#9548,0.01);
#1916=CYLINDRICAL_SURFACE('',#9598,0.01);
#1917=CYLINDRICAL_SURFACE('',#9599,0.01);
#1918=CYLINDRICAL_SURFACE('',#9615,0.01);
#1919=CYLINDRICAL_SURFACE('',#9616,0.01);
#1920=CYLINDRICAL_SURFACE('',#9617,0.01);
#1921=CYLINDRICAL_SURFACE('',#9618,0.01);
#1922=CYLINDRICAL_SURFACE('',#9619,0.01);
#1923=CYLINDRICAL_SURFACE('',#9620,0.01);
#1924=CYLINDRICAL_SURFACE('',#9621,0.01);
#1925=CYLINDRICAL_SURFACE('',#9622,0.01);
#1926=CYLINDRICAL_SURFACE('',#9623,0.01);
#1927=CYLINDRICAL_SURFACE('',#9624,0.01);
#1928=CYLINDRICAL_SURFACE('',#9625,0.01);
#1929=CYLINDRICAL_SURFACE('',#9626,0.01);
#1930=CYLINDRICAL_SURFACE('',#9627,0.01);
#1931=CYLINDRICAL_SURFACE('',#9628,0.01);
#1932=CYLINDRICAL_SURFACE('',#9629,0.01);
#1933=CYLINDRICAL_SURFACE('',#9630,0.01);
#1934=CYLINDRICAL_SURFACE('',#9631,0.01);
#1935=CYLINDRICAL_SURFACE('',#9632,0.01);
#1936=CYLINDRICAL_SURFACE('',#9633,0.01);
#1937=CYLINDRICAL_SURFACE('',#9634,0.01);
#1938=CYLINDRICAL_SURFACE('',#9635,0.01);
#1939=CYLINDRICAL_SURFACE('',#9636,0.01);
#1940=CYLINDRICAL_SURFACE('',#9637,0.01);
#1941=CYLINDRICAL_SURFACE('',#9638,0.01);
#1942=CYLINDRICAL_SURFACE('',#9639,0.01);
#1943=CYLINDRICAL_SURFACE('',#9679,0.01);
#1944=CYLINDRICAL_SURFACE('',#9693,0.01);
#1945=CYLINDRICAL_SURFACE('',#9694,0.01);
#1946=CYLINDRICAL_SURFACE('',#9714,0.01);
#1947=CYLINDRICAL_SURFACE('',#9720,0.01);
#1948=CYLINDRICAL_SURFACE('',#9726,0.01);
#1949=CYLINDRICAL_SURFACE('',#9732,0.01);
#1950=CYLINDRICAL_SURFACE('',#9733,0.01);
#1951=CYLINDRICAL_SURFACE('',#9734,0.01);
#1952=CYLINDRICAL_SURFACE('',#9745,0.01);
#1953=CYLINDRICAL_SURFACE('',#9746,0.01);
#1954=CYLINDRICAL_SURFACE('',#9747,0.01);
#1955=CYLINDRICAL_SURFACE('',#9753,0.01);
#1956=CYLINDRICAL_SURFACE('',#9759,0.01);
#1957=CYLINDRICAL_SURFACE('',#9765,0.01);
#1958=CYLINDRICAL_SURFACE('',#9771,0.01);
#1959=CYLINDRICAL_SURFACE('',#9772,0.01);
#1960=CYLINDRICAL_SURFACE('',#9773,0.01);
#1961=CYLINDRICAL_SURFACE('',#9774,0.01);
#1962=CYLINDRICAL_SURFACE('',#9775,0.01);
#1963=CYLINDRICAL_SURFACE('',#9776,0.01);
#1964=CYLINDRICAL_SURFACE('',#9777,0.01);
#1965=CYLINDRICAL_SURFACE('',#9783,0.01);
#1966=CYLINDRICAL_SURFACE('',#9789,0.01);
#1967=CYLINDRICAL_SURFACE('',#9795,0.01);
#1968=CYLINDRICAL_SURFACE('',#9796,0.01);
#1969=CYLINDRICAL_SURFACE('',#9797,0.01);
#1970=CYLINDRICAL_SURFACE('',#9798,0.01);
#1971=CYLINDRICAL_SURFACE('',#9799,0.01);
#1972=CYLINDRICAL_SURFACE('',#9800,0.01);
#1973=CYLINDRICAL_SURFACE('',#9801,0.01);
#1974=CYLINDRICAL_SURFACE('',#9802,0.01);
#1975=CYLINDRICAL_SURFACE('',#9803,0.01);
#1976=CYLINDRICAL_SURFACE('',#9809,0.01);
#1977=CYLINDRICAL_SURFACE('',#9815,0.01);
#1978=CYLINDRICAL_SURFACE('',#9821,0.01);
#1979=CYLINDRICAL_SURFACE('',#9822,0.01);
#1980=CYLINDRICAL_SURFACE('',#9823,0.01);
#1981=CYLINDRICAL_SURFACE('',#9824,0.01);
#1982=CYLINDRICAL_SURFACE('',#9825,0.01);
#1983=CYLINDRICAL_SURFACE('',#9826,0.5);
#1984=CYLINDRICAL_SURFACE('',#9828,0.5);
#1985=CYLINDRICAL_SURFACE('',#9831,0.5);
#1986=CYLINDRICAL_SURFACE('',#9832,0.5);
#1987=CYLINDRICAL_SURFACE('',#9834,0.5);
#1988=CYLINDRICAL_SURFACE('',#9837,0.5);
#1989=CYLINDRICAL_SURFACE('',#9868,0.01);
#1990=CYLINDRICAL_SURFACE('',#9892,0.01);
#1991=CYLINDRICAL_SURFACE('',#9897,0.01);
#1992=CYLINDRICAL_SURFACE('',#9903,0.01);
#1993=CYLINDRICAL_SURFACE('',#9904,0.01);
#1994=CYLINDRICAL_SURFACE('',#9909,0.01);
#1995=CYLINDRICAL_SURFACE('',#9910,0.01);
#1996=CYLINDRICAL_SURFACE('',#9916,0.01);
#1997=CYLINDRICAL_SURFACE('',#9917,0.01);
#1998=CYLINDRICAL_SURFACE('',#9923,0.01);
#1999=CYLINDRICAL_SURFACE('',#9929,0.01);
#2000=CYLINDRICAL_SURFACE('',#9935,0.01);
#2001=CYLINDRICAL_SURFACE('',#9941,0.01);
#2002=CYLINDRICAL_SURFACE('',#9947,0.01);
#2003=CYLINDRICAL_SURFACE('',#9948,0.01);
#2004=CYLINDRICAL_SURFACE('',#9949,0.01);
#2005=CYLINDRICAL_SURFACE('',#9955,0.01);
#2006=CYLINDRICAL_SURFACE('',#9961,0.01);
#2007=CYLINDRICAL_SURFACE('',#9967,0.01);
#2008=CYLINDRICAL_SURFACE('',#9973,0.01);
#2009=CYLINDRICAL_SURFACE('',#9974,0.01);
#2010=CYLINDRICAL_SURFACE('',#9975,0.01);
#2011=CYLINDRICAL_SURFACE('',#9976,0.01);
#2012=CYLINDRICAL_SURFACE('',#9977,0.01);
#2013=CYLINDRICAL_SURFACE('',#9978,0.01);
#2014=CYLINDRICAL_SURFACE('',#9979,0.01);
#2015=CYLINDRICAL_SURFACE('',#9985,0.01);
#2016=CYLINDRICAL_SURFACE('',#9991,0.01);
#2017=CYLINDRICAL_SURFACE('',#9997,0.01);
#2018=CYLINDRICAL_SURFACE('',#9998,0.01);
#2019=CYLINDRICAL_SURFACE('',#9999,0.01);
#2020=CYLINDRICAL_SURFACE('',#10000,0.01);
#2021=CYLINDRICAL_SURFACE('',#10001,0.01);
#2022=CYLINDRICAL_SURFACE('',#10007,0.01);
#2023=CYLINDRICAL_SURFACE('',#10013,0.01);
#2024=CYLINDRICAL_SURFACE('',#10019,0.01);
#2025=CYLINDRICAL_SURFACE('',#10020,0.01);
#2026=CYLINDRICAL_SURFACE('',#10021,0.01);
#2027=CYLINDRICAL_SURFACE('',#10022,0.01);
#2028=CYLINDRICAL_SURFACE('',#10023,0.01);
#2029=CYLINDRICAL_SURFACE('',#10024,0.5);
#2030=CYLINDRICAL_SURFACE('',#10026,0.5);
#2031=CYLINDRICAL_SURFACE('',#10028,0.5);
#2032=CYLINDRICAL_SURFACE('',#10043,0.5);
#2033=CYLINDRICAL_SURFACE('',#10045,0.5);
#2034=CYLINDRICAL_SURFACE('',#10048,0.5);
#2035=CYLINDRICAL_SURFACE('',#10051,0.03);
#2036=CYLINDRICAL_SURFACE('',#10054,0.03);
#2037=CYLINDRICAL_SURFACE('',#10057,0.03);
#2038=CYLINDRICAL_SURFACE('',#10064,0.03);
#2039=CYLINDRICAL_SURFACE('',#10066,0.03);
#2040=CYLINDRICAL_SURFACE('',#10071,0.03);
#2041=CYLINDRICAL_SURFACE('',#10079,0.03);
#2042=CYLINDRICAL_SURFACE('',#10082,0.03);
#2043=CYLINDRICAL_SURFACE('',#10085,0.03);
#2044=CYLINDRICAL_SURFACE('',#10096,0.03);
#2045=CYLINDRICAL_SURFACE('',#10102,0.03);
#2046=CYLINDRICAL_SURFACE('',#10109,0.03);
#2047=CYLINDRICAL_SURFACE('',#10112,0.03);
#2048=CYLINDRICAL_SURFACE('',#10118,0.03);
#2049=CYLINDRICAL_SURFACE('',#10119,0.03);
#2050=CYLINDRICAL_SURFACE('',#10125,0.03);
#2051=CYLINDRICAL_SURFACE('',#10127,0.03);
#2052=CYLINDRICAL_SURFACE('',#10130,0.03);
#2053=CYLINDRICAL_SURFACE('',#10133,0.03);
#2054=CYLINDRICAL_SURFACE('',#10135,0.03);
#2055=CYLINDRICAL_SURFACE('',#10145,0.03);
#2056=CYLINDRICAL_SURFACE('',#10152,0.03);
#2057=CYLINDRICAL_SURFACE('',#10154,0.03);
#2058=CYLINDRICAL_SURFACE('',#10155,0.03);
#2059=CYLINDRICAL_SURFACE('',#10156,0.03);
#2060=CYLINDRICAL_SURFACE('',#10157,0.03);
#2061=CYLINDRICAL_SURFACE('',#10163,0.03);
#2062=CYLINDRICAL_SURFACE('',#10165,0.03);
#2063=CYLINDRICAL_SURFACE('',#10167,0.03);
#2064=CYLINDRICAL_SURFACE('',#10169,0.03);
#2065=CYLINDRICAL_SURFACE('',#10170,0.03);
#2066=CYLINDRICAL_SURFACE('',#10174,0.03);
#2067=CYLINDRICAL_SURFACE('',#10175,0.03);
#2068=CYLINDRICAL_SURFACE('',#10182,0.03);
#2069=CYLINDRICAL_SURFACE('',#10183,0.03);
#2070=CYLINDRICAL_SURFACE('',#10185,0.03);
#2071=CYLINDRICAL_SURFACE('',#10186,0.03);
#2072=CYLINDRICAL_SURFACE('',#10188,0.03);
#2073=CYLINDRICAL_SURFACE('',#10189,0.03);
#2074=CYLINDRICAL_SURFACE('',#10192,0.03);
#2075=CYLINDRICAL_SURFACE('',#10193,0.03);
#2076=CYLINDRICAL_SURFACE('',#10194,0.03);
#2077=CYLINDRICAL_SURFACE('',#10197,0.03);
#2078=CYLINDRICAL_SURFACE('',#10198,0.03);
#2079=CYLINDRICAL_SURFACE('',#10201,0.03);
#2080=CYLINDRICAL_SURFACE('',#10203,0.03);
#2081=CYLINDRICAL_SURFACE('',#10208,0.03);
#2082=CYLINDRICAL_SURFACE('',#10209,0.03);
#2083=CYLINDRICAL_SURFACE('',#10215,0.03);
#2084=CYLINDRICAL_SURFACE('',#10216,0.03);
#2085=CYLINDRICAL_SURFACE('',#10217,0.03);
#2086=CYLINDRICAL_SURFACE('',#10220,0.03);
#2087=CYLINDRICAL_SURFACE('',#10222,0.03);
#2088=CYLINDRICAL_SURFACE('',#10224,0.03);
#2089=CYLINDRICAL_SURFACE('',#10225,0.03);
#2090=CYLINDRICAL_SURFACE('',#10227,0.03);
#2091=CYLINDRICAL_SURFACE('',#10229,0.03);
#2092=CYLINDRICAL_SURFACE('',#10232,0.03);
#2093=CYLINDRICAL_SURFACE('',#10234,0.03);
#2094=CYLINDRICAL_SURFACE('',#10250,0.8);
#2095=CYLINDRICAL_SURFACE('',#10259,0.8);
#2096=CYLINDRICAL_SURFACE('',#10267,0.200680113813822);
#2097=CYLINDRICAL_SURFACE('',#10302,0.5);
#2098=CYLINDRICAL_SURFACE('',#10304,0.200680113813822);
#2099=CYLINDRICAL_SURFACE('',#10321,0.5);
#2100=FACE_OUTER_BOUND('',#2652,.T.);
#2101=FACE_OUTER_BOUND('',#2653,.T.);
#2102=FACE_OUTER_BOUND('',#2654,.T.);
#2103=FACE_OUTER_BOUND('',#2655,.T.);
#2104=FACE_OUTER_BOUND('',#2656,.T.);
#2105=FACE_OUTER_BOUND('',#2657,.T.);
#2106=FACE_OUTER_BOUND('',#2658,.T.);
#2107=FACE_OUTER_BOUND('',#2659,.T.);
#2108=FACE_OUTER_BOUND('',#2660,.T.);
#2109=FACE_OUTER_BOUND('',#2661,.T.);
#2110=FACE_OUTER_BOUND('',#2662,.T.);
#2111=FACE_OUTER_BOUND('',#2663,.T.);
#2112=FACE_OUTER_BOUND('',#2664,.T.);
#2113=FACE_OUTER_BOUND('',#2665,.T.);
#2114=FACE_OUTER_BOUND('',#2666,.T.);
#2115=FACE_OUTER_BOUND('',#2667,.T.);
#2116=FACE_OUTER_BOUND('',#2668,.T.);
#2117=FACE_OUTER_BOUND('',#2669,.T.);
#2118=FACE_OUTER_BOUND('',#2670,.T.);
#2119=FACE_OUTER_BOUND('',#2671,.T.);
#2120=FACE_OUTER_BOUND('',#2672,.T.);
#2121=FACE_OUTER_BOUND('',#2673,.T.);
#2122=FACE_OUTER_BOUND('',#2674,.T.);
#2123=FACE_OUTER_BOUND('',#2675,.T.);
#2124=FACE_OUTER_BOUND('',#2676,.T.);
#2125=FACE_OUTER_BOUND('',#2677,.T.);
#2126=FACE_OUTER_BOUND('',#2678,.T.);
#2127=FACE_OUTER_BOUND('',#2679,.T.);
#2128=FACE_OUTER_BOUND('',#2680,.T.);
#2129=FACE_OUTER_BOUND('',#2681,.T.);
#2130=FACE_OUTER_BOUND('',#2682,.T.);
#2131=FACE_OUTER_BOUND('',#2683,.T.);
#2132=FACE_OUTER_BOUND('',#2684,.T.);
#2133=FACE_OUTER_BOUND('',#2685,.T.);
#2134=FACE_OUTER_BOUND('',#2686,.T.);
#2135=FACE_OUTER_BOUND('',#2687,.T.);
#2136=FACE_OUTER_BOUND('',#2688,.T.);
#2137=FACE_OUTER_BOUND('',#2689,.T.);
#2138=FACE_OUTER_BOUND('',#2690,.T.);
#2139=FACE_OUTER_BOUND('',#2691,.T.);
#2140=FACE_OUTER_BOUND('',#2692,.T.);
#2141=FACE_OUTER_BOUND('',#2693,.T.);
#2142=FACE_OUTER_BOUND('',#2694,.T.);
#2143=FACE_OUTER_BOUND('',#2695,.T.);
#2144=FACE_OUTER_BOUND('',#2696,.T.);
#2145=FACE_OUTER_BOUND('',#2697,.T.);
#2146=FACE_OUTER_BOUND('',#2698,.T.);
#2147=FACE_OUTER_BOUND('',#2699,.T.);
#2148=FACE_OUTER_BOUND('',#2700,.T.);
#2149=FACE_OUTER_BOUND('',#2701,.T.);
#2150=FACE_OUTER_BOUND('',#2702,.T.);
#2151=FACE_OUTER_BOUND('',#2703,.T.);
#2152=FACE_OUTER_BOUND('',#2704,.T.);
#2153=FACE_OUTER_BOUND('',#2705,.T.);
#2154=FACE_OUTER_BOUND('',#2706,.T.);
#2155=FACE_OUTER_BOUND('',#2707,.T.);
#2156=FACE_OUTER_BOUND('',#2708,.T.);
#2157=FACE_OUTER_BOUND('',#2709,.T.);
#2158=FACE_OUTER_BOUND('',#2710,.T.);
#2159=FACE_OUTER_BOUND('',#2711,.T.);
#2160=FACE_OUTER_BOUND('',#2712,.T.);
#2161=FACE_OUTER_BOUND('',#2713,.T.);
#2162=FACE_OUTER_BOUND('',#2714,.T.);
#2163=FACE_OUTER_BOUND('',#2715,.T.);
#2164=FACE_OUTER_BOUND('',#2716,.T.);
#2165=FACE_OUTER_BOUND('',#2717,.T.);
#2166=FACE_OUTER_BOUND('',#2718,.T.);
#2167=FACE_OUTER_BOUND('',#2719,.T.);
#2168=FACE_OUTER_BOUND('',#2720,.T.);
#2169=FACE_OUTER_BOUND('',#2721,.T.);
#2170=FACE_OUTER_BOUND('',#2722,.T.);
#2171=FACE_OUTER_BOUND('',#2723,.T.);
#2172=FACE_OUTER_BOUND('',#2724,.T.);
#2173=FACE_OUTER_BOUND('',#2725,.T.);
#2174=FACE_OUTER_BOUND('',#2726,.T.);
#2175=FACE_OUTER_BOUND('',#2727,.T.);
#2176=FACE_OUTER_BOUND('',#2728,.T.);
#2177=FACE_OUTER_BOUND('',#2729,.T.);
#2178=FACE_OUTER_BOUND('',#2730,.T.);
#2179=FACE_OUTER_BOUND('',#2731,.T.);
#2180=FACE_OUTER_BOUND('',#2732,.T.);
#2181=FACE_OUTER_BOUND('',#2733,.T.);
#2182=FACE_OUTER_BOUND('',#2734,.T.);
#2183=FACE_OUTER_BOUND('',#2735,.T.);
#2184=FACE_OUTER_BOUND('',#2736,.T.);
#2185=FACE_OUTER_BOUND('',#2737,.T.);
#2186=FACE_OUTER_BOUND('',#2738,.T.);
#2187=FACE_OUTER_BOUND('',#2739,.T.);
#2188=FACE_OUTER_BOUND('',#2740,.T.);
#2189=FACE_OUTER_BOUND('',#2741,.T.);
#2190=FACE_OUTER_BOUND('',#2742,.T.);
#2191=FACE_OUTER_BOUND('',#2743,.T.);
#2192=FACE_OUTER_BOUND('',#2744,.T.);
#2193=FACE_OUTER_BOUND('',#2745,.T.);
#2194=FACE_OUTER_BOUND('',#2746,.T.);
#2195=FACE_OUTER_BOUND('',#2747,.T.);
#2196=FACE_OUTER_BOUND('',#2748,.T.);
#2197=FACE_OUTER_BOUND('',#2749,.T.);
#2198=FACE_OUTER_BOUND('',#2750,.T.);
#2199=FACE_OUTER_BOUND('',#2751,.T.);
#2200=FACE_OUTER_BOUND('',#2752,.T.);
#2201=FACE_OUTER_BOUND('',#2753,.T.);
#2202=FACE_OUTER_BOUND('',#2754,.T.);
#2203=FACE_OUTER_BOUND('',#2755,.T.);
#2204=FACE_OUTER_BOUND('',#2756,.T.);
#2205=FACE_OUTER_BOUND('',#2757,.T.);
#2206=FACE_OUTER_BOUND('',#2758,.T.);
#2207=FACE_OUTER_BOUND('',#2759,.T.);
#2208=FACE_OUTER_BOUND('',#2760,.T.);
#2209=FACE_OUTER_BOUND('',#2761,.T.);
#2210=FACE_OUTER_BOUND('',#2762,.T.);
#2211=FACE_OUTER_BOUND('',#2763,.T.);
#2212=FACE_OUTER_BOUND('',#2764,.T.);
#2213=FACE_OUTER_BOUND('',#2765,.T.);
#2214=FACE_OUTER_BOUND('',#2766,.T.);
#2215=FACE_OUTER_BOUND('',#2767,.T.);
#2216=FACE_OUTER_BOUND('',#2768,.T.);
#2217=FACE_OUTER_BOUND('',#2769,.T.);
#2218=FACE_OUTER_BOUND('',#2770,.T.);
#2219=FACE_OUTER_BOUND('',#2771,.T.);
#2220=FACE_OUTER_BOUND('',#2772,.T.);
#2221=FACE_OUTER_BOUND('',#2773,.T.);
#2222=FACE_OUTER_BOUND('',#2774,.T.);
#2223=FACE_OUTER_BOUND('',#2775,.T.);
#2224=FACE_OUTER_BOUND('',#2776,.T.);
#2225=FACE_OUTER_BOUND('',#2777,.T.);
#2226=FACE_OUTER_BOUND('',#2778,.T.);
#2227=FACE_OUTER_BOUND('',#2779,.T.);
#2228=FACE_OUTER_BOUND('',#2780,.T.);
#2229=FACE_OUTER_BOUND('',#2781,.T.);
#2230=FACE_OUTER_BOUND('',#2782,.T.);
#2231=FACE_OUTER_BOUND('',#2783,.T.);
#2232=FACE_OUTER_BOUND('',#2784,.T.);
#2233=FACE_OUTER_BOUND('',#2785,.T.);
#2234=FACE_OUTER_BOUND('',#2786,.T.);
#2235=FACE_OUTER_BOUND('',#2787,.T.);
#2236=FACE_OUTER_BOUND('',#2788,.T.);
#2237=FACE_OUTER_BOUND('',#2789,.T.);
#2238=FACE_OUTER_BOUND('',#2790,.T.);
#2239=FACE_OUTER_BOUND('',#2791,.T.);
#2240=FACE_OUTER_BOUND('',#2792,.T.);
#2241=FACE_OUTER_BOUND('',#2793,.T.);
#2242=FACE_OUTER_BOUND('',#2794,.T.);
#2243=FACE_OUTER_BOUND('',#2795,.T.);
#2244=FACE_OUTER_BOUND('',#2796,.T.);
#2245=FACE_OUTER_BOUND('',#2797,.T.);
#2246=FACE_OUTER_BOUND('',#2798,.T.);
#2247=FACE_OUTER_BOUND('',#2799,.T.);
#2248=FACE_OUTER_BOUND('',#2800,.T.);
#2249=FACE_OUTER_BOUND('',#2801,.T.);
#2250=FACE_OUTER_BOUND('',#2802,.T.);
#2251=FACE_OUTER_BOUND('',#2803,.T.);
#2252=FACE_OUTER_BOUND('',#2804,.T.);
#2253=FACE_OUTER_BOUND('',#2805,.T.);
#2254=FACE_OUTER_BOUND('',#2806,.T.);
#2255=FACE_OUTER_BOUND('',#2807,.T.);
#2256=FACE_OUTER_BOUND('',#2808,.T.);
#2257=FACE_OUTER_BOUND('',#2809,.T.);
#2258=FACE_OUTER_BOUND('',#2810,.T.);
#2259=FACE_OUTER_BOUND('',#2811,.T.);
#2260=FACE_OUTER_BOUND('',#2812,.T.);
#2261=FACE_OUTER_BOUND('',#2813,.T.);
#2262=FACE_OUTER_BOUND('',#2814,.T.);
#2263=FACE_OUTER_BOUND('',#2815,.T.);
#2264=FACE_OUTER_BOUND('',#2816,.T.);
#2265=FACE_OUTER_BOUND('',#2817,.T.);
#2266=FACE_OUTER_BOUND('',#2818,.T.);
#2267=FACE_OUTER_BOUND('',#2819,.T.);
#2268=FACE_OUTER_BOUND('',#2820,.T.);
#2269=FACE_OUTER_BOUND('',#2821,.T.);
#2270=FACE_OUTER_BOUND('',#2822,.T.);
#2271=FACE_OUTER_BOUND('',#2823,.T.);
#2272=FACE_OUTER_BOUND('',#2824,.T.);
#2273=FACE_OUTER_BOUND('',#2825,.T.);
#2274=FACE_OUTER_BOUND('',#2826,.T.);
#2275=FACE_OUTER_BOUND('',#2827,.T.);
#2276=FACE_OUTER_BOUND('',#2828,.T.);
#2277=FACE_OUTER_BOUND('',#2829,.T.);
#2278=FACE_OUTER_BOUND('',#2830,.T.);
#2279=FACE_OUTER_BOUND('',#2831,.T.);
#2280=FACE_OUTER_BOUND('',#2832,.T.);
#2281=FACE_OUTER_BOUND('',#2833,.T.);
#2282=FACE_OUTER_BOUND('',#2834,.T.);
#2283=FACE_OUTER_BOUND('',#2835,.T.);
#2284=FACE_OUTER_BOUND('',#2836,.T.);
#2285=FACE_OUTER_BOUND('',#2837,.T.);
#2286=FACE_OUTER_BOUND('',#2838,.T.);
#2287=FACE_OUTER_BOUND('',#2839,.T.);
#2288=FACE_OUTER_BOUND('',#2840,.T.);
#2289=FACE_OUTER_BOUND('',#2841,.T.);
#2290=FACE_OUTER_BOUND('',#2842,.T.);
#2291=FACE_OUTER_BOUND('',#2843,.T.);
#2292=FACE_OUTER_BOUND('',#2844,.T.);
#2293=FACE_OUTER_BOUND('',#2845,.T.);
#2294=FACE_OUTER_BOUND('',#2846,.T.);
#2295=FACE_OUTER_BOUND('',#2847,.T.);
#2296=FACE_OUTER_BOUND('',#2848,.T.);
#2297=FACE_OUTER_BOUND('',#2849,.T.);
#2298=FACE_OUTER_BOUND('',#2850,.T.);
#2299=FACE_OUTER_BOUND('',#2851,.T.);
#2300=FACE_OUTER_BOUND('',#2852,.T.);
#2301=FACE_OUTER_BOUND('',#2853,.T.);
#2302=FACE_OUTER_BOUND('',#2854,.T.);
#2303=FACE_OUTER_BOUND('',#2855,.T.);
#2304=FACE_OUTER_BOUND('',#2856,.T.);
#2305=FACE_OUTER_BOUND('',#2857,.T.);
#2306=FACE_OUTER_BOUND('',#2858,.T.);
#2307=FACE_OUTER_BOUND('',#2859,.T.);
#2308=FACE_OUTER_BOUND('',#2860,.T.);
#2309=FACE_OUTER_BOUND('',#2861,.T.);
#2310=FACE_OUTER_BOUND('',#2862,.T.);
#2311=FACE_OUTER_BOUND('',#2863,.T.);
#2312=FACE_OUTER_BOUND('',#2864,.T.);
#2313=FACE_OUTER_BOUND('',#2865,.T.);
#2314=FACE_OUTER_BOUND('',#2866,.T.);
#2315=FACE_OUTER_BOUND('',#2867,.T.);
#2316=FACE_OUTER_BOUND('',#2868,.T.);
#2317=FACE_OUTER_BOUND('',#2869,.T.);
#2318=FACE_OUTER_BOUND('',#2870,.T.);
#2319=FACE_OUTER_BOUND('',#2871,.T.);
#2320=FACE_OUTER_BOUND('',#2872,.T.);
#2321=FACE_OUTER_BOUND('',#2873,.T.);
#2322=FACE_OUTER_BOUND('',#2874,.T.);
#2323=FACE_OUTER_BOUND('',#2875,.T.);
#2324=FACE_OUTER_BOUND('',#2876,.T.);
#2325=FACE_OUTER_BOUND('',#2877,.T.);
#2326=FACE_OUTER_BOUND('',#2878,.T.);
#2327=FACE_OUTER_BOUND('',#2879,.T.);
#2328=FACE_OUTER_BOUND('',#2880,.T.);
#2329=FACE_OUTER_BOUND('',#2881,.T.);
#2330=FACE_OUTER_BOUND('',#2882,.T.);
#2331=FACE_OUTER_BOUND('',#2883,.T.);
#2332=FACE_OUTER_BOUND('',#2884,.T.);
#2333=FACE_OUTER_BOUND('',#2885,.T.);
#2334=FACE_OUTER_BOUND('',#2886,.T.);
#2335=FACE_OUTER_BOUND('',#2887,.T.);
#2336=FACE_OUTER_BOUND('',#2888,.T.);
#2337=FACE_OUTER_BOUND('',#2889,.T.);
#2338=FACE_OUTER_BOUND('',#2890,.T.);
#2339=FACE_OUTER_BOUND('',#2891,.T.);
#2340=FACE_OUTER_BOUND('',#2892,.T.);
#2341=FACE_OUTER_BOUND('',#2893,.T.);
#2342=FACE_OUTER_BOUND('',#2894,.T.);
#2343=FACE_OUTER_BOUND('',#2895,.T.);
#2344=FACE_OUTER_BOUND('',#2896,.T.);
#2345=FACE_OUTER_BOUND('',#2897,.T.);
#2346=FACE_OUTER_BOUND('',#2898,.T.);
#2347=FACE_OUTER_BOUND('',#2899,.T.);
#2348=FACE_OUTER_BOUND('',#2900,.T.);
#2349=FACE_OUTER_BOUND('',#2901,.T.);
#2350=FACE_OUTER_BOUND('',#2902,.T.);
#2351=FACE_OUTER_BOUND('',#2903,.T.);
#2352=FACE_OUTER_BOUND('',#2904,.T.);
#2353=FACE_OUTER_BOUND('',#2905,.T.);
#2354=FACE_OUTER_BOUND('',#2906,.T.);
#2355=FACE_OUTER_BOUND('',#2907,.T.);
#2356=FACE_OUTER_BOUND('',#2908,.T.);
#2357=FACE_OUTER_BOUND('',#2909,.T.);
#2358=FACE_OUTER_BOUND('',#2910,.T.);
#2359=FACE_OUTER_BOUND('',#2911,.T.);
#2360=FACE_OUTER_BOUND('',#2912,.T.);
#2361=FACE_OUTER_BOUND('',#2913,.T.);
#2362=FACE_OUTER_BOUND('',#2914,.T.);
#2363=FACE_OUTER_BOUND('',#2915,.T.);
#2364=FACE_OUTER_BOUND('',#2916,.T.);
#2365=FACE_OUTER_BOUND('',#2917,.T.);
#2366=FACE_OUTER_BOUND('',#2918,.T.);
#2367=FACE_OUTER_BOUND('',#2919,.T.);
#2368=FACE_OUTER_BOUND('',#2920,.T.);
#2369=FACE_OUTER_BOUND('',#2921,.T.);
#2370=FACE_OUTER_BOUND('',#2922,.T.);
#2371=FACE_OUTER_BOUND('',#2923,.T.);
#2372=FACE_OUTER_BOUND('',#2924,.T.);
#2373=FACE_OUTER_BOUND('',#2925,.T.);
#2374=FACE_OUTER_BOUND('',#2926,.T.);
#2375=FACE_OUTER_BOUND('',#2927,.T.);
#2376=FACE_OUTER_BOUND('',#2928,.T.);
#2377=FACE_OUTER_BOUND('',#2929,.T.);
#2378=FACE_OUTER_BOUND('',#2930,.T.);
#2379=FACE_OUTER_BOUND('',#2931,.T.);
#2380=FACE_OUTER_BOUND('',#2932,.T.);
#2381=FACE_OUTER_BOUND('',#2933,.T.);
#2382=FACE_OUTER_BOUND('',#2934,.T.);
#2383=FACE_OUTER_BOUND('',#2935,.T.);
#2384=FACE_OUTER_BOUND('',#2936,.T.);
#2385=FACE_OUTER_BOUND('',#2937,.T.);
#2386=FACE_OUTER_BOUND('',#2938,.T.);
#2387=FACE_OUTER_BOUND('',#2939,.T.);
#2388=FACE_OUTER_BOUND('',#2940,.T.);
#2389=FACE_OUTER_BOUND('',#2941,.T.);
#2390=FACE_OUTER_BOUND('',#2942,.T.);
#2391=FACE_OUTER_BOUND('',#2943,.T.);
#2392=FACE_OUTER_BOUND('',#2944,.T.);
#2393=FACE_OUTER_BOUND('',#2945,.T.);
#2394=FACE_OUTER_BOUND('',#2946,.T.);
#2395=FACE_OUTER_BOUND('',#2947,.T.);
#2396=FACE_OUTER_BOUND('',#2948,.T.);
#2397=FACE_OUTER_BOUND('',#2949,.T.);
#2398=FACE_OUTER_BOUND('',#2950,.T.);
#2399=FACE_OUTER_BOUND('',#2951,.T.);
#2400=FACE_OUTER_BOUND('',#2952,.T.);
#2401=FACE_OUTER_BOUND('',#2953,.T.);
#2402=FACE_OUTER_BOUND('',#2954,.T.);
#2403=FACE_OUTER_BOUND('',#2955,.T.);
#2404=FACE_OUTER_BOUND('',#2956,.T.);
#2405=FACE_OUTER_BOUND('',#2957,.T.);
#2406=FACE_OUTER_BOUND('',#2958,.T.);
#2407=FACE_OUTER_BOUND('',#2959,.T.);
#2408=FACE_OUTER_BOUND('',#2960,.T.);
#2409=FACE_OUTER_BOUND('',#2961,.T.);
#2410=FACE_OUTER_BOUND('',#2962,.T.);
#2411=FACE_OUTER_BOUND('',#2963,.T.);
#2412=FACE_OUTER_BOUND('',#2964,.T.);
#2413=FACE_OUTER_BOUND('',#2965,.T.);
#2414=FACE_OUTER_BOUND('',#2966,.T.);
#2415=FACE_OUTER_BOUND('',#2967,.T.);
#2416=FACE_OUTER_BOUND('',#2968,.T.);
#2417=FACE_OUTER_BOUND('',#2969,.T.);
#2418=FACE_OUTER_BOUND('',#2970,.T.);
#2419=FACE_OUTER_BOUND('',#2971,.T.);
#2420=FACE_OUTER_BOUND('',#2972,.T.);
#2421=FACE_OUTER_BOUND('',#2973,.T.);
#2422=FACE_OUTER_BOUND('',#2974,.T.);
#2423=FACE_OUTER_BOUND('',#2975,.T.);
#2424=FACE_OUTER_BOUND('',#2976,.T.);
#2425=FACE_OUTER_BOUND('',#2977,.T.);
#2426=FACE_OUTER_BOUND('',#2978,.T.);
#2427=FACE_OUTER_BOUND('',#2979,.T.);
#2428=FACE_OUTER_BOUND('',#2980,.T.);
#2429=FACE_OUTER_BOUND('',#2981,.T.);
#2430=FACE_OUTER_BOUND('',#2982,.T.);
#2431=FACE_OUTER_BOUND('',#2983,.T.);
#2432=FACE_OUTER_BOUND('',#2984,.T.);
#2433=FACE_OUTER_BOUND('',#2985,.T.);
#2434=FACE_OUTER_BOUND('',#2986,.T.);
#2435=FACE_OUTER_BOUND('',#2987,.T.);
#2436=FACE_OUTER_BOUND('',#2988,.T.);
#2437=FACE_OUTER_BOUND('',#2989,.T.);
#2438=FACE_OUTER_BOUND('',#2990,.T.);
#2439=FACE_OUTER_BOUND('',#2991,.T.);
#2440=FACE_OUTER_BOUND('',#2992,.T.);
#2441=FACE_OUTER_BOUND('',#2993,.T.);
#2442=FACE_OUTER_BOUND('',#2994,.T.);
#2443=FACE_OUTER_BOUND('',#2995,.T.);
#2444=FACE_OUTER_BOUND('',#2996,.T.);
#2445=FACE_OUTER_BOUND('',#2997,.T.);
#2446=FACE_OUTER_BOUND('',#2998,.T.);
#2447=FACE_OUTER_BOUND('',#2999,.T.);
#2448=FACE_OUTER_BOUND('',#3000,.T.);
#2449=FACE_OUTER_BOUND('',#3001,.T.);
#2450=FACE_OUTER_BOUND('',#3002,.T.);
#2451=FACE_OUTER_BOUND('',#3003,.T.);
#2452=FACE_OUTER_BOUND('',#3004,.T.);
#2453=FACE_OUTER_BOUND('',#3005,.T.);
#2454=FACE_OUTER_BOUND('',#3006,.T.);
#2455=FACE_OUTER_BOUND('',#3007,.T.);
#2456=FACE_OUTER_BOUND('',#3008,.T.);
#2457=FACE_OUTER_BOUND('',#3009,.T.);
#2458=FACE_OUTER_BOUND('',#3010,.T.);
#2459=FACE_OUTER_BOUND('',#3011,.T.);
#2460=FACE_OUTER_BOUND('',#3012,.T.);
#2461=FACE_OUTER_BOUND('',#3013,.T.);
#2462=FACE_OUTER_BOUND('',#3014,.T.);
#2463=FACE_OUTER_BOUND('',#3015,.T.);
#2464=FACE_OUTER_BOUND('',#3016,.T.);
#2465=FACE_OUTER_BOUND('',#3017,.T.);
#2466=FACE_OUTER_BOUND('',#3018,.T.);
#2467=FACE_OUTER_BOUND('',#3019,.T.);
#2468=FACE_OUTER_BOUND('',#3020,.T.);
#2469=FACE_OUTER_BOUND('',#3021,.T.);
#2470=FACE_OUTER_BOUND('',#3022,.T.);
#2471=FACE_OUTER_BOUND('',#3023,.T.);
#2472=FACE_OUTER_BOUND('',#3024,.T.);
#2473=FACE_OUTER_BOUND('',#3025,.T.);
#2474=FACE_OUTER_BOUND('',#3026,.T.);
#2475=FACE_OUTER_BOUND('',#3027,.T.);
#2476=FACE_OUTER_BOUND('',#3028,.T.);
#2477=FACE_OUTER_BOUND('',#3029,.T.);
#2478=FACE_OUTER_BOUND('',#3030,.T.);
#2479=FACE_OUTER_BOUND('',#3031,.T.);
#2480=FACE_OUTER_BOUND('',#3032,.T.);
#2481=FACE_OUTER_BOUND('',#3033,.T.);
#2482=FACE_OUTER_BOUND('',#3034,.T.);
#2483=FACE_OUTER_BOUND('',#3035,.T.);
#2484=FACE_OUTER_BOUND('',#3036,.T.);
#2485=FACE_OUTER_BOUND('',#3037,.T.);
#2486=FACE_OUTER_BOUND('',#3038,.T.);
#2487=FACE_OUTER_BOUND('',#3039,.T.);
#2488=FACE_OUTER_BOUND('',#3040,.T.);
#2489=FACE_OUTER_BOUND('',#3041,.T.);
#2490=FACE_OUTER_BOUND('',#3042,.T.);
#2491=FACE_OUTER_BOUND('',#3043,.T.);
#2492=FACE_OUTER_BOUND('',#3044,.T.);
#2493=FACE_OUTER_BOUND('',#3045,.T.);
#2494=FACE_OUTER_BOUND('',#3046,.T.);
#2495=FACE_OUTER_BOUND('',#3047,.T.);
#2496=FACE_OUTER_BOUND('',#3048,.T.);
#2497=FACE_OUTER_BOUND('',#3049,.T.);
#2498=FACE_OUTER_BOUND('',#3050,.T.);
#2499=FACE_OUTER_BOUND('',#3051,.T.);
#2500=FACE_OUTER_BOUND('',#3052,.T.);
#2501=FACE_OUTER_BOUND('',#3053,.T.);
#2502=FACE_OUTER_BOUND('',#3054,.T.);
#2503=FACE_OUTER_BOUND('',#3055,.T.);
#2504=FACE_OUTER_BOUND('',#3056,.T.);
#2505=FACE_OUTER_BOUND('',#3057,.T.);
#2506=FACE_OUTER_BOUND('',#3058,.T.);
#2507=FACE_OUTER_BOUND('',#3059,.T.);
#2508=FACE_OUTER_BOUND('',#3060,.T.);
#2509=FACE_OUTER_BOUND('',#3061,.T.);
#2510=FACE_OUTER_BOUND('',#3062,.T.);
#2511=FACE_OUTER_BOUND('',#3063,.T.);
#2512=FACE_OUTER_BOUND('',#3064,.T.);
#2513=FACE_OUTER_BOUND('',#3065,.T.);
#2514=FACE_OUTER_BOUND('',#3066,.T.);
#2515=FACE_OUTER_BOUND('',#3067,.T.);
#2516=FACE_OUTER_BOUND('',#3068,.T.);
#2517=FACE_OUTER_BOUND('',#3073,.T.);
#2518=FACE_OUTER_BOUND('',#3074,.T.);
#2519=FACE_OUTER_BOUND('',#3075,.T.);
#2520=FACE_OUTER_BOUND('',#3076,.T.);
#2521=FACE_OUTER_BOUND('',#3077,.T.);
#2522=FACE_OUTER_BOUND('',#3079,.T.);
#2523=FACE_OUTER_BOUND('',#3080,.T.);
#2524=FACE_OUTER_BOUND('',#3081,.T.);
#2525=FACE_OUTER_BOUND('',#3082,.T.);
#2526=FACE_OUTER_BOUND('',#3083,.T.);
#2527=FACE_OUTER_BOUND('',#3084,.T.);
#2528=FACE_OUTER_BOUND('',#3085,.T.);
#2529=FACE_OUTER_BOUND('',#3086,.T.);
#2530=FACE_OUTER_BOUND('',#3087,.T.);
#2531=FACE_OUTER_BOUND('',#3089,.T.);
#2532=FACE_OUTER_BOUND('',#3090,.T.);
#2533=FACE_OUTER_BOUND('',#3091,.T.);
#2534=FACE_OUTER_BOUND('',#3092,.T.);
#2535=FACE_OUTER_BOUND('',#3093,.T.);
#2536=FACE_OUTER_BOUND('',#3094,.T.);
#2537=FACE_OUTER_BOUND('',#3096,.T.);
#2538=FACE_OUTER_BOUND('',#3097,.T.);
#2539=FACE_OUTER_BOUND('',#3098,.T.);
#2540=FACE_OUTER_BOUND('',#3099,.T.);
#2541=FACE_OUTER_BOUND('',#3100,.T.);
#2542=FACE_OUTER_BOUND('',#3101,.T.);
#2543=FACE_OUTER_BOUND('',#3102,.T.);
#2544=FACE_OUTER_BOUND('',#3103,.T.);
#2545=FACE_OUTER_BOUND('',#3104,.T.);
#2546=FACE_OUTER_BOUND('',#3105,.T.);
#2547=FACE_OUTER_BOUND('',#3106,.T.);
#2548=FACE_OUTER_BOUND('',#3107,.T.);
#2549=FACE_OUTER_BOUND('',#3108,.T.);
#2550=FACE_OUTER_BOUND('',#3109,.T.);
#2551=FACE_OUTER_BOUND('',#3111,.T.);
#2552=FACE_OUTER_BOUND('',#3112,.T.);
#2553=FACE_OUTER_BOUND('',#3113,.T.);
#2554=FACE_OUTER_BOUND('',#3114,.T.);
#2555=FACE_OUTER_BOUND('',#3115,.T.);
#2556=FACE_OUTER_BOUND('',#3116,.T.);
#2557=FACE_OUTER_BOUND('',#3117,.T.);
#2558=FACE_OUTER_BOUND('',#3118,.T.);
#2559=FACE_OUTER_BOUND('',#3119,.T.);
#2560=FACE_OUTER_BOUND('',#3120,.T.);
#2561=FACE_OUTER_BOUND('',#3121,.T.);
#2562=FACE_OUTER_BOUND('',#3122,.T.);
#2563=FACE_OUTER_BOUND('',#3123,.T.);
#2564=FACE_OUTER_BOUND('',#3124,.T.);
#2565=FACE_OUTER_BOUND('',#3125,.T.);
#2566=FACE_OUTER_BOUND('',#3126,.T.);
#2567=FACE_OUTER_BOUND('',#3127,.T.);
#2568=FACE_OUTER_BOUND('',#3128,.T.);
#2569=FACE_OUTER_BOUND('',#3129,.T.);
#2570=FACE_OUTER_BOUND('',#3130,.T.);
#2571=FACE_OUTER_BOUND('',#3131,.T.);
#2572=FACE_OUTER_BOUND('',#3132,.T.);
#2573=FACE_OUTER_BOUND('',#3133,.T.);
#2574=FACE_OUTER_BOUND('',#3134,.T.);
#2575=FACE_OUTER_BOUND('',#3135,.T.);
#2576=FACE_OUTER_BOUND('',#3136,.T.);
#2577=FACE_OUTER_BOUND('',#3137,.T.);
#2578=FACE_OUTER_BOUND('',#3138,.T.);
#2579=FACE_OUTER_BOUND('',#3139,.T.);
#2580=FACE_OUTER_BOUND('',#3140,.T.);
#2581=FACE_OUTER_BOUND('',#3141,.T.);
#2582=FACE_OUTER_BOUND('',#3142,.T.);
#2583=FACE_OUTER_BOUND('',#3143,.T.);
#2584=FACE_OUTER_BOUND('',#3144,.T.);
#2585=FACE_OUTER_BOUND('',#3145,.T.);
#2586=FACE_OUTER_BOUND('',#3146,.T.);
#2587=FACE_OUTER_BOUND('',#3147,.T.);
#2588=FACE_OUTER_BOUND('',#3148,.T.);
#2589=FACE_OUTER_BOUND('',#3149,.T.);
#2590=FACE_OUTER_BOUND('',#3150,.T.);
#2591=FACE_OUTER_BOUND('',#3151,.T.);
#2592=FACE_OUTER_BOUND('',#3152,.T.);
#2593=FACE_OUTER_BOUND('',#3153,.T.);
#2594=FACE_OUTER_BOUND('',#3154,.T.);
#2595=FACE_OUTER_BOUND('',#3155,.T.);
#2596=FACE_OUTER_BOUND('',#3156,.T.);
#2597=FACE_OUTER_BOUND('',#3157,.T.);
#2598=FACE_OUTER_BOUND('',#3158,.T.);
#2599=FACE_OUTER_BOUND('',#3159,.T.);
#2600=FACE_OUTER_BOUND('',#3160,.T.);
#2601=FACE_OUTER_BOUND('',#3161,.T.);
#2602=FACE_OUTER_BOUND('',#3162,.T.);
#2603=FACE_OUTER_BOUND('',#3163,.T.);
#2604=FACE_OUTER_BOUND('',#3164,.T.);
#2605=FACE_OUTER_BOUND('',#3165,.T.);
#2606=FACE_OUTER_BOUND('',#3166,.T.);
#2607=FACE_OUTER_BOUND('',#3167,.T.);
#2608=FACE_OUTER_BOUND('',#3168,.T.);
#2609=FACE_OUTER_BOUND('',#3169,.T.);
#2610=FACE_OUTER_BOUND('',#3170,.T.);
#2611=FACE_OUTER_BOUND('',#3171,.T.);
#2612=FACE_OUTER_BOUND('',#3172,.T.);
#2613=FACE_OUTER_BOUND('',#3173,.T.);
#2614=FACE_OUTER_BOUND('',#3174,.T.);
#2615=FACE_OUTER_BOUND('',#3175,.T.);
#2616=FACE_OUTER_BOUND('',#3176,.T.);
#2617=FACE_OUTER_BOUND('',#3177,.T.);
#2618=FACE_OUTER_BOUND('',#3178,.T.);
#2619=FACE_OUTER_BOUND('',#3179,.T.);
#2620=FACE_OUTER_BOUND('',#3180,.T.);
#2621=FACE_OUTER_BOUND('',#3181,.T.);
#2622=FACE_OUTER_BOUND('',#3182,.T.);
#2623=FACE_OUTER_BOUND('',#3183,.T.);
#2624=FACE_OUTER_BOUND('',#3184,.T.);
#2625=FACE_OUTER_BOUND('',#3185,.T.);
#2626=FACE_OUTER_BOUND('',#3186,.T.);
#2627=FACE_OUTER_BOUND('',#3187,.T.);
#2628=FACE_OUTER_BOUND('',#3188,.T.);
#2629=FACE_OUTER_BOUND('',#3189,.T.);
#2630=FACE_OUTER_BOUND('',#3190,.T.);
#2631=FACE_OUTER_BOUND('',#3191,.T.);
#2632=FACE_OUTER_BOUND('',#3192,.T.);
#2633=FACE_OUTER_BOUND('',#3193,.T.);
#2634=FACE_OUTER_BOUND('',#3194,.T.);
#2635=FACE_OUTER_BOUND('',#3195,.T.);
#2636=FACE_OUTER_BOUND('',#3196,.T.);
#2637=FACE_OUTER_BOUND('',#3197,.T.);
#2638=FACE_OUTER_BOUND('',#3198,.T.);
#2639=FACE_OUTER_BOUND('',#3199,.T.);
#2640=FACE_OUTER_BOUND('',#3200,.T.);
#2641=FACE_OUTER_BOUND('',#3201,.T.);
#2642=FACE_OUTER_BOUND('',#3202,.T.);
#2643=FACE_OUTER_BOUND('',#3203,.T.);
#2644=FACE_OUTER_BOUND('',#3204,.T.);
#2645=FACE_OUTER_BOUND('',#3205,.T.);
#2646=FACE_OUTER_BOUND('',#3206,.T.);
#2647=FACE_OUTER_BOUND('',#3207,.T.);
#2648=FACE_OUTER_BOUND('',#3208,.T.);
#2649=FACE_OUTER_BOUND('',#3209,.T.);
#2650=FACE_OUTER_BOUND('',#3210,.T.);
#2651=FACE_OUTER_BOUND('',#3211,.T.);
#2652=EDGE_LOOP('',(#5582,#5583,#5584));
#2653=EDGE_LOOP('',(#5585,#5586,#5587));
#2654=EDGE_LOOP('',(#5588,#5589,#5590,#5591));
#2655=EDGE_LOOP('',(#5592,#5593,#5594));
#2656=EDGE_LOOP('',(#5595,#5596,#5597));
#2657=EDGE_LOOP('',(#5598,#5599,#5600,#5601));
#2658=EDGE_LOOP('',(#5602,#5603,#5604));
#2659=EDGE_LOOP('',(#5605,#5606,#5607));
#2660=EDGE_LOOP('',(#5608,#5609,#5610,#5611));
#2661=EDGE_LOOP('',(#5612,#5613,#5614));
#2662=EDGE_LOOP('',(#5615,#5616,#5617,#5618));
#2663=EDGE_LOOP('',(#5619,#5620,#5621,#5622));
#2664=EDGE_LOOP('',(#5623,#5624,#5625,#5626));
#2665=EDGE_LOOP('',(#5627,#5628,#5629));
#2666=EDGE_LOOP('',(#5630,#5631,#5632,#5633));
#2667=EDGE_LOOP('',(#5634,#5635,#5636,#5637));
#2668=EDGE_LOOP('',(#5638,#5639,#5640,#5641));
#2669=EDGE_LOOP('',(#5642,#5643,#5644,#5645));
#2670=EDGE_LOOP('',(#5646,#5647,#5648,#5649));
#2671=EDGE_LOOP('',(#5650,#5651,#5652,#5653));
#2672=EDGE_LOOP('',(#5654,#5655,#5656,#5657));
#2673=EDGE_LOOP('',(#5658,#5659,#5660,#5661));
#2674=EDGE_LOOP('',(#5662,#5663,#5664,#5665));
#2675=EDGE_LOOP('',(#5666,#5667,#5668,#5669));
#2676=EDGE_LOOP('',(#5670,#5671,#5672,#5673));
#2677=EDGE_LOOP('',(#5674,#5675,#5676,#5677));
#2678=EDGE_LOOP('',(#5678,#5679,#5680,#5681));
#2679=EDGE_LOOP('',(#5682,#5683,#5684,#5685));
#2680=EDGE_LOOP('',(#5686,#5687,#5688,#5689));
#2681=EDGE_LOOP('',(#5690,#5691,#5692,#5693));
#2682=EDGE_LOOP('',(#5694,#5695,#5696,#5697));
#2683=EDGE_LOOP('',(#5698,#5699,#5700,#5701));
#2684=EDGE_LOOP('',(#5702,#5703,#5704,#5705));
#2685=EDGE_LOOP('',(#5706,#5707,#5708,#5709));
#2686=EDGE_LOOP('',(#5710,#5711,#5712,#5713));
#2687=EDGE_LOOP('',(#5714,#5715,#5716,#5717));
#2688=EDGE_LOOP('',(#5718,#5719,#5720,#5721));
#2689=EDGE_LOOP('',(#5722,#5723,#5724,#5725));
#2690=EDGE_LOOP('',(#5726,#5727,#5728,#5729));
#2691=EDGE_LOOP('',(#5730,#5731,#5732,#5733));
#2692=EDGE_LOOP('',(#5734,#5735,#5736,#5737));
#2693=EDGE_LOOP('',(#5738,#5739,#5740,#5741));
#2694=EDGE_LOOP('',(#5742,#5743,#5744,#5745));
#2695=EDGE_LOOP('',(#5746,#5747,#5748,#5749));
#2696=EDGE_LOOP('',(#5750,#5751,#5752,#5753));
#2697=EDGE_LOOP('',(#5754,#5755,#5756,#5757));
#2698=EDGE_LOOP('',(#5758,#5759,#5760,#5761));
#2699=EDGE_LOOP('',(#5762,#5763,#5764,#5765));
#2700=EDGE_LOOP('',(#5766,#5767,#5768,#5769));
#2701=EDGE_LOOP('',(#5770,#5771,#5772,#5773));
#2702=EDGE_LOOP('',(#5774,#5775,#5776,#5777));
#2703=EDGE_LOOP('',(#5778,#5779,#5780,#5781));
#2704=EDGE_LOOP('',(#5782,#5783,#5784,#5785));
#2705=EDGE_LOOP('',(#5786,#5787,#5788,#5789));
#2706=EDGE_LOOP('',(#5790,#5791,#5792,#5793));
#2707=EDGE_LOOP('',(#5794,#5795,#5796,#5797));
#2708=EDGE_LOOP('',(#5798,#5799,#5800,#5801));
#2709=EDGE_LOOP('',(#5802,#5803,#5804,#5805));
#2710=EDGE_LOOP('',(#5806,#5807,#5808));
#2711=EDGE_LOOP('',(#5809,#5810,#5811));
#2712=EDGE_LOOP('',(#5812,#5813,#5814,#5815));
#2713=EDGE_LOOP('',(#5816,#5817,#5818));
#2714=EDGE_LOOP('',(#5819,#5820,#5821));
#2715=EDGE_LOOP('',(#5822,#5823,#5824,#5825));
#2716=EDGE_LOOP('',(#5826,#5827,#5828));
#2717=EDGE_LOOP('',(#5829,#5830,#5831));
#2718=EDGE_LOOP('',(#5832,#5833,#5834,#5835));
#2719=EDGE_LOOP('',(#5836,#5837,#5838));
#2720=EDGE_LOOP('',(#5839,#5840,#5841,#5842));
#2721=EDGE_LOOP('',(#5843,#5844,#5845,#5846));
#2722=EDGE_LOOP('',(#5847,#5848,#5849,#5850));
#2723=EDGE_LOOP('',(#5851,#5852,#5853));
#2724=EDGE_LOOP('',(#5854,#5855,#5856,#5857));
#2725=EDGE_LOOP('',(#5858,#5859,#5860,#5861));
#2726=EDGE_LOOP('',(#5862,#5863,#5864,#5865));
#2727=EDGE_LOOP('',(#5866,#5867,#5868,#5869));
#2728=EDGE_LOOP('',(#5870,#5871,#5872,#5873));
#2729=EDGE_LOOP('',(#5874,#5875,#5876,#5877));
#2730=EDGE_LOOP('',(#5878,#5879,#5880,#5881));
#2731=EDGE_LOOP('',(#5882,#5883,#5884,#5885));
#2732=EDGE_LOOP('',(#5886,#5887,#5888,#5889));
#2733=EDGE_LOOP('',(#5890,#5891,#5892,#5893));
#2734=EDGE_LOOP('',(#5894,#5895,#5896,#5897));
#2735=EDGE_LOOP('',(#5898,#5899,#5900,#5901));
#2736=EDGE_LOOP('',(#5902,#5903,#5904,#5905));
#2737=EDGE_LOOP('',(#5906,#5907,#5908,#5909));
#2738=EDGE_LOOP('',(#5910,#5911,#5912,#5913));
#2739=EDGE_LOOP('',(#5914,#5915,#5916,#5917));
#2740=EDGE_LOOP('',(#5918,#5919,#5920,#5921));
#2741=EDGE_LOOP('',(#5922,#5923,#5924,#5925));
#2742=EDGE_LOOP('',(#5926,#5927,#5928,#5929));
#2743=EDGE_LOOP('',(#5930,#5931,#5932,#5933));
#2744=EDGE_LOOP('',(#5934,#5935,#5936,#5937));
#2745=EDGE_LOOP('',(#5938,#5939,#5940,#5941));
#2746=EDGE_LOOP('',(#5942,#5943,#5944,#5945));
#2747=EDGE_LOOP('',(#5946,#5947,#5948,#5949));
#2748=EDGE_LOOP('',(#5950,#5951,#5952,#5953));
#2749=EDGE_LOOP('',(#5954,#5955,#5956,#5957));
#2750=EDGE_LOOP('',(#5958,#5959,#5960,#5961));
#2751=EDGE_LOOP('',(#5962,#5963,#5964,#5965));
#2752=EDGE_LOOP('',(#5966,#5967,#5968,#5969));
#2753=EDGE_LOOP('',(#5970,#5971,#5972,#5973));
#2754=EDGE_LOOP('',(#5974,#5975,#5976,#5977));
#2755=EDGE_LOOP('',(#5978,#5979,#5980,#5981));
#2756=EDGE_LOOP('',(#5982,#5983,#5984,#5985));
#2757=EDGE_LOOP('',(#5986,#5987,#5988,#5989));
#2758=EDGE_LOOP('',(#5990,#5991,#5992,#5993));
#2759=EDGE_LOOP('',(#5994,#5995,#5996,#5997));
#2760=EDGE_LOOP('',(#5998,#5999,#6000,#6001));
#2761=EDGE_LOOP('',(#6002,#6003,#6004,#6005));
#2762=EDGE_LOOP('',(#6006,#6007,#6008,#6009));
#2763=EDGE_LOOP('',(#6010,#6011,#6012,#6013));
#2764=EDGE_LOOP('',(#6014,#6015,#6016,#6017));
#2765=EDGE_LOOP('',(#6018,#6019,#6020,#6021));
#2766=EDGE_LOOP('',(#6022,#6023,#6024,#6025));
#2767=EDGE_LOOP('',(#6026,#6027,#6028,#6029));
#2768=EDGE_LOOP('',(#6030,#6031,#6032));
#2769=EDGE_LOOP('',(#6033,#6034,#6035));
#2770=EDGE_LOOP('',(#6036,#6037,#6038));
#2771=EDGE_LOOP('',(#6039,#6040,#6041));
#2772=EDGE_LOOP('',(#6042,#6043,#6044,#6045));
#2773=EDGE_LOOP('',(#6046,#6047,#6048));
#2774=EDGE_LOOP('',(#6049,#6050,#6051,#6052));
#2775=EDGE_LOOP('',(#6053,#6054,#6055));
#2776=EDGE_LOOP('',(#6056,#6057,#6058,#6059));
#2777=EDGE_LOOP('',(#6060,#6061,#6062));
#2778=EDGE_LOOP('',(#6063,#6064,#6065,#6066));
#2779=EDGE_LOOP('',(#6067,#6068,#6069,#6070));
#2780=EDGE_LOOP('',(#6071,#6072,#6073,#6074));
#2781=EDGE_LOOP('',(#6075,#6076,#6077,#6078));
#2782=EDGE_LOOP('',(#6079,#6080,#6081));
#2783=EDGE_LOOP('',(#6082,#6083,#6084,#6085));
#2784=EDGE_LOOP('',(#6086,#6087,#6088,#6089));
#2785=EDGE_LOOP('',(#6090,#6091,#6092,#6093));
#2786=EDGE_LOOP('',(#6094,#6095,#6096,#6097));
#2787=EDGE_LOOP('',(#6098,#6099,#6100,#6101));
#2788=EDGE_LOOP('',(#6102,#6103,#6104,#6105));
#2789=EDGE_LOOP('',(#6106,#6107,#6108,#6109));
#2790=EDGE_LOOP('',(#6110,#6111,#6112,#6113));
#2791=EDGE_LOOP('',(#6114,#6115,#6116,#6117));
#2792=EDGE_LOOP('',(#6118,#6119,#6120,#6121));
#2793=EDGE_LOOP('',(#6122,#6123,#6124,#6125));
#2794=EDGE_LOOP('',(#6126,#6127,#6128,#6129));
#2795=EDGE_LOOP('',(#6130,#6131,#6132,#6133));
#2796=EDGE_LOOP('',(#6134,#6135,#6136,#6137));
#2797=EDGE_LOOP('',(#6138,#6139,#6140,#6141));
#2798=EDGE_LOOP('',(#6142,#6143,#6144,#6145));
#2799=EDGE_LOOP('',(#6146,#6147,#6148,#6149));
#2800=EDGE_LOOP('',(#6150,#6151,#6152,#6153));
#2801=EDGE_LOOP('',(#6154,#6155,#6156,#6157));
#2802=EDGE_LOOP('',(#6158,#6159,#6160,#6161));
#2803=EDGE_LOOP('',(#6162,#6163,#6164,#6165));
#2804=EDGE_LOOP('',(#6166,#6167,#6168,#6169));
#2805=EDGE_LOOP('',(#6170,#6171,#6172,#6173));
#2806=EDGE_LOOP('',(#6174,#6175,#6176,#6177));
#2807=EDGE_LOOP('',(#6178,#6179,#6180,#6181));
#2808=EDGE_LOOP('',(#6182,#6183,#6184,#6185));
#2809=EDGE_LOOP('',(#6186,#6187,#6188,#6189));
#2810=EDGE_LOOP('',(#6190,#6191,#6192,#6193));
#2811=EDGE_LOOP('',(#6194,#6195,#6196,#6197));
#2812=EDGE_LOOP('',(#6198,#6199,#6200,#6201));
#2813=EDGE_LOOP('',(#6202,#6203,#6204,#6205));
#2814=EDGE_LOOP('',(#6206,#6207,#6208,#6209));
#2815=EDGE_LOOP('',(#6210,#6211,#6212,#6213));
#2816=EDGE_LOOP('',(#6214,#6215,#6216,#6217));
#2817=EDGE_LOOP('',(#6218,#6219,#6220,#6221));
#2818=EDGE_LOOP('',(#6222,#6223,#6224,#6225));
#2819=EDGE_LOOP('',(#6226,#6227,#6228,#6229));
#2820=EDGE_LOOP('',(#6230,#6231,#6232,#6233));
#2821=EDGE_LOOP('',(#6234,#6235,#6236,#6237));
#2822=EDGE_LOOP('',(#6238,#6239,#6240,#6241));
#2823=EDGE_LOOP('',(#6242,#6243,#6244,#6245));
#2824=EDGE_LOOP('',(#6246,#6247,#6248,#6249));
#2825=EDGE_LOOP('',(#6250,#6251,#6252,#6253));
#2826=EDGE_LOOP('',(#6254,#6255,#6256,#6257));
#2827=EDGE_LOOP('',(#6258,#6259,#6260,#6261));
#2828=EDGE_LOOP('',(#6262,#6263,#6264,#6265));
#2829=EDGE_LOOP('',(#6266,#6267,#6268,#6269));
#2830=EDGE_LOOP('',(#6270,#6271,#6272,#6273));
#2831=EDGE_LOOP('',(#6274,#6275,#6276,#6277));
#2832=EDGE_LOOP('',(#6278,#6279,#6280,#6281));
#2833=EDGE_LOOP('',(#6282,#6283,#6284,#6285));
#2834=EDGE_LOOP('',(#6286,#6287,#6288,#6289));
#2835=EDGE_LOOP('',(#6290,#6291,#6292,#6293));
#2836=EDGE_LOOP('',(#6294,#6295,#6296,#6297));
#2837=EDGE_LOOP('',(#6298,#6299,#6300,#6301));
#2838=EDGE_LOOP('',(#6302,#6303,#6304,#6305));
#2839=EDGE_LOOP('',(#6306,#6307,#6308,#6309));
#2840=EDGE_LOOP('',(#6310,#6311,#6312,#6313));
#2841=EDGE_LOOP('',(#6314,#6315,#6316,#6317));
#2842=EDGE_LOOP('',(#6318,#6319,#6320,#6321));
#2843=EDGE_LOOP('',(#6322,#6323,#6324,#6325));
#2844=EDGE_LOOP('',(#6326,#6327,#6328,#6329));
#2845=EDGE_LOOP('',(#6330,#6331,#6332,#6333));
#2846=EDGE_LOOP('',(#6334,#6335,#6336,#6337));
#2847=EDGE_LOOP('',(#6338,#6339,#6340,#6341));
#2848=EDGE_LOOP('',(#6342,#6343,#6344,#6345));
#2849=EDGE_LOOP('',(#6346,#6347,#6348,#6349));
#2850=EDGE_LOOP('',(#6350,#6351,#6352,#6353));
#2851=EDGE_LOOP('',(#6354,#6355,#6356,#6357,#6358,#6359,#6360,#6361,#6362,
#6363,#6364,#6365,#6366,#6367,#6368,#6369));
#2852=EDGE_LOOP('',(#6370,#6371,#6372,#6373));
#2853=EDGE_LOOP('',(#6374,#6375,#6376,#6377));
#2854=EDGE_LOOP('',(#6378,#6379,#6380,#6381));
#2855=EDGE_LOOP('',(#6382,#6383,#6384,#6385,#6386,#6387,#6388,#6389,#6390,
#6391,#6392,#6393,#6394,#6395,#6396,#6397));
#2856=EDGE_LOOP('',(#6398,#6399,#6400,#6401));
#2857=EDGE_LOOP('',(#6402,#6403,#6404,#6405));
#2858=EDGE_LOOP('',(#6406,#6407,#6408,#6409));
#2859=EDGE_LOOP('',(#6410,#6411,#6412,#6413));
#2860=EDGE_LOOP('',(#6414,#6415,#6416,#6417));
#2861=EDGE_LOOP('',(#6418,#6419,#6420,#6421));
#2862=EDGE_LOOP('',(#6422,#6423,#6424));
#2863=EDGE_LOOP('',(#6425,#6426,#6427));
#2864=EDGE_LOOP('',(#6428,#6429,#6430));
#2865=EDGE_LOOP('',(#6431,#6432,#6433));
#2866=EDGE_LOOP('',(#6434,#6435,#6436,#6437));
#2867=EDGE_LOOP('',(#6438,#6439,#6440,#6441));
#2868=EDGE_LOOP('',(#6442,#6443,#6444));
#2869=EDGE_LOOP('',(#6445,#6446,#6447));
#2870=EDGE_LOOP('',(#6448,#6449,#6450,#6451));
#2871=EDGE_LOOP('',(#6452,#6453,#6454,#6455));
#2872=EDGE_LOOP('',(#6456,#6457,#6458,#6459));
#2873=EDGE_LOOP('',(#6460,#6461,#6462));
#2874=EDGE_LOOP('',(#6463,#6464,#6465,#6466));
#2875=EDGE_LOOP('',(#6467,#6468,#6469,#6470));
#2876=EDGE_LOOP('',(#6471,#6472,#6473,#6474));
#2877=EDGE_LOOP('',(#6475,#6476,#6477,#6478));
#2878=EDGE_LOOP('',(#6479,#6480,#6481));
#2879=EDGE_LOOP('',(#6482,#6483,#6484,#6485));
#2880=EDGE_LOOP('',(#6486,#6487,#6488,#6489));
#2881=EDGE_LOOP('',(#6490,#6491,#6492,#6493));
#2882=EDGE_LOOP('',(#6494,#6495,#6496,#6497));
#2883=EDGE_LOOP('',(#6498,#6499,#6500,#6501));
#2884=EDGE_LOOP('',(#6502,#6503,#6504,#6505));
#2885=EDGE_LOOP('',(#6506,#6507,#6508,#6509));
#2886=EDGE_LOOP('',(#6510,#6511,#6512,#6513));
#2887=EDGE_LOOP('',(#6514,#6515,#6516,#6517));
#2888=EDGE_LOOP('',(#6518,#6519,#6520,#6521));
#2889=EDGE_LOOP('',(#6522,#6523,#6524,#6525));
#2890=EDGE_LOOP('',(#6526,#6527,#6528,#6529));
#2891=EDGE_LOOP('',(#6530,#6531,#6532,#6533));
#2892=EDGE_LOOP('',(#6534,#6535,#6536,#6537));
#2893=EDGE_LOOP('',(#6538,#6539,#6540,#6541));
#2894=EDGE_LOOP('',(#6542,#6543,#6544,#6545));
#2895=EDGE_LOOP('',(#6546,#6547,#6548,#6549));
#2896=EDGE_LOOP('',(#6550,#6551,#6552,#6553));
#2897=EDGE_LOOP('',(#6554,#6555,#6556,#6557));
#2898=EDGE_LOOP('',(#6558,#6559,#6560,#6561));
#2899=EDGE_LOOP('',(#6562,#6563,#6564,#6565));
#2900=EDGE_LOOP('',(#6566,#6567,#6568,#6569));
#2901=EDGE_LOOP('',(#6570,#6571,#6572,#6573));
#2902=EDGE_LOOP('',(#6574,#6575,#6576,#6577));
#2903=EDGE_LOOP('',(#6578,#6579,#6580,#6581));
#2904=EDGE_LOOP('',(#6582,#6583,#6584,#6585));
#2905=EDGE_LOOP('',(#6586,#6587,#6588,#6589));
#2906=EDGE_LOOP('',(#6590,#6591,#6592,#6593));
#2907=EDGE_LOOP('',(#6594,#6595,#6596,#6597));
#2908=EDGE_LOOP('',(#6598,#6599,#6600,#6601));
#2909=EDGE_LOOP('',(#6602,#6603,#6604,#6605));
#2910=EDGE_LOOP('',(#6606,#6607,#6608,#6609));
#2911=EDGE_LOOP('',(#6610,#6611,#6612,#6613));
#2912=EDGE_LOOP('',(#6614,#6615,#6616,#6617));
#2913=EDGE_LOOP('',(#6618,#6619,#6620,#6621));
#2914=EDGE_LOOP('',(#6622,#6623,#6624,#6625));
#2915=EDGE_LOOP('',(#6626,#6627,#6628,#6629));
#2916=EDGE_LOOP('',(#6630,#6631,#6632,#6633));
#2917=EDGE_LOOP('',(#6634,#6635,#6636,#6637));
#2918=EDGE_LOOP('',(#6638,#6639,#6640,#6641));
#2919=EDGE_LOOP('',(#6642,#6643,#6644,#6645));
#2920=EDGE_LOOP('',(#6646,#6647,#6648,#6649));
#2921=EDGE_LOOP('',(#6650,#6651,#6652,#6653));
#2922=EDGE_LOOP('',(#6654,#6655,#6656,#6657));
#2923=EDGE_LOOP('',(#6658,#6659,#6660,#6661));
#2924=EDGE_LOOP('',(#6662,#6663,#6664,#6665));
#2925=EDGE_LOOP('',(#6666,#6667,#6668,#6669));
#2926=EDGE_LOOP('',(#6670,#6671,#6672,#6673));
#2927=EDGE_LOOP('',(#6674,#6675,#6676,#6677));
#2928=EDGE_LOOP('',(#6678,#6679,#6680,#6681));
#2929=EDGE_LOOP('',(#6682,#6683,#6684,#6685));
#2930=EDGE_LOOP('',(#6686,#6687,#6688,#6689));
#2931=EDGE_LOOP('',(#6690,#6691,#6692,#6693));
#2932=EDGE_LOOP('',(#6694,#6695,#6696,#6697));
#2933=EDGE_LOOP('',(#6698,#6699,#6700,#6701));
#2934=EDGE_LOOP('',(#6702,#6703,#6704,#6705));
#2935=EDGE_LOOP('',(#6706,#6707,#6708,#6709));
#2936=EDGE_LOOP('',(#6710,#6711,#6712,#6713));
#2937=EDGE_LOOP('',(#6714,#6715,#6716,#6717));
#2938=EDGE_LOOP('',(#6718,#6719,#6720,#6721));
#2939=EDGE_LOOP('',(#6722,#6723,#6724,#6725));
#2940=EDGE_LOOP('',(#6726,#6727,#6728,#6729));
#2941=EDGE_LOOP('',(#6730,#6731,#6732,#6733));
#2942=EDGE_LOOP('',(#6734,#6735,#6736,#6737));
#2943=EDGE_LOOP('',(#6738,#6739,#6740,#6741));
#2944=EDGE_LOOP('',(#6742,#6743,#6744,#6745));
#2945=EDGE_LOOP('',(#6746,#6747,#6748,#6749));
#2946=EDGE_LOOP('',(#6750,#6751,#6752,#6753,#6754,#6755,#6756,#6757,#6758,
#6759,#6760,#6761,#6762,#6763,#6764,#6765));
#2947=EDGE_LOOP('',(#6766,#6767,#6768,#6769,#6770,#6771,#6772,#6773,#6774,
#6775,#6776,#6777,#6778,#6779,#6780,#6781));
#2948=EDGE_LOOP('',(#6782,#6783,#6784,#6785));
#2949=EDGE_LOOP('',(#6786,#6787,#6788,#6789));
#2950=EDGE_LOOP('',(#6790,#6791,#6792,#6793));
#2951=EDGE_LOOP('',(#6794,#6795,#6796,#6797));
#2952=EDGE_LOOP('',(#6798,#6799,#6800,#6801));
#2953=EDGE_LOOP('',(#6802,#6803,#6804,#6805));
#2954=EDGE_LOOP('',(#6806,#6807,#6808,#6809));
#2955=EDGE_LOOP('',(#6810,#6811,#6812,#6813));
#2956=EDGE_LOOP('',(#6814,#6815,#6816,#6817));
#2957=EDGE_LOOP('',(#6818,#6819,#6820,#6821,#6822));
#2958=EDGE_LOOP('',(#6823,#6824,#6825,#6826));
#2959=EDGE_LOOP('',(#6827,#6828,#6829));
#2960=EDGE_LOOP('',(#6830,#6831,#6832,#6833));
#2961=EDGE_LOOP('',(#6834,#6835,#6836,#6837));
#2962=EDGE_LOOP('',(#6838,#6839,#6840));
#2963=EDGE_LOOP('',(#6841,#6842,#6843,#6844));
#2964=EDGE_LOOP('',(#6845,#6846,#6847,#6848));
#2965=EDGE_LOOP('',(#6849,#6850,#6851));
#2966=EDGE_LOOP('',(#6852,#6853,#6854,#6855));
#2967=EDGE_LOOP('',(#6856,#6857,#6858,#6859));
#2968=EDGE_LOOP('',(#6860,#6861,#6862,#6863,#6864));
#2969=EDGE_LOOP('',(#6865,#6866,#6867));
#2970=EDGE_LOOP('',(#6868,#6869,#6870));
#2971=EDGE_LOOP('',(#6871,#6872,#6873,#6874));
#2972=EDGE_LOOP('',(#6875,#6876,#6877));
#2973=EDGE_LOOP('',(#6878,#6879,#6880,#6881));
#2974=EDGE_LOOP('',(#6882,#6883,#6884));
#2975=EDGE_LOOP('',(#6885,#6886,#6887,#6888,#6889));
#2976=EDGE_LOOP('',(#6890,#6891,#6892,#6893));
#2977=EDGE_LOOP('',(#6894,#6895,#6896));
#2978=EDGE_LOOP('',(#6897,#6898,#6899,#6900));
#2979=EDGE_LOOP('',(#6901,#6902,#6903,#6904));
#2980=EDGE_LOOP('',(#6905,#6906,#6907));
#2981=EDGE_LOOP('',(#6908,#6909,#6910,#6911,#6912));
#2982=EDGE_LOOP('',(#6913,#6914,#6915,#6916,#6917));
#2983=EDGE_LOOP('',(#6918,#6919,#6920,#6921));
#2984=EDGE_LOOP('',(#6922,#6923,#6924,#6925));
#2985=EDGE_LOOP('',(#6926,#6927,#6928,#6929));
#2986=EDGE_LOOP('',(#6930,#6931,#6932));
#2987=EDGE_LOOP('',(#6933,#6934,#6935));
#2988=EDGE_LOOP('',(#6936,#6937,#6938,#6939,#6940));
#2989=EDGE_LOOP('',(#6941,#6942,#6943));
#2990=EDGE_LOOP('',(#6944,#6945,#6946,#6947));
#2991=EDGE_LOOP('',(#6948,#6949,#6950,#6951));
#2992=EDGE_LOOP('',(#6952,#6953,#6954,#6955));
#2993=EDGE_LOOP('',(#6956,#6957,#6958,#6959));
#2994=EDGE_LOOP('',(#6960,#6961,#6962,#6963));
#2995=EDGE_LOOP('',(#6964,#6965,#6966,#6967));
#2996=EDGE_LOOP('',(#6968,#6969,#6970,#6971));
#2997=EDGE_LOOP('',(#6972,#6973,#6974,#6975,#6976));
#2998=EDGE_LOOP('',(#6977,#6978,#6979,#6980,#6981));
#2999=EDGE_LOOP('',(#6982,#6983,#6984,#6985));
#3000=EDGE_LOOP('',(#6986,#6987,#6988,#6989));
#3001=EDGE_LOOP('',(#6990,#6991,#6992,#6993));
#3002=EDGE_LOOP('',(#6994,#6995,#6996,#6997));
#3003=EDGE_LOOP('',(#6998,#6999,#7000,#7001));
#3004=EDGE_LOOP('',(#7002,#7003,#7004,#7005));
#3005=EDGE_LOOP('',(#7006,#7007,#7008,#7009));
#3006=EDGE_LOOP('',(#7010,#7011,#7012,#7013));
#3007=EDGE_LOOP('',(#7014,#7015,#7016,#7017));
#3008=EDGE_LOOP('',(#7018,#7019,#7020,#7021));
#3009=EDGE_LOOP('',(#7022,#7023,#7024,#7025));
#3010=EDGE_LOOP('',(#7026,#7027,#7028,#7029,#7030));
#3011=EDGE_LOOP('',(#7031,#7032,#7033,#7034));
#3012=EDGE_LOOP('',(#7035,#7036,#7037,#7038));
#3013=EDGE_LOOP('',(#7039,#7040,#7041,#7042,#7043));
#3014=EDGE_LOOP('',(#7044,#7045,#7046,#7047));
#3015=EDGE_LOOP('',(#7048,#7049,#7050,#7051,#7052));
#3016=EDGE_LOOP('',(#7053,#7054,#7055,#7056));
#3017=EDGE_LOOP('',(#7057,#7058,#7059,#7060));
#3018=EDGE_LOOP('',(#7061,#7062,#7063,#7064));
#3019=EDGE_LOOP('',(#7065,#7066,#7067,#7068));
#3020=EDGE_LOOP('',(#7069,#7070,#7071,#7072));
#3021=EDGE_LOOP('',(#7073,#7074,#7075,#7076));
#3022=EDGE_LOOP('',(#7077,#7078,#7079,#7080));
#3023=EDGE_LOOP('',(#7081,#7082,#7083,#7084));
#3024=EDGE_LOOP('',(#7085,#7086,#7087,#7088,#7089));
#3025=EDGE_LOOP('',(#7090,#7091,#7092,#7093,#7094));
#3026=EDGE_LOOP('',(#7095,#7096,#7097,#7098));
#3027=EDGE_LOOP('',(#7099,#7100,#7101,#7102));
#3028=EDGE_LOOP('',(#7103,#7104,#7105,#7106));
#3029=EDGE_LOOP('',(#7107,#7108,#7109,#7110,#7111));
#3030=EDGE_LOOP('',(#7112,#7113,#7114,#7115,#7116));
#3031=EDGE_LOOP('',(#7117,#7118,#7119,#7120));
#3032=EDGE_LOOP('',(#7121,#7122,#7123,#7124,#7125));
#3033=EDGE_LOOP('',(#7126,#7127,#7128,#7129,#7130,#7131));
#3034=EDGE_LOOP('',(#7132,#7133,#7134,#7135));
#3035=EDGE_LOOP('',(#7136,#7137,#7138,#7139,#7140,#7141));
#3036=EDGE_LOOP('',(#7142,#7143,#7144,#7145,#7146,#7147));
#3037=EDGE_LOOP('',(#7148,#7149,#7150,#7151,#7152,#7153));
#3038=EDGE_LOOP('',(#7154,#7155,#7156,#7157));
#3039=EDGE_LOOP('',(#7158,#7159,#7160,#7161,#7162,#7163));
#3040=EDGE_LOOP('',(#7164,#7165,#7166,#7167,#7168,#7169));
#3041=EDGE_LOOP('',(#7170,#7171,#7172,#7173,#7174,#7175));
#3042=EDGE_LOOP('',(#7176,#7177,#7178,#7179,#7180,#7181,#7182,#7183,#7184));
#3043=EDGE_LOOP('',(#7185,#7186,#7187,#7188,#7189));
#3044=EDGE_LOOP('',(#7190,#7191,#7192,#7193,#7194));
#3045=EDGE_LOOP('',(#7195,#7196,#7197,#7198,#7199));
#3046=EDGE_LOOP('',(#7200,#7201,#7202,#7203,#7204));
#3047=EDGE_LOOP('',(#7205,#7206,#7207,#7208));
#3048=EDGE_LOOP('',(#7209,#7210,#7211,#7212));
#3049=EDGE_LOOP('',(#7213,#7214,#7215,#7216,#7217));
#3050=EDGE_LOOP('',(#7218,#7219,#7220,#7221,#7222));
#3051=EDGE_LOOP('',(#7223,#7224,#7225,#7226));
#3052=EDGE_LOOP('',(#7227,#7228,#7229,#7230,#7231));
#3053=EDGE_LOOP('',(#7232,#7233,#7234,#7235,#7236));
#3054=EDGE_LOOP('',(#7237,#7238,#7239,#7240));
#3055=EDGE_LOOP('',(#7241,#7242,#7243,#7244));
#3056=EDGE_LOOP('',(#7245,#7246,#7247,#7248,#7249));
#3057=EDGE_LOOP('',(#7250,#7251,#7252,#7253,#7254,#7255));
#3058=EDGE_LOOP('',(#7256,#7257,#7258,#7259,#7260,#7261,#7262,#7263));
#3059=EDGE_LOOP('',(#7264,#7265,#7266,#7267,#7268,#7269));
#3060=EDGE_LOOP('',(#7270,#7271,#7272,#7273,#7274,#7275,#7276,#7277,#7278,
#7279,#7280,#7281,#7282,#7283,#7284,#7285,#7286,#7287,#7288,#7289,#7290,
#7291,#7292,#7293,#7294,#7295,#7296,#7297,#7298,#7299,#7300,#7301,#7302,
#7303));
#3061=EDGE_LOOP('',(#7304,#7305,#7306,#7307));
#3062=EDGE_LOOP('',(#7308,#7309,#7310,#7311));
#3063=EDGE_LOOP('',(#7312,#7313,#7314,#7315,#7316,#7317,#7318,#7319,#7320,
#7321,#7322,#7323,#7324,#7325,#7326,#7327,#7328,#7329));
#3064=EDGE_LOOP('',(#7330,#7331,#7332,#7333,#7334,#7335,#7336,#7337,#7338,
#7339,#7340,#7341,#7342,#7343,#7344,#7345,#7346,#7347,#7348,#7349));
#3065=EDGE_LOOP('',(#7350,#7351,#7352,#7353));
#3066=EDGE_LOOP('',(#7354,#7355,#7356,#7357));
#3067=EDGE_LOOP('',(#7358,#7359,#7360,#7361,#7362,#7363));
#3068=EDGE_LOOP('',(#7364,#7365,#7366,#7367));
#3069=EDGE_LOOP('',(#7368,#7369,#7370,#7371));
#3070=EDGE_LOOP('',(#7372,#7373,#7374,#7375));
#3071=EDGE_LOOP('',(#7376,#7377,#7378,#7379));
#3072=EDGE_LOOP('',(#7380,#7381,#7382,#7383));
#3073=EDGE_LOOP('',(#7384,#7385,#7386,#7387));
#3074=EDGE_LOOP('',(#7388,#7389,#7390,#7391));
#3075=EDGE_LOOP('',(#7392,#7393,#7394,#7395));
#3076=EDGE_LOOP('',(#7396,#7397,#7398,#7399));
#3077=EDGE_LOOP('',(#7400,#7401,#7402,#7403));
#3078=EDGE_LOOP('',(#7404,#7405,#7406,#7407));
#3079=EDGE_LOOP('',(#7408,#7409,#7410,#7411));
#3080=EDGE_LOOP('',(#7412,#7413,#7414,#7415,#7416,#7417));
#3081=EDGE_LOOP('',(#7418,#7419,#7420,#7421));
#3082=EDGE_LOOP('',(#7422,#7423,#7424,#7425,#7426,#7427));
#3083=EDGE_LOOP('',(#7428,#7429,#7430,#7431));
#3084=EDGE_LOOP('',(#7432,#7433,#7434,#7435));
#3085=EDGE_LOOP('',(#7436,#7437,#7438,#7439));
#3086=EDGE_LOOP('',(#7440,#7441,#7442,#7443));
#3087=EDGE_LOOP('',(#7444,#7445,#7446,#7447));
#3088=EDGE_LOOP('',(#7448,#7449,#7450,#7451));
#3089=EDGE_LOOP('',(#7452,#7453,#7454,#7455));
#3090=EDGE_LOOP('',(#7456,#7457,#7458,#7459));
#3091=EDGE_LOOP('',(#7460,#7461,#7462,#7463));
#3092=EDGE_LOOP('',(#7464,#7465,#7466,#7467));
#3093=EDGE_LOOP('',(#7468,#7469,#7470,#7471,#7472,#7473));
#3094=EDGE_LOOP('',(#7474,#7475,#7476,#7477));
#3095=EDGE_LOOP('',(#7478,#7479,#7480,#7481));
#3096=EDGE_LOOP('',(#7482,#7483,#7484,#7485,#7486,#7487));
#3097=EDGE_LOOP('',(#7488,#7489,#7490,#7491,#7492,#7493,#7494,#7495,#7496));
#3098=EDGE_LOOP('',(#7497,#7498,#7499,#7500,#7501));
#3099=EDGE_LOOP('',(#7502,#7503,#7504,#7505));
#3100=EDGE_LOOP('',(#7506,#7507,#7508,#7509));
#3101=EDGE_LOOP('',(#7510,#7511,#7512,#7513));
#3102=EDGE_LOOP('',(#7514,#7515,#7516,#7517));
#3103=EDGE_LOOP('',(#7518,#7519,#7520,#7521,#7522));
#3104=EDGE_LOOP('',(#7523,#7524,#7525,#7526,#7527,#7528));
#3105=EDGE_LOOP('',(#7529,#7530,#7531,#7532,#7533));
#3106=EDGE_LOOP('',(#7534,#7535,#7536,#7537));
#3107=EDGE_LOOP('',(#7538,#7539,#7540,#7541,#7542,#7543,#7544,#7545,#7546));
#3108=EDGE_LOOP('',(#7547,#7548,#7549,#7550,#7551));
#3109=EDGE_LOOP('',(#7552,#7553,#7554,#7555));
#3110=EDGE_LOOP('',(#7556,#7557,#7558,#7559));
#3111=EDGE_LOOP('',(#7560,#7561,#7562,#7563));
#3112=EDGE_LOOP('',(#7564,#7565,#7566,#7567));
#3113=EDGE_LOOP('',(#7568,#7569,#7570,#7571));
#3114=EDGE_LOOP('',(#7572,#7573,#7574,#7575));
#3115=EDGE_LOOP('',(#7576,#7577,#7578,#7579,#7580));
#3116=EDGE_LOOP('',(#7581,#7582,#7583,#7584,#7585,#7586,#7587,#7588,#7589));
#3117=EDGE_LOOP('',(#7590,#7591,#7592,#7593));
#3118=EDGE_LOOP('',(#7594,#7595,#7596,#7597,#7598));
#3119=EDGE_LOOP('',(#7599,#7600,#7601,#7602));
#3120=EDGE_LOOP('',(#7603,#7604,#7605,#7606));
#3121=EDGE_LOOP('',(#7607,#7608,#7609,#7610));
#3122=EDGE_LOOP('',(#7611,#7612,#7613,#7614,#7615));
#3123=EDGE_LOOP('',(#7616,#7617,#7618,#7619));
#3124=EDGE_LOOP('',(#7620,#7621,#7622,#7623));
#3125=EDGE_LOOP('',(#7624,#7625,#7626,#7627));
#3126=EDGE_LOOP('',(#7628,#7629,#7630));
#3127=EDGE_LOOP('',(#7631,#7632,#7633));
#3128=EDGE_LOOP('',(#7634,#7635,#7636,#7637));
#3129=EDGE_LOOP('',(#7638,#7639,#7640,#7641));
#3130=EDGE_LOOP('',(#7642,#7643,#7644,#7645));
#3131=EDGE_LOOP('',(#7646,#7647,#7648,#7649));
#3132=EDGE_LOOP('',(#7650,#7651,#7652,#7653));
#3133=EDGE_LOOP('',(#7654,#7655,#7656,#7657));
#3134=EDGE_LOOP('',(#7658,#7659,#7660,#7661));
#3135=EDGE_LOOP('',(#7662,#7663,#7664,#7665));
#3136=EDGE_LOOP('',(#7666,#7667,#7668,#7669));
#3137=EDGE_LOOP('',(#7670,#7671,#7672,#7673));
#3138=EDGE_LOOP('',(#7674,#7675,#7676,#7677));
#3139=EDGE_LOOP('',(#7678,#7679,#7680,#7681));
#3140=EDGE_LOOP('',(#7682,#7683,#7684,#7685));
#3141=EDGE_LOOP('',(#7686,#7687,#7688,#7689));
#3142=EDGE_LOOP('',(#7690,#7691,#7692,#7693));
#3143=EDGE_LOOP('',(#7694,#7695,#7696,#7697));
#3144=EDGE_LOOP('',(#7698,#7699,#7700,#7701));
#3145=EDGE_LOOP('',(#7702,#7703,#7704,#7705));
#3146=EDGE_LOOP('',(#7706,#7707,#7708,#7709,#7710,#7711,#7712,#7713,#7714,
#7715,#7716,#7717,#7718,#7719,#7720,#7721,#7722,#7723));
#3147=EDGE_LOOP('',(#7724,#7725,#7726,#7727,#7728,#7729,#7730,#7731,#7732,
#7733,#7734,#7735,#7736,#7737,#7738,#7739,#7740,#7741));
#3148=EDGE_LOOP('',(#7742,#7743,#7744,#7745));
#3149=EDGE_LOOP('',(#7746,#7747,#7748,#7749));
#3150=EDGE_LOOP('',(#7750,#7751,#7752,#7753));
#3151=EDGE_LOOP('',(#7754,#7755,#7756,#7757));
#3152=EDGE_LOOP('',(#7758,#7759,#7760,#7761));
#3153=EDGE_LOOP('',(#7762,#7763,#7764,#7765));
#3154=EDGE_LOOP('',(#7766,#7767,#7768,#7769));
#3155=EDGE_LOOP('',(#7770,#7771,#7772,#7773));
#3156=EDGE_LOOP('',(#7774,#7775,#7776,#7777));
#3157=EDGE_LOOP('',(#7778,#7779,#7780,#7781));
#3158=EDGE_LOOP('',(#7782,#7783,#7784,#7785));
#3159=EDGE_LOOP('',(#7786,#7787,#7788,#7789));
#3160=EDGE_LOOP('',(#7790,#7791,#7792,#7793));
#3161=EDGE_LOOP('',(#7794,#7795,#7796,#7797));
#3162=EDGE_LOOP('',(#7798,#7799,#7800,#7801));
#3163=EDGE_LOOP('',(#7802,#7803,#7804,#7805));
#3164=EDGE_LOOP('',(#7806,#7807,#7808,#7809));
#3165=EDGE_LOOP('',(#7810,#7811,#7812,#7813));
#3166=EDGE_LOOP('',(#7814,#7815,#7816,#7817));
#3167=EDGE_LOOP('',(#7818,#7819,#7820,#7821));
#3168=EDGE_LOOP('',(#7822,#7823,#7824,#7825));
#3169=EDGE_LOOP('',(#7826,#7827,#7828,#7829));
#3170=EDGE_LOOP('',(#7830,#7831,#7832,#7833));
#3171=EDGE_LOOP('',(#7834,#7835,#7836,#7837));
#3172=EDGE_LOOP('',(#7838,#7839,#7840,#7841));
#3173=EDGE_LOOP('',(#7842,#7843,#7844,#7845));
#3174=EDGE_LOOP('',(#7846,#7847,#7848,#7849));
#3175=EDGE_LOOP('',(#7850,#7851,#7852,#7853));
#3176=EDGE_LOOP('',(#7854,#7855,#7856,#7857));
#3177=EDGE_LOOP('',(#7858,#7859,#7860,#7861));
#3178=EDGE_LOOP('',(#7862,#7863,#7864,#7865));
#3179=EDGE_LOOP('',(#7866,#7867,#7868,#7869));
#3180=EDGE_LOOP('',(#7870,#7871,#7872,#7873));
#3181=EDGE_LOOP('',(#7874,#7875,#7876,#7877));
#3182=EDGE_LOOP('',(#7878,#7879,#7880,#7881));
#3183=EDGE_LOOP('',(#7882,#7883,#7884,#7885));
#3184=EDGE_LOOP('',(#7886,#7887,#7888,#7889));
#3185=EDGE_LOOP('',(#7890,#7891,#7892,#7893));
#3186=EDGE_LOOP('',(#7894,#7895,#7896,#7897));
#3187=EDGE_LOOP('',(#7898,#7899,#7900,#7901));
#3188=EDGE_LOOP('',(#7902,#7903,#7904,#7905));
#3189=EDGE_LOOP('',(#7906,#7907,#7908,#7909));
#3190=EDGE_LOOP('',(#7910,#7911,#7912,#7913));
#3191=EDGE_LOOP('',(#7914,#7915,#7916,#7917));
#3192=EDGE_LOOP('',(#7918,#7919,#7920,#7921,#7922,#7923,#7924,#7925,#7926,
#7927,#7928,#7929,#7930,#7931,#7932,#7933,#7934,#7935,#7936,#7937,#7938,
#7939,#7940,#7941,#7942,#7943,#7944,#7945,#7946,#7947,#7948,#7949,#7950,
#7951,#7952,#7953,#7954,#7955,#7956,#7957,#7958,#7959,#7960,#7961));
#3193=EDGE_LOOP('',(#7962,#7963,#7964,#7965,#7966,#7967,#7968,#7969,#7970,
#7971,#7972,#7973,#7974,#7975,#7976,#7977,#7978,#7979,#7980,#7981,#7982,
#7983,#7984,#7985,#7986,#7987,#7988,#7989,#7990,#7991,#7992,#7993,#7994,
#7995,#7996,#7997,#7998,#7999,#8000,#8001,#8002,#8003,#8004,#8005));
#3194=EDGE_LOOP('',(#8006,#8007,#8008,#8009));
#3195=EDGE_LOOP('',(#8010,#8011,#8012,#8013));
#3196=EDGE_LOOP('',(#8014,#8015,#8016,#8017));
#3197=EDGE_LOOP('',(#8018,#8019,#8020,#8021));
#3198=EDGE_LOOP('',(#8022,#8023,#8024,#8025));
#3199=EDGE_LOOP('',(#8026,#8027,#8028,#8029));
#3200=EDGE_LOOP('',(#8030,#8031,#8032,#8033));
#3201=EDGE_LOOP('',(#8034,#8035,#8036,#8037));
#3202=EDGE_LOOP('',(#8038,#8039,#8040,#8041));
#3203=EDGE_LOOP('',(#8042,#8043,#8044,#8045));
#3204=EDGE_LOOP('',(#8046,#8047,#8048,#8049));
#3205=EDGE_LOOP('',(#8050,#8051,#8052,#8053));
#3206=EDGE_LOOP('',(#8054,#8055,#8056,#8057));
#3207=EDGE_LOOP('',(#8058,#8059,#8060,#8061));
#3208=EDGE_LOOP('',(#8062,#8063,#8064,#8065));
#3209=EDGE_LOOP('',(#8066,#8067,#8068,#8069));
#3210=EDGE_LOOP('',(#8070,#8071,#8072,#8073,#8074,#8075,#8076,#8077,#8078,
#8079,#8080,#8081,#8082,#8083,#8084,#8085));
#3211=EDGE_LOOP('',(#8086,#8087,#8088,#8089,#8090,#8091,#8092,#8093,#8094,
#8095,#8096,#8097,#8098,#8099,#8100,#8101));
#3212=CIRCLE('',#9427,0.0100000000000002);
#3213=CIRCLE('',#9428,0.01);
#3214=CIRCLE('',#9429,0.0100000000000003);
#3215=CIRCLE('',#9431,0.0100000000000004);
#3216=CIRCLE('',#9432,0.0100000000000011);
#3217=CIRCLE('',#9433,0.0100000000000003);
#3218=CIRCLE('',#9436,0.01);
#3219=CIRCLE('',#9437,0.0100000000000003);
#3220=CIRCLE('',#9438,0.00999999999999957);
#3221=CIRCLE('',#9440,0.0100000000000007);
#3222=CIRCLE('',#9441,0.0100000000000004);
#3223=CIRCLE('',#9442,0.01);
#3224=CIRCLE('',#9444,0.01);
#3225=CIRCLE('',#9445,0.0100000000000005);
#3226=CIRCLE('',#9446,0.0100000000000004);
#3227=CIRCLE('',#9447,0.0100000000000001);
#3228=CIRCLE('',#9449,0.0100000000000004);
#3229=CIRCLE('',#9450,0.0100000000000006);
#3230=CIRCLE('',#9451,0.0100000000000005);
#3231=CIRCLE('',#9453,0.0100000000000007);
#3232=CIRCLE('',#9454,0.0100000000000005);
#3233=CIRCLE('',#9455,0.0100000000000011);
#3234=CIRCLE('',#9457,0.0100000000000006);
#3235=CIRCLE('',#9458,0.01);
#3236=CIRCLE('',#9459,0.0100000000000006);
#3237=CIRCLE('',#9460,0.0100000000000005);
#3238=CIRCLE('',#9462,0.0100000000000002);
#3239=CIRCLE('',#9463,0.00999999999999977);
#3240=CIRCLE('',#9464,0.0100000000000006);
#3241=CIRCLE('',#9466,0.0100000000000002);
#3242=CIRCLE('',#9467,0.00999999999999994);
#3243=CIRCLE('',#9468,0.0100000000000001);
#3244=CIRCLE('',#9469,0.010000000000001);
#3245=CIRCLE('',#9471,0.01);
#3246=CIRCLE('',#9472,0.0100000000000006);
#3247=CIRCLE('',#9473,0.0100000000000002);
#3248=CIRCLE('',#9474,0.00999999999999994);
#3249=CIRCLE('',#9476,0.01);
#3250=CIRCLE('',#9477,0.0100000000000004);
#3251=CIRCLE('',#9478,0.0100000000000004);
#3252=CIRCLE('',#9479,0.00999999999999987);
#3253=CIRCLE('',#9481,0.0100000000000004);
#3254=CIRCLE('',#9482,0.0100000000000006);
#3255=CIRCLE('',#9483,0.0100000000000003);
#3256=CIRCLE('',#9487,0.0100000000000006);
#3257=CIRCLE('',#9488,0.0100000000000001);
#3258=CIRCLE('',#9489,0.0100000000000004);
#3259=CIRCLE('',#9490,0.0100000000000004);
#3260=CIRCLE('',#9492,0.00999999999999977);
#3261=CIRCLE('',#9493,0.01);
#3262=CIRCLE('',#9494,0.00999999999999994);
#3263=CIRCLE('',#9495,0.0100000000000003);
#3264=CIRCLE('',#9497,0.01);
#3265=CIRCLE('',#9498,0.0100000000000011);
#3266=CIRCLE('',#9499,0.0100000000000004);
#3267=CIRCLE('',#9500,0.01);
#3268=CIRCLE('',#9541,0.0100000000000002);
#3269=CIRCLE('',#9542,0.01);
#3270=CIRCLE('',#9543,0.0100000000000004);
#3271=CIRCLE('',#9545,0.0100000000000004);
#3272=CIRCLE('',#9546,0.0100000000000011);
#3273=CIRCLE('',#9547,0.0100000000000003);
#3274=CIRCLE('',#9550,0.01);
#3275=CIRCLE('',#9551,0.0100000000000003);
#3276=CIRCLE('',#9552,0.0100000000000002);
#3277=CIRCLE('',#9554,0.0100000000000007);
#3278=CIRCLE('',#9555,0.0100000000000003);
#3279=CIRCLE('',#9556,0.01);
#3280=CIRCLE('',#9558,0.01);
#3281=CIRCLE('',#9559,0.0100000000000005);
#3282=CIRCLE('',#9560,0.0100000000000004);
#3283=CIRCLE('',#9561,0.0100000000000006);
#3284=CIRCLE('',#9563,0.0100000000000004);
#3285=CIRCLE('',#9564,0.0100000000000006);
#3286=CIRCLE('',#9565,0.0100000000000004);
#3287=CIRCLE('',#9567,0.0100000000000007);
#3288=CIRCLE('',#9568,0.0100000000000005);
#3289=CIRCLE('',#9569,0.0100000000000011);
#3290=CIRCLE('',#9571,0.0100000000000006);
#3291=CIRCLE('',#9572,0.01);
#3292=CIRCLE('',#9573,0.0100000000000006);
#3293=CIRCLE('',#9574,0.0100000000000005);
#3294=CIRCLE('',#9576,0.0100000000000003);
#3295=CIRCLE('',#9577,0.00999999999999972);
#3296=CIRCLE('',#9578,0.0100000000000006);
#3297=CIRCLE('',#9580,0.0100000000000002);
#3298=CIRCLE('',#9581,0.00999999999999994);
#3299=CIRCLE('',#9582,0.01);
#3300=CIRCLE('',#9583,0.0100000000000011);
#3301=CIRCLE('',#9585,0.01);
#3302=CIRCLE('',#9586,0.0100000000000006);
#3303=CIRCLE('',#9587,0.0100000000000002);
#3304=CIRCLE('',#9588,0.00999999999999994);
#3305=CIRCLE('',#9590,0.01);
#3306=CIRCLE('',#9591,0.0100000000000004);
#3307=CIRCLE('',#9592,0.0100000000000004);
#3308=CIRCLE('',#9593,0.01);
#3309=CIRCLE('',#9595,0.0100000000000004);
#3310=CIRCLE('',#9596,0.0100000000000006);
#3311=CIRCLE('',#9597,0.0100000000000003);
#3312=CIRCLE('',#9601,0.0100000000000001);
#3313=CIRCLE('',#9602,0.0100000000000001);
#3314=CIRCLE('',#9603,0.0100000000000004);
#3315=CIRCLE('',#9604,0.0100000000000003);
#3316=CIRCLE('',#9606,0.00999999999999977);
#3317=CIRCLE('',#9607,0.00999999999999987);
#3318=CIRCLE('',#9608,0.00999999999999994);
#3319=CIRCLE('',#9609,0.0100000000000003);
#3320=CIRCLE('',#9611,0.01);
#3321=CIRCLE('',#9612,0.010000000000001);
#3322=CIRCLE('',#9613,0.0100000000000004);
#3323=CIRCLE('',#9614,0.01);
#3324=CIRCLE('',#9655,0.0100000000000002);
#3325=CIRCLE('',#9656,0.0100000000000004);
#3326=CIRCLE('',#9657,0.01);
#3327=CIRCLE('',#9659,0.0100000000000001);
#3328=CIRCLE('',#9660,0.01);
#3329=CIRCLE('',#9661,0.0100000000000004);
#3330=CIRCLE('',#9663,0.00999999999999977);
#3331=CIRCLE('',#9664,0.0100000000000006);
#3332=CIRCLE('',#9665,0.0100000000000004);
#3333=CIRCLE('',#9667,0.0100000000000004);
#3334=CIRCLE('',#9668,0.0100000000000002);
#3335=CIRCLE('',#9669,0.01);
#3336=CIRCLE('',#9671,0.01);
#3337=CIRCLE('',#9672,0.01);
#3338=CIRCLE('',#9673,0.0100000000000004);
#3339=CIRCLE('',#9674,0.0100000000000002);
#3340=CIRCLE('',#9676,0.0100000000000004);
#3341=CIRCLE('',#9677,0.0100000000000011);
#3342=CIRCLE('',#9678,0.0100000000000003);
#3343=CIRCLE('',#9681,0.0100000000000006);
#3344=CIRCLE('',#9682,0.0100000000000004);
#3345=CIRCLE('',#9683,0.01);
#3346=CIRCLE('',#9685,0.01);
#3347=CIRCLE('',#9686,0.0100000000000002);
#3348=CIRCLE('',#9687,0.0100000000000004);
#3349=CIRCLE('',#9688,0.0100000000000006);
#3350=CIRCLE('',#9690,0.0100000000000004);
#3351=CIRCLE('',#9691,0.01);
#3352=CIRCLE('',#9692,0.0100000000000003);
#3353=CIRCLE('',#9696,0.01);
#3354=CIRCLE('',#9697,0.0100000000000002);
#3355=CIRCLE('',#9698,0.0100000000000004);
#3356=CIRCLE('',#9699,0.01);
#3357=CIRCLE('',#9701,0.01);
#3358=CIRCLE('',#9702,0.01);
#3359=CIRCLE('',#9703,0.00999999999999967);
#3360=CIRCLE('',#9704,0.0100000000000004);
#3361=CIRCLE('',#9706,0.0100000000000007);
#3362=CIRCLE('',#9707,0.0100000000000004);
#3363=CIRCLE('',#9708,0.0100000000000011);
#3364=CIRCLE('',#9710,0.01);
#3365=CIRCLE('',#9711,0.01);
#3366=CIRCLE('',#9712,0.00999999999999996);
#3367=CIRCLE('',#9713,0.0100000000000005);
#3368=CIRCLE('',#9715,0.01);
#3369=CIRCLE('',#9717,0.00999999999999998);
#3370=CIRCLE('',#9718,0.49);
#3371=CIRCLE('',#9719,0.5);
#3372=CIRCLE('',#9721,0.0100000000000003);
#3373=CIRCLE('',#9723,0.0100000000000001);
#3374=CIRCLE('',#9724,0.51);
#3375=CIRCLE('',#9725,0.5);
#3376=CIRCLE('',#9727,0.00999999999999994);
#3377=CIRCLE('',#9729,0.0100000000000001);
#3378=CIRCLE('',#9730,0.49);
#3379=CIRCLE('',#9731,0.5);
#3380=CIRCLE('',#9736,0.01);
#3381=CIRCLE('',#9737,0.0100000000000004);
#3382=CIRCLE('',#9738,0.0100000000000001);
#3383=CIRCLE('',#9739,0.0100000000000003);
#3384=CIRCLE('',#9741,0.01);
#3385=CIRCLE('',#9742,0.0100000000000004);
#3386=CIRCLE('',#9743,0.0100000000000002);
#3387=CIRCLE('',#9744,0.01);
#3388=CIRCLE('',#9749,0.01);
#3389=CIRCLE('',#9750,0.01);
#3390=CIRCLE('',#9751,0.0100000000000002);
#3391=CIRCLE('',#9752,0.0100000000000004);
#3392=CIRCLE('',#9754,0.01);
#3393=CIRCLE('',#9756,0.01);
#3394=CIRCLE('',#9757,0.5);
#3395=CIRCLE('',#9758,0.49);
#3396=CIRCLE('',#9760,0.01);
#3397=CIRCLE('',#9762,0.01);
#3398=CIRCLE('',#9763,0.5);
#3399=CIRCLE('',#9764,0.51);
#3400=CIRCLE('',#9766,0.01);
#3401=CIRCLE('',#9768,0.01);
#3402=CIRCLE('',#9769,0.5);
#3403=CIRCLE('',#9770,0.49);
#3404=CIRCLE('',#9778,0.01);
#3405=CIRCLE('',#9780,0.01);
#3406=CIRCLE('',#9781,0.5);
#3407=CIRCLE('',#9782,0.51);
#3408=CIRCLE('',#9784,0.01);
#3409=CIRCLE('',#9786,0.01);
#3410=CIRCLE('',#9787,0.5);
#3411=CIRCLE('',#9788,0.49);
#3412=CIRCLE('',#9790,0.01);
#3413=CIRCLE('',#9792,0.01);
#3414=CIRCLE('',#9793,0.5);
#3415=CIRCLE('',#9794,0.51);
#3416=CIRCLE('',#9804,0.01);
#3417=CIRCLE('',#9806,0.00999999999999962);
#3418=CIRCLE('',#9807,0.51);
#3419=CIRCLE('',#9808,0.5);
#3420=CIRCLE('',#9810,0.01);
#3421=CIRCLE('',#9812,0.0100000000000002);
#3422=CIRCLE('',#9813,0.49);
#3423=CIRCLE('',#9814,0.5);
#3424=CIRCLE('',#9816,0.0100000000000001);
#3425=CIRCLE('',#9818,0.0100000000000001);
#3426=CIRCLE('',#9819,0.51);
#3427=CIRCLE('',#9820,0.5);
#3428=CIRCLE('',#9853,0.0100000000000006);
#3429=CIRCLE('',#9854,0.0100000000000004);
#3430=CIRCLE('',#9855,0.0100000000000002);
#3431=CIRCLE('',#9857,0.0100000000000007);
#3432=CIRCLE('',#9858,0.0100000000000004);
#3433=CIRCLE('',#9859,0.0100000000000011);
#3434=CIRCLE('',#9861,0.0100000000000003);
#3435=CIRCLE('',#9862,0.0100000000000004);
#3436=CIRCLE('',#9863,0.01);
#3437=CIRCLE('',#9865,0.0100000000000004);
#3438=CIRCLE('',#9866,0.01);
#3439=CIRCLE('',#9867,0.0100000000000002);
#3440=CIRCLE('',#9870,0.0100000000000004);
#3441=CIRCLE('',#9871,0.01);
#3442=CIRCLE('',#9872,0.01);
#3443=CIRCLE('',#9873,0.0100000000000002);
#3444=CIRCLE('',#9875,0.0100000000000015);
#3445=CIRCLE('',#9876,0.0100000000000001);
#3446=CIRCLE('',#9877,0.01);
#3447=CIRCLE('',#9879,0.0100000000000005);
#3448=CIRCLE('',#9880,0.0100000000000011);
#3449=CIRCLE('',#9881,0.0100000000000004);
#3450=CIRCLE('',#9883,0.01);
#3451=CIRCLE('',#9884,0.00999999999999996);
#3452=CIRCLE('',#9885,0.0100000000000003);
#3453=CIRCLE('',#9886,0.01);
#3454=CIRCLE('',#9888,0.00999999999999977);
#3455=CIRCLE('',#9889,0.01);
#3456=CIRCLE('',#9890,0.01);
#3457=CIRCLE('',#9891,0.0100000000000004);
#3458=CIRCLE('',#9894,0.01);
#3459=CIRCLE('',#9895,0.0100000000000004);
#3460=CIRCLE('',#9896,0.0100000000000002);
#3461=CIRCLE('',#9899,0.01);
#3462=CIRCLE('',#9900,0.0100000000000004);
#3463=CIRCLE('',#9901,0.0100000000000002);
#3464=CIRCLE('',#9902,0.01);
#3465=CIRCLE('',#9906,0.00999999999999996);
#3466=CIRCLE('',#9907,0.01);
#3467=CIRCLE('',#9908,0.0100000000000003);
#3468=CIRCLE('',#9912,0.01);
#3469=CIRCLE('',#9913,0.0100000000000001);
#3470=CIRCLE('',#9914,0.00999999999999918);
#3471=CIRCLE('',#9915,0.01);
#3472=CIRCLE('',#9919,0.01);
#3473=CIRCLE('',#9920,0.01);
#3474=CIRCLE('',#9921,0.00999999999999918);
#3475=CIRCLE('',#9922,0.0100000000000004);
#3476=CIRCLE('',#9924,0.01);
#3477=CIRCLE('',#9926,0.01);
#3478=CIRCLE('',#9927,0.5);
#3479=CIRCLE('',#9928,0.51);
#3480=CIRCLE('',#9930,0.01);
#3481=CIRCLE('',#9932,0.01);
#3482=CIRCLE('',#9933,0.5);
#3483=CIRCLE('',#9934,0.49);
#3484=CIRCLE('',#9936,0.01);
#3485=CIRCLE('',#9938,0.01);
#3486=CIRCLE('',#9939,0.5);
#3487=CIRCLE('',#9940,0.51);
#3488=CIRCLE('',#9943,0.01);
#3489=CIRCLE('',#9944,0.00999999999999967);
#3490=CIRCLE('',#9945,0.0100000000000004);
#3491=CIRCLE('',#9946,0.01);
#3492=CIRCLE('',#9951,0.00999999999999945);
#3493=CIRCLE('',#9952,0.01);
#3494=CIRCLE('',#9953,0.0100000000000004);
#3495=CIRCLE('',#9954,0.0100000000000004);
#3496=CIRCLE('',#9956,0.00999999999999994);
#3497=CIRCLE('',#9958,0.01);
#3498=CIRCLE('',#9959,0.51);
#3499=CIRCLE('',#9960,0.5);
#3500=CIRCLE('',#9962,0.00999999999999975);
#3501=CIRCLE('',#9964,0.00999999999999969);
#3502=CIRCLE('',#9965,0.49);
#3503=CIRCLE('',#9966,0.5);
#3504=CIRCLE('',#9968,0.00999999999999997);
#3505=CIRCLE('',#9970,0.01);
#3506=CIRCLE('',#9971,0.51);
#3507=CIRCLE('',#9972,0.5);
#3508=CIRCLE('',#9980,0.01);
#3509=CIRCLE('',#9982,0.0100000000000003);
#3510=CIRCLE('',#9983,0.49);
#3511=CIRCLE('',#9984,0.5);
#3512=CIRCLE('',#9986,0.00999999999999989);
#3513=CIRCLE('',#9988,0.00999999999999965);
#3514=CIRCLE('',#9989,0.51);
#3515=CIRCLE('',#9990,0.5);
#3516=CIRCLE('',#9992,0.00999999999999972);
#3517=CIRCLE('',#9994,0.00999999999999987);
#3518=CIRCLE('',#9995,0.49);
#3519=CIRCLE('',#9996,0.5);
#3520=CIRCLE('',#10002,0.01);
#3521=CIRCLE('',#10004,0.01);
#3522=CIRCLE('',#10005,0.5);
#3523=CIRCLE('',#10006,0.49);
#3524=CIRCLE('',#10008,0.01);
#3525=CIRCLE('',#10010,0.01);
#3526=CIRCLE('',#10011,0.5);
#3527=CIRCLE('',#10012,0.51);
#3528=CIRCLE('',#10014,0.01);
#3529=CIRCLE('',#10016,0.01);
#3530=CIRCLE('',#10017,0.5);
#3531=CIRCLE('',#10018,0.49);
#3532=CIRCLE('',#10061,0.03);
#3533=CIRCLE('',#10062,0.0299999999999995);
#3534=CIRCLE('',#10063,0.03);
#3535=CIRCLE('',#10068,0.0299999999999995);
#3536=CIRCLE('',#10069,0.03);
#3537=CIRCLE('',#10070,0.03);
#3538=CIRCLE('',#10073,0.170680113813822);
#3539=CIRCLE('',#10074,0.200680113813822);
#3540=CIRCLE('',#10076,0.03);
#3541=CIRCLE('',#10077,0.03);
#3542=CIRCLE('',#10078,0.03);
#3543=CIRCLE('',#10083,0.03);
#3544=CIRCLE('',#10089,0.03);
#3545=CIRCLE('',#10090,0.03);
#3546=CIRCLE('',#10091,0.03);
#3547=CIRCLE('',#10093,0.03);
#3548=CIRCLE('',#10094,0.03);
#3549=CIRCLE('',#10095,0.0299999999999999);
#3550=CIRCLE('',#10099,0.03);
#3551=CIRCLE('',#10100,0.03);
#3552=CIRCLE('',#10101,0.03);
#3553=CIRCLE('',#10106,0.03);
#3554=CIRCLE('',#10107,0.03);
#3555=CIRCLE('',#10108,0.03);
#3556=CIRCLE('',#10115,0.03);
#3557=CIRCLE('',#10116,0.03);
#3558=CIRCLE('',#10117,0.03);
#3559=CIRCLE('',#10122,0.03);
#3560=CIRCLE('',#10123,0.03);
#3561=CIRCLE('',#10124,0.03);
#3562=CIRCLE('',#10138,0.03);
#3563=CIRCLE('',#10139,0.03);
#3564=CIRCLE('',#10140,0.03);
#3565=CIRCLE('',#10142,0.03);
#3566=CIRCLE('',#10143,0.03);
#3567=CIRCLE('',#10144,0.03);
#3568=CIRCLE('',#10149,0.0299999999999995);
#3569=CIRCLE('',#10150,0.03);
#3570=CIRCLE('',#10151,0.03);
#3571=CIRCLE('',#10158,0.03);
#3572=CIRCLE('',#10160,0.03);
#3573=CIRCLE('',#10161,0.8);
#3574=CIRCLE('',#10162,0.83);
#3575=CIRCLE('',#10172,0.170680113813822);
#3576=CIRCLE('',#10173,0.200680113813822);
#3577=CIRCLE('',#10176,0.03);
#3578=CIRCLE('',#10179,0.03);
#3579=CIRCLE('',#10180,0.5);
#3580=CIRCLE('',#10181,0.53);
#3581=CIRCLE('',#10184,0.03);
#3582=CIRCLE('',#10187,0.03);
#3583=CIRCLE('',#10205,0.03);
#3584=CIRCLE('',#10206,0.8);
#3585=CIRCLE('',#10207,0.83);
#3586=CIRCLE('',#10210,0.03);
#3587=CIRCLE('',#10212,0.0300000000000011);
#3588=CIRCLE('',#10213,0.5);
#3589=CIRCLE('',#10214,0.53);
#3590=CIRCLE('',#10251,0.8);
#3591=CIRCLE('',#10260,0.8);
#3592=CIRCLE('',#10268,0.200680113813822);
#3593=CIRCLE('',#10270,0.5);
#3594=CIRCLE('',#10271,0.200680113813822);
#3595=CIRCLE('',#10272,0.5);
#3596=VERTEX_POINT('',#12937);
#3597=VERTEX_POINT('',#12938);
#3598=VERTEX_POINT('',#12940);
#3599=VERTEX_POINT('',#12944);
#3600=VERTEX_POINT('',#12945);
#3601=VERTEX_POINT('',#12947);
#3602=VERTEX_POINT('',#12954);
#3603=VERTEX_POINT('',#12955);
#3604=VERTEX_POINT('',#12957);
#3605=VERTEX_POINT('',#12961);
#3606=VERTEX_POINT('',#12962);
#3607=VERTEX_POINT('',#12964);
#3608=VERTEX_POINT('',#12968);
#3609=VERTEX_POINT('',#12969);
#3610=VERTEX_POINT('',#12971);
#3611=VERTEX_POINT('',#12973);
#3612=VERTEX_POINT('',#12977);
#3613=VERTEX_POINT('',#12978);
#3614=VERTEX_POINT('',#12980);
#3615=VERTEX_POINT('',#12984);
#3616=VERTEX_POINT('',#12985);
#3617=VERTEX_POINT('',#12987);
#3618=VERTEX_POINT('',#12991);
#3619=VERTEX_POINT('',#12992);
#3620=VERTEX_POINT('',#12994);
#3621=VERTEX_POINT('',#12996);
#3622=VERTEX_POINT('',#13000);
#3623=VERTEX_POINT('',#13001);
#3624=VERTEX_POINT('',#13003);
#3625=VERTEX_POINT('',#13007);
#3626=VERTEX_POINT('',#13008);
#3627=VERTEX_POINT('',#13010);
#3628=VERTEX_POINT('',#13012);
#3629=VERTEX_POINT('',#13016);
#3630=VERTEX_POINT('',#13017);
#3631=VERTEX_POINT('',#13019);
#3632=VERTEX_POINT('',#13021);
#3633=VERTEX_POINT('',#13025);
#3634=VERTEX_POINT('',#13026);
#3635=VERTEX_POINT('',#13028);
#3636=VERTEX_POINT('',#13030);
#3637=VERTEX_POINT('',#13034);
#3638=VERTEX_POINT('',#13035);
#3639=VERTEX_POINT('',#13037);
#3640=VERTEX_POINT('',#13047);
#3641=VERTEX_POINT('',#13048);
#3642=VERTEX_POINT('',#13050);
#3643=VERTEX_POINT('',#13052);
#3644=VERTEX_POINT('',#13056);
#3645=VERTEX_POINT('',#13057);
#3646=VERTEX_POINT('',#13059);
#3647=VERTEX_POINT('',#13061);
#3648=VERTEX_POINT('',#13065);
#3649=VERTEX_POINT('',#13066);
#3650=VERTEX_POINT('',#13068);
#3651=VERTEX_POINT('',#13070);
#3652=VERTEX_POINT('',#13163);
#3653=VERTEX_POINT('',#13164);
#3654=VERTEX_POINT('',#13166);
#3655=VERTEX_POINT('',#13170);
#3656=VERTEX_POINT('',#13171);
#3657=VERTEX_POINT('',#13173);
#3658=VERTEX_POINT('',#13180);
#3659=VERTEX_POINT('',#13181);
#3660=VERTEX_POINT('',#13183);
#3661=VERTEX_POINT('',#13187);
#3662=VERTEX_POINT('',#13188);
#3663=VERTEX_POINT('',#13190);
#3664=VERTEX_POINT('',#13194);
#3665=VERTEX_POINT('',#13195);
#3666=VERTEX_POINT('',#13197);
#3667=VERTEX_POINT('',#13199);
#3668=VERTEX_POINT('',#13203);
#3669=VERTEX_POINT('',#13204);
#3670=VERTEX_POINT('',#13206);
#3671=VERTEX_POINT('',#13210);
#3672=VERTEX_POINT('',#13211);
#3673=VERTEX_POINT('',#13213);
#3674=VERTEX_POINT('',#13217);
#3675=VERTEX_POINT('',#13218);
#3676=VERTEX_POINT('',#13220);
#3677=VERTEX_POINT('',#13222);
#3678=VERTEX_POINT('',#13226);
#3679=VERTEX_POINT('',#13227);
#3680=VERTEX_POINT('',#13229);
#3681=VERTEX_POINT('',#13233);
#3682=VERTEX_POINT('',#13234);
#3683=VERTEX_POINT('',#13236);
#3684=VERTEX_POINT('',#13238);
#3685=VERTEX_POINT('',#13242);
#3686=VERTEX_POINT('',#13243);
#3687=VERTEX_POINT('',#13245);
#3688=VERTEX_POINT('',#13247);
#3689=VERTEX_POINT('',#13251);
#3690=VERTEX_POINT('',#13252);
#3691=VERTEX_POINT('',#13254);
#3692=VERTEX_POINT('',#13256);
#3693=VERTEX_POINT('',#13260);
#3694=VERTEX_POINT('',#13261);
#3695=VERTEX_POINT('',#13263);
#3696=VERTEX_POINT('',#13273);
#3697=VERTEX_POINT('',#13274);
#3698=VERTEX_POINT('',#13276);
#3699=VERTEX_POINT('',#13278);
#3700=VERTEX_POINT('',#13282);
#3701=VERTEX_POINT('',#13283);
#3702=VERTEX_POINT('',#13285);
#3703=VERTEX_POINT('',#13287);
#3704=VERTEX_POINT('',#13291);
#3705=VERTEX_POINT('',#13292);
#3706=VERTEX_POINT('',#13294);
#3707=VERTEX_POINT('',#13296);
#3708=VERTEX_POINT('',#13389);
#3709=VERTEX_POINT('',#13390);
#3710=VERTEX_POINT('',#13392);
#3711=VERTEX_POINT('',#13396);
#3712=VERTEX_POINT('',#13397);
#3713=VERTEX_POINT('',#13399);
#3714=VERTEX_POINT('',#13403);
#3715=VERTEX_POINT('',#13404);
#3716=VERTEX_POINT('',#13406);
#3717=VERTEX_POINT('',#13410);
#3718=VERTEX_POINT('',#13411);
#3719=VERTEX_POINT('',#13413);
#3720=VERTEX_POINT('',#13417);
#3721=VERTEX_POINT('',#13418);
#3722=VERTEX_POINT('',#13420);
#3723=VERTEX_POINT('',#13422);
#3724=VERTEX_POINT('',#13426);
#3725=VERTEX_POINT('',#13427);
#3726=VERTEX_POINT('',#13429);
#3727=VERTEX_POINT('',#13436);
#3728=VERTEX_POINT('',#13437);
#3729=VERTEX_POINT('',#13439);
#3730=VERTEX_POINT('',#13443);
#3731=VERTEX_POINT('',#13444);
#3732=VERTEX_POINT('',#13446);
#3733=VERTEX_POINT('',#13448);
#3734=VERTEX_POINT('',#13452);
#3735=VERTEX_POINT('',#13453);
#3736=VERTEX_POINT('',#13455);
#3737=VERTEX_POINT('',#13465);
#3738=VERTEX_POINT('',#13466);
#3739=VERTEX_POINT('',#13468);
#3740=VERTEX_POINT('',#13470);
#3741=VERTEX_POINT('',#13474);
#3742=VERTEX_POINT('',#13475);
#3743=VERTEX_POINT('',#13477);
#3744=VERTEX_POINT('',#13479);
#3745=VERTEX_POINT('',#13483);
#3746=VERTEX_POINT('',#13484);
#3747=VERTEX_POINT('',#13486);
#3748=VERTEX_POINT('',#13490);
#3749=VERTEX_POINT('',#13491);
#3750=VERTEX_POINT('',#13493);
#3751=VERTEX_POINT('',#13495);
#3752=VERTEX_POINT('',#13499);
#3753=VERTEX_POINT('',#13500);
#3754=VERTEX_POINT('',#13505);
#3755=VERTEX_POINT('',#13506);
#3756=VERTEX_POINT('',#13511);
#3757=VERTEX_POINT('',#13512);
#3758=VERTEX_POINT('',#13517);
#3759=VERTEX_POINT('',#13518);
#3760=VERTEX_POINT('',#13523);
#3761=VERTEX_POINT('',#13524);
#3762=VERTEX_POINT('',#13529);
#3763=VERTEX_POINT('',#13530);
#3764=VERTEX_POINT('',#13544);
#3765=VERTEX_POINT('',#13545);
#3766=VERTEX_POINT('',#13547);
#3767=VERTEX_POINT('',#13549);
#3768=VERTEX_POINT('',#13553);
#3769=VERTEX_POINT('',#13554);
#3770=VERTEX_POINT('',#13556);
#3771=VERTEX_POINT('',#13558);
#3772=VERTEX_POINT('',#13571);
#3773=VERTEX_POINT('',#13572);
#3774=VERTEX_POINT('',#13574);
#3775=VERTEX_POINT('',#13576);
#3776=VERTEX_POINT('',#13580);
#3777=VERTEX_POINT('',#13581);
#3778=VERTEX_POINT('',#13586);
#3779=VERTEX_POINT('',#13587);
#3780=VERTEX_POINT('',#13592);
#3781=VERTEX_POINT('',#13593);
#3782=VERTEX_POINT('',#13598);
#3783=VERTEX_POINT('',#13599);
#3784=VERTEX_POINT('',#13604);
#3785=VERTEX_POINT('',#13605);
#3786=VERTEX_POINT('',#13610);
#3787=VERTEX_POINT('',#13611);
#3788=VERTEX_POINT('',#13634);
#3789=VERTEX_POINT('',#13635);
#3790=VERTEX_POINT('',#13640);
#3791=VERTEX_POINT('',#13641);
#3792=VERTEX_POINT('',#13646);
#3793=VERTEX_POINT('',#13647);
#3794=VERTEX_POINT('',#13652);
#3795=VERTEX_POINT('',#13653);
#3796=VERTEX_POINT('',#13658);
#3797=VERTEX_POINT('',#13659);
#3798=VERTEX_POINT('',#13664);
#3799=VERTEX_POINT('',#13665);
#3800=VERTEX_POINT('',#13694);
#3801=VERTEX_POINT('',#13695);
#3802=VERTEX_POINT('',#13700);
#3803=VERTEX_POINT('',#13701);
#3804=VERTEX_POINT('',#13706);
#3805=VERTEX_POINT('',#13707);
#3806=VERTEX_POINT('',#13712);
#3807=VERTEX_POINT('',#13713);
#3808=VERTEX_POINT('',#13718);
#3809=VERTEX_POINT('',#13719);
#3810=VERTEX_POINT('',#13724);
#3811=VERTEX_POINT('',#13725);
#3812=VERTEX_POINT('',#13783);
#3813=VERTEX_POINT('',#13784);
#3814=VERTEX_POINT('',#13786);
#3815=VERTEX_POINT('',#13790);
#3816=VERTEX_POINT('',#13791);
#3817=VERTEX_POINT('',#13793);
#3818=VERTEX_POINT('',#13797);
#3819=VERTEX_POINT('',#13798);
#3820=VERTEX_POINT('',#13800);
#3821=VERTEX_POINT('',#13804);
#3822=VERTEX_POINT('',#13805);
#3823=VERTEX_POINT('',#13807);
#3824=VERTEX_POINT('',#13814);
#3825=VERTEX_POINT('',#13815);
#3826=VERTEX_POINT('',#13817);
#3827=VERTEX_POINT('',#13819);
#3828=VERTEX_POINT('',#13823);
#3829=VERTEX_POINT('',#13824);
#3830=VERTEX_POINT('',#13826);
#3831=VERTEX_POINT('',#13830);
#3832=VERTEX_POINT('',#13831);
#3833=VERTEX_POINT('',#13833);
#3834=VERTEX_POINT('',#13837);
#3835=VERTEX_POINT('',#13838);
#3836=VERTEX_POINT('',#13840);
#3837=VERTEX_POINT('',#13842);
#3838=VERTEX_POINT('',#13846);
#3839=VERTEX_POINT('',#13847);
#3840=VERTEX_POINT('',#13849);
#3841=VERTEX_POINT('',#13851);
#3842=VERTEX_POINT('',#13858);
#3843=VERTEX_POINT('',#13859);
#3844=VERTEX_POINT('',#13861);
#3845=VERTEX_POINT('',#13868);
#3846=VERTEX_POINT('',#13869);
#3847=VERTEX_POINT('',#13871);
#3848=VERTEX_POINT('',#13873);
#3849=VERTEX_POINT('',#13883);
#3850=VERTEX_POINT('',#13884);
#3851=VERTEX_POINT('',#13886);
#3852=VERTEX_POINT('',#13896);
#3853=VERTEX_POINT('',#13897);
#3854=VERTEX_POINT('',#13899);
#3855=VERTEX_POINT('',#13901);
#3856=VERTEX_POINT('',#13911);
#3857=VERTEX_POINT('',#13912);
#3858=VERTEX_POINT('',#13914);
#3859=VERTEX_POINT('',#13916);
#3860=VERTEX_POINT('',#13920);
#3861=VERTEX_POINT('',#13921);
#3862=VERTEX_POINT('',#13926);
#3863=VERTEX_POINT('',#13927);
#3864=VERTEX_POINT('',#13932);
#3865=VERTEX_POINT('',#13933);
#3866=VERTEX_POINT('',#13938);
#3867=VERTEX_POINT('',#13939);
#3868=VERTEX_POINT('',#13944);
#3869=VERTEX_POINT('',#13945);
#3870=VERTEX_POINT('',#13950);
#3871=VERTEX_POINT('',#13951);
#3872=VERTEX_POINT('',#13959);
#3873=VERTEX_POINT('',#13960);
#3874=VERTEX_POINT('',#13962);
#3875=VERTEX_POINT('',#13964);
#3876=VERTEX_POINT('',#13977);
#3877=VERTEX_POINT('',#13978);
#3878=VERTEX_POINT('',#13980);
#3879=VERTEX_POINT('',#13982);
#3880=VERTEX_POINT('',#13986);
#3881=VERTEX_POINT('',#13987);
#3882=VERTEX_POINT('',#13992);
#3883=VERTEX_POINT('',#13993);
#3884=VERTEX_POINT('',#13998);
#3885=VERTEX_POINT('',#13999);
#3886=VERTEX_POINT('',#14004);
#3887=VERTEX_POINT('',#14005);
#3888=VERTEX_POINT('',#14010);
#3889=VERTEX_POINT('',#14011);
#3890=VERTEX_POINT('',#14016);
#3891=VERTEX_POINT('',#14017);
#3892=VERTEX_POINT('',#14040);
#3893=VERTEX_POINT('',#14041);
#3894=VERTEX_POINT('',#14046);
#3895=VERTEX_POINT('',#14047);
#3896=VERTEX_POINT('',#14052);
#3897=VERTEX_POINT('',#14053);
#3898=VERTEX_POINT('',#14058);
#3899=VERTEX_POINT('',#14059);
#3900=VERTEX_POINT('',#14064);
#3901=VERTEX_POINT('',#14065);
#3902=VERTEX_POINT('',#14070);
#3903=VERTEX_POINT('',#14071);
#3904=VERTEX_POINT('',#14088);
#3905=VERTEX_POINT('',#14089);
#3906=VERTEX_POINT('',#14094);
#3907=VERTEX_POINT('',#14095);
#3908=VERTEX_POINT('',#14100);
#3909=VERTEX_POINT('',#14101);
#3910=VERTEX_POINT('',#14106);
#3911=VERTEX_POINT('',#14107);
#3912=VERTEX_POINT('',#14112);
#3913=VERTEX_POINT('',#14113);
#3914=VERTEX_POINT('',#14118);
#3915=VERTEX_POINT('',#14119);
#3916=VERTEX_POINT('',#14178);
#3917=VERTEX_POINT('',#14179);
#3918=VERTEX_POINT('',#14181);
#3919=VERTEX_POINT('',#14183);
#3920=VERTEX_POINT('',#14187);
#3921=VERTEX_POINT('',#14189);
#3922=VERTEX_POINT('',#14191);
#3923=VERTEX_POINT('',#14195);
#3924=VERTEX_POINT('',#14196);
#3925=VERTEX_POINT('',#14198);
#3926=VERTEX_POINT('',#14200);
#3927=VERTEX_POINT('',#14204);
#3928=VERTEX_POINT('',#14205);
#3929=VERTEX_POINT('',#14207);
#3930=VERTEX_POINT('',#14211);
#3931=VERTEX_POINT('',#14213);
#3932=VERTEX_POINT('',#14217);
#3933=VERTEX_POINT('',#14219);
#3934=VERTEX_POINT('',#14236);
#3935=VERTEX_POINT('',#14237);
#3936=VERTEX_POINT('',#14239);
#3937=VERTEX_POINT('',#14246);
#3938=VERTEX_POINT('',#14248);
#3939=VERTEX_POINT('',#14265);
#3940=VERTEX_POINT('',#14266);
#3941=VERTEX_POINT('',#14268);
#3942=VERTEX_POINT('',#14272);
#3943=VERTEX_POINT('',#14273);
#3944=VERTEX_POINT('',#14275);
#3945=VERTEX_POINT('',#14277);
#3946=VERTEX_POINT('',#14281);
#3947=VERTEX_POINT('',#14282);
#3948=VERTEX_POINT('',#14284);
#3949=VERTEX_POINT('',#14286);
#3950=VERTEX_POINT('',#14290);
#3951=VERTEX_POINT('',#14292);
#3952=VERTEX_POINT('',#14294);
#3953=VERTEX_POINT('',#14298);
#3954=VERTEX_POINT('',#14299);
#3955=VERTEX_POINT('',#14301);
#3956=VERTEX_POINT('',#14305);
#3957=VERTEX_POINT('',#14306);
#3958=VERTEX_POINT('',#14308);
#3959=VERTEX_POINT('',#14312);
#3960=VERTEX_POINT('',#14314);
#3961=VERTEX_POINT('',#14318);
#3962=VERTEX_POINT('',#14319);
#3963=VERTEX_POINT('',#14321);
#3964=VERTEX_POINT('',#14325);
#3965=VERTEX_POINT('',#14326);
#3966=VERTEX_POINT('',#14328);
#3967=VERTEX_POINT('',#14330);
#3968=VERTEX_POINT('',#14334);
#3969=VERTEX_POINT('',#14335);
#3970=VERTEX_POINT('',#14337);
#3971=VERTEX_POINT('',#14341);
#3972=VERTEX_POINT('',#14342);
#3973=VERTEX_POINT('',#14344);
#3974=VERTEX_POINT('',#14349);
#3975=VERTEX_POINT('',#14351);
#3976=VERTEX_POINT('',#14355);
#3977=VERTEX_POINT('',#14356);
#3978=VERTEX_POINT('',#14358);
#3979=VERTEX_POINT('',#14365);
#3980=VERTEX_POINT('',#14367);
#3981=VERTEX_POINT('',#14371);
#3982=VERTEX_POINT('',#14372);
#3983=VERTEX_POINT('',#14374);
#3984=VERTEX_POINT('',#14378);
#3985=VERTEX_POINT('',#14383);
#3986=VERTEX_POINT('',#14385);
#3987=VERTEX_POINT('',#14387);
#3988=VERTEX_POINT('',#14391);
#3989=VERTEX_POINT('',#14392);
#3990=VERTEX_POINT('',#14394);
#3991=VERTEX_POINT('',#14396);
#3992=VERTEX_POINT('',#14400);
#3993=VERTEX_POINT('',#14402);
#3994=VERTEX_POINT('',#14406);
#3995=VERTEX_POINT('',#14408);
#3996=VERTEX_POINT('',#14412);
#3997=VERTEX_POINT('',#14413);
#3998=VERTEX_POINT('',#14415);
#3999=VERTEX_POINT('',#14419);
#4000=VERTEX_POINT('',#14420);
#4001=VERTEX_POINT('',#14422);
#4002=VERTEX_POINT('',#14426);
#4003=VERTEX_POINT('',#14427);
#4004=VERTEX_POINT('',#14429);
#4005=VERTEX_POINT('',#14434);
#4006=VERTEX_POINT('',#14435);
#4007=VERTEX_POINT('',#14437);
#4008=VERTEX_POINT('',#14441);
#4009=VERTEX_POINT('',#14443);
#4010=VERTEX_POINT('',#14456);
#4011=VERTEX_POINT('',#14457);
#4012=VERTEX_POINT('',#14462);
#4013=VERTEX_POINT('',#14463);
#4014=VERTEX_POINT('',#14468);
#4015=VERTEX_POINT('',#14470);
#4016=VERTEX_POINT('',#14475);
#4017=VERTEX_POINT('',#14479);
#4018=VERTEX_POINT('',#14484);
#4019=VERTEX_POINT('',#14486);
#4020=VERTEX_POINT('',#14506);
#4021=VERTEX_POINT('',#14508);
#4022=VERTEX_POINT('',#14528);
#4023=VERTEX_POINT('',#14529);
#4024=VERTEX_POINT('',#14531);
#4025=VERTEX_POINT('',#14533);
#4026=VERTEX_POINT('',#14537);
#4027=VERTEX_POINT('',#14538);
#4028=VERTEX_POINT('',#14546);
#4029=VERTEX_POINT('',#14547);
#4030=VERTEX_POINT('',#14555);
#4031=VERTEX_POINT('',#14556);
#4032=VERTEX_POINT('',#14564);
#4033=VERTEX_POINT('',#14566);
#4034=VERTEX_POINT('',#14568);
#4035=VERTEX_POINT('',#14578);
#4036=VERTEX_POINT('',#14580);
#4037=VERTEX_POINT('',#14582);
#4038=VERTEX_POINT('',#14589);
#4039=VERTEX_POINT('',#14591);
#4040=VERTEX_POINT('',#14593);
#4041=VERTEX_POINT('',#14597);
#4042=VERTEX_POINT('',#14599);
#4043=VERTEX_POINT('',#14606);
#4044=VERTEX_POINT('',#14607);
#4045=VERTEX_POINT('',#14615);
#4046=VERTEX_POINT('',#14617);
#4047=VERTEX_POINT('',#14621);
#4048=VERTEX_POINT('',#14622);
#4049=VERTEX_POINT('',#14633);
#4050=VERTEX_POINT('',#14635);
#4051=VERTEX_POINT('',#14637);
#4052=VERTEX_POINT('',#14641);
#4053=VERTEX_POINT('',#14646);
#4054=VERTEX_POINT('',#14648);
#4055=VERTEX_POINT('',#14655);
#4056=VERTEX_POINT('',#14657);
#4057=VERTEX_POINT('',#14662);
#4058=VERTEX_POINT('',#14666);
#4059=VERTEX_POINT('',#14668);
#4060=VERTEX_POINT('',#14670);
#4061=VERTEX_POINT('',#14674);
#4062=VERTEX_POINT('',#14676);
#4063=VERTEX_POINT('',#14681);
#4064=VERTEX_POINT('',#14685);
#4065=VERTEX_POINT('',#14687);
#4066=VERTEX_POINT('',#14689);
#4067=VERTEX_POINT('',#14691);
#4068=VERTEX_POINT('',#14695);
#4069=VERTEX_POINT('',#14699);
#4070=VERTEX_POINT('',#14701);
#4071=VERTEX_POINT('',#14703);
#4072=VERTEX_POINT('',#14707);
#4073=VERTEX_POINT('',#14711);
#4074=VERTEX_POINT('',#14713);
#4075=VERTEX_POINT('',#14715);
#4076=VERTEX_POINT('',#14719);
#4077=VERTEX_POINT('',#14723);
#4078=VERTEX_POINT('',#14725);
#4079=VERTEX_POINT('',#14727);
#4080=VERTEX_POINT('',#14731);
#4081=VERTEX_POINT('',#14735);
#4082=VERTEX_POINT('',#14737);
#4083=VERTEX_POINT('',#14739);
#4084=VERTEX_POINT('',#14747);
#4085=VERTEX_POINT('',#14749);
#4086=VERTEX_POINT('',#14753);
#4087=VERTEX_POINT('',#14757);
#4088=VERTEX_POINT('',#14761);
#4089=VERTEX_POINT('',#14765);
#4090=VERTEX_POINT('',#14769);
#4091=VERTEX_POINT('',#14773);
#4092=VERTEX_POINT('',#14777);
#4093=VERTEX_POINT('',#14781);
#4094=VERTEX_POINT('',#14785);
#4095=VERTEX_POINT('',#14789);
#4096=VERTEX_POINT('',#14793);
#4097=VERTEX_POINT('',#14797);
#4098=VERTEX_POINT('',#14806);
#4099=VERTEX_POINT('',#14808);
#4100=VERTEX_POINT('',#14812);
#4101=VERTEX_POINT('',#14813);
#4102=VERTEX_POINT('',#14815);
#4103=VERTEX_POINT('',#14817);
#4104=VERTEX_POINT('',#14819);
#4105=VERTEX_POINT('',#14821);
#4106=VERTEX_POINT('',#14823);
#4107=VERTEX_POINT('',#14826);
#4108=VERTEX_POINT('',#14828);
#4109=VERTEX_POINT('',#14830);
#4110=VERTEX_POINT('',#14832);
#4111=VERTEX_POINT('',#14835);
#4112=VERTEX_POINT('',#14837);
#4113=VERTEX_POINT('',#14839);
#4114=VERTEX_POINT('',#14843);
#4115=VERTEX_POINT('',#14845);
#4116=VERTEX_POINT('',#14847);
#4117=VERTEX_POINT('',#14849);
#4118=VERTEX_POINT('',#14851);
#4119=VERTEX_POINT('',#14853);
#4120=VERTEX_POINT('',#14861);
#4121=VERTEX_POINT('',#14862);
#4122=VERTEX_POINT('',#14872);
#4123=VERTEX_POINT('',#14873);
#4124=VERTEX_POINT('',#14875);
#4125=VERTEX_POINT('',#14877);
#4126=VERTEX_POINT('',#14880);
#4127=VERTEX_POINT('',#14881);
#4128=VERTEX_POINT('',#14883);
#4129=VERTEX_POINT('',#14885);
#4130=VERTEX_POINT('',#14888);
#4131=VERTEX_POINT('',#14889);
#4132=VERTEX_POINT('',#14891);
#4133=VERTEX_POINT('',#14893);
#4134=VERTEX_POINT('',#14896);
#4135=VERTEX_POINT('',#14897);
#4136=VERTEX_POINT('',#14899);
#4137=VERTEX_POINT('',#14901);
#4138=VERTEX_POINT('',#14905);
#4139=VERTEX_POINT('',#14907);
#4140=VERTEX_POINT('',#14911);
#4141=VERTEX_POINT('',#14915);
#4142=VERTEX_POINT('',#14925);
#4143=VERTEX_POINT('',#14927);
#4144=VERTEX_POINT('',#14935);
#4145=VERTEX_POINT('',#14937);
#4146=VERTEX_POINT('',#14941);
#4147=VERTEX_POINT('',#14945);
#4148=VERTEX_POINT('',#14952);
#4149=VERTEX_POINT('',#14954);
#4150=VERTEX_POINT('',#14958);
#4151=VERTEX_POINT('',#14962);
#4152=VERTEX_POINT('',#14968);
#4153=VERTEX_POINT('',#14970);
#4154=VERTEX_POINT('',#14974);
#4155=VERTEX_POINT('',#14976);
#4156=VERTEX_POINT('',#15005);
#4157=VERTEX_POINT('',#15006);
#4158=VERTEX_POINT('',#15008);
#4159=VERTEX_POINT('',#15010);
#4160=VERTEX_POINT('',#15035);
#4161=VERTEX_POINT('',#15036);
#4162=VERTEX_POINT('',#15038);
#4163=VERTEX_POINT('',#15040);
#4164=VERTEX_POINT('',#15044);
#4165=VERTEX_POINT('',#15046);
#4166=VERTEX_POINT('',#15063);
#4167=VERTEX_POINT('',#15064);
#4168=VERTEX_POINT('',#15066);
#4169=VERTEX_POINT('',#15071);
#4170=VERTEX_POINT('',#15085);
#4171=VERTEX_POINT('',#15090);
#4172=VERTEX_POINT('',#15104);
#4173=VERTEX_POINT('',#15109);
#4174=VERTEX_POINT('',#15116);
#4175=VERTEX_POINT('',#15118);
#4176=VERTEX_POINT('',#15122);
#4177=VERTEX_POINT('',#15124);
#4178=VERTEX_POINT('',#15135);
#4179=VERTEX_POINT('',#15140);
#4180=VERTEX_POINT('',#15154);
#4181=VERTEX_POINT('',#15159);
#4182=VERTEX_POINT('',#15173);
#4183=VERTEX_POINT('',#15178);
#4184=VERTEX_POINT('',#15192);
#4185=VERTEX_POINT('',#15197);
#4186=VERTEX_POINT('',#15211);
#4187=VERTEX_POINT('',#15216);
#4188=VERTEX_POINT('',#15230);
#4189=VERTEX_POINT('',#15235);
#4190=VERTEX_POINT('',#15242);
#4191=VERTEX_POINT('',#15244);
#4192=VERTEX_POINT('',#15248);
#4193=VERTEX_POINT('',#15250);
#4194=VERTEX_POINT('',#15261);
#4195=VERTEX_POINT('',#15266);
#4196=VERTEX_POINT('',#15280);
#4197=VERTEX_POINT('',#15285);
#4198=VERTEX_POINT('',#15299);
#4199=VERTEX_POINT('',#15304);
#4200=VERTEX_POINT('',#15318);
#4201=VERTEX_POINT('',#15323);
#4202=VERTEX_POINT('',#15355);
#4203=VERTEX_POINT('',#15356);
#4204=VERTEX_POINT('',#15358);
#4205=VERTEX_POINT('',#15360);
#4206=VERTEX_POINT('',#15371);
#4207=VERTEX_POINT('',#15376);
#4208=VERTEX_POINT('',#15390);
#4209=VERTEX_POINT('',#15395);
#4210=VERTEX_POINT('',#15402);
#4211=VERTEX_POINT('',#15404);
#4212=VERTEX_POINT('',#15408);
#4213=VERTEX_POINT('',#15410);
#4214=VERTEX_POINT('',#15421);
#4215=VERTEX_POINT('',#15426);
#4216=VERTEX_POINT('',#15440);
#4217=VERTEX_POINT('',#15445);
#4218=VERTEX_POINT('',#15459);
#4219=VERTEX_POINT('',#15464);
#4220=VERTEX_POINT('',#15478);
#4221=VERTEX_POINT('',#15483);
#4222=VERTEX_POINT('',#15497);
#4223=VERTEX_POINT('',#15502);
#4224=VERTEX_POINT('',#15516);
#4225=VERTEX_POINT('',#15521);
#4226=VERTEX_POINT('',#15535);
#4227=VERTEX_POINT('',#15540);
#4228=VERTEX_POINT('',#15554);
#4229=VERTEX_POINT('',#15559);
#4230=VERTEX_POINT('',#15573);
#4231=VERTEX_POINT('',#15578);
#4232=VERTEX_POINT('',#15592);
#4233=VERTEX_POINT('',#15597);
#4234=VERTEX_POINT('',#15611);
#4235=VERTEX_POINT('',#15616);
#4236=VERTEX_POINT('',#15630);
#4237=VERTEX_POINT('',#15635);
#4238=VERTEX_POINT('',#15649);
#4239=VERTEX_POINT('',#15654);
#4240=VERTEX_POINT('',#15668);
#4241=VERTEX_POINT('',#15673);
#4242=VERTEX_POINT('',#15687);
#4243=VERTEX_POINT('',#15692);
#4244=VERTEX_POINT('',#15706);
#4245=VERTEX_POINT('',#15711);
#4246=VERTEX_POINT('',#15725);
#4247=VERTEX_POINT('',#15730);
#4248=VERTEX_POINT('',#15744);
#4249=VERTEX_POINT('',#15746);
#4250=VERTEX_POINT('',#15757);
#4251=VERTEX_POINT('',#15762);
#4252=VERTEX_POINT('',#15776);
#4253=VERTEX_POINT('',#15781);
#4254=VERTEX_POINT('',#15795);
#4255=VERTEX_POINT('',#15800);
#4256=VERTEX_POINT('',#15814);
#4257=VERTEX_POINT('',#15819);
#4258=VERTEX_POINT('',#15826);
#4259=VERTEX_POINT('',#15828);
#4260=VERTEX_POINT('',#15832);
#4261=VERTEX_POINT('',#15834);
#4262=VERTEX_POINT('',#15845);
#4263=VERTEX_POINT('',#15850);
#4264=VERTEX_POINT('',#15864);
#4265=VERTEX_POINT('',#15869);
#4266=VERTEX_POINT('',#15883);
#4267=VERTEX_POINT('',#15888);
#4268=VERTEX_POINT('',#15902);
#4269=VERTEX_POINT('',#15907);
#4270=VERTEX_POINT('',#15921);
#4271=VERTEX_POINT('',#15926);
#4272=VERTEX_POINT('',#15940);
#4273=VERTEX_POINT('',#15945);
#4274=VERTEX_POINT('',#15959);
#4275=VERTEX_POINT('',#15964);
#4276=VERTEX_POINT('',#15978);
#4277=VERTEX_POINT('',#15983);
#4278=VERTEX_POINT('',#15997);
#4279=VERTEX_POINT('',#16002);
#4280=VERTEX_POINT('',#16016);
#4281=VERTEX_POINT('',#16018);
#4282=VERTEX_POINT('',#16029);
#4283=VERTEX_POINT('',#16034);
#4284=VERTEX_POINT('',#16048);
#4285=VERTEX_POINT('',#16053);
#4286=VERTEX_POINT('',#16067);
#4287=VERTEX_POINT('',#16072);
#4288=VERTEX_POINT('',#16086);
#4289=VERTEX_POINT('',#16091);
#4290=VERTEX_POINT('',#16123);
#4291=VERTEX_POINT('',#16124);
#4292=VERTEX_POINT('',#16126);
#4293=VERTEX_POINT('',#16131);
#4294=VERTEX_POINT('',#16145);
#4295=VERTEX_POINT('',#16150);
#4296=VERTEX_POINT('',#16164);
#4297=VERTEX_POINT('',#16169);
#4298=VERTEX_POINT('',#16176);
#4299=VERTEX_POINT('',#16178);
#4300=VERTEX_POINT('',#16182);
#4301=VERTEX_POINT('',#16184);
#4302=VERTEX_POINT('',#16195);
#4303=VERTEX_POINT('',#16200);
#4304=VERTEX_POINT('',#16207);
#4305=VERTEX_POINT('',#16209);
#4306=VERTEX_POINT('',#16213);
#4307=VERTEX_POINT('',#16215);
#4308=VERTEX_POINT('',#16226);
#4309=VERTEX_POINT('',#16231);
#4310=VERTEX_POINT('',#16245);
#4311=VERTEX_POINT('',#16250);
#4312=VERTEX_POINT('',#16264);
#4313=VERTEX_POINT('',#16269);
#4314=VERTEX_POINT('',#16283);
#4315=VERTEX_POINT('',#16288);
#4316=VERTEX_POINT('',#16295);
#4317=VERTEX_POINT('',#16297);
#4318=VERTEX_POINT('',#16301);
#4319=VERTEX_POINT('',#16303);
#4320=VERTEX_POINT('',#16307);
#4321=VERTEX_POINT('',#16309);
#4322=EDGE_CURVE('',#3596,#3597,#3212,.F.);
#4323=EDGE_CURVE('',#3598,#3596,#3213,.F.);
#4324=EDGE_CURVE('',#3597,#3598,#3214,.F.);
#4325=EDGE_CURVE('',#3599,#3600,#3215,.F.);
#4326=EDGE_CURVE('',#3601,#3599,#3216,.F.);
#4327=EDGE_CURVE('',#3600,#3601,#3217,.F.);
#4328=EDGE_CURVE('',#3598,#3601,#495,.T.);
#4329=EDGE_CURVE('',#3599,#3597,#496,.T.);
#4330=EDGE_CURVE('',#3602,#3603,#3218,.F.);
#4331=EDGE_CURVE('',#3604,#3602,#3219,.F.);
#4332=EDGE_CURVE('',#3603,#3604,#3220,.F.);
#4333=EDGE_CURVE('',#3605,#3606,#3221,.F.);
#4334=EDGE_CURVE('',#3607,#3605,#3222,.F.);
#4335=EDGE_CURVE('',#3606,#3607,#3223,.F.);
#4336=EDGE_CURVE('',#3608,#3609,#3224,.F.);
#4337=EDGE_CURVE('',#3610,#3608,#3225,.T.);
#4338=EDGE_CURVE('',#3611,#3610,#3226,.F.);
#4339=EDGE_CURVE('',#3609,#3611,#3227,.T.);
#4340=EDGE_CURVE('',#3612,#3613,#3228,.F.);
#4341=EDGE_CURVE('',#3614,#3612,#3229,.F.);
#4342=EDGE_CURVE('',#3613,#3614,#3230,.F.);
#4343=EDGE_CURVE('',#3615,#3616,#3231,.F.);
#4344=EDGE_CURVE('',#3617,#3615,#3232,.F.);
#4345=EDGE_CURVE('',#3616,#3617,#3233,.F.);
#4346=EDGE_CURVE('',#3618,#3619,#3234,.F.);
#4347=EDGE_CURVE('',#3620,#3618,#3235,.T.);
#4348=EDGE_CURVE('',#3621,#3620,#3236,.F.);
#4349=EDGE_CURVE('',#3619,#3621,#3237,.T.);
#4350=EDGE_CURVE('',#3622,#3623,#3238,.F.);
#4351=EDGE_CURVE('',#3624,#3622,#3239,.F.);
#4352=EDGE_CURVE('',#3623,#3624,#3240,.F.);
#4353=EDGE_CURVE('',#3625,#3626,#3241,.F.);
#4354=EDGE_CURVE('',#3627,#3625,#3242,.T.);
#4355=EDGE_CURVE('',#3628,#3627,#3243,.F.);
#4356=EDGE_CURVE('',#3626,#3628,#3244,.T.);
#4357=EDGE_CURVE('',#3629,#3630,#3245,.F.);
#4358=EDGE_CURVE('',#3631,#3629,#3246,.T.);
#4359=EDGE_CURVE('',#3632,#3631,#3247,.F.);
#4360=EDGE_CURVE('',#3630,#3632,#3248,.T.);
#4361=EDGE_CURVE('',#3633,#3634,#3249,.F.);
#4362=EDGE_CURVE('',#3635,#3633,#3250,.T.);
#4363=EDGE_CURVE('',#3636,#3635,#3251,.F.);
#4364=EDGE_CURVE('',#3634,#3636,#3252,.T.);
#4365=EDGE_CURVE('',#3637,#3638,#3253,.F.);
#4366=EDGE_CURVE('',#3639,#3637,#3254,.F.);
#4367=EDGE_CURVE('',#3638,#3639,#3255,.F.);
#4368=EDGE_CURVE('',#3623,#3639,#497,.T.);
#4369=EDGE_CURVE('',#3637,#3622,#498,.T.);
#4370=EDGE_CURVE('',#3639,#3614,#499,.T.);
#4371=EDGE_CURVE('',#3612,#3638,#500,.T.);
#4372=EDGE_CURVE('',#3640,#3641,#3256,.F.);
#4373=EDGE_CURVE('',#3642,#3640,#3257,.T.);
#4374=EDGE_CURVE('',#3643,#3642,#3258,.F.);
#4375=EDGE_CURVE('',#3641,#3643,#3259,.T.);
#4376=EDGE_CURVE('',#3644,#3645,#3260,.F.);
#4377=EDGE_CURVE('',#3646,#3644,#3261,.T.);
#4378=EDGE_CURVE('',#3647,#3646,#3262,.F.);
#4379=EDGE_CURVE('',#3645,#3647,#3263,.T.);
#4380=EDGE_CURVE('',#3648,#3649,#3264,.F.);
#4381=EDGE_CURVE('',#3650,#3648,#3265,.T.);
#4382=EDGE_CURVE('',#3651,#3650,#3266,.F.);
#4383=EDGE_CURVE('',#3649,#3651,#3267,.T.);
#4384=EDGE_CURVE('',#3644,#3650,#501,.T.);
#4385=EDGE_CURVE('',#3648,#3646,#502,.T.);
#4386=EDGE_CURVE('',#3638,#3651,#503,.T.);
#4387=EDGE_CURVE('',#3650,#3637,#504,.T.);
#4388=EDGE_CURVE('',#3651,#3635,#505,.T.);
#4389=EDGE_CURVE('',#3633,#3649,#506,.T.);
#4390=EDGE_CURVE('',#3649,#3642,#507,.T.);
#4391=EDGE_CURVE('',#3640,#3648,#508,.T.);
#4392=EDGE_CURVE('',#3630,#3647,#509,.T.);
#4393=EDGE_CURVE('',#3646,#3629,#510,.T.);
#4394=EDGE_CURVE('',#3625,#3645,#511,.T.);
#4395=EDGE_CURVE('',#3647,#3627,#512,.T.);
#4396=EDGE_CURVE('',#3645,#3624,#513,.T.);
#4397=EDGE_CURVE('',#3622,#3644,#514,.T.);
#4398=EDGE_CURVE('',#3619,#3643,#515,.T.);
#4399=EDGE_CURVE('',#3642,#3618,#516,.T.);
#4400=EDGE_CURVE('',#3615,#3641,#517,.T.);
#4401=EDGE_CURVE('',#3643,#3617,#518,.T.);
#4402=EDGE_CURVE('',#3641,#3631,#519,.T.);
#4403=EDGE_CURVE('',#3629,#3640,#520,.T.);
#4404=EDGE_CURVE('',#3613,#3636,#521,.T.);
#4405=EDGE_CURVE('',#3635,#3612,#522,.T.);
#4406=EDGE_CURVE('',#3636,#3626,#523,.T.);
#4407=EDGE_CURVE('',#3628,#3634,#524,.T.);
#4408=EDGE_CURVE('',#3634,#3620,#525,.T.);
#4409=EDGE_CURVE('',#3618,#3633,#526,.T.);
#4410=EDGE_CURVE('',#3605,#3632,#527,.T.);
#4411=EDGE_CURVE('',#3631,#3607,#528,.T.);
#4412=EDGE_CURVE('',#3632,#3610,#529,.T.);
#4413=EDGE_CURVE('',#3608,#3630,#530,.T.);
#4414=EDGE_CURVE('',#3609,#3628,#531,.T.);
#4415=EDGE_CURVE('',#3627,#3608,#532,.T.);
#4416=EDGE_CURVE('',#3626,#3603,#533,.T.);
#4417=EDGE_CURVE('',#3604,#3625,#534,.T.);
#4418=EDGE_CURVE('',#3602,#3623,#535,.T.);
#4419=EDGE_CURVE('',#3624,#3604,#536,.T.);
#4420=EDGE_CURVE('',#3611,#3621,#537,.T.);
#4421=EDGE_CURVE('',#3620,#3609,#538,.T.);
#4422=EDGE_CURVE('',#3621,#3599,#539,.T.);
#4423=EDGE_CURVE('',#3600,#3619,#540,.T.);
#4424=EDGE_CURVE('',#3601,#3616,#541,.T.);
#4425=EDGE_CURVE('',#3617,#3600,#542,.T.);
#4426=EDGE_CURVE('',#3607,#3615,#543,.T.);
#4427=EDGE_CURVE('',#3616,#3606,#544,.T.);
#4428=EDGE_CURVE('',#3603,#3613,#545,.T.);
#4429=EDGE_CURVE('',#3614,#3602,#546,.T.);
#4430=EDGE_CURVE('',#3610,#3596,#547,.T.);
#4431=EDGE_CURVE('',#3597,#3611,#548,.T.);
#4432=EDGE_CURVE('',#3596,#3605,#549,.T.);
#4433=EDGE_CURVE('',#3606,#3598,#550,.T.);
#4434=EDGE_CURVE('',#3652,#3653,#3268,.F.);
#4435=EDGE_CURVE('',#3654,#3652,#3269,.F.);
#4436=EDGE_CURVE('',#3653,#3654,#3270,.F.);
#4437=EDGE_CURVE('',#3655,#3656,#3271,.F.);
#4438=EDGE_CURVE('',#3657,#3655,#3272,.F.);
#4439=EDGE_CURVE('',#3656,#3657,#3273,.F.);
#4440=EDGE_CURVE('',#3654,#3657,#551,.T.);
#4441=EDGE_CURVE('',#3655,#3653,#552,.T.);
#4442=EDGE_CURVE('',#3658,#3659,#3274,.F.);
#4443=EDGE_CURVE('',#3660,#3658,#3275,.F.);
#4444=EDGE_CURVE('',#3659,#3660,#3276,.F.);
#4445=EDGE_CURVE('',#3661,#3662,#3277,.F.);
#4446=EDGE_CURVE('',#3663,#3661,#3278,.F.);
#4447=EDGE_CURVE('',#3662,#3663,#3279,.F.);
#4448=EDGE_CURVE('',#3664,#3665,#3280,.F.);
#4449=EDGE_CURVE('',#3666,#3664,#3281,.T.);
#4450=EDGE_CURVE('',#3667,#3666,#3282,.F.);
#4451=EDGE_CURVE('',#3665,#3667,#3283,.T.);
#4452=EDGE_CURVE('',#3668,#3669,#3284,.F.);
#4453=EDGE_CURVE('',#3670,#3668,#3285,.F.);
#4454=EDGE_CURVE('',#3669,#3670,#3286,.F.);
#4455=EDGE_CURVE('',#3671,#3672,#3287,.F.);
#4456=EDGE_CURVE('',#3673,#3671,#3288,.F.);
#4457=EDGE_CURVE('',#3672,#3673,#3289,.F.);
#4458=EDGE_CURVE('',#3674,#3675,#3290,.F.);
#4459=EDGE_CURVE('',#3676,#3674,#3291,.T.);
#4460=EDGE_CURVE('',#3677,#3676,#3292,.F.);
#4461=EDGE_CURVE('',#3675,#3677,#3293,.T.);
#4462=EDGE_CURVE('',#3678,#3679,#3294,.F.);
#4463=EDGE_CURVE('',#3680,#3678,#3295,.F.);
#4464=EDGE_CURVE('',#3679,#3680,#3296,.F.);
#4465=EDGE_CURVE('',#3681,#3682,#3297,.F.);
#4466=EDGE_CURVE('',#3683,#3681,#3298,.T.);
#4467=EDGE_CURVE('',#3684,#3683,#3299,.F.);
#4468=EDGE_CURVE('',#3682,#3684,#3300,.T.);
#4469=EDGE_CURVE('',#3685,#3686,#3301,.F.);
#4470=EDGE_CURVE('',#3687,#3685,#3302,.T.);
#4471=EDGE_CURVE('',#3688,#3687,#3303,.F.);
#4472=EDGE_CURVE('',#3686,#3688,#3304,.T.);
#4473=EDGE_CURVE('',#3689,#3690,#3305,.F.);
#4474=EDGE_CURVE('',#3691,#3689,#3306,.T.);
#4475=EDGE_CURVE('',#3692,#3691,#3307,.F.);
#4476=EDGE_CURVE('',#3690,#3692,#3308,.T.);
#4477=EDGE_CURVE('',#3693,#3694,#3309,.F.);
#4478=EDGE_CURVE('',#3695,#3693,#3310,.F.);
#4479=EDGE_CURVE('',#3694,#3695,#3311,.F.);
#4480=EDGE_CURVE('',#3679,#3695,#553,.T.);
#4481=EDGE_CURVE('',#3693,#3678,#554,.T.);
#4482=EDGE_CURVE('',#3695,#3670,#555,.T.);
#4483=EDGE_CURVE('',#3668,#3694,#556,.T.);
#4484=EDGE_CURVE('',#3696,#3697,#3312,.F.);
#4485=EDGE_CURVE('',#3698,#3696,#3313,.T.);
#4486=EDGE_CURVE('',#3699,#3698,#3314,.F.);
#4487=EDGE_CURVE('',#3697,#3699,#3315,.T.);
#4488=EDGE_CURVE('',#3700,#3701,#3316,.F.);
#4489=EDGE_CURVE('',#3702,#3700,#3317,.T.);
#4490=EDGE_CURVE('',#3703,#3702,#3318,.F.);
#4491=EDGE_CURVE('',#3701,#3703,#3319,.T.);
#4492=EDGE_CURVE('',#3704,#3705,#3320,.F.);
#4493=EDGE_CURVE('',#3706,#3704,#3321,.T.);
#4494=EDGE_CURVE('',#3707,#3706,#3322,.F.);
#4495=EDGE_CURVE('',#3705,#3707,#3323,.T.);
#4496=EDGE_CURVE('',#3700,#3706,#557,.T.);
#4497=EDGE_CURVE('',#3704,#3702,#558,.T.);
#4498=EDGE_CURVE('',#3694,#3707,#559,.T.);
#4499=EDGE_CURVE('',#3706,#3693,#560,.T.);
#4500=EDGE_CURVE('',#3707,#3691,#561,.T.);
#4501=EDGE_CURVE('',#3689,#3705,#562,.T.);
#4502=EDGE_CURVE('',#3705,#3698,#563,.T.);
#4503=EDGE_CURVE('',#3696,#3704,#564,.T.);
#4504=EDGE_CURVE('',#3686,#3703,#565,.T.);
#4505=EDGE_CURVE('',#3702,#3685,#566,.T.);
#4506=EDGE_CURVE('',#3681,#3701,#567,.T.);
#4507=EDGE_CURVE('',#3703,#3683,#568,.T.);
#4508=EDGE_CURVE('',#3701,#3680,#569,.T.);
#4509=EDGE_CURVE('',#3678,#3700,#570,.T.);
#4510=EDGE_CURVE('',#3675,#3699,#571,.T.);
#4511=EDGE_CURVE('',#3698,#3674,#572,.T.);
#4512=EDGE_CURVE('',#3671,#3697,#573,.T.);
#4513=EDGE_CURVE('',#3699,#3673,#574,.T.);
#4514=EDGE_CURVE('',#3697,#3687,#575,.T.);
#4515=EDGE_CURVE('',#3685,#3696,#576,.T.);
#4516=EDGE_CURVE('',#3669,#3692,#577,.T.);
#4517=EDGE_CURVE('',#3691,#3668,#578,.T.);
#4518=EDGE_CURVE('',#3692,#3682,#579,.T.);
#4519=EDGE_CURVE('',#3684,#3690,#580,.T.);
#4520=EDGE_CURVE('',#3690,#3676,#581,.T.);
#4521=EDGE_CURVE('',#3674,#3689,#582,.T.);
#4522=EDGE_CURVE('',#3661,#3688,#583,.T.);
#4523=EDGE_CURVE('',#3687,#3663,#584,.T.);
#4524=EDGE_CURVE('',#3688,#3666,#585,.T.);
#4525=EDGE_CURVE('',#3664,#3686,#586,.T.);
#4526=EDGE_CURVE('',#3665,#3684,#587,.T.);
#4527=EDGE_CURVE('',#3683,#3664,#588,.T.);
#4528=EDGE_CURVE('',#3682,#3659,#589,.T.);
#4529=EDGE_CURVE('',#3660,#3681,#590,.T.);
#4530=EDGE_CURVE('',#3658,#3679,#591,.T.);
#4531=EDGE_CURVE('',#3680,#3660,#592,.T.);
#4532=EDGE_CURVE('',#3667,#3677,#593,.T.);
#4533=EDGE_CURVE('',#3676,#3665,#594,.T.);
#4534=EDGE_CURVE('',#3677,#3655,#595,.T.);
#4535=EDGE_CURVE('',#3656,#3675,#596,.T.);
#4536=EDGE_CURVE('',#3657,#3672,#597,.T.);
#4537=EDGE_CURVE('',#3673,#3656,#598,.T.);
#4538=EDGE_CURVE('',#3663,#3671,#599,.T.);
#4539=EDGE_CURVE('',#3672,#3662,#600,.T.);
#4540=EDGE_CURVE('',#3659,#3669,#601,.T.);
#4541=EDGE_CURVE('',#3670,#3658,#602,.T.);
#4542=EDGE_CURVE('',#3666,#3652,#603,.T.);
#4543=EDGE_CURVE('',#3653,#3667,#604,.T.);
#4544=EDGE_CURVE('',#3652,#3661,#605,.T.);
#4545=EDGE_CURVE('',#3662,#3654,#606,.T.);
#4546=EDGE_CURVE('',#3708,#3709,#3324,.F.);
#4547=EDGE_CURVE('',#3710,#3708,#3325,.F.);
#4548=EDGE_CURVE('',#3709,#3710,#3326,.F.);
#4549=EDGE_CURVE('',#3711,#3712,#3327,.F.);
#4550=EDGE_CURVE('',#3713,#3711,#3328,.F.);
#4551=EDGE_CURVE('',#3712,#3713,#3329,.F.);
#4552=EDGE_CURVE('',#3714,#3715,#3330,.F.);
#4553=EDGE_CURVE('',#3716,#3714,#3331,.F.);
#4554=EDGE_CURVE('',#3715,#3716,#3332,.F.);
#4555=EDGE_CURVE('',#3717,#3718,#3333,.F.);
#4556=EDGE_CURVE('',#3719,#3717,#3334,.F.);
#4557=EDGE_CURVE('',#3718,#3719,#3335,.F.);
#4558=EDGE_CURVE('',#3720,#3721,#3336,.F.);
#4559=EDGE_CURVE('',#3722,#3720,#3337,.T.);
#4560=EDGE_CURVE('',#3723,#3722,#3338,.F.);
#4561=EDGE_CURVE('',#3721,#3723,#3339,.T.);
#4562=EDGE_CURVE('',#3724,#3725,#3340,.F.);
#4563=EDGE_CURVE('',#3726,#3724,#3341,.F.);
#4564=EDGE_CURVE('',#3725,#3726,#3342,.F.);
#4565=EDGE_CURVE('',#3713,#3726,#607,.T.);
#4566=EDGE_CURVE('',#3724,#3712,#608,.T.);
#4567=EDGE_CURVE('',#3727,#3728,#3343,.F.);
#4568=EDGE_CURVE('',#3729,#3727,#3344,.F.);
#4569=EDGE_CURVE('',#3728,#3729,#3345,.F.);
#4570=EDGE_CURVE('',#3730,#3731,#3346,.F.);
#4571=EDGE_CURVE('',#3732,#3730,#3347,.T.);
#4572=EDGE_CURVE('',#3733,#3732,#3348,.F.);
#4573=EDGE_CURVE('',#3731,#3733,#3349,.T.);
#4574=EDGE_CURVE('',#3734,#3735,#3350,.F.);
#4575=EDGE_CURVE('',#3736,#3734,#3351,.F.);
#4576=EDGE_CURVE('',#3735,#3736,#3352,.F.);
#4577=EDGE_CURVE('',#3718,#3736,#609,.T.);
#4578=EDGE_CURVE('',#3734,#3717,#610,.T.);
#4579=EDGE_CURVE('',#3736,#3716,#611,.T.);
#4580=EDGE_CURVE('',#3714,#3735,#612,.T.);
#4581=EDGE_CURVE('',#3737,#3738,#3353,.F.);
#4582=EDGE_CURVE('',#3739,#3737,#3354,.T.);
#4583=EDGE_CURVE('',#3740,#3739,#3355,.F.);
#4584=EDGE_CURVE('',#3738,#3740,#3356,.T.);
#4585=EDGE_CURVE('',#3741,#3742,#3357,.F.);
#4586=EDGE_CURVE('',#3743,#3741,#3358,.T.);
#4587=EDGE_CURVE('',#3744,#3743,#3359,.F.);
#4588=EDGE_CURVE('',#3742,#3744,#3360,.T.);
#4589=EDGE_CURVE('',#3745,#3746,#3361,.F.);
#4590=EDGE_CURVE('',#3747,#3745,#3362,.F.);
#4591=EDGE_CURVE('',#3746,#3747,#3363,.F.);
#4592=EDGE_CURVE('',#3748,#3749,#3364,.F.);
#4593=EDGE_CURVE('',#3750,#3748,#3365,.T.);
#4594=EDGE_CURVE('',#3751,#3750,#3366,.F.);
#4595=EDGE_CURVE('',#3749,#3751,#3367,.T.);
#4596=EDGE_CURVE('',#3752,#3753,#3368,.T.);
#4597=EDGE_CURVE('',#3753,#3750,#613,.T.);
#4598=EDGE_CURVE('',#3748,#3752,#614,.T.);
#4599=EDGE_CURVE('',#3754,#3755,#3369,.T.);
#4600=EDGE_CURVE('',#3755,#3753,#3370,.T.);
#4601=EDGE_CURVE('',#3752,#3754,#3371,.T.);
#4602=EDGE_CURVE('',#3756,#3757,#3372,.T.);
#4603=EDGE_CURVE('',#3757,#3755,#615,.T.);
#4604=EDGE_CURVE('',#3754,#3756,#616,.T.);
#4605=EDGE_CURVE('',#3758,#3759,#3373,.T.);
#4606=EDGE_CURVE('',#3759,#3757,#3374,.T.);
#4607=EDGE_CURVE('',#3756,#3758,#3375,.T.);
#4608=EDGE_CURVE('',#3760,#3761,#3376,.T.);
#4609=EDGE_CURVE('',#3761,#3759,#617,.T.);
#4610=EDGE_CURVE('',#3758,#3760,#618,.T.);
#4611=EDGE_CURVE('',#3762,#3763,#3377,.T.);
#4612=EDGE_CURVE('',#3763,#3761,#3378,.T.);
#4613=EDGE_CURVE('',#3760,#3762,#3379,.T.);
#4614=EDGE_CURVE('',#3738,#3763,#619,.T.);
#4615=EDGE_CURVE('',#3762,#3737,#620,.T.);
#4616=EDGE_CURVE('',#3733,#3751,#621,.T.);
#4617=EDGE_CURVE('',#3750,#3731,#622,.T.);
#4618=EDGE_CURVE('',#3751,#3724,#623,.T.);
#4619=EDGE_CURVE('',#3725,#3749,#624,.T.);
#4620=EDGE_CURVE('',#3764,#3765,#3380,.F.);
#4621=EDGE_CURVE('',#3766,#3764,#3381,.T.);
#4622=EDGE_CURVE('',#3767,#3766,#3382,.F.);
#4623=EDGE_CURVE('',#3765,#3767,#3383,.T.);
#4624=EDGE_CURVE('',#3768,#3769,#3384,.F.);
#4625=EDGE_CURVE('',#3770,#3768,#3385,.T.);
#4626=EDGE_CURVE('',#3771,#3770,#3386,.F.);
#4627=EDGE_CURVE('',#3769,#3771,#3387,.T.);
#4628=EDGE_CURVE('',#3742,#3770,#625,.T.);
#4629=EDGE_CURVE('',#3768,#3741,#626,.T.);
#4630=EDGE_CURVE('',#3735,#3771,#627,.T.);
#4631=EDGE_CURVE('',#3770,#3734,#628,.T.);
#4632=EDGE_CURVE('',#3771,#3739,#629,.T.);
#4633=EDGE_CURVE('',#3737,#3769,#630,.T.);
#4634=EDGE_CURVE('',#3772,#3773,#3388,.F.);
#4635=EDGE_CURVE('',#3774,#3772,#3389,.T.);
#4636=EDGE_CURVE('',#3775,#3774,#3390,.F.);
#4637=EDGE_CURVE('',#3773,#3775,#3391,.T.);
#4638=EDGE_CURVE('',#3776,#3777,#3392,.T.);
#4639=EDGE_CURVE('',#3777,#3774,#631,.T.);
#4640=EDGE_CURVE('',#3772,#3776,#632,.T.);
#4641=EDGE_CURVE('',#3778,#3779,#3393,.T.);
#4642=EDGE_CURVE('',#3779,#3777,#3394,.T.);
#4643=EDGE_CURVE('',#3776,#3778,#3395,.T.);
#4644=EDGE_CURVE('',#3780,#3781,#3396,.T.);
#4645=EDGE_CURVE('',#3781,#3779,#633,.T.);
#4646=EDGE_CURVE('',#3778,#3780,#634,.T.);
#4647=EDGE_CURVE('',#3782,#3783,#3397,.T.);
#4648=EDGE_CURVE('',#3783,#3781,#3398,.T.);
#4649=EDGE_CURVE('',#3780,#3782,#3399,.T.);
#4650=EDGE_CURVE('',#3784,#3785,#3400,.T.);
#4651=EDGE_CURVE('',#3785,#3783,#635,.T.);
#4652=EDGE_CURVE('',#3782,#3784,#636,.T.);
#4653=EDGE_CURVE('',#3786,#3787,#3401,.T.);
#4654=EDGE_CURVE('',#3787,#3785,#3402,.T.);
#4655=EDGE_CURVE('',#3784,#3786,#3403,.T.);
#4656=EDGE_CURVE('',#3769,#3787,#637,.T.);
#4657=EDGE_CURVE('',#3786,#3768,#638,.T.);
#4658=EDGE_CURVE('',#3749,#3775,#639,.T.);
#4659=EDGE_CURVE('',#3774,#3748,#640,.T.);
#4660=EDGE_CURVE('',#3745,#3773,#641,.T.);
#4661=EDGE_CURVE('',#3775,#3747,#642,.T.);
#4662=EDGE_CURVE('',#3773,#3766,#643,.T.);
#4663=EDGE_CURVE('',#3764,#3772,#644,.T.);
#4664=EDGE_CURVE('',#3727,#3767,#645,.T.);
#4665=EDGE_CURVE('',#3766,#3729,#646,.T.);
#4666=EDGE_CURVE('',#3767,#3732,#647,.T.);
#4667=EDGE_CURVE('',#3730,#3765,#648,.T.);
#4668=EDGE_CURVE('',#3788,#3789,#3404,.T.);
#4669=EDGE_CURVE('',#3789,#3743,#649,.T.);
#4670=EDGE_CURVE('',#3741,#3788,#650,.T.);
#4671=EDGE_CURVE('',#3790,#3791,#3405,.T.);
#4672=EDGE_CURVE('',#3791,#3789,#3406,.T.);
#4673=EDGE_CURVE('',#3788,#3790,#3407,.T.);
#4674=EDGE_CURVE('',#3792,#3793,#3408,.T.);
#4675=EDGE_CURVE('',#3793,#3791,#651,.T.);
#4676=EDGE_CURVE('',#3790,#3792,#652,.T.);
#4677=EDGE_CURVE('',#3794,#3795,#3409,.T.);
#4678=EDGE_CURVE('',#3795,#3793,#3410,.T.);
#4679=EDGE_CURVE('',#3792,#3794,#3411,.T.);
#4680=EDGE_CURVE('',#3796,#3797,#3412,.T.);
#4681=EDGE_CURVE('',#3797,#3795,#653,.T.);
#4682=EDGE_CURVE('',#3794,#3796,#654,.T.);
#4683=EDGE_CURVE('',#3798,#3799,#3413,.T.);
#4684=EDGE_CURVE('',#3799,#3797,#3414,.T.);
#4685=EDGE_CURVE('',#3796,#3798,#3415,.T.);
#4686=EDGE_CURVE('',#3765,#3799,#655,.T.);
#4687=EDGE_CURVE('',#3798,#3764,#656,.T.);
#4688=EDGE_CURVE('',#3726,#3746,#657,.T.);
#4689=EDGE_CURVE('',#3747,#3725,#658,.T.);
#4690=EDGE_CURVE('',#3729,#3745,#659,.T.);
#4691=EDGE_CURVE('',#3746,#3728,#660,.T.);
#4692=EDGE_CURVE('',#3721,#3744,#661,.T.);
#4693=EDGE_CURVE('',#3743,#3720,#662,.T.);
#4694=EDGE_CURVE('',#3744,#3719,#663,.T.);
#4695=EDGE_CURVE('',#3717,#3742,#664,.T.);
#4696=EDGE_CURVE('',#3715,#3740,#665,.T.);
#4697=EDGE_CURVE('',#3739,#3714,#666,.T.);
#4698=EDGE_CURVE('',#3722,#3738,#667,.T.);
#4699=EDGE_CURVE('',#3740,#3723,#668,.T.);
#4700=EDGE_CURVE('',#3732,#3711,#669,.T.);
#4701=EDGE_CURVE('',#3712,#3733,#670,.T.);
#4702=EDGE_CURVE('',#3800,#3801,#3416,.T.);
#4703=EDGE_CURVE('',#3801,#3722,#671,.T.);
#4704=EDGE_CURVE('',#3720,#3800,#672,.T.);
#4705=EDGE_CURVE('',#3802,#3803,#3417,.T.);
#4706=EDGE_CURVE('',#3803,#3801,#3418,.T.);
#4707=EDGE_CURVE('',#3800,#3802,#3419,.T.);
#4708=EDGE_CURVE('',#3804,#3805,#3420,.T.);
#4709=EDGE_CURVE('',#3805,#3803,#673,.T.);
#4710=EDGE_CURVE('',#3802,#3804,#674,.T.);
#4711=EDGE_CURVE('',#3806,#3807,#3421,.T.);
#4712=EDGE_CURVE('',#3807,#3805,#3422,.T.);
#4713=EDGE_CURVE('',#3804,#3806,#3423,.T.);
#4714=EDGE_CURVE('',#3808,#3809,#3424,.T.);
#4715=EDGE_CURVE('',#3809,#3807,#675,.T.);
#4716=EDGE_CURVE('',#3806,#3808,#676,.T.);
#4717=EDGE_CURVE('',#3810,#3811,#3425,.T.);
#4718=EDGE_CURVE('',#3811,#3809,#3426,.T.);
#4719=EDGE_CURVE('',#3808,#3810,#3427,.T.);
#4720=EDGE_CURVE('',#3731,#3811,#677,.T.);
#4721=EDGE_CURVE('',#3810,#3730,#678,.T.);
#4722=EDGE_CURVE('',#3711,#3727,#679,.T.);
#4723=EDGE_CURVE('',#3728,#3713,#680,.T.);
#4724=EDGE_CURVE('',#3723,#3710,#681,.T.);
#4725=EDGE_CURVE('',#3708,#3721,#682,.T.);
#4726=EDGE_CURVE('',#3709,#3718,#683,.T.);
#4727=EDGE_CURVE('',#3719,#3708,#684,.T.);
#4728=EDGE_CURVE('',#3710,#3715,#685,.T.);
#4729=EDGE_CURVE('',#3716,#3709,#686,.T.);
#4730=EDGE_CURVE('',#3760,#3785,#687,.T.);
#4731=EDGE_CURVE('',#3787,#3762,#688,.T.);
#4732=EDGE_CURVE('',#3783,#3758,#689,.T.);
#4733=EDGE_CURVE('',#3781,#3756,#690,.T.);
#4734=EDGE_CURVE('',#3752,#3777,#691,.T.);
#4735=EDGE_CURVE('',#3779,#3754,#692,.T.);
#4736=EDGE_CURVE('',#3797,#3808,#693,.T.);
#4737=EDGE_CURVE('',#3799,#3810,#694,.T.);
#4738=EDGE_CURVE('',#3795,#3806,#695,.T.);
#4739=EDGE_CURVE('',#3804,#3793,#696,.T.);
#4740=EDGE_CURVE('',#3789,#3800,#697,.T.);
#4741=EDGE_CURVE('',#3791,#3802,#698,.T.);
#4742=EDGE_CURVE('',#3812,#3813,#3428,.F.);
#4743=EDGE_CURVE('',#3814,#3812,#3429,.F.);
#4744=EDGE_CURVE('',#3813,#3814,#3430,.F.);
#4745=EDGE_CURVE('',#3815,#3816,#3431,.F.);
#4746=EDGE_CURVE('',#3817,#3815,#3432,.F.);
#4747=EDGE_CURVE('',#3816,#3817,#3433,.F.);
#4748=EDGE_CURVE('',#3818,#3819,#3434,.F.);
#4749=EDGE_CURVE('',#3820,#3818,#3435,.F.);
#4750=EDGE_CURVE('',#3819,#3820,#3436,.F.);
#4751=EDGE_CURVE('',#3821,#3822,#3437,.F.);
#4752=EDGE_CURVE('',#3823,#3821,#3438,.F.);
#4753=EDGE_CURVE('',#3822,#3823,#3439,.F.);
#4754=EDGE_CURVE('',#3812,#3823,#699,.T.);
#4755=EDGE_CURVE('',#3821,#3814,#700,.T.);
#4756=EDGE_CURVE('',#3824,#3825,#3440,.F.);
#4757=EDGE_CURVE('',#3826,#3824,#3441,.T.);
#4758=EDGE_CURVE('',#3827,#3826,#3442,.F.);
#4759=EDGE_CURVE('',#3825,#3827,#3443,.T.);
#4760=EDGE_CURVE('',#3828,#3829,#3444,.F.);
#4761=EDGE_CURVE('',#3830,#3828,#3445,.F.);
#4762=EDGE_CURVE('',#3829,#3830,#3446,.F.);
#4763=EDGE_CURVE('',#3831,#3832,#3447,.F.);
#4764=EDGE_CURVE('',#3833,#3831,#3448,.F.);
#4765=EDGE_CURVE('',#3832,#3833,#3449,.F.);
#4766=EDGE_CURVE('',#3834,#3835,#3450,.F.);
#4767=EDGE_CURVE('',#3836,#3834,#3451,.T.);
#4768=EDGE_CURVE('',#3837,#3836,#3452,.F.);
#4769=EDGE_CURVE('',#3835,#3837,#3453,.T.);
#4770=EDGE_CURVE('',#3838,#3839,#3454,.F.);
#4771=EDGE_CURVE('',#3840,#3838,#3455,.T.);
#4772=EDGE_CURVE('',#3841,#3840,#3456,.F.);
#4773=EDGE_CURVE('',#3839,#3841,#3457,.T.);
#4774=EDGE_CURVE('',#3838,#3825,#701,.T.);
#4775=EDGE_CURVE('',#3827,#3840,#702,.T.);
#4776=EDGE_CURVE('',#3842,#3843,#3458,.F.);
#4777=EDGE_CURVE('',#3844,#3842,#3459,.F.);
#4778=EDGE_CURVE('',#3843,#3844,#3460,.F.);
#4779=EDGE_CURVE('',#3820,#3844,#703,.T.);
#4780=EDGE_CURVE('',#3842,#3819,#704,.T.);
#4781=EDGE_CURVE('',#3845,#3846,#3461,.F.);
#4782=EDGE_CURVE('',#3847,#3845,#3462,.T.);
#4783=EDGE_CURVE('',#3848,#3847,#3463,.F.);
#4784=EDGE_CURVE('',#3846,#3848,#3464,.T.);
#4785=EDGE_CURVE('',#3824,#3847,#705,.T.);
#4786=EDGE_CURVE('',#3845,#3826,#706,.T.);
#4787=EDGE_CURVE('',#3822,#3848,#707,.T.);
#4788=EDGE_CURVE('',#3847,#3821,#708,.T.);
#4789=EDGE_CURVE('',#3849,#3850,#3465,.F.);
#4790=EDGE_CURVE('',#3851,#3849,#3466,.F.);
#4791=EDGE_CURVE('',#3850,#3851,#3467,.F.);
#4792=EDGE_CURVE('',#3849,#3828,#709,.T.);
#4793=EDGE_CURVE('',#3829,#3851,#710,.T.);
#4794=EDGE_CURVE('',#3851,#3833,#711,.T.);
#4795=EDGE_CURVE('',#3831,#3850,#712,.T.);
#4796=EDGE_CURVE('',#3852,#3853,#3468,.F.);
#4797=EDGE_CURVE('',#3854,#3852,#3469,.T.);
#4798=EDGE_CURVE('',#3855,#3854,#3470,.F.);
#4799=EDGE_CURVE('',#3853,#3855,#3471,.T.);
#4800=EDGE_CURVE('',#3837,#3854,#713,.T.);
#4801=EDGE_CURVE('',#3852,#3835,#714,.T.);
#4802=EDGE_CURVE('',#3828,#3855,#715,.T.);
#4803=EDGE_CURVE('',#3854,#3830,#716,.T.);
#4804=EDGE_CURVE('',#3856,#3857,#3472,.F.);
#4805=EDGE_CURVE('',#3858,#3856,#3473,.T.);
#4806=EDGE_CURVE('',#3859,#3858,#3474,.F.);
#4807=EDGE_CURVE('',#3857,#3859,#3475,.T.);
#4808=EDGE_CURVE('',#3860,#3861,#3476,.T.);
#4809=EDGE_CURVE('',#3861,#3858,#717,.T.);
#4810=EDGE_CURVE('',#3856,#3860,#718,.T.);
#4811=EDGE_CURVE('',#3862,#3863,#3477,.T.);
#4812=EDGE_CURVE('',#3863,#3861,#3478,.T.);
#4813=EDGE_CURVE('',#3860,#3862,#3479,.T.);
#4814=EDGE_CURVE('',#3864,#3865,#3480,.T.);
#4815=EDGE_CURVE('',#3865,#3863,#719,.T.);
#4816=EDGE_CURVE('',#3862,#3864,#720,.T.);
#4817=EDGE_CURVE('',#3866,#3867,#3481,.T.);
#4818=EDGE_CURVE('',#3867,#3865,#3482,.T.);
#4819=EDGE_CURVE('',#3864,#3866,#3483,.T.);
#4820=EDGE_CURVE('',#3868,#3869,#3484,.T.);
#4821=EDGE_CURVE('',#3869,#3867,#721,.T.);
#4822=EDGE_CURVE('',#3866,#3868,#722,.T.);
#4823=EDGE_CURVE('',#3870,#3871,#3485,.T.);
#4824=EDGE_CURVE('',#3871,#3869,#3486,.T.);
#4825=EDGE_CURVE('',#3868,#3870,#3487,.T.);
#4826=EDGE_CURVE('',#3846,#3871,#723,.T.);
#4827=EDGE_CURVE('',#3870,#3845,#724,.T.);
#4828=EDGE_CURVE('',#3872,#3873,#3488,.F.);
#4829=EDGE_CURVE('',#3874,#3872,#3489,.T.);
#4830=EDGE_CURVE('',#3875,#3874,#3490,.F.);
#4831=EDGE_CURVE('',#3873,#3875,#3491,.T.);
#4832=EDGE_CURVE('',#3848,#3874,#725,.T.);
#4833=EDGE_CURVE('',#3872,#3846,#726,.T.);
#4834=EDGE_CURVE('',#3844,#3875,#727,.T.);
#4835=EDGE_CURVE('',#3874,#3843,#728,.T.);
#4836=EDGE_CURVE('',#3841,#3873,#729,.T.);
#4837=EDGE_CURVE('',#3875,#3839,#730,.T.);
#4838=EDGE_CURVE('',#3876,#3877,#3492,.F.);
#4839=EDGE_CURVE('',#3878,#3876,#3493,.T.);
#4840=EDGE_CURVE('',#3879,#3878,#3494,.F.);
#4841=EDGE_CURVE('',#3877,#3879,#3495,.T.);
#4842=EDGE_CURVE('',#3880,#3881,#3496,.T.);
#4843=EDGE_CURVE('',#3881,#3878,#731,.T.);
#4844=EDGE_CURVE('',#3876,#3880,#732,.T.);
#4845=EDGE_CURVE('',#3882,#3883,#3497,.T.);
#4846=EDGE_CURVE('',#3883,#3881,#3498,.T.);
#4847=EDGE_CURVE('',#3880,#3882,#3499,.T.);
#4848=EDGE_CURVE('',#3884,#3885,#3500,.T.);
#4849=EDGE_CURVE('',#3885,#3883,#733,.T.);
#4850=EDGE_CURVE('',#3882,#3884,#734,.T.);
#4851=EDGE_CURVE('',#3886,#3887,#3501,.T.);
#4852=EDGE_CURVE('',#3887,#3885,#3502,.T.);
#4853=EDGE_CURVE('',#3884,#3886,#3503,.T.);
#4854=EDGE_CURVE('',#3888,#3889,#3504,.T.);
#4855=EDGE_CURVE('',#3889,#3887,#735,.T.);
#4856=EDGE_CURVE('',#3886,#3888,#736,.T.);
#4857=EDGE_CURVE('',#3890,#3891,#3505,.T.);
#4858=EDGE_CURVE('',#3891,#3889,#3506,.T.);
#4859=EDGE_CURVE('',#3888,#3890,#3507,.T.);
#4860=EDGE_CURVE('',#3873,#3891,#737,.T.);
#4861=EDGE_CURVE('',#3890,#3872,#738,.T.);
#4862=EDGE_CURVE('',#3855,#3879,#739,.T.);
#4863=EDGE_CURVE('',#3878,#3853,#740,.T.);
#4864=EDGE_CURVE('',#3879,#3849,#741,.T.);
#4865=EDGE_CURVE('',#3850,#3877,#742,.T.);
#4866=EDGE_CURVE('',#3877,#3859,#743,.T.);
#4867=EDGE_CURVE('',#3858,#3876,#744,.T.);
#4868=EDGE_CURVE('',#3859,#3831,#745,.T.);
#4869=EDGE_CURVE('',#3832,#3857,#746,.T.);
#4870=EDGE_CURVE('',#3857,#3836,#747,.T.);
#4871=EDGE_CURVE('',#3834,#3856,#748,.T.);
#4872=EDGE_CURVE('',#3892,#3893,#3508,.T.);
#4873=EDGE_CURVE('',#3893,#3841,#749,.T.);
#4874=EDGE_CURVE('',#3840,#3892,#750,.T.);
#4875=EDGE_CURVE('',#3894,#3895,#3509,.T.);
#4876=EDGE_CURVE('',#3895,#3893,#3510,.T.);
#4877=EDGE_CURVE('',#3892,#3894,#3511,.T.);
#4878=EDGE_CURVE('',#3896,#3897,#3512,.T.);
#4879=EDGE_CURVE('',#3897,#3895,#751,.T.);
#4880=EDGE_CURVE('',#3894,#3896,#752,.T.);
#4881=EDGE_CURVE('',#3898,#3899,#3513,.T.);
#4882=EDGE_CURVE('',#3899,#3897,#3514,.T.);
#4883=EDGE_CURVE('',#3896,#3898,#3515,.T.);
#4884=EDGE_CURVE('',#3900,#3901,#3516,.T.);
#4885=EDGE_CURVE('',#3901,#3899,#753,.T.);
#4886=EDGE_CURVE('',#3898,#3900,#754,.T.);
#4887=EDGE_CURVE('',#3902,#3903,#3517,.T.);
#4888=EDGE_CURVE('',#3903,#3901,#3518,.T.);
#4889=EDGE_CURVE('',#3900,#3902,#3519,.T.);
#4890=EDGE_CURVE('',#3853,#3903,#755,.T.);
#4891=EDGE_CURVE('',#3902,#3852,#756,.T.);
#4892=EDGE_CURVE('',#3843,#3822,#757,.T.);
#4893=EDGE_CURVE('',#3823,#3842,#758,.T.);
#4894=EDGE_CURVE('',#3839,#3820,#759,.T.);
#4895=EDGE_CURVE('',#3818,#3838,#760,.T.);
#4896=EDGE_CURVE('',#3815,#3837,#761,.T.);
#4897=EDGE_CURVE('',#3836,#3817,#762,.T.);
#4898=EDGE_CURVE('',#3904,#3905,#3520,.T.);
#4899=EDGE_CURVE('',#3905,#3827,#763,.T.);
#4900=EDGE_CURVE('',#3826,#3904,#764,.T.);
#4901=EDGE_CURVE('',#3906,#3907,#3521,.T.);
#4902=EDGE_CURVE('',#3907,#3905,#3522,.T.);
#4903=EDGE_CURVE('',#3904,#3906,#3523,.T.);
#4904=EDGE_CURVE('',#3908,#3909,#3524,.T.);
#4905=EDGE_CURVE('',#3909,#3907,#765,.T.);
#4906=EDGE_CURVE('',#3906,#3908,#766,.T.);
#4907=EDGE_CURVE('',#3910,#3911,#3525,.T.);
#4908=EDGE_CURVE('',#3911,#3909,#3526,.T.);
#4909=EDGE_CURVE('',#3908,#3910,#3527,.T.);
#4910=EDGE_CURVE('',#3912,#3913,#3528,.T.);
#4911=EDGE_CURVE('',#3913,#3911,#767,.T.);
#4912=EDGE_CURVE('',#3910,#3912,#768,.T.);
#4913=EDGE_CURVE('',#3914,#3915,#3529,.T.);
#4914=EDGE_CURVE('',#3915,#3913,#3530,.T.);
#4915=EDGE_CURVE('',#3912,#3914,#3531,.T.);
#4916=EDGE_CURVE('',#3835,#3915,#769,.T.);
#4917=EDGE_CURVE('',#3914,#3834,#770,.T.);
#4918=EDGE_CURVE('',#3833,#3816,#771,.T.);
#4919=EDGE_CURVE('',#3817,#3832,#772,.T.);
#4920=EDGE_CURVE('',#3830,#3815,#773,.T.);
#4921=EDGE_CURVE('',#3816,#3829,#774,.T.);
#4922=EDGE_CURVE('',#3825,#3813,#775,.T.);
#4923=EDGE_CURVE('',#3814,#3824,#776,.T.);
#4924=EDGE_CURVE('',#3819,#3812,#777,.T.);
#4925=EDGE_CURVE('',#3813,#3818,#778,.T.);
#4926=EDGE_CURVE('',#3907,#3894,#779,.T.);
#4927=EDGE_CURVE('',#3892,#3905,#780,.T.);
#4928=EDGE_CURVE('',#3909,#3896,#781,.T.);
#4929=EDGE_CURVE('',#3911,#3898,#782,.T.);
#4930=EDGE_CURVE('',#3900,#3913,#783,.T.);
#4931=EDGE_CURVE('',#3915,#3902,#784,.T.);
#4932=EDGE_CURVE('',#3871,#3890,#785,.T.);
#4933=EDGE_CURVE('',#3867,#3886,#786,.T.);
#4934=EDGE_CURVE('',#3884,#3865,#787,.T.);
#4935=EDGE_CURVE('',#3869,#3888,#788,.T.);
#4936=EDGE_CURVE('',#3863,#3882,#789,.T.);
#4937=EDGE_CURVE('',#3861,#3880,#790,.T.);
#4938=EDGE_CURVE('',#3916,#3917,#791,.T.);
#4939=EDGE_CURVE('',#3917,#3918,#222,.T.);
#4940=EDGE_CURVE('',#3918,#3919,#792,.T.);
#4941=EDGE_CURVE('',#3916,#3919,#223,.T.);
#4942=EDGE_CURVE('',#3917,#3920,#793,.T.);
#4943=EDGE_CURVE('',#3920,#3921,#224,.T.);
#4944=EDGE_CURVE('',#3921,#3922,#225,.T.);
#4945=EDGE_CURVE('',#3922,#3918,#794,.T.);
#4946=EDGE_CURVE('',#3923,#3924,#795,.T.);
#4947=EDGE_CURVE('',#3924,#3925,#226,.T.);
#4948=EDGE_CURVE('',#3925,#3926,#796,.T.);
#4949=EDGE_CURVE('',#3923,#3926,#227,.T.);
#4950=EDGE_CURVE('',#3927,#3928,#3532,.F.);
#4951=EDGE_CURVE('',#3929,#3927,#3533,.F.);
#4952=EDGE_CURVE('',#3928,#3929,#3534,.F.);
#4953=EDGE_CURVE('',#3930,#3921,#797,.T.);
#4954=EDGE_CURVE('',#3930,#3931,#228,.T.);
#4955=EDGE_CURVE('',#3931,#3922,#798,.T.);
#4956=EDGE_CURVE('',#3932,#3929,#799,.T.);
#4957=EDGE_CURVE('',#3927,#3933,#800,.T.);
#4958=EDGE_CURVE('',#3933,#3932,#98,.T.);
#4959=EDGE_CURVE('',#3934,#3935,#3535,.F.);
#4960=EDGE_CURVE('',#3936,#3934,#3536,.F.);
#4961=EDGE_CURVE('',#3935,#3936,#3537,.F.);
#4962=EDGE_CURVE('',#3928,#3936,#801,.T.);
#4963=EDGE_CURVE('',#3934,#3927,#802,.T.);
#4964=EDGE_CURVE('',#3933,#3937,#3538,.T.);
#4965=EDGE_CURVE('',#3937,#3938,#99,.T.);
#4966=EDGE_CURVE('',#3938,#3932,#3539,.T.);
#4967=EDGE_CURVE('',#3939,#3940,#3540,.F.);
#4968=EDGE_CURVE('',#3941,#3939,#3541,.F.);
#4969=EDGE_CURVE('',#3940,#3941,#3542,.F.);
#4970=EDGE_CURVE('',#3942,#3943,#803,.T.);
#4971=EDGE_CURVE('',#3943,#3944,#229,.T.);
#4972=EDGE_CURVE('',#3944,#3945,#804,.T.);
#4973=EDGE_CURVE('',#3945,#3942,#230,.T.);
#4974=EDGE_CURVE('',#3946,#3947,#805,.T.);
#4975=EDGE_CURVE('',#3947,#3948,#3543,.T.);
#4976=EDGE_CURVE('',#3948,#3949,#806,.T.);
#4977=EDGE_CURVE('',#3949,#3946,#231,.T.);
#4978=EDGE_CURVE('',#3943,#3950,#807,.T.);
#4979=EDGE_CURVE('',#3950,#3951,#232,.T.);
#4980=EDGE_CURVE('',#3951,#3952,#233,.T.);
#4981=EDGE_CURVE('',#3952,#3944,#808,.T.);
#4982=EDGE_CURVE('',#3953,#3954,#3544,.F.);
#4983=EDGE_CURVE('',#3955,#3953,#3545,.F.);
#4984=EDGE_CURVE('',#3954,#3955,#3546,.F.);
#4985=EDGE_CURVE('',#3956,#3957,#3547,.F.);
#4986=EDGE_CURVE('',#3958,#3956,#3548,.F.);
#4987=EDGE_CURVE('',#3957,#3958,#3549,.F.);
#4988=EDGE_CURVE('',#3959,#3951,#809,.T.);
#4989=EDGE_CURVE('',#3959,#3960,#234,.T.);
#4990=EDGE_CURVE('',#3960,#3952,#810,.T.);
#4991=EDGE_CURVE('',#3961,#3962,#3550,.F.);
#4992=EDGE_CURVE('',#3963,#3961,#3551,.F.);
#4993=EDGE_CURVE('',#3962,#3963,#3552,.F.);
#4994=EDGE_CURVE('',#3964,#3965,#811,.T.);
#4995=EDGE_CURVE('',#3965,#3966,#235,.T.);
#4996=EDGE_CURVE('',#3966,#3967,#812,.T.);
#4997=EDGE_CURVE('',#3967,#3964,#236,.T.);
#4998=EDGE_CURVE('',#3968,#3969,#3553,.F.);
#4999=EDGE_CURVE('',#3970,#3968,#3554,.F.);
#5000=EDGE_CURVE('',#3969,#3970,#3555,.F.);
#5001=EDGE_CURVE('',#3971,#3972,#813,.T.);
#5002=EDGE_CURVE('',#3972,#3973,#237,.T.);
#5003=EDGE_CURVE('',#3973,#3960,#814,.T.);
#5004=EDGE_CURVE('',#3959,#3971,#238,.T.);
#5005=EDGE_CURVE('',#3965,#3974,#815,.T.);
#5006=EDGE_CURVE('',#3974,#3975,#239,.T.);
#5007=EDGE_CURVE('',#3975,#3966,#816,.T.);
#5008=EDGE_CURVE('',#3976,#3977,#3556,.F.);
#5009=EDGE_CURVE('',#3978,#3976,#3557,.F.);
#5010=EDGE_CURVE('',#3977,#3978,#3558,.F.);
#5011=EDGE_CURVE('',#3968,#3978,#817,.T.);
#5012=EDGE_CURVE('',#3976,#3970,#818,.T.);
#5013=EDGE_CURVE('',#3972,#3979,#819,.T.);
#5014=EDGE_CURVE('',#3979,#3980,#240,.T.);
#5015=EDGE_CURVE('',#3980,#3973,#820,.T.);
#5016=EDGE_CURVE('',#3981,#3982,#3559,.F.);
#5017=EDGE_CURVE('',#3983,#3981,#3560,.F.);
#5018=EDGE_CURVE('',#3982,#3983,#3561,.F.);
#5019=EDGE_CURVE('',#3984,#3983,#821,.T.);
#5020=EDGE_CURVE('',#3981,#3975,#822,.T.);
#5021=EDGE_CURVE('',#3974,#3984,#241,.T.);
#5022=EDGE_CURVE('',#3979,#3985,#823,.T.);
#5023=EDGE_CURVE('',#3985,#3986,#242,.T.);
#5024=EDGE_CURVE('',#3986,#3987,#243,.T.);
#5025=EDGE_CURVE('',#3987,#3980,#824,.T.);
#5026=EDGE_CURVE('',#3988,#3989,#825,.T.);
#5027=EDGE_CURVE('',#3989,#3990,#244,.T.);
#5028=EDGE_CURVE('',#3990,#3991,#826,.T.);
#5029=EDGE_CURVE('',#3988,#3991,#245,.T.);
#5030=EDGE_CURVE('',#3989,#3992,#827,.T.);
#5031=EDGE_CURVE('',#3992,#3993,#246,.T.);
#5032=EDGE_CURVE('',#3993,#3990,#828,.T.);
#5033=EDGE_CURVE('',#3994,#3986,#829,.T.);
#5034=EDGE_CURVE('',#3994,#3995,#247,.T.);
#5035=EDGE_CURVE('',#3995,#3987,#830,.T.);
#5036=EDGE_CURVE('',#3996,#3997,#3562,.F.);
#5037=EDGE_CURVE('',#3998,#3996,#3563,.F.);
#5038=EDGE_CURVE('',#3997,#3998,#3564,.F.);
#5039=EDGE_CURVE('',#3999,#4000,#3565,.F.);
#5040=EDGE_CURVE('',#4001,#3999,#3566,.F.);
#5041=EDGE_CURVE('',#4000,#4001,#3567,.F.);
#5042=EDGE_CURVE('',#4002,#4003,#831,.T.);
#5043=EDGE_CURVE('',#4003,#4004,#248,.T.);
#5044=EDGE_CURVE('',#4004,#3995,#832,.T.);
#5045=EDGE_CURVE('',#3994,#4002,#249,.T.);
#5046=EDGE_CURVE('',#4005,#4006,#3568,.F.);
#5047=EDGE_CURVE('',#4007,#4005,#3569,.F.);
#5048=EDGE_CURVE('',#4006,#4007,#3570,.F.);
#5049=EDGE_CURVE('',#4003,#4008,#833,.T.);
#5050=EDGE_CURVE('',#4008,#4009,#250,.T.);
#5051=EDGE_CURVE('',#4009,#4004,#834,.T.);
#5052=EDGE_CURVE('',#4008,#4007,#835,.T.);
#5053=EDGE_CURVE('',#4005,#4009,#836,.T.);
#5054=EDGE_CURVE('',#3999,#4006,#837,.T.);
#5055=EDGE_CURVE('',#4007,#4001,#838,.T.);
#5056=EDGE_CURVE('',#4006,#3998,#839,.T.);
#5057=EDGE_CURVE('',#3996,#4005,#840,.T.);
#5058=EDGE_CURVE('',#4010,#4011,#3571,.T.);
#5059=EDGE_CURVE('',#4011,#4000,#841,.T.);
#5060=EDGE_CURVE('',#4001,#4010,#842,.T.);
#5061=EDGE_CURVE('',#4012,#4013,#3572,.T.);
#5062=EDGE_CURVE('',#4013,#4011,#3573,.T.);
#5063=EDGE_CURVE('',#4010,#4012,#3574,.T.);
#5064=EDGE_CURVE('',#4014,#4013,#843,.T.);
#5065=EDGE_CURVE('',#4012,#4015,#844,.T.);
#5066=EDGE_CURVE('',#4015,#4014,#251,.T.);
#5067=EDGE_CURVE('',#3992,#3999,#845,.T.);
#5068=EDGE_CURVE('',#4000,#4016,#846,.T.);
#5069=EDGE_CURVE('',#4016,#3993,#252,.T.);
#5070=EDGE_CURVE('',#4017,#3997,#847,.T.);
#5071=EDGE_CURVE('',#3998,#3988,#848,.T.);
#5072=EDGE_CURVE('',#3991,#4017,#253,.T.);
#5073=EDGE_CURVE('',#4018,#3996,#849,.T.);
#5074=EDGE_CURVE('',#3997,#4019,#850,.T.);
#5075=EDGE_CURVE('',#4019,#4018,#100,.T.);
#5076=EDGE_CURVE('',#4015,#3982,#851,.T.);
#5077=EDGE_CURVE('',#3983,#4014,#852,.T.);
#5078=EDGE_CURVE('',#4020,#4018,#3575,.T.);
#5079=EDGE_CURVE('',#4019,#4021,#3576,.T.);
#5080=EDGE_CURVE('',#4021,#4020,#101,.T.);
#5081=EDGE_CURVE('',#3978,#3981,#853,.T.);
#5082=EDGE_CURVE('',#3982,#3977,#854,.T.);
#5083=EDGE_CURVE('',#4022,#4023,#855,.T.);
#5084=EDGE_CURVE('',#4023,#4024,#3577,.T.);
#5085=EDGE_CURVE('',#4024,#4025,#856,.T.);
#5086=EDGE_CURVE('',#4025,#4022,#254,.T.);
#5087=EDGE_CURVE('',#4026,#4027,#3578,.T.);
#5088=EDGE_CURVE('',#4027,#4024,#3579,.T.);
#5089=EDGE_CURVE('',#4023,#4026,#3580,.T.);
#5090=EDGE_CURVE('',#4021,#4027,#857,.T.);
#5091=EDGE_CURVE('',#4026,#4020,#858,.T.);
#5092=EDGE_CURVE('',#4028,#4029,#3581,.T.);
#5093=EDGE_CURVE('',#4029,#3976,#859,.T.);
#5094=EDGE_CURVE('',#3977,#4028,#860,.T.);
#5095=EDGE_CURVE('',#4025,#3963,#861,.T.);
#5096=EDGE_CURVE('',#3961,#4022,#862,.T.);
#5097=EDGE_CURVE('',#4030,#4031,#3582,.T.);
#5098=EDGE_CURVE('',#4031,#3969,#863,.T.);
#5099=EDGE_CURVE('',#3970,#4030,#864,.T.);
#5100=EDGE_CURVE('',#3956,#3968,#865,.T.);
#5101=EDGE_CURVE('',#3969,#3958,#866,.T.);
#5102=EDGE_CURVE('',#4032,#3962,#867,.T.);
#5103=EDGE_CURVE('',#3963,#4033,#868,.T.);
#5104=EDGE_CURVE('',#4033,#4034,#255,.T.);
#5105=EDGE_CURVE('',#4034,#4032,#256,.T.);
#5106=EDGE_CURVE('',#3962,#3955,#869,.T.);
#5107=EDGE_CURVE('',#3953,#3961,#870,.T.);
#5108=EDGE_CURVE('',#3949,#3957,#871,.T.);
#5109=EDGE_CURVE('',#3958,#3946,#872,.T.);
#5110=EDGE_CURVE('',#4035,#3956,#873,.T.);
#5111=EDGE_CURVE('',#3957,#4036,#874,.T.);
#5112=EDGE_CURVE('',#4036,#4037,#257,.T.);
#5113=EDGE_CURVE('',#4037,#4035,#258,.T.);
#5114=EDGE_CURVE('',#3967,#4035,#875,.T.);
#5115=EDGE_CURVE('',#4037,#3964,#876,.T.);
#5116=EDGE_CURVE('',#4038,#3954,#877,.T.);
#5117=EDGE_CURVE('',#3955,#4039,#878,.T.);
#5118=EDGE_CURVE('',#4040,#4039,#259,.T.);
#5119=EDGE_CURVE('',#4040,#4038,#260,.T.);
#5120=EDGE_CURVE('',#4041,#3953,#879,.T.);
#5121=EDGE_CURVE('',#3954,#4042,#880,.T.);
#5122=EDGE_CURVE('',#4042,#4041,#261,.T.);
#5123=EDGE_CURVE('',#4039,#4032,#881,.T.);
#5124=EDGE_CURVE('',#4034,#4040,#882,.T.);
#5125=EDGE_CURVE('',#4043,#4044,#3583,.T.);
#5126=EDGE_CURVE('',#4044,#3948,#3584,.T.);
#5127=EDGE_CURVE('',#3947,#4043,#3585,.T.);
#5128=EDGE_CURVE('',#3939,#4044,#883,.T.);
#5129=EDGE_CURVE('',#4043,#3941,#884,.T.);
#5130=EDGE_CURVE('',#3937,#4045,#885,.T.);
#5131=EDGE_CURVE('',#4045,#4046,#3586,.T.);
#5132=EDGE_CURVE('',#4046,#3938,#886,.T.);
#5133=EDGE_CURVE('',#4047,#4048,#3587,.T.);
#5134=EDGE_CURVE('',#4048,#4046,#3588,.T.);
#5135=EDGE_CURVE('',#4045,#4047,#3589,.T.);
#5136=EDGE_CURVE('',#4042,#4048,#887,.T.);
#5137=EDGE_CURVE('',#4047,#4041,#888,.T.);
#5138=EDGE_CURVE('',#3936,#3940,#889,.T.);
#5139=EDGE_CURVE('',#3941,#3935,#890,.T.);
#5140=EDGE_CURVE('',#4049,#3939,#891,.T.);
#5141=EDGE_CURVE('',#3940,#4050,#892,.T.);
#5142=EDGE_CURVE('',#4050,#4051,#262,.T.);
#5143=EDGE_CURVE('',#4051,#4049,#263,.T.);
#5144=EDGE_CURVE('',#4052,#3942,#893,.T.);
#5145=EDGE_CURVE('',#3945,#3931,#894,.T.);
#5146=EDGE_CURVE('',#3930,#4052,#264,.T.);
#5147=EDGE_CURVE('',#4053,#3934,#895,.T.);
#5148=EDGE_CURVE('',#3935,#4054,#896,.T.);
#5149=EDGE_CURVE('',#4054,#4053,#265,.T.);
#5150=EDGE_CURVE('',#3926,#4051,#897,.T.);
#5151=EDGE_CURVE('',#4050,#3923,#898,.T.);
#5152=EDGE_CURVE('',#4055,#4053,#899,.T.);
#5153=EDGE_CURVE('',#4054,#4056,#900,.T.);
#5154=EDGE_CURVE('',#4056,#4055,#266,.T.);
#5155=EDGE_CURVE('',#3924,#3928,#901,.T.);
#5156=EDGE_CURVE('',#3929,#4057,#902,.T.);
#5157=EDGE_CURVE('',#4057,#3925,#267,.T.);
#5158=EDGE_CURVE('',#4058,#4055,#903,.T.);
#5159=EDGE_CURVE('',#4056,#4059,#904,.T.);
#5160=EDGE_CURVE('',#4059,#4060,#268,.T.);
#5161=EDGE_CURVE('',#4060,#4058,#269,.T.);
#5162=EDGE_CURVE('',#4061,#4058,#905,.T.);
#5163=EDGE_CURVE('',#4062,#4060,#906,.T.);
#5164=EDGE_CURVE('',#4062,#4061,#270,.T.);
#5165=EDGE_CURVE('',#3919,#4061,#907,.T.);
#5166=EDGE_CURVE('',#4062,#4063,#271,.T.);
#5167=EDGE_CURVE('',#4063,#3916,#908,.T.);
#5168=EDGE_CURVE('',#3943,#4064,#909,.T.);
#5169=EDGE_CURVE('',#4065,#4064,#910,.T.);
#5170=EDGE_CURVE('',#4066,#4065,#911,.T.);
#5171=EDGE_CURVE('',#4067,#4066,#912,.T.);
#5172=EDGE_CURVE('',#3950,#4067,#913,.T.);
#5173=EDGE_CURVE('',#4068,#3942,#914,.T.);
#5174=EDGE_CURVE('',#4064,#4068,#915,.T.);
#5175=EDGE_CURVE('',#4069,#4052,#916,.T.);
#5176=EDGE_CURVE('',#4070,#4069,#917,.T.);
#5177=EDGE_CURVE('',#4071,#4070,#918,.T.);
#5178=EDGE_CURVE('',#4068,#4071,#919,.T.);
#5179=EDGE_CURVE('',#3920,#4072,#920,.T.);
#5180=EDGE_CURVE('',#4072,#4069,#921,.T.);
#5181=EDGE_CURVE('',#3917,#4073,#922,.T.);
#5182=EDGE_CURVE('',#4074,#4073,#923,.T.);
#5183=EDGE_CURVE('',#4075,#4074,#924,.T.);
#5184=EDGE_CURVE('',#4072,#4075,#925,.T.);
#5185=EDGE_CURVE('',#3916,#4076,#926,.T.);
#5186=EDGE_CURVE('',#4073,#4076,#927,.T.);
#5187=EDGE_CURVE('',#4077,#4063,#928,.T.);
#5188=EDGE_CURVE('',#4077,#4078,#929,.T.);
#5189=EDGE_CURVE('',#4079,#4078,#930,.T.);
#5190=EDGE_CURVE('',#4076,#4079,#931,.T.);
#5191=EDGE_CURVE('',#4059,#4080,#932,.T.);
#5192=EDGE_CURVE('',#4077,#4080,#933,.T.);
#5193=EDGE_CURVE('',#4056,#4081,#934,.T.);
#5194=EDGE_CURVE('',#4082,#4081,#935,.T.);
#5195=EDGE_CURVE('',#4083,#4082,#936,.T.);
#5196=EDGE_CURVE('',#4080,#4083,#937,.T.);
#5197=EDGE_CURVE('',#4054,#4031,#938,.T.);
#5198=EDGE_CURVE('',#4081,#4030,#939,.T.);
#5199=EDGE_CURVE('',#4084,#3990,#940,.T.);
#5200=EDGE_CURVE('',#4084,#4085,#941,.T.);
#5201=EDGE_CURVE('',#4085,#4017,#942,.T.);
#5202=EDGE_CURVE('',#4016,#4086,#943,.T.);
#5203=EDGE_CURVE('',#4086,#4084,#944,.T.);
#5204=EDGE_CURVE('',#4011,#4087,#945,.T.);
#5205=EDGE_CURVE('',#4086,#4087,#946,.T.);
#5206=EDGE_CURVE('',#4013,#4088,#947,.T.);
#5207=EDGE_CURVE('',#4087,#4088,#3590,.T.);
#5208=EDGE_CURVE('',#4014,#4089,#948,.T.);
#5209=EDGE_CURVE('',#4088,#4089,#949,.T.);
#5210=EDGE_CURVE('',#4090,#3984,#950,.T.);
#5211=EDGE_CURVE('',#4089,#4090,#951,.T.);
#5212=EDGE_CURVE('',#3965,#4091,#952,.T.);
#5213=EDGE_CURVE('',#4091,#4090,#953,.T.);
#5214=EDGE_CURVE('',#3964,#4092,#954,.T.);
#5215=EDGE_CURVE('',#4092,#4091,#955,.T.);
#5216=EDGE_CURVE('',#4036,#4093,#956,.T.);
#5217=EDGE_CURVE('',#4093,#4092,#957,.T.);
#5218=EDGE_CURVE('',#3949,#4094,#958,.T.);
#5219=EDGE_CURVE('',#4093,#4094,#959,.T.);
#5220=EDGE_CURVE('',#4095,#3948,#960,.T.);
#5221=EDGE_CURVE('',#4095,#4094,#961,.T.);
#5222=EDGE_CURVE('',#4044,#4096,#962,.T.);
#5223=EDGE_CURVE('',#4095,#4096,#3591,.T.);
#5224=EDGE_CURVE('',#4097,#4049,#963,.T.);
#5225=EDGE_CURVE('',#4096,#4097,#964,.T.);
#5226=EDGE_CURVE('',#3938,#4098,#965,.T.);
#5227=EDGE_CURVE('',#4098,#4099,#3592,.T.);
#5228=EDGE_CURVE('',#4099,#3932,#966,.T.);
#5229=EDGE_CURVE('',#4100,#4101,#967,.T.);
#5230=EDGE_CURVE('',#4100,#4102,#968,.T.);
#5231=EDGE_CURVE('',#4102,#4103,#969,.T.);
#5232=EDGE_CURVE('',#4103,#4104,#3593,.T.);
#5233=EDGE_CURVE('',#4104,#4105,#970,.T.);
#5234=EDGE_CURVE('',#4106,#4105,#3594,.T.);
#5235=EDGE_CURVE('',#4106,#4085,#971,.T.);
#5236=EDGE_CURVE('',#4084,#4107,#972,.T.);
#5237=EDGE_CURVE('',#4108,#4107,#973,.T.);
#5238=EDGE_CURVE('',#4108,#4109,#974,.T.);
#5239=EDGE_CURVE('',#4110,#4109,#975,.T.);
#5240=EDGE_CURVE('',#4110,#4099,#976,.T.);
#5241=EDGE_CURVE('',#4098,#4111,#977,.T.);
#5242=EDGE_CURVE('',#4111,#4112,#3595,.T.);
#5243=EDGE_CURVE('',#4112,#4113,#978,.T.);
#5244=EDGE_CURVE('',#4113,#4101,#979,.T.);
#5245=EDGE_CURVE('',#4029,#4114,#980,.T.);
#5246=EDGE_CURVE('',#4114,#4115,#981,.T.);
#5247=EDGE_CURVE('',#4116,#4115,#982,.T.);
#5248=EDGE_CURVE('',#4116,#4117,#983,.T.);
#5249=EDGE_CURVE('',#4117,#4118,#984,.T.);
#5250=EDGE_CURVE('',#4118,#4119,#985,.T.);
#5251=EDGE_CURVE('',#4065,#4119,#986,.T.);
#5252=EDGE_CURVE('',#4074,#4071,#987,.T.);
#5253=EDGE_CURVE('',#4082,#4079,#988,.T.);
#5254=EDGE_CURVE('',#4070,#4075,#989,.T.);
#5255=EDGE_CURVE('',#4120,#4121,#990,.T.);
#5256=EDGE_CURVE('',#4120,#4091,#991,.T.);
#5257=EDGE_CURVE('',#4092,#4121,#992,.T.);
#5258=EDGE_CURVE('',#4033,#4100,#993,.T.);
#5259=EDGE_CURVE('',#4101,#4038,#994,.T.);
#5260=EDGE_CURVE('',#4107,#4120,#995,.T.);
#5261=EDGE_CURVE('',#4121,#4108,#996,.T.);
#5262=EDGE_CURVE('',#4122,#4123,#997,.T.);
#5263=EDGE_CURVE('',#4124,#4122,#998,.T.);
#5264=EDGE_CURVE('',#4125,#4124,#999,.T.);
#5265=EDGE_CURVE('',#4123,#4125,#1000,.T.);
#5266=EDGE_CURVE('',#4126,#4127,#1001,.T.);
#5267=EDGE_CURVE('',#4128,#4126,#1002,.T.);
#5268=EDGE_CURVE('',#4129,#4128,#1003,.T.);
#5269=EDGE_CURVE('',#4127,#4129,#1004,.T.);
#5270=EDGE_CURVE('',#4130,#4131,#1005,.T.);
#5271=EDGE_CURVE('',#4132,#4130,#1006,.T.);
#5272=EDGE_CURVE('',#4133,#4132,#1007,.T.);
#5273=EDGE_CURVE('',#4131,#4133,#1008,.T.);
#5274=EDGE_CURVE('',#4134,#4135,#1009,.T.);
#5275=EDGE_CURVE('',#4136,#4134,#1010,.T.);
#5276=EDGE_CURVE('',#4137,#4136,#1011,.T.);
#5277=EDGE_CURVE('',#4135,#4137,#1012,.T.);
#5278=EDGE_CURVE('',#4138,#4134,#1013,.T.);
#5279=EDGE_CURVE('',#4139,#4135,#1014,.T.);
#5280=EDGE_CURVE('',#4138,#4139,#1015,.T.);
#5281=EDGE_CURVE('',#4140,#4136,#1016,.T.);
#5282=EDGE_CURVE('',#4140,#4138,#1017,.T.);
#5283=EDGE_CURVE('',#4141,#4137,#1018,.T.);
#5284=EDGE_CURVE('',#4141,#4140,#1019,.T.);
#5285=EDGE_CURVE('',#4139,#4141,#1020,.T.);
#5286=EDGE_CURVE('',#4118,#3972,#1021,.T.);
#5287=EDGE_CURVE('',#4117,#3979,#1022,.T.);
#5288=EDGE_CURVE('',#4142,#3971,#1023,.T.);
#5289=EDGE_CURVE('',#4143,#4142,#1024,.T.);
#5290=EDGE_CURVE('',#4119,#4143,#1025,.T.);
#5291=EDGE_CURVE('',#4143,#4066,#1026,.T.);
#5292=EDGE_CURVE('',#4067,#4142,#1027,.T.);
#5293=EDGE_CURVE('',#4144,#4122,#1028,.T.);
#5294=EDGE_CURVE('',#4145,#4123,#1029,.T.);
#5295=EDGE_CURVE('',#4144,#4145,#1030,.T.);
#5296=EDGE_CURVE('',#4146,#4124,#1031,.T.);
#5297=EDGE_CURVE('',#4146,#4144,#1032,.T.);
#5298=EDGE_CURVE('',#4147,#4125,#1033,.T.);
#5299=EDGE_CURVE('',#4147,#4146,#1034,.T.);
#5300=EDGE_CURVE('',#4145,#4147,#1035,.T.);
#5301=EDGE_CURVE('',#4148,#4127,#1036,.T.);
#5302=EDGE_CURVE('',#4149,#4129,#1037,.T.);
#5303=EDGE_CURVE('',#4148,#4149,#1038,.T.);
#5304=EDGE_CURVE('',#4150,#4128,#1039,.T.);
#5305=EDGE_CURVE('',#4149,#4150,#1040,.T.);
#5306=EDGE_CURVE('',#4151,#4126,#1041,.T.);
#5307=EDGE_CURVE('',#4150,#4151,#1042,.T.);
#5308=EDGE_CURVE('',#4151,#4148,#1043,.T.);
#5309=EDGE_CURVE('',#4152,#4116,#1044,.T.);
#5310=EDGE_CURVE('',#4152,#4153,#1045,.T.);
#5311=EDGE_CURVE('',#3985,#4153,#1046,.T.);
#5312=EDGE_CURVE('',#4154,#4152,#1047,.T.);
#5313=EDGE_CURVE('',#4154,#4155,#1048,.T.);
#5314=EDGE_CURVE('',#4153,#4155,#1049,.T.);
#5315=EDGE_CURVE('',#4002,#4155,#1050,.T.);
#5316=EDGE_CURVE('',#4115,#4154,#1051,.T.);
#5317=EDGE_CURVE('',#4114,#4003,#1052,.T.);
#5318=EDGE_CURVE('',#4025,#4102,#1053,.T.);
#5319=EDGE_CURVE('',#4024,#4103,#1054,.T.);
#5320=EDGE_CURVE('',#4027,#4104,#1055,.T.);
#5321=EDGE_CURVE('',#4105,#4021,#1056,.T.);
#5322=EDGE_CURVE('',#4019,#4106,#1057,.T.);
#5323=EDGE_CURVE('',#4028,#4008,#1058,.T.);
#5324=EDGE_CURVE('',#3926,#4109,#1059,.T.);
#5325=EDGE_CURVE('',#4109,#4097,#1060,.T.);
#5326=EDGE_CURVE('',#4078,#4083,#1061,.T.);
#5327=EDGE_CURVE('',#4156,#4157,#1062,.T.);
#5328=EDGE_CURVE('',#4157,#4158,#1063,.T.);
#5329=EDGE_CURVE('',#4158,#4159,#1064,.T.);
#5330=EDGE_CURVE('',#4159,#4156,#1065,.T.);
#5331=EDGE_CURVE('',#4158,#4131,#1066,.T.);
#5332=EDGE_CURVE('',#4159,#4133,#1067,.T.);
#5333=EDGE_CURVE('',#4156,#4132,#1068,.T.);
#5334=EDGE_CURVE('',#4157,#4130,#1069,.T.);
#5335=EDGE_CURVE('',#4057,#4110,#1070,.T.);
#5336=EDGE_CURVE('',#4046,#4111,#1071,.T.);
#5337=EDGE_CURVE('',#4048,#4112,#1072,.T.);
#5338=EDGE_CURVE('',#4042,#4113,#1073,.T.);
#5339=EDGE_CURVE('',#4160,#4161,#1074,.T.);
#5340=EDGE_CURVE('',#4161,#4162,#1075,.T.);
#5341=EDGE_CURVE('',#4163,#4162,#1076,.T.);
#5342=EDGE_CURVE('',#4160,#4163,#1077,.T.);
#5343=EDGE_CURVE('',#4164,#4160,#1078,.T.);
#5344=EDGE_CURVE('',#4165,#4163,#1079,.T.);
#5345=EDGE_CURVE('',#4164,#4165,#1080,.T.);
#5346=EDGE_CURVE('',#4161,#4164,#1081,.T.);
#5347=EDGE_CURVE('',#4162,#4165,#1082,.T.);
#5348=EDGE_CURVE('',#4166,#4167,#1083,.T.);
#5349=EDGE_CURVE('',#4167,#4168,#102,.T.);
#5350=EDGE_CURVE('',#4169,#4168,#1084,.T.);
#5351=EDGE_CURVE('',#4166,#4169,#103,.T.);
#5352=EDGE_CURVE('',#4168,#4170,#104,.T.);
#5353=EDGE_CURVE('',#4171,#4170,#1085,.T.);
#5354=EDGE_CURVE('',#4169,#4171,#105,.T.);
#5355=EDGE_CURVE('',#4170,#4172,#106,.T.);
#5356=EDGE_CURVE('',#4173,#4172,#1086,.T.);
#5357=EDGE_CURVE('',#4171,#4173,#107,.T.);
#5358=EDGE_CURVE('',#4172,#4174,#1087,.T.);
#5359=EDGE_CURVE('',#4175,#4174,#1088,.T.);
#5360=EDGE_CURVE('',#4173,#4175,#1089,.T.);
#5361=EDGE_CURVE('',#4174,#4176,#1090,.T.);
#5362=EDGE_CURVE('',#4177,#4176,#1091,.T.);
#5363=EDGE_CURVE('',#4175,#4177,#1092,.T.);
#5364=EDGE_CURVE('',#4176,#4178,#108,.T.);
#5365=EDGE_CURVE('',#4179,#4178,#1093,.T.);
#5366=EDGE_CURVE('',#4177,#4179,#109,.T.);
#5367=EDGE_CURVE('',#4178,#4180,#110,.T.);
#5368=EDGE_CURVE('',#4181,#4180,#1094,.T.);
#5369=EDGE_CURVE('',#4179,#4181,#111,.T.);
#5370=EDGE_CURVE('',#4180,#4182,#112,.T.);
#5371=EDGE_CURVE('',#4183,#4182,#1095,.T.);
#5372=EDGE_CURVE('',#4181,#4183,#113,.T.);
#5373=EDGE_CURVE('',#4182,#4184,#114,.T.);
#5374=EDGE_CURVE('',#4185,#4184,#1096,.T.);
#5375=EDGE_CURVE('',#4183,#4185,#115,.T.);
#5376=EDGE_CURVE('',#4184,#4186,#116,.T.);
#5377=EDGE_CURVE('',#4187,#4186,#1097,.T.);
#5378=EDGE_CURVE('',#4185,#4187,#117,.T.);
#5379=EDGE_CURVE('',#4186,#4188,#118,.T.);
#5380=EDGE_CURVE('',#4189,#4188,#1098,.T.);
#5381=EDGE_CURVE('',#4187,#4189,#119,.T.);
#5382=EDGE_CURVE('',#4188,#4190,#1099,.T.);
#5383=EDGE_CURVE('',#4191,#4190,#1100,.T.);
#5384=EDGE_CURVE('',#4189,#4191,#1101,.T.);
#5385=EDGE_CURVE('',#4190,#4192,#1102,.T.);
#5386=EDGE_CURVE('',#4193,#4192,#1103,.T.);
#5387=EDGE_CURVE('',#4191,#4193,#1104,.T.);
#5388=EDGE_CURVE('',#4192,#4194,#120,.T.);
#5389=EDGE_CURVE('',#4195,#4194,#1105,.T.);
#5390=EDGE_CURVE('',#4193,#4195,#121,.T.);
#5391=EDGE_CURVE('',#4194,#4196,#122,.T.);
#5392=EDGE_CURVE('',#4197,#4196,#1106,.T.);
#5393=EDGE_CURVE('',#4195,#4197,#123,.T.);
#5394=EDGE_CURVE('',#4196,#4198,#124,.T.);
#5395=EDGE_CURVE('',#4199,#4198,#1107,.T.);
#5396=EDGE_CURVE('',#4197,#4199,#125,.T.);
#5397=EDGE_CURVE('',#4198,#4200,#126,.T.);
#5398=EDGE_CURVE('',#4201,#4200,#1108,.T.);
#5399=EDGE_CURVE('',#4199,#4201,#127,.T.);
#5400=EDGE_CURVE('',#4200,#4167,#128,.T.);
#5401=EDGE_CURVE('',#4201,#4166,#129,.T.);
#5402=EDGE_CURVE('',#4202,#4203,#1109,.T.);
#5403=EDGE_CURVE('',#4203,#4204,#272,.T.);
#5404=EDGE_CURVE('',#4205,#4204,#1110,.T.);
#5405=EDGE_CURVE('',#4202,#4205,#273,.T.);
#5406=EDGE_CURVE('',#4204,#4206,#130,.T.);
#5407=EDGE_CURVE('',#4207,#4206,#1111,.T.);
#5408=EDGE_CURVE('',#4205,#4207,#131,.T.);
#5409=EDGE_CURVE('',#4206,#4208,#132,.T.);
#5410=EDGE_CURVE('',#4209,#4208,#1112,.T.);
#5411=EDGE_CURVE('',#4207,#4209,#133,.T.);
#5412=EDGE_CURVE('',#4208,#4210,#1113,.T.);
#5413=EDGE_CURVE('',#4211,#4210,#1114,.T.);
#5414=EDGE_CURVE('',#4209,#4211,#1115,.T.);
#5415=EDGE_CURVE('',#4210,#4212,#1116,.T.);
#5416=EDGE_CURVE('',#4213,#4212,#1117,.T.);
#5417=EDGE_CURVE('',#4211,#4213,#1118,.T.);
#5418=EDGE_CURVE('',#4212,#4214,#134,.T.);
#5419=EDGE_CURVE('',#4215,#4214,#1119,.T.);
#5420=EDGE_CURVE('',#4213,#4215,#135,.T.);
#5421=EDGE_CURVE('',#4214,#4216,#136,.T.);
#5422=EDGE_CURVE('',#4217,#4216,#1120,.T.);
#5423=EDGE_CURVE('',#4215,#4217,#137,.T.);
#5424=EDGE_CURVE('',#4216,#4218,#138,.T.);
#5425=EDGE_CURVE('',#4219,#4218,#1121,.T.);
#5426=EDGE_CURVE('',#4217,#4219,#139,.T.);
#5427=EDGE_CURVE('',#4218,#4220,#140,.T.);
#5428=EDGE_CURVE('',#4221,#4220,#1122,.T.);
#5429=EDGE_CURVE('',#4219,#4221,#141,.T.);
#5430=EDGE_CURVE('',#4220,#4222,#142,.T.);
#5431=EDGE_CURVE('',#4223,#4222,#1123,.T.);
#5432=EDGE_CURVE('',#4221,#4223,#143,.T.);
#5433=EDGE_CURVE('',#4222,#4224,#144,.T.);
#5434=EDGE_CURVE('',#4225,#4224,#1124,.T.);
#5435=EDGE_CURVE('',#4223,#4225,#145,.T.);
#5436=EDGE_CURVE('',#4224,#4226,#146,.T.);
#5437=EDGE_CURVE('',#4227,#4226,#1125,.T.);
#5438=EDGE_CURVE('',#4225,#4227,#147,.T.);
#5439=EDGE_CURVE('',#4226,#4228,#148,.T.);
#5440=EDGE_CURVE('',#4229,#4228,#1126,.T.);
#5441=EDGE_CURVE('',#4227,#4229,#149,.T.);
#5442=EDGE_CURVE('',#4228,#4230,#150,.T.);
#5443=EDGE_CURVE('',#4231,#4230,#1127,.T.);
#5444=EDGE_CURVE('',#4229,#4231,#151,.T.);
#5445=EDGE_CURVE('',#4230,#4232,#152,.T.);
#5446=EDGE_CURVE('',#4233,#4232,#1128,.T.);
#5447=EDGE_CURVE('',#4231,#4233,#153,.T.);
#5448=EDGE_CURVE('',#4232,#4234,#154,.T.);
#5449=EDGE_CURVE('',#4235,#4234,#1129,.T.);
#5450=EDGE_CURVE('',#4233,#4235,#155,.T.);
#5451=EDGE_CURVE('',#4234,#4236,#156,.T.);
#5452=EDGE_CURVE('',#4237,#4236,#1130,.T.);
#5453=EDGE_CURVE('',#4235,#4237,#157,.T.);
#5454=EDGE_CURVE('',#4236,#4238,#158,.T.);
#5455=EDGE_CURVE('',#4239,#4238,#1131,.T.);
#5456=EDGE_CURVE('',#4237,#4239,#159,.T.);
#5457=EDGE_CURVE('',#4238,#4240,#160,.T.);
#5458=EDGE_CURVE('',#4241,#4240,#1132,.T.);
#5459=EDGE_CURVE('',#4239,#4241,#161,.T.);
#5460=EDGE_CURVE('',#4240,#4242,#162,.T.);
#5461=EDGE_CURVE('',#4243,#4242,#1133,.T.);
#5462=EDGE_CURVE('',#4241,#4243,#163,.T.);
#5463=EDGE_CURVE('',#4242,#4244,#164,.T.);
#5464=EDGE_CURVE('',#4245,#4244,#1134,.T.);
#5465=EDGE_CURVE('',#4243,#4245,#165,.T.);
#5466=EDGE_CURVE('',#4244,#4246,#166,.T.);
#5467=EDGE_CURVE('',#4247,#4246,#1135,.T.);
#5468=EDGE_CURVE('',#4245,#4247,#167,.T.);
#5469=EDGE_CURVE('',#4246,#4248,#274,.T.);
#5470=EDGE_CURVE('',#4249,#4248,#1136,.T.);
#5471=EDGE_CURVE('',#4247,#4249,#275,.T.);
#5472=EDGE_CURVE('',#4248,#4250,#168,.T.);
#5473=EDGE_CURVE('',#4251,#4250,#1137,.T.);
#5474=EDGE_CURVE('',#4249,#4251,#169,.T.);
#5475=EDGE_CURVE('',#4250,#4252,#170,.T.);
#5476=EDGE_CURVE('',#4253,#4252,#1138,.T.);
#5477=EDGE_CURVE('',#4251,#4253,#171,.T.);
#5478=EDGE_CURVE('',#4252,#4254,#172,.T.);
#5479=EDGE_CURVE('',#4255,#4254,#1139,.T.);
#5480=EDGE_CURVE('',#4253,#4255,#173,.T.);
#5481=EDGE_CURVE('',#4254,#4256,#174,.T.);
#5482=EDGE_CURVE('',#4257,#4256,#1140,.T.);
#5483=EDGE_CURVE('',#4255,#4257,#175,.T.);
#5484=EDGE_CURVE('',#4256,#4258,#1141,.T.);
#5485=EDGE_CURVE('',#4259,#4258,#1142,.T.);
#5486=EDGE_CURVE('',#4257,#4259,#1143,.T.);
#5487=EDGE_CURVE('',#4258,#4260,#1144,.T.);
#5488=EDGE_CURVE('',#4261,#4260,#1145,.T.);
#5489=EDGE_CURVE('',#4259,#4261,#1146,.T.);
#5490=EDGE_CURVE('',#4260,#4262,#176,.T.);
#5491=EDGE_CURVE('',#4263,#4262,#1147,.T.);
#5492=EDGE_CURVE('',#4261,#4263,#177,.T.);
#5493=EDGE_CURVE('',#4262,#4264,#178,.T.);
#5494=EDGE_CURVE('',#4265,#4264,#1148,.T.);
#5495=EDGE_CURVE('',#4263,#4265,#179,.T.);
#5496=EDGE_CURVE('',#4264,#4266,#180,.T.);
#5497=EDGE_CURVE('',#4267,#4266,#1149,.T.);
#5498=EDGE_CURVE('',#4265,#4267,#181,.T.);
#5499=EDGE_CURVE('',#4266,#4268,#182,.T.);
#5500=EDGE_CURVE('',#4269,#4268,#1150,.T.);
#5501=EDGE_CURVE('',#4267,#4269,#183,.T.);
#5502=EDGE_CURVE('',#4268,#4270,#184,.T.);
#5503=EDGE_CURVE('',#4271,#4270,#1151,.T.);
#5504=EDGE_CURVE('',#4269,#4271,#185,.T.);
#5505=EDGE_CURVE('',#4270,#4272,#186,.T.);
#5506=EDGE_CURVE('',#4273,#4272,#1152,.T.);
#5507=EDGE_CURVE('',#4271,#4273,#187,.T.);
#5508=EDGE_CURVE('',#4272,#4274,#188,.T.);
#5509=EDGE_CURVE('',#4275,#4274,#1153,.T.);
#5510=EDGE_CURVE('',#4273,#4275,#189,.T.);
#5511=EDGE_CURVE('',#4274,#4276,#190,.T.);
#5512=EDGE_CURVE('',#4277,#4276,#1154,.T.);
#5513=EDGE_CURVE('',#4275,#4277,#191,.T.);
#5514=EDGE_CURVE('',#4276,#4278,#192,.T.);
#5515=EDGE_CURVE('',#4279,#4278,#1155,.T.);
#5516=EDGE_CURVE('',#4277,#4279,#193,.T.);
#5517=EDGE_CURVE('',#4278,#4280,#276,.T.);
#5518=EDGE_CURVE('',#4281,#4280,#1156,.T.);
#5519=EDGE_CURVE('',#4279,#4281,#277,.T.);
#5520=EDGE_CURVE('',#4280,#4282,#194,.T.);
#5521=EDGE_CURVE('',#4283,#4282,#1157,.T.);
#5522=EDGE_CURVE('',#4281,#4283,#195,.T.);
#5523=EDGE_CURVE('',#4282,#4284,#196,.T.);
#5524=EDGE_CURVE('',#4285,#4284,#1158,.T.);
#5525=EDGE_CURVE('',#4283,#4285,#197,.T.);
#5526=EDGE_CURVE('',#4284,#4286,#198,.T.);
#5527=EDGE_CURVE('',#4287,#4286,#1159,.T.);
#5528=EDGE_CURVE('',#4285,#4287,#199,.T.);
#5529=EDGE_CURVE('',#4286,#4288,#200,.T.);
#5530=EDGE_CURVE('',#4289,#4288,#1160,.T.);
#5531=EDGE_CURVE('',#4287,#4289,#201,.T.);
#5532=EDGE_CURVE('',#4289,#4202,#202,.T.);
#5533=EDGE_CURVE('',#4288,#4203,#203,.T.);
#5534=EDGE_CURVE('',#4290,#4291,#1161,.T.);
#5535=EDGE_CURVE('',#4291,#4292,#204,.T.);
#5536=EDGE_CURVE('',#4293,#4292,#1162,.T.);
#5537=EDGE_CURVE('',#4290,#4293,#205,.T.);
#5538=EDGE_CURVE('',#4292,#4294,#206,.T.);
#5539=EDGE_CURVE('',#4295,#4294,#1163,.T.);
#5540=EDGE_CURVE('',#4293,#4295,#207,.T.);
#5541=EDGE_CURVE('',#4294,#4296,#208,.T.);
#5542=EDGE_CURVE('',#4297,#4296,#1164,.T.);
#5543=EDGE_CURVE('',#4295,#4297,#209,.T.);
#5544=EDGE_CURVE('',#4296,#4298,#1165,.T.);
#5545=EDGE_CURVE('',#4299,#4298,#1166,.T.);
#5546=EDGE_CURVE('',#4297,#4299,#1167,.T.);
#5547=EDGE_CURVE('',#4298,#4300,#1168,.T.);
#5548=EDGE_CURVE('',#4301,#4300,#1169,.T.);
#5549=EDGE_CURVE('',#4299,#4301,#1170,.T.);
#5550=EDGE_CURVE('',#4300,#4302,#210,.T.);
#5551=EDGE_CURVE('',#4303,#4302,#1171,.T.);
#5552=EDGE_CURVE('',#4301,#4303,#211,.T.);
#5553=EDGE_CURVE('',#4302,#4304,#1172,.T.);
#5554=EDGE_CURVE('',#4305,#4304,#1173,.T.);
#5555=EDGE_CURVE('',#4303,#4305,#1174,.T.);
#5556=EDGE_CURVE('',#4304,#4306,#1175,.T.);
#5557=EDGE_CURVE('',#4307,#4306,#1176,.T.);
#5558=EDGE_CURVE('',#4305,#4307,#1177,.T.);
#5559=EDGE_CURVE('',#4306,#4308,#212,.T.);
#5560=EDGE_CURVE('',#4309,#4308,#1178,.T.);
#5561=EDGE_CURVE('',#4307,#4309,#213,.T.);
#5562=EDGE_CURVE('',#4308,#4310,#214,.T.);
#5563=EDGE_CURVE('',#4311,#4310,#1179,.T.);
#5564=EDGE_CURVE('',#4309,#4311,#215,.T.);
#5565=EDGE_CURVE('',#4310,#4312,#216,.T.);
#5566=EDGE_CURVE('',#4313,#4312,#1180,.T.);
#5567=EDGE_CURVE('',#4311,#4313,#217,.T.);
#5568=EDGE_CURVE('',#4312,#4314,#218,.T.);
#5569=EDGE_CURVE('',#4315,#4314,#1181,.T.);
#5570=EDGE_CURVE('',#4313,#4315,#219,.T.);
#5571=EDGE_CURVE('',#4314,#4316,#1182,.T.);
#5572=EDGE_CURVE('',#4317,#4316,#1183,.T.);
#5573=EDGE_CURVE('',#4315,#4317,#1184,.T.);
#5574=EDGE_CURVE('',#4316,#4318,#1185,.T.);
#5575=EDGE_CURVE('',#4319,#4318,#1186,.T.);
#5576=EDGE_CURVE('',#4317,#4319,#1187,.T.);
#5577=EDGE_CURVE('',#4318,#4320,#1188,.T.);
#5578=EDGE_CURVE('',#4321,#4320,#1189,.T.);
#5579=EDGE_CURVE('',#4319,#4321,#1190,.T.);
#5580=EDGE_CURVE('',#4320,#4291,#220,.T.);
#5581=EDGE_CURVE('',#4321,#4290,#221,.T.);
#5582=ORIENTED_EDGE('',*,*,#4322,.F.);
#5583=ORIENTED_EDGE('',*,*,#4323,.F.);
#5584=ORIENTED_EDGE('',*,*,#4324,.F.);
#5585=ORIENTED_EDGE('',*,*,#4325,.F.);
#5586=ORIENTED_EDGE('',*,*,#4326,.F.);
#5587=ORIENTED_EDGE('',*,*,#4327,.F.);
#5588=ORIENTED_EDGE('',*,*,#4324,.T.);
#5589=ORIENTED_EDGE('',*,*,#4328,.T.);
#5590=ORIENTED_EDGE('',*,*,#4326,.T.);
#5591=ORIENTED_EDGE('',*,*,#4329,.T.);
#5592=ORIENTED_EDGE('',*,*,#4330,.F.);
#5593=ORIENTED_EDGE('',*,*,#4331,.F.);
#5594=ORIENTED_EDGE('',*,*,#4332,.F.);
#5595=ORIENTED_EDGE('',*,*,#4333,.F.);
#5596=ORIENTED_EDGE('',*,*,#4334,.F.);
#5597=ORIENTED_EDGE('',*,*,#4335,.F.);
#5598=ORIENTED_EDGE('',*,*,#4336,.F.);
#5599=ORIENTED_EDGE('',*,*,#4337,.F.);
#5600=ORIENTED_EDGE('',*,*,#4338,.F.);
#5601=ORIENTED_EDGE('',*,*,#4339,.F.);
#5602=ORIENTED_EDGE('',*,*,#4340,.F.);
#5603=ORIENTED_EDGE('',*,*,#4341,.F.);
#5604=ORIENTED_EDGE('',*,*,#4342,.F.);
#5605=ORIENTED_EDGE('',*,*,#4343,.F.);
#5606=ORIENTED_EDGE('',*,*,#4344,.F.);
#5607=ORIENTED_EDGE('',*,*,#4345,.F.);
#5608=ORIENTED_EDGE('',*,*,#4346,.F.);
#5609=ORIENTED_EDGE('',*,*,#4347,.F.);
#5610=ORIENTED_EDGE('',*,*,#4348,.F.);
#5611=ORIENTED_EDGE('',*,*,#4349,.F.);
#5612=ORIENTED_EDGE('',*,*,#4350,.F.);
#5613=ORIENTED_EDGE('',*,*,#4351,.F.);
#5614=ORIENTED_EDGE('',*,*,#4352,.F.);
#5615=ORIENTED_EDGE('',*,*,#4353,.F.);
#5616=ORIENTED_EDGE('',*,*,#4354,.F.);
#5617=ORIENTED_EDGE('',*,*,#4355,.F.);
#5618=ORIENTED_EDGE('',*,*,#4356,.F.);
#5619=ORIENTED_EDGE('',*,*,#4357,.F.);
#5620=ORIENTED_EDGE('',*,*,#4358,.F.);
#5621=ORIENTED_EDGE('',*,*,#4359,.F.);
#5622=ORIENTED_EDGE('',*,*,#4360,.F.);
#5623=ORIENTED_EDGE('',*,*,#4361,.F.);
#5624=ORIENTED_EDGE('',*,*,#4362,.F.);
#5625=ORIENTED_EDGE('',*,*,#4363,.F.);
#5626=ORIENTED_EDGE('',*,*,#4364,.F.);
#5627=ORIENTED_EDGE('',*,*,#4365,.F.);
#5628=ORIENTED_EDGE('',*,*,#4366,.F.);
#5629=ORIENTED_EDGE('',*,*,#4367,.F.);
#5630=ORIENTED_EDGE('',*,*,#4350,.T.);
#5631=ORIENTED_EDGE('',*,*,#4368,.T.);
#5632=ORIENTED_EDGE('',*,*,#4366,.T.);
#5633=ORIENTED_EDGE('',*,*,#4369,.T.);
#5634=ORIENTED_EDGE('',*,*,#4367,.T.);
#5635=ORIENTED_EDGE('',*,*,#4370,.T.);
#5636=ORIENTED_EDGE('',*,*,#4341,.T.);
#5637=ORIENTED_EDGE('',*,*,#4371,.T.);
#5638=ORIENTED_EDGE('',*,*,#4372,.F.);
#5639=ORIENTED_EDGE('',*,*,#4373,.F.);
#5640=ORIENTED_EDGE('',*,*,#4374,.F.);
#5641=ORIENTED_EDGE('',*,*,#4375,.F.);
#5642=ORIENTED_EDGE('',*,*,#4376,.F.);
#5643=ORIENTED_EDGE('',*,*,#4377,.F.);
#5644=ORIENTED_EDGE('',*,*,#4378,.F.);
#5645=ORIENTED_EDGE('',*,*,#4379,.F.);
#5646=ORIENTED_EDGE('',*,*,#4380,.F.);
#5647=ORIENTED_EDGE('',*,*,#4381,.F.);
#5648=ORIENTED_EDGE('',*,*,#4382,.F.);
#5649=ORIENTED_EDGE('',*,*,#4383,.F.);
#5650=ORIENTED_EDGE('',*,*,#4377,.T.);
#5651=ORIENTED_EDGE('',*,*,#4384,.T.);
#5652=ORIENTED_EDGE('',*,*,#4381,.T.);
#5653=ORIENTED_EDGE('',*,*,#4385,.T.);
#5654=ORIENTED_EDGE('',*,*,#4365,.T.);
#5655=ORIENTED_EDGE('',*,*,#4386,.T.);
#5656=ORIENTED_EDGE('',*,*,#4382,.T.);
#5657=ORIENTED_EDGE('',*,*,#4387,.T.);
#5658=ORIENTED_EDGE('',*,*,#4383,.T.);
#5659=ORIENTED_EDGE('',*,*,#4388,.T.);
#5660=ORIENTED_EDGE('',*,*,#4362,.T.);
#5661=ORIENTED_EDGE('',*,*,#4389,.T.);
#5662=ORIENTED_EDGE('',*,*,#4380,.T.);
#5663=ORIENTED_EDGE('',*,*,#4390,.T.);
#5664=ORIENTED_EDGE('',*,*,#4373,.T.);
#5665=ORIENTED_EDGE('',*,*,#4391,.T.);
#5666=ORIENTED_EDGE('',*,*,#4357,.T.);
#5667=ORIENTED_EDGE('',*,*,#4392,.T.);
#5668=ORIENTED_EDGE('',*,*,#4378,.T.);
#5669=ORIENTED_EDGE('',*,*,#4393,.T.);
#5670=ORIENTED_EDGE('',*,*,#4354,.T.);
#5671=ORIENTED_EDGE('',*,*,#4394,.T.);
#5672=ORIENTED_EDGE('',*,*,#4379,.T.);
#5673=ORIENTED_EDGE('',*,*,#4395,.T.);
#5674=ORIENTED_EDGE('',*,*,#4376,.T.);
#5675=ORIENTED_EDGE('',*,*,#4396,.T.);
#5676=ORIENTED_EDGE('',*,*,#4351,.T.);
#5677=ORIENTED_EDGE('',*,*,#4397,.T.);
#5678=ORIENTED_EDGE('',*,*,#4346,.T.);
#5679=ORIENTED_EDGE('',*,*,#4398,.T.);
#5680=ORIENTED_EDGE('',*,*,#4374,.T.);
#5681=ORIENTED_EDGE('',*,*,#4399,.T.);
#5682=ORIENTED_EDGE('',*,*,#4344,.T.);
#5683=ORIENTED_EDGE('',*,*,#4400,.T.);
#5684=ORIENTED_EDGE('',*,*,#4375,.T.);
#5685=ORIENTED_EDGE('',*,*,#4401,.T.);
#5686=ORIENTED_EDGE('',*,*,#4372,.T.);
#5687=ORIENTED_EDGE('',*,*,#4402,.T.);
#5688=ORIENTED_EDGE('',*,*,#4358,.T.);
#5689=ORIENTED_EDGE('',*,*,#4403,.T.);
#5690=ORIENTED_EDGE('',*,*,#4340,.T.);
#5691=ORIENTED_EDGE('',*,*,#4404,.T.);
#5692=ORIENTED_EDGE('',*,*,#4363,.T.);
#5693=ORIENTED_EDGE('',*,*,#4405,.T.);
#5694=ORIENTED_EDGE('',*,*,#4364,.T.);
#5695=ORIENTED_EDGE('',*,*,#4406,.T.);
#5696=ORIENTED_EDGE('',*,*,#4356,.T.);
#5697=ORIENTED_EDGE('',*,*,#4407,.T.);
#5698=ORIENTED_EDGE('',*,*,#4361,.T.);
#5699=ORIENTED_EDGE('',*,*,#4408,.T.);
#5700=ORIENTED_EDGE('',*,*,#4347,.T.);
#5701=ORIENTED_EDGE('',*,*,#4409,.T.);
#5702=ORIENTED_EDGE('',*,*,#4334,.T.);
#5703=ORIENTED_EDGE('',*,*,#4410,.T.);
#5704=ORIENTED_EDGE('',*,*,#4359,.T.);
#5705=ORIENTED_EDGE('',*,*,#4411,.T.);
#5706=ORIENTED_EDGE('',*,*,#4360,.T.);
#5707=ORIENTED_EDGE('',*,*,#4412,.T.);
#5708=ORIENTED_EDGE('',*,*,#4337,.T.);
#5709=ORIENTED_EDGE('',*,*,#4413,.T.);
#5710=ORIENTED_EDGE('',*,*,#4336,.T.);
#5711=ORIENTED_EDGE('',*,*,#4414,.T.);
#5712=ORIENTED_EDGE('',*,*,#4355,.T.);
#5713=ORIENTED_EDGE('',*,*,#4415,.T.);
#5714=ORIENTED_EDGE('',*,*,#4353,.T.);
#5715=ORIENTED_EDGE('',*,*,#4416,.T.);
#5716=ORIENTED_EDGE('',*,*,#4332,.T.);
#5717=ORIENTED_EDGE('',*,*,#4417,.T.);
#5718=ORIENTED_EDGE('',*,*,#4331,.T.);
#5719=ORIENTED_EDGE('',*,*,#4418,.T.);
#5720=ORIENTED_EDGE('',*,*,#4352,.T.);
#5721=ORIENTED_EDGE('',*,*,#4419,.T.);
#5722=ORIENTED_EDGE('',*,*,#4339,.T.);
#5723=ORIENTED_EDGE('',*,*,#4420,.T.);
#5724=ORIENTED_EDGE('',*,*,#4348,.T.);
#5725=ORIENTED_EDGE('',*,*,#4421,.T.);
#5726=ORIENTED_EDGE('',*,*,#4349,.T.);
#5727=ORIENTED_EDGE('',*,*,#4422,.T.);
#5728=ORIENTED_EDGE('',*,*,#4325,.T.);
#5729=ORIENTED_EDGE('',*,*,#4423,.T.);
#5730=ORIENTED_EDGE('',*,*,#4327,.T.);
#5731=ORIENTED_EDGE('',*,*,#4424,.T.);
#5732=ORIENTED_EDGE('',*,*,#4345,.T.);
#5733=ORIENTED_EDGE('',*,*,#4425,.T.);
#5734=ORIENTED_EDGE('',*,*,#4335,.T.);
#5735=ORIENTED_EDGE('',*,*,#4426,.T.);
#5736=ORIENTED_EDGE('',*,*,#4343,.T.);
#5737=ORIENTED_EDGE('',*,*,#4427,.T.);
#5738=ORIENTED_EDGE('',*,*,#4330,.T.);
#5739=ORIENTED_EDGE('',*,*,#4428,.T.);
#5740=ORIENTED_EDGE('',*,*,#4342,.T.);
#5741=ORIENTED_EDGE('',*,*,#4429,.T.);
#5742=ORIENTED_EDGE('',*,*,#4338,.T.);
#5743=ORIENTED_EDGE('',*,*,#4430,.T.);
#5744=ORIENTED_EDGE('',*,*,#4322,.T.);
#5745=ORIENTED_EDGE('',*,*,#4431,.T.);
#5746=ORIENTED_EDGE('',*,*,#4323,.T.);
#5747=ORIENTED_EDGE('',*,*,#4432,.T.);
#5748=ORIENTED_EDGE('',*,*,#4333,.T.);
#5749=ORIENTED_EDGE('',*,*,#4433,.T.);
#5750=ORIENTED_EDGE('',*,*,#4328,.F.);
#5751=ORIENTED_EDGE('',*,*,#4433,.F.);
#5752=ORIENTED_EDGE('',*,*,#4427,.F.);
#5753=ORIENTED_EDGE('',*,*,#4424,.F.);
#5754=ORIENTED_EDGE('',*,*,#4368,.F.);
#5755=ORIENTED_EDGE('',*,*,#4418,.F.);
#5756=ORIENTED_EDGE('',*,*,#4429,.F.);
#5757=ORIENTED_EDGE('',*,*,#4370,.F.);
#5758=ORIENTED_EDGE('',*,*,#4371,.F.);
#5759=ORIENTED_EDGE('',*,*,#4405,.F.);
#5760=ORIENTED_EDGE('',*,*,#4388,.F.);
#5761=ORIENTED_EDGE('',*,*,#4386,.F.);
#5762=ORIENTED_EDGE('',*,*,#4385,.F.);
#5763=ORIENTED_EDGE('',*,*,#4391,.F.);
#5764=ORIENTED_EDGE('',*,*,#4403,.F.);
#5765=ORIENTED_EDGE('',*,*,#4393,.F.);
#5766=ORIENTED_EDGE('',*,*,#4384,.F.);
#5767=ORIENTED_EDGE('',*,*,#4397,.F.);
#5768=ORIENTED_EDGE('',*,*,#4369,.F.);
#5769=ORIENTED_EDGE('',*,*,#4387,.F.);
#5770=ORIENTED_EDGE('',*,*,#4389,.F.);
#5771=ORIENTED_EDGE('',*,*,#4409,.F.);
#5772=ORIENTED_EDGE('',*,*,#4399,.F.);
#5773=ORIENTED_EDGE('',*,*,#4390,.F.);
#5774=ORIENTED_EDGE('',*,*,#4392,.F.);
#5775=ORIENTED_EDGE('',*,*,#4413,.F.);
#5776=ORIENTED_EDGE('',*,*,#4415,.F.);
#5777=ORIENTED_EDGE('',*,*,#4395,.F.);
#5778=ORIENTED_EDGE('',*,*,#4394,.F.);
#5779=ORIENTED_EDGE('',*,*,#4417,.F.);
#5780=ORIENTED_EDGE('',*,*,#4419,.F.);
#5781=ORIENTED_EDGE('',*,*,#4396,.F.);
#5782=ORIENTED_EDGE('',*,*,#4398,.F.);
#5783=ORIENTED_EDGE('',*,*,#4423,.F.);
#5784=ORIENTED_EDGE('',*,*,#4425,.F.);
#5785=ORIENTED_EDGE('',*,*,#4401,.F.);
#5786=ORIENTED_EDGE('',*,*,#4400,.F.);
#5787=ORIENTED_EDGE('',*,*,#4426,.F.);
#5788=ORIENTED_EDGE('',*,*,#4411,.F.);
#5789=ORIENTED_EDGE('',*,*,#4402,.F.);
#5790=ORIENTED_EDGE('',*,*,#4404,.F.);
#5791=ORIENTED_EDGE('',*,*,#4428,.F.);
#5792=ORIENTED_EDGE('',*,*,#4416,.F.);
#5793=ORIENTED_EDGE('',*,*,#4406,.F.);
#5794=ORIENTED_EDGE('',*,*,#4407,.F.);
#5795=ORIENTED_EDGE('',*,*,#4414,.F.);
#5796=ORIENTED_EDGE('',*,*,#4421,.F.);
#5797=ORIENTED_EDGE('',*,*,#4408,.F.);
#5798=ORIENTED_EDGE('',*,*,#4410,.F.);
#5799=ORIENTED_EDGE('',*,*,#4432,.F.);
#5800=ORIENTED_EDGE('',*,*,#4430,.F.);
#5801=ORIENTED_EDGE('',*,*,#4412,.F.);
#5802=ORIENTED_EDGE('',*,*,#4420,.F.);
#5803=ORIENTED_EDGE('',*,*,#4431,.F.);
#5804=ORIENTED_EDGE('',*,*,#4329,.F.);
#5805=ORIENTED_EDGE('',*,*,#4422,.F.);
#5806=ORIENTED_EDGE('',*,*,#4434,.F.);
#5807=ORIENTED_EDGE('',*,*,#4435,.F.);
#5808=ORIENTED_EDGE('',*,*,#4436,.F.);
#5809=ORIENTED_EDGE('',*,*,#4437,.F.);
#5810=ORIENTED_EDGE('',*,*,#4438,.F.);
#5811=ORIENTED_EDGE('',*,*,#4439,.F.);
#5812=ORIENTED_EDGE('',*,*,#4436,.T.);
#5813=ORIENTED_EDGE('',*,*,#4440,.T.);
#5814=ORIENTED_EDGE('',*,*,#4438,.T.);
#5815=ORIENTED_EDGE('',*,*,#4441,.T.);
#5816=ORIENTED_EDGE('',*,*,#4442,.F.);
#5817=ORIENTED_EDGE('',*,*,#4443,.F.);
#5818=ORIENTED_EDGE('',*,*,#4444,.F.);
#5819=ORIENTED_EDGE('',*,*,#4445,.F.);
#5820=ORIENTED_EDGE('',*,*,#4446,.F.);
#5821=ORIENTED_EDGE('',*,*,#4447,.F.);
#5822=ORIENTED_EDGE('',*,*,#4448,.F.);
#5823=ORIENTED_EDGE('',*,*,#4449,.F.);
#5824=ORIENTED_EDGE('',*,*,#4450,.F.);
#5825=ORIENTED_EDGE('',*,*,#4451,.F.);
#5826=ORIENTED_EDGE('',*,*,#4452,.F.);
#5827=ORIENTED_EDGE('',*,*,#4453,.F.);
#5828=ORIENTED_EDGE('',*,*,#4454,.F.);
#5829=ORIENTED_EDGE('',*,*,#4455,.F.);
#5830=ORIENTED_EDGE('',*,*,#4456,.F.);
#5831=ORIENTED_EDGE('',*,*,#4457,.F.);
#5832=ORIENTED_EDGE('',*,*,#4458,.F.);
#5833=ORIENTED_EDGE('',*,*,#4459,.F.);
#5834=ORIENTED_EDGE('',*,*,#4460,.F.);
#5835=ORIENTED_EDGE('',*,*,#4461,.F.);
#5836=ORIENTED_EDGE('',*,*,#4462,.F.);
#5837=ORIENTED_EDGE('',*,*,#4463,.F.);
#5838=ORIENTED_EDGE('',*,*,#4464,.F.);
#5839=ORIENTED_EDGE('',*,*,#4465,.F.);
#5840=ORIENTED_EDGE('',*,*,#4466,.F.);
#5841=ORIENTED_EDGE('',*,*,#4467,.F.);
#5842=ORIENTED_EDGE('',*,*,#4468,.F.);
#5843=ORIENTED_EDGE('',*,*,#4469,.F.);
#5844=ORIENTED_EDGE('',*,*,#4470,.F.);
#5845=ORIENTED_EDGE('',*,*,#4471,.F.);
#5846=ORIENTED_EDGE('',*,*,#4472,.F.);
#5847=ORIENTED_EDGE('',*,*,#4473,.F.);
#5848=ORIENTED_EDGE('',*,*,#4474,.F.);
#5849=ORIENTED_EDGE('',*,*,#4475,.F.);
#5850=ORIENTED_EDGE('',*,*,#4476,.F.);
#5851=ORIENTED_EDGE('',*,*,#4477,.F.);
#5852=ORIENTED_EDGE('',*,*,#4478,.F.);
#5853=ORIENTED_EDGE('',*,*,#4479,.F.);
#5854=ORIENTED_EDGE('',*,*,#4462,.T.);
#5855=ORIENTED_EDGE('',*,*,#4480,.T.);
#5856=ORIENTED_EDGE('',*,*,#4478,.T.);
#5857=ORIENTED_EDGE('',*,*,#4481,.T.);
#5858=ORIENTED_EDGE('',*,*,#4479,.T.);
#5859=ORIENTED_EDGE('',*,*,#4482,.T.);
#5860=ORIENTED_EDGE('',*,*,#4453,.T.);
#5861=ORIENTED_EDGE('',*,*,#4483,.T.);
#5862=ORIENTED_EDGE('',*,*,#4484,.F.);
#5863=ORIENTED_EDGE('',*,*,#4485,.F.);
#5864=ORIENTED_EDGE('',*,*,#4486,.F.);
#5865=ORIENTED_EDGE('',*,*,#4487,.F.);
#5866=ORIENTED_EDGE('',*,*,#4488,.F.);
#5867=ORIENTED_EDGE('',*,*,#4489,.F.);
#5868=ORIENTED_EDGE('',*,*,#4490,.F.);
#5869=ORIENTED_EDGE('',*,*,#4491,.F.);
#5870=ORIENTED_EDGE('',*,*,#4492,.F.);
#5871=ORIENTED_EDGE('',*,*,#4493,.F.);
#5872=ORIENTED_EDGE('',*,*,#4494,.F.);
#5873=ORIENTED_EDGE('',*,*,#4495,.F.);
#5874=ORIENTED_EDGE('',*,*,#4489,.T.);
#5875=ORIENTED_EDGE('',*,*,#4496,.T.);
#5876=ORIENTED_EDGE('',*,*,#4493,.T.);
#5877=ORIENTED_EDGE('',*,*,#4497,.T.);
#5878=ORIENTED_EDGE('',*,*,#4477,.T.);
#5879=ORIENTED_EDGE('',*,*,#4498,.T.);
#5880=ORIENTED_EDGE('',*,*,#4494,.T.);
#5881=ORIENTED_EDGE('',*,*,#4499,.T.);
#5882=ORIENTED_EDGE('',*,*,#4495,.T.);
#5883=ORIENTED_EDGE('',*,*,#4500,.T.);
#5884=ORIENTED_EDGE('',*,*,#4474,.T.);
#5885=ORIENTED_EDGE('',*,*,#4501,.T.);
#5886=ORIENTED_EDGE('',*,*,#4492,.T.);
#5887=ORIENTED_EDGE('',*,*,#4502,.T.);
#5888=ORIENTED_EDGE('',*,*,#4485,.T.);
#5889=ORIENTED_EDGE('',*,*,#4503,.T.);
#5890=ORIENTED_EDGE('',*,*,#4469,.T.);
#5891=ORIENTED_EDGE('',*,*,#4504,.T.);
#5892=ORIENTED_EDGE('',*,*,#4490,.T.);
#5893=ORIENTED_EDGE('',*,*,#4505,.T.);
#5894=ORIENTED_EDGE('',*,*,#4466,.T.);
#5895=ORIENTED_EDGE('',*,*,#4506,.T.);
#5896=ORIENTED_EDGE('',*,*,#4491,.T.);
#5897=ORIENTED_EDGE('',*,*,#4507,.T.);
#5898=ORIENTED_EDGE('',*,*,#4488,.T.);
#5899=ORIENTED_EDGE('',*,*,#4508,.T.);
#5900=ORIENTED_EDGE('',*,*,#4463,.T.);
#5901=ORIENTED_EDGE('',*,*,#4509,.T.);
#5902=ORIENTED_EDGE('',*,*,#4458,.T.);
#5903=ORIENTED_EDGE('',*,*,#4510,.T.);
#5904=ORIENTED_EDGE('',*,*,#4486,.T.);
#5905=ORIENTED_EDGE('',*,*,#4511,.T.);
#5906=ORIENTED_EDGE('',*,*,#4456,.T.);
#5907=ORIENTED_EDGE('',*,*,#4512,.T.);
#5908=ORIENTED_EDGE('',*,*,#4487,.T.);
#5909=ORIENTED_EDGE('',*,*,#4513,.T.);
#5910=ORIENTED_EDGE('',*,*,#4484,.T.);
#5911=ORIENTED_EDGE('',*,*,#4514,.T.);
#5912=ORIENTED_EDGE('',*,*,#4470,.T.);
#5913=ORIENTED_EDGE('',*,*,#4515,.T.);
#5914=ORIENTED_EDGE('',*,*,#4452,.T.);
#5915=ORIENTED_EDGE('',*,*,#4516,.T.);
#5916=ORIENTED_EDGE('',*,*,#4475,.T.);
#5917=ORIENTED_EDGE('',*,*,#4517,.T.);
#5918=ORIENTED_EDGE('',*,*,#4476,.T.);
#5919=ORIENTED_EDGE('',*,*,#4518,.T.);
#5920=ORIENTED_EDGE('',*,*,#4468,.T.);
#5921=ORIENTED_EDGE('',*,*,#4519,.T.);
#5922=ORIENTED_EDGE('',*,*,#4473,.T.);
#5923=ORIENTED_EDGE('',*,*,#4520,.T.);
#5924=ORIENTED_EDGE('',*,*,#4459,.T.);
#5925=ORIENTED_EDGE('',*,*,#4521,.T.);
#5926=ORIENTED_EDGE('',*,*,#4446,.T.);
#5927=ORIENTED_EDGE('',*,*,#4522,.T.);
#5928=ORIENTED_EDGE('',*,*,#4471,.T.);
#5929=ORIENTED_EDGE('',*,*,#4523,.T.);
#5930=ORIENTED_EDGE('',*,*,#4472,.T.);
#5931=ORIENTED_EDGE('',*,*,#4524,.T.);
#5932=ORIENTED_EDGE('',*,*,#4449,.T.);
#5933=ORIENTED_EDGE('',*,*,#4525,.T.);
#5934=ORIENTED_EDGE('',*,*,#4448,.T.);
#5935=ORIENTED_EDGE('',*,*,#4526,.T.);
#5936=ORIENTED_EDGE('',*,*,#4467,.T.);
#5937=ORIENTED_EDGE('',*,*,#4527,.T.);
#5938=ORIENTED_EDGE('',*,*,#4465,.T.);
#5939=ORIENTED_EDGE('',*,*,#4528,.T.);
#5940=ORIENTED_EDGE('',*,*,#4444,.T.);
#5941=ORIENTED_EDGE('',*,*,#4529,.T.);
#5942=ORIENTED_EDGE('',*,*,#4443,.T.);
#5943=ORIENTED_EDGE('',*,*,#4530,.T.);
#5944=ORIENTED_EDGE('',*,*,#4464,.T.);
#5945=ORIENTED_EDGE('',*,*,#4531,.T.);
#5946=ORIENTED_EDGE('',*,*,#4451,.T.);
#5947=ORIENTED_EDGE('',*,*,#4532,.T.);
#5948=ORIENTED_EDGE('',*,*,#4460,.T.);
#5949=ORIENTED_EDGE('',*,*,#4533,.T.);
#5950=ORIENTED_EDGE('',*,*,#4461,.T.);
#5951=ORIENTED_EDGE('',*,*,#4534,.T.);
#5952=ORIENTED_EDGE('',*,*,#4437,.T.);
#5953=ORIENTED_EDGE('',*,*,#4535,.T.);
#5954=ORIENTED_EDGE('',*,*,#4439,.T.);
#5955=ORIENTED_EDGE('',*,*,#4536,.T.);
#5956=ORIENTED_EDGE('',*,*,#4457,.T.);
#5957=ORIENTED_EDGE('',*,*,#4537,.T.);
#5958=ORIENTED_EDGE('',*,*,#4447,.T.);
#5959=ORIENTED_EDGE('',*,*,#4538,.T.);
#5960=ORIENTED_EDGE('',*,*,#4455,.T.);
#5961=ORIENTED_EDGE('',*,*,#4539,.T.);
#5962=ORIENTED_EDGE('',*,*,#4442,.T.);
#5963=ORIENTED_EDGE('',*,*,#4540,.T.);
#5964=ORIENTED_EDGE('',*,*,#4454,.T.);
#5965=ORIENTED_EDGE('',*,*,#4541,.T.);
#5966=ORIENTED_EDGE('',*,*,#4450,.T.);
#5967=ORIENTED_EDGE('',*,*,#4542,.T.);
#5968=ORIENTED_EDGE('',*,*,#4434,.T.);
#5969=ORIENTED_EDGE('',*,*,#4543,.T.);
#5970=ORIENTED_EDGE('',*,*,#4435,.T.);
#5971=ORIENTED_EDGE('',*,*,#4544,.T.);
#5972=ORIENTED_EDGE('',*,*,#4445,.T.);
#5973=ORIENTED_EDGE('',*,*,#4545,.T.);
#5974=ORIENTED_EDGE('',*,*,#4440,.F.);
#5975=ORIENTED_EDGE('',*,*,#4545,.F.);
#5976=ORIENTED_EDGE('',*,*,#4539,.F.);
#5977=ORIENTED_EDGE('',*,*,#4536,.F.);
#5978=ORIENTED_EDGE('',*,*,#4480,.F.);
#5979=ORIENTED_EDGE('',*,*,#4530,.F.);
#5980=ORIENTED_EDGE('',*,*,#4541,.F.);
#5981=ORIENTED_EDGE('',*,*,#4482,.F.);
#5982=ORIENTED_EDGE('',*,*,#4483,.F.);
#5983=ORIENTED_EDGE('',*,*,#4517,.F.);
#5984=ORIENTED_EDGE('',*,*,#4500,.F.);
#5985=ORIENTED_EDGE('',*,*,#4498,.F.);
#5986=ORIENTED_EDGE('',*,*,#4497,.F.);
#5987=ORIENTED_EDGE('',*,*,#4503,.F.);
#5988=ORIENTED_EDGE('',*,*,#4515,.F.);
#5989=ORIENTED_EDGE('',*,*,#4505,.F.);
#5990=ORIENTED_EDGE('',*,*,#4496,.F.);
#5991=ORIENTED_EDGE('',*,*,#4509,.F.);
#5992=ORIENTED_EDGE('',*,*,#4481,.F.);
#5993=ORIENTED_EDGE('',*,*,#4499,.F.);
#5994=ORIENTED_EDGE('',*,*,#4501,.F.);
#5995=ORIENTED_EDGE('',*,*,#4521,.F.);
#5996=ORIENTED_EDGE('',*,*,#4511,.F.);
#5997=ORIENTED_EDGE('',*,*,#4502,.F.);
#5998=ORIENTED_EDGE('',*,*,#4504,.F.);
#5999=ORIENTED_EDGE('',*,*,#4525,.F.);
#6000=ORIENTED_EDGE('',*,*,#4527,.F.);
#6001=ORIENTED_EDGE('',*,*,#4507,.F.);
#6002=ORIENTED_EDGE('',*,*,#4506,.F.);
#6003=ORIENTED_EDGE('',*,*,#4529,.F.);
#6004=ORIENTED_EDGE('',*,*,#4531,.F.);
#6005=ORIENTED_EDGE('',*,*,#4508,.F.);
#6006=ORIENTED_EDGE('',*,*,#4510,.F.);
#6007=ORIENTED_EDGE('',*,*,#4535,.F.);
#6008=ORIENTED_EDGE('',*,*,#4537,.F.);
#6009=ORIENTED_EDGE('',*,*,#4513,.F.);
#6010=ORIENTED_EDGE('',*,*,#4512,.F.);
#6011=ORIENTED_EDGE('',*,*,#4538,.F.);
#6012=ORIENTED_EDGE('',*,*,#4523,.F.);
#6013=ORIENTED_EDGE('',*,*,#4514,.F.);
#6014=ORIENTED_EDGE('',*,*,#4516,.F.);
#6015=ORIENTED_EDGE('',*,*,#4540,.F.);
#6016=ORIENTED_EDGE('',*,*,#4528,.F.);
#6017=ORIENTED_EDGE('',*,*,#4518,.F.);
#6018=ORIENTED_EDGE('',*,*,#4519,.F.);
#6019=ORIENTED_EDGE('',*,*,#4526,.F.);
#6020=ORIENTED_EDGE('',*,*,#4533,.F.);
#6021=ORIENTED_EDGE('',*,*,#4520,.F.);
#6022=ORIENTED_EDGE('',*,*,#4522,.F.);
#6023=ORIENTED_EDGE('',*,*,#4544,.F.);
#6024=ORIENTED_EDGE('',*,*,#4542,.F.);
#6025=ORIENTED_EDGE('',*,*,#4524,.F.);
#6026=ORIENTED_EDGE('',*,*,#4532,.F.);
#6027=ORIENTED_EDGE('',*,*,#4543,.F.);
#6028=ORIENTED_EDGE('',*,*,#4441,.F.);
#6029=ORIENTED_EDGE('',*,*,#4534,.F.);
#6030=ORIENTED_EDGE('',*,*,#4546,.F.);
#6031=ORIENTED_EDGE('',*,*,#4547,.F.);
#6032=ORIENTED_EDGE('',*,*,#4548,.F.);
#6033=ORIENTED_EDGE('',*,*,#4549,.F.);
#6034=ORIENTED_EDGE('',*,*,#4550,.F.);
#6035=ORIENTED_EDGE('',*,*,#4551,.F.);
#6036=ORIENTED_EDGE('',*,*,#4552,.F.);
#6037=ORIENTED_EDGE('',*,*,#4553,.F.);
#6038=ORIENTED_EDGE('',*,*,#4554,.F.);
#6039=ORIENTED_EDGE('',*,*,#4555,.F.);
#6040=ORIENTED_EDGE('',*,*,#4556,.F.);
#6041=ORIENTED_EDGE('',*,*,#4557,.F.);
#6042=ORIENTED_EDGE('',*,*,#4558,.F.);
#6043=ORIENTED_EDGE('',*,*,#4559,.F.);
#6044=ORIENTED_EDGE('',*,*,#4560,.F.);
#6045=ORIENTED_EDGE('',*,*,#4561,.F.);
#6046=ORIENTED_EDGE('',*,*,#4562,.F.);
#6047=ORIENTED_EDGE('',*,*,#4563,.F.);
#6048=ORIENTED_EDGE('',*,*,#4564,.F.);
#6049=ORIENTED_EDGE('',*,*,#4551,.T.);
#6050=ORIENTED_EDGE('',*,*,#4565,.T.);
#6051=ORIENTED_EDGE('',*,*,#4563,.T.);
#6052=ORIENTED_EDGE('',*,*,#4566,.T.);
#6053=ORIENTED_EDGE('',*,*,#4567,.F.);
#6054=ORIENTED_EDGE('',*,*,#4568,.F.);
#6055=ORIENTED_EDGE('',*,*,#4569,.F.);
#6056=ORIENTED_EDGE('',*,*,#4570,.F.);
#6057=ORIENTED_EDGE('',*,*,#4571,.F.);
#6058=ORIENTED_EDGE('',*,*,#4572,.F.);
#6059=ORIENTED_EDGE('',*,*,#4573,.F.);
#6060=ORIENTED_EDGE('',*,*,#4574,.F.);
#6061=ORIENTED_EDGE('',*,*,#4575,.F.);
#6062=ORIENTED_EDGE('',*,*,#4576,.F.);
#6063=ORIENTED_EDGE('',*,*,#4555,.T.);
#6064=ORIENTED_EDGE('',*,*,#4577,.T.);
#6065=ORIENTED_EDGE('',*,*,#4575,.T.);
#6066=ORIENTED_EDGE('',*,*,#4578,.T.);
#6067=ORIENTED_EDGE('',*,*,#4576,.T.);
#6068=ORIENTED_EDGE('',*,*,#4579,.T.);
#6069=ORIENTED_EDGE('',*,*,#4553,.T.);
#6070=ORIENTED_EDGE('',*,*,#4580,.T.);
#6071=ORIENTED_EDGE('',*,*,#4581,.F.);
#6072=ORIENTED_EDGE('',*,*,#4582,.F.);
#6073=ORIENTED_EDGE('',*,*,#4583,.F.);
#6074=ORIENTED_EDGE('',*,*,#4584,.F.);
#6075=ORIENTED_EDGE('',*,*,#4585,.F.);
#6076=ORIENTED_EDGE('',*,*,#4586,.F.);
#6077=ORIENTED_EDGE('',*,*,#4587,.F.);
#6078=ORIENTED_EDGE('',*,*,#4588,.F.);
#6079=ORIENTED_EDGE('',*,*,#4589,.F.);
#6080=ORIENTED_EDGE('',*,*,#4590,.F.);
#6081=ORIENTED_EDGE('',*,*,#4591,.F.);
#6082=ORIENTED_EDGE('',*,*,#4592,.F.);
#6083=ORIENTED_EDGE('',*,*,#4593,.F.);
#6084=ORIENTED_EDGE('',*,*,#4594,.F.);
#6085=ORIENTED_EDGE('',*,*,#4595,.F.);
#6086=ORIENTED_EDGE('',*,*,#4596,.T.);
#6087=ORIENTED_EDGE('',*,*,#4597,.T.);
#6088=ORIENTED_EDGE('',*,*,#4593,.T.);
#6089=ORIENTED_EDGE('',*,*,#4598,.T.);
#6090=ORIENTED_EDGE('',*,*,#4599,.T.);
#6091=ORIENTED_EDGE('',*,*,#4600,.T.);
#6092=ORIENTED_EDGE('',*,*,#4596,.F.);
#6093=ORIENTED_EDGE('',*,*,#4601,.T.);
#6094=ORIENTED_EDGE('',*,*,#4602,.T.);
#6095=ORIENTED_EDGE('',*,*,#4603,.T.);
#6096=ORIENTED_EDGE('',*,*,#4599,.F.);
#6097=ORIENTED_EDGE('',*,*,#4604,.T.);
#6098=ORIENTED_EDGE('',*,*,#4605,.T.);
#6099=ORIENTED_EDGE('',*,*,#4606,.T.);
#6100=ORIENTED_EDGE('',*,*,#4602,.F.);
#6101=ORIENTED_EDGE('',*,*,#4607,.T.);
#6102=ORIENTED_EDGE('',*,*,#4608,.T.);
#6103=ORIENTED_EDGE('',*,*,#4609,.T.);
#6104=ORIENTED_EDGE('',*,*,#4605,.F.);
#6105=ORIENTED_EDGE('',*,*,#4610,.T.);
#6106=ORIENTED_EDGE('',*,*,#4611,.T.);
#6107=ORIENTED_EDGE('',*,*,#4612,.T.);
#6108=ORIENTED_EDGE('',*,*,#4608,.F.);
#6109=ORIENTED_EDGE('',*,*,#4613,.T.);
#6110=ORIENTED_EDGE('',*,*,#4581,.T.);
#6111=ORIENTED_EDGE('',*,*,#4614,.T.);
#6112=ORIENTED_EDGE('',*,*,#4611,.F.);
#6113=ORIENTED_EDGE('',*,*,#4615,.T.);
#6114=ORIENTED_EDGE('',*,*,#4573,.T.);
#6115=ORIENTED_EDGE('',*,*,#4616,.T.);
#6116=ORIENTED_EDGE('',*,*,#4594,.T.);
#6117=ORIENTED_EDGE('',*,*,#4617,.T.);
#6118=ORIENTED_EDGE('',*,*,#4595,.T.);
#6119=ORIENTED_EDGE('',*,*,#4618,.T.);
#6120=ORIENTED_EDGE('',*,*,#4562,.T.);
#6121=ORIENTED_EDGE('',*,*,#4619,.T.);
#6122=ORIENTED_EDGE('',*,*,#4620,.F.);
#6123=ORIENTED_EDGE('',*,*,#4621,.F.);
#6124=ORIENTED_EDGE('',*,*,#4622,.F.);
#6125=ORIENTED_EDGE('',*,*,#4623,.F.);
#6126=ORIENTED_EDGE('',*,*,#4624,.F.);
#6127=ORIENTED_EDGE('',*,*,#4625,.F.);
#6128=ORIENTED_EDGE('',*,*,#4626,.F.);
#6129=ORIENTED_EDGE('',*,*,#4627,.F.);
#6130=ORIENTED_EDGE('',*,*,#4585,.T.);
#6131=ORIENTED_EDGE('',*,*,#4628,.T.);
#6132=ORIENTED_EDGE('',*,*,#4625,.T.);
#6133=ORIENTED_EDGE('',*,*,#4629,.T.);
#6134=ORIENTED_EDGE('',*,*,#4574,.T.);
#6135=ORIENTED_EDGE('',*,*,#4630,.T.);
#6136=ORIENTED_EDGE('',*,*,#4626,.T.);
#6137=ORIENTED_EDGE('',*,*,#4631,.T.);
#6138=ORIENTED_EDGE('',*,*,#4627,.T.);
#6139=ORIENTED_EDGE('',*,*,#4632,.T.);
#6140=ORIENTED_EDGE('',*,*,#4582,.T.);
#6141=ORIENTED_EDGE('',*,*,#4633,.T.);
#6142=ORIENTED_EDGE('',*,*,#4634,.F.);
#6143=ORIENTED_EDGE('',*,*,#4635,.F.);
#6144=ORIENTED_EDGE('',*,*,#4636,.F.);
#6145=ORIENTED_EDGE('',*,*,#4637,.F.);
#6146=ORIENTED_EDGE('',*,*,#4638,.T.);
#6147=ORIENTED_EDGE('',*,*,#4639,.T.);
#6148=ORIENTED_EDGE('',*,*,#4635,.T.);
#6149=ORIENTED_EDGE('',*,*,#4640,.T.);
#6150=ORIENTED_EDGE('',*,*,#4641,.T.);
#6151=ORIENTED_EDGE('',*,*,#4642,.T.);
#6152=ORIENTED_EDGE('',*,*,#4638,.F.);
#6153=ORIENTED_EDGE('',*,*,#4643,.T.);
#6154=ORIENTED_EDGE('',*,*,#4644,.T.);
#6155=ORIENTED_EDGE('',*,*,#4645,.T.);
#6156=ORIENTED_EDGE('',*,*,#4641,.F.);
#6157=ORIENTED_EDGE('',*,*,#4646,.T.);
#6158=ORIENTED_EDGE('',*,*,#4647,.T.);
#6159=ORIENTED_EDGE('',*,*,#4648,.T.);
#6160=ORIENTED_EDGE('',*,*,#4644,.F.);
#6161=ORIENTED_EDGE('',*,*,#4649,.T.);
#6162=ORIENTED_EDGE('',*,*,#4650,.T.);
#6163=ORIENTED_EDGE('',*,*,#4651,.T.);
#6164=ORIENTED_EDGE('',*,*,#4647,.F.);
#6165=ORIENTED_EDGE('',*,*,#4652,.T.);
#6166=ORIENTED_EDGE('',*,*,#4653,.T.);
#6167=ORIENTED_EDGE('',*,*,#4654,.T.);
#6168=ORIENTED_EDGE('',*,*,#4650,.F.);
#6169=ORIENTED_EDGE('',*,*,#4655,.T.);
#6170=ORIENTED_EDGE('',*,*,#4624,.T.);
#6171=ORIENTED_EDGE('',*,*,#4656,.T.);
#6172=ORIENTED_EDGE('',*,*,#4653,.F.);
#6173=ORIENTED_EDGE('',*,*,#4657,.T.);
#6174=ORIENTED_EDGE('',*,*,#4592,.T.);
#6175=ORIENTED_EDGE('',*,*,#4658,.T.);
#6176=ORIENTED_EDGE('',*,*,#4636,.T.);
#6177=ORIENTED_EDGE('',*,*,#4659,.T.);
#6178=ORIENTED_EDGE('',*,*,#4590,.T.);
#6179=ORIENTED_EDGE('',*,*,#4660,.T.);
#6180=ORIENTED_EDGE('',*,*,#4637,.T.);
#6181=ORIENTED_EDGE('',*,*,#4661,.T.);
#6182=ORIENTED_EDGE('',*,*,#4634,.T.);
#6183=ORIENTED_EDGE('',*,*,#4662,.T.);
#6184=ORIENTED_EDGE('',*,*,#4621,.T.);
#6185=ORIENTED_EDGE('',*,*,#4663,.T.);
#6186=ORIENTED_EDGE('',*,*,#4568,.T.);
#6187=ORIENTED_EDGE('',*,*,#4664,.T.);
#6188=ORIENTED_EDGE('',*,*,#4622,.T.);
#6189=ORIENTED_EDGE('',*,*,#4665,.T.);
#6190=ORIENTED_EDGE('',*,*,#4623,.T.);
#6191=ORIENTED_EDGE('',*,*,#4666,.T.);
#6192=ORIENTED_EDGE('',*,*,#4571,.T.);
#6193=ORIENTED_EDGE('',*,*,#4667,.T.);
#6194=ORIENTED_EDGE('',*,*,#4668,.T.);
#6195=ORIENTED_EDGE('',*,*,#4669,.T.);
#6196=ORIENTED_EDGE('',*,*,#4586,.T.);
#6197=ORIENTED_EDGE('',*,*,#4670,.T.);
#6198=ORIENTED_EDGE('',*,*,#4671,.T.);
#6199=ORIENTED_EDGE('',*,*,#4672,.T.);
#6200=ORIENTED_EDGE('',*,*,#4668,.F.);
#6201=ORIENTED_EDGE('',*,*,#4673,.T.);
#6202=ORIENTED_EDGE('',*,*,#4674,.T.);
#6203=ORIENTED_EDGE('',*,*,#4675,.T.);
#6204=ORIENTED_EDGE('',*,*,#4671,.F.);
#6205=ORIENTED_EDGE('',*,*,#4676,.T.);
#6206=ORIENTED_EDGE('',*,*,#4677,.T.);
#6207=ORIENTED_EDGE('',*,*,#4678,.T.);
#6208=ORIENTED_EDGE('',*,*,#4674,.F.);
#6209=ORIENTED_EDGE('',*,*,#4679,.T.);
#6210=ORIENTED_EDGE('',*,*,#4680,.T.);
#6211=ORIENTED_EDGE('',*,*,#4681,.T.);
#6212=ORIENTED_EDGE('',*,*,#4677,.F.);
#6213=ORIENTED_EDGE('',*,*,#4682,.T.);
#6214=ORIENTED_EDGE('',*,*,#4683,.T.);
#6215=ORIENTED_EDGE('',*,*,#4684,.T.);
#6216=ORIENTED_EDGE('',*,*,#4680,.F.);
#6217=ORIENTED_EDGE('',*,*,#4685,.T.);
#6218=ORIENTED_EDGE('',*,*,#4620,.T.);
#6219=ORIENTED_EDGE('',*,*,#4686,.T.);
#6220=ORIENTED_EDGE('',*,*,#4683,.F.);
#6221=ORIENTED_EDGE('',*,*,#4687,.T.);
#6222=ORIENTED_EDGE('',*,*,#4564,.T.);
#6223=ORIENTED_EDGE('',*,*,#4688,.T.);
#6224=ORIENTED_EDGE('',*,*,#4591,.T.);
#6225=ORIENTED_EDGE('',*,*,#4689,.T.);
#6226=ORIENTED_EDGE('',*,*,#4569,.T.);
#6227=ORIENTED_EDGE('',*,*,#4690,.T.);
#6228=ORIENTED_EDGE('',*,*,#4589,.T.);
#6229=ORIENTED_EDGE('',*,*,#4691,.T.);
#6230=ORIENTED_EDGE('',*,*,#4558,.T.);
#6231=ORIENTED_EDGE('',*,*,#4692,.T.);
#6232=ORIENTED_EDGE('',*,*,#4587,.T.);
#6233=ORIENTED_EDGE('',*,*,#4693,.T.);
#6234=ORIENTED_EDGE('',*,*,#4588,.T.);
#6235=ORIENTED_EDGE('',*,*,#4694,.T.);
#6236=ORIENTED_EDGE('',*,*,#4556,.T.);
#6237=ORIENTED_EDGE('',*,*,#4695,.T.);
#6238=ORIENTED_EDGE('',*,*,#4552,.T.);
#6239=ORIENTED_EDGE('',*,*,#4696,.T.);
#6240=ORIENTED_EDGE('',*,*,#4583,.T.);
#6241=ORIENTED_EDGE('',*,*,#4697,.T.);
#6242=ORIENTED_EDGE('',*,*,#4560,.T.);
#6243=ORIENTED_EDGE('',*,*,#4698,.T.);
#6244=ORIENTED_EDGE('',*,*,#4584,.T.);
#6245=ORIENTED_EDGE('',*,*,#4699,.T.);
#6246=ORIENTED_EDGE('',*,*,#4572,.T.);
#6247=ORIENTED_EDGE('',*,*,#4700,.T.);
#6248=ORIENTED_EDGE('',*,*,#4549,.T.);
#6249=ORIENTED_EDGE('',*,*,#4701,.T.);
#6250=ORIENTED_EDGE('',*,*,#4702,.T.);
#6251=ORIENTED_EDGE('',*,*,#4703,.T.);
#6252=ORIENTED_EDGE('',*,*,#4559,.T.);
#6253=ORIENTED_EDGE('',*,*,#4704,.T.);
#6254=ORIENTED_EDGE('',*,*,#4705,.T.);
#6255=ORIENTED_EDGE('',*,*,#4706,.T.);
#6256=ORIENTED_EDGE('',*,*,#4702,.F.);
#6257=ORIENTED_EDGE('',*,*,#4707,.T.);
#6258=ORIENTED_EDGE('',*,*,#4708,.T.);
#6259=ORIENTED_EDGE('',*,*,#4709,.T.);
#6260=ORIENTED_EDGE('',*,*,#4705,.F.);
#6261=ORIENTED_EDGE('',*,*,#4710,.T.);
#6262=ORIENTED_EDGE('',*,*,#4711,.T.);
#6263=ORIENTED_EDGE('',*,*,#4712,.T.);
#6264=ORIENTED_EDGE('',*,*,#4708,.F.);
#6265=ORIENTED_EDGE('',*,*,#4713,.T.);
#6266=ORIENTED_EDGE('',*,*,#4714,.T.);
#6267=ORIENTED_EDGE('',*,*,#4715,.T.);
#6268=ORIENTED_EDGE('',*,*,#4711,.F.);
#6269=ORIENTED_EDGE('',*,*,#4716,.T.);
#6270=ORIENTED_EDGE('',*,*,#4717,.T.);
#6271=ORIENTED_EDGE('',*,*,#4718,.T.);
#6272=ORIENTED_EDGE('',*,*,#4714,.F.);
#6273=ORIENTED_EDGE('',*,*,#4719,.T.);
#6274=ORIENTED_EDGE('',*,*,#4570,.T.);
#6275=ORIENTED_EDGE('',*,*,#4720,.T.);
#6276=ORIENTED_EDGE('',*,*,#4717,.F.);
#6277=ORIENTED_EDGE('',*,*,#4721,.T.);
#6278=ORIENTED_EDGE('',*,*,#4550,.T.);
#6279=ORIENTED_EDGE('',*,*,#4722,.T.);
#6280=ORIENTED_EDGE('',*,*,#4567,.T.);
#6281=ORIENTED_EDGE('',*,*,#4723,.T.);
#6282=ORIENTED_EDGE('',*,*,#4561,.T.);
#6283=ORIENTED_EDGE('',*,*,#4724,.T.);
#6284=ORIENTED_EDGE('',*,*,#4547,.T.);
#6285=ORIENTED_EDGE('',*,*,#4725,.T.);
#6286=ORIENTED_EDGE('',*,*,#4546,.T.);
#6287=ORIENTED_EDGE('',*,*,#4726,.T.);
#6288=ORIENTED_EDGE('',*,*,#4557,.T.);
#6289=ORIENTED_EDGE('',*,*,#4727,.T.);
#6290=ORIENTED_EDGE('',*,*,#4548,.T.);
#6291=ORIENTED_EDGE('',*,*,#4728,.T.);
#6292=ORIENTED_EDGE('',*,*,#4554,.T.);
#6293=ORIENTED_EDGE('',*,*,#4729,.T.);
#6294=ORIENTED_EDGE('',*,*,#4613,.F.);
#6295=ORIENTED_EDGE('',*,*,#4730,.T.);
#6296=ORIENTED_EDGE('',*,*,#4654,.F.);
#6297=ORIENTED_EDGE('',*,*,#4731,.T.);
#6298=ORIENTED_EDGE('',*,*,#4610,.F.);
#6299=ORIENTED_EDGE('',*,*,#4732,.F.);
#6300=ORIENTED_EDGE('',*,*,#4651,.F.);
#6301=ORIENTED_EDGE('',*,*,#4730,.F.);
#6302=ORIENTED_EDGE('',*,*,#4607,.F.);
#6303=ORIENTED_EDGE('',*,*,#4733,.F.);
#6304=ORIENTED_EDGE('',*,*,#4648,.F.);
#6305=ORIENTED_EDGE('',*,*,#4732,.T.);
#6306=ORIENTED_EDGE('',*,*,#4598,.F.);
#6307=ORIENTED_EDGE('',*,*,#4659,.F.);
#6308=ORIENTED_EDGE('',*,*,#4639,.F.);
#6309=ORIENTED_EDGE('',*,*,#4734,.F.);
#6310=ORIENTED_EDGE('',*,*,#4604,.F.);
#6311=ORIENTED_EDGE('',*,*,#4735,.F.);
#6312=ORIENTED_EDGE('',*,*,#4645,.F.);
#6313=ORIENTED_EDGE('',*,*,#4733,.T.);
#6314=ORIENTED_EDGE('',*,*,#4601,.F.);
#6315=ORIENTED_EDGE('',*,*,#4734,.T.);
#6316=ORIENTED_EDGE('',*,*,#4642,.F.);
#6317=ORIENTED_EDGE('',*,*,#4735,.T.);
#6318=ORIENTED_EDGE('',*,*,#4719,.F.);
#6319=ORIENTED_EDGE('',*,*,#4736,.F.);
#6320=ORIENTED_EDGE('',*,*,#4684,.F.);
#6321=ORIENTED_EDGE('',*,*,#4737,.T.);
#6322=ORIENTED_EDGE('',*,*,#4716,.F.);
#6323=ORIENTED_EDGE('',*,*,#4738,.F.);
#6324=ORIENTED_EDGE('',*,*,#4681,.F.);
#6325=ORIENTED_EDGE('',*,*,#4736,.T.);
#6326=ORIENTED_EDGE('',*,*,#4713,.F.);
#6327=ORIENTED_EDGE('',*,*,#4739,.T.);
#6328=ORIENTED_EDGE('',*,*,#4678,.F.);
#6329=ORIENTED_EDGE('',*,*,#4738,.T.);
#6330=ORIENTED_EDGE('',*,*,#4704,.F.);
#6331=ORIENTED_EDGE('',*,*,#4693,.F.);
#6332=ORIENTED_EDGE('',*,*,#4669,.F.);
#6333=ORIENTED_EDGE('',*,*,#4740,.T.);
#6334=ORIENTED_EDGE('',*,*,#4710,.F.);
#6335=ORIENTED_EDGE('',*,*,#4741,.F.);
#6336=ORIENTED_EDGE('',*,*,#4675,.F.);
#6337=ORIENTED_EDGE('',*,*,#4739,.F.);
#6338=ORIENTED_EDGE('',*,*,#4707,.F.);
#6339=ORIENTED_EDGE('',*,*,#4740,.F.);
#6340=ORIENTED_EDGE('',*,*,#4672,.F.);
#6341=ORIENTED_EDGE('',*,*,#4741,.T.);
#6342=ORIENTED_EDGE('',*,*,#4565,.F.);
#6343=ORIENTED_EDGE('',*,*,#4723,.F.);
#6344=ORIENTED_EDGE('',*,*,#4691,.F.);
#6345=ORIENTED_EDGE('',*,*,#4688,.F.);
#6346=ORIENTED_EDGE('',*,*,#4577,.F.);
#6347=ORIENTED_EDGE('',*,*,#4726,.F.);
#6348=ORIENTED_EDGE('',*,*,#4729,.F.);
#6349=ORIENTED_EDGE('',*,*,#4579,.F.);
#6350=ORIENTED_EDGE('',*,*,#4580,.F.);
#6351=ORIENTED_EDGE('',*,*,#4697,.F.);
#6352=ORIENTED_EDGE('',*,*,#4632,.F.);
#6353=ORIENTED_EDGE('',*,*,#4630,.F.);
#6354=ORIENTED_EDGE('',*,*,#4597,.F.);
#6355=ORIENTED_EDGE('',*,*,#4600,.F.);
#6356=ORIENTED_EDGE('',*,*,#4603,.F.);
#6357=ORIENTED_EDGE('',*,*,#4606,.F.);
#6358=ORIENTED_EDGE('',*,*,#4609,.F.);
#6359=ORIENTED_EDGE('',*,*,#4612,.F.);
#6360=ORIENTED_EDGE('',*,*,#4614,.F.);
#6361=ORIENTED_EDGE('',*,*,#4698,.F.);
#6362=ORIENTED_EDGE('',*,*,#4703,.F.);
#6363=ORIENTED_EDGE('',*,*,#4706,.F.);
#6364=ORIENTED_EDGE('',*,*,#4709,.F.);
#6365=ORIENTED_EDGE('',*,*,#4712,.F.);
#6366=ORIENTED_EDGE('',*,*,#4715,.F.);
#6367=ORIENTED_EDGE('',*,*,#4718,.F.);
#6368=ORIENTED_EDGE('',*,*,#4720,.F.);
#6369=ORIENTED_EDGE('',*,*,#4617,.F.);
#6370=ORIENTED_EDGE('',*,*,#4616,.F.);
#6371=ORIENTED_EDGE('',*,*,#4701,.F.);
#6372=ORIENTED_EDGE('',*,*,#4566,.F.);
#6373=ORIENTED_EDGE('',*,*,#4618,.F.);
#6374=ORIENTED_EDGE('',*,*,#4619,.F.);
#6375=ORIENTED_EDGE('',*,*,#4689,.F.);
#6376=ORIENTED_EDGE('',*,*,#4661,.F.);
#6377=ORIENTED_EDGE('',*,*,#4658,.F.);
#6378=ORIENTED_EDGE('',*,*,#4628,.F.);
#6379=ORIENTED_EDGE('',*,*,#4695,.F.);
#6380=ORIENTED_EDGE('',*,*,#4578,.F.);
#6381=ORIENTED_EDGE('',*,*,#4631,.F.);
#6382=ORIENTED_EDGE('',*,*,#4640,.F.);
#6383=ORIENTED_EDGE('',*,*,#4663,.F.);
#6384=ORIENTED_EDGE('',*,*,#4687,.F.);
#6385=ORIENTED_EDGE('',*,*,#4685,.F.);
#6386=ORIENTED_EDGE('',*,*,#4682,.F.);
#6387=ORIENTED_EDGE('',*,*,#4679,.F.);
#6388=ORIENTED_EDGE('',*,*,#4676,.F.);
#6389=ORIENTED_EDGE('',*,*,#4673,.F.);
#6390=ORIENTED_EDGE('',*,*,#4670,.F.);
#6391=ORIENTED_EDGE('',*,*,#4629,.F.);
#6392=ORIENTED_EDGE('',*,*,#4657,.F.);
#6393=ORIENTED_EDGE('',*,*,#4655,.F.);
#6394=ORIENTED_EDGE('',*,*,#4652,.F.);
#6395=ORIENTED_EDGE('',*,*,#4649,.F.);
#6396=ORIENTED_EDGE('',*,*,#4646,.F.);
#6397=ORIENTED_EDGE('',*,*,#4643,.F.);
#6398=ORIENTED_EDGE('',*,*,#4660,.F.);
#6399=ORIENTED_EDGE('',*,*,#4690,.F.);
#6400=ORIENTED_EDGE('',*,*,#4665,.F.);
#6401=ORIENTED_EDGE('',*,*,#4662,.F.);
#6402=ORIENTED_EDGE('',*,*,#4664,.F.);
#6403=ORIENTED_EDGE('',*,*,#4722,.F.);
#6404=ORIENTED_EDGE('',*,*,#4700,.F.);
#6405=ORIENTED_EDGE('',*,*,#4666,.F.);
#6406=ORIENTED_EDGE('',*,*,#4692,.F.);
#6407=ORIENTED_EDGE('',*,*,#4725,.F.);
#6408=ORIENTED_EDGE('',*,*,#4727,.F.);
#6409=ORIENTED_EDGE('',*,*,#4694,.F.);
#6410=ORIENTED_EDGE('',*,*,#4696,.F.);
#6411=ORIENTED_EDGE('',*,*,#4728,.F.);
#6412=ORIENTED_EDGE('',*,*,#4724,.F.);
#6413=ORIENTED_EDGE('',*,*,#4699,.F.);
#6414=ORIENTED_EDGE('',*,*,#4615,.F.);
#6415=ORIENTED_EDGE('',*,*,#4731,.F.);
#6416=ORIENTED_EDGE('',*,*,#4656,.F.);
#6417=ORIENTED_EDGE('',*,*,#4633,.F.);
#6418=ORIENTED_EDGE('',*,*,#4721,.F.);
#6419=ORIENTED_EDGE('',*,*,#4737,.F.);
#6420=ORIENTED_EDGE('',*,*,#4686,.F.);
#6421=ORIENTED_EDGE('',*,*,#4667,.F.);
#6422=ORIENTED_EDGE('',*,*,#4742,.F.);
#6423=ORIENTED_EDGE('',*,*,#4743,.F.);
#6424=ORIENTED_EDGE('',*,*,#4744,.F.);
#6425=ORIENTED_EDGE('',*,*,#4745,.F.);
#6426=ORIENTED_EDGE('',*,*,#4746,.F.);
#6427=ORIENTED_EDGE('',*,*,#4747,.F.);
#6428=ORIENTED_EDGE('',*,*,#4748,.F.);
#6429=ORIENTED_EDGE('',*,*,#4749,.F.);
#6430=ORIENTED_EDGE('',*,*,#4750,.F.);
#6431=ORIENTED_EDGE('',*,*,#4751,.F.);
#6432=ORIENTED_EDGE('',*,*,#4752,.F.);
#6433=ORIENTED_EDGE('',*,*,#4753,.F.);
#6434=ORIENTED_EDGE('',*,*,#4743,.T.);
#6435=ORIENTED_EDGE('',*,*,#4754,.T.);
#6436=ORIENTED_EDGE('',*,*,#4752,.T.);
#6437=ORIENTED_EDGE('',*,*,#4755,.T.);
#6438=ORIENTED_EDGE('',*,*,#4756,.F.);
#6439=ORIENTED_EDGE('',*,*,#4757,.F.);
#6440=ORIENTED_EDGE('',*,*,#4758,.F.);
#6441=ORIENTED_EDGE('',*,*,#4759,.F.);
#6442=ORIENTED_EDGE('',*,*,#4760,.F.);
#6443=ORIENTED_EDGE('',*,*,#4761,.F.);
#6444=ORIENTED_EDGE('',*,*,#4762,.F.);
#6445=ORIENTED_EDGE('',*,*,#4763,.F.);
#6446=ORIENTED_EDGE('',*,*,#4764,.F.);
#6447=ORIENTED_EDGE('',*,*,#4765,.F.);
#6448=ORIENTED_EDGE('',*,*,#4766,.F.);
#6449=ORIENTED_EDGE('',*,*,#4767,.F.);
#6450=ORIENTED_EDGE('',*,*,#4768,.F.);
#6451=ORIENTED_EDGE('',*,*,#4769,.F.);
#6452=ORIENTED_EDGE('',*,*,#4770,.F.);
#6453=ORIENTED_EDGE('',*,*,#4771,.F.);
#6454=ORIENTED_EDGE('',*,*,#4772,.F.);
#6455=ORIENTED_EDGE('',*,*,#4773,.F.);
#6456=ORIENTED_EDGE('',*,*,#4771,.T.);
#6457=ORIENTED_EDGE('',*,*,#4774,.T.);
#6458=ORIENTED_EDGE('',*,*,#4759,.T.);
#6459=ORIENTED_EDGE('',*,*,#4775,.T.);
#6460=ORIENTED_EDGE('',*,*,#4776,.F.);
#6461=ORIENTED_EDGE('',*,*,#4777,.F.);
#6462=ORIENTED_EDGE('',*,*,#4778,.F.);
#6463=ORIENTED_EDGE('',*,*,#4750,.T.);
#6464=ORIENTED_EDGE('',*,*,#4779,.T.);
#6465=ORIENTED_EDGE('',*,*,#4777,.T.);
#6466=ORIENTED_EDGE('',*,*,#4780,.T.);
#6467=ORIENTED_EDGE('',*,*,#4781,.F.);
#6468=ORIENTED_EDGE('',*,*,#4782,.F.);
#6469=ORIENTED_EDGE('',*,*,#4783,.F.);
#6470=ORIENTED_EDGE('',*,*,#4784,.F.);
#6471=ORIENTED_EDGE('',*,*,#4757,.T.);
#6472=ORIENTED_EDGE('',*,*,#4785,.T.);
#6473=ORIENTED_EDGE('',*,*,#4782,.T.);
#6474=ORIENTED_EDGE('',*,*,#4786,.T.);
#6475=ORIENTED_EDGE('',*,*,#4751,.T.);
#6476=ORIENTED_EDGE('',*,*,#4787,.T.);
#6477=ORIENTED_EDGE('',*,*,#4783,.T.);
#6478=ORIENTED_EDGE('',*,*,#4788,.T.);
#6479=ORIENTED_EDGE('',*,*,#4789,.F.);
#6480=ORIENTED_EDGE('',*,*,#4790,.F.);
#6481=ORIENTED_EDGE('',*,*,#4791,.F.);
#6482=ORIENTED_EDGE('',*,*,#4790,.T.);
#6483=ORIENTED_EDGE('',*,*,#4792,.T.);
#6484=ORIENTED_EDGE('',*,*,#4760,.T.);
#6485=ORIENTED_EDGE('',*,*,#4793,.T.);
#6486=ORIENTED_EDGE('',*,*,#4791,.T.);
#6487=ORIENTED_EDGE('',*,*,#4794,.T.);
#6488=ORIENTED_EDGE('',*,*,#4764,.T.);
#6489=ORIENTED_EDGE('',*,*,#4795,.T.);
#6490=ORIENTED_EDGE('',*,*,#4796,.F.);
#6491=ORIENTED_EDGE('',*,*,#4797,.F.);
#6492=ORIENTED_EDGE('',*,*,#4798,.F.);
#6493=ORIENTED_EDGE('',*,*,#4799,.F.);
#6494=ORIENTED_EDGE('',*,*,#4769,.T.);
#6495=ORIENTED_EDGE('',*,*,#4800,.T.);
#6496=ORIENTED_EDGE('',*,*,#4797,.T.);
#6497=ORIENTED_EDGE('',*,*,#4801,.T.);
#6498=ORIENTED_EDGE('',*,*,#4761,.T.);
#6499=ORIENTED_EDGE('',*,*,#4802,.T.);
#6500=ORIENTED_EDGE('',*,*,#4798,.T.);
#6501=ORIENTED_EDGE('',*,*,#4803,.T.);
#6502=ORIENTED_EDGE('',*,*,#4804,.F.);
#6503=ORIENTED_EDGE('',*,*,#4805,.F.);
#6504=ORIENTED_EDGE('',*,*,#4806,.F.);
#6505=ORIENTED_EDGE('',*,*,#4807,.F.);
#6506=ORIENTED_EDGE('',*,*,#4808,.T.);
#6507=ORIENTED_EDGE('',*,*,#4809,.T.);
#6508=ORIENTED_EDGE('',*,*,#4805,.T.);
#6509=ORIENTED_EDGE('',*,*,#4810,.T.);
#6510=ORIENTED_EDGE('',*,*,#4811,.T.);
#6511=ORIENTED_EDGE('',*,*,#4812,.T.);
#6512=ORIENTED_EDGE('',*,*,#4808,.F.);
#6513=ORIENTED_EDGE('',*,*,#4813,.T.);
#6514=ORIENTED_EDGE('',*,*,#4814,.T.);
#6515=ORIENTED_EDGE('',*,*,#4815,.T.);
#6516=ORIENTED_EDGE('',*,*,#4811,.F.);
#6517=ORIENTED_EDGE('',*,*,#4816,.T.);
#6518=ORIENTED_EDGE('',*,*,#4817,.T.);
#6519=ORIENTED_EDGE('',*,*,#4818,.T.);
#6520=ORIENTED_EDGE('',*,*,#4814,.F.);
#6521=ORIENTED_EDGE('',*,*,#4819,.T.);
#6522=ORIENTED_EDGE('',*,*,#4820,.T.);
#6523=ORIENTED_EDGE('',*,*,#4821,.T.);
#6524=ORIENTED_EDGE('',*,*,#4817,.F.);
#6525=ORIENTED_EDGE('',*,*,#4822,.T.);
#6526=ORIENTED_EDGE('',*,*,#4823,.T.);
#6527=ORIENTED_EDGE('',*,*,#4824,.T.);
#6528=ORIENTED_EDGE('',*,*,#4820,.F.);
#6529=ORIENTED_EDGE('',*,*,#4825,.T.);
#6530=ORIENTED_EDGE('',*,*,#4781,.T.);
#6531=ORIENTED_EDGE('',*,*,#4826,.T.);
#6532=ORIENTED_EDGE('',*,*,#4823,.F.);
#6533=ORIENTED_EDGE('',*,*,#4827,.T.);
#6534=ORIENTED_EDGE('',*,*,#4828,.F.);
#6535=ORIENTED_EDGE('',*,*,#4829,.F.);
#6536=ORIENTED_EDGE('',*,*,#4830,.F.);
#6537=ORIENTED_EDGE('',*,*,#4831,.F.);
#6538=ORIENTED_EDGE('',*,*,#4784,.T.);
#6539=ORIENTED_EDGE('',*,*,#4832,.T.);
#6540=ORIENTED_EDGE('',*,*,#4829,.T.);
#6541=ORIENTED_EDGE('',*,*,#4833,.T.);
#6542=ORIENTED_EDGE('',*,*,#4778,.T.);
#6543=ORIENTED_EDGE('',*,*,#4834,.T.);
#6544=ORIENTED_EDGE('',*,*,#4830,.T.);
#6545=ORIENTED_EDGE('',*,*,#4835,.T.);
#6546=ORIENTED_EDGE('',*,*,#4773,.T.);
#6547=ORIENTED_EDGE('',*,*,#4836,.T.);
#6548=ORIENTED_EDGE('',*,*,#4831,.T.);
#6549=ORIENTED_EDGE('',*,*,#4837,.T.);
#6550=ORIENTED_EDGE('',*,*,#4838,.F.);
#6551=ORIENTED_EDGE('',*,*,#4839,.F.);
#6552=ORIENTED_EDGE('',*,*,#4840,.F.);
#6553=ORIENTED_EDGE('',*,*,#4841,.F.);
#6554=ORIENTED_EDGE('',*,*,#4842,.T.);
#6555=ORIENTED_EDGE('',*,*,#4843,.T.);
#6556=ORIENTED_EDGE('',*,*,#4839,.T.);
#6557=ORIENTED_EDGE('',*,*,#4844,.T.);
#6558=ORIENTED_EDGE('',*,*,#4845,.T.);
#6559=ORIENTED_EDGE('',*,*,#4846,.T.);
#6560=ORIENTED_EDGE('',*,*,#4842,.F.);
#6561=ORIENTED_EDGE('',*,*,#4847,.T.);
#6562=ORIENTED_EDGE('',*,*,#4848,.T.);
#6563=ORIENTED_EDGE('',*,*,#4849,.T.);
#6564=ORIENTED_EDGE('',*,*,#4845,.F.);
#6565=ORIENTED_EDGE('',*,*,#4850,.T.);
#6566=ORIENTED_EDGE('',*,*,#4851,.T.);
#6567=ORIENTED_EDGE('',*,*,#4852,.T.);
#6568=ORIENTED_EDGE('',*,*,#4848,.F.);
#6569=ORIENTED_EDGE('',*,*,#4853,.T.);
#6570=ORIENTED_EDGE('',*,*,#4854,.T.);
#6571=ORIENTED_EDGE('',*,*,#4855,.T.);
#6572=ORIENTED_EDGE('',*,*,#4851,.F.);
#6573=ORIENTED_EDGE('',*,*,#4856,.T.);
#6574=ORIENTED_EDGE('',*,*,#4857,.T.);
#6575=ORIENTED_EDGE('',*,*,#4858,.T.);
#6576=ORIENTED_EDGE('',*,*,#4854,.F.);
#6577=ORIENTED_EDGE('',*,*,#4859,.T.);
#6578=ORIENTED_EDGE('',*,*,#4828,.T.);
#6579=ORIENTED_EDGE('',*,*,#4860,.T.);
#6580=ORIENTED_EDGE('',*,*,#4857,.F.);
#6581=ORIENTED_EDGE('',*,*,#4861,.T.);
#6582=ORIENTED_EDGE('',*,*,#4799,.T.);
#6583=ORIENTED_EDGE('',*,*,#4862,.T.);
#6584=ORIENTED_EDGE('',*,*,#4840,.T.);
#6585=ORIENTED_EDGE('',*,*,#4863,.T.);
#6586=ORIENTED_EDGE('',*,*,#4841,.T.);
#6587=ORIENTED_EDGE('',*,*,#4864,.T.);
#6588=ORIENTED_EDGE('',*,*,#4789,.T.);
#6589=ORIENTED_EDGE('',*,*,#4865,.T.);
#6590=ORIENTED_EDGE('',*,*,#4838,.T.);
#6591=ORIENTED_EDGE('',*,*,#4866,.T.);
#6592=ORIENTED_EDGE('',*,*,#4806,.T.);
#6593=ORIENTED_EDGE('',*,*,#4867,.T.);
#6594=ORIENTED_EDGE('',*,*,#4807,.T.);
#6595=ORIENTED_EDGE('',*,*,#4868,.T.);
#6596=ORIENTED_EDGE('',*,*,#4763,.T.);
#6597=ORIENTED_EDGE('',*,*,#4869,.T.);
#6598=ORIENTED_EDGE('',*,*,#4804,.T.);
#6599=ORIENTED_EDGE('',*,*,#4870,.T.);
#6600=ORIENTED_EDGE('',*,*,#4767,.T.);
#6601=ORIENTED_EDGE('',*,*,#4871,.T.);
#6602=ORIENTED_EDGE('',*,*,#4872,.T.);
#6603=ORIENTED_EDGE('',*,*,#4873,.T.);
#6604=ORIENTED_EDGE('',*,*,#4772,.T.);
#6605=ORIENTED_EDGE('',*,*,#4874,.T.);
#6606=ORIENTED_EDGE('',*,*,#4875,.T.);
#6607=ORIENTED_EDGE('',*,*,#4876,.T.);
#6608=ORIENTED_EDGE('',*,*,#4872,.F.);
#6609=ORIENTED_EDGE('',*,*,#4877,.T.);
#6610=ORIENTED_EDGE('',*,*,#4878,.T.);
#6611=ORIENTED_EDGE('',*,*,#4879,.T.);
#6612=ORIENTED_EDGE('',*,*,#4875,.F.);
#6613=ORIENTED_EDGE('',*,*,#4880,.T.);
#6614=ORIENTED_EDGE('',*,*,#4881,.T.);
#6615=ORIENTED_EDGE('',*,*,#4882,.T.);
#6616=ORIENTED_EDGE('',*,*,#4878,.F.);
#6617=ORIENTED_EDGE('',*,*,#4883,.T.);
#6618=ORIENTED_EDGE('',*,*,#4884,.T.);
#6619=ORIENTED_EDGE('',*,*,#4885,.T.);
#6620=ORIENTED_EDGE('',*,*,#4881,.F.);
#6621=ORIENTED_EDGE('',*,*,#4886,.T.);
#6622=ORIENTED_EDGE('',*,*,#4887,.T.);
#6623=ORIENTED_EDGE('',*,*,#4888,.T.);
#6624=ORIENTED_EDGE('',*,*,#4884,.F.);
#6625=ORIENTED_EDGE('',*,*,#4889,.T.);
#6626=ORIENTED_EDGE('',*,*,#4796,.T.);
#6627=ORIENTED_EDGE('',*,*,#4890,.T.);
#6628=ORIENTED_EDGE('',*,*,#4887,.F.);
#6629=ORIENTED_EDGE('',*,*,#4891,.T.);
#6630=ORIENTED_EDGE('',*,*,#4776,.T.);
#6631=ORIENTED_EDGE('',*,*,#4892,.T.);
#6632=ORIENTED_EDGE('',*,*,#4753,.T.);
#6633=ORIENTED_EDGE('',*,*,#4893,.T.);
#6634=ORIENTED_EDGE('',*,*,#4770,.T.);
#6635=ORIENTED_EDGE('',*,*,#4894,.T.);
#6636=ORIENTED_EDGE('',*,*,#4749,.T.);
#6637=ORIENTED_EDGE('',*,*,#4895,.T.);
#6638=ORIENTED_EDGE('',*,*,#4746,.T.);
#6639=ORIENTED_EDGE('',*,*,#4896,.T.);
#6640=ORIENTED_EDGE('',*,*,#4768,.T.);
#6641=ORIENTED_EDGE('',*,*,#4897,.T.);
#6642=ORIENTED_EDGE('',*,*,#4898,.T.);
#6643=ORIENTED_EDGE('',*,*,#4899,.T.);
#6644=ORIENTED_EDGE('',*,*,#4758,.T.);
#6645=ORIENTED_EDGE('',*,*,#4900,.T.);
#6646=ORIENTED_EDGE('',*,*,#4901,.T.);
#6647=ORIENTED_EDGE('',*,*,#4902,.T.);
#6648=ORIENTED_EDGE('',*,*,#4898,.F.);
#6649=ORIENTED_EDGE('',*,*,#4903,.T.);
#6650=ORIENTED_EDGE('',*,*,#4904,.T.);
#6651=ORIENTED_EDGE('',*,*,#4905,.T.);
#6652=ORIENTED_EDGE('',*,*,#4901,.F.);
#6653=ORIENTED_EDGE('',*,*,#4906,.T.);
#6654=ORIENTED_EDGE('',*,*,#4907,.T.);
#6655=ORIENTED_EDGE('',*,*,#4908,.T.);
#6656=ORIENTED_EDGE('',*,*,#4904,.F.);
#6657=ORIENTED_EDGE('',*,*,#4909,.T.);
#6658=ORIENTED_EDGE('',*,*,#4910,.T.);
#6659=ORIENTED_EDGE('',*,*,#4911,.T.);
#6660=ORIENTED_EDGE('',*,*,#4907,.F.);
#6661=ORIENTED_EDGE('',*,*,#4912,.T.);
#6662=ORIENTED_EDGE('',*,*,#4913,.T.);
#6663=ORIENTED_EDGE('',*,*,#4914,.T.);
#6664=ORIENTED_EDGE('',*,*,#4910,.F.);
#6665=ORIENTED_EDGE('',*,*,#4915,.T.);
#6666=ORIENTED_EDGE('',*,*,#4766,.T.);
#6667=ORIENTED_EDGE('',*,*,#4916,.T.);
#6668=ORIENTED_EDGE('',*,*,#4913,.F.);
#6669=ORIENTED_EDGE('',*,*,#4917,.T.);
#6670=ORIENTED_EDGE('',*,*,#4765,.T.);
#6671=ORIENTED_EDGE('',*,*,#4918,.T.);
#6672=ORIENTED_EDGE('',*,*,#4747,.T.);
#6673=ORIENTED_EDGE('',*,*,#4919,.T.);
#6674=ORIENTED_EDGE('',*,*,#4762,.T.);
#6675=ORIENTED_EDGE('',*,*,#4920,.T.);
#6676=ORIENTED_EDGE('',*,*,#4745,.T.);
#6677=ORIENTED_EDGE('',*,*,#4921,.T.);
#6678=ORIENTED_EDGE('',*,*,#4756,.T.);
#6679=ORIENTED_EDGE('',*,*,#4922,.T.);
#6680=ORIENTED_EDGE('',*,*,#4744,.T.);
#6681=ORIENTED_EDGE('',*,*,#4923,.T.);
#6682=ORIENTED_EDGE('',*,*,#4748,.T.);
#6683=ORIENTED_EDGE('',*,*,#4924,.T.);
#6684=ORIENTED_EDGE('',*,*,#4742,.T.);
#6685=ORIENTED_EDGE('',*,*,#4925,.T.);
#6686=ORIENTED_EDGE('',*,*,#4902,.F.);
#6687=ORIENTED_EDGE('',*,*,#4926,.T.);
#6688=ORIENTED_EDGE('',*,*,#4877,.F.);
#6689=ORIENTED_EDGE('',*,*,#4927,.T.);
#6690=ORIENTED_EDGE('',*,*,#4905,.F.);
#6691=ORIENTED_EDGE('',*,*,#4928,.T.);
#6692=ORIENTED_EDGE('',*,*,#4880,.F.);
#6693=ORIENTED_EDGE('',*,*,#4926,.F.);
#6694=ORIENTED_EDGE('',*,*,#4908,.F.);
#6695=ORIENTED_EDGE('',*,*,#4929,.T.);
#6696=ORIENTED_EDGE('',*,*,#4883,.F.);
#6697=ORIENTED_EDGE('',*,*,#4928,.F.);
#6698=ORIENTED_EDGE('',*,*,#4911,.F.);
#6699=ORIENTED_EDGE('',*,*,#4930,.F.);
#6700=ORIENTED_EDGE('',*,*,#4886,.F.);
#6701=ORIENTED_EDGE('',*,*,#4929,.F.);
#6702=ORIENTED_EDGE('',*,*,#4914,.F.);
#6703=ORIENTED_EDGE('',*,*,#4931,.T.);
#6704=ORIENTED_EDGE('',*,*,#4889,.F.);
#6705=ORIENTED_EDGE('',*,*,#4930,.T.);
#6706=ORIENTED_EDGE('',*,*,#4916,.F.);
#6707=ORIENTED_EDGE('',*,*,#4801,.F.);
#6708=ORIENTED_EDGE('',*,*,#4891,.F.);
#6709=ORIENTED_EDGE('',*,*,#4931,.F.);
#6710=ORIENTED_EDGE('',*,*,#4826,.F.);
#6711=ORIENTED_EDGE('',*,*,#4833,.F.);
#6712=ORIENTED_EDGE('',*,*,#4861,.F.);
#6713=ORIENTED_EDGE('',*,*,#4932,.F.);
#6714=ORIENTED_EDGE('',*,*,#4774,.F.);
#6715=ORIENTED_EDGE('',*,*,#4895,.F.);
#6716=ORIENTED_EDGE('',*,*,#4925,.F.);
#6717=ORIENTED_EDGE('',*,*,#4922,.F.);
#6718=ORIENTED_EDGE('',*,*,#4780,.F.);
#6719=ORIENTED_EDGE('',*,*,#4893,.F.);
#6720=ORIENTED_EDGE('',*,*,#4754,.F.);
#6721=ORIENTED_EDGE('',*,*,#4924,.F.);
#6722=ORIENTED_EDGE('',*,*,#4779,.F.);
#6723=ORIENTED_EDGE('',*,*,#4894,.F.);
#6724=ORIENTED_EDGE('',*,*,#4837,.F.);
#6725=ORIENTED_EDGE('',*,*,#4834,.F.);
#6726=ORIENTED_EDGE('',*,*,#4785,.F.);
#6727=ORIENTED_EDGE('',*,*,#4923,.F.);
#6728=ORIENTED_EDGE('',*,*,#4755,.F.);
#6729=ORIENTED_EDGE('',*,*,#4788,.F.);
#6730=ORIENTED_EDGE('',*,*,#4787,.F.);
#6731=ORIENTED_EDGE('',*,*,#4892,.F.);
#6732=ORIENTED_EDGE('',*,*,#4835,.F.);
#6733=ORIENTED_EDGE('',*,*,#4832,.F.);
#6734=ORIENTED_EDGE('',*,*,#4792,.F.);
#6735=ORIENTED_EDGE('',*,*,#4864,.F.);
#6736=ORIENTED_EDGE('',*,*,#4862,.F.);
#6737=ORIENTED_EDGE('',*,*,#4802,.F.);
#6738=ORIENTED_EDGE('',*,*,#4793,.F.);
#6739=ORIENTED_EDGE('',*,*,#4921,.F.);
#6740=ORIENTED_EDGE('',*,*,#4918,.F.);
#6741=ORIENTED_EDGE('',*,*,#4794,.F.);
#6742=ORIENTED_EDGE('',*,*,#4795,.F.);
#6743=ORIENTED_EDGE('',*,*,#4868,.F.);
#6744=ORIENTED_EDGE('',*,*,#4866,.F.);
#6745=ORIENTED_EDGE('',*,*,#4865,.F.);
#6746=ORIENTED_EDGE('',*,*,#4800,.F.);
#6747=ORIENTED_EDGE('',*,*,#4896,.F.);
#6748=ORIENTED_EDGE('',*,*,#4920,.F.);
#6749=ORIENTED_EDGE('',*,*,#4803,.F.);
#6750=ORIENTED_EDGE('',*,*,#4810,.F.);
#6751=ORIENTED_EDGE('',*,*,#4871,.F.);
#6752=ORIENTED_EDGE('',*,*,#4917,.F.);
#6753=ORIENTED_EDGE('',*,*,#4915,.F.);
#6754=ORIENTED_EDGE('',*,*,#4912,.F.);
#6755=ORIENTED_EDGE('',*,*,#4909,.F.);
#6756=ORIENTED_EDGE('',*,*,#4906,.F.);
#6757=ORIENTED_EDGE('',*,*,#4903,.F.);
#6758=ORIENTED_EDGE('',*,*,#4900,.F.);
#6759=ORIENTED_EDGE('',*,*,#4786,.F.);
#6760=ORIENTED_EDGE('',*,*,#4827,.F.);
#6761=ORIENTED_EDGE('',*,*,#4825,.F.);
#6762=ORIENTED_EDGE('',*,*,#4822,.F.);
#6763=ORIENTED_EDGE('',*,*,#4819,.F.);
#6764=ORIENTED_EDGE('',*,*,#4816,.F.);
#6765=ORIENTED_EDGE('',*,*,#4813,.F.);
#6766=ORIENTED_EDGE('',*,*,#4843,.F.);
#6767=ORIENTED_EDGE('',*,*,#4846,.F.);
#6768=ORIENTED_EDGE('',*,*,#4849,.F.);
#6769=ORIENTED_EDGE('',*,*,#4852,.F.);
#6770=ORIENTED_EDGE('',*,*,#4855,.F.);
#6771=ORIENTED_EDGE('',*,*,#4858,.F.);
#6772=ORIENTED_EDGE('',*,*,#4860,.F.);
#6773=ORIENTED_EDGE('',*,*,#4836,.F.);
#6774=ORIENTED_EDGE('',*,*,#4873,.F.);
#6775=ORIENTED_EDGE('',*,*,#4876,.F.);
#6776=ORIENTED_EDGE('',*,*,#4879,.F.);
#6777=ORIENTED_EDGE('',*,*,#4882,.F.);
#6778=ORIENTED_EDGE('',*,*,#4885,.F.);
#6779=ORIENTED_EDGE('',*,*,#4888,.F.);
#6780=ORIENTED_EDGE('',*,*,#4890,.F.);
#6781=ORIENTED_EDGE('',*,*,#4863,.F.);
#6782=ORIENTED_EDGE('',*,*,#4869,.F.);
#6783=ORIENTED_EDGE('',*,*,#4919,.F.);
#6784=ORIENTED_EDGE('',*,*,#4897,.F.);
#6785=ORIENTED_EDGE('',*,*,#4870,.F.);
#6786=ORIENTED_EDGE('',*,*,#4818,.F.);
#6787=ORIENTED_EDGE('',*,*,#4933,.T.);
#6788=ORIENTED_EDGE('',*,*,#4853,.F.);
#6789=ORIENTED_EDGE('',*,*,#4934,.T.);
#6790=ORIENTED_EDGE('',*,*,#4899,.F.);
#6791=ORIENTED_EDGE('',*,*,#4927,.F.);
#6792=ORIENTED_EDGE('',*,*,#4874,.F.);
#6793=ORIENTED_EDGE('',*,*,#4775,.F.);
#6794=ORIENTED_EDGE('',*,*,#4824,.F.);
#6795=ORIENTED_EDGE('',*,*,#4932,.T.);
#6796=ORIENTED_EDGE('',*,*,#4859,.F.);
#6797=ORIENTED_EDGE('',*,*,#4935,.F.);
#6798=ORIENTED_EDGE('',*,*,#4821,.F.);
#6799=ORIENTED_EDGE('',*,*,#4935,.T.);
#6800=ORIENTED_EDGE('',*,*,#4856,.F.);
#6801=ORIENTED_EDGE('',*,*,#4933,.F.);
#6802=ORIENTED_EDGE('',*,*,#4815,.F.);
#6803=ORIENTED_EDGE('',*,*,#4934,.F.);
#6804=ORIENTED_EDGE('',*,*,#4850,.F.);
#6805=ORIENTED_EDGE('',*,*,#4936,.F.);
#6806=ORIENTED_EDGE('',*,*,#4812,.F.);
#6807=ORIENTED_EDGE('',*,*,#4936,.T.);
#6808=ORIENTED_EDGE('',*,*,#4847,.F.);
#6809=ORIENTED_EDGE('',*,*,#4937,.F.);
#6810=ORIENTED_EDGE('',*,*,#4809,.F.);
#6811=ORIENTED_EDGE('',*,*,#4937,.T.);
#6812=ORIENTED_EDGE('',*,*,#4844,.F.);
#6813=ORIENTED_EDGE('',*,*,#4867,.F.);
#6814=ORIENTED_EDGE('',*,*,#4938,.T.);
#6815=ORIENTED_EDGE('',*,*,#4939,.T.);
#6816=ORIENTED_EDGE('',*,*,#4940,.T.);
#6817=ORIENTED_EDGE('',*,*,#4941,.F.);
#6818=ORIENTED_EDGE('',*,*,#4942,.T.);
#6819=ORIENTED_EDGE('',*,*,#4943,.T.);
#6820=ORIENTED_EDGE('',*,*,#4944,.T.);
#6821=ORIENTED_EDGE('',*,*,#4945,.T.);
#6822=ORIENTED_EDGE('',*,*,#4939,.F.);
#6823=ORIENTED_EDGE('',*,*,#4946,.T.);
#6824=ORIENTED_EDGE('',*,*,#4947,.T.);
#6825=ORIENTED_EDGE('',*,*,#4948,.T.);
#6826=ORIENTED_EDGE('',*,*,#4949,.F.);
#6827=ORIENTED_EDGE('',*,*,#4950,.F.);
#6828=ORIENTED_EDGE('',*,*,#4951,.F.);
#6829=ORIENTED_EDGE('',*,*,#4952,.F.);
#6830=ORIENTED_EDGE('',*,*,#4953,.F.);
#6831=ORIENTED_EDGE('',*,*,#4954,.T.);
#6832=ORIENTED_EDGE('',*,*,#4955,.T.);
#6833=ORIENTED_EDGE('',*,*,#4944,.F.);
#6834=ORIENTED_EDGE('',*,*,#4956,.T.);
#6835=ORIENTED_EDGE('',*,*,#4951,.T.);
#6836=ORIENTED_EDGE('',*,*,#4957,.T.);
#6837=ORIENTED_EDGE('',*,*,#4958,.T.);
#6838=ORIENTED_EDGE('',*,*,#4959,.F.);
#6839=ORIENTED_EDGE('',*,*,#4960,.F.);
#6840=ORIENTED_EDGE('',*,*,#4961,.F.);
#6841=ORIENTED_EDGE('',*,*,#4950,.T.);
#6842=ORIENTED_EDGE('',*,*,#4962,.T.);
#6843=ORIENTED_EDGE('',*,*,#4960,.T.);
#6844=ORIENTED_EDGE('',*,*,#4963,.T.);
#6845=ORIENTED_EDGE('',*,*,#4964,.T.);
#6846=ORIENTED_EDGE('',*,*,#4965,.T.);
#6847=ORIENTED_EDGE('',*,*,#4966,.T.);
#6848=ORIENTED_EDGE('',*,*,#4958,.F.);
#6849=ORIENTED_EDGE('',*,*,#4967,.F.);
#6850=ORIENTED_EDGE('',*,*,#4968,.F.);
#6851=ORIENTED_EDGE('',*,*,#4969,.F.);
#6852=ORIENTED_EDGE('',*,*,#4970,.T.);
#6853=ORIENTED_EDGE('',*,*,#4971,.T.);
#6854=ORIENTED_EDGE('',*,*,#4972,.T.);
#6855=ORIENTED_EDGE('',*,*,#4973,.T.);
#6856=ORIENTED_EDGE('',*,*,#4974,.T.);
#6857=ORIENTED_EDGE('',*,*,#4975,.T.);
#6858=ORIENTED_EDGE('',*,*,#4976,.T.);
#6859=ORIENTED_EDGE('',*,*,#4977,.T.);
#6860=ORIENTED_EDGE('',*,*,#4978,.T.);
#6861=ORIENTED_EDGE('',*,*,#4979,.T.);
#6862=ORIENTED_EDGE('',*,*,#4980,.T.);
#6863=ORIENTED_EDGE('',*,*,#4981,.T.);
#6864=ORIENTED_EDGE('',*,*,#4971,.F.);
#6865=ORIENTED_EDGE('',*,*,#4982,.F.);
#6866=ORIENTED_EDGE('',*,*,#4983,.F.);
#6867=ORIENTED_EDGE('',*,*,#4984,.F.);
#6868=ORIENTED_EDGE('',*,*,#4985,.F.);
#6869=ORIENTED_EDGE('',*,*,#4986,.F.);
#6870=ORIENTED_EDGE('',*,*,#4987,.F.);
#6871=ORIENTED_EDGE('',*,*,#4988,.F.);
#6872=ORIENTED_EDGE('',*,*,#4989,.T.);
#6873=ORIENTED_EDGE('',*,*,#4990,.T.);
#6874=ORIENTED_EDGE('',*,*,#4980,.F.);
#6875=ORIENTED_EDGE('',*,*,#4991,.F.);
#6876=ORIENTED_EDGE('',*,*,#4992,.F.);
#6877=ORIENTED_EDGE('',*,*,#4993,.F.);
#6878=ORIENTED_EDGE('',*,*,#4994,.T.);
#6879=ORIENTED_EDGE('',*,*,#4995,.T.);
#6880=ORIENTED_EDGE('',*,*,#4996,.T.);
#6881=ORIENTED_EDGE('',*,*,#4997,.T.);
#6882=ORIENTED_EDGE('',*,*,#4998,.F.);
#6883=ORIENTED_EDGE('',*,*,#4999,.F.);
#6884=ORIENTED_EDGE('',*,*,#5000,.F.);
#6885=ORIENTED_EDGE('',*,*,#5001,.T.);
#6886=ORIENTED_EDGE('',*,*,#5002,.T.);
#6887=ORIENTED_EDGE('',*,*,#5003,.T.);
#6888=ORIENTED_EDGE('',*,*,#4989,.F.);
#6889=ORIENTED_EDGE('',*,*,#5004,.T.);
#6890=ORIENTED_EDGE('',*,*,#5005,.T.);
#6891=ORIENTED_EDGE('',*,*,#5006,.T.);
#6892=ORIENTED_EDGE('',*,*,#5007,.T.);
#6893=ORIENTED_EDGE('',*,*,#4995,.F.);
#6894=ORIENTED_EDGE('',*,*,#5008,.F.);
#6895=ORIENTED_EDGE('',*,*,#5009,.F.);
#6896=ORIENTED_EDGE('',*,*,#5010,.F.);
#6897=ORIENTED_EDGE('',*,*,#4999,.T.);
#6898=ORIENTED_EDGE('',*,*,#5011,.T.);
#6899=ORIENTED_EDGE('',*,*,#5009,.T.);
#6900=ORIENTED_EDGE('',*,*,#5012,.T.);
#6901=ORIENTED_EDGE('',*,*,#5013,.T.);
#6902=ORIENTED_EDGE('',*,*,#5014,.T.);
#6903=ORIENTED_EDGE('',*,*,#5015,.T.);
#6904=ORIENTED_EDGE('',*,*,#5002,.F.);
#6905=ORIENTED_EDGE('',*,*,#5016,.F.);
#6906=ORIENTED_EDGE('',*,*,#5017,.F.);
#6907=ORIENTED_EDGE('',*,*,#5018,.F.);
#6908=ORIENTED_EDGE('',*,*,#5019,.T.);
#6909=ORIENTED_EDGE('',*,*,#5017,.T.);
#6910=ORIENTED_EDGE('',*,*,#5020,.T.);
#6911=ORIENTED_EDGE('',*,*,#5006,.F.);
#6912=ORIENTED_EDGE('',*,*,#5021,.T.);
#6913=ORIENTED_EDGE('',*,*,#5022,.T.);
#6914=ORIENTED_EDGE('',*,*,#5023,.T.);
#6915=ORIENTED_EDGE('',*,*,#5024,.T.);
#6916=ORIENTED_EDGE('',*,*,#5025,.T.);
#6917=ORIENTED_EDGE('',*,*,#5014,.F.);
#6918=ORIENTED_EDGE('',*,*,#5026,.T.);
#6919=ORIENTED_EDGE('',*,*,#5027,.T.);
#6920=ORIENTED_EDGE('',*,*,#5028,.T.);
#6921=ORIENTED_EDGE('',*,*,#5029,.F.);
#6922=ORIENTED_EDGE('',*,*,#5030,.T.);
#6923=ORIENTED_EDGE('',*,*,#5031,.T.);
#6924=ORIENTED_EDGE('',*,*,#5032,.T.);
#6925=ORIENTED_EDGE('',*,*,#5027,.F.);
#6926=ORIENTED_EDGE('',*,*,#5033,.F.);
#6927=ORIENTED_EDGE('',*,*,#5034,.T.);
#6928=ORIENTED_EDGE('',*,*,#5035,.T.);
#6929=ORIENTED_EDGE('',*,*,#5024,.F.);
#6930=ORIENTED_EDGE('',*,*,#5036,.F.);
#6931=ORIENTED_EDGE('',*,*,#5037,.F.);
#6932=ORIENTED_EDGE('',*,*,#5038,.F.);
#6933=ORIENTED_EDGE('',*,*,#5039,.F.);
#6934=ORIENTED_EDGE('',*,*,#5040,.F.);
#6935=ORIENTED_EDGE('',*,*,#5041,.F.);
#6936=ORIENTED_EDGE('',*,*,#5042,.T.);
#6937=ORIENTED_EDGE('',*,*,#5043,.T.);
#6938=ORIENTED_EDGE('',*,*,#5044,.T.);
#6939=ORIENTED_EDGE('',*,*,#5034,.F.);
#6940=ORIENTED_EDGE('',*,*,#5045,.T.);
#6941=ORIENTED_EDGE('',*,*,#5046,.F.);
#6942=ORIENTED_EDGE('',*,*,#5047,.F.);
#6943=ORIENTED_EDGE('',*,*,#5048,.F.);
#6944=ORIENTED_EDGE('',*,*,#5049,.T.);
#6945=ORIENTED_EDGE('',*,*,#5050,.T.);
#6946=ORIENTED_EDGE('',*,*,#5051,.T.);
#6947=ORIENTED_EDGE('',*,*,#5043,.F.);
#6948=ORIENTED_EDGE('',*,*,#5052,.T.);
#6949=ORIENTED_EDGE('',*,*,#5047,.T.);
#6950=ORIENTED_EDGE('',*,*,#5053,.T.);
#6951=ORIENTED_EDGE('',*,*,#5050,.F.);
#6952=ORIENTED_EDGE('',*,*,#5040,.T.);
#6953=ORIENTED_EDGE('',*,*,#5054,.T.);
#6954=ORIENTED_EDGE('',*,*,#5048,.T.);
#6955=ORIENTED_EDGE('',*,*,#5055,.T.);
#6956=ORIENTED_EDGE('',*,*,#5046,.T.);
#6957=ORIENTED_EDGE('',*,*,#5056,.T.);
#6958=ORIENTED_EDGE('',*,*,#5037,.T.);
#6959=ORIENTED_EDGE('',*,*,#5057,.T.);
#6960=ORIENTED_EDGE('',*,*,#5058,.T.);
#6961=ORIENTED_EDGE('',*,*,#5059,.T.);
#6962=ORIENTED_EDGE('',*,*,#5041,.T.);
#6963=ORIENTED_EDGE('',*,*,#5060,.T.);
#6964=ORIENTED_EDGE('',*,*,#5061,.T.);
#6965=ORIENTED_EDGE('',*,*,#5062,.T.);
#6966=ORIENTED_EDGE('',*,*,#5058,.F.);
#6967=ORIENTED_EDGE('',*,*,#5063,.T.);
#6968=ORIENTED_EDGE('',*,*,#5064,.T.);
#6969=ORIENTED_EDGE('',*,*,#5061,.F.);
#6970=ORIENTED_EDGE('',*,*,#5065,.T.);
#6971=ORIENTED_EDGE('',*,*,#5066,.T.);
#6972=ORIENTED_EDGE('',*,*,#5067,.T.);
#6973=ORIENTED_EDGE('',*,*,#5039,.T.);
#6974=ORIENTED_EDGE('',*,*,#5068,.T.);
#6975=ORIENTED_EDGE('',*,*,#5069,.T.);
#6976=ORIENTED_EDGE('',*,*,#5031,.F.);
#6977=ORIENTED_EDGE('',*,*,#5070,.T.);
#6978=ORIENTED_EDGE('',*,*,#5038,.T.);
#6979=ORIENTED_EDGE('',*,*,#5071,.T.);
#6980=ORIENTED_EDGE('',*,*,#5029,.T.);
#6981=ORIENTED_EDGE('',*,*,#5072,.T.);
#6982=ORIENTED_EDGE('',*,*,#5073,.T.);
#6983=ORIENTED_EDGE('',*,*,#5036,.T.);
#6984=ORIENTED_EDGE('',*,*,#5074,.T.);
#6985=ORIENTED_EDGE('',*,*,#5075,.T.);
#6986=ORIENTED_EDGE('',*,*,#5076,.T.);
#6987=ORIENTED_EDGE('',*,*,#5018,.T.);
#6988=ORIENTED_EDGE('',*,*,#5077,.T.);
#6989=ORIENTED_EDGE('',*,*,#5066,.F.);
#6990=ORIENTED_EDGE('',*,*,#5078,.T.);
#6991=ORIENTED_EDGE('',*,*,#5075,.F.);
#6992=ORIENTED_EDGE('',*,*,#5079,.T.);
#6993=ORIENTED_EDGE('',*,*,#5080,.T.);
#6994=ORIENTED_EDGE('',*,*,#5010,.T.);
#6995=ORIENTED_EDGE('',*,*,#5081,.T.);
#6996=ORIENTED_EDGE('',*,*,#5016,.T.);
#6997=ORIENTED_EDGE('',*,*,#5082,.T.);
#6998=ORIENTED_EDGE('',*,*,#5083,.T.);
#6999=ORIENTED_EDGE('',*,*,#5084,.T.);
#7000=ORIENTED_EDGE('',*,*,#5085,.T.);
#7001=ORIENTED_EDGE('',*,*,#5086,.T.);
#7002=ORIENTED_EDGE('',*,*,#5087,.T.);
#7003=ORIENTED_EDGE('',*,*,#5088,.T.);
#7004=ORIENTED_EDGE('',*,*,#5084,.F.);
#7005=ORIENTED_EDGE('',*,*,#5089,.T.);
#7006=ORIENTED_EDGE('',*,*,#5090,.T.);
#7007=ORIENTED_EDGE('',*,*,#5087,.F.);
#7008=ORIENTED_EDGE('',*,*,#5091,.T.);
#7009=ORIENTED_EDGE('',*,*,#5080,.F.);
#7010=ORIENTED_EDGE('',*,*,#5092,.T.);
#7011=ORIENTED_EDGE('',*,*,#5093,.T.);
#7012=ORIENTED_EDGE('',*,*,#5008,.T.);
#7013=ORIENTED_EDGE('',*,*,#5094,.T.);
#7014=ORIENTED_EDGE('',*,*,#5095,.T.);
#7015=ORIENTED_EDGE('',*,*,#4992,.T.);
#7016=ORIENTED_EDGE('',*,*,#5096,.T.);
#7017=ORIENTED_EDGE('',*,*,#5086,.F.);
#7018=ORIENTED_EDGE('',*,*,#5097,.T.);
#7019=ORIENTED_EDGE('',*,*,#5098,.T.);
#7020=ORIENTED_EDGE('',*,*,#5000,.T.);
#7021=ORIENTED_EDGE('',*,*,#5099,.T.);
#7022=ORIENTED_EDGE('',*,*,#4986,.T.);
#7023=ORIENTED_EDGE('',*,*,#5100,.T.);
#7024=ORIENTED_EDGE('',*,*,#4998,.T.);
#7025=ORIENTED_EDGE('',*,*,#5101,.T.);
#7026=ORIENTED_EDGE('',*,*,#5102,.T.);
#7027=ORIENTED_EDGE('',*,*,#4993,.T.);
#7028=ORIENTED_EDGE('',*,*,#5103,.T.);
#7029=ORIENTED_EDGE('',*,*,#5104,.T.);
#7030=ORIENTED_EDGE('',*,*,#5105,.T.);
#7031=ORIENTED_EDGE('',*,*,#4991,.T.);
#7032=ORIENTED_EDGE('',*,*,#5106,.T.);
#7033=ORIENTED_EDGE('',*,*,#4983,.T.);
#7034=ORIENTED_EDGE('',*,*,#5107,.T.);
#7035=ORIENTED_EDGE('',*,*,#5108,.T.);
#7036=ORIENTED_EDGE('',*,*,#4987,.T.);
#7037=ORIENTED_EDGE('',*,*,#5109,.T.);
#7038=ORIENTED_EDGE('',*,*,#4977,.F.);
#7039=ORIENTED_EDGE('',*,*,#5110,.T.);
#7040=ORIENTED_EDGE('',*,*,#4985,.T.);
#7041=ORIENTED_EDGE('',*,*,#5111,.T.);
#7042=ORIENTED_EDGE('',*,*,#5112,.T.);
#7043=ORIENTED_EDGE('',*,*,#5113,.T.);
#7044=ORIENTED_EDGE('',*,*,#5114,.T.);
#7045=ORIENTED_EDGE('',*,*,#5113,.F.);
#7046=ORIENTED_EDGE('',*,*,#5115,.T.);
#7047=ORIENTED_EDGE('',*,*,#4997,.F.);
#7048=ORIENTED_EDGE('',*,*,#5116,.T.);
#7049=ORIENTED_EDGE('',*,*,#4984,.T.);
#7050=ORIENTED_EDGE('',*,*,#5117,.T.);
#7051=ORIENTED_EDGE('',*,*,#5118,.F.);
#7052=ORIENTED_EDGE('',*,*,#5119,.T.);
#7053=ORIENTED_EDGE('',*,*,#5120,.T.);
#7054=ORIENTED_EDGE('',*,*,#4982,.T.);
#7055=ORIENTED_EDGE('',*,*,#5121,.T.);
#7056=ORIENTED_EDGE('',*,*,#5122,.T.);
#7057=ORIENTED_EDGE('',*,*,#5123,.T.);
#7058=ORIENTED_EDGE('',*,*,#5105,.F.);
#7059=ORIENTED_EDGE('',*,*,#5124,.T.);
#7060=ORIENTED_EDGE('',*,*,#5118,.T.);
#7061=ORIENTED_EDGE('',*,*,#5125,.T.);
#7062=ORIENTED_EDGE('',*,*,#5126,.T.);
#7063=ORIENTED_EDGE('',*,*,#4975,.F.);
#7064=ORIENTED_EDGE('',*,*,#5127,.T.);
#7065=ORIENTED_EDGE('',*,*,#4968,.T.);
#7066=ORIENTED_EDGE('',*,*,#5128,.T.);
#7067=ORIENTED_EDGE('',*,*,#5125,.F.);
#7068=ORIENTED_EDGE('',*,*,#5129,.T.);
#7069=ORIENTED_EDGE('',*,*,#5130,.T.);
#7070=ORIENTED_EDGE('',*,*,#5131,.T.);
#7071=ORIENTED_EDGE('',*,*,#5132,.T.);
#7072=ORIENTED_EDGE('',*,*,#4965,.F.);
#7073=ORIENTED_EDGE('',*,*,#5133,.T.);
#7074=ORIENTED_EDGE('',*,*,#5134,.T.);
#7075=ORIENTED_EDGE('',*,*,#5131,.F.);
#7076=ORIENTED_EDGE('',*,*,#5135,.T.);
#7077=ORIENTED_EDGE('',*,*,#5136,.T.);
#7078=ORIENTED_EDGE('',*,*,#5133,.F.);
#7079=ORIENTED_EDGE('',*,*,#5137,.T.);
#7080=ORIENTED_EDGE('',*,*,#5122,.F.);
#7081=ORIENTED_EDGE('',*,*,#4961,.T.);
#7082=ORIENTED_EDGE('',*,*,#5138,.T.);
#7083=ORIENTED_EDGE('',*,*,#4969,.T.);
#7084=ORIENTED_EDGE('',*,*,#5139,.T.);
#7085=ORIENTED_EDGE('',*,*,#5140,.T.);
#7086=ORIENTED_EDGE('',*,*,#4967,.T.);
#7087=ORIENTED_EDGE('',*,*,#5141,.T.);
#7088=ORIENTED_EDGE('',*,*,#5142,.T.);
#7089=ORIENTED_EDGE('',*,*,#5143,.T.);
#7090=ORIENTED_EDGE('',*,*,#5144,.T.);
#7091=ORIENTED_EDGE('',*,*,#4973,.F.);
#7092=ORIENTED_EDGE('',*,*,#5145,.T.);
#7093=ORIENTED_EDGE('',*,*,#4954,.F.);
#7094=ORIENTED_EDGE('',*,*,#5146,.T.);
#7095=ORIENTED_EDGE('',*,*,#5147,.T.);
#7096=ORIENTED_EDGE('',*,*,#4959,.T.);
#7097=ORIENTED_EDGE('',*,*,#5148,.T.);
#7098=ORIENTED_EDGE('',*,*,#5149,.T.);
#7099=ORIENTED_EDGE('',*,*,#5150,.T.);
#7100=ORIENTED_EDGE('',*,*,#5142,.F.);
#7101=ORIENTED_EDGE('',*,*,#5151,.T.);
#7102=ORIENTED_EDGE('',*,*,#4949,.T.);
#7103=ORIENTED_EDGE('',*,*,#5152,.T.);
#7104=ORIENTED_EDGE('',*,*,#5149,.F.);
#7105=ORIENTED_EDGE('',*,*,#5153,.T.);
#7106=ORIENTED_EDGE('',*,*,#5154,.T.);
#7107=ORIENTED_EDGE('',*,*,#5155,.T.);
#7108=ORIENTED_EDGE('',*,*,#4952,.T.);
#7109=ORIENTED_EDGE('',*,*,#5156,.T.);
#7110=ORIENTED_EDGE('',*,*,#5157,.T.);
#7111=ORIENTED_EDGE('',*,*,#4947,.F.);
#7112=ORIENTED_EDGE('',*,*,#5158,.T.);
#7113=ORIENTED_EDGE('',*,*,#5154,.F.);
#7114=ORIENTED_EDGE('',*,*,#5159,.T.);
#7115=ORIENTED_EDGE('',*,*,#5160,.T.);
#7116=ORIENTED_EDGE('',*,*,#5161,.T.);
#7117=ORIENTED_EDGE('',*,*,#5162,.T.);
#7118=ORIENTED_EDGE('',*,*,#5161,.F.);
#7119=ORIENTED_EDGE('',*,*,#5163,.F.);
#7120=ORIENTED_EDGE('',*,*,#5164,.T.);
#7121=ORIENTED_EDGE('',*,*,#5165,.T.);
#7122=ORIENTED_EDGE('',*,*,#5164,.F.);
#7123=ORIENTED_EDGE('',*,*,#5166,.T.);
#7124=ORIENTED_EDGE('',*,*,#5167,.T.);
#7125=ORIENTED_EDGE('',*,*,#4941,.T.);
#7126=ORIENTED_EDGE('',*,*,#4978,.F.);
#7127=ORIENTED_EDGE('',*,*,#5168,.T.);
#7128=ORIENTED_EDGE('',*,*,#5169,.F.);
#7129=ORIENTED_EDGE('',*,*,#5170,.F.);
#7130=ORIENTED_EDGE('',*,*,#5171,.F.);
#7131=ORIENTED_EDGE('',*,*,#5172,.F.);
#7132=ORIENTED_EDGE('',*,*,#4970,.F.);
#7133=ORIENTED_EDGE('',*,*,#5173,.F.);
#7134=ORIENTED_EDGE('',*,*,#5174,.F.);
#7135=ORIENTED_EDGE('',*,*,#5168,.F.);
#7136=ORIENTED_EDGE('',*,*,#5144,.F.);
#7137=ORIENTED_EDGE('',*,*,#5175,.F.);
#7138=ORIENTED_EDGE('',*,*,#5176,.F.);
#7139=ORIENTED_EDGE('',*,*,#5177,.F.);
#7140=ORIENTED_EDGE('',*,*,#5178,.F.);
#7141=ORIENTED_EDGE('',*,*,#5173,.T.);
#7142=ORIENTED_EDGE('',*,*,#4953,.T.);
#7143=ORIENTED_EDGE('',*,*,#4943,.F.);
#7144=ORIENTED_EDGE('',*,*,#5179,.T.);
#7145=ORIENTED_EDGE('',*,*,#5180,.T.);
#7146=ORIENTED_EDGE('',*,*,#5175,.T.);
#7147=ORIENTED_EDGE('',*,*,#5146,.F.);
#7148=ORIENTED_EDGE('',*,*,#4942,.F.);
#7149=ORIENTED_EDGE('',*,*,#5181,.T.);
#7150=ORIENTED_EDGE('',*,*,#5182,.F.);
#7151=ORIENTED_EDGE('',*,*,#5183,.F.);
#7152=ORIENTED_EDGE('',*,*,#5184,.F.);
#7153=ORIENTED_EDGE('',*,*,#5179,.F.);
#7154=ORIENTED_EDGE('',*,*,#4938,.F.);
#7155=ORIENTED_EDGE('',*,*,#5185,.T.);
#7156=ORIENTED_EDGE('',*,*,#5186,.F.);
#7157=ORIENTED_EDGE('',*,*,#5181,.F.);
#7158=ORIENTED_EDGE('',*,*,#5167,.F.);
#7159=ORIENTED_EDGE('',*,*,#5187,.F.);
#7160=ORIENTED_EDGE('',*,*,#5188,.T.);
#7161=ORIENTED_EDGE('',*,*,#5189,.F.);
#7162=ORIENTED_EDGE('',*,*,#5190,.F.);
#7163=ORIENTED_EDGE('',*,*,#5185,.F.);
#7164=ORIENTED_EDGE('',*,*,#5163,.T.);
#7165=ORIENTED_EDGE('',*,*,#5160,.F.);
#7166=ORIENTED_EDGE('',*,*,#5191,.T.);
#7167=ORIENTED_EDGE('',*,*,#5192,.F.);
#7168=ORIENTED_EDGE('',*,*,#5187,.T.);
#7169=ORIENTED_EDGE('',*,*,#5166,.F.);
#7170=ORIENTED_EDGE('',*,*,#5159,.F.);
#7171=ORIENTED_EDGE('',*,*,#5193,.T.);
#7172=ORIENTED_EDGE('',*,*,#5194,.F.);
#7173=ORIENTED_EDGE('',*,*,#5195,.F.);
#7174=ORIENTED_EDGE('',*,*,#5196,.F.);
#7175=ORIENTED_EDGE('',*,*,#5191,.F.);
#7176=ORIENTED_EDGE('',*,*,#5148,.F.);
#7177=ORIENTED_EDGE('',*,*,#5139,.F.);
#7178=ORIENTED_EDGE('',*,*,#5129,.F.);
#7179=ORIENTED_EDGE('',*,*,#5127,.F.);
#7180=ORIENTED_EDGE('',*,*,#4974,.F.);
#7181=ORIENTED_EDGE('',*,*,#5109,.F.);
#7182=ORIENTED_EDGE('',*,*,#5101,.F.);
#7183=ORIENTED_EDGE('',*,*,#5098,.F.);
#7184=ORIENTED_EDGE('',*,*,#5197,.F.);
#7185=ORIENTED_EDGE('',*,*,#5153,.F.);
#7186=ORIENTED_EDGE('',*,*,#5197,.T.);
#7187=ORIENTED_EDGE('',*,*,#5097,.F.);
#7188=ORIENTED_EDGE('',*,*,#5198,.F.);
#7189=ORIENTED_EDGE('',*,*,#5193,.F.);
#7190=ORIENTED_EDGE('',*,*,#5072,.F.);
#7191=ORIENTED_EDGE('',*,*,#5028,.F.);
#7192=ORIENTED_EDGE('',*,*,#5199,.F.);
#7193=ORIENTED_EDGE('',*,*,#5200,.T.);
#7194=ORIENTED_EDGE('',*,*,#5201,.T.);
#7195=ORIENTED_EDGE('',*,*,#5032,.F.);
#7196=ORIENTED_EDGE('',*,*,#5069,.F.);
#7197=ORIENTED_EDGE('',*,*,#5202,.T.);
#7198=ORIENTED_EDGE('',*,*,#5203,.T.);
#7199=ORIENTED_EDGE('',*,*,#5199,.T.);
#7200=ORIENTED_EDGE('',*,*,#5068,.F.);
#7201=ORIENTED_EDGE('',*,*,#5059,.F.);
#7202=ORIENTED_EDGE('',*,*,#5204,.T.);
#7203=ORIENTED_EDGE('',*,*,#5205,.F.);
#7204=ORIENTED_EDGE('',*,*,#5202,.F.);
#7205=ORIENTED_EDGE('',*,*,#5062,.F.);
#7206=ORIENTED_EDGE('',*,*,#5206,.T.);
#7207=ORIENTED_EDGE('',*,*,#5207,.F.);
#7208=ORIENTED_EDGE('',*,*,#5204,.F.);
#7209=ORIENTED_EDGE('',*,*,#5064,.F.);
#7210=ORIENTED_EDGE('',*,*,#5208,.T.);
#7211=ORIENTED_EDGE('',*,*,#5209,.F.);
#7212=ORIENTED_EDGE('',*,*,#5206,.F.);
#7213=ORIENTED_EDGE('',*,*,#5077,.F.);
#7214=ORIENTED_EDGE('',*,*,#5019,.F.);
#7215=ORIENTED_EDGE('',*,*,#5210,.F.);
#7216=ORIENTED_EDGE('',*,*,#5211,.F.);
#7217=ORIENTED_EDGE('',*,*,#5208,.F.);
#7218=ORIENTED_EDGE('',*,*,#5021,.F.);
#7219=ORIENTED_EDGE('',*,*,#5005,.F.);
#7220=ORIENTED_EDGE('',*,*,#5212,.T.);
#7221=ORIENTED_EDGE('',*,*,#5213,.T.);
#7222=ORIENTED_EDGE('',*,*,#5210,.T.);
#7223=ORIENTED_EDGE('',*,*,#4994,.F.);
#7224=ORIENTED_EDGE('',*,*,#5214,.T.);
#7225=ORIENTED_EDGE('',*,*,#5215,.T.);
#7226=ORIENTED_EDGE('',*,*,#5212,.F.);
#7227=ORIENTED_EDGE('',*,*,#5115,.F.);
#7228=ORIENTED_EDGE('',*,*,#5112,.F.);
#7229=ORIENTED_EDGE('',*,*,#5216,.T.);
#7230=ORIENTED_EDGE('',*,*,#5217,.T.);
#7231=ORIENTED_EDGE('',*,*,#5214,.F.);
#7232=ORIENTED_EDGE('',*,*,#5111,.F.);
#7233=ORIENTED_EDGE('',*,*,#5108,.F.);
#7234=ORIENTED_EDGE('',*,*,#5218,.T.);
#7235=ORIENTED_EDGE('',*,*,#5219,.F.);
#7236=ORIENTED_EDGE('',*,*,#5216,.F.);
#7237=ORIENTED_EDGE('',*,*,#4976,.F.);
#7238=ORIENTED_EDGE('',*,*,#5220,.F.);
#7239=ORIENTED_EDGE('',*,*,#5221,.T.);
#7240=ORIENTED_EDGE('',*,*,#5218,.F.);
#7241=ORIENTED_EDGE('',*,*,#5126,.F.);
#7242=ORIENTED_EDGE('',*,*,#5222,.T.);
#7243=ORIENTED_EDGE('',*,*,#5223,.F.);
#7244=ORIENTED_EDGE('',*,*,#5220,.T.);
#7245=ORIENTED_EDGE('',*,*,#5128,.F.);
#7246=ORIENTED_EDGE('',*,*,#5140,.F.);
#7247=ORIENTED_EDGE('',*,*,#5224,.F.);
#7248=ORIENTED_EDGE('',*,*,#5225,.F.);
#7249=ORIENTED_EDGE('',*,*,#5222,.F.);
#7250=ORIENTED_EDGE('',*,*,#4962,.F.);
#7251=ORIENTED_EDGE('',*,*,#5155,.F.);
#7252=ORIENTED_EDGE('',*,*,#4946,.F.);
#7253=ORIENTED_EDGE('',*,*,#5151,.F.);
#7254=ORIENTED_EDGE('',*,*,#5141,.F.);
#7255=ORIENTED_EDGE('',*,*,#5138,.F.);
#7256=ORIENTED_EDGE('',*,*,#5011,.F.);
#7257=ORIENTED_EDGE('',*,*,#5100,.F.);
#7258=ORIENTED_EDGE('',*,*,#5110,.F.);
#7259=ORIENTED_EDGE('',*,*,#5114,.F.);
#7260=ORIENTED_EDGE('',*,*,#4996,.F.);
#7261=ORIENTED_EDGE('',*,*,#5007,.F.);
#7262=ORIENTED_EDGE('',*,*,#5020,.F.);
#7263=ORIENTED_EDGE('',*,*,#5081,.F.);
#7264=ORIENTED_EDGE('',*,*,#5054,.F.);
#7265=ORIENTED_EDGE('',*,*,#5067,.F.);
#7266=ORIENTED_EDGE('',*,*,#5030,.F.);
#7267=ORIENTED_EDGE('',*,*,#5026,.F.);
#7268=ORIENTED_EDGE('',*,*,#5071,.F.);
#7269=ORIENTED_EDGE('',*,*,#5056,.F.);
#7270=ORIENTED_EDGE('',*,*,#5083,.F.);
#7271=ORIENTED_EDGE('',*,*,#5096,.F.);
#7272=ORIENTED_EDGE('',*,*,#5107,.F.);
#7273=ORIENTED_EDGE('',*,*,#5120,.F.);
#7274=ORIENTED_EDGE('',*,*,#5137,.F.);
#7275=ORIENTED_EDGE('',*,*,#5135,.F.);
#7276=ORIENTED_EDGE('',*,*,#5130,.F.);
#7277=ORIENTED_EDGE('',*,*,#4964,.F.);
#7278=ORIENTED_EDGE('',*,*,#4957,.F.);
#7279=ORIENTED_EDGE('',*,*,#4963,.F.);
#7280=ORIENTED_EDGE('',*,*,#5147,.F.);
#7281=ORIENTED_EDGE('',*,*,#5152,.F.);
#7282=ORIENTED_EDGE('',*,*,#5158,.F.);
#7283=ORIENTED_EDGE('',*,*,#5162,.F.);
#7284=ORIENTED_EDGE('',*,*,#5165,.F.);
#7285=ORIENTED_EDGE('',*,*,#4940,.F.);
#7286=ORIENTED_EDGE('',*,*,#4945,.F.);
#7287=ORIENTED_EDGE('',*,*,#4955,.F.);
#7288=ORIENTED_EDGE('',*,*,#5145,.F.);
#7289=ORIENTED_EDGE('',*,*,#4972,.F.);
#7290=ORIENTED_EDGE('',*,*,#4981,.F.);
#7291=ORIENTED_EDGE('',*,*,#4990,.F.);
#7292=ORIENTED_EDGE('',*,*,#5003,.F.);
#7293=ORIENTED_EDGE('',*,*,#5015,.F.);
#7294=ORIENTED_EDGE('',*,*,#5025,.F.);
#7295=ORIENTED_EDGE('',*,*,#5035,.F.);
#7296=ORIENTED_EDGE('',*,*,#5044,.F.);
#7297=ORIENTED_EDGE('',*,*,#5051,.F.);
#7298=ORIENTED_EDGE('',*,*,#5053,.F.);
#7299=ORIENTED_EDGE('',*,*,#5057,.F.);
#7300=ORIENTED_EDGE('',*,*,#5073,.F.);
#7301=ORIENTED_EDGE('',*,*,#5078,.F.);
#7302=ORIENTED_EDGE('',*,*,#5091,.F.);
#7303=ORIENTED_EDGE('',*,*,#5089,.F.);
#7304=ORIENTED_EDGE('',*,*,#5102,.F.);
#7305=ORIENTED_EDGE('',*,*,#5123,.F.);
#7306=ORIENTED_EDGE('',*,*,#5117,.F.);
#7307=ORIENTED_EDGE('',*,*,#5106,.F.);
#7308=ORIENTED_EDGE('',*,*,#4966,.F.);
#7309=ORIENTED_EDGE('',*,*,#5226,.T.);
#7310=ORIENTED_EDGE('',*,*,#5227,.T.);
#7311=ORIENTED_EDGE('',*,*,#5228,.T.);
#7312=ORIENTED_EDGE('',*,*,#5229,.F.);
#7313=ORIENTED_EDGE('',*,*,#5230,.T.);
#7314=ORIENTED_EDGE('',*,*,#5231,.T.);
#7315=ORIENTED_EDGE('',*,*,#5232,.T.);
#7316=ORIENTED_EDGE('',*,*,#5233,.T.);
#7317=ORIENTED_EDGE('',*,*,#5234,.F.);
#7318=ORIENTED_EDGE('',*,*,#5235,.T.);
#7319=ORIENTED_EDGE('',*,*,#5200,.F.);
#7320=ORIENTED_EDGE('',*,*,#5236,.T.);
#7321=ORIENTED_EDGE('',*,*,#5237,.F.);
#7322=ORIENTED_EDGE('',*,*,#5238,.T.);
#7323=ORIENTED_EDGE('',*,*,#5239,.F.);
#7324=ORIENTED_EDGE('',*,*,#5240,.T.);
#7325=ORIENTED_EDGE('',*,*,#5227,.F.);
#7326=ORIENTED_EDGE('',*,*,#5241,.T.);
#7327=ORIENTED_EDGE('',*,*,#5242,.T.);
#7328=ORIENTED_EDGE('',*,*,#5243,.T.);
#7329=ORIENTED_EDGE('',*,*,#5244,.T.);
#7330=ORIENTED_EDGE('',*,*,#5093,.F.);
#7331=ORIENTED_EDGE('',*,*,#5245,.T.);
#7332=ORIENTED_EDGE('',*,*,#5246,.T.);
#7333=ORIENTED_EDGE('',*,*,#5247,.F.);
#7334=ORIENTED_EDGE('',*,*,#5248,.T.);
#7335=ORIENTED_EDGE('',*,*,#5249,.T.);
#7336=ORIENTED_EDGE('',*,*,#5250,.T.);
#7337=ORIENTED_EDGE('',*,*,#5251,.F.);
#7338=ORIENTED_EDGE('',*,*,#5169,.T.);
#7339=ORIENTED_EDGE('',*,*,#5174,.T.);
#7340=ORIENTED_EDGE('',*,*,#5178,.T.);
#7341=ORIENTED_EDGE('',*,*,#5252,.F.);
#7342=ORIENTED_EDGE('',*,*,#5182,.T.);
#7343=ORIENTED_EDGE('',*,*,#5186,.T.);
#7344=ORIENTED_EDGE('',*,*,#5190,.T.);
#7345=ORIENTED_EDGE('',*,*,#5253,.F.);
#7346=ORIENTED_EDGE('',*,*,#5194,.T.);
#7347=ORIENTED_EDGE('',*,*,#5198,.T.);
#7348=ORIENTED_EDGE('',*,*,#5099,.F.);
#7349=ORIENTED_EDGE('',*,*,#5012,.F.);
#7350=ORIENTED_EDGE('',*,*,#5254,.T.);
#7351=ORIENTED_EDGE('',*,*,#5183,.T.);
#7352=ORIENTED_EDGE('',*,*,#5252,.T.);
#7353=ORIENTED_EDGE('',*,*,#5177,.T.);
#7354=ORIENTED_EDGE('',*,*,#5255,.F.);
#7355=ORIENTED_EDGE('',*,*,#5256,.T.);
#7356=ORIENTED_EDGE('',*,*,#5215,.F.);
#7357=ORIENTED_EDGE('',*,*,#5257,.T.);
#7358=ORIENTED_EDGE('',*,*,#5104,.F.);
#7359=ORIENTED_EDGE('',*,*,#5258,.T.);
#7360=ORIENTED_EDGE('',*,*,#5229,.T.);
#7361=ORIENTED_EDGE('',*,*,#5259,.T.);
#7362=ORIENTED_EDGE('',*,*,#5119,.F.);
#7363=ORIENTED_EDGE('',*,*,#5124,.F.);
#7364=ORIENTED_EDGE('',*,*,#5237,.T.);
#7365=ORIENTED_EDGE('',*,*,#5260,.T.);
#7366=ORIENTED_EDGE('',*,*,#5255,.T.);
#7367=ORIENTED_EDGE('',*,*,#5261,.T.);
#7368=ORIENTED_EDGE('',*,*,#5262,.F.);
#7369=ORIENTED_EDGE('',*,*,#5263,.F.);
#7370=ORIENTED_EDGE('',*,*,#5264,.F.);
#7371=ORIENTED_EDGE('',*,*,#5265,.F.);
#7372=ORIENTED_EDGE('',*,*,#5266,.F.);
#7373=ORIENTED_EDGE('',*,*,#5267,.F.);
#7374=ORIENTED_EDGE('',*,*,#5268,.F.);
#7375=ORIENTED_EDGE('',*,*,#5269,.F.);
#7376=ORIENTED_EDGE('',*,*,#5270,.F.);
#7377=ORIENTED_EDGE('',*,*,#5271,.F.);
#7378=ORIENTED_EDGE('',*,*,#5272,.F.);
#7379=ORIENTED_EDGE('',*,*,#5273,.F.);
#7380=ORIENTED_EDGE('',*,*,#5274,.F.);
#7381=ORIENTED_EDGE('',*,*,#5275,.F.);
#7382=ORIENTED_EDGE('',*,*,#5276,.F.);
#7383=ORIENTED_EDGE('',*,*,#5277,.F.);
#7384=ORIENTED_EDGE('',*,*,#5278,.T.);
#7385=ORIENTED_EDGE('',*,*,#5274,.T.);
#7386=ORIENTED_EDGE('',*,*,#5279,.F.);
#7387=ORIENTED_EDGE('',*,*,#5280,.F.);
#7388=ORIENTED_EDGE('',*,*,#5281,.T.);
#7389=ORIENTED_EDGE('',*,*,#5275,.T.);
#7390=ORIENTED_EDGE('',*,*,#5278,.F.);
#7391=ORIENTED_EDGE('',*,*,#5282,.F.);
#7392=ORIENTED_EDGE('',*,*,#5283,.T.);
#7393=ORIENTED_EDGE('',*,*,#5276,.T.);
#7394=ORIENTED_EDGE('',*,*,#5281,.F.);
#7395=ORIENTED_EDGE('',*,*,#5284,.F.);
#7396=ORIENTED_EDGE('',*,*,#5279,.T.);
#7397=ORIENTED_EDGE('',*,*,#5277,.T.);
#7398=ORIENTED_EDGE('',*,*,#5283,.F.);
#7399=ORIENTED_EDGE('',*,*,#5285,.F.);
#7400=ORIENTED_EDGE('',*,*,#5254,.F.);
#7401=ORIENTED_EDGE('',*,*,#5176,.T.);
#7402=ORIENTED_EDGE('',*,*,#5180,.F.);
#7403=ORIENTED_EDGE('',*,*,#5184,.T.);
#7404=ORIENTED_EDGE('',*,*,#5282,.T.);
#7405=ORIENTED_EDGE('',*,*,#5280,.T.);
#7406=ORIENTED_EDGE('',*,*,#5285,.T.);
#7407=ORIENTED_EDGE('',*,*,#5284,.T.);
#7408=ORIENTED_EDGE('',*,*,#5013,.F.);
#7409=ORIENTED_EDGE('',*,*,#5286,.F.);
#7410=ORIENTED_EDGE('',*,*,#5249,.F.);
#7411=ORIENTED_EDGE('',*,*,#5287,.T.);
#7412=ORIENTED_EDGE('',*,*,#5001,.F.);
#7413=ORIENTED_EDGE('',*,*,#5288,.F.);
#7414=ORIENTED_EDGE('',*,*,#5289,.F.);
#7415=ORIENTED_EDGE('',*,*,#5290,.F.);
#7416=ORIENTED_EDGE('',*,*,#5250,.F.);
#7417=ORIENTED_EDGE('',*,*,#5286,.T.);
#7418=ORIENTED_EDGE('',*,*,#5291,.T.);
#7419=ORIENTED_EDGE('',*,*,#5170,.T.);
#7420=ORIENTED_EDGE('',*,*,#5251,.T.);
#7421=ORIENTED_EDGE('',*,*,#5290,.T.);
#7422=ORIENTED_EDGE('',*,*,#4988,.T.);
#7423=ORIENTED_EDGE('',*,*,#4979,.F.);
#7424=ORIENTED_EDGE('',*,*,#5172,.T.);
#7425=ORIENTED_EDGE('',*,*,#5292,.T.);
#7426=ORIENTED_EDGE('',*,*,#5288,.T.);
#7427=ORIENTED_EDGE('',*,*,#5004,.F.);
#7428=ORIENTED_EDGE('',*,*,#5293,.T.);
#7429=ORIENTED_EDGE('',*,*,#5262,.T.);
#7430=ORIENTED_EDGE('',*,*,#5294,.F.);
#7431=ORIENTED_EDGE('',*,*,#5295,.F.);
#7432=ORIENTED_EDGE('',*,*,#5296,.T.);
#7433=ORIENTED_EDGE('',*,*,#5263,.T.);
#7434=ORIENTED_EDGE('',*,*,#5293,.F.);
#7435=ORIENTED_EDGE('',*,*,#5297,.F.);
#7436=ORIENTED_EDGE('',*,*,#5298,.T.);
#7437=ORIENTED_EDGE('',*,*,#5264,.T.);
#7438=ORIENTED_EDGE('',*,*,#5296,.F.);
#7439=ORIENTED_EDGE('',*,*,#5299,.F.);
#7440=ORIENTED_EDGE('',*,*,#5294,.T.);
#7441=ORIENTED_EDGE('',*,*,#5265,.T.);
#7442=ORIENTED_EDGE('',*,*,#5298,.F.);
#7443=ORIENTED_EDGE('',*,*,#5300,.F.);
#7444=ORIENTED_EDGE('',*,*,#5291,.F.);
#7445=ORIENTED_EDGE('',*,*,#5289,.T.);
#7446=ORIENTED_EDGE('',*,*,#5292,.F.);
#7447=ORIENTED_EDGE('',*,*,#5171,.T.);
#7448=ORIENTED_EDGE('',*,*,#5297,.T.);
#7449=ORIENTED_EDGE('',*,*,#5295,.T.);
#7450=ORIENTED_EDGE('',*,*,#5300,.T.);
#7451=ORIENTED_EDGE('',*,*,#5299,.T.);
#7452=ORIENTED_EDGE('',*,*,#5301,.T.);
#7453=ORIENTED_EDGE('',*,*,#5269,.T.);
#7454=ORIENTED_EDGE('',*,*,#5302,.F.);
#7455=ORIENTED_EDGE('',*,*,#5303,.F.);
#7456=ORIENTED_EDGE('',*,*,#5302,.T.);
#7457=ORIENTED_EDGE('',*,*,#5268,.T.);
#7458=ORIENTED_EDGE('',*,*,#5304,.F.);
#7459=ORIENTED_EDGE('',*,*,#5305,.F.);
#7460=ORIENTED_EDGE('',*,*,#5304,.T.);
#7461=ORIENTED_EDGE('',*,*,#5267,.T.);
#7462=ORIENTED_EDGE('',*,*,#5306,.F.);
#7463=ORIENTED_EDGE('',*,*,#5307,.F.);
#7464=ORIENTED_EDGE('',*,*,#5306,.T.);
#7465=ORIENTED_EDGE('',*,*,#5266,.T.);
#7466=ORIENTED_EDGE('',*,*,#5301,.F.);
#7467=ORIENTED_EDGE('',*,*,#5308,.F.);
#7468=ORIENTED_EDGE('',*,*,#5022,.F.);
#7469=ORIENTED_EDGE('',*,*,#5287,.F.);
#7470=ORIENTED_EDGE('',*,*,#5248,.F.);
#7471=ORIENTED_EDGE('',*,*,#5309,.F.);
#7472=ORIENTED_EDGE('',*,*,#5310,.T.);
#7473=ORIENTED_EDGE('',*,*,#5311,.F.);
#7474=ORIENTED_EDGE('',*,*,#5312,.F.);
#7475=ORIENTED_EDGE('',*,*,#5313,.T.);
#7476=ORIENTED_EDGE('',*,*,#5314,.F.);
#7477=ORIENTED_EDGE('',*,*,#5310,.F.);
#7478=ORIENTED_EDGE('',*,*,#5307,.T.);
#7479=ORIENTED_EDGE('',*,*,#5308,.T.);
#7480=ORIENTED_EDGE('',*,*,#5303,.T.);
#7481=ORIENTED_EDGE('',*,*,#5305,.T.);
#7482=ORIENTED_EDGE('',*,*,#5042,.F.);
#7483=ORIENTED_EDGE('',*,*,#5315,.T.);
#7484=ORIENTED_EDGE('',*,*,#5313,.F.);
#7485=ORIENTED_EDGE('',*,*,#5316,.F.);
#7486=ORIENTED_EDGE('',*,*,#5246,.F.);
#7487=ORIENTED_EDGE('',*,*,#5317,.T.);
#7488=ORIENTED_EDGE('',*,*,#5211,.T.);
#7489=ORIENTED_EDGE('',*,*,#5213,.F.);
#7490=ORIENTED_EDGE('',*,*,#5256,.F.);
#7491=ORIENTED_EDGE('',*,*,#5260,.F.);
#7492=ORIENTED_EDGE('',*,*,#5236,.F.);
#7493=ORIENTED_EDGE('',*,*,#5203,.F.);
#7494=ORIENTED_EDGE('',*,*,#5205,.T.);
#7495=ORIENTED_EDGE('',*,*,#5207,.T.);
#7496=ORIENTED_EDGE('',*,*,#5209,.T.);
#7497=ORIENTED_EDGE('',*,*,#5095,.F.);
#7498=ORIENTED_EDGE('',*,*,#5318,.T.);
#7499=ORIENTED_EDGE('',*,*,#5230,.F.);
#7500=ORIENTED_EDGE('',*,*,#5258,.F.);
#7501=ORIENTED_EDGE('',*,*,#5103,.F.);
#7502=ORIENTED_EDGE('',*,*,#5085,.F.);
#7503=ORIENTED_EDGE('',*,*,#5319,.T.);
#7504=ORIENTED_EDGE('',*,*,#5231,.F.);
#7505=ORIENTED_EDGE('',*,*,#5318,.F.);
#7506=ORIENTED_EDGE('',*,*,#5088,.F.);
#7507=ORIENTED_EDGE('',*,*,#5320,.T.);
#7508=ORIENTED_EDGE('',*,*,#5232,.F.);
#7509=ORIENTED_EDGE('',*,*,#5319,.F.);
#7510=ORIENTED_EDGE('',*,*,#5090,.F.);
#7511=ORIENTED_EDGE('',*,*,#5321,.F.);
#7512=ORIENTED_EDGE('',*,*,#5233,.F.);
#7513=ORIENTED_EDGE('',*,*,#5320,.F.);
#7514=ORIENTED_EDGE('',*,*,#5079,.F.);
#7515=ORIENTED_EDGE('',*,*,#5322,.T.);
#7516=ORIENTED_EDGE('',*,*,#5234,.T.);
#7517=ORIENTED_EDGE('',*,*,#5321,.T.);
#7518=ORIENTED_EDGE('',*,*,#5070,.F.);
#7519=ORIENTED_EDGE('',*,*,#5201,.F.);
#7520=ORIENTED_EDGE('',*,*,#5235,.F.);
#7521=ORIENTED_EDGE('',*,*,#5322,.F.);
#7522=ORIENTED_EDGE('',*,*,#5074,.F.);
#7523=ORIENTED_EDGE('',*,*,#5033,.T.);
#7524=ORIENTED_EDGE('',*,*,#5023,.F.);
#7525=ORIENTED_EDGE('',*,*,#5311,.T.);
#7526=ORIENTED_EDGE('',*,*,#5314,.T.);
#7527=ORIENTED_EDGE('',*,*,#5315,.F.);
#7528=ORIENTED_EDGE('',*,*,#5045,.F.);
#7529=ORIENTED_EDGE('',*,*,#5049,.F.);
#7530=ORIENTED_EDGE('',*,*,#5317,.F.);
#7531=ORIENTED_EDGE('',*,*,#5245,.F.);
#7532=ORIENTED_EDGE('',*,*,#5092,.F.);
#7533=ORIENTED_EDGE('',*,*,#5323,.T.);
#7534=ORIENTED_EDGE('',*,*,#5312,.T.);
#7535=ORIENTED_EDGE('',*,*,#5309,.T.);
#7536=ORIENTED_EDGE('',*,*,#5247,.T.);
#7537=ORIENTED_EDGE('',*,*,#5316,.T.);
#7538=ORIENTED_EDGE('',*,*,#5052,.F.);
#7539=ORIENTED_EDGE('',*,*,#5323,.F.);
#7540=ORIENTED_EDGE('',*,*,#5094,.F.);
#7541=ORIENTED_EDGE('',*,*,#5082,.F.);
#7542=ORIENTED_EDGE('',*,*,#5076,.F.);
#7543=ORIENTED_EDGE('',*,*,#5065,.F.);
#7544=ORIENTED_EDGE('',*,*,#5063,.F.);
#7545=ORIENTED_EDGE('',*,*,#5060,.F.);
#7546=ORIENTED_EDGE('',*,*,#5055,.F.);
#7547=ORIENTED_EDGE('',*,*,#5150,.F.);
#7548=ORIENTED_EDGE('',*,*,#5324,.T.);
#7549=ORIENTED_EDGE('',*,*,#5325,.T.);
#7550=ORIENTED_EDGE('',*,*,#5224,.T.);
#7551=ORIENTED_EDGE('',*,*,#5143,.F.);
#7552=ORIENTED_EDGE('',*,*,#5326,.F.);
#7553=ORIENTED_EDGE('',*,*,#5188,.F.);
#7554=ORIENTED_EDGE('',*,*,#5192,.T.);
#7555=ORIENTED_EDGE('',*,*,#5196,.T.);
#7556=ORIENTED_EDGE('',*,*,#5327,.T.);
#7557=ORIENTED_EDGE('',*,*,#5328,.T.);
#7558=ORIENTED_EDGE('',*,*,#5329,.T.);
#7559=ORIENTED_EDGE('',*,*,#5330,.T.);
#7560=ORIENTED_EDGE('',*,*,#5331,.T.);
#7561=ORIENTED_EDGE('',*,*,#5273,.T.);
#7562=ORIENTED_EDGE('',*,*,#5332,.F.);
#7563=ORIENTED_EDGE('',*,*,#5329,.F.);
#7564=ORIENTED_EDGE('',*,*,#5332,.T.);
#7565=ORIENTED_EDGE('',*,*,#5272,.T.);
#7566=ORIENTED_EDGE('',*,*,#5333,.F.);
#7567=ORIENTED_EDGE('',*,*,#5330,.F.);
#7568=ORIENTED_EDGE('',*,*,#5333,.T.);
#7569=ORIENTED_EDGE('',*,*,#5271,.T.);
#7570=ORIENTED_EDGE('',*,*,#5334,.F.);
#7571=ORIENTED_EDGE('',*,*,#5327,.F.);
#7572=ORIENTED_EDGE('',*,*,#5334,.T.);
#7573=ORIENTED_EDGE('',*,*,#5270,.T.);
#7574=ORIENTED_EDGE('',*,*,#5331,.F.);
#7575=ORIENTED_EDGE('',*,*,#5328,.F.);
#7576=ORIENTED_EDGE('',*,*,#5157,.F.);
#7577=ORIENTED_EDGE('',*,*,#5335,.T.);
#7578=ORIENTED_EDGE('',*,*,#5239,.T.);
#7579=ORIENTED_EDGE('',*,*,#5324,.F.);
#7580=ORIENTED_EDGE('',*,*,#4948,.F.);
#7581=ORIENTED_EDGE('',*,*,#5219,.T.);
#7582=ORIENTED_EDGE('',*,*,#5221,.F.);
#7583=ORIENTED_EDGE('',*,*,#5223,.T.);
#7584=ORIENTED_EDGE('',*,*,#5225,.T.);
#7585=ORIENTED_EDGE('',*,*,#5325,.F.);
#7586=ORIENTED_EDGE('',*,*,#5238,.F.);
#7587=ORIENTED_EDGE('',*,*,#5261,.F.);
#7588=ORIENTED_EDGE('',*,*,#5257,.F.);
#7589=ORIENTED_EDGE('',*,*,#5217,.F.);
#7590=ORIENTED_EDGE('',*,*,#5326,.T.);
#7591=ORIENTED_EDGE('',*,*,#5195,.T.);
#7592=ORIENTED_EDGE('',*,*,#5253,.T.);
#7593=ORIENTED_EDGE('',*,*,#5189,.T.);
#7594=ORIENTED_EDGE('',*,*,#4956,.F.);
#7595=ORIENTED_EDGE('',*,*,#5228,.F.);
#7596=ORIENTED_EDGE('',*,*,#5240,.F.);
#7597=ORIENTED_EDGE('',*,*,#5335,.F.);
#7598=ORIENTED_EDGE('',*,*,#5156,.F.);
#7599=ORIENTED_EDGE('',*,*,#5132,.F.);
#7600=ORIENTED_EDGE('',*,*,#5336,.T.);
#7601=ORIENTED_EDGE('',*,*,#5241,.F.);
#7602=ORIENTED_EDGE('',*,*,#5226,.F.);
#7603=ORIENTED_EDGE('',*,*,#5134,.F.);
#7604=ORIENTED_EDGE('',*,*,#5337,.T.);
#7605=ORIENTED_EDGE('',*,*,#5242,.F.);
#7606=ORIENTED_EDGE('',*,*,#5336,.F.);
#7607=ORIENTED_EDGE('',*,*,#5136,.F.);
#7608=ORIENTED_EDGE('',*,*,#5338,.T.);
#7609=ORIENTED_EDGE('',*,*,#5243,.F.);
#7610=ORIENTED_EDGE('',*,*,#5337,.F.);
#7611=ORIENTED_EDGE('',*,*,#5116,.F.);
#7612=ORIENTED_EDGE('',*,*,#5259,.F.);
#7613=ORIENTED_EDGE('',*,*,#5244,.F.);
#7614=ORIENTED_EDGE('',*,*,#5338,.F.);
#7615=ORIENTED_EDGE('',*,*,#5121,.F.);
#7616=ORIENTED_EDGE('',*,*,#5339,.T.);
#7617=ORIENTED_EDGE('',*,*,#5340,.T.);
#7618=ORIENTED_EDGE('',*,*,#5341,.F.);
#7619=ORIENTED_EDGE('',*,*,#5342,.F.);
#7620=ORIENTED_EDGE('',*,*,#5343,.T.);
#7621=ORIENTED_EDGE('',*,*,#5342,.T.);
#7622=ORIENTED_EDGE('',*,*,#5344,.F.);
#7623=ORIENTED_EDGE('',*,*,#5345,.F.);
#7624=ORIENTED_EDGE('',*,*,#5346,.T.);
#7625=ORIENTED_EDGE('',*,*,#5345,.T.);
#7626=ORIENTED_EDGE('',*,*,#5347,.F.);
#7627=ORIENTED_EDGE('',*,*,#5340,.F.);
#7628=ORIENTED_EDGE('',*,*,#5347,.T.);
#7629=ORIENTED_EDGE('',*,*,#5344,.T.);
#7630=ORIENTED_EDGE('',*,*,#5341,.T.);
#7631=ORIENTED_EDGE('',*,*,#5346,.F.);
#7632=ORIENTED_EDGE('',*,*,#5339,.F.);
#7633=ORIENTED_EDGE('',*,*,#5343,.F.);
#7634=ORIENTED_EDGE('',*,*,#5348,.T.);
#7635=ORIENTED_EDGE('',*,*,#5349,.T.);
#7636=ORIENTED_EDGE('',*,*,#5350,.F.);
#7637=ORIENTED_EDGE('',*,*,#5351,.F.);
#7638=ORIENTED_EDGE('',*,*,#5350,.T.);
#7639=ORIENTED_EDGE('',*,*,#5352,.T.);
#7640=ORIENTED_EDGE('',*,*,#5353,.F.);
#7641=ORIENTED_EDGE('',*,*,#5354,.F.);
#7642=ORIENTED_EDGE('',*,*,#5353,.T.);
#7643=ORIENTED_EDGE('',*,*,#5355,.T.);
#7644=ORIENTED_EDGE('',*,*,#5356,.F.);
#7645=ORIENTED_EDGE('',*,*,#5357,.F.);
#7646=ORIENTED_EDGE('',*,*,#5356,.T.);
#7647=ORIENTED_EDGE('',*,*,#5358,.T.);
#7648=ORIENTED_EDGE('',*,*,#5359,.F.);
#7649=ORIENTED_EDGE('',*,*,#5360,.F.);
#7650=ORIENTED_EDGE('',*,*,#5359,.T.);
#7651=ORIENTED_EDGE('',*,*,#5361,.T.);
#7652=ORIENTED_EDGE('',*,*,#5362,.F.);
#7653=ORIENTED_EDGE('',*,*,#5363,.F.);
#7654=ORIENTED_EDGE('',*,*,#5362,.T.);
#7655=ORIENTED_EDGE('',*,*,#5364,.T.);
#7656=ORIENTED_EDGE('',*,*,#5365,.F.);
#7657=ORIENTED_EDGE('',*,*,#5366,.F.);
#7658=ORIENTED_EDGE('',*,*,#5365,.T.);
#7659=ORIENTED_EDGE('',*,*,#5367,.T.);
#7660=ORIENTED_EDGE('',*,*,#5368,.F.);
#7661=ORIENTED_EDGE('',*,*,#5369,.F.);
#7662=ORIENTED_EDGE('',*,*,#5368,.T.);
#7663=ORIENTED_EDGE('',*,*,#5370,.T.);
#7664=ORIENTED_EDGE('',*,*,#5371,.F.);
#7665=ORIENTED_EDGE('',*,*,#5372,.F.);
#7666=ORIENTED_EDGE('',*,*,#5371,.T.);
#7667=ORIENTED_EDGE('',*,*,#5373,.T.);
#7668=ORIENTED_EDGE('',*,*,#5374,.F.);
#7669=ORIENTED_EDGE('',*,*,#5375,.F.);
#7670=ORIENTED_EDGE('',*,*,#5374,.T.);
#7671=ORIENTED_EDGE('',*,*,#5376,.T.);
#7672=ORIENTED_EDGE('',*,*,#5377,.F.);
#7673=ORIENTED_EDGE('',*,*,#5378,.F.);
#7674=ORIENTED_EDGE('',*,*,#5377,.T.);
#7675=ORIENTED_EDGE('',*,*,#5379,.T.);
#7676=ORIENTED_EDGE('',*,*,#5380,.F.);
#7677=ORIENTED_EDGE('',*,*,#5381,.F.);
#7678=ORIENTED_EDGE('',*,*,#5380,.T.);
#7679=ORIENTED_EDGE('',*,*,#5382,.T.);
#7680=ORIENTED_EDGE('',*,*,#5383,.F.);
#7681=ORIENTED_EDGE('',*,*,#5384,.F.);
#7682=ORIENTED_EDGE('',*,*,#5383,.T.);
#7683=ORIENTED_EDGE('',*,*,#5385,.T.);
#7684=ORIENTED_EDGE('',*,*,#5386,.F.);
#7685=ORIENTED_EDGE('',*,*,#5387,.F.);
#7686=ORIENTED_EDGE('',*,*,#5386,.T.);
#7687=ORIENTED_EDGE('',*,*,#5388,.T.);
#7688=ORIENTED_EDGE('',*,*,#5389,.F.);
#7689=ORIENTED_EDGE('',*,*,#5390,.F.);
#7690=ORIENTED_EDGE('',*,*,#5389,.T.);
#7691=ORIENTED_EDGE('',*,*,#5391,.T.);
#7692=ORIENTED_EDGE('',*,*,#5392,.F.);
#7693=ORIENTED_EDGE('',*,*,#5393,.F.);
#7694=ORIENTED_EDGE('',*,*,#5392,.T.);
#7695=ORIENTED_EDGE('',*,*,#5394,.T.);
#7696=ORIENTED_EDGE('',*,*,#5395,.F.);
#7697=ORIENTED_EDGE('',*,*,#5396,.F.);
#7698=ORIENTED_EDGE('',*,*,#5395,.T.);
#7699=ORIENTED_EDGE('',*,*,#5397,.T.);
#7700=ORIENTED_EDGE('',*,*,#5398,.F.);
#7701=ORIENTED_EDGE('',*,*,#5399,.F.);
#7702=ORIENTED_EDGE('',*,*,#5398,.T.);
#7703=ORIENTED_EDGE('',*,*,#5400,.T.);
#7704=ORIENTED_EDGE('',*,*,#5348,.F.);
#7705=ORIENTED_EDGE('',*,*,#5401,.F.);
#7706=ORIENTED_EDGE('',*,*,#5351,.T.);
#7707=ORIENTED_EDGE('',*,*,#5354,.T.);
#7708=ORIENTED_EDGE('',*,*,#5357,.T.);
#7709=ORIENTED_EDGE('',*,*,#5360,.T.);
#7710=ORIENTED_EDGE('',*,*,#5363,.T.);
#7711=ORIENTED_EDGE('',*,*,#5366,.T.);
#7712=ORIENTED_EDGE('',*,*,#5369,.T.);
#7713=ORIENTED_EDGE('',*,*,#5372,.T.);
#7714=ORIENTED_EDGE('',*,*,#5375,.T.);
#7715=ORIENTED_EDGE('',*,*,#5378,.T.);
#7716=ORIENTED_EDGE('',*,*,#5381,.T.);
#7717=ORIENTED_EDGE('',*,*,#5384,.T.);
#7718=ORIENTED_EDGE('',*,*,#5387,.T.);
#7719=ORIENTED_EDGE('',*,*,#5390,.T.);
#7720=ORIENTED_EDGE('',*,*,#5393,.T.);
#7721=ORIENTED_EDGE('',*,*,#5396,.T.);
#7722=ORIENTED_EDGE('',*,*,#5399,.T.);
#7723=ORIENTED_EDGE('',*,*,#5401,.T.);
#7724=ORIENTED_EDGE('',*,*,#5400,.F.);
#7725=ORIENTED_EDGE('',*,*,#5397,.F.);
#7726=ORIENTED_EDGE('',*,*,#5394,.F.);
#7727=ORIENTED_EDGE('',*,*,#5391,.F.);
#7728=ORIENTED_EDGE('',*,*,#5388,.F.);
#7729=ORIENTED_EDGE('',*,*,#5385,.F.);
#7730=ORIENTED_EDGE('',*,*,#5382,.F.);
#7731=ORIENTED_EDGE('',*,*,#5379,.F.);
#7732=ORIENTED_EDGE('',*,*,#5376,.F.);
#7733=ORIENTED_EDGE('',*,*,#5373,.F.);
#7734=ORIENTED_EDGE('',*,*,#5370,.F.);
#7735=ORIENTED_EDGE('',*,*,#5367,.F.);
#7736=ORIENTED_EDGE('',*,*,#5364,.F.);
#7737=ORIENTED_EDGE('',*,*,#5361,.F.);
#7738=ORIENTED_EDGE('',*,*,#5358,.F.);
#7739=ORIENTED_EDGE('',*,*,#5355,.F.);
#7740=ORIENTED_EDGE('',*,*,#5352,.F.);
#7741=ORIENTED_EDGE('',*,*,#5349,.F.);
#7742=ORIENTED_EDGE('',*,*,#5402,.T.);
#7743=ORIENTED_EDGE('',*,*,#5403,.T.);
#7744=ORIENTED_EDGE('',*,*,#5404,.F.);
#7745=ORIENTED_EDGE('',*,*,#5405,.F.);
#7746=ORIENTED_EDGE('',*,*,#5404,.T.);
#7747=ORIENTED_EDGE('',*,*,#5406,.T.);
#7748=ORIENTED_EDGE('',*,*,#5407,.F.);
#7749=ORIENTED_EDGE('',*,*,#5408,.F.);
#7750=ORIENTED_EDGE('',*,*,#5407,.T.);
#7751=ORIENTED_EDGE('',*,*,#5409,.T.);
#7752=ORIENTED_EDGE('',*,*,#5410,.F.);
#7753=ORIENTED_EDGE('',*,*,#5411,.F.);
#7754=ORIENTED_EDGE('',*,*,#5410,.T.);
#7755=ORIENTED_EDGE('',*,*,#5412,.T.);
#7756=ORIENTED_EDGE('',*,*,#5413,.F.);
#7757=ORIENTED_EDGE('',*,*,#5414,.F.);
#7758=ORIENTED_EDGE('',*,*,#5413,.T.);
#7759=ORIENTED_EDGE('',*,*,#5415,.T.);
#7760=ORIENTED_EDGE('',*,*,#5416,.F.);
#7761=ORIENTED_EDGE('',*,*,#5417,.F.);
#7762=ORIENTED_EDGE('',*,*,#5416,.T.);
#7763=ORIENTED_EDGE('',*,*,#5418,.T.);
#7764=ORIENTED_EDGE('',*,*,#5419,.F.);
#7765=ORIENTED_EDGE('',*,*,#5420,.F.);
#7766=ORIENTED_EDGE('',*,*,#5419,.T.);
#7767=ORIENTED_EDGE('',*,*,#5421,.T.);
#7768=ORIENTED_EDGE('',*,*,#5422,.F.);
#7769=ORIENTED_EDGE('',*,*,#5423,.F.);
#7770=ORIENTED_EDGE('',*,*,#5422,.T.);
#7771=ORIENTED_EDGE('',*,*,#5424,.T.);
#7772=ORIENTED_EDGE('',*,*,#5425,.F.);
#7773=ORIENTED_EDGE('',*,*,#5426,.F.);
#7774=ORIENTED_EDGE('',*,*,#5425,.T.);
#7775=ORIENTED_EDGE('',*,*,#5427,.T.);
#7776=ORIENTED_EDGE('',*,*,#5428,.F.);
#7777=ORIENTED_EDGE('',*,*,#5429,.F.);
#7778=ORIENTED_EDGE('',*,*,#5428,.T.);
#7779=ORIENTED_EDGE('',*,*,#5430,.T.);
#7780=ORIENTED_EDGE('',*,*,#5431,.F.);
#7781=ORIENTED_EDGE('',*,*,#5432,.F.);
#7782=ORIENTED_EDGE('',*,*,#5431,.T.);
#7783=ORIENTED_EDGE('',*,*,#5433,.T.);
#7784=ORIENTED_EDGE('',*,*,#5434,.F.);
#7785=ORIENTED_EDGE('',*,*,#5435,.F.);
#7786=ORIENTED_EDGE('',*,*,#5434,.T.);
#7787=ORIENTED_EDGE('',*,*,#5436,.T.);
#7788=ORIENTED_EDGE('',*,*,#5437,.F.);
#7789=ORIENTED_EDGE('',*,*,#5438,.F.);
#7790=ORIENTED_EDGE('',*,*,#5437,.T.);
#7791=ORIENTED_EDGE('',*,*,#5439,.T.);
#7792=ORIENTED_EDGE('',*,*,#5440,.F.);
#7793=ORIENTED_EDGE('',*,*,#5441,.F.);
#7794=ORIENTED_EDGE('',*,*,#5440,.T.);
#7795=ORIENTED_EDGE('',*,*,#5442,.T.);
#7796=ORIENTED_EDGE('',*,*,#5443,.F.);
#7797=ORIENTED_EDGE('',*,*,#5444,.F.);
#7798=ORIENTED_EDGE('',*,*,#5443,.T.);
#7799=ORIENTED_EDGE('',*,*,#5445,.T.);
#7800=ORIENTED_EDGE('',*,*,#5446,.F.);
#7801=ORIENTED_EDGE('',*,*,#5447,.F.);
#7802=ORIENTED_EDGE('',*,*,#5446,.T.);
#7803=ORIENTED_EDGE('',*,*,#5448,.T.);
#7804=ORIENTED_EDGE('',*,*,#5449,.F.);
#7805=ORIENTED_EDGE('',*,*,#5450,.F.);
#7806=ORIENTED_EDGE('',*,*,#5449,.T.);
#7807=ORIENTED_EDGE('',*,*,#5451,.T.);
#7808=ORIENTED_EDGE('',*,*,#5452,.F.);
#7809=ORIENTED_EDGE('',*,*,#5453,.F.);
#7810=ORIENTED_EDGE('',*,*,#5452,.T.);
#7811=ORIENTED_EDGE('',*,*,#5454,.T.);
#7812=ORIENTED_EDGE('',*,*,#5455,.F.);
#7813=ORIENTED_EDGE('',*,*,#5456,.F.);
#7814=ORIENTED_EDGE('',*,*,#5455,.T.);
#7815=ORIENTED_EDGE('',*,*,#5457,.T.);
#7816=ORIENTED_EDGE('',*,*,#5458,.F.);
#7817=ORIENTED_EDGE('',*,*,#5459,.F.);
#7818=ORIENTED_EDGE('',*,*,#5458,.T.);
#7819=ORIENTED_EDGE('',*,*,#5460,.T.);
#7820=ORIENTED_EDGE('',*,*,#5461,.F.);
#7821=ORIENTED_EDGE('',*,*,#5462,.F.);
#7822=ORIENTED_EDGE('',*,*,#5461,.T.);
#7823=ORIENTED_EDGE('',*,*,#5463,.T.);
#7824=ORIENTED_EDGE('',*,*,#5464,.F.);
#7825=ORIENTED_EDGE('',*,*,#5465,.F.);
#7826=ORIENTED_EDGE('',*,*,#5464,.T.);
#7827=ORIENTED_EDGE('',*,*,#5466,.T.);
#7828=ORIENTED_EDGE('',*,*,#5467,.F.);
#7829=ORIENTED_EDGE('',*,*,#5468,.F.);
#7830=ORIENTED_EDGE('',*,*,#5467,.T.);
#7831=ORIENTED_EDGE('',*,*,#5469,.T.);
#7832=ORIENTED_EDGE('',*,*,#5470,.F.);
#7833=ORIENTED_EDGE('',*,*,#5471,.F.);
#7834=ORIENTED_EDGE('',*,*,#5470,.T.);
#7835=ORIENTED_EDGE('',*,*,#5472,.T.);
#7836=ORIENTED_EDGE('',*,*,#5473,.F.);
#7837=ORIENTED_EDGE('',*,*,#5474,.F.);
#7838=ORIENTED_EDGE('',*,*,#5473,.T.);
#7839=ORIENTED_EDGE('',*,*,#5475,.T.);
#7840=ORIENTED_EDGE('',*,*,#5476,.F.);
#7841=ORIENTED_EDGE('',*,*,#5477,.F.);
#7842=ORIENTED_EDGE('',*,*,#5476,.T.);
#7843=ORIENTED_EDGE('',*,*,#5478,.T.);
#7844=ORIENTED_EDGE('',*,*,#5479,.F.);
#7845=ORIENTED_EDGE('',*,*,#5480,.F.);
#7846=ORIENTED_EDGE('',*,*,#5479,.T.);
#7847=ORIENTED_EDGE('',*,*,#5481,.T.);
#7848=ORIENTED_EDGE('',*,*,#5482,.F.);
#7849=ORIENTED_EDGE('',*,*,#5483,.F.);
#7850=ORIENTED_EDGE('',*,*,#5482,.T.);
#7851=ORIENTED_EDGE('',*,*,#5484,.T.);
#7852=ORIENTED_EDGE('',*,*,#5485,.F.);
#7853=ORIENTED_EDGE('',*,*,#5486,.F.);
#7854=ORIENTED_EDGE('',*,*,#5485,.T.);
#7855=ORIENTED_EDGE('',*,*,#5487,.T.);
#7856=ORIENTED_EDGE('',*,*,#5488,.F.);
#7857=ORIENTED_EDGE('',*,*,#5489,.F.);
#7858=ORIENTED_EDGE('',*,*,#5488,.T.);
#7859=ORIENTED_EDGE('',*,*,#5490,.T.);
#7860=ORIENTED_EDGE('',*,*,#5491,.F.);
#7861=ORIENTED_EDGE('',*,*,#5492,.F.);
#7862=ORIENTED_EDGE('',*,*,#5491,.T.);
#7863=ORIENTED_EDGE('',*,*,#5493,.T.);
#7864=ORIENTED_EDGE('',*,*,#5494,.F.);
#7865=ORIENTED_EDGE('',*,*,#5495,.F.);
#7866=ORIENTED_EDGE('',*,*,#5494,.T.);
#7867=ORIENTED_EDGE('',*,*,#5496,.T.);
#7868=ORIENTED_EDGE('',*,*,#5497,.F.);
#7869=ORIENTED_EDGE('',*,*,#5498,.F.);
#7870=ORIENTED_EDGE('',*,*,#5497,.T.);
#7871=ORIENTED_EDGE('',*,*,#5499,.T.);
#7872=ORIENTED_EDGE('',*,*,#5500,.F.);
#7873=ORIENTED_EDGE('',*,*,#5501,.F.);
#7874=ORIENTED_EDGE('',*,*,#5500,.T.);
#7875=ORIENTED_EDGE('',*,*,#5502,.T.);
#7876=ORIENTED_EDGE('',*,*,#5503,.F.);
#7877=ORIENTED_EDGE('',*,*,#5504,.F.);
#7878=ORIENTED_EDGE('',*,*,#5503,.T.);
#7879=ORIENTED_EDGE('',*,*,#5505,.T.);
#7880=ORIENTED_EDGE('',*,*,#5506,.F.);
#7881=ORIENTED_EDGE('',*,*,#5507,.F.);
#7882=ORIENTED_EDGE('',*,*,#5506,.T.);
#7883=ORIENTED_EDGE('',*,*,#5508,.T.);
#7884=ORIENTED_EDGE('',*,*,#5509,.F.);
#7885=ORIENTED_EDGE('',*,*,#5510,.F.);
#7886=ORIENTED_EDGE('',*,*,#5509,.T.);
#7887=ORIENTED_EDGE('',*,*,#5511,.T.);
#7888=ORIENTED_EDGE('',*,*,#5512,.F.);
#7889=ORIENTED_EDGE('',*,*,#5513,.F.);
#7890=ORIENTED_EDGE('',*,*,#5512,.T.);
#7891=ORIENTED_EDGE('',*,*,#5514,.T.);
#7892=ORIENTED_EDGE('',*,*,#5515,.F.);
#7893=ORIENTED_EDGE('',*,*,#5516,.F.);
#7894=ORIENTED_EDGE('',*,*,#5515,.T.);
#7895=ORIENTED_EDGE('',*,*,#5517,.T.);
#7896=ORIENTED_EDGE('',*,*,#5518,.F.);
#7897=ORIENTED_EDGE('',*,*,#5519,.F.);
#7898=ORIENTED_EDGE('',*,*,#5518,.T.);
#7899=ORIENTED_EDGE('',*,*,#5520,.T.);
#7900=ORIENTED_EDGE('',*,*,#5521,.F.);
#7901=ORIENTED_EDGE('',*,*,#5522,.F.);
#7902=ORIENTED_EDGE('',*,*,#5521,.T.);
#7903=ORIENTED_EDGE('',*,*,#5523,.T.);
#7904=ORIENTED_EDGE('',*,*,#5524,.F.);
#7905=ORIENTED_EDGE('',*,*,#5525,.F.);
#7906=ORIENTED_EDGE('',*,*,#5524,.T.);
#7907=ORIENTED_EDGE('',*,*,#5526,.T.);
#7908=ORIENTED_EDGE('',*,*,#5527,.F.);
#7909=ORIENTED_EDGE('',*,*,#5528,.F.);
#7910=ORIENTED_EDGE('',*,*,#5527,.T.);
#7911=ORIENTED_EDGE('',*,*,#5529,.T.);
#7912=ORIENTED_EDGE('',*,*,#5530,.F.);
#7913=ORIENTED_EDGE('',*,*,#5531,.F.);
#7914=ORIENTED_EDGE('',*,*,#5532,.F.);
#7915=ORIENTED_EDGE('',*,*,#5530,.T.);
#7916=ORIENTED_EDGE('',*,*,#5533,.T.);
#7917=ORIENTED_EDGE('',*,*,#5402,.F.);
#7918=ORIENTED_EDGE('',*,*,#5405,.T.);
#7919=ORIENTED_EDGE('',*,*,#5408,.T.);
#7920=ORIENTED_EDGE('',*,*,#5411,.T.);
#7921=ORIENTED_EDGE('',*,*,#5414,.T.);
#7922=ORIENTED_EDGE('',*,*,#5417,.T.);
#7923=ORIENTED_EDGE('',*,*,#5420,.T.);
#7924=ORIENTED_EDGE('',*,*,#5423,.T.);
#7925=ORIENTED_EDGE('',*,*,#5426,.T.);
#7926=ORIENTED_EDGE('',*,*,#5429,.T.);
#7927=ORIENTED_EDGE('',*,*,#5432,.T.);
#7928=ORIENTED_EDGE('',*,*,#5435,.T.);
#7929=ORIENTED_EDGE('',*,*,#5438,.T.);
#7930=ORIENTED_EDGE('',*,*,#5441,.T.);
#7931=ORIENTED_EDGE('',*,*,#5444,.T.);
#7932=ORIENTED_EDGE('',*,*,#5447,.T.);
#7933=ORIENTED_EDGE('',*,*,#5450,.T.);
#7934=ORIENTED_EDGE('',*,*,#5453,.T.);
#7935=ORIENTED_EDGE('',*,*,#5456,.T.);
#7936=ORIENTED_EDGE('',*,*,#5459,.T.);
#7937=ORIENTED_EDGE('',*,*,#5462,.T.);
#7938=ORIENTED_EDGE('',*,*,#5465,.T.);
#7939=ORIENTED_EDGE('',*,*,#5468,.T.);
#7940=ORIENTED_EDGE('',*,*,#5471,.T.);
#7941=ORIENTED_EDGE('',*,*,#5474,.T.);
#7942=ORIENTED_EDGE('',*,*,#5477,.T.);
#7943=ORIENTED_EDGE('',*,*,#5480,.T.);
#7944=ORIENTED_EDGE('',*,*,#5483,.T.);
#7945=ORIENTED_EDGE('',*,*,#5486,.T.);
#7946=ORIENTED_EDGE('',*,*,#5489,.T.);
#7947=ORIENTED_EDGE('',*,*,#5492,.T.);
#7948=ORIENTED_EDGE('',*,*,#5495,.T.);
#7949=ORIENTED_EDGE('',*,*,#5498,.T.);
#7950=ORIENTED_EDGE('',*,*,#5501,.T.);
#7951=ORIENTED_EDGE('',*,*,#5504,.T.);
#7952=ORIENTED_EDGE('',*,*,#5507,.T.);
#7953=ORIENTED_EDGE('',*,*,#5510,.T.);
#7954=ORIENTED_EDGE('',*,*,#5513,.T.);
#7955=ORIENTED_EDGE('',*,*,#5516,.T.);
#7956=ORIENTED_EDGE('',*,*,#5519,.T.);
#7957=ORIENTED_EDGE('',*,*,#5522,.T.);
#7958=ORIENTED_EDGE('',*,*,#5525,.T.);
#7959=ORIENTED_EDGE('',*,*,#5528,.T.);
#7960=ORIENTED_EDGE('',*,*,#5531,.T.);
#7961=ORIENTED_EDGE('',*,*,#5532,.T.);
#7962=ORIENTED_EDGE('',*,*,#5533,.F.);
#7963=ORIENTED_EDGE('',*,*,#5529,.F.);
#7964=ORIENTED_EDGE('',*,*,#5526,.F.);
#7965=ORIENTED_EDGE('',*,*,#5523,.F.);
#7966=ORIENTED_EDGE('',*,*,#5520,.F.);
#7967=ORIENTED_EDGE('',*,*,#5517,.F.);
#7968=ORIENTED_EDGE('',*,*,#5514,.F.);
#7969=ORIENTED_EDGE('',*,*,#5511,.F.);
#7970=ORIENTED_EDGE('',*,*,#5508,.F.);
#7971=ORIENTED_EDGE('',*,*,#5505,.F.);
#7972=ORIENTED_EDGE('',*,*,#5502,.F.);
#7973=ORIENTED_EDGE('',*,*,#5499,.F.);
#7974=ORIENTED_EDGE('',*,*,#5496,.F.);
#7975=ORIENTED_EDGE('',*,*,#5493,.F.);
#7976=ORIENTED_EDGE('',*,*,#5490,.F.);
#7977=ORIENTED_EDGE('',*,*,#5487,.F.);
#7978=ORIENTED_EDGE('',*,*,#5484,.F.);
#7979=ORIENTED_EDGE('',*,*,#5481,.F.);
#7980=ORIENTED_EDGE('',*,*,#5478,.F.);
#7981=ORIENTED_EDGE('',*,*,#5475,.F.);
#7982=ORIENTED_EDGE('',*,*,#5472,.F.);
#7983=ORIENTED_EDGE('',*,*,#5469,.F.);
#7984=ORIENTED_EDGE('',*,*,#5466,.F.);
#7985=ORIENTED_EDGE('',*,*,#5463,.F.);
#7986=ORIENTED_EDGE('',*,*,#5460,.F.);
#7987=ORIENTED_EDGE('',*,*,#5457,.F.);
#7988=ORIENTED_EDGE('',*,*,#5454,.F.);
#7989=ORIENTED_EDGE('',*,*,#5451,.F.);
#7990=ORIENTED_EDGE('',*,*,#5448,.F.);
#7991=ORIENTED_EDGE('',*,*,#5445,.F.);
#7992=ORIENTED_EDGE('',*,*,#5442,.F.);
#7993=ORIENTED_EDGE('',*,*,#5439,.F.);
#7994=ORIENTED_EDGE('',*,*,#5436,.F.);
#7995=ORIENTED_EDGE('',*,*,#5433,.F.);
#7996=ORIENTED_EDGE('',*,*,#5430,.F.);
#7997=ORIENTED_EDGE('',*,*,#5427,.F.);
#7998=ORIENTED_EDGE('',*,*,#5424,.F.);
#7999=ORIENTED_EDGE('',*,*,#5421,.F.);
#8000=ORIENTED_EDGE('',*,*,#5418,.F.);
#8001=ORIENTED_EDGE('',*,*,#5415,.F.);
#8002=ORIENTED_EDGE('',*,*,#5412,.F.);
#8003=ORIENTED_EDGE('',*,*,#5409,.F.);
#8004=ORIENTED_EDGE('',*,*,#5406,.F.);
#8005=ORIENTED_EDGE('',*,*,#5403,.F.);
#8006=ORIENTED_EDGE('',*,*,#5534,.T.);
#8007=ORIENTED_EDGE('',*,*,#5535,.T.);
#8008=ORIENTED_EDGE('',*,*,#5536,.F.);
#8009=ORIENTED_EDGE('',*,*,#5537,.F.);
#8010=ORIENTED_EDGE('',*,*,#5536,.T.);
#8011=ORIENTED_EDGE('',*,*,#5538,.T.);
#8012=ORIENTED_EDGE('',*,*,#5539,.F.);
#8013=ORIENTED_EDGE('',*,*,#5540,.F.);
#8014=ORIENTED_EDGE('',*,*,#5539,.T.);
#8015=ORIENTED_EDGE('',*,*,#5541,.T.);
#8016=ORIENTED_EDGE('',*,*,#5542,.F.);
#8017=ORIENTED_EDGE('',*,*,#5543,.F.);
#8018=ORIENTED_EDGE('',*,*,#5542,.T.);
#8019=ORIENTED_EDGE('',*,*,#5544,.T.);
#8020=ORIENTED_EDGE('',*,*,#5545,.F.);
#8021=ORIENTED_EDGE('',*,*,#5546,.F.);
#8022=ORIENTED_EDGE('',*,*,#5545,.T.);
#8023=ORIENTED_EDGE('',*,*,#5547,.T.);
#8024=ORIENTED_EDGE('',*,*,#5548,.F.);
#8025=ORIENTED_EDGE('',*,*,#5549,.F.);
#8026=ORIENTED_EDGE('',*,*,#5548,.T.);
#8027=ORIENTED_EDGE('',*,*,#5550,.T.);
#8028=ORIENTED_EDGE('',*,*,#5551,.F.);
#8029=ORIENTED_EDGE('',*,*,#5552,.F.);
#8030=ORIENTED_EDGE('',*,*,#5551,.T.);
#8031=ORIENTED_EDGE('',*,*,#5553,.T.);
#8032=ORIENTED_EDGE('',*,*,#5554,.F.);
#8033=ORIENTED_EDGE('',*,*,#5555,.F.);
#8034=ORIENTED_EDGE('',*,*,#5554,.T.);
#8035=ORIENTED_EDGE('',*,*,#5556,.T.);
#8036=ORIENTED_EDGE('',*,*,#5557,.F.);
#8037=ORIENTED_EDGE('',*,*,#5558,.F.);
#8038=ORIENTED_EDGE('',*,*,#5557,.T.);
#8039=ORIENTED_EDGE('',*,*,#5559,.T.);
#8040=ORIENTED_EDGE('',*,*,#5560,.F.);
#8041=ORIENTED_EDGE('',*,*,#5561,.F.);
#8042=ORIENTED_EDGE('',*,*,#5560,.T.);
#8043=ORIENTED_EDGE('',*,*,#5562,.T.);
#8044=ORIENTED_EDGE('',*,*,#5563,.F.);
#8045=ORIENTED_EDGE('',*,*,#5564,.F.);
#8046=ORIENTED_EDGE('',*,*,#5563,.T.);
#8047=ORIENTED_EDGE('',*,*,#5565,.T.);
#8048=ORIENTED_EDGE('',*,*,#5566,.F.);
#8049=ORIENTED_EDGE('',*,*,#5567,.F.);
#8050=ORIENTED_EDGE('',*,*,#5566,.T.);
#8051=ORIENTED_EDGE('',*,*,#5568,.T.);
#8052=ORIENTED_EDGE('',*,*,#5569,.F.);
#8053=ORIENTED_EDGE('',*,*,#5570,.F.);
#8054=ORIENTED_EDGE('',*,*,#5569,.T.);
#8055=ORIENTED_EDGE('',*,*,#5571,.T.);
#8056=ORIENTED_EDGE('',*,*,#5572,.F.);
#8057=ORIENTED_EDGE('',*,*,#5573,.F.);
#8058=ORIENTED_EDGE('',*,*,#5572,.T.);
#8059=ORIENTED_EDGE('',*,*,#5574,.T.);
#8060=ORIENTED_EDGE('',*,*,#5575,.F.);
#8061=ORIENTED_EDGE('',*,*,#5576,.F.);
#8062=ORIENTED_EDGE('',*,*,#5575,.T.);
#8063=ORIENTED_EDGE('',*,*,#5577,.T.);
#8064=ORIENTED_EDGE('',*,*,#5578,.F.);
#8065=ORIENTED_EDGE('',*,*,#5579,.F.);
#8066=ORIENTED_EDGE('',*,*,#5578,.T.);
#8067=ORIENTED_EDGE('',*,*,#5580,.T.);
#8068=ORIENTED_EDGE('',*,*,#5534,.F.);
#8069=ORIENTED_EDGE('',*,*,#5581,.F.);
#8070=ORIENTED_EDGE('',*,*,#5537,.T.);
#8071=ORIENTED_EDGE('',*,*,#5540,.T.);
#8072=ORIENTED_EDGE('',*,*,#5543,.T.);
#8073=ORIENTED_EDGE('',*,*,#5546,.T.);
#8074=ORIENTED_EDGE('',*,*,#5549,.T.);
#8075=ORIENTED_EDGE('',*,*,#5552,.T.);
#8076=ORIENTED_EDGE('',*,*,#5555,.T.);
#8077=ORIENTED_EDGE('',*,*,#5558,.T.);
#8078=ORIENTED_EDGE('',*,*,#5561,.T.);
#8079=ORIENTED_EDGE('',*,*,#5564,.T.);
#8080=ORIENTED_EDGE('',*,*,#5567,.T.);
#8081=ORIENTED_EDGE('',*,*,#5570,.T.);
#8082=ORIENTED_EDGE('',*,*,#5573,.T.);
#8083=ORIENTED_EDGE('',*,*,#5576,.T.);
#8084=ORIENTED_EDGE('',*,*,#5579,.T.);
#8085=ORIENTED_EDGE('',*,*,#5581,.T.);
#8086=ORIENTED_EDGE('',*,*,#5580,.F.);
#8087=ORIENTED_EDGE('',*,*,#5577,.F.);
#8088=ORIENTED_EDGE('',*,*,#5574,.F.);
#8089=ORIENTED_EDGE('',*,*,#5571,.F.);
#8090=ORIENTED_EDGE('',*,*,#5568,.F.);
#8091=ORIENTED_EDGE('',*,*,#5565,.F.);
#8092=ORIENTED_EDGE('',*,*,#5562,.F.);
#8093=ORIENTED_EDGE('',*,*,#5559,.F.);
#8094=ORIENTED_EDGE('',*,*,#5556,.F.);
#8095=ORIENTED_EDGE('',*,*,#5553,.F.);
#8096=ORIENTED_EDGE('',*,*,#5550,.F.);
#8097=ORIENTED_EDGE('',*,*,#5547,.F.);
#8098=ORIENTED_EDGE('',*,*,#5544,.F.);
#8099=ORIENTED_EDGE('',*,*,#5541,.F.);
#8100=ORIENTED_EDGE('',*,*,#5538,.F.);
#8101=ORIENTED_EDGE('',*,*,#5535,.F.);
#8102=SPHERICAL_SURFACE('',#9426,0.01);
#8103=SPHERICAL_SURFACE('',#9430,0.0100000000000011);
#8104=SPHERICAL_SURFACE('',#9435,0.0100000000000003);
#8105=SPHERICAL_SURFACE('',#9439,0.0100000000000004);
#8106=SPHERICAL_SURFACE('',#9443,0.0100000000000005);
#8107=SPHERICAL_SURFACE('',#9448,0.0100000000000006);
#8108=SPHERICAL_SURFACE('',#9452,0.0100000000000005);
#8109=SPHERICAL_SURFACE('',#9456,0.01);
#8110=SPHERICAL_SURFACE('',#9461,0.00999999999999977);
#8111=SPHERICAL_SURFACE('',#9465,0.00999999999999994);
#8112=SPHERICAL_SURFACE('',#9470,0.0100000000000006);
#8113=SPHERICAL_SURFACE('',#9475,0.0100000000000004);
#8114=SPHERICAL_SURFACE('',#9480,0.0100000000000006);
#8115=SPHERICAL_SURFACE('',#9486,0.0100000000000001);
#8116=SPHERICAL_SURFACE('',#9491,0.01);
#8117=SPHERICAL_SURFACE('',#9496,0.0100000000000011);
#8118=SPHERICAL_SURFACE('',#9540,0.01);
#8119=SPHERICAL_SURFACE('',#9544,0.0100000000000011);
#8120=SPHERICAL_SURFACE('',#9549,0.0100000000000003);
#8121=SPHERICAL_SURFACE('',#9553,0.0100000000000003);
#8122=SPHERICAL_SURFACE('',#9557,0.0100000000000005);
#8123=SPHERICAL_SURFACE('',#9562,0.0100000000000006);
#8124=SPHERICAL_SURFACE('',#9566,0.0100000000000005);
#8125=SPHERICAL_SURFACE('',#9570,0.01);
#8126=SPHERICAL_SURFACE('',#9575,0.00999999999999972);
#8127=SPHERICAL_SURFACE('',#9579,0.00999999999999994);
#8128=SPHERICAL_SURFACE('',#9584,0.0100000000000006);
#8129=SPHERICAL_SURFACE('',#9589,0.0100000000000004);
#8130=SPHERICAL_SURFACE('',#9594,0.0100000000000006);
#8131=SPHERICAL_SURFACE('',#9600,0.0100000000000001);
#8132=SPHERICAL_SURFACE('',#9605,0.00999999999999987);
#8133=SPHERICAL_SURFACE('',#9610,0.010000000000001);
#8134=SPHERICAL_SURFACE('',#9654,0.0100000000000004);
#8135=SPHERICAL_SURFACE('',#9658,0.01);
#8136=SPHERICAL_SURFACE('',#9662,0.0100000000000006);
#8137=SPHERICAL_SURFACE('',#9666,0.0100000000000002);
#8138=SPHERICAL_SURFACE('',#9670,0.01);
#8139=SPHERICAL_SURFACE('',#9675,0.0100000000000011);
#8140=SPHERICAL_SURFACE('',#9680,0.0100000000000004);
#8141=SPHERICAL_SURFACE('',#9684,0.0100000000000002);
#8142=SPHERICAL_SURFACE('',#9689,0.01);
#8143=SPHERICAL_SURFACE('',#9695,0.0100000000000002);
#8144=SPHERICAL_SURFACE('',#9700,0.01);
#8145=SPHERICAL_SURFACE('',#9705,0.0100000000000004);
#8146=SPHERICAL_SURFACE('',#9709,0.01);
#8147=SPHERICAL_SURFACE('',#9735,0.0100000000000004);
#8148=SPHERICAL_SURFACE('',#9740,0.0100000000000004);
#8149=SPHERICAL_SURFACE('',#9748,0.01);
#8150=SPHERICAL_SURFACE('',#9852,0.0100000000000004);
#8151=SPHERICAL_SURFACE('',#9856,0.0100000000000004);
#8152=SPHERICAL_SURFACE('',#9860,0.0100000000000004);
#8153=SPHERICAL_SURFACE('',#9864,0.01);
#8154=SPHERICAL_SURFACE('',#9869,0.01);
#8155=SPHERICAL_SURFACE('',#9874,0.0100000000000001);
#8156=SPHERICAL_SURFACE('',#9878,0.0100000000000011);
#8157=SPHERICAL_SURFACE('',#9882,0.00999999999999997);
#8158=SPHERICAL_SURFACE('',#9887,0.01);
#8159=SPHERICAL_SURFACE('',#9893,0.0100000000000004);
#8160=SPHERICAL_SURFACE('',#9898,0.0100000000000004);
#8161=SPHERICAL_SURFACE('',#9905,0.01);
#8162=SPHERICAL_SURFACE('',#9911,0.0100000000000001);
#8163=SPHERICAL_SURFACE('',#9918,0.01);
#8164=SPHERICAL_SURFACE('',#9942,0.00999999999999967);
#8165=SPHERICAL_SURFACE('',#9950,0.01);
#8166=SPHERICAL_SURFACE('',#10060,0.0299999999999995);
#8167=SPHERICAL_SURFACE('',#10067,0.03);
#8168=SPHERICAL_SURFACE('',#10075,0.03);
#8169=SPHERICAL_SURFACE('',#10088,0.03);
#8170=SPHERICAL_SURFACE('',#10092,0.03);
#8171=SPHERICAL_SURFACE('',#10098,0.03);
#8172=SPHERICAL_SURFACE('',#10105,0.03);
#8173=SPHERICAL_SURFACE('',#10114,0.03);
#8174=SPHERICAL_SURFACE('',#10121,0.03);
#8175=SPHERICAL_SURFACE('',#10137,0.03);
#8176=SPHERICAL_SURFACE('',#10141,0.03);
#8177=SPHERICAL_SURFACE('',#10148,0.03);
#8178=STYLED_ITEM('',(#9345),#8739);
#8179=STYLED_ITEM('',(#9345),#8740);
#8180=STYLED_ITEM('',(#9345),#8741);
#8181=STYLED_ITEM('',(#9345),#8742);
#8182=STYLED_ITEM('',(#9345),#8743);
#8183=STYLED_ITEM('',(#9345),#8744);
#8184=STYLED_ITEM('',(#9345),#8745);
#8185=STYLED_ITEM('',(#9345),#8746);
#8186=STYLED_ITEM('',(#9345),#8747);
#8187=STYLED_ITEM('',(#9345),#8748);
#8188=STYLED_ITEM('',(#9345),#8749);
#8189=STYLED_ITEM('',(#9345),#8750);
#8190=STYLED_ITEM('',(#9345),#8751);
#8191=STYLED_ITEM('',(#9345),#8752);
#8192=STYLED_ITEM('',(#9345),#8753);
#8193=STYLED_ITEM('',(#9345),#8754);
#8194=STYLED_ITEM('',(#9345),#8755);
#8195=STYLED_ITEM('',(#9345),#8756);
#8196=STYLED_ITEM('',(#9345),#8757);
#8197=STYLED_ITEM('',(#9345),#8758);
#8198=STYLED_ITEM('',(#9345),#8759);
#8199=STYLED_ITEM('',(#9345),#8760);
#8200=STYLED_ITEM('',(#9345),#8761);
#8201=STYLED_ITEM('',(#9345),#8762);
#8202=STYLED_ITEM('',(#9345),#8763);
#8203=STYLED_ITEM('',(#9345),#8764);
#8204=STYLED_ITEM('',(#9345),#8765);
#8205=STYLED_ITEM('',(#9345),#8766);
#8206=STYLED_ITEM('',(#9345),#8767);
#8207=STYLED_ITEM('',(#9345),#8768);
#8208=STYLED_ITEM('',(#9345),#8769);
#8209=STYLED_ITEM('',(#9345),#8770);
#8210=STYLED_ITEM('',(#9345),#8771);
#8211=STYLED_ITEM('',(#9345),#8772);
#8212=STYLED_ITEM('',(#9345),#8773);
#8213=STYLED_ITEM('',(#9345),#8774);
#8214=STYLED_ITEM('',(#9345),#8775);
#8215=STYLED_ITEM('',(#9345),#8776);
#8216=STYLED_ITEM('',(#9345),#8777);
#8217=STYLED_ITEM('',(#9345),#8778);
#8218=STYLED_ITEM('',(#9345),#8779);
#8219=STYLED_ITEM('',(#9345),#8780);
#8220=STYLED_ITEM('',(#9345),#8781);
#8221=STYLED_ITEM('',(#9345),#8782);
#8222=STYLED_ITEM('',(#9345),#8783);
#8223=STYLED_ITEM('',(#9345),#8784);
#8224=STYLED_ITEM('',(#9345),#8785);
#8225=STYLED_ITEM('',(#9345),#8786);
#8226=STYLED_ITEM('',(#9345),#8787);
#8227=STYLED_ITEM('',(#9345),#8788);
#8228=STYLED_ITEM('',(#9345),#8789);
#8229=STYLED_ITEM('',(#9345),#8790);
#8230=STYLED_ITEM('',(#9345),#8791);
#8231=STYLED_ITEM('',(#9345),#8792);
#8232=STYLED_ITEM('',(#9345),#8793);
#8233=STYLED_ITEM('',(#9345),#8794);
#8234=STYLED_ITEM('',(#9345),#8795);
#8235=STYLED_ITEM('',(#9345),#8796);
#8236=STYLED_ITEM('',(#9346),#316);
#8237=STYLED_ITEM('',(#9345),#8797);
#8238=STYLED_ITEM('',(#9345),#8798);
#8239=STYLED_ITEM('',(#9345),#8799);
#8240=STYLED_ITEM('',(#9345),#8800);
#8241=STYLED_ITEM('',(#9345),#8801);
#8242=STYLED_ITEM('',(#9345),#8802);
#8243=STYLED_ITEM('',(#9345),#8803);
#8244=STYLED_ITEM('',(#9345),#8804);
#8245=STYLED_ITEM('',(#9345),#8805);
#8246=STYLED_ITEM('',(#9345),#8806);
#8247=STYLED_ITEM('',(#9345),#8807);
#8248=STYLED_ITEM('',(#9345),#8808);
#8249=STYLED_ITEM('',(#9345),#8809);
#8250=STYLED_ITEM('',(#9345),#8810);
#8251=STYLED_ITEM('',(#9345),#8811);
#8252=STYLED_ITEM('',(#9345),#8812);
#8253=STYLED_ITEM('',(#9345),#8813);
#8254=STYLED_ITEM('',(#9345),#8814);
#8255=STYLED_ITEM('',(#9345),#8815);
#8256=STYLED_ITEM('',(#9345),#8816);
#8257=STYLED_ITEM('',(#9345),#8817);
#8258=STYLED_ITEM('',(#9345),#8818);
#8259=STYLED_ITEM('',(#9345),#8819);
#8260=STYLED_ITEM('',(#9345),#8820);
#8261=STYLED_ITEM('',(#9345),#8821);
#8262=STYLED_ITEM('',(#9345),#8822);
#8263=STYLED_ITEM('',(#9345),#8823);
#8264=STYLED_ITEM('',(#9345),#8824);
#8265=STYLED_ITEM('',(#9345),#8825);
#8266=STYLED_ITEM('',(#9345),#8826);
#8267=STYLED_ITEM('',(#9345),#8827);
#8268=STYLED_ITEM('',(#9345),#8828);
#8269=STYLED_ITEM('',(#9345),#8829);
#8270=STYLED_ITEM('',(#9345),#8830);
#8271=STYLED_ITEM('',(#9345),#8831);
#8272=STYLED_ITEM('',(#9345),#8832);
#8273=STYLED_ITEM('',(#9345),#8833);
#8274=STYLED_ITEM('',(#9345),#8834);
#8275=STYLED_ITEM('',(#9345),#8835);
#8276=STYLED_ITEM('',(#9345),#8836);
#8277=STYLED_ITEM('',(#9345),#8837);
#8278=STYLED_ITEM('',(#9345),#8838);
#8279=STYLED_ITEM('',(#9345),#8839);
#8280=STYLED_ITEM('',(#9345),#8840);
#8281=STYLED_ITEM('',(#9345),#8841);
#8282=STYLED_ITEM('',(#9345),#8842);
#8283=STYLED_ITEM('',(#9345),#8843);
#8284=STYLED_ITEM('',(#9345),#8844);
#8285=STYLED_ITEM('',(#9345),#8845);
#8286=STYLED_ITEM('',(#9345),#8846);
#8287=STYLED_ITEM('',(#9345),#8847);
#8288=STYLED_ITEM('',(#9345),#8848);
#8289=STYLED_ITEM('',(#9345),#8849);
#8290=STYLED_ITEM('',(#9345),#8850);
#8291=STYLED_ITEM('',(#9345),#8851);
#8292=STYLED_ITEM('',(#9345),#8852);
#8293=STYLED_ITEM('',(#9345),#8853);
#8294=STYLED_ITEM('',(#9345),#8854);
#8295=STYLED_ITEM('',(#9346),#317);
#8296=STYLED_ITEM('',(#9345),#8855);
#8297=STYLED_ITEM('',(#9345),#8856);
#8298=STYLED_ITEM('',(#9345),#8857);
#8299=STYLED_ITEM('',(#9345),#8858);
#8300=STYLED_ITEM('',(#9345),#8859);
#8301=STYLED_ITEM('',(#9345),#8860);
#8302=STYLED_ITEM('',(#9345),#8861);
#8303=STYLED_ITEM('',(#9345),#8862);
#8304=STYLED_ITEM('',(#9345),#8863);
#8305=STYLED_ITEM('',(#9345),#8864);
#8306=STYLED_ITEM('',(#9345),#8865);
#8307=STYLED_ITEM('',(#9345),#8866);
#8308=STYLED_ITEM('',(#9345),#8867);
#8309=STYLED_ITEM('',(#9345),#8868);
#8310=STYLED_ITEM('',(#9345),#8869);
#8311=STYLED_ITEM('',(#9345),#8870);
#8312=STYLED_ITEM('',(#9345),#8871);
#8313=STYLED_ITEM('',(#9345),#8872);
#8314=STYLED_ITEM('',(#9345),#8873);
#8315=STYLED_ITEM('',(#9345),#8874);
#8316=STYLED_ITEM('',(#9345),#8875);
#8317=STYLED_ITEM('',(#9345),#8876);
#8318=STYLED_ITEM('',(#9345),#8877);
#8319=STYLED_ITEM('',(#9345),#8878);
#8320=STYLED_ITEM('',(#9345),#8879);
#8321=STYLED_ITEM('',(#9345),#8880);
#8322=STYLED_ITEM('',(#9345),#8881);
#8323=STYLED_ITEM('',(#9345),#8882);
#8324=STYLED_ITEM('',(#9345),#8883);
#8325=STYLED_ITEM('',(#9345),#8884);
#8326=STYLED_ITEM('',(#9345),#8885);
#8327=STYLED_ITEM('',(#9345),#8886);
#8328=STYLED_ITEM('',(#9345),#8887);
#8329=STYLED_ITEM('',(#9345),#8888);
#8330=STYLED_ITEM('',(#9345),#8889);
#8331=STYLED_ITEM('',(#9345),#8890);
#8332=STYLED_ITEM('',(#9345),#8891);
#8333=STYLED_ITEM('',(#9345),#8892);
#8334=STYLED_ITEM('',(#9345),#8893);
#8335=STYLED_ITEM('',(#9345),#8894);
#8336=STYLED_ITEM('',(#9345),#8895);
#8337=STYLED_ITEM('',(#9345),#8896);
#8338=STYLED_ITEM('',(#9345),#8897);
#8339=STYLED_ITEM('',(#9345),#8898);
#8340=STYLED_ITEM('',(#9345),#8899);
#8341=STYLED_ITEM('',(#9345),#8900);
#8342=STYLED_ITEM('',(#9345),#8901);
#8343=STYLED_ITEM('',(#9345),#8902);
#8344=STYLED_ITEM('',(#9345),#8903);
#8345=STYLED_ITEM('',(#9345),#8904);
#8346=STYLED_ITEM('',(#9345),#8905);
#8347=STYLED_ITEM('',(#9345),#8906);
#8348=STYLED_ITEM('',(#9345),#8907);
#8349=STYLED_ITEM('',(#9345),#8908);
#8350=STYLED_ITEM('',(#9345),#8909);
#8351=STYLED_ITEM('',(#9345),#8910);
#8352=STYLED_ITEM('',(#9345),#8911);
#8353=STYLED_ITEM('',(#9345),#8912);
#8354=STYLED_ITEM('',(#9345),#8913);
#8355=STYLED_ITEM('',(#9345),#8914);
#8356=STYLED_ITEM('',(#9345),#8915);
#8357=STYLED_ITEM('',(#9345),#8916);
#8358=STYLED_ITEM('',(#9345),#8917);
#8359=STYLED_ITEM('',(#9345),#8918);
#8360=STYLED_ITEM('',(#9345),#8919);
#8361=STYLED_ITEM('',(#9345),#8920);
#8362=STYLED_ITEM('',(#9345),#8921);
#8363=STYLED_ITEM('',(#9345),#8922);
#8364=STYLED_ITEM('',(#9345),#8923);
#8365=STYLED_ITEM('',(#9345),#8924);
#8366=STYLED_ITEM('',(#9345),#8925);
#8367=STYLED_ITEM('',(#9345),#8926);
#8368=STYLED_ITEM('',(#9345),#8927);
#8369=STYLED_ITEM('',(#9345),#8928);
#8370=STYLED_ITEM('',(#9345),#8929);
#8371=STYLED_ITEM('',(#9345),#8930);
#8372=STYLED_ITEM('',(#9345),#8931);
#8373=STYLED_ITEM('',(#9345),#8932);
#8374=STYLED_ITEM('',(#9345),#8933);
#8375=STYLED_ITEM('',(#9345),#8934);
#8376=STYLED_ITEM('',(#9345),#8935);
#8377=STYLED_ITEM('',(#9345),#8936);
#8378=STYLED_ITEM('',(#9345),#8937);
#8379=STYLED_ITEM('',(#9345),#8938);
#8380=STYLED_ITEM('',(#9345),#8939);
#8381=STYLED_ITEM('',(#9345),#8940);
#8382=STYLED_ITEM('',(#9345),#8941);
#8383=STYLED_ITEM('',(#9345),#8942);
#8384=STYLED_ITEM('',(#9345),#8943);
#8385=STYLED_ITEM('',(#9345),#8944);
#8386=STYLED_ITEM('',(#9345),#8945);
#8387=STYLED_ITEM('',(#9345),#8946);
#8388=STYLED_ITEM('',(#9345),#8947);
#8389=STYLED_ITEM('',(#9345),#8948);
#8390=STYLED_ITEM('',(#9346),#318);
#8391=STYLED_ITEM('',(#9345),#8949);
#8392=STYLED_ITEM('',(#9345),#8950);
#8393=STYLED_ITEM('',(#9345),#8951);
#8394=STYLED_ITEM('',(#9345),#8952);
#8395=STYLED_ITEM('',(#9345),#8953);
#8396=STYLED_ITEM('',(#9345),#8954);
#8397=STYLED_ITEM('',(#9345),#8955);
#8398=STYLED_ITEM('',(#9345),#8956);
#8399=STYLED_ITEM('',(#9345),#8957);
#8400=STYLED_ITEM('',(#9345),#8958);
#8401=STYLED_ITEM('',(#9345),#8959);
#8402=STYLED_ITEM('',(#9345),#8960);
#8403=STYLED_ITEM('',(#9345),#8961);
#8404=STYLED_ITEM('',(#9345),#8962);
#8405=STYLED_ITEM('',(#9345),#8963);
#8406=STYLED_ITEM('',(#9345),#8964);
#8407=STYLED_ITEM('',(#9345),#8965);
#8408=STYLED_ITEM('',(#9345),#8966);
#8409=STYLED_ITEM('',(#9345),#8967);
#8410=STYLED_ITEM('',(#9345),#8968);
#8411=STYLED_ITEM('',(#9345),#8969);
#8412=STYLED_ITEM('',(#9345),#8970);
#8413=STYLED_ITEM('',(#9345),#8971);
#8414=STYLED_ITEM('',(#9345),#8972);
#8415=STYLED_ITEM('',(#9345),#8973);
#8416=STYLED_ITEM('',(#9345),#8974);
#8417=STYLED_ITEM('',(#9345),#8975);
#8418=STYLED_ITEM('',(#9345),#8976);
#8419=STYLED_ITEM('',(#9345),#8977);
#8420=STYLED_ITEM('',(#9345),#8978);
#8421=STYLED_ITEM('',(#9345),#8979);
#8422=STYLED_ITEM('',(#9345),#8980);
#8423=STYLED_ITEM('',(#9345),#8981);
#8424=STYLED_ITEM('',(#9345),#8982);
#8425=STYLED_ITEM('',(#9345),#8983);
#8426=STYLED_ITEM('',(#9345),#8984);
#8427=STYLED_ITEM('',(#9345),#8985);
#8428=STYLED_ITEM('',(#9345),#8986);
#8429=STYLED_ITEM('',(#9345),#8987);
#8430=STYLED_ITEM('',(#9345),#8988);
#8431=STYLED_ITEM('',(#9345),#8989);
#8432=STYLED_ITEM('',(#9345),#8990);
#8433=STYLED_ITEM('',(#9345),#8991);
#8434=STYLED_ITEM('',(#9345),#8992);
#8435=STYLED_ITEM('',(#9345),#8993);
#8436=STYLED_ITEM('',(#9345),#8994);
#8437=STYLED_ITEM('',(#9345),#8995);
#8438=STYLED_ITEM('',(#9345),#8996);
#8439=STYLED_ITEM('',(#9345),#8997);
#8440=STYLED_ITEM('',(#9345),#8998);
#8441=STYLED_ITEM('',(#9345),#8999);
#8442=STYLED_ITEM('',(#9345),#9000);
#8443=STYLED_ITEM('',(#9345),#9001);
#8444=STYLED_ITEM('',(#9345),#9002);
#8445=STYLED_ITEM('',(#9345),#9003);
#8446=STYLED_ITEM('',(#9345),#9004);
#8447=STYLED_ITEM('',(#9345),#9005);
#8448=STYLED_ITEM('',(#9345),#9006);
#8449=STYLED_ITEM('',(#9345),#9007);
#8450=STYLED_ITEM('',(#9345),#9008);
#8451=STYLED_ITEM('',(#9345),#9009);
#8452=STYLED_ITEM('',(#9345),#9010);
#8453=STYLED_ITEM('',(#9345),#9011);
#8454=STYLED_ITEM('',(#9345),#9012);
#8455=STYLED_ITEM('',(#9345),#9013);
#8456=STYLED_ITEM('',(#9345),#9014);
#8457=STYLED_ITEM('',(#9345),#9015);
#8458=STYLED_ITEM('',(#9345),#9016);
#8459=STYLED_ITEM('',(#9345),#9017);
#8460=STYLED_ITEM('',(#9345),#9018);
#8461=STYLED_ITEM('',(#9345),#9019);
#8462=STYLED_ITEM('',(#9345),#9020);
#8463=STYLED_ITEM('',(#9345),#9021);
#8464=STYLED_ITEM('',(#9345),#9022);
#8465=STYLED_ITEM('',(#9345),#9023);
#8466=STYLED_ITEM('',(#9345),#9024);
#8467=STYLED_ITEM('',(#9345),#9025);
#8468=STYLED_ITEM('',(#9345),#9026);
#8469=STYLED_ITEM('',(#9345),#9027);
#8470=STYLED_ITEM('',(#9345),#9028);
#8471=STYLED_ITEM('',(#9345),#9029);
#8472=STYLED_ITEM('',(#9345),#9030);
#8473=STYLED_ITEM('',(#9345),#9031);
#8474=STYLED_ITEM('',(#9345),#9032);
#8475=STYLED_ITEM('',(#9345),#9033);
#8476=STYLED_ITEM('',(#9345),#9034);
#8477=STYLED_ITEM('',(#9345),#9035);
#8478=STYLED_ITEM('',(#9345),#9036);
#8479=STYLED_ITEM('',(#9345),#9037);
#8480=STYLED_ITEM('',(#9345),#9038);
#8481=STYLED_ITEM('',(#9345),#9039);
#8482=STYLED_ITEM('',(#9345),#9040);
#8483=STYLED_ITEM('',(#9345),#9041);
#8484=STYLED_ITEM('',(#9345),#9042);
#8485=STYLED_ITEM('',(#9346),#319);
#8486=STYLED_ITEM('',(#9347),#9043);
#8487=STYLED_ITEM('',(#9347),#9044);
#8488=STYLED_ITEM('',(#9347),#9045);
#8489=STYLED_ITEM('',(#9347),#9046);
#8490=STYLED_ITEM('',(#9347),#9047);
#8491=STYLED_ITEM('',(#9347),#9048);
#8492=STYLED_ITEM('',(#9347),#9049);
#8493=STYLED_ITEM('',(#9347),#9050);
#8494=STYLED_ITEM('',(#9347),#9051);
#8495=STYLED_ITEM('',(#9347),#9052);
#8496=STYLED_ITEM('',(#9347),#9053);
#8497=STYLED_ITEM('',(#9347),#9054);
#8498=STYLED_ITEM('',(#9347),#9055);
#8499=STYLED_ITEM('',(#9347),#9056);
#8500=STYLED_ITEM('',(#9347),#9057);
#8501=STYLED_ITEM('',(#9347),#9058);
#8502=STYLED_ITEM('',(#9347),#9059);
#8503=STYLED_ITEM('',(#9347),#9060);
#8504=STYLED_ITEM('',(#9347),#9061);
#8505=STYLED_ITEM('',(#9347),#9062);
#8506=STYLED_ITEM('',(#9347),#9063);
#8507=STYLED_ITEM('',(#9347),#9064);
#8508=STYLED_ITEM('',(#9347),#9065);
#8509=STYLED_ITEM('',(#9347),#9066);
#8510=STYLED_ITEM('',(#9347),#9067);
#8511=STYLED_ITEM('',(#9347),#9068);
#8512=STYLED_ITEM('',(#9347),#9069);
#8513=STYLED_ITEM('',(#9347),#9070);
#8514=STYLED_ITEM('',(#9347),#9071);
#8515=STYLED_ITEM('',(#9347),#9072);
#8516=STYLED_ITEM('',(#9347),#9073);
#8517=STYLED_ITEM('',(#9347),#9074);
#8518=STYLED_ITEM('',(#9347),#9075);
#8519=STYLED_ITEM('',(#9347),#9076);
#8520=STYLED_ITEM('',(#9347),#9077);
#8521=STYLED_ITEM('',(#9347),#9078);
#8522=STYLED_ITEM('',(#9347),#9079);
#8523=STYLED_ITEM('',(#9347),#9080);
#8524=STYLED_ITEM('',(#9347),#9081);
#8525=STYLED_ITEM('',(#9347),#9082);
#8526=STYLED_ITEM('',(#9347),#9083);
#8527=STYLED_ITEM('',(#9347),#9084);
#8528=STYLED_ITEM('',(#9347),#9085);
#8529=STYLED_ITEM('',(#9347),#9086);
#8530=STYLED_ITEM('',(#9347),#9087);
#8531=STYLED_ITEM('',(#9347),#9088);
#8532=STYLED_ITEM('',(#9347),#9089);
#8533=STYLED_ITEM('',(#9347),#9090);
#8534=STYLED_ITEM('',(#9347),#9091);
#8535=STYLED_ITEM('',(#9347),#9092);
#8536=STYLED_ITEM('',(#9347),#9093);
#8537=STYLED_ITEM('',(#9347),#9094);
#8538=STYLED_ITEM('',(#9347),#9095);
#8539=STYLED_ITEM('',(#9347),#9096);
#8540=STYLED_ITEM('',(#9347),#9097);
#8541=STYLED_ITEM('',(#9347),#9098);
#8542=STYLED_ITEM('',(#9347),#9099);
#8543=STYLED_ITEM('',(#9347),#9100);
#8544=STYLED_ITEM('',(#9347),#9101);
#8545=STYLED_ITEM('',(#9347),#9102);
#8546=STYLED_ITEM('',(#9347),#9103);
#8547=STYLED_ITEM('',(#9347),#9104);
#8548=STYLED_ITEM('',(#9347),#9105);
#8549=STYLED_ITEM('',(#9347),#9106);
#8550=STYLED_ITEM('',(#9347),#9107);
#8551=STYLED_ITEM('',(#9347),#9108);
#8552=STYLED_ITEM('',(#9347),#9109);
#8553=STYLED_ITEM('',(#9347),#9110);
#8554=STYLED_ITEM('',(#9347),#9111);
#8555=STYLED_ITEM('',(#9347),#9112);
#8556=STYLED_ITEM('',(#9347),#9113);
#8557=STYLED_ITEM('',(#9347),#9114);
#8558=STYLED_ITEM('',(#9347),#9115);
#8559=STYLED_ITEM('',(#9347),#9116);
#8560=STYLED_ITEM('',(#9347),#9117);
#8561=STYLED_ITEM('',(#9347),#9118);
#8562=STYLED_ITEM('',(#9347),#9119);
#8563=STYLED_ITEM('',(#9347),#9120);
#8564=STYLED_ITEM('',(#9347),#9121);
#8565=STYLED_ITEM('',(#9347),#9122);
#8566=STYLED_ITEM('',(#9347),#9123);
#8567=STYLED_ITEM('',(#9347),#9124);
#8568=STYLED_ITEM('',(#9347),#9125);
#8569=STYLED_ITEM('',(#9347),#9126);
#8570=STYLED_ITEM('',(#9347),#9127);
#8571=STYLED_ITEM('',(#9347),#9128);
#8572=STYLED_ITEM('',(#9347),#9129);
#8573=STYLED_ITEM('',(#9347),#9130);
#8574=STYLED_ITEM('',(#9347),#9131);
#8575=STYLED_ITEM('',(#9347),#9132);
#8576=STYLED_ITEM('',(#9347),#9133);
#8577=STYLED_ITEM('',(#9347),#9134);
#8578=STYLED_ITEM('',(#9347),#9135);
#8579=STYLED_ITEM('',(#9347),#9136);
#8580=STYLED_ITEM('',(#9347),#9137);
#8581=STYLED_ITEM('',(#9347),#9138);
#8582=STYLED_ITEM('',(#9347),#9139);
#8583=STYLED_ITEM('',(#9347),#9140);
#8584=STYLED_ITEM('',(#9347),#9141);
#8585=STYLED_ITEM('',(#9347),#9142);
#8586=STYLED_ITEM('',(#9347),#9143);
#8587=STYLED_ITEM('',(#9347),#9144);
#8588=STYLED_ITEM('',(#9347),#9145);
#8589=STYLED_ITEM('',(#9347),#9146);
#8590=STYLED_ITEM('',(#9347),#9147);
#8591=STYLED_ITEM('',(#9347),#9148);
#8592=STYLED_ITEM('',(#9347),#9149);
#8593=STYLED_ITEM('',(#9347),#9150);
#8594=STYLED_ITEM('',(#9347),#9151);
#8595=STYLED_ITEM('',(#9347),#9152);
#8596=STYLED_ITEM('',(#9347),#9153);
#8597=STYLED_ITEM('',(#9347),#9154);
#8598=STYLED_ITEM('',(#9347),#9155);
#8599=STYLED_ITEM('',(#9347),#9156);
#8600=STYLED_ITEM('',(#9347),#9157);
#8601=STYLED_ITEM('',(#9347),#9158);
#8602=STYLED_ITEM('',(#9347),#9159);
#8603=STYLED_ITEM('',(#9347),#9160);
#8604=STYLED_ITEM('',(#9347),#9161);
#8605=STYLED_ITEM('',(#9347),#9162);
#8606=STYLED_ITEM('',(#9347),#9163);
#8607=STYLED_ITEM('',(#9347),#9164);
#8608=STYLED_ITEM('',(#9347),#9165);
#8609=STYLED_ITEM('',(#9347),#9166);
#8610=STYLED_ITEM('',(#9347),#9167);
#8611=STYLED_ITEM('',(#9347),#9168);
#8612=STYLED_ITEM('',(#9347),#9169);
#8613=STYLED_ITEM('',(#9347),#9170);
#8614=STYLED_ITEM('',(#9347),#9171);
#8615=STYLED_ITEM('',(#9347),#9172);
#8616=STYLED_ITEM('',(#9347),#9173);
#8617=STYLED_ITEM('',(#9347),#9174);
#8618=STYLED_ITEM('',(#9347),#9175);
#8619=STYLED_ITEM('',(#9347),#9176);
#8620=STYLED_ITEM('',(#9347),#9177);
#8621=STYLED_ITEM('',(#9347),#9178);
#8622=STYLED_ITEM('',(#9347),#9179);
#8623=STYLED_ITEM('',(#9347),#9180);
#8624=STYLED_ITEM('',(#9347),#9181);
#8625=STYLED_ITEM('',(#9347),#9182);
#8626=STYLED_ITEM('',(#9347),#9183);
#8627=STYLED_ITEM('',(#9347),#9184);
#8628=STYLED_ITEM('',(#9347),#9185);
#8629=STYLED_ITEM('',(#9347),#9186);
#8630=STYLED_ITEM('',(#9347),#9187);
#8631=STYLED_ITEM('',(#9347),#9188);
#8632=STYLED_ITEM('',(#9347),#9189);
#8633=STYLED_ITEM('',(#9347),#9190);
#8634=STYLED_ITEM('',(#9347),#9191);
#8635=STYLED_ITEM('',(#9347),#9192);
#8636=STYLED_ITEM('',(#9347),#9193);
#8637=STYLED_ITEM('',(#9347),#9194);
#8638=STYLED_ITEM('',(#9347),#9195);
#8639=STYLED_ITEM('',(#9347),#9196);
#8640=STYLED_ITEM('',(#9347),#9197);
#8641=STYLED_ITEM('',(#9347),#9198);
#8642=STYLED_ITEM('',(#9347),#9199);
#8643=STYLED_ITEM('',(#9347),#9200);
#8644=STYLED_ITEM('',(#9347),#9201);
#8645=STYLED_ITEM('',(#9348),#320);
#8646=STYLED_ITEM('',(#9349),#9202);
#8647=STYLED_ITEM('',(#9349),#9203);
#8648=STYLED_ITEM('',(#9349),#9204);
#8649=STYLED_ITEM('',(#9349),#9205);
#8650=STYLED_ITEM('',(#9349),#9206);
#8651=STYLED_ITEM('',(#9349),#321);
#8652=STYLED_ITEM('',(#9351),#9207);
#8653=STYLED_ITEM('',(#9351),#9208);
#8654=STYLED_ITEM('',(#9351),#9209);
#8655=STYLED_ITEM('',(#9351),#9210);
#8656=STYLED_ITEM('',(#9351),#9211);
#8657=STYLED_ITEM('',(#9351),#9212);
#8658=STYLED_ITEM('',(#9351),#9213);
#8659=STYLED_ITEM('',(#9351),#9214);
#8660=STYLED_ITEM('',(#9351),#9215);
#8661=STYLED_ITEM('',(#9351),#9216);
#8662=STYLED_ITEM('',(#9351),#9217);
#8663=STYLED_ITEM('',(#9351),#9218);
#8664=STYLED_ITEM('',(#9351),#9219);
#8665=STYLED_ITEM('',(#9351),#9220);
#8666=STYLED_ITEM('',(#9351),#9221);
#8667=STYLED_ITEM('',(#9351),#9222);
#8668=STYLED_ITEM('',(#9351),#9223);
#8669=STYLED_ITEM('',(#9351),#9224);
#8670=STYLED_ITEM('',(#9351),#9225);
#8671=STYLED_ITEM('',(#9351),#9226);
#8672=STYLED_ITEM('',(#9350),#322);
#8673=STYLED_ITEM('',(#9351),#9227);
#8674=STYLED_ITEM('',(#9351),#9228);
#8675=STYLED_ITEM('',(#9351),#9229);
#8676=STYLED_ITEM('',(#9351),#9230);
#8677=STYLED_ITEM('',(#9351),#9231);
#8678=STYLED_ITEM('',(#9351),#9232);
#8679=STYLED_ITEM('',(#9351),#9233);
#8680=STYLED_ITEM('',(#9351),#9234);
#8681=STYLED_ITEM('',(#9351),#9235);
#8682=STYLED_ITEM('',(#9351),#9236);
#8683=STYLED_ITEM('',(#9351),#9237);
#8684=STYLED_ITEM('',(#9351),#9238);
#8685=STYLED_ITEM('',(#9351),#9239);
#8686=STYLED_ITEM('',(#9351),#9240);
#8687=STYLED_ITEM('',(#9351),#9241);
#8688=STYLED_ITEM('',(#9351),#9242);
#8689=STYLED_ITEM('',(#9351),#9243);
#8690=STYLED_ITEM('',(#9351),#9244);
#8691=STYLED_ITEM('',(#9351),#9245);
#8692=STYLED_ITEM('',(#9351),#9246);
#8693=STYLED_ITEM('',(#9351),#9247);
#8694=STYLED_ITEM('',(#9351),#9248);
#8695=STYLED_ITEM('',(#9351),#9249);
#8696=STYLED_ITEM('',(#9351),#9250);
#8697=STYLED_ITEM('',(#9351),#9251);
#8698=STYLED_ITEM('',(#9351),#9252);
#8699=STYLED_ITEM('',(#9351),#9253);
#8700=STYLED_ITEM('',(#9351),#9254);
#8701=STYLED_ITEM('',(#9351),#9255);
#8702=STYLED_ITEM('',(#9351),#9256);
#8703=STYLED_ITEM('',(#9351),#9257);
#8704=STYLED_ITEM('',(#9351),#9258);
#8705=STYLED_ITEM('',(#9351),#9259);
#8706=STYLED_ITEM('',(#9351),#9260);
#8707=STYLED_ITEM('',(#9351),#9261);
#8708=STYLED_ITEM('',(#9351),#9262);
#8709=STYLED_ITEM('',(#9351),#9263);
#8710=STYLED_ITEM('',(#9351),#9264);
#8711=STYLED_ITEM('',(#9351),#9265);
#8712=STYLED_ITEM('',(#9351),#9266);
#8713=STYLED_ITEM('',(#9351),#9267);
#8714=STYLED_ITEM('',(#9351),#9268);
#8715=STYLED_ITEM('',(#9351),#9269);
#8716=STYLED_ITEM('',(#9351),#9270);
#8717=STYLED_ITEM('',(#9351),#9271);
#8718=STYLED_ITEM('',(#9351),#9272);
#8719=STYLED_ITEM('',(#9350),#323);
#8720=STYLED_ITEM('',(#9351),#9273);
#8721=STYLED_ITEM('',(#9351),#9274);
#8722=STYLED_ITEM('',(#9351),#9275);
#8723=STYLED_ITEM('',(#9351),#9276);
#8724=STYLED_ITEM('',(#9351),#9277);
#8725=STYLED_ITEM('',(#9351),#9278);
#8726=STYLED_ITEM('',(#9351),#9279);
#8727=STYLED_ITEM('',(#9351),#9280);
#8728=STYLED_ITEM('',(#9351),#9281);
#8729=STYLED_ITEM('',(#9351),#9282);
#8730=STYLED_ITEM('',(#9351),#9283);
#8731=STYLED_ITEM('',(#9351),#9284);
#8732=STYLED_ITEM('',(#9351),#9285);
#8733=STYLED_ITEM('',(#9351),#9286);
#8734=STYLED_ITEM('',(#9351),#9287);
#8735=STYLED_ITEM('',(#9351),#9288);
#8736=STYLED_ITEM('',(#9351),#9289);
#8737=STYLED_ITEM('',(#9351),#9290);
#8738=STYLED_ITEM('',(#9350),#324);
#8739=ADVANCED_FACE('',(#2100),#8102,.T.);
#8740=ADVANCED_FACE('',(#2101),#8103,.T.);
#8741=ADVANCED_FACE('',(#2102),#1887,.T.);
#8742=ADVANCED_FACE('',(#2103),#8104,.T.);
#8743=ADVANCED_FACE('',(#2104),#8105,.T.);
#8744=ADVANCED_FACE('',(#2105),#8106,.T.);
#8745=ADVANCED_FACE('',(#2106),#8107,.T.);
#8746=ADVANCED_FACE('',(#2107),#8108,.T.);
#8747=ADVANCED_FACE('',(#2108),#8109,.T.);
#8748=ADVANCED_FACE('',(#2109),#8110,.T.);
#8749=ADVANCED_FACE('',(#2110),#8111,.T.);
#8750=ADVANCED_FACE('',(#2111),#8112,.T.);
#8751=ADVANCED_FACE('',(#2112),#8113,.T.);
#8752=ADVANCED_FACE('',(#2113),#8114,.T.);
#8753=ADVANCED_FACE('',(#2114),#1888,.T.);
#8754=ADVANCED_FACE('',(#2115),#1889,.T.);
#8755=ADVANCED_FACE('',(#2116),#8115,.T.);
#8756=ADVANCED_FACE('',(#2117),#8116,.T.);
#8757=ADVANCED_FACE('',(#2118),#8117,.T.);
#8758=ADVANCED_FACE('',(#2119),#1890,.T.);
#8759=ADVANCED_FACE('',(#2120),#1891,.T.);
#8760=ADVANCED_FACE('',(#2121),#1892,.T.);
#8761=ADVANCED_FACE('',(#2122),#1893,.T.);
#8762=ADVANCED_FACE('',(#2123),#1894,.T.);
#8763=ADVANCED_FACE('',(#2124),#1895,.T.);
#8764=ADVANCED_FACE('',(#2125),#1896,.T.);
#8765=ADVANCED_FACE('',(#2126),#1897,.T.);
#8766=ADVANCED_FACE('',(#2127),#1898,.T.);
#8767=ADVANCED_FACE('',(#2128),#1899,.T.);
#8768=ADVANCED_FACE('',(#2129),#1900,.T.);
#8769=ADVANCED_FACE('',(#2130),#1901,.T.);
#8770=ADVANCED_FACE('',(#2131),#1902,.T.);
#8771=ADVANCED_FACE('',(#2132),#1903,.T.);
#8772=ADVANCED_FACE('',(#2133),#1904,.T.);
#8773=ADVANCED_FACE('',(#2134),#1905,.T.);
#8774=ADVANCED_FACE('',(#2135),#1906,.T.);
#8775=ADVANCED_FACE('',(#2136),#1907,.T.);
#8776=ADVANCED_FACE('',(#2137),#1908,.T.);
#8777=ADVANCED_FACE('',(#2138),#1909,.T.);
#8778=ADVANCED_FACE('',(#2139),#1910,.T.);
#8779=ADVANCED_FACE('',(#2140),#1911,.T.);
#8780=ADVANCED_FACE('',(#2141),#1912,.T.);
#8781=ADVANCED_FACE('',(#2142),#1913,.T.);
#8782=ADVANCED_FACE('',(#2143),#1914,.T.);
#8783=ADVANCED_FACE('',(#2144),#325,.T.);
#8784=ADVANCED_FACE('',(#2145),#326,.F.);
#8785=ADVANCED_FACE('',(#2146),#327,.F.);
#8786=ADVANCED_FACE('',(#2147),#328,.F.);
#8787=ADVANCED_FACE('',(#2148),#329,.F.);
#8788=ADVANCED_FACE('',(#2149),#330,.F.);
#8789=ADVANCED_FACE('',(#2150),#331,.F.);
#8790=ADVANCED_FACE('',(#2151),#332,.F.);
#8791=ADVANCED_FACE('',(#2152),#333,.T.);
#8792=ADVANCED_FACE('',(#2153),#334,.T.);
#8793=ADVANCED_FACE('',(#2154),#335,.F.);
#8794=ADVANCED_FACE('',(#2155),#336,.F.);
#8795=ADVANCED_FACE('',(#2156),#337,.T.);
#8796=ADVANCED_FACE('',(#2157),#338,.T.);
#8797=ADVANCED_FACE('',(#2158),#8118,.T.);
#8798=ADVANCED_FACE('',(#2159),#8119,.T.);
#8799=ADVANCED_FACE('',(#2160),#1915,.T.);
#8800=ADVANCED_FACE('',(#2161),#8120,.T.);
#8801=ADVANCED_FACE('',(#2162),#8121,.T.);
#8802=ADVANCED_FACE('',(#2163),#8122,.T.);
#8803=ADVANCED_FACE('',(#2164),#8123,.T.);
#8804=ADVANCED_FACE('',(#2165),#8124,.T.);
#8805=ADVANCED_FACE('',(#2166),#8125,.T.);
#8806=ADVANCED_FACE('',(#2167),#8126,.T.);
#8807=ADVANCED_FACE('',(#2168),#8127,.T.);
#8808=ADVANCED_FACE('',(#2169),#8128,.T.);
#8809=ADVANCED_FACE('',(#2170),#8129,.T.);
#8810=ADVANCED_FACE('',(#2171),#8130,.T.);
#8811=ADVANCED_FACE('',(#2172),#1916,.T.);
#8812=ADVANCED_FACE('',(#2173),#1917,.T.);
#8813=ADVANCED_FACE('',(#2174),#8131,.T.);
#8814=ADVANCED_FACE('',(#2175),#8132,.T.);
#8815=ADVANCED_FACE('',(#2176),#8133,.T.);
#8816=ADVANCED_FACE('',(#2177),#1918,.T.);
#8817=ADVANCED_FACE('',(#2178),#1919,.T.);
#8818=ADVANCED_FACE('',(#2179),#1920,.T.);
#8819=ADVANCED_FACE('',(#2180),#1921,.T.);
#8820=ADVANCED_FACE('',(#2181),#1922,.T.);
#8821=ADVANCED_FACE('',(#2182),#1923,.T.);
#8822=ADVANCED_FACE('',(#2183),#1924,.T.);
#8823=ADVANCED_FACE('',(#2184),#1925,.T.);
#8824=ADVANCED_FACE('',(#2185),#1926,.T.);
#8825=ADVANCED_FACE('',(#2186),#1927,.T.);
#8826=ADVANCED_FACE('',(#2187),#1928,.T.);
#8827=ADVANCED_FACE('',(#2188),#1929,.T.);
#8828=ADVANCED_FACE('',(#2189),#1930,.T.);
#8829=ADVANCED_FACE('',(#2190),#1931,.T.);
#8830=ADVANCED_FACE('',(#2191),#1932,.T.);
#8831=ADVANCED_FACE('',(#2192),#1933,.T.);
#8832=ADVANCED_FACE('',(#2193),#1934,.T.);
#8833=ADVANCED_FACE('',(#2194),#1935,.T.);
#8834=ADVANCED_FACE('',(#2195),#1936,.T.);
#8835=ADVANCED_FACE('',(#2196),#1937,.T.);
#8836=ADVANCED_FACE('',(#2197),#1938,.T.);
#8837=ADVANCED_FACE('',(#2198),#1939,.T.);
#8838=ADVANCED_FACE('',(#2199),#1940,.T.);
#8839=ADVANCED_FACE('',(#2200),#1941,.T.);
#8840=ADVANCED_FACE('',(#2201),#1942,.T.);
#8841=ADVANCED_FACE('',(#2202),#339,.T.);
#8842=ADVANCED_FACE('',(#2203),#340,.F.);
#8843=ADVANCED_FACE('',(#2204),#341,.F.);
#8844=ADVANCED_FACE('',(#2205),#342,.F.);
#8845=ADVANCED_FACE('',(#2206),#343,.F.);
#8846=ADVANCED_FACE('',(#2207),#344,.F.);
#8847=ADVANCED_FACE('',(#2208),#345,.F.);
#8848=ADVANCED_FACE('',(#2209),#346,.F.);
#8849=ADVANCED_FACE('',(#2210),#347,.T.);
#8850=ADVANCED_FACE('',(#2211),#348,.T.);
#8851=ADVANCED_FACE('',(#2212),#349,.F.);
#8852=ADVANCED_FACE('',(#2213),#350,.F.);
#8853=ADVANCED_FACE('',(#2214),#351,.T.);
#8854=ADVANCED_FACE('',(#2215),#352,.T.);
#8855=ADVANCED_FACE('',(#2216),#8134,.T.);
#8856=ADVANCED_FACE('',(#2217),#8135,.T.);
#8857=ADVANCED_FACE('',(#2218),#8136,.T.);
#8858=ADVANCED_FACE('',(#2219),#8137,.T.);
#8859=ADVANCED_FACE('',(#2220),#8138,.T.);
#8860=ADVANCED_FACE('',(#2221),#8139,.T.);
#8861=ADVANCED_FACE('',(#2222),#1943,.T.);
#8862=ADVANCED_FACE('',(#2223),#8140,.T.);
#8863=ADVANCED_FACE('',(#2224),#8141,.T.);
#8864=ADVANCED_FACE('',(#2225),#8142,.T.);
#8865=ADVANCED_FACE('',(#2226),#1944,.T.);
#8866=ADVANCED_FACE('',(#2227),#1945,.T.);
#8867=ADVANCED_FACE('',(#2228),#8143,.T.);
#8868=ADVANCED_FACE('',(#2229),#8144,.T.);
#8869=ADVANCED_FACE('',(#2230),#8145,.T.);
#8870=ADVANCED_FACE('',(#2231),#8146,.T.);
#8871=ADVANCED_FACE('',(#2232),#1946,.T.);
#8872=ADVANCED_FACE('',(#2233),#286,.T.);
#8873=ADVANCED_FACE('',(#2234),#1947,.T.);
#8874=ADVANCED_FACE('',(#2235),#287,.T.);
#8875=ADVANCED_FACE('',(#2236),#1948,.T.);
#8876=ADVANCED_FACE('',(#2237),#288,.T.);
#8877=ADVANCED_FACE('',(#2238),#1949,.T.);
#8878=ADVANCED_FACE('',(#2239),#1950,.T.);
#8879=ADVANCED_FACE('',(#2240),#1951,.T.);
#8880=ADVANCED_FACE('',(#2241),#8147,.T.);
#8881=ADVANCED_FACE('',(#2242),#8148,.T.);
#8882=ADVANCED_FACE('',(#2243),#1952,.T.);
#8883=ADVANCED_FACE('',(#2244),#1953,.T.);
#8884=ADVANCED_FACE('',(#2245),#1954,.T.);
#8885=ADVANCED_FACE('',(#2246),#8149,.T.);
#8886=ADVANCED_FACE('',(#2247),#1955,.T.);
#8887=ADVANCED_FACE('',(#2248),#289,.T.);
#8888=ADVANCED_FACE('',(#2249),#1956,.T.);
#8889=ADVANCED_FACE('',(#2250),#290,.T.);
#8890=ADVANCED_FACE('',(#2251),#1957,.T.);
#8891=ADVANCED_FACE('',(#2252),#291,.T.);
#8892=ADVANCED_FACE('',(#2253),#1958,.T.);
#8893=ADVANCED_FACE('',(#2254),#1959,.T.);
#8894=ADVANCED_FACE('',(#2255),#1960,.T.);
#8895=ADVANCED_FACE('',(#2256),#1961,.T.);
#8896=ADVANCED_FACE('',(#2257),#1962,.T.);
#8897=ADVANCED_FACE('',(#2258),#1963,.T.);
#8898=ADVANCED_FACE('',(#2259),#1964,.T.);
#8899=ADVANCED_FACE('',(#2260),#292,.T.);
#8900=ADVANCED_FACE('',(#2261),#1965,.T.);
#8901=ADVANCED_FACE('',(#2262),#293,.T.);
#8902=ADVANCED_FACE('',(#2263),#1966,.T.);
#8903=ADVANCED_FACE('',(#2264),#294,.T.);
#8904=ADVANCED_FACE('',(#2265),#1967,.T.);
#8905=ADVANCED_FACE('',(#2266),#1968,.T.);
#8906=ADVANCED_FACE('',(#2267),#1969,.T.);
#8907=ADVANCED_FACE('',(#2268),#1970,.T.);
#8908=ADVANCED_FACE('',(#2269),#1971,.T.);
#8909=ADVANCED_FACE('',(#2270),#1972,.T.);
#8910=ADVANCED_FACE('',(#2271),#1973,.T.);
#8911=ADVANCED_FACE('',(#2272),#1974,.T.);
#8912=ADVANCED_FACE('',(#2273),#1975,.T.);
#8913=ADVANCED_FACE('',(#2274),#295,.T.);
#8914=ADVANCED_FACE('',(#2275),#1976,.T.);
#8915=ADVANCED_FACE('',(#2276),#296,.T.);
#8916=ADVANCED_FACE('',(#2277),#1977,.T.);
#8917=ADVANCED_FACE('',(#2278),#297,.T.);
#8918=ADVANCED_FACE('',(#2279),#1978,.T.);
#8919=ADVANCED_FACE('',(#2280),#1979,.T.);
#8920=ADVANCED_FACE('',(#2281),#1980,.T.);
#8921=ADVANCED_FACE('',(#2282),#1981,.T.);
#8922=ADVANCED_FACE('',(#2283),#1982,.T.);
#8923=ADVANCED_FACE('',(#2284),#1983,.T.);
#8924=ADVANCED_FACE('',(#2285),#353,.F.);
#8925=ADVANCED_FACE('',(#2286),#1984,.F.);
#8926=ADVANCED_FACE('',(#2287),#354,.F.);
#8927=ADVANCED_FACE('',(#2288),#355,.F.);
#8928=ADVANCED_FACE('',(#2289),#1985,.T.);
#8929=ADVANCED_FACE('',(#2290),#1986,.F.);
#8930=ADVANCED_FACE('',(#2291),#356,.F.);
#8931=ADVANCED_FACE('',(#2292),#1987,.T.);
#8932=ADVANCED_FACE('',(#2293),#357,.F.);
#8933=ADVANCED_FACE('',(#2294),#358,.F.);
#8934=ADVANCED_FACE('',(#2295),#1988,.F.);
#8935=ADVANCED_FACE('',(#2296),#359,.T.);
#8936=ADVANCED_FACE('',(#2297),#360,.F.);
#8937=ADVANCED_FACE('',(#2298),#361,.F.);
#8938=ADVANCED_FACE('',(#2299),#362,.T.);
#8939=ADVANCED_FACE('',(#2300),#363,.T.);
#8940=ADVANCED_FACE('',(#2301),#364,.T.);
#8941=ADVANCED_FACE('',(#2302),#365,.F.);
#8942=ADVANCED_FACE('',(#2303),#366,.F.);
#8943=ADVANCED_FACE('',(#2304),#367,.T.);
#8944=ADVANCED_FACE('',(#2305),#368,.T.);
#8945=ADVANCED_FACE('',(#2306),#369,.F.);
#8946=ADVANCED_FACE('',(#2307),#370,.T.);
#8947=ADVANCED_FACE('',(#2308),#371,.F.);
#8948=ADVANCED_FACE('',(#2309),#372,.F.);
#8949=ADVANCED_FACE('',(#2310),#8150,.T.);
#8950=ADVANCED_FACE('',(#2311),#8151,.T.);
#8951=ADVANCED_FACE('',(#2312),#8152,.T.);
#8952=ADVANCED_FACE('',(#2313),#8153,.T.);
#8953=ADVANCED_FACE('',(#2314),#1989,.T.);
#8954=ADVANCED_FACE('',(#2315),#8154,.T.);
#8955=ADVANCED_FACE('',(#2316),#8155,.T.);
#8956=ADVANCED_FACE('',(#2317),#8156,.T.);
#8957=ADVANCED_FACE('',(#2318),#8157,.T.);
#8958=ADVANCED_FACE('',(#2319),#8158,.T.);
#8959=ADVANCED_FACE('',(#2320),#1990,.T.);
#8960=ADVANCED_FACE('',(#2321),#8159,.T.);
#8961=ADVANCED_FACE('',(#2322),#1991,.T.);
#8962=ADVANCED_FACE('',(#2323),#8160,.T.);
#8963=ADVANCED_FACE('',(#2324),#1992,.T.);
#8964=ADVANCED_FACE('',(#2325),#1993,.T.);
#8965=ADVANCED_FACE('',(#2326),#8161,.T.);
#8966=ADVANCED_FACE('',(#2327),#1994,.T.);
#8967=ADVANCED_FACE('',(#2328),#1995,.T.);
#8968=ADVANCED_FACE('',(#2329),#8162,.T.);
#8969=ADVANCED_FACE('',(#2330),#1996,.T.);
#8970=ADVANCED_FACE('',(#2331),#1997,.T.);
#8971=ADVANCED_FACE('',(#2332),#8163,.T.);
#8972=ADVANCED_FACE('',(#2333),#1998,.T.);
#8973=ADVANCED_FACE('',(#2334),#298,.T.);
#8974=ADVANCED_FACE('',(#2335),#1999,.T.);
#8975=ADVANCED_FACE('',(#2336),#299,.T.);
#8976=ADVANCED_FACE('',(#2337),#2000,.T.);
#8977=ADVANCED_FACE('',(#2338),#300,.T.);
#8978=ADVANCED_FACE('',(#2339),#2001,.T.);
#8979=ADVANCED_FACE('',(#2340),#8164,.T.);
#8980=ADVANCED_FACE('',(#2341),#2002,.T.);
#8981=ADVANCED_FACE('',(#2342),#2003,.T.);
#8982=ADVANCED_FACE('',(#2343),#2004,.T.);
#8983=ADVANCED_FACE('',(#2344),#8165,.T.);
#8984=ADVANCED_FACE('',(#2345),#2005,.T.);
#8985=ADVANCED_FACE('',(#2346),#301,.T.);
#8986=ADVANCED_FACE('',(#2347),#2006,.T.);
#8987=ADVANCED_FACE('',(#2348),#302,.T.);
#8988=ADVANCED_FACE('',(#2349),#2007,.T.);
#8989=ADVANCED_FACE('',(#2350),#303,.T.);
#8990=ADVANCED_FACE('',(#2351),#2008,.T.);
#8991=ADVANCED_FACE('',(#2352),#2009,.T.);
#8992=ADVANCED_FACE('',(#2353),#2010,.T.);
#8993=ADVANCED_FACE('',(#2354),#2011,.T.);
#8994=ADVANCED_FACE('',(#2355),#2012,.T.);
#8995=ADVANCED_FACE('',(#2356),#2013,.T.);
#8996=ADVANCED_FACE('',(#2357),#2014,.T.);
#8997=ADVANCED_FACE('',(#2358),#304,.T.);
#8998=ADVANCED_FACE('',(#2359),#2015,.T.);
#8999=ADVANCED_FACE('',(#2360),#305,.T.);
#9000=ADVANCED_FACE('',(#2361),#2016,.T.);
#9001=ADVANCED_FACE('',(#2362),#306,.T.);
#9002=ADVANCED_FACE('',(#2363),#2017,.T.);
#9003=ADVANCED_FACE('',(#2364),#2018,.T.);
#9004=ADVANCED_FACE('',(#2365),#2019,.T.);
#9005=ADVANCED_FACE('',(#2366),#2020,.T.);
#9006=ADVANCED_FACE('',(#2367),#2021,.T.);
#9007=ADVANCED_FACE('',(#2368),#307,.T.);
#9008=ADVANCED_FACE('',(#2369),#2022,.T.);
#9009=ADVANCED_FACE('',(#2370),#308,.T.);
#9010=ADVANCED_FACE('',(#2371),#2023,.T.);
#9011=ADVANCED_FACE('',(#2372),#309,.T.);
#9012=ADVANCED_FACE('',(#2373),#2024,.T.);
#9013=ADVANCED_FACE('',(#2374),#2025,.T.);
#9014=ADVANCED_FACE('',(#2375),#2026,.T.);
#9015=ADVANCED_FACE('',(#2376),#2027,.T.);
#9016=ADVANCED_FACE('',(#2377),#2028,.T.);
#9017=ADVANCED_FACE('',(#2378),#2029,.T.);
#9018=ADVANCED_FACE('',(#2379),#373,.F.);
#9019=ADVANCED_FACE('',(#2380),#2030,.F.);
#9020=ADVANCED_FACE('',(#2381),#374,.F.);
#9021=ADVANCED_FACE('',(#2382),#2031,.T.);
#9022=ADVANCED_FACE('',(#2383),#375,.F.);
#9023=ADVANCED_FACE('',(#2384),#376,.F.);
#9024=ADVANCED_FACE('',(#2385),#377,.F.);
#9025=ADVANCED_FACE('',(#2386),#378,.F.);
#9026=ADVANCED_FACE('',(#2387),#379,.T.);
#9027=ADVANCED_FACE('',(#2388),#380,.F.);
#9028=ADVANCED_FACE('',(#2389),#381,.F.);
#9029=ADVANCED_FACE('',(#2390),#382,.T.);
#9030=ADVANCED_FACE('',(#2391),#383,.T.);
#9031=ADVANCED_FACE('',(#2392),#384,.T.);
#9032=ADVANCED_FACE('',(#2393),#385,.T.);
#9033=ADVANCED_FACE('',(#2394),#386,.F.);
#9034=ADVANCED_FACE('',(#2395),#387,.T.);
#9035=ADVANCED_FACE('',(#2396),#388,.T.);
#9036=ADVANCED_FACE('',(#2397),#2032,.T.);
#9037=ADVANCED_FACE('',(#2398),#389,.F.);
#9038=ADVANCED_FACE('',(#2399),#2033,.F.);
#9039=ADVANCED_FACE('',(#2400),#390,.F.);
#9040=ADVANCED_FACE('',(#2401),#391,.F.);
#9041=ADVANCED_FACE('',(#2402),#2034,.F.);
#9042=ADVANCED_FACE('',(#2403),#392,.F.);
#9043=ADVANCED_FACE('',(#2404),#2035,.T.);
#9044=ADVANCED_FACE('',(#2405),#2036,.T.);
#9045=ADVANCED_FACE('',(#2406),#2037,.T.);
#9046=ADVANCED_FACE('',(#2407),#8166,.T.);
#9047=ADVANCED_FACE('',(#2408),#2038,.T.);
#9048=ADVANCED_FACE('',(#2409),#2039,.T.);
#9049=ADVANCED_FACE('',(#2410),#8167,.T.);
#9050=ADVANCED_FACE('',(#2411),#2040,.T.);
#9051=ADVANCED_FACE('',(#2412),#310,.T.);
#9052=ADVANCED_FACE('',(#2413),#8168,.T.);
#9053=ADVANCED_FACE('',(#2414),#2041,.T.);
#9054=ADVANCED_FACE('',(#2415),#2042,.T.);
#9055=ADVANCED_FACE('',(#2416),#2043,.T.);
#9056=ADVANCED_FACE('',(#2417),#8169,.T.);
#9057=ADVANCED_FACE('',(#2418),#8170,.T.);
#9058=ADVANCED_FACE('',(#2419),#2044,.T.);
#9059=ADVANCED_FACE('',(#2420),#8171,.T.);
#9060=ADVANCED_FACE('',(#2421),#2045,.T.);
#9061=ADVANCED_FACE('',(#2422),#8172,.T.);
#9062=ADVANCED_FACE('',(#2423),#2046,.T.);
#9063=ADVANCED_FACE('',(#2424),#2047,.T.);
#9064=ADVANCED_FACE('',(#2425),#8173,.T.);
#9065=ADVANCED_FACE('',(#2426),#2048,.T.);
#9066=ADVANCED_FACE('',(#2427),#2049,.T.);
#9067=ADVANCED_FACE('',(#2428),#8174,.T.);
#9068=ADVANCED_FACE('',(#2429),#2050,.T.);
#9069=ADVANCED_FACE('',(#2430),#2051,.T.);
#9070=ADVANCED_FACE('',(#2431),#2052,.T.);
#9071=ADVANCED_FACE('',(#2432),#2053,.T.);
#9072=ADVANCED_FACE('',(#2433),#2054,.T.);
#9073=ADVANCED_FACE('',(#2434),#8175,.T.);
#9074=ADVANCED_FACE('',(#2435),#8176,.T.);
#9075=ADVANCED_FACE('',(#2436),#2055,.T.);
#9076=ADVANCED_FACE('',(#2437),#8177,.T.);
#9077=ADVANCED_FACE('',(#2438),#2056,.T.);
#9078=ADVANCED_FACE('',(#2439),#2057,.T.);
#9079=ADVANCED_FACE('',(#2440),#2058,.T.);
#9080=ADVANCED_FACE('',(#2441),#2059,.T.);
#9081=ADVANCED_FACE('',(#2442),#2060,.T.);
#9082=ADVANCED_FACE('',(#2443),#311,.T.);
#9083=ADVANCED_FACE('',(#2444),#2061,.T.);
#9084=ADVANCED_FACE('',(#2445),#2062,.T.);
#9085=ADVANCED_FACE('',(#2446),#2063,.T.);
#9086=ADVANCED_FACE('',(#2447),#2064,.T.);
#9087=ADVANCED_FACE('',(#2448),#2065,.T.);
#9088=ADVANCED_FACE('',(#2449),#312,.T.);
#9089=ADVANCED_FACE('',(#2450),#2066,.T.);
#9090=ADVANCED_FACE('',(#2451),#2067,.T.);
#9091=ADVANCED_FACE('',(#2452),#313,.T.);
#9092=ADVANCED_FACE('',(#2453),#2068,.T.);
#9093=ADVANCED_FACE('',(#2454),#2069,.T.);
#9094=ADVANCED_FACE('',(#2455),#2070,.T.);
#9095=ADVANCED_FACE('',(#2456),#2071,.T.);
#9096=ADVANCED_FACE('',(#2457),#2072,.T.);
#9097=ADVANCED_FACE('',(#2458),#2073,.T.);
#9098=ADVANCED_FACE('',(#2459),#2074,.T.);
#9099=ADVANCED_FACE('',(#2460),#2075,.T.);
#9100=ADVANCED_FACE('',(#2461),#2076,.T.);
#9101=ADVANCED_FACE('',(#2462),#2077,.T.);
#9102=ADVANCED_FACE('',(#2463),#2078,.T.);
#9103=ADVANCED_FACE('',(#2464),#2079,.T.);
#9104=ADVANCED_FACE('',(#2465),#2080,.T.);
#9105=ADVANCED_FACE('',(#2466),#314,.T.);
#9106=ADVANCED_FACE('',(#2467),#2081,.T.);
#9107=ADVANCED_FACE('',(#2468),#2082,.T.);
#9108=ADVANCED_FACE('',(#2469),#315,.T.);
#9109=ADVANCED_FACE('',(#2470),#2083,.T.);
#9110=ADVANCED_FACE('',(#2471),#2084,.T.);
#9111=ADVANCED_FACE('',(#2472),#2085,.T.);
#9112=ADVANCED_FACE('',(#2473),#2086,.T.);
#9113=ADVANCED_FACE('',(#2474),#2087,.T.);
#9114=ADVANCED_FACE('',(#2475),#2088,.T.);
#9115=ADVANCED_FACE('',(#2476),#2089,.T.);
#9116=ADVANCED_FACE('',(#2477),#2090,.T.);
#9117=ADVANCED_FACE('',(#2478),#2091,.T.);
#9118=ADVANCED_FACE('',(#2479),#2092,.T.);
#9119=ADVANCED_FACE('',(#2480),#2093,.T.);
#9120=ADVANCED_FACE('',(#2481),#393,.F.);
#9121=ADVANCED_FACE('',(#2482),#394,.F.);
#9122=ADVANCED_FACE('',(#2483),#395,.F.);
#9123=ADVANCED_FACE('',(#2484),#396,.F.);
#9124=ADVANCED_FACE('',(#2485),#397,.F.);
#9125=ADVANCED_FACE('',(#2486),#398,.F.);
#9126=ADVANCED_FACE('',(#2487),#399,.F.);
#9127=ADVANCED_FACE('',(#2488),#400,.F.);
#9128=ADVANCED_FACE('',(#2489),#401,.F.);
#9129=ADVANCED_FACE('',(#2490),#402,.F.);
#9130=ADVANCED_FACE('',(#2491),#403,.F.);
#9131=ADVANCED_FACE('',(#2492),#404,.T.);
#9132=ADVANCED_FACE('',(#2493),#405,.T.);
#9133=ADVANCED_FACE('',(#2494),#406,.F.);
#9134=ADVANCED_FACE('',(#2495),#2094,.F.);
#9135=ADVANCED_FACE('',(#2496),#407,.F.);
#9136=ADVANCED_FACE('',(#2497),#408,.F.);
#9137=ADVANCED_FACE('',(#2498),#409,.T.);
#9138=ADVANCED_FACE('',(#2499),#410,.T.);
#9139=ADVANCED_FACE('',(#2500),#411,.T.);
#9140=ADVANCED_FACE('',(#2501),#412,.F.);
#9141=ADVANCED_FACE('',(#2502),#413,.F.);
#9142=ADVANCED_FACE('',(#2503),#2095,.F.);
#9143=ADVANCED_FACE('',(#2504),#414,.F.);
#9144=ADVANCED_FACE('',(#2505),#415,.T.);
#9145=ADVANCED_FACE('',(#2506),#416,.T.);
#9146=ADVANCED_FACE('',(#2507),#417,.T.);
#9147=ADVANCED_FACE('',(#2508),#418,.F.);
#9148=ADVANCED_FACE('',(#2509),#419,.T.);
#9149=ADVANCED_FACE('',(#2510),#2096,.T.);
#9150=ADVANCED_FACE('',(#2511),#420,.F.);
#9151=ADVANCED_FACE('',(#2512),#421,.F.);
#9152=ADVANCED_FACE('',(#2513),#422,.F.);
#9153=ADVANCED_FACE('',(#2514),#423,.F.);
#9154=ADVANCED_FACE('',(#2515),#424,.T.);
#9155=ADVANCED_FACE('',(#2516,#90,#91,#92,#93),#425,.T.);
#9156=ADVANCED_FACE('',(#2517),#426,.F.);
#9157=ADVANCED_FACE('',(#2518),#427,.F.);
#9158=ADVANCED_FACE('',(#2519),#428,.F.);
#9159=ADVANCED_FACE('',(#2520),#429,.F.);
#9160=ADVANCED_FACE('',(#2521,#94),#430,.F.);
#9161=ADVANCED_FACE('',(#2522),#431,.F.);
#9162=ADVANCED_FACE('',(#2523),#432,.F.);
#9163=ADVANCED_FACE('',(#2524),#433,.F.);
#9164=ADVANCED_FACE('',(#2525),#434,.F.);
#9165=ADVANCED_FACE('',(#2526),#435,.F.);
#9166=ADVANCED_FACE('',(#2527),#436,.F.);
#9167=ADVANCED_FACE('',(#2528),#437,.F.);
#9168=ADVANCED_FACE('',(#2529),#438,.F.);
#9169=ADVANCED_FACE('',(#2530,#95),#439,.F.);
#9170=ADVANCED_FACE('',(#2531),#440,.F.);
#9171=ADVANCED_FACE('',(#2532),#441,.F.);
#9172=ADVANCED_FACE('',(#2533),#442,.F.);
#9173=ADVANCED_FACE('',(#2534),#443,.F.);
#9174=ADVANCED_FACE('',(#2535),#444,.F.);
#9175=ADVANCED_FACE('',(#2536,#96),#445,.F.);
#9176=ADVANCED_FACE('',(#2537),#446,.F.);
#9177=ADVANCED_FACE('',(#2538),#447,.F.);
#9178=ADVANCED_FACE('',(#2539),#448,.F.);
#9179=ADVANCED_FACE('',(#2540),#449,.F.);
#9180=ADVANCED_FACE('',(#2541),#2097,.F.);
#9181=ADVANCED_FACE('',(#2542),#450,.F.);
#9182=ADVANCED_FACE('',(#2543),#2098,.T.);
#9183=ADVANCED_FACE('',(#2544),#451,.F.);
#9184=ADVANCED_FACE('',(#2545),#452,.F.);
#9185=ADVANCED_FACE('',(#2546),#453,.F.);
#9186=ADVANCED_FACE('',(#2547),#454,.F.);
#9187=ADVANCED_FACE('',(#2548),#455,.F.);
#9188=ADVANCED_FACE('',(#2549),#456,.T.);
#9189=ADVANCED_FACE('',(#2550,#97),#457,.F.);
#9190=ADVANCED_FACE('',(#2551),#458,.F.);
#9191=ADVANCED_FACE('',(#2552),#459,.F.);
#9192=ADVANCED_FACE('',(#2553),#460,.F.);
#9193=ADVANCED_FACE('',(#2554),#461,.F.);
#9194=ADVANCED_FACE('',(#2555),#462,.T.);
#9195=ADVANCED_FACE('',(#2556),#463,.F.);
#9196=ADVANCED_FACE('',(#2557),#464,.F.);
#9197=ADVANCED_FACE('',(#2558),#465,.F.);
#9198=ADVANCED_FACE('',(#2559),#466,.F.);
#9199=ADVANCED_FACE('',(#2560),#2099,.F.);
#9200=ADVANCED_FACE('',(#2561),#467,.F.);
#9201=ADVANCED_FACE('',(#2562),#468,.F.);
#9202=ADVANCED_FACE('',(#2563),#469,.T.);
#9203=ADVANCED_FACE('',(#2564),#470,.T.);
#9204=ADVANCED_FACE('',(#2565),#471,.T.);
#9205=ADVANCED_FACE('',(#2566),#472,.T.);
#9206=ADVANCED_FACE('',(#2567),#473,.F.);
#9207=ADVANCED_FACE('',(#2568),#27,.T.);
#9208=ADVANCED_FACE('',(#2569),#28,.T.);
#9209=ADVANCED_FACE('',(#2570),#29,.T.);
#9210=ADVANCED_FACE('',(#2571),#474,.T.);
#9211=ADVANCED_FACE('',(#2572),#475,.T.);
#9212=ADVANCED_FACE('',(#2573),#30,.T.);
#9213=ADVANCED_FACE('',(#2574),#31,.T.);
#9214=ADVANCED_FACE('',(#2575),#32,.T.);
#9215=ADVANCED_FACE('',(#2576),#33,.T.);
#9216=ADVANCED_FACE('',(#2577),#34,.T.);
#9217=ADVANCED_FACE('',(#2578),#35,.T.);
#9218=ADVANCED_FACE('',(#2579),#476,.T.);
#9219=ADVANCED_FACE('',(#2580),#477,.T.);
#9220=ADVANCED_FACE('',(#2581),#36,.T.);
#9221=ADVANCED_FACE('',(#2582),#37,.T.);
#9222=ADVANCED_FACE('',(#2583),#38,.T.);
#9223=ADVANCED_FACE('',(#2584),#39,.T.);
#9224=ADVANCED_FACE('',(#2585),#40,.T.);
#9225=ADVANCED_FACE('',(#2586),#478,.F.);
#9226=ADVANCED_FACE('',(#2587),#479,.T.);
#9227=ADVANCED_FACE('',(#2588),#41,.T.);
#9228=ADVANCED_FACE('',(#2589),#42,.T.);
#9229=ADVANCED_FACE('',(#2590),#43,.T.);
#9230=ADVANCED_FACE('',(#2591),#480,.T.);
#9231=ADVANCED_FACE('',(#2592),#481,.T.);
#9232=ADVANCED_FACE('',(#2593),#44,.T.);
#9233=ADVANCED_FACE('',(#2594),#45,.T.);
#9234=ADVANCED_FACE('',(#2595),#46,.T.);
#9235=ADVANCED_FACE('',(#2596),#47,.T.);
#9236=ADVANCED_FACE('',(#2597),#48,.T.);
#9237=ADVANCED_FACE('',(#2598),#49,.T.);
#9238=ADVANCED_FACE('',(#2599),#50,.T.);
#9239=ADVANCED_FACE('',(#2600),#51,.T.);
#9240=ADVANCED_FACE('',(#2601),#52,.T.);
#9241=ADVANCED_FACE('',(#2602),#53,.T.);
#9242=ADVANCED_FACE('',(#2603),#54,.T.);
#9243=ADVANCED_FACE('',(#2604),#55,.T.);
#9244=ADVANCED_FACE('',(#2605),#56,.T.);
#9245=ADVANCED_FACE('',(#2606),#57,.T.);
#9246=ADVANCED_FACE('',(#2607),#58,.T.);
#9247=ADVANCED_FACE('',(#2608),#59,.T.);
#9248=ADVANCED_FACE('',(#2609),#60,.T.);
#9249=ADVANCED_FACE('',(#2610),#61,.T.);
#9250=ADVANCED_FACE('',(#2611),#62,.T.);
#9251=ADVANCED_FACE('',(#2612),#63,.T.);
#9252=ADVANCED_FACE('',(#2613),#64,.T.);
#9253=ADVANCED_FACE('',(#2614),#65,.T.);
#9254=ADVANCED_FACE('',(#2615),#482,.T.);
#9255=ADVANCED_FACE('',(#2616),#483,.T.);
#9256=ADVANCED_FACE('',(#2617),#66,.T.);
#9257=ADVANCED_FACE('',(#2618),#67,.T.);
#9258=ADVANCED_FACE('',(#2619),#68,.T.);
#9259=ADVANCED_FACE('',(#2620),#69,.T.);
#9260=ADVANCED_FACE('',(#2621),#70,.T.);
#9261=ADVANCED_FACE('',(#2622),#71,.T.);
#9262=ADVANCED_FACE('',(#2623),#72,.T.);
#9263=ADVANCED_FACE('',(#2624),#73,.T.);
#9264=ADVANCED_FACE('',(#2625),#74,.T.);
#9265=ADVANCED_FACE('',(#2626),#75,.T.);
#9266=ADVANCED_FACE('',(#2627),#76,.T.);
#9267=ADVANCED_FACE('',(#2628),#77,.T.);
#9268=ADVANCED_FACE('',(#2629),#78,.T.);
#9269=ADVANCED_FACE('',(#2630),#79,.T.);
#9270=ADVANCED_FACE('',(#2631),#80,.T.);
#9271=ADVANCED_FACE('',(#2632),#484,.F.);
#9272=ADVANCED_FACE('',(#2633),#485,.T.);
#9273=ADVANCED_FACE('',(#2634),#81,.T.);
#9274=ADVANCED_FACE('',(#2635),#82,.T.);
#9275=ADVANCED_FACE('',(#2636),#83,.T.);
#9276=ADVANCED_FACE('',(#2637),#486,.T.);
#9277=ADVANCED_FACE('',(#2638),#487,.T.);
#9278=ADVANCED_FACE('',(#2639),#84,.T.);
#9279=ADVANCED_FACE('',(#2640),#488,.T.);
#9280=ADVANCED_FACE('',(#2641),#489,.T.);
#9281=ADVANCED_FACE('',(#2642),#85,.T.);
#9282=ADVANCED_FACE('',(#2643),#86,.T.);
#9283=ADVANCED_FACE('',(#2644),#87,.T.);
#9284=ADVANCED_FACE('',(#2645),#88,.T.);
#9285=ADVANCED_FACE('',(#2646),#490,.T.);
#9286=ADVANCED_FACE('',(#2647),#491,.T.);
#9287=ADVANCED_FACE('',(#2648),#492,.T.);
#9288=ADVANCED_FACE('',(#2649),#89,.T.);
#9289=ADVANCED_FACE('',(#2650),#493,.F.);
#9290=ADVANCED_FACE('',(#2651),#494,.T.);
#9291=CLOSED_SHELL('',(#8739,#8740,#8741,#8742,#8743,#8744,#8745,#8746,
#8747,#8748,#8749,#8750,#8751,#8752,#8753,#8754,#8755,#8756,#8757,#8758,
#8759,#8760,#8761,#8762,#8763,#8764,#8765,#8766,#8767,#8768,#8769,#8770,
#8771,#8772,#8773,#8774,#8775,#8776,#8777,#8778,#8779,#8780,#8781,#8782,
#8783,#8784,#8785,#8786,#8787,#8788,#8789,#8790,#8791,#8792,#8793,#8794,
#8795,#8796));
#9292=CLOSED_SHELL('',(#8797,#8798,#8799,#8800,#8801,#8802,#8803,#8804,
#8805,#8806,#8807,#8808,#8809,#8810,#8811,#8812,#8813,#8814,#8815,#8816,
#8817,#8818,#8819,#8820,#8821,#8822,#8823,#8824,#8825,#8826,#8827,#8828,
#8829,#8830,#8831,#8832,#8833,#8834,#8835,#8836,#8837,#8838,#8839,#8840,
#8841,#8842,#8843,#8844,#8845,#8846,#8847,#8848,#8849,#8850,#8851,#8852,
#8853,#8854));
#9293=CLOSED_SHELL('',(#8855,#8856,#8857,#8858,#8859,#8860,#8861,#8862,
#8863,#8864,#8865,#8866,#8867,#8868,#8869,#8870,#8871,#8872,#8873,#8874,
#8875,#8876,#8877,#8878,#8879,#8880,#8881,#8882,#8883,#8884,#8885,#8886,
#8887,#8888,#8889,#8890,#8891,#8892,#8893,#8894,#8895,#8896,#8897,#8898,
#8899,#8900,#8901,#8902,#8903,#8904,#8905,#8906,#8907,#8908,#8909,#8910,
#8911,#8912,#8913,#8914,#8915,#8916,#8917,#8918,#8919,#8920,#8921,#8922,
#8923,#8924,#8925,#8926,#8927,#8928,#8929,#8930,#8931,#8932,#8933,#8934,
#8935,#8936,#8937,#8938,#8939,#8940,#8941,#8942,#8943,#8944,#8945,#8946,
#8947,#8948));
#9294=CLOSED_SHELL('',(#8949,#8950,#8951,#8952,#8953,#8954,#8955,#8956,
#8957,#8958,#8959,#8960,#8961,#8962,#8963,#8964,#8965,#8966,#8967,#8968,
#8969,#8970,#8971,#8972,#8973,#8974,#8975,#8976,#8977,#8978,#8979,#8980,
#8981,#8982,#8983,#8984,#8985,#8986,#8987,#8988,#8989,#8990,#8991,#8992,
#8993,#8994,#8995,#8996,#8997,#8998,#8999,#9000,#9001,#9002,#9003,#9004,
#9005,#9006,#9007,#9008,#9009,#9010,#9011,#9012,#9013,#9014,#9015,#9016,
#9017,#9018,#9019,#9020,#9021,#9022,#9023,#9024,#9025,#9026,#9027,#9028,
#9029,#9030,#9031,#9032,#9033,#9034,#9035,#9036,#9037,#9038,#9039,#9040,
#9041,#9042));
#9295=CLOSED_SHELL('',(#9043,#9044,#9045,#9046,#9047,#9048,#9049,#9050,
#9051,#9052,#9053,#9054,#9055,#9056,#9057,#9058,#9059,#9060,#9061,#9062,
#9063,#9064,#9065,#9066,#9067,#9068,#9069,#9070,#9071,#9072,#9073,#9074,
#9075,#9076,#9077,#9078,#9079,#9080,#9081,#9082,#9083,#9084,#9085,#9086,
#9087,#9088,#9089,#9090,#9091,#9092,#9093,#9094,#9095,#9096,#9097,#9098,
#9099,#9100,#9101,#9102,#9103,#9104,#9105,#9106,#9107,#9108,#9109,#9110,
#9111,#9112,#9113,#9114,#9115,#9116,#9117,#9118,#9119,#9120,#9121,#9122,
#9123,#9124,#9125,#9126,#9127,#9128,#9129,#9130,#9131,#9132,#9133,#9134,
#9135,#9136,#9137,#9138,#9139,#9140,#9141,#9142,#9143,#9144,#9145,#9146,
#9147,#9148,#9149,#9150,#9151,#9152,#9153,#9154,#9155,#9156,#9157,#9158,
#9159,#9160,#9161,#9162,#9163,#9164,#9165,#9166,#9167,#9168,#9169,#9170,
#9171,#9172,#9173,#9174,#9175,#9176,#9177,#9178,#9179,#9180,#9181,#9182,
#9183,#9184,#9185,#9186,#9187,#9188,#9189,#9190,#9191,#9192,#9193,#9194,
#9195,#9196,#9197,#9198,#9199,#9200,#9201));
#9296=CLOSED_SHELL('',(#9202,#9203,#9204,#9205,#9206));
#9297=CLOSED_SHELL('',(#9207,#9208,#9209,#9210,#9211,#9212,#9213,#9214,
#9215,#9216,#9217,#9218,#9219,#9220,#9221,#9222,#9223,#9224,#9225,#9226));
#9298=CLOSED_SHELL('',(#9227,#9228,#9229,#9230,#9231,#9232,#9233,#9234,
#9235,#9236,#9237,#9238,#9239,#9240,#9241,#9242,#9243,#9244,#9245,#9246,
#9247,#9248,#9249,#9250,#9251,#9252,#9253,#9254,#9255,#9256,#9257,#9258,
#9259,#9260,#9261,#9262,#9263,#9264,#9265,#9266,#9267,#9268,#9269,#9270,
#9271,#9272));
#9299=CLOSED_SHELL('',(#9273,#9274,#9275,#9276,#9277,#9278,#9279,#9280,
#9281,#9282,#9283,#9284,#9285,#9286,#9287,#9288,#9289,#9290));
#9300=DERIVED_UNIT_ELEMENT(#9308,1.);
#9301=DERIVED_UNIT_ELEMENT(#16347,3.);
#9302=DERIVED_UNIT_ELEMENT(#9308,1.);
#9303=DERIVED_UNIT_ELEMENT(#16347,3.);
#9304=DERIVED_UNIT_ELEMENT(#9308,1.);
#9305=DERIVED_UNIT_ELEMENT(#16347,3.);
#9306=DERIVED_UNIT_ELEMENT(#9308,1.);
#9307=DERIVED_UNIT_ELEMENT(#16347,3.);
#9308=(
MASS_UNIT()
NAMED_UNIT(*)
SI_UNIT($,.GRAM.)
);
#9309=DERIVED_UNIT((#9300,#9301));
#9310=DERIVED_UNIT((#9302,#9303));
#9311=DERIVED_UNIT((#9304,#9305));
#9312=DERIVED_UNIT((#9306,#9307));
#9313=MEASURE_REPRESENTATION_ITEM('density measure',
POSITIVE_RATIO_MEASURE(1.),#9309);
#9314=MEASURE_REPRESENTATION_ITEM('density measure',
POSITIVE_RATIO_MEASURE(1.),#9310);
#9315=MEASURE_REPRESENTATION_ITEM('density measure',
POSITIVE_RATIO_MEASURE(1.),#9311);
#9316=MEASURE_REPRESENTATION_ITEM('density measure',
POSITIVE_RATIO_MEASURE(1.),#9312);
#9317=PROPERTY_DEFINITION_REPRESENTATION(#9337,#9325);
#9318=PROPERTY_DEFINITION_REPRESENTATION(#9338,#9326);
#9319=PROPERTY_DEFINITION_REPRESENTATION(#9339,#9327);
#9320=PROPERTY_DEFINITION_REPRESENTATION(#9340,#9328);
#9321=PROPERTY_DEFINITION_REPRESENTATION(#9341,#9329);
#9322=PROPERTY_DEFINITION_REPRESENTATION(#9342,#9330);
#9323=PROPERTY_DEFINITION_REPRESENTATION(#9343,#9331);
#9324=PROPERTY_DEFINITION_REPRESENTATION(#9344,#9332);
#9325=REPRESENTATION('material name',(#9333),#16341);
#9326=REPRESENTATION('density',(#9313),#16341);
#9327=REPRESENTATION('material name',(#9334),#16342);
#9328=REPRESENTATION('density',(#9314),#16342);
#9329=REPRESENTATION('material name',(#9335),#16343);
#9330=REPRESENTATION('density',(#9315),#16343);
#9331=REPRESENTATION('material name',(#9336),#16344);
#9332=REPRESENTATION('density',(#9316),#16344);
#9333=DESCRIPTIVE_REPRESENTATION_ITEM('Generic','Generic');
#9334=DESCRIPTIVE_REPRESENTATION_ITEM('Generic','Generic');
#9335=DESCRIPTIVE_REPRESENTATION_ITEM('Generic','Generic');
#9336=DESCRIPTIVE_REPRESENTATION_ITEM('Generic','Generic');
#9337=PROPERTY_DEFINITION('material property','material name',#16371);
#9338=PROPERTY_DEFINITION('material property','density of part',#16371);
#9339=PROPERTY_DEFINITION('material property','material name',#16372);
#9340=PROPERTY_DEFINITION('material property','density of part',#16372);
#9341=PROPERTY_DEFINITION('material property','material name',#16373);
#9342=PROPERTY_DEFINITION('material property','density of part',#16373);
#9343=PROPERTY_DEFINITION('material property','material name',#16374);
#9344=PROPERTY_DEFINITION('material property','density of part',#16374);
#9345=PRESENTATION_STYLE_ASSIGNMENT((#9352));
#9346=PRESENTATION_STYLE_ASSIGNMENT((#9353));
#9347=PRESENTATION_STYLE_ASSIGNMENT((#9354));
#9348=PRESENTATION_STYLE_ASSIGNMENT((#9355));
#9349=PRESENTATION_STYLE_ASSIGNMENT((#9356));
#9350=PRESENTATION_STYLE_ASSIGNMENT((#9357));
#9351=PRESENTATION_STYLE_ASSIGNMENT((#9358));
#9352=SURFACE_STYLE_USAGE(.BOTH.,#9359);
#9353=SURFACE_STYLE_USAGE(.BOTH.,#9360);
#9354=SURFACE_STYLE_USAGE(.BOTH.,#9361);
#9355=SURFACE_STYLE_USAGE(.BOTH.,#9362);
#9356=SURFACE_STYLE_USAGE(.BOTH.,#9363);
#9357=SURFACE_STYLE_USAGE(.BOTH.,#9364);
#9358=SURFACE_STYLE_USAGE(.BOTH.,#9365);
#9359=SURFACE_SIDE_STYLE('',(#9366));
#9360=SURFACE_SIDE_STYLE('',(#9367));
#9361=SURFACE_SIDE_STYLE('',(#9368));
#9362=SURFACE_SIDE_STYLE('',(#9369));
#9363=SURFACE_SIDE_STYLE('',(#9370));
#9364=SURFACE_SIDE_STYLE('',(#9371));
#9365=SURFACE_SIDE_STYLE('',(#9372));
#9366=SURFACE_STYLE_FILL_AREA(#9373);
#9367=SURFACE_STYLE_FILL_AREA(#9374);
#9368=SURFACE_STYLE_FILL_AREA(#9375);
#9369=SURFACE_STYLE_FILL_AREA(#9376);
#9370=SURFACE_STYLE_FILL_AREA(#9377);
#9371=SURFACE_STYLE_FILL_AREA(#9378);
#9372=SURFACE_STYLE_FILL_AREA(#9379);
#9373=FILL_AREA_STYLE('',(#9380));
#9374=FILL_AREA_STYLE('',(#9381));
#9375=FILL_AREA_STYLE('',(#9382));
#9376=FILL_AREA_STYLE('',(#9383));
#9377=FILL_AREA_STYLE('',(#9384));
#9378=FILL_AREA_STYLE('',(#9385));
#9379=FILL_AREA_STYLE('',(#9386));
#9380=FILL_AREA_STYLE_COLOUR('',#9387);
#9381=FILL_AREA_STYLE_COLOUR('',#9388);
#9382=FILL_AREA_STYLE_COLOUR('',#9389);
#9383=FILL_AREA_STYLE_COLOUR('',#9390);
#9384=FILL_AREA_STYLE_COLOUR('',#9391);
#9385=FILL_AREA_STYLE_COLOUR('',#9392);
#9386=FILL_AREA_STYLE_COLOUR('',#9393);
#9387=COLOUR_RGB('',0.831372549019608,0.831372549019608,0.831372549019608);
#9388=COLOUR_RGB('',0.792156862745098,0.819607843137255,0.933333333333333);
#9389=COLOUR_RGB('',0.96078431372549,0.96078431372549,0.96078431372549);
#9390=COLOUR_RGB('',1.,1.,1.);
#9391=COLOUR_RGB('',0.286274509803922,0.286274509803922,0.286274509803922);
#9392=COLOUR_RGB('',0.96078431372549,0.96078431372549,0.96078431372549);
#9393=COLOUR_RGB('',0.286274509803922,0.286274509803922,0.286274509803922);
#9394=DATE_TIME_ROLE('creation_date');
#9395=DATE_TIME_ROLE('creation_date');
#9396=DATE_TIME_ROLE('creation_date');
#9397=DATE_TIME_ROLE('creation_date');
#9398=DATE_TIME_ROLE('creation_date');
#9399=APPLIED_DATE_AND_TIME_ASSIGNMENT(#9404,#9394,(#16370));
#9400=APPLIED_DATE_AND_TIME_ASSIGNMENT(#9405,#9395,(#16371));
#9401=APPLIED_DATE_AND_TIME_ASSIGNMENT(#9406,#9396,(#16372));
#9402=APPLIED_DATE_AND_TIME_ASSIGNMENT(#9407,#9397,(#16373));
#9403=APPLIED_DATE_AND_TIME_ASSIGNMENT(#9408,#9398,(#16374));
#9404=DATE_AND_TIME(#9409,#9414);
#9405=DATE_AND_TIME(#9410,#9415);
#9406=DATE_AND_TIME(#9411,#9416);
#9407=DATE_AND_TIME(#9412,#9417);
#9408=DATE_AND_TIME(#9413,#9418);
#9409=CALENDAR_DATE(2022,6,4);
#9410=CALENDAR_DATE(2020,7,2);
#9411=CALENDAR_DATE(2020,7,2);
#9412=CALENDAR_DATE(2021,20,4);
#9413=CALENDAR_DATE(2019,7,7);
#9414=LOCAL_TIME(10,5,55.,#9419);
#9415=LOCAL_TIME(19,57,21.,#9420);
#9416=LOCAL_TIME(19,57,21.,#9421);
#9417=LOCAL_TIME(0,32,10.,#9422);
#9418=LOCAL_TIME(22,48,50.,#9423);
#9419=COORDINATED_UNIVERSAL_TIME_OFFSET(0,0,.BEHIND.);
#9420=COORDINATED_UNIVERSAL_TIME_OFFSET(0,0,.BEHIND.);
#9421=COORDINATED_UNIVERSAL_TIME_OFFSET(0,0,.BEHIND.);
#9422=COORDINATED_UNIVERSAL_TIME_OFFSET(0,0,.BEHIND.);
#9423=COORDINATED_UNIVERSAL_TIME_OFFSET(0,0,.BEHIND.);
#9424=AXIS2_PLACEMENT_3D('placement',#12934,#10362,#10363);
#9425=AXIS2_PLACEMENT_3D('placement',#12935,#10364,#10365);
#9426=AXIS2_PLACEMENT_3D('',#12936,#10366,#10367);
#9427=AXIS2_PLACEMENT_3D('',#12939,#10368,#10369);
#9428=AXIS2_PLACEMENT_3D('',#12941,#10370,#10371);
#9429=AXIS2_PLACEMENT_3D('',#12942,#10372,#10373);
#9430=AXIS2_PLACEMENT_3D('',#12943,#10374,#10375);
#9431=AXIS2_PLACEMENT_3D('',#12946,#10376,#10377);
#9432=AXIS2_PLACEMENT_3D('',#12948,#10378,#10379);
#9433=AXIS2_PLACEMENT_3D('',#12949,#10380,#10381);
#9434=AXIS2_PLACEMENT_3D('',#12950,#10382,#10383);
#9435=AXIS2_PLACEMENT_3D('',#12953,#10386,#10387);
#9436=AXIS2_PLACEMENT_3D('',#12956,#10388,#10389);
#9437=AXIS2_PLACEMENT_3D('',#12958,#10390,#10391);
#9438=AXIS2_PLACEMENT_3D('',#12959,#10392,#10393);
#9439=AXIS2_PLACEMENT_3D('',#12960,#10394,#10395);
#9440=AXIS2_PLACEMENT_3D('',#12963,#10396,#10397);
#9441=AXIS2_PLACEMENT_3D('',#12965,#10398,#10399);
#9442=AXIS2_PLACEMENT_3D('',#12966,#10400,#10401);
#9443=AXIS2_PLACEMENT_3D('',#12967,#10402,#10403);
#9444=AXIS2_PLACEMENT_3D('',#12970,#10404,#10405);
#9445=AXIS2_PLACEMENT_3D('',#12972,#10406,#10407);
#9446=AXIS2_PLACEMENT_3D('',#12974,#10408,#10409);
#9447=AXIS2_PLACEMENT_3D('',#12975,#10410,#10411);
#9448=AXIS2_PLACEMENT_3D('',#12976,#10412,#10413);
#9449=AXIS2_PLACEMENT_3D('',#12979,#10414,#10415);
#9450=AXIS2_PLACEMENT_3D('',#12981,#10416,#10417);
#9451=AXIS2_PLACEMENT_3D('',#12982,#10418,#10419);
#9452=AXIS2_PLACEMENT_3D('',#12983,#10420,#10421);
#9453=AXIS2_PLACEMENT_3D('',#12986,#10422,#10423);
#9454=AXIS2_PLACEMENT_3D('',#12988,#10424,#10425);
#9455=AXIS2_PLACEMENT_3D('',#12989,#10426,#10427);
#9456=AXIS2_PLACEMENT_3D('',#12990,#10428,#10429);
#9457=AXIS2_PLACEMENT_3D('',#12993,#10430,#10431);
#9458=AXIS2_PLACEMENT_3D('',#12995,#10432,#10433);
#9459=AXIS2_PLACEMENT_3D('',#12997,#10434,#10435);
#9460=AXIS2_PLACEMENT_3D('',#12998,#10436,#10437);
#9461=AXIS2_PLACEMENT_3D('',#12999,#10438,#10439);
#9462=AXIS2_PLACEMENT_3D('',#13002,#10440,#10441);
#9463=AXIS2_PLACEMENT_3D('',#13004,#10442,#10443);
#9464=AXIS2_PLACEMENT_3D('',#13005,#10444,#10445);
#9465=AXIS2_PLACEMENT_3D('',#13006,#10446,#10447);
#9466=AXIS2_PLACEMENT_3D('',#13009,#10448,#10449);
#9467=AXIS2_PLACEMENT_3D('',#13011,#10450,#10451);
#9468=AXIS2_PLACEMENT_3D('',#13013,#10452,#10453);
#9469=AXIS2_PLACEMENT_3D('',#13014,#10454,#10455);
#9470=AXIS2_PLACEMENT_3D('',#13015,#10456,#10457);
#9471=AXIS2_PLACEMENT_3D('',#13018,#10458,#10459);
#9472=AXIS2_PLACEMENT_3D('',#13020,#10460,#10461);
#9473=AXIS2_PLACEMENT_3D('',#13022,#10462,#10463);
#9474=AXIS2_PLACEMENT_3D('',#13023,#10464,#10465);
#9475=AXIS2_PLACEMENT_3D('',#13024,#10466,#10467);
#9476=AXIS2_PLACEMENT_3D('',#13027,#10468,#10469);
#9477=AXIS2_PLACEMENT_3D('',#13029,#10470,#10471);
#9478=AXIS2_PLACEMENT_3D('',#13031,#10472,#10473);
#9479=AXIS2_PLACEMENT_3D('',#13032,#10474,#10475);
#9480=AXIS2_PLACEMENT_3D('',#13033,#10476,#10477);
#9481=AXIS2_PLACEMENT_3D('',#13036,#10478,#10479);
#9482=AXIS2_PLACEMENT_3D('',#13038,#10480,#10481);
#9483=AXIS2_PLACEMENT_3D('',#13039,#10482,#10483);
#9484=AXIS2_PLACEMENT_3D('',#13040,#10484,#10485);
#9485=AXIS2_PLACEMENT_3D('',#13043,#10488,#10489);
#9486=AXIS2_PLACEMENT_3D('',#13046,#10492,#10493);
#9487=AXIS2_PLACEMENT_3D('',#13049,#10494,#10495);
#9488=AXIS2_PLACEMENT_3D('',#13051,#10496,#10497);
#9489=AXIS2_PLACEMENT_3D('',#13053,#10498,#10499);
#9490=AXIS2_PLACEMENT_3D('',#13054,#10500,#10501);
#9491=AXIS2_PLACEMENT_3D('',#13055,#10502,#10503);
#9492=AXIS2_PLACEMENT_3D('',#13058,#10504,#10505);
#9493=AXIS2_PLACEMENT_3D('',#13060,#10506,#10507);
#9494=AXIS2_PLACEMENT_3D('',#13062,#10508,#10509);
#9495=AXIS2_PLACEMENT_3D('',#13063,#10510,#10511);
#9496=AXIS2_PLACEMENT_3D('',#13064,#10512,#10513);
#9497=AXIS2_PLACEMENT_3D('',#13067,#10514,#10515);
#9498=AXIS2_PLACEMENT_3D('',#13069,#10516,#10517);
#9499=AXIS2_PLACEMENT_3D('',#13071,#10518,#10519);
#9500=AXIS2_PLACEMENT_3D('',#13072,#10520,#10521);
#9501=AXIS2_PLACEMENT_3D('',#13073,#10522,#10523);
#9502=AXIS2_PLACEMENT_3D('',#13076,#10526,#10527);
#9503=AXIS2_PLACEMENT_3D('',#13079,#10530,#10531);
#9504=AXIS2_PLACEMENT_3D('',#13082,#10534,#10535);
#9505=AXIS2_PLACEMENT_3D('',#13085,#10538,#10539);
#9506=AXIS2_PLACEMENT_3D('',#13088,#10542,#10543);
#9507=AXIS2_PLACEMENT_3D('',#13091,#10546,#10547);
#9508=AXIS2_PLACEMENT_3D('',#13094,#10550,#10551);
#9509=AXIS2_PLACEMENT_3D('',#13097,#10554,#10555);
#9510=AXIS2_PLACEMENT_3D('',#13100,#10558,#10559);
#9511=AXIS2_PLACEMENT_3D('',#13103,#10562,#10563);
#9512=AXIS2_PLACEMENT_3D('',#13106,#10566,#10567);
#9513=AXIS2_PLACEMENT_3D('',#13109,#10570,#10571);
#9514=AXIS2_PLACEMENT_3D('',#13112,#10574,#10575);
#9515=AXIS2_PLACEMENT_3D('',#13115,#10578,#10579);
#9516=AXIS2_PLACEMENT_3D('',#13118,#10582,#10583);
#9517=AXIS2_PLACEMENT_3D('',#13121,#10586,#10587);
#9518=AXIS2_PLACEMENT_3D('',#13124,#10590,#10591);
#9519=AXIS2_PLACEMENT_3D('',#13127,#10594,#10595);
#9520=AXIS2_PLACEMENT_3D('',#13130,#10598,#10599);
#9521=AXIS2_PLACEMENT_3D('',#13133,#10602,#10603);
#9522=AXIS2_PLACEMENT_3D('',#13136,#10606,#10607);
#9523=AXIS2_PLACEMENT_3D('',#13139,#10610,#10611);
#9524=AXIS2_PLACEMENT_3D('',#13142,#10614,#10615);
#9525=AXIS2_PLACEMENT_3D('',#13145,#10618,#10619);
#9526=AXIS2_PLACEMENT_3D('',#13148,#10622,#10623);
#9527=AXIS2_PLACEMENT_3D('',#13149,#10624,#10625);
#9528=AXIS2_PLACEMENT_3D('',#13150,#10626,#10627);
#9529=AXIS2_PLACEMENT_3D('',#13151,#10628,#10629);
#9530=AXIS2_PLACEMENT_3D('',#13152,#10630,#10631);
#9531=AXIS2_PLACEMENT_3D('',#13153,#10632,#10633);
#9532=AXIS2_PLACEMENT_3D('',#13154,#10634,#10635);
#9533=AXIS2_PLACEMENT_3D('',#13155,#10636,#10637);
#9534=AXIS2_PLACEMENT_3D('',#13156,#10638,#10639);
#9535=AXIS2_PLACEMENT_3D('',#13157,#10640,#10641);
#9536=AXIS2_PLACEMENT_3D('',#13158,#10642,#10643);
#9537=AXIS2_PLACEMENT_3D('',#13159,#10644,#10645);
#9538=AXIS2_PLACEMENT_3D('',#13160,#10646,#10647);
#9539=AXIS2_PLACEMENT_3D('',#13161,#10648,#10649);
#9540=AXIS2_PLACEMENT_3D('',#13162,#10650,#10651);
#9541=AXIS2_PLACEMENT_3D('',#13165,#10652,#10653);
#9542=AXIS2_PLACEMENT_3D('',#13167,#10654,#10655);
#9543=AXIS2_PLACEMENT_3D('',#13168,#10656,#10657);
#9544=AXIS2_PLACEMENT_3D('',#13169,#10658,#10659);
#9545=AXIS2_PLACEMENT_3D('',#13172,#10660,#10661);
#9546=AXIS2_PLACEMENT_3D('',#13174,#10662,#10663);
#9547=AXIS2_PLACEMENT_3D('',#13175,#10664,#10665);
#9548=AXIS2_PLACEMENT_3D('',#13176,#10666,#10667);
#9549=AXIS2_PLACEMENT_3D('',#13179,#10670,#10671);
#9550=AXIS2_PLACEMENT_3D('',#13182,#10672,#10673);
#9551=AXIS2_PLACEMENT_3D('',#13184,#10674,#10675);
#9552=AXIS2_PLACEMENT_3D('',#13185,#10676,#10677);
#9553=AXIS2_PLACEMENT_3D('',#13186,#10678,#10679);
#9554=AXIS2_PLACEMENT_3D('',#13189,#10680,#10681);
#9555=AXIS2_PLACEMENT_3D('',#13191,#10682,#10683);
#9556=AXIS2_PLACEMENT_3D('',#13192,#10684,#10685);
#9557=AXIS2_PLACEMENT_3D('',#13193,#10686,#10687);
#9558=AXIS2_PLACEMENT_3D('',#13196,#10688,#10689);
#9559=AXIS2_PLACEMENT_3D('',#13198,#10690,#10691);
#9560=AXIS2_PLACEMENT_3D('',#13200,#10692,#10693);
#9561=AXIS2_PLACEMENT_3D('',#13201,#10694,#10695);
#9562=AXIS2_PLACEMENT_3D('',#13202,#10696,#10697);
#9563=AXIS2_PLACEMENT_3D('',#13205,#10698,#10699);
#9564=AXIS2_PLACEMENT_3D('',#13207,#10700,#10701);
#9565=AXIS2_PLACEMENT_3D('',#13208,#10702,#10703);
#9566=AXIS2_PLACEMENT_3D('',#13209,#10704,#10705);
#9567=AXIS2_PLACEMENT_3D('',#13212,#10706,#10707);
#9568=AXIS2_PLACEMENT_3D('',#13214,#10708,#10709);
#9569=AXIS2_PLACEMENT_3D('',#13215,#10710,#10711);
#9570=AXIS2_PLACEMENT_3D('',#13216,#10712,#10713);
#9571=AXIS2_PLACEMENT_3D('',#13219,#10714,#10715);
#9572=AXIS2_PLACEMENT_3D('',#13221,#10716,#10717);
#9573=AXIS2_PLACEMENT_3D('',#13223,#10718,#10719);
#9574=AXIS2_PLACEMENT_3D('',#13224,#10720,#10721);
#9575=AXIS2_PLACEMENT_3D('',#13225,#10722,#10723);
#9576=AXIS2_PLACEMENT_3D('',#13228,#10724,#10725);
#9577=AXIS2_PLACEMENT_3D('',#13230,#10726,#10727);
#9578=AXIS2_PLACEMENT_3D('',#13231,#10728,#10729);
#9579=AXIS2_PLACEMENT_3D('',#13232,#10730,#10731);
#9580=AXIS2_PLACEMENT_3D('',#13235,#10732,#10733);
#9581=AXIS2_PLACEMENT_3D('',#13237,#10734,#10735);
#9582=AXIS2_PLACEMENT_3D('',#13239,#10736,#10737);
#9583=AXIS2_PLACEMENT_3D('',#13240,#10738,#10739);
#9584=AXIS2_PLACEMENT_3D('',#13241,#10740,#10741);
#9585=AXIS2_PLACEMENT_3D('',#13244,#10742,#10743);
#9586=AXIS2_PLACEMENT_3D('',#13246,#10744,#10745);
#9587=AXIS2_PLACEMENT_3D('',#13248,#10746,#10747);
#9588=AXIS2_PLACEMENT_3D('',#13249,#10748,#10749);
#9589=AXIS2_PLACEMENT_3D('',#13250,#10750,#10751);
#9590=AXIS2_PLACEMENT_3D('',#13253,#10752,#10753);
#9591=AXIS2_PLACEMENT_3D('',#13255,#10754,#10755);
#9592=AXIS2_PLACEMENT_3D('',#13257,#10756,#10757);
#9593=AXIS2_PLACEMENT_3D('',#13258,#10758,#10759);
#9594=AXIS2_PLACEMENT_3D('',#13259,#10760,#10761);
#9595=AXIS2_PLACEMENT_3D('',#13262,#10762,#10763);
#9596=AXIS2_PLACEMENT_3D('',#13264,#10764,#10765);
#9597=AXIS2_PLACEMENT_3D('',#13265,#10766,#10767);
#9598=AXIS2_PLACEMENT_3D('',#13266,#10768,#10769);
#9599=AXIS2_PLACEMENT_3D('',#13269,#10772,#10773);
#9600=AXIS2_PLACEMENT_3D('',#13272,#10776,#10777);
#9601=AXIS2_PLACEMENT_3D('',#13275,#10778,#10779);
#9602=AXIS2_PLACEMENT_3D('',#13277,#10780,#10781);
#9603=AXIS2_PLACEMENT_3D('',#13279,#10782,#10783);
#9604=AXIS2_PLACEMENT_3D('',#13280,#10784,#10785);
#9605=AXIS2_PLACEMENT_3D('',#13281,#10786,#10787);
#9606=AXIS2_PLACEMENT_3D('',#13284,#10788,#10789);
#9607=AXIS2_PLACEMENT_3D('',#13286,#10790,#10791);
#9608=AXIS2_PLACEMENT_3D('',#13288,#10792,#10793);
#9609=AXIS2_PLACEMENT_3D('',#13289,#10794,#10795);
#9610=AXIS2_PLACEMENT_3D('',#13290,#10796,#10797);
#9611=AXIS2_PLACEMENT_3D('',#13293,#10798,#10799);
#9612=AXIS2_PLACEMENT_3D('',#13295,#10800,#10801);
#9613=AXIS2_PLACEMENT_3D('',#13297,#10802,#10803);
#9614=AXIS2_PLACEMENT_3D('',#13298,#10804,#10805);
#9615=AXIS2_PLACEMENT_3D('',#13299,#10806,#10807);
#9616=AXIS2_PLACEMENT_3D('',#13302,#10810,#10811);
#9617=AXIS2_PLACEMENT_3D('',#13305,#10814,#10815);
#9618=AXIS2_PLACEMENT_3D('',#13308,#10818,#10819);
#9619=AXIS2_PLACEMENT_3D('',#13311,#10822,#10823);
#9620=AXIS2_PLACEMENT_3D('',#13314,#10826,#10827);
#9621=AXIS2_PLACEMENT_3D('',#13317,#10830,#10831);
#9622=AXIS2_PLACEMENT_3D('',#13320,#10834,#10835);
#9623=AXIS2_PLACEMENT_3D('',#13323,#10838,#10839);
#9624=AXIS2_PLACEMENT_3D('',#13326,#10842,#10843);
#9625=AXIS2_PLACEMENT_3D('',#13329,#10846,#10847);
#9626=AXIS2_PLACEMENT_3D('',#13332,#10850,#10851);
#9627=AXIS2_PLACEMENT_3D('',#13335,#10854,#10855);
#9628=AXIS2_PLACEMENT_3D('',#13338,#10858,#10859);
#9629=AXIS2_PLACEMENT_3D('',#13341,#10862,#10863);
#9630=AXIS2_PLACEMENT_3D('',#13344,#10866,#10867);
#9631=AXIS2_PLACEMENT_3D('',#13347,#10870,#10871);
#9632=AXIS2_PLACEMENT_3D('',#13350,#10874,#10875);
#9633=AXIS2_PLACEMENT_3D('',#13353,#10878,#10879);
#9634=AXIS2_PLACEMENT_3D('',#13356,#10882,#10883);
#9635=AXIS2_PLACEMENT_3D('',#13359,#10886,#10887);
#9636=AXIS2_PLACEMENT_3D('',#13362,#10890,#10891);
#9637=AXIS2_PLACEMENT_3D('',#13365,#10894,#10895);
#9638=AXIS2_PLACEMENT_3D('',#13368,#10898,#10899);
#9639=AXIS2_PLACEMENT_3D('',#13371,#10902,#10903);
#9640=AXIS2_PLACEMENT_3D('',#13374,#10906,#10907);
#9641=AXIS2_PLACEMENT_3D('',#13375,#10908,#10909);
#9642=AXIS2_PLACEMENT_3D('',#13376,#10910,#10911);
#9643=AXIS2_PLACEMENT_3D('',#13377,#10912,#10913);
#9644=AXIS2_PLACEMENT_3D('',#13378,#10914,#10915);
#9645=AXIS2_PLACEMENT_3D('',#13379,#10916,#10917);
#9646=AXIS2_PLACEMENT_3D('',#13380,#10918,#10919);
#9647=AXIS2_PLACEMENT_3D('',#13381,#10920,#10921);
#9648=AXIS2_PLACEMENT_3D('',#13382,#10922,#10923);
#9649=AXIS2_PLACEMENT_3D('',#13383,#10924,#10925);
#9650=AXIS2_PLACEMENT_3D('',#13384,#10926,#10927);
#9651=AXIS2_PLACEMENT_3D('',#13385,#10928,#10929);
#9652=AXIS2_PLACEMENT_3D('',#13386,#10930,#10931);
#9653=AXIS2_PLACEMENT_3D('',#13387,#10932,#10933);
#9654=AXIS2_PLACEMENT_3D('',#13388,#10934,#10935);
#9655=AXIS2_PLACEMENT_3D('',#13391,#10936,#10937);
#9656=AXIS2_PLACEMENT_3D('',#13393,#10938,#10939);
#9657=AXIS2_PLACEMENT_3D('',#13394,#10940,#10941);
#9658=AXIS2_PLACEMENT_3D('',#13395,#10942,#10943);
#9659=AXIS2_PLACEMENT_3D('',#13398,#10944,#10945);
#9660=AXIS2_PLACEMENT_3D('',#13400,#10946,#10947);
#9661=AXIS2_PLACEMENT_3D('',#13401,#10948,#10949);
#9662=AXIS2_PLACEMENT_3D('',#13402,#10950,#10951);
#9663=AXIS2_PLACEMENT_3D('',#13405,#10952,#10953);
#9664=AXIS2_PLACEMENT_3D('',#13407,#10954,#10955);
#9665=AXIS2_PLACEMENT_3D('',#13408,#10956,#10957);
#9666=AXIS2_PLACEMENT_3D('',#13409,#10958,#10959);
#9667=AXIS2_PLACEMENT_3D('',#13412,#10960,#10961);
#9668=AXIS2_PLACEMENT_3D('',#13414,#10962,#10963);
#9669=AXIS2_PLACEMENT_3D('',#13415,#10964,#10965);
#9670=AXIS2_PLACEMENT_3D('',#13416,#10966,#10967);
#9671=AXIS2_PLACEMENT_3D('',#13419,#10968,#10969);
#9672=AXIS2_PLACEMENT_3D('',#13421,#10970,#10971);
#9673=AXIS2_PLACEMENT_3D('',#13423,#10972,#10973);
#9674=AXIS2_PLACEMENT_3D('',#13424,#10974,#10975);
#9675=AXIS2_PLACEMENT_3D('',#13425,#10976,#10977);
#9676=AXIS2_PLACEMENT_3D('',#13428,#10978,#10979);
#9677=AXIS2_PLACEMENT_3D('',#13430,#10980,#10981);
#9678=AXIS2_PLACEMENT_3D('',#13431,#10982,#10983);
#9679=AXIS2_PLACEMENT_3D('',#13432,#10984,#10985);
#9680=AXIS2_PLACEMENT_3D('',#13435,#10988,#10989);
#9681=AXIS2_PLACEMENT_3D('',#13438,#10990,#10991);
#9682=AXIS2_PLACEMENT_3D('',#13440,#10992,#10993);
#9683=AXIS2_PLACEMENT_3D('',#13441,#10994,#10995);
#9684=AXIS2_PLACEMENT_3D('',#13442,#10996,#10997);
#9685=AXIS2_PLACEMENT_3D('',#13445,#10998,#10999);
#9686=AXIS2_PLACEMENT_3D('',#13447,#11000,#11001);
#9687=AXIS2_PLACEMENT_3D('',#13449,#11002,#11003);
#9688=AXIS2_PLACEMENT_3D('',#13450,#11004,#11005);
#9689=AXIS2_PLACEMENT_3D('',#13451,#11006,#11007);
#9690=AXIS2_PLACEMENT_3D('',#13454,#11008,#11009);
#9691=AXIS2_PLACEMENT_3D('',#13456,#11010,#11011);
#9692=AXIS2_PLACEMENT_3D('',#13457,#11012,#11013);
#9693=AXIS2_PLACEMENT_3D('',#13458,#11014,#11015);
#9694=AXIS2_PLACEMENT_3D('',#13461,#11018,#11019);
#9695=AXIS2_PLACEMENT_3D('',#13464,#11022,#11023);
#9696=AXIS2_PLACEMENT_3D('',#13467,#11024,#11025);
#9697=AXIS2_PLACEMENT_3D('',#13469,#11026,#11027);
#9698=AXIS2_PLACEMENT_3D('',#13471,#11028,#11029);
#9699=AXIS2_PLACEMENT_3D('',#13472,#11030,#11031);
#9700=AXIS2_PLACEMENT_3D('',#13473,#11032,#11033);
#9701=AXIS2_PLACEMENT_3D('',#13476,#11034,#11035);
#9702=AXIS2_PLACEMENT_3D('',#13478,#11036,#11037);
#9703=AXIS2_PLACEMENT_3D('',#13480,#11038,#11039);
#9704=AXIS2_PLACEMENT_3D('',#13481,#11040,#11041);
#9705=AXIS2_PLACEMENT_3D('',#13482,#11042,#11043);
#9706=AXIS2_PLACEMENT_3D('',#13485,#11044,#11045);
#9707=AXIS2_PLACEMENT_3D('',#13487,#11046,#11047);
#9708=AXIS2_PLACEMENT_3D('',#13488,#11048,#11049);
#9709=AXIS2_PLACEMENT_3D('',#13489,#11050,#11051);
#9710=AXIS2_PLACEMENT_3D('',#13492,#11052,#11053);
#9711=AXIS2_PLACEMENT_3D('',#13494,#11054,#11055);
#9712=AXIS2_PLACEMENT_3D('',#13496,#11056,#11057);
#9713=AXIS2_PLACEMENT_3D('',#13497,#11058,#11059);
#9714=AXIS2_PLACEMENT_3D('',#13498,#11060,#11061);
#9715=AXIS2_PLACEMENT_3D('',#13501,#11062,#11063);
#9716=AXIS2_PLACEMENT_3D('',#13504,#11066,#11067);
#9717=AXIS2_PLACEMENT_3D('',#13507,#11068,#11069);
#9718=AXIS2_PLACEMENT_3D('',#13508,#11070,#11071);
#9719=AXIS2_PLACEMENT_3D('',#13509,#11072,#11073);
#9720=AXIS2_PLACEMENT_3D('',#13510,#11074,#11075);
#9721=AXIS2_PLACEMENT_3D('',#13513,#11076,#11077);
#9722=AXIS2_PLACEMENT_3D('',#13516,#11080,#11081);
#9723=AXIS2_PLACEMENT_3D('',#13519,#11082,#11083);
#9724=AXIS2_PLACEMENT_3D('',#13520,#11084,#11085);
#9725=AXIS2_PLACEMENT_3D('',#13521,#11086,#11087);
#9726=AXIS2_PLACEMENT_3D('',#13522,#11088,#11089);
#9727=AXIS2_PLACEMENT_3D('',#13525,#11090,#11091);
#9728=AXIS2_PLACEMENT_3D('',#13528,#11094,#11095);
#9729=AXIS2_PLACEMENT_3D('',#13531,#11096,#11097);
#9730=AXIS2_PLACEMENT_3D('',#13532,#11098,#11099);
#9731=AXIS2_PLACEMENT_3D('',#13533,#11100,#11101);
#9732=AXIS2_PLACEMENT_3D('',#13534,#11102,#11103);
#9733=AXIS2_PLACEMENT_3D('',#13537,#11106,#11107);
#9734=AXIS2_PLACEMENT_3D('',#13540,#11110,#11111);
#9735=AXIS2_PLACEMENT_3D('',#13543,#11114,#11115);
#9736=AXIS2_PLACEMENT_3D('',#13546,#11116,#11117);
#9737=AXIS2_PLACEMENT_3D('',#13548,#11118,#11119);
#9738=AXIS2_PLACEMENT_3D('',#13550,#11120,#11121);
#9739=AXIS2_PLACEMENT_3D('',#13551,#11122,#11123);
#9740=AXIS2_PLACEMENT_3D('',#13552,#11124,#11125);
#9741=AXIS2_PLACEMENT_3D('',#13555,#11126,#11127);
#9742=AXIS2_PLACEMENT_3D('',#13557,#11128,#11129);
#9743=AXIS2_PLACEMENT_3D('',#13559,#11130,#11131);
#9744=AXIS2_PLACEMENT_3D('',#13560,#11132,#11133);
#9745=AXIS2_PLACEMENT_3D('',#13561,#11134,#11135);
#9746=AXIS2_PLACEMENT_3D('',#13564,#11138,#11139);
#9747=AXIS2_PLACEMENT_3D('',#13567,#11142,#11143);
#9748=AXIS2_PLACEMENT_3D('',#13570,#11146,#11147);
#9749=AXIS2_PLACEMENT_3D('',#13573,#11148,#11149);
#9750=AXIS2_PLACEMENT_3D('',#13575,#11150,#11151);
#9751=AXIS2_PLACEMENT_3D('',#13577,#11152,#11153);
#9752=AXIS2_PLACEMENT_3D('',#13578,#11154,#11155);
#9753=AXIS2_PLACEMENT_3D('',#13579,#11156,#11157);
#9754=AXIS2_PLACEMENT_3D('',#13582,#11158,#11159);
#9755=AXIS2_PLACEMENT_3D('',#13585,#11162,#11163);
#9756=AXIS2_PLACEMENT_3D('',#13588,#11164,#11165);
#9757=AXIS2_PLACEMENT_3D('',#13589,#11166,#11167);
#9758=AXIS2_PLACEMENT_3D('',#13590,#11168,#11169);
#9759=AXIS2_PLACEMENT_3D('',#13591,#11170,#11171);
#9760=AXIS2_PLACEMENT_3D('',#13594,#11172,#11173);
#9761=AXIS2_PLACEMENT_3D('',#13597,#11176,#11177);
#9762=AXIS2_PLACEMENT_3D('',#13600,#11178,#11179);
#9763=AXIS2_PLACEMENT_3D('',#13601,#11180,#11181);
#9764=AXIS2_PLACEMENT_3D('',#13602,#11182,#11183);
#9765=AXIS2_PLACEMENT_3D('',#13603,#11184,#11185);
#9766=AXIS2_PLACEMENT_3D('',#13606,#11186,#11187);
#9767=AXIS2_PLACEMENT_3D('',#13609,#11190,#11191);
#9768=AXIS2_PLACEMENT_3D('',#13612,#11192,#11193);
#9769=AXIS2_PLACEMENT_3D('',#13613,#11194,#11195);
#9770=AXIS2_PLACEMENT_3D('',#13614,#11196,#11197);
#9771=AXIS2_PLACEMENT_3D('',#13615,#11198,#11199);
#9772=AXIS2_PLACEMENT_3D('',#13618,#11202,#11203);
#9773=AXIS2_PLACEMENT_3D('',#13621,#11206,#11207);
#9774=AXIS2_PLACEMENT_3D('',#13624,#11210,#11211);
#9775=AXIS2_PLACEMENT_3D('',#13627,#11214,#11215);
#9776=AXIS2_PLACEMENT_3D('',#13630,#11218,#11219);
#9777=AXIS2_PLACEMENT_3D('',#13633,#11222,#11223);
#9778=AXIS2_PLACEMENT_3D('',#13636,#11224,#11225);
#9779=AXIS2_PLACEMENT_3D('',#13639,#11228,#11229);
#9780=AXIS2_PLACEMENT_3D('',#13642,#11230,#11231);
#9781=AXIS2_PLACEMENT_3D('',#13643,#11232,#11233);
#9782=AXIS2_PLACEMENT_3D('',#13644,#11234,#11235);
#9783=AXIS2_PLACEMENT_3D('',#13645,#11236,#11237);
#9784=AXIS2_PLACEMENT_3D('',#13648,#11238,#11239);
#9785=AXIS2_PLACEMENT_3D('',#13651,#11242,#11243);
#9786=AXIS2_PLACEMENT_3D('',#13654,#11244,#11245);
#9787=AXIS2_PLACEMENT_3D('',#13655,#11246,#11247);
#9788=AXIS2_PLACEMENT_3D('',#13656,#11248,#11249);
#9789=AXIS2_PLACEMENT_3D('',#13657,#11250,#11251);
#9790=AXIS2_PLACEMENT_3D('',#13660,#11252,#11253);
#9791=AXIS2_PLACEMENT_3D('',#13663,#11256,#11257);
#9792=AXIS2_PLACEMENT_3D('',#13666,#11258,#11259);
#9793=AXIS2_PLACEMENT_3D('',#13667,#11260,#11261);
#9794=AXIS2_PLACEMENT_3D('',#13668,#11262,#11263);
#9795=AXIS2_PLACEMENT_3D('',#13669,#11264,#11265);
#9796=AXIS2_PLACEMENT_3D('',#13672,#11268,#11269);
#9797=AXIS2_PLACEMENT_3D('',#13675,#11272,#11273);
#9798=AXIS2_PLACEMENT_3D('',#13678,#11276,#11277);
#9799=AXIS2_PLACEMENT_3D('',#13681,#11280,#11281);
#9800=AXIS2_PLACEMENT_3D('',#13684,#11284,#11285);
#9801=AXIS2_PLACEMENT_3D('',#13687,#11288,#11289);
#9802=AXIS2_PLACEMENT_3D('',#13690,#11292,#11293);
#9803=AXIS2_PLACEMENT_3D('',#13693,#11296,#11297);
#9804=AXIS2_PLACEMENT_3D('',#13696,#11298,#11299);
#9805=AXIS2_PLACEMENT_3D('',#13699,#11302,#11303);
#9806=AXIS2_PLACEMENT_3D('',#13702,#11304,#11305);
#9807=AXIS2_PLACEMENT_3D('',#13703,#11306,#11307);
#9808=AXIS2_PLACEMENT_3D('',#13704,#11308,#11309);
#9809=AXIS2_PLACEMENT_3D('',#13705,#11310,#11311);
#9810=AXIS2_PLACEMENT_3D('',#13708,#11312,#11313);
#9811=AXIS2_PLACEMENT_3D('',#13711,#11316,#11317);
#9812=AXIS2_PLACEMENT_3D('',#13714,#11318,#11319);
#9813=AXIS2_PLACEMENT_3D('',#13715,#11320,#11321);
#9814=AXIS2_PLACEMENT_3D('',#13716,#11322,#11323);
#9815=AXIS2_PLACEMENT_3D('',#13717,#11324,#11325);
#9816=AXIS2_PLACEMENT_3D('',#13720,#11326,#11327);
#9817=AXIS2_PLACEMENT_3D('',#13723,#11330,#11331);
#9818=AXIS2_PLACEMENT_3D('',#13726,#11332,#11333);
#9819=AXIS2_PLACEMENT_3D('',#13727,#11334,#11335);
#9820=AXIS2_PLACEMENT_3D('',#13728,#11336,#11337);
#9821=AXIS2_PLACEMENT_3D('',#13729,#11338,#11339);
#9822=AXIS2_PLACEMENT_3D('',#13732,#11342,#11343);
#9823=AXIS2_PLACEMENT_3D('',#13735,#11346,#11347);
#9824=AXIS2_PLACEMENT_3D('',#13738,#11350,#11351);
#9825=AXIS2_PLACEMENT_3D('',#13741,#11354,#11355);
#9826=AXIS2_PLACEMENT_3D('',#13744,#11358,#11359);
#9827=AXIS2_PLACEMENT_3D('',#13747,#11362,#11363);
#9828=AXIS2_PLACEMENT_3D('',#13749,#11365,#11366);
#9829=AXIS2_PLACEMENT_3D('',#13751,#11368,#11369);
#9830=AXIS2_PLACEMENT_3D('',#13753,#11371,#11372);
#9831=AXIS2_PLACEMENT_3D('',#13755,#11374,#11375);
#9832=AXIS2_PLACEMENT_3D('',#13756,#11376,#11377);
#9833=AXIS2_PLACEMENT_3D('',#13759,#11380,#11381);
#9834=AXIS2_PLACEMENT_3D('',#13761,#11383,#11384);
#9835=AXIS2_PLACEMENT_3D('',#13763,#11386,#11387);
#9836=AXIS2_PLACEMENT_3D('',#13765,#11389,#11390);
#9837=AXIS2_PLACEMENT_3D('',#13767,#11392,#11393);
#9838=AXIS2_PLACEMENT_3D('',#13768,#11394,#11395);
#9839=AXIS2_PLACEMENT_3D('',#13769,#11396,#11397);
#9840=AXIS2_PLACEMENT_3D('',#13770,#11398,#11399);
#9841=AXIS2_PLACEMENT_3D('',#13771,#11400,#11401);
#9842=AXIS2_PLACEMENT_3D('',#13772,#11402,#11403);
#9843=AXIS2_PLACEMENT_3D('',#13773,#11404,#11405);
#9844=AXIS2_PLACEMENT_3D('',#13774,#11406,#11407);
#9845=AXIS2_PLACEMENT_3D('',#13775,#11408,#11409);
#9846=AXIS2_PLACEMENT_3D('',#13776,#11410,#11411);
#9847=AXIS2_PLACEMENT_3D('',#13777,#11412,#11413);
#9848=AXIS2_PLACEMENT_3D('',#13778,#11414,#11415);
#9849=AXIS2_PLACEMENT_3D('',#13779,#11416,#11417);
#9850=AXIS2_PLACEMENT_3D('',#13780,#11418,#11419);
#9851=AXIS2_PLACEMENT_3D('',#13781,#11420,#11421);
#9852=AXIS2_PLACEMENT_3D('',#13782,#11422,#11423);
#9853=AXIS2_PLACEMENT_3D('',#13785,#11424,#11425);
#9854=AXIS2_PLACEMENT_3D('',#13787,#11426,#11427);
#9855=AXIS2_PLACEMENT_3D('',#13788,#11428,#11429);
#9856=AXIS2_PLACEMENT_3D('',#13789,#11430,#11431);
#9857=AXIS2_PLACEMENT_3D('',#13792,#11432,#11433);
#9858=AXIS2_PLACEMENT_3D('',#13794,#11434,#11435);
#9859=AXIS2_PLACEMENT_3D('',#13795,#11436,#11437);
#9860=AXIS2_PLACEMENT_3D('',#13796,#11438,#11439);
#9861=AXIS2_PLACEMENT_3D('',#13799,#11440,#11441);
#9862=AXIS2_PLACEMENT_3D('',#13801,#11442,#11443);
#9863=AXIS2_PLACEMENT_3D('',#13802,#11444,#11445);
#9864=AXIS2_PLACEMENT_3D('',#13803,#11446,#11447);
#9865=AXIS2_PLACEMENT_3D('',#13806,#11448,#11449);
#9866=AXIS2_PLACEMENT_3D('',#13808,#11450,#11451);
#9867=AXIS2_PLACEMENT_3D('',#13809,#11452,#11453);
#9868=AXIS2_PLACEMENT_3D('',#13810,#11454,#11455);
#9869=AXIS2_PLACEMENT_3D('',#13813,#11458,#11459);
#9870=AXIS2_PLACEMENT_3D('',#13816,#11460,#11461);
#9871=AXIS2_PLACEMENT_3D('',#13818,#11462,#11463);
#9872=AXIS2_PLACEMENT_3D('',#13820,#11464,#11465);
#9873=AXIS2_PLACEMENT_3D('',#13821,#11466,#11467);
#9874=AXIS2_PLACEMENT_3D('',#13822,#11468,#11469);
#9875=AXIS2_PLACEMENT_3D('',#13825,#11470,#11471);
#9876=AXIS2_PLACEMENT_3D('',#13827,#11472,#11473);
#9877=AXIS2_PLACEMENT_3D('',#13828,#11474,#11475);
#9878=AXIS2_PLACEMENT_3D('',#13829,#11476,#11477);
#9879=AXIS2_PLACEMENT_3D('',#13832,#11478,#11479);
#9880=AXIS2_PLACEMENT_3D('',#13834,#11480,#11481);
#9881=AXIS2_PLACEMENT_3D('',#13835,#11482,#11483);
#9882=AXIS2_PLACEMENT_3D('',#13836,#11484,#11485);
#9883=AXIS2_PLACEMENT_3D('',#13839,#11486,#11487);
#9884=AXIS2_PLACEMENT_3D('',#13841,#11488,#11489);
#9885=AXIS2_PLACEMENT_3D('',#13843,#11490,#11491);
#9886=AXIS2_PLACEMENT_3D('',#13844,#11492,#11493);
#9887=AXIS2_PLACEMENT_3D('',#13845,#11494,#11495);
#9888=AXIS2_PLACEMENT_3D('',#13848,#11496,#11497);
#9889=AXIS2_PLACEMENT_3D('',#13850,#11498,#11499);
#9890=AXIS2_PLACEMENT_3D('',#13852,#11500,#11501);
#9891=AXIS2_PLACEMENT_3D('',#13853,#11502,#11503);
#9892=AXIS2_PLACEMENT_3D('',#13854,#11504,#11505);
#9893=AXIS2_PLACEMENT_3D('',#13857,#11508,#11509);
#9894=AXIS2_PLACEMENT_3D('',#13860,#11510,#11511);
#9895=AXIS2_PLACEMENT_3D('',#13862,#11512,#11513);
#9896=AXIS2_PLACEMENT_3D('',#13863,#11514,#11515);
#9897=AXIS2_PLACEMENT_3D('',#13864,#11516,#11517);
#9898=AXIS2_PLACEMENT_3D('',#13867,#11520,#11521);
#9899=AXIS2_PLACEMENT_3D('',#13870,#11522,#11523);
#9900=AXIS2_PLACEMENT_3D('',#13872,#11524,#11525);
#9901=AXIS2_PLACEMENT_3D('',#13874,#11526,#11527);
#9902=AXIS2_PLACEMENT_3D('',#13875,#11528,#11529);
#9903=AXIS2_PLACEMENT_3D('',#13876,#11530,#11531);
#9904=AXIS2_PLACEMENT_3D('',#13879,#11534,#11535);
#9905=AXIS2_PLACEMENT_3D('',#13882,#11538,#11539);
#9906=AXIS2_PLACEMENT_3D('',#13885,#11540,#11541);
#9907=AXIS2_PLACEMENT_3D('',#13887,#11542,#11543);
#9908=AXIS2_PLACEMENT_3D('',#13888,#11544,#11545);
#9909=AXIS2_PLACEMENT_3D('',#13889,#11546,#11547);
#9910=AXIS2_PLACEMENT_3D('',#13892,#11550,#11551);
#9911=AXIS2_PLACEMENT_3D('',#13895,#11554,#11555);
#9912=AXIS2_PLACEMENT_3D('',#13898,#11556,#11557);
#9913=AXIS2_PLACEMENT_3D('',#13900,#11558,#11559);
#9914=AXIS2_PLACEMENT_3D('',#13902,#11560,#11561);
#9915=AXIS2_PLACEMENT_3D('',#13903,#11562,#11563);
#9916=AXIS2_PLACEMENT_3D('',#13904,#11564,#11565);
#9917=AXIS2_PLACEMENT_3D('',#13907,#11568,#11569);
#9918=AXIS2_PLACEMENT_3D('',#13910,#11572,#11573);
#9919=AXIS2_PLACEMENT_3D('',#13913,#11574,#11575);
#9920=AXIS2_PLACEMENT_3D('',#13915,#11576,#11577);
#9921=AXIS2_PLACEMENT_3D('',#13917,#11578,#11579);
#9922=AXIS2_PLACEMENT_3D('',#13918,#11580,#11581);
#9923=AXIS2_PLACEMENT_3D('',#13919,#11582,#11583);
#9924=AXIS2_PLACEMENT_3D('',#13922,#11584,#11585);
#9925=AXIS2_PLACEMENT_3D('',#13925,#11588,#11589);
#9926=AXIS2_PLACEMENT_3D('',#13928,#11590,#11591);
#9927=AXIS2_PLACEMENT_3D('',#13929,#11592,#11593);
#9928=AXIS2_PLACEMENT_3D('',#13930,#11594,#11595);
#9929=AXIS2_PLACEMENT_3D('',#13931,#11596,#11597);
#9930=AXIS2_PLACEMENT_3D('',#13934,#11598,#11599);
#9931=AXIS2_PLACEMENT_3D('',#13937,#11602,#11603);
#9932=AXIS2_PLACEMENT_3D('',#13940,#11604,#11605);
#9933=AXIS2_PLACEMENT_3D('',#13941,#11606,#11607);
#9934=AXIS2_PLACEMENT_3D('',#13942,#11608,#11609);
#9935=AXIS2_PLACEMENT_3D('',#13943,#11610,#11611);
#9936=AXIS2_PLACEMENT_3D('',#13946,#11612,#11613);
#9937=AXIS2_PLACEMENT_3D('',#13949,#11616,#11617);
#9938=AXIS2_PLACEMENT_3D('',#13952,#11618,#11619);
#9939=AXIS2_PLACEMENT_3D('',#13953,#11620,#11621);
#9940=AXIS2_PLACEMENT_3D('',#13954,#11622,#11623);
#9941=AXIS2_PLACEMENT_3D('',#13955,#11624,#11625);
#9942=AXIS2_PLACEMENT_3D('',#13958,#11628,#11629);
#9943=AXIS2_PLACEMENT_3D('',#13961,#11630,#11631);
#9944=AXIS2_PLACEMENT_3D('',#13963,#11632,#11633);
#9945=AXIS2_PLACEMENT_3D('',#13965,#11634,#11635);
#9946=AXIS2_PLACEMENT_3D('',#13966,#11636,#11637);
#9947=AXIS2_PLACEMENT_3D('',#13967,#11638,#11639);
#9948=AXIS2_PLACEMENT_3D('',#13970,#11642,#11643);
#9949=AXIS2_PLACEMENT_3D('',#13973,#11646,#11647);
#9950=AXIS2_PLACEMENT_3D('',#13976,#11650,#11651);
#9951=AXIS2_PLACEMENT_3D('',#13979,#11652,#11653);
#9952=AXIS2_PLACEMENT_3D('',#13981,#11654,#11655);
#9953=AXIS2_PLACEMENT_3D('',#13983,#11656,#11657);
#9954=AXIS2_PLACEMENT_3D('',#13984,#11658,#11659);
#9955=AXIS2_PLACEMENT_3D('',#13985,#11660,#11661);
#9956=AXIS2_PLACEMENT_3D('',#13988,#11662,#11663);
#9957=AXIS2_PLACEMENT_3D('',#13991,#11666,#11667);
#9958=AXIS2_PLACEMENT_3D('',#13994,#11668,#11669);
#9959=AXIS2_PLACEMENT_3D('',#13995,#11670,#11671);
#9960=AXIS2_PLACEMENT_3D('',#13996,#11672,#11673);
#9961=AXIS2_PLACEMENT_3D('',#13997,#11674,#11675);
#9962=AXIS2_PLACEMENT_3D('',#14000,#11676,#11677);
#9963=AXIS2_PLACEMENT_3D('',#14003,#11680,#11681);
#9964=AXIS2_PLACEMENT_3D('',#14006,#11682,#11683);
#9965=AXIS2_PLACEMENT_3D('',#14007,#11684,#11685);
#9966=AXIS2_PLACEMENT_3D('',#14008,#11686,#11687);
#9967=AXIS2_PLACEMENT_3D('',#14009,#11688,#11689);
#9968=AXIS2_PLACEMENT_3D('',#14012,#11690,#11691);
#9969=AXIS2_PLACEMENT_3D('',#14015,#11694,#11695);
#9970=AXIS2_PLACEMENT_3D('',#14018,#11696,#11697);
#9971=AXIS2_PLACEMENT_3D('',#14019,#11698,#11699);
#9972=AXIS2_PLACEMENT_3D('',#14020,#11700,#11701);
#9973=AXIS2_PLACEMENT_3D('',#14021,#11702,#11703);
#9974=AXIS2_PLACEMENT_3D('',#14024,#11706,#11707);
#9975=AXIS2_PLACEMENT_3D('',#14027,#11710,#11711);
#9976=AXIS2_PLACEMENT_3D('',#14030,#11714,#11715);
#9977=AXIS2_PLACEMENT_3D('',#14033,#11718,#11719);
#9978=AXIS2_PLACEMENT_3D('',#14036,#11722,#11723);
#9979=AXIS2_PLACEMENT_3D('',#14039,#11726,#11727);
#9980=AXIS2_PLACEMENT_3D('',#14042,#11728,#11729);
#9981=AXIS2_PLACEMENT_3D('',#14045,#11732,#11733);
#9982=AXIS2_PLACEMENT_3D('',#14048,#11734,#11735);
#9983=AXIS2_PLACEMENT_3D('',#14049,#11736,#11737);
#9984=AXIS2_PLACEMENT_3D('',#14050,#11738,#11739);
#9985=AXIS2_PLACEMENT_3D('',#14051,#11740,#11741);
#9986=AXIS2_PLACEMENT_3D('',#14054,#11742,#11743);
#9987=AXIS2_PLACEMENT_3D('',#14057,#11746,#11747);
#9988=AXIS2_PLACEMENT_3D('',#14060,#11748,#11749);
#9989=AXIS2_PLACEMENT_3D('',#14061,#11750,#11751);
#9990=AXIS2_PLACEMENT_3D('',#14062,#11752,#11753);
#9991=AXIS2_PLACEMENT_3D('',#14063,#11754,#11755);
#9992=AXIS2_PLACEMENT_3D('',#14066,#11756,#11757);
#9993=AXIS2_PLACEMENT_3D('',#14069,#11760,#11761);
#9994=AXIS2_PLACEMENT_3D('',#14072,#11762,#11763);
#9995=AXIS2_PLACEMENT_3D('',#14073,#11764,#11765);
#9996=AXIS2_PLACEMENT_3D('',#14074,#11766,#11767);
#9997=AXIS2_PLACEMENT_3D('',#14075,#11768,#11769);
#9998=AXIS2_PLACEMENT_3D('',#14078,#11772,#11773);
#9999=AXIS2_PLACEMENT_3D('',#14081,#11776,#11777);
#10000=AXIS2_PLACEMENT_3D('',#14084,#11780,#11781);
#10001=AXIS2_PLACEMENT_3D('',#14087,#11784,#11785);
#10002=AXIS2_PLACEMENT_3D('',#14090,#11786,#11787);
#10003=AXIS2_PLACEMENT_3D('',#14093,#11790,#11791);
#10004=AXIS2_PLACEMENT_3D('',#14096,#11792,#11793);
#10005=AXIS2_PLACEMENT_3D('',#14097,#11794,#11795);
#10006=AXIS2_PLACEMENT_3D('',#14098,#11796,#11797);
#10007=AXIS2_PLACEMENT_3D('',#14099,#11798,#11799);
#10008=AXIS2_PLACEMENT_3D('',#14102,#11800,#11801);
#10009=AXIS2_PLACEMENT_3D('',#14105,#11804,#11805);
#10010=AXIS2_PLACEMENT_3D('',#14108,#11806,#11807);
#10011=AXIS2_PLACEMENT_3D('',#14109,#11808,#11809);
#10012=AXIS2_PLACEMENT_3D('',#14110,#11810,#11811);
#10013=AXIS2_PLACEMENT_3D('',#14111,#11812,#11813);
#10014=AXIS2_PLACEMENT_3D('',#14114,#11814,#11815);
#10015=AXIS2_PLACEMENT_3D('',#14117,#11818,#11819);
#10016=AXIS2_PLACEMENT_3D('',#14120,#11820,#11821);
#10017=AXIS2_PLACEMENT_3D('',#14121,#11822,#11823);
#10018=AXIS2_PLACEMENT_3D('',#14122,#11824,#11825);
#10019=AXIS2_PLACEMENT_3D('',#14123,#11826,#11827);
#10020=AXIS2_PLACEMENT_3D('',#14126,#11830,#11831);
#10021=AXIS2_PLACEMENT_3D('',#14129,#11834,#11835);
#10022=AXIS2_PLACEMENT_3D('',#14132,#11838,#11839);
#10023=AXIS2_PLACEMENT_3D('',#14135,#11842,#11843);
#10024=AXIS2_PLACEMENT_3D('',#14138,#11846,#11847);
#10025=AXIS2_PLACEMENT_3D('',#14141,#11850,#11851);
#10026=AXIS2_PLACEMENT_3D('',#14143,#11853,#11854);
#10027=AXIS2_PLACEMENT_3D('',#14145,#11856,#11857);
#10028=AXIS2_PLACEMENT_3D('',#14147,#11859,#11860);
#10029=AXIS2_PLACEMENT_3D('',#14149,#11862,#11863);
#10030=AXIS2_PLACEMENT_3D('',#14150,#11864,#11865);
#10031=AXIS2_PLACEMENT_3D('',#14152,#11867,#11868);
#10032=AXIS2_PLACEMENT_3D('',#14153,#11869,#11870);
#10033=AXIS2_PLACEMENT_3D('',#14154,#11871,#11872);
#10034=AXIS2_PLACEMENT_3D('',#14155,#11873,#11874);
#10035=AXIS2_PLACEMENT_3D('',#14156,#11875,#11876);
#10036=AXIS2_PLACEMENT_3D('',#14157,#11877,#11878);
#10037=AXIS2_PLACEMENT_3D('',#14158,#11879,#11880);
#10038=AXIS2_PLACEMENT_3D('',#14159,#11881,#11882);
#10039=AXIS2_PLACEMENT_3D('',#14160,#11883,#11884);
#10040=AXIS2_PLACEMENT_3D('',#14161,#11885,#11886);
#10041=AXIS2_PLACEMENT_3D('',#14162,#11887,#11888);
#10042=AXIS2_PLACEMENT_3D('',#14163,#11889,#11890);
#10043=AXIS2_PLACEMENT_3D('',#14164,#11891,#11892);
#10044=AXIS2_PLACEMENT_3D('',#14167,#11895,#11896);
#10045=AXIS2_PLACEMENT_3D('',#14168,#11897,#11898);
#10046=AXIS2_PLACEMENT_3D('',#14170,#11900,#11901);
#10047=AXIS2_PLACEMENT_3D('',#14171,#11902,#11903);
#10048=AXIS2_PLACEMENT_3D('',#14173,#11905,#11906);
#10049=AXIS2_PLACEMENT_3D('',#14175,#11908,#11909);
#10050=AXIS2_PLACEMENT_3D('placement',#14176,#11910,#11911);
#10051=AXIS2_PLACEMENT_3D('',#14177,#11912,#11913);
#10052=AXIS2_PLACEMENT_3D('',#14182,#11915,#11916);
#10053=AXIS2_PLACEMENT_3D('',#14185,#11918,#11919);
#10054=AXIS2_PLACEMENT_3D('',#14186,#11920,#11921);
#10055=AXIS2_PLACEMENT_3D('',#14190,#11923,#11924);
#10056=AXIS2_PLACEMENT_3D('',#14192,#11925,#11926);
#10057=AXIS2_PLACEMENT_3D('',#14194,#11928,#11929);
#10058=AXIS2_PLACEMENT_3D('',#14199,#11931,#11932);
#10059=AXIS2_PLACEMENT_3D('',#14202,#11934,#11935);
#10060=AXIS2_PLACEMENT_3D('',#14203,#11936,#11937);
#10061=AXIS2_PLACEMENT_3D('',#14206,#11938,#11939);
#10062=AXIS2_PLACEMENT_3D('',#14208,#11940,#11941);
#10063=AXIS2_PLACEMENT_3D('',#14209,#11942,#11943);
#10064=AXIS2_PLACEMENT_3D('',#14210,#11944,#11945);
#10065=AXIS2_PLACEMENT_3D('',#14214,#11947,#11948);
#10066=AXIS2_PLACEMENT_3D('',#14216,#11950,#11951);
#10067=AXIS2_PLACEMENT_3D('',#14235,#11954,#11955);
#10068=AXIS2_PLACEMENT_3D('',#14238,#11956,#11957);
#10069=AXIS2_PLACEMENT_3D('',#14240,#11958,#11959);
#10070=AXIS2_PLACEMENT_3D('',#14241,#11960,#11961);
#10071=AXIS2_PLACEMENT_3D('',#14242,#11962,#11963);
#10072=AXIS2_PLACEMENT_3D('',#14245,#11966,#11967);
#10073=AXIS2_PLACEMENT_3D('',#14247,#11968,#11969);
#10074=AXIS2_PLACEMENT_3D('',#14263,#11970,#11971);
#10075=AXIS2_PLACEMENT_3D('',#14264,#11972,#11973);
#10076=AXIS2_PLACEMENT_3D('',#14267,#11974,#11975);
#10077=AXIS2_PLACEMENT_3D('',#14269,#11976,#11977);
#10078=AXIS2_PLACEMENT_3D('',#14270,#11978,#11979);
#10079=AXIS2_PLACEMENT_3D('',#14271,#11980,#11981);
#10080=AXIS2_PLACEMENT_3D('',#14276,#11983,#11984);
#10081=AXIS2_PLACEMENT_3D('',#14279,#11986,#11987);
#10082=AXIS2_PLACEMENT_3D('',#14280,#11988,#11989);
#10083=AXIS2_PLACEMENT_3D('',#14285,#11991,#11992);
#10084=AXIS2_PLACEMENT_3D('',#14288,#11994,#11995);
#10085=AXIS2_PLACEMENT_3D('',#14289,#11996,#11997);
#10086=AXIS2_PLACEMENT_3D('',#14293,#11999,#12000);
#10087=AXIS2_PLACEMENT_3D('',#14295,#12001,#12002);
#10088=AXIS2_PLACEMENT_3D('',#14297,#12004,#12005);
#10089=AXIS2_PLACEMENT_3D('',#14300,#12006,#12007);
#10090=AXIS2_PLACEMENT_3D('',#14302,#12008,#12009);
#10091=AXIS2_PLACEMENT_3D('',#14303,#12010,#12011);
#10092=AXIS2_PLACEMENT_3D('',#14304,#12012,#12013);
#10093=AXIS2_PLACEMENT_3D('',#14307,#12014,#12015);
#10094=AXIS2_PLACEMENT_3D('',#14309,#12016,#12017);
#10095=AXIS2_PLACEMENT_3D('',#14310,#12018,#12019);
#10096=AXIS2_PLACEMENT_3D('',#14311,#12020,#12021);
#10097=AXIS2_PLACEMENT_3D('',#14315,#12023,#12024);
#10098=AXIS2_PLACEMENT_3D('',#14317,#12026,#12027);
#10099=AXIS2_PLACEMENT_3D('',#14320,#12028,#12029);
#10100=AXIS2_PLACEMENT_3D('',#14322,#12030,#12031);
#10101=AXIS2_PLACEMENT_3D('',#14323,#12032,#12033);
#10102=AXIS2_PLACEMENT_3D('',#14324,#12034,#12035);
#10103=AXIS2_PLACEMENT_3D('',#14329,#12037,#12038);
#10104=AXIS2_PLACEMENT_3D('',#14332,#12040,#12041);
#10105=AXIS2_PLACEMENT_3D('',#14333,#12042,#12043);
#10106=AXIS2_PLACEMENT_3D('',#14336,#12044,#12045);
#10107=AXIS2_PLACEMENT_3D('',#14338,#12046,#12047);
#10108=AXIS2_PLACEMENT_3D('',#14339,#12048,#12049);
#10109=AXIS2_PLACEMENT_3D('',#14340,#12050,#12051);
#10110=AXIS2_PLACEMENT_3D('',#14345,#12053,#12054);
#10111=AXIS2_PLACEMENT_3D('',#14347,#12056,#12057);
#10112=AXIS2_PLACEMENT_3D('',#14348,#12058,#12059);
#10113=AXIS2_PLACEMENT_3D('',#14352,#12061,#12062);
#10114=AXIS2_PLACEMENT_3D('',#14354,#12064,#12065);
#10115=AXIS2_PLACEMENT_3D('',#14357,#12066,#12067);
#10116=AXIS2_PLACEMENT_3D('',#14359,#12068,#12069);
#10117=AXIS2_PLACEMENT_3D('',#14360,#12070,#12071);
#10118=AXIS2_PLACEMENT_3D('',#14361,#12072,#12073);
#10119=AXIS2_PLACEMENT_3D('',#14364,#12076,#12077);
#10120=AXIS2_PLACEMENT_3D('',#14368,#12079,#12080);
#10121=AXIS2_PLACEMENT_3D('',#14370,#12082,#12083);
#10122=AXIS2_PLACEMENT_3D('',#14373,#12084,#12085);
#10123=AXIS2_PLACEMENT_3D('',#14375,#12086,#12087);
#10124=AXIS2_PLACEMENT_3D('',#14376,#12088,#12089);
#10125=AXIS2_PLACEMENT_3D('',#14377,#12090,#12091);
#10126=AXIS2_PLACEMENT_3D('',#14381,#12094,#12095);
#10127=AXIS2_PLACEMENT_3D('',#14382,#12096,#12097);
#10128=AXIS2_PLACEMENT_3D('',#14386,#12099,#12100);
#10129=AXIS2_PLACEMENT_3D('',#14388,#12101,#12102);
#10130=AXIS2_PLACEMENT_3D('',#14390,#12104,#12105);
#10131=AXIS2_PLACEMENT_3D('',#14395,#12107,#12108);
#10132=AXIS2_PLACEMENT_3D('',#14398,#12110,#12111);
#10133=AXIS2_PLACEMENT_3D('',#14399,#12112,#12113);
#10134=AXIS2_PLACEMENT_3D('',#14403,#12115,#12116);
#10135=AXIS2_PLACEMENT_3D('',#14405,#12118,#12119);
#10136=AXIS2_PLACEMENT_3D('',#14409,#12121,#12122);
#10137=AXIS2_PLACEMENT_3D('',#14411,#12124,#12125);
#10138=AXIS2_PLACEMENT_3D('',#14414,#12126,#12127);
#10139=AXIS2_PLACEMENT_3D('',#14416,#12128,#12129);
#10140=AXIS2_PLACEMENT_3D('',#14417,#12130,#12131);
#10141=AXIS2_PLACEMENT_3D('',#14418,#12132,#12133);
#10142=AXIS2_PLACEMENT_3D('',#14421,#12134,#12135);
#10143=AXIS2_PLACEMENT_3D('',#14423,#12136,#12137);
#10144=AXIS2_PLACEMENT_3D('',#14424,#12138,#12139);
#10145=AXIS2_PLACEMENT_3D('',#14425,#12140,#12141);
#10146=AXIS2_PLACEMENT_3D('',#14430,#12143,#12144);
#10147=AXIS2_PLACEMENT_3D('',#14432,#12146,#12147);
#10148=AXIS2_PLACEMENT_3D('',#14433,#12148,#12149);
#10149=AXIS2_PLACEMENT_3D('',#14436,#12150,#12151);
#10150=AXIS2_PLACEMENT_3D('',#14438,#12152,#12153);
#10151=AXIS2_PLACEMENT_3D('',#14439,#12154,#12155);
#10152=AXIS2_PLACEMENT_3D('',#14440,#12156,#12157);
#10153=AXIS2_PLACEMENT_3D('',#14444,#12159,#12160);
#10154=AXIS2_PLACEMENT_3D('',#14446,#12162,#12163);
#10155=AXIS2_PLACEMENT_3D('',#14449,#12166,#12167);
#10156=AXIS2_PLACEMENT_3D('',#14452,#12170,#12171);
#10157=AXIS2_PLACEMENT_3D('',#14455,#12174,#12175);
#10158=AXIS2_PLACEMENT_3D('',#14458,#12176,#12177);
#10159=AXIS2_PLACEMENT_3D('',#14461,#12180,#12181);
#10160=AXIS2_PLACEMENT_3D('',#14464,#12182,#12183);
#10161=AXIS2_PLACEMENT_3D('',#14465,#12184,#12185);
#10162=AXIS2_PLACEMENT_3D('',#14466,#12186,#12187);
#10163=AXIS2_PLACEMENT_3D('',#14467,#12188,#12189);
#10164=AXIS2_PLACEMENT_3D('',#14472,#12192,#12193);
#10165=AXIS2_PLACEMENT_3D('',#14473,#12194,#12195);
#10166=AXIS2_PLACEMENT_3D('',#14477,#12198,#12199);
#10167=AXIS2_PLACEMENT_3D('',#14478,#12200,#12201);
#10168=AXIS2_PLACEMENT_3D('',#14482,#12204,#12205);
#10169=AXIS2_PLACEMENT_3D('',#14483,#12206,#12207);
#10170=AXIS2_PLACEMENT_3D('',#14502,#12210,#12211);
#10171=AXIS2_PLACEMENT_3D('',#14505,#12214,#12215);
#10172=AXIS2_PLACEMENT_3D('',#14507,#12216,#12217);
#10173=AXIS2_PLACEMENT_3D('',#14509,#12218,#12219);
#10174=AXIS2_PLACEMENT_3D('',#14524,#12220,#12221);
#10175=AXIS2_PLACEMENT_3D('',#14527,#12224,#12225);
#10176=AXIS2_PLACEMENT_3D('',#14532,#12227,#12228);
#10177=AXIS2_PLACEMENT_3D('',#14535,#12230,#12231);
#10178=AXIS2_PLACEMENT_3D('',#14536,#12232,#12233);
#10179=AXIS2_PLACEMENT_3D('',#14539,#12234,#12235);
#10180=AXIS2_PLACEMENT_3D('',#14540,#12236,#12237);
#10181=AXIS2_PLACEMENT_3D('',#14541,#12238,#12239);
#10182=AXIS2_PLACEMENT_3D('',#14542,#12240,#12241);
#10183=AXIS2_PLACEMENT_3D('',#14545,#12244,#12245);
#10184=AXIS2_PLACEMENT_3D('',#14548,#12246,#12247);
#10185=AXIS2_PLACEMENT_3D('',#14551,#12250,#12251);
#10186=AXIS2_PLACEMENT_3D('',#14554,#12254,#12255);
#10187=AXIS2_PLACEMENT_3D('',#14557,#12256,#12257);
#10188=AXIS2_PLACEMENT_3D('',#14560,#12260,#12261);
#10189=AXIS2_PLACEMENT_3D('',#14563,#12264,#12265);
#10190=AXIS2_PLACEMENT_3D('',#14569,#12268,#12269);
#10191=AXIS2_PLACEMENT_3D('',#14570,#12270,#12271);
#10192=AXIS2_PLACEMENT_3D('',#14571,#12272,#12273);
#10193=AXIS2_PLACEMENT_3D('',#14574,#12276,#12277);
#10194=AXIS2_PLACEMENT_3D('',#14577,#12280,#12281);
#10195=AXIS2_PLACEMENT_3D('',#14583,#12284,#12285);
#10196=AXIS2_PLACEMENT_3D('',#14584,#12286,#12287);
#10197=AXIS2_PLACEMENT_3D('',#14585,#12288,#12289);
#10198=AXIS2_PLACEMENT_3D('',#14588,#12292,#12293);
#10199=AXIS2_PLACEMENT_3D('',#14594,#12296,#12297);
#10200=AXIS2_PLACEMENT_3D('',#14595,#12298,#12299);
#10201=AXIS2_PLACEMENT_3D('',#14596,#12300,#12301);
#10202=AXIS2_PLACEMENT_3D('',#14601,#12304,#12305);
#10203=AXIS2_PLACEMENT_3D('',#14602,#12306,#12307);
#10204=AXIS2_PLACEMENT_3D('',#14605,#12310,#12311);
#10205=AXIS2_PLACEMENT_3D('',#14608,#12312,#12313);
#10206=AXIS2_PLACEMENT_3D('',#14609,#12314,#12315);
#10207=AXIS2_PLACEMENT_3D('',#14610,#12316,#12317);
#10208=AXIS2_PLACEMENT_3D('',#14611,#12318,#12319);
#10209=AXIS2_PLACEMENT_3D('',#14614,#12322,#12323);
#10210=AXIS2_PLACEMENT_3D('',#14618,#12325,#12326);
#10211=AXIS2_PLACEMENT_3D('',#14620,#12328,#12329);
#10212=AXIS2_PLACEMENT_3D('',#14623,#12330,#12331);
#10213=AXIS2_PLACEMENT_3D('',#14624,#12332,#12333);
#10214=AXIS2_PLACEMENT_3D('',#14625,#12334,#12335);
#10215=AXIS2_PLACEMENT_3D('',#14626,#12336,#12337);
#10216=AXIS2_PLACEMENT_3D('',#14629,#12340,#12341);
#10217=AXIS2_PLACEMENT_3D('',#14632,#12344,#12345);
#10218=AXIS2_PLACEMENT_3D('',#14638,#12348,#12349);
#10219=AXIS2_PLACEMENT_3D('',#14639,#12350,#12351);
#10220=AXIS2_PLACEMENT_3D('',#14640,#12352,#12353);
#10221=AXIS2_PLACEMENT_3D('',#14644,#12356,#12357);
#10222=AXIS2_PLACEMENT_3D('',#14645,#12358,#12359);
#10223=AXIS2_PLACEMENT_3D('',#14650,#12362,#12363);
#10224=AXIS2_PLACEMENT_3D('',#14651,#12364,#12365);
#10225=AXIS2_PLACEMENT_3D('',#14654,#12368,#12369);
#10226=AXIS2_PLACEMENT_3D('',#14659,#12372,#12373);
#10227=AXIS2_PLACEMENT_3D('',#14660,#12374,#12375);
#10228=AXIS2_PLACEMENT_3D('',#14664,#12378,#12379);
#10229=AXIS2_PLACEMENT_3D('',#14665,#12380,#12381);
#10230=AXIS2_PLACEMENT_3D('',#14671,#12384,#12385);
#10231=AXIS2_PLACEMENT_3D('',#14672,#12386,#12387);
#10232=AXIS2_PLACEMENT_3D('',#14673,#12388,#12389);
#10233=AXIS2_PLACEMENT_3D('',#14678,#12392,#12393);
#10234=AXIS2_PLACEMENT_3D('',#14679,#12394,#12395);
#10235=AXIS2_PLACEMENT_3D('',#14682,#12397,#12398);
#10236=AXIS2_PLACEMENT_3D('',#14684,#12400,#12401);
#10237=AXIS2_PLACEMENT_3D('',#14694,#12407,#12408);
#10238=AXIS2_PLACEMENT_3D('',#14698,#12411,#12412);
#10239=AXIS2_PLACEMENT_3D('',#14706,#12417,#12418);
#10240=AXIS2_PLACEMENT_3D('',#14710,#12421,#12422);
#10241=AXIS2_PLACEMENT_3D('',#14718,#12427,#12428);
#10242=AXIS2_PLACEMENT_3D('',#14722,#12431,#12432);
#10243=AXIS2_PLACEMENT_3D('',#14730,#12437,#12438);
#10244=AXIS2_PLACEMENT_3D('',#14734,#12441,#12442);
#10245=AXIS2_PLACEMENT_3D('',#14742,#12447,#12448);
#10246=AXIS2_PLACEMENT_3D('',#14744,#12450,#12451);
#10247=AXIS2_PLACEMENT_3D('',#14746,#12453,#12454);
#10248=AXIS2_PLACEMENT_3D('',#14752,#12458,#12459);
#10249=AXIS2_PLACEMENT_3D('',#14756,#12462,#12463);
#10250=AXIS2_PLACEMENT_3D('',#14760,#12466,#12467);
#10251=AXIS2_PLACEMENT_3D('',#14763,#12469,#12470);
#10252=AXIS2_PLACEMENT_3D('',#14764,#12471,#12472);
#10253=AXIS2_PLACEMENT_3D('',#14768,#12475,#12476);
#10254=AXIS2_PLACEMENT_3D('',#14772,#12479,#12480);
#10255=AXIS2_PLACEMENT_3D('',#14776,#12483,#12484);
#10256=AXIS2_PLACEMENT_3D('',#14780,#12487,#12488);
#10257=AXIS2_PLACEMENT_3D('',#14784,#12491,#12492);
#10258=AXIS2_PLACEMENT_3D('',#14788,#12495,#12496);
#10259=AXIS2_PLACEMENT_3D('',#14792,#12499,#12500);
#10260=AXIS2_PLACEMENT_3D('',#14795,#12502,#12503);
#10261=AXIS2_PLACEMENT_3D('',#14796,#12504,#12505);
#10262=AXIS2_PLACEMENT_3D('',#14800,#12508,#12509);
#10263=AXIS2_PLACEMENT_3D('',#14801,#12510,#12511);
#10264=AXIS2_PLACEMENT_3D('',#14802,#12512,#12513);
#10265=AXIS2_PLACEMENT_3D('',#14803,#12514,#12515);
#10266=AXIS2_PLACEMENT_3D('',#14804,#12516,#12517);
#10267=AXIS2_PLACEMENT_3D('',#14805,#12518,#12519);
#10268=AXIS2_PLACEMENT_3D('',#14809,#12521,#12522);
#10269=AXIS2_PLACEMENT_3D('',#14811,#12524,#12525);
#10270=AXIS2_PLACEMENT_3D('',#14820,#12529,#12530);
#10271=AXIS2_PLACEMENT_3D('',#14824,#12532,#12533);
#10272=AXIS2_PLACEMENT_3D('',#14838,#12541,#12542);
#10273=AXIS2_PLACEMENT_3D('',#14842,#12545,#12546);
#10274=AXIS2_PLACEMENT_3D('',#14858,#12556,#12557);
#10275=AXIS2_PLACEMENT_3D('',#14860,#12559,#12560);
#10276=AXIS2_PLACEMENT_3D('',#14866,#12564,#12565);
#10277=AXIS2_PLACEMENT_3D('',#14869,#12568,#12569);
#10278=AXIS2_PLACEMENT_3D('',#14904,#12588,#12589);
#10279=AXIS2_PLACEMENT_3D('',#14910,#12593,#12594);
#10280=AXIS2_PLACEMENT_3D('',#14914,#12597,#12598);
#10281=AXIS2_PLACEMENT_3D('',#14918,#12601,#12602);
#10282=AXIS2_PLACEMENT_3D('',#14920,#12604,#12605);
#10283=AXIS2_PLACEMENT_3D('',#14921,#12606,#12607);
#10284=AXIS2_PLACEMENT_3D('',#14924,#12610,#12611);
#10285=AXIS2_PLACEMENT_3D('',#14930,#12615,#12616);
#10286=AXIS2_PLACEMENT_3D('',#14932,#12618,#12619);
#10287=AXIS2_PLACEMENT_3D('',#14934,#12621,#12622);
#10288=AXIS2_PLACEMENT_3D('',#14940,#12626,#12627);
#10289=AXIS2_PLACEMENT_3D('',#14944,#12630,#12631);
#10290=AXIS2_PLACEMENT_3D('',#14948,#12634,#12635);
#10291=AXIS2_PLACEMENT_3D('',#14950,#12637,#12638);
#10292=AXIS2_PLACEMENT_3D('',#14951,#12639,#12640);
#10293=AXIS2_PLACEMENT_3D('',#14957,#12644,#12645);
#10294=AXIS2_PLACEMENT_3D('',#14961,#12648,#12649);
#10295=AXIS2_PLACEMENT_3D('',#14965,#12652,#12653);
#10296=AXIS2_PLACEMENT_3D('',#14967,#12655,#12656);
#10297=AXIS2_PLACEMENT_3D('',#14973,#12660,#12661);
#10298=AXIS2_PLACEMENT_3D('',#14979,#12665,#12666);
#10299=AXIS2_PLACEMENT_3D('',#14983,#12670,#12671);
#10300=AXIS2_PLACEMENT_3D('',#14984,#12672,#12673);
#10301=AXIS2_PLACEMENT_3D('',#14986,#12675,#12676);
#10302=AXIS2_PLACEMENT_3D('',#14988,#12678,#12679);
#10303=AXIS2_PLACEMENT_3D('',#14990,#12681,#12682);
#10304=AXIS2_PLACEMENT_3D('',#14992,#12684,#12685);
#10305=AXIS2_PLACEMENT_3D('',#14994,#12687,#12688);
#10306=AXIS2_PLACEMENT_3D('',#14995,#12689,#12690);
#10307=AXIS2_PLACEMENT_3D('',#14996,#12691,#12692);
#10308=AXIS2_PLACEMENT_3D('',#14998,#12694,#12695);
#10309=AXIS2_PLACEMENT_3D('',#14999,#12696,#12697);
#10310=AXIS2_PLACEMENT_3D('',#15000,#12698,#12699);
#10311=AXIS2_PLACEMENT_3D('',#15003,#12702,#12703);
#10312=AXIS2_PLACEMENT_3D('',#15013,#12709,#12710);
#10313=AXIS2_PLACEMENT_3D('',#15016,#12713,#12714);
#10314=AXIS2_PLACEMENT_3D('',#15018,#12716,#12717);
#10315=AXIS2_PLACEMENT_3D('',#15020,#12719,#12720);
#10316=AXIS2_PLACEMENT_3D('',#15021,#12721,#12722);
#10317=AXIS2_PLACEMENT_3D('',#15023,#12724,#12725);
#10318=AXIS2_PLACEMENT_3D('',#15024,#12726,#12727);
#10319=AXIS2_PLACEMENT_3D('',#15025,#12728,#12729);
#10320=AXIS2_PLACEMENT_3D('',#15026,#12730,#12731);
#10321=AXIS2_PLACEMENT_3D('',#15028,#12733,#12734);
#10322=AXIS2_PLACEMENT_3D('',#15030,#12736,#12737);
#10323=AXIS2_PLACEMENT_3D('',#15032,#12739,#12740);
#10324=AXIS2_PLACEMENT_3D('placement',#15033,#12741,#12742);
#10325=AXIS2_PLACEMENT_3D('',#15034,#12743,#12744);
#10326=AXIS2_PLACEMENT_3D('',#15043,#12749,#12750);
#10327=AXIS2_PLACEMENT_3D('',#15049,#12754,#12755);
#10328=AXIS2_PLACEMENT_3D('',#15052,#12758,#12759);
#10329=AXIS2_PLACEMENT_3D('',#15053,#12760,#12761);
#10330=AXIS2_PLACEMENT_3D('placement',#15054,#12762,#12763);
#10331=AXIS2_PLACEMENT_3D('',#15115,#12768,#12769);
#10332=AXIS2_PLACEMENT_3D('',#15121,#12773,#12774);
#10333=AXIS2_PLACEMENT_3D('',#15241,#12784,#12785);
#10334=AXIS2_PLACEMENT_3D('',#15247,#12789,#12790);
#10335=AXIS2_PLACEMENT_3D('',#15345,#12798,#12799);
#10336=AXIS2_PLACEMENT_3D('',#15346,#12800,#12801);
#10337=AXIS2_PLACEMENT_3D('',#15359,#12803,#12804);
#10338=AXIS2_PLACEMENT_3D('',#15362,#12806,#12807);
#10339=AXIS2_PLACEMENT_3D('',#15401,#12810,#12811);
#10340=AXIS2_PLACEMENT_3D('',#15407,#12815,#12816);
#10341=AXIS2_PLACEMENT_3D('',#15745,#12837,#12838);
#10342=AXIS2_PLACEMENT_3D('',#15748,#12840,#12841);
#10343=AXIS2_PLACEMENT_3D('',#15825,#12846,#12847);
#10344=AXIS2_PLACEMENT_3D('',#15831,#12851,#12852);
#10345=AXIS2_PLACEMENT_3D('',#16017,#12865,#12866);
#10346=AXIS2_PLACEMENT_3D('',#16020,#12868,#12869);
#10347=AXIS2_PLACEMENT_3D('',#16113,#12874,#12875);
#10348=AXIS2_PLACEMENT_3D('',#16114,#12876,#12877);
#10349=AXIS2_PLACEMENT_3D('',#16175,#12882,#12883);
#10350=AXIS2_PLACEMENT_3D('',#16181,#12887,#12888);
#10351=AXIS2_PLACEMENT_3D('',#16206,#12893,#12894);
#10352=AXIS2_PLACEMENT_3D('',#16212,#12898,#12899);
#10353=AXIS2_PLACEMENT_3D('',#16294,#12907,#12908);
#10354=AXIS2_PLACEMENT_3D('',#16300,#12912,#12913);
#10355=AXIS2_PLACEMENT_3D('',#16306,#12917,#12918);
#10356=AXIS2_PLACEMENT_3D('',#16328,#12922,#12923);
#10357=AXIS2_PLACEMENT_3D('',#16329,#12924,#12925);
#10358=AXIS2_PLACEMENT_3D('',#16330,#12926,#12927);
#10359=AXIS2_PLACEMENT_3D('',#16331,#12928,#12929);
#10360=AXIS2_PLACEMENT_3D('',#16332,#12930,#12931);
#10361=AXIS2_PLACEMENT_3D('',#16333,#12932,#12933);
#10362=DIRECTION('axis',(0.,0.,1.));
#10363=DIRECTION('refdir',(1.,0.,0.));
#10364=DIRECTION('axis',(0.,0.,1.));
#10365=DIRECTION('refdir',(1.,0.,0.));
#10366=DIRECTION('center_axis',(0.,0.,1.));
#10367=DIRECTION('ref_axis',(1.,0.,0.));
#10368=DIRECTION('center_axis',(-0.577350269189416,0.577350269189722,0.577350269189739));
#10369=DIRECTION('ref_axis',(0.,0.707106781186558,-0.707106781186537));
#10370=DIRECTION('center_axis',(1.,0.,-2.15887713068999E-13));
#10371=DIRECTION('ref_axis',(0.,1.,0.));
#10372=DIRECTION('center_axis',(-2.42861286636731E-13,2.42861286636726E-13,
-1.));
#10373=DIRECTION('ref_axis',(0.707106781186541,0.707106781186554,0.));
#10374=DIRECTION('center_axis',(0.,0.,1.));
#10375=DIRECTION('ref_axis',(1.,0.,0.));
#10376=DIRECTION('center_axis',(-0.577350269189637,0.577350269189637,-0.577350269189603));
#10377=DIRECTION('ref_axis',(0.707106781186547,0.707106781186547,0.));
#10378=DIRECTION('center_axis',(5.88784672006406E-14,0.,1.));
#10379=DIRECTION('ref_axis',(0.,1.,0.));
#10380=DIRECTION('center_axis',(1.,0.,0.));
#10381=DIRECTION('ref_axis',(0.,0.707106781186554,0.707106781186541));
#10382=DIRECTION('center_axis',(0.,0.,-1.));
#10383=DIRECTION('ref_axis',(0.382683432365075,0.923879532511293,0.));
#10384=DIRECTION('',(0.,0.,1.));
#10385=DIRECTION('',(0.,0.,-1.));
#10386=DIRECTION('center_axis',(0.,0.,1.));
#10387=DIRECTION('ref_axis',(1.,0.,0.));
#10388=DIRECTION('center_axis',(1.17756934401277E-13,0.,-1.));
#10389=DIRECTION('ref_axis',(0.,-1.,0.));
#10390=DIRECTION('center_axis',(1.,-1.38777878078137E-13,1.38777878078139E-13));
#10391=DIRECTION('ref_axis',(0.,-0.707106781186554,-0.707106781186541));
#10392=DIRECTION('center_axis',(-0.577350269189698,-0.577350269189698,0.577350269189482));
#10393=DIRECTION('ref_axis',(0.707106781186548,-0.707106781186548,0.));
#10394=DIRECTION('center_axis',(0.,0.,1.));
#10395=DIRECTION('ref_axis',(1.,0.,0.));
#10396=DIRECTION('center_axis',(-1.,8.32667268468867E-14,8.32667268468818E-14));
#10397=DIRECTION('ref_axis',(0.,0.707106781186527,-0.707106781186568));
#10398=DIRECTION('center_axis',(0.577350269189615,0.577350269189615,0.577350269189648));
#10399=DIRECTION('ref_axis',(-0.707106781186547,0.707106781186547,0.));
#10400=DIRECTION('center_axis',(1.47196168001587E-13,0.,-1.));
#10401=DIRECTION('ref_axis',(0.,1.,0.));
#10402=DIRECTION('center_axis',(0.357406744336574,-0.862856209461017,-0.357406744336613));
#10403=DIRECTION('ref_axis',(0.610131476898762,0.505449465124443,-0.610131476898832));
#10404=DIRECTION('center_axis',(0.,1.,0.));
#10405=DIRECTION('ref_axis',(0.,0.,-1.));
#10406=DIRECTION('center_axis',(-1.,4.16333634234448E-14,4.16333634234436E-14));
#10407=DIRECTION('ref_axis',(0.,0.707106781186537,-0.707106781186558));
#10408=DIRECTION('center_axis',(0.577350269189613,-0.577350269189613,-0.577350269189652));
#10409=DIRECTION('ref_axis',(0.707106781186547,0.707106781186547,0.));
#10410=DIRECTION('center_axis',(0.,1.17756934401279E-13,1.));
#10411=DIRECTION('ref_axis',(1.,0.,0.));
#10412=DIRECTION('center_axis',(0.,0.,1.));
#10413=DIRECTION('ref_axis',(1.,0.,0.));
#10414=DIRECTION('center_axis',(-0.577350269189716,-0.57735026918958,-0.57735026918958));
#10415=DIRECTION('ref_axis',(0.,-0.707106781186547,0.707106781186547));
#10416=DIRECTION('center_axis',(1.,0.,-1.17756934401281E-13));
#10417=DIRECTION('ref_axis',(0.,-1.,0.));
#10418=DIRECTION('center_axis',(8.3266726846885E-14,8.32667268468867E-14,
1.));
#10419=DIRECTION('ref_axis',(0.707106781186554,-0.707106781186541,0.));
#10420=DIRECTION('center_axis',(0.,0.,1.));
#10421=DIRECTION('ref_axis',(1.,0.,0.));
#10422=DIRECTION('center_axis',(-1.6653345369376E-13,-1.66533453693773E-13,
1.));
#10423=DIRECTION('ref_axis',(-0.707106781186575,0.70710678118652,0.));
#10424=DIRECTION('center_axis',(0.577350269189841,0.577350269189524,-0.577350269189512));
#10425=DIRECTION('ref_axis',(0.,0.707106781186541,0.707106781186554));
#10426=DIRECTION('center_axis',(-1.,0.,-3.1401849173675E-13));
#10427=DIRECTION('ref_axis',(0.,1.,0.));
#10428=DIRECTION('center_axis',(0.46984770017554,0.389234579325136,-0.792300183577753));
#10429=DIRECTION('ref_axis',(0.610131476898756,0.505449465124554,0.610131476898745));
#10430=DIRECTION('center_axis',(1.,7.85046229341859E-14,0.));
#10431=DIRECTION('ref_axis',(0.,0.,1.));
#10432=DIRECTION('center_axis',(0.,-1.,2.22044604925031E-13));
#10433=DIRECTION('ref_axis',(1.,0.,0.));
#10434=DIRECTION('center_axis',(2.77555756156285E-14,-2.77555756156296E-14,
1.));
#10435=DIRECTION('ref_axis',(0.707106781186561,0.707106781186534,0.));
#10436=DIRECTION('center_axis',(-0.577350269189479,0.577350269189705,-0.577350269189694));
#10437=DIRECTION('ref_axis',(0.,0.707106781186541,0.707106781186554));
#10438=DIRECTION('center_axis',(0.,0.,1.));
#10439=DIRECTION('ref_axis',(1.,0.,0.));
#10440=DIRECTION('center_axis',(-6.93889390390711E-15,6.93889390390684E-15,
-1.));
#10441=DIRECTION('ref_axis',(-0.707106781186534,-0.707106781186561,0.));
#10442=DIRECTION('center_axis',(0.577350269189615,-0.577350269189643,0.57735026918962));
#10443=DIRECTION('ref_axis',(0.,-0.707106781186534,-0.707106781186561));
#10444=DIRECTION('center_axis',(-1.,0.,-3.92523114670937E-14));
#10445=DIRECTION('ref_axis',(0.,-1.,0.));
#10446=DIRECTION('center_axis',(-0.469847700175668,0.389234579325052,-0.792300183577718));
#10447=DIRECTION('ref_axis',(0.610131476898856,-0.50544946512435,-0.610131476898815));
#10448=DIRECTION('center_axis',(0.577350269189594,0.577350269189631,-0.577350269189653));
#10449=DIRECTION('ref_axis',(0.,-0.707106781186561,-0.707106781186534));
#10450=DIRECTION('center_axis',(-1.,-1.17756934401279E-13,0.));
#10451=DIRECTION('ref_axis',(0.,0.,-1.));
#10452=DIRECTION('center_axis',(0.,-1.,1.11022302462516E-13));
#10453=DIRECTION('ref_axis',(1.,0.,0.));
#10454=DIRECTION('center_axis',(-6.24500451351659E-14,-6.24500451351646E-14,
1.));
#10455=DIRECTION('ref_axis',(0.707106781186541,-0.707106781186554,0.));
#10456=DIRECTION('center_axis',(0.469847700175593,-0.389234579325027,-0.792300183577775));
#10457=DIRECTION('ref_axis',(-0.610131476898865,0.505449465124445,-0.610131476898727));
#10458=DIRECTION('center_axis',(0.,1.,0.));
#10459=DIRECTION('ref_axis',(-1.,0.,0.));
#10460=DIRECTION('center_axis',(6.93889390390684E-14,6.93889390390711E-14,
1.));
#10461=DIRECTION('ref_axis',(-0.707106781186561,0.707106781186534,0.));
#10462=DIRECTION('center_axis',(-0.577350269189624,-0.577350269189615,-0.577350269189638));
#10463=DIRECTION('ref_axis',(0.,0.707106781186561,-0.707106781186534));
#10464=DIRECTION('center_axis',(1.,0.,0.));
#10465=DIRECTION('ref_axis',(0.,0.,-1.));
#10466=DIRECTION('center_axis',(-0.357406744336563,-0.862856209461042,-0.357406744336563));
#10467=DIRECTION('ref_axis',(0.610131476898827,-0.505449465124371,0.610131476898827));
#10468=DIRECTION('center_axis',(1.11022302462516E-13,-1.,0.));
#10469=DIRECTION('ref_axis',(0.,0.,1.));
#10470=DIRECTION('center_axis',(-1.,0.,0.));
#10471=DIRECTION('ref_axis',(0.,-0.707106781186547,0.707106781186547));
#10472=DIRECTION('center_axis',(0.57735026918958,0.57735026918958,0.577350269189716));
#10473=DIRECTION('ref_axis',(0.707106781186547,-0.707106781186547,0.));
#10474=DIRECTION('center_axis',(0.,-7.85046229341798E-14,-1.));
#10475=DIRECTION('ref_axis',(1.,0.,0.));
#10476=DIRECTION('center_axis',(0.,0.,1.));
#10477=DIRECTION('ref_axis',(1.,0.,0.));
#10478=DIRECTION('center_axis',(0.577350269189626,-0.577350269189626,-0.577350269189626));
#10479=DIRECTION('ref_axis',(-0.707106781186547,-0.707106781186547,0.));
#10480=DIRECTION('center_axis',(-3.92523114670945E-14,0.,1.));
#10481=DIRECTION('ref_axis',(0.,-1.,0.));
#10482=DIRECTION('center_axis',(-1.,2.77555756156273E-14,2.77555756156279E-14));
#10483=DIRECTION('ref_axis',(0.,-0.707106781186554,0.707106781186541));
#10484=DIRECTION('center_axis',(0.,0.,-1.));
#10485=DIRECTION('ref_axis',(-0.382683432365075,-0.923879532511293,0.));
#10486=DIRECTION('',(0.,0.,1.));
#10487=DIRECTION('',(0.,0.,-1.));
#10488=DIRECTION('center_axis',(-1.,0.,1.6940658945086E-16));
#10489=DIRECTION('ref_axis',(0.,-0.923879532511298,0.382683432365062));
#10490=DIRECTION('',(1.,0.,-1.6940658945086E-16));
#10491=DIRECTION('',(-1.,0.,1.6940658945086E-16));
#10492=DIRECTION('center_axis',(-0.357406744336448,-0.862856209461123,0.357406744336482));
#10493=DIRECTION('ref_axis',(-0.610131476898841,0.505449465124284,0.610131476898885));
#10494=DIRECTION('center_axis',(0.,-5.88784672006395E-14,1.));
#10495=DIRECTION('ref_axis',(-1.,0.,0.));
#10496=DIRECTION('center_axis',(2.22044604925031E-13,-1.,0.));
#10497=DIRECTION('ref_axis',(0.,0.,1.));
#10498=DIRECTION('center_axis',(-1.,8.3266726846882E-14,-8.3266726846882E-14));
#10499=DIRECTION('ref_axis',(0.,0.707106781186547,0.707106781186547));
#10500=DIRECTION('center_axis',(0.57735026918955,0.57735026918955,-0.577350269189777));
#10501=DIRECTION('ref_axis',(-0.707106781186547,0.707106781186547,0.));
#10502=DIRECTION('center_axis',(0.46984770017557,0.389234579325134,-0.792300183577736));
#10503=DIRECTION('ref_axis',(-0.610131476898793,-0.505449465124477,-0.610131476898773));
#10504=DIRECTION('center_axis',(-0.577350269189573,0.577350269189596,-0.577350269189709));
#10505=DIRECTION('ref_axis',(-0.707106781186561,-0.707106781186534,0.));
#10506=DIRECTION('center_axis',(0.,-9.81307786677247E-14,1.));
#10507=DIRECTION('ref_axis',(-1.,0.,0.));
#10508=DIRECTION('center_axis',(-1.11022302462516E-13,-1.,0.));
#10509=DIRECTION('ref_axis',(0.,0.,-1.));
#10510=DIRECTION('center_axis',(1.,-2.77555756156289E-14,2.77555756156291E-14));
#10511=DIRECTION('ref_axis',(0.,-0.707106781186549,-0.707106781186546));
#10512=DIRECTION('center_axis',(-0.469847700175542,-0.389234579325092,-0.792300183577773));
#10513=DIRECTION('ref_axis',(-0.61013147689881,-0.505449465124506,0.610131476898732));
#10514=DIRECTION('center_axis',(0.,-1.,-1.11022302462514E-13));
#10515=DIRECTION('ref_axis',(-1.,0.,0.));
#10516=DIRECTION('center_axis',(5.55111512312578E-14,-5.55111512312578E-14,
-1.));
#10517=DIRECTION('ref_axis',(-0.707106781186548,-0.707106781186548,0.));
#10518=DIRECTION('center_axis',(-0.577350269189535,0.577350269189671,0.577350269189671));
#10519=DIRECTION('ref_axis',(0.,-0.707106781186547,0.707106781186547));
#10520=DIRECTION('center_axis',(1.,0.,0.));
#10521=DIRECTION('ref_axis',(0.,0.,1.));
#10522=DIRECTION('center_axis',(0.,0.,-1.));
#10523=DIRECTION('ref_axis',(-0.923879532511288,-0.382683432365086,0.));
#10524=DIRECTION('',(0.,0.,1.));
#10525=DIRECTION('',(0.,0.,-1.));
#10526=DIRECTION('center_axis',(0.577350269189626,-0.577350269189625,-0.577350269189626));
#10527=DIRECTION('ref_axis',(-0.408248290463863,-0.816496580927726,0.408248290463863));
#10528=DIRECTION('',(-0.577350269189626,0.577350269189625,0.577350269189626));
#10529=DIRECTION('',(0.577350269189626,-0.577350269189625,-0.577350269189626));
#10530=DIRECTION('center_axis',(-1.,0.,1.6940658945086E-16));
#10531=DIRECTION('ref_axis',(0.,-0.382683432365096,0.923879532511284));
#10532=DIRECTION('',(1.,0.,-1.6940658945086E-16));
#10533=DIRECTION('',(-1.,0.,1.6940658945086E-16));
#10534=DIRECTION('center_axis',(0.,-1.,0.));
#10535=DIRECTION('ref_axis',(-0.707106781186548,0.,0.707106781186548));
#10536=DIRECTION('',(0.,1.,0.));
#10537=DIRECTION('',(0.,-1.,0.));
#10538=DIRECTION('center_axis',(0.,1.,0.));
#10539=DIRECTION('ref_axis',(-0.70710678118655,0.,-0.707106781186545));
#10540=DIRECTION('',(0.,-1.,0.));
#10541=DIRECTION('',(0.,1.,0.));
#10542=DIRECTION('center_axis',(1.,0.,-8.470329472543E-17));
#10543=DIRECTION('ref_axis',(0.,-0.382683432365099,-0.923879532511283));
#10544=DIRECTION('',(-1.,0.,8.470329472543E-17));
#10545=DIRECTION('',(1.,0.,-8.470329472543E-17));
#10546=DIRECTION('center_axis',(-0.577350269189626,0.577350269189625,-0.577350269189626));
#10547=DIRECTION('ref_axis',(-0.408248290463862,-0.816496580927723,-0.40824829046387));
#10548=DIRECTION('',(0.577350269189626,-0.577350269189625,0.577350269189626));
#10549=DIRECTION('',(-0.577350269189626,0.577350269189625,-0.577350269189626));
#10550=DIRECTION('center_axis',(1.,0.,-1.6940658945086E-16));
#10551=DIRECTION('ref_axis',(0.,0.382683432365086,0.923879532511288));
#10552=DIRECTION('',(-1.,0.,1.6940658945086E-16));
#10553=DIRECTION('',(1.,0.,-1.6940658945086E-16));
#10554=DIRECTION('center_axis',(0.577350269189625,0.577350269189628,-0.577350269189625));
#10555=DIRECTION('ref_axis',(-0.408248290463863,0.816496580927726,0.408248290463863));
#10556=DIRECTION('',(-0.577350269189625,-0.577350269189628,0.577350269189625));
#10557=DIRECTION('',(0.577350269189625,0.577350269189628,-0.577350269189625));
#10558=DIRECTION('center_axis',(0.,0.,1.));
#10559=DIRECTION('ref_axis',(-0.923879532511293,0.382683432365075,0.));
#10560=DIRECTION('',(0.,0.,-1.));
#10561=DIRECTION('',(0.,0.,1.));
#10562=DIRECTION('center_axis',(-0.577350269189626,-0.577350269189625,-0.577350269189626));
#10563=DIRECTION('ref_axis',(0.408248290463863,-0.816496580927726,0.408248290463863));
#10564=DIRECTION('',(0.577350269189626,0.577350269189625,0.577350269189626));
#10565=DIRECTION('',(-0.577350269189626,-0.577350269189625,-0.577350269189626));
#10566=DIRECTION('center_axis',(0.,0.,1.));
#10567=DIRECTION('ref_axis',(0.923879532511286,-0.382683432365091,0.));
#10568=DIRECTION('',(0.,0.,-1.));
#10569=DIRECTION('',(0.,0.,1.));
#10570=DIRECTION('center_axis',(0.,-1.,0.));
#10571=DIRECTION('ref_axis',(0.707106781186548,0.,0.707106781186548));
#10572=DIRECTION('',(0.,1.,0.));
#10573=DIRECTION('',(0.,-1.,0.));
#10574=DIRECTION('center_axis',(0.577350269189625,0.577350269189628,0.577350269189625));
#10575=DIRECTION('ref_axis',(-0.408248290463864,0.816496580927729,-0.408248290463856));
#10576=DIRECTION('',(-0.577350269189625,-0.577350269189628,-0.577350269189625));
#10577=DIRECTION('',(0.577350269189625,0.577350269189628,0.577350269189625));
#10578=DIRECTION('center_axis',(-1.,-4.23516473627153E-17,8.470329472543E-17));
#10579=DIRECTION('ref_axis',(0.,0.382683432365094,-0.923879532511285));
#10580=DIRECTION('',(1.,4.23516473627153E-17,-8.470329472543E-17));
#10581=DIRECTION('',(-1.,-4.23516473627153E-17,8.470329472543E-17));
#10582=DIRECTION('center_axis',(0.,1.,0.));
#10583=DIRECTION('ref_axis',(0.707106781186548,0.,-0.707106781186548));
#10584=DIRECTION('',(0.,-1.,0.));
#10585=DIRECTION('',(0.,1.,0.));
#10586=DIRECTION('center_axis',(0.577350269189626,0.577350269189625,-0.577350269189626));
#10587=DIRECTION('ref_axis',(0.408248290463874,-0.816496580927715,-0.408248290463874));
#10588=DIRECTION('',(-0.577350269189626,-0.577350269189625,0.577350269189626));
#10589=DIRECTION('',(0.577350269189626,0.577350269189625,-0.577350269189626));
#10590=DIRECTION('center_axis',(1.,0.,-8.470329472543E-17));
#10591=DIRECTION('ref_axis',(0.,-0.923879532511296,-0.382683432365069));
#10592=DIRECTION('',(-1.,0.,8.470329472543E-17));
#10593=DIRECTION('',(1.,0.,-8.470329472543E-17));
#10594=DIRECTION('center_axis',(0.,0.,-1.));
#10595=DIRECTION('ref_axis',(0.923879532511288,0.382683432365086,0.));
#10596=DIRECTION('',(0.,0.,1.));
#10597=DIRECTION('',(0.,0.,-1.));
#10598=DIRECTION('center_axis',(0.577350269189625,-0.577350269189628,0.577350269189624));
#10599=DIRECTION('ref_axis',(0.408248290463863,0.816496580927726,0.408248290463863));
#10600=DIRECTION('',(-0.577350269189625,0.577350269189628,-0.577350269189624));
#10601=DIRECTION('',(0.577350269189625,-0.577350269189628,0.577350269189625));
#10602=DIRECTION('center_axis',(1.,0.,-1.6940658945086E-16));
#10603=DIRECTION('ref_axis',(0.,0.923879532511298,0.382683432365062));
#10604=DIRECTION('',(-1.,0.,1.6940658945086E-16));
#10605=DIRECTION('',(1.,0.,-1.6940658945086E-16));
#10606=DIRECTION('center_axis',(0.,0.,-1.));
#10607=DIRECTION('ref_axis',(-0.382683432365143,0.923879532511265,0.));
#10608=DIRECTION('',(0.,0.,1.));
#10609=DIRECTION('',(0.,0.,-1.));
#10610=DIRECTION('center_axis',(0.,0.,-1.));
#10611=DIRECTION('ref_axis',(0.382683432365096,-0.923879532511284,0.));
#10612=DIRECTION('',(0.,0.,1.));
#10613=DIRECTION('',(0.,0.,-1.));
#10614=DIRECTION('center_axis',(0.577350269189625,-0.577350269189628,-0.577350269189625));
#10615=DIRECTION('ref_axis',(0.408248290463864,0.816496580927729,-0.408248290463856));
#10616=DIRECTION('',(-0.577350269189625,0.577350269189628,0.577350269189625));
#10617=DIRECTION('',(0.577350269189625,-0.577350269189628,-0.577350269189625));
#10618=DIRECTION('center_axis',(1.,0.,-1.27054942088145E-16));
#10619=DIRECTION('ref_axis',(0.,0.923879532511267,-0.382683432365137));
#10620=DIRECTION('',(-1.,8.71576399210522E-33,1.27054942088145E-16));
#10621=DIRECTION('',(1.,0.,-1.27054942088145E-16));
#10622=DIRECTION('center_axis',(0.,1.,0.));
#10623=DIRECTION('ref_axis',(0.,0.,1.));
#10624=DIRECTION('center_axis',(0.,1.,0.));
#10625=DIRECTION('ref_axis',(0.,0.,1.));
#10626=DIRECTION('center_axis',(-1.19788548178388E-16,0.707106781186548,
-0.707106781186547));
#10627=DIRECTION('ref_axis',(0.,0.707106781186547,0.707106781186548));
#10628=DIRECTION('center_axis',(1.,0.,0.));
#10629=DIRECTION('ref_axis',(0.,0.,-1.));
#10630=DIRECTION('center_axis',(0.707106781186547,0.707106781186549,0.));
#10631=DIRECTION('ref_axis',(-0.707106781186549,0.707106781186547,0.));
#10632=DIRECTION('center_axis',(-1.6940658945086E-16,0.,-1.));
#10633=DIRECTION('ref_axis',(-1.,0.,1.6940658945086E-16));
#10634=DIRECTION('center_axis',(8.470329472543E-17,0.,1.));
#10635=DIRECTION('ref_axis',(1.,0.,-8.470329472543E-17));
#10636=DIRECTION('center_axis',(5.98942740891942E-17,0.707106781186548,
0.707106781186547));
#10637=DIRECTION('ref_axis',(0.,-0.707106781186547,0.707106781186548));
#10638=DIRECTION('center_axis',(1.19788548178389E-16,0.707106781186545,
0.70710678118655));
#10639=DIRECTION('ref_axis',(0.,-0.70710678118655,0.707106781186545));
#10640=DIRECTION('center_axis',(-0.70710678118655,0.707106781186545,0.));
#10641=DIRECTION('ref_axis',(-0.707106781186545,-0.70710678118655,0.));
#10642=DIRECTION('center_axis',(-0.707106781186547,0.707106781186549,0.));
#10643=DIRECTION('ref_axis',(-0.707106781186549,-0.707106781186547,0.));
#10644=DIRECTION('center_axis',(-1.,0.,0.));
#10645=DIRECTION('ref_axis',(0.,0.,1.));
#10646=DIRECTION('center_axis',(-8.98414111337918E-17,0.707106781186545,
-0.70710678118655));
#10647=DIRECTION('ref_axis',(0.,0.70710678118655,0.707106781186545));
#10648=DIRECTION('center_axis',(0.70710678118655,0.707106781186545,0.));
#10649=DIRECTION('ref_axis',(-0.707106781186545,0.70710678118655,0.));
#10650=DIRECTION('center_axis',(0.,0.,1.));
#10651=DIRECTION('ref_axis',(1.,0.,0.));
#10652=DIRECTION('center_axis',(-0.577350269189409,0.577350269189726,0.577350269189743));
#10653=DIRECTION('ref_axis',(0.,0.707106781186558,-0.707106781186537));
#10654=DIRECTION('center_axis',(1.,0.,-2.35513868802544E-13));
#10655=DIRECTION('ref_axis',(0.,1.,0.));
#10656=DIRECTION('center_axis',(-2.42861286636726E-13,2.42861286636726E-13,
-1.));
#10657=DIRECTION('ref_axis',(0.707106781186547,0.707106781186547,0.));
#10658=DIRECTION('center_axis',(0.,0.,1.));
#10659=DIRECTION('ref_axis',(1.,0.,0.));
#10660=DIRECTION('center_axis',(-0.57735026918963,0.57735026918963,-0.577350269189618));
#10661=DIRECTION('ref_axis',(0.707106781186547,0.707106781186547,0.));
#10662=DIRECTION('center_axis',(5.88784672006395E-14,0.,1.));
#10663=DIRECTION('ref_axis',(0.,1.,0.));
#10664=DIRECTION('center_axis',(1.,0.,0.));
#10665=DIRECTION('ref_axis',(0.,0.707106781186554,0.707106781186541));
#10666=DIRECTION('center_axis',(0.,0.,-1.));
#10667=DIRECTION('ref_axis',(0.382683432365075,0.923879532511293,0.));
#10668=DIRECTION('',(0.,0.,1.));
#10669=DIRECTION('',(0.,0.,-1.));
#10670=DIRECTION('center_axis',(0.,0.,1.));
#10671=DIRECTION('ref_axis',(1.,0.,0.));
#10672=DIRECTION('center_axis',(3.9252311467093E-14,0.,-1.));
#10673=DIRECTION('ref_axis',(0.,-1.,0.));
#10674=DIRECTION('center_axis',(1.,-8.3266726846882E-14,8.32667268468837E-14));
#10675=DIRECTION('ref_axis',(0.,-0.707106781186554,-0.707106781186541));
#10676=DIRECTION('center_axis',(-0.577350269189677,-0.577350269189654,0.577350269189546));
#10677=DIRECTION('ref_axis',(0.707106781186534,-0.707106781186561,0.));
#10678=DIRECTION('center_axis',(0.,0.,1.));
#10679=DIRECTION('ref_axis',(1.,0.,0.));
#10680=DIRECTION('center_axis',(-1.,6.93889390390722E-14,6.93889390390681E-14));
#10681=DIRECTION('ref_axis',(0.,0.707106781186527,-0.707106781186568));
#10682=DIRECTION('center_axis',(0.577350269189616,0.577350269189605,0.577350269189656));
#10683=DIRECTION('ref_axis',(-0.707106781186541,0.707106781186554,0.));
#10684=DIRECTION('center_axis',(1.4719616800159E-13,0.,-1.));
#10685=DIRECTION('ref_axis',(0.,1.,0.));
#10686=DIRECTION('center_axis',(0.357406744336576,-0.86285620946102,-0.357406744336603));
#10687=DIRECTION('ref_axis',(0.610131476898774,0.505449465124443,-0.610131476898821));
#10688=DIRECTION('center_axis',(0.,1.,0.));
#10689=DIRECTION('ref_axis',(0.,0.,-1.));
#10690=DIRECTION('center_axis',(-1.,0.,0.));
#10691=DIRECTION('ref_axis',(0.,0.707106781186537,-0.707106781186558));
#10692=DIRECTION('center_axis',(0.577350269189617,-0.577350269189617,-0.577350269189643));
#10693=DIRECTION('ref_axis',(0.707106781186547,0.707106781186547,0.));
#10694=DIRECTION('center_axis',(0.,1.03037317601119E-13,1.));
#10695=DIRECTION('ref_axis',(1.,0.,0.));
#10696=DIRECTION('center_axis',(0.,0.,1.));
#10697=DIRECTION('ref_axis',(1.,0.,0.));
#10698=DIRECTION('center_axis',(-0.577350269189709,-0.577350269189584,-0.577350269189584));
#10699=DIRECTION('ref_axis',(0.,-0.707106781186547,0.707106781186547));
#10700=DIRECTION('center_axis',(1.,0.,-3.92523114670937E-14));
#10701=DIRECTION('ref_axis',(0.,-1.,0.));
#10702=DIRECTION('center_axis',(5.55111512312578E-14,5.55111512312578E-14,
1.));
#10703=DIRECTION('ref_axis',(0.707106781186547,-0.707106781186547,0.));
#10704=DIRECTION('center_axis',(0.,0.,1.));
#10705=DIRECTION('ref_axis',(1.,0.,0.));
#10706=DIRECTION('center_axis',(-1.66533453693764E-13,-1.66533453693773E-13,
1.));
#10707=DIRECTION('ref_axis',(-0.707106781186568,0.707106781186527,0.));
#10708=DIRECTION('center_axis',(0.577350269189849,0.57735026918952,-0.577350269189509));
#10709=DIRECTION('ref_axis',(0.,0.707106781186541,0.707106781186554));
#10710=DIRECTION('center_axis',(-1.,0.,-3.1401849173675E-13));
#10711=DIRECTION('ref_axis',(0.,1.,0.));
#10712=DIRECTION('center_axis',(0.357406744336655,-0.862856209460961,0.357406744336666));
#10713=DIRECTION('ref_axis',(0.610131476898738,0.505449465124558,0.610131476898761));
#10714=DIRECTION('center_axis',(1.,1.17756934401279E-13,0.));
#10715=DIRECTION('ref_axis',(0.,0.,1.));
#10716=DIRECTION('center_axis',(0.,-1.,2.22044604925031E-13));
#10717=DIRECTION('ref_axis',(1.,0.,0.));
#10718=DIRECTION('center_axis',(2.77555756156273E-14,-2.77555756156284E-14,
1.));
#10719=DIRECTION('ref_axis',(0.707106781186561,0.707106781186534,0.));
#10720=DIRECTION('center_axis',(-0.577350269189479,0.577350269189705,-0.577350269189694));
#10721=DIRECTION('ref_axis',(0.,0.707106781186541,0.707106781186554));
#10722=DIRECTION('center_axis',(0.,0.,1.));
#10723=DIRECTION('ref_axis',(1.,0.,0.));
#10724=DIRECTION('center_axis',(-6.93889390390697E-15,6.93889390390684E-15,
-1.));
#10725=DIRECTION('ref_axis',(-0.707106781186541,-0.707106781186554,0.));
#10726=DIRECTION('center_axis',(0.577350269189616,-0.577350269189639,0.577350269189622));
#10727=DIRECTION('ref_axis',(0.,-0.707106781186537,-0.707106781186558));
#10728=DIRECTION('center_axis',(-1.,0.,0.));
#10729=DIRECTION('ref_axis',(0.,-1.,0.));
#10730=DIRECTION('center_axis',(-0.469847700175666,0.389234579325095,-0.792300183577698));
#10731=DIRECTION('ref_axis',(0.610131476898828,-0.505449465124381,-0.610131476898817));
#10732=DIRECTION('center_axis',(0.577350269189541,0.577350269189657,-0.57735026918968));
#10733=DIRECTION('ref_axis',(0.,-0.707106781186561,-0.707106781186534));
#10734=DIRECTION('center_axis',(-1.,-3.9252311467093E-14,0.));
#10735=DIRECTION('ref_axis',(0.,0.,-1.));
#10736=DIRECTION('center_axis',(0.,-1.,1.11022302462516E-13));
#10737=DIRECTION('ref_axis',(1.,0.,0.));
#10738=DIRECTION('center_axis',(-1.04083408558608E-13,-1.04083408558608E-13,
1.));
#10739=DIRECTION('ref_axis',(0.707106781186548,-0.707106781186548,0.));
#10740=DIRECTION('center_axis',(0.469847700175586,-0.389234579325031,-0.792300183577777));
#10741=DIRECTION('ref_axis',(-0.610131476898855,0.505449465124446,-0.610131476898736));
#10742=DIRECTION('center_axis',(0.,1.,0.));
#10743=DIRECTION('ref_axis',(-1.,0.,0.));
#10744=DIRECTION('center_axis',(7.63278329429784E-14,7.63278329429814E-14,
1.));
#10745=DIRECTION('ref_axis',(-0.707106781186561,0.707106781186534,0.));
#10746=DIRECTION('center_axis',(-0.577350269189628,-0.577350269189614,-0.577350269189636));
#10747=DIRECTION('ref_axis',(0.,0.707106781186561,-0.707106781186534));
#10748=DIRECTION('center_axis',(1.,5.88784672006395E-14,0.));
#10749=DIRECTION('ref_axis',(0.,0.,-1.));
#10750=DIRECTION('center_axis',(0.469847700175669,-0.389234579325079,-0.792300183577704));
#10751=DIRECTION('ref_axis',(0.610131476898838,-0.505449465124371,0.610131476898816));
#10752=DIRECTION('center_axis',(1.11022302462516E-13,-1.,0.));
#10753=DIRECTION('ref_axis',(0.,0.,1.));
#10754=DIRECTION('center_axis',(-1.,2.77555756156289E-14,2.77555756156289E-14));
#10755=DIRECTION('ref_axis',(0.,-0.707106781186547,0.707106781186547));
#10756=DIRECTION('center_axis',(0.577350269189569,0.577350269189569,0.577350269189739));
#10757=DIRECTION('ref_axis',(0.707106781186547,-0.707106781186547,0.));
#10758=DIRECTION('center_axis',(0.,-9.81307786677247E-14,-1.));
#10759=DIRECTION('ref_axis',(1.,0.,0.));
#10760=DIRECTION('center_axis',(0.,0.,1.));
#10761=DIRECTION('ref_axis',(1.,0.,0.));
#10762=DIRECTION('center_axis',(0.577350269189618,-0.577350269189618,-0.577350269189641));
#10763=DIRECTION('ref_axis',(-0.707106781186547,-0.707106781186547,0.));
#10764=DIRECTION('center_axis',(-1.96261557335469E-14,0.,1.));
#10765=DIRECTION('ref_axis',(0.,-1.,0.));
#10766=DIRECTION('center_axis',(-1.,2.77555756156273E-14,2.77555756156279E-14));
#10767=DIRECTION('ref_axis',(0.,-0.707106781186554,0.707106781186541));
#10768=DIRECTION('center_axis',(0.,0.,-1.));
#10769=DIRECTION('ref_axis',(-0.382683432365075,-0.923879532511293,0.));
#10770=DIRECTION('',(0.,0.,1.));
#10771=DIRECTION('',(0.,0.,-1.));
#10772=DIRECTION('center_axis',(-1.,0.,1.6940658945086E-16));
#10773=DIRECTION('ref_axis',(0.,-0.923879532511298,0.382683432365062));
#10774=DIRECTION('',(1.,0.,-1.6940658945086E-16));
#10775=DIRECTION('',(-1.,0.,1.6940658945086E-16));
#10776=DIRECTION('center_axis',(-0.357406744336459,-0.862856209461123,0.357406744336471));
#10777=DIRECTION('ref_axis',(-0.610131476898859,0.50544946512428,0.61013147689887));
#10778=DIRECTION('center_axis',(0.,-5.88784672006395E-14,1.));
#10779=DIRECTION('ref_axis',(-1.,0.,0.));
#10780=DIRECTION('center_axis',(2.22044604925031E-13,-1.,0.));
#10781=DIRECTION('ref_axis',(0.,0.,1.));
#10782=DIRECTION('center_axis',(-1.,4.1633363423441E-14,-4.1633363423441E-14));
#10783=DIRECTION('ref_axis',(0.,0.707106781186547,0.707106781186547));
#10784=DIRECTION('center_axis',(0.577350269189554,0.577350269189543,-0.577350269189781));
#10785=DIRECTION('ref_axis',(-0.707106781186541,0.707106781186554,0.));
#10786=DIRECTION('center_axis',(0.357406744336639,-0.862856209460978,0.357406744336642));
#10787=DIRECTION('ref_axis',(-0.610131476898772,-0.505449465124487,-0.610131476898786));
#10788=DIRECTION('center_axis',(-0.577350269189573,0.577350269189596,-0.577350269189709));
#10789=DIRECTION('ref_axis',(-0.707106781186561,-0.707106781186534,0.));
#10790=DIRECTION('center_axis',(0.,-9.81307786677247E-14,1.));
#10791=DIRECTION('ref_axis',(-1.,0.,0.));
#10792=DIRECTION('center_axis',(-1.11022302462516E-13,-1.,0.));
#10793=DIRECTION('ref_axis',(0.,0.,-1.));
#10794=DIRECTION('center_axis',(1.,-1.38777878078145E-14,1.38777878078145E-14));
#10795=DIRECTION('ref_axis',(0.,-0.707106781186549,-0.707106781186546));
#10796=DIRECTION('center_axis',(-0.469847700175528,-0.389234579325099,-0.792300183577777));
#10797=DIRECTION('ref_axis',(-0.6101314768988,-0.505449465124516,0.610131476898733));
#10798=DIRECTION('center_axis',(0.,-1.,-1.11022302462514E-13));
#10799=DIRECTION('ref_axis',(-1.,0.,0.));
#10800=DIRECTION('center_axis',(6.93889390390732E-14,-6.93889390390718E-14,
-1.));
#10801=DIRECTION('ref_axis',(-0.707106781186541,-0.707106781186554,0.));
#10802=DIRECTION('center_axis',(-0.577350269189535,0.577350269189671,0.577350269189671));
#10803=DIRECTION('ref_axis',(0.,-0.707106781186547,0.707106781186547));
#10804=DIRECTION('center_axis',(1.,0.,0.));
#10805=DIRECTION('ref_axis',(0.,0.,1.));
#10806=DIRECTION('center_axis',(0.,0.,-1.));
#10807=DIRECTION('ref_axis',(-0.923879532511286,-0.382683432365091,0.));
#10808=DIRECTION('',(0.,0.,1.));
#10809=DIRECTION('',(0.,0.,-1.));
#10810=DIRECTION('center_axis',(0.577350269189626,-0.577350269189625,-0.577350269189626));
#10811=DIRECTION('ref_axis',(-0.408248290463863,-0.816496580927726,0.408248290463863));
#10812=DIRECTION('',(-0.577350269189626,0.577350269189625,0.577350269189626));
#10813=DIRECTION('',(0.577350269189626,-0.577350269189625,-0.577350269189626));
#10814=DIRECTION('center_axis',(-1.,0.,1.6940658945086E-16));
#10815=DIRECTION('ref_axis',(0.,-0.382683432365096,0.923879532511284));
#10816=DIRECTION('',(1.,0.,-1.6940658945086E-16));
#10817=DIRECTION('',(-1.,0.,1.6940658945086E-16));
#10818=DIRECTION('center_axis',(0.,-1.,0.));
#10819=DIRECTION('ref_axis',(-0.707106781186548,0.,0.707106781186548));
#10820=DIRECTION('',(0.,1.,0.));
#10821=DIRECTION('',(0.,-1.,0.));
#10822=DIRECTION('center_axis',(0.,1.,0.));
#10823=DIRECTION('ref_axis',(-0.70710678118655,0.,-0.707106781186545));
#10824=DIRECTION('',(0.,-1.,0.));
#10825=DIRECTION('',(0.,1.,0.));
#10826=DIRECTION('center_axis',(1.,0.,-8.470329472543E-17));
#10827=DIRECTION('ref_axis',(0.,-0.382683432365099,-0.923879532511283));
#10828=DIRECTION('',(-1.,0.,8.470329472543E-17));
#10829=DIRECTION('',(1.,0.,-8.470329472543E-17));
#10830=DIRECTION('center_axis',(-0.577350269189626,0.577350269189625,-0.577350269189626));
#10831=DIRECTION('ref_axis',(-0.408248290463862,-0.816496580927723,-0.40824829046387));
#10832=DIRECTION('',(0.577350269189626,-0.577350269189625,0.577350269189626));
#10833=DIRECTION('',(-0.577350269189626,0.577350269189625,-0.577350269189626));
#10834=DIRECTION('center_axis',(1.,0.,-1.6940658945086E-16));
#10835=DIRECTION('ref_axis',(0.,0.382683432365086,0.923879532511288));
#10836=DIRECTION('',(-1.,0.,1.6940658945086E-16));
#10837=DIRECTION('',(1.,0.,-1.6940658945086E-16));
#10838=DIRECTION('center_axis',(0.577350269189625,0.577350269189628,-0.577350269189625));
#10839=DIRECTION('ref_axis',(-0.408248290463862,0.816496580927723,0.40824829046387));
#10840=DIRECTION('',(-0.577350269189625,-0.577350269189628,0.577350269189625));
#10841=DIRECTION('',(0.577350269189625,0.577350269189628,-0.577350269189625));
#10842=DIRECTION('center_axis',(0.,0.,1.));
#10843=DIRECTION('ref_axis',(-0.923879532511288,0.382683432365086,0.));
#10844=DIRECTION('',(0.,0.,-1.));
#10845=DIRECTION('',(0.,0.,1.));
#10846=DIRECTION('center_axis',(-0.577350269189626,-0.577350269189625,-0.577350269189626));
#10847=DIRECTION('ref_axis',(0.408248290463863,-0.816496580927726,0.408248290463863));
#10848=DIRECTION('',(0.577350269189626,0.577350269189625,0.577350269189626));
#10849=DIRECTION('',(-0.577350269189626,-0.577350269189625,-0.577350269189626));
#10850=DIRECTION('center_axis',(0.,0.,1.));
#10851=DIRECTION('ref_axis',(0.923879532511288,-0.382683432365086,0.));
#10852=DIRECTION('',(0.,0.,-1.));
#10853=DIRECTION('',(0.,0.,1.));
#10854=DIRECTION('center_axis',(0.,-1.,0.));
#10855=DIRECTION('ref_axis',(0.707106781186548,0.,0.707106781186548));
#10856=DIRECTION('',(0.,1.,0.));
#10857=DIRECTION('',(0.,-1.,0.));
#10858=DIRECTION('center_axis',(0.577350269189625,0.577350269189628,0.577350269189625));
#10859=DIRECTION('ref_axis',(-0.408248290463864,0.816496580927729,-0.408248290463856));
#10860=DIRECTION('',(-0.577350269189625,-0.577350269189628,-0.577350269189625));
#10861=DIRECTION('',(0.577350269189625,0.577350269189628,0.577350269189625));
#10862=DIRECTION('center_axis',(-1.,-4.23516473627153E-17,8.470329472543E-17));
#10863=DIRECTION('ref_axis',(0.,0.382683432365094,-0.923879532511285));
#10864=DIRECTION('',(1.,4.23516473627153E-17,-8.470329472543E-17));
#10865=DIRECTION('',(-1.,-4.23516473627153E-17,8.470329472543E-17));
#10866=DIRECTION('center_axis',(0.,1.,0.));
#10867=DIRECTION('ref_axis',(0.707106781186548,0.,-0.707106781186548));
#10868=DIRECTION('',(0.,-1.,0.));
#10869=DIRECTION('',(0.,1.,0.));
#10870=DIRECTION('center_axis',(0.577350269189626,0.577350269189625,-0.577350269189626));
#10871=DIRECTION('ref_axis',(0.408248290463864,-0.816496580927729,-0.408248290463856));
#10872=DIRECTION('',(-0.577350269189626,-0.577350269189625,0.577350269189626));
#10873=DIRECTION('',(0.577350269189626,0.577350269189625,-0.577350269189626));
#10874=DIRECTION('center_axis',(1.,0.,-8.470329472543E-17));
#10875=DIRECTION('ref_axis',(0.,-0.923879532511296,-0.382683432365069));
#10876=DIRECTION('',(-1.,0.,8.470329472543E-17));
#10877=DIRECTION('',(1.,0.,-8.470329472543E-17));
#10878=DIRECTION('center_axis',(0.,0.,-1.));
#10879=DIRECTION('ref_axis',(0.923879532511293,0.382683432365075,0.));
#10880=DIRECTION('',(0.,0.,1.));
#10881=DIRECTION('',(0.,0.,-1.));
#10882=DIRECTION('center_axis',(0.577350269189625,-0.577350269189628,0.577350269189624));
#10883=DIRECTION('ref_axis',(0.408248290463863,0.816496580927726,0.408248290463863));
#10884=DIRECTION('',(-0.577350269189625,0.577350269189628,-0.577350269189624));
#10885=DIRECTION('',(0.577350269189625,-0.577350269189628,0.577350269189625));
#10886=DIRECTION('center_axis',(1.,0.,-1.6940658945086E-16));
#10887=DIRECTION('ref_axis',(0.,0.923879532511298,0.382683432365062));
#10888=DIRECTION('',(-1.,0.,1.6940658945086E-16));
#10889=DIRECTION('',(1.,0.,-1.6940658945086E-16));
#10890=DIRECTION('center_axis',(0.,0.,-1.));
#10891=DIRECTION('ref_axis',(-0.382683432365143,0.923879532511265,0.));
#10892=DIRECTION('',(0.,0.,1.));
#10893=DIRECTION('',(0.,0.,-1.));
#10894=DIRECTION('center_axis',(0.,0.,-1.));
#10895=DIRECTION('ref_axis',(0.382683432365096,-0.923879532511284,0.));
#10896=DIRECTION('',(0.,0.,1.));
#10897=DIRECTION('',(0.,0.,-1.));
#10898=DIRECTION('center_axis',(0.577350269189625,-0.577350269189628,-0.577350269189625));
#10899=DIRECTION('ref_axis',(0.408248290463864,0.816496580927729,-0.408248290463856));
#10900=DIRECTION('',(-0.577350269189625,0.577350269189628,0.577350269189625));
#10901=DIRECTION('',(0.577350269189625,-0.577350269189628,-0.577350269189625));
#10902=DIRECTION('center_axis',(1.,0.,-1.27054942088145E-16));
#10903=DIRECTION('ref_axis',(0.,0.923879532511267,-0.382683432365137));
#10904=DIRECTION('',(-1.,8.71576399210522E-33,1.27054942088145E-16));
#10905=DIRECTION('',(1.,0.,-1.27054942088145E-16));
#10906=DIRECTION('center_axis',(0.,1.,0.));
#10907=DIRECTION('ref_axis',(0.,0.,1.));
#10908=DIRECTION('center_axis',(0.,1.,0.));
#10909=DIRECTION('ref_axis',(0.,0.,1.));
#10910=DIRECTION('center_axis',(-1.19788548178388E-16,0.707106781186548,
-0.707106781186547));
#10911=DIRECTION('ref_axis',(0.,0.707106781186547,0.707106781186548));
#10912=DIRECTION('center_axis',(1.,0.,0.));
#10913=DIRECTION('ref_axis',(0.,0.,-1.));
#10914=DIRECTION('center_axis',(0.707106781186547,0.707106781186549,0.));
#10915=DIRECTION('ref_axis',(-0.707106781186549,0.707106781186547,0.));
#10916=DIRECTION('center_axis',(-1.6940658945086E-16,0.,-1.));
#10917=DIRECTION('ref_axis',(-1.,0.,1.6940658945086E-16));
#10918=DIRECTION('center_axis',(8.470329472543E-17,0.,1.));
#10919=DIRECTION('ref_axis',(1.,0.,-8.470329472543E-17));
#10920=DIRECTION('center_axis',(5.98942740891942E-17,0.707106781186548,
0.707106781186547));
#10921=DIRECTION('ref_axis',(0.,-0.707106781186547,0.707106781186548));
#10922=DIRECTION('center_axis',(1.19788548178389E-16,0.707106781186545,
0.70710678118655));
#10923=DIRECTION('ref_axis',(0.,-0.70710678118655,0.707106781186545));
#10924=DIRECTION('center_axis',(-0.70710678118655,0.707106781186545,0.));
#10925=DIRECTION('ref_axis',(-0.707106781186545,-0.70710678118655,0.));
#10926=DIRECTION('center_axis',(-0.707106781186547,0.707106781186549,0.));
#10927=DIRECTION('ref_axis',(-0.707106781186549,-0.707106781186547,0.));
#10928=DIRECTION('center_axis',(-1.,0.,0.));
#10929=DIRECTION('ref_axis',(0.,0.,1.));
#10930=DIRECTION('center_axis',(-8.98414111337918E-17,0.707106781186545,
-0.70710678118655));
#10931=DIRECTION('ref_axis',(0.,0.70710678118655,0.707106781186545));
#10932=DIRECTION('center_axis',(0.70710678118655,0.707106781186545,0.));
#10933=DIRECTION('ref_axis',(-0.707106781186545,0.70710678118655,0.));
#10934=DIRECTION('center_axis',(0.,0.,1.));
#10935=DIRECTION('ref_axis',(1.,0.,0.));
#10936=DIRECTION('center_axis',(1.,0.,0.));
#10937=DIRECTION('ref_axis',(0.,-0.707106781186558,-0.707106781186537));
#10938=DIRECTION('center_axis',(-0.577350269189622,-0.577350269189616,0.577350269189639));
#10939=DIRECTION('ref_axis',(0.707106781186547,-0.707106781186547,6.93889390390698E-15));
#10940=DIRECTION('center_axis',(0.,0.,-1.));
#10941=DIRECTION('ref_axis',(0.,-1.,0.));
#10942=DIRECTION('center_axis',(0.,0.,1.));
#10943=DIRECTION('ref_axis',(1.,0.,0.));
#10944=DIRECTION('center_axis',(-0.57735026918942,0.577350269189715,0.577350269189743));
#10945=DIRECTION('ref_axis',(0.,0.707106781186565,-0.70710678118653));
#10946=DIRECTION('center_axis',(1.,0.,-2.35513868802546E-13));
#10947=DIRECTION('ref_axis',(0.,1.,0.));
#10948=DIRECTION('center_axis',(-2.35922392732819E-13,2.35922392732819E-13,
-1.));
#10949=DIRECTION('ref_axis',(0.707106781186547,0.707106781186547,0.));
#10950=DIRECTION('center_axis',(0.,0.,1.));
#10951=DIRECTION('ref_axis',(1.,0.,0.));
#10952=DIRECTION('center_axis',(-0.577350269189679,-0.577350269189611,-0.577350269189588));
#10953=DIRECTION('ref_axis',(0.,-0.707106781186534,0.707106781186561));
#10954=DIRECTION('center_axis',(1.,0.,-7.85046229341875E-14));
#10955=DIRECTION('ref_axis',(0.,-1.,0.));
#10956=DIRECTION('center_axis',(5.55111512312578E-14,5.55111512312578E-14,
1.));
#10957=DIRECTION('ref_axis',(0.707106781186547,-0.707106781186547,0.));
#10958=DIRECTION('center_axis',(0.,0.,1.));
#10959=DIRECTION('ref_axis',(1.,0.,0.));
#10960=DIRECTION('center_axis',(-2.08166817117217E-14,2.08166817117217E-14,
-1.));
#10961=DIRECTION('ref_axis',(-0.707106781186547,-0.707106781186547,0.));
#10962=DIRECTION('center_axis',(0.57735026918962,-0.57735026918962,0.577350269189637));
#10963=DIRECTION('ref_axis',(0.,-0.707106781186558,-0.707106781186537));
#10964=DIRECTION('center_axis',(-1.,0.,0.));
#10965=DIRECTION('ref_axis',(0.,-1.,0.));
#10966=DIRECTION('center_axis',(-0.357406744336601,-0.862856209460992,0.357406744336645));
#10967=DIRECTION('ref_axis',(0.610131476898782,-0.505449465124468,-0.610131476898791));
#10968=DIRECTION('center_axis',(1.,-7.85046229341921E-14,0.));
#10969=DIRECTION('ref_axis',(0.,0.,-1.));
#10970=DIRECTION('center_axis',(0.,1.,-1.11022302462516E-13));
#10971=DIRECTION('ref_axis',(1.,0.,0.));
#10972=DIRECTION('center_axis',(6.93889390390722E-14,6.93889390390722E-14,
-1.));
#10973=DIRECTION('ref_axis',(0.707106781186547,-0.707106781186547,0.));
#10974=DIRECTION('center_axis',(-0.577350269189528,-0.577350269189666,0.577350269189683));
#10975=DIRECTION('ref_axis',(0.,-0.707106781186558,-0.707106781186537));
#10976=DIRECTION('center_axis',(0.,0.,1.));
#10977=DIRECTION('ref_axis',(1.,0.,0.));
#10978=DIRECTION('center_axis',(-0.577350269189622,0.577350269189622,-0.577350269189633));
#10979=DIRECTION('ref_axis',(0.707106781186547,0.707106781186547,0.));
#10980=DIRECTION('center_axis',(5.88784672006395E-14,0.,1.));
#10981=DIRECTION('ref_axis',(0.,1.,0.));
#10982=DIRECTION('center_axis',(1.,-5.55111512312516E-14,5.55111512312527E-14));
#10983=DIRECTION('ref_axis',(0.,0.707106781186554,0.707106781186541));
#10984=DIRECTION('center_axis',(0.,0.,-1.));
#10985=DIRECTION('ref_axis',(0.382683432365075,0.923879532511293,0.));
#10986=DIRECTION('',(0.,0.,1.));
#10987=DIRECTION('',(0.,0.,-1.));
#10988=DIRECTION('center_axis',(0.,0.,1.));
#10989=DIRECTION('ref_axis',(1.,0.,0.));
#10990=DIRECTION('center_axis',(-1.,5.55111512312578E-14,5.55111512312551E-14));
#10991=DIRECTION('ref_axis',(0.,0.70710678118653,-0.707106781186565));
#10992=DIRECTION('center_axis',(0.577350269189611,0.577350269189611,0.577350269189656));
#10993=DIRECTION('ref_axis',(-0.707106781186547,0.707106781186547,0.));
#10994=DIRECTION('center_axis',(1.76635401601905E-13,0.,-1.));
#10995=DIRECTION('ref_axis',(0.,1.,0.));
#10996=DIRECTION('center_axis',(-0.469847700175563,-0.389234579325128,-0.792300183577743));
#10997=DIRECTION('ref_axis',(0.610131476898791,0.505449465124475,-0.610131476898777));
#10998=DIRECTION('center_axis',(-1.11022302462516E-13,1.,0.));
#10999=DIRECTION('ref_axis',(0.,0.,-1.));
#11000=DIRECTION('center_axis',(-1.,-5.55111512312543E-14,-5.55111512312562E-14));
#11001=DIRECTION('ref_axis',(0.,0.70710678118656,-0.707106781186535));
#11002=DIRECTION('center_axis',(0.577350269189681,-0.577350269189681,-0.577350269189516));
#11003=DIRECTION('ref_axis',(0.707106781186547,0.707106781186547,0.));
#11004=DIRECTION('center_axis',(0.,-1.27570012268052E-13,1.));
#11005=DIRECTION('ref_axis',(1.,0.,0.));
#11006=DIRECTION('center_axis',(0.,0.,1.));
#11007=DIRECTION('ref_axis',(1.,0.,0.));
#11008=DIRECTION('center_axis',(0.577350269189664,-0.577350269189664,-0.57735026918955));
#11009=DIRECTION('ref_axis',(-0.707106781186547,-0.707106781186547,0.));
#11010=DIRECTION('center_axis',(-3.9252311467093E-14,0.,1.));
#11011=DIRECTION('ref_axis',(0.,-1.,0.));
#11012=DIRECTION('center_axis',(-1.,-5.55111512312547E-14,-5.55111512312558E-14));
#11013=DIRECTION('ref_axis',(0.,-0.707106781186554,0.707106781186541));
#11014=DIRECTION('center_axis',(0.,0.,-1.));
#11015=DIRECTION('ref_axis',(-0.382683432365096,-0.923879532511284,0.));
#11016=DIRECTION('',(0.,0.,1.));
#11017=DIRECTION('',(0.,0.,-1.));
#11018=DIRECTION('center_axis',(-1.,0.,0.));
#11019=DIRECTION('ref_axis',(0.,-0.923879532511293,0.382683432365075));
#11020=DIRECTION('',(1.,0.,0.));
#11021=DIRECTION('',(-1.,0.,0.));
#11022=DIRECTION('center_axis',(0.469847700175655,-0.389234579325042,-0.79230018357773));
#11023=DIRECTION('ref_axis',(0.610131476898864,-0.505449465124374,0.610131476898787));
#11024=DIRECTION('center_axis',(5.55111512312578E-14,-1.,0.));
#11025=DIRECTION('ref_axis',(0.,0.,1.));
#11026=DIRECTION('center_axis',(-1.,5.55111512312556E-14,5.55111512312578E-14));
#11027=DIRECTION('ref_axis',(0.,-0.707106781186561,0.707106781186534));
#11028=DIRECTION('center_axis',(0.577350269189569,0.577350269189569,0.577350269189739));
#11029=DIRECTION('ref_axis',(0.707106781186547,-0.707106781186547,0.));
#11030=DIRECTION('center_axis',(0.,-5.88784672006395E-14,-1.));
#11031=DIRECTION('ref_axis',(1.,0.,0.));
#11032=DIRECTION('center_axis',(0.357406744336472,-0.862856209461091,0.357406744336536));
#11033=DIRECTION('ref_axis',(-0.610131476898827,-0.505449465124291,-0.610131476898893));
#11034=DIRECTION('center_axis',(0.,2.06074635202238E-13,-1.));
#11035=DIRECTION('ref_axis',(-1.,0.,0.));
#11036=DIRECTION('center_axis',(2.22044604925031E-13,1.,0.));
#11037=DIRECTION('ref_axis',(0.,0.,-1.));
#11038=DIRECTION('center_axis',(-1.,-1.11022302462518E-13,1.11022302462516E-13));
#11039=DIRECTION('ref_axis',(0.,-0.707106781186541,-0.707106781186554));
#11040=DIRECTION('center_axis',(0.5773502691895,-0.5773502691895,0.577350269189877));
#11041=DIRECTION('ref_axis',(-0.707106781186547,-0.707106781186547,0.));
#11042=DIRECTION('center_axis',(0.,0.,1.));
#11043=DIRECTION('ref_axis',(1.,0.,0.));
#11044=DIRECTION('center_axis',(-1.6653345369376E-13,-1.66533453693773E-13,
1.));
#11045=DIRECTION('ref_axis',(-0.707106781186575,0.70710678118652,0.));
#11046=DIRECTION('center_axis',(0.577350269189868,0.577350269189505,-0.577350269189505));
#11047=DIRECTION('ref_axis',(0.,0.707106781186547,0.707106781186547));
#11048=DIRECTION('center_axis',(-1.,0.,-3.92523114670937E-13));
#11049=DIRECTION('ref_axis',(0.,1.,0.));
#11050=DIRECTION('center_axis',(0.357406744336607,-0.862856209461006,0.357406744336607));
#11051=DIRECTION('ref_axis',(0.610131476898805,0.505449465124398,0.610131476898827));
#11052=DIRECTION('center_axis',(1.,7.8504622934186E-14,0.));
#11053=DIRECTION('ref_axis',(0.,0.,1.));
#11054=DIRECTION('center_axis',(0.,-1.,-1.11022302462516E-13));
#11055=DIRECTION('ref_axis',(1.,0.,0.));
#11056=DIRECTION('center_axis',(-1.80411241501578E-13,1.80411241501564E-13,
1.));
#11057=DIRECTION('ref_axis',(0.70710678118652,0.707106781186575,0.));
#11058=DIRECTION('center_axis',(-0.577350269189803,0.577350269189543,-0.577350269189531));
#11059=DIRECTION('ref_axis',(0.,0.707106781186541,0.707106781186554));
#11060=DIRECTION('center_axis',(0.,-1.,0.));
#11061=DIRECTION('ref_axis',(0.707106781186548,0.,0.707106781186548));
#11062=DIRECTION('center_axis',(0.,1.,0.));
#11063=DIRECTION('ref_axis',(0.,0.,1.));
#11064=DIRECTION('',(0.,1.,0.));
#11065=DIRECTION('',(0.,-1.,0.));
#11066=DIRECTION('center_axis',(1.,0.,0.));
#11067=DIRECTION('ref_axis',(0.,0.,-1.));
#11068=DIRECTION('center_axis',(0.,0.938839344923006,0.344355462312624));
#11069=DIRECTION('ref_axis',(0.,-0.344355462312624,0.938839344923006));
#11070=DIRECTION('center_axis',(-1.,0.,0.));
#11071=DIRECTION('ref_axis',(0.,-0.174872317816455,0.984591119430549));
#11072=DIRECTION('center_axis',(1.,0.,0.));
#11073=DIRECTION('ref_axis',(0.,-0.174872317816455,0.984591119430549));
#11074=DIRECTION('center_axis',(0.,-0.938839344923002,-0.344355462312635));
#11075=DIRECTION('ref_axis',(0.707106781186545,-0.243496082539903,0.663859667239789));
#11076=DIRECTION('center_axis',(0.,0.938839344922999,0.344355462312642));
#11077=DIRECTION('ref_axis',(0.,-0.344355462312642,0.938839344922999));
#11078=DIRECTION('',(0.,0.938839344923002,0.344355462312635));
#11079=DIRECTION('',(0.,-0.938839344923002,-0.344355462312635));
#11080=DIRECTION('center_axis',(-1.,0.,0.));
#11081=DIRECTION('ref_axis',(0.,-0.0312492274829529,-0.999511623635122));
#11082=DIRECTION('center_axis',(0.,0.915494591313369,-0.402330278845586));
#11083=DIRECTION('ref_axis',(0.,0.402330278845586,0.915494591313369));
#11084=DIRECTION('center_axis',(1.,0.,0.));
#11085=DIRECTION('ref_axis',(0.,-0.0312492274829529,-0.999511623635122));
#11086=DIRECTION('center_axis',(-1.,0.,0.));
#11087=DIRECTION('ref_axis',(0.,-0.0312492274829529,-0.999511623635123));
#11088=DIRECTION('center_axis',(0.,-0.915494591313363,0.4023302788456));
#11089=DIRECTION('ref_axis',(0.707106781186548,0.284490468448393,0.647352433657288));
#11090=DIRECTION('center_axis',(0.,0.915494591313354,-0.402330278845622));
#11091=DIRECTION('ref_axis',(0.,0.402330278845622,0.915494591313354));
#11092=DIRECTION('',(0.,0.915494591313363,-0.4023302788456));
#11093=DIRECTION('',(0.,-0.915494591313363,0.4023302788456));
#11094=DIRECTION('center_axis',(1.,0.,0.));
#11095=DIRECTION('ref_axis',(0.,0.,-1.));
#11096=DIRECTION('center_axis',(0.,1.,0.));
#11097=DIRECTION('ref_axis',(0.,0.,1.));
#11098=DIRECTION('center_axis',(-1.,0.,0.));
#11099=DIRECTION('ref_axis',(0.,0.205554626178344,0.978645643558833));
#11100=DIRECTION('center_axis',(1.,0.,0.));
#11101=DIRECTION('ref_axis',(0.,0.205554626178344,0.978645643558833));
#11102=DIRECTION('center_axis',(0.,-1.,0.));
#11103=DIRECTION('ref_axis',(0.707106781186548,0.,0.707106781186548));
#11104=DIRECTION('',(0.,1.,0.));
#11105=DIRECTION('',(0.,-1.,0.));
#11106=DIRECTION('center_axis',(0.,0.,-1.));
#11107=DIRECTION('ref_axis',(0.923879532511284,0.382683432365096,0.));
#11108=DIRECTION('',(0.,0.,1.));
#11109=DIRECTION('',(0.,0.,-1.));
#11110=DIRECTION('center_axis',(0.577350269189625,-0.577350269189628,0.577350269189624));
#11111=DIRECTION('ref_axis',(0.408248290463862,0.816496580927725,0.408248290463866));
#11112=DIRECTION('',(-0.577350269189625,0.577350269189628,-0.577350269189624));
#11113=DIRECTION('',(0.577350269189625,-0.577350269189628,0.577350269189625));
#11114=DIRECTION('center_axis',(0.469847700175504,-0.389234579325116,-0.792300183577784));
#11115=DIRECTION('ref_axis',(-0.610131476898812,0.505449465124545,-0.610131476898698));
#11116=DIRECTION('center_axis',(0.,1.,1.11022302462516E-13));
#11117=DIRECTION('ref_axis',(-1.,0.,0.));
#11118=DIRECTION('center_axis',(1.35308431126191E-13,1.35308431126191E-13,
1.));
#11119=DIRECTION('ref_axis',(-0.707106781186547,0.707106781186547,0.));
#11120=DIRECTION('center_axis',(-0.577350269189383,-0.577350269189732,-0.577350269189763));
#11121=DIRECTION('ref_axis',(0.,0.707106781186567,-0.707106781186528));
#11122=DIRECTION('center_axis',(1.,-2.35513868802558E-13,0.));
#11123=DIRECTION('ref_axis',(0.,0.,-1.));
#11124=DIRECTION('center_axis',(-0.469847700175467,-0.389234579325078,-0.792300183577824));
#11125=DIRECTION('ref_axis',(-0.610131476898809,-0.505449465124587,0.610131476898665));
#11126=DIRECTION('center_axis',(0.,-1.,-1.66533453693773E-13));
#11127=DIRECTION('ref_axis',(-1.,0.,0.));
#11128=DIRECTION('center_axis',(1.66533453693773E-13,-1.66533453693773E-13,
-1.));
#11129=DIRECTION('ref_axis',(-0.707106781186547,-0.707106781186547,0.));
#11130=DIRECTION('center_axis',(-0.577350269189346,0.577350269189754,0.577350269189777));
#11131=DIRECTION('ref_axis',(0.,-0.707106781186561,0.707106781186534));
#11132=DIRECTION('center_axis',(1.,2.35513868802558E-13,0.));
#11133=DIRECTION('ref_axis',(0.,0.,1.));
#11134=DIRECTION('center_axis',(0.,0.,-1.));
#11135=DIRECTION('ref_axis',(-0.923879532511284,-0.382683432365096,0.));
#11136=DIRECTION('',(0.,0.,1.));
#11137=DIRECTION('',(0.,0.,-1.));
#11138=DIRECTION('center_axis',(0.577350269189624,-0.577350269189626,-0.577350269189627));
#11139=DIRECTION('ref_axis',(-0.408248290463866,-0.816496580927731,0.40824829046385));
#11140=DIRECTION('',(-0.577350269189624,0.577350269189626,0.577350269189627));
#11141=DIRECTION('',(0.577350269189624,-0.577350269189626,-0.577350269189627));
#11142=DIRECTION('center_axis',(-1.,0.,0.));
#11143=DIRECTION('ref_axis',(0.,-0.382683432365102,0.923879532511282));
#11144=DIRECTION('',(1.,0.,0.));
#11145=DIRECTION('',(-1.,0.,0.));
#11146=DIRECTION('center_axis',(-0.357406744336545,-0.862856209461052,0.357406744336556));
#11147=DIRECTION('ref_axis',(-0.610131476898824,0.505449465124377,0.610131476898824));
#11148=DIRECTION('center_axis',(0.,-5.88784672006395E-14,1.));
#11149=DIRECTION('ref_axis',(-1.,0.,0.));
#11150=DIRECTION('center_axis',(1.11022302462516E-13,-1.,0.));
#11151=DIRECTION('ref_axis',(0.,0.,1.));
#11152=DIRECTION('center_axis',(-1.,5.55111512312556E-14,-5.55111512312578E-14));
#11153=DIRECTION('ref_axis',(0.,0.707106781186561,0.707106781186534));
#11154=DIRECTION('center_axis',(0.577350269189558,0.577350269189558,-0.577350269189762));
#11155=DIRECTION('ref_axis',(-0.707106781186547,0.707106781186547,0.));
#11156=DIRECTION('center_axis',(0.,-1.,0.));
#11157=DIRECTION('ref_axis',(-0.707106781186548,0.,0.707106781186548));
#11158=DIRECTION('center_axis',(0.,1.,0.));
#11159=DIRECTION('ref_axis',(-1.,0.,0.));
#11160=DIRECTION('',(0.,1.,0.));
#11161=DIRECTION('',(0.,-1.,0.));
#11162=DIRECTION('center_axis',(1.,0.,0.));
#11163=DIRECTION('ref_axis',(0.,0.,-1.));
#11164=DIRECTION('center_axis',(0.,0.938839344923006,0.344355462312624));
#11165=DIRECTION('ref_axis',(-1.,0.,0.));
#11166=DIRECTION('center_axis',(-1.,0.,0.));
#11167=DIRECTION('ref_axis',(0.,-0.174872317816455,0.984591119430549));
#11168=DIRECTION('center_axis',(1.,0.,0.));
#11169=DIRECTION('ref_axis',(0.,-0.174872317816455,0.984591119430549));
#11170=DIRECTION('center_axis',(0.,-0.938839344923002,-0.344355462312635));
#11171=DIRECTION('ref_axis',(-0.707106781186545,-0.243496082539903,0.663859667239789));
#11172=DIRECTION('center_axis',(0.,0.938839344922999,0.344355462312642));
#11173=DIRECTION('ref_axis',(-1.,0.,0.));
#11174=DIRECTION('',(0.,0.938839344923002,0.344355462312635));
#11175=DIRECTION('',(0.,-0.938839344923002,-0.344355462312635));
#11176=DIRECTION('center_axis',(-1.,0.,0.));
#11177=DIRECTION('ref_axis',(0.,-0.0312492274829529,-0.999511623635122));
#11178=DIRECTION('center_axis',(0.,0.915494591313369,-0.402330278845586));
#11179=DIRECTION('ref_axis',(-1.,0.,0.));
#11180=DIRECTION('center_axis',(1.,0.,0.));
#11181=DIRECTION('ref_axis',(0.,-0.0312492274829529,-0.999511623635123));
#11182=DIRECTION('center_axis',(-1.,0.,0.));
#11183=DIRECTION('ref_axis',(0.,-0.0312492274829529,-0.999511623635122));
#11184=DIRECTION('center_axis',(0.,-0.915494591313363,0.4023302788456));
#11185=DIRECTION('ref_axis',(-0.707106781186548,0.284490468448393,0.647352433657288));
#11186=DIRECTION('center_axis',(0.,0.915494591313354,-0.402330278845622));
#11187=DIRECTION('ref_axis',(-1.,0.,0.));
#11188=DIRECTION('',(0.,0.915494591313363,-0.4023302788456));
#11189=DIRECTION('',(0.,-0.915494591313363,0.4023302788456));
#11190=DIRECTION('center_axis',(1.,0.,0.));
#11191=DIRECTION('ref_axis',(0.,0.,-1.));
#11192=DIRECTION('center_axis',(0.,1.,0.));
#11193=DIRECTION('ref_axis',(-1.,0.,0.));
#11194=DIRECTION('center_axis',(-1.,0.,0.));
#11195=DIRECTION('ref_axis',(0.,0.205554626178344,0.978645643558833));
#11196=DIRECTION('center_axis',(1.,0.,0.));
#11197=DIRECTION('ref_axis',(0.,0.205554626178344,0.978645643558833));
#11198=DIRECTION('center_axis',(0.,-1.,0.));
#11199=DIRECTION('ref_axis',(-0.707106781186548,0.,0.707106781186548));
#11200=DIRECTION('',(0.,1.,0.));
#11201=DIRECTION('',(0.,-1.,0.));
#11202=DIRECTION('center_axis',(1.,-1.69406589450861E-16,0.));
#11203=DIRECTION('ref_axis',(0.,0.382683432365102,0.923879532511282));
#11204=DIRECTION('',(-1.,1.69406589450861E-16,0.));
#11205=DIRECTION('',(1.,-1.69406589450861E-16,0.));
#11206=DIRECTION('center_axis',(0.577350269189625,0.577350269189628,-0.577350269189625));
#11207=DIRECTION('ref_axis',(-0.408248290463863,0.816496580927726,0.408248290463863));
#11208=DIRECTION('',(-0.577350269189625,-0.577350269189628,0.577350269189625));
#11209=DIRECTION('',(0.577350269189625,0.577350269189628,-0.577350269189625));
#11210=DIRECTION('center_axis',(0.,0.,1.));
#11211=DIRECTION('ref_axis',(-0.923879532511284,0.382683432365096,0.));
#11212=DIRECTION('',(0.,0.,-1.));
#11213=DIRECTION('',(0.,0.,1.));
#11214=DIRECTION('center_axis',(0.577350269189625,0.577350269189628,0.577350269189625));
#11215=DIRECTION('ref_axis',(-0.408248290463865,0.81649658092773,-0.408248290463853));
#11216=DIRECTION('',(-0.577350269189625,-0.577350269189628,-0.577350269189625));
#11217=DIRECTION('',(0.577350269189625,0.577350269189628,0.577350269189625));
#11218=DIRECTION('center_axis',(-1.,-1.27054942088146E-16,0.));
#11219=DIRECTION('ref_axis',(0.,0.382683432365096,-0.923879532511284));
#11220=DIRECTION('',(1.,1.27054942088146E-16,-8.71576399210527E-33));
#11221=DIRECTION('',(-1.,-1.27054942088146E-16,0.));
#11222=DIRECTION('center_axis',(0.,1.,0.));
#11223=DIRECTION('ref_axis',(-0.707106781186548,0.,-0.707106781186548));
#11224=DIRECTION('center_axis',(0.,-1.,0.));
#11225=DIRECTION('ref_axis',(-1.,0.,0.));
#11226=DIRECTION('',(0.,-1.,0.));
#11227=DIRECTION('',(0.,1.,0.));
#11228=DIRECTION('center_axis',(-1.,0.,0.));
#11229=DIRECTION('ref_axis',(0.,0.,1.));
#11230=DIRECTION('center_axis',(0.,-0.915494591313372,0.402330278845579));
#11231=DIRECTION('ref_axis',(-1.,0.,0.));
#11232=DIRECTION('center_axis',(1.,0.,0.));
#11233=DIRECTION('ref_axis',(0.,0.205554626178344,0.978645643558833));
#11234=DIRECTION('center_axis',(-1.,0.,0.));
#11235=DIRECTION('ref_axis',(0.,0.205554626178344,0.978645643558832));
#11236=DIRECTION('center_axis',(0.,0.915494591313363,-0.4023302788456));
#11237=DIRECTION('ref_axis',(-0.707106781186554,-0.284490468448395,-0.647352433657281));
#11238=DIRECTION('center_axis',(0.,-0.915494591313367,0.402330278845592));
#11239=DIRECTION('ref_axis',(-1.,0.,0.));
#11240=DIRECTION('',(0.,-0.915494591313363,0.4023302788456));
#11241=DIRECTION('',(0.,0.915494591313363,-0.4023302788456));
#11242=DIRECTION('center_axis',(1.,0.,0.));
#11243=DIRECTION('ref_axis',(0.,0.,-1.));
#11244=DIRECTION('center_axis',(0.,-0.938839344922991,-0.344355462312665));
#11245=DIRECTION('ref_axis',(-1.,0.,0.));
#11246=DIRECTION('center_axis',(-1.,0.,0.));
#11247=DIRECTION('ref_axis',(0.,-0.0312492274829534,-0.999511623635122));
#11248=DIRECTION('center_axis',(1.,0.,0.));
#11249=DIRECTION('ref_axis',(0.,-0.0312492274829534,-0.999511623635122));
#11250=DIRECTION('center_axis',(0.,0.938839344923002,0.344355462312635));
#11251=DIRECTION('ref_axis',(-0.707106781186541,0.243496082539902,-0.663859667239795));
#11252=DIRECTION('center_axis',(0.,-0.938839344923008,-0.34435546231262));
#11253=DIRECTION('ref_axis',(-1.,0.,0.));
#11254=DIRECTION('',(0.,-0.938839344923002,-0.344355462312635));
#11255=DIRECTION('',(0.,0.938839344923002,0.344355462312635));
#11256=DIRECTION('center_axis',(-1.,0.,0.));
#11257=DIRECTION('ref_axis',(0.,0.,1.));
#11258=DIRECTION('center_axis',(0.,-1.,0.));
#11259=DIRECTION('ref_axis',(-1.,0.,0.));
#11260=DIRECTION('center_axis',(1.,0.,0.));
#11261=DIRECTION('ref_axis',(0.,-0.174872317816454,0.984591119430549));
#11262=DIRECTION('center_axis',(-1.,0.,0.));
#11263=DIRECTION('ref_axis',(0.,-0.174872317816454,0.984591119430549));
#11264=DIRECTION('center_axis',(0.,1.,0.));
#11265=DIRECTION('ref_axis',(-0.707106781186548,0.,-0.707106781186548));
#11266=DIRECTION('',(0.,-1.,0.));
#11267=DIRECTION('',(0.,1.,0.));
#11268=DIRECTION('center_axis',(1.,0.,-1.6940658945086E-16));
#11269=DIRECTION('ref_axis',(0.,0.923879532511293,0.382683432365075));
#11270=DIRECTION('',(-1.,0.,1.6940658945086E-16));
#11271=DIRECTION('',(1.,0.,-1.6940658945086E-16));
#11272=DIRECTION('center_axis',(0.,0.,-1.));
#11273=DIRECTION('ref_axis',(-0.382683432365169,0.923879532511254,0.));
#11274=DIRECTION('',(0.,0.,1.));
#11275=DIRECTION('',(0.,0.,-1.));
#11276=DIRECTION('center_axis',(1.,0.,0.));
#11277=DIRECTION('ref_axis',(0.,-0.382683432365104,-0.923879532511281));
#11278=DIRECTION('',(-1.,0.,0.));
#11279=DIRECTION('',(1.,0.,0.));
#11280=DIRECTION('center_axis',(-0.577350269189624,0.577350269189626,-0.577350269189627));
#11281=DIRECTION('ref_axis',(-0.408248290463864,-0.816496580927729,-0.408248290463856));
#11282=DIRECTION('',(0.577350269189624,-0.577350269189626,0.577350269189627));
#11283=DIRECTION('',(-0.577350269189624,0.577350269189626,-0.577350269189627));
#11284=DIRECTION('center_axis',(-0.577350269189626,-0.577350269189625,-0.577350269189626));
#11285=DIRECTION('ref_axis',(0.40824829046389,-0.816496580927715,0.408248290463858));
#11286=DIRECTION('',(0.577350269189626,0.577350269189625,0.577350269189626));
#11287=DIRECTION('',(-0.577350269189626,-0.577350269189625,-0.577350269189626));
#11288=DIRECTION('center_axis',(0.,0.,-1.));
#11289=DIRECTION('ref_axis',(0.923879532511284,-0.382683432365096,0.));
#11290=DIRECTION('',(0.,0.,1.));
#11291=DIRECTION('',(0.,0.,-1.));
#11292=DIRECTION('center_axis',(0.577350269189625,-0.577350269189628,-0.577350269189625));
#11293=DIRECTION('ref_axis',(0.408248290463863,0.816496580927726,-0.408248290463863));
#11294=DIRECTION('',(-0.577350269189625,0.577350269189628,0.577350269189625));
#11295=DIRECTION('',(0.577350269189625,-0.577350269189628,-0.577350269189625));
#11296=DIRECTION('center_axis',(0.,1.,0.));
#11297=DIRECTION('ref_axis',(0.707106781186548,0.,-0.707106781186548));
#11298=DIRECTION('center_axis',(0.,-1.,0.));
#11299=DIRECTION('ref_axis',(0.,0.,-1.));
#11300=DIRECTION('',(0.,-1.,0.));
#11301=DIRECTION('',(0.,1.,0.));
#11302=DIRECTION('center_axis',(-1.,0.,0.));
#11303=DIRECTION('ref_axis',(0.,0.,1.));
#11304=DIRECTION('center_axis',(0.,-0.915494591313372,0.402330278845579));
#11305=DIRECTION('ref_axis',(0.,-0.402330278845579,-0.915494591313372));
#11306=DIRECTION('center_axis',(1.,0.,0.));
#11307=DIRECTION('ref_axis',(0.,0.205554626178344,0.978645643558832));
#11308=DIRECTION('center_axis',(-1.,0.,0.));
#11309=DIRECTION('ref_axis',(0.,0.205554626178344,0.978645643558833));
#11310=DIRECTION('center_axis',(0.,0.915494591313363,-0.4023302788456));
#11311=DIRECTION('ref_axis',(0.707106781186554,-0.284490468448395,-0.647352433657281));
#11312=DIRECTION('center_axis',(0.,-0.915494591313367,0.402330278845592));
#11313=DIRECTION('ref_axis',(0.,-0.402330278845592,-0.915494591313367));
#11314=DIRECTION('',(0.,-0.915494591313363,0.4023302788456));
#11315=DIRECTION('',(0.,0.915494591313363,-0.4023302788456));
#11316=DIRECTION('center_axis',(-1.,0.,0.));
#11317=DIRECTION('ref_axis',(0.,-0.0312492274829532,-0.999511623635123));
#11318=DIRECTION('center_axis',(0.,-0.938839344922999,-0.344355462312643));
#11319=DIRECTION('ref_axis',(0.,0.344355462312643,-0.938839344922999));
#11320=DIRECTION('center_axis',(-1.,0.,0.));
#11321=DIRECTION('ref_axis',(0.,-0.0312492274829529,-0.999511623635122));
#11322=DIRECTION('center_axis',(1.,0.,0.));
#11323=DIRECTION('ref_axis',(0.,-0.0312492274829529,-0.999511623635122));
#11324=DIRECTION('center_axis',(0.,0.938839344923002,0.344355462312635));
#11325=DIRECTION('ref_axis',(0.707106781186541,0.243496082539902,-0.663859667239795));
#11326=DIRECTION('center_axis',(0.,-0.938839344923008,-0.34435546231262));
#11327=DIRECTION('ref_axis',(0.,0.34435546231262,-0.938839344923008));
#11328=DIRECTION('',(0.,-0.938839344923002,-0.344355462312635));
#11329=DIRECTION('',(0.,0.938839344923002,0.344355462312635));
#11330=DIRECTION('center_axis',(-1.,0.,0.));
#11331=DIRECTION('ref_axis',(0.,0.,1.));
#11332=DIRECTION('center_axis',(0.,-1.,0.));
#11333=DIRECTION('ref_axis',(0.,0.,-1.));
#11334=DIRECTION('center_axis',(1.,0.,0.));
#11335=DIRECTION('ref_axis',(0.,-0.174872317816454,0.984591119430549));
#11336=DIRECTION('center_axis',(-1.,0.,0.));
#11337=DIRECTION('ref_axis',(0.,-0.174872317816454,0.984591119430549));
#11338=DIRECTION('center_axis',(0.,1.,0.));
#11339=DIRECTION('ref_axis',(0.707106781186548,0.,-0.707106781186548));
#11340=DIRECTION('',(0.,-1.,0.));
#11341=DIRECTION('',(0.,1.,0.));
#11342=DIRECTION('center_axis',(1.,0.,-1.27054942088145E-16));
#11343=DIRECTION('ref_axis',(0.,0.92387953251127,-0.38268343236513));
#11344=DIRECTION('',(-1.,0.,1.27054942088145E-16));
#11345=DIRECTION('',(1.,0.,-1.27054942088145E-16));
#11346=DIRECTION('center_axis',(0.577350269189626,0.577350269189625,-0.577350269189626));
#11347=DIRECTION('ref_axis',(0.408248290463864,-0.816496580927729,-0.408248290463856));
#11348=DIRECTION('',(-0.577350269189626,-0.577350269189625,0.577350269189626));
#11349=DIRECTION('',(0.577350269189626,0.577350269189625,-0.577350269189626));
#11350=DIRECTION('center_axis',(1.,0.,0.));
#11351=DIRECTION('ref_axis',(0.,-0.923879532511289,-0.382683432365084));
#11352=DIRECTION('',(-1.,0.,0.));
#11353=DIRECTION('',(1.,0.,0.));
#11354=DIRECTION('center_axis',(0.,0.,-1.));
#11355=DIRECTION('ref_axis',(0.382683432365096,-0.923879532511284,0.));
#11356=DIRECTION('',(0.,0.,1.));
#11357=DIRECTION('',(0.,0.,-1.));
#11358=DIRECTION('center_axis',(-1.,0.,0.));
#11359=DIRECTION('ref_axis',(0.,0.,1.));
#11360=DIRECTION('',(-1.,0.,0.));
#11361=DIRECTION('',(1.,0.,0.));
#11362=DIRECTION('center_axis',(0.,-0.4023302788456,-0.915494591313363));
#11363=DIRECTION('ref_axis',(0.,0.915494591313363,-0.4023302788456));
#11364=DIRECTION('',(1.,0.,0.));
#11365=DIRECTION('center_axis',(1.,0.,0.));
#11366=DIRECTION('ref_axis',(0.,0.,-1.));
#11367=DIRECTION('',(1.,0.,0.));
#11368=DIRECTION('center_axis',(0.,0.,-1.));
#11369=DIRECTION('ref_axis',(-1.,0.,0.));
#11370=DIRECTION('',(-1.,0.,0.));
#11371=DIRECTION('center_axis',(0.,0.344355462312635,-0.938839344923002));
#11372=DIRECTION('ref_axis',(0.,0.938839344923002,0.344355462312635));
#11373=DIRECTION('',(1.,0.,0.));
#11374=DIRECTION('center_axis',(-1.,0.,0.));
#11375=DIRECTION('ref_axis',(0.,0.,1.));
#11376=DIRECTION('center_axis',(1.,0.,0.));
#11377=DIRECTION('ref_axis',(0.,0.,-1.));
#11378=DIRECTION('',(1.,0.,0.));
#11379=DIRECTION('',(1.,0.,0.));
#11380=DIRECTION('center_axis',(0.,-0.344355462312635,0.938839344923002));
#11381=DIRECTION('ref_axis',(0.,-0.938839344923002,-0.344355462312635));
#11382=DIRECTION('',(1.,0.,0.));
#11383=DIRECTION('center_axis',(-1.,0.,0.));
#11384=DIRECTION('ref_axis',(0.,-0.0312492274829531,-0.999511623635123));
#11385=DIRECTION('',(-1.,0.,0.));
#11386=DIRECTION('center_axis',(0.,0.,1.));
#11387=DIRECTION('ref_axis',(1.,0.,0.));
#11388=DIRECTION('',(1.,0.,0.));
#11389=DIRECTION('center_axis',(0.,0.4023302788456,0.915494591313363));
#11390=DIRECTION('ref_axis',(0.,-0.915494591313363,0.4023302788456));
#11391=DIRECTION('',(1.,0.,0.));
#11392=DIRECTION('center_axis',(1.,0.,0.));
#11393=DIRECTION('ref_axis',(0.,0.,-1.));
#11394=DIRECTION('center_axis',(0.,1.,0.));
#11395=DIRECTION('ref_axis',(0.,0.,1.));
#11396=DIRECTION('center_axis',(0.,1.,0.));
#11397=DIRECTION('ref_axis',(0.,0.,1.));
#11398=DIRECTION('center_axis',(0.,0.707106781186548,-0.707106781186547));
#11399=DIRECTION('ref_axis',(0.,0.707106781186547,0.707106781186548));
#11400=DIRECTION('center_axis',(1.,0.,0.));
#11401=DIRECTION('ref_axis',(0.,0.,-1.));
#11402=DIRECTION('center_axis',(0.70710678118655,0.707106781186545,0.));
#11403=DIRECTION('ref_axis',(-0.707106781186545,0.70710678118655,0.));
#11404=DIRECTION('center_axis',(1.19788548178389E-16,0.707106781186545,
0.70710678118655));
#11405=DIRECTION('ref_axis',(0.,-0.70710678118655,0.707106781186545));
#11406=DIRECTION('center_axis',(0.707106781186549,0.707106781186547,0.));
#11407=DIRECTION('ref_axis',(-0.707106781186547,0.707106781186549,0.));
#11408=DIRECTION('center_axis',(1.,0.,0.));
#11409=DIRECTION('ref_axis',(0.,0.,-1.));
#11410=DIRECTION('center_axis',(-0.70710678118655,0.707106781186545,0.));
#11411=DIRECTION('ref_axis',(-0.707106781186545,-0.70710678118655,0.));
#11412=DIRECTION('center_axis',(-8.98414111337917E-17,0.707106781186546,
-0.707106781186549));
#11413=DIRECTION('ref_axis',(-6.16297582203915E-33,0.707106781186549,0.707106781186546));
#11414=DIRECTION('center_axis',(0.,0.707106781186548,0.707106781186547));
#11415=DIRECTION('ref_axis',(0.,-0.707106781186547,0.707106781186548));
#11416=DIRECTION('center_axis',(0.707106781186547,-0.707106781186549,0.));
#11417=DIRECTION('ref_axis',(0.707106781186549,0.707106781186547,0.));
#11418=DIRECTION('center_axis',(0.,0.,-1.));
#11419=DIRECTION('ref_axis',(-1.,0.,0.));
#11420=DIRECTION('center_axis',(0.,0.,1.));
#11421=DIRECTION('ref_axis',(1.,0.,0.));
#11422=DIRECTION('center_axis',(0.,0.,1.));
#11423=DIRECTION('ref_axis',(1.,0.,0.));
#11424=DIRECTION('center_axis',(1.,0.,-7.85046229341875E-14));
#11425=DIRECTION('ref_axis',(0.,-1.,0.));
#11426=DIRECTION('center_axis',(2.77555756156289E-14,2.77555756156289E-14,
1.));
#11427=DIRECTION('ref_axis',(0.707106781186547,-0.707106781186547,0.));
#11428=DIRECTION('center_axis',(-0.577350269189709,-0.577350269189573,-0.577350269189596));
#11429=DIRECTION('ref_axis',(0.,-0.707106781186561,0.707106781186534));
#11430=DIRECTION('center_axis',(0.,0.,1.));
#11431=DIRECTION('ref_axis',(1.,0.,0.));
#11432=DIRECTION('center_axis',(1.,-1.11022302462516E-13,1.11022302462509E-13));
#11433=DIRECTION('ref_axis',(0.,0.707106781186527,0.707106781186568));
#11434=DIRECTION('center_axis',(-0.577350269189524,0.577350269189524,-0.57735026918983));
#11435=DIRECTION('ref_axis',(0.707106781186547,0.707106781186547,0.));
#11436=DIRECTION('center_axis',(-3.3364464747029E-13,0.,1.));
#11437=DIRECTION('ref_axis',(0.,1.,0.));
#11438=DIRECTION('center_axis',(0.,0.,1.));
#11439=DIRECTION('ref_axis',(1.,0.,0.));
#11440=DIRECTION('center_axis',(-1.,-5.55111512312547E-14,-5.55111512312558E-14));
#11441=DIRECTION('ref_axis',(0.,-0.707106781186554,0.707106781186541));
#11442=DIRECTION('center_axis',(0.57735026918966,-0.57735026918966,-0.577350269189558));
#11443=DIRECTION('ref_axis',(-0.707106781186547,-0.707106781186547,0.));
#11444=DIRECTION('center_axis',(-7.8504622934186E-14,0.,1.));
#11445=DIRECTION('ref_axis',(0.,-1.,0.));
#11446=DIRECTION('center_axis',(0.,0.,1.));
#11447=DIRECTION('ref_axis',(1.,0.,0.));
#11448=DIRECTION('center_axis',(-0.577350269189622,-0.577350269189622,0.577350269189633));
#11449=DIRECTION('ref_axis',(0.707106781186547,-0.707106781186547,0.));
#11450=DIRECTION('center_axis',(3.9252311467093E-14,0.,-1.));
#11451=DIRECTION('ref_axis',(0.,-1.,0.));
#11452=DIRECTION('center_axis',(1.,0.,0.));
#11453=DIRECTION('ref_axis',(0.,-0.707106781186558,-0.707106781186537));
#11454=DIRECTION('center_axis',(0.,0.,1.));
#11455=DIRECTION('ref_axis',(0.382683432365096,-0.923879532511284,0.));
#11456=DIRECTION('',(0.,0.,-1.));
#11457=DIRECTION('',(0.,0.,1.));
#11458=DIRECTION('center_axis',(-0.357406744336646,-0.86285620946095,-0.357406744336702));
#11459=DIRECTION('ref_axis',(0.610131476898704,-0.505449465124521,0.610131476898826));
#11460=DIRECTION('center_axis',(0.577350269189482,0.577350269189482,0.577350269189913));
#11461=DIRECTION('ref_axis',(0.707106781186547,-0.707106781186547,0.));
#11462=DIRECTION('center_axis',(0.,-2.35513868802558E-13,-1.));
#11463=DIRECTION('ref_axis',(1.,0.,0.));
#11464=DIRECTION('center_axis',(1.66533453693773E-13,-1.,0.));
#11465=DIRECTION('ref_axis',(0.,0.,1.));
#11466=DIRECTION('center_axis',(-1.,1.66533453693767E-13,1.66533453693773E-13));
#11467=DIRECTION('ref_axis',(0.,-0.707106781186561,0.707106781186534));
#11468=DIRECTION('center_axis',(0.,0.,1.));
#11469=DIRECTION('ref_axis',(1.,0.,0.));
#11470=DIRECTION('center_axis',(0.,0.,1.));
#11471=DIRECTION('ref_axis',(-0.70710678118652,0.707106781186575,0.));
#11472=DIRECTION('center_axis',(0.577350269189841,0.577350269189501,-0.577350269189535));
#11473=DIRECTION('ref_axis',(0.,0.707106781186568,0.707106781186527));
#11474=DIRECTION('center_axis',(-1.,0.,-2.35513868802544E-13));
#11475=DIRECTION('ref_axis',(0.,1.,0.));
#11476=DIRECTION('center_axis',(0.,0.,1.));
#11477=DIRECTION('ref_axis',(1.,0.,0.));
#11478=DIRECTION('center_axis',(-0.57735026918963,0.57735026918963,0.577350269189618));
#11479=DIRECTION('ref_axis',(0.,0.707106781186541,-0.707106781186554));
#11480=DIRECTION('center_axis',(1.,0.,0.));
#11481=DIRECTION('ref_axis',(0.,1.,0.));
#11482=DIRECTION('center_axis',(4.85722573273452E-14,-4.85722573273452E-14,
-1.));
#11483=DIRECTION('ref_axis',(0.707106781186547,0.707106781186547,0.));
#11484=DIRECTION('center_axis',(0.357406744336601,-0.862856209460992,0.357406744336645));
#11485=DIRECTION('ref_axis',(0.610131476898737,0.505449465124468,0.610131476898837));
#11486=DIRECTION('center_axis',(0.,1.,0.));
#11487=DIRECTION('ref_axis',(1.,0.,0.));
#11488=DIRECTION('center_axis',(2.77555756156289E-14,-2.77555756156267E-14,
-1.));
#11489=DIRECTION('ref_axis',(0.70710678118652,0.707106781186575,0.));
#11490=DIRECTION('center_axis',(0.577350269189607,-0.57735026918963,0.577350269189641));
#11491=DIRECTION('ref_axis',(0.,0.707106781186554,0.707106781186541));
#11492=DIRECTION('center_axis',(-1.,-1.57009245868372E-13,0.));
#11493=DIRECTION('ref_axis',(0.,0.,1.));
#11494=DIRECTION('center_axis',(0.357406744336594,-0.862856209461021,-0.357406744336583));
#11495=DIRECTION('ref_axis',(-0.6101314768988,-0.505449465124395,0.610131476898834));
#11496=DIRECTION('center_axis',(-0.577350269189497,0.577350269189701,0.577350269189679));
#11497=DIRECTION('ref_axis',(0.,-0.707106781186534,0.707106781186561));
#11498=DIRECTION('center_axis',(1.,7.8504622934186E-14,0.));
#11499=DIRECTION('ref_axis',(0.,0.,1.));
#11500=DIRECTION('center_axis',(0.,-1.,-5.55111512312578E-14));
#11501=DIRECTION('ref_axis',(-1.,0.,0.));
#11502=DIRECTION('center_axis',(4.16333634234433E-14,-4.16333634234433E-14,
-1.));
#11503=DIRECTION('ref_axis',(-0.707106781186547,-0.707106781186547,0.));
#11504=DIRECTION('center_axis',(-1.,0.,0.));
#11505=DIRECTION('ref_axis',(0.,-0.382683432365102,0.923879532511282));
#11506=DIRECTION('',(1.,0.,0.));
#11507=DIRECTION('',(-1.,0.,0.));
#11508=DIRECTION('center_axis',(0.,0.,1.));
#11509=DIRECTION('ref_axis',(1.,0.,0.));
#11510=DIRECTION('center_axis',(-1.,0.,0.));
#11511=DIRECTION('ref_axis',(0.,-1.,0.));
#11512=DIRECTION('center_axis',(-6.93889390390722E-15,6.93889390390722E-15,
-1.));
#11513=DIRECTION('ref_axis',(-0.707106781186547,-0.707106781186547,0.));
#11514=DIRECTION('center_axis',(0.577350269189624,-0.577350269189618,0.577350269189635));
#11515=DIRECTION('ref_axis',(0.,-0.707106781186558,-0.707106781186537));
#11516=DIRECTION('center_axis',(0.,0.,1.));
#11517=DIRECTION('ref_axis',(-0.382683432365096,-0.923879532511284,0.));
#11518=DIRECTION('',(0.,0.,-1.));
#11519=DIRECTION('',(0.,0.,1.));
#11520=DIRECTION('center_axis',(-0.469847700175463,0.389234579325119,-0.792300183577806));
#11521=DIRECTION('ref_axis',(0.610131476898778,-0.505449465124598,-0.610131476898687));
#11522=DIRECTION('center_axis',(0.,-1.,2.22044604925031E-13));
#11523=DIRECTION('ref_axis',(1.,0.,0.));
#11524=DIRECTION('center_axis',(-1.45716771982052E-13,-1.45716771982052E-13,
1.));
#11525=DIRECTION('ref_axis',(0.707106781186547,-0.707106781186547,0.));
#11526=DIRECTION('center_axis',(0.577350269189341,0.57735026918976,-0.577350269189777));
#11527=DIRECTION('ref_axis',(0.,-0.707106781186558,-0.707106781186537));
#11528=DIRECTION('center_axis',(-1.,2.35513868802576E-13,0.));
#11529=DIRECTION('ref_axis',(0.,0.,-1.));
#11530=DIRECTION('center_axis',(0.,0.,1.));
#11531=DIRECTION('ref_axis',(0.923879532511284,-0.382683432365096,0.));
#11532=DIRECTION('',(0.,0.,-1.));
#11533=DIRECTION('',(0.,0.,1.));
#11534=DIRECTION('center_axis',(-0.577350269189624,-0.577350269189626,0.577350269189627));
#11535=DIRECTION('ref_axis',(0.408248290463864,-0.816496580927729,-0.408248290463856));
#11536=DIRECTION('',(0.577350269189624,0.577350269189626,-0.577350269189627));
#11537=DIRECTION('',(-0.577350269189624,-0.577350269189626,0.577350269189627));
#11538=DIRECTION('center_axis',(0.,0.,1.));
#11539=DIRECTION('ref_axis',(1.,0.,0.));
#11540=DIRECTION('center_axis',(0.577350269189837,0.577350269189792,0.577350269189248));
#11541=DIRECTION('ref_axis',(-0.70710678118652,0.707106781186575,0.));
#11542=DIRECTION('center_axis',(-3.23831569603492E-13,0.,-1.));
#11543=DIRECTION('ref_axis',(0.,1.,0.));
#11544=DIRECTION('center_axis',(-1.,3.3306690738751E-13,3.33066907387516E-13));
#11545=DIRECTION('ref_axis',(0.,0.707106781186554,-0.707106781186541));
#11546=DIRECTION('center_axis',(0.,0.,-1.));
#11547=DIRECTION('ref_axis',(-0.382683432365075,0.923879532511293,0.));
#11548=DIRECTION('',(0.,0.,1.));
#11549=DIRECTION('',(0.,0.,-1.));
#11550=DIRECTION('center_axis',(-1.,0.,1.27054942088145E-16));
#11551=DIRECTION('ref_axis',(0.,0.923879532511296,-0.382683432365069));
#11552=DIRECTION('',(1.,0.,-1.27054942088145E-16));
#11553=DIRECTION('',(-1.,0.,1.27054942088145E-16));
#11554=DIRECTION('center_axis',(-0.357406744336602,-0.862856209460996,0.357406744336636));
#11555=DIRECTION('ref_axis',(-0.610131476898777,0.505449465124464,0.610131476898799));
#11556=DIRECTION('center_axis',(0.,1.,0.));
#11557=DIRECTION('ref_axis',(0.,0.,1.));
#11558=DIRECTION('center_axis',(1.,5.55111512312545E-14,-5.55111512312578E-14));
#11559=DIRECTION('ref_axis',(0.,0.707106781186568,0.707106781186527));
#11560=DIRECTION('center_axis',(-0.577350269189648,-0.577350269189694,0.577350269189535));
#11561=DIRECTION('ref_axis',(-0.707106781186575,0.70710678118652,0.));
#11562=DIRECTION('center_axis',(0.,-5.88784672006395E-14,-1.));
#11563=DIRECTION('ref_axis',(-1.,0.,0.));
#11564=DIRECTION('center_axis',(1.,-1.6940658945086E-16,0.));
#11565=DIRECTION('ref_axis',(0.,0.382683432365107,0.92387953251128));
#11566=DIRECTION('',(-1.,1.6940658945086E-16,0.));
#11567=DIRECTION('',(1.,-1.6940658945086E-16,0.));
#11568=DIRECTION('center_axis',(0.577350269189626,0.577350269189626,-0.577350269189625));
#11569=DIRECTION('ref_axis',(-0.408248290463867,0.816496580927735,0.408248290463841));
#11570=DIRECTION('',(-0.577350269189626,-0.577350269189626,0.577350269189625));
#11571=DIRECTION('',(0.577350269189626,0.577350269189626,-0.577350269189625));
#11572=DIRECTION('center_axis',(0.357406744336608,-0.862856209461008,-0.357406744336599));
#11573=DIRECTION('ref_axis',(0.610131476898804,0.505449465124397,-0.610131476898829));
#11574=DIRECTION('center_axis',(0.,8.34111618675726E-14,-1.));
#11575=DIRECTION('ref_axis',(1.,0.,0.));
#11576=DIRECTION('center_axis',(0.,-1.,0.));
#11577=DIRECTION('ref_axis',(0.,0.,-1.));
#11578=DIRECTION('center_axis',(1.,0.,0.));
#11579=DIRECTION('ref_axis',(0.,0.70710678118652,-0.707106781186575));
#11580=DIRECTION('center_axis',(-0.577350269189713,0.577350269189713,0.577350269189452));
#11581=DIRECTION('ref_axis',(0.707106781186547,0.707106781186547,0.));
#11582=DIRECTION('center_axis',(0.,-1.,0.));
#11583=DIRECTION('ref_axis',(0.707106781186548,0.,-0.707106781186548));
#11584=DIRECTION('center_axis',(0.,1.,0.));
#11585=DIRECTION('ref_axis',(1.,0.,0.));
#11586=DIRECTION('',(0.,1.,0.));
#11587=DIRECTION('',(0.,-1.,0.));
#11588=DIRECTION('center_axis',(1.,0.,0.));
#11589=DIRECTION('ref_axis',(0.,0.,-1.));
#11590=DIRECTION('center_axis',(0.,0.938839344922997,0.34435546231265));
#11591=DIRECTION('ref_axis',(1.,0.,0.));
#11592=DIRECTION('center_axis',(-1.,0.,0.));
#11593=DIRECTION('ref_axis',(0.,-0.174872317816455,0.984591119430549));
#11594=DIRECTION('center_axis',(1.,0.,0.));
#11595=DIRECTION('ref_axis',(0.,-0.174872317816455,0.984591119430549));
#11596=DIRECTION('center_axis',(0.,-0.938839344923002,-0.344355462312635));
#11597=DIRECTION('ref_axis',(0.707106781186541,0.243496082539902,-0.663859667239795));
#11598=DIRECTION('center_axis',(0.,0.938839344923003,0.344355462312632));
#11599=DIRECTION('ref_axis',(1.,0.,0.));
#11600=DIRECTION('',(0.,0.938839344923002,0.344355462312635));
#11601=DIRECTION('',(0.,-0.938839344923002,-0.344355462312635));
#11602=DIRECTION('center_axis',(-1.,0.,0.));
#11603=DIRECTION('ref_axis',(0.,-0.0312492274829532,-0.999511623635122));
#11604=DIRECTION('center_axis',(0.,0.915494591313374,-0.402330278845576));
#11605=DIRECTION('ref_axis',(1.,0.,0.));
#11606=DIRECTION('center_axis',(1.,0.,0.));
#11607=DIRECTION('ref_axis',(0.,-0.0312492274829534,-0.999511623635122));
#11608=DIRECTION('center_axis',(-1.,0.,0.));
#11609=DIRECTION('ref_axis',(0.,-0.0312492274829534,-0.999511623635122));
#11610=DIRECTION('center_axis',(0.,-0.915494591313363,0.4023302788456));
#11611=DIRECTION('ref_axis',(0.707106781186554,-0.284490468448395,-0.647352433657281));
#11612=DIRECTION('center_axis',(0.,0.915494591313379,-0.402330278845565));
#11613=DIRECTION('ref_axis',(1.,0.,0.));
#11614=DIRECTION('',(0.,0.915494591313363,-0.4023302788456));
#11615=DIRECTION('',(0.,-0.915494591313363,0.4023302788456));
#11616=DIRECTION('center_axis',(1.,0.,0.));
#11617=DIRECTION('ref_axis',(0.,0.,-1.));
#11618=DIRECTION('center_axis',(0.,1.,0.));
#11619=DIRECTION('ref_axis',(1.,0.,0.));
#11620=DIRECTION('center_axis',(-1.,0.,0.));
#11621=DIRECTION('ref_axis',(0.,0.205554626178344,0.978645643558833));
#11622=DIRECTION('center_axis',(1.,0.,0.));
#11623=DIRECTION('ref_axis',(0.,0.205554626178344,0.978645643558832));
#11624=DIRECTION('center_axis',(0.,-1.,0.));
#11625=DIRECTION('ref_axis',(0.707106781186548,0.,-0.707106781186548));
#11626=DIRECTION('',(0.,1.,0.));
#11627=DIRECTION('',(0.,-1.,0.));
#11628=DIRECTION('center_axis',(0.46984770017568,0.389234579325063,-0.792300183577705));
#11629=DIRECTION('ref_axis',(-0.610131476898892,-0.505449465124308,-0.610131476898814));
#11630=DIRECTION('center_axis',(-1.11022302462516E-13,-1.,0.));
#11631=DIRECTION('ref_axis',(0.,0.,-1.));
#11632=DIRECTION('center_axis',(1.,5.55111512312589E-14,-5.55111512312578E-14));
#11633=DIRECTION('ref_axis',(0.,-0.707106781186541,-0.707106781186554));
#11634=DIRECTION('center_axis',(-0.577350269189572,0.577350269189572,-0.577350269189734));
#11635=DIRECTION('ref_axis',(-0.707106781186547,-0.707106781186547,0.));
#11636=DIRECTION('center_axis',(0.,-9.81307786677324E-14,1.));
#11637=DIRECTION('ref_axis',(-1.,0.,0.));
#11638=DIRECTION('center_axis',(1.,0.,0.));
#11639=DIRECTION('ref_axis',(0.,-0.382683432365104,-0.923879532511281));
#11640=DIRECTION('',(-1.,0.,0.));
#11641=DIRECTION('',(1.,0.,0.));
#11642=DIRECTION('center_axis',(0.577350269189626,-0.577350269189625,0.577350269189626));
#11643=DIRECTION('ref_axis',(-0.408248290463864,-0.816496580927729,-0.408248290463856));
#11644=DIRECTION('',(-0.577350269189626,0.577350269189625,-0.577350269189626));
#11645=DIRECTION('',(0.577350269189626,-0.577350269189625,0.577350269189626));
#11646=DIRECTION('center_axis',(0.,0.,1.));
#11647=DIRECTION('ref_axis',(-0.923879532511284,-0.382683432365096,0.));
#11648=DIRECTION('',(0.,0.,-1.));
#11649=DIRECTION('',(0.,0.,1.));
#11650=DIRECTION('center_axis',(0.469847700175659,-0.389234579325046,-0.792300183577726));
#11651=DIRECTION('ref_axis',(-0.61013147689887,0.505449465124378,-0.610131476898778));
#11652=DIRECTION('center_axis',(-1.,-1.57009245868397E-13,0.));
#11653=DIRECTION('ref_axis',(0.,0.,-1.));
#11654=DIRECTION('center_axis',(0.,-1.,0.));
#11655=DIRECTION('ref_axis',(-1.,0.,0.));
#11656=DIRECTION('center_axis',(5.89805981832114E-14,5.89805981832114E-14,
-1.));
#11657=DIRECTION('ref_axis',(-0.707106781186547,0.707106781186547,0.));
#11658=DIRECTION('center_axis',(0.577350269189796,0.577350269189541,0.577350269189541));
#11659=DIRECTION('ref_axis',(0.,0.707106781186547,-0.707106781186547));
#11660=DIRECTION('center_axis',(0.,-1.,0.));
#11661=DIRECTION('ref_axis',(-0.707106781186548,0.,-0.707106781186548));
#11662=DIRECTION('center_axis',(0.,1.,0.));
#11663=DIRECTION('ref_axis',(0.,0.,-1.));
#11664=DIRECTION('',(0.,1.,0.));
#11665=DIRECTION('',(0.,-1.,0.));
#11666=DIRECTION('center_axis',(1.,0.,0.));
#11667=DIRECTION('ref_axis',(0.,0.,-1.));
#11668=DIRECTION('center_axis',(0.,0.938839344922997,0.34435546231265));
#11669=DIRECTION('ref_axis',(0.,0.34435546231265,-0.938839344922997));
#11670=DIRECTION('center_axis',(-1.,0.,0.));
#11671=DIRECTION('ref_axis',(0.,-0.174872317816455,0.984591119430549));
#11672=DIRECTION('center_axis',(1.,0.,0.));
#11673=DIRECTION('ref_axis',(0.,-0.174872317816455,0.984591119430549));
#11674=DIRECTION('center_axis',(0.,-0.938839344923002,-0.344355462312635));
#11675=DIRECTION('ref_axis',(-0.707106781186541,0.243496082539902,-0.663859667239795));
#11676=DIRECTION('center_axis',(0.,0.938839344923003,0.344355462312632));
#11677=DIRECTION('ref_axis',(0.,0.344355462312632,-0.938839344923003));
#11678=DIRECTION('',(0.,0.938839344923002,0.344355462312635));
#11679=DIRECTION('',(0.,-0.938839344923002,-0.344355462312635));
#11680=DIRECTION('center_axis',(-1.,0.,0.));
#11681=DIRECTION('ref_axis',(0.,-0.0312492274829532,-0.999511623635122));
#11682=DIRECTION('center_axis',(0.,0.915494591313374,-0.402330278845576));
#11683=DIRECTION('ref_axis',(0.,-0.402330278845576,-0.915494591313373));
#11684=DIRECTION('center_axis',(1.,0.,0.));
#11685=DIRECTION('ref_axis',(0.,-0.0312492274829534,-0.999511623635122));
#11686=DIRECTION('center_axis',(-1.,0.,0.));
#11687=DIRECTION('ref_axis',(0.,-0.0312492274829534,-0.999511623635122));
#11688=DIRECTION('center_axis',(0.,-0.915494591313363,0.4023302788456));
#11689=DIRECTION('ref_axis',(-0.707106781186554,-0.284490468448395,-0.647352433657281));
#11690=DIRECTION('center_axis',(0.,0.915494591313379,-0.402330278845565));
#11691=DIRECTION('ref_axis',(0.,-0.402330278845565,-0.915494591313378));
#11692=DIRECTION('',(0.,0.915494591313363,-0.4023302788456));
#11693=DIRECTION('',(0.,-0.915494591313363,0.4023302788456));
#11694=DIRECTION('center_axis',(1.,0.,0.));
#11695=DIRECTION('ref_axis',(0.,0.,-1.));
#11696=DIRECTION('center_axis',(0.,1.,0.));
#11697=DIRECTION('ref_axis',(0.,0.,-1.));
#11698=DIRECTION('center_axis',(-1.,0.,0.));
#11699=DIRECTION('ref_axis',(0.,0.205554626178344,0.978645643558832));
#11700=DIRECTION('center_axis',(1.,0.,0.));
#11701=DIRECTION('ref_axis',(0.,0.205554626178344,0.978645643558833));
#11702=DIRECTION('center_axis',(0.,-1.,0.));
#11703=DIRECTION('ref_axis',(-0.707106781186548,0.,-0.707106781186548));
#11704=DIRECTION('',(0.,1.,0.));
#11705=DIRECTION('',(0.,-1.,0.));
#11706=DIRECTION('center_axis',(0.,0.,1.));
#11707=DIRECTION('ref_axis',(-0.923879532511284,0.382683432365096,0.));
#11708=DIRECTION('',(0.,0.,-1.));
#11709=DIRECTION('',(0.,0.,1.));
#11710=DIRECTION('center_axis',(-0.577350269189626,-0.577350269189626,-0.577350269189626));
#11711=DIRECTION('ref_axis',(-0.40824829046381,0.816496580927747,-0.408248290463874));
#11712=DIRECTION('',(0.577350269189626,0.577350269189626,0.577350269189626));
#11713=DIRECTION('',(-0.577350269189626,-0.577350269189626,-0.577350269189626));
#11714=DIRECTION('center_axis',(-1.,-1.27054942088145E-16,0.));
#11715=DIRECTION('ref_axis',(0.,0.382683432365015,-0.923879532511318));
#11716=DIRECTION('',(1.,1.27054942088145E-16,0.));
#11717=DIRECTION('',(-1.,-1.27054942088145E-16,0.));
#11718=DIRECTION('center_axis',(0.577350269189626,-0.577350269189626,-0.577350269189626));
#11719=DIRECTION('ref_axis',(0.408248290463862,0.816496580927725,-0.408248290463866));
#11720=DIRECTION('',(-0.577350269189626,0.577350269189626,0.577350269189626));
#11721=DIRECTION('',(0.577350269189626,-0.577350269189626,-0.577350269189626));
#11722=DIRECTION('center_axis',(0.,0.,-1.));
#11723=DIRECTION('ref_axis',(0.923879532511275,0.382683432365118,0.));
#11724=DIRECTION('',(0.,0.,1.));
#11725=DIRECTION('',(0.,0.,-1.));
#11726=DIRECTION('center_axis',(0.,1.,0.));
#11727=DIRECTION('ref_axis',(-0.707106781186548,0.,0.707106781186548));
#11728=DIRECTION('center_axis',(0.,-1.,0.));
#11729=DIRECTION('ref_axis',(0.,0.,1.));
#11730=DIRECTION('',(0.,-1.,0.));
#11731=DIRECTION('',(0.,1.,0.));
#11732=DIRECTION('center_axis',(1.,0.,0.));
#11733=DIRECTION('ref_axis',(0.,0.,-1.));
#11734=DIRECTION('center_axis',(0.,-0.91549459131336,0.402330278845607));
#11735=DIRECTION('ref_axis',(0.,0.402330278845607,0.91549459131336));
#11736=DIRECTION('center_axis',(1.,0.,0.));
#11737=DIRECTION('ref_axis',(0.,0.205554626178344,0.978645643558833));
#11738=DIRECTION('center_axis',(-1.,0.,0.));
#11739=DIRECTION('ref_axis',(0.,0.205554626178344,0.978645643558833));
#11740=DIRECTION('center_axis',(0.,0.915494591313363,-0.4023302788456));
#11741=DIRECTION('ref_axis',(-0.707106781186548,0.284490468448393,0.647352433657288));
#11742=DIRECTION('center_axis',(0.,-0.915494591313365,0.402330278845596));
#11743=DIRECTION('ref_axis',(0.,0.402330278845596,0.915494591313365));
#11744=DIRECTION('',(0.,-0.915494591313363,0.4023302788456));
#11745=DIRECTION('',(0.,0.915494591313363,-0.4023302788456));
#11746=DIRECTION('center_axis',(1.,0.,0.));
#11747=DIRECTION('ref_axis',(0.,0.,-1.));
#11748=DIRECTION('center_axis',(0.,-0.938839344923002,-0.344355462312635));
#11749=DIRECTION('ref_axis',(0.,-0.344355462312635,0.938839344923002));
#11750=DIRECTION('center_axis',(-1.,0.,0.));
#11751=DIRECTION('ref_axis',(0.,-0.0312492274829534,-0.999511623635122));
#11752=DIRECTION('center_axis',(1.,0.,0.));
#11753=DIRECTION('ref_axis',(0.,-0.0312492274829534,-0.999511623635122));
#11754=DIRECTION('center_axis',(0.,0.938839344923002,0.344355462312635));
#11755=DIRECTION('ref_axis',(-0.707106781186545,-0.243496082539903,0.663859667239789));
#11756=DIRECTION('center_axis',(0.,-0.938839344923003,-0.344355462312633));
#11757=DIRECTION('ref_axis',(0.,-0.344355462312633,0.938839344923003));
#11758=DIRECTION('',(0.,-0.938839344923002,-0.344355462312635));
#11759=DIRECTION('',(0.,0.938839344923002,0.344355462312635));
#11760=DIRECTION('center_axis',(1.,0.,0.));
#11761=DIRECTION('ref_axis',(0.,0.,-1.));
#11762=DIRECTION('center_axis',(0.,-1.,0.));
#11763=DIRECTION('ref_axis',(0.,0.,1.));
#11764=DIRECTION('center_axis',(1.,0.,0.));
#11765=DIRECTION('ref_axis',(0.,-0.174872317816455,0.984591119430549));
#11766=DIRECTION('center_axis',(-1.,0.,0.));
#11767=DIRECTION('ref_axis',(0.,-0.174872317816455,0.984591119430549));
#11768=DIRECTION('center_axis',(0.,1.,0.));
#11769=DIRECTION('ref_axis',(-0.707106781186548,0.,0.707106781186548));
#11770=DIRECTION('',(0.,-1.,0.));
#11771=DIRECTION('',(0.,1.,0.));
#11772=DIRECTION('center_axis',(-1.,0.,0.));
#11773=DIRECTION('ref_axis',(0.,-0.923879532511287,-0.38268343236509));
#11774=DIRECTION('',(1.,0.,0.));
#11775=DIRECTION('',(-1.,0.,0.));
#11776=DIRECTION('center_axis',(-0.577350269189626,0.577350269189625,0.577350269189626));
#11777=DIRECTION('ref_axis',(-0.40824829046389,-0.816496580927715,0.408248290463858));
#11778=DIRECTION('',(0.577350269189626,-0.577350269189625,-0.577350269189626));
#11779=DIRECTION('',(-0.577350269189626,0.577350269189625,0.577350269189626));
#11780=DIRECTION('center_axis',(-0.577350269189626,0.577350269189626,-0.577350269189625));
#11781=DIRECTION('ref_axis',(0.408248290463863,0.816496580927726,0.408248290463863));
#11782=DIRECTION('',(0.577350269189626,-0.577350269189626,0.577350269189625));
#11783=DIRECTION('',(-0.577350269189626,0.577350269189626,-0.577350269189625));
#11784=DIRECTION('center_axis',(0.,1.,0.));
#11785=DIRECTION('ref_axis',(0.707106781186548,0.,0.707106781186548));
#11786=DIRECTION('center_axis',(0.,-1.,0.));
#11787=DIRECTION('ref_axis',(1.,0.,0.));
#11788=DIRECTION('',(0.,-1.,0.));
#11789=DIRECTION('',(0.,1.,0.));
#11790=DIRECTION('center_axis',(-1.,0.,0.));
#11791=DIRECTION('ref_axis',(0.,0.,1.));
#11792=DIRECTION('center_axis',(0.,-0.91549459131336,0.402330278845607));
#11793=DIRECTION('ref_axis',(1.,0.,0.));
#11794=DIRECTION('center_axis',(1.,0.,0.));
#11795=DIRECTION('ref_axis',(0.,0.205554626178344,0.978645643558833));
#11796=DIRECTION('center_axis',(-1.,0.,0.));
#11797=DIRECTION('ref_axis',(0.,0.205554626178344,0.978645643558833));
#11798=DIRECTION('center_axis',(0.,0.915494591313363,-0.4023302788456));
#11799=DIRECTION('ref_axis',(0.707106781186548,0.284490468448393,0.647352433657288));
#11800=DIRECTION('center_axis',(0.,-0.915494591313365,0.402330278845596));
#11801=DIRECTION('ref_axis',(1.,0.,0.));
#11802=DIRECTION('',(0.,-0.915494591313363,0.4023302788456));
#11803=DIRECTION('',(0.,0.915494591313363,-0.4023302788456));
#11804=DIRECTION('center_axis',(1.,0.,0.));
#11805=DIRECTION('ref_axis',(0.,0.,-1.));
#11806=DIRECTION('center_axis',(0.,-0.938839344923002,-0.344355462312635));
#11807=DIRECTION('ref_axis',(1.,0.,0.));
#11808=DIRECTION('center_axis',(-1.,0.,0.));
#11809=DIRECTION('ref_axis',(0.,-0.0312492274829534,-0.999511623635122));
#11810=DIRECTION('center_axis',(1.,0.,0.));
#11811=DIRECTION('ref_axis',(0.,-0.0312492274829534,-0.999511623635122));
#11812=DIRECTION('center_axis',(0.,0.938839344923002,0.344355462312635));
#11813=DIRECTION('ref_axis',(0.707106781186545,-0.243496082539903,0.663859667239789));
#11814=DIRECTION('center_axis',(0.,-0.938839344923003,-0.344355462312633));
#11815=DIRECTION('ref_axis',(1.,0.,0.));
#11816=DIRECTION('',(0.,-0.938839344923002,-0.344355462312635));
#11817=DIRECTION('',(0.,0.938839344923002,0.344355462312635));
#11818=DIRECTION('center_axis',(-1.,0.,0.));
#11819=DIRECTION('ref_axis',(0.,0.,1.));
#11820=DIRECTION('center_axis',(0.,-1.,0.));
#11821=DIRECTION('ref_axis',(1.,0.,0.));
#11822=DIRECTION('center_axis',(1.,0.,0.));
#11823=DIRECTION('ref_axis',(0.,-0.174872317816454,0.984591119430549));
#11824=DIRECTION('center_axis',(-1.,0.,0.));
#11825=DIRECTION('ref_axis',(0.,-0.174872317816454,0.984591119430549));
#11826=DIRECTION('center_axis',(0.,1.,0.));
#11827=DIRECTION('ref_axis',(0.707106781186548,0.,0.707106781186548));
#11828=DIRECTION('',(0.,-1.,0.));
#11829=DIRECTION('',(0.,1.,0.));
#11830=DIRECTION('center_axis',(0.,0.,-1.));
#11831=DIRECTION('ref_axis',(0.382683432365075,0.923879532511293,0.));
#11832=DIRECTION('',(0.,0.,1.));
#11833=DIRECTION('',(0.,0.,-1.));
#11834=DIRECTION('center_axis',(-1.,0.,1.6940658945086E-16));
#11835=DIRECTION('ref_axis',(0.,0.92387953251127,0.38268343236513));
#11836=DIRECTION('',(1.,0.,-1.6940658945086E-16));
#11837=DIRECTION('',(-1.,0.,1.6940658945086E-16));
#11838=DIRECTION('center_axis',(0.577350269189624,0.577350269189626,0.577350269189627));
#11839=DIRECTION('ref_axis',(0.408248290463866,-0.816496580927731,0.40824829046385));
#11840=DIRECTION('',(-0.577350269189624,-0.577350269189626,-0.577350269189627));
#11841=DIRECTION('',(0.577350269189624,0.577350269189626,0.577350269189627));
#11842=DIRECTION('center_axis',(-1.,0.,0.));
#11843=DIRECTION('ref_axis',(0.,-0.923879532511293,0.382683432365075));
#11844=DIRECTION('',(1.,0.,0.));
#11845=DIRECTION('',(-1.,0.,0.));
#11846=DIRECTION('center_axis',(1.,0.,0.));
#11847=DIRECTION('ref_axis',(0.,0.,-1.));
#11848=DIRECTION('',(-1.,0.,0.));
#11849=DIRECTION('',(1.,0.,0.));
#11850=DIRECTION('center_axis',(0.,-0.4023302788456,-0.915494591313363));
#11851=DIRECTION('ref_axis',(0.,0.915494591313363,-0.4023302788456));
#11852=DIRECTION('',(-1.,0.,0.));
#11853=DIRECTION('center_axis',(-1.,0.,0.));
#11854=DIRECTION('ref_axis',(0.,-0.0312492274829531,-0.999511623635123));
#11855=DIRECTION('',(-1.,0.,0.));
#11856=DIRECTION('center_axis',(0.,0.344355462312635,-0.938839344923002));
#11857=DIRECTION('ref_axis',(0.,0.938839344923002,0.344355462312635));
#11858=DIRECTION('',(1.,0.,0.));
#11859=DIRECTION('center_axis',(1.,0.,0.));
#11860=DIRECTION('ref_axis',(0.,0.,-1.));
#11861=DIRECTION('',(-1.,0.,0.));
#11862=DIRECTION('center_axis',(0.,0.,-1.));
#11863=DIRECTION('ref_axis',(-1.,0.,0.));
#11864=DIRECTION('center_axis',(0.,0.,1.));
#11865=DIRECTION('ref_axis',(1.,0.,0.));
#11866=DIRECTION('',(-1.,0.,0.));
#11867=DIRECTION('center_axis',(0.,0.707106781186548,-0.707106781186547));
#11868=DIRECTION('ref_axis',(0.,0.707106781186547,0.707106781186548));
#11869=DIRECTION('center_axis',(0.,1.,0.));
#11870=DIRECTION('ref_axis',(0.,0.,1.));
#11871=DIRECTION('center_axis',(-0.707106781186547,-0.707106781186549,0.));
#11872=DIRECTION('ref_axis',(0.707106781186549,-0.707106781186547,0.));
#11873=DIRECTION('center_axis',(-0.707106781186549,0.707106781186547,0.));
#11874=DIRECTION('ref_axis',(-0.707106781186547,-0.707106781186549,0.));
#11875=DIRECTION('center_axis',(0.,0.707106781186548,0.707106781186547));
#11876=DIRECTION('ref_axis',(0.,-0.707106781186547,0.707106781186548));
#11877=DIRECTION('center_axis',(-0.707106781186548,0.707106781186548,0.));
#11878=DIRECTION('ref_axis',(-0.707106781186548,-0.707106781186548,0.));
#11879=DIRECTION('center_axis',(0.,1.,0.));
#11880=DIRECTION('ref_axis',(0.,0.,1.));
#11881=DIRECTION('center_axis',(-8.98414111337915E-17,0.707106781186548,
-0.707106781186548));
#11882=DIRECTION('ref_axis',(0.,0.707106781186548,0.707106781186548));
#11883=DIRECTION('center_axis',(1.19788548178389E-16,0.707106781186547,
0.707106781186548));
#11884=DIRECTION('ref_axis',(0.,-0.707106781186548,0.707106781186547));
#11885=DIRECTION('center_axis',(-1.,0.,0.));
#11886=DIRECTION('ref_axis',(0.,0.,1.));
#11887=DIRECTION('center_axis',(-1.,0.,0.));
#11888=DIRECTION('ref_axis',(0.,0.,1.));
#11889=DIRECTION('center_axis',(0.707106781186548,0.707106781186548,0.));
#11890=DIRECTION('ref_axis',(-0.707106781186548,0.707106781186548,0.));
#11891=DIRECTION('center_axis',(1.,0.,0.));
#11892=DIRECTION('ref_axis',(0.,0.,-1.));
#11893=DIRECTION('',(-1.,0.,0.));
#11894=DIRECTION('',(1.,0.,0.));
#11895=DIRECTION('center_axis',(0.,0.,-1.));
#11896=DIRECTION('ref_axis',(-1.,0.,0.));
#11897=DIRECTION('center_axis',(-1.,0.,0.));
#11898=DIRECTION('ref_axis',(0.,0.,1.));
#11899=DIRECTION('',(-1.,0.,0.));
#11900=DIRECTION('center_axis',(0.,0.4023302788456,0.915494591313363));
#11901=DIRECTION('ref_axis',(0.,-0.915494591313363,0.4023302788456));
#11902=DIRECTION('center_axis',(0.,-0.344355462312635,0.938839344923002));
#11903=DIRECTION('ref_axis',(0.,-0.938839344923002,-0.344355462312635));
#11904=DIRECTION('',(-1.,0.,0.));
#11905=DIRECTION('center_axis',(-1.,0.,0.));
#11906=DIRECTION('ref_axis',(0.,0.,1.));
#11907=DIRECTION('',(-1.,0.,0.));
#11908=DIRECTION('center_axis',(0.,0.,1.));
#11909=DIRECTION('ref_axis',(1.,0.,0.));
#11910=DIRECTION('axis',(0.,0.,1.));
#11911=DIRECTION('refdir',(1.,0.,0.));
#11912=DIRECTION('center_axis',(1.,0.,-1.31418445149758E-16));
#11913=DIRECTION('ref_axis',(0.,-0.707106781186548,0.707106781186548));
#11914=DIRECTION('',(1.,0.,-1.31418445149758E-16));
#11915=DIRECTION('center_axis',(-0.707106781186548,-0.707106781186548,6.54205191118251E-15));
#11916=DIRECTION('ref_axis',(-0.707106781186547,0.707106781186547,-6.35619816370574E-15));
#11917=DIRECTION('',(-1.,0.,1.31418445149758E-16));
#11918=DIRECTION('center_axis',(-0.707106781186542,0.707106781186553,0.));
#11919=DIRECTION('ref_axis',(0.707106781186553,0.707106781186542,-5.37341431410375E-32));
#11920=DIRECTION('center_axis',(-5.78241158658936E-16,1.,7.59915539925519E-32));
#11921=DIRECTION('ref_axis',(0.707106781186541,0.,0.707106781186554));
#11922=DIRECTION('',(-5.78241158658936E-16,1.,7.59915539925519E-32));
#11923=DIRECTION('center_axis',(9.29268737383864E-17,-0.707106781186547,
0.707106781186548));
#11924=DIRECTION('ref_axis',(-7.15536927785574E-16,0.707106781186548,0.707106781186547));
#11925=DIRECTION('center_axis',(-0.707106781186563,-0.707106781186532,-6.54205191118225E-15));
#11926=DIRECTION('ref_axis',(0.707106781186532,-0.707106781186563,6.54205191118196E-15));
#11927=DIRECTION('',(5.78241158658936E-16,-1.,-7.59915539925519E-32));
#11928=DIRECTION('center_axis',(-1.,0.,1.46184562582315E-16));
#11929=DIRECTION('ref_axis',(0.,0.923879532511288,-0.382683432365086));
#11930=DIRECTION('',(1.,0.,-1.46184562582315E-16));
#11931=DIRECTION('center_axis',(-0.707106781186548,0.,-0.707106781186548));
#11932=DIRECTION('ref_axis',(0.707106781186547,0.,-0.707106781186547));
#11933=DIRECTION('',(-1.,0.,1.46184562582315E-16));
#11934=DIRECTION('center_axis',(-0.707106781186538,0.,-0.707106781186557));
#11935=DIRECTION('ref_axis',(-0.707106781186557,0.,0.707106781186538));
#11936=DIRECTION('center_axis',(-0.816496580927736,0.408248290463853,0.408248290463853));
#11937=DIRECTION('ref_axis',(0.577350269189611,0.577350269189641,0.577350269189626));
#11938=DIRECTION('center_axis',(1.,0.,0.));
#11939=DIRECTION('ref_axis',(0.,0.,1.));
#11940=DIRECTION('center_axis',(0.,1.,0.));
#11941=DIRECTION('ref_axis',(1.,0.,0.));
#11942=DIRECTION('center_axis',(3.70074341541719E-14,0.,1.));
#11943=DIRECTION('ref_axis',(0.,1.,0.));
#11944=DIRECTION('center_axis',(-1.,0.,1.31418445149758E-16));
#11945=DIRECTION('ref_axis',(0.,-0.382683432365092,0.923879532511286));
#11946=DIRECTION('',(-1.,0.,1.31418445149758E-16));
#11947=DIRECTION('center_axis',(-0.707106781186583,0.707106781186512,-6.54205191118206E-15));
#11948=DIRECTION('ref_axis',(0.707106781186512,0.707106781186583,-6.7279056586595E-15));
#11949=DIRECTION('',(-1.,0.,1.31418445149758E-16));
#11950=DIRECTION('center_axis',(0.,-1.,0.));
#11951=DIRECTION('ref_axis',(0.707106781186534,0.,0.707106781186561));
#11952=DIRECTION('',(0.,1.,0.));
#11953=DIRECTION('',(0.,-1.,0.));
#11954=DIRECTION('center_axis',(-0.408248290463875,-0.816496580927721,0.408248290463861));
#11955=DIRECTION('ref_axis',(-0.577350269189626,0.577350269189626,0.577350269189626));
#11956=DIRECTION('center_axis',(0.,1.,0.));
#11957=DIRECTION('ref_axis',(0.,0.,1.));
#11958=DIRECTION('center_axis',(-1.,0.,0.));
#11959=DIRECTION('ref_axis',(0.,1.,0.));
#11960=DIRECTION('center_axis',(0.,0.,1.));
#11961=DIRECTION('ref_axis',(-1.,0.,0.));
#11962=DIRECTION('center_axis',(1.,0.,-1.31418445149758E-16));
#11963=DIRECTION('ref_axis',(0.,0.707106781186561,0.707106781186534));
#11964=DIRECTION('',(-1.,0.,1.31418445149758E-16));
#11965=DIRECTION('',(1.,0.,-1.31418445149758E-16));
#11966=DIRECTION('center_axis',(-1.31418445149758E-16,0.,-1.));
#11967=DIRECTION('ref_axis',(1.,0.,0.));
#11968=DIRECTION('center_axis',(-1.31418445149758E-16,0.,-1.));
#11969=DIRECTION('ref_axis',(1.,0.,-1.31418445149758E-16));
#11970=DIRECTION('center_axis',(1.31418445149758E-16,0.,1.));
#11971=DIRECTION('ref_axis',(1.,0.,-1.2966333158348E-16));
#11972=DIRECTION('center_axis',(-0.408248290463874,-0.816496580927719,-0.408248290463867));
#11973=DIRECTION('ref_axis',(-0.577350269189626,0.577350269189626,-0.577350269189626));
#11974=DIRECTION('center_axis',(-1.,0.,0.));
#11975=DIRECTION('ref_axis',(0.,0.,-1.));
#11976=DIRECTION('center_axis',(0.,1.,0.));
#11977=DIRECTION('ref_axis',(-1.,0.,0.));
#11978=DIRECTION('center_axis',(0.,0.,-1.));
#11979=DIRECTION('ref_axis',(0.,1.,0.));
#11980=DIRECTION('center_axis',(1.,0.,-1.31418445149758E-16));
#11981=DIRECTION('ref_axis',(0.,-0.707106781186548,0.707106781186548));
#11982=DIRECTION('',(1.,0.,-1.31418445149758E-16));
#11983=DIRECTION('center_axis',(-0.707106781186548,-0.707106781186548,0.));
#11984=DIRECTION('ref_axis',(-0.707106781186547,0.707106781186547,1.85853747476773E-16));
#11985=DIRECTION('',(-1.,0.,1.31418445149758E-16));
#11986=DIRECTION('center_axis',(0.707106781186569,-0.707106781186526,3.27102595559129E-15));
#11987=DIRECTION('ref_axis',(-0.707106781186526,-0.707106781186569,3.45687970306827E-15));
#11988=DIRECTION('center_axis',(0.,0.,1.));
#11989=DIRECTION('ref_axis',(-0.707106781186534,0.707106781186561,0.));
#11990=DIRECTION('',(0.,0.,1.));
#11991=DIRECTION('center_axis',(0.,0.,-1.));
#11992=DIRECTION('ref_axis',(-1.,0.,0.));
#11993=DIRECTION('',(0.,0.,-1.));
#11994=DIRECTION('center_axis',(0.,-0.707106781186546,0.707106781186549));
#11995=DIRECTION('ref_axis',(0.,-0.707106781186549,-0.707106781186546));
#11996=DIRECTION('center_axis',(-5.78241158658936E-16,1.,7.59915539925519E-32));
#11997=DIRECTION('ref_axis',(0.707106781186549,0.,0.707106781186546));
#11998=DIRECTION('',(-5.78241158658936E-16,1.,7.59915539925519E-32));
#11999=DIRECTION('center_axis',(9.29268737383864E-17,-0.707106781186547,
0.707106781186548));
#12000=DIRECTION('ref_axis',(-8.17756488897799E-16,0.707106781186548,0.707106781186547));
#12001=DIRECTION('center_axis',(-0.707106781186551,-0.707106781186544,6.54205191118224E-15));
#12002=DIRECTION('ref_axis',(0.707106781186544,-0.707106781186551,-6.54205191118217E-15));
#12003=DIRECTION('',(5.78241158658936E-16,-1.,-7.59915539925519E-32));
#12004=DIRECTION('center_axis',(-0.816496580927726,-0.40824829046387,-0.408248290463856));
#12005=DIRECTION('ref_axis',(-0.577350269189631,0.577350269189631,0.577350269189616));
#12006=DIRECTION('center_axis',(0.,1.,0.));
#12007=DIRECTION('ref_axis',(0.,0.,1.));
#12008=DIRECTION('center_axis',(-1.,0.,0.));
#12009=DIRECTION('ref_axis',(0.,1.,0.));
#12010=DIRECTION('center_axis',(0.,0.,1.));
#12011=DIRECTION('ref_axis',(-1.,0.,0.));
#12012=DIRECTION('center_axis',(-0.816496580927719,-0.408248290463874,-0.408248290463867));
#12013=DIRECTION('ref_axis',(-0.577350269189628,0.577350269189628,0.577350269189621));
#12014=DIRECTION('center_axis',(-1.,0.,0.));
#12015=DIRECTION('ref_axis',(0.,1.,0.));
#12016=DIRECTION('center_axis',(0.,4.62592926927148E-15,1.));
#12017=DIRECTION('ref_axis',(-1.,0.,0.));
#12018=DIRECTION('center_axis',(0.,1.,0.));
#12019=DIRECTION('ref_axis',(0.,0.,1.));
#12020=DIRECTION('center_axis',(-1.,0.,1.31418445149758E-16));
#12021=DIRECTION('ref_axis',(0.,-0.382683432365088,0.923879532511288));
#12022=DIRECTION('',(-1.,0.,1.31418445149758E-16));
#12023=DIRECTION('center_axis',(-0.707106781186549,0.707106781186546,6.54205191118238E-15));
#12024=DIRECTION('ref_axis',(0.707106781186546,0.707106781186549,6.35619816370563E-15));
#12025=DIRECTION('',(-1.,0.,1.31418445149758E-16));
#12026=DIRECTION('center_axis',(0.408248290463863,-0.816496580927726,0.408248290463863));
#12027=DIRECTION('ref_axis',(0.577350269189626,0.577350269189626,0.577350269189626));
#12028=DIRECTION('center_axis',(1.,0.,0.));
#12029=DIRECTION('ref_axis',(0.,0.,1.));
#12030=DIRECTION('center_axis',(0.,1.,0.));
#12031=DIRECTION('ref_axis',(1.,0.,0.));
#12032=DIRECTION('center_axis',(3.70074341541719E-14,0.,1.));
#12033=DIRECTION('ref_axis',(0.,1.,0.));
#12034=DIRECTION('center_axis',(1.,0.,-4.87281875274384E-17));
#12035=DIRECTION('ref_axis',(0.,0.923879532511288,0.382683432365086));
#12036=DIRECTION('',(1.,0.,-4.87281875274384E-17));
#12037=DIRECTION('center_axis',(-0.707106781186548,0.,-0.707106781186548));
#12038=DIRECTION('ref_axis',(-0.707106781186548,0.,0.707106781186548));
#12039=DIRECTION('',(-1.,0.,4.87281875274384E-17));
#12040=DIRECTION('center_axis',(0.707106781186557,0.,-0.707106781186538));
#12041=DIRECTION('ref_axis',(-0.707106781186538,0.,-0.707106781186557));
#12042=DIRECTION('center_axis',(-0.40824829046387,-0.816496580927711,-0.408248290463885));
#12043=DIRECTION('ref_axis',(-0.577350269189601,0.577350269189631,-0.577350269189645));
#12044=DIRECTION('center_axis',(0.,0.,-1.));
#12045=DIRECTION('ref_axis',(0.,1.,0.));
#12046=DIRECTION('center_axis',(-1.,0.,0.));
#12047=DIRECTION('ref_axis',(0.,0.,-1.));
#12048=DIRECTION('center_axis',(0.,1.,0.));
#12049=DIRECTION('ref_axis',(-1.,0.,0.));
#12050=DIRECTION('center_axis',(-2.89120579329468E-16,-1.,3.7995776996276E-32));
#12051=DIRECTION('ref_axis',(-0.707106781186548,0.,0.707106781186548));
#12052=DIRECTION('',(-2.89120579329468E-16,-1.,3.7995776996276E-32));
#12053=DIRECTION('center_axis',(-0.70710678118657,0.707106781186525,0.));
#12054=DIRECTION('ref_axis',(0.707106781186525,0.70710678118657,-5.37341431410354E-32));
#12055=DIRECTION('',(2.89120579329468E-16,1.,-3.7995776996276E-32));
#12056=DIRECTION('center_axis',(9.29268737383864E-17,-0.707106781186547,
0.707106781186548));
#12057=DIRECTION('ref_axis',(4.08878244448899E-16,0.707106781186548,0.707106781186547));
#12058=DIRECTION('center_axis',(0.,0.,1.));
#12059=DIRECTION('ref_axis',(-0.382683432365069,0.923879532511295,0.));
#12060=DIRECTION('',(0.,0.,1.));
#12061=DIRECTION('center_axis',(-0.707106781186559,0.,-0.707106781186536));
#12062=DIRECTION('ref_axis',(0.707106781186536,0.,-0.707106781186559));
#12063=DIRECTION('',(0.,0.,-1.));
#12064=DIRECTION('center_axis',(0.408248290463875,-0.816496580927721,-0.408248290463861));
#12065=DIRECTION('ref_axis',(0.577350269189626,0.577350269189626,-0.577350269189626));
#12066=DIRECTION('center_axis',(0.,1.,0.));
#12067=DIRECTION('ref_axis',(0.,0.,-1.));
#12068=DIRECTION('center_axis',(1.,0.,0.));
#12069=DIRECTION('ref_axis',(0.,1.,0.));
#12070=DIRECTION('center_axis',(0.,0.,-1.));
#12071=DIRECTION('ref_axis',(1.,0.,0.));
#12072=DIRECTION('center_axis',(-1.,0.,4.38061483832527E-17));
#12073=DIRECTION('ref_axis',(0.,0.707106781186561,-0.707106781186534));
#12074=DIRECTION('',(1.,0.,-4.38061483832527E-17));
#12075=DIRECTION('',(-1.,0.,4.38061483832527E-17));
#12076=DIRECTION('center_axis',(1.,0.,-1.31418445149758E-16));
#12077=DIRECTION('ref_axis',(0.,-0.707106781186561,0.707106781186534));
#12078=DIRECTION('',(1.,0.,-1.31418445149758E-16));
#12079=DIRECTION('center_axis',(-0.707106781186554,-0.707106781186541,0.));
#12080=DIRECTION('ref_axis',(-0.707106781186541,0.707106781186554,1.85853747476774E-16));
#12081=DIRECTION('',(-1.,0.,1.31418445149758E-16));
#12082=DIRECTION('center_axis',(0.408248290463874,-0.816496580927719,0.408248290463867));
#12083=DIRECTION('ref_axis',(0.577350269189626,0.577350269189626,0.577350269189626));
#12084=DIRECTION('center_axis',(-4.62592926927148E-15,0.,1.));
#12085=DIRECTION('ref_axis',(0.,1.,0.));
#12086=DIRECTION('center_axis',(1.,0.,0.));
#12087=DIRECTION('ref_axis',(0.,0.,1.));
#12088=DIRECTION('center_axis',(0.,1.,0.));
#12089=DIRECTION('ref_axis',(1.,0.,0.));
#12090=DIRECTION('center_axis',(1.,0.,0.));
#12091=DIRECTION('ref_axis',(0.,0.707106781186561,0.707106781186534));
#12092=DIRECTION('',(1.,0.,0.));
#12093=DIRECTION('',(-1.,0.,0.));
#12094=DIRECTION('center_axis',(0.707106781186546,-0.707106781186549,0.));
#12095=DIRECTION('ref_axis',(0.707106781186549,0.707106781186546,0.));
#12096=DIRECTION('center_axis',(-5.78241158658936E-16,1.,7.59915539925519E-32));
#12097=DIRECTION('ref_axis',(0.707106781186548,0.,0.707106781186548));
#12098=DIRECTION('',(-5.78241158658936E-16,1.,7.59915539925519E-32));
#12099=DIRECTION('center_axis',(9.29268737383863E-17,-0.707106781186548,
0.707106781186548));
#12100=DIRECTION('ref_axis',(-7.15536927785574E-16,0.707106781186547,0.707106781186547));
#12101=DIRECTION('center_axis',(-0.707106781186557,-0.707106781186538,0.));
#12102=DIRECTION('ref_axis',(0.707106781186538,-0.707106781186557,-1.07468286282073E-31));
#12103=DIRECTION('',(5.78241158658936E-16,-1.,-7.59915539925519E-32));
#12104=DIRECTION('center_axis',(-1.,0.,1.46184562582315E-16));
#12105=DIRECTION('ref_axis',(0.,0.923879532511288,-0.382683432365086));
#12106=DIRECTION('',(1.,0.,-1.46184562582315E-16));
#12107=DIRECTION('center_axis',(-0.707106781186548,0.,0.707106781186548));
#12108=DIRECTION('ref_axis',(0.707106781186548,0.,0.707106781186548));
#12109=DIRECTION('',(-1.,0.,1.46184562582315E-16));
#12110=DIRECTION('center_axis',(-0.707106781186548,0.,0.707106781186548));
#12111=DIRECTION('ref_axis',(-0.707106781186547,0.,-0.707106781186547));
#12112=DIRECTION('center_axis',(0.,0.,1.));
#12113=DIRECTION('ref_axis',(-0.382683432365069,0.923879532511295,0.));
#12114=DIRECTION('',(0.,0.,-1.));
#12115=DIRECTION('center_axis',(-0.707106781186561,0.,0.707106781186534));
#12116=DIRECTION('ref_axis',(-0.707106781186534,0.,-0.707106781186561));
#12117=DIRECTION('',(0.,0.,1.));
#12118=DIRECTION('center_axis',(-1.,3.4863055968421E-32,1.31418445149758E-16));
#12119=DIRECTION('ref_axis',(0.,-0.382683432365084,0.923879532511289));
#12120=DIRECTION('',(-1.,3.4863055968421E-32,1.31418445149758E-16));
#12121=DIRECTION('center_axis',(-0.707106781186548,0.707106781186548,0.));
#12122=DIRECTION('ref_axis',(0.707106781186548,0.707106781186548,-1.85853747476773E-16));
#12123=DIRECTION('',(-1.,3.4863055968421E-32,1.31418445149758E-16));
#12124=DIRECTION('center_axis',(-0.408248290463843,0.408248290463843,-0.816496580927746));
#12125=DIRECTION('ref_axis',(-0.577350269189631,0.577350269189631,0.577350269189616));
#12126=DIRECTION('center_axis',(0.,1.,0.));
#12127=DIRECTION('ref_axis',(0.,0.,1.));
#12128=DIRECTION('center_axis',(-1.,0.,-1.85037170770863E-14));
#12129=DIRECTION('ref_axis',(0.,1.,0.));
#12130=DIRECTION('center_axis',(0.,-3.70074341541719E-14,1.));
#12131=DIRECTION('ref_axis',(-1.,0.,0.));
#12132=DIRECTION('center_axis',(0.408248290463874,-0.816496580927719,-0.408248290463867));
#12133=DIRECTION('ref_axis',(0.577350269189626,0.577350269189626,-0.577350269189626));
#12134=DIRECTION('center_axis',(1.,0.,0.));
#12135=DIRECTION('ref_axis',(0.,1.,0.));
#12136=DIRECTION('center_axis',(0.,0.,-1.));
#12137=DIRECTION('ref_axis',(1.,0.,0.));
#12138=DIRECTION('center_axis',(0.,1.,0.));
#12139=DIRECTION('ref_axis',(0.,0.,-1.));
#12140=DIRECTION('center_axis',(0.,-1.,0.));
#12141=DIRECTION('ref_axis',(-0.707106781186548,0.,0.707106781186548));
#12142=DIRECTION('',(0.,-1.,0.));
#12143=DIRECTION('center_axis',(-0.707106781186561,0.707106781186534,0.));
#12144=DIRECTION('ref_axis',(0.707106781186534,0.707106781186561,0.));
#12145=DIRECTION('',(0.,1.,0.));
#12146=DIRECTION('center_axis',(9.29268737383863E-17,-0.707106781186548,
0.707106781186548));
#12147=DIRECTION('ref_axis',(1.53329341668337E-16,0.707106781186547,0.707106781186548));
#12148=DIRECTION('center_axis',(-0.816496580927721,0.408248290463875,0.408248290463861));
#12149=DIRECTION('ref_axis',(0.577350269189631,0.577350269189631,0.577350269189616));
#12150=DIRECTION('center_axis',(1.,0.,0.));
#12151=DIRECTION('ref_axis',(0.,0.,1.));
#12152=DIRECTION('center_axis',(0.,1.,0.));
#12153=DIRECTION('ref_axis',(1.,0.,0.));
#12154=DIRECTION('center_axis',(0.,0.,1.));
#12155=DIRECTION('ref_axis',(0.,1.,0.));
#12156=DIRECTION('center_axis',(-1.,0.,1.31418445149758E-16));
#12157=DIRECTION('ref_axis',(0.,-0.707106781186561,0.707106781186534));
#12158=DIRECTION('',(1.,0.,-1.31418445149758E-16));
#12159=DIRECTION('center_axis',(-0.707106781186548,-0.707106781186548,0.));
#12160=DIRECTION('ref_axis',(0.707106781186548,-0.707106781186548,-1.85853747476773E-16));
#12161=DIRECTION('',(-1.,0.,1.31418445149758E-16));
#12162=DIRECTION('center_axis',(0.,1.,0.));
#12163=DIRECTION('ref_axis',(0.707106781186534,0.,0.707106781186561));
#12164=DIRECTION('',(0.,1.,0.));
#12165=DIRECTION('',(0.,-1.,0.));
#12166=DIRECTION('center_axis',(0.,0.,-1.));
#12167=DIRECTION('ref_axis',(0.707106781186521,0.707106781186574,0.));
#12168=DIRECTION('',(0.,0.,1.));
#12169=DIRECTION('',(0.,0.,-1.));
#12170=DIRECTION('center_axis',(1.,0.,-1.31418445149758E-16));
#12171=DIRECTION('ref_axis',(0.,0.707106781186574,0.707106781186521));
#12172=DIRECTION('',(-1.,0.,1.31418445149758E-16));
#12173=DIRECTION('',(1.,0.,-1.31418445149758E-16));
#12174=DIRECTION('center_axis',(0.,-1.,0.));
#12175=DIRECTION('ref_axis',(0.707106781186534,0.,-0.707106781186561));
#12176=DIRECTION('center_axis',(0.,1.,0.));
#12177=DIRECTION('ref_axis',(1.,0.,0.));
#12178=DIRECTION('',(0.,1.,0.));
#12179=DIRECTION('',(0.,-1.,0.));
#12180=DIRECTION('center_axis',(1.,0.,0.));
#12181=DIRECTION('ref_axis',(0.,0.,-1.));
#12182=DIRECTION('center_axis',(0.,0.,1.));
#12183=DIRECTION('ref_axis',(1.,0.,0.));
#12184=DIRECTION('center_axis',(-1.,0.,0.));
#12185=DIRECTION('ref_axis',(0.,-0.707106781186547,0.707106781186547));
#12186=DIRECTION('center_axis',(1.,0.,0.));
#12187=DIRECTION('ref_axis',(0.,-0.707106781186548,0.707106781186548));
#12188=DIRECTION('center_axis',(0.,0.,-1.));
#12189=DIRECTION('ref_axis',(0.707106781186534,0.707106781186561,0.));
#12190=DIRECTION('',(0.,0.,1.));
#12191=DIRECTION('',(0.,0.,-1.));
#12192=DIRECTION('center_axis',(0.,-0.707106781186546,0.707106781186549));
#12193=DIRECTION('ref_axis',(0.,0.707106781186549,0.707106781186546));
#12194=DIRECTION('center_axis',(-1.,0.,0.));
#12195=DIRECTION('ref_axis',(0.,0.707106781186561,-0.707106781186534));
#12196=DIRECTION('',(1.,0.,0.));
#12197=DIRECTION('',(-1.,0.,0.));
#12198=DIRECTION('center_axis',(0.707106781186546,-0.707106781186549,0.));
#12199=DIRECTION('ref_axis',(0.707106781186549,0.707106781186546,0.));
#12200=DIRECTION('center_axis',(0.,0.,1.));
#12201=DIRECTION('ref_axis',(-0.707106781186534,0.707106781186561,0.));
#12202=DIRECTION('',(0.,0.,1.));
#12203=DIRECTION('',(0.,0.,-1.));
#12204=DIRECTION('center_axis',(1.03368095506744E-16,-0.707106781186548,
0.707106781186547));
#12205=DIRECTION('ref_axis',(-1.53329341668337E-16,0.707106781186547,0.707106781186548));
#12206=DIRECTION('center_axis',(0.,1.,0.));
#12207=DIRECTION('ref_axis',(-0.707106781186534,0.,0.707106781186561));
#12208=DIRECTION('',(0.,1.,0.));
#12209=DIRECTION('',(0.,-1.,0.));
#12210=DIRECTION('center_axis',(0.,1.,0.));
#12211=DIRECTION('ref_axis',(0.707106781186534,0.,0.707106781186561));
#12212=DIRECTION('',(0.,1.,0.));
#12213=DIRECTION('',(0.,-1.,0.));
#12214=DIRECTION('center_axis',(-1.31418445149758E-16,0.,-1.));
#12215=DIRECTION('ref_axis',(-1.,0.,0.));
#12216=DIRECTION('center_axis',(-1.31418445149758E-16,0.,-1.));
#12217=DIRECTION('ref_axis',(-1.,0.,1.31418445149758E-16));
#12218=DIRECTION('center_axis',(1.31418445149758E-16,0.,1.));
#12219=DIRECTION('ref_axis',(-1.,0.,1.2966333158348E-16));
#12220=DIRECTION('center_axis',(0.,0.,-1.));
#12221=DIRECTION('ref_axis',(0.707106781186521,0.707106781186574,0.));
#12222=DIRECTION('',(0.,0.,1.));
#12223=DIRECTION('',(0.,0.,-1.));
#12224=DIRECTION('center_axis',(1.,0.,-1.31418445149758E-16));
#12225=DIRECTION('ref_axis',(0.,0.707106781186548,0.707106781186548));
#12226=DIRECTION('',(1.,0.,-1.31418445149758E-16));
#12227=DIRECTION('center_axis',(-1.,0.,0.));
#12228=DIRECTION('ref_axis',(0.,0.,1.));
#12229=DIRECTION('',(-1.,0.,1.31418445149758E-16));
#12230=DIRECTION('center_axis',(0.707106781186554,-0.707106781186541,0.));
#12231=DIRECTION('ref_axis',(-0.707106781186541,-0.707106781186554,1.85853747476774E-16));
#12232=DIRECTION('center_axis',(1.31418445149758E-16,0.,1.));
#12233=DIRECTION('ref_axis',(1.,0.,0.));
#12234=DIRECTION('center_axis',(1.85037170770852E-14,-1.,0.));
#12235=DIRECTION('ref_axis',(0.,0.,1.));
#12236=DIRECTION('center_axis',(-1.31418445149758E-16,0.,-1.));
#12237=DIRECTION('ref_axis',(0.707106781186548,-0.707106781186548,-9.54097911787243E-17));
#12238=DIRECTION('center_axis',(1.31418445149758E-16,0.,1.));
#12239=DIRECTION('ref_axis',(0.707106781186548,-0.707106781186548,-9.29268737383863E-17));
#12240=DIRECTION('center_axis',(2.22517106210317E-16,1.,-2.92428521173835E-32));
#12241=DIRECTION('ref_axis',(-0.707106781186548,0.,0.707106781186548));
#12242=DIRECTION('',(-2.22517106210317E-16,-1.,2.92428521173835E-32));
#12243=DIRECTION('',(2.22517106210317E-16,1.,-2.92428521173835E-32));
#12244=DIRECTION('center_axis',(0.,1.,0.));
#12245=DIRECTION('ref_axis',(0.707106781186534,0.,-0.707106781186561));
#12246=DIRECTION('center_axis',(0.,1.,0.));
#12247=DIRECTION('ref_axis',(0.707106781186534,0.,-0.707106781186561));
#12248=DIRECTION('',(0.,1.,0.));
#12249=DIRECTION('',(0.,-1.,0.));
#12250=DIRECTION('center_axis',(-6.7762635780344E-17,-1.,8.90526023350218E-33));
#12251=DIRECTION('ref_axis',(0.707106781186548,0.,0.707106781186548));
#12252=DIRECTION('',(6.7762635780344E-17,1.,-8.90526023350218E-33));
#12253=DIRECTION('',(-6.7762635780344E-17,-1.,8.90526023350218E-33));
#12254=DIRECTION('center_axis',(0.,-1.,0.));
#12255=DIRECTION('ref_axis',(-0.707106781186534,0.,-0.707106781186561));
#12256=DIRECTION('center_axis',(0.,1.,0.));
#12257=DIRECTION('ref_axis',(-0.707106781186534,0.,-0.707106781186561));
#12258=DIRECTION('',(0.,1.,0.));
#12259=DIRECTION('',(0.,-1.,0.));
#12260=DIRECTION('center_axis',(0.,0.,1.));
#12261=DIRECTION('ref_axis',(-0.707106781186521,0.707106781186574,0.));
#12262=DIRECTION('',(0.,0.,-1.));
#12263=DIRECTION('',(0.,0.,1.));
#12264=DIRECTION('center_axis',(0.,0.,-1.));
#12265=DIRECTION('ref_axis',(0.707106781186534,0.707106781186561,0.));
#12266=DIRECTION('',(0.,0.,1.));
#12267=DIRECTION('',(0.,0.,-1.));
#12268=DIRECTION('center_axis',(1.03368095506744E-16,-0.707106781186548,
0.707106781186547));
#12269=DIRECTION('ref_axis',(-1.02219561112225E-16,0.707106781186547,0.707106781186548));
#12270=DIRECTION('center_axis',(0.707106781186538,0.,0.707106781186557));
#12271=DIRECTION('ref_axis',(-0.707106781186557,0.,0.707106781186538));
#12272=DIRECTION('center_axis',(1.,0.,-1.31418445149758E-16));
#12273=DIRECTION('ref_axis',(0.,0.707106781186561,0.707106781186534));
#12274=DIRECTION('',(-1.,0.,1.31418445149758E-16));
#12275=DIRECTION('',(1.,0.,-1.31418445149758E-16));
#12276=DIRECTION('center_axis',(0.,-1.,0.));
#12277=DIRECTION('ref_axis',(-0.707106781186534,0.,0.707106781186561));
#12278=DIRECTION('',(0.,1.,0.));
#12279=DIRECTION('',(0.,-1.,0.));
#12280=DIRECTION('center_axis',(1.,0.,0.));
#12281=DIRECTION('ref_axis',(0.,0.707106781186561,0.707106781186534));
#12282=DIRECTION('',(-1.,0.,0.));
#12283=DIRECTION('',(1.,0.,0.));
#12284=DIRECTION('center_axis',(-0.707106781186546,-0.707106781186549,0.));
#12285=DIRECTION('ref_axis',(-0.707106781186549,0.707106781186546,0.));
#12286=DIRECTION('center_axis',(-0.707106781186557,-3.27102595559115E-15,
0.707106781186538));
#12287=DIRECTION('ref_axis',(-0.707106781186538,3.27102595559124E-15,-0.707106781186557));
#12288=DIRECTION('center_axis',(0.,0.,-1.));
#12289=DIRECTION('ref_axis',(0.382683432365103,0.923879532511281,0.));
#12290=DIRECTION('',(0.,0.,1.));
#12291=DIRECTION('',(0.,0.,-1.));
#12292=DIRECTION('center_axis',(0.,0.,1.));
#12293=DIRECTION('ref_axis',(-0.707106781186534,0.707106781186561,0.));
#12294=DIRECTION('',(0.,0.,1.));
#12295=DIRECTION('',(0.,0.,-1.));
#12296=DIRECTION('center_axis',(0.707106781186548,0.,-0.707106781186548));
#12297=DIRECTION('ref_axis',(0.707106781186548,0.,0.707106781186548));
#12298=DIRECTION('center_axis',(1.03368095506744E-16,-0.707106781186548,
0.707106781186547));
#12299=DIRECTION('ref_axis',(-1.53329341668337E-16,0.707106781186547,0.707106781186548));
#12300=DIRECTION('center_axis',(-6.7762635780344E-17,1.,8.90526023350218E-33));
#12301=DIRECTION('ref_axis',(-0.707106781186548,0.,0.707106781186548));
#12302=DIRECTION('',(-6.7762635780344E-17,1.,8.90526023350218E-33));
#12303=DIRECTION('',(6.7762635780344E-17,-1.,-8.90526023350218E-33));
#12304=DIRECTION('center_axis',(0.707106781186554,0.707106781186541,0.));
#12305=DIRECTION('ref_axis',(0.707106781186541,-0.707106781186554,-1.25939397986805E-32));
#12306=DIRECTION('center_axis',(-1.,0.,1.46184562582315E-16));
#12307=DIRECTION('ref_axis',(0.,0.923879532511288,-0.382683432365086));
#12308=DIRECTION('',(1.,0.,-1.46184562582315E-16));
#12309=DIRECTION('',(-1.,0.,1.46184562582315E-16));
#12310=DIRECTION('center_axis',(-1.,0.,0.));
#12311=DIRECTION('ref_axis',(0.,0.,1.));
#12312=DIRECTION('center_axis',(0.,-1.,0.));
#12313=DIRECTION('ref_axis',(-1.,0.,0.));
#12314=DIRECTION('center_axis',(1.,0.,0.));
#12315=DIRECTION('ref_axis',(0.,-0.707106781186547,0.707106781186547));
#12316=DIRECTION('center_axis',(-1.,0.,0.));
#12317=DIRECTION('ref_axis',(0.,-0.707106781186548,0.707106781186548));
#12318=DIRECTION('center_axis',(0.,1.,0.));
#12319=DIRECTION('ref_axis',(-0.707106781186534,0.,-0.707106781186561));
#12320=DIRECTION('',(0.,-1.,0.));
#12321=DIRECTION('',(0.,1.,0.));
#12322=DIRECTION('center_axis',(2.22517106210317E-16,-1.,-2.92428521173835E-32));
#12323=DIRECTION('ref_axis',(0.707106781186534,0.,0.707106781186561));
#12324=DIRECTION('',(2.22517106210317E-16,-1.,-2.92428521173835E-32));
#12325=DIRECTION('center_axis',(0.,1.,0.));
#12326=DIRECTION('ref_axis',(0.,0.,1.));
#12327=DIRECTION('',(-2.22517106210317E-16,1.,2.92428521173835E-32));
#12328=DIRECTION('center_axis',(1.31418445149758E-16,0.,1.));
#12329=DIRECTION('ref_axis',(1.,0.,0.));
#12330=DIRECTION('center_axis',(-1.,-1.85037170770859E-14,0.));
#12331=DIRECTION('ref_axis',(0.,0.,1.));
#12332=DIRECTION('center_axis',(-1.31418445149758E-16,0.,-1.));
#12333=DIRECTION('ref_axis',(-0.707106781186548,-0.707106781186548,9.54097911787244E-17));
#12334=DIRECTION('center_axis',(1.31418445149758E-16,0.,1.));
#12335=DIRECTION('ref_axis',(-0.707106781186547,-0.707106781186547,9.29268737383863E-17));
#12336=DIRECTION('center_axis',(1.,0.,-1.31418445149758E-16));
#12337=DIRECTION('ref_axis',(0.,0.707106781186548,0.707106781186548));
#12338=DIRECTION('',(-1.,0.,1.31418445149758E-16));
#12339=DIRECTION('',(1.,0.,-1.31418445149758E-16));
#12340=DIRECTION('center_axis',(0.,0.,1.));
#12341=DIRECTION('ref_axis',(-0.707106781186521,0.707106781186574,0.));
#12342=DIRECTION('',(0.,0.,-1.));
#12343=DIRECTION('',(0.,0.,1.));
#12344=DIRECTION('center_axis',(-1.,0.,0.));
#12345=DIRECTION('ref_axis',(0.,0.707106781186561,-0.707106781186534));
#12346=DIRECTION('',(-1.,0.,0.));
#12347=DIRECTION('',(1.,0.,0.));
#12348=DIRECTION('center_axis',(-0.707106781186561,0.,-0.707106781186534));
#12349=DIRECTION('ref_axis',(0.707106781186534,0.,-0.707106781186561));
#12350=DIRECTION('center_axis',(-0.707106781186546,-0.707106781186549,0.));
#12351=DIRECTION('ref_axis',(-0.707106781186549,0.707106781186546,0.));
#12352=DIRECTION('center_axis',(-2.89120579329468E-16,-1.,3.7995776996276E-32));
#12353=DIRECTION('ref_axis',(-0.707106781186546,0.,0.707106781186549));
#12354=DIRECTION('',(-2.89120579329468E-16,-1.,3.7995776996276E-32));
#12355=DIRECTION('',(2.89120579329468E-16,1.,-3.7995776996276E-32));
#12356=DIRECTION('center_axis',(9.29268737383864E-17,-0.707106781186547,
0.707106781186548));
#12357=DIRECTION('ref_axis',(4.08878244448899E-16,0.707106781186548,0.707106781186547));
#12358=DIRECTION('center_axis',(0.,-1.,0.));
#12359=DIRECTION('ref_axis',(-0.707106781186548,0.,0.707106781186548));
#12360=DIRECTION('',(0.,1.,0.));
#12361=DIRECTION('',(0.,-1.,0.));
#12362=DIRECTION('center_axis',(-0.707106781186548,0.707106781186548,0.));
#12363=DIRECTION('ref_axis',(0.707106781186547,0.707106781186547,0.));
#12364=DIRECTION('center_axis',(0.,0.,-1.));
#12365=DIRECTION('ref_axis',(0.382683432365103,0.923879532511281,0.));
#12366=DIRECTION('',(0.,0.,-1.));
#12367=DIRECTION('',(0.,0.,1.));
#12368=DIRECTION('center_axis',(1.,0.,-1.31418445149758E-16));
#12369=DIRECTION('ref_axis',(0.,-0.707106781186548,0.707106781186548));
#12370=DIRECTION('',(-1.,0.,1.31418445149758E-16));
#12371=DIRECTION('',(1.,0.,-1.31418445149758E-16));
#12372=DIRECTION('center_axis',(-0.707106781186541,-0.707106781186554,0.));
#12373=DIRECTION('ref_axis',(-0.707106781186554,0.707106781186541,1.85853747476771E-16));
#12374=DIRECTION('center_axis',(0.,0.,-1.));
#12375=DIRECTION('ref_axis',(0.707106781186534,0.707106781186561,0.));
#12376=DIRECTION('',(0.,0.,1.));
#12377=DIRECTION('',(0.,0.,-1.));
#12378=DIRECTION('center_axis',(1.03368095506744E-16,-0.707106781186548,
0.707106781186547));
#12379=DIRECTION('ref_axis',(-1.02219561112225E-16,0.707106781186547,0.707106781186548));
#12380=DIRECTION('center_axis',(5.78241158658936E-16,-1.,-7.59915539925519E-32));
#12381=DIRECTION('ref_axis',(0.707106781186548,0.,0.707106781186548));
#12382=DIRECTION('',(5.78241158658936E-16,-1.,-7.59915539925519E-32));
#12383=DIRECTION('',(-5.78241158658936E-16,1.,7.59915539925519E-32));
#12384=DIRECTION('center_axis',(9.29268737383863E-17,-0.707106781186547,
0.707106781186548));
#12385=DIRECTION('ref_axis',(-8.17756488897799E-16,0.707106781186548,0.707106781186547));
#12386=DIRECTION('center_axis',(-0.707106781186557,-0.707106781186538,0.));
#12387=DIRECTION('ref_axis',(-0.707106781186538,0.707106781186557,1.07468286282073E-31));
#12388=DIRECTION('center_axis',(-1.,3.4863055968421E-32,1.31418445149758E-16));
#12389=DIRECTION('ref_axis',(0.,-0.382683432365095,0.923879532511285));
#12390=DIRECTION('',(-1.,3.4863055968421E-32,1.31418445149758E-16));
#12391=DIRECTION('',(-1.,3.4863055968421E-32,1.31418445149758E-16));
#12392=DIRECTION('center_axis',(-0.707106781186541,0.707106781186554,1.30841038223647E-14));
#12393=DIRECTION('ref_axis',(0.707106781186554,0.707106781186541,1.28982500748876E-14));
#12394=DIRECTION('center_axis',(-2.89120579329468E-16,-1.,3.7995776996276E-32));
#12395=DIRECTION('ref_axis',(-0.707106781186548,0.,0.707106781186548));
#12396=DIRECTION('',(2.89120579329468E-16,1.,-3.7995776996276E-32));
#12397=DIRECTION('center_axis',(9.29268737383863E-17,-0.707106781186547,
0.707106781186548));
#12398=DIRECTION('ref_axis',(4.088782444489E-16,0.707106781186548,0.707106781186547));
#12399=DIRECTION('',(-2.89120579329468E-16,-1.,3.7995776996276E-32));
#12400=DIRECTION('center_axis',(-1.,-5.78241158658936E-16,0.));
#12401=DIRECTION('ref_axis',(5.78241158658936E-16,-1.,0.));
#12402=DIRECTION('',(0.,0.,-1.));
#12403=DIRECTION('',(5.78241158658936E-16,-1.,0.));
#12404=DIRECTION('',(-3.06658683336675E-16,0.707106781186548,-0.707106781186547));
#12405=DIRECTION('',(0.,0.,-1.));
#12406=DIRECTION('',(3.06658683336677E-16,-0.707106781186549,-0.707106781186547));
#12407=DIRECTION('center_axis',(0.,1.,0.));
#12408=DIRECTION('ref_axis',(0.,0.,1.));
#12409=DIRECTION('',(0.,0.,1.));
#12410=DIRECTION('',(-1.,0.,0.));
#12411=DIRECTION('center_axis',(1.,-2.89120579329468E-16,0.));
#12412=DIRECTION('ref_axis',(2.89120579329468E-16,1.,0.));
#12413=DIRECTION('',(3.06658683336677E-16,0.707106781186548,0.707106781186547));
#12414=DIRECTION('',(0.,0.,1.));
#12415=DIRECTION('',(-3.06658683336675E-16,-0.707106781186548,0.707106781186547));
#12416=DIRECTION('',(2.89120579329468E-16,1.,0.));
#12417=DIRECTION('center_axis',(-9.29268737383864E-17,0.707106781186547,
-0.707106781186548));
#12418=DIRECTION('ref_axis',(-6.16297582203915E-33,0.707106781186548,0.707106781186547));
#12419=DIRECTION('',(3.06658683336677E-16,-0.707106781186548,-0.707106781186547));
#12420=DIRECTION('',(1.,0.,0.));
#12421=DIRECTION('center_axis',(-1.,-5.78241158658936E-16,0.));
#12422=DIRECTION('ref_axis',(5.78241158658936E-16,-1.,0.));
#12423=DIRECTION('',(0.,0.,-1.));
#12424=DIRECTION('',(5.78241158658936E-16,-1.,0.));
#12425=DIRECTION('',(-3.06658683336675E-16,0.707106781186548,-0.707106781186547));
#12426=DIRECTION('',(0.,0.,-1.));
#12427=DIRECTION('center_axis',(0.,1.,0.));
#12428=DIRECTION('ref_axis',(0.,0.,1.));
#12429=DIRECTION('',(0.,0.,-1.));
#12430=DIRECTION('',(-1.,0.,0.));
#12431=DIRECTION('center_axis',(1.,-2.89120579329468E-16,0.));
#12432=DIRECTION('ref_axis',(2.89120579329468E-16,1.,0.));
#12433=DIRECTION('',(0.,0.707106781186548,0.707106781186547));
#12434=DIRECTION('',(0.,0.,-1.));
#12435=DIRECTION('',(0.,-0.707106781186547,0.707106781186548));
#12436=DIRECTION('',(2.89120579329468E-16,1.,0.));
#12437=DIRECTION('center_axis',(-9.29268737383863E-17,0.707106781186547,
-0.707106781186548));
#12438=DIRECTION('ref_axis',(0.,0.707106781186548,0.707106781186547));
#12439=DIRECTION('',(0.,-0.707106781186548,-0.707106781186547));
#12440=DIRECTION('',(-1.,-6.57092225748791E-17,6.57092225748791E-17));
#12441=DIRECTION('center_axis',(-1.,-5.78241158658936E-16,0.));
#12442=DIRECTION('ref_axis',(5.78241158658936E-16,-1.,0.));
#12443=DIRECTION('',(0.,0.,-1.));
#12444=DIRECTION('',(5.78241158658936E-16,-1.,0.));
#12445=DIRECTION('',(0.,0.707106781186547,-0.707106781186548));
#12446=DIRECTION('',(0.,0.,-1.));
#12447=DIRECTION('center_axis',(1.,0.,0.));
#12448=DIRECTION('ref_axis',(0.,0.,-1.));
#12449=DIRECTION('',(0.,0.,-1.));
#12450=DIRECTION('center_axis',(0.,1.,0.));
#12451=DIRECTION('ref_axis',(0.,0.,1.));
#12452=DIRECTION('',(-1.,0.,0.));
#12453=DIRECTION('center_axis',(-1.03368095506744E-16,0.707106781186548,
-0.707106781186547));
#12454=DIRECTION('ref_axis',(0.,0.707106781186547,0.707106781186548));
#12455=DIRECTION('',(0.577350269189626,0.577350269189624,0.577350269189627));
#12456=DIRECTION('',(-1.,0.,1.46184562582315E-16));
#12457=DIRECTION('',(0.,0.707106781186547,0.707106781186547));
#12458=DIRECTION('center_axis',(-0.707106781186546,0.707106781186549,0.));
#12459=DIRECTION('ref_axis',(-0.707106781186549,-0.707106781186546,0.));
#12460=DIRECTION('',(-0.707106781186542,-0.707106781186552,0.));
#12461=DIRECTION('',(0.,0.,1.));
#12462=DIRECTION('center_axis',(0.,0.,1.));
#12463=DIRECTION('ref_axis',(1.,0.,0.));
#12464=DIRECTION('',(-1.,0.,0.));
#12465=DIRECTION('',(0.,-1.,0.));
#12466=DIRECTION('center_axis',(1.,0.,0.));
#12467=DIRECTION('ref_axis',(0.,0.,-1.));
#12468=DIRECTION('',(-1.,0.,0.));
#12469=DIRECTION('center_axis',(1.,0.,0.));
#12470=DIRECTION('ref_axis',(0.,0.,-1.));
#12471=DIRECTION('center_axis',(0.,-1.,0.));
#12472=DIRECTION('ref_axis',(0.,0.,-1.));
#12473=DIRECTION('',(-1.,0.,0.));
#12474=DIRECTION('',(0.,0.,-1.));
#12475=DIRECTION('center_axis',(0.,0.,-1.));
#12476=DIRECTION('ref_axis',(-1.,0.,0.));
#12477=DIRECTION('',(0.707106781186549,0.707106781186546,0.));
#12478=DIRECTION('',(0.,1.,0.));
#12479=DIRECTION('center_axis',(-0.707106781186546,0.707106781186549,0.));
#12480=DIRECTION('ref_axis',(-0.707106781186549,-0.707106781186546,0.));
#12481=DIRECTION('',(-0.577350269189626,-0.577350269189625,0.577350269189626));
#12482=DIRECTION('',(0.,0.,1.));
#12483=DIRECTION('center_axis',(3.44560318355814E-17,0.707106781186548,
0.707106781186547));
#12484=DIRECTION('ref_axis',(0.,-0.707106781186547,0.707106781186548));
#12485=DIRECTION('',(0.577350269189627,-0.577350269189625,0.577350269189626));
#12486=DIRECTION('',(1.,-2.43640937637192E-17,-2.43640937637191E-17));
#12487=DIRECTION('center_axis',(0.707106781186546,0.707106781186549,0.));
#12488=DIRECTION('ref_axis',(-0.707106781186549,0.707106781186546,0.));
#12489=DIRECTION('',(0.707106781186549,-0.707106781186546,0.));
#12490=DIRECTION('',(0.,0.,-1.));
#12491=DIRECTION('center_axis',(0.,0.,-1.));
#12492=DIRECTION('ref_axis',(-1.,0.,0.));
#12493=DIRECTION('',(1.,0.,0.));
#12494=DIRECTION('',(0.,-1.,0.));
#12495=DIRECTION('center_axis',(0.,-1.,0.));
#12496=DIRECTION('ref_axis',(0.,0.,-1.));
#12497=DIRECTION('',(-1.,0.,0.));
#12498=DIRECTION('',(0.,0.,-1.));
#12499=DIRECTION('center_axis',(1.,0.,0.));
#12500=DIRECTION('ref_axis',(0.,0.,-1.));
#12501=DIRECTION('',(1.,0.,0.));
#12502=DIRECTION('center_axis',(-1.,0.,0.));
#12503=DIRECTION('ref_axis',(0.,0.,-1.));
#12504=DIRECTION('center_axis',(0.,0.,1.));
#12505=DIRECTION('ref_axis',(1.,0.,0.));
#12506=DIRECTION('',(-0.707106781186549,0.707106781186546,0.));
#12507=DIRECTION('',(0.,1.,0.));
#12508=DIRECTION('center_axis',(0.,1.,0.));
#12509=DIRECTION('ref_axis',(0.,0.,1.));
#12510=DIRECTION('center_axis',(0.,1.,0.));
#12511=DIRECTION('ref_axis',(0.,0.,1.));
#12512=DIRECTION('center_axis',(0.,1.,0.));
#12513=DIRECTION('ref_axis',(0.,0.,1.));
#12514=DIRECTION('center_axis',(-1.31418445149758E-16,0.,-1.));
#12515=DIRECTION('ref_axis',(-1.,0.,1.31418445149758E-16));
#12516=DIRECTION('center_axis',(0.,1.,0.));
#12517=DIRECTION('ref_axis',(0.,0.,1.));
#12518=DIRECTION('center_axis',(0.,0.,1.));
#12519=DIRECTION('ref_axis',(1.,0.,0.));
#12520=DIRECTION('',(0.,0.,-1.));
#12521=DIRECTION('center_axis',(0.,0.,1.));
#12522=DIRECTION('ref_axis',(1.,0.,0.));
#12523=DIRECTION('',(0.,0.,1.));
#12524=DIRECTION('center_axis',(1.46184562582315E-16,0.,1.));
#12525=DIRECTION('ref_axis',(1.,0.,-1.46184562582315E-16));
#12526=DIRECTION('',(-1.,0.,1.46184562582315E-16));
#12527=DIRECTION('',(-6.7762635780344E-17,-1.,0.));
#12528=DIRECTION('',(1.,0.,0.));
#12529=DIRECTION('center_axis',(0.,0.,1.));
#12530=DIRECTION('ref_axis',(1.,0.,0.));
#12531=DIRECTION('',(2.22517106210317E-16,1.,0.));
#12532=DIRECTION('center_axis',(0.,0.,1.));
#12533=DIRECTION('ref_axis',(1.,0.,0.));
#12534=DIRECTION('',(0.,1.,0.));
#12535=DIRECTION('',(0.,-1.,0.));
#12536=DIRECTION('',(1.,0.,-1.46184562582315E-16));
#12537=DIRECTION('',(0.,1.,0.));
#12538=DIRECTION('',(-1.,0.,1.46184562582315E-16));
#12539=DIRECTION('',(0.,-1.,0.));
#12540=DIRECTION('',(2.22517106210317E-16,-1.,0.));
#12541=DIRECTION('center_axis',(0.,0.,1.));
#12542=DIRECTION('ref_axis',(1.,0.,0.));
#12543=DIRECTION('',(1.,0.,0.));
#12544=DIRECTION('',(-6.7762635780344E-17,1.,0.));
#12545=DIRECTION('center_axis',(4.38061483832527E-17,0.,1.));
#12546=DIRECTION('ref_axis',(1.,0.,-4.38061483832527E-17));
#12547=DIRECTION('',(-1.,0.,0.));
#12548=DIRECTION('',(0.,1.,0.));
#12549=DIRECTION('',(1.,0.,-4.38061483832527E-17));
#12550=DIRECTION('',(5.78241158658936E-16,-1.,0.));
#12551=DIRECTION('',(-1.,0.,0.));
#12552=DIRECTION('',(2.89120579329468E-16,1.,0.));
#12553=DIRECTION('',(1.,0.,-4.38061483832527E-17));
#12554=DIRECTION('',(1.,0.,-4.38061483832527E-17));
#12555=DIRECTION('',(1.,0.,-4.38061483832527E-17));
#12556=DIRECTION('center_axis',(3.09756245794621E-17,0.707106781186547,
0.707106781186548));
#12557=DIRECTION('ref_axis',(3.08148791101958E-33,-0.707106781186548,0.707106781186547));
#12558=DIRECTION('',(-1.,0.,0.));
#12559=DIRECTION('center_axis',(-4.87281875274384E-17,0.,-1.));
#12560=DIRECTION('ref_axis',(-1.,0.,4.87281875274384E-17));
#12561=DIRECTION('',(-1.,0.,4.87281875274384E-17));
#12562=DIRECTION('',(0.,1.,0.));
#12563=DIRECTION('',(0.,-1.,0.));
#12564=DIRECTION('center_axis',(-1.03368095506744E-16,0.707106781186548,
-0.707106781186547));
#12565=DIRECTION('ref_axis',(0.,0.707106781186547,0.707106781186548));
#12566=DIRECTION('',(0.,-0.707106781186547,-0.707106781186549));
#12567=DIRECTION('',(0.,0.707106781186545,0.70710678118655));
#12568=DIRECTION('center_axis',(0.,1.,0.));
#12569=DIRECTION('ref_axis',(0.,0.,1.));
#12570=DIRECTION('',(0.,0.,-1.));
#12571=DIRECTION('',(0.,0.,1.));
#12572=DIRECTION('',(0.,0.,1.));
#12573=DIRECTION('',(-1.,0.,0.));
#12574=DIRECTION('',(0.,0.,-1.));
#12575=DIRECTION('',(1.,0.,0.));
#12576=DIRECTION('',(0.,0.,1.));
#12577=DIRECTION('',(-1.,0.,0.));
#12578=DIRECTION('',(0.,0.,-1.));
#12579=DIRECTION('',(1.,0.,0.));
#12580=DIRECTION('',(0.,0.,1.));
#12581=DIRECTION('',(-1.,0.,0.));
#12582=DIRECTION('',(0.,0.,-1.));
#12583=DIRECTION('',(1.,0.,0.));
#12584=DIRECTION('',(0.,0.,1.));
#12585=DIRECTION('',(-1.,0.,0.));
#12586=DIRECTION('',(0.,0.,-1.));
#12587=DIRECTION('',(1.,0.,0.));
#12588=DIRECTION('center_axis',(-1.,0.,0.));
#12589=DIRECTION('ref_axis',(0.,0.,1.));
#12590=DIRECTION('',(0.,1.,0.));
#12591=DIRECTION('',(0.,1.,0.));
#12592=DIRECTION('',(0.,0.,1.));
#12593=DIRECTION('center_axis',(0.,0.,-1.));
#12594=DIRECTION('ref_axis',(-1.,0.,0.));
#12595=DIRECTION('',(0.,1.,0.));
#12596=DIRECTION('',(-1.,0.,0.));
#12597=DIRECTION('center_axis',(1.,0.,0.));
#12598=DIRECTION('ref_axis',(0.,0.,-1.));
#12599=DIRECTION('',(0.,1.,0.));
#12600=DIRECTION('',(0.,0.,-1.));
#12601=DIRECTION('center_axis',(0.,0.,1.));
#12602=DIRECTION('ref_axis',(1.,0.,0.));
#12603=DIRECTION('',(1.,0.,0.));
#12604=DIRECTION('center_axis',(0.,1.,0.));
#12605=DIRECTION('ref_axis',(0.,0.,1.));
#12606=DIRECTION('center_axis',(0.,1.,0.));
#12607=DIRECTION('ref_axis',(0.,0.,1.));
#12608=DIRECTION('',(0.,0.,1.));
#12609=DIRECTION('',(0.,0.,1.));
#12610=DIRECTION('center_axis',(1.,-2.89120579329468E-16,0.));
#12611=DIRECTION('ref_axis',(2.89120579329468E-16,1.,0.));
#12612=DIRECTION('',(3.06658683336677E-16,0.707106781186548,0.707106781186547));
#12613=DIRECTION('',(0.,0.,1.));
#12614=DIRECTION('',(-3.06658683336675E-16,-0.707106781186548,0.707106781186547));
#12615=DIRECTION('center_axis',(3.09756245794621E-17,0.707106781186547,
0.707106781186548));
#12616=DIRECTION('ref_axis',(3.08148791101958E-33,-0.707106781186548,0.707106781186547));
#12617=DIRECTION('',(-1.,0.,0.));
#12618=DIRECTION('center_axis',(-9.29268737383864E-17,0.707106781186547,
-0.707106781186548));
#12619=DIRECTION('ref_axis',(-6.16297582203915E-33,0.707106781186548,0.707106781186547));
#12620=DIRECTION('',(1.,0.,0.));
#12621=DIRECTION('center_axis',(-1.,0.,0.));
#12622=DIRECTION('ref_axis',(0.,0.,1.));
#12623=DIRECTION('',(0.,1.,0.));
#12624=DIRECTION('',(0.,1.,0.));
#12625=DIRECTION('',(0.,0.,1.));
#12626=DIRECTION('center_axis',(0.,0.,-1.));
#12627=DIRECTION('ref_axis',(-1.,0.,0.));
#12628=DIRECTION('',(0.,1.,0.));
#12629=DIRECTION('',(-1.,0.,0.));
#12630=DIRECTION('center_axis',(1.,0.,0.));
#12631=DIRECTION('ref_axis',(0.,0.,-1.));
#12632=DIRECTION('',(0.,1.,0.));
#12633=DIRECTION('',(0.,0.,-1.));
#12634=DIRECTION('center_axis',(0.,0.,1.));
#12635=DIRECTION('ref_axis',(1.,0.,0.));
#12636=DIRECTION('',(1.,0.,0.));
#12637=DIRECTION('center_axis',(0.,1.,0.));
#12638=DIRECTION('ref_axis',(0.,0.,1.));
#12639=DIRECTION('center_axis',(0.,0.,1.));
#12640=DIRECTION('ref_axis',(1.,0.,0.));
#12641=DIRECTION('',(0.,1.,0.));
#12642=DIRECTION('',(0.,1.,0.));
#12643=DIRECTION('',(1.,0.,0.));
#12644=DIRECTION('center_axis',(1.,0.,0.));
#12645=DIRECTION('ref_axis',(0.,0.,-1.));
#12646=DIRECTION('',(0.,1.,0.));
#12647=DIRECTION('',(0.,0.,-1.));
#12648=DIRECTION('center_axis',(0.,0.,-1.));
#12649=DIRECTION('ref_axis',(-1.,0.,0.));
#12650=DIRECTION('',(0.,1.,0.));
#12651=DIRECTION('',(-1.,0.,0.));
#12652=DIRECTION('center_axis',(-1.,0.,0.));
#12653=DIRECTION('ref_axis',(0.,0.,1.));
#12654=DIRECTION('',(0.,0.,1.));
#12655=DIRECTION('center_axis',(-1.,-5.78241158658936E-16,0.));
#12656=DIRECTION('ref_axis',(5.78241158658936E-16,-1.,0.));
#12657=DIRECTION('',(-6.13317366673349E-16,0.707106781186547,-0.707106781186548));
#12658=DIRECTION('',(0.,0.,1.));
#12659=DIRECTION('',(6.13317366673354E-16,-0.707106781186547,-0.707106781186548));
#12660=DIRECTION('center_axis',(0.,1.,0.));
#12661=DIRECTION('ref_axis',(0.,0.,1.));
#12662=DIRECTION('',(-1.,0.,0.));
#12663=DIRECTION('',(0.,0.,1.));
#12664=DIRECTION('',(1.,0.,0.));
#12665=DIRECTION('center_axis',(1.,0.,0.));
#12666=DIRECTION('ref_axis',(0.,0.,-1.));
#12667=DIRECTION('',(0.,-0.707106781186547,-0.707106781186547));
#12668=DIRECTION('',(0.,-0.707106781186548,0.707106781186547));
#12669=DIRECTION('',(0.,0.,1.));
#12670=DIRECTION('center_axis',(1.,0.,0.));
#12671=DIRECTION('ref_axis',(0.,0.,-1.));
#12672=DIRECTION('center_axis',(-1.,6.7762635780344E-17,0.));
#12673=DIRECTION('ref_axis',(-6.7762635780344E-17,-1.,0.));
#12674=DIRECTION('',(0.,0.,-1.));
#12675=DIRECTION('center_axis',(0.,-1.,0.));
#12676=DIRECTION('ref_axis',(0.,0.,-1.));
#12677=DIRECTION('',(0.,0.,-1.));
#12678=DIRECTION('center_axis',(0.,0.,1.));
#12679=DIRECTION('ref_axis',(1.,0.,0.));
#12680=DIRECTION('',(0.,0.,-1.));
#12681=DIRECTION('center_axis',(1.,-2.22517106210317E-16,0.));
#12682=DIRECTION('ref_axis',(2.22517106210317E-16,1.,0.));
#12683=DIRECTION('',(0.,0.,1.));
#12684=DIRECTION('center_axis',(0.,0.,1.));
#12685=DIRECTION('ref_axis',(-1.,1.22464679914735E-16,0.));
#12686=DIRECTION('',(0.,0.,-1.));
#12687=DIRECTION('center_axis',(1.,0.,0.));
#12688=DIRECTION('ref_axis',(0.,0.,-1.));
#12689=DIRECTION('center_axis',(-9.29268737383863E-17,0.707106781186548,
-0.707106781186548));
#12690=DIRECTION('ref_axis',(0.,0.707106781186548,0.707106781186548));
#12691=DIRECTION('center_axis',(0.,1.,0.));
#12692=DIRECTION('ref_axis',(0.,0.,1.));
#12693=DIRECTION('',(0.,0.,1.));
#12694=DIRECTION('center_axis',(3.09756245794621E-17,0.707106781186548,
0.707106781186547));
#12695=DIRECTION('ref_axis',(0.,-0.707106781186547,0.707106781186548));
#12696=DIRECTION('center_axis',(-1.,0.,0.));
#12697=DIRECTION('ref_axis',(0.,0.,1.));
#12698=DIRECTION('center_axis',(0.707106781186546,0.707106781186549,0.));
#12699=DIRECTION('ref_axis',(-0.707106781186549,0.707106781186546,0.));
#12700=DIRECTION('',(0.577350269189626,-0.577350269189625,-0.577350269189626));
#12701=DIRECTION('',(0.,0.,-1.));
#12702=DIRECTION('center_axis',(0.,1.,0.));
#12703=DIRECTION('ref_axis',(0.,0.,1.));
#12704=DIRECTION('',(-1.,0.,0.));
#12705=DIRECTION('',(-1.,0.,0.));
#12706=DIRECTION('',(0.,0.,1.));
#12707=DIRECTION('',(1.,0.,0.));
#12708=DIRECTION('',(0.,0.,-1.));
#12709=DIRECTION('center_axis',(0.,0.,1.));
#12710=DIRECTION('ref_axis',(1.,0.,0.));
#12711=DIRECTION('',(0.,1.,0.));
#12712=DIRECTION('',(0.,1.,0.));
#12713=DIRECTION('center_axis',(1.,0.,0.));
#12714=DIRECTION('ref_axis',(0.,0.,-1.));
#12715=DIRECTION('',(0.,1.,0.));
#12716=DIRECTION('center_axis',(0.,0.,-1.));
#12717=DIRECTION('ref_axis',(-1.,0.,0.));
#12718=DIRECTION('',(0.,1.,0.));
#12719=DIRECTION('center_axis',(-1.,0.,0.));
#12720=DIRECTION('ref_axis',(0.,0.,1.));
#12721=DIRECTION('center_axis',(-1.03368095506744E-16,0.707106781186548,
-0.707106781186547));
#12722=DIRECTION('ref_axis',(0.,0.707106781186547,0.707106781186548));
#12723=DIRECTION('',(0.,-0.707106781186547,-0.707106781186549));
#12724=DIRECTION('center_axis',(-1.,0.,0.));
#12725=DIRECTION('ref_axis',(0.,0.,1.));
#12726=DIRECTION('center_axis',(3.09756245794621E-17,0.707106781186548,
0.707106781186547));
#12727=DIRECTION('ref_axis',(0.,-0.707106781186547,0.707106781186548));
#12728=DIRECTION('center_axis',(-1.,0.,0.));
#12729=DIRECTION('ref_axis',(0.,0.,1.));
#12730=DIRECTION('center_axis',(-1.,-2.22517106210317E-16,0.));
#12731=DIRECTION('ref_axis',(2.22517106210317E-16,-1.,0.));
#12732=DIRECTION('',(0.,0.,-1.));
#12733=DIRECTION('center_axis',(0.,0.,1.));
#12734=DIRECTION('ref_axis',(1.,0.,0.));
#12735=DIRECTION('',(0.,0.,-1.));
#12736=DIRECTION('center_axis',(0.,-1.,0.));
#12737=DIRECTION('ref_axis',(0.,0.,-1.));
#12738=DIRECTION('',(0.,0.,-1.));
#12739=DIRECTION('center_axis',(1.,6.7762635780344E-17,0.));
#12740=DIRECTION('ref_axis',(-6.7762635780344E-17,1.,0.));
#12741=DIRECTION('axis',(0.,0.,1.));
#12742=DIRECTION('refdir',(1.,0.,0.));
#12743=DIRECTION('center_axis',(0.805970477030154,-0.591955733273854,0.));
#12744=DIRECTION('ref_axis',(0.591955733273854,0.805970477030154,0.));
#12745=DIRECTION('',(0.591955733273854,0.805970477030154,0.));
#12746=DIRECTION('',(0.,0.,1.));
#12747=DIRECTION('',(0.591955733273854,0.805970477030154,0.));
#12748=DIRECTION('',(0.,0.,1.));
#12749=DIRECTION('center_axis',(-0.805970477030154,-0.591955733273854,0.));
#12750=DIRECTION('ref_axis',(0.591955733273854,-0.805970477030154,0.));
#12751=DIRECTION('',(0.591955733273854,-0.805970477030154,0.));
#12752=DIRECTION('',(0.591955733273854,-0.805970477030154,0.));
#12753=DIRECTION('',(0.,0.,1.));
#12754=DIRECTION('center_axis',(0.,1.,0.));
#12755=DIRECTION('ref_axis',(-1.,0.,0.));
#12756=DIRECTION('',(-1.,0.,0.));
#12757=DIRECTION('',(-1.,0.,0.));
#12758=DIRECTION('center_axis',(0.,0.,1.));
#12759=DIRECTION('ref_axis',(1.,0.,0.));
#12760=DIRECTION('center_axis',(0.,0.,1.));
#12761=DIRECTION('ref_axis',(1.,0.,0.));
#12762=DIRECTION('axis',(0.,0.,1.));
#12763=DIRECTION('refdir',(1.,0.,0.));
#12764=DIRECTION('',(0.,0.,1.));
#12765=DIRECTION('',(0.,0.,1.));
#12766=DIRECTION('',(0.,0.,1.));
#12767=DIRECTION('',(0.,0.,1.));
#12768=DIRECTION('center_axis',(-0.974384626393712,0.224887971771696,0.));
#12769=DIRECTION('ref_axis',(0.,0.,1.));
#12770=DIRECTION('',(0.224887971771696,0.974384626393712,0.));
#12771=DIRECTION('',(0.,0.,1.));
#12772=DIRECTION('',(0.224887971771696,0.974384626393712,0.));
#12773=DIRECTION('center_axis',(0.,1.,0.));
#12774=DIRECTION('ref_axis',(0.,0.,1.));
#12775=DIRECTION('',(1.,0.,0.));
#12776=DIRECTION('',(0.,0.,1.));
#12777=DIRECTION('',(1.,0.,0.));
#12778=DIRECTION('',(0.,0.,1.));
#12779=DIRECTION('',(0.,0.,1.));
#12780=DIRECTION('',(0.,0.,1.));
#12781=DIRECTION('',(0.,0.,1.));
#12782=DIRECTION('',(0.,0.,1.));
#12783=DIRECTION('',(0.,0.,1.));
#12784=DIRECTION('center_axis',(-0.980541673985859,0.196311042931899,0.));
#12785=DIRECTION('ref_axis',(0.,0.,1.));
#12786=DIRECTION('',(0.196311042931899,0.980541673985859,0.));
#12787=DIRECTION('',(0.,0.,1.));
#12788=DIRECTION('',(0.196311042931899,0.980541673985859,0.));
#12789=DIRECTION('center_axis',(-0.00329646333970428,0.999994566649964,
0.));
#12790=DIRECTION('ref_axis',(0.,0.,1.));
#12791=DIRECTION('',(0.999994566649964,0.00329646333970428,0.));
#12792=DIRECTION('',(0.,0.,1.));
#12793=DIRECTION('',(0.999994566649964,0.00329646333970428,0.));
#12794=DIRECTION('',(0.,0.,1.));
#12795=DIRECTION('',(0.,0.,1.));
#12796=DIRECTION('',(0.,0.,1.));
#12797=DIRECTION('',(0.,0.,1.));
#12798=DIRECTION('center_axis',(0.,0.,1.));
#12799=DIRECTION('ref_axis',(1.,0.,0.));
#12800=DIRECTION('center_axis',(0.,0.,1.));
#12801=DIRECTION('ref_axis',(1.,0.,0.));
#12802=DIRECTION('',(0.,0.,1.));
#12803=DIRECTION('center_axis',(0.,0.,-1.));
#12804=DIRECTION('ref_axis',(0.713170658783428,0.700990450327542,0.));
#12805=DIRECTION('',(0.,0.,1.));
#12806=DIRECTION('center_axis',(0.,0.,-1.));
#12807=DIRECTION('ref_axis',(0.713170658783428,0.700990450327542,0.));
#12808=DIRECTION('',(0.,0.,1.));
#12809=DIRECTION('',(0.,0.,1.));
#12810=DIRECTION('center_axis',(-0.977790051443666,0.209586772716679,0.));
#12811=DIRECTION('ref_axis',(0.,0.,1.));
#12812=DIRECTION('',(0.209586772716679,0.977790051443666,0.));
#12813=DIRECTION('',(0.,0.,1.));
#12814=DIRECTION('',(0.209586772716679,0.977790051443666,0.));
#12815=DIRECTION('center_axis',(0.,1.,0.));
#12816=DIRECTION('ref_axis',(0.,0.,1.));
#12817=DIRECTION('',(1.,0.,0.));
#12818=DIRECTION('',(0.,0.,1.));
#12819=DIRECTION('',(1.,0.,0.));
#12820=DIRECTION('',(0.,0.,1.));
#12821=DIRECTION('',(0.,0.,1.));
#12822=DIRECTION('',(0.,0.,1.));
#12823=DIRECTION('',(0.,0.,1.));
#12824=DIRECTION('',(0.,0.,1.));
#12825=DIRECTION('',(0.,0.,1.));
#12826=DIRECTION('',(0.,0.,1.));
#12827=DIRECTION('',(0.,0.,1.));
#12828=DIRECTION('',(0.,0.,1.));
#12829=DIRECTION('',(0.,0.,1.));
#12830=DIRECTION('',(0.,0.,1.));
#12831=DIRECTION('',(0.,0.,1.));
#12832=DIRECTION('',(0.,0.,1.));
#12833=DIRECTION('',(0.,0.,1.));
#12834=DIRECTION('',(0.,0.,1.));
#12835=DIRECTION('',(0.,0.,1.));
#12836=DIRECTION('',(0.,0.,1.));
#12837=DIRECTION('center_axis',(0.,0.,-1.));
#12838=DIRECTION('ref_axis',(0.702255066151763,0.711925432938157,0.));
#12839=DIRECTION('',(0.,0.,1.));
#12840=DIRECTION('center_axis',(0.,0.,-1.));
#12841=DIRECTION('ref_axis',(0.702255066151763,0.711925432938157,0.));
#12842=DIRECTION('',(0.,0.,1.));
#12843=DIRECTION('',(0.,0.,1.));
#12844=DIRECTION('',(0.,0.,1.));
#12845=DIRECTION('',(0.,0.,1.));
#12846=DIRECTION('center_axis',(0.,-1.,0.));
#12847=DIRECTION('ref_axis',(0.,0.,-1.));
#12848=DIRECTION('',(-1.,0.,0.));
#12849=DIRECTION('',(0.,0.,1.));
#12850=DIRECTION('',(-1.,0.,0.));
#12851=DIRECTION('center_axis',(-0.972789094268255,0.231692421267394,0.));
#12852=DIRECTION('ref_axis',(0.,0.,1.));
#12853=DIRECTION('',(0.231692421267394,0.972789094268255,0.));
#12854=DIRECTION('',(0.,0.,1.));
#12855=DIRECTION('',(0.231692421267394,0.972789094268255,0.));
#12856=DIRECTION('',(0.,0.,1.));
#12857=DIRECTION('',(0.,0.,1.));
#12858=DIRECTION('',(0.,0.,1.));
#12859=DIRECTION('',(0.,0.,1.));
#12860=DIRECTION('',(0.,0.,1.));
#12861=DIRECTION('',(0.,0.,1.));
#12862=DIRECTION('',(0.,0.,1.));
#12863=DIRECTION('',(0.,0.,1.));
#12864=DIRECTION('',(0.,0.,1.));
#12865=DIRECTION('center_axis',(0.,0.,-1.));
#12866=DIRECTION('ref_axis',(0.86214093890155,-0.506668532148933,0.));
#12867=DIRECTION('',(0.,0.,1.));
#12868=DIRECTION('center_axis',(0.,0.,-1.));
#12869=DIRECTION('ref_axis',(0.86214093890155,-0.506668532148933,0.));
#12870=DIRECTION('',(0.,0.,1.));
#12871=DIRECTION('',(0.,0.,1.));
#12872=DIRECTION('',(0.,0.,1.));
#12873=DIRECTION('',(0.,0.,1.));
#12874=DIRECTION('center_axis',(0.,0.,1.));
#12875=DIRECTION('ref_axis',(1.,0.,0.));
#12876=DIRECTION('center_axis',(0.,0.,1.));
#12877=DIRECTION('ref_axis',(1.,0.,0.));
#12878=DIRECTION('',(0.,0.,1.));
#12879=DIRECTION('',(0.,0.,1.));
#12880=DIRECTION('',(0.,0.,1.));
#12881=DIRECTION('',(0.,0.,1.));
#12882=DIRECTION('center_axis',(0.,-1.,0.));
#12883=DIRECTION('ref_axis',(0.,0.,-1.));
#12884=DIRECTION('',(-1.,0.,0.));
#12885=DIRECTION('',(0.,0.,1.));
#12886=DIRECTION('',(-1.,0.,0.));
#12887=DIRECTION('center_axis',(-0.982215208915053,0.187758577369875,0.));
#12888=DIRECTION('ref_axis',(0.,0.,1.));
#12889=DIRECTION('',(0.187758577369875,0.982215208915053,0.));
#12890=DIRECTION('',(0.,0.,1.));
#12891=DIRECTION('',(0.187758577369875,0.982215208915053,0.));
#12892=DIRECTION('',(0.,0.,1.));
#12893=DIRECTION('center_axis',(-0.980708183076364,0.195477516986116,0.));
#12894=DIRECTION('ref_axis',(0.,0.,1.));
#12895=DIRECTION('',(0.195477516986116,0.980708183076364,0.));
#12896=DIRECTION('',(0.,0.,1.));
#12897=DIRECTION('',(0.195477516986116,0.980708183076364,0.));
#12898=DIRECTION('center_axis',(0.,1.,0.));
#12899=DIRECTION('ref_axis',(0.,0.,1.));
#12900=DIRECTION('',(1.,0.,0.));
#12901=DIRECTION('',(0.,0.,1.));
#12902=DIRECTION('',(1.,0.,0.));
#12903=DIRECTION('',(0.,0.,1.));
#12904=DIRECTION('',(0.,0.,1.));
#12905=DIRECTION('',(0.,0.,1.));
#12906=DIRECTION('',(0.,0.,1.));
#12907=DIRECTION('center_axis',(9.67436112791085E-5,-0.999999995320337,
0.));
#12908=DIRECTION('ref_axis',(0.,0.,-1.));
#12909=DIRECTION('',(-0.999999995320337,-9.67436112791084E-5,0.));
#12910=DIRECTION('',(0.,0.,1.));
#12911=DIRECTION('',(-0.999999995320337,-9.67436112791084E-5,0.));
#12912=DIRECTION('center_axis',(0.980490906051652,-0.196564450371911,0.));
#12913=DIRECTION('ref_axis',(0.,0.,-1.));
#12914=DIRECTION('',(-0.196564450371911,-0.980490906051651,0.));
#12915=DIRECTION('',(0.,0.,1.));
#12916=DIRECTION('',(-0.196564450371911,-0.980490906051651,0.));
#12917=DIRECTION('center_axis',(3.85852106164235E-5,-0.999999999255591,
0.));
#12918=DIRECTION('ref_axis',(0.,0.,-1.));
#12919=DIRECTION('',(-0.999999999255591,-3.85852106164235E-5,0.));
#12920=DIRECTION('',(0.,0.,1.));
#12921=DIRECTION('',(-0.999999999255591,-3.85852106164235E-5,0.));
#12922=DIRECTION('center_axis',(0.,0.,1.));
#12923=DIRECTION('ref_axis',(1.,0.,0.));
#12924=DIRECTION('center_axis',(0.,0.,1.));
#12925=DIRECTION('ref_axis',(1.,0.,0.));
#12926=DIRECTION('',(0.,-1.,-2.22044604925031E-16));
#12927=DIRECTION('',(1.,0.,0.));
#12928=DIRECTION('',(0.,-1.,-2.22044604925031E-16));
#12929=DIRECTION('',(1.,0.,0.));
#12930=DIRECTION('',(-1.89896692516582E-31,-1.,-2.22044604925031E-16));
#12931=DIRECTION('',(1.,-1.72563323017096E-31,-7.80625564189577E-17));
#12932=DIRECTION('',(1.,2.22044604925032E-16,5.47382212626882E-48));
#12933=DIRECTION('',(-2.22044604925032E-16,1.,2.0122792321331E-16));
#12934=CARTESIAN_POINT('',(0.,0.,0.));
#12935=CARTESIAN_POINT('',(0.,0.,0.));
#12936=CARTESIAN_POINT('Origin',(-1.08414213562373,6.89,0.359142135623731));
#12937=CARTESIAN_POINT('',(-1.08414213562373,6.89707106781186,0.352071067811865));
#12938=CARTESIAN_POINT('',(-1.07707106781186,6.89707106781186,0.359142135623728));
#12939=CARTESIAN_POINT('Origin',(-1.08414213562373,6.89,0.35914213562373));
#12940=CARTESIAN_POINT('',(-1.08414213562373,6.9,0.359142135623731));
#12941=CARTESIAN_POINT('Origin',(-1.08414213562373,6.89,0.359142135623731));
#12942=CARTESIAN_POINT('Origin',(-1.08414213562373,6.89,0.359142135623728));
#12943=CARTESIAN_POINT('Origin',(-1.08414213562373,6.89,0.690857864376269));
#12944=CARTESIAN_POINT('',(-1.07707106781186,6.89707106781186,0.690857864376268));
#12945=CARTESIAN_POINT('',(-1.08414213562373,6.89707106781186,0.697928932188134));
#12946=CARTESIAN_POINT('Origin',(-1.08414213562373,6.89,0.690857864376268));
#12947=CARTESIAN_POINT('',(-1.08414213562373,6.9,0.690857864376269));
#12948=CARTESIAN_POINT('Origin',(-1.08414213562373,6.89,0.690857864376269));
#12949=CARTESIAN_POINT('Origin',(-1.08414213562373,6.89,0.690857864376269));
#12950=CARTESIAN_POINT('Origin',(-1.08414213562373,6.89,0.));
#12951=CARTESIAN_POINT('',(-1.08414213562373,6.9,0.));
#12952=CARTESIAN_POINT('',(-1.07707106781186,6.89707106781186,0.));
#12953=CARTESIAN_POINT('Origin',(-1.08414213562373,-3.39,0.35914213562373));
#12954=CARTESIAN_POINT('',(-1.08414213562373,-3.4,0.35914213562373));
#12955=CARTESIAN_POINT('',(-1.07707106781187,-3.39707106781187,0.359142135623731));
#12956=CARTESIAN_POINT('Origin',(-1.08414213562373,-3.39,0.35914213562373));
#12957=CARTESIAN_POINT('',(-1.08414213562373,-3.39707106781187,0.352071067811865));
#12958=CARTESIAN_POINT('Origin',(-1.08414213562373,-3.39,0.35914213562373));
#12959=CARTESIAN_POINT('Origin',(-1.08414213562373,-3.39,0.359142135623731));
#12960=CARTESIAN_POINT('Origin',(-1.41585786437627,6.89,0.35914213562373));
#12961=CARTESIAN_POINT('',(-1.41585786437627,6.89707106781186,0.352071067811864));
#12962=CARTESIAN_POINT('',(-1.41585786437627,6.9,0.359142135623731));
#12963=CARTESIAN_POINT('Origin',(-1.41585786437627,6.89,0.359142135623731));
#12964=CARTESIAN_POINT('',(-1.42292893218813,6.89707106781186,0.35914213562373));
#12965=CARTESIAN_POINT('Origin',(-1.41585786437627,6.89,0.35914213562373));
#12966=CARTESIAN_POINT('Origin',(-1.41585786437627,6.89,0.359142135623731));
#12967=CARTESIAN_POINT('Origin',(-0.94,6.74585786437627,0.214999999999998));
#12968=CARTESIAN_POINT('',(-0.94,6.74585786437627,0.204999999999999));
#12969=CARTESIAN_POINT('',(-0.93,6.74585786437627,0.214999999999999));
#12970=CARTESIAN_POINT('Origin',(-0.94,6.74585786437627,0.214999999999999));
#12971=CARTESIAN_POINT('',(-0.94,6.75292893218813,0.207928932188132));
#12972=CARTESIAN_POINT('Origin',(-0.94,6.74585786437627,0.214999999999998));
#12973=CARTESIAN_POINT('',(-0.932928932188134,6.75292893218813,0.214999999999998));
#12974=CARTESIAN_POINT('Origin',(-0.94,6.74585786437627,0.214999999999998));
#12975=CARTESIAN_POINT('Origin',(-0.94,6.74585786437627,0.214999999999999));
#12976=CARTESIAN_POINT('Origin',(-1.08414213562373,-3.39,0.690857864376267));
#12977=CARTESIAN_POINT('',(-1.08414213562373,-3.39707106781187,0.697928932188132));
#12978=CARTESIAN_POINT('',(-1.07707106781187,-3.39707106781187,0.690857864376266));
#12979=CARTESIAN_POINT('Origin',(-1.08414213562373,-3.39,0.690857864376267));
#12980=CARTESIAN_POINT('',(-1.08414213562373,-3.4,0.690857864376267));
#12981=CARTESIAN_POINT('Origin',(-1.08414213562373,-3.39,0.690857864376267));
#12982=CARTESIAN_POINT('Origin',(-1.08414213562373,-3.39,0.690857864376266));
#12983=CARTESIAN_POINT('Origin',(-1.41585786437627,6.89,0.690857864376269));
#12984=CARTESIAN_POINT('',(-1.42292893218813,6.89707106781186,0.690857864376267));
#12985=CARTESIAN_POINT('',(-1.41585786437627,6.9,0.690857864376269));
#12986=CARTESIAN_POINT('Origin',(-1.41585786437627,6.89,0.690857864376267));
#12987=CARTESIAN_POINT('',(-1.41585786437627,6.89707106781186,0.697928932188134));
#12988=CARTESIAN_POINT('Origin',(-1.41585786437627,6.89,0.690857864376269));
#12989=CARTESIAN_POINT('Origin',(-1.41585786437627,6.89,0.690857864376269));
#12990=CARTESIAN_POINT('Origin',(-0.94,6.74585786437627,0.834999999999999));
#12991=CARTESIAN_POINT('',(-0.94,6.74585786437627,0.844999999999999));
#12992=CARTESIAN_POINT('',(-0.940000000000001,6.75292893218813,0.842071067811864));
#12993=CARTESIAN_POINT('Origin',(-0.94,6.74585786437627,0.834999999999998));
#12994=CARTESIAN_POINT('',(-0.93,6.74585786437627,0.834999999999999));
#12995=CARTESIAN_POINT('Origin',(-0.94,6.74585786437627,0.834999999999999));
#12996=CARTESIAN_POINT('',(-0.932928932188134,6.75292893218813,0.834999999999999));
#12997=CARTESIAN_POINT('Origin',(-0.94,6.74585786437627,0.834999999999999));
#12998=CARTESIAN_POINT('Origin',(-0.940000000000001,6.74585786437627,0.834999999999998));
#12999=CARTESIAN_POINT('Origin',(-1.41585786437627,-3.39,0.35914213562373));
#13000=CARTESIAN_POINT('',(-1.42292893218813,-3.39707106781187,0.35914213562373));
#13001=CARTESIAN_POINT('',(-1.41585786437627,-3.4,0.35914213562373));
#13002=CARTESIAN_POINT('Origin',(-1.41585786437627,-3.39,0.35914213562373));
#13003=CARTESIAN_POINT('',(-1.41585786437627,-3.39707106781187,0.352071067811865));
#13004=CARTESIAN_POINT('Origin',(-1.41585786437627,-3.39,0.35914213562373));
#13005=CARTESIAN_POINT('Origin',(-1.41585786437627,-3.39,0.35914213562373));
#13006=CARTESIAN_POINT('Origin',(-0.94,-3.24585786437627,0.214999999999998));
#13007=CARTESIAN_POINT('',(-0.94,-3.25292893218813,0.207928932188133));
#13008=CARTESIAN_POINT('',(-0.932928932188134,-3.25292893218813,0.214999999999998));
#13009=CARTESIAN_POINT('Origin',(-0.94,-3.24585786437627,0.214999999999998));
#13010=CARTESIAN_POINT('',(-0.94,-3.24585786437627,0.204999999999999));
#13011=CARTESIAN_POINT('Origin',(-0.94,-3.24585786437627,0.214999999999998));
#13012=CARTESIAN_POINT('',(-0.93,-3.24585786437627,0.214999999999999));
#13013=CARTESIAN_POINT('Origin',(-0.94,-3.24585786437627,0.214999999999999));
#13014=CARTESIAN_POINT('Origin',(-0.94,-3.24585786437627,0.214999999999998));
#13015=CARTESIAN_POINT('Origin',(-1.56,6.74585786437627,0.214999999999998));
#13016=CARTESIAN_POINT('',(-1.57,6.74585786437627,0.214999999999999));
#13017=CARTESIAN_POINT('',(-1.56,6.74585786437627,0.204999999999999));
#13018=CARTESIAN_POINT('Origin',(-1.56,6.74585786437627,0.214999999999999));
#13019=CARTESIAN_POINT('',(-1.56707106781187,6.75292893218813,0.214999999999998));
#13020=CARTESIAN_POINT('Origin',(-1.56,6.74585786437627,0.214999999999998));
#13021=CARTESIAN_POINT('',(-1.56,6.75292893218813,0.207928932188133));
#13022=CARTESIAN_POINT('Origin',(-1.56,6.74585786437627,0.214999999999998));
#13023=CARTESIAN_POINT('Origin',(-1.56,6.74585786437627,0.214999999999999));
#13024=CARTESIAN_POINT('Origin',(-0.94,-3.24585786437627,0.834999999999999));
#13025=CARTESIAN_POINT('',(-0.94,-3.24585786437627,0.844999999999999));
#13026=CARTESIAN_POINT('',(-0.93,-3.24585786437627,0.834999999999999));
#13027=CARTESIAN_POINT('Origin',(-0.94,-3.24585786437627,0.834999999999999));
#13028=CARTESIAN_POINT('',(-0.94,-3.25292893218813,0.842071067811864));
#13029=CARTESIAN_POINT('Origin',(-0.94,-3.24585786437627,0.834999999999999));
#13030=CARTESIAN_POINT('',(-0.932928932188134,-3.25292893218813,0.834999999999999));
#13031=CARTESIAN_POINT('Origin',(-0.94,-3.24585786437627,0.834999999999999));
#13032=CARTESIAN_POINT('Origin',(-0.94,-3.24585786437627,0.834999999999999));
#13033=CARTESIAN_POINT('Origin',(-1.41585786437627,-3.39,0.690857864376267));
#13034=CARTESIAN_POINT('',(-1.42292893218813,-3.39707106781187,0.690857864376267));
#13035=CARTESIAN_POINT('',(-1.41585786437627,-3.39707106781187,0.697928932188132));
#13036=CARTESIAN_POINT('Origin',(-1.41585786437627,-3.39,0.690857864376267));
#13037=CARTESIAN_POINT('',(-1.41585786437627,-3.4,0.690857864376267));
#13038=CARTESIAN_POINT('Origin',(-1.41585786437627,-3.39,0.690857864376267));
#13039=CARTESIAN_POINT('Origin',(-1.41585786437627,-3.39,0.690857864376267));
#13040=CARTESIAN_POINT('Origin',(-1.41585786437627,-3.39,0.422499999999999));
#13041=CARTESIAN_POINT('',(-1.41585786437627,-3.4,0.422499999999999));
#13042=CARTESIAN_POINT('',(-1.42292893218813,-3.39707106781187,0.422499999999999));
#13043=CARTESIAN_POINT('Origin',(-1.09,-3.39,0.690857864376267));
#13044=CARTESIAN_POINT('',(-1.09,-3.4,0.690857864376267));
#13045=CARTESIAN_POINT('',(-1.09,-3.39707106781187,0.697928932188132));
#13046=CARTESIAN_POINT('Origin',(-1.56,6.74585786437627,0.834999999999999));
#13047=CARTESIAN_POINT('',(-1.57,6.74585786437627,0.834999999999999));
#13048=CARTESIAN_POINT('',(-1.56707106781187,6.75292893218813,0.834999999999999));
#13049=CARTESIAN_POINT('Origin',(-1.56,6.74585786437627,0.834999999999999));
#13050=CARTESIAN_POINT('',(-1.56,6.74585786437627,0.844999999999999));
#13051=CARTESIAN_POINT('Origin',(-1.56,6.74585786437627,0.834999999999999));
#13052=CARTESIAN_POINT('',(-1.56,6.75292893218813,0.842071067811864));
#13053=CARTESIAN_POINT('Origin',(-1.56,6.74585786437627,0.834999999999998));
#13054=CARTESIAN_POINT('Origin',(-1.56,6.74585786437627,0.834999999999999));
#13055=CARTESIAN_POINT('Origin',(-1.56,-3.24585786437627,0.214999999999999));
#13056=CARTESIAN_POINT('',(-1.56707106781187,-3.25292893218813,0.214999999999998));
#13057=CARTESIAN_POINT('',(-1.56,-3.25292893218813,0.207928932188133));
#13058=CARTESIAN_POINT('Origin',(-1.56,-3.24585786437627,0.214999999999998));
#13059=CARTESIAN_POINT('',(-1.57,-3.24585786437627,0.214999999999999));
#13060=CARTESIAN_POINT('Origin',(-1.56,-3.24585786437627,0.214999999999999));
#13061=CARTESIAN_POINT('',(-1.56,-3.24585786437627,0.204999999999999));
#13062=CARTESIAN_POINT('Origin',(-1.56,-3.24585786437627,0.214999999999999));
#13063=CARTESIAN_POINT('Origin',(-1.56,-3.24585786437627,0.214999999999999));
#13064=CARTESIAN_POINT('Origin',(-1.56,-3.24585786437627,0.834999999999999));
#13065=CARTESIAN_POINT('',(-1.57,-3.24585786437627,0.834999999999999));
#13066=CARTESIAN_POINT('',(-1.56,-3.24585786437627,0.844999999999999));
#13067=CARTESIAN_POINT('Origin',(-1.56,-3.24585786437627,0.834999999999999));
#13068=CARTESIAN_POINT('',(-1.56707106781187,-3.25292893218813,0.834999999999999));
#13069=CARTESIAN_POINT('Origin',(-1.56,-3.24585786437627,0.834999999999999));
#13070=CARTESIAN_POINT('',(-1.56,-3.25292893218813,0.842071067811864));
#13071=CARTESIAN_POINT('Origin',(-1.56,-3.24585786437627,0.834999999999999));
#13072=CARTESIAN_POINT('Origin',(-1.56,-3.24585786437627,0.834999999999999));
#13073=CARTESIAN_POINT('Origin',(-1.56,-3.24585786437627,0.844999999999999));
#13074=CARTESIAN_POINT('',(-1.56707106781187,-3.25292893218813,0.844999999999999));
#13075=CARTESIAN_POINT('',(-1.57,-3.24585786437627,0.844999999999999));
#13076=CARTESIAN_POINT('Origin',(-1.45861928812542,-3.34723857625085,0.733619288125421));
#13077=CARTESIAN_POINT('',(-1.45861928812542,-3.35430964406271,0.740690355937287));
#13078=CARTESIAN_POINT('',(-1.46569035593729,-3.35430964406271,0.733619288125421));
#13079=CARTESIAN_POINT('Origin',(-0.93,-3.24585786437627,0.834999999999999));
#13080=CARTESIAN_POINT('',(-0.93,-3.25292893218813,0.842071067811864));
#13081=CARTESIAN_POINT('',(-0.93,-3.24585786437627,0.844999999999999));
#13082=CARTESIAN_POINT('Origin',(-1.56,-7.70509667991878,0.834999999999999));
#13083=CARTESIAN_POINT('',(-1.56,-7.70509667991878,0.844999999999999));
#13084=CARTESIAN_POINT('',(-1.57,-7.70509667991878,0.834999999999999));
#13085=CARTESIAN_POINT('Origin',(-1.56,-7.70509667991878,0.214999999999999));
#13086=CARTESIAN_POINT('',(-1.56,-7.70509667991878,0.204999999999999));
#13087=CARTESIAN_POINT('',(-1.57,-7.70509667991878,0.214999999999999));
#13088=CARTESIAN_POINT('Origin',(-1.57,-3.24585786437627,0.214999999999999));
#13089=CARTESIAN_POINT('',(-1.57,-3.25292893218813,0.207928932188133));
#13090=CARTESIAN_POINT('',(-1.57,-3.24585786437627,0.204999999999999));
#13091=CARTESIAN_POINT('Origin',(-1.45861928812542,-3.34723857625085,0.316380711874576));
#13092=CARTESIAN_POINT('',(-1.45861928812542,-3.35430964406271,0.30930964406271));
#13093=CARTESIAN_POINT('',(-1.46569035593729,-3.35430964406271,0.316380711874576));
#13094=CARTESIAN_POINT('Origin',(-1.09,6.74585786437627,0.834999999999998));
#13095=CARTESIAN_POINT('',(-1.09,6.75292893218813,0.842071067811864));
#13096=CARTESIAN_POINT('',(-1.09,6.74585786437627,0.844999999999999));
#13097=CARTESIAN_POINT('Origin',(-1.27111928812542,7.03473857625085,0.546119288125422));
#13098=CARTESIAN_POINT('',(-1.27819035593729,7.04180964406271,0.546119288125422));
#13099=CARTESIAN_POINT('',(-1.27111928812542,7.04180964406271,0.553190355937288));
#13100=CARTESIAN_POINT('Origin',(-1.56,6.74585786437627,0.422499999999999));
#13101=CARTESIAN_POINT('',(-1.56707106781187,6.75292893218813,0.422499999999999));
#13102=CARTESIAN_POINT('',(-1.57,6.74585786437627,0.422499999999999));
#13103=CARTESIAN_POINT('Origin',(-1.04138071187458,-3.34723857625085,0.733619288125421));
#13104=CARTESIAN_POINT('',(-1.03430964406271,-3.35430964406271,0.733619288125421));
#13105=CARTESIAN_POINT('',(-1.04138071187458,-3.35430964406271,0.740690355937287));
#13106=CARTESIAN_POINT('Origin',(-0.94,-3.24585786437627,0.204999999999999));
#13107=CARTESIAN_POINT('',(-0.932928932188134,-3.25292893218813,0.204999999999999));
#13108=CARTESIAN_POINT('',(-0.93,-3.24585786437627,0.204999999999999));
#13109=CARTESIAN_POINT('Origin',(-0.94,-7.70509667991878,0.834999999999999));
#13110=CARTESIAN_POINT('',(-0.93,-7.70509667991878,0.834999999999999));
#13111=CARTESIAN_POINT('',(-0.94,-7.70509667991878,0.844999999999999));
#13112=CARTESIAN_POINT('Origin',(-1.44611928812542,6.85973857625085,0.328880711874576));
#13113=CARTESIAN_POINT('',(-1.44611928812542,6.86680964406271,0.32180964406271));
#13114=CARTESIAN_POINT('',(-1.45319035593729,6.86680964406271,0.328880711874576));
#13115=CARTESIAN_POINT('Origin',(-1.41,6.74585786437627,0.214999999999999));
#13116=CARTESIAN_POINT('',(-1.41,6.75292893218813,0.207928932188133));
#13117=CARTESIAN_POINT('',(-1.41,6.74585786437627,0.204999999999999));
#13118=CARTESIAN_POINT('Origin',(-0.94,-7.70509667991878,0.214999999999999));
#13119=CARTESIAN_POINT('',(-0.93,-7.70509667991878,0.214999999999999));
#13120=CARTESIAN_POINT('',(-0.94,-7.70509667991878,0.204999999999999));
#13121=CARTESIAN_POINT('Origin',(-1.04138071187458,-3.34723857625085,0.316380711874576));
#13122=CARTESIAN_POINT('',(-1.03430964406271,-3.35430964406271,0.316380711874576));
#13123=CARTESIAN_POINT('',(-1.04138071187458,-3.35430964406271,0.30930964406271));
#13124=CARTESIAN_POINT('Origin',(-1.41,-3.39,0.35914213562373));
#13125=CARTESIAN_POINT('',(-1.41,-3.4,0.35914213562373));
#13126=CARTESIAN_POINT('',(-1.41,-3.39707106781187,0.352071067811865));
#13127=CARTESIAN_POINT('Origin',(-0.94,6.74585786437627,0.102499999999999));
#13128=CARTESIAN_POINT('',(-0.932928932188134,6.75292893218813,0.102499999999999));
#13129=CARTESIAN_POINT('',(-0.93,6.74585786437627,0.102499999999999));
#13130=CARTESIAN_POINT('Origin',(-1.22888071187458,7.03473857625085,0.546119288125422));
#13131=CARTESIAN_POINT('',(-1.22180964406271,7.04180964406271,0.546119288125422));
#13132=CARTESIAN_POINT('',(-1.22888071187458,7.04180964406271,0.553190355937288));
#13133=CARTESIAN_POINT('Origin',(-1.25,6.89,0.690857864376269));
#13134=CARTESIAN_POINT('',(-1.25,6.9,0.690857864376269));
#13135=CARTESIAN_POINT('',(-1.25,6.89707106781186,0.697928932188134));
#13136=CARTESIAN_POINT('Origin',(-1.41585786437627,6.89,0.));
#13137=CARTESIAN_POINT('',(-1.42292893218813,6.89707106781186,0.));
#13138=CARTESIAN_POINT('',(-1.41585786437627,6.9,0.));
#13139=CARTESIAN_POINT('Origin',(-1.08414213562373,-3.39,0.102499999999999));
#13140=CARTESIAN_POINT('',(-1.07707106781187,-3.39707106781187,0.102499999999999));
#13141=CARTESIAN_POINT('',(-1.08414213562373,-3.4,0.102499999999999));
#13142=CARTESIAN_POINT('Origin',(-1.05388071187458,6.85973857625085,0.328880711874576));
#13143=CARTESIAN_POINT('',(-1.05388071187458,6.86680964406271,0.32180964406271));
#13144=CARTESIAN_POINT('',(-1.04680964406271,6.86680964406271,0.328880711874576));
#13145=CARTESIAN_POINT('Origin',(-1.25,6.89,0.359142135623731));
#13146=CARTESIAN_POINT('',(-1.25,6.89707106781186,0.352071067811865));
#13147=CARTESIAN_POINT('',(-1.25,6.9,0.359142135623731));
#13148=CARTESIAN_POINT('Origin',(-1.25,6.9,0.));
#13149=CARTESIAN_POINT('Origin',(-1.25,-3.4,0.));
#13150=CARTESIAN_POINT('Origin',(-0.93,-3.25,0.844999999999999));
#13151=CARTESIAN_POINT('Origin',(-1.57,-7.70509667991878,0.844999999999999));
#13152=CARTESIAN_POINT('Origin',(-1.57,-3.25,0.844999999999999));
#13153=CARTESIAN_POINT('Origin',(-0.93,-7.70509667991878,0.844999999999999));
#13154=CARTESIAN_POINT('Origin',(-1.57,-7.70509667991878,0.204999999999999));
#13155=CARTESIAN_POINT('Origin',(-1.57,-3.25,0.204999999999999));
#13156=CARTESIAN_POINT('Origin',(-1.25,6.9,0.694999999999999));
#13157=CARTESIAN_POINT('Origin',(-1.42,6.9,0.));
#13158=CARTESIAN_POINT('Origin',(-0.93,-3.25,0.204999999999999));
#13159=CARTESIAN_POINT('Origin',(-0.93,-7.70509667991878,0.204999999999999));
#13160=CARTESIAN_POINT('Origin',(-1.25,6.9,0.354999999999999));
#13161=CARTESIAN_POINT('Origin',(-1.08,6.9,0.));
#13162=CARTESIAN_POINT('Origin',(1.41585786437627,6.89,0.359142135623731));
#13163=CARTESIAN_POINT('',(1.41585786437627,6.89707106781186,0.352071067811865));
#13164=CARTESIAN_POINT('',(1.42292893218814,6.89707106781186,0.359142135623728));
#13165=CARTESIAN_POINT('Origin',(1.41585786437627,6.89,0.35914213562373));
#13166=CARTESIAN_POINT('',(1.41585786437627,6.9,0.359142135623731));
#13167=CARTESIAN_POINT('Origin',(1.41585786437627,6.89,0.359142135623731));
#13168=CARTESIAN_POINT('Origin',(1.41585786437627,6.89,0.359142135623728));
#13169=CARTESIAN_POINT('Origin',(1.41585786437627,6.89,0.690857864376269));
#13170=CARTESIAN_POINT('',(1.42292893218814,6.89707106781186,0.690857864376268));
#13171=CARTESIAN_POINT('',(1.41585786437627,6.89707106781186,0.697928932188134));
#13172=CARTESIAN_POINT('Origin',(1.41585786437627,6.89,0.690857864376268));
#13173=CARTESIAN_POINT('',(1.41585786437627,6.9,0.690857864376269));
#13174=CARTESIAN_POINT('Origin',(1.41585786437627,6.89,0.690857864376269));
#13175=CARTESIAN_POINT('Origin',(1.41585786437627,6.89,0.690857864376269));
#13176=CARTESIAN_POINT('Origin',(1.41585786437627,6.89,0.));
#13177=CARTESIAN_POINT('',(1.41585786437627,6.9,0.));
#13178=CARTESIAN_POINT('',(1.42292893218814,6.89707106781186,0.));
#13179=CARTESIAN_POINT('Origin',(1.41585786437627,-3.39,0.35914213562373));
#13180=CARTESIAN_POINT('',(1.41585786437627,-3.4,0.35914213562373));
#13181=CARTESIAN_POINT('',(1.42292893218813,-3.39707106781187,0.359142135623731));
#13182=CARTESIAN_POINT('Origin',(1.41585786437627,-3.39,0.35914213562373));
#13183=CARTESIAN_POINT('',(1.41585786437627,-3.39707106781187,0.352071067811865));
#13184=CARTESIAN_POINT('Origin',(1.41585786437627,-3.39,0.35914213562373));
#13185=CARTESIAN_POINT('Origin',(1.41585786437627,-3.39,0.359142135623731));
#13186=CARTESIAN_POINT('Origin',(1.08414213562373,6.89,0.35914213562373));
#13187=CARTESIAN_POINT('',(1.08414213562373,6.89707106781186,0.352071067811864));
#13188=CARTESIAN_POINT('',(1.08414213562373,6.9,0.359142135623731));
#13189=CARTESIAN_POINT('Origin',(1.08414213562373,6.89,0.359142135623731));
#13190=CARTESIAN_POINT('',(1.07707106781187,6.89707106781186,0.35914213562373));
#13191=CARTESIAN_POINT('Origin',(1.08414213562373,6.89,0.35914213562373));
#13192=CARTESIAN_POINT('Origin',(1.08414213562373,6.89,0.359142135623731));
#13193=CARTESIAN_POINT('Origin',(1.56,6.74585786437627,0.214999999999998));
#13194=CARTESIAN_POINT('',(1.56,6.74585786437627,0.204999999999999));
#13195=CARTESIAN_POINT('',(1.57,6.74585786437627,0.214999999999999));
#13196=CARTESIAN_POINT('Origin',(1.56,6.74585786437627,0.214999999999999));
#13197=CARTESIAN_POINT('',(1.56,6.75292893218813,0.207928932188132));
#13198=CARTESIAN_POINT('Origin',(1.56,6.74585786437627,0.214999999999998));
#13199=CARTESIAN_POINT('',(1.56707106781187,6.75292893218813,0.214999999999998));
#13200=CARTESIAN_POINT('Origin',(1.56,6.74585786437627,0.214999999999998));
#13201=CARTESIAN_POINT('Origin',(1.56,6.74585786437627,0.214999999999999));
#13202=CARTESIAN_POINT('Origin',(1.41585786437627,-3.39,0.690857864376267));
#13203=CARTESIAN_POINT('',(1.41585786437627,-3.39707106781187,0.697928932188132));
#13204=CARTESIAN_POINT('',(1.42292893218813,-3.39707106781187,0.690857864376266));
#13205=CARTESIAN_POINT('Origin',(1.41585786437627,-3.39,0.690857864376267));
#13206=CARTESIAN_POINT('',(1.41585786437627,-3.4,0.690857864376267));
#13207=CARTESIAN_POINT('Origin',(1.41585786437627,-3.39,0.690857864376267));
#13208=CARTESIAN_POINT('Origin',(1.41585786437627,-3.39,0.690857864376266));
#13209=CARTESIAN_POINT('Origin',(1.08414213562373,6.89,0.690857864376269));
#13210=CARTESIAN_POINT('',(1.07707106781187,6.89707106781186,0.690857864376267));
#13211=CARTESIAN_POINT('',(1.08414213562373,6.9,0.690857864376269));
#13212=CARTESIAN_POINT('Origin',(1.08414213562373,6.89,0.690857864376267));
#13213=CARTESIAN_POINT('',(1.08414213562373,6.89707106781186,0.697928932188134));
#13214=CARTESIAN_POINT('Origin',(1.08414213562373,6.89,0.690857864376269));
#13215=CARTESIAN_POINT('Origin',(1.08414213562373,6.89,0.690857864376269));
#13216=CARTESIAN_POINT('Origin',(1.56,6.74585786437627,0.834999999999999));
#13217=CARTESIAN_POINT('',(1.56,6.74585786437627,0.844999999999999));
#13218=CARTESIAN_POINT('',(1.56,6.75292893218813,0.842071067811864));
#13219=CARTESIAN_POINT('Origin',(1.56,6.74585786437627,0.834999999999998));
#13220=CARTESIAN_POINT('',(1.57,6.74585786437627,0.834999999999999));
#13221=CARTESIAN_POINT('Origin',(1.56,6.74585786437627,0.834999999999999));
#13222=CARTESIAN_POINT('',(1.56707106781187,6.75292893218813,0.834999999999999));
#13223=CARTESIAN_POINT('Origin',(1.56,6.74585786437627,0.834999999999999));
#13224=CARTESIAN_POINT('Origin',(1.56,6.74585786437627,0.834999999999998));
#13225=CARTESIAN_POINT('Origin',(1.08414213562373,-3.39,0.35914213562373));
#13226=CARTESIAN_POINT('',(1.07707106781187,-3.39707106781187,0.35914213562373));
#13227=CARTESIAN_POINT('',(1.08414213562373,-3.4,0.35914213562373));
#13228=CARTESIAN_POINT('Origin',(1.08414213562373,-3.39,0.35914213562373));
#13229=CARTESIAN_POINT('',(1.08414213562373,-3.39707106781187,0.352071067811865));
#13230=CARTESIAN_POINT('Origin',(1.08414213562373,-3.39,0.35914213562373));
#13231=CARTESIAN_POINT('Origin',(1.08414213562373,-3.39,0.35914213562373));
#13232=CARTESIAN_POINT('Origin',(1.56,-3.24585786437627,0.214999999999998));
#13233=CARTESIAN_POINT('',(1.56,-3.25292893218813,0.207928932188133));
#13234=CARTESIAN_POINT('',(1.56707106781187,-3.25292893218813,0.214999999999997));
#13235=CARTESIAN_POINT('Origin',(1.56,-3.24585786437627,0.214999999999998));
#13236=CARTESIAN_POINT('',(1.56,-3.24585786437627,0.204999999999999));
#13237=CARTESIAN_POINT('Origin',(1.56,-3.24585786437627,0.214999999999998));
#13238=CARTESIAN_POINT('',(1.57,-3.24585786437627,0.214999999999999));
#13239=CARTESIAN_POINT('Origin',(1.56,-3.24585786437627,0.214999999999999));
#13240=CARTESIAN_POINT('Origin',(1.56,-3.24585786437627,0.214999999999997));
#13241=CARTESIAN_POINT('Origin',(0.94,6.74585786437627,0.214999999999998));
#13242=CARTESIAN_POINT('',(0.93,6.74585786437627,0.214999999999999));
#13243=CARTESIAN_POINT('',(0.94,6.74585786437627,0.204999999999999));
#13244=CARTESIAN_POINT('Origin',(0.94,6.74585786437627,0.214999999999999));
#13245=CARTESIAN_POINT('',(0.932928932188134,6.75292893218813,0.214999999999998));
#13246=CARTESIAN_POINT('Origin',(0.94,6.74585786437627,0.214999999999998));
#13247=CARTESIAN_POINT('',(0.94,6.75292893218813,0.207928932188133));
#13248=CARTESIAN_POINT('Origin',(0.94,6.74585786437627,0.214999999999998));
#13249=CARTESIAN_POINT('Origin',(0.94,6.74585786437627,0.214999999999999));
#13250=CARTESIAN_POINT('Origin',(1.56,-3.24585786437627,0.834999999999999));
#13251=CARTESIAN_POINT('',(1.56,-3.24585786437627,0.844999999999999));
#13252=CARTESIAN_POINT('',(1.57,-3.24585786437627,0.834999999999999));
#13253=CARTESIAN_POINT('Origin',(1.56,-3.24585786437627,0.834999999999999));
#13254=CARTESIAN_POINT('',(1.56,-3.25292893218813,0.842071067811864));
#13255=CARTESIAN_POINT('Origin',(1.56,-3.24585786437627,0.834999999999999));
#13256=CARTESIAN_POINT('',(1.56707106781187,-3.25292893218813,0.834999999999999));
#13257=CARTESIAN_POINT('Origin',(1.56,-3.24585786437627,0.834999999999999));
#13258=CARTESIAN_POINT('Origin',(1.56,-3.24585786437627,0.834999999999999));
#13259=CARTESIAN_POINT('Origin',(1.08414213562373,-3.39,0.690857864376267));
#13260=CARTESIAN_POINT('',(1.07707106781187,-3.39707106781187,0.690857864376267));
#13261=CARTESIAN_POINT('',(1.08414213562373,-3.39707106781187,0.697928932188132));
#13262=CARTESIAN_POINT('Origin',(1.08414213562373,-3.39,0.690857864376267));
#13263=CARTESIAN_POINT('',(1.08414213562373,-3.4,0.690857864376267));
#13264=CARTESIAN_POINT('Origin',(1.08414213562373,-3.39,0.690857864376267));
#13265=CARTESIAN_POINT('Origin',(1.08414213562373,-3.39,0.690857864376267));
#13266=CARTESIAN_POINT('Origin',(1.08414213562373,-3.39,0.422499999999999));
#13267=CARTESIAN_POINT('',(1.08414213562373,-3.4,0.422499999999999));
#13268=CARTESIAN_POINT('',(1.07707106781187,-3.39707106781187,0.422499999999999));
#13269=CARTESIAN_POINT('Origin',(1.41,-3.39,0.690857864376267));
#13270=CARTESIAN_POINT('',(1.41,-3.4,0.690857864376267));
#13271=CARTESIAN_POINT('',(1.41,-3.39707106781187,0.697928932188132));
#13272=CARTESIAN_POINT('Origin',(0.94,6.74585786437627,0.834999999999999));
#13273=CARTESIAN_POINT('',(0.93,6.74585786437627,0.834999999999999));
#13274=CARTESIAN_POINT('',(0.932928932188134,6.75292893218813,0.834999999999999));
#13275=CARTESIAN_POINT('Origin',(0.94,6.74585786437627,0.834999999999999));
#13276=CARTESIAN_POINT('',(0.94,6.74585786437627,0.844999999999999));
#13277=CARTESIAN_POINT('Origin',(0.94,6.74585786437627,0.834999999999999));
#13278=CARTESIAN_POINT('',(0.940000000000001,6.75292893218813,0.842071067811864));
#13279=CARTESIAN_POINT('Origin',(0.940000000000001,6.74585786437627,0.834999999999998));
#13280=CARTESIAN_POINT('Origin',(0.94,6.74585786437627,0.834999999999999));
#13281=CARTESIAN_POINT('Origin',(0.94,-3.24585786437627,0.214999999999999));
#13282=CARTESIAN_POINT('',(0.932928932188134,-3.25292893218813,0.214999999999998));
#13283=CARTESIAN_POINT('',(0.94,-3.25292893218813,0.207928932188133));
#13284=CARTESIAN_POINT('Origin',(0.94,-3.24585786437627,0.214999999999998));
#13285=CARTESIAN_POINT('',(0.93,-3.24585786437627,0.214999999999999));
#13286=CARTESIAN_POINT('Origin',(0.94,-3.24585786437627,0.214999999999999));
#13287=CARTESIAN_POINT('',(0.94,-3.24585786437627,0.204999999999999));
#13288=CARTESIAN_POINT('Origin',(0.94,-3.24585786437627,0.214999999999999));
#13289=CARTESIAN_POINT('Origin',(0.94,-3.24585786437627,0.214999999999999));
#13290=CARTESIAN_POINT('Origin',(0.94,-3.24585786437627,0.834999999999999));
#13291=CARTESIAN_POINT('',(0.93,-3.24585786437627,0.834999999999999));
#13292=CARTESIAN_POINT('',(0.94,-3.24585786437627,0.844999999999999));
#13293=CARTESIAN_POINT('Origin',(0.94,-3.24585786437627,0.834999999999999));
#13294=CARTESIAN_POINT('',(0.932928932188134,-3.25292893218813,0.834999999999999));
#13295=CARTESIAN_POINT('Origin',(0.94,-3.24585786437627,0.834999999999999));
#13296=CARTESIAN_POINT('',(0.94,-3.25292893218813,0.842071067811864));
#13297=CARTESIAN_POINT('Origin',(0.94,-3.24585786437627,0.834999999999999));
#13298=CARTESIAN_POINT('Origin',(0.94,-3.24585786437627,0.834999999999999));
#13299=CARTESIAN_POINT('Origin',(0.94,-3.24585786437627,0.844999999999999));
#13300=CARTESIAN_POINT('',(0.932928932188134,-3.25292893218813,0.844999999999999));
#13301=CARTESIAN_POINT('',(0.93,-3.24585786437627,0.844999999999999));
#13302=CARTESIAN_POINT('Origin',(1.04138071187458,-3.34723857625085,0.733619288125422));
#13303=CARTESIAN_POINT('',(1.04138071187458,-3.35430964406271,0.740690355937287));
#13304=CARTESIAN_POINT('',(1.03430964406271,-3.35430964406271,0.733619288125422));
#13305=CARTESIAN_POINT('Origin',(1.57,-3.24585786437627,0.834999999999999));
#13306=CARTESIAN_POINT('',(1.57,-3.25292893218813,0.842071067811864));
#13307=CARTESIAN_POINT('',(1.57,-3.24585786437627,0.844999999999999));
#13308=CARTESIAN_POINT('Origin',(0.94,-7.70509667991878,0.834999999999999));
#13309=CARTESIAN_POINT('',(0.94,-7.70509667991878,0.844999999999999));
#13310=CARTESIAN_POINT('',(0.93,-7.70509667991878,0.834999999999999));
#13311=CARTESIAN_POINT('Origin',(0.94,-7.70509667991878,0.214999999999999));
#13312=CARTESIAN_POINT('',(0.94,-7.70509667991878,0.204999999999999));
#13313=CARTESIAN_POINT('',(0.93,-7.70509667991878,0.214999999999999));
#13314=CARTESIAN_POINT('Origin',(0.93,-3.24585786437627,0.214999999999999));
#13315=CARTESIAN_POINT('',(0.93,-3.25292893218813,0.207928932188133));
#13316=CARTESIAN_POINT('',(0.93,-3.24585786437627,0.204999999999999));
#13317=CARTESIAN_POINT('Origin',(1.04138071187458,-3.34723857625085,0.316380711874576));
#13318=CARTESIAN_POINT('',(1.04138071187458,-3.35430964406271,0.30930964406271));
#13319=CARTESIAN_POINT('',(1.03430964406271,-3.35430964406271,0.316380711874576));
#13320=CARTESIAN_POINT('Origin',(1.41,6.74585786437627,0.834999999999998));
#13321=CARTESIAN_POINT('',(1.41,6.75292893218813,0.842071067811864));
#13322=CARTESIAN_POINT('',(1.41,6.74585786437627,0.844999999999999));
#13323=CARTESIAN_POINT('Origin',(1.22888071187458,7.03473857625085,0.546119288125422));
#13324=CARTESIAN_POINT('',(1.22180964406271,7.04180964406271,0.546119288125422));
#13325=CARTESIAN_POINT('',(1.22888071187458,7.04180964406271,0.553190355937288));
#13326=CARTESIAN_POINT('Origin',(0.94,6.74585786437627,0.422499999999999));
#13327=CARTESIAN_POINT('',(0.932928932188134,6.75292893218813,0.422499999999999));
#13328=CARTESIAN_POINT('',(0.93,6.74585786437627,0.422499999999999));
#13329=CARTESIAN_POINT('Origin',(1.45861928812542,-3.34723857625085,0.733619288125421));
#13330=CARTESIAN_POINT('',(1.46569035593729,-3.35430964406271,0.733619288125421));
#13331=CARTESIAN_POINT('',(1.45861928812542,-3.35430964406271,0.740690355937287));
#13332=CARTESIAN_POINT('Origin',(1.56,-3.24585786437627,0.204999999999999));
#13333=CARTESIAN_POINT('',(1.56707106781187,-3.25292893218813,0.204999999999999));
#13334=CARTESIAN_POINT('',(1.57,-3.24585786437627,0.204999999999999));
#13335=CARTESIAN_POINT('Origin',(1.56,-7.70509667991878,0.834999999999999));
#13336=CARTESIAN_POINT('',(1.57,-7.70509667991878,0.834999999999999));
#13337=CARTESIAN_POINT('',(1.56,-7.70509667991878,0.844999999999999));
#13338=CARTESIAN_POINT('Origin',(1.05388071187458,6.85973857625085,0.328880711874576));
#13339=CARTESIAN_POINT('',(1.05388071187458,6.86680964406271,0.32180964406271));
#13340=CARTESIAN_POINT('',(1.04680964406271,6.86680964406271,0.328880711874576));
#13341=CARTESIAN_POINT('Origin',(1.09,6.74585786437627,0.214999999999999));
#13342=CARTESIAN_POINT('',(1.09,6.75292893218813,0.207928932188133));
#13343=CARTESIAN_POINT('',(1.09,6.74585786437627,0.204999999999999));
#13344=CARTESIAN_POINT('Origin',(1.56,-7.70509667991878,0.214999999999999));
#13345=CARTESIAN_POINT('',(1.57,-7.70509667991878,0.214999999999999));
#13346=CARTESIAN_POINT('',(1.56,-7.70509667991878,0.204999999999999));
#13347=CARTESIAN_POINT('Origin',(1.45861928812542,-3.34723857625085,0.316380711874576));
#13348=CARTESIAN_POINT('',(1.46569035593729,-3.35430964406271,0.316380711874576));
#13349=CARTESIAN_POINT('',(1.45861928812542,-3.35430964406271,0.30930964406271));
#13350=CARTESIAN_POINT('Origin',(1.09,-3.39,0.35914213562373));
#13351=CARTESIAN_POINT('',(1.09,-3.4,0.35914213562373));
#13352=CARTESIAN_POINT('',(1.09,-3.39707106781187,0.352071067811865));
#13353=CARTESIAN_POINT('Origin',(1.56,6.74585786437627,0.102499999999999));
#13354=CARTESIAN_POINT('',(1.56707106781187,6.75292893218813,0.102499999999999));
#13355=CARTESIAN_POINT('',(1.57,6.74585786437627,0.102499999999999));
#13356=CARTESIAN_POINT('Origin',(1.27111928812542,7.03473857625085,0.546119288125422));
#13357=CARTESIAN_POINT('',(1.27819035593729,7.04180964406271,0.546119288125422));
#13358=CARTESIAN_POINT('',(1.27111928812542,7.04180964406271,0.553190355937288));
#13359=CARTESIAN_POINT('Origin',(1.25,6.89,0.690857864376269));
#13360=CARTESIAN_POINT('',(1.25,6.9,0.690857864376269));
#13361=CARTESIAN_POINT('',(1.25,6.89707106781186,0.697928932188134));
#13362=CARTESIAN_POINT('Origin',(1.08414213562373,6.89,0.));
#13363=CARTESIAN_POINT('',(1.07707106781187,6.89707106781186,0.));
#13364=CARTESIAN_POINT('',(1.08414213562373,6.9,0.));
#13365=CARTESIAN_POINT('Origin',(1.41585786437627,-3.39,0.102499999999999));
#13366=CARTESIAN_POINT('',(1.42292893218813,-3.39707106781187,0.102499999999999));
#13367=CARTESIAN_POINT('',(1.41585786437627,-3.4,0.102499999999999));
#13368=CARTESIAN_POINT('Origin',(1.44611928812542,6.85973857625085,0.328880711874576));
#13369=CARTESIAN_POINT('',(1.44611928812542,6.86680964406271,0.32180964406271));
#13370=CARTESIAN_POINT('',(1.45319035593729,6.86680964406271,0.328880711874576));
#13371=CARTESIAN_POINT('Origin',(1.25,6.89,0.359142135623731));
#13372=CARTESIAN_POINT('',(1.25,6.89707106781186,0.352071067811865));
#13373=CARTESIAN_POINT('',(1.25,6.9,0.359142135623731));
#13374=CARTESIAN_POINT('Origin',(1.25,6.9,0.));
#13375=CARTESIAN_POINT('Origin',(1.25,-3.4,0.));
#13376=CARTESIAN_POINT('Origin',(1.57,-3.25,0.844999999999999));
#13377=CARTESIAN_POINT('Origin',(0.93,-7.70509667991878,0.844999999999999));
#13378=CARTESIAN_POINT('Origin',(0.93,-3.25,0.844999999999999));
#13379=CARTESIAN_POINT('Origin',(1.57,-7.70509667991878,0.844999999999999));
#13380=CARTESIAN_POINT('Origin',(0.93,-7.70509667991878,0.204999999999999));
#13381=CARTESIAN_POINT('Origin',(0.93,-3.25,0.204999999999999));
#13382=CARTESIAN_POINT('Origin',(1.25,6.9,0.694999999999999));
#13383=CARTESIAN_POINT('Origin',(1.08,6.9,0.));
#13384=CARTESIAN_POINT('Origin',(1.57,-3.25,0.204999999999999));
#13385=CARTESIAN_POINT('Origin',(1.57,-7.70509667991878,0.204999999999999));
#13386=CARTESIAN_POINT('Origin',(1.25,6.9,0.354999999999999));
#13387=CARTESIAN_POINT('Origin',(1.42,6.9,0.));
#13388=CARTESIAN_POINT('Origin',(3.91585786437627,-3.39,0.35914213562373));
#13389=CARTESIAN_POINT('',(3.91585786437627,-3.39707106781187,0.352071067811865));
#13390=CARTESIAN_POINT('',(3.91585786437627,-3.4,0.35914213562373));
#13391=CARTESIAN_POINT('Origin',(3.91585786437627,-3.39,0.35914213562373));
#13392=CARTESIAN_POINT('',(3.92292893218813,-3.39707106781187,0.35914213562373));
#13393=CARTESIAN_POINT('Origin',(3.91585786437627,-3.39,0.35914213562373));
#13394=CARTESIAN_POINT('Origin',(3.91585786437627,-3.39,0.35914213562373));
#13395=CARTESIAN_POINT('Origin',(3.91585786437627,6.89,0.359142135623731));
#13396=CARTESIAN_POINT('',(3.91585786437627,6.89707106781186,0.352071067811864));
#13397=CARTESIAN_POINT('',(3.92292893218814,6.89707106781186,0.359142135623728));
#13398=CARTESIAN_POINT('Origin',(3.91585786437627,6.89,0.35914213562373));
#13399=CARTESIAN_POINT('',(3.91585786437627,6.9,0.359142135623731));
#13400=CARTESIAN_POINT('Origin',(3.91585786437627,6.89,0.359142135623731));
#13401=CARTESIAN_POINT('Origin',(3.91585786437627,6.89,0.359142135623728));
#13402=CARTESIAN_POINT('Origin',(3.91585786437627,-3.39,0.690857864376267));
#13403=CARTESIAN_POINT('',(3.91585786437627,-3.39707106781187,0.697928932188133));
#13404=CARTESIAN_POINT('',(3.92292893218813,-3.39707106781187,0.690857864376266));
#13405=CARTESIAN_POINT('Origin',(3.91585786437627,-3.39,0.690857864376267));
#13406=CARTESIAN_POINT('',(3.91585786437627,-3.4,0.690857864376267));
#13407=CARTESIAN_POINT('Origin',(3.91585786437627,-3.39,0.690857864376267));
#13408=CARTESIAN_POINT('Origin',(3.91585786437627,-3.39,0.690857864376266));
#13409=CARTESIAN_POINT('Origin',(3.58414213562373,-3.39,0.359142135623731));
#13410=CARTESIAN_POINT('',(3.57707106781187,-3.39707106781187,0.359142135623731));
#13411=CARTESIAN_POINT('',(3.58414213562373,-3.4,0.35914213562373));
#13412=CARTESIAN_POINT('Origin',(3.58414213562373,-3.39,0.359142135623731));
#13413=CARTESIAN_POINT('',(3.58414213562373,-3.39707106781187,0.352071067811865));
#13414=CARTESIAN_POINT('Origin',(3.58414213562373,-3.39,0.359142135623731));
#13415=CARTESIAN_POINT('Origin',(3.58414213562373,-3.39,0.35914213562373));
#13416=CARTESIAN_POINT('Origin',(4.06,-3.24585786437627,0.214999999999999));
#13417=CARTESIAN_POINT('',(4.06,-3.24585786437627,0.204999999999999));
#13418=CARTESIAN_POINT('',(4.06,-3.25292893218813,0.207928932188133));
#13419=CARTESIAN_POINT('Origin',(4.06,-3.24585786437627,0.214999999999999));
#13420=CARTESIAN_POINT('',(4.07,-3.24585786437627,0.214999999999999));
#13421=CARTESIAN_POINT('Origin',(4.06,-3.24585786437627,0.214999999999999));
#13422=CARTESIAN_POINT('',(4.06707106781187,-3.25292893218813,0.214999999999998));
#13423=CARTESIAN_POINT('Origin',(4.06,-3.24585786437627,0.214999999999998));
#13424=CARTESIAN_POINT('Origin',(4.06,-3.24585786437627,0.214999999999998));
#13425=CARTESIAN_POINT('Origin',(3.91585786437627,6.89,0.690857864376269));
#13426=CARTESIAN_POINT('',(3.92292893218814,6.89707106781186,0.690857864376268));
#13427=CARTESIAN_POINT('',(3.91585786437627,6.89707106781186,0.697928932188134));
#13428=CARTESIAN_POINT('Origin',(3.91585786437627,6.89,0.690857864376268));
#13429=CARTESIAN_POINT('',(3.91585786437627,6.9,0.690857864376269));
#13430=CARTESIAN_POINT('Origin',(3.91585786437627,6.89,0.690857864376269));
#13431=CARTESIAN_POINT('Origin',(3.91585786437627,6.89,0.690857864376269));
#13432=CARTESIAN_POINT('Origin',(3.91585786437627,6.89,0.));
#13433=CARTESIAN_POINT('',(3.91585786437627,6.9,0.));
#13434=CARTESIAN_POINT('',(3.92292893218814,6.89707106781186,0.));
#13435=CARTESIAN_POINT('Origin',(3.58414213562373,6.89,0.359142135623729));
#13436=CARTESIAN_POINT('',(3.58414213562373,6.89707106781186,0.352071067811864));
#13437=CARTESIAN_POINT('',(3.58414213562373,6.9,0.359142135623731));
#13438=CARTESIAN_POINT('Origin',(3.58414213562373,6.89,0.359142135623731));
#13439=CARTESIAN_POINT('',(3.57707106781187,6.89707106781186,0.359142135623729));
#13440=CARTESIAN_POINT('Origin',(3.58414213562373,6.89,0.359142135623729));
#13441=CARTESIAN_POINT('Origin',(3.58414213562373,6.89,0.359142135623731));
#13442=CARTESIAN_POINT('Origin',(4.06,6.74585786437627,0.214999999999999));
#13443=CARTESIAN_POINT('',(4.06,6.74585786437627,0.204999999999999));
#13444=CARTESIAN_POINT('',(4.07,6.74585786437627,0.214999999999999));
#13445=CARTESIAN_POINT('Origin',(4.06,6.74585786437627,0.214999999999999));
#13446=CARTESIAN_POINT('',(4.06,6.75292893218813,0.207928932188133));
#13447=CARTESIAN_POINT('Origin',(4.06,6.74585786437627,0.214999999999999));
#13448=CARTESIAN_POINT('',(4.06707106781186,6.75292893218813,0.214999999999999));
#13449=CARTESIAN_POINT('Origin',(4.06,6.74585786437627,0.214999999999999));
#13450=CARTESIAN_POINT('Origin',(4.06,6.74585786437627,0.214999999999999));
#13451=CARTESIAN_POINT('Origin',(3.58414213562373,-3.39,0.690857864376267));
#13452=CARTESIAN_POINT('',(3.57707106781187,-3.39707106781187,0.690857864376267));
#13453=CARTESIAN_POINT('',(3.58414213562373,-3.39707106781187,0.697928932188133));
#13454=CARTESIAN_POINT('Origin',(3.58414213562373,-3.39,0.690857864376267));
#13455=CARTESIAN_POINT('',(3.58414213562373,-3.4,0.690857864376267));
#13456=CARTESIAN_POINT('Origin',(3.58414213562373,-3.39,0.690857864376267));
#13457=CARTESIAN_POINT('Origin',(3.58414213562373,-3.39,0.690857864376267));
#13458=CARTESIAN_POINT('Origin',(3.58414213562373,-3.39,0.694999999999998));
#13459=CARTESIAN_POINT('',(3.58414213562373,-3.4,0.694999999999998));
#13460=CARTESIAN_POINT('',(3.57707106781187,-3.39707106781187,0.694999999999998));
#13461=CARTESIAN_POINT('Origin',(4.07,-3.39,0.690857864376267));
#13462=CARTESIAN_POINT('',(4.07,-3.4,0.690857864376267));
#13463=CARTESIAN_POINT('',(4.07,-3.39707106781187,0.697928932188133));
#13464=CARTESIAN_POINT('Origin',(4.06,-3.24585786437627,0.834999999999999));
#13465=CARTESIAN_POINT('',(4.06,-3.24585786437627,0.844999999999999));
#13466=CARTESIAN_POINT('',(4.07,-3.24585786437627,0.834999999999999));
#13467=CARTESIAN_POINT('Origin',(4.06,-3.24585786437627,0.834999999999999));
#13468=CARTESIAN_POINT('',(4.06,-3.25292893218813,0.842071067811864));
#13469=CARTESIAN_POINT('Origin',(4.06,-3.24585786437627,0.834999999999999));
#13470=CARTESIAN_POINT('',(4.06707106781187,-3.25292893218813,0.834999999999999));
#13471=CARTESIAN_POINT('Origin',(4.06,-3.24585786437627,0.834999999999999));
#13472=CARTESIAN_POINT('Origin',(4.06,-3.24585786437627,0.834999999999999));
#13473=CARTESIAN_POINT('Origin',(3.44,-3.24585786437627,0.214999999999999));
#13474=CARTESIAN_POINT('',(3.43,-3.24585786437627,0.214999999999999));
#13475=CARTESIAN_POINT('',(3.43292893218813,-3.25292893218813,0.214999999999997));
#13476=CARTESIAN_POINT('Origin',(3.44,-3.24585786437627,0.214999999999999));
#13477=CARTESIAN_POINT('',(3.44,-3.24585786437627,0.204999999999999));
#13478=CARTESIAN_POINT('Origin',(3.44,-3.24585786437627,0.214999999999999));
#13479=CARTESIAN_POINT('',(3.44,-3.25292893218813,0.207928932188133));
#13480=CARTESIAN_POINT('Origin',(3.44,-3.24585786437627,0.214999999999999));
#13481=CARTESIAN_POINT('Origin',(3.44,-3.24585786437627,0.214999999999997));
#13482=CARTESIAN_POINT('Origin',(3.58414213562373,6.89,0.690857864376268));
#13483=CARTESIAN_POINT('',(3.57707106781187,6.89707106781186,0.690857864376267));
#13484=CARTESIAN_POINT('',(3.58414213562373,6.9,0.690857864376269));
#13485=CARTESIAN_POINT('Origin',(3.58414213562373,6.89,0.690857864376267));
#13486=CARTESIAN_POINT('',(3.58414213562373,6.89707106781186,0.697928932188134));
#13487=CARTESIAN_POINT('Origin',(3.58414213562373,6.89,0.690857864376268));
#13488=CARTESIAN_POINT('Origin',(3.58414213562373,6.89,0.690857864376269));
#13489=CARTESIAN_POINT('Origin',(4.06,6.74585786437627,0.834999999999999));
#13490=CARTESIAN_POINT('',(4.06,6.74585786437627,0.844999999999999));
#13491=CARTESIAN_POINT('',(4.06,6.75292893218813,0.842071067811864));
#13492=CARTESIAN_POINT('Origin',(4.06,6.74585786437627,0.834999999999999));
#13493=CARTESIAN_POINT('',(4.07,6.74585786437627,0.834999999999999));
#13494=CARTESIAN_POINT('Origin',(4.06,6.74585786437627,0.834999999999999));
#13495=CARTESIAN_POINT('',(4.06707106781186,6.75292893218813,0.834999999999997));
#13496=CARTESIAN_POINT('Origin',(4.06,6.74585786437627,0.834999999999997));
#13497=CARTESIAN_POINT('Origin',(4.06,6.74585786437627,0.834999999999998));
#13498=CARTESIAN_POINT('Origin',(4.06,-0.625,0.834999999999999));
#13499=CARTESIAN_POINT('',(4.06,-1.16119546258065,0.844999999999999));
#13500=CARTESIAN_POINT('',(4.07,-1.16119546258065,0.834999999999999));
#13501=CARTESIAN_POINT('Origin',(4.06,-1.16119546258065,0.834999999999999));
#13502=CARTESIAN_POINT('',(4.07,-0.625,0.834999999999999));
#13503=CARTESIAN_POINT('',(4.06,-0.625,0.844999999999999));
#13504=CARTESIAN_POINT('Origin',(4.06,-1.16119546258065,0.344999999999999));
#13505=CARTESIAN_POINT('',(4.06,-1.33337319373697,0.814419672461499));
#13506=CARTESIAN_POINT('',(4.07,-1.32992963911384,0.805031279012269));
#13507=CARTESIAN_POINT('Origin',(4.06,-1.32992963911384,0.805031279012269));
#13508=CARTESIAN_POINT('Origin',(4.07,-1.16119546258065,0.344999999999999));
#13509=CARTESIAN_POINT('Origin',(4.06,-1.16119546258065,0.344999999999999));
#13510=CARTESIAN_POINT('Origin',(4.06,-0.832261281080328,0.987570302792804));
#13511=CARTESIAN_POINT('',(4.06,-1.88734603665472,0.611228811891813));
#13512=CARTESIAN_POINT('',(4.07,-1.88390248203159,0.601840418442583));
#13513=CARTESIAN_POINT('Origin',(4.06,-1.88390248203159,0.601840418442583));
#13514=CARTESIAN_POINT('',(4.07,-0.832261281080328,0.987570302792804));
#13515=CARTESIAN_POINT('',(4.06,-0.835704835703454,0.996958696242034));
#13516=CARTESIAN_POINT('Origin',(4.06,-2.05952376781103,1.08064848435331));
#13517=CARTESIAN_POINT('',(4.06,-2.26068890723383,0.622901188696632));
#13518=CARTESIAN_POINT('',(4.07,-2.26471221002229,0.613746242783499));
#13519=CARTESIAN_POINT('Origin',(4.06,-2.26471221002229,0.613746242783499));
#13520=CARTESIAN_POINT('Origin',(4.07,-2.05952376781103,1.08064848435331));
#13521=CARTESIAN_POINT('Origin',(4.06,-2.05952376781103,1.08064848435331));
#13522=CARTESIAN_POINT('Origin',(4.06,-1.11045856491314,0.106489077856831));
#13523=CARTESIAN_POINT('',(4.06,-2.66992516621765,0.80274729565668));
#13524=CARTESIAN_POINT('',(4.07,-2.6739484690061,0.793592349743546));
#13525=CARTESIAN_POINT('Origin',(4.06,-2.6739484690061,0.793592349743546));
#13526=CARTESIAN_POINT('',(4.07,-1.11045856491314,0.106489077856831));
#13527=CARTESIAN_POINT('',(4.06,-1.10643526212468,0.115644023769965));
#13528=CARTESIAN_POINT('Origin',(4.06,-2.87109030564045,0.344999999999998));
#13529=CARTESIAN_POINT('',(4.06,-2.87109030564045,0.844999999999999));
#13530=CARTESIAN_POINT('',(4.07,-2.87109030564045,0.834999999999998));
#13531=CARTESIAN_POINT('Origin',(4.06,-2.87109030564045,0.834999999999998));
#13532=CARTESIAN_POINT('Origin',(4.07,-2.87109030564045,0.344999999999998));
#13533=CARTESIAN_POINT('Origin',(4.06,-2.87109030564045,0.344999999999998));
#13534=CARTESIAN_POINT('Origin',(4.06,-1.625,0.834999999999999));
#13535=CARTESIAN_POINT('',(4.07,-1.625,0.834999999999999));
#13536=CARTESIAN_POINT('',(4.06,-1.625,0.844999999999999));
#13537=CARTESIAN_POINT('Origin',(4.06,6.74585786437627,0.));
#13538=CARTESIAN_POINT('',(4.06707106781186,6.75292893218813,0.));
#13539=CARTESIAN_POINT('',(4.07,6.74585786437627,0.));
#13540=CARTESIAN_POINT('Origin',(3.35445262145876,7.45140524291751,0.129452621458757));
#13541=CARTESIAN_POINT('',(3.36152368927062,7.45847631072938,0.129452621458757));
#13542=CARTESIAN_POINT('',(3.35445262145876,7.45847631072938,0.136523689270623));
#13543=CARTESIAN_POINT('Origin',(3.44,6.74585786437627,0.214999999999997));
#13544=CARTESIAN_POINT('',(3.43,6.74585786437627,0.214999999999999));
#13545=CARTESIAN_POINT('',(3.44,6.74585786437627,0.204999999999999));
#13546=CARTESIAN_POINT('Origin',(3.44,6.74585786437627,0.214999999999999));
#13547=CARTESIAN_POINT('',(3.43292893218813,6.75292893218813,0.214999999999997));
#13548=CARTESIAN_POINT('Origin',(3.44,6.74585786437627,0.214999999999997));
#13549=CARTESIAN_POINT('',(3.44,6.75292893218813,0.207928932188133));
#13550=CARTESIAN_POINT('Origin',(3.44,6.74585786437627,0.214999999999999));
#13551=CARTESIAN_POINT('Origin',(3.44,6.74585786437627,0.214999999999999));
#13552=CARTESIAN_POINT('Origin',(3.44,-3.24585786437627,0.835));
#13553=CARTESIAN_POINT('',(3.43,-3.24585786437627,0.834999999999999));
#13554=CARTESIAN_POINT('',(3.44,-3.24585786437627,0.844999999999999));
#13555=CARTESIAN_POINT('Origin',(3.44,-3.24585786437627,0.834999999999999));
#13556=CARTESIAN_POINT('',(3.43292893218813,-3.25292893218813,0.835));
#13557=CARTESIAN_POINT('Origin',(3.44,-3.24585786437627,0.835));
#13558=CARTESIAN_POINT('',(3.44,-3.25292893218813,0.842071067811864));
#13559=CARTESIAN_POINT('Origin',(3.44,-3.24585786437627,0.834999999999999));
#13560=CARTESIAN_POINT('Origin',(3.44,-3.24585786437627,0.834999999999999));
#13561=CARTESIAN_POINT('Origin',(3.44,-3.24585786437627,0.347499999999999));
#13562=CARTESIAN_POINT('',(3.43292893218813,-3.25292893218813,0.347499999999999));
#13563=CARTESIAN_POINT('',(3.43,-3.24585786437627,0.347499999999999));
#13564=CARTESIAN_POINT('Origin',(3.61638071187458,-3.42223857625085,0.658619288125421));
#13565=CARTESIAN_POINT('',(3.61638071187458,-3.42930964406271,0.665690355937287));
#13566=CARTESIAN_POINT('',(3.60930964406271,-3.42930964406271,0.658619288125421));
#13567=CARTESIAN_POINT('Origin',(4.07,-3.24585786437627,0.834999999999999));
#13568=CARTESIAN_POINT('',(4.07,-3.25292893218813,0.842071067811864));
#13569=CARTESIAN_POINT('',(4.07,-3.24585786437627,0.844999999999999));
#13570=CARTESIAN_POINT('Origin',(3.44,6.74585786437627,0.834999999999999));
#13571=CARTESIAN_POINT('',(3.43,6.74585786437627,0.834999999999999));
#13572=CARTESIAN_POINT('',(3.43292893218813,6.75292893218813,0.834999999999999));
#13573=CARTESIAN_POINT('Origin',(3.44,6.74585786437627,0.834999999999999));
#13574=CARTESIAN_POINT('',(3.44,6.74585786437627,0.844999999999999));
#13575=CARTESIAN_POINT('Origin',(3.44,6.74585786437627,0.834999999999999));
#13576=CARTESIAN_POINT('',(3.44,6.75292893218813,0.842071067811864));
#13577=CARTESIAN_POINT('Origin',(3.44,6.74585786437627,0.834999999999999));
#13578=CARTESIAN_POINT('Origin',(3.44,6.74585786437627,0.834999999999999));
#13579=CARTESIAN_POINT('Origin',(3.44,-0.625,0.834999999999999));
#13580=CARTESIAN_POINT('',(3.43,-1.16119546258065,0.834999999999999));
#13581=CARTESIAN_POINT('',(3.44,-1.16119546258065,0.844999999999999));
#13582=CARTESIAN_POINT('Origin',(3.44,-1.16119546258065,0.834999999999999));
#13583=CARTESIAN_POINT('',(3.44,-0.625,0.844999999999999));
#13584=CARTESIAN_POINT('',(3.43,-0.625,0.834999999999999));
#13585=CARTESIAN_POINT('Origin',(3.44,-1.16119546258065,0.344999999999999));
#13586=CARTESIAN_POINT('',(3.43,-1.32992963911384,0.805031279012269));
#13587=CARTESIAN_POINT('',(3.44,-1.33337319373697,0.814419672461499));
#13588=CARTESIAN_POINT('Origin',(3.44,-1.32992963911384,0.805031279012269));
#13589=CARTESIAN_POINT('Origin',(3.44,-1.16119546258065,0.344999999999999));
#13590=CARTESIAN_POINT('Origin',(3.43,-1.16119546258065,0.344999999999999));
#13591=CARTESIAN_POINT('Origin',(3.44,-0.832261281080328,0.987570302792804));
#13592=CARTESIAN_POINT('',(3.43,-1.88390248203159,0.601840418442583));
#13593=CARTESIAN_POINT('',(3.44,-1.88734603665472,0.611228811891813));
#13594=CARTESIAN_POINT('Origin',(3.44,-1.88390248203159,0.601840418442583));
#13595=CARTESIAN_POINT('',(3.44,-0.835704835703454,0.996958696242034));
#13596=CARTESIAN_POINT('',(3.43,-0.832261281080328,0.987570302792804));
#13597=CARTESIAN_POINT('Origin',(3.44,-2.05952376781103,1.08064848435331));
#13598=CARTESIAN_POINT('',(3.43,-2.26471221002229,0.613746242783499));
#13599=CARTESIAN_POINT('',(3.44,-2.26068890723383,0.622901188696632));
#13600=CARTESIAN_POINT('Origin',(3.44,-2.26471221002229,0.613746242783499));
#13601=CARTESIAN_POINT('Origin',(3.44,-2.05952376781103,1.08064848435331));
#13602=CARTESIAN_POINT('Origin',(3.43,-2.05952376781103,1.08064848435331));
#13603=CARTESIAN_POINT('Origin',(3.44,-1.11045856491314,0.106489077856831));
#13604=CARTESIAN_POINT('',(3.43,-2.6739484690061,0.793592349743546));
#13605=CARTESIAN_POINT('',(3.44,-2.66992516621765,0.80274729565668));
#13606=CARTESIAN_POINT('Origin',(3.44,-2.6739484690061,0.793592349743546));
#13607=CARTESIAN_POINT('',(3.44,-1.10643526212468,0.115644023769965));
#13608=CARTESIAN_POINT('',(3.43,-1.11045856491314,0.106489077856831));
#13609=CARTESIAN_POINT('Origin',(3.44,-2.87109030564045,0.344999999999998));
#13610=CARTESIAN_POINT('',(3.43,-2.87109030564045,0.834999999999998));
#13611=CARTESIAN_POINT('',(3.44,-2.87109030564045,0.844999999999999));
#13612=CARTESIAN_POINT('Origin',(3.44,-2.87109030564045,0.834999999999998));
#13613=CARTESIAN_POINT('Origin',(3.44,-2.87109030564045,0.344999999999998));
#13614=CARTESIAN_POINT('Origin',(3.43,-2.87109030564045,0.344999999999998));
#13615=CARTESIAN_POINT('Origin',(3.44,-1.625,0.834999999999999));
#13616=CARTESIAN_POINT('',(3.44,-1.625,0.844999999999999));
#13617=CARTESIAN_POINT('',(3.43,-1.625,0.834999999999999));
#13618=CARTESIAN_POINT('Origin',(2.66,6.74585786437627,0.834999999999999));
#13619=CARTESIAN_POINT('',(2.66,6.75292893218813,0.842071067811864));
#13620=CARTESIAN_POINT('',(2.66,6.74585786437627,0.844999999999999));
#13621=CARTESIAN_POINT('Origin',(3.31221404520791,6.61807190958418,0.962785954792087));
#13622=CARTESIAN_POINT('',(3.30514297739605,6.62514297739604,0.962785954792087));
#13623=CARTESIAN_POINT('',(3.31221404520791,6.62514297739604,0.969857022603953));
#13624=CARTESIAN_POINT('Origin',(3.44,6.74585786437627,0.));
#13625=CARTESIAN_POINT('',(3.43292893218813,6.75292893218813,0.));
#13626=CARTESIAN_POINT('',(3.43,6.74585786437627,0.));
#13627=CARTESIAN_POINT('Origin',(3.13721404520791,6.44307190958418,-0.0877859547920895));
#13628=CARTESIAN_POINT('',(3.13721404520791,6.45014297739604,-0.0948570226039548));
#13629=CARTESIAN_POINT('',(3.13014297739605,6.45014297739604,-0.0877859547920895));
#13630=CARTESIAN_POINT('Origin',(2.66,6.74585786437627,0.214999999999999));
#13631=CARTESIAN_POINT('',(2.66,6.75292893218813,0.207928932188133));
#13632=CARTESIAN_POINT('',(2.66,6.74585786437627,0.204999999999999));
#13633=CARTESIAN_POINT('Origin',(3.44,-1.625,0.214999999999999));
#13634=CARTESIAN_POINT('',(3.43,-2.87109030564045,0.214999999999999));
#13635=CARTESIAN_POINT('',(3.44,-2.87109030564045,0.204999999999999));
#13636=CARTESIAN_POINT('Origin',(3.44,-2.87109030564045,0.214999999999999));
#13637=CARTESIAN_POINT('',(3.44,-1.625,0.204999999999999));
#13638=CARTESIAN_POINT('',(3.43,-1.625,0.214999999999999));
#13639=CARTESIAN_POINT('Origin',(3.44,-2.87109030564045,-0.295000000000002));
#13640=CARTESIAN_POINT('',(3.43,-2.66590186342919,0.171902241569813));
#13641=CARTESIAN_POINT('',(3.44,-2.66992516621765,0.16274729565668));
#13642=CARTESIAN_POINT('Origin',(3.44,-2.66590186342919,0.171902241569813));
#13643=CARTESIAN_POINT('Origin',(3.44,-2.87109030564045,-0.295000000000002));
#13644=CARTESIAN_POINT('Origin',(3.43,-2.87109030564045,-0.295000000000002));
#13645=CARTESIAN_POINT('Origin',(3.44,-1.22027794148175,-0.463402741268589));
#13646=CARTESIAN_POINT('',(3.43,-2.25666560444538,-0.00794386539023403));
#13647=CARTESIAN_POINT('',(3.44,-2.26068890723383,-0.0170988113033677));
#13648=CARTESIAN_POINT('Origin',(3.44,-2.25666560444538,-0.00794386539023403));
#13649=CARTESIAN_POINT('',(3.44,-1.2243012442702,-0.472557687181722));
#13650=CARTESIAN_POINT('',(3.43,-1.22027794148175,-0.463402741268589));
#13651=CARTESIAN_POINT('Origin',(3.44,-2.05952376781103,0.440648484353314));
#13652=CARTESIAN_POINT('',(3.43,-1.89078959127784,-0.0193827946589567));
#13653=CARTESIAN_POINT('',(3.44,-1.88734603665472,-0.028771188108187));
#13654=CARTESIAN_POINT('Origin',(3.44,-1.89078959127784,-0.0193827946589567));
#13655=CARTESIAN_POINT('Origin',(3.44,-2.05952376781103,0.440648484353314));
#13656=CARTESIAN_POINT('Origin',(3.43,-2.05952376781103,0.440648484353314));
#13657=CARTESIAN_POINT('Origin',(3.44,-0.73569416419594,0.40429290870712));
#13658=CARTESIAN_POINT('',(3.43,-1.3368167483601,0.18380806591073));
#13659=CARTESIAN_POINT('',(3.44,-1.33337319373697,0.1744196724615));
#13660=CARTESIAN_POINT('Origin',(3.44,-1.3368167483601,0.18380806591073));
#13661=CARTESIAN_POINT('',(3.44,-0.732250609572814,0.39490451525789));
#13662=CARTESIAN_POINT('',(3.43,-0.73569416419594,0.40429290870712));
#13663=CARTESIAN_POINT('Origin',(3.44,-1.16119546258065,-0.295000000000001));
#13664=CARTESIAN_POINT('',(3.43,-1.16119546258065,0.214999999999999));
#13665=CARTESIAN_POINT('',(3.44,-1.16119546258065,0.204999999999999));
#13666=CARTESIAN_POINT('Origin',(3.44,-1.16119546258065,0.214999999999999));
#13667=CARTESIAN_POINT('Origin',(3.44,-1.16119546258065,-0.295000000000001));
#13668=CARTESIAN_POINT('Origin',(3.43,-1.16119546258065,-0.295000000000001));
#13669=CARTESIAN_POINT('Origin',(3.44,-0.625,0.214999999999999));
#13670=CARTESIAN_POINT('',(3.44,-0.625,0.204999999999999));
#13671=CARTESIAN_POINT('',(3.43,-0.625,0.214999999999999));
#13672=CARTESIAN_POINT('Origin',(1.25,6.89,0.690857864376269));
#13673=CARTESIAN_POINT('',(1.25,6.9,0.690857864376269));
#13674=CARTESIAN_POINT('',(1.25,6.89707106781186,0.697928932188134));
#13675=CARTESIAN_POINT('Origin',(3.58414213562373,6.89,0.));
#13676=CARTESIAN_POINT('',(3.57707106781187,6.89707106781186,0.));
#13677=CARTESIAN_POINT('',(3.58414213562373,6.9,0.));
#13678=CARTESIAN_POINT('Origin',(4.07,-3.24585786437627,0.214999999999999));
#13679=CARTESIAN_POINT('',(4.07,-3.25292893218813,0.207928932188133));
#13680=CARTESIAN_POINT('',(4.07,-3.24585786437627,0.204999999999999));
#13681=CARTESIAN_POINT('Origin',(3.72304737854124,-3.52890524291751,0.498047378541243));
#13682=CARTESIAN_POINT('',(3.72304737854124,-3.53597631072938,0.490976310729377));
#13683=CARTESIAN_POINT('',(3.71597631072938,-3.53597631072938,0.498047378541243));
#13684=CARTESIAN_POINT('Origin',(3.92445262145876,-3.38140524291751,0.699452621458755));
#13685=CARTESIAN_POINT('',(3.93152368927062,-3.38847631072938,0.699452621458755));
#13686=CARTESIAN_POINT('',(3.92445262145876,-3.38847631072938,0.706523689270621));
#13687=CARTESIAN_POINT('Origin',(4.06,-3.24585786437627,0.));
#13688=CARTESIAN_POINT('',(4.07,-3.24585786437627,0.));
#13689=CARTESIAN_POINT('',(4.06707106781187,-3.25292893218813,0.));
#13690=CARTESIAN_POINT('Origin',(3.52945262145876,7.27640524291751,0.745547378541241));
#13691=CARTESIAN_POINT('',(3.52945262145876,7.28347631072938,0.738476310729375));
#13692=CARTESIAN_POINT('',(3.53652368927062,7.28347631072938,0.745547378541241));
#13693=CARTESIAN_POINT('Origin',(4.06,-1.625,0.214999999999999));
#13694=CARTESIAN_POINT('',(4.06,-2.87109030564045,0.204999999999999));
#13695=CARTESIAN_POINT('',(4.07,-2.87109030564045,0.214999999999999));
#13696=CARTESIAN_POINT('Origin',(4.06,-2.87109030564045,0.214999999999999));
#13697=CARTESIAN_POINT('',(4.07,-1.625,0.214999999999999));
#13698=CARTESIAN_POINT('',(4.06,-1.625,0.204999999999999));
#13699=CARTESIAN_POINT('Origin',(4.06,-2.87109030564045,-0.295000000000002));
#13700=CARTESIAN_POINT('',(4.06,-2.66992516621765,0.16274729565668));
#13701=CARTESIAN_POINT('',(4.07,-2.66590186342919,0.171902241569813));
#13702=CARTESIAN_POINT('Origin',(4.06,-2.66590186342919,0.171902241569813));
#13703=CARTESIAN_POINT('Origin',(4.07,-2.87109030564045,-0.295000000000002));
#13704=CARTESIAN_POINT('Origin',(4.06,-2.87109030564045,-0.295000000000002));
#13705=CARTESIAN_POINT('Origin',(4.06,-1.22027794148175,-0.463402741268589));
#13706=CARTESIAN_POINT('',(4.06,-2.26068890723383,-0.0170988113033677));
#13707=CARTESIAN_POINT('',(4.07,-2.25666560444538,-0.00794386539023403));
#13708=CARTESIAN_POINT('Origin',(4.06,-2.25666560444538,-0.00794386539023403));
#13709=CARTESIAN_POINT('',(4.07,-1.22027794148175,-0.463402741268589));
#13710=CARTESIAN_POINT('',(4.06,-1.2243012442702,-0.472557687181722));
#13711=CARTESIAN_POINT('Origin',(4.06,-2.05952376781103,0.440648484353314));
#13712=CARTESIAN_POINT('',(4.06,-1.88734603665472,-0.028771188108187));
#13713=CARTESIAN_POINT('',(4.07,-1.89078959127784,-0.0193827946589568));
#13714=CARTESIAN_POINT('Origin',(4.06,-1.89078959127784,-0.0193827946589568));
#13715=CARTESIAN_POINT('Origin',(4.07,-2.05952376781103,0.440648484353314));
#13716=CARTESIAN_POINT('Origin',(4.06,-2.05952376781103,0.440648484353314));
#13717=CARTESIAN_POINT('Origin',(4.06,-0.73569416419594,0.40429290870712));
#13718=CARTESIAN_POINT('',(4.06,-1.33337319373697,0.1744196724615));
#13719=CARTESIAN_POINT('',(4.07,-1.3368167483601,0.18380806591073));
#13720=CARTESIAN_POINT('Origin',(4.06,-1.3368167483601,0.18380806591073));
#13721=CARTESIAN_POINT('',(4.07,-0.73569416419594,0.40429290870712));
#13722=CARTESIAN_POINT('',(4.06,-0.732250609572814,0.39490451525789));
#13723=CARTESIAN_POINT('Origin',(4.06,-1.16119546258065,-0.295000000000001));
#13724=CARTESIAN_POINT('',(4.06,-1.16119546258065,0.204999999999999));
#13725=CARTESIAN_POINT('',(4.07,-1.16119546258065,0.214999999999999));
#13726=CARTESIAN_POINT('Origin',(4.06,-1.16119546258065,0.214999999999999));
#13727=CARTESIAN_POINT('Origin',(4.07,-1.16119546258065,-0.295000000000001));
#13728=CARTESIAN_POINT('Origin',(4.06,-1.16119546258065,-0.295000000000001));
#13729=CARTESIAN_POINT('Origin',(4.06,-0.625,0.214999999999999));
#13730=CARTESIAN_POINT('',(4.07,-0.625,0.214999999999999));
#13731=CARTESIAN_POINT('',(4.06,-0.625,0.204999999999999));
#13732=CARTESIAN_POINT('Origin',(1.25,6.89,0.359142135623731));
#13733=CARTESIAN_POINT('',(1.25,6.89707106781186,0.352071067811865));
#13734=CARTESIAN_POINT('',(1.25,6.9,0.359142135623731));
#13735=CARTESIAN_POINT('Origin',(4.04945262145876,-3.25640524291751,0.225547378541242));
#13736=CARTESIAN_POINT('',(4.05652368927062,-3.26347631072938,0.225547378541242));
#13737=CARTESIAN_POINT('',(4.04945262145876,-3.26347631072938,0.218476310729377));
#13738=CARTESIAN_POINT('Origin',(4.07,-3.39,0.35914213562373));
#13739=CARTESIAN_POINT('',(4.07,-3.4,0.35914213562373));
#13740=CARTESIAN_POINT('',(4.07,-3.39707106781187,0.352071067811865));
#13741=CARTESIAN_POINT('Origin',(3.91585786437627,-3.39,0.347499999999999));
#13742=CARTESIAN_POINT('',(3.92292893218813,-3.39707106781187,0.347499999999999));
#13743=CARTESIAN_POINT('',(3.91585786437627,-3.4,0.347499999999999));
#13744=CARTESIAN_POINT('Origin',(4.07,-2.87109030564045,0.344999999999998));
#13745=CARTESIAN_POINT('',(4.07,-2.66992516621765,0.80274729565668));
#13746=CARTESIAN_POINT('',(4.07,-2.87109030564045,0.844999999999999));
#13747=CARTESIAN_POINT('Origin',(4.07,-2.07636753337476,0.541897903209672));
#13748=CARTESIAN_POINT('',(4.07,-2.26068890723383,0.622901188696632));
#13749=CARTESIAN_POINT('Origin',(4.07,-2.05952376781103,1.08064848435331));
#13750=CARTESIAN_POINT('',(4.07,-1.88734603665472,0.611228811891813));
#13751=CARTESIAN_POINT('Origin',(4.07,-1.25,0.844999999999999));
#13752=CARTESIAN_POINT('',(4.07,-1.16119546258065,0.844999999999999));
#13753=CARTESIAN_POINT('Origin',(4.07,-1.25,0.844999999999999));
#13754=CARTESIAN_POINT('',(4.07,-1.33337319373697,0.814419672461499));
#13755=CARTESIAN_POINT('Origin',(4.07,-1.16119546258065,0.344999999999999));
#13756=CARTESIAN_POINT('Origin',(4.07,-1.16119546258065,-0.295000000000001));
#13757=CARTESIAN_POINT('',(4.07,-1.33337319373697,0.1744196724615));
#13758=CARTESIAN_POINT('',(4.07,-1.16119546258065,0.204999999999999));
#13759=CARTESIAN_POINT('Origin',(4.07,-1.25,0.204999999999999));
#13760=CARTESIAN_POINT('',(4.07,-1.88734603665472,-0.028771188108187));
#13761=CARTESIAN_POINT('Origin',(4.07,-2.05952376781103,0.440648484353314));
#13762=CARTESIAN_POINT('',(4.07,-2.26068890723383,-0.0170988113033677));
#13763=CARTESIAN_POINT('Origin',(4.07,-3.25,0.204999999999999));
#13764=CARTESIAN_POINT('',(4.07,-2.87109030564045,0.204999999999999));
#13765=CARTESIAN_POINT('Origin',(4.07,-2.07636753337476,-0.098102096790328));
#13766=CARTESIAN_POINT('',(4.07,-2.66992516621765,0.16274729565668));
#13767=CARTESIAN_POINT('Origin',(4.07,-2.87109030564045,-0.295000000000002));
#13768=CARTESIAN_POINT('Origin',(1.25,6.9,0.));
#13769=CARTESIAN_POINT('Origin',(4.07,-3.4,0.694999999999998));
#13770=CARTESIAN_POINT('Origin',(4.07,-3.25,0.844999999999999));
#13771=CARTESIAN_POINT('Origin',(4.07,0.,0.));
#13772=CARTESIAN_POINT('Origin',(3.92,6.9,0.));
#13773=CARTESIAN_POINT('Origin',(1.25,6.9,0.694999999999999));
#13774=CARTESIAN_POINT('Origin',(3.58,-3.4,0.694999999999998));
#13775=CARTESIAN_POINT('Origin',(3.43,0.,0.));
#13776=CARTESIAN_POINT('Origin',(3.58,6.9,0.));
#13777=CARTESIAN_POINT('Origin',(1.25,6.9,0.354999999999999));
#13778=CARTESIAN_POINT('Origin',(4.07,-3.4,0.354999999999999));
#13779=CARTESIAN_POINT('Origin',(4.07,-3.25,0.));
#13780=CARTESIAN_POINT('Origin',(4.07,-3.25,0.844999999999999));
#13781=CARTESIAN_POINT('Origin',(4.07,-1.25,0.204999999999999));
#13782=CARTESIAN_POINT('Origin',(-3.58414213562373,-3.39,0.690857864376267));
#13783=CARTESIAN_POINT('',(-3.58414213562373,-3.4,0.690857864376267));
#13784=CARTESIAN_POINT('',(-3.58414213562373,-3.39707106781187,0.697928932188133));
#13785=CARTESIAN_POINT('Origin',(-3.58414213562373,-3.39,0.690857864376267));
#13786=CARTESIAN_POINT('',(-3.57707106781187,-3.39707106781187,0.690857864376267));
#13787=CARTESIAN_POINT('Origin',(-3.58414213562373,-3.39,0.690857864376267));
#13788=CARTESIAN_POINT('Origin',(-3.58414213562373,-3.39,0.690857864376267));
#13789=CARTESIAN_POINT('Origin',(-3.58414213562373,6.89,0.690857864376268));
#13790=CARTESIAN_POINT('',(-3.58414213562373,6.89707106781186,0.697928932188132));
#13791=CARTESIAN_POINT('',(-3.58414213562373,6.9,0.690857864376266));
#13792=CARTESIAN_POINT('Origin',(-3.58414213562373,6.89,0.690857864376266));
#13793=CARTESIAN_POINT('',(-3.57707106781187,6.89707106781186,0.690857864376268));
#13794=CARTESIAN_POINT('Origin',(-3.58414213562373,6.89,0.690857864376268));
#13795=CARTESIAN_POINT('Origin',(-3.58414213562373,6.89,0.690857864376266));
#13796=CARTESIAN_POINT('Origin',(-3.91585786437627,-3.39,0.690857864376266));
#13797=CARTESIAN_POINT('',(-3.91585786437627,-3.39707106781187,0.697928932188132));
#13798=CARTESIAN_POINT('',(-3.91585786437627,-3.4,0.690857864376267));
#13799=CARTESIAN_POINT('Origin',(-3.91585786437627,-3.39,0.690857864376267));
#13800=CARTESIAN_POINT('',(-3.92292893218813,-3.39707106781187,0.690857864376266));
#13801=CARTESIAN_POINT('Origin',(-3.91585786437627,-3.39,0.690857864376266));
#13802=CARTESIAN_POINT('Origin',(-3.91585786437627,-3.39,0.690857864376267));
#13803=CARTESIAN_POINT('Origin',(-3.58414213562373,-3.39,0.35914213562373));
#13804=CARTESIAN_POINT('',(-3.57707106781187,-3.39707106781187,0.359142135623731));
#13805=CARTESIAN_POINT('',(-3.58414213562373,-3.39707106781187,0.352071067811865));
#13806=CARTESIAN_POINT('Origin',(-3.58414213562373,-3.39,0.359142135623731));
#13807=CARTESIAN_POINT('',(-3.58414213562373,-3.4,0.35914213562373));
#13808=CARTESIAN_POINT('Origin',(-3.58414213562373,-3.39,0.35914213562373));
#13809=CARTESIAN_POINT('Origin',(-3.58414213562373,-3.39,0.35914213562373));
#13810=CARTESIAN_POINT('Origin',(-3.58414213562373,-3.39,0.694999999999998));
#13811=CARTESIAN_POINT('',(-3.58414213562373,-3.4,0.694999999999998));
#13812=CARTESIAN_POINT('',(-3.57707106781187,-3.39707106781187,0.694999999999998));
#13813=CARTESIAN_POINT('Origin',(-3.44,-3.24585786437627,0.834999999999999));
#13814=CARTESIAN_POINT('',(-3.43292893218813,-3.25292893218813,0.835));
#13815=CARTESIAN_POINT('',(-3.44,-3.25292893218813,0.842071067811864));
#13816=CARTESIAN_POINT('Origin',(-3.44,-3.24585786437627,0.835));
#13817=CARTESIAN_POINT('',(-3.43,-3.24585786437627,0.834999999999999));
#13818=CARTESIAN_POINT('Origin',(-3.44,-3.24585786437627,0.834999999999999));
#13819=CARTESIAN_POINT('',(-3.44,-3.24585786437627,0.844999999999999));
#13820=CARTESIAN_POINT('Origin',(-3.44,-3.24585786437627,0.834999999999999));
#13821=CARTESIAN_POINT('Origin',(-3.44,-3.24585786437627,0.834999999999999));
#13822=CARTESIAN_POINT('Origin',(-3.91585786437627,6.89,0.690857864376267));
#13823=CARTESIAN_POINT('',(-3.92292893218813,6.89707106781187,0.690857864376266));
#13824=CARTESIAN_POINT('',(-3.91585786437627,6.9,0.690857864376266));
#13825=CARTESIAN_POINT('Origin',(-3.91585786437627,6.89,0.690857864376266));
#13826=CARTESIAN_POINT('',(-3.91585786437627,6.89707106781186,0.697928932188132));
#13827=CARTESIAN_POINT('Origin',(-3.91585786437627,6.89,0.690857864376267));
#13828=CARTESIAN_POINT('Origin',(-3.91585786437627,6.89,0.690857864376266));
#13829=CARTESIAN_POINT('Origin',(-3.58414213562373,6.89,0.359142135623729));
#13830=CARTESIAN_POINT('',(-3.58414213562373,6.89707106781186,0.352071067811864));
#13831=CARTESIAN_POINT('',(-3.57707106781187,6.89707106781186,0.35914213562373));
#13832=CARTESIAN_POINT('Origin',(-3.58414213562373,6.89,0.35914213562373));
#13833=CARTESIAN_POINT('',(-3.58414213562373,6.9,0.359142135623729));
#13834=CARTESIAN_POINT('Origin',(-3.58414213562373,6.89,0.359142135623729));
#13835=CARTESIAN_POINT('Origin',(-3.58414213562373,6.89,0.35914213562373));
#13836=CARTESIAN_POINT('Origin',(-3.44,6.74585786437627,0.834999999999998));
#13837=CARTESIAN_POINT('',(-3.43,6.74585786437627,0.834999999999999));
#13838=CARTESIAN_POINT('',(-3.44,6.74585786437627,0.844999999999999));
#13839=CARTESIAN_POINT('Origin',(-3.44,6.74585786437627,0.834999999999999));
#13840=CARTESIAN_POINT('',(-3.43292893218814,6.75292893218813,0.834999999999998));
#13841=CARTESIAN_POINT('Origin',(-3.44,6.74585786437627,0.834999999999998));
#13842=CARTESIAN_POINT('',(-3.44,6.75292893218813,0.842071067811864));
#13843=CARTESIAN_POINT('Origin',(-3.44,6.74585786437627,0.834999999999998));
#13844=CARTESIAN_POINT('Origin',(-3.44,6.74585786437627,0.834999999999999));
#13845=CARTESIAN_POINT('Origin',(-4.06,-3.24585786437627,0.834999999999999));
#13846=CARTESIAN_POINT('',(-4.06,-3.25292893218813,0.842071067811864));
#13847=CARTESIAN_POINT('',(-4.06707106781187,-3.25292893218813,0.834999999999999));
#13848=CARTESIAN_POINT('Origin',(-4.06,-3.24585786437627,0.834999999999998));
#13849=CARTESIAN_POINT('',(-4.06,-3.24585786437627,0.844999999999999));
#13850=CARTESIAN_POINT('Origin',(-4.06,-3.24585786437627,0.834999999999999));
#13851=CARTESIAN_POINT('',(-4.07,-3.24585786437627,0.834999999999999));
#13852=CARTESIAN_POINT('Origin',(-4.06,-3.24585786437627,0.834999999999999));
#13853=CARTESIAN_POINT('Origin',(-4.06,-3.24585786437627,0.834999999999999));
#13854=CARTESIAN_POINT('Origin',(-4.07,-3.24585786437627,0.834999999999999));
#13855=CARTESIAN_POINT('',(-4.07,-3.25292893218813,0.842071067811864));
#13856=CARTESIAN_POINT('',(-4.07,-3.24585786437627,0.844999999999999));
#13857=CARTESIAN_POINT('Origin',(-3.91585786437627,-3.39,0.35914213562373));
#13858=CARTESIAN_POINT('',(-3.91585786437627,-3.4,0.35914213562373));
#13859=CARTESIAN_POINT('',(-3.91585786437627,-3.39707106781187,0.352071067811865));
#13860=CARTESIAN_POINT('Origin',(-3.91585786437627,-3.39,0.35914213562373));
#13861=CARTESIAN_POINT('',(-3.92292893218813,-3.39707106781187,0.35914213562373));
#13862=CARTESIAN_POINT('Origin',(-3.91585786437627,-3.39,0.35914213562373));
#13863=CARTESIAN_POINT('Origin',(-3.91585786437627,-3.39,0.35914213562373));
#13864=CARTESIAN_POINT('Origin',(-3.91585786437627,-3.39,0.347499999999999));
#13865=CARTESIAN_POINT('',(-3.92292893218813,-3.39707106781187,0.347499999999999));
#13866=CARTESIAN_POINT('',(-3.91585786437627,-3.4,0.347499999999999));
#13867=CARTESIAN_POINT('Origin',(-3.44,-3.24585786437627,0.214999999999997));
#13868=CARTESIAN_POINT('',(-3.43,-3.24585786437627,0.214999999999999));
#13869=CARTESIAN_POINT('',(-3.44,-3.24585786437627,0.204999999999999));
#13870=CARTESIAN_POINT('Origin',(-3.44,-3.24585786437627,0.214999999999999));
#13871=CARTESIAN_POINT('',(-3.43292893218813,-3.25292893218813,0.214999999999997));
#13872=CARTESIAN_POINT('Origin',(-3.44,-3.24585786437627,0.214999999999997));
#13873=CARTESIAN_POINT('',(-3.44,-3.25292893218813,0.207928932188133));
#13874=CARTESIAN_POINT('Origin',(-3.44,-3.24585786437627,0.214999999999999));
#13875=CARTESIAN_POINT('Origin',(-3.44,-3.24585786437627,0.214999999999999));
#13876=CARTESIAN_POINT('Origin',(-3.44,-3.24585786437627,0.347499999999999));
#13877=CARTESIAN_POINT('',(-3.43292893218813,-3.25292893218813,0.347499999999999));
#13878=CARTESIAN_POINT('',(-3.43,-3.24585786437627,0.347499999999999));
#13879=CARTESIAN_POINT('Origin',(-3.72304737854124,-3.52890524291751,0.498047378541243));
#13880=CARTESIAN_POINT('',(-3.72304737854124,-3.53597631072938,0.490976310729377));
#13881=CARTESIAN_POINT('',(-3.71597631072938,-3.53597631072938,0.498047378541243));
#13882=CARTESIAN_POINT('Origin',(-3.91585786437627,6.89,0.359142135623729));
#13883=CARTESIAN_POINT('',(-3.92292893218813,6.89707106781187,0.359142135623732));
#13884=CARTESIAN_POINT('',(-3.91585786437627,6.89707106781186,0.352071067811864));
#13885=CARTESIAN_POINT('Origin',(-3.91585786437627,6.89,0.359142135623732));
#13886=CARTESIAN_POINT('',(-3.91585786437627,6.9,0.359142135623729));
#13887=CARTESIAN_POINT('Origin',(-3.91585786437627,6.89,0.359142135623729));
#13888=CARTESIAN_POINT('Origin',(-3.91585786437627,6.89,0.359142135623729));
#13889=CARTESIAN_POINT('Origin',(-3.91585786437627,6.89,0.));
#13890=CARTESIAN_POINT('',(-3.92292893218813,6.89707106781187,0.));
#13891=CARTESIAN_POINT('',(-3.91585786437627,6.9,0.));
#13892=CARTESIAN_POINT('Origin',(-1.25,6.89,0.359142135623729));
#13893=CARTESIAN_POINT('',(-1.25,6.9,0.359142135623729));
#13894=CARTESIAN_POINT('',(-1.25,6.89707106781186,0.352071067811864));
#13895=CARTESIAN_POINT('Origin',(-4.06,6.74585786437627,0.834999999999999));
#13896=CARTESIAN_POINT('',(-4.06,6.74585786437627,0.844999999999999));
#13897=CARTESIAN_POINT('',(-4.07,6.74585786437627,0.834999999999999));
#13898=CARTESIAN_POINT('Origin',(-4.06,6.74585786437627,0.834999999999999));
#13899=CARTESIAN_POINT('',(-4.06,6.75292893218813,0.842071067811864));
#13900=CARTESIAN_POINT('Origin',(-4.06,6.74585786437627,0.834999999999999));
#13901=CARTESIAN_POINT('',(-4.06707106781187,6.75292893218813,0.834999999999998));
#13902=CARTESIAN_POINT('Origin',(-4.06,6.74585786437627,0.834999999999998));
#13903=CARTESIAN_POINT('Origin',(-4.06,6.74585786437627,0.834999999999999));
#13904=CARTESIAN_POINT('Origin',(-2.66,6.74585786437627,0.834999999999999));
#13905=CARTESIAN_POINT('',(-2.66,6.75292893218813,0.842071067811864));
#13906=CARTESIAN_POINT('',(-2.66,6.74585786437627,0.844999999999999));
#13907=CARTESIAN_POINT('Origin',(-3.35445262145876,7.45140524291751,0.129452621458755));
#13908=CARTESIAN_POINT('',(-3.36152368927062,7.45847631072938,0.129452621458755));
#13909=CARTESIAN_POINT('',(-3.35445262145876,7.45847631072938,0.13652368927062));
#13910=CARTESIAN_POINT('Origin',(-3.44,6.74585786437627,0.214999999999999));
#13911=CARTESIAN_POINT('',(-3.43,6.74585786437627,0.214999999999999));
#13912=CARTESIAN_POINT('',(-3.43292893218813,6.75292893218813,0.214999999999999));
#13913=CARTESIAN_POINT('Origin',(-3.44,6.74585786437627,0.214999999999999));
#13914=CARTESIAN_POINT('',(-3.44,6.74585786437627,0.204999999999999));
#13915=CARTESIAN_POINT('Origin',(-3.44,6.74585786437627,0.214999999999999));
#13916=CARTESIAN_POINT('',(-3.44,6.75292893218813,0.207928932188133));
#13917=CARTESIAN_POINT('Origin',(-3.44,6.74585786437627,0.214999999999998));
#13918=CARTESIAN_POINT('Origin',(-3.44,6.74585786437627,0.214999999999999));
#13919=CARTESIAN_POINT('Origin',(-3.44,-0.625,0.214999999999999));
#13920=CARTESIAN_POINT('',(-3.43,-1.16119546258065,0.214999999999999));
#13921=CARTESIAN_POINT('',(-3.44,-1.16119546258065,0.204999999999999));
#13922=CARTESIAN_POINT('Origin',(-3.44,-1.16119546258065,0.214999999999999));
#13923=CARTESIAN_POINT('',(-3.44,-0.625,0.204999999999999));
#13924=CARTESIAN_POINT('',(-3.43,-0.625,0.214999999999999));
#13925=CARTESIAN_POINT('Origin',(-3.44,-1.16119546258065,-0.295000000000001));
#13926=CARTESIAN_POINT('',(-3.43,-1.3368167483601,0.18380806591073));
#13927=CARTESIAN_POINT('',(-3.44,-1.33337319373697,0.1744196724615));
#13928=CARTESIAN_POINT('Origin',(-3.44,-1.3368167483601,0.18380806591073));
#13929=CARTESIAN_POINT('Origin',(-3.44,-1.16119546258065,-0.295000000000001));
#13930=CARTESIAN_POINT('Origin',(-3.43,-1.16119546258065,-0.295000000000001));
#13931=CARTESIAN_POINT('Origin',(-3.44,-0.73569416419594,0.40429290870712));
#13932=CARTESIAN_POINT('',(-3.43,-1.89078959127784,-0.019382794658957));
#13933=CARTESIAN_POINT('',(-3.44,-1.88734603665472,-0.0287711881081868));
#13934=CARTESIAN_POINT('Origin',(-3.44,-1.89078959127784,-0.019382794658957));
#13935=CARTESIAN_POINT('',(-3.44,-0.732250609572814,0.39490451525789));
#13936=CARTESIAN_POINT('',(-3.43,-0.73569416419594,0.40429290870712));
#13937=CARTESIAN_POINT('Origin',(-3.44,-2.05952376781103,0.440648484353314));
#13938=CARTESIAN_POINT('',(-3.43,-2.25666560444538,-0.007943865390234));
#13939=CARTESIAN_POINT('',(-3.44,-2.26068890723383,-0.0170988113033675));
#13940=CARTESIAN_POINT('Origin',(-3.44,-2.25666560444538,-0.007943865390234));
#13941=CARTESIAN_POINT('Origin',(-3.44,-2.05952376781103,0.440648484353314));
#13942=CARTESIAN_POINT('Origin',(-3.43,-2.05952376781103,0.440648484353314));
#13943=CARTESIAN_POINT('Origin',(-3.44,-1.22027794148175,-0.463402741268589));
#13944=CARTESIAN_POINT('',(-3.43,-2.66590186342919,0.171902241569813));
#13945=CARTESIAN_POINT('',(-3.44,-2.66992516621765,0.16274729565668));
#13946=CARTESIAN_POINT('Origin',(-3.44,-2.66590186342919,0.171902241569813));
#13947=CARTESIAN_POINT('',(-3.44,-1.2243012442702,-0.472557687181722));
#13948=CARTESIAN_POINT('',(-3.43,-1.22027794148175,-0.463402741268589));
#13949=CARTESIAN_POINT('Origin',(-3.44,-2.87109030564045,-0.295000000000002));
#13950=CARTESIAN_POINT('',(-3.43,-2.87109030564045,0.214999999999999));
#13951=CARTESIAN_POINT('',(-3.44,-2.87109030564045,0.204999999999999));
#13952=CARTESIAN_POINT('Origin',(-3.44,-2.87109030564045,0.214999999999999));
#13953=CARTESIAN_POINT('Origin',(-3.44,-2.87109030564045,-0.295000000000002));
#13954=CARTESIAN_POINT('Origin',(-3.43,-2.87109030564045,-0.295000000000002));
#13955=CARTESIAN_POINT('Origin',(-3.44,-1.625,0.214999999999999));
#13956=CARTESIAN_POINT('',(-3.44,-1.625,0.204999999999999));
#13957=CARTESIAN_POINT('',(-3.43,-1.625,0.214999999999999));
#13958=CARTESIAN_POINT('Origin',(-4.06,-3.24585786437627,0.214999999999999));
#13959=CARTESIAN_POINT('',(-4.06,-3.24585786437627,0.204999999999999));
#13960=CARTESIAN_POINT('',(-4.07,-3.24585786437627,0.214999999999999));
#13961=CARTESIAN_POINT('Origin',(-4.06,-3.24585786437627,0.214999999999999));
#13962=CARTESIAN_POINT('',(-4.06,-3.25292893218813,0.207928932188133));
#13963=CARTESIAN_POINT('Origin',(-4.06,-3.24585786437627,0.214999999999999));
#13964=CARTESIAN_POINT('',(-4.06707106781187,-3.25292893218813,0.214999999999998));
#13965=CARTESIAN_POINT('Origin',(-4.06,-3.24585786437627,0.214999999999998));
#13966=CARTESIAN_POINT('Origin',(-4.06,-3.24585786437627,0.214999999999999));
#13967=CARTESIAN_POINT('Origin',(-4.07,-3.24585786437627,0.214999999999999));
#13968=CARTESIAN_POINT('',(-4.07,-3.25292893218813,0.207928932188133));
#13969=CARTESIAN_POINT('',(-4.07,-3.24585786437627,0.204999999999999));
#13970=CARTESIAN_POINT('Origin',(-4.04945262145876,-3.25640524291751,0.225547378541242));
#13971=CARTESIAN_POINT('',(-4.05652368927062,-3.26347631072938,0.225547378541242));
#13972=CARTESIAN_POINT('',(-4.04945262145876,-3.26347631072938,0.218476310729377));
#13973=CARTESIAN_POINT('Origin',(-4.06,-3.24585786437627,0.));
#13974=CARTESIAN_POINT('',(-4.07,-3.24585786437627,0.));
#13975=CARTESIAN_POINT('',(-4.06707106781187,-3.25292893218813,0.));
#13976=CARTESIAN_POINT('Origin',(-4.06,6.74585786437627,0.214999999999999));
#13977=CARTESIAN_POINT('',(-4.06,6.74585786437627,0.204999999999999));
#13978=CARTESIAN_POINT('',(-4.06,6.75292893218813,0.207928932188133));
#13979=CARTESIAN_POINT('Origin',(-4.06,6.74585786437627,0.214999999999998));
#13980=CARTESIAN_POINT('',(-4.07,6.74585786437627,0.214999999999999));
#13981=CARTESIAN_POINT('Origin',(-4.06,6.74585786437627,0.214999999999999));
#13982=CARTESIAN_POINT('',(-4.06707106781187,6.75292893218813,0.214999999999999));
#13983=CARTESIAN_POINT('Origin',(-4.06,6.74585786437627,0.214999999999999));
#13984=CARTESIAN_POINT('Origin',(-4.06,6.74585786437627,0.214999999999998));
#13985=CARTESIAN_POINT('Origin',(-4.06,-0.625,0.214999999999999));
#13986=CARTESIAN_POINT('',(-4.06,-1.16119546258065,0.204999999999999));
#13987=CARTESIAN_POINT('',(-4.07,-1.16119546258065,0.214999999999999));
#13988=CARTESIAN_POINT('Origin',(-4.06,-1.16119546258065,0.214999999999999));
#13989=CARTESIAN_POINT('',(-4.07,-0.625,0.214999999999999));
#13990=CARTESIAN_POINT('',(-4.06,-0.625,0.204999999999999));
#13991=CARTESIAN_POINT('Origin',(-4.06,-1.16119546258065,-0.295000000000001));
#13992=CARTESIAN_POINT('',(-4.06,-1.33337319373697,0.1744196724615));
#13993=CARTESIAN_POINT('',(-4.07,-1.3368167483601,0.18380806591073));
#13994=CARTESIAN_POINT('Origin',(-4.06,-1.3368167483601,0.18380806591073));
#13995=CARTESIAN_POINT('Origin',(-4.07,-1.16119546258065,-0.295000000000001));
#13996=CARTESIAN_POINT('Origin',(-4.06,-1.16119546258065,-0.295000000000001));
#13997=CARTESIAN_POINT('Origin',(-4.06,-0.73569416419594,0.40429290870712));
#13998=CARTESIAN_POINT('',(-4.06,-1.88734603665472,-0.0287711881081868));
#13999=CARTESIAN_POINT('',(-4.07,-1.89078959127784,-0.019382794658957));
#14000=CARTESIAN_POINT('Origin',(-4.06,-1.89078959127784,-0.019382794658957));
#14001=CARTESIAN_POINT('',(-4.07,-0.73569416419594,0.40429290870712));
#14002=CARTESIAN_POINT('',(-4.06,-0.732250609572814,0.39490451525789));
#14003=CARTESIAN_POINT('Origin',(-4.06,-2.05952376781103,0.440648484353314));
#14004=CARTESIAN_POINT('',(-4.06,-2.26068890723383,-0.0170988113033675));
#14005=CARTESIAN_POINT('',(-4.07,-2.25666560444538,-0.007943865390234));
#14006=CARTESIAN_POINT('Origin',(-4.06,-2.25666560444538,-0.007943865390234));
#14007=CARTESIAN_POINT('Origin',(-4.07,-2.05952376781103,0.440648484353314));
#14008=CARTESIAN_POINT('Origin',(-4.06,-2.05952376781103,0.440648484353314));
#14009=CARTESIAN_POINT('Origin',(-4.06,-1.22027794148175,-0.463402741268589));
#14010=CARTESIAN_POINT('',(-4.06,-2.66992516621765,0.16274729565668));
#14011=CARTESIAN_POINT('',(-4.07,-2.66590186342919,0.171902241569813));
#14012=CARTESIAN_POINT('Origin',(-4.06,-2.66590186342919,0.171902241569813));
#14013=CARTESIAN_POINT('',(-4.07,-1.22027794148175,-0.463402741268589));
#14014=CARTESIAN_POINT('',(-4.06,-1.2243012442702,-0.472557687181722));
#14015=CARTESIAN_POINT('Origin',(-4.06,-2.87109030564045,-0.295000000000002));
#14016=CARTESIAN_POINT('',(-4.06,-2.87109030564045,0.204999999999999));
#14017=CARTESIAN_POINT('',(-4.07,-2.87109030564045,0.214999999999999));
#14018=CARTESIAN_POINT('Origin',(-4.06,-2.87109030564045,0.214999999999999));
#14019=CARTESIAN_POINT('Origin',(-4.07,-2.87109030564045,-0.295000000000002));
#14020=CARTESIAN_POINT('Origin',(-4.06,-2.87109030564045,-0.295000000000002));
#14021=CARTESIAN_POINT('Origin',(-4.06,-1.625,0.214999999999999));
#14022=CARTESIAN_POINT('',(-4.07,-1.625,0.214999999999999));
#14023=CARTESIAN_POINT('',(-4.06,-1.625,0.204999999999999));
#14024=CARTESIAN_POINT('Origin',(-4.06,6.74585786437627,0.));
#14025=CARTESIAN_POINT('',(-4.06707106781187,6.75292893218813,0.));
#14026=CARTESIAN_POINT('',(-4.07,6.74585786437627,0.));
#14027=CARTESIAN_POINT('Origin',(-3.52945262145876,7.27640524291751,0.745547378541243));
#14028=CARTESIAN_POINT('',(-3.53652368927062,7.28347631072938,0.745547378541243));
#14029=CARTESIAN_POINT('',(-3.52945262145876,7.28347631072938,0.738476310729378));
#14030=CARTESIAN_POINT('Origin',(-2.66,6.74585786437627,0.214999999999998));
#14031=CARTESIAN_POINT('',(-2.66,6.75292893218813,0.207928932188133));
#14032=CARTESIAN_POINT('',(-2.66,6.74585786437627,0.204999999999999));
#14033=CARTESIAN_POINT('Origin',(-3.13721404520791,6.44307190958418,-0.0877859547920903));
#14034=CARTESIAN_POINT('',(-3.13721404520791,6.45014297739604,-0.0948570226039562));
#14035=CARTESIAN_POINT('',(-3.13014297739605,6.45014297739604,-0.0877859547920903));
#14036=CARTESIAN_POINT('Origin',(-3.44,6.74585786437627,0.));
#14037=CARTESIAN_POINT('',(-3.43292893218813,6.75292893218813,0.));
#14038=CARTESIAN_POINT('',(-3.43,6.74585786437627,0.));
#14039=CARTESIAN_POINT('Origin',(-4.06,-1.625,0.834999999999999));
#14040=CARTESIAN_POINT('',(-4.06,-2.87109030564045,0.844999999999999));
#14041=CARTESIAN_POINT('',(-4.07,-2.87109030564045,0.834999999999999));
#14042=CARTESIAN_POINT('Origin',(-4.06,-2.87109030564045,0.834999999999999));
#14043=CARTESIAN_POINT('',(-4.07,-1.625,0.834999999999999));
#14044=CARTESIAN_POINT('',(-4.06,-1.625,0.844999999999999));
#14045=CARTESIAN_POINT('Origin',(-4.06,-2.87109030564045,0.344999999999998));
#14046=CARTESIAN_POINT('',(-4.06,-2.66992516621765,0.80274729565668));
#14047=CARTESIAN_POINT('',(-4.07,-2.6739484690061,0.793592349743546));
#14048=CARTESIAN_POINT('Origin',(-4.06,-2.6739484690061,0.793592349743546));
#14049=CARTESIAN_POINT('Origin',(-4.07,-2.87109030564045,0.344999999999998));
#14050=CARTESIAN_POINT('Origin',(-4.06,-2.87109030564045,0.344999999999998));
#14051=CARTESIAN_POINT('Origin',(-4.06,-1.11045856491314,0.106489077856831));
#14052=CARTESIAN_POINT('',(-4.06,-2.26068890723383,0.622901188696632));
#14053=CARTESIAN_POINT('',(-4.07,-2.26471221002229,0.613746242783499));
#14054=CARTESIAN_POINT('Origin',(-4.06,-2.26471221002229,0.613746242783499));
#14055=CARTESIAN_POINT('',(-4.07,-1.11045856491314,0.106489077856831));
#14056=CARTESIAN_POINT('',(-4.06,-1.10643526212468,0.115644023769965));
#14057=CARTESIAN_POINT('Origin',(-4.06,-2.05952376781103,1.08064848435331));
#14058=CARTESIAN_POINT('',(-4.06,-1.88734603665472,0.611228811891813));
#14059=CARTESIAN_POINT('',(-4.07,-1.88390248203159,0.601840418442583));
#14060=CARTESIAN_POINT('Origin',(-4.06,-1.88390248203159,0.601840418442583));
#14061=CARTESIAN_POINT('Origin',(-4.07,-2.05952376781103,1.08064848435331));
#14062=CARTESIAN_POINT('Origin',(-4.06,-2.05952376781103,1.08064848435331));
#14063=CARTESIAN_POINT('Origin',(-4.06,-0.832261281080328,0.987570302792804));
#14064=CARTESIAN_POINT('',(-4.06,-1.33337319373697,0.814419672461499));
#14065=CARTESIAN_POINT('',(-4.07,-1.32992963911384,0.80503127901227));
#14066=CARTESIAN_POINT('Origin',(-4.06,-1.32992963911384,0.80503127901227));
#14067=CARTESIAN_POINT('',(-4.07,-0.832261281080328,0.987570302792804));
#14068=CARTESIAN_POINT('',(-4.06,-0.835704835703454,0.996958696242034));
#14069=CARTESIAN_POINT('Origin',(-4.06,-1.16119546258065,0.344999999999999));
#14070=CARTESIAN_POINT('',(-4.06,-1.16119546258065,0.844999999999999));
#14071=CARTESIAN_POINT('',(-4.07,-1.16119546258065,0.834999999999999));
#14072=CARTESIAN_POINT('Origin',(-4.06,-1.16119546258065,0.834999999999999));
#14073=CARTESIAN_POINT('Origin',(-4.07,-1.16119546258065,0.344999999999999));
#14074=CARTESIAN_POINT('Origin',(-4.06,-1.16119546258065,0.344999999999999));
#14075=CARTESIAN_POINT('Origin',(-4.06,-0.625,0.834999999999999));
#14076=CARTESIAN_POINT('',(-4.07,-0.625,0.834999999999999));
#14077=CARTESIAN_POINT('',(-4.06,-0.625,0.844999999999999));
#14078=CARTESIAN_POINT('Origin',(-4.07,-3.39,0.35914213562373));
#14079=CARTESIAN_POINT('',(-4.07,-3.39707106781187,0.352071067811865));
#14080=CARTESIAN_POINT('',(-4.07,-3.4,0.35914213562373));
#14081=CARTESIAN_POINT('Origin',(-3.92445262145876,-3.38140524291751,0.699452621458755));
#14082=CARTESIAN_POINT('',(-3.93152368927062,-3.38847631072938,0.699452621458755));
#14083=CARTESIAN_POINT('',(-3.92445262145876,-3.38847631072938,0.706523689270621));
#14084=CARTESIAN_POINT('Origin',(-3.31221404520791,6.61807190958418,0.962785954792088));
#14085=CARTESIAN_POINT('',(-3.31221404520791,6.62514297739604,0.969857022603954));
#14086=CARTESIAN_POINT('',(-3.30514297739605,6.62514297739604,0.962785954792088));
#14087=CARTESIAN_POINT('Origin',(-3.44,-1.625,0.834999999999999));
#14088=CARTESIAN_POINT('',(-3.43,-2.87109030564045,0.834999999999999));
#14089=CARTESIAN_POINT('',(-3.44,-2.87109030564045,0.844999999999999));
#14090=CARTESIAN_POINT('Origin',(-3.44,-2.87109030564045,0.834999999999999));
#14091=CARTESIAN_POINT('',(-3.44,-1.625,0.844999999999999));
#14092=CARTESIAN_POINT('',(-3.43,-1.625,0.834999999999999));
#14093=CARTESIAN_POINT('Origin',(-3.44,-2.87109030564045,0.344999999999998));
#14094=CARTESIAN_POINT('',(-3.43,-2.6739484690061,0.793592349743546));
#14095=CARTESIAN_POINT('',(-3.44,-2.66992516621765,0.80274729565668));
#14096=CARTESIAN_POINT('Origin',(-3.44,-2.6739484690061,0.793592349743546));
#14097=CARTESIAN_POINT('Origin',(-3.44,-2.87109030564045,0.344999999999998));
#14098=CARTESIAN_POINT('Origin',(-3.43,-2.87109030564045,0.344999999999998));
#14099=CARTESIAN_POINT('Origin',(-3.44,-1.11045856491314,0.106489077856831));
#14100=CARTESIAN_POINT('',(-3.43,-2.26471221002229,0.613746242783499));
#14101=CARTESIAN_POINT('',(-3.44,-2.26068890723383,0.622901188696632));
#14102=CARTESIAN_POINT('Origin',(-3.44,-2.26471221002229,0.613746242783499));
#14103=CARTESIAN_POINT('',(-3.44,-1.10643526212468,0.115644023769965));
#14104=CARTESIAN_POINT('',(-3.43,-1.11045856491314,0.106489077856831));
#14105=CARTESIAN_POINT('Origin',(-3.44,-2.05952376781103,1.08064848435331));
#14106=CARTESIAN_POINT('',(-3.43,-1.88390248203159,0.601840418442583));
#14107=CARTESIAN_POINT('',(-3.44,-1.88734603665472,0.611228811891813));
#14108=CARTESIAN_POINT('Origin',(-3.44,-1.88390248203159,0.601840418442583));
#14109=CARTESIAN_POINT('Origin',(-3.44,-2.05952376781103,1.08064848435331));
#14110=CARTESIAN_POINT('Origin',(-3.43,-2.05952376781103,1.08064848435331));
#14111=CARTESIAN_POINT('Origin',(-3.44,-0.832261281080328,0.987570302792804));
#14112=CARTESIAN_POINT('',(-3.43,-1.32992963911384,0.80503127901227));
#14113=CARTESIAN_POINT('',(-3.44,-1.33337319373697,0.814419672461499));
#14114=CARTESIAN_POINT('Origin',(-3.44,-1.32992963911384,0.80503127901227));
#14115=CARTESIAN_POINT('',(-3.44,-0.835704835703454,0.996958696242034));
#14116=CARTESIAN_POINT('',(-3.43,-0.832261281080328,0.987570302792804));
#14117=CARTESIAN_POINT('Origin',(-3.44,-1.16119546258065,0.344999999999999));
#14118=CARTESIAN_POINT('',(-3.43,-1.16119546258065,0.834999999999999));
#14119=CARTESIAN_POINT('',(-3.44,-1.16119546258065,0.844999999999999));
#14120=CARTESIAN_POINT('Origin',(-3.44,-1.16119546258065,0.834999999999999));
#14121=CARTESIAN_POINT('Origin',(-3.44,-1.16119546258065,0.344999999999999));
#14122=CARTESIAN_POINT('Origin',(-3.43,-1.16119546258065,0.344999999999999));
#14123=CARTESIAN_POINT('Origin',(-3.44,-0.625,0.834999999999999));
#14124=CARTESIAN_POINT('',(-3.44,-0.625,0.844999999999999));
#14125=CARTESIAN_POINT('',(-3.43,-0.625,0.834999999999999));
#14126=CARTESIAN_POINT('Origin',(-3.58414213562373,6.89,0.));
#14127=CARTESIAN_POINT('',(-3.58414213562373,6.9,0.));
#14128=CARTESIAN_POINT('',(-3.57707106781187,6.89707106781186,0.));
#14129=CARTESIAN_POINT('Origin',(-1.25,6.89,0.690857864376265));
#14130=CARTESIAN_POINT('',(-1.25,6.89707106781186,0.697928932188131));
#14131=CARTESIAN_POINT('',(-1.25,6.9,0.690857864376265));
#14132=CARTESIAN_POINT('Origin',(-3.61638071187458,-3.42223857625085,0.658619288125421));
#14133=CARTESIAN_POINT('',(-3.61638071187458,-3.42930964406271,0.665690355937287));
#14134=CARTESIAN_POINT('',(-3.60930964406271,-3.42930964406271,0.658619288125421));
#14135=CARTESIAN_POINT('Origin',(-4.07,-3.39,0.690857864376267));
#14136=CARTESIAN_POINT('',(-4.07,-3.4,0.690857864376267));
#14137=CARTESIAN_POINT('',(-4.07,-3.39707106781187,0.697928932188133));
#14138=CARTESIAN_POINT('Origin',(-4.07,-2.87109030564045,0.344999999999998));
#14139=CARTESIAN_POINT('',(-4.07,-2.66992516621765,0.80274729565668));
#14140=CARTESIAN_POINT('',(-4.07,-2.87109030564045,0.844999999999999));
#14141=CARTESIAN_POINT('Origin',(-4.07,-2.07636753337476,0.541897903209672));
#14142=CARTESIAN_POINT('',(-4.07,-2.26068890723383,0.622901188696632));
#14143=CARTESIAN_POINT('Origin',(-4.07,-2.05952376781103,1.08064848435331));
#14144=CARTESIAN_POINT('',(-4.07,-1.88734603665472,0.611228811891813));
#14145=CARTESIAN_POINT('Origin',(-4.07,-1.25,0.844999999999999));
#14146=CARTESIAN_POINT('',(-4.07,-1.33337319373697,0.814419672461499));
#14147=CARTESIAN_POINT('Origin',(-4.07,-1.16119546258065,0.344999999999999));
#14148=CARTESIAN_POINT('',(-4.07,-1.16119546258065,0.844999999999999));
#14149=CARTESIAN_POINT('Origin',(-4.07,-1.25,0.844999999999999));
#14150=CARTESIAN_POINT('Origin',(-4.07,-3.25,0.204999999999999));
#14151=CARTESIAN_POINT('',(-4.07,-2.87109030564045,0.204999999999999));
#14152=CARTESIAN_POINT('Origin',(-4.07,-3.25,0.844999999999999));
#14153=CARTESIAN_POINT('Origin',(-4.07,-3.4,0.694999999999998));
#14154=CARTESIAN_POINT('Origin',(-4.07,-3.25,0.));
#14155=CARTESIAN_POINT('Origin',(-3.58,-3.4,0.694999999999998));
#14156=CARTESIAN_POINT('Origin',(-4.07,-3.4,0.354999999999999));
#14157=CARTESIAN_POINT('Origin',(-3.92,6.9,0.));
#14158=CARTESIAN_POINT('Origin',(-1.25,6.9,0.));
#14159=CARTESIAN_POINT('Origin',(-1.25,6.9,0.354999999999999));
#14160=CARTESIAN_POINT('Origin',(-1.25,6.9,0.694999999999997));
#14161=CARTESIAN_POINT('Origin',(-3.43,0.,0.));
#14162=CARTESIAN_POINT('Origin',(-4.07,0.,0.));
#14163=CARTESIAN_POINT('Origin',(-3.58,6.9,0.));
#14164=CARTESIAN_POINT('Origin',(-4.07,-2.05952376781103,0.440648484353314));
#14165=CARTESIAN_POINT('',(-4.07,-2.26068890723383,-0.0170988113033675));
#14166=CARTESIAN_POINT('',(-4.07,-1.88734603665472,-0.0287711881081868));
#14167=CARTESIAN_POINT('Origin',(-4.07,-3.25,0.844999999999999));
#14168=CARTESIAN_POINT('Origin',(-4.07,-2.87109030564045,-0.295000000000002));
#14169=CARTESIAN_POINT('',(-4.07,-2.66992516621765,0.16274729565668));
#14170=CARTESIAN_POINT('Origin',(-4.07,-2.07636753337476,-0.098102096790328));
#14171=CARTESIAN_POINT('Origin',(-4.07,-1.25,0.204999999999999));
#14172=CARTESIAN_POINT('',(-4.07,-1.33337319373697,0.1744196724615));
#14173=CARTESIAN_POINT('Origin',(-4.07,-1.16119546258065,-0.295000000000001));
#14174=CARTESIAN_POINT('',(-4.07,-1.16119546258065,0.204999999999999));
#14175=CARTESIAN_POINT('Origin',(-4.07,-1.25,0.204999999999999));
#14176=CARTESIAN_POINT('',(0.,0.,0.));
#14177=CARTESIAN_POINT('Origin',(1.225,0.03,2.845));
#14178=CARTESIAN_POINT('',(-3.,4.33680868994202E-16,2.845));
#14179=CARTESIAN_POINT('',(-2.,0.,2.845));
#14180=CARTESIAN_POINT('',(1.225,0.,2.845));
#14181=CARTESIAN_POINT('',(-2.03,0.03,2.875));
#14182=CARTESIAN_POINT('Origin',(-2.03,0.03,2.845));
#14183=CARTESIAN_POINT('',(-2.97,0.03,2.875));
#14184=CARTESIAN_POINT('',(1.225,0.03,2.875));
#14185=CARTESIAN_POINT('Origin',(-2.97,0.03,2.845));
#14186=CARTESIAN_POINT('Origin',(-2.03,3.875,2.845));
#14187=CARTESIAN_POINT('',(-2.,0.969999999999999,2.845));
#14188=CARTESIAN_POINT('',(-2.,3.875,2.845));
#14189=CARTESIAN_POINT('',(-2.0087867965644,0.991213203435595,2.8662132034356));
#14190=CARTESIAN_POINT('Origin',(-2.03,0.969999999999999,2.845));
#14191=CARTESIAN_POINT('',(-2.03,1.01242640687119,2.875));
#14192=CARTESIAN_POINT('Origin',(-2.03,1.01242640687119,2.845));
#14193=CARTESIAN_POINT('',(-2.03,3.875,2.875));
#14194=CARTESIAN_POINT('Origin',(-3.475,6.97,2.63742640687119));
#14195=CARTESIAN_POINT('',(-5.96242640687119,7.,2.63742640687119));
#14196=CARTESIAN_POINT('',(-4.33686533550649,7.,2.63742640687119));
#14197=CARTESIAN_POINT('',(-3.475,7.,2.63742640687119));
#14198=CARTESIAN_POINT('',(-4.3156521320709,6.9912132034356,2.61621320343559));
#14199=CARTESIAN_POINT('Origin',(-4.33686533550649,6.97,2.63742640687119));
#14200=CARTESIAN_POINT('',(-5.9412132034356,6.9912132034356,2.61621320343559));
#14201=CARTESIAN_POINT('',(-3.475,6.9912132034356,2.61621320343559));
#14202=CARTESIAN_POINT('Origin',(-5.96242640687119,6.97,2.63742640687119));
#14203=CARTESIAN_POINT('Origin',(-4.33686533550649,6.97,2.845));
#14204=CARTESIAN_POINT('',(-4.33686533550649,6.97,2.875));
#14205=CARTESIAN_POINT('',(-4.33686533550649,7.,2.845));
#14206=CARTESIAN_POINT('Origin',(-4.33686533550649,6.97,2.845));
#14207=CARTESIAN_POINT('',(-4.30686533550649,6.97,2.845));
#14208=CARTESIAN_POINT('Origin',(-4.33686533550649,6.97,2.845));
#14209=CARTESIAN_POINT('Origin',(-4.33686533550649,6.97,2.845));
#14210=CARTESIAN_POINT('Origin',(1.6,1.01242640687119,2.845));
#14211=CARTESIAN_POINT('',(-0.491213203435593,0.991213203435595,2.8662132034356));
#14212=CARTESIAN_POINT('',(1.6,0.991213203435595,2.8662132034356));
#14213=CARTESIAN_POINT('',(-0.469999999999998,1.01242640687119,2.875));
#14214=CARTESIAN_POINT('Origin',(-0.469999999999998,1.01242640687119,2.845));
#14215=CARTESIAN_POINT('',(1.6,1.01242640687119,2.875));
#14216=CARTESIAN_POINT('Origin',(-4.33686533550649,7.,2.845));
#14217=CARTESIAN_POINT('',(-4.30686533550649,6.65033788772852,2.845));
#14218=CARTESIAN_POINT('',(-4.30686533550649,7.,2.845));
#14219=CARTESIAN_POINT('',(-4.33686533550649,6.61768069274276,2.875));
#14220=CARTESIAN_POINT('',(-4.33686533550649,7.,2.875));
#14221=CARTESIAN_POINT('Ctrl Pts',(-4.33686533550649,6.61768069274276,2.875));
#14222=CARTESIAN_POINT('Ctrl Pts',(-4.33661288953635,6.61798220450302,2.875));
#14223=CARTESIAN_POINT('Ctrl Pts',(-4.3363600323527,6.6182833957028,2.87499681356265));
#14224=CARTESIAN_POINT('Ctrl Pts',(-4.33306239169159,6.62220090535035,2.87491341035059));
#14225=CARTESIAN_POINT('Ctrl Pts',(-4.32994363002346,6.62578707899151,2.87437096915728));
#14226=CARTESIAN_POINT('Ctrl Pts',(-4.32404547801256,6.63237917370726,2.87228881353693));
#14227=CARTESIAN_POINT('Ctrl Pts',(-4.32122185360928,6.63544867328866,2.87081397023637));
#14228=CARTESIAN_POINT('Ctrl Pts',(-4.3160064160884,6.64099819604705,2.86680515360453));
#14229=CARTESIAN_POINT('Ctrl Pts',(-4.31357981832714,6.64351793628746,2.86427515797568));
#14230=CARTESIAN_POINT('Ctrl Pts',(-4.31007746469809,6.64710566091067,2.85879270269863));
#14231=CARTESIAN_POINT('Ctrl Pts',(-4.30883095092381,6.64836432873207,2.85611436245968));
#14232=CARTESIAN_POINT('Ctrl Pts',(-4.30725886165343,6.64994534335159,2.85054895127681));
#14233=CARTESIAN_POINT('Ctrl Pts',(-4.30686533550649,6.65033788772852,2.84780520973215));
#14234=CARTESIAN_POINT('Ctrl Pts',(-4.30686533550649,6.65033788772852,2.845));
#14235=CARTESIAN_POINT('Origin',(-6.17,6.97,2.845));
#14236=CARTESIAN_POINT('',(-6.17,6.97,2.875));
#14237=CARTESIAN_POINT('',(-6.2,6.97,2.845));
#14238=CARTESIAN_POINT('Origin',(-6.17,6.97,2.845));
#14239=CARTESIAN_POINT('',(-6.17,7.,2.845));
#14240=CARTESIAN_POINT('Origin',(-6.17,6.97,2.845));
#14241=CARTESIAN_POINT('Origin',(-6.17,6.97,2.845));
#14242=CARTESIAN_POINT('Origin',(1.225,6.97,2.845));
#14243=CARTESIAN_POINT('',(1.225,7.,2.845));
#14244=CARTESIAN_POINT('',(1.225,6.97,2.875));
#14245=CARTESIAN_POINT('Origin',(-4.30686533550649,6.4496577739147,2.845));
#14246=CARTESIAN_POINT('',(-4.33686533550649,6.28163485508665,2.875));
#14247=CARTESIAN_POINT('Origin',(-4.30686533550649,6.4496577739147,2.875));
#14248=CARTESIAN_POINT('',(-4.30686533550649,6.24897766010088,2.845));
#14249=CARTESIAN_POINT('Ctrl Pts',(-4.33686533550649,6.28163485508665,2.875));
#14250=CARTESIAN_POINT('Ctrl Pts',(-4.33661288953635,6.28133334332638,2.875));
#14251=CARTESIAN_POINT('Ctrl Pts',(-4.3363600323527,6.28103215212661,2.87499681356265));
#14252=CARTESIAN_POINT('Ctrl Pts',(-4.33306239169159,6.27711464247905,2.87491341035059));
#14253=CARTESIAN_POINT('Ctrl Pts',(-4.32994363002346,6.2735284688379,2.87437096915728));
#14254=CARTESIAN_POINT('Ctrl Pts',(-4.32404547801256,6.26693637412214,2.87228881353693));
#14255=CARTESIAN_POINT('Ctrl Pts',(-4.32122185360928,6.26386687454075,2.87081397023637));
#14256=CARTESIAN_POINT('Ctrl Pts',(-4.31600641608839,6.25831735178236,2.86680515360453));
#14257=CARTESIAN_POINT('Ctrl Pts',(-4.31357981832714,6.25579761154195,2.86427515797568));
#14258=CARTESIAN_POINT('Ctrl Pts',(-4.31007746469809,6.25220988691873,2.85879270269863));
#14259=CARTESIAN_POINT('Ctrl Pts',(-4.30883095092381,6.25095121909733,2.85611436245968));
#14260=CARTESIAN_POINT('Ctrl Pts',(-4.30725886165343,6.24937020447781,2.85054895127681));
#14261=CARTESIAN_POINT('Ctrl Pts',(-4.30686533550649,6.24897766010088,2.84780520973215));
#14262=CARTESIAN_POINT('Ctrl Pts',(-4.30686533550649,6.24897766010088,2.845));
#14263=CARTESIAN_POINT('Origin',(-4.30686533550649,6.4496577739147,2.845));
#14264=CARTESIAN_POINT('Origin',(-6.17,6.97,1.755));
#14265=CARTESIAN_POINT('',(-6.17,6.97,1.725));
#14266=CARTESIAN_POINT('',(-6.17,7.,1.755));
#14267=CARTESIAN_POINT('Origin',(-6.17,6.97,1.755));
#14268=CARTESIAN_POINT('',(-6.2,6.97,1.755));
#14269=CARTESIAN_POINT('Origin',(-6.17,6.97,1.755));
#14270=CARTESIAN_POINT('Origin',(-6.17,6.97,1.755));
#14271=CARTESIAN_POINT('Origin',(1.225,0.03,2.845));
#14272=CARTESIAN_POINT('',(-0.499999999999997,0.,2.845));
#14273=CARTESIAN_POINT('',(0.500000000000002,0.,2.845));
#14274=CARTESIAN_POINT('',(1.225,0.,2.845));
#14275=CARTESIAN_POINT('',(0.470000000000002,0.03,2.875));
#14276=CARTESIAN_POINT('Origin',(0.470000000000002,0.03,2.845));
#14277=CARTESIAN_POINT('',(-0.469999999999999,0.03,2.875));
#14278=CARTESIAN_POINT('',(1.225,0.03,2.875));
#14279=CARTESIAN_POINT('Origin',(-0.469999999999999,0.03,2.845));
#14280=CARTESIAN_POINT('Origin',(-6.17,4.22,1.9));
#14281=CARTESIAN_POINT('',(-6.2,4.22,0.694999999999998));
#14282=CARTESIAN_POINT('',(-6.2,4.22,0.924999999999998));
#14283=CARTESIAN_POINT('',(-6.2,4.22,1.9));
#14284=CARTESIAN_POINT('',(-6.17,4.25,0.924999999999998));
#14285=CARTESIAN_POINT('Origin',(-6.17,4.22,0.924999999999998));
#14286=CARTESIAN_POINT('',(-6.17,4.25,0.724999999999998));
#14287=CARTESIAN_POINT('',(-6.17,4.25,1.9));
#14288=CARTESIAN_POINT('Origin',(-6.17,4.22,0.694999999999998));
#14289=CARTESIAN_POINT('Origin',(0.47,3.875,2.845));
#14290=CARTESIAN_POINT('',(0.500000000000001,0.969999999999998,2.845));
#14291=CARTESIAN_POINT('',(0.5,3.875,2.845));
#14292=CARTESIAN_POINT('',(0.491213203435597,0.991213203435595,2.86621320343559));
#14293=CARTESIAN_POINT('Origin',(0.470000000000001,0.969999999999997,2.845));
#14294=CARTESIAN_POINT('',(0.470000000000001,1.01242640687119,2.875));
#14295=CARTESIAN_POINT('Origin',(0.470000000000001,1.01242640687119,2.845));
#14296=CARTESIAN_POINT('',(0.47,3.875,2.875));
#14297=CARTESIAN_POINT('Origin',(-3.07686533550649,6.97,2.845));
#14298=CARTESIAN_POINT('',(-3.07686533550649,6.97,2.875));
#14299=CARTESIAN_POINT('',(-3.10686533550649,6.97,2.845));
#14300=CARTESIAN_POINT('Origin',(-3.07686533550649,6.97,2.845));
#14301=CARTESIAN_POINT('',(-3.07686533550649,7.,2.845));
#14302=CARTESIAN_POINT('Origin',(-3.07686533550649,6.97,2.845));
#14303=CARTESIAN_POINT('Origin',(-3.07686533550649,6.97,2.845));
#14304=CARTESIAN_POINT('Origin',(-6.17,6.97,0.694999999999998));
#14305=CARTESIAN_POINT('',(-6.17,7.,0.694999999999998));
#14306=CARTESIAN_POINT('',(-6.17,6.97,0.724999999999998));
#14307=CARTESIAN_POINT('Origin',(-6.17,6.97,0.694999999999998));
#14308=CARTESIAN_POINT('',(-6.2,6.97,0.694999999999998));
#14309=CARTESIAN_POINT('Origin',(-6.17,6.97,0.694999999999998));
#14310=CARTESIAN_POINT('Origin',(-6.17,6.97,0.694999999999998));
#14311=CARTESIAN_POINT('Origin',(2.85,1.01242640687119,2.845));
#14312=CARTESIAN_POINT('',(2.00878679656441,0.991213203435595,2.86621320343559));
#14313=CARTESIAN_POINT('',(2.85,0.991213203435594,2.86621320343559));
#14314=CARTESIAN_POINT('',(2.03,1.01242640687119,2.875));
#14315=CARTESIAN_POINT('Origin',(2.03,1.01242640687119,2.845));
#14316=CARTESIAN_POINT('',(2.85,1.01242640687119,2.875));
#14317=CARTESIAN_POINT('Origin',(3.07686533550649,6.97,2.845));
#14318=CARTESIAN_POINT('',(3.07686533550649,6.97,2.875));
#14319=CARTESIAN_POINT('',(3.07686533550649,7.,2.845));
#14320=CARTESIAN_POINT('Origin',(3.07686533550649,6.97,2.845));
#14321=CARTESIAN_POINT('',(3.10686533550649,6.97,2.845));
#14322=CARTESIAN_POINT('Origin',(3.07686533550649,6.97,2.845));
#14323=CARTESIAN_POINT('Origin',(3.07686533550649,6.97,2.845));
#14324=CARTESIAN_POINT('Origin',(0.974999999999999,6.97,-2.63742640687119));
#14325=CARTESIAN_POINT('',(-5.9412132034356,6.9912132034356,-2.6162132034356));
#14326=CARTESIAN_POINT('',(5.94121320343559,6.9912132034356,-2.6162132034356));
#14327=CARTESIAN_POINT('',(0.974999999999999,6.9912132034356,-2.6162132034356));
#14328=CARTESIAN_POINT('',(5.96242640687119,7.,-2.63742640687119));
#14329=CARTESIAN_POINT('Origin',(5.96242640687119,6.97,-2.63742640687119));
#14330=CARTESIAN_POINT('',(-5.96242640687119,7.,-2.63742640687119));
#14331=CARTESIAN_POINT('',(0.974999999999999,7.,-2.63742640687119));
#14332=CARTESIAN_POINT('Origin',(-5.96242640687119,6.97,-2.63742640687119));
#14333=CARTESIAN_POINT('Origin',(-6.17,6.97,-2.845));
#14334=CARTESIAN_POINT('',(-6.17,7.,-2.845));
#14335=CARTESIAN_POINT('',(-6.2,6.97,-2.845));
#14336=CARTESIAN_POINT('Origin',(-6.17,6.97,-2.845));
#14337=CARTESIAN_POINT('',(-6.17,6.97,-2.875));
#14338=CARTESIAN_POINT('Origin',(-6.17,6.97,-2.845));
#14339=CARTESIAN_POINT('Origin',(-6.17,6.97,-2.845));
#14340=CARTESIAN_POINT('Origin',(2.03,3.875,2.845));
#14341=CARTESIAN_POINT('',(2.,0.969999999999998,2.845));
#14342=CARTESIAN_POINT('',(2.,0.,2.845));
#14343=CARTESIAN_POINT('',(2.,3.875,2.845));
#14344=CARTESIAN_POINT('',(2.03,0.03,2.875));
#14345=CARTESIAN_POINT('Origin',(2.03,0.03,2.845));
#14346=CARTESIAN_POINT('',(2.03,3.875,2.875));
#14347=CARTESIAN_POINT('Origin',(2.03,0.969999999999998,2.845));
#14348=CARTESIAN_POINT('Origin',(5.96242640687119,6.97,1.1875));
#14349=CARTESIAN_POINT('',(5.94121320343559,6.9912132034356,0.716213203435595));
#14350=CARTESIAN_POINT('',(5.94121320343559,6.9912132034356,1.1875));
#14351=CARTESIAN_POINT('',(5.96242640687119,7.,0.694999999999998));
#14352=CARTESIAN_POINT('Origin',(5.96242640687119,6.97,0.694999999999998));
#14353=CARTESIAN_POINT('',(5.96242640687119,7.,1.1875));
#14354=CARTESIAN_POINT('Origin',(6.17,6.97,-2.845));
#14355=CARTESIAN_POINT('',(6.17,6.97,-2.875));
#14356=CARTESIAN_POINT('',(6.2,6.97,-2.845));
#14357=CARTESIAN_POINT('Origin',(6.17,6.97,-2.845));
#14358=CARTESIAN_POINT('',(6.17,7.,-2.845));
#14359=CARTESIAN_POINT('Origin',(6.17,6.97,-2.845));
#14360=CARTESIAN_POINT('Origin',(6.17,6.97,-2.845));
#14361=CARTESIAN_POINT('Origin',(1.225,6.97,-2.845));
#14362=CARTESIAN_POINT('',(1.225,7.,-2.845));
#14363=CARTESIAN_POINT('',(1.225,6.97,-2.875));
#14364=CARTESIAN_POINT('Origin',(2.475,0.03,2.845));
#14365=CARTESIAN_POINT('',(3.,0.,2.845));
#14366=CARTESIAN_POINT('',(2.475,0.,2.845));
#14367=CARTESIAN_POINT('',(2.97,0.03,2.875));
#14368=CARTESIAN_POINT('Origin',(2.97,0.03,2.845));
#14369=CARTESIAN_POINT('',(2.475,0.03,2.875));
#14370=CARTESIAN_POINT('Origin',(6.17,6.97,0.694999999999998));
#14371=CARTESIAN_POINT('',(6.17,7.,0.694999999999998));
#14372=CARTESIAN_POINT('',(6.2,6.97,0.694999999999998));
#14373=CARTESIAN_POINT('Origin',(6.17,6.97,0.694999999999998));
#14374=CARTESIAN_POINT('',(6.17,6.97,0.724999999999998));
#14375=CARTESIAN_POINT('Origin',(6.17,6.97,0.694999999999998));
#14376=CARTESIAN_POINT('Origin',(6.17,6.97,0.694999999999998));
#14377=CARTESIAN_POINT('Origin',(-2.475,6.97,0.694999999999998));
#14378=CARTESIAN_POINT('',(5.92,6.97,0.724999999999998));
#14379=CARTESIAN_POINT('',(-2.475,6.97,0.724999999999998));
#14380=CARTESIAN_POINT('',(-2.475,7.,0.694999999999998));
#14381=CARTESIAN_POINT('Origin',(5.92,6.97,0.694999999999998));
#14382=CARTESIAN_POINT('Origin',(2.97,3.875,2.845));
#14383=CARTESIAN_POINT('',(3.,0.969999999999998,2.845));
#14384=CARTESIAN_POINT('',(3.,3.875,2.845));
#14385=CARTESIAN_POINT('',(2.9912132034356,0.991213203435594,2.86621320343559));
#14386=CARTESIAN_POINT('Origin',(2.97,0.969999999999998,2.845));
#14387=CARTESIAN_POINT('',(2.97,1.01242640687119,2.875));
#14388=CARTESIAN_POINT('Origin',(2.97,1.01242640687119,2.845));
#14389=CARTESIAN_POINT('',(2.97,3.875,2.875));
#14390=CARTESIAN_POINT('Origin',(-0.975000000000001,6.97,2.63742640687119));
#14391=CARTESIAN_POINT('',(4.33686533550649,7.,2.63742640687119));
#14392=CARTESIAN_POINT('',(5.96242640687119,7.,2.63742640687119));
#14393=CARTESIAN_POINT('',(-0.975000000000001,7.,2.63742640687119));
#14394=CARTESIAN_POINT('',(5.94121320343559,6.9912132034356,2.61621320343559));
#14395=CARTESIAN_POINT('Origin',(5.96242640687119,6.97,2.63742640687119));
#14396=CARTESIAN_POINT('',(4.3156521320709,6.9912132034356,2.61621320343559));
#14397=CARTESIAN_POINT('',(-0.975000000000001,6.9912132034356,2.61621320343559));
#14398=CARTESIAN_POINT('Origin',(4.33686533550649,6.97,2.63742640687119));
#14399=CARTESIAN_POINT('Origin',(5.96242640687119,6.97,1.1875));
#14400=CARTESIAN_POINT('',(5.96242640687119,7.,1.755));
#14401=CARTESIAN_POINT('',(5.96242640687119,7.,1.1875));
#14402=CARTESIAN_POINT('',(5.94121320343559,6.9912132034356,1.7337867965644));
#14403=CARTESIAN_POINT('Origin',(5.96242640687119,6.97,1.755));
#14404=CARTESIAN_POINT('',(5.94121320343559,6.9912132034356,1.1875));
#14405=CARTESIAN_POINT('Origin',(4.1,1.01242640687119,2.845));
#14406=CARTESIAN_POINT('',(4.50878679656441,0.991213203435595,2.86621320343559));
#14407=CARTESIAN_POINT('',(4.1,0.991213203435594,2.86621320343559));
#14408=CARTESIAN_POINT('',(4.53,1.01242640687119,2.875));
#14409=CARTESIAN_POINT('Origin',(4.53,1.01242640687119,2.845));
#14410=CARTESIAN_POINT('',(4.1,1.01242640687119,2.875));
#14411=CARTESIAN_POINT('Origin',(4.33686533550649,6.97,2.845));
#14412=CARTESIAN_POINT('',(4.33686533550649,6.97,2.875));
#14413=CARTESIAN_POINT('',(4.30686533550649,6.97,2.845));
#14414=CARTESIAN_POINT('Origin',(4.33686533550649,6.97,2.845));
#14415=CARTESIAN_POINT('',(4.33686533550649,7.,2.845));
#14416=CARTESIAN_POINT('Origin',(4.33686533550649,6.97,2.845));
#14417=CARTESIAN_POINT('Origin',(4.33686533550649,6.97,2.845));
#14418=CARTESIAN_POINT('Origin',(6.17,6.97,1.755));
#14419=CARTESIAN_POINT('',(6.17,7.,1.755));
#14420=CARTESIAN_POINT('',(6.17,6.97,1.725));
#14421=CARTESIAN_POINT('Origin',(6.17,6.97,1.755));
#14422=CARTESIAN_POINT('',(6.2,6.97,1.755));
#14423=CARTESIAN_POINT('Origin',(6.17,6.97,1.755));
#14424=CARTESIAN_POINT('Origin',(6.17,6.97,1.755));
#14425=CARTESIAN_POINT('Origin',(4.53,3.875,2.845));
#14426=CARTESIAN_POINT('',(4.5,0.969999999999998,2.845));
#14427=CARTESIAN_POINT('',(4.5,0.,2.845));
#14428=CARTESIAN_POINT('',(4.5,3.875,2.845));
#14429=CARTESIAN_POINT('',(4.53,0.03,2.875));
#14430=CARTESIAN_POINT('Origin',(4.53,0.03,2.845));
#14431=CARTESIAN_POINT('',(4.53,3.875,2.875));
#14432=CARTESIAN_POINT('Origin',(4.53,0.969999999999998,2.845));
#14433=CARTESIAN_POINT('Origin',(6.17,6.97,2.845));
#14434=CARTESIAN_POINT('',(6.17,6.97,2.875));
#14435=CARTESIAN_POINT('',(6.17,7.,2.845));
#14436=CARTESIAN_POINT('Origin',(6.17,6.97,2.845));
#14437=CARTESIAN_POINT('',(6.2,6.97,2.845));
#14438=CARTESIAN_POINT('Origin',(6.17,6.97,2.845));
#14439=CARTESIAN_POINT('Origin',(6.17,6.97,2.845));
#14440=CARTESIAN_POINT('Origin',(2.475,0.03,2.845));
#14441=CARTESIAN_POINT('',(6.2,0.,2.845));
#14442=CARTESIAN_POINT('',(2.475,0.,2.845));
#14443=CARTESIAN_POINT('',(6.17,0.03,2.875));
#14444=CARTESIAN_POINT('Origin',(6.17,0.03,2.845));
#14445=CARTESIAN_POINT('',(2.475,0.03,2.875));
#14446=CARTESIAN_POINT('Origin',(6.17,7.,2.845));
#14447=CARTESIAN_POINT('',(6.2,7.,2.845));
#14448=CARTESIAN_POINT('',(6.17,7.,2.875));
#14449=CARTESIAN_POINT('Origin',(6.17,6.97,1.4375));
#14450=CARTESIAN_POINT('',(6.17,7.,1.4375));
#14451=CARTESIAN_POINT('',(6.2,6.97,1.4375));
#14452=CARTESIAN_POINT('Origin',(2.475,6.97,2.845));
#14453=CARTESIAN_POINT('',(2.475,7.,2.845));
#14454=CARTESIAN_POINT('',(2.475,6.97,2.875));
#14455=CARTESIAN_POINT('Origin',(6.17,7.,1.755));
#14456=CARTESIAN_POINT('',(6.2,5.05,1.755));
#14457=CARTESIAN_POINT('',(6.17,5.05,1.725));
#14458=CARTESIAN_POINT('Origin',(6.17,5.05,1.755));
#14459=CARTESIAN_POINT('',(6.17,7.,1.725));
#14460=CARTESIAN_POINT('',(6.2,7.,1.755));
#14461=CARTESIAN_POINT('Origin',(6.17,5.05,0.924999999999998));
#14462=CARTESIAN_POINT('',(6.2,4.22,0.924999999999998));
#14463=CARTESIAN_POINT('',(6.17,4.25,0.924999999999998));
#14464=CARTESIAN_POINT('Origin',(6.17,4.22,0.924999999999998));
#14465=CARTESIAN_POINT('Origin',(6.17,5.05,0.924999999999998));
#14466=CARTESIAN_POINT('Origin',(6.2,5.05,0.924999999999998));
#14467=CARTESIAN_POINT('Origin',(6.17,4.22,1.9));
#14468=CARTESIAN_POINT('',(6.17,4.25,0.724999999999998));
#14469=CARTESIAN_POINT('',(6.17,4.25,1.9));
#14470=CARTESIAN_POINT('',(6.2,4.22,0.694999999999998));
#14471=CARTESIAN_POINT('',(6.2,4.22,1.9));
#14472=CARTESIAN_POINT('Origin',(6.17,4.22,0.694999999999998));
#14473=CARTESIAN_POINT('Origin',(-1.225,6.97,1.755));
#14474=CARTESIAN_POINT('',(-1.225,7.,1.755));
#14475=CARTESIAN_POINT('',(5.91999999999999,6.97,1.725));
#14476=CARTESIAN_POINT('',(-1.225,6.97,1.725));
#14477=CARTESIAN_POINT('Origin',(5.92,6.97,1.755));
#14478=CARTESIAN_POINT('Origin',(4.33686533550649,6.97,-1.438));
#14479=CARTESIAN_POINT('',(4.30686533550649,6.97,2.595));
#14480=CARTESIAN_POINT('',(4.30686533550649,6.97,-1.438));
#14481=CARTESIAN_POINT('',(4.33686533550649,7.,-1.438));
#14482=CARTESIAN_POINT('Origin',(4.33686533550649,6.97,2.595));
#14483=CARTESIAN_POINT('Origin',(4.33686533550649,7.,2.845));
#14484=CARTESIAN_POINT('',(4.33686533550649,6.61768069274276,2.875));
#14485=CARTESIAN_POINT('',(4.33686533550649,7.,2.875));
#14486=CARTESIAN_POINT('',(4.30686533550649,6.65033788772853,2.845));
#14487=CARTESIAN_POINT('',(4.30686533550649,7.,2.845));
#14488=CARTESIAN_POINT('Ctrl Pts',(4.30686533550649,6.65033788772852,2.845));
#14489=CARTESIAN_POINT('Ctrl Pts',(4.30686533550649,6.65033788772852,2.84780520973215));
#14490=CARTESIAN_POINT('Ctrl Pts',(4.30725886165343,6.64994534335159,2.85054895127681));
#14491=CARTESIAN_POINT('Ctrl Pts',(4.30883095092381,6.64836432873207,2.85611436245968));
#14492=CARTESIAN_POINT('Ctrl Pts',(4.31007746469809,6.64710566091067,2.85879270269863));
#14493=CARTESIAN_POINT('Ctrl Pts',(4.31357981832714,6.64351793628746,2.86427515797568));
#14494=CARTESIAN_POINT('Ctrl Pts',(4.3160064160884,6.64099819604705,2.86680515360453));
#14495=CARTESIAN_POINT('Ctrl Pts',(4.32122185360928,6.63544867328866,2.87081397023637));
#14496=CARTESIAN_POINT('Ctrl Pts',(4.32404547801257,6.63237917370726,2.87228881353693));
#14497=CARTESIAN_POINT('Ctrl Pts',(4.32994363002338,6.6257870789916,2.87437096915725));
#14498=CARTESIAN_POINT('Ctrl Pts',(4.33306239169085,6.6222009053511,2.87491341035058));
#14499=CARTESIAN_POINT('Ctrl Pts',(4.33636003235291,6.61828339570261,2.87499681356266));
#14500=CARTESIAN_POINT('Ctrl Pts',(4.33661288953619,6.61798220450321,2.875));
#14501=CARTESIAN_POINT('Ctrl Pts',(4.33686533550649,6.61768069274276,2.875));
#14502=CARTESIAN_POINT('Origin',(6.17,5.625,0.694999999999998));
#14503=CARTESIAN_POINT('',(6.2,5.625,0.694999999999998));
#14504=CARTESIAN_POINT('',(6.17,5.625,0.724999999999998));
#14505=CARTESIAN_POINT('Origin',(4.30686533550649,6.4496577739147,2.845));
#14506=CARTESIAN_POINT('',(4.33686533550649,6.28163485508665,2.875));
#14507=CARTESIAN_POINT('Origin',(4.30686533550649,6.4496577739147,2.875));
#14508=CARTESIAN_POINT('',(4.30686533550649,6.24897766010088,2.845));
#14509=CARTESIAN_POINT('Origin',(4.30686533550649,6.4496577739147,2.845));
#14510=CARTESIAN_POINT('Ctrl Pts',(4.30686533550649,6.24897766010088,2.845));
#14511=CARTESIAN_POINT('Ctrl Pts',(4.30686533550649,6.24897766010088,2.84780520973215));
#14512=CARTESIAN_POINT('Ctrl Pts',(4.30725886165343,6.24937020447781,2.85054895127681));
#14513=CARTESIAN_POINT('Ctrl Pts',(4.30883095092381,6.25095121909733,2.85611436245968));
#14514=CARTESIAN_POINT('Ctrl Pts',(4.31007746469809,6.25220988691873,2.85879270269863));
#14515=CARTESIAN_POINT('Ctrl Pts',(4.31357981832714,6.25579761154195,2.86427515797568));
#14516=CARTESIAN_POINT('Ctrl Pts',(4.3160064160884,6.25831735178236,2.86680515360453));
#14517=CARTESIAN_POINT('Ctrl Pts',(4.32122185360928,6.26386687454075,2.87081397023637));
#14518=CARTESIAN_POINT('Ctrl Pts',(4.32404547801257,6.26693637412214,2.87228881353693));
#14519=CARTESIAN_POINT('Ctrl Pts',(4.32994363002338,6.2735284688378,2.87437096915725));
#14520=CARTESIAN_POINT('Ctrl Pts',(4.33306239169085,6.27711464247831,2.87491341035058));
#14521=CARTESIAN_POINT('Ctrl Pts',(4.33636003235291,6.2810321521268,2.87499681356266));
#14522=CARTESIAN_POINT('Ctrl Pts',(4.33661288953619,6.28133334332619,2.875));
#14523=CARTESIAN_POINT('Ctrl Pts',(4.33686533550649,6.28163485508665,2.875));
#14524=CARTESIAN_POINT('Origin',(6.17,6.97,1.4375));
#14525=CARTESIAN_POINT('',(6.17,7.,1.4375));
#14526=CARTESIAN_POINT('',(6.2,6.97,1.4375));
#14527=CARTESIAN_POINT('Origin',(3.75343266775324,3.77,2.845));
#14528=CARTESIAN_POINT('',(3.07686533550649,3.77,2.875));
#14529=CARTESIAN_POINT('',(3.80686533550649,3.77,2.875));
#14530=CARTESIAN_POINT('',(3.75343266775324,3.77,2.875));
#14531=CARTESIAN_POINT('',(3.80686533550649,3.8,2.845));
#14532=CARTESIAN_POINT('Origin',(3.80686533550649,3.77,2.845));
#14533=CARTESIAN_POINT('',(3.10686533550649,3.8,2.845));
#14534=CARTESIAN_POINT('',(3.75343266775324,3.8,2.845));
#14535=CARTESIAN_POINT('Origin',(3.07686533550649,3.77,2.845));
#14536=CARTESIAN_POINT('Origin',(3.80686533550649,4.3,2.845));
#14537=CARTESIAN_POINT('',(4.3368653355065,4.3,2.875));
#14538=CARTESIAN_POINT('',(4.30686533550649,4.3,2.845));
#14539=CARTESIAN_POINT('Origin',(4.3368653355065,4.3,2.845));
#14540=CARTESIAN_POINT('Origin',(3.80686533550649,4.3,2.845));
#14541=CARTESIAN_POINT('Origin',(3.80686533550649,4.3,2.875));
#14542=CARTESIAN_POINT('Origin',(4.33686533550649,6.62448883005044,2.845));
#14543=CARTESIAN_POINT('',(4.30686533550649,6.62448883005044,2.845));
#14544=CARTESIAN_POINT('',(4.33686533550649,6.62448883005044,2.875));
#14545=CARTESIAN_POINT('Origin',(6.17,7.,-2.845));
#14546=CARTESIAN_POINT('',(6.2,0.,-2.845));
#14547=CARTESIAN_POINT('',(6.17,0.,-2.875));
#14548=CARTESIAN_POINT('Origin',(6.17,0.,-2.845));
#14549=CARTESIAN_POINT('',(6.17,7.,-2.875));
#14550=CARTESIAN_POINT('',(6.2,7.,-2.845));
#14551=CARTESIAN_POINT('Origin',(3.07686533550649,5.4,2.845));
#14552=CARTESIAN_POINT('',(3.10686533550649,5.4,2.845));
#14553=CARTESIAN_POINT('',(3.07686533550649,5.4,2.875));
#14554=CARTESIAN_POINT('Origin',(-6.17,7.,-2.845));
#14555=CARTESIAN_POINT('',(-6.17,0.,-2.875));
#14556=CARTESIAN_POINT('',(-6.2,0.,-2.845));
#14557=CARTESIAN_POINT('Origin',(-6.17,0.,-2.845));
#14558=CARTESIAN_POINT('',(-6.2,7.,-2.845));
#14559=CARTESIAN_POINT('',(-6.17,7.,-2.875));
#14560=CARTESIAN_POINT('Origin',(-6.17,6.97,1.4375));
#14561=CARTESIAN_POINT('',(-6.17,7.,1.4375));
#14562=CARTESIAN_POINT('',(-6.2,6.97,1.4375));
#14563=CARTESIAN_POINT('Origin',(3.07686533550649,6.97,-1.438));
#14564=CARTESIAN_POINT('',(3.07686533550649,7.,2.63742640687119));
#14565=CARTESIAN_POINT('',(3.07686533550649,7.,-1.438));
#14566=CARTESIAN_POINT('',(3.1068653355065,6.97,2.595));
#14567=CARTESIAN_POINT('',(3.10686533550649,6.97,-1.438));
#14568=CARTESIAN_POINT('',(3.09807853894209,6.9912132034356,2.61621320343559));
#14569=CARTESIAN_POINT('Origin',(3.07686533550649,6.97,2.595));
#14570=CARTESIAN_POINT('Origin',(3.07686533550649,6.97,2.63742640687119));
#14571=CARTESIAN_POINT('Origin',(1.225,6.97,2.845));
#14572=CARTESIAN_POINT('',(1.225,7.,2.845));
#14573=CARTESIAN_POINT('',(1.225,6.97,2.875));
#14574=CARTESIAN_POINT('Origin',(-6.17,5.625,0.694999999999998));
#14575=CARTESIAN_POINT('',(-6.17,5.625,0.724999999999998));
#14576=CARTESIAN_POINT('',(-6.2,5.625,0.694999999999998));
#14577=CARTESIAN_POINT('Origin',(-3.725,6.97,0.694999999999998));
#14578=CARTESIAN_POINT('',(-5.96242640687119,7.,0.694999999999998));
#14579=CARTESIAN_POINT('',(-3.725,7.,0.694999999999998));
#14580=CARTESIAN_POINT('',(-5.92,6.97,0.724999999999998));
#14581=CARTESIAN_POINT('',(-3.725,6.97,0.724999999999998));
#14582=CARTESIAN_POINT('',(-5.9412132034356,6.9912132034356,0.716213203435595));
#14583=CARTESIAN_POINT('Origin',(-5.92,6.97,0.694999999999998));
#14584=CARTESIAN_POINT('Origin',(-5.96242640687119,6.97,0.694999999999998));
#14585=CARTESIAN_POINT('Origin',(-5.96242640687119,6.97,-1.1875));
#14586=CARTESIAN_POINT('',(-5.96242640687119,7.,-1.1875));
#14587=CARTESIAN_POINT('',(-5.9412132034356,6.9912132034356,-1.1875));
#14588=CARTESIAN_POINT('Origin',(-3.07686533550649,6.97,-1.438));
#14589=CARTESIAN_POINT('',(-3.10686533550649,6.97,2.595));
#14590=CARTESIAN_POINT('',(-3.10686533550649,6.97,-1.438));
#14591=CARTESIAN_POINT('',(-3.07686533550649,7.,2.63742640687119));
#14592=CARTESIAN_POINT('',(-3.07686533550649,7.,-1.438));
#14593=CARTESIAN_POINT('',(-3.09807853894209,6.9912132034356,2.61621320343559));
#14594=CARTESIAN_POINT('Origin',(-3.07686533550649,6.97,2.63742640687119));
#14595=CARTESIAN_POINT('Origin',(-3.07686533550649,6.97,2.595));
#14596=CARTESIAN_POINT('Origin',(-3.07686533550649,5.4,2.845));
#14597=CARTESIAN_POINT('',(-3.07686533550649,3.77,2.875));
#14598=CARTESIAN_POINT('',(-3.07686533550649,5.4,2.875));
#14599=CARTESIAN_POINT('',(-3.10686533550649,3.8,2.845));
#14600=CARTESIAN_POINT('',(-3.10686533550649,5.4,2.845));
#14601=CARTESIAN_POINT('Origin',(-3.07686533550649,3.77,2.845));
#14602=CARTESIAN_POINT('Origin',(-3.475,6.97,2.63742640687119));
#14603=CARTESIAN_POINT('',(-3.475,7.,2.63742640687119));
#14604=CARTESIAN_POINT('',(-3.475,6.9912132034356,2.61621320343559));
#14605=CARTESIAN_POINT('Origin',(-6.17,5.05,0.924999999999998));
#14606=CARTESIAN_POINT('',(-6.2,5.05,1.755));
#14607=CARTESIAN_POINT('',(-6.17,5.05,1.725));
#14608=CARTESIAN_POINT('Origin',(-6.17,5.05,1.755));
#14609=CARTESIAN_POINT('Origin',(-6.17,5.05,0.924999999999998));
#14610=CARTESIAN_POINT('Origin',(-6.2,5.05,0.924999999999998));
#14611=CARTESIAN_POINT('Origin',(-6.17,7.,1.755));
#14612=CARTESIAN_POINT('',(-6.17,7.,1.725));
#14613=CARTESIAN_POINT('',(-6.2,7.,1.755));
#14614=CARTESIAN_POINT('Origin',(-4.33686533550649,6.62448883005044,2.845));
#14615=CARTESIAN_POINT('',(-4.33686533550649,4.3,2.875));
#14616=CARTESIAN_POINT('',(-4.33686533550649,6.62448883005044,2.875));
#14617=CARTESIAN_POINT('',(-4.30686533550649,4.3,2.845));
#14618=CARTESIAN_POINT('Origin',(-4.33686533550649,4.3,2.845));
#14619=CARTESIAN_POINT('',(-4.30686533550649,6.62448883005044,2.845));
#14620=CARTESIAN_POINT('Origin',(-3.80686533550649,4.3,2.845));
#14621=CARTESIAN_POINT('',(-3.80686533550649,3.77,2.875));
#14622=CARTESIAN_POINT('',(-3.80686533550649,3.8,2.845));
#14623=CARTESIAN_POINT('Origin',(-3.80686533550649,3.77,2.845));
#14624=CARTESIAN_POINT('Origin',(-3.80686533550649,4.3,2.845));
#14625=CARTESIAN_POINT('Origin',(-3.80686533550649,4.3,2.875));
#14626=CARTESIAN_POINT('Origin',(-0.0534326677532461,3.77,2.845));
#14627=CARTESIAN_POINT('',(-0.0534326677532461,3.8,2.845));
#14628=CARTESIAN_POINT('',(-0.0534326677532461,3.77,2.875));
#14629=CARTESIAN_POINT('Origin',(-6.17,6.97,1.4375));
#14630=CARTESIAN_POINT('',(-6.17,7.,1.4375));
#14631=CARTESIAN_POINT('',(-6.2,6.97,1.4375));
#14632=CARTESIAN_POINT('Origin',(-3.725,6.97,1.755));
#14633=CARTESIAN_POINT('',(-5.92,6.97,1.725));
#14634=CARTESIAN_POINT('',(-3.725,6.97,1.725));
#14635=CARTESIAN_POINT('',(-5.96242640687119,7.,1.755));
#14636=CARTESIAN_POINT('',(-3.725,7.,1.755));
#14637=CARTESIAN_POINT('',(-5.9412132034356,6.9912132034356,1.7337867965644));
#14638=CARTESIAN_POINT('Origin',(-5.96242640687119,6.97,1.755));
#14639=CARTESIAN_POINT('Origin',(-5.92,6.97,1.755));
#14640=CARTESIAN_POINT('Origin',(-0.469999999999998,3.875,2.845));
#14641=CARTESIAN_POINT('',(-0.499999999999998,0.969999999999998,2.845));
#14642=CARTESIAN_POINT('',(-0.499999999999998,3.875,2.845));
#14643=CARTESIAN_POINT('',(-0.469999999999998,3.875,2.875));
#14644=CARTESIAN_POINT('Origin',(-0.469999999999998,0.969999999999998,2.845));
#14645=CARTESIAN_POINT('Origin',(-6.17,7.,2.845));
#14646=CARTESIAN_POINT('',(-6.17,0.03,2.875));
#14647=CARTESIAN_POINT('',(-6.17,7.,2.875));
#14648=CARTESIAN_POINT('',(-6.2,0.,2.845));
#14649=CARTESIAN_POINT('',(-6.2,7.,2.845));
#14650=CARTESIAN_POINT('Origin',(-6.17,0.03,2.845));
#14651=CARTESIAN_POINT('Origin',(-5.96242640687119,6.97,-1.1875));
#14652=CARTESIAN_POINT('',(-5.9412132034356,6.9912132034356,-1.1875));
#14653=CARTESIAN_POINT('',(-5.96242640687119,7.,-1.1875));
#14654=CARTESIAN_POINT('Origin',(1.225,0.03,2.845));
#14655=CARTESIAN_POINT('',(-4.53,0.03,2.875));
#14656=CARTESIAN_POINT('',(1.225,0.03,2.875));
#14657=CARTESIAN_POINT('',(-4.5,0.,2.845));
#14658=CARTESIAN_POINT('',(1.225,0.,2.845));
#14659=CARTESIAN_POINT('Origin',(-4.53,0.03,2.845));
#14660=CARTESIAN_POINT('Origin',(-4.33686533550649,6.97,-1.438));
#14661=CARTESIAN_POINT('',(-4.33686533550649,7.,-1.438));
#14662=CARTESIAN_POINT('',(-4.30686533550649,6.97,2.595));
#14663=CARTESIAN_POINT('',(-4.30686533550649,6.97,-1.438));
#14664=CARTESIAN_POINT('Origin',(-4.33686533550649,6.97,2.595));
#14665=CARTESIAN_POINT('Origin',(-4.53,3.875,2.845));
#14666=CARTESIAN_POINT('',(-4.53,1.01242640687119,2.875));
#14667=CARTESIAN_POINT('',(-4.53,3.875,2.875));
#14668=CARTESIAN_POINT('',(-4.5,0.97,2.845));
#14669=CARTESIAN_POINT('',(-4.5,3.875,2.845));
#14670=CARTESIAN_POINT('',(-4.5087867965644,0.991213203435597,2.8662132034356));
#14671=CARTESIAN_POINT('Origin',(-4.53,0.97,2.845));
#14672=CARTESIAN_POINT('Origin',(-4.53,1.01242640687119,2.845));
#14673=CARTESIAN_POINT('Origin',(0.35,1.01242640687119,2.845));
#14674=CARTESIAN_POINT('',(-2.97,1.01242640687119,2.875));
#14675=CARTESIAN_POINT('',(0.35,1.01242640687119,2.875));
#14676=CARTESIAN_POINT('',(-2.99121320343559,0.991213203435597,2.8662132034356));
#14677=CARTESIAN_POINT('',(0.35,0.991213203435597,2.8662132034356));
#14678=CARTESIAN_POINT('Origin',(-2.97,1.01242640687119,2.845));
#14679=CARTESIAN_POINT('Origin',(-2.97,3.875,2.845));
#14680=CARTESIAN_POINT('',(-2.97,3.875,2.875));
#14681=CARTESIAN_POINT('',(-3.,0.970000000000001,2.845));
#14682=CARTESIAN_POINT('Origin',(-2.97,0.97,2.845));
#14683=CARTESIAN_POINT('',(-3.,3.875,2.845));
#14684=CARTESIAN_POINT('Origin',(0.500000000000002,0.75,-2.875));
#14685=CARTESIAN_POINT('',(0.500000000000002,0.,-2.875));
#14686=CARTESIAN_POINT('',(0.500000000000002,0.,0.));
#14687=CARTESIAN_POINT('',(0.500000000000001,1.,-2.875));
#14688=CARTESIAN_POINT('',(0.500000000000002,0.75,-2.875));
#14689=CARTESIAN_POINT('',(0.500000000000001,0.75,-2.625));
#14690=CARTESIAN_POINT('',(0.500000000000002,0.75,-2.625));
#14691=CARTESIAN_POINT('',(0.500000000000002,0.75,2.625));
#14692=CARTESIAN_POINT('',(0.500000000000002,0.75,-2.875));
#14693=CARTESIAN_POINT('',(0.500000000000001,0.999999999999998,2.875));
#14694=CARTESIAN_POINT('Origin',(-1.25,0.,0.));
#14695=CARTESIAN_POINT('',(-0.499999999999998,1.0842021724855E-16,-2.875));
#14696=CARTESIAN_POINT('',(-0.499999999999997,0.,0.));
#14697=CARTESIAN_POINT('',(-1.25,0.,-2.875));
#14698=CARTESIAN_POINT('Origin',(-0.499999999999998,0.75,-2.875));
#14699=CARTESIAN_POINT('',(-0.499999999999998,0.75,2.625));
#14700=CARTESIAN_POINT('',(-0.499999999999998,0.75,2.625));
#14701=CARTESIAN_POINT('',(-0.499999999999999,0.75,-2.625));
#14702=CARTESIAN_POINT('',(-0.499999999999998,0.75,-2.875));
#14703=CARTESIAN_POINT('',(-0.499999999999999,1.,-2.875));
#14704=CARTESIAN_POINT('',(-0.499999999999998,1.,-2.875));
#14705=CARTESIAN_POINT('',(-0.499999999999998,0.75,-2.875));
#14706=CARTESIAN_POINT('Origin',(-0.499999999999998,0.75,2.625));
#14707=CARTESIAN_POINT('',(-2.,0.75,2.625));
#14708=CARTESIAN_POINT('',(-2.,0.999999999999998,2.875));
#14709=CARTESIAN_POINT('',(-0.499999999999998,0.75,2.625));
#14710=CARTESIAN_POINT('Origin',(-2.,0.75,-2.875));
#14711=CARTESIAN_POINT('',(-2.,0.,-2.875));
#14712=CARTESIAN_POINT('',(-2.,0.,0.));
#14713=CARTESIAN_POINT('',(-2.,1.,-2.875));
#14714=CARTESIAN_POINT('',(-2.,0.75,-2.875));
#14715=CARTESIAN_POINT('',(-2.,0.75,-2.625));
#14716=CARTESIAN_POINT('',(-2.,0.75,-2.625));
#14717=CARTESIAN_POINT('',(-2.,0.75,-2.875));
#14718=CARTESIAN_POINT('Origin',(-1.25,0.,0.));
#14719=CARTESIAN_POINT('',(-3.,1.0842021724855E-16,-2.875));
#14720=CARTESIAN_POINT('',(-3.,4.33680868994202E-16,-2.875));
#14721=CARTESIAN_POINT('',(-1.25,0.,-2.875));
#14722=CARTESIAN_POINT('Origin',(-3.,0.75,-2.875));
#14723=CARTESIAN_POINT('',(-3.,0.75,2.625));
#14724=CARTESIAN_POINT('',(-3.,0.75,2.625));
#14725=CARTESIAN_POINT('',(-3.,0.75,-2.625));
#14726=CARTESIAN_POINT('',(-3.,0.75,-2.875));
#14727=CARTESIAN_POINT('',(-3.,1.,-2.875));
#14728=CARTESIAN_POINT('',(-3.,1.,-2.875));
#14729=CARTESIAN_POINT('',(-3.,0.75,-2.875));
#14730=CARTESIAN_POINT('Origin',(-3.,0.75,2.625));
#14731=CARTESIAN_POINT('',(-4.5,0.75,2.625));
#14732=CARTESIAN_POINT('',(-4.5,1.,2.875));
#14733=CARTESIAN_POINT('',(-3.,0.75,2.625));
#14734=CARTESIAN_POINT('Origin',(-4.5,0.75,-2.875));
#14735=CARTESIAN_POINT('',(-4.5,0.,-2.875));
#14736=CARTESIAN_POINT('',(-4.5,0.,0.));
#14737=CARTESIAN_POINT('',(-4.5,1.,-2.875));
#14738=CARTESIAN_POINT('',(-4.5,0.75,-2.875));
#14739=CARTESIAN_POINT('',(-4.5,0.75,-2.625));
#14740=CARTESIAN_POINT('',(-4.5,0.75,-2.625));
#14741=CARTESIAN_POINT('',(-4.5,0.75,-2.875));
#14742=CARTESIAN_POINT('Origin',(-6.2,7.,2.875));
#14743=CARTESIAN_POINT('',(-6.2,0.,2.875));
#14744=CARTESIAN_POINT('Origin',(-1.25,0.,0.));
#14745=CARTESIAN_POINT('',(-1.25,0.,-2.875));
#14746=CARTESIAN_POINT('Origin',(-3.2,6.75,2.375));
#14747=CARTESIAN_POINT('',(5.7,6.75,2.375));
#14748=CARTESIAN_POINT('',(5.7,6.75,2.375));
#14749=CARTESIAN_POINT('',(4.30686533550649,6.75,2.375));
#14750=CARTESIAN_POINT('',(-3.2,6.75,2.375));
#14751=CARTESIAN_POINT('',(4.30686533550649,6.75,2.375));
#14752=CARTESIAN_POINT('Origin',(5.7,6.75,2.375));
#14753=CARTESIAN_POINT('',(5.7,6.75,1.725));
#14754=CARTESIAN_POINT('',(5.94999999999999,7.,1.725));
#14755=CARTESIAN_POINT('',(5.7,6.75,2.375));
#14756=CARTESIAN_POINT('Origin',(-3.7,7.,1.725));
#14757=CARTESIAN_POINT('',(5.7,5.05,1.725));
#14758=CARTESIAN_POINT('',(-3.7,5.05,1.725));
#14759=CARTESIAN_POINT('',(5.7,7.,1.725));
#14760=CARTESIAN_POINT('Origin',(-3.7,5.05,0.924999999999998));
#14761=CARTESIAN_POINT('',(5.7,4.25,0.924999999999998));
#14762=CARTESIAN_POINT('',(-3.7,4.25,0.924999999999998));
#14763=CARTESIAN_POINT('Origin',(5.7,5.05,0.924999999999998));
#14764=CARTESIAN_POINT('Origin',(-3.7,4.25,0.924999999999998));
#14765=CARTESIAN_POINT('',(5.69999999999999,4.25,0.724999999999998));
#14766=CARTESIAN_POINT('',(-3.7,4.25,0.724999999999998));
#14767=CARTESIAN_POINT('',(5.7,4.25,0.924999999999998));
#14768=CARTESIAN_POINT('Origin',(-3.7,4.25,0.724999999999998));
#14769=CARTESIAN_POINT('',(5.7,6.75,0.724999999999998));
#14770=CARTESIAN_POINT('',(5.7,6.75,0.724999999999998));
#14771=CARTESIAN_POINT('',(5.69999999999999,4.25,0.724999999999998));
#14772=CARTESIAN_POINT('Origin',(5.7,6.75,2.375));
#14773=CARTESIAN_POINT('',(5.7,6.75,-2.375));
#14774=CARTESIAN_POINT('',(5.95,7.,-2.625));
#14775=CARTESIAN_POINT('',(5.7,6.75,2.375));
#14776=CARTESIAN_POINT('Origin',(3.2,6.75,-2.375));
#14777=CARTESIAN_POINT('',(-5.7,6.75,-2.375));
#14778=CARTESIAN_POINT('',(-5.95,7.,-2.625));
#14779=CARTESIAN_POINT('',(3.2,6.75,-2.375));
#14780=CARTESIAN_POINT('Origin',(-5.7,6.75,-2.375));
#14781=CARTESIAN_POINT('',(-5.7,6.75,0.724999999999998));
#14782=CARTESIAN_POINT('',(-5.95,7.,0.724999999999998));
#14783=CARTESIAN_POINT('',(-5.7,6.75,-2.375));
#14784=CARTESIAN_POINT('Origin',(-6.2,4.25,0.724999999999998));
#14785=CARTESIAN_POINT('',(-5.7,4.25,0.724999999999998));
#14786=CARTESIAN_POINT('',(-6.2,4.25,0.724999999999998));
#14787=CARTESIAN_POINT('',(-5.7,4.25,0.724999999999998));
#14788=CARTESIAN_POINT('Origin',(-6.2,4.25,0.924999999999998));
#14789=CARTESIAN_POINT('',(-5.7,4.25,0.924999999999998));
#14790=CARTESIAN_POINT('',(-6.2,4.25,0.924999999999998));
#14791=CARTESIAN_POINT('',(-5.7,4.25,-2.375));
#14792=CARTESIAN_POINT('Origin',(-6.2,5.05,0.924999999999998));
#14793=CARTESIAN_POINT('',(-5.7,5.05,1.725));
#14794=CARTESIAN_POINT('',(-6.2,5.05,1.725));
#14795=CARTESIAN_POINT('Origin',(-5.7,5.05,0.924999999999998));
#14796=CARTESIAN_POINT('Origin',(-6.2,7.,1.725));
#14797=CARTESIAN_POINT('',(-5.7,6.75,1.725));
#14798=CARTESIAN_POINT('',(-5.7,6.75,1.725));
#14799=CARTESIAN_POINT('',(-5.7,7.,1.725));
#14800=CARTESIAN_POINT('Origin',(-1.25,7.,0.));
#14801=CARTESIAN_POINT('Origin',(-1.25,7.,0.));
#14802=CARTESIAN_POINT('Origin',(1.25,7.,0.));
#14803=CARTESIAN_POINT('Origin',(3.7,7.,2.875));
#14804=CARTESIAN_POINT('Origin',(-1.25,7.,0.));
#14805=CARTESIAN_POINT('Origin',(-4.30686533550649,6.4496577739147,-2.876));
#14806=CARTESIAN_POINT('',(-4.30686533550649,6.24897766010088,2.375));
#14807=CARTESIAN_POINT('',(-4.30686533550649,6.24897766010088,-2.876));
#14808=CARTESIAN_POINT('',(-4.30686533550649,6.65033788772852,2.375));
#14809=CARTESIAN_POINT('Origin',(-4.30686533550649,6.4496577739147,2.375));
#14810=CARTESIAN_POINT('',(-4.30686533550649,6.65033788772852,-2.876));
#14811=CARTESIAN_POINT('Origin',(-5.7,-9.33823572286056,2.375));
#14812=CARTESIAN_POINT('',(3.1068653355065,6.75,2.375));
#14813=CARTESIAN_POINT('',(-3.1068653355065,6.75,2.375));
#14814=CARTESIAN_POINT('',(-5.7,6.75,2.375));
#14815=CARTESIAN_POINT('',(3.10686533550649,3.8,2.375));
#14816=CARTESIAN_POINT('',(3.10686533550649,3.8,2.375));
#14817=CARTESIAN_POINT('',(3.80686533550649,3.8,2.375));
#14818=CARTESIAN_POINT('',(3.80686533550649,3.8,2.375));
#14819=CARTESIAN_POINT('',(4.30686533550649,4.3,2.375));
#14820=CARTESIAN_POINT('Origin',(3.80686533550649,4.3,2.375));
#14821=CARTESIAN_POINT('',(4.30686533550649,6.24897766010088,2.375));
#14822=CARTESIAN_POINT('',(4.30686533550649,6.24897766010088,2.375));
#14823=CARTESIAN_POINT('',(4.30686533550649,6.65033788772852,2.375));
#14824=CARTESIAN_POINT('Origin',(4.30686533550649,6.4496577739147,2.375));
#14825=CARTESIAN_POINT('',(4.30686533550649,7.,2.375));
#14826=CARTESIAN_POINT('',(5.7,0.95,2.375));
#14827=CARTESIAN_POINT('',(5.7,-9.33823572286056,2.375));
#14828=CARTESIAN_POINT('',(-5.7,0.95,2.375));
#14829=CARTESIAN_POINT('',(-5.7,0.95,2.375));
#14830=CARTESIAN_POINT('',(-5.7,6.75,2.375));
#14831=CARTESIAN_POINT('',(-5.7,-9.33823572286056,2.375));
#14832=CARTESIAN_POINT('',(-4.30686533550649,6.75,2.375));
#14833=CARTESIAN_POINT('',(-5.7,6.75,2.375));
#14834=CARTESIAN_POINT('',(-4.30686533550649,7.,2.375));
#14835=CARTESIAN_POINT('',(-4.30686533550649,4.3,2.375));
#14836=CARTESIAN_POINT('',(-4.30686533550649,6.24897766010088,2.375));
#14837=CARTESIAN_POINT('',(-3.80686533550649,3.8,2.375));
#14838=CARTESIAN_POINT('Origin',(-3.80686533550649,4.3,2.375));
#14839=CARTESIAN_POINT('',(-3.10686533550649,3.8,2.375));
#14840=CARTESIAN_POINT('',(-3.80686533550649,3.8,2.375));
#14841=CARTESIAN_POINT('',(-3.10686533550649,3.8,2.375));
#14842=CARTESIAN_POINT('Origin',(3.7,7.,-2.875));
#14843=CARTESIAN_POINT('',(4.5,1.0842021724855E-16,-2.875));
#14844=CARTESIAN_POINT('',(1.25,0.,-2.875));
#14845=CARTESIAN_POINT('',(4.5,1.,-2.875));
#14846=CARTESIAN_POINT('',(4.5,0.75,-2.875));
#14847=CARTESIAN_POINT('',(3.,1.,-2.875));
#14848=CARTESIAN_POINT('',(6.2,1.,-2.875));
#14849=CARTESIAN_POINT('',(3.,0.,-2.875));
#14850=CARTESIAN_POINT('',(3.,0.75,-2.875));
#14851=CARTESIAN_POINT('',(2.,1.0842021724855E-16,-2.875));
#14852=CARTESIAN_POINT('',(1.25,0.,-2.875));
#14853=CARTESIAN_POINT('',(2.,1.,-2.875));
#14854=CARTESIAN_POINT('',(2.,0.75,-2.875));
#14855=CARTESIAN_POINT('',(6.2,1.,-2.875));
#14856=CARTESIAN_POINT('',(3.7,1.,-2.875));
#14857=CARTESIAN_POINT('',(3.7,1.,-2.875));
#14858=CARTESIAN_POINT('Origin',(3.7,1.,-2.875));
#14859=CARTESIAN_POINT('',(-0.499999999999998,0.75,-2.625));
#14860=CARTESIAN_POINT('Origin',(3.2,-9.33823572286056,-2.375));
#14861=CARTESIAN_POINT('',(5.7,0.95,-2.375));
#14862=CARTESIAN_POINT('',(-5.7,0.95,-2.375));
#14863=CARTESIAN_POINT('',(3.2,0.95,-2.375));
#14864=CARTESIAN_POINT('',(5.7,-9.33823572286056,-2.375));
#14865=CARTESIAN_POINT('',(-5.7,-9.33823572286056,-2.375));
#14866=CARTESIAN_POINT('Origin',(-5.7,6.75,2.375));
#14867=CARTESIAN_POINT('',(3.1068653355065,6.75,2.375));
#14868=CARTESIAN_POINT('',(-3.10686533550649,6.75,2.375));
#14869=CARTESIAN_POINT('Origin',(-3.,0.95,-2.875));
#14870=CARTESIAN_POINT('',(5.7,0.95,2.375));
#14871=CARTESIAN_POINT('',(-5.7,0.95,-2.375));
#14872=CARTESIAN_POINT('',(0.93,0.95,0.204999999999999));
#14873=CARTESIAN_POINT('',(0.93,0.95,0.844999999999999));
#14874=CARTESIAN_POINT('',(0.93,0.95,0.204999999999999));
#14875=CARTESIAN_POINT('',(1.57,0.95,0.204999999999999));
#14876=CARTESIAN_POINT('',(0.93,0.95,0.204999999999999));
#14877=CARTESIAN_POINT('',(1.57,0.95,0.844999999999999));
#14878=CARTESIAN_POINT('',(1.57,0.95,0.204999999999999));
#14879=CARTESIAN_POINT('',(0.93,0.95,0.844999999999999));
#14880=CARTESIAN_POINT('',(3.43,0.95,0.204999999999999));
#14881=CARTESIAN_POINT('',(3.43,0.95,0.844999999999999));
#14882=CARTESIAN_POINT('',(3.43,0.95,0.204999999999999));
#14883=CARTESIAN_POINT('',(4.07,0.95,0.204999999999999));
#14884=CARTESIAN_POINT('',(3.43,0.95,0.204999999999999));
#14885=CARTESIAN_POINT('',(4.07,0.95,0.844999999999999));
#14886=CARTESIAN_POINT('',(4.07,0.95,0.204999999999999));
#14887=CARTESIAN_POINT('',(3.43,0.95,0.844999999999999));
#14888=CARTESIAN_POINT('',(-4.07,0.95,0.204999999999998));
#14889=CARTESIAN_POINT('',(-4.07,0.95,0.844999999999999));
#14890=CARTESIAN_POINT('',(-4.07,0.95,0.204999999999998));
#14891=CARTESIAN_POINT('',(-3.43,0.95,0.204999999999998));
#14892=CARTESIAN_POINT('',(-4.07,0.95,0.204999999999998));
#14893=CARTESIAN_POINT('',(-3.43,0.95,0.844999999999999));
#14894=CARTESIAN_POINT('',(-3.43,0.95,0.204999999999998));
#14895=CARTESIAN_POINT('',(-4.07,0.95,0.844999999999999));
#14896=CARTESIAN_POINT('',(-1.57,0.95,0.204999999999999));
#14897=CARTESIAN_POINT('',(-1.57,0.95,0.844999999999999));
#14898=CARTESIAN_POINT('',(-1.57,0.95,0.204999999999999));
#14899=CARTESIAN_POINT('',(-0.93,0.95,0.204999999999999));
#14900=CARTESIAN_POINT('',(-1.57,0.95,0.204999999999999));
#14901=CARTESIAN_POINT('',(-0.93,0.95,0.844999999999999));
#14902=CARTESIAN_POINT('',(-0.93,0.95,0.204999999999999));
#14903=CARTESIAN_POINT('',(-1.57,0.95,0.844999999999999));
#14904=CARTESIAN_POINT('Origin',(-1.57,-3.40010307764064,0.204999999999999));
#14905=CARTESIAN_POINT('',(-1.57,0.75,0.204999999999999));
#14906=CARTESIAN_POINT('',(-1.57,-3.40010307764064,0.204999999999999));
#14907=CARTESIAN_POINT('',(-1.57,0.75,0.844999999999999));
#14908=CARTESIAN_POINT('',(-1.57,-3.40010307764064,0.844999999999999));
#14909=CARTESIAN_POINT('',(-1.57,0.75,-2.875));
#14910=CARTESIAN_POINT('Origin',(-1.57,-3.40010307764064,0.204999999999999));
#14911=CARTESIAN_POINT('',(-0.93,0.75,0.204999999999999));
#14912=CARTESIAN_POINT('',(-0.93,-3.40010307764064,0.204999999999999));
#14913=CARTESIAN_POINT('',(-0.499999999999998,0.75,0.204999999999999));
#14914=CARTESIAN_POINT('Origin',(-0.93,-3.40010307764064,0.204999999999999));
#14915=CARTESIAN_POINT('',(-0.93,0.75,0.844999999999999));
#14916=CARTESIAN_POINT('',(-0.93,-3.40010307764064,0.844999999999999));
#14917=CARTESIAN_POINT('',(-0.93,0.75,-2.875));
#14918=CARTESIAN_POINT('Origin',(-1.57,-3.40010307764064,0.844999999999999));
#14919=CARTESIAN_POINT('',(-0.499999999999998,0.75,0.844999999999999));
#14920=CARTESIAN_POINT('Origin',(-0.499999999999998,0.75,-2.875));
#14921=CARTESIAN_POINT('Origin',(1.25,0.,0.));
#14922=CARTESIAN_POINT('',(2.,0.,0.));
#14923=CARTESIAN_POINT('',(3.,0.,-2.875));
#14924=CARTESIAN_POINT('Origin',(2.,0.75,-2.875));
#14925=CARTESIAN_POINT('',(2.,0.75,2.625));
#14926=CARTESIAN_POINT('',(2.,0.75,2.625));
#14927=CARTESIAN_POINT('',(2.,0.75,-2.625));
#14928=CARTESIAN_POINT('',(2.,0.75,-2.875));
#14929=CARTESIAN_POINT('',(2.,1.,-2.875));
#14930=CARTESIAN_POINT('Origin',(6.2,1.,-2.875));
#14931=CARTESIAN_POINT('',(2.,0.75,-2.625));
#14932=CARTESIAN_POINT('Origin',(2.,0.75,2.625));
#14933=CARTESIAN_POINT('',(2.,0.75,2.625));
#14934=CARTESIAN_POINT('Origin',(0.93,-3.40010307764064,0.204999999999999));
#14935=CARTESIAN_POINT('',(0.93,0.75,0.204999999999999));
#14936=CARTESIAN_POINT('',(0.93,-3.40010307764064,0.204999999999999));
#14937=CARTESIAN_POINT('',(0.93,0.75,0.844999999999999));
#14938=CARTESIAN_POINT('',(0.93,-3.40010307764064,0.844999999999999));
#14939=CARTESIAN_POINT('',(0.93,0.75,-2.875));
#14940=CARTESIAN_POINT('Origin',(0.93,-3.40010307764064,0.204999999999999));
#14941=CARTESIAN_POINT('',(1.57,0.75,0.204999999999999));
#14942=CARTESIAN_POINT('',(1.57,-3.40010307764064,0.204999999999999));
#14943=CARTESIAN_POINT('',(2.,0.75,0.204999999999999));
#14944=CARTESIAN_POINT('Origin',(1.57,-3.40010307764064,0.204999999999999));
#14945=CARTESIAN_POINT('',(1.57,0.75,0.844999999999999));
#14946=CARTESIAN_POINT('',(1.57,-3.40010307764064,0.844999999999999));
#14947=CARTESIAN_POINT('',(1.57,0.75,-2.875));
#14948=CARTESIAN_POINT('Origin',(0.93,-3.40010307764064,0.844999999999999));
#14949=CARTESIAN_POINT('',(2.,0.75,0.844999999999999));
#14950=CARTESIAN_POINT('Origin',(2.,0.75,-2.875));
#14951=CARTESIAN_POINT('Origin',(3.43,-3.40010307764064,0.844999999999999));
#14952=CARTESIAN_POINT('',(3.43,0.75,0.844999999999999));
#14953=CARTESIAN_POINT('',(3.43,-3.40010307764064,0.844999999999999));
#14954=CARTESIAN_POINT('',(4.07,0.75,0.844999999999999));
#14955=CARTESIAN_POINT('',(4.07,-3.40010307764064,0.844999999999999));
#14956=CARTESIAN_POINT('',(4.5,0.75,0.844999999999999));
#14957=CARTESIAN_POINT('Origin',(4.07,-3.40010307764064,0.204999999999999));
#14958=CARTESIAN_POINT('',(4.07,0.75,0.204999999999999));
#14959=CARTESIAN_POINT('',(4.07,-3.40010307764064,0.204999999999999));
#14960=CARTESIAN_POINT('',(4.07,0.75,-2.875));
#14961=CARTESIAN_POINT('Origin',(3.43,-3.40010307764064,0.204999999999999));
#14962=CARTESIAN_POINT('',(3.43,0.75,0.204999999999999));
#14963=CARTESIAN_POINT('',(3.43,-3.40010307764064,0.204999999999999));
#14964=CARTESIAN_POINT('',(4.5,0.75,0.204999999999999));
#14965=CARTESIAN_POINT('Origin',(3.43,-3.40010307764064,0.204999999999999));
#14966=CARTESIAN_POINT('',(3.43,0.75,-2.875));
#14967=CARTESIAN_POINT('Origin',(3.,0.75,-2.875));
#14968=CARTESIAN_POINT('',(3.,0.75,-2.625));
#14969=CARTESIAN_POINT('',(3.,0.75,-2.625));
#14970=CARTESIAN_POINT('',(3.,0.75,2.625));
#14971=CARTESIAN_POINT('',(3.,0.75,-2.875));
#14972=CARTESIAN_POINT('',(3.,0.999999999999998,2.875));
#14973=CARTESIAN_POINT('Origin',(4.5,0.75,-2.875));
#14974=CARTESIAN_POINT('',(4.5,0.75,-2.625));
#14975=CARTESIAN_POINT('',(4.5,0.75,-2.625));
#14976=CARTESIAN_POINT('',(4.5,0.75,2.625));
#14977=CARTESIAN_POINT('',(4.5,0.75,-2.875));
#14978=CARTESIAN_POINT('',(4.5,0.75,2.625));
#14979=CARTESIAN_POINT('Origin',(4.5,0.75,-2.875));
#14980=CARTESIAN_POINT('',(4.5,0.75,2.625));
#14981=CARTESIAN_POINT('',(4.5,1.,-2.875));
#14982=CARTESIAN_POINT('',(4.5,0.,0.));
#14983=CARTESIAN_POINT('Origin',(5.7,-9.33823572286056,2.375));
#14984=CARTESIAN_POINT('Origin',(3.10686533550649,3.8,-2.876));
#14985=CARTESIAN_POINT('',(3.10686533550649,3.8,-2.876));
#14986=CARTESIAN_POINT('Origin',(3.80686533550649,3.8,-2.876));
#14987=CARTESIAN_POINT('',(3.80686533550649,3.8,-2.876));
#14988=CARTESIAN_POINT('Origin',(3.80686533550649,4.3,-2.876));
#14989=CARTESIAN_POINT('',(4.30686533550649,4.3,-2.876));
#14990=CARTESIAN_POINT('Origin',(4.30686533550649,6.24897766010088,-2.876));
#14991=CARTESIAN_POINT('',(4.30686533550649,6.24897766010088,-2.876));
#14992=CARTESIAN_POINT('Origin',(4.30686533550649,6.4496577739147,-2.876));
#14993=CARTESIAN_POINT('',(4.30686533550649,6.65033788772853,-2.876));
#14994=CARTESIAN_POINT('Origin',(4.30686533550649,7.,-2.876));
#14995=CARTESIAN_POINT('Origin',(4.5,0.75,2.625));
#14996=CARTESIAN_POINT('Origin',(1.25,0.,0.));
#14997=CARTESIAN_POINT('',(6.2,0.,2.875));
#14998=CARTESIAN_POINT('Origin',(6.2,1.,-2.875));
#14999=CARTESIAN_POINT('Origin',(6.2,7.,2.875));
#15000=CARTESIAN_POINT('Origin',(-5.7,6.75,-2.375));
#15001=CARTESIAN_POINT('',(-5.95,7.,2.625));
#15002=CARTESIAN_POINT('',(-5.7,6.75,-2.375));
#15003=CARTESIAN_POINT('Origin',(-3.,0.75,-2.875));
#15004=CARTESIAN_POINT('',(-3.,0.75,-2.625));
#15005=CARTESIAN_POINT('',(-3.43,0.75,0.204999999999998));
#15006=CARTESIAN_POINT('',(-4.07,0.75,0.204999999999998));
#15007=CARTESIAN_POINT('',(-3.,0.75,0.204999999999999));
#15008=CARTESIAN_POINT('',(-4.07,0.75,0.844999999999999));
#15009=CARTESIAN_POINT('',(-4.07,0.75,-2.875));
#15010=CARTESIAN_POINT('',(-3.43,0.75,0.844999999999999));
#15011=CARTESIAN_POINT('',(-3.,0.75,0.844999999999999));
#15012=CARTESIAN_POINT('',(-3.43,0.75,-2.875));
#15013=CARTESIAN_POINT('Origin',(-4.07,-3.40010307764064,0.844999999999999));
#15014=CARTESIAN_POINT('',(-4.07,-3.40010307764064,0.844999999999999));
#15015=CARTESIAN_POINT('',(-3.43,-3.40010307764064,0.844999999999999));
#15016=CARTESIAN_POINT('Origin',(-3.43,-3.40010307764064,0.204999999999998));
#15017=CARTESIAN_POINT('',(-3.43,-3.40010307764064,0.204999999999998));
#15018=CARTESIAN_POINT('Origin',(-4.07,-3.40010307764064,0.204999999999998));
#15019=CARTESIAN_POINT('',(-4.07,-3.40010307764064,0.204999999999998));
#15020=CARTESIAN_POINT('Origin',(-4.07,-3.40010307764064,0.204999999999998));
#15021=CARTESIAN_POINT('Origin',(-5.7,6.75,2.375));
#15022=CARTESIAN_POINT('',(-4.30686533550649,6.75,2.375));
#15023=CARTESIAN_POINT('Origin',(-5.7,-9.33823572286056,-2.375));
#15024=CARTESIAN_POINT('Origin',(3.7,1.,-2.875));
#15025=CARTESIAN_POINT('Origin',(-4.30686533550649,7.,-2.876));
#15026=CARTESIAN_POINT('Origin',(-4.30686533550649,6.24897766010088,-2.876));
#15027=CARTESIAN_POINT('',(-4.30686533550649,4.3,-2.876));
#15028=CARTESIAN_POINT('Origin',(-3.80686533550649,4.3,-2.876));
#15029=CARTESIAN_POINT('',(-3.80686533550649,3.8,-2.876));
#15030=CARTESIAN_POINT('Origin',(-3.80686533550649,3.8,-2.876));
#15031=CARTESIAN_POINT('',(-3.10686533550649,3.8,-2.876));
#15032=CARTESIAN_POINT('Origin',(-3.10686533550649,3.8,-2.876));
#15033=CARTESIAN_POINT('',(0.,0.,0.));
#15034=CARTESIAN_POINT('Origin',(0.,2.95437680143138,0.083));
#15035=CARTESIAN_POINT('',(0.,2.95437680143138,0.083));
#15036=CARTESIAN_POINT('',(0.444433524206869,3.55949012220649,0.083));
#15037=CARTESIAN_POINT('',(0.,2.95437680143138,0.083));
#15038=CARTESIAN_POINT('',(0.444433524206869,3.55949012220649,0.1));
#15039=CARTESIAN_POINT('',(0.444433524206869,3.55949012220649,0.083));
#15040=CARTESIAN_POINT('',(0.,2.95437680143138,0.1));
#15041=CARTESIAN_POINT('',(0.,2.95437680143138,0.1));
#15042=CARTESIAN_POINT('',(0.,2.95437680143138,0.083));
#15043=CARTESIAN_POINT('Origin',(-0.444433524206869,3.55949012220649,0.083));
#15044=CARTESIAN_POINT('',(-0.444433524206869,3.55949012220649,0.083));
#15045=CARTESIAN_POINT('',(-0.444433524206869,3.55949012220649,0.083));
#15046=CARTESIAN_POINT('',(-0.444433524206869,3.55949012220649,0.1));
#15047=CARTESIAN_POINT('',(-0.444433524206869,3.55949012220649,0.1));
#15048=CARTESIAN_POINT('',(-0.444433524206869,3.55949012220649,0.083));
#15049=CARTESIAN_POINT('Origin',(0.444433524206869,3.55949012220649,0.083));
#15050=CARTESIAN_POINT('',(0.444433524206869,3.55949012220649,0.083));
#15051=CARTESIAN_POINT('',(0.444433524206869,3.55949012220649,0.1));
#15052=CARTESIAN_POINT('Origin',(0.,3.36943668412166,0.1));
#15053=CARTESIAN_POINT('Origin',(2.51669613348767E-17,3.36943668412166,
0.083));
#15054=CARTESIAN_POINT('',(0.,0.,0.));
#15055=CARTESIAN_POINT('Ctrl Pts',(-0.657307592174333,-0.298871673623327,
0.0015));
#15056=CARTESIAN_POINT('Ctrl Pts',(-0.657307592174333,-0.298871673623327,
-0.0003));
#15057=CARTESIAN_POINT('Ctrl Pts',(-0.676676609118834,-0.293664659512327,
0.0015));
#15058=CARTESIAN_POINT('Ctrl Pts',(-0.676676609118834,-0.293664659512327,
-0.0003));
#15059=CARTESIAN_POINT('Ctrl Pts',(-0.696450262174333,-0.278064240567827,
0.0015));
#15060=CARTESIAN_POINT('Ctrl Pts',(-0.696450262174333,-0.278064240567827,
-0.0003));
#15061=CARTESIAN_POINT('Ctrl Pts',(-0.705446236618834,-0.260894616678827,
0.0015));
#15062=CARTESIAN_POINT('Ctrl Pts',(-0.705446236618834,-0.260894616678827,
-0.0003));
#15063=CARTESIAN_POINT('',(-0.657306352160334,-0.298871849835827,0.));
#15064=CARTESIAN_POINT('',(-0.657306352160334,-0.298871849835827,0.0015));
#15065=CARTESIAN_POINT('',(-0.657305112146333,-0.298872026048327,0.));
#15066=CARTESIAN_POINT('',(-0.705446236618834,-0.260894616678827,0.0015));
#15067=CARTESIAN_POINT('Ctrl Pts',(-0.657307592174333,-0.298871673623327,
0.0015));
#15068=CARTESIAN_POINT('Ctrl Pts',(-0.676676609118834,-0.293664659512327,
0.0015));
#15069=CARTESIAN_POINT('Ctrl Pts',(-0.696450262174333,-0.278064240567827,
0.0015));
#15070=CARTESIAN_POINT('Ctrl Pts',(-0.705446236618834,-0.260894616678827,
0.0015));
#15071=CARTESIAN_POINT('',(-0.705446236618834,-0.260894616678827,0.));
#15072=CARTESIAN_POINT('',(-0.705446236618834,-0.260894616678827,0.));
#15073=CARTESIAN_POINT('Ctrl Pts',(-0.657307592174333,-0.298871673623327,
-2.71050543121376E-19));
#15074=CARTESIAN_POINT('Ctrl Pts',(-0.676676609118834,-0.293664659512327,
-2.71050543121376E-19));
#15075=CARTESIAN_POINT('Ctrl Pts',(-0.696450262174333,-0.278064240567827,
-2.71050543121376E-19));
#15076=CARTESIAN_POINT('Ctrl Pts',(-0.705446236618834,-0.260894616678827,
-2.71050543121376E-19));
#15077=CARTESIAN_POINT('Ctrl Pts',(-0.705446236618834,-0.260894616678827,
0.0015));
#15078=CARTESIAN_POINT('Ctrl Pts',(-0.705446236618834,-0.260894616678827,
-0.0003));
#15079=CARTESIAN_POINT('Ctrl Pts',(-0.710719428313334,-0.250829619734327,
0.0015));
#15080=CARTESIAN_POINT('Ctrl Pts',(-0.710719428313334,-0.250829619734327,
-0.0003));
#15081=CARTESIAN_POINT('Ctrl Pts',(-0.714833533340834,-0.235074916956827,
0.0015));
#15082=CARTESIAN_POINT('Ctrl Pts',(-0.714833533340834,-0.235074916956827,
-0.0003));
#15083=CARTESIAN_POINT('Ctrl Pts',(-0.714833533340834,-0.224945961401327,
0.0015));
#15084=CARTESIAN_POINT('Ctrl Pts',(-0.714833533340834,-0.224945961401327,
-0.0003));
#15085=CARTESIAN_POINT('',(-0.714833533340834,-0.224945961401327,0.0015));
#15086=CARTESIAN_POINT('Ctrl Pts',(-0.705446236618834,-0.260894616678827,
0.0015));
#15087=CARTESIAN_POINT('Ctrl Pts',(-0.710719428313334,-0.250829619734327,
0.0015));
#15088=CARTESIAN_POINT('Ctrl Pts',(-0.714833533340834,-0.235074916956827,
0.0015));
#15089=CARTESIAN_POINT('Ctrl Pts',(-0.714833533340834,-0.224945961401327,
0.0015));
#15090=CARTESIAN_POINT('',(-0.714833533340834,-0.224945961401327,0.));
#15091=CARTESIAN_POINT('',(-0.714833533340834,-0.224945961401327,0.));
#15092=CARTESIAN_POINT('Ctrl Pts',(-0.705446236618834,-0.260894616678827,
-2.71050543121376E-19));
#15093=CARTESIAN_POINT('Ctrl Pts',(-0.710719428313334,-0.250829619734327,
-2.71050543121376E-19));
#15094=CARTESIAN_POINT('Ctrl Pts',(-0.714833533340834,-0.235074916956827,
-2.71050543121376E-19));
#15095=CARTESIAN_POINT('Ctrl Pts',(-0.714833533340834,-0.224945961401327,
-2.71050543121376E-19));
#15096=CARTESIAN_POINT('Ctrl Pts',(-0.714833533340834,-0.224945961401327,
0.0015));
#15097=CARTESIAN_POINT('Ctrl Pts',(-0.714833533340834,-0.224945961401327,
-0.0003));
#15098=CARTESIAN_POINT('Ctrl Pts',(-0.714833533340834,-0.219157576567827,
0.0015));
#15099=CARTESIAN_POINT('Ctrl Pts',(-0.714833533340834,-0.219157576567827,
-0.0003));
#15100=CARTESIAN_POINT('Ctrl Pts',(-0.692596821118834,-0.100815350012327,
0.0015));
#15101=CARTESIAN_POINT('Ctrl Pts',(-0.692596821118834,-0.100815350012327,
-0.0003));
#15102=CARTESIAN_POINT('Ctrl Pts',(-0.686745260840834,-0.0754655502903269,
0.0015));
#15103=CARTESIAN_POINT('Ctrl Pts',(-0.686745260840834,-0.0754655502903269,
-0.0003));
#15104=CARTESIAN_POINT('',(-0.686745260840834,-0.0754655502903269,0.0015));
#15105=CARTESIAN_POINT('Ctrl Pts',(-0.714833533340834,-0.224945961401327,
0.0015));
#15106=CARTESIAN_POINT('Ctrl Pts',(-0.714833533340834,-0.219157576567827,
0.0015));
#15107=CARTESIAN_POINT('Ctrl Pts',(-0.692596821118834,-0.100815350012327,
0.0015));
#15108=CARTESIAN_POINT('Ctrl Pts',(-0.686745260840834,-0.0754655502903269,
0.0015));
#15109=CARTESIAN_POINT('',(-0.686745260840834,-0.0754655502903269,0.));
#15110=CARTESIAN_POINT('',(-0.686745260840834,-0.0754655502903269,0.));
#15111=CARTESIAN_POINT('Ctrl Pts',(-0.714833533340834,-0.224945961401327,
0.));
#15112=CARTESIAN_POINT('Ctrl Pts',(-0.714833533340834,-0.219157576567827,
0.));
#15113=CARTESIAN_POINT('Ctrl Pts',(-0.692596821118834,-0.100815350012327,
0.));
#15114=CARTESIAN_POINT('Ctrl Pts',(-0.686745260840834,-0.0754655502903269,
0.));
#15115=CARTESIAN_POINT('Origin',(-0.686406345465834,-0.0739971127903269,
0.0015));
#15116=CARTESIAN_POINT('',(-0.686067430090833,-0.072528675290327,0.0015));
#15117=CARTESIAN_POINT('',(-0.686745260840834,-0.0754655502903269,0.0015));
#15118=CARTESIAN_POINT('',(-0.686067430090833,-0.072528675290327,0.));
#15119=CARTESIAN_POINT('',(-0.686067430090833,-0.072528675290327,0.));
#15120=CARTESIAN_POINT('',(-0.686745260840834,-0.0754655502903269,0.));
#15121=CARTESIAN_POINT('Origin',(-0.635130270090833,-0.072528675290327,
0.0015));
#15122=CARTESIAN_POINT('',(-0.584193110090834,-0.072528675290327,0.0015));
#15123=CARTESIAN_POINT('',(-0.686067430090833,-0.072528675290327,0.0015));
#15124=CARTESIAN_POINT('',(-0.584193110090834,-0.072528675290327,0.));
#15125=CARTESIAN_POINT('',(-0.584193110090834,-0.072528675290327,0.));
#15126=CARTESIAN_POINT('',(-0.686067430090833,-0.072528675290327,0.));
#15127=CARTESIAN_POINT('Ctrl Pts',(-0.584193110090834,-0.072528675290327,
0.0015));
#15128=CARTESIAN_POINT('Ctrl Pts',(-0.584193110090834,-0.072528675290327,
-0.0003));
#15129=CARTESIAN_POINT('Ctrl Pts',(-0.487781377590834,-0.072528675290327,
0.0015));
#15130=CARTESIAN_POINT('Ctrl Pts',(-0.487781377590834,-0.072528675290327,
-0.0003));
#15131=CARTESIAN_POINT('Ctrl Pts',(-0.482354032590834,-0.072651110345827,
0.0015));
#15132=CARTESIAN_POINT('Ctrl Pts',(-0.482354032590834,-0.072651110345827,
-0.0003));
#15133=CARTESIAN_POINT('Ctrl Pts',(-0.482994923979834,-0.074812911401327,
0.0015));
#15134=CARTESIAN_POINT('Ctrl Pts',(-0.482994923979834,-0.074812911401327,
-0.0003));
#15135=CARTESIAN_POINT('',(-0.482994923979834,-0.074812911401327,0.0015));
#15136=CARTESIAN_POINT('Ctrl Pts',(-0.584193110090834,-0.072528675290327,
0.0015));
#15137=CARTESIAN_POINT('Ctrl Pts',(-0.487781377590834,-0.072528675290327,
0.0015));
#15138=CARTESIAN_POINT('Ctrl Pts',(-0.482354032590834,-0.072651110345827,
0.0015));
#15139=CARTESIAN_POINT('Ctrl Pts',(-0.482994923979834,-0.074812911401327,
0.0015));
#15140=CARTESIAN_POINT('',(-0.482994923979834,-0.074812911401327,0.));
#15141=CARTESIAN_POINT('',(-0.482994923979834,-0.074812911401327,0.));
#15142=CARTESIAN_POINT('Ctrl Pts',(-0.584193110090834,-0.072528675290327,
0.));
#15143=CARTESIAN_POINT('Ctrl Pts',(-0.487781377590834,-0.072528675290327,
0.));
#15144=CARTESIAN_POINT('Ctrl Pts',(-0.482354032590834,-0.072651110345827,
0.));
#15145=CARTESIAN_POINT('Ctrl Pts',(-0.482994923979834,-0.074812911401327,
0.));
#15146=CARTESIAN_POINT('Ctrl Pts',(-0.482994923979834,-0.074812911401327,
0.0015));
#15147=CARTESIAN_POINT('Ctrl Pts',(-0.482994923979834,-0.074812911401327,
-0.0003));
#15148=CARTESIAN_POINT('Ctrl Pts',(-0.483367345835333,-0.0760692412623269,
0.0015));
#15149=CARTESIAN_POINT('Ctrl Pts',(-0.483367345835333,-0.0760692412623269,
-0.0003));
#15150=CARTESIAN_POINT('Ctrl Pts',(-0.488152859646333,-0.099711085012327,
0.0015));
#15151=CARTESIAN_POINT('Ctrl Pts',(-0.488152859646333,-0.099711085012327,
-0.0003));
#15152=CARTESIAN_POINT('Ctrl Pts',(-0.493629283090834,-0.127350341956827,
0.0015));
#15153=CARTESIAN_POINT('Ctrl Pts',(-0.493629283090834,-0.127350341956827,
-0.0003));
#15154=CARTESIAN_POINT('',(-0.493629283090834,-0.127350341956827,0.0015));
#15155=CARTESIAN_POINT('Ctrl Pts',(-0.482994923979834,-0.074812911401327,
0.0015));
#15156=CARTESIAN_POINT('Ctrl Pts',(-0.483367345835333,-0.0760692412623269,
0.0015));
#15157=CARTESIAN_POINT('Ctrl Pts',(-0.488152859646333,-0.099711085012327,
0.0015));
#15158=CARTESIAN_POINT('Ctrl Pts',(-0.493629283090834,-0.127350341956827,
0.0015));
#15159=CARTESIAN_POINT('',(-0.493629283090834,-0.127350341956827,0.));
#15160=CARTESIAN_POINT('',(-0.493629283090834,-0.127350341956827,0.));
#15161=CARTESIAN_POINT('Ctrl Pts',(-0.482994923979834,-0.074812911401327,
0.));
#15162=CARTESIAN_POINT('Ctrl Pts',(-0.483367345835333,-0.0760692412623269,
0.));
#15163=CARTESIAN_POINT('Ctrl Pts',(-0.488152859646333,-0.099711085012327,
0.));
#15164=CARTESIAN_POINT('Ctrl Pts',(-0.493629283090834,-0.127350341956827,
0.));
#15165=CARTESIAN_POINT('Ctrl Pts',(-0.493629283090834,-0.127350341956827,
0.0015));
#15166=CARTESIAN_POINT('Ctrl Pts',(-0.493629283090834,-0.127350341956827,
-0.0003));
#15167=CARTESIAN_POINT('Ctrl Pts',(-0.504113013146333,-0.180261081956827,
0.0015));
#15168=CARTESIAN_POINT('Ctrl Pts',(-0.504113013146333,-0.180261081956827,
-0.0003));
#15169=CARTESIAN_POINT('Ctrl Pts',(-0.504649351785334,-0.185911629456827,
0.0015));
#15170=CARTESIAN_POINT('Ctrl Pts',(-0.504649351785334,-0.185911629456827,
-0.0003));
#15171=CARTESIAN_POINT('Ctrl Pts',(-0.499806379646334,-0.192436713067827,
0.0015));
#15172=CARTESIAN_POINT('Ctrl Pts',(-0.499806379646334,-0.192436713067827,
-0.0003));
#15173=CARTESIAN_POINT('',(-0.499806379646334,-0.192436713067827,0.0015));
#15174=CARTESIAN_POINT('Ctrl Pts',(-0.493629283090834,-0.127350341956827,
0.0015));
#15175=CARTESIAN_POINT('Ctrl Pts',(-0.504113013146333,-0.180261081956827,
0.0015));
#15176=CARTESIAN_POINT('Ctrl Pts',(-0.504649351785334,-0.185911629456827,
0.0015));
#15177=CARTESIAN_POINT('Ctrl Pts',(-0.499806379646334,-0.192436713067827,
0.0015));
#15178=CARTESIAN_POINT('',(-0.499806379646334,-0.192436713067827,0.));
#15179=CARTESIAN_POINT('',(-0.499806379646334,-0.192436713067827,0.));
#15180=CARTESIAN_POINT('Ctrl Pts',(-0.493629283090834,-0.127350341956827,
0.));
#15181=CARTESIAN_POINT('Ctrl Pts',(-0.504113013146333,-0.180261081956827,
0.));
#15182=CARTESIAN_POINT('Ctrl Pts',(-0.504649351785334,-0.185911629456827,
0.));
#15183=CARTESIAN_POINT('Ctrl Pts',(-0.499806379646334,-0.192436713067827,
0.));
#15184=CARTESIAN_POINT('Ctrl Pts',(-0.499806379646334,-0.192436713067827,
0.0015));
#15185=CARTESIAN_POINT('Ctrl Pts',(-0.499806379646334,-0.192436713067827,
-0.0003));
#15186=CARTESIAN_POINT('Ctrl Pts',(-0.495585633424333,-0.198123155706827,
0.0015));
#15187=CARTESIAN_POINT('Ctrl Pts',(-0.495585633424333,-0.198123155706827,
-0.0003));
#15188=CARTESIAN_POINT('Ctrl Pts',(-0.491969622396333,-0.199357687428827,
0.0015));
#15189=CARTESIAN_POINT('Ctrl Pts',(-0.491969622396333,-0.199357687428827,
-0.0003));
#15190=CARTESIAN_POINT('Ctrl Pts',(-0.481967148257334,-0.198527400234327,
0.0015));
#15191=CARTESIAN_POINT('Ctrl Pts',(-0.481967148257334,-0.198527400234327,
-0.0003));
#15192=CARTESIAN_POINT('',(-0.481967148257334,-0.198527400234327,0.0015));
#15193=CARTESIAN_POINT('Ctrl Pts',(-0.499806379646334,-0.192436713067827,
0.0015));
#15194=CARTESIAN_POINT('Ctrl Pts',(-0.495585633424333,-0.198123155706827,
0.0015));
#15195=CARTESIAN_POINT('Ctrl Pts',(-0.491969622396333,-0.199357687428827,
0.0015));
#15196=CARTESIAN_POINT('Ctrl Pts',(-0.481967148257334,-0.198527400234327,
0.0015));
#15197=CARTESIAN_POINT('',(-0.481967148257334,-0.198527400234327,0.));
#15198=CARTESIAN_POINT('',(-0.481967148257334,-0.198527400234327,0.));
#15199=CARTESIAN_POINT('Ctrl Pts',(-0.499806379646334,-0.192436713067827,
0.));
#15200=CARTESIAN_POINT('Ctrl Pts',(-0.495585633424333,-0.198123155706827,
0.));
#15201=CARTESIAN_POINT('Ctrl Pts',(-0.491969622396333,-0.199357687428827,
0.));
#15202=CARTESIAN_POINT('Ctrl Pts',(-0.481967148257334,-0.198527400234327,
0.));
#15203=CARTESIAN_POINT('Ctrl Pts',(-0.481967148257334,-0.198527400234327,
0.0015));
#15204=CARTESIAN_POINT('Ctrl Pts',(-0.481967148257334,-0.198527400234327,
-0.0003));
#15205=CARTESIAN_POINT('Ctrl Pts',(-0.466929042979834,-0.197279202253827,
0.0015));
#15206=CARTESIAN_POINT('Ctrl Pts',(-0.466929042979834,-0.197279202253827,
-0.0003));
#15207=CARTESIAN_POINT('Ctrl Pts',(-0.457829951590834,-0.191529022901327,
0.0015));
#15208=CARTESIAN_POINT('Ctrl Pts',(-0.457829951590834,-0.191529022901327,
-0.0003));
#15209=CARTESIAN_POINT('Ctrl Pts',(-0.452987371035333,-0.180214353012327,
0.0015));
#15210=CARTESIAN_POINT('Ctrl Pts',(-0.452987371035333,-0.180214353012327,
-0.0003));
#15211=CARTESIAN_POINT('',(-0.452987371035333,-0.180214353012327,0.0015));
#15212=CARTESIAN_POINT('Ctrl Pts',(-0.481967148257334,-0.198527400234327,
0.0015));
#15213=CARTESIAN_POINT('Ctrl Pts',(-0.466929042979834,-0.197279202253827,
0.0015));
#15214=CARTESIAN_POINT('Ctrl Pts',(-0.457829951590834,-0.191529022901327,
0.0015));
#15215=CARTESIAN_POINT('Ctrl Pts',(-0.452987371035333,-0.180214353012327,
0.0015));
#15216=CARTESIAN_POINT('',(-0.452987371035333,-0.180214353012327,0.));
#15217=CARTESIAN_POINT('',(-0.452987371035333,-0.180214353012327,0.));
#15218=CARTESIAN_POINT('Ctrl Pts',(-0.481967148257334,-0.198527400234327,
0.));
#15219=CARTESIAN_POINT('Ctrl Pts',(-0.466929042979834,-0.197279202253827,
0.));
#15220=CARTESIAN_POINT('Ctrl Pts',(-0.457829951590834,-0.191529022901327,
0.));
#15221=CARTESIAN_POINT('Ctrl Pts',(-0.452987371035333,-0.180214353012327,
0.));
#15222=CARTESIAN_POINT('Ctrl Pts',(-0.452987371035333,-0.180214353012327,
0.0015));
#15223=CARTESIAN_POINT('Ctrl Pts',(-0.452987371035333,-0.180214353012327,
-0.0003));
#15224=CARTESIAN_POINT('Ctrl Pts',(-0.451758412849333,-0.177342741901327,
0.0015));
#15225=CARTESIAN_POINT('Ctrl Pts',(-0.451758412849333,-0.177342741901327,
-0.0003));
#15226=CARTESIAN_POINT('Ctrl Pts',(-0.426293135201834,-0.0528192419012169,
0.0015));
#15227=CARTESIAN_POINT('Ctrl Pts',(-0.426293135201834,-0.0528192419012169,
-0.0003));
#15228=CARTESIAN_POINT('Ctrl Pts',(-0.396397052979834,0.0965045358766731,
0.0015));
#15229=CARTESIAN_POINT('Ctrl Pts',(-0.396397052979834,0.0965045358766731,
-0.0003));
#15230=CARTESIAN_POINT('',(-0.396397052979834,0.0965045358766731,0.0015));
#15231=CARTESIAN_POINT('Ctrl Pts',(-0.452987371035333,-0.180214353012327,
0.0015));
#15232=CARTESIAN_POINT('Ctrl Pts',(-0.451758412849333,-0.177342741901327,
0.0015));
#15233=CARTESIAN_POINT('Ctrl Pts',(-0.426293135201834,-0.052819241901217,
0.0015));
#15234=CARTESIAN_POINT('Ctrl Pts',(-0.396397052979834,0.0965045358766731,
0.0015));
#15235=CARTESIAN_POINT('',(-0.396397052979834,0.0965045358766731,0.));
#15236=CARTESIAN_POINT('',(-0.396397052979834,0.0965045358766731,0.));
#15237=CARTESIAN_POINT('Ctrl Pts',(-0.452987371035333,-0.180214353012327,
0.));
#15238=CARTESIAN_POINT('Ctrl Pts',(-0.451758412849333,-0.177342741901327,
0.));
#15239=CARTESIAN_POINT('Ctrl Pts',(-0.426293135201834,-0.0528192419012169,
0.));
#15240=CARTESIAN_POINT('Ctrl Pts',(-0.396397052979834,0.0965045358766731,
0.));
#15241=CARTESIAN_POINT('Origin',(-0.369219211729833,0.232253424765423,0.0015));
#15242=CARTESIAN_POINT('',(-0.342041370479834,0.368002313654173,0.0015));
#15243=CARTESIAN_POINT('',(-0.396397052979834,0.0965045358766731,0.0015));
#15244=CARTESIAN_POINT('',(-0.342041370479834,0.368002313654173,0.));
#15245=CARTESIAN_POINT('',(-0.342041370479834,0.368002313654173,0.));
#15246=CARTESIAN_POINT('',(-0.396397052979834,0.0965045358766731,0.));
#15247=CARTESIAN_POINT('Origin',(-0.291332634090833,0.368169474052923,0.0015));
#15248=CARTESIAN_POINT('',(-0.240623897701834,0.368336634451673,0.0015));
#15249=CARTESIAN_POINT('',(-0.342041370479834,0.368002313654173,0.0015));
#15250=CARTESIAN_POINT('',(-0.240623897701834,0.368336634451673,0.));
#15251=CARTESIAN_POINT('',(-0.240623897701834,0.368336634451673,0.));
#15252=CARTESIAN_POINT('',(-0.342041370479834,0.368002313654173,0.));
#15253=CARTESIAN_POINT('Ctrl Pts',(-0.240623897701834,0.368336634451673,
0.0015));
#15254=CARTESIAN_POINT('Ctrl Pts',(-0.240623897701834,0.368336634451673,
-0.0003));
#15255=CARTESIAN_POINT('Ctrl Pts',(-0.159918572701833,0.368602689221173,
0.0015));
#15256=CARTESIAN_POINT('Ctrl Pts',(-0.159918572701833,0.368602689221173,
-0.0003));
#15257=CARTESIAN_POINT('Ctrl Pts',(-0.139206424924334,0.368336112340673,
0.0015));
#15258=CARTESIAN_POINT('Ctrl Pts',(-0.139206424924334,0.368336112340673,
-0.0003));
#15259=CARTESIAN_POINT('Ctrl Pts',(-0.139206424924334,0.367031356673673,
0.0015));
#15260=CARTESIAN_POINT('Ctrl Pts',(-0.139206424924334,0.367031356673673,
-0.0003));
#15261=CARTESIAN_POINT('',(-0.139206424924334,0.367031356673673,0.0015));
#15262=CARTESIAN_POINT('Ctrl Pts',(-0.240623897701834,0.368336634451673,
0.0015));
#15263=CARTESIAN_POINT('Ctrl Pts',(-0.159918572701833,0.368602689221173,
0.0015));
#15264=CARTESIAN_POINT('Ctrl Pts',(-0.139206424924334,0.368336112340673,
0.0015));
#15265=CARTESIAN_POINT('Ctrl Pts',(-0.139206424924334,0.367031356673673,
0.0015));
#15266=CARTESIAN_POINT('',(-0.139206424924334,0.367031356673673,0.));
#15267=CARTESIAN_POINT('',(-0.139206424924334,0.367031356673673,0.));
#15268=CARTESIAN_POINT('Ctrl Pts',(-0.240623897701834,0.368336634451673,
0.));
#15269=CARTESIAN_POINT('Ctrl Pts',(-0.159918572701833,0.368602689221173,
0.));
#15270=CARTESIAN_POINT('Ctrl Pts',(-0.139206424924334,0.368336112340673,
0.));
#15271=CARTESIAN_POINT('Ctrl Pts',(-0.139206424924334,0.367031356673673,
0.));
#15272=CARTESIAN_POINT('Ctrl Pts',(-0.139206424924334,0.367031356673673,
0.0015));
#15273=CARTESIAN_POINT('Ctrl Pts',(-0.139206424924334,0.367031356673673,
-0.0003));
#15274=CARTESIAN_POINT('Ctrl Pts',(-0.139205119646333,0.361005019701673,
0.0015));
#15275=CARTESIAN_POINT('Ctrl Pts',(-0.139205119646333,0.361005019701673,
-0.0003));
#15276=CARTESIAN_POINT('Ctrl Pts',(-0.254890583813334,-0.211702704437327,
0.0015));
#15277=CARTESIAN_POINT('Ctrl Pts',(-0.254890583813334,-0.211702704437327,
-0.0003));
#15278=CARTESIAN_POINT('Ctrl Pts',(-0.257520718535334,-0.218685940548327,
0.0015));
#15279=CARTESIAN_POINT('Ctrl Pts',(-0.257520718535334,-0.218685940548327,
-0.0003));
#15280=CARTESIAN_POINT('',(-0.257520718535334,-0.218685940548327,0.0015));
#15281=CARTESIAN_POINT('Ctrl Pts',(-0.139206424924334,0.367031356673673,
0.0015));
#15282=CARTESIAN_POINT('Ctrl Pts',(-0.139205119646333,0.361005019701673,
0.0015));
#15283=CARTESIAN_POINT('Ctrl Pts',(-0.254890583813334,-0.211702704437327,
0.0015));
#15284=CARTESIAN_POINT('Ctrl Pts',(-0.257520718535334,-0.218685940548327,
0.0015));
#15285=CARTESIAN_POINT('',(-0.257520718535334,-0.218685940548327,0.));
#15286=CARTESIAN_POINT('',(-0.257520718535334,-0.218685940548327,0.));
#15287=CARTESIAN_POINT('Ctrl Pts',(-0.139206424924334,0.367031356673673,
0.));
#15288=CARTESIAN_POINT('Ctrl Pts',(-0.139205119646333,0.361005019701673,
0.));
#15289=CARTESIAN_POINT('Ctrl Pts',(-0.254890583813334,-0.211702704437327,
0.));
#15290=CARTESIAN_POINT('Ctrl Pts',(-0.257520718535334,-0.218685940548327,
0.));
#15291=CARTESIAN_POINT('Ctrl Pts',(-0.257520718535334,-0.218685940548327,
0.0015));
#15292=CARTESIAN_POINT('Ctrl Pts',(-0.257520718535334,-0.218685940548327,
-0.0003));
#15293=CARTESIAN_POINT('Ctrl Pts',(-0.272639751035333,-0.258854558881827,
0.0015));
#15294=CARTESIAN_POINT('Ctrl Pts',(-0.272639751035333,-0.258854558881827,
-0.0003));
#15295=CARTESIAN_POINT('Ctrl Pts',(-0.315756991868833,-0.289542944715327,
0.0015));
#15296=CARTESIAN_POINT('Ctrl Pts',(-0.315756991868833,-0.289542944715327,
-0.0003));
#15297=CARTESIAN_POINT('Ctrl Pts',(-0.370144001035334,-0.298844354159327,
0.0015));
#15298=CARTESIAN_POINT('Ctrl Pts',(-0.370144001035334,-0.298844354159327,
-0.0003));
#15299=CARTESIAN_POINT('',(-0.370144001035334,-0.298844354159327,0.0015));
#15300=CARTESIAN_POINT('Ctrl Pts',(-0.257520718535334,-0.218685940548327,
0.0015));
#15301=CARTESIAN_POINT('Ctrl Pts',(-0.272639751035333,-0.258854558881827,
0.0015));
#15302=CARTESIAN_POINT('Ctrl Pts',(-0.315756991868833,-0.289542944715327,
0.0015));
#15303=CARTESIAN_POINT('Ctrl Pts',(-0.370144001035334,-0.298844354159327,
0.0015));
#15304=CARTESIAN_POINT('',(-0.370144001035334,-0.298844354159327,0.));
#15305=CARTESIAN_POINT('',(-0.370144001035334,-0.298844354159327,0.));
#15306=CARTESIAN_POINT('Ctrl Pts',(-0.257520718535334,-0.218685940548327,
-2.71050543121376E-19));
#15307=CARTESIAN_POINT('Ctrl Pts',(-0.272639751035333,-0.258854558881827,
-2.71050543121376E-19));
#15308=CARTESIAN_POINT('Ctrl Pts',(-0.315756991868833,-0.289542944715327,
-2.71050543121376E-19));
#15309=CARTESIAN_POINT('Ctrl Pts',(-0.370144001035334,-0.298844354159327,
-2.71050543121376E-19));
#15310=CARTESIAN_POINT('Ctrl Pts',(-0.370144001035334,-0.298844354159327,
0.0015));
#15311=CARTESIAN_POINT('Ctrl Pts',(-0.370144001035334,-0.298844354159327,
-0.0003));
#15312=CARTESIAN_POINT('Ctrl Pts',(-0.380938126146333,-0.300690539048327,
0.0015));
#15313=CARTESIAN_POINT('Ctrl Pts',(-0.380938126146333,-0.300690539048327,
-0.0003));
#15314=CARTESIAN_POINT('Ctrl Pts',(-0.398875775479833,-0.300938280770827,
0.0015));
#15315=CARTESIAN_POINT('Ctrl Pts',(-0.398875775479833,-0.300938280770827,
-0.0003));
#15316=CARTESIAN_POINT('Ctrl Pts',(-0.516335112146334,-0.300862835715327,
0.0015));
#15317=CARTESIAN_POINT('Ctrl Pts',(-0.516335112146334,-0.300862835715327,
-0.0003));
#15318=CARTESIAN_POINT('',(-0.516335112146334,-0.300862835715327,0.0015));
#15319=CARTESIAN_POINT('Ctrl Pts',(-0.370144001035334,-0.298844354159327,
0.0015));
#15320=CARTESIAN_POINT('Ctrl Pts',(-0.380938126146333,-0.300690539048327,
0.0015));
#15321=CARTESIAN_POINT('Ctrl Pts',(-0.398875775479833,-0.300938280770827,
0.0015));
#15322=CARTESIAN_POINT('Ctrl Pts',(-0.516335112146334,-0.300862835715327,
0.0015));
#15323=CARTESIAN_POINT('',(-0.516335112146334,-0.300862835715327,0.));
#15324=CARTESIAN_POINT('',(-0.516335112146334,-0.300862835715327,0.));
#15325=CARTESIAN_POINT('Ctrl Pts',(-0.370144001035334,-0.298844354159327,
0.));
#15326=CARTESIAN_POINT('Ctrl Pts',(-0.380938126146333,-0.300690539048327,
0.));
#15327=CARTESIAN_POINT('Ctrl Pts',(-0.398875775479833,-0.300938280770827,
0.));
#15328=CARTESIAN_POINT('Ctrl Pts',(-0.516335112146334,-0.300862835715327,
0.));
#15329=CARTESIAN_POINT('Ctrl Pts',(-0.516335112146334,-0.300862835715327,
0.0015));
#15330=CARTESIAN_POINT('Ctrl Pts',(-0.516335112146334,-0.300862835715327,
-0.0003));
#15331=CARTESIAN_POINT('Ctrl Pts',(-0.629385220479833,-0.300790262270827,
0.0015));
#15332=CARTESIAN_POINT('Ctrl Pts',(-0.629385220479833,-0.300790262270827,
-0.0003));
#15333=CARTESIAN_POINT('Ctrl Pts',(-0.651326939924334,-0.300480480695827,
0.0015));
#15334=CARTESIAN_POINT('Ctrl Pts',(-0.651326939924334,-0.300480480695827,
-0.0003));
#15335=CARTESIAN_POINT('Ctrl Pts',(-0.657305112146333,-0.298872026048327,
0.0015));
#15336=CARTESIAN_POINT('Ctrl Pts',(-0.657305112146333,-0.298872026048327,
-0.0003));
#15337=CARTESIAN_POINT('Ctrl Pts',(-0.516335112146334,-0.300862835715327,
0.0015));
#15338=CARTESIAN_POINT('Ctrl Pts',(-0.629385220479833,-0.300790262270827,
0.0015));
#15339=CARTESIAN_POINT('Ctrl Pts',(-0.651326939924334,-0.300480480695827,
0.0015));
#15340=CARTESIAN_POINT('Ctrl Pts',(-0.657305112146333,-0.298872026048327,
0.0015));
#15341=CARTESIAN_POINT('Ctrl Pts',(-0.516335112146334,-0.300862835715327,
0.));
#15342=CARTESIAN_POINT('Ctrl Pts',(-0.629385220479833,-0.300790262270827,
0.));
#15343=CARTESIAN_POINT('Ctrl Pts',(-0.651326939924334,-0.300480480695827,
0.));
#15344=CARTESIAN_POINT('Ctrl Pts',(-0.657305112146333,-0.298872026048327,
0.));
#15345=CARTESIAN_POINT('Origin',(-0.427019326493584,-0.300938280770827,
0.));
#15346=CARTESIAN_POINT('Origin',(-0.427019326493584,-0.300938280770827,
0.0015));
#15347=CARTESIAN_POINT('Ctrl Pts',(-0.152256461618833,-0.298980925373327,
0.0015));
#15348=CARTESIAN_POINT('Ctrl Pts',(-0.152256461618833,-0.298980925373327,
-0.0003));
#15349=CARTESIAN_POINT('Ctrl Pts',(-0.174561048285334,-0.293544051845827,
0.0015));
#15350=CARTESIAN_POINT('Ctrl Pts',(-0.174561048285334,-0.293544051845827,
-0.0003));
#15351=CARTESIAN_POINT('Ctrl Pts',(-0.192319352451834,-0.279617129540327,
0.0015));
#15352=CARTESIAN_POINT('Ctrl Pts',(-0.192319352451834,-0.279617129540327,
-0.0003));
#15353=CARTESIAN_POINT('Ctrl Pts',(-0.202248600507333,-0.259776907317827,
0.0015));
#15354=CARTESIAN_POINT('Ctrl Pts',(-0.202248600507333,-0.259776907317827,
-0.0003));
#15355=CARTESIAN_POINT('',(-0.152256650717102,-0.298981412981691,0.));
#15356=CARTESIAN_POINT('',(-0.152269181267761,-0.298978620876895,0.0015));
#15357=CARTESIAN_POINT('',(-0.152269396921333,-0.298979372092827,0.));
#15358=CARTESIAN_POINT('',(-0.202248600507333,-0.259776907317827,0.0015));
#15359=CARTESIAN_POINT('Origin',(-0.109365437323753,-0.200355018331761,
0.0015));
#15360=CARTESIAN_POINT('',(-0.202248600507333,-0.259776907317827,0.));
#15361=CARTESIAN_POINT('',(-0.202248600507333,-0.259776907317827,0.));
#15362=CARTESIAN_POINT('Origin',(-0.109365437323753,-0.200355018331761,
0.));
#15363=CARTESIAN_POINT('Ctrl Pts',(-0.202248600507333,-0.259776907317827,
0.0015));
#15364=CARTESIAN_POINT('Ctrl Pts',(-0.202248600507333,-0.259776907317827,
-0.0003));
#15365=CARTESIAN_POINT('Ctrl Pts',(-0.207885312063333,-0.248513143262327,
0.0015));
#15366=CARTESIAN_POINT('Ctrl Pts',(-0.207885312063333,-0.248513143262327,
-0.0003));
#15367=CARTESIAN_POINT('Ctrl Pts',(-0.210119686563334,-0.238667955095827,
0.0015));
#15368=CARTESIAN_POINT('Ctrl Pts',(-0.210119686563334,-0.238667955095827,
-0.0003));
#15369=CARTESIAN_POINT('Ctrl Pts',(-0.210234551007333,-0.224590534262327,
0.0015));
#15370=CARTESIAN_POINT('Ctrl Pts',(-0.210234551007333,-0.224590534262327,
-0.0003));
#15371=CARTESIAN_POINT('',(-0.210234551007333,-0.224590534262327,0.0015));
#15372=CARTESIAN_POINT('Ctrl Pts',(-0.202248600507333,-0.259776907317827,
0.0015));
#15373=CARTESIAN_POINT('Ctrl Pts',(-0.207885312063333,-0.248513143262327,
0.0015));
#15374=CARTESIAN_POINT('Ctrl Pts',(-0.210119686563334,-0.238667955095827,
0.0015));
#15375=CARTESIAN_POINT('Ctrl Pts',(-0.210234551007333,-0.224590534262327,
0.0015));
#15376=CARTESIAN_POINT('',(-0.210234551007333,-0.224590534262327,0.));
#15377=CARTESIAN_POINT('',(-0.210234551007333,-0.224590534262327,0.));
#15378=CARTESIAN_POINT('Ctrl Pts',(-0.202248600507333,-0.259776907317827,
0.));
#15379=CARTESIAN_POINT('Ctrl Pts',(-0.207885312063333,-0.248513143262327,
0.));
#15380=CARTESIAN_POINT('Ctrl Pts',(-0.210119686563334,-0.238667955095827,
0.));
#15381=CARTESIAN_POINT('Ctrl Pts',(-0.210234551007333,-0.224590534262327,
0.));
#15382=CARTESIAN_POINT('Ctrl Pts',(-0.210234551007333,-0.224590534262327,
0.0015));
#15383=CARTESIAN_POINT('Ctrl Pts',(-0.210234551007333,-0.224590534262327,
-0.0003));
#15384=CARTESIAN_POINT('Ctrl Pts',(-0.210331924729834,-0.212664080678827,
0.0015));
#15385=CARTESIAN_POINT('Ctrl Pts',(-0.210331924729834,-0.212664080678827,
-0.0003));
#15386=CARTESIAN_POINT('Ctrl Pts',(-0.209055519696334,-0.205540005095827,
0.0015));
#15387=CARTESIAN_POINT('Ctrl Pts',(-0.209055519696334,-0.205540005095827,
-0.0003));
#15388=CARTESIAN_POINT('Ctrl Pts',(-0.195441837951834,-0.142031714817827,
0.0015));
#15389=CARTESIAN_POINT('Ctrl Pts',(-0.195441837951834,-0.142031714817827,
-0.0003));
#15390=CARTESIAN_POINT('',(-0.195441837951834,-0.142031714817827,0.0015));
#15391=CARTESIAN_POINT('Ctrl Pts',(-0.210234551007333,-0.224590534262327,
0.0015));
#15392=CARTESIAN_POINT('Ctrl Pts',(-0.210331924729834,-0.212664080678827,
0.0015));
#15393=CARTESIAN_POINT('Ctrl Pts',(-0.209055519696334,-0.205540005095827,
0.0015));
#15394=CARTESIAN_POINT('Ctrl Pts',(-0.195441837951834,-0.142031714817827,
0.0015));
#15395=CARTESIAN_POINT('',(-0.195441837951834,-0.142031714817827,0.));
#15396=CARTESIAN_POINT('',(-0.195441837951834,-0.142031714817827,0.));
#15397=CARTESIAN_POINT('Ctrl Pts',(-0.210234551007333,-0.224590534262327,
0.));
#15398=CARTESIAN_POINT('Ctrl Pts',(-0.210331924729834,-0.212664080678827,
0.));
#15399=CARTESIAN_POINT('Ctrl Pts',(-0.209055519696334,-0.205540005095827,
0.));
#15400=CARTESIAN_POINT('Ctrl Pts',(-0.195441837951834,-0.142031714817827,
0.));
#15401=CARTESIAN_POINT('Origin',(-0.187992617674083,-0.107278693984577,
0.0015));
#15402=CARTESIAN_POINT('',(-0.180543397396334,-0.072525673151327,0.0015));
#15403=CARTESIAN_POINT('',(-0.195441837951834,-0.142031714817827,0.0015));
#15404=CARTESIAN_POINT('',(-0.180543397396334,-0.072525673151327,0.));
#15405=CARTESIAN_POINT('',(-0.180543397396334,-0.072525673151327,0.));
#15406=CARTESIAN_POINT('',(-0.195441837951834,-0.142031714817827,0.));
#15407=CARTESIAN_POINT('Origin',(-0.131376194063084,-0.072525673151327,
0.0015));
#15408=CARTESIAN_POINT('',(-0.0822089907298335,-0.072525673151327,0.0015));
#15409=CARTESIAN_POINT('',(-0.180543397396334,-0.072525673151327,0.0015));
#15410=CARTESIAN_POINT('',(-0.0822089907298335,-0.072525673151327,0.));
#15411=CARTESIAN_POINT('',(-0.0822089907298335,-0.072525673151327,0.));
#15412=CARTESIAN_POINT('',(-0.180543397396334,-0.072525673151327,0.));
#15413=CARTESIAN_POINT('Ctrl Pts',(-0.0822089907298335,-0.072525673151327,
0.0015));
#15414=CARTESIAN_POINT('Ctrl Pts',(-0.0822089907298335,-0.072525673151327,
-0.0003));
#15415=CARTESIAN_POINT('Ctrl Pts',(-0.0281248060073335,-0.072525673151327,
0.0015));
#15416=CARTESIAN_POINT('Ctrl Pts',(-0.0281248060073335,-0.072525673151327,
-0.0003));
#15417=CARTESIAN_POINT('Ctrl Pts',(0.0161254159368665,-0.072693323028827,
0.0015));
#15418=CARTESIAN_POINT('Ctrl Pts',(0.0161254159368665,-0.072693323028827,
-0.0003));
#15419=CARTESIAN_POINT('Ctrl Pts',(0.0161254159368665,-0.072898238587327,
0.0015));
#15420=CARTESIAN_POINT('Ctrl Pts',(0.0161254159368665,-0.072898238587327,
-0.0003));
#15421=CARTESIAN_POINT('',(0.0161254159368665,-0.072898238587327,0.0015));
#15422=CARTESIAN_POINT('Ctrl Pts',(-0.0822089907298335,-0.072525673151327,
0.0015));
#15423=CARTESIAN_POINT('Ctrl Pts',(-0.0281248060073335,-0.072525673151327,
0.0015));
#15424=CARTESIAN_POINT('Ctrl Pts',(0.0161254159368665,-0.072693323028827,
0.0015));
#15425=CARTESIAN_POINT('Ctrl Pts',(0.0161254159368665,-0.072898238587327,
0.0015));
#15426=CARTESIAN_POINT('',(0.0161254159368665,-0.072898238587327,0.));
#15427=CARTESIAN_POINT('',(0.0161254159368665,-0.072898238587327,0.));
#15428=CARTESIAN_POINT('Ctrl Pts',(-0.0822089907298335,-0.072525673151327,
0.));
#15429=CARTESIAN_POINT('Ctrl Pts',(-0.0281248060073335,-0.072525673151327,
0.));
#15430=CARTESIAN_POINT('Ctrl Pts',(0.0161254159368665,-0.072693323028827,
0.));
#15431=CARTESIAN_POINT('Ctrl Pts',(0.0161254159368665,-0.072898238587327,
0.));
#15432=CARTESIAN_POINT('Ctrl Pts',(0.0161254159368665,-0.072898238587327,
0.0015));
#15433=CARTESIAN_POINT('Ctrl Pts',(0.0161254159368665,-0.072898238587327,
-0.0003));
#15434=CARTESIAN_POINT('Ctrl Pts',(0.0161254159368665,-0.073103141092827,
0.0015));
#15435=CARTESIAN_POINT('Ctrl Pts',(0.0161254159368665,-0.073103141092827,
-0.0003));
#15436=CARTESIAN_POINT('Ctrl Pts',(0.0114264159368665,-0.096724779142827,
0.0015));
#15437=CARTESIAN_POINT('Ctrl Pts',(0.0114264159368665,-0.096724779142827,
-0.0003));
#15438=CARTESIAN_POINT('Ctrl Pts',(0.00568319371464651,-0.125389984420827,
0.0015));
#15439=CARTESIAN_POINT('Ctrl Pts',(0.00568319371464651,-0.125389984420827,
-0.0003));
#15440=CARTESIAN_POINT('',(0.00568319371464651,-0.125389984420827,0.0015));
#15441=CARTESIAN_POINT('Ctrl Pts',(0.0161254159368665,-0.072898238587327,
0.0015));
#15442=CARTESIAN_POINT('Ctrl Pts',(0.0161254159368665,-0.073103141092827,
0.0015));
#15443=CARTESIAN_POINT('Ctrl Pts',(0.0114264159368665,-0.096724779142827,
0.0015));
#15444=CARTESIAN_POINT('Ctrl Pts',(0.00568319371464651,-0.125389984420827,
0.0015));
#15445=CARTESIAN_POINT('',(0.00568319371464651,-0.125389984420827,0.));
#15446=CARTESIAN_POINT('',(0.00568319371464651,-0.125389984420827,0.));
#15447=CARTESIAN_POINT('Ctrl Pts',(0.0161254159368665,-0.072898238587327,
0.));
#15448=CARTESIAN_POINT('Ctrl Pts',(0.0161254159368665,-0.073103141092827,
0.));
#15449=CARTESIAN_POINT('Ctrl Pts',(0.0114264159368665,-0.096724779142827,
0.));
#15450=CARTESIAN_POINT('Ctrl Pts',(0.00568319371464651,-0.125389984420827,
0.));
#15451=CARTESIAN_POINT('Ctrl Pts',(0.00568319371464651,-0.125389984420827,
0.0015));
#15452=CARTESIAN_POINT('Ctrl Pts',(0.00568319371464651,-0.125389984420827,
-0.0003));
#15453=CARTESIAN_POINT('Ctrl Pts',(-6.00285075784846E-5,-0.154055189698327,
0.0015));
#15454=CARTESIAN_POINT('Ctrl Pts',(-6.00285075784846E-5,-0.154055189698327,
-0.0003));
#15455=CARTESIAN_POINT('Ctrl Pts',(-0.00475902850733349,-0.179465032198327,
0.0015));
#15456=CARTESIAN_POINT('Ctrl Pts',(-0.00475902850733349,-0.179465032198327,
-0.0003));
#15457=CARTESIAN_POINT('Ctrl Pts',(-0.00475902850733349,-0.181856301087327,
0.0015));
#15458=CARTESIAN_POINT('Ctrl Pts',(-0.00475902850733349,-0.181856301087327,
-0.0003));
#15459=CARTESIAN_POINT('',(-0.00475902850733349,-0.181856301087327,0.0015));
#15460=CARTESIAN_POINT('Ctrl Pts',(0.00568319371464651,-0.125389984420827,
0.0015));
#15461=CARTESIAN_POINT('Ctrl Pts',(-6.00285075784846E-5,-0.154055189698327,
0.0015));
#15462=CARTESIAN_POINT('Ctrl Pts',(-0.00475902850733349,-0.179465032198327,
0.0015));
#15463=CARTESIAN_POINT('Ctrl Pts',(-0.00475902850733349,-0.181856301087327,
0.0015));
#15464=CARTESIAN_POINT('',(-0.00475902850733349,-0.181856301087327,0.));
#15465=CARTESIAN_POINT('',(-0.00475902850733349,-0.181856301087327,0.));
#15466=CARTESIAN_POINT('Ctrl Pts',(0.00568319371464651,-0.125389984420827,
0.));
#15467=CARTESIAN_POINT('Ctrl Pts',(-6.00285075784846E-5,-0.154055189698327,
0.));
#15468=CARTESIAN_POINT('Ctrl Pts',(-0.00475902850733349,-0.179465032198327,
0.));
#15469=CARTESIAN_POINT('Ctrl Pts',(-0.00475902850733349,-0.181856301087327,
0.));
#15470=CARTESIAN_POINT('Ctrl Pts',(-0.00475902850733349,-0.181856301087327,
0.0015));
#15471=CARTESIAN_POINT('Ctrl Pts',(-0.00475902850733349,-0.181856301087327,
-0.0003));
#15472=CARTESIAN_POINT('Ctrl Pts',(-0.00475902850733349,-0.190988154948327,
0.0015));
#15473=CARTESIAN_POINT('Ctrl Pts',(-0.00475902850733349,-0.190988154948327,
-0.0003));
#15474=CARTESIAN_POINT('Ctrl Pts',(0.00397197454797651,-0.195202766365327,
0.0015));
#15475=CARTESIAN_POINT('Ctrl Pts',(0.00397197454797651,-0.195202766365327,
-0.0003));
#15476=CARTESIAN_POINT('Ctrl Pts',(0.0229141656590915,-0.195214513865327,
0.0015));
#15477=CARTESIAN_POINT('Ctrl Pts',(0.0229141656590915,-0.195214513865327,
-0.0003));
#15478=CARTESIAN_POINT('',(0.0229141656590915,-0.195214513865327,0.0015));
#15479=CARTESIAN_POINT('Ctrl Pts',(-0.00475902850733349,-0.181856301087327,
0.0015));
#15480=CARTESIAN_POINT('Ctrl Pts',(-0.00475902850733349,-0.190988154948327,
0.0015));
#15481=CARTESIAN_POINT('Ctrl Pts',(0.00397197454797651,-0.195202766365327,
0.0015));
#15482=CARTESIAN_POINT('Ctrl Pts',(0.0229141656590915,-0.195214513865327,
0.0015));
#15483=CARTESIAN_POINT('',(0.0229141656590915,-0.195214513865327,0.));
#15484=CARTESIAN_POINT('',(0.0229141656590915,-0.195214513865327,0.));
#15485=CARTESIAN_POINT('Ctrl Pts',(-0.00475902850733349,-0.181856301087327,
0.));
#15486=CARTESIAN_POINT('Ctrl Pts',(-0.00475902850733349,-0.190988154948327,
0.));
#15487=CARTESIAN_POINT('Ctrl Pts',(0.00397197454797651,-0.195202766365327,
0.));
#15488=CARTESIAN_POINT('Ctrl Pts',(0.0229141656590915,-0.195214513865327,
0.));
#15489=CARTESIAN_POINT('Ctrl Pts',(0.0229141656590915,-0.195214513865327,
0.0015));
#15490=CARTESIAN_POINT('Ctrl Pts',(0.0229141656590915,-0.195214513865327,
-0.0003));
#15491=CARTESIAN_POINT('Ctrl Pts',(0.0500365326035345,-0.195231874059327,
0.0015));
#15492=CARTESIAN_POINT('Ctrl Pts',(0.0500365326035345,-0.195231874059327,
-0.0003));
#15493=CARTESIAN_POINT('Ctrl Pts',(0.0565433423257565,-0.190155257198327,
0.0015));
#15494=CARTESIAN_POINT('Ctrl Pts',(0.0565433423257565,-0.190155257198327,
-0.0003));
#15495=CARTESIAN_POINT('Ctrl Pts',(0.0638972773257565,-0.163243039976327,
0.0015));
#15496=CARTESIAN_POINT('Ctrl Pts',(0.0638972773257565,-0.163243039976327,
-0.0003));
#15497=CARTESIAN_POINT('',(0.0638972773257565,-0.163243039976327,0.0015));
#15498=CARTESIAN_POINT('Ctrl Pts',(0.0229141656590915,-0.195214513865327,
0.0015));
#15499=CARTESIAN_POINT('Ctrl Pts',(0.0500365326035345,-0.195231874059327,
0.0015));
#15500=CARTESIAN_POINT('Ctrl Pts',(0.0565433423257565,-0.190155257198327,
0.0015));
#15501=CARTESIAN_POINT('Ctrl Pts',(0.0638972773257565,-0.163243039976327,
0.0015));
#15502=CARTESIAN_POINT('',(0.0638972773257565,-0.163243039976327,0.));
#15503=CARTESIAN_POINT('',(0.0638972773257565,-0.163243039976327,0.));
#15504=CARTESIAN_POINT('Ctrl Pts',(0.0229141656590915,-0.195214513865327,
0.));
#15505=CARTESIAN_POINT('Ctrl Pts',(0.0500365326035345,-0.195231874059327,
0.));
#15506=CARTESIAN_POINT('Ctrl Pts',(0.0565433423257565,-0.190155257198327,
0.));
#15507=CARTESIAN_POINT('Ctrl Pts',(0.0638972773257565,-0.163243039976327,
0.));
#15508=CARTESIAN_POINT('Ctrl Pts',(0.0638972773257565,-0.163243039976327,
0.0015));
#15509=CARTESIAN_POINT('Ctrl Pts',(0.0638972773257565,-0.163243039976327,
-0.0003));
#15510=CARTESIAN_POINT('Ctrl Pts',(0.0650824303896465,-0.158905601920827,
0.0015));
#15511=CARTESIAN_POINT('Ctrl Pts',(0.0650824303896465,-0.158905601920827,
-0.0003));
#15512=CARTESIAN_POINT('Ctrl Pts',(0.0663265297979765,-0.148030027476327,
0.0015));
#15513=CARTESIAN_POINT('Ctrl Pts',(0.0663265297979765,-0.148030027476327,
-0.0003));
#15514=CARTESIAN_POINT('Ctrl Pts',(0.0666856117146465,-0.138866977476327,
0.0015));
#15515=CARTESIAN_POINT('Ctrl Pts',(0.0666856117146465,-0.138866977476327,
-0.0003));
#15516=CARTESIAN_POINT('',(0.0666856117146465,-0.138866977476327,0.0015));
#15517=CARTESIAN_POINT('Ctrl Pts',(0.0638972773257565,-0.163243039976327,
0.0015));
#15518=CARTESIAN_POINT('Ctrl Pts',(0.0650824303896465,-0.158905601920827,
0.0015));
#15519=CARTESIAN_POINT('Ctrl Pts',(0.0663265297979765,-0.148030027476327,
0.0015));
#15520=CARTESIAN_POINT('Ctrl Pts',(0.0666856117146465,-0.138866977476327,
0.0015));
#15521=CARTESIAN_POINT('',(0.0666856117146465,-0.138866977476327,0.));
#15522=CARTESIAN_POINT('',(0.0666856117146465,-0.138866977476327,0.));
#15523=CARTESIAN_POINT('Ctrl Pts',(0.0638972773257565,-0.163243039976327,
0.));
#15524=CARTESIAN_POINT('Ctrl Pts',(0.0650824303896465,-0.158905601920827,
0.));
#15525=CARTESIAN_POINT('Ctrl Pts',(0.0663265297979765,-0.148030027476327,
0.));
#15526=CARTESIAN_POINT('Ctrl Pts',(0.0666856117146465,-0.138866977476327,
0.));
#15527=CARTESIAN_POINT('Ctrl Pts',(0.0666856117146465,-0.138866977476327,
0.0015));
#15528=CARTESIAN_POINT('Ctrl Pts',(0.0666856117146465,-0.138866977476327,
-0.0003));
#15529=CARTESIAN_POINT('Ctrl Pts',(0.0672752317924215,-0.123823651087327,
0.0015));
#15530=CARTESIAN_POINT('Ctrl Pts',(0.0672752317924215,-0.123823651087327,
-0.0003));
#15531=CARTESIAN_POINT('Ctrl Pts',(0.0670257148924215,-0.121247032753827,
0.0015));
#15532=CARTESIAN_POINT('Ctrl Pts',(0.0670257148924215,-0.121247032753827,
-0.0003));
#15533=CARTESIAN_POINT('Ctrl Pts',(0.0639366967146465,-0.110478491087327,
0.0015));
#15534=CARTESIAN_POINT('Ctrl Pts',(0.0639366967146465,-0.110478491087327,
-0.0003));
#15535=CARTESIAN_POINT('',(0.0639366967146465,-0.110478491087327,0.0015));
#15536=CARTESIAN_POINT('Ctrl Pts',(0.0666856117146465,-0.138866977476327,
0.0015));
#15537=CARTESIAN_POINT('Ctrl Pts',(0.0672752317924215,-0.123823651087327,
0.0015));
#15538=CARTESIAN_POINT('Ctrl Pts',(0.0670257148924215,-0.121247032753827,
0.0015));
#15539=CARTESIAN_POINT('Ctrl Pts',(0.0639366967146465,-0.110478491087327,
0.0015));
#15540=CARTESIAN_POINT('',(0.0639366967146465,-0.110478491087327,0.));
#15541=CARTESIAN_POINT('',(0.0639366967146465,-0.110478491087327,0.));
#15542=CARTESIAN_POINT('Ctrl Pts',(0.0666856117146465,-0.138866977476327,
0.));
#15543=CARTESIAN_POINT('Ctrl Pts',(0.0672752317924215,-0.123823651087327,
0.));
#15544=CARTESIAN_POINT('Ctrl Pts',(0.0670257148924215,-0.121247032753827,
0.));
#15545=CARTESIAN_POINT('Ctrl Pts',(0.0639366967146465,-0.110478491087327,
0.));
#15546=CARTESIAN_POINT('Ctrl Pts',(0.0639366967146465,-0.110478491087327,
0.0015));
#15547=CARTESIAN_POINT('Ctrl Pts',(0.0639366967146465,-0.110478491087327,
-0.0003));
#15548=CARTESIAN_POINT('Ctrl Pts',(0.0598580952424215,-0.096260100253827,
0.0015));
#15549=CARTESIAN_POINT('Ctrl Pts',(0.0598580952424215,-0.096260100253827,
-0.0003));
#15550=CARTESIAN_POINT('Ctrl Pts',(0.0542617167702015,-0.084825866920827,
0.0015));
#15551=CARTESIAN_POINT('Ctrl Pts',(0.0542617167702015,-0.084825866920827,
-0.0003));
#15552=CARTESIAN_POINT('Ctrl Pts',(0.043723165047979,-0.069183418031827,
0.0015));
#15553=CARTESIAN_POINT('Ctrl Pts',(0.043723165047979,-0.069183418031827,
-0.0003));
#15554=CARTESIAN_POINT('',(0.043723165047979,-0.069183418031827,0.0015));
#15555=CARTESIAN_POINT('Ctrl Pts',(0.0639366967146465,-0.110478491087327,
0.0015));
#15556=CARTESIAN_POINT('Ctrl Pts',(0.0598580952424215,-0.096260100253827,
0.0015));
#15557=CARTESIAN_POINT('Ctrl Pts',(0.0542617167702015,-0.084825866920827,
0.0015));
#15558=CARTESIAN_POINT('Ctrl Pts',(0.043723165047979,-0.069183418031827,
0.0015));
#15559=CARTESIAN_POINT('',(0.043723165047979,-0.069183418031827,0.));
#15560=CARTESIAN_POINT('',(0.043723165047979,-0.069183418031827,0.));
#15561=CARTESIAN_POINT('Ctrl Pts',(0.0639366967146465,-0.110478491087327,
0.));
#15562=CARTESIAN_POINT('Ctrl Pts',(0.0598580952424215,-0.096260100253827,
0.));
#15563=CARTESIAN_POINT('Ctrl Pts',(0.0542617167702015,-0.084825866920827,
0.));
#15564=CARTESIAN_POINT('Ctrl Pts',(0.043723165047979,-0.069183418031827,
0.));
#15565=CARTESIAN_POINT('Ctrl Pts',(0.043723165047979,-0.069183418031827,
0.0015));
#15566=CARTESIAN_POINT('Ctrl Pts',(0.043723165047979,-0.069183418031827,
-0.0003));
#15567=CARTESIAN_POINT('Ctrl Pts',(0.0347788796035365,-0.055906132476217,
0.0015));
#15568=CARTESIAN_POINT('Ctrl Pts',(0.0347788796035365,-0.055906132476217,
-0.0003));
#15569=CARTESIAN_POINT('Ctrl Pts',(0.0262193900479815,-0.046271877198437,
0.0015));
#15570=CARTESIAN_POINT('Ctrl Pts',(0.0262193900479815,-0.046271877198437,
-0.0003));
#15571=CARTESIAN_POINT('Ctrl Pts',(-0.0108008982853335,-0.00780403580954695,
0.0015));
#15572=CARTESIAN_POINT('Ctrl Pts',(-0.0108008982853335,-0.00780403580954695,
-0.0003));
#15573=CARTESIAN_POINT('',(-0.0108008982853335,-0.00780403580954695,0.0015));
#15574=CARTESIAN_POINT('Ctrl Pts',(0.043723165047979,-0.069183418031827,
0.0015));
#15575=CARTESIAN_POINT('Ctrl Pts',(0.0347788796035365,-0.055906132476217,
0.0015));
#15576=CARTESIAN_POINT('Ctrl Pts',(0.0262193900479815,-0.046271877198437,
0.0015));
#15577=CARTESIAN_POINT('Ctrl Pts',(-0.0108008982853335,-0.00780403580954695,
0.0015));
#15578=CARTESIAN_POINT('',(-0.0108008982853335,-0.00780403580954695,0.));
#15579=CARTESIAN_POINT('',(-0.0108008982853335,-0.00780403580954695,0.));
#15580=CARTESIAN_POINT('Ctrl Pts',(0.043723165047979,-0.069183418031827,
0.));
#15581=CARTESIAN_POINT('Ctrl Pts',(0.0347788796035365,-0.055906132476217,
0.));
#15582=CARTESIAN_POINT('Ctrl Pts',(0.0262193900479815,-0.046271877198437,
0.));
#15583=CARTESIAN_POINT('Ctrl Pts',(-0.0108008982853335,-0.00780403580954695,
0.));
#15584=CARTESIAN_POINT('Ctrl Pts',(-0.0108008982853335,-0.00780403580954695,
0.0015));
#15585=CARTESIAN_POINT('Ctrl Pts',(-0.0108008982853335,-0.00780403580954695,
-0.0003));
#15586=CARTESIAN_POINT('Ctrl Pts',(-0.0469127132853335,0.0297187844682281,
0.0015));
#15587=CARTESIAN_POINT('Ctrl Pts',(-0.0469127132853335,0.0297187844682281,
-0.0003));
#15588=CARTESIAN_POINT('Ctrl Pts',(-0.0872692916188335,0.0748357108571731,
0.0015));
#15589=CARTESIAN_POINT('Ctrl Pts',(-0.0872692916188335,0.0748357108571731,
-0.0003));
#15590=CARTESIAN_POINT('Ctrl Pts',(-0.0978485680073335,0.089512254190673,
0.0015));
#15591=CARTESIAN_POINT('Ctrl Pts',(-0.0978485680073335,0.089512254190673,
-0.0003));
#15592=CARTESIAN_POINT('',(-0.0978485680073335,0.089512254190673,0.0015));
#15593=CARTESIAN_POINT('Ctrl Pts',(-0.0108008982853335,-0.00780403580954695,
0.0015));
#15594=CARTESIAN_POINT('Ctrl Pts',(-0.0469127132853335,0.0297187844682281,
0.0015));
#15595=CARTESIAN_POINT('Ctrl Pts',(-0.0872692916188335,0.0748357108571731,
0.0015));
#15596=CARTESIAN_POINT('Ctrl Pts',(-0.0978485680073335,0.089512254190673,
0.0015));
#15597=CARTESIAN_POINT('',(-0.0978485680073335,0.089512254190673,0.));
#15598=CARTESIAN_POINT('',(-0.0978485680073335,0.089512254190673,0.));
#15599=CARTESIAN_POINT('Ctrl Pts',(-0.0108008982853335,-0.00780403580954695,
0.));
#15600=CARTESIAN_POINT('Ctrl Pts',(-0.0469127132853335,0.0297187844682281,
0.));
#15601=CARTESIAN_POINT('Ctrl Pts',(-0.0872692916188335,0.0748357108571731,
0.));
#15602=CARTESIAN_POINT('Ctrl Pts',(-0.0978485680073335,0.089512254190673,
0.));
#15603=CARTESIAN_POINT('Ctrl Pts',(-0.0978485680073335,0.089512254190673,
0.0015));
#15604=CARTESIAN_POINT('Ctrl Pts',(-0.0978485680073335,0.089512254190673,
-0.0003));
#15605=CARTESIAN_POINT('Ctrl Pts',(-0.108641257313334,0.104483790301673,
0.0015));
#15606=CARTESIAN_POINT('Ctrl Pts',(-0.108641257313334,0.104483790301673,
-0.0003));
#15607=CARTESIAN_POINT('Ctrl Pts',(-0.119937783840833,0.126912378357173,
0.0015));
#15608=CARTESIAN_POINT('Ctrl Pts',(-0.119937783840833,0.126912378357173,
-0.0003));
#15609=CARTESIAN_POINT('Ctrl Pts',(-0.123724394674334,0.140887987523673,
0.0015));
#15610=CARTESIAN_POINT('Ctrl Pts',(-0.123724394674334,0.140887987523673,
-0.0003));
#15611=CARTESIAN_POINT('',(-0.123724394674334,0.140887987523673,0.0015));
#15612=CARTESIAN_POINT('Ctrl Pts',(-0.0978485680073335,0.089512254190673,
0.0015));
#15613=CARTESIAN_POINT('Ctrl Pts',(-0.108641257313333,0.104483790301673,
0.0015));
#15614=CARTESIAN_POINT('Ctrl Pts',(-0.119937783840833,0.126912378357173,
0.0015));
#15615=CARTESIAN_POINT('Ctrl Pts',(-0.123724394674333,0.140887987523673,
0.0015));
#15616=CARTESIAN_POINT('',(-0.123724394674334,0.140887987523673,0.));
#15617=CARTESIAN_POINT('',(-0.123724394674334,0.140887987523673,0.));
#15618=CARTESIAN_POINT('Ctrl Pts',(-0.0978485680073335,0.0895122541906731,
-2.71050543121376E-19));
#15619=CARTESIAN_POINT('Ctrl Pts',(-0.108641257313333,0.104483790301673,
-2.71050543121376E-19));
#15620=CARTESIAN_POINT('Ctrl Pts',(-0.119937783840833,0.126912378357173,
-2.71050543121376E-19));
#15621=CARTESIAN_POINT('Ctrl Pts',(-0.123724394674333,0.140887987523673,
-2.71050543121376E-19));
#15622=CARTESIAN_POINT('Ctrl Pts',(-0.123724394674334,0.140887987523673,
0.0015));
#15623=CARTESIAN_POINT('Ctrl Pts',(-0.123724394674334,0.140887987523673,
-0.0003));
#15624=CARTESIAN_POINT('Ctrl Pts',(-0.125844426840833,0.148712214107173,
0.0015));
#15625=CARTESIAN_POINT('Ctrl Pts',(-0.125844426840833,0.148712214107173,
-0.0003));
#15626=CARTESIAN_POINT('Ctrl Pts',(-0.126560763285334,0.155093325579173,
0.0015));
#15627=CARTESIAN_POINT('Ctrl Pts',(-0.126560763285334,0.155093325579173,
-0.0003));
#15628=CARTESIAN_POINT('Ctrl Pts',(-0.126581517201833,0.166340904190673,
0.0015));
#15629=CARTESIAN_POINT('Ctrl Pts',(-0.126581517201833,0.166340904190673,
-0.0003));
#15630=CARTESIAN_POINT('',(-0.126581517201833,0.166340904190673,0.0015));
#15631=CARTESIAN_POINT('Ctrl Pts',(-0.123724394674334,0.140887987523673,
0.0015));
#15632=CARTESIAN_POINT('Ctrl Pts',(-0.125844426840833,0.148712214107173,
0.0015));
#15633=CARTESIAN_POINT('Ctrl Pts',(-0.126560763285334,0.155093325579173,
0.0015));
#15634=CARTESIAN_POINT('Ctrl Pts',(-0.126581517201833,0.166340904190673,
0.0015));
#15635=CARTESIAN_POINT('',(-0.126581517201833,0.166340904190673,0.));
#15636=CARTESIAN_POINT('',(-0.126581517201833,0.166340904190673,0.));
#15637=CARTESIAN_POINT('Ctrl Pts',(-0.123724394674334,0.140887987523673,
0.));
#15638=CARTESIAN_POINT('Ctrl Pts',(-0.125844426840833,0.148712214107173,
0.));
#15639=CARTESIAN_POINT('Ctrl Pts',(-0.126560763285334,0.155093325579173,
0.));
#15640=CARTESIAN_POINT('Ctrl Pts',(-0.126581517201833,0.166340904190673,
0.));
#15641=CARTESIAN_POINT('Ctrl Pts',(-0.126581517201833,0.166340904190673,
0.0015));
#15642=CARTESIAN_POINT('Ctrl Pts',(-0.126581517201833,0.166340904190673,
-0.0003));
#15643=CARTESIAN_POINT('Ctrl Pts',(-0.126606709063334,0.179911877246173,
0.0015));
#15644=CARTESIAN_POINT('Ctrl Pts',(-0.126606709063334,0.179911877246173,
-0.0003));
#15645=CARTESIAN_POINT('Ctrl Pts',(-0.125835485688334,0.184920228079173,
0.0015));
#15646=CARTESIAN_POINT('Ctrl Pts',(-0.125835485688334,0.184920228079173,
-0.0003));
#15647=CARTESIAN_POINT('Ctrl Pts',(-0.118541136618834,0.218552015301673,
0.0015));
#15648=CARTESIAN_POINT('Ctrl Pts',(-0.118541136618834,0.218552015301673,
-0.0003));
#15649=CARTESIAN_POINT('',(-0.118541136618834,0.218552015301673,0.0015));
#15650=CARTESIAN_POINT('Ctrl Pts',(-0.126581517201833,0.166340904190673,
0.0015));
#15651=CARTESIAN_POINT('Ctrl Pts',(-0.126606709063334,0.179911877246173,
0.0015));
#15652=CARTESIAN_POINT('Ctrl Pts',(-0.125835485688334,0.184920228079173,
0.0015));
#15653=CARTESIAN_POINT('Ctrl Pts',(-0.118541136618834,0.218552015301673,
0.0015));
#15654=CARTESIAN_POINT('',(-0.118541136618834,0.218552015301673,0.));
#15655=CARTESIAN_POINT('',(-0.118541136618834,0.218552015301673,0.));
#15656=CARTESIAN_POINT('Ctrl Pts',(-0.126581517201833,0.166340904190673,
0.));
#15657=CARTESIAN_POINT('Ctrl Pts',(-0.126606709063334,0.179911877246173,
0.));
#15658=CARTESIAN_POINT('Ctrl Pts',(-0.125835485688334,0.184920228079173,
0.));
#15659=CARTESIAN_POINT('Ctrl Pts',(-0.118541136618834,0.218552015301673,
0.));
#15660=CARTESIAN_POINT('Ctrl Pts',(-0.118541136618834,0.218552015301673,
0.0015));
#15661=CARTESIAN_POINT('Ctrl Pts',(-0.118541136618834,0.218552015301673,
-0.0003));
#15662=CARTESIAN_POINT('Ctrl Pts',(-0.114103583757333,0.239012244468173,
0.0015));
#15663=CARTESIAN_POINT('Ctrl Pts',(-0.114103583757333,0.239012244468173,
-0.0003));
#15664=CARTESIAN_POINT('Ctrl Pts',(-0.109259828451834,0.259527295301673,
0.0015));
#15665=CARTESIAN_POINT('Ctrl Pts',(-0.109259828451834,0.259527295301673,
-0.0003));
#15666=CARTESIAN_POINT('Ctrl Pts',(-0.107777293951834,0.264142757523673,
0.0015));
#15667=CARTESIAN_POINT('Ctrl Pts',(-0.107777293951834,0.264142757523673,
-0.0003));
#15668=CARTESIAN_POINT('',(-0.107777293951834,0.264142757523673,0.0015));
#15669=CARTESIAN_POINT('Ctrl Pts',(-0.118541136618834,0.218552015301673,
0.0015));
#15670=CARTESIAN_POINT('Ctrl Pts',(-0.114103583757333,0.239012244468173,
0.0015));
#15671=CARTESIAN_POINT('Ctrl Pts',(-0.109259828451834,0.259527295301673,
0.0015));
#15672=CARTESIAN_POINT('Ctrl Pts',(-0.107777293951834,0.264142757523673,
0.0015));
#15673=CARTESIAN_POINT('',(-0.107777293951834,0.264142757523673,0.));
#15674=CARTESIAN_POINT('',(-0.107777293951834,0.264142757523673,0.));
#15675=CARTESIAN_POINT('Ctrl Pts',(-0.118541136618834,0.218552015301673,
0.));
#15676=CARTESIAN_POINT('Ctrl Pts',(-0.114103583757333,0.239012244468173,
0.));
#15677=CARTESIAN_POINT('Ctrl Pts',(-0.109259828451834,0.259527295301673,
0.));
#15678=CARTESIAN_POINT('Ctrl Pts',(-0.107777293951834,0.264142757523673,
0.));
#15679=CARTESIAN_POINT('Ctrl Pts',(-0.107777293951834,0.264142757523673,
0.0015));
#15680=CARTESIAN_POINT('Ctrl Pts',(-0.107777293951834,0.264142757523673,
-0.0003));
#15681=CARTESIAN_POINT('Ctrl Pts',(-0.0935758717298335,0.308344684190673,
0.0015));
#15682=CARTESIAN_POINT('Ctrl Pts',(-0.0935758717298335,0.308344684190673,
-0.0003));
#15683=CARTESIAN_POINT('Ctrl Pts',(-0.0555439931188335,0.346403973634673,
0.0015));
#15684=CARTESIAN_POINT('Ctrl Pts',(-0.0555439931188335,0.346403973634673,
-0.0003));
#15685=CARTESIAN_POINT('Ctrl Pts',(-0.0103631081188335,0.361624817801673,
0.0015));
#15686=CARTESIAN_POINT('Ctrl Pts',(-0.0103631081188335,0.361624817801673,
-0.0003));
#15687=CARTESIAN_POINT('',(-0.0103631081188335,0.361624817801673,0.0015));
#15688=CARTESIAN_POINT('Ctrl Pts',(-0.107777293951834,0.264142757523673,
0.0015));
#15689=CARTESIAN_POINT('Ctrl Pts',(-0.0935758717298335,0.308344684190673,
0.0015));
#15690=CARTESIAN_POINT('Ctrl Pts',(-0.0555439931188335,0.346403973634673,
0.0015));
#15691=CARTESIAN_POINT('Ctrl Pts',(-0.0103631081188335,0.361624817801673,
0.0015));
#15692=CARTESIAN_POINT('',(-0.0103631081188335,0.361624817801673,0.));
#15693=CARTESIAN_POINT('',(-0.0103631081188335,0.361624817801673,0.));
#15694=CARTESIAN_POINT('Ctrl Pts',(-0.107777293951834,0.264142757523673,
-2.71050543121376E-19));
#15695=CARTESIAN_POINT('Ctrl Pts',(-0.0935758717298335,0.308344684190673,
-2.71050543121376E-19));
#15696=CARTESIAN_POINT('Ctrl Pts',(-0.0555439931188335,0.346403973634673,
-2.71050543121376E-19));
#15697=CARTESIAN_POINT('Ctrl Pts',(-0.0103631081188335,0.361624817801673,
-2.71050543121376E-19));
#15698=CARTESIAN_POINT('Ctrl Pts',(-0.0103631081188335,0.361624817801673,
0.0015));
#15699=CARTESIAN_POINT('Ctrl Pts',(-0.0103631081188335,0.361624817801673,
-0.0003));
#15700=CARTESIAN_POINT('Ctrl Pts',(0.0104221352146465,0.368627110968173,
0.0015));
#15701=CARTESIAN_POINT('Ctrl Pts',(0.0104221352146465,0.368627110968173,
-0.0003));
#15702=CARTESIAN_POINT('Ctrl Pts',(0.00895369771464651,0.368564849218173,
0.0015));
#15703=CARTESIAN_POINT('Ctrl Pts',(0.00895369771464651,0.368564849218173,
-0.0003));
#15704=CARTESIAN_POINT('Ctrl Pts',(0.154597897436667,0.368613927662673,
0.0015));
#15705=CARTESIAN_POINT('Ctrl Pts',(0.154597897436667,0.368613927662673,
-0.0003));
#15706=CARTESIAN_POINT('',(0.154597897436667,0.368613927662673,0.0015));
#15707=CARTESIAN_POINT('Ctrl Pts',(-0.0103631081188335,0.361624817801673,
0.0015));
#15708=CARTESIAN_POINT('Ctrl Pts',(0.0104221352146465,0.368627110968173,
0.0015));
#15709=CARTESIAN_POINT('Ctrl Pts',(0.00895369771464651,0.368564849218173,
0.0015));
#15710=CARTESIAN_POINT('Ctrl Pts',(0.154597897436667,0.368613927662673,
0.0015));
#15711=CARTESIAN_POINT('',(0.154597897436667,0.368613927662673,0.));
#15712=CARTESIAN_POINT('',(0.154597897436667,0.368613927662673,0.));
#15713=CARTESIAN_POINT('Ctrl Pts',(-0.0103631081188335,0.361624817801673,
0.));
#15714=CARTESIAN_POINT('Ctrl Pts',(0.0104221352146465,0.368627110968173,
0.));
#15715=CARTESIAN_POINT('Ctrl Pts',(0.00895369771464651,0.368564849218173,
0.));
#15716=CARTESIAN_POINT('Ctrl Pts',(0.154597897436667,0.368613927662673,
0.));
#15717=CARTESIAN_POINT('Ctrl Pts',(0.154597897436667,0.368613927662673,
0.0015));
#15718=CARTESIAN_POINT('Ctrl Pts',(0.154597897436667,0.368613927662673,
-0.0003));
#15719=CARTESIAN_POINT('Ctrl Pts',(0.284031852436667,0.368657523940673,
0.0015));
#15720=CARTESIAN_POINT('Ctrl Pts',(0.284031852436667,0.368657523940673,
-0.0003));
#15721=CARTESIAN_POINT('Ctrl Pts',(0.290229311325667,0.368551665912673,
0.0015));
#15722=CARTESIAN_POINT('Ctrl Pts',(0.290229311325667,0.368551665912673,
-0.0003));
#15723=CARTESIAN_POINT('Ctrl Pts',(0.299666469659167,0.366137815718173,
0.0015));
#15724=CARTESIAN_POINT('Ctrl Pts',(0.299666469659167,0.366137815718173,
-0.0003));
#15725=CARTESIAN_POINT('',(0.299666469659167,0.366137815718173,0.0015));
#15726=CARTESIAN_POINT('Ctrl Pts',(0.154597897436667,0.368613927662673,
0.0015));
#15727=CARTESIAN_POINT('Ctrl Pts',(0.284031852436667,0.368657523940673,
0.0015));
#15728=CARTESIAN_POINT('Ctrl Pts',(0.290229311325667,0.368551665912673,
0.0015));
#15729=CARTESIAN_POINT('Ctrl Pts',(0.299666469659167,0.366137815718173,
0.0015));
#15730=CARTESIAN_POINT('',(0.299666469659167,0.366137815718173,0.));
#15731=CARTESIAN_POINT('',(0.299666469659167,0.366137815718173,0.));
#15732=CARTESIAN_POINT('Ctrl Pts',(0.154597897436667,0.368613927662673,
0.));
#15733=CARTESIAN_POINT('Ctrl Pts',(0.284031852436667,0.368657523940673,
0.));
#15734=CARTESIAN_POINT('Ctrl Pts',(0.290229311325667,0.368551665912673,
0.));
#15735=CARTESIAN_POINT('Ctrl Pts',(0.299666469659167,0.366137815718173,
0.));
#15736=CARTESIAN_POINT('Ctrl Pts',(0.299666469659167,0.366137815718173,
0.0015));
#15737=CARTESIAN_POINT('Ctrl Pts',(0.299666469659167,0.366137815718173,
-0.0003));
#15738=CARTESIAN_POINT('Ctrl Pts',(0.327096882159167,0.359122208718173,
0.0015));
#15739=CARTESIAN_POINT('Ctrl Pts',(0.327096882159167,0.359122208718173,
-0.0003));
#15740=CARTESIAN_POINT('Ctrl Pts',(0.346925356881167,0.340141903496173,
0.0015));
#15741=CARTESIAN_POINT('Ctrl Pts',(0.346925356881167,0.340141903496173,
-0.0003));
#15742=CARTESIAN_POINT('Ctrl Pts',(0.354985447159167,0.313185306829173,
0.0015));
#15743=CARTESIAN_POINT('Ctrl Pts',(0.354985447159167,0.313185306829173,
-0.0003));
#15744=CARTESIAN_POINT('',(0.354985447159167,0.313185306829173,0.0015));
#15745=CARTESIAN_POINT('Origin',(0.235192405022299,0.244813077887285,0.0015));
#15746=CARTESIAN_POINT('',(0.354985447159167,0.313185306829173,0.));
#15747=CARTESIAN_POINT('',(0.354985447159167,0.313185306829173,0.));
#15748=CARTESIAN_POINT('Origin',(0.235192405022299,0.244813077887285,0.));
#15749=CARTESIAN_POINT('Ctrl Pts',(0.354985447159167,0.313185306829173,
0.0015));
#15750=CARTESIAN_POINT('Ctrl Pts',(0.354985447159167,0.313185306829173,
-0.0003));
#15751=CARTESIAN_POINT('Ctrl Pts',(0.356598901020167,0.307788896912673,
0.0015));
#15752=CARTESIAN_POINT('Ctrl Pts',(0.356598901020167,0.307788896912673,
-0.0003));
#15753=CARTESIAN_POINT('Ctrl Pts',(0.357321502798167,0.301092038746173,
0.0015));
#15754=CARTESIAN_POINT('Ctrl Pts',(0.357321502798167,0.301092038746173,
-0.0003));
#15755=CARTESIAN_POINT('Ctrl Pts',(0.357309494242667,0.291648223496173,
0.0015));
#15756=CARTESIAN_POINT('Ctrl Pts',(0.357309494242667,0.291648223496173,
-0.0003));
#15757=CARTESIAN_POINT('',(0.357309494242667,0.291648223496173,0.0015));
#15758=CARTESIAN_POINT('Ctrl Pts',(0.354985447159167,0.313185306829173,
0.0015));
#15759=CARTESIAN_POINT('Ctrl Pts',(0.356598901020167,0.307788896912673,
0.0015));
#15760=CARTESIAN_POINT('Ctrl Pts',(0.357321502798167,0.301092038746173,
0.0015));
#15761=CARTESIAN_POINT('Ctrl Pts',(0.357309494242667,0.291648223496173,
0.0015));
#15762=CARTESIAN_POINT('',(0.357309494242667,0.291648223496173,0.));
#15763=CARTESIAN_POINT('',(0.357309494242667,0.291648223496173,0.));
#15764=CARTESIAN_POINT('Ctrl Pts',(0.354985447159167,0.313185306829173,
0.));
#15765=CARTESIAN_POINT('Ctrl Pts',(0.356598901020167,0.307788896912673,
0.));
#15766=CARTESIAN_POINT('Ctrl Pts',(0.357321502798167,0.301092038746173,
0.));
#15767=CARTESIAN_POINT('Ctrl Pts',(0.357309494242667,0.291648223496173,
0.));
#15768=CARTESIAN_POINT('Ctrl Pts',(0.357309494242667,0.291648223496173,
0.0015));
#15769=CARTESIAN_POINT('Ctrl Pts',(0.357309494242667,0.291648223496173,
-0.0003));
#15770=CARTESIAN_POINT('Ctrl Pts',(0.357293569853667,0.279145750829173,
0.0015));
#15771=CARTESIAN_POINT('Ctrl Pts',(0.357293569853667,0.279145750829173,
-0.0003));
#15772=CARTESIAN_POINT('Ctrl Pts',(0.356009933581167,0.271976382107173,
0.0015));
#15773=CARTESIAN_POINT('Ctrl Pts',(0.356009933581167,0.271976382107173,
-0.0003));
#15774=CARTESIAN_POINT('Ctrl Pts',(0.342685162020167,0.209965245440673,
0.0015));
#15775=CARTESIAN_POINT('Ctrl Pts',(0.342685162020167,0.209965245440673,
-0.0003));
#15776=CARTESIAN_POINT('',(0.342685162020167,0.209965245440673,0.0015));
#15777=CARTESIAN_POINT('Ctrl Pts',(0.357309494242667,0.291648223496173,
0.0015));
#15778=CARTESIAN_POINT('Ctrl Pts',(0.357293569853667,0.279145750829173,
0.0015));
#15779=CARTESIAN_POINT('Ctrl Pts',(0.356009933581167,0.271976382107173,
0.0015));
#15780=CARTESIAN_POINT('Ctrl Pts',(0.342685162020167,0.209965245440673,
0.0015));
#15781=CARTESIAN_POINT('',(0.342685162020167,0.209965245440673,0.));
#15782=CARTESIAN_POINT('',(0.342685162020167,0.209965245440673,0.));
#15783=CARTESIAN_POINT('Ctrl Pts',(0.357309494242667,0.291648223496173,
0.));
#15784=CARTESIAN_POINT('Ctrl Pts',(0.357293569853667,0.279145750829173,
0.));
#15785=CARTESIAN_POINT('Ctrl Pts',(0.356009933581167,0.271976382107173,
0.));
#15786=CARTESIAN_POINT('Ctrl Pts',(0.342685162020167,0.209965245440673,
0.));
#15787=CARTESIAN_POINT('Ctrl Pts',(0.342685162020167,0.209965245440673,
0.0015));
#15788=CARTESIAN_POINT('Ctrl Pts',(0.342685162020167,0.209965245440673,
-0.0003));
#15789=CARTESIAN_POINT('Ctrl Pts',(0.334651177298167,0.172576868773673,
0.0015));
#15790=CARTESIAN_POINT('Ctrl Pts',(0.334651177298167,0.172576868773673,
-0.0003));
#15791=CARTESIAN_POINT('Ctrl Pts',(0.328077798409167,0.141593490162673,
0.0015));
#15792=CARTESIAN_POINT('Ctrl Pts',(0.328077798409167,0.141593490162673,
-0.0003));
#15793=CARTESIAN_POINT('Ctrl Pts',(0.328077798409167,0.141111842662673,
0.0015));
#15794=CARTESIAN_POINT('Ctrl Pts',(0.328077798409167,0.141111842662673,
-0.0003));
#15795=CARTESIAN_POINT('',(0.328077798409167,0.141111842662673,0.0015));
#15796=CARTESIAN_POINT('Ctrl Pts',(0.342685162020167,0.209965245440673,
0.0015));
#15797=CARTESIAN_POINT('Ctrl Pts',(0.334651177298167,0.172576868773673,
0.0015));
#15798=CARTESIAN_POINT('Ctrl Pts',(0.328077798409167,0.141593490162673,
0.0015));
#15799=CARTESIAN_POINT('Ctrl Pts',(0.328077798409167,0.141111842662673,
0.0015));
#15800=CARTESIAN_POINT('',(0.328077798409167,0.141111842662673,0.));
#15801=CARTESIAN_POINT('',(0.328077798409167,0.141111842662673,0.));
#15802=CARTESIAN_POINT('Ctrl Pts',(0.342685162020167,0.209965245440673,
0.));
#15803=CARTESIAN_POINT('Ctrl Pts',(0.334651177298167,0.172576868773673,
0.));
#15804=CARTESIAN_POINT('Ctrl Pts',(0.328077798409167,0.141593490162673,
0.));
#15805=CARTESIAN_POINT('Ctrl Pts',(0.328077798409167,0.141111842662673,
0.));
#15806=CARTESIAN_POINT('Ctrl Pts',(0.328077798409167,0.141111842662673,
0.0015));
#15807=CARTESIAN_POINT('Ctrl Pts',(0.328077798409167,0.141111842662673,
-0.0003));
#15808=CARTESIAN_POINT('Ctrl Pts',(0.328077798409167,0.140630195162673,
0.0015));
#15809=CARTESIAN_POINT('Ctrl Pts',(0.328077798409167,0.140630195162673,
-0.0003));
#15810=CARTESIAN_POINT('Ctrl Pts',(0.283667027298167,0.140236288434673,
0.0015));
#15811=CARTESIAN_POINT('Ctrl Pts',(0.283667027298167,0.140236288434673,
-0.0003));
#15812=CARTESIAN_POINT('Ctrl Pts',(0.229388356186667,0.140236288434673,
0.0015));
#15813=CARTESIAN_POINT('Ctrl Pts',(0.229388356186667,0.140236288434673,
-0.0003));
#15814=CARTESIAN_POINT('',(0.229388356186667,0.140236288434673,0.0015));
#15815=CARTESIAN_POINT('Ctrl Pts',(0.328077798409167,0.141111842662673,
0.0015));
#15816=CARTESIAN_POINT('Ctrl Pts',(0.328077798409167,0.140630195162673,
0.0015));
#15817=CARTESIAN_POINT('Ctrl Pts',(0.283667027298167,0.140236288434673,
0.0015));
#15818=CARTESIAN_POINT('Ctrl Pts',(0.229388356186667,0.140236288434673,
0.0015));
#15819=CARTESIAN_POINT('',(0.229388356186667,0.140236288434673,0.));
#15820=CARTESIAN_POINT('',(0.229388356186667,0.140236288434673,0.));
#15821=CARTESIAN_POINT('Ctrl Pts',(0.328077798409167,0.141111842662673,
0.));
#15822=CARTESIAN_POINT('Ctrl Pts',(0.328077798409167,0.140630195162673,
0.));
#15823=CARTESIAN_POINT('Ctrl Pts',(0.283667027298167,0.140236288434673,
0.));
#15824=CARTESIAN_POINT('Ctrl Pts',(0.229388356186667,0.140236288434673,
0.));
#15825=CARTESIAN_POINT('Origin',(0.180043635075667,0.140236288434673,0.0015));
#15826=CARTESIAN_POINT('',(0.130698913964667,0.140236288434673,0.0015));
#15827=CARTESIAN_POINT('',(0.229388356186667,0.140236288434673,0.0015));
#15828=CARTESIAN_POINT('',(0.130698913964667,0.140236288434673,0.));
#15829=CARTESIAN_POINT('',(0.130698913964667,0.140236288434673,0.));
#15830=CARTESIAN_POINT('',(0.229388356186667,0.140236288434673,0.));
#15831=CARTESIAN_POINT('Origin',(0.131048656618917,0.141704725934673,0.0015));
#15832=CARTESIAN_POINT('',(0.131398399273167,0.143173163434673,0.0015));
#15833=CARTESIAN_POINT('',(0.130698913964667,0.140236288434673,0.0015));
#15834=CARTESIAN_POINT('',(0.131398399273167,0.143173163434673,0.));
#15835=CARTESIAN_POINT('',(0.131398399273167,0.143173163434673,0.));
#15836=CARTESIAN_POINT('',(0.130698913964667,0.140236288434673,0.));
#15837=CARTESIAN_POINT('Ctrl Pts',(0.131398399273167,0.143173163434673,
0.0015));
#15838=CARTESIAN_POINT('Ctrl Pts',(0.131398399273167,0.143173163434673,
-0.0003));
#15839=CARTESIAN_POINT('Ctrl Pts',(0.131783116845167,0.144788444684673,
0.0015));
#15840=CARTESIAN_POINT('Ctrl Pts',(0.131783116845167,0.144788444684673,
-0.0003));
#15841=CARTESIAN_POINT('Ctrl Pts',(0.136640133773166,0.168909325379173,
0.0015));
#15842=CARTESIAN_POINT('Ctrl Pts',(0.136640133773166,0.168909325379173,
-0.0003));
#15843=CARTESIAN_POINT('Ctrl Pts',(0.142191610689667,0.196774395379173,
0.0015));
#15844=CARTESIAN_POINT('Ctrl Pts',(0.142191610689667,0.196774395379173,
-0.0003));
#15845=CARTESIAN_POINT('',(0.142191610689667,0.196774395379173,0.0015));
#15846=CARTESIAN_POINT('Ctrl Pts',(0.131398399273167,0.143173163434673,
0.0015));
#15847=CARTESIAN_POINT('Ctrl Pts',(0.131783116845167,0.144788444684673,
0.0015));
#15848=CARTESIAN_POINT('Ctrl Pts',(0.136640133773166,0.168909325379173,
0.0015));
#15849=CARTESIAN_POINT('Ctrl Pts',(0.142191610689667,0.196774395379173,
0.0015));
#15850=CARTESIAN_POINT('',(0.142191610689667,0.196774395379173,0.));
#15851=CARTESIAN_POINT('',(0.142191610689667,0.196774395379173,0.));
#15852=CARTESIAN_POINT('Ctrl Pts',(0.131398399273167,0.143173163434673,
0.));
#15853=CARTESIAN_POINT('Ctrl Pts',(0.131783116845167,0.144788444684673,
0.));
#15854=CARTESIAN_POINT('Ctrl Pts',(0.136640133773166,0.168909325379173,
0.));
#15855=CARTESIAN_POINT('Ctrl Pts',(0.142191610689667,0.196774395379173,
0.));
#15856=CARTESIAN_POINT('Ctrl Pts',(0.142191610689667,0.196774395379173,
0.0015));
#15857=CARTESIAN_POINT('Ctrl Pts',(0.142191610689667,0.196774395379173,
-0.0003));
#15858=CARTESIAN_POINT('Ctrl Pts',(0.153518028078667,0.253625768990673,
0.0015));
#15859=CARTESIAN_POINT('Ctrl Pts',(0.153518028078667,0.253625768990673,
-0.0003));
#15860=CARTESIAN_POINT('Ctrl Pts',(0.153575982411667,0.254783550379173,
0.0015));
#15861=CARTESIAN_POINT('Ctrl Pts',(0.153575982411667,0.254783550379173,
-0.0003));
#15862=CARTESIAN_POINT('Ctrl Pts',(0.145339940689667,0.259605246490673,
0.0015));
#15863=CARTESIAN_POINT('Ctrl Pts',(0.145339940689667,0.259605246490673,
-0.0003));
#15864=CARTESIAN_POINT('',(0.145339940689667,0.259605246490673,0.0015));
#15865=CARTESIAN_POINT('Ctrl Pts',(0.142191610689667,0.196774395379173,
0.0015));
#15866=CARTESIAN_POINT('Ctrl Pts',(0.153518028078667,0.253625768990673,
0.0015));
#15867=CARTESIAN_POINT('Ctrl Pts',(0.153575982411667,0.254783550379173,
0.0015));
#15868=CARTESIAN_POINT('Ctrl Pts',(0.145339940689667,0.259605246490673,
0.0015));
#15869=CARTESIAN_POINT('',(0.145339940689667,0.259605246490673,0.));
#15870=CARTESIAN_POINT('',(0.145339940689667,0.259605246490673,0.));
#15871=CARTESIAN_POINT('Ctrl Pts',(0.142191610689667,0.196774395379173,
0.));
#15872=CARTESIAN_POINT('Ctrl Pts',(0.153518028078667,0.253625768990673,
0.));
#15873=CARTESIAN_POINT('Ctrl Pts',(0.153575982411667,0.254783550379173,
0.));
#15874=CARTESIAN_POINT('Ctrl Pts',(0.145339940689667,0.259605246490673,
0.));
#15875=CARTESIAN_POINT('Ctrl Pts',(0.145339940689667,0.259605246490673,
0.0015));
#15876=CARTESIAN_POINT('Ctrl Pts',(0.145339940689667,0.259605246490673,
-0.0003));
#15877=CARTESIAN_POINT('Ctrl Pts',(0.141329344189667,0.261953441212673,
0.0015));
#15878=CARTESIAN_POINT('Ctrl Pts',(0.141329344189667,0.261953441212673,
-0.0003));
#15879=CARTESIAN_POINT('Ctrl Pts',(0.138619848578667,0.262272842684673,
0.0015));
#15880=CARTESIAN_POINT('Ctrl Pts',(0.138619848578667,0.262272842684673,
-0.0003));
#15881=CARTESIAN_POINT('Ctrl Pts',(0.123150218467667,0.262221936851673,
0.0015));
#15882=CARTESIAN_POINT('Ctrl Pts',(0.123150218467667,0.262221936851673,
-0.0003));
#15883=CARTESIAN_POINT('',(0.123150218467667,0.262221936851673,0.0015));
#15884=CARTESIAN_POINT('Ctrl Pts',(0.145339940689667,0.259605246490673,
0.0015));
#15885=CARTESIAN_POINT('Ctrl Pts',(0.141329344189667,0.261953441212673,
0.0015));
#15886=CARTESIAN_POINT('Ctrl Pts',(0.138619848578667,0.262272842684673,
0.0015));
#15887=CARTESIAN_POINT('Ctrl Pts',(0.123150218467667,0.262221936851673,
0.0015));
#15888=CARTESIAN_POINT('',(0.123150218467667,0.262221936851673,0.));
#15889=CARTESIAN_POINT('',(0.123150218467667,0.262221936851673,0.));
#15890=CARTESIAN_POINT('Ctrl Pts',(0.145339940689667,0.259605246490673,
0.));
#15891=CARTESIAN_POINT('Ctrl Pts',(0.141329344189667,0.261953441212673,
0.));
#15892=CARTESIAN_POINT('Ctrl Pts',(0.138619848578667,0.262272842684673,
0.));
#15893=CARTESIAN_POINT('Ctrl Pts',(0.123150218467667,0.262221936851673,
0.));
#15894=CARTESIAN_POINT('Ctrl Pts',(0.123150218467667,0.262221936851673,
0.0015));
#15895=CARTESIAN_POINT('Ctrl Pts',(0.123150218467667,0.262221936851673,
-0.0003));
#15896=CARTESIAN_POINT('Ctrl Pts',(0.107635686800667,0.262170900490673,
0.0015));
#15897=CARTESIAN_POINT('Ctrl Pts',(0.107635686800667,0.262170900490673,
-0.0003));
#15898=CARTESIAN_POINT('Ctrl Pts',(0.104878940134167,0.261823291965673,
0.0015));
#15899=CARTESIAN_POINT('Ctrl Pts',(0.104878940134167,0.261823291965673,
-0.0003));
#15900=CARTESIAN_POINT('Ctrl Pts',(0.100091181245167,0.259314561129173,
0.0015));
#15901=CARTESIAN_POINT('Ctrl Pts',(0.100091181245167,0.259314561129173,
-0.0003));
#15902=CARTESIAN_POINT('',(0.100091181245167,0.259314561129173,0.0015));
#15903=CARTESIAN_POINT('Ctrl Pts',(0.123150218467667,0.262221936851673,
0.0015));
#15904=CARTESIAN_POINT('Ctrl Pts',(0.107635686800667,0.262170900490673,
0.0015));
#15905=CARTESIAN_POINT('Ctrl Pts',(0.104878940134167,0.261823291965673,
0.0015));
#15906=CARTESIAN_POINT('Ctrl Pts',(0.100091181245167,0.259314561129173,
0.0015));
#15907=CARTESIAN_POINT('',(0.100091181245167,0.259314561129173,0.));
#15908=CARTESIAN_POINT('',(0.100091181245167,0.259314561129173,0.));
#15909=CARTESIAN_POINT('Ctrl Pts',(0.123150218467667,0.262221936851673,
0.));
#15910=CARTESIAN_POINT('Ctrl Pts',(0.107635686800667,0.262170900490673,
0.));
#15911=CARTESIAN_POINT('Ctrl Pts',(0.104878940134167,0.261823291965673,
0.));
#15912=CARTESIAN_POINT('Ctrl Pts',(0.100091181245167,0.259314561129173,
0.));
#15913=CARTESIAN_POINT('Ctrl Pts',(0.100091181245167,0.259314561129173,
0.0015));
#15914=CARTESIAN_POINT('Ctrl Pts',(0.100091181245167,0.259314561129173,
-0.0003));
#15915=CARTESIAN_POINT('Ctrl Pts',(0.0971005288007565,0.257747444629173,
0.0015));
#15916=CARTESIAN_POINT('Ctrl Pts',(0.0971005288007565,0.257747444629173,
-0.0003));
#15917=CARTESIAN_POINT('Ctrl Pts',(0.0933806176618665,0.254677431296173,
0.0015));
#15918=CARTESIAN_POINT('Ctrl Pts',(0.0933806176618665,0.254677431296173,
-0.0003));
#15919=CARTESIAN_POINT('Ctrl Pts',(0.0918247265507565,0.252492396296173,
0.0015));
#15920=CARTESIAN_POINT('Ctrl Pts',(0.0918247265507565,0.252492396296173,
-0.0003));
#15921=CARTESIAN_POINT('',(0.0918247265507565,0.252492396296173,0.0015));
#15922=CARTESIAN_POINT('Ctrl Pts',(0.100091181245167,0.259314561129173,
0.0015));
#15923=CARTESIAN_POINT('Ctrl Pts',(0.0971005288007565,0.257747444629173,
0.0015));
#15924=CARTESIAN_POINT('Ctrl Pts',(0.0933806176618665,0.254677431296173,
0.0015));
#15925=CARTESIAN_POINT('Ctrl Pts',(0.0918247265507565,0.252492396296173,
0.0015));
#15926=CARTESIAN_POINT('',(0.0918247265507565,0.252492396296173,0.));
#15927=CARTESIAN_POINT('',(0.0918247265507565,0.252492396296173,0.));
#15928=CARTESIAN_POINT('Ctrl Pts',(0.100091181245167,0.259314561129173,
0.));
#15929=CARTESIAN_POINT('Ctrl Pts',(0.0971005288007565,0.257747444629173,
0.));
#15930=CARTESIAN_POINT('Ctrl Pts',(0.0933806176618665,0.254677431296173,
0.));
#15931=CARTESIAN_POINT('Ctrl Pts',(0.0918247265507565,0.252492396296173,
0.));
#15932=CARTESIAN_POINT('Ctrl Pts',(0.0918247265507565,0.252492396296173,
0.0015));
#15933=CARTESIAN_POINT('Ctrl Pts',(0.0918247265507565,0.252492396296173,
-0.0003));
#15934=CARTESIAN_POINT('Ctrl Pts',(0.0852496508007565,0.243258469712673,
0.0015));
#15935=CARTESIAN_POINT('Ctrl Pts',(0.0852496508007565,0.243258469712673,
-0.0003));
#15936=CARTESIAN_POINT('Ctrl Pts',(0.0800536010229765,0.220825052129173,
0.0015));
#15937=CARTESIAN_POINT('Ctrl Pts',(0.0800536010229765,0.220825052129173,
-0.0003));
#15938=CARTESIAN_POINT('Ctrl Pts',(0.0801222586340915,0.201966398796173,
0.0015));
#15939=CARTESIAN_POINT('Ctrl Pts',(0.0801222586340915,0.201966398796173,
-0.0003));
#15940=CARTESIAN_POINT('',(0.0801222586340915,0.201966398796173,0.0015));
#15941=CARTESIAN_POINT('Ctrl Pts',(0.0918247265507565,0.252492396296173,
0.0015));
#15942=CARTESIAN_POINT('Ctrl Pts',(0.0852496508007565,0.243258469712673,
0.0015));
#15943=CARTESIAN_POINT('Ctrl Pts',(0.0800536010229765,0.220825052129173,
0.0015));
#15944=CARTESIAN_POINT('Ctrl Pts',(0.0801222586340915,0.201966398796173,
0.0015));
#15945=CARTESIAN_POINT('',(0.0801222586340915,0.201966398796173,0.));
#15946=CARTESIAN_POINT('',(0.0801222586340915,0.201966398796173,0.));
#15947=CARTESIAN_POINT('Ctrl Pts',(0.0918247265507565,0.252492396296173,
-2.71050543121376E-19));
#15948=CARTESIAN_POINT('Ctrl Pts',(0.0852496508007565,0.243258469712673,
-2.71050543121376E-19));
#15949=CARTESIAN_POINT('Ctrl Pts',(0.0800536010229765,0.220825052129173,
-2.71050543121376E-19));
#15950=CARTESIAN_POINT('Ctrl Pts',(0.0801222586340915,0.201966398796173,
-2.71050543121376E-19));
#15951=CARTESIAN_POINT('Ctrl Pts',(0.0801222586340915,0.201966398796173,
0.0015));
#15952=CARTESIAN_POINT('Ctrl Pts',(0.0801222586340915,0.201966398796173,
-0.0003));
#15953=CARTESIAN_POINT('Ctrl Pts',(0.0801928741618665,0.182560834073673,
0.0015));
#15954=CARTESIAN_POINT('Ctrl Pts',(0.0801928741618665,0.182560834073673,
-0.0003));
#15955=CARTESIAN_POINT('Ctrl Pts',(0.0841369014952015,0.169211758240673,
0.0015));
#15956=CARTESIAN_POINT('Ctrl Pts',(0.0841369014952015,0.169211758240673,
-0.0003));
#15957=CARTESIAN_POINT('Ctrl Pts',(0.0958195291896465,0.148837677407173,
0.0015));
#15958=CARTESIAN_POINT('Ctrl Pts',(0.0958195291896465,0.148837677407173,
-0.0003));
#15959=CARTESIAN_POINT('',(0.0958195291896465,0.148837677407173,0.0015));
#15960=CARTESIAN_POINT('Ctrl Pts',(0.0801222586340915,0.201966398796173,
0.0015));
#15961=CARTESIAN_POINT('Ctrl Pts',(0.0801928741618665,0.182560834073673,
0.0015));
#15962=CARTESIAN_POINT('Ctrl Pts',(0.0841369014952015,0.169211758240673,
0.0015));
#15963=CARTESIAN_POINT('Ctrl Pts',(0.0958195291896465,0.148837677407173,
0.0015));
#15964=CARTESIAN_POINT('',(0.0958195291896465,0.148837677407173,0.));
#15965=CARTESIAN_POINT('',(0.0958195291896465,0.148837677407173,0.));
#15966=CARTESIAN_POINT('Ctrl Pts',(0.0801222586340915,0.201966398796173,
0.));
#15967=CARTESIAN_POINT('Ctrl Pts',(0.0801928741618665,0.182560834073673,
0.));
#15968=CARTESIAN_POINT('Ctrl Pts',(0.0841369014952015,0.169211758240673,
0.));
#15969=CARTESIAN_POINT('Ctrl Pts',(0.0958195291896465,0.148837677407173,
0.));
#15970=CARTESIAN_POINT('Ctrl Pts',(0.0958195291896465,0.148837677407173,
0.0015));
#15971=CARTESIAN_POINT('Ctrl Pts',(0.0958195291896465,0.148837677407173,
-0.0003));
#15972=CARTESIAN_POINT('Ctrl Pts',(0.107394210411667,0.128651556573673,
0.0015));
#15973=CARTESIAN_POINT('Ctrl Pts',(0.107394210411667,0.128651556573673,
-0.0003));
#15974=CARTESIAN_POINT('Ctrl Pts',(0.111944930856167,0.123239874907173,
0.0015));
#15975=CARTESIAN_POINT('Ctrl Pts',(0.111944930856167,0.123239874907173,
-0.0003));
#15976=CARTESIAN_POINT('Ctrl Pts',(0.155180951967667,0.0782365076846731,
0.0015));
#15977=CARTESIAN_POINT('Ctrl Pts',(0.155180951967667,0.0782365076846731,
-0.0003));
#15978=CARTESIAN_POINT('',(0.155180951967667,0.0782365076846731,0.0015));
#15979=CARTESIAN_POINT('Ctrl Pts',(0.0958195291896465,0.148837677407173,
0.0015));
#15980=CARTESIAN_POINT('Ctrl Pts',(0.107394210411667,0.128651556573673,
0.0015));
#15981=CARTESIAN_POINT('Ctrl Pts',(0.111944930856167,0.123239874907173,
0.0015));
#15982=CARTESIAN_POINT('Ctrl Pts',(0.155180951967667,0.0782365076846731,
0.0015));
#15983=CARTESIAN_POINT('',(0.155180951967667,0.0782365076846731,0.));
#15984=CARTESIAN_POINT('',(0.155180951967667,0.0782365076846731,0.));
#15985=CARTESIAN_POINT('Ctrl Pts',(0.0958195291896465,0.148837677407173,
0.));
#15986=CARTESIAN_POINT('Ctrl Pts',(0.107394210411667,0.128651556573673,
0.));
#15987=CARTESIAN_POINT('Ctrl Pts',(0.111944930856167,0.123239874907173,
0.));
#15988=CARTESIAN_POINT('Ctrl Pts',(0.155180951967667,0.0782365076846731,
0.));
#15989=CARTESIAN_POINT('Ctrl Pts',(0.155180951967667,0.0782365076846731,
0.0015));
#15990=CARTESIAN_POINT('Ctrl Pts',(0.155180951967667,0.0782365076846731,
-0.0003));
#15991=CARTESIAN_POINT('Ctrl Pts',(0.187604051967667,0.0444885507406731,
0.0015));
#15992=CARTESIAN_POINT('Ctrl Pts',(0.187604051967667,0.0444885507406731,
-0.0003));
#15993=CARTESIAN_POINT('Ctrl Pts',(0.227554688911667,0.000453699629338049,
0.0015));
#15994=CARTESIAN_POINT('Ctrl Pts',(0.227554688911667,0.000453699629338049,
-0.0003));
#15995=CARTESIAN_POINT('Ctrl Pts',(0.239176882245167,-0.0143481503706595,
0.0015));
#15996=CARTESIAN_POINT('Ctrl Pts',(0.239176882245167,-0.0143481503706595,
-0.0003));
#15997=CARTESIAN_POINT('',(0.239176882245167,-0.0143481503706595,0.0015));
#15998=CARTESIAN_POINT('Ctrl Pts',(0.155180951967667,0.0782365076846731,
0.0015));
#15999=CARTESIAN_POINT('Ctrl Pts',(0.187604051967667,0.0444885507406731,
0.0015));
#16000=CARTESIAN_POINT('Ctrl Pts',(0.227554688911667,0.000453699629338049,
0.0015));
#16001=CARTESIAN_POINT('Ctrl Pts',(0.239176882245167,-0.0143481503706595,
0.0015));
#16002=CARTESIAN_POINT('',(0.239176882245167,-0.0143481503706595,0.));
#16003=CARTESIAN_POINT('',(0.239176882245167,-0.0143481503706595,0.));
#16004=CARTESIAN_POINT('Ctrl Pts',(0.155180951967667,0.0782365076846731,
0.));
#16005=CARTESIAN_POINT('Ctrl Pts',(0.187604051967667,0.0444885507406731,
0.));
#16006=CARTESIAN_POINT('Ctrl Pts',(0.227554688911667,0.000453699629338049,
0.));
#16007=CARTESIAN_POINT('Ctrl Pts',(0.239176882245167,-0.0143481503706595,
0.));
#16008=CARTESIAN_POINT('Ctrl Pts',(0.239176882245167,-0.0143481503706595,
0.0015));
#16009=CARTESIAN_POINT('Ctrl Pts',(0.239176882245167,-0.0143481503706595,
-0.0003));
#16010=CARTESIAN_POINT('Ctrl Pts',(0.263598629467667,-0.045451614537327,
0.0015));
#16011=CARTESIAN_POINT('Ctrl Pts',(0.263598629467667,-0.045451614537327,
-0.0003));
#16012=CARTESIAN_POINT('Ctrl Pts',(0.275917841134167,-0.077058915926327,
0.0015));
#16013=CARTESIAN_POINT('Ctrl Pts',(0.275917841134167,-0.077058915926327,
-0.0003));
#16014=CARTESIAN_POINT('Ctrl Pts',(0.274060430856167,-0.103849742315327,
0.0015));
#16015=CARTESIAN_POINT('Ctrl Pts',(0.274060430856167,-0.103849742315327,
-0.0003));
#16016=CARTESIAN_POINT('',(0.274060430856167,-0.103849742315327,0.0015));
#16017=CARTESIAN_POINT('Origin',(0.096679625709333,-0.0328493595936539,
0.0015));
#16018=CARTESIAN_POINT('',(0.274060430856167,-0.103849742315327,0.));
#16019=CARTESIAN_POINT('',(0.274060430856167,-0.103849742315327,0.));
#16020=CARTESIAN_POINT('Origin',(0.096679625709333,-0.0328493595936539,
0.));
#16021=CARTESIAN_POINT('Ctrl Pts',(0.274060430856167,-0.103849742315327,
0.0015));
#16022=CARTESIAN_POINT('Ctrl Pts',(0.274060430856167,-0.103849742315327,
-0.0003));
#16023=CARTESIAN_POINT('Ctrl Pts',(0.273250009989667,-0.115541115370827,
0.0015));
#16024=CARTESIAN_POINT('Ctrl Pts',(0.273250009989667,-0.115541115370827,
-0.0003));
#16025=CARTESIAN_POINT('Ctrl Pts',(0.259450456689667,-0.182123334815327,
0.0015));
#16026=CARTESIAN_POINT('Ctrl Pts',(0.259450456689667,-0.182123334815327,
-0.0003));
#16027=CARTESIAN_POINT('Ctrl Pts',(0.254872847523167,-0.196430484537327,
0.0015));
#16028=CARTESIAN_POINT('Ctrl Pts',(0.254872847523167,-0.196430484537327,
-0.0003));
#16029=CARTESIAN_POINT('',(0.254872847523167,-0.196430484537327,0.0015));
#16030=CARTESIAN_POINT('Ctrl Pts',(0.274060430856167,-0.103849742315327,
0.0015));
#16031=CARTESIAN_POINT('Ctrl Pts',(0.273250009989667,-0.115541115370827,
0.0015));
#16032=CARTESIAN_POINT('Ctrl Pts',(0.259450456689667,-0.182123334815327,
0.0015));
#16033=CARTESIAN_POINT('Ctrl Pts',(0.254872847523167,-0.196430484537327,
0.0015));
#16034=CARTESIAN_POINT('',(0.254872847523167,-0.196430484537327,0.));
#16035=CARTESIAN_POINT('',(0.254872847523167,-0.196430484537327,0.));
#16036=CARTESIAN_POINT('Ctrl Pts',(0.274060430856167,-0.103849742315327,
0.));
#16037=CARTESIAN_POINT('Ctrl Pts',(0.273250009989667,-0.115541115370827,
0.));
#16038=CARTESIAN_POINT('Ctrl Pts',(0.259450456689667,-0.182123334815327,
0.));
#16039=CARTESIAN_POINT('Ctrl Pts',(0.254872847523167,-0.196430484537327,
0.));
#16040=CARTESIAN_POINT('Ctrl Pts',(0.254872847523167,-0.196430484537327,
0.0015));
#16041=CARTESIAN_POINT('Ctrl Pts',(0.254872847523167,-0.196430484537327,
-0.0003));
#16042=CARTESIAN_POINT('Ctrl Pts',(0.247700868245167,-0.218844714537327,
0.0015));
#16043=CARTESIAN_POINT('Ctrl Pts',(0.247700868245167,-0.218844714537327,
-0.0003));
#16044=CARTESIAN_POINT('Ctrl Pts',(0.235366776411667,-0.238530913981827,
0.0015));
#16045=CARTESIAN_POINT('Ctrl Pts',(0.235366776411667,-0.238530913981827,
-0.0003));
#16046=CARTESIAN_POINT('Ctrl Pts',(0.217194699189667,-0.256567242315327,
0.0015));
#16047=CARTESIAN_POINT('Ctrl Pts',(0.217194699189667,-0.256567242315327,
-0.0003));
#16048=CARTESIAN_POINT('',(0.217194699189667,-0.256567242315327,0.0015));
#16049=CARTESIAN_POINT('Ctrl Pts',(0.254872847523167,-0.196430484537327,
0.0015));
#16050=CARTESIAN_POINT('Ctrl Pts',(0.247700868245167,-0.218844714537327,
0.0015));
#16051=CARTESIAN_POINT('Ctrl Pts',(0.235366776411667,-0.238530913981827,
0.0015));
#16052=CARTESIAN_POINT('Ctrl Pts',(0.217194699189667,-0.256567242315327,
0.0015));
#16053=CARTESIAN_POINT('',(0.217194699189667,-0.256567242315327,0.));
#16054=CARTESIAN_POINT('',(0.217194699189667,-0.256567242315327,0.));
#16055=CARTESIAN_POINT('Ctrl Pts',(0.254872847523167,-0.196430484537327,
0.));
#16056=CARTESIAN_POINT('Ctrl Pts',(0.247700868245167,-0.218844714537327,
0.));
#16057=CARTESIAN_POINT('Ctrl Pts',(0.235366776411667,-0.238530913981827,
0.));
#16058=CARTESIAN_POINT('Ctrl Pts',(0.217194699189667,-0.256567242315327,
0.));
#16059=CARTESIAN_POINT('Ctrl Pts',(0.217194699189667,-0.256567242315327,
0.0015));
#16060=CARTESIAN_POINT('Ctrl Pts',(0.217194699189667,-0.256567242315327,
-0.0003));
#16061=CARTESIAN_POINT('Ctrl Pts',(0.194221810300667,-0.279369139815327,
0.0015));
#16062=CARTESIAN_POINT('Ctrl Pts',(0.194221810300667,-0.279369139815327,
-0.0003));
#16063=CARTESIAN_POINT('Ctrl Pts',(0.168361646967667,-0.293305590648327,
0.0015));
#16064=CARTESIAN_POINT('Ctrl Pts',(0.168361646967667,-0.293305590648327,
-0.0003));
#16065=CARTESIAN_POINT('Ctrl Pts',(0.138520386411667,-0.298966580370827,
0.0015));
#16066=CARTESIAN_POINT('Ctrl Pts',(0.138520386411667,-0.298966580370827,
-0.0003));
#16067=CARTESIAN_POINT('',(0.138520386411667,-0.298966580370827,0.0015));
#16068=CARTESIAN_POINT('Ctrl Pts',(0.217194699189667,-0.256567242315327,
0.0015));
#16069=CARTESIAN_POINT('Ctrl Pts',(0.194221810300667,-0.279369139815327,
0.0015));
#16070=CARTESIAN_POINT('Ctrl Pts',(0.168361646967667,-0.293305590648327,
0.0015));
#16071=CARTESIAN_POINT('Ctrl Pts',(0.138520386411667,-0.298966580370827,
0.0015));
#16072=CARTESIAN_POINT('',(0.138520386411667,-0.298966580370827,0.));
#16073=CARTESIAN_POINT('',(0.138520386411667,-0.298966580370827,0.));
#16074=CARTESIAN_POINT('Ctrl Pts',(0.217194699189667,-0.256567242315327,
0.));
#16075=CARTESIAN_POINT('Ctrl Pts',(0.194221810300667,-0.279369139815327,
0.));
#16076=CARTESIAN_POINT('Ctrl Pts',(0.168361646967667,-0.293305590648327,
0.));
#16077=CARTESIAN_POINT('Ctrl Pts',(0.138520386411667,-0.298966580370827,
0.));
#16078=CARTESIAN_POINT('Ctrl Pts',(0.138520386411667,-0.298966580370827,
0.0015));
#16079=CARTESIAN_POINT('Ctrl Pts',(0.138520386411667,-0.298966580370827,
-0.0003));
#16080=CARTESIAN_POINT('Ctrl Pts',(0.129581974717667,-0.300662136203827,
0.0015));
#16081=CARTESIAN_POINT('Ctrl Pts',(0.129581974717667,-0.300662136203827,
-0.0003));
#16082=CARTESIAN_POINT('Ctrl Pts',(0.108452007523167,-0.300931153953827,
0.0015));
#16083=CARTESIAN_POINT('Ctrl Pts',(0.108452007523167,-0.300931153953827,
-0.0003));
#16084=CARTESIAN_POINT('Ctrl Pts',(-0.00850610247683349,-0.300838087648327,
0.0015));
#16085=CARTESIAN_POINT('Ctrl Pts',(-0.00850610247683349,-0.300838087648327,
-0.0003));
#16086=CARTESIAN_POINT('',(-0.00850610247683349,-0.300838087648327,0.0015));
#16087=CARTESIAN_POINT('Ctrl Pts',(0.138520386411667,-0.298966580370827,
0.0015));
#16088=CARTESIAN_POINT('Ctrl Pts',(0.129581974717667,-0.300662136203827,
0.0015));
#16089=CARTESIAN_POINT('Ctrl Pts',(0.108452007523167,-0.300931153953827,
0.0015));
#16090=CARTESIAN_POINT('Ctrl Pts',(-0.00850610247683349,-0.300838087648327,
0.0015));
#16091=CARTESIAN_POINT('',(-0.00850610247683349,-0.300838087648327,0.));
#16092=CARTESIAN_POINT('',(-0.00850610247683349,-0.300838087648327,0.));
#16093=CARTESIAN_POINT('Ctrl Pts',(0.138520386411667,-0.298966580370827,
0.));
#16094=CARTESIAN_POINT('Ctrl Pts',(0.129581974717667,-0.300662136203827,
0.));
#16095=CARTESIAN_POINT('Ctrl Pts',(0.108452007523167,-0.300931153953827,
0.));
#16096=CARTESIAN_POINT('Ctrl Pts',(-0.00850610247683349,-0.300838087648327,
0.));
#16097=CARTESIAN_POINT('Ctrl Pts',(-0.00850610247683349,-0.300838087648327,
0.0015));
#16098=CARTESIAN_POINT('Ctrl Pts',(-0.00850610247683349,-0.300838087648327,
-0.0003));
#16099=CARTESIAN_POINT('Ctrl Pts',(-0.117966696921333,-0.300750895092827,
0.0015));
#16100=CARTESIAN_POINT('Ctrl Pts',(-0.117966696921333,-0.300750895092827,
-0.0003));
#16101=CARTESIAN_POINT('Ctrl Pts',(-0.146513121921334,-0.300381840853827,
0.0015));
#16102=CARTESIAN_POINT('Ctrl Pts',(-0.146513121921334,-0.300381840853827,
-0.0003));
#16103=CARTESIAN_POINT('Ctrl Pts',(-0.152269396921333,-0.298979372092827,
0.0015));
#16104=CARTESIAN_POINT('Ctrl Pts',(-0.152269396921333,-0.298979372092827,
-0.0003));
#16105=CARTESIAN_POINT('Ctrl Pts',(-0.00850610247683349,-0.300838087648327,
0.));
#16106=CARTESIAN_POINT('Ctrl Pts',(-0.117887233440053,-0.300750958390711,
0.));
#16107=CARTESIAN_POINT('Ctrl Pts',(-0.146471632430712,-0.300382376538927,
0.));
#16108=CARTESIAN_POINT('Ctrl Pts',(-0.152256824474837,-0.298982424847474,
0.));
#16109=CARTESIAN_POINT('Ctrl Pts',(-0.00850610247683349,-0.300838087648327,
0.0015));
#16110=CARTESIAN_POINT('Ctrl Pts',(-0.117887233440053,-0.300750958390711,
0.0015));
#16111=CARTESIAN_POINT('Ctrl Pts',(-0.146471632430712,-0.300382376538927,
0.0015));
#16112=CARTESIAN_POINT('Ctrl Pts',(-0.152256824474837,-0.298982424847474,
0.0015));
#16113=CARTESIAN_POINT('Origin',(0.0734947890341665,-0.300931153953827,
0.));
#16114=CARTESIAN_POINT('Origin',(0.0734947890341665,-0.300931153953827,
0.0015));
#16115=CARTESIAN_POINT('Ctrl Pts',(0.405097149492667,-0.299814253865327,
0.0015));
#16116=CARTESIAN_POINT('Ctrl Pts',(0.405097149492667,-0.299814253865327,
-0.0003));
#16117=CARTESIAN_POINT('Ctrl Pts',(0.405097149492667,-0.299190526878827,
0.0015));
#16118=CARTESIAN_POINT('Ctrl Pts',(0.405097149492667,-0.299190526878827,
-0.0003));
#16119=CARTESIAN_POINT('Ctrl Pts',(0.430060586992667,-0.173968507476327,
0.0015));
#16120=CARTESIAN_POINT('Ctrl Pts',(0.430060586992667,-0.173968507476327,
-0.0003));
#16121=CARTESIAN_POINT('Ctrl Pts',(0.460571455048167,-0.0215420844206569,
0.0015));
#16122=CARTESIAN_POINT('Ctrl Pts',(0.460571455048167,-0.0215420844206569,
-0.0003));
#16123=CARTESIAN_POINT('',(0.405096916429973,-0.299811447851959,0.));
#16124=CARTESIAN_POINT('',(0.405096915450951,-0.299811429351889,0.0015));
#16125=CARTESIAN_POINT('',(0.405096679592666,-0.299810011712327,0.));
#16126=CARTESIAN_POINT('',(0.460571455048167,-0.0215420844206569,0.0015));
#16127=CARTESIAN_POINT('Ctrl Pts',(0.405097217282505,-0.299812135023833,
0.0015));
#16128=CARTESIAN_POINT('Ctrl Pts',(0.405144661496802,-0.298952196920101,
0.0015));
#16129=CARTESIAN_POINT('Ctrl Pts',(0.430089619036872,-0.173823468972534,
0.0015));
#16130=CARTESIAN_POINT('Ctrl Pts',(0.460571455048167,-0.0215420844206569,
0.0015));
#16131=CARTESIAN_POINT('',(0.460571455048167,-0.0215420844206569,0.));
#16132=CARTESIAN_POINT('',(0.460571455048167,-0.0215420844206569,0.));
#16133=CARTESIAN_POINT('Ctrl Pts',(0.40509721575906,-0.299812162750317,
0.));
#16134=CARTESIAN_POINT('Ctrl Pts',(0.405144124471568,-0.298954890742534,
0.));
#16135=CARTESIAN_POINT('Ctrl Pts',(0.430089290923772,-0.173825108162414,
0.));
#16136=CARTESIAN_POINT('Ctrl Pts',(0.460571455048167,-0.0215420844206569,
0.));
#16137=CARTESIAN_POINT('Ctrl Pts',(0.460571455048167,-0.0215420844206569,
0.0015));
#16138=CARTESIAN_POINT('Ctrl Pts',(0.460571455048167,-0.0215420844206569,
-0.0003));
#16139=CARTESIAN_POINT('Ctrl Pts',(0.491082323103667,0.130884338634673,
0.0015));
#16140=CARTESIAN_POINT('Ctrl Pts',(0.491082323103667,0.130884338634673,
-0.0003));
#16141=CARTESIAN_POINT('Ctrl Pts',(0.516045760603667,0.256364607246173,
0.0015));
#16142=CARTESIAN_POINT('Ctrl Pts',(0.516045760603667,0.256364607246173,
-0.0003));
#16143=CARTESIAN_POINT('Ctrl Pts',(0.516045760603667,0.257304407246173,
0.0015));
#16144=CARTESIAN_POINT('Ctrl Pts',(0.516045760603667,0.257304407246173,
-0.0003));
#16145=CARTESIAN_POINT('',(0.516045760603667,0.257304407246173,0.0015));
#16146=CARTESIAN_POINT('Ctrl Pts',(0.460571455048167,-0.0215420844206569,
0.0015));
#16147=CARTESIAN_POINT('Ctrl Pts',(0.491082323103667,0.130884338634673,
0.0015));
#16148=CARTESIAN_POINT('Ctrl Pts',(0.516045760603667,0.256364607246173,
0.0015));
#16149=CARTESIAN_POINT('Ctrl Pts',(0.516045760603667,0.257304407246173,
0.0015));
#16150=CARTESIAN_POINT('',(0.516045760603667,0.257304407246173,0.));
#16151=CARTESIAN_POINT('',(0.516045760603667,0.257304407246173,0.));
#16152=CARTESIAN_POINT('Ctrl Pts',(0.460571455048167,-0.0215420844206569,
0.));
#16153=CARTESIAN_POINT('Ctrl Pts',(0.491082323103667,0.130884338634673,
0.));
#16154=CARTESIAN_POINT('Ctrl Pts',(0.516045760603667,0.256364607246173,
0.));
#16155=CARTESIAN_POINT('Ctrl Pts',(0.516045760603667,0.257304407246173,
0.));
#16156=CARTESIAN_POINT('Ctrl Pts',(0.516045760603667,0.257304407246173,
0.0015));
#16157=CARTESIAN_POINT('Ctrl Pts',(0.516045760603667,0.257304407246173,
-0.0003));
#16158=CARTESIAN_POINT('Ctrl Pts',(0.516045760603667,0.258692178579173,
0.0015));
#16159=CARTESIAN_POINT('Ctrl Pts',(0.516045760603667,0.258692178579173,
-0.0003));
#16160=CARTESIAN_POINT('Ctrl Pts',(0.503348018381167,0.259014321134673,
0.0015));
#16161=CARTESIAN_POINT('Ctrl Pts',(0.503348018381167,0.259014321134673,
-0.0003));
#16162=CARTESIAN_POINT('Ctrl Pts',(0.448671237548167,0.259014321134673,
0.0015));
#16163=CARTESIAN_POINT('Ctrl Pts',(0.448671237548167,0.259014321134673,
-0.0003));
#16164=CARTESIAN_POINT('',(0.448671237548167,0.259014321134673,0.0015));
#16165=CARTESIAN_POINT('Ctrl Pts',(0.516045760603667,0.257304407246173,
0.0015));
#16166=CARTESIAN_POINT('Ctrl Pts',(0.516045760603667,0.258692178579173,
0.0015));
#16167=CARTESIAN_POINT('Ctrl Pts',(0.503348018381167,0.259014321134673,
0.0015));
#16168=CARTESIAN_POINT('Ctrl Pts',(0.448671237548167,0.259014321134673,
0.0015));
#16169=CARTESIAN_POINT('',(0.448671237548167,0.259014321134673,0.));
#16170=CARTESIAN_POINT('',(0.448671237548167,0.259014321134673,0.));
#16171=CARTESIAN_POINT('Ctrl Pts',(0.516045760603667,0.257304407246173,
0.));
#16172=CARTESIAN_POINT('Ctrl Pts',(0.516045760603667,0.258692178579173,
0.));
#16173=CARTESIAN_POINT('Ctrl Pts',(0.503348018381167,0.259014321134673,
0.));
#16174=CARTESIAN_POINT('Ctrl Pts',(0.448671237548167,0.259014321134673,
0.));
#16175=CARTESIAN_POINT('Origin',(0.414983976020417,0.259014321134673,0.0015));
#16176=CARTESIAN_POINT('',(0.381296714492667,0.259014321134673,0.0015));
#16177=CARTESIAN_POINT('',(0.448671237548167,0.259014321134673,0.0015));
#16178=CARTESIAN_POINT('',(0.381296714492667,0.259014321134673,0.));
#16179=CARTESIAN_POINT('',(0.381296714492667,0.259014321134673,0.));
#16180=CARTESIAN_POINT('',(0.448671237548167,0.259014321134673,0.));
#16181=CARTESIAN_POINT('Origin',(0.381617577875916,0.260692843093173,0.0015));
#16182=CARTESIAN_POINT('',(0.381938441259166,0.262371365051673,0.0015));
#16183=CARTESIAN_POINT('',(0.381296714492667,0.259014321134673,0.0015));
#16184=CARTESIAN_POINT('',(0.381938441259166,0.262371365051673,0.));
#16185=CARTESIAN_POINT('',(0.381938441259166,0.262371365051673,0.));
#16186=CARTESIAN_POINT('',(0.381296714492667,0.259014321134673,0.));
#16187=CARTESIAN_POINT('Ctrl Pts',(0.381938441259166,0.262371365051673,
0.0015));
#16188=CARTESIAN_POINT('Ctrl Pts',(0.381938441259166,0.262371365051673,
-0.0003));
#16189=CARTESIAN_POINT('Ctrl Pts',(0.382291388370167,0.264217680468173,
0.0015));
#16190=CARTESIAN_POINT('Ctrl Pts',(0.382291388370167,0.264217680468173,
-0.0003));
#16191=CARTESIAN_POINT('Ctrl Pts',(0.387196230675667,0.288888083107173,
0.0015));
#16192=CARTESIAN_POINT('Ctrl Pts',(0.387196230675667,0.288888083107173,
-0.0003));
#16193=CARTESIAN_POINT('Ctrl Pts',(0.392838163342666,0.317193031718173,
0.0015));
#16194=CARTESIAN_POINT('Ctrl Pts',(0.392838163342666,0.317193031718173,
-0.0003));
#16195=CARTESIAN_POINT('',(0.392838163342666,0.317193031718173,0.0015));
#16196=CARTESIAN_POINT('Ctrl Pts',(0.381938441259166,0.262371365051673,
0.0015));
#16197=CARTESIAN_POINT('Ctrl Pts',(0.382291388370167,0.264217680468173,
0.0015));
#16198=CARTESIAN_POINT('Ctrl Pts',(0.387196230675667,0.288888083107173,
0.0015));
#16199=CARTESIAN_POINT('Ctrl Pts',(0.392838163342666,0.317193031718173,
0.0015));
#16200=CARTESIAN_POINT('',(0.392838163342666,0.317193031718173,0.));
#16201=CARTESIAN_POINT('',(0.392838163342666,0.317193031718173,0.));
#16202=CARTESIAN_POINT('Ctrl Pts',(0.381938441259166,0.262371365051673,
0.));
#16203=CARTESIAN_POINT('Ctrl Pts',(0.382291388370167,0.264217680468173,
0.));
#16204=CARTESIAN_POINT('Ctrl Pts',(0.387196230675667,0.288888083107173,
0.));
#16205=CARTESIAN_POINT('Ctrl Pts',(0.392838163342666,0.317193031718173,
0.));
#16206=CARTESIAN_POINT('Origin',(0.397967187106417,0.342925277829423,0.0015));
#16207=CARTESIAN_POINT('',(0.403096210870167,0.368657523940673,0.0015));
#16208=CARTESIAN_POINT('',(0.392838163342666,0.317193031718173,0.0015));
#16209=CARTESIAN_POINT('',(0.403096210870167,0.368657523940673,0.));
#16210=CARTESIAN_POINT('',(0.403096210870167,0.368657523940673,0.));
#16211=CARTESIAN_POINT('',(0.392838163342666,0.317193031718173,0.));
#16212=CARTESIAN_POINT('Origin',(0.521765540036916,0.368657523940673,0.0015));
#16213=CARTESIAN_POINT('',(0.640434869203667,0.368657523940673,0.0015));
#16214=CARTESIAN_POINT('',(0.403096210870167,0.368657523940673,0.0015));
#16215=CARTESIAN_POINT('',(0.640434869203667,0.368657523940673,0.));
#16216=CARTESIAN_POINT('',(0.640434869203667,0.368657523940673,0.));
#16217=CARTESIAN_POINT('',(0.403096210870167,0.368657523940673,0.));
#16218=CARTESIAN_POINT('Ctrl Pts',(0.640434869203667,0.368657523940673,
0.0015));
#16219=CARTESIAN_POINT('Ctrl Pts',(0.640434869203667,0.368657523940673,
-0.0003));
#16220=CARTESIAN_POINT('Ctrl Pts',(0.865856341425667,0.368657523940673,
0.0015));
#16221=CARTESIAN_POINT('Ctrl Pts',(0.865856341425667,0.368657523940673,
-0.0003));
#16222=CARTESIAN_POINT('Ctrl Pts',(0.877747421981167,0.368542790023673,
0.0015));
#16223=CARTESIAN_POINT('Ctrl Pts',(0.877747421981167,0.368542790023673,
-0.0003));
#16224=CARTESIAN_POINT('Ctrl Pts',(0.877120888648167,0.366373287829173,
0.0015));
#16225=CARTESIAN_POINT('Ctrl Pts',(0.877120888648167,0.366373287829173,
-0.0003));
#16226=CARTESIAN_POINT('',(0.877120888648167,0.366373287829173,0.0015));
#16227=CARTESIAN_POINT('Ctrl Pts',(0.640434869203667,0.368657523940673,
0.0015));
#16228=CARTESIAN_POINT('Ctrl Pts',(0.865856341425667,0.368657523940673,
0.0015));
#16229=CARTESIAN_POINT('Ctrl Pts',(0.877747421981167,0.368542790023673,
0.0015));
#16230=CARTESIAN_POINT('Ctrl Pts',(0.877120888648167,0.366373287829173,
0.0015));
#16231=CARTESIAN_POINT('',(0.877120888648167,0.366373287829173,0.));
#16232=CARTESIAN_POINT('',(0.877120888648167,0.366373287829173,0.));
#16233=CARTESIAN_POINT('Ctrl Pts',(0.640434869203667,0.368657523940673,
0.));
#16234=CARTESIAN_POINT('Ctrl Pts',(0.865856341425667,0.368657523940673,
0.));
#16235=CARTESIAN_POINT('Ctrl Pts',(0.877747421981167,0.368542790023673,
0.));
#16236=CARTESIAN_POINT('Ctrl Pts',(0.877120888648167,0.366373287829173,
0.));
#16237=CARTESIAN_POINT('Ctrl Pts',(0.877120888648167,0.366373287829173,
0.0015));
#16238=CARTESIAN_POINT('Ctrl Pts',(0.877120888648167,0.366373287829173,
-0.0003));
#16239=CARTESIAN_POINT('Ctrl Pts',(0.876756063509167,0.365116957968173,
0.0015));
#16240=CARTESIAN_POINT('Ctrl Pts',(0.876756063509167,0.365116957968173,
-0.0003));
#16241=CARTESIAN_POINT('Ctrl Pts',(0.871982662675667,0.341475114218173,
0.0015));
#16242=CARTESIAN_POINT('Ctrl Pts',(0.871982662675667,0.341475114218173,
-0.0003));
#16243=CARTESIAN_POINT('Ctrl Pts',(0.866513287731167,0.313835857273673,
0.0015));
#16244=CARTESIAN_POINT('Ctrl Pts',(0.866513287731167,0.313835857273673,
-0.0003));
#16245=CARTESIAN_POINT('',(0.866513287731167,0.313835857273673,0.0015));
#16246=CARTESIAN_POINT('Ctrl Pts',(0.877120888648167,0.366373287829173,
0.0015));
#16247=CARTESIAN_POINT('Ctrl Pts',(0.876756063509167,0.365116957968173,
0.0015));
#16248=CARTESIAN_POINT('Ctrl Pts',(0.871982662675667,0.341475114218173,
0.0015));
#16249=CARTESIAN_POINT('Ctrl Pts',(0.866513287731167,0.313835857273673,
0.0015));
#16250=CARTESIAN_POINT('',(0.866513287731167,0.313835857273673,0.));
#16251=CARTESIAN_POINT('',(0.866513287731167,0.313835857273673,0.));
#16252=CARTESIAN_POINT('Ctrl Pts',(0.877120888648167,0.366373287829173,
0.));
#16253=CARTESIAN_POINT('Ctrl Pts',(0.876756063509167,0.365116957968173,
0.));
#16254=CARTESIAN_POINT('Ctrl Pts',(0.871982662675667,0.341475114218173,
0.));
#16255=CARTESIAN_POINT('Ctrl Pts',(0.866513287731167,0.313835857273673,
0.));
#16256=CARTESIAN_POINT('Ctrl Pts',(0.866513287731167,0.313835857273673,
0.0015));
#16257=CARTESIAN_POINT('Ctrl Pts',(0.866513287731167,0.313835857273673,
-0.0003));
#16258=CARTESIAN_POINT('Ctrl Pts',(0.861043912786667,0.286196600329173,
0.0015));
#16259=CARTESIAN_POINT('Ctrl Pts',(0.861043912786667,0.286196600329173,
-0.0003));
#16260=CARTESIAN_POINT('Ctrl Pts',(0.856270511953666,0.262554103940673,
0.0015));
#16261=CARTESIAN_POINT('Ctrl Pts',(0.856270511953666,0.262554103940673,
-0.0003));
#16262=CARTESIAN_POINT('Ctrl Pts',(0.855905686814666,0.261298426718173,
0.0015));
#16263=CARTESIAN_POINT('Ctrl Pts',(0.855905686814666,0.261298426718173,
-0.0003));
#16264=CARTESIAN_POINT('',(0.855905686814666,0.261298426718173,0.0015));
#16265=CARTESIAN_POINT('Ctrl Pts',(0.866513287731167,0.313835857273673,
0.0015));
#16266=CARTESIAN_POINT('Ctrl Pts',(0.861043912786667,0.286196600329173,
0.0015));
#16267=CARTESIAN_POINT('Ctrl Pts',(0.856270511953666,0.262554103940673,
0.0015));
#16268=CARTESIAN_POINT('Ctrl Pts',(0.855905686814666,0.261298426718173,
0.0015));
#16269=CARTESIAN_POINT('',(0.855905686814666,0.261298426718173,0.));
#16270=CARTESIAN_POINT('',(0.855905686814666,0.261298426718173,0.));
#16271=CARTESIAN_POINT('Ctrl Pts',(0.866513287731167,0.313835857273673,
0.));
#16272=CARTESIAN_POINT('Ctrl Pts',(0.861043912786667,0.286196600329173,
0.));
#16273=CARTESIAN_POINT('Ctrl Pts',(0.856270511953666,0.262554103940673,
0.));
#16274=CARTESIAN_POINT('Ctrl Pts',(0.855905686814666,0.261298426718173,
0.));
#16275=CARTESIAN_POINT('Ctrl Pts',(0.855905686814666,0.261298426718173,
0.0015));
#16276=CARTESIAN_POINT('Ctrl Pts',(0.855905686814666,0.261298426718173,
-0.0003));
#16277=CARTESIAN_POINT('Ctrl Pts',(0.855285157759166,0.259161034357173,
0.0015));
#16278=CARTESIAN_POINT('Ctrl Pts',(0.855285157759166,0.259161034357173,
-0.0003));
#16279=CARTESIAN_POINT('Ctrl Pts',(0.850904253953667,0.259013799023673,
0.0015));
#16280=CARTESIAN_POINT('Ctrl Pts',(0.850904253953667,0.259013799023673,
-0.0003));
#16281=CARTESIAN_POINT('Ctrl Pts',(0.787781934314666,0.259008055801673,
0.0015));
#16282=CARTESIAN_POINT('Ctrl Pts',(0.787781934314666,0.259008055801673,
-0.0003));
#16283=CARTESIAN_POINT('',(0.787781934314666,0.259008055801673,0.0015));
#16284=CARTESIAN_POINT('Ctrl Pts',(0.855905686814666,0.261298426718173,
0.0015));
#16285=CARTESIAN_POINT('Ctrl Pts',(0.855285157759166,0.259161034357173,
0.0015));
#16286=CARTESIAN_POINT('Ctrl Pts',(0.850904253953667,0.259013799023673,
0.0015));
#16287=CARTESIAN_POINT('Ctrl Pts',(0.787781934314666,0.259008055801673,
0.0015));
#16288=CARTESIAN_POINT('',(0.787781934314666,0.259008055801673,0.));
#16289=CARTESIAN_POINT('',(0.787781934314666,0.259008055801673,0.));
#16290=CARTESIAN_POINT('Ctrl Pts',(0.855905686814666,0.261298426718173,
0.));
#16291=CARTESIAN_POINT('Ctrl Pts',(0.855285157759166,0.259161034357173,
0.));
#16292=CARTESIAN_POINT('Ctrl Pts',(0.850904253953667,0.259013799023673,
0.));
#16293=CARTESIAN_POINT('Ctrl Pts',(0.787781934314666,0.259008055801673,
0.));
#16294=CARTESIAN_POINT('Origin',(0.754051598620167,0.259004792607173,0.0015));
#16295=CARTESIAN_POINT('',(0.720321262925667,0.259001529412673,0.0015));
#16296=CARTESIAN_POINT('',(0.787781934314666,0.259008055801673,0.0015));
#16297=CARTESIAN_POINT('',(0.720321262925667,0.259001529412673,0.));
#16298=CARTESIAN_POINT('',(0.720321262925667,0.259001529412673,0.));
#16299=CARTESIAN_POINT('',(0.787781934314666,0.259008055801673,0.));
#16300=CARTESIAN_POINT('Origin',(0.664194318481167,-0.020967501142827,0.0015));
#16301=CARTESIAN_POINT('',(0.608067374036666,-0.300936531698327,0.0015));
#16302=CARTESIAN_POINT('',(0.720321262925667,0.259001529412673,0.0015));
#16303=CARTESIAN_POINT('',(0.608067374036666,-0.300936531698327,0.));
#16304=CARTESIAN_POINT('',(0.608067374036666,-0.300936531698327,0.));
#16305=CARTESIAN_POINT('',(0.720321262925667,0.259001529412673,0.));
#16306=CARTESIAN_POINT('Origin',(0.557324700425667,-0.300938489615077,0.0015));
#16307=CARTESIAN_POINT('',(0.506582026814667,-0.300940447531827,0.0015));
#16308=CARTESIAN_POINT('',(0.608067374036666,-0.300936531698327,0.0015));
#16309=CARTESIAN_POINT('',(0.506582026814667,-0.300940447531827,0.));
#16310=CARTESIAN_POINT('',(0.506582026814667,-0.300940447531827,0.));
#16311=CARTESIAN_POINT('',(0.608067374036666,-0.300936531698327,0.));
#16312=CARTESIAN_POINT('Ctrl Pts',(0.506582026814667,-0.300940447531827,
0.0015));
#16313=CARTESIAN_POINT('Ctrl Pts',(0.506582026814667,-0.300940447531827,
-0.0003));
#16314=CARTESIAN_POINT('Ctrl Pts',(0.450006066814667,-0.300943058087327,
0.0015));
#16315=CARTESIAN_POINT('Ctrl Pts',(0.450006066814667,-0.300943058087327,
-0.0003));
#16316=CARTESIAN_POINT('Ctrl Pts',(0.405096679592666,-0.300442236056827,
0.0015));
#16317=CARTESIAN_POINT('Ctrl Pts',(0.405096679592666,-0.300442236056827,
-0.0003));
#16318=CARTESIAN_POINT('Ctrl Pts',(0.405096679592666,-0.299810011712327,
0.0015));
#16319=CARTESIAN_POINT('Ctrl Pts',(0.405096679592666,-0.299810011712327,
-0.0003));
#16320=CARTESIAN_POINT('Ctrl Pts',(0.506582026814667,-0.300940447531827,
0.0015));
#16321=CARTESIAN_POINT('Ctrl Pts',(0.450069605826729,-0.300943055155479,
0.0015));
#16322=CARTESIAN_POINT('Ctrl Pts',(0.40519756747346,-0.300443360342648,
0.0015));
#16323=CARTESIAN_POINT('Ctrl Pts',(0.405096849477682,-0.299812141319508,
0.0015));
#16324=CARTESIAN_POINT('Ctrl Pts',(0.506582026814667,-0.300940447531827,
0.));
#16325=CARTESIAN_POINT('Ctrl Pts',(0.450070434680743,-0.300943055117234,
0.));
#16326=CARTESIAN_POINT('Ctrl Pts',(0.405198883730636,-0.300443375000345,
0.));
#16327=CARTESIAN_POINT('Ctrl Pts',(0.405096853938194,-0.299812169093234,
0.));
#16328=CARTESIAN_POINT('Origin',(0.629522068236916,-0.300943058087327,0.));
#16329=CARTESIAN_POINT('Origin',(0.629522068236916,-0.300943058087327,0.0015));
#16330=CARTESIAN_POINT('',(0.,0.,0.));
#16331=CARTESIAN_POINT('',(0.,0.,0.));
#16332=CARTESIAN_POINT('',(-3.74557877957518,-2.776,-1.34918715098241));
#16333=CARTESIAN_POINT('',(6.1995,1.49719127830126,0.88582725248743));
#16334=UNCERTAINTY_MEASURE_WITH_UNIT(LENGTH_MEASURE(0.01),#16346,
'DISTANCE_ACCURACY_VALUE',
'Maximum model space distance between geometric entities at asserted c
onnectivities');
#16335=UNCERTAINTY_MEASURE_WITH_UNIT(LENGTH_MEASURE(0.01),#16346,
'DISTANCE_ACCURACY_VALUE',
'Maximum model space distance between geometric entities at asserted c
onnectivities');
#16336=UNCERTAINTY_MEASURE_WITH_UNIT(LENGTH_MEASURE(0.01),#16346,
'DISTANCE_ACCURACY_VALUE',
'Maximum model space distance between geometric entities at asserted c
onnectivities');
#16337=UNCERTAINTY_MEASURE_WITH_UNIT(LENGTH_MEASURE(0.01),#16346,
'DISTANCE_ACCURACY_VALUE',
'Maximum model space distance between geometric entities at asserted c
onnectivities');
#16338=UNCERTAINTY_MEASURE_WITH_UNIT(LENGTH_MEASURE(0.01),#16346,
'DISTANCE_ACCURACY_VALUE',
'Maximum model space distance between geometric entities at asserted c
onnectivities');
#16339=UNCERTAINTY_MEASURE_WITH_UNIT(LENGTH_MEASURE(0.01),#16346,
'DISTANCE_ACCURACY_VALUE',
'Maximum model space distance between geometric entities at asserted c
onnectivities');
#16340=(
GEOMETRIC_REPRESENTATION_CONTEXT(3)
GLOBAL_UNCERTAINTY_ASSIGNED_CONTEXT((#16334))
GLOBAL_UNIT_ASSIGNED_CONTEXT((#16346,#16349,#16348))
REPRESENTATION_CONTEXT('','3D')
);
#16341=(
GEOMETRIC_REPRESENTATION_CONTEXT(3)
GLOBAL_UNCERTAINTY_ASSIGNED_CONTEXT((#16335))
GLOBAL_UNIT_ASSIGNED_CONTEXT((#16346,#16349,#16348))
REPRESENTATION_CONTEXT('','3D')
);
#16342=(
GEOMETRIC_REPRESENTATION_CONTEXT(3)
GLOBAL_UNCERTAINTY_ASSIGNED_CONTEXT((#16336))
GLOBAL_UNIT_ASSIGNED_CONTEXT((#16346,#16349,#16348))
REPRESENTATION_CONTEXT('','3D')
);
#16343=(
GEOMETRIC_REPRESENTATION_CONTEXT(3)
GLOBAL_UNCERTAINTY_ASSIGNED_CONTEXT((#16337))
GLOBAL_UNIT_ASSIGNED_CONTEXT((#16346,#16349,#16348))
REPRESENTATION_CONTEXT('','3D')
);
#16344=(
GEOMETRIC_REPRESENTATION_CONTEXT(3)
GLOBAL_UNCERTAINTY_ASSIGNED_CONTEXT((#16338))
GLOBAL_UNIT_ASSIGNED_CONTEXT((#16346,#16349,#16348))
REPRESENTATION_CONTEXT('','3D')
);
#16345=(
GEOMETRIC_REPRESENTATION_CONTEXT(3)
GLOBAL_UNCERTAINTY_ASSIGNED_CONTEXT((#16339))
GLOBAL_UNIT_ASSIGNED_CONTEXT((#16346,#16349,#16348))
REPRESENTATION_CONTEXT('','3D')
);
#16346=(
LENGTH_UNIT()
NAMED_UNIT(*)
SI_UNIT(.MILLI.,.METRE.)
);
#16347=(
LENGTH_UNIT()
NAMED_UNIT(*)
SI_UNIT(.CENTI.,.METRE.)
);
#16348=(
NAMED_UNIT(*)
SI_UNIT($,.STERADIAN.)
SOLID_ANGLE_UNIT()
);
#16349=(
NAMED_UNIT(*)
PLANE_ANGLE_UNIT()
SI_UNIT($,.RADIAN.)
);
#16350=SHAPE_DEFINITION_REPRESENTATION(#16355,#16364);
#16351=SHAPE_DEFINITION_REPRESENTATION(#16356,#16365);
#16352=SHAPE_DEFINITION_REPRESENTATION(#16357,#16366);
#16353=SHAPE_DEFINITION_REPRESENTATION(#16358,#16367);
#16354=SHAPE_DEFINITION_REPRESENTATION(#16359,#16368);
#16355=PRODUCT_DEFINITION_SHAPE('',$,#16370);
#16356=PRODUCT_DEFINITION_SHAPE('',$,#16371);
#16357=PRODUCT_DEFINITION_SHAPE('',$,#16372);
#16358=PRODUCT_DEFINITION_SHAPE('',$,#16373);
#16359=PRODUCT_DEFINITION_SHAPE('',$,#16374);
#16360=PRODUCT_DEFINITION_SHAPE($,$,#23);
#16361=PRODUCT_DEFINITION_SHAPE($,$,#24);
#16362=PRODUCT_DEFINITION_SHAPE($,$,#25);
#16363=PRODUCT_DEFINITION_SHAPE($,$,#26);
#16364=SHAPE_REPRESENTATION('',(#9424,#10358,#10359,#10360,#10361),#16340);
#16365=SHAPE_REPRESENTATION('',(#9425),#16341);
#16366=SHAPE_REPRESENTATION('',(#10050),#16342);
#16367=SHAPE_REPRESENTATION('',(#10324),#16343);
#16368=SHAPE_REPRESENTATION('',(#10330),#16344);
#16369=PRODUCT_DEFINITION_CONTEXT('part definition',#16386,'design');
#16370=PRODUCT_DEFINITION('B4B-XH-A','B4B-XH-A',#16375,#16369);
#16371=PRODUCT_DEFINITION('1','1',#16376,#16369);
#16372=PRODUCT_DEFINITION('2','2',#16377,#16369);
#16373=PRODUCT_DEFINITION('Pin1_Triangle','Pin1_Triangle',#16378,#16369);
#16374=PRODUCT_DEFINITION('JST','JST',#16379,#16369);
#16375=PRODUCT_DEFINITION_FORMATION('',$,#16388);
#16376=PRODUCT_DEFINITION_FORMATION('ANY',$,#16389);
#16377=PRODUCT_DEFINITION_FORMATION('ANY',$,#16390);
#16378=PRODUCT_DEFINITION_FORMATION('',$,#16391);
#16379=PRODUCT_DEFINITION_FORMATION('',$,#16392);
#16380=PRODUCT_RELATED_PRODUCT_CATEGORY('B4B-XH-A','B4B-XH-A',(#16388));
#16381=PRODUCT_RELATED_PRODUCT_CATEGORY('1','1',(#16389));
#16382=PRODUCT_RELATED_PRODUCT_CATEGORY('2','2',(#16390));
#16383=PRODUCT_RELATED_PRODUCT_CATEGORY('Pin1_Triangle','Pin1_Triangle',
(#16391));
#16384=PRODUCT_RELATED_PRODUCT_CATEGORY('JST','JST',(#16392));
#16385=APPLICATION_PROTOCOL_DEFINITION('international standard',
'automotive_design',2009,#16386);
#16386=APPLICATION_CONTEXT(
'Core Data for Automotive Mechanical Design Process');
#16387=PRODUCT_CONTEXT('part definition',#16386,'mechanical');
#16388=PRODUCT('B4B-XH-A','B4B-XH-A',$,(#16387));
#16389=PRODUCT('1','1','STEP AP214',(#16387));
#16390=PRODUCT('2','2','STEP AP214',(#16387));
#16391=PRODUCT('Pin1_Triangle','Pin1_Triangle',$,(#16387));
#16392=PRODUCT('JST','JST','FreeCAD Model',(#16387));
ENDSEC;
END-ISO-10303-21;
