ISO-10303-21;
HEADER;
/* Generated by software containing ST-Developer
 * from STEP Tools, Inc. (www.steptools.com) 
 */

FILE_DESCRIPTION(
/* description */ (''),
/* implementation_level */ '2;1');

FILE_NAME(
/* name */ 
'C:\\Users\\k\\Desktop\\TE Connectivity 1-1825910-4\\Imported Componen
ts\\c-1-1825910-4-c-3d\\1.stp',
/* time_stamp */ '2019-09-13T15:26:15+02:00',
/* author */ ('k'),
/* organization */ (''),
/* preprocessor_version */ 'ST-DEVELOPER v15.6',
/* originating_system */ 'Autodesk Inventor 2015',
/* authorisation */ '');

FILE_SCHEMA (('AUTOMOTIVE_DESIGN { 1 0 10303 214 3 1 1 }'));
ENDSEC;

DATA;
#10=MECHANICAL_DESIGN_GEOMETRIC_PRESENTATION_REPRESENTATION('',(#1475,#1477,
#1478,#1476,#1472,#1474,#1473,#1471,#1469,#1468,#1470,#1467,#1479,#1480,
#1481,#1463,#1464,#1466,#1465,#1454,#1455,#1453,#1456,#1458,#1459,#1457,
#1461,#1460,#1462,#1452),#9939);
#11=ITEM_DEFINED_TRANSFORMATION($,$,#5763,#6096);
#12=ITEM_DEFINED_TRANSFORMATION($,$,#5771,#6097);
#13=ITEM_DEFINED_TRANSFORMATION($,$,#5852,#6098);
#14=ITEM_DEFINED_TRANSFORMATION($,$,#5879,#6099);
#15=ITEM_DEFINED_TRANSFORMATION($,$,#5926,#6100);
#16=(
REPRESENTATION_RELATIONSHIP($,$,#9963,#9968)
REPRESENTATION_RELATIONSHIP_WITH_TRANSFORMATION(#11)
SHAPE_REPRESENTATION_RELATIONSHIP()
);
#17=(
REPRESENTATION_RELATIONSHIP($,$,#9964,#9968)
REPRESENTATION_RELATIONSHIP_WITH_TRANSFORMATION(#12)
SHAPE_REPRESENTATION_RELATIONSHIP()
);
#18=(
REPRESENTATION_RELATIONSHIP($,$,#9965,#9968)
REPRESENTATION_RELATIONSHIP_WITH_TRANSFORMATION(#13)
SHAPE_REPRESENTATION_RELATIONSHIP()
);
#19=(
REPRESENTATION_RELATIONSHIP($,$,#9966,#9968)
REPRESENTATION_RELATIONSHIP_WITH_TRANSFORMATION(#14)
SHAPE_REPRESENTATION_RELATIONSHIP()
);
#20=(
REPRESENTATION_RELATIONSHIP($,$,#9967,#9968)
REPRESENTATION_RELATIONSHIP_WITH_TRANSFORMATION(#15)
SHAPE_REPRESENTATION_RELATIONSHIP()
);
#21=CONTEXT_DEPENDENT_SHAPE_REPRESENTATION(#16,#9958);
#22=CONTEXT_DEPENDENT_SHAPE_REPRESENTATION(#17,#9959);
#23=CONTEXT_DEPENDENT_SHAPE_REPRESENTATION(#18,#9960);
#24=CONTEXT_DEPENDENT_SHAPE_REPRESENTATION(#19,#9961);
#25=CONTEXT_DEPENDENT_SHAPE_REPRESENTATION(#20,#9962);
#26=NEXT_ASSEMBLY_USAGE_OCCURRENCE('1:1',$,$,#9975,#9970,$);
#27=NEXT_ASSEMBLY_USAGE_OCCURRENCE('2:1',$,$,#9975,#9971,$);
#28=NEXT_ASSEMBLY_USAGE_OCCURRENCE('3:1',$,$,#9975,#9972,$);
#29=NEXT_ASSEMBLY_USAGE_OCCURRENCE('c-1-1825910-4-c-3d:1',$,$,#9975,#9973,
$);
#30=NEXT_ASSEMBLY_USAGE_OCCURRENCE('TE connectivity Logo 1 (2):1',$,$,#9975,
#9974,$);
#31=B_SPLINE_CURVE_WITH_KNOTS('',2,(#7941,#7942,#7943,#7944),
 .UNSPECIFIED.,.F.,.F.,(3,1,3),(0.,1.,2.),.UNSPECIFIED.);
#32=B_SPLINE_CURVE_WITH_KNOTS('',2,(#7946,#7947,#7948,#7949),
 .UNSPECIFIED.,.F.,.F.,(3,1,3),(-2.,-1.,0.),.UNSPECIFIED.);
#33=B_SPLINE_CURVE_WITH_KNOTS('',2,(#7960,#7961,#7962,#7963),
 .UNSPECIFIED.,.F.,.F.,(3,1,3),(0.,1.,2.),.UNSPECIFIED.);
#34=B_SPLINE_CURVE_WITH_KNOTS('',2,(#7965,#7966,#7967,#7968),
 .UNSPECIFIED.,.F.,.F.,(3,1,3),(-2.,-1.,0.),.UNSPECIFIED.);
#35=B_SPLINE_CURVE_WITH_KNOTS('',2,(#7979,#7980,#7981,#7982),
 .UNSPECIFIED.,.F.,.F.,(3,1,3),(0.,1.,2.),.UNSPECIFIED.);
#36=B_SPLINE_CURVE_WITH_KNOTS('',2,(#7984,#7985,#7986,#7987),
 .UNSPECIFIED.,.F.,.F.,(3,1,3),(-2.,-1.,0.),.UNSPECIFIED.);
#37=B_SPLINE_CURVE_WITH_KNOTS('',2,(#8010,#8011,#8012,#8013),
 .UNSPECIFIED.,.F.,.F.,(3,1,3),(0.,1.,2.),.UNSPECIFIED.);
#38=B_SPLINE_CURVE_WITH_KNOTS('',2,(#8015,#8016,#8017,#8018),
 .UNSPECIFIED.,.F.,.F.,(3,1,3),(-2.,-1.,0.),.UNSPECIFIED.);
#39=B_SPLINE_CURVE_WITH_KNOTS('',2,(#8028,#8029,#8030,#8031),
 .UNSPECIFIED.,.F.,.F.,(3,1,3),(0.,1.,2.),.UNSPECIFIED.);
#40=B_SPLINE_CURVE_WITH_KNOTS('',2,(#8032,#8033,#8034,#8035),
 .UNSPECIFIED.,.F.,.F.,(3,1,3),(-2.,-1.,0.),.UNSPECIFIED.);
#41=B_SPLINE_CURVE_WITH_KNOTS('',2,(#8168,#8169,#8170,#8171),
 .UNSPECIFIED.,.F.,.F.,(3,1,3),(0.,1.,2.),.UNSPECIFIED.);
#42=B_SPLINE_CURVE_WITH_KNOTS('',2,(#8173,#8174,#8175,#8176),
 .UNSPECIFIED.,.F.,.F.,(3,1,3),(-2.,-1.,0.),.UNSPECIFIED.);
#43=B_SPLINE_CURVE_WITH_KNOTS('',2,(#8187,#8188,#8189,#8190),
 .UNSPECIFIED.,.F.,.F.,(3,1,3),(0.,1.,2.),.UNSPECIFIED.);
#44=B_SPLINE_CURVE_WITH_KNOTS('',2,(#8192,#8193,#8194,#8195),
 .UNSPECIFIED.,.F.,.F.,(3,1,3),(-2.,-1.,0.),.UNSPECIFIED.);
#45=B_SPLINE_CURVE_WITH_KNOTS('',2,(#8206,#8207,#8208,#8209),
 .UNSPECIFIED.,.F.,.F.,(3,1,3),(0.,1.,2.),.UNSPECIFIED.);
#46=B_SPLINE_CURVE_WITH_KNOTS('',2,(#8211,#8212,#8213,#8214),
 .UNSPECIFIED.,.F.,.F.,(3,1,3),(-2.,-1.,0.),.UNSPECIFIED.);
#47=B_SPLINE_CURVE_WITH_KNOTS('',2,(#8237,#8238,#8239,#8240),
 .UNSPECIFIED.,.F.,.F.,(3,1,3),(0.,1.,2.),.UNSPECIFIED.);
#48=B_SPLINE_CURVE_WITH_KNOTS('',2,(#8242,#8243,#8244,#8245),
 .UNSPECIFIED.,.F.,.F.,(3,1,3),(-2.,-1.,0.),.UNSPECIFIED.);
#49=B_SPLINE_CURVE_WITH_KNOTS('',2,(#8255,#8256,#8257,#8258),
 .UNSPECIFIED.,.F.,.F.,(3,1,3),(0.,1.,2.),.UNSPECIFIED.);
#50=B_SPLINE_CURVE_WITH_KNOTS('',2,(#8259,#8260,#8261,#8262),
 .UNSPECIFIED.,.F.,.F.,(3,1,3),(-2.,-1.,0.),.UNSPECIFIED.);
#51=B_SPLINE_CURVE_WITH_KNOTS('',2,(#8283,#8284,#8285,#8286),
 .UNSPECIFIED.,.F.,.F.,(3,1,3),(0.,1.,2.),.UNSPECIFIED.);
#52=B_SPLINE_CURVE_WITH_KNOTS('',2,(#8288,#8289,#8290,#8291),
 .UNSPECIFIED.,.F.,.F.,(3,1,3),(-2.,-1.,0.),.UNSPECIFIED.);
#53=B_SPLINE_CURVE_WITH_KNOTS('',2,(#8302,#8303,#8304,#8305),
 .UNSPECIFIED.,.F.,.F.,(3,1,3),(0.,1.,2.),.UNSPECIFIED.);
#54=B_SPLINE_CURVE_WITH_KNOTS('',2,(#8307,#8308,#8309,#8310),
 .UNSPECIFIED.,.F.,.F.,(3,1,3),(-2.,-1.,0.),.UNSPECIFIED.);
#55=B_SPLINE_CURVE_WITH_KNOTS('',2,(#8321,#8322,#8323,#8324),
 .UNSPECIFIED.,.F.,.F.,(3,1,3),(0.,1.,2.),.UNSPECIFIED.);
#56=B_SPLINE_CURVE_WITH_KNOTS('',2,(#8326,#8327,#8328,#8329),
 .UNSPECIFIED.,.F.,.F.,(3,1,3),(-2.,-1.,0.),.UNSPECIFIED.);
#57=B_SPLINE_CURVE_WITH_KNOTS('',2,(#8370,#8371,#8372,#8373),
 .UNSPECIFIED.,.F.,.F.,(3,1,3),(0.,1.,2.),.UNSPECIFIED.);
#58=B_SPLINE_CURVE_WITH_KNOTS('',2,(#8375,#8376,#8377,#8378),
 .UNSPECIFIED.,.F.,.F.,(3,1,3),(-2.,-1.,0.),.UNSPECIFIED.);
#59=B_SPLINE_CURVE_WITH_KNOTS('',2,(#8389,#8390,#8391,#8392),
 .UNSPECIFIED.,.F.,.F.,(3,1,3),(0.,1.,2.),.UNSPECIFIED.);
#60=B_SPLINE_CURVE_WITH_KNOTS('',2,(#8394,#8395,#8396,#8397),
 .UNSPECIFIED.,.F.,.F.,(3,1,3),(-2.,-1.,0.),.UNSPECIFIED.);
#61=B_SPLINE_CURVE_WITH_KNOTS('',2,(#8420,#8421,#8422,#8423),
 .UNSPECIFIED.,.F.,.F.,(3,1,3),(0.,1.,2.),.UNSPECIFIED.);
#62=B_SPLINE_CURVE_WITH_KNOTS('',2,(#8427,#8428,#8429,#8430),
 .UNSPECIFIED.,.F.,.F.,(3,1,3),(-2.,-1.,0.),.UNSPECIFIED.);
#63=B_SPLINE_CURVE_WITH_KNOTS('',2,(#8441,#8442,#8443,#8444),
 .UNSPECIFIED.,.F.,.F.,(3,1,3),(0.,1.,2.),.UNSPECIFIED.);
#64=B_SPLINE_CURVE_WITH_KNOTS('',2,(#8446,#8447,#8448,#8449),
 .UNSPECIFIED.,.F.,.F.,(3,1,3),(-2.,-1.,0.),.UNSPECIFIED.);
#65=B_SPLINE_CURVE_WITH_KNOTS('',2,(#8460,#8461,#8462,#8463),
 .UNSPECIFIED.,.F.,.F.,(3,1,3),(0.,1.,2.),.UNSPECIFIED.);
#66=B_SPLINE_CURVE_WITH_KNOTS('',2,(#8465,#8466,#8467,#8468),
 .UNSPECIFIED.,.F.,.F.,(3,1,3),(-2.,-1.,0.),.UNSPECIFIED.);
#67=B_SPLINE_CURVE_WITH_KNOTS('',2,(#8479,#8480,#8481,#8482),
 .UNSPECIFIED.,.F.,.F.,(3,1,3),(0.,1.,2.),.UNSPECIFIED.);
#68=B_SPLINE_CURVE_WITH_KNOTS('',2,(#8484,#8485,#8486,#8487),
 .UNSPECIFIED.,.F.,.F.,(3,1,3),(-2.,-1.,0.),.UNSPECIFIED.);
#69=B_SPLINE_CURVE_WITH_KNOTS('',2,(#8498,#8499,#8500,#8501),
 .UNSPECIFIED.,.F.,.F.,(3,1,3),(0.,1.,2.),.UNSPECIFIED.);
#70=B_SPLINE_CURVE_WITH_KNOTS('',2,(#8503,#8504,#8505,#8506),
 .UNSPECIFIED.,.F.,.F.,(3,1,3),(-2.,-1.,0.),.UNSPECIFIED.);
#71=B_SPLINE_CURVE_WITH_KNOTS('',2,(#8529,#8530,#8531,#8532),
 .UNSPECIFIED.,.F.,.F.,(3,1,3),(0.,1.,2.),.UNSPECIFIED.);
#72=B_SPLINE_CURVE_WITH_KNOTS('',2,(#8534,#8535,#8536,#8537),
 .UNSPECIFIED.,.F.,.F.,(3,1,3),(-2.,-1.,0.),.UNSPECIFIED.);
#73=B_SPLINE_CURVE_WITH_KNOTS('',2,(#8548,#8549,#8550,#8551),
 .UNSPECIFIED.,.F.,.F.,(3,1,3),(0.,1.,2.),.UNSPECIFIED.);
#74=B_SPLINE_CURVE_WITH_KNOTS('',2,(#8553,#8554,#8555,#8556),
 .UNSPECIFIED.,.F.,.F.,(3,1,3),(-2.,-1.,0.),.UNSPECIFIED.);
#75=B_SPLINE_CURVE_WITH_KNOTS('',2,(#8567,#8568,#8569,#8570),
 .UNSPECIFIED.,.F.,.F.,(3,1,3),(0.,1.,2.),.UNSPECIFIED.);
#76=B_SPLINE_CURVE_WITH_KNOTS('',2,(#8572,#8573,#8574,#8575),
 .UNSPECIFIED.,.F.,.F.,(3,1,3),(-2.,-1.,0.),.UNSPECIFIED.);
#77=B_SPLINE_CURVE_WITH_KNOTS('',2,(#8586,#8587,#8588,#8589),
 .UNSPECIFIED.,.F.,.F.,(3,1,3),(0.,1.,2.),.UNSPECIFIED.);
#78=B_SPLINE_CURVE_WITH_KNOTS('',2,(#8591,#8592,#8593,#8594),
 .UNSPECIFIED.,.F.,.F.,(3,1,3),(-2.,-1.,0.),.UNSPECIFIED.);
#79=B_SPLINE_CURVE_WITH_KNOTS('',2,(#8605,#8606,#8607,#8608),
 .UNSPECIFIED.,.F.,.F.,(3,1,3),(0.,1.,2.),.UNSPECIFIED.);
#80=B_SPLINE_CURVE_WITH_KNOTS('',2,(#8610,#8611,#8612,#8613),
 .UNSPECIFIED.,.F.,.F.,(3,1,3),(-2.,-1.,0.),.UNSPECIFIED.);
#81=B_SPLINE_CURVE_WITH_KNOTS('',2,(#8624,#8625,#8626,#8627),
 .UNSPECIFIED.,.F.,.F.,(3,1,3),(0.,1.,2.),.UNSPECIFIED.);
#82=B_SPLINE_CURVE_WITH_KNOTS('',2,(#8629,#8630,#8631,#8632),
 .UNSPECIFIED.,.F.,.F.,(3,1,3),(-2.,-1.,0.),.UNSPECIFIED.);
#83=B_SPLINE_CURVE_WITH_KNOTS('',2,(#8643,#8644,#8645,#8646),
 .UNSPECIFIED.,.F.,.F.,(3,1,3),(0.,1.,2.),.UNSPECIFIED.);
#84=B_SPLINE_CURVE_WITH_KNOTS('',2,(#8648,#8649,#8650,#8651),
 .UNSPECIFIED.,.F.,.F.,(3,1,3),(-2.,-1.,0.),.UNSPECIFIED.);
#85=B_SPLINE_CURVE_WITH_KNOTS('',2,(#8662,#8663,#8664,#8665),
 .UNSPECIFIED.,.F.,.F.,(3,1,3),(0.,1.,2.),.UNSPECIFIED.);
#86=B_SPLINE_CURVE_WITH_KNOTS('',2,(#8667,#8668,#8669,#8670),
 .UNSPECIFIED.,.F.,.F.,(3,1,3),(-2.,-1.,0.),.UNSPECIFIED.);
#87=B_SPLINE_CURVE_WITH_KNOTS('',2,(#8693,#8694,#8695,#8696),
 .UNSPECIFIED.,.F.,.F.,(3,1,3),(0.,1.,2.),.UNSPECIFIED.);
#88=B_SPLINE_CURVE_WITH_KNOTS('',2,(#8698,#8699,#8700,#8701),
 .UNSPECIFIED.,.F.,.F.,(3,1,3),(-2.,-1.,0.),.UNSPECIFIED.);
#89=B_SPLINE_CURVE_WITH_KNOTS('',2,(#8712,#8713,#8714,#8715),
 .UNSPECIFIED.,.F.,.F.,(3,1,3),(0.,1.,2.),.UNSPECIFIED.);
#90=B_SPLINE_CURVE_WITH_KNOTS('',2,(#8717,#8718,#8719,#8720),
 .UNSPECIFIED.,.F.,.F.,(3,1,3),(-2.,-1.,0.),.UNSPECIFIED.);
#91=B_SPLINE_CURVE_WITH_KNOTS('',2,(#8730,#8731,#8732,#8733),
 .UNSPECIFIED.,.F.,.F.,(3,1,3),(0.,1.,2.),.UNSPECIFIED.);
#92=B_SPLINE_CURVE_WITH_KNOTS('',2,(#8734,#8735,#8736,#8737),
 .UNSPECIFIED.,.F.,.F.,(3,1,3),(-2.,-1.,0.),.UNSPECIFIED.);
#93=B_SPLINE_CURVE_WITH_KNOTS('',2,(#8952,#8953,#8954,#8955),
 .UNSPECIFIED.,.F.,.F.,(3,1,3),(0.,1.,2.),.UNSPECIFIED.);
#94=B_SPLINE_CURVE_WITH_KNOTS('',2,(#8959,#8960,#8961,#8962),
 .UNSPECIFIED.,.F.,.F.,(3,1,3),(-2.,-1.,0.),.UNSPECIFIED.);
#95=B_SPLINE_CURVE_WITH_KNOTS('',2,(#8973,#8974,#8975,#8976),
 .UNSPECIFIED.,.F.,.F.,(3,1,3),(0.,1.,2.),.UNSPECIFIED.);
#96=B_SPLINE_CURVE_WITH_KNOTS('',2,(#8979,#8980,#8981,#8982),
 .UNSPECIFIED.,.F.,.F.,(3,1,3),(-2.,-1.,0.),.UNSPECIFIED.);
#97=B_SPLINE_CURVE_WITH_KNOTS('',2,(#8992,#8993,#8994,#8995),
 .UNSPECIFIED.,.F.,.F.,(3,1,3),(0.,1.,2.),.UNSPECIFIED.);
#98=B_SPLINE_CURVE_WITH_KNOTS('',2,(#8998,#8999,#9000,#9001),
 .UNSPECIFIED.,.F.,.F.,(3,1,3),(-2.,-1.,0.),.UNSPECIFIED.);
#99=B_SPLINE_CURVE_WITH_KNOTS('',2,(#9010,#9011,#9012,#9013),
 .UNSPECIFIED.,.F.,.F.,(3,1,3),(0.,1.,2.),.UNSPECIFIED.);
#100=B_SPLINE_CURVE_WITH_KNOTS('',2,(#9014,#9015,#9016,#9017),
 .UNSPECIFIED.,.F.,.F.,(3,1,3),(-2.,-1.,0.),.UNSPECIFIED.);
#101=B_SPLINE_CURVE_WITH_KNOTS('',2,(#9028,#9029,#9030,#9031),
 .UNSPECIFIED.,.F.,.F.,(3,1,3),(0.,1.,2.),.UNSPECIFIED.);
#102=B_SPLINE_CURVE_WITH_KNOTS('',2,(#9035,#9036,#9037,#9038),
 .UNSPECIFIED.,.F.,.F.,(3,1,3),(-2.,-1.,0.),.UNSPECIFIED.);
#103=B_SPLINE_CURVE_WITH_KNOTS('',2,(#9049,#9050,#9051,#9052),
 .UNSPECIFIED.,.F.,.F.,(3,1,3),(0.,1.,2.),.UNSPECIFIED.);
#104=B_SPLINE_CURVE_WITH_KNOTS('',2,(#9054,#9055,#9056,#9057),
 .UNSPECIFIED.,.F.,.F.,(3,1,3),(-2.,-1.,0.),.UNSPECIFIED.);
#105=B_SPLINE_CURVE_WITH_KNOTS('',2,(#9068,#9069,#9070,#9071),
 .UNSPECIFIED.,.F.,.F.,(3,1,3),(0.,1.,2.),.UNSPECIFIED.);
#106=B_SPLINE_CURVE_WITH_KNOTS('',2,(#9073,#9074,#9075,#9076),
 .UNSPECIFIED.,.F.,.F.,(3,1,3),(-2.,-1.,0.),.UNSPECIFIED.);
#107=B_SPLINE_CURVE_WITH_KNOTS('',2,(#9086,#9087,#9088,#9089),
 .UNSPECIFIED.,.F.,.F.,(3,1,3),(0.,1.,2.),.UNSPECIFIED.);
#108=B_SPLINE_CURVE_WITH_KNOTS('',2,(#9090,#9091,#9092,#9093),
 .UNSPECIFIED.,.F.,.F.,(3,1,3),(-2.,-1.,0.),.UNSPECIFIED.);
#109=B_SPLINE_CURVE_WITH_KNOTS('',2,(#9114,#9115,#9116,#9117),
 .UNSPECIFIED.,.F.,.F.,(3,1,3),(0.,1.,2.),.UNSPECIFIED.);
#110=B_SPLINE_CURVE_WITH_KNOTS('',2,(#9119,#9120,#9121,#9122),
 .UNSPECIFIED.,.F.,.F.,(3,1,3),(-2.,-1.,0.),.UNSPECIFIED.);
#111=B_SPLINE_CURVE_WITH_KNOTS('',2,(#9133,#9134,#9135,#9136),
 .UNSPECIFIED.,.F.,.F.,(3,1,3),(0.,1.,2.),.UNSPECIFIED.);
#112=B_SPLINE_CURVE_WITH_KNOTS('',2,(#9138,#9139,#9140,#9141),
 .UNSPECIFIED.,.F.,.F.,(3,1,3),(-2.,-1.,0.),.UNSPECIFIED.);
#113=B_SPLINE_CURVE_WITH_KNOTS('',2,(#9152,#9153,#9154,#9155),
 .UNSPECIFIED.,.F.,.F.,(3,1,3),(0.,1.,2.),.UNSPECIFIED.);
#114=B_SPLINE_CURVE_WITH_KNOTS('',2,(#9157,#9158,#9159,#9160),
 .UNSPECIFIED.,.F.,.F.,(3,1,3),(-2.,-1.,0.),.UNSPECIFIED.);
#115=B_SPLINE_CURVE_WITH_KNOTS('',2,(#9201,#9202,#9203,#9204),
 .UNSPECIFIED.,.F.,.F.,(3,1,3),(0.,1.,2.),.UNSPECIFIED.);
#116=B_SPLINE_CURVE_WITH_KNOTS('',2,(#9206,#9207,#9208,#9209),
 .UNSPECIFIED.,.F.,.F.,(3,1,3),(-2.,-1.,0.),.UNSPECIFIED.);
#117=B_SPLINE_CURVE_WITH_KNOTS('',2,(#9220,#9221,#9222,#9223),
 .UNSPECIFIED.,.F.,.F.,(3,1,3),(0.,1.,2.),.UNSPECIFIED.);
#118=B_SPLINE_CURVE_WITH_KNOTS('',2,(#9225,#9226,#9227,#9228),
 .UNSPECIFIED.,.F.,.F.,(3,1,3),(-2.,-1.,0.),.UNSPECIFIED.);
#119=B_SPLINE_CURVE_WITH_KNOTS('',2,(#9259,#9260,#9261,#9262),
 .UNSPECIFIED.,.F.,.F.,(3,1,3),(0.,1.,2.),.UNSPECIFIED.);
#120=B_SPLINE_CURVE_WITH_KNOTS('',2,(#9265,#9266,#9267,#9268),
 .UNSPECIFIED.,.F.,.F.,(3,1,3),(-2.,-1.,0.),.UNSPECIFIED.);
#121=B_SPLINE_CURVE_WITH_KNOTS('',2,(#9278,#9279,#9280,#9281),
 .UNSPECIFIED.,.F.,.F.,(3,1,3),(0.,1.,2.),.UNSPECIFIED.);
#122=B_SPLINE_CURVE_WITH_KNOTS('',2,(#9284,#9285,#9286,#9287),
 .UNSPECIFIED.,.F.,.F.,(3,1,3),(-2.,-1.,0.),.UNSPECIFIED.);
#123=B_SPLINE_CURVE_WITH_KNOTS('',2,(#9297,#9298,#9299,#9300),
 .UNSPECIFIED.,.F.,.F.,(3,1,3),(0.,1.,2.),.UNSPECIFIED.);
#124=B_SPLINE_CURVE_WITH_KNOTS('',2,(#9303,#9304,#9305,#9306),
 .UNSPECIFIED.,.F.,.F.,(3,1,3),(-2.,-1.,0.),.UNSPECIFIED.);
#125=B_SPLINE_CURVE_WITH_KNOTS('',2,(#9315,#9316,#9317,#9318),
 .UNSPECIFIED.,.F.,.F.,(3,1,3),(0.,1.,2.),.UNSPECIFIED.);
#126=B_SPLINE_CURVE_WITH_KNOTS('',2,(#9319,#9320,#9321,#9322),
 .UNSPECIFIED.,.F.,.F.,(3,1,3),(-2.,-1.,0.),.UNSPECIFIED.);
#127=B_SPLINE_CURVE_WITH_KNOTS('',2,(#9333,#9334,#9335,#9336),
 .UNSPECIFIED.,.F.,.F.,(3,1,3),(0.,1.,2.),.UNSPECIFIED.);
#128=B_SPLINE_CURVE_WITH_KNOTS('',2,(#9340,#9341,#9342,#9343),
 .UNSPECIFIED.,.F.,.F.,(3,1,3),(-2.,-1.,0.),.UNSPECIFIED.);
#129=B_SPLINE_CURVE_WITH_KNOTS('',2,(#9354,#9355,#9356,#9357),
 .UNSPECIFIED.,.F.,.F.,(3,1,3),(0.,1.,2.),.UNSPECIFIED.);
#130=B_SPLINE_CURVE_WITH_KNOTS('',2,(#9359,#9360,#9361,#9362),
 .UNSPECIFIED.,.F.,.F.,(3,1,3),(-2.,-1.,0.),.UNSPECIFIED.);
#131=B_SPLINE_CURVE_WITH_KNOTS('',2,(#9373,#9374,#9375,#9376),
 .UNSPECIFIED.,.F.,.F.,(3,1,3),(0.,1.,2.),.UNSPECIFIED.);
#132=B_SPLINE_CURVE_WITH_KNOTS('',2,(#9378,#9379,#9380,#9381),
 .UNSPECIFIED.,.F.,.F.,(3,1,3),(-2.,-1.,0.),.UNSPECIFIED.);
#133=B_SPLINE_CURVE_WITH_KNOTS('',2,(#9404,#9405,#9406,#9407),
 .UNSPECIFIED.,.F.,.F.,(3,1,3),(0.,1.,2.),.UNSPECIFIED.);
#134=B_SPLINE_CURVE_WITH_KNOTS('',2,(#9409,#9410,#9411,#9412),
 .UNSPECIFIED.,.F.,.F.,(3,1,3),(-2.,-1.,0.),.UNSPECIFIED.);
#135=B_SPLINE_CURVE_WITH_KNOTS('',2,(#9423,#9424,#9425,#9426),
 .UNSPECIFIED.,.F.,.F.,(3,1,3),(0.,1.,2.),.UNSPECIFIED.);
#136=B_SPLINE_CURVE_WITH_KNOTS('',2,(#9428,#9429,#9430,#9431),
 .UNSPECIFIED.,.F.,.F.,(3,1,3),(-2.,-1.,0.),.UNSPECIFIED.);
#137=B_SPLINE_CURVE_WITH_KNOTS('',2,(#9442,#9443,#9444,#9445),
 .UNSPECIFIED.,.F.,.F.,(3,1,3),(0.,1.,2.),.UNSPECIFIED.);
#138=B_SPLINE_CURVE_WITH_KNOTS('',2,(#9447,#9448,#9449,#9450),
 .UNSPECIFIED.,.F.,.F.,(3,1,3),(-2.,-1.,0.),.UNSPECIFIED.);
#139=B_SPLINE_CURVE_WITH_KNOTS('',2,(#9473,#9474,#9475,#9476),
 .UNSPECIFIED.,.F.,.F.,(3,1,3),(0.,1.,2.),.UNSPECIFIED.);
#140=B_SPLINE_CURVE_WITH_KNOTS('',2,(#9478,#9479,#9480,#9481),
 .UNSPECIFIED.,.F.,.F.,(3,1,3),(-2.,-1.,0.),.UNSPECIFIED.);
#141=B_SPLINE_CURVE_WITH_KNOTS('',2,(#9492,#9493,#9494,#9495),
 .UNSPECIFIED.,.F.,.F.,(3,1,3),(0.,1.,2.),.UNSPECIFIED.);
#142=B_SPLINE_CURVE_WITH_KNOTS('',2,(#9497,#9498,#9499,#9500),
 .UNSPECIFIED.,.F.,.F.,(3,1,3),(-2.,-1.,0.),.UNSPECIFIED.);
#143=B_SPLINE_CURVE_WITH_KNOTS('',2,(#9510,#9511,#9512,#9513),
 .UNSPECIFIED.,.F.,.F.,(3,1,3),(0.,1.,2.),.UNSPECIFIED.);
#144=B_SPLINE_CURVE_WITH_KNOTS('',2,(#9514,#9515,#9516,#9517),
 .UNSPECIFIED.,.F.,.F.,(3,1,3),(-2.,-1.,0.),.UNSPECIFIED.);
#145=B_SPLINE_CURVE_WITH_KNOTS('',2,(#9530,#9531,#9532,#9533),
 .UNSPECIFIED.,.F.,.F.,(3,1,3),(0.,1.,2.),.UNSPECIFIED.);
#146=B_SPLINE_CURVE_WITH_KNOTS('',2,(#9537,#9538,#9539,#9540),
 .UNSPECIFIED.,.F.,.F.,(3,1,3),(-2.,-1.,0.),.UNSPECIFIED.);
#147=B_SPLINE_CURVE_WITH_KNOTS('',2,(#9551,#9552,#9553,#9554),
 .UNSPECIFIED.,.F.,.F.,(3,1,3),(0.,1.,2.),.UNSPECIFIED.);
#148=B_SPLINE_CURVE_WITH_KNOTS('',2,(#9556,#9557,#9558,#9559),
 .UNSPECIFIED.,.F.,.F.,(3,1,3),(-2.,-1.,0.),.UNSPECIFIED.);
#149=B_SPLINE_CURVE_WITH_KNOTS('',2,(#9570,#9571,#9572,#9573),
 .UNSPECIFIED.,.F.,.F.,(3,1,3),(0.,1.,2.),.UNSPECIFIED.);
#150=B_SPLINE_CURVE_WITH_KNOTS('',2,(#9575,#9576,#9577,#9578),
 .UNSPECIFIED.,.F.,.F.,(3,1,3),(-2.,-1.,0.),.UNSPECIFIED.);
#151=B_SPLINE_CURVE_WITH_KNOTS('',2,(#9589,#9590,#9591,#9592),
 .UNSPECIFIED.,.F.,.F.,(3,1,3),(0.,1.,2.),.UNSPECIFIED.);
#152=B_SPLINE_CURVE_WITH_KNOTS('',2,(#9594,#9595,#9596,#9597),
 .UNSPECIFIED.,.F.,.F.,(3,1,3),(-2.,-1.,0.),.UNSPECIFIED.);
#153=B_SPLINE_CURVE_WITH_KNOTS('',2,(#9620,#9621,#9622,#9623),
 .UNSPECIFIED.,.F.,.F.,(3,1,3),(0.,1.,2.),.UNSPECIFIED.);
#154=B_SPLINE_CURVE_WITH_KNOTS('',2,(#9625,#9626,#9627,#9628),
 .UNSPECIFIED.,.F.,.F.,(3,1,3),(-2.,-1.,0.),.UNSPECIFIED.);
#155=B_SPLINE_CURVE_WITH_KNOTS('',2,(#9639,#9640,#9641,#9642),
 .UNSPECIFIED.,.F.,.F.,(3,1,3),(0.,1.,2.),.UNSPECIFIED.);
#156=B_SPLINE_CURVE_WITH_KNOTS('',2,(#9644,#9645,#9646,#9647),
 .UNSPECIFIED.,.F.,.F.,(3,1,3),(-2.,-1.,0.),.UNSPECIFIED.);
#157=B_SPLINE_CURVE_WITH_KNOTS('',2,(#9658,#9659,#9660,#9661),
 .UNSPECIFIED.,.F.,.F.,(3,1,3),(0.,1.,2.),.UNSPECIFIED.);
#158=B_SPLINE_CURVE_WITH_KNOTS('',2,(#9663,#9664,#9665,#9666),
 .UNSPECIFIED.,.F.,.F.,(3,1,3),(-2.,-1.,0.),.UNSPECIFIED.);
#159=B_SPLINE_CURVE_WITH_KNOTS('',2,(#9677,#9678,#9679,#9680),
 .UNSPECIFIED.,.F.,.F.,(3,1,3),(0.,1.,2.),.UNSPECIFIED.);
#160=B_SPLINE_CURVE_WITH_KNOTS('',2,(#9682,#9683,#9684,#9685),
 .UNSPECIFIED.,.F.,.F.,(3,1,3),(-2.,-1.,0.),.UNSPECIFIED.);
#161=B_SPLINE_CURVE_WITH_KNOTS('',2,(#9696,#9697,#9698,#9699),
 .UNSPECIFIED.,.F.,.F.,(3,1,3),(0.,1.,2.),.UNSPECIFIED.);
#162=B_SPLINE_CURVE_WITH_KNOTS('',2,(#9701,#9702,#9703,#9704),
 .UNSPECIFIED.,.F.,.F.,(3,1,3),(-2.,-1.,0.),.UNSPECIFIED.);
#163=B_SPLINE_CURVE_WITH_KNOTS('',2,(#9727,#9728,#9729,#9730),
 .UNSPECIFIED.,.F.,.F.,(3,1,3),(0.,1.,2.),.UNSPECIFIED.);
#164=B_SPLINE_CURVE_WITH_KNOTS('',2,(#9732,#9733,#9734,#9735),
 .UNSPECIFIED.,.F.,.F.,(3,1,3),(-2.,-1.,0.),.UNSPECIFIED.);
#165=B_SPLINE_CURVE_WITH_KNOTS('',2,(#9746,#9747,#9748,#9749),
 .UNSPECIFIED.,.F.,.F.,(3,1,3),(0.,1.,2.),.UNSPECIFIED.);
#166=B_SPLINE_CURVE_WITH_KNOTS('',2,(#9751,#9752,#9753,#9754),
 .UNSPECIFIED.,.F.,.F.,(3,1,3),(-2.,-1.,0.),.UNSPECIFIED.);
#167=B_SPLINE_CURVE_WITH_KNOTS('',2,(#9764,#9765,#9766,#9767),
 .UNSPECIFIED.,.F.,.F.,(3,1,3),(0.,1.,2.),.UNSPECIFIED.);
#168=B_SPLINE_CURVE_WITH_KNOTS('',2,(#9768,#9769,#9770,#9771),
 .UNSPECIFIED.,.F.,.F.,(3,1,3),(-2.,-1.,0.),.UNSPECIFIED.);
#169=B_SPLINE_SURFACE_WITH_KNOTS('',2,1,((#7932,#7933),(#7934,#7935),(#7936,
#7937),(#7938,#7939)),.UNSPECIFIED.,.F.,.F.,.F.,(3,1,3),(2,2),(-2.,-1.,
0.),(0.,0.01),.UNSPECIFIED.);
#170=B_SPLINE_SURFACE_WITH_KNOTS('',2,1,((#7951,#7952),(#7953,#7954),(#7955,
#7956),(#7957,#7958)),.UNSPECIFIED.,.F.,.F.,.F.,(3,1,3),(2,2),(-2.,-1.,
0.),(0.,0.01),.UNSPECIFIED.);
#171=B_SPLINE_SURFACE_WITH_KNOTS('',2,1,((#7970,#7971),(#7972,#7973),(#7974,
#7975),(#7976,#7977)),.UNSPECIFIED.,.F.,.F.,.F.,(3,1,3),(2,2),(-2.,-1.,
0.),(0.,0.01),.UNSPECIFIED.);
#172=B_SPLINE_SURFACE_WITH_KNOTS('',2,1,((#8001,#8002),(#8003,#8004),(#8005,
#8006),(#8007,#8008)),.UNSPECIFIED.,.F.,.F.,.F.,(3,1,3),(2,2),(-2.,-1.,
0.),(0.,0.01),.UNSPECIFIED.);
#173=B_SPLINE_SURFACE_WITH_KNOTS('',2,1,((#8020,#8021),(#8022,#8023),(#8024,
#8025),(#8026,#8027)),.UNSPECIFIED.,.F.,.F.,.F.,(3,1,3),(2,2),(-2.,-1.,
0.),(0.,0.01),.UNSPECIFIED.);
#174=B_SPLINE_SURFACE_WITH_KNOTS('',2,1,((#8159,#8160),(#8161,#8162),(#8163,
#8164),(#8165,#8166)),.UNSPECIFIED.,.F.,.F.,.F.,(3,1,3),(2,2),(-2.,-1.,
0.),(0.,0.01),.UNSPECIFIED.);
#175=B_SPLINE_SURFACE_WITH_KNOTS('',2,1,((#8178,#8179),(#8180,#8181),(#8182,
#8183),(#8184,#8185)),.UNSPECIFIED.,.F.,.F.,.F.,(3,1,3),(2,2),(-2.,-1.,
0.),(0.,0.01),.UNSPECIFIED.);
#176=B_SPLINE_SURFACE_WITH_KNOTS('',2,1,((#8197,#8198),(#8199,#8200),(#8201,
#8202),(#8203,#8204)),.UNSPECIFIED.,.F.,.F.,.F.,(3,1,3),(2,2),(-2.,-1.,
0.),(0.,0.01),.UNSPECIFIED.);
#177=B_SPLINE_SURFACE_WITH_KNOTS('',2,1,((#8228,#8229),(#8230,#8231),(#8232,
#8233),(#8234,#8235)),.UNSPECIFIED.,.F.,.F.,.F.,(3,1,3),(2,2),(-2.,-1.,
0.),(0.,0.01),.UNSPECIFIED.);
#178=B_SPLINE_SURFACE_WITH_KNOTS('',2,1,((#8247,#8248),(#8249,#8250),(#8251,
#8252),(#8253,#8254)),.UNSPECIFIED.,.F.,.F.,.F.,(3,1,3),(2,2),(-2.,-1.,
0.),(0.,0.01),.UNSPECIFIED.);
#179=B_SPLINE_SURFACE_WITH_KNOTS('',2,1,((#8274,#8275),(#8276,#8277),(#8278,
#8279),(#8280,#8281)),.UNSPECIFIED.,.F.,.F.,.F.,(3,1,3),(2,2),(-2.,-1.,
0.),(0.,0.01),.UNSPECIFIED.);
#180=B_SPLINE_SURFACE_WITH_KNOTS('',2,1,((#8293,#8294),(#8295,#8296),(#8297,
#8298),(#8299,#8300)),.UNSPECIFIED.,.F.,.F.,.F.,(3,1,3),(2,2),(-2.,-1.,
0.),(0.,0.01),.UNSPECIFIED.);
#181=B_SPLINE_SURFACE_WITH_KNOTS('',2,1,((#8312,#8313),(#8314,#8315),(#8316,
#8317),(#8318,#8319)),.UNSPECIFIED.,.F.,.F.,.F.,(3,1,3),(2,2),(-2.,-1.,
0.),(0.,0.01),.UNSPECIFIED.);
#182=B_SPLINE_SURFACE_WITH_KNOTS('',2,1,((#8361,#8362),(#8363,#8364),(#8365,
#8366),(#8367,#8368)),.UNSPECIFIED.,.F.,.F.,.F.,(3,1,3),(2,2),(-2.,-1.,
0.),(0.,0.01),.UNSPECIFIED.);
#183=B_SPLINE_SURFACE_WITH_KNOTS('',2,1,((#8380,#8381),(#8382,#8383),(#8384,
#8385),(#8386,#8387)),.UNSPECIFIED.,.F.,.F.,.F.,(3,1,3),(2,2),(-2.,-1.,
0.),(0.,0.01),.UNSPECIFIED.);
#184=B_SPLINE_SURFACE_WITH_KNOTS('',2,1,((#8410,#8411),(#8412,#8413),(#8414,
#8415),(#8416,#8417)),.UNSPECIFIED.,.F.,.F.,.F.,(3,1,3),(2,2),(-2.,-1.,
0.),(0.,0.01),.UNSPECIFIED.);
#185=B_SPLINE_SURFACE_WITH_KNOTS('',2,1,((#8432,#8433),(#8434,#8435),(#8436,
#8437),(#8438,#8439)),.UNSPECIFIED.,.F.,.F.,.F.,(3,1,3),(2,2),(-2.,-1.,
0.),(0.,0.01),.UNSPECIFIED.);
#186=B_SPLINE_SURFACE_WITH_KNOTS('',2,1,((#8451,#8452),(#8453,#8454),(#8455,
#8456),(#8457,#8458)),.UNSPECIFIED.,.F.,.F.,.F.,(3,1,3),(2,2),(-2.,-1.,
0.),(0.,0.01),.UNSPECIFIED.);
#187=B_SPLINE_SURFACE_WITH_KNOTS('',2,1,((#8470,#8471),(#8472,#8473),(#8474,
#8475),(#8476,#8477)),.UNSPECIFIED.,.F.,.F.,.F.,(3,1,3),(2,2),(-2.,-1.,
0.),(0.,0.01),.UNSPECIFIED.);
#188=B_SPLINE_SURFACE_WITH_KNOTS('',2,1,((#8489,#8490),(#8491,#8492),(#8493,
#8494),(#8495,#8496)),.UNSPECIFIED.,.F.,.F.,.F.,(3,1,3),(2,2),(-2.,-1.,
0.),(0.,0.01),.UNSPECIFIED.);
#189=B_SPLINE_SURFACE_WITH_KNOTS('',2,1,((#8520,#8521),(#8522,#8523),(#8524,
#8525),(#8526,#8527)),.UNSPECIFIED.,.F.,.F.,.F.,(3,1,3),(2,2),(-2.,-1.,
0.),(0.,0.01),.UNSPECIFIED.);
#190=B_SPLINE_SURFACE_WITH_KNOTS('',2,1,((#8539,#8540),(#8541,#8542),(#8543,
#8544),(#8545,#8546)),.UNSPECIFIED.,.F.,.F.,.F.,(3,1,3),(2,2),(-2.,-1.,
0.),(0.,0.01),.UNSPECIFIED.);
#191=B_SPLINE_SURFACE_WITH_KNOTS('',2,1,((#8558,#8559),(#8560,#8561),(#8562,
#8563),(#8564,#8565)),.UNSPECIFIED.,.F.,.F.,.F.,(3,1,3),(2,2),(-2.,-1.,
0.),(0.,0.01),.UNSPECIFIED.);
#192=B_SPLINE_SURFACE_WITH_KNOTS('',2,1,((#8577,#8578),(#8579,#8580),(#8581,
#8582),(#8583,#8584)),.UNSPECIFIED.,.F.,.F.,.F.,(3,1,3),(2,2),(-2.,-1.,
0.),(0.,0.01),.UNSPECIFIED.);
#193=B_SPLINE_SURFACE_WITH_KNOTS('',2,1,((#8596,#8597),(#8598,#8599),(#8600,
#8601),(#8602,#8603)),.UNSPECIFIED.,.F.,.F.,.F.,(3,1,3),(2,2),(-2.,-1.,
0.),(0.,0.01),.UNSPECIFIED.);
#194=B_SPLINE_SURFACE_WITH_KNOTS('',2,1,((#8615,#8616),(#8617,#8618),(#8619,
#8620),(#8621,#8622)),.UNSPECIFIED.,.F.,.F.,.F.,(3,1,3),(2,2),(-2.,-1.,
0.),(0.,0.01),.UNSPECIFIED.);
#195=B_SPLINE_SURFACE_WITH_KNOTS('',2,1,((#8634,#8635),(#8636,#8637),(#8638,
#8639),(#8640,#8641)),.UNSPECIFIED.,.F.,.F.,.F.,(3,1,3),(2,2),(-2.,-1.,
0.),(0.,0.01),.UNSPECIFIED.);
#196=B_SPLINE_SURFACE_WITH_KNOTS('',2,1,((#8653,#8654),(#8655,#8656),(#8657,
#8658),(#8659,#8660)),.UNSPECIFIED.,.F.,.F.,.F.,(3,1,3),(2,2),(-2.,-1.,
0.),(0.,0.01),.UNSPECIFIED.);
#197=B_SPLINE_SURFACE_WITH_KNOTS('',2,1,((#8684,#8685),(#8686,#8687),(#8688,
#8689),(#8690,#8691)),.UNSPECIFIED.,.F.,.F.,.F.,(3,1,3),(2,2),(-2.,-1.,
0.),(0.,0.01),.UNSPECIFIED.);
#198=B_SPLINE_SURFACE_WITH_KNOTS('',2,1,((#8703,#8704),(#8705,#8706),(#8707,
#8708),(#8709,#8710)),.UNSPECIFIED.,.F.,.F.,.F.,(3,1,3),(2,2),(-2.,-1.,
0.),(0.,0.01),.UNSPECIFIED.);
#199=B_SPLINE_SURFACE_WITH_KNOTS('',2,1,((#8722,#8723),(#8724,#8725),(#8726,
#8727),(#8728,#8729)),.UNSPECIFIED.,.F.,.F.,.F.,(3,1,3),(2,2),(-2.,-1.,
0.),(0.,0.01),.UNSPECIFIED.);
#200=B_SPLINE_SURFACE_WITH_KNOTS('',2,1,((#8942,#8943),(#8944,#8945),(#8946,
#8947),(#8948,#8949)),.UNSPECIFIED.,.F.,.F.,.F.,(3,1,3),(2,2),(0.,1.,2.),
(0.,0.01),.UNSPECIFIED.);
#201=B_SPLINE_SURFACE_WITH_KNOTS('',2,1,((#8964,#8965),(#8966,#8967),(#8968,
#8969),(#8970,#8971)),.UNSPECIFIED.,.F.,.F.,.F.,(3,1,3),(2,2),(0.,1.,2.),
(0.,0.01),.UNSPECIFIED.);
#202=B_SPLINE_SURFACE_WITH_KNOTS('',2,1,((#8983,#8984),(#8985,#8986),(#8987,
#8988),(#8989,#8990)),.UNSPECIFIED.,.F.,.F.,.F.,(3,1,3),(2,2),(0.,1.,2.),
(0.,0.01),.UNSPECIFIED.);
#203=B_SPLINE_SURFACE_WITH_KNOTS('',2,1,((#9002,#9003),(#9004,#9005),(#9006,
#9007),(#9008,#9009)),.UNSPECIFIED.,.F.,.F.,.F.,(3,1,3),(2,2),(0.,1.,2.),
(0.,0.01),.UNSPECIFIED.);
#204=B_SPLINE_SURFACE_WITH_KNOTS('',2,1,((#9018,#9019),(#9020,#9021),(#9022,
#9023),(#9024,#9025)),.UNSPECIFIED.,.F.,.F.,.F.,(3,1,3),(2,2),(-2.,-1.,
0.),(0.,0.01),.UNSPECIFIED.);
#205=B_SPLINE_SURFACE_WITH_KNOTS('',2,1,((#9040,#9041),(#9042,#9043),(#9044,
#9045),(#9046,#9047)),.UNSPECIFIED.,.F.,.F.,.F.,(3,1,3),(2,2),(-2.,-1.,
0.),(0.,0.01),.UNSPECIFIED.);
#206=B_SPLINE_SURFACE_WITH_KNOTS('',2,1,((#9059,#9060),(#9061,#9062),(#9063,
#9064),(#9065,#9066)),.UNSPECIFIED.,.F.,.F.,.F.,(3,1,3),(2,2),(-2.,-1.,
0.),(0.,0.01),.UNSPECIFIED.);
#207=B_SPLINE_SURFACE_WITH_KNOTS('',2,1,((#9078,#9079),(#9080,#9081),(#9082,
#9083),(#9084,#9085)),.UNSPECIFIED.,.F.,.F.,.F.,(3,1,3),(2,2),(-2.,-1.,
0.),(0.,0.01),.UNSPECIFIED.);
#208=B_SPLINE_SURFACE_WITH_KNOTS('',2,1,((#9105,#9106),(#9107,#9108),(#9109,
#9110),(#9111,#9112)),.UNSPECIFIED.,.F.,.F.,.F.,(3,1,3),(2,2),(-2.,-1.,
0.),(0.,0.01),.UNSPECIFIED.);
#209=B_SPLINE_SURFACE_WITH_KNOTS('',2,1,((#9124,#9125),(#9126,#9127),(#9128,
#9129),(#9130,#9131)),.UNSPECIFIED.,.F.,.F.,.F.,(3,1,3),(2,2),(-2.,-1.,
0.),(0.,0.01),.UNSPECIFIED.);
#210=B_SPLINE_SURFACE_WITH_KNOTS('',2,1,((#9143,#9144),(#9145,#9146),(#9147,
#9148),(#9149,#9150)),.UNSPECIFIED.,.F.,.F.,.F.,(3,1,3),(2,2),(-2.,-1.,
0.),(0.,0.01),.UNSPECIFIED.);
#211=B_SPLINE_SURFACE_WITH_KNOTS('',2,1,((#9192,#9193),(#9194,#9195),(#9196,
#9197),(#9198,#9199)),.UNSPECIFIED.,.F.,.F.,.F.,(3,1,3),(2,2),(-2.,-1.,
0.),(0.,0.01),.UNSPECIFIED.);
#212=B_SPLINE_SURFACE_WITH_KNOTS('',2,1,((#9211,#9212),(#9213,#9214),(#9215,
#9216),(#9217,#9218)),.UNSPECIFIED.,.F.,.F.,.F.,(3,1,3),(2,2),(-2.,-1.,
0.),(0.,0.01),.UNSPECIFIED.);
#213=B_SPLINE_SURFACE_WITH_KNOTS('',2,1,((#9250,#9251),(#9252,#9253),(#9254,
#9255),(#9256,#9257)),.UNSPECIFIED.,.F.,.F.,.F.,(3,1,3),(2,2),(0.,1.,2.),
(0.,0.01),.UNSPECIFIED.);
#214=B_SPLINE_SURFACE_WITH_KNOTS('',2,1,((#9269,#9270),(#9271,#9272),(#9273,
#9274),(#9275,#9276)),.UNSPECIFIED.,.F.,.F.,.F.,(3,1,3),(2,2),(0.,1.,2.),
(0.,0.01),.UNSPECIFIED.);
#215=B_SPLINE_SURFACE_WITH_KNOTS('',2,1,((#9288,#9289),(#9290,#9291),(#9292,
#9293),(#9294,#9295)),.UNSPECIFIED.,.F.,.F.,.F.,(3,1,3),(2,2),(0.,1.,2.),
(0.,0.01),.UNSPECIFIED.);
#216=B_SPLINE_SURFACE_WITH_KNOTS('',2,1,((#9307,#9308),(#9309,#9310),(#9311,
#9312),(#9313,#9314)),.UNSPECIFIED.,.F.,.F.,.F.,(3,1,3),(2,2),(0.,1.,2.),
(0.,0.01),.UNSPECIFIED.);
#217=B_SPLINE_SURFACE_WITH_KNOTS('',2,1,((#9323,#9324),(#9325,#9326),(#9327,
#9328),(#9329,#9330)),.UNSPECIFIED.,.F.,.F.,.F.,(3,1,3),(2,2),(-2.,-1.,
0.),(0.,0.01),.UNSPECIFIED.);
#218=B_SPLINE_SURFACE_WITH_KNOTS('',2,1,((#9345,#9346),(#9347,#9348),(#9349,
#9350),(#9351,#9352)),.UNSPECIFIED.,.F.,.F.,.F.,(3,1,3),(2,2),(-2.,-1.,
0.),(0.,0.01),.UNSPECIFIED.);
#219=B_SPLINE_SURFACE_WITH_KNOTS('',2,1,((#9364,#9365),(#9366,#9367),(#9368,
#9369),(#9370,#9371)),.UNSPECIFIED.,.F.,.F.,.F.,(3,1,3),(2,2),(-2.,-1.,
0.),(0.,0.01),.UNSPECIFIED.);
#220=B_SPLINE_SURFACE_WITH_KNOTS('',2,1,((#9395,#9396),(#9397,#9398),(#9399,
#9400),(#9401,#9402)),.UNSPECIFIED.,.F.,.F.,.F.,(3,1,3),(2,2),(-2.,-1.,
0.),(0.,0.01),.UNSPECIFIED.);
#221=B_SPLINE_SURFACE_WITH_KNOTS('',2,1,((#9414,#9415),(#9416,#9417),(#9418,
#9419),(#9420,#9421)),.UNSPECIFIED.,.F.,.F.,.F.,(3,1,3),(2,2),(-2.,-1.,
0.),(0.,0.01),.UNSPECIFIED.);
#222=B_SPLINE_SURFACE_WITH_KNOTS('',2,1,((#9433,#9434),(#9435,#9436),(#9437,
#9438),(#9439,#9440)),.UNSPECIFIED.,.F.,.F.,.F.,(3,1,3),(2,2),(-2.,-1.,
0.),(0.,0.01),.UNSPECIFIED.);
#223=B_SPLINE_SURFACE_WITH_KNOTS('',2,1,((#9464,#9465),(#9466,#9467),(#9468,
#9469),(#9470,#9471)),.UNSPECIFIED.,.F.,.F.,.F.,(3,1,3),(2,2),(-2.,-1.,
0.),(0.,0.01),.UNSPECIFIED.);
#224=B_SPLINE_SURFACE_WITH_KNOTS('',2,1,((#9483,#9484),(#9485,#9486),(#9487,
#9488),(#9489,#9490)),.UNSPECIFIED.,.F.,.F.,.F.,(3,1,3),(2,2),(-2.,-1.,
0.),(0.,0.01),.UNSPECIFIED.);
#225=B_SPLINE_SURFACE_WITH_KNOTS('',2,1,((#9502,#9503),(#9504,#9505),(#9506,
#9507),(#9508,#9509)),.UNSPECIFIED.,.F.,.F.,.F.,(3,1,3),(2,2),(-2.,-1.,
0.),(0.,0.01),.UNSPECIFIED.);
#226=B_SPLINE_SURFACE_WITH_KNOTS('',2,1,((#9520,#9521),(#9522,#9523),(#9524,
#9525),(#9526,#9527)),.UNSPECIFIED.,.F.,.F.,.F.,(3,1,3),(2,2),(-2.,-1.,
0.),(0.,0.01),.UNSPECIFIED.);
#227=B_SPLINE_SURFACE_WITH_KNOTS('',2,1,((#9542,#9543),(#9544,#9545),(#9546,
#9547),(#9548,#9549)),.UNSPECIFIED.,.F.,.F.,.F.,(3,1,3),(2,2),(-2.,-1.,
0.),(0.,0.01),.UNSPECIFIED.);
#228=B_SPLINE_SURFACE_WITH_KNOTS('',2,1,((#9561,#9562),(#9563,#9564),(#9565,
#9566),(#9567,#9568)),.UNSPECIFIED.,.F.,.F.,.F.,(3,1,3),(2,2),(-2.,-1.,
0.),(0.,0.01),.UNSPECIFIED.);
#229=B_SPLINE_SURFACE_WITH_KNOTS('',2,1,((#9580,#9581),(#9582,#9583),(#9584,
#9585),(#9586,#9587)),.UNSPECIFIED.,.F.,.F.,.F.,(3,1,3),(2,2),(-2.,-1.,
0.),(0.,0.01),.UNSPECIFIED.);
#230=B_SPLINE_SURFACE_WITH_KNOTS('',2,1,((#9611,#9612),(#9613,#9614),(#9615,
#9616),(#9617,#9618)),.UNSPECIFIED.,.F.,.F.,.F.,(3,1,3),(2,2),(-2.,-1.,
0.),(0.,0.01),.UNSPECIFIED.);
#231=B_SPLINE_SURFACE_WITH_KNOTS('',2,1,((#9630,#9631),(#9632,#9633),(#9634,
#9635),(#9636,#9637)),.UNSPECIFIED.,.F.,.F.,.F.,(3,1,3),(2,2),(-2.,-1.,
0.),(0.,0.01),.UNSPECIFIED.);
#232=B_SPLINE_SURFACE_WITH_KNOTS('',2,1,((#9649,#9650),(#9651,#9652),(#9653,
#9654),(#9655,#9656)),.UNSPECIFIED.,.F.,.F.,.F.,(3,1,3),(2,2),(-2.,-1.,
0.),(0.,0.01),.UNSPECIFIED.);
#233=B_SPLINE_SURFACE_WITH_KNOTS('',2,1,((#9668,#9669),(#9670,#9671),(#9672,
#9673),(#9674,#9675)),.UNSPECIFIED.,.F.,.F.,.F.,(3,1,3),(2,2),(-2.,-1.,
0.),(0.,0.01),.UNSPECIFIED.);
#234=B_SPLINE_SURFACE_WITH_KNOTS('',2,1,((#9687,#9688),(#9689,#9690),(#9691,
#9692),(#9693,#9694)),.UNSPECIFIED.,.F.,.F.,.F.,(3,1,3),(2,2),(-2.,-1.,
0.),(0.,0.01),.UNSPECIFIED.);
#235=B_SPLINE_SURFACE_WITH_KNOTS('',2,1,((#9718,#9719),(#9720,#9721),(#9722,
#9723),(#9724,#9725)),.UNSPECIFIED.,.F.,.F.,.F.,(3,1,3),(2,2),(-2.,-1.,
0.),(0.,0.01),.UNSPECIFIED.);
#236=B_SPLINE_SURFACE_WITH_KNOTS('',2,1,((#9737,#9738),(#9739,#9740),(#9741,
#9742),(#9743,#9744)),.UNSPECIFIED.,.F.,.F.,.F.,(3,1,3),(2,2),(-2.,-1.,
0.),(0.,0.01),.UNSPECIFIED.);
#237=B_SPLINE_SURFACE_WITH_KNOTS('',2,1,((#9756,#9757),(#9758,#9759),(#9760,
#9761),(#9762,#9763)),.UNSPECIFIED.,.F.,.F.,.F.,(3,1,3),(2,2),(-2.,-1.,
0.),(0.,0.01),.UNSPECIFIED.);
#238=SPHERICAL_SURFACE('',#5886,1.);
#239=SPHERICAL_SURFACE('',#5905,1.);
#240=SPHERICAL_SURFACE('',#5918,1.);
#241=SPHERICAL_SURFACE('',#5919,1.);
#242=CYLINDRICAL_SURFACE('',#5773,0.32);
#243=CYLINDRICAL_SURFACE('',#5779,0.02);
#244=CYLINDRICAL_SURFACE('',#5808,0.32);
#245=CYLINDRICAL_SURFACE('',#5810,0.02);
#246=CYLINDRICAL_SURFACE('',#5813,0.32);
#247=CYLINDRICAL_SURFACE('',#5819,0.02);
#248=CYLINDRICAL_SURFACE('',#5848,0.32);
#249=CYLINDRICAL_SURFACE('',#5850,0.02);
#250=CYLINDRICAL_SURFACE('',#5862,0.1);
#251=CYLINDRICAL_SURFACE('',#5867,0.1);
#252=CYLINDRICAL_SURFACE('',#5872,0.1);
#253=CYLINDRICAL_SURFACE('',#5877,0.1);
#254=CYLINDRICAL_SURFACE('',#5882,0.575);
#255=CYLINDRICAL_SURFACE('',#5893,0.3);
#256=CYLINDRICAL_SURFACE('',#5896,0.3);
#257=CYLINDRICAL_SURFACE('',#5898,0.3);
#258=CYLINDRICAL_SURFACE('',#5901,0.3);
#259=CYLINDRICAL_SURFACE('',#5909,0.575);
#260=CYLINDRICAL_SURFACE('',#5914,0.575);
#261=CYLINDRICAL_SURFACE('',#5923,0.575);
#262=CYLINDRICAL_SURFACE('',#5995,0.0777599999999999);
#263=CYLINDRICAL_SURFACE('',#5999,0.0777600000000001);
#264=CYLINDRICAL_SURFACE('',#6006,0.0777600000000001);
#265=CYLINDRICAL_SURFACE('',#6010,0.0777599999999999);
#266=CYLINDRICAL_SURFACE('',#6016,0.0777600000000001);
#267=CYLINDRICAL_SURFACE('',#6020,0.0777599999999997);
#268=LINE('',#7379,#855);
#269=LINE('',#7381,#856);
#270=LINE('',#7383,#857);
#271=LINE('',#7384,#858);
#272=LINE('',#7390,#859);
#273=LINE('',#7393,#860);
#274=LINE('',#7396,#861);
#275=LINE('',#7398,#862);
#276=LINE('',#7400,#863);
#277=LINE('',#7402,#864);
#278=LINE('',#7404,#865);
#279=LINE('',#7406,#866);
#280=LINE('',#7408,#867);
#281=LINE('',#7410,#868);
#282=LINE('',#7412,#869);
#283=LINE('',#7415,#870);
#284=LINE('',#7416,#871);
#285=LINE('',#7419,#872);
#286=LINE('',#7420,#873);
#287=LINE('',#7425,#874);
#288=LINE('',#7426,#875);
#289=LINE('',#7428,#876);
#290=LINE('',#7430,#877);
#291=LINE('',#7432,#878);
#292=LINE('',#7434,#879);
#293=LINE('',#7436,#880);
#294=LINE('',#7438,#881);
#295=LINE('',#7440,#882);
#296=LINE('',#7442,#883);
#297=LINE('',#7444,#884);
#298=LINE('',#7445,#885);
#299=LINE('',#7448,#886);
#300=LINE('',#7450,#887);
#301=LINE('',#7452,#888);
#302=LINE('',#7454,#889);
#303=LINE('',#7456,#890);
#304=LINE('',#7458,#891);
#305=LINE('',#7460,#892);
#306=LINE('',#7465,#893);
#307=LINE('',#7467,#894);
#308=LINE('',#7469,#895);
#309=LINE('',#7470,#896);
#310=LINE('',#7473,#897);
#311=LINE('',#7475,#898);
#312=LINE('',#7476,#899);
#313=LINE('',#7479,#900);
#314=LINE('',#7481,#901);
#315=LINE('',#7482,#902);
#316=LINE('',#7485,#903);
#317=LINE('',#7487,#904);
#318=LINE('',#7488,#905);
#319=LINE('',#7491,#906);
#320=LINE('',#7493,#907);
#321=LINE('',#7494,#908);
#322=LINE('',#7497,#909);
#323=LINE('',#7499,#910);
#324=LINE('',#7500,#911);
#325=LINE('',#7503,#912);
#326=LINE('',#7505,#913);
#327=LINE('',#7506,#914);
#328=LINE('',#7509,#915);
#329=LINE('',#7511,#916);
#330=LINE('',#7512,#917);
#331=LINE('',#7516,#918);
#332=LINE('',#7517,#919);
#333=LINE('',#7518,#920);
#334=LINE('',#7525,#921);
#335=LINE('',#7527,#922);
#336=LINE('',#7528,#923);
#337=LINE('',#7531,#924);
#338=LINE('',#7533,#925);
#339=LINE('',#7534,#926);
#340=LINE('',#7538,#927);
#341=LINE('',#7540,#928);
#342=LINE('',#7544,#929);
#343=LINE('',#7545,#930);
#344=LINE('',#7551,#931);
#345=LINE('',#7553,#932);
#346=LINE('',#7555,#933);
#347=LINE('',#7556,#934);
#348=LINE('',#7562,#935);
#349=LINE('',#7565,#936);
#350=LINE('',#7568,#937);
#351=LINE('',#7570,#938);
#352=LINE('',#7571,#939);
#353=LINE('',#7573,#940);
#354=LINE('',#7575,#941);
#355=LINE('',#7579,#942);
#356=LINE('',#7581,#943);
#357=LINE('',#7583,#944);
#358=LINE('',#7585,#945);
#359=LINE('',#7587,#946);
#360=LINE('',#7589,#947);
#361=LINE('',#7591,#948);
#362=LINE('',#7592,#949);
#363=LINE('',#7595,#950);
#364=LINE('',#7598,#951);
#365=LINE('',#7600,#952);
#366=LINE('',#7603,#953);
#367=LINE('',#7605,#954);
#368=LINE('',#7607,#955);
#369=LINE('',#7609,#956);
#370=LINE('',#7611,#957);
#371=LINE('',#7613,#958);
#372=LINE('',#7615,#959);
#373=LINE('',#7616,#960);
#374=LINE('',#7617,#961);
#375=LINE('',#7620,#962);
#376=LINE('',#7622,#963);
#377=LINE('',#7624,#964);
#378=LINE('',#7626,#965);
#379=LINE('',#7628,#966);
#380=LINE('',#7630,#967);
#381=LINE('',#7632,#968);
#382=LINE('',#7637,#969);
#383=LINE('',#7639,#970);
#384=LINE('',#7641,#971);
#385=LINE('',#7642,#972);
#386=LINE('',#7645,#973);
#387=LINE('',#7647,#974);
#388=LINE('',#7648,#975);
#389=LINE('',#7651,#976);
#390=LINE('',#7653,#977);
#391=LINE('',#7654,#978);
#392=LINE('',#7657,#979);
#393=LINE('',#7659,#980);
#394=LINE('',#7660,#981);
#395=LINE('',#7663,#982);
#396=LINE('',#7665,#983);
#397=LINE('',#7666,#984);
#398=LINE('',#7669,#985);
#399=LINE('',#7671,#986);
#400=LINE('',#7672,#987);
#401=LINE('',#7675,#988);
#402=LINE('',#7677,#989);
#403=LINE('',#7678,#990);
#404=LINE('',#7682,#991);
#405=LINE('',#7683,#992);
#406=LINE('',#7684,#993);
#407=LINE('',#7688,#994);
#408=LINE('',#7690,#995);
#409=LINE('',#7692,#996);
#410=LINE('',#7693,#997);
#411=LINE('',#7697,#998);
#412=LINE('',#7701,#999);
#413=LINE('',#7702,#1000);
#414=LINE('',#7707,#1001);
#415=LINE('',#7709,#1002);
#416=LINE('',#7711,#1003);
#417=LINE('',#7713,#1004);
#418=LINE('',#7716,#1005);
#419=LINE('',#7717,#1006);
#420=LINE('',#7726,#1007);
#421=LINE('',#7730,#1008);
#422=LINE('',#7734,#1009);
#423=LINE('',#7737,#1010);
#424=LINE('',#7747,#1011);
#425=LINE('',#7755,#1012);
#426=LINE('',#7763,#1013);
#427=LINE('',#7769,#1014);
#428=LINE('',#7787,#1015);
#429=LINE('',#7791,#1016);
#430=LINE('',#7795,#1017);
#431=LINE('',#7798,#1018);
#432=LINE('',#7801,#1019);
#433=LINE('',#7803,#1020);
#434=LINE('',#7804,#1021);
#435=LINE('',#7807,#1022);
#436=LINE('',#7811,#1023);
#437=LINE('',#7812,#1024);
#438=LINE('',#7815,#1025);
#439=LINE('',#7820,#1026);
#440=LINE('',#7823,#1027);
#441=LINE('',#7824,#1028);
#442=LINE('',#7828,#1029);
#443=LINE('',#7830,#1030);
#444=LINE('',#7866,#1031);
#445=LINE('',#7868,#1032);
#446=LINE('',#7870,#1033);
#447=LINE('',#7871,#1034);
#448=LINE('',#7874,#1035);
#449=LINE('',#7876,#1036);
#450=LINE('',#7877,#1037);
#451=LINE('',#7880,#1038);
#452=LINE('',#7882,#1039);
#453=LINE('',#7883,#1040);
#454=LINE('',#7886,#1041);
#455=LINE('',#7888,#1042);
#456=LINE('',#7889,#1043);
#457=LINE('',#7892,#1044);
#458=LINE('',#7894,#1045);
#459=LINE('',#7895,#1046);
#460=LINE('',#7898,#1047);
#461=LINE('',#7900,#1048);
#462=LINE('',#7901,#1049);
#463=LINE('',#7904,#1050);
#464=LINE('',#7906,#1051);
#465=LINE('',#7907,#1052);
#466=LINE('',#7910,#1053);
#467=LINE('',#7912,#1054);
#468=LINE('',#7913,#1055);
#469=LINE('',#7916,#1056);
#470=LINE('',#7918,#1057);
#471=LINE('',#7919,#1058);
#472=LINE('',#7922,#1059);
#473=LINE('',#7924,#1060);
#474=LINE('',#7925,#1061);
#475=LINE('',#7928,#1062);
#476=LINE('',#7930,#1063);
#477=LINE('',#7931,#1064);
#478=LINE('',#7950,#1065);
#479=LINE('',#7969,#1066);
#480=LINE('',#7988,#1067);
#481=LINE('',#7991,#1068);
#482=LINE('',#7993,#1069);
#483=LINE('',#7994,#1070);
#484=LINE('',#7997,#1071);
#485=LINE('',#7999,#1072);
#486=LINE('',#8000,#1073);
#487=LINE('',#8019,#1074);
#488=LINE('',#8041,#1075);
#489=LINE('',#8043,#1076);
#490=LINE('',#8045,#1077);
#491=LINE('',#8046,#1078);
#492=LINE('',#8049,#1079);
#493=LINE('',#8051,#1080);
#494=LINE('',#8052,#1081);
#495=LINE('',#8055,#1082);
#496=LINE('',#8057,#1083);
#497=LINE('',#8058,#1084);
#498=LINE('',#8060,#1085);
#499=LINE('',#8061,#1086);
#500=LINE('',#8067,#1087);
#501=LINE('',#8069,#1088);
#502=LINE('',#8071,#1089);
#503=LINE('',#8072,#1090);
#504=LINE('',#8075,#1091);
#505=LINE('',#8077,#1092);
#506=LINE('',#8078,#1093);
#507=LINE('',#8081,#1094);
#508=LINE('',#8083,#1095);
#509=LINE('',#8084,#1096);
#510=LINE('',#8086,#1097);
#511=LINE('',#8087,#1098);
#512=LINE('',#8093,#1099);
#513=LINE('',#8095,#1100);
#514=LINE('',#8097,#1101);
#515=LINE('',#8098,#1102);
#516=LINE('',#8101,#1103);
#517=LINE('',#8103,#1104);
#518=LINE('',#8104,#1105);
#519=LINE('',#8107,#1106);
#520=LINE('',#8109,#1107);
#521=LINE('',#8110,#1108);
#522=LINE('',#8113,#1109);
#523=LINE('',#8115,#1110);
#524=LINE('',#8116,#1111);
#525=LINE('',#8119,#1112);
#526=LINE('',#8121,#1113);
#527=LINE('',#8122,#1114);
#528=LINE('',#8125,#1115);
#529=LINE('',#8127,#1116);
#530=LINE('',#8128,#1117);
#531=LINE('',#8131,#1118);
#532=LINE('',#8133,#1119);
#533=LINE('',#8134,#1120);
#534=LINE('',#8137,#1121);
#535=LINE('',#8139,#1122);
#536=LINE('',#8140,#1123);
#537=LINE('',#8143,#1124);
#538=LINE('',#8145,#1125);
#539=LINE('',#8146,#1126);
#540=LINE('',#8149,#1127);
#541=LINE('',#8151,#1128);
#542=LINE('',#8152,#1129);
#543=LINE('',#8155,#1130);
#544=LINE('',#8157,#1131);
#545=LINE('',#8158,#1132);
#546=LINE('',#8177,#1133);
#547=LINE('',#8196,#1134);
#548=LINE('',#8215,#1135);
#549=LINE('',#8218,#1136);
#550=LINE('',#8220,#1137);
#551=LINE('',#8221,#1138);
#552=LINE('',#8224,#1139);
#553=LINE('',#8226,#1140);
#554=LINE('',#8227,#1141);
#555=LINE('',#8246,#1142);
#556=LINE('',#8268,#1143);
#557=LINE('',#8270,#1144);
#558=LINE('',#8272,#1145);
#559=LINE('',#8273,#1146);
#560=LINE('',#8292,#1147);
#561=LINE('',#8311,#1148);
#562=LINE('',#8330,#1149);
#563=LINE('',#8333,#1150);
#564=LINE('',#8335,#1151);
#565=LINE('',#8336,#1152);
#566=LINE('',#8339,#1153);
#567=LINE('',#8341,#1154);
#568=LINE('',#8342,#1155);
#569=LINE('',#8345,#1156);
#570=LINE('',#8347,#1157);
#571=LINE('',#8348,#1158);
#572=LINE('',#8351,#1159);
#573=LINE('',#8353,#1160);
#574=LINE('',#8354,#1161);
#575=LINE('',#8357,#1162);
#576=LINE('',#8359,#1163);
#577=LINE('',#8360,#1164);
#578=LINE('',#8379,#1165);
#579=LINE('',#8398,#1166);
#580=LINE('',#8401,#1167);
#581=LINE('',#8403,#1168);
#582=LINE('',#8404,#1169);
#583=LINE('',#8406,#1170);
#584=LINE('',#8407,#1171);
#585=LINE('',#8425,#1172);
#586=LINE('',#8431,#1173);
#587=LINE('',#8450,#1174);
#588=LINE('',#8469,#1175);
#589=LINE('',#8488,#1176);
#590=LINE('',#8507,#1177);
#591=LINE('',#8510,#1178);
#592=LINE('',#8512,#1179);
#593=LINE('',#8513,#1180);
#594=LINE('',#8516,#1181);
#595=LINE('',#8518,#1182);
#596=LINE('',#8519,#1183);
#597=LINE('',#8538,#1184);
#598=LINE('',#8557,#1185);
#599=LINE('',#8576,#1186);
#600=LINE('',#8595,#1187);
#601=LINE('',#8614,#1188);
#602=LINE('',#8633,#1189);
#603=LINE('',#8652,#1190);
#604=LINE('',#8671,#1191);
#605=LINE('',#8674,#1192);
#606=LINE('',#8676,#1193);
#607=LINE('',#8677,#1194);
#608=LINE('',#8680,#1195);
#609=LINE('',#8682,#1196);
#610=LINE('',#8683,#1197);
#611=LINE('',#8702,#1198);
#612=LINE('',#8721,#1199);
#613=LINE('',#8743,#1200);
#614=LINE('',#8745,#1201);
#615=LINE('',#8747,#1202);
#616=LINE('',#8748,#1203);
#617=LINE('',#8751,#1204);
#618=LINE('',#8753,#1205);
#619=LINE('',#8754,#1206);
#620=LINE('',#8757,#1207);
#621=LINE('',#8759,#1208);
#622=LINE('',#8760,#1209);
#623=LINE('',#8763,#1210);
#624=LINE('',#8765,#1211);
#625=LINE('',#8766,#1212);
#626=LINE('',#8769,#1213);
#627=LINE('',#8771,#1214);
#628=LINE('',#8772,#1215);
#629=LINE('',#8775,#1216);
#630=LINE('',#8777,#1217);
#631=LINE('',#8778,#1218);
#632=LINE('',#8781,#1219);
#633=LINE('',#8783,#1220);
#634=LINE('',#8784,#1221);
#635=LINE('',#8786,#1222);
#636=LINE('',#8787,#1223);
#637=LINE('',#8795,#1224);
#638=LINE('',#8798,#1225);
#639=LINE('',#8801,#1226);
#640=LINE('',#8803,#1227);
#641=LINE('',#8804,#1228);
#642=LINE('',#8810,#1229);
#643=LINE('',#8812,#1230);
#644=LINE('',#8813,#1231);
#645=LINE('',#8819,#1232);
#646=LINE('',#8821,#1233);
#647=LINE('',#8823,#1234);
#648=LINE('',#8824,#1235);
#649=LINE('',#8830,#1236);
#650=LINE('',#8833,#1237);
#651=LINE('',#8835,#1238);
#652=LINE('',#8836,#1239);
#653=LINE('',#8845,#1240);
#654=LINE('',#8847,#1241);
#655=LINE('',#8849,#1242);
#656=LINE('',#8850,#1243);
#657=LINE('',#8856,#1244);
#658=LINE('',#8859,#1245);
#659=LINE('',#8861,#1246);
#660=LINE('',#8862,#1247);
#661=LINE('',#8871,#1248);
#662=LINE('',#8873,#1249);
#663=LINE('',#8875,#1250);
#664=LINE('',#8876,#1251);
#665=LINE('',#8879,#1252);
#666=LINE('',#8881,#1253);
#667=LINE('',#8882,#1254);
#668=LINE('',#8885,#1255);
#669=LINE('',#8887,#1256);
#670=LINE('',#8888,#1257);
#671=LINE('',#8891,#1258);
#672=LINE('',#8893,#1259);
#673=LINE('',#8894,#1260);
#674=LINE('',#8897,#1261);
#675=LINE('',#8899,#1262);
#676=LINE('',#8900,#1263);
#677=LINE('',#8903,#1264);
#678=LINE('',#8905,#1265);
#679=LINE('',#8906,#1266);
#680=LINE('',#8909,#1267);
#681=LINE('',#8911,#1268);
#682=LINE('',#8912,#1269);
#683=LINE('',#8915,#1270);
#684=LINE('',#8917,#1271);
#685=LINE('',#8918,#1272);
#686=LINE('',#8921,#1273);
#687=LINE('',#8923,#1274);
#688=LINE('',#8924,#1275);
#689=LINE('',#8927,#1276);
#690=LINE('',#8929,#1277);
#691=LINE('',#8930,#1278);
#692=LINE('',#8933,#1279);
#693=LINE('',#8935,#1280);
#694=LINE('',#8936,#1281);
#695=LINE('',#8938,#1282);
#696=LINE('',#8939,#1283);
#697=LINE('',#8957,#1284);
#698=LINE('',#8963,#1285);
#699=LINE('',#8978,#1286);
#700=LINE('',#8997,#1287);
#701=LINE('',#9033,#1288);
#702=LINE('',#9039,#1289);
#703=LINE('',#9058,#1290);
#704=LINE('',#9077,#1291);
#705=LINE('',#9099,#1292);
#706=LINE('',#9101,#1293);
#707=LINE('',#9103,#1294);
#708=LINE('',#9104,#1295);
#709=LINE('',#9123,#1296);
#710=LINE('',#9142,#1297);
#711=LINE('',#9161,#1298);
#712=LINE('',#9164,#1299);
#713=LINE('',#9166,#1300);
#714=LINE('',#9167,#1301);
#715=LINE('',#9170,#1302);
#716=LINE('',#9172,#1303);
#717=LINE('',#9173,#1304);
#718=LINE('',#9176,#1305);
#719=LINE('',#9178,#1306);
#720=LINE('',#9179,#1307);
#721=LINE('',#9182,#1308);
#722=LINE('',#9184,#1309);
#723=LINE('',#9185,#1310);
#724=LINE('',#9188,#1311);
#725=LINE('',#9190,#1312);
#726=LINE('',#9191,#1313);
#727=LINE('',#9210,#1314);
#728=LINE('',#9229,#1315);
#729=LINE('',#9232,#1316);
#730=LINE('',#9234,#1317);
#731=LINE('',#9235,#1318);
#732=LINE('',#9237,#1319);
#733=LINE('',#9238,#1320);
#734=LINE('',#9244,#1321);
#735=LINE('',#9246,#1322);
#736=LINE('',#9248,#1323);
#737=LINE('',#9249,#1324);
#738=LINE('',#9264,#1325);
#739=LINE('',#9283,#1326);
#740=LINE('',#9302,#1327);
#741=LINE('',#9338,#1328);
#742=LINE('',#9344,#1329);
#743=LINE('',#9363,#1330);
#744=LINE('',#9382,#1331);
#745=LINE('',#9385,#1332);
#746=LINE('',#9387,#1333);
#747=LINE('',#9388,#1334);
#748=LINE('',#9391,#1335);
#749=LINE('',#9393,#1336);
#750=LINE('',#9394,#1337);
#751=LINE('',#9413,#1338);
#752=LINE('',#9432,#1339);
#753=LINE('',#9451,#1340);
#754=LINE('',#9454,#1341);
#755=LINE('',#9456,#1342);
#756=LINE('',#9457,#1343);
#757=LINE('',#9460,#1344);
#758=LINE('',#9462,#1345);
#759=LINE('',#9463,#1346);
#760=LINE('',#9482,#1347);
#761=LINE('',#9501,#1348);
#762=LINE('',#9535,#1349);
#763=LINE('',#9541,#1350);
#764=LINE('',#9560,#1351);
#765=LINE('',#9579,#1352);
#766=LINE('',#9598,#1353);
#767=LINE('',#9601,#1354);
#768=LINE('',#9603,#1355);
#769=LINE('',#9604,#1356);
#770=LINE('',#9607,#1357);
#771=LINE('',#9609,#1358);
#772=LINE('',#9610,#1359);
#773=LINE('',#9629,#1360);
#774=LINE('',#9648,#1361);
#775=LINE('',#9667,#1362);
#776=LINE('',#9686,#1363);
#777=LINE('',#9705,#1364);
#778=LINE('',#9708,#1365);
#779=LINE('',#9710,#1366);
#780=LINE('',#9711,#1367);
#781=LINE('',#9714,#1368);
#782=LINE('',#9716,#1369);
#783=LINE('',#9717,#1370);
#784=LINE('',#9736,#1371);
#785=LINE('',#9755,#1372);
#786=LINE('',#9777,#1373);
#787=LINE('',#9779,#1374);
#788=LINE('',#9781,#1375);
#789=LINE('',#9782,#1376);
#790=LINE('',#9785,#1377);
#791=LINE('',#9787,#1378);
#792=LINE('',#9788,#1379);
#793=LINE('',#9791,#1380);
#794=LINE('',#9793,#1381);
#795=LINE('',#9794,#1382);
#796=LINE('',#9796,#1383);
#797=LINE('',#9797,#1384);
#798=LINE('',#9803,#1385);
#799=LINE('',#9805,#1386);
#800=LINE('',#9807,#1387);
#801=LINE('',#9808,#1388);
#802=LINE('',#9811,#1389);
#803=LINE('',#9813,#1390);
#804=LINE('',#9814,#1391);
#805=LINE('',#9817,#1392);
#806=LINE('',#9819,#1393);
#807=LINE('',#9820,#1394);
#808=LINE('',#9823,#1395);
#809=LINE('',#9825,#1396);
#810=LINE('',#9826,#1397);
#811=LINE('',#9829,#1398);
#812=LINE('',#9831,#1399);
#813=LINE('',#9832,#1400);
#814=LINE('',#9835,#1401);
#815=LINE('',#9837,#1402);
#816=LINE('',#9838,#1403);
#817=LINE('',#9840,#1404);
#818=LINE('',#9841,#1405);
#819=LINE('',#9847,#1406);
#820=LINE('',#9849,#1407);
#821=LINE('',#9851,#1408);
#822=LINE('',#9852,#1409);
#823=LINE('',#9855,#1410);
#824=LINE('',#9857,#1411);
#825=LINE('',#9858,#1412);
#826=LINE('',#9861,#1413);
#827=LINE('',#9863,#1414);
#828=LINE('',#9864,#1415);
#829=LINE('',#9866,#1416);
#830=LINE('',#9867,#1417);
#831=LINE('',#9873,#1418);
#832=LINE('',#9875,#1419);
#833=LINE('',#9877,#1420);
#834=LINE('',#9878,#1421);
#835=LINE('',#9881,#1422);
#836=LINE('',#9883,#1423);
#837=LINE('',#9884,#1424);
#838=LINE('',#9887,#1425);
#839=LINE('',#9889,#1426);
#840=LINE('',#9890,#1427);
#841=LINE('',#9893,#1428);
#842=LINE('',#9895,#1429);
#843=LINE('',#9896,#1430);
#844=LINE('',#9899,#1431);
#845=LINE('',#9901,#1432);
#846=LINE('',#9902,#1433);
#847=LINE('',#9905,#1434);
#848=LINE('',#9907,#1435);
#849=LINE('',#9908,#1436);
#850=LINE('',#9911,#1437);
#851=LINE('',#9913,#1438);
#852=LINE('',#9914,#1439);
#853=LINE('',#9916,#1440);
#854=LINE('',#9917,#1441);
#855=VECTOR('',#6121,0.300000000000001);
#856=VECTOR('',#6122,0.71);
#857=VECTOR('',#6123,0.300000000000001);
#858=VECTOR('',#6124,0.71);
#859=VECTOR('',#6129,0.71);
#860=VECTOR('',#6132,0.71);
#861=VECTOR('',#6135,1.12240000000026);
#862=VECTOR('',#6136,1.69839269899488);
#863=VECTOR('',#6137,1.14756263445618);
#864=VECTOR('',#6138,0.590000000000002);
#865=VECTOR('',#6139,0.3);
#866=VECTOR('',#6140,0.623075161350002);
#867=VECTOR('',#6141,1.11367351008679);
#868=VECTOR('',#6142,1.66450357462567);
#869=VECTOR('',#6143,1.15547516135008);
#870=VECTOR('',#6146,0.215);
#871=VECTOR('',#6147,0.214999999999999);
#872=VECTOR('',#6150,1.12240000000026);
#873=VECTOR('',#6151,0.71);
#874=VECTOR('',#6156,0.71);
#875=VECTOR('',#6157,0.71);
#876=VECTOR('',#6160,0.215);
#877=VECTOR('',#6163,0.214999999999999);
#878=VECTOR('',#6164,1.15547516135008);
#879=VECTOR('',#6165,1.66450357462567);
#880=VECTOR('',#6166,1.11367351008679);
#881=VECTOR('',#6167,0.623075161350002);
#882=VECTOR('',#6168,0.3);
#883=VECTOR('',#6169,0.590000000000002);
#884=VECTOR('',#6170,1.14756263445618);
#885=VECTOR('',#6171,1.69839269899488);
#886=VECTOR('',#6176,0.71);
#887=VECTOR('',#6179,0.71);
#888=VECTOR('',#6182,0.71);
#889=VECTOR('',#6185,0.71);
#890=VECTOR('',#6188,0.71);
#891=VECTOR('',#6191,0.71);
#892=VECTOR('',#6194,0.71);
#893=VECTOR('',#6199,0.71);
#894=VECTOR('',#6200,1.15547516135008);
#895=VECTOR('',#6201,0.71);
#896=VECTOR('',#6202,1.15547516135008);
#897=VECTOR('',#6205,1.66450357462567);
#898=VECTOR('',#6206,0.71);
#899=VECTOR('',#6207,1.66450357462567);
#900=VECTOR('',#6210,1.11367351008679);
#901=VECTOR('',#6211,0.71);
#902=VECTOR('',#6212,1.11367351008679);
#903=VECTOR('',#6215,0.623075161350002);
#904=VECTOR('',#6216,0.71);
#905=VECTOR('',#6217,0.623075161350002);
#906=VECTOR('',#6220,0.3);
#907=VECTOR('',#6221,0.71);
#908=VECTOR('',#6222,0.3);
#909=VECTOR('',#6225,0.590000000000002);
#910=VECTOR('',#6226,0.71);
#911=VECTOR('',#6227,0.590000000000002);
#912=VECTOR('',#6230,1.14756263445618);
#913=VECTOR('',#6231,0.71);
#914=VECTOR('',#6232,1.14756263445618);
#915=VECTOR('',#6235,1.69839269899488);
#916=VECTOR('',#6236,0.71);
#917=VECTOR('',#6237,1.69839269899488);
#918=VECTOR('',#6240,0.71);
#919=VECTOR('',#6241,1.12240000000026);
#920=VECTOR('',#6242,1.12240000000026);
#921=VECTOR('',#6249,0.215);
#922=VECTOR('',#6250,0.300000000000001);
#923=VECTOR('',#6251,0.214999999999999);
#924=VECTOR('',#6254,0.71);
#925=VECTOR('',#6255,0.71);
#926=VECTOR('',#6256,0.214999999999999);
#927=VECTOR('',#6261,0.300000000000001);
#928=VECTOR('',#6262,0.215);
#929=VECTOR('',#6269,0.71);
#930=VECTOR('',#6270,0.71);
#931=VECTOR('',#6277,0.300000000000001);
#932=VECTOR('',#6278,0.71);
#933=VECTOR('',#6279,0.300000000000001);
#934=VECTOR('',#6280,0.71);
#935=VECTOR('',#6285,0.71);
#936=VECTOR('',#6288,0.71);
#937=VECTOR('',#6291,1.12240000000026);
#938=VECTOR('',#6292,0.71);
#939=VECTOR('',#6293,1.12240000000026);
#940=VECTOR('',#6296,0.214999999999999);
#941=VECTOR('',#6297,0.215);
#942=VECTOR('',#6300,1.15547516135008);
#943=VECTOR('',#6301,1.66450357462567);
#944=VECTOR('',#6302,1.11367351008679);
#945=VECTOR('',#6303,0.623075161350002);
#946=VECTOR('',#6304,0.3);
#947=VECTOR('',#6305,0.590000000000002);
#948=VECTOR('',#6306,1.14756263445618);
#949=VECTOR('',#6307,1.69839269899488);
#950=VECTOR('',#6310,0.71);
#951=VECTOR('',#6313,0.71);
#952=VECTOR('',#6316,0.215);
#953=VECTOR('',#6319,1.69839269899488);
#954=VECTOR('',#6320,1.14756263445618);
#955=VECTOR('',#6321,0.590000000000002);
#956=VECTOR('',#6322,0.3);
#957=VECTOR('',#6323,0.623075161350002);
#958=VECTOR('',#6324,1.11367351008679);
#959=VECTOR('',#6325,1.66450357462567);
#960=VECTOR('',#6326,1.15547516135008);
#961=VECTOR('',#6327,0.214999999999999);
#962=VECTOR('',#6332,0.71);
#963=VECTOR('',#6335,0.71);
#964=VECTOR('',#6338,0.71);
#965=VECTOR('',#6341,0.71);
#966=VECTOR('',#6344,0.71);
#967=VECTOR('',#6347,0.71);
#968=VECTOR('',#6350,0.71);
#969=VECTOR('',#6355,1.69839269899488);
#970=VECTOR('',#6356,0.71);
#971=VECTOR('',#6357,1.69839269899488);
#972=VECTOR('',#6358,0.71);
#973=VECTOR('',#6361,1.14756263445618);
#974=VECTOR('',#6362,0.71);
#975=VECTOR('',#6363,1.14756263445618);
#976=VECTOR('',#6366,0.590000000000002);
#977=VECTOR('',#6367,0.71);
#978=VECTOR('',#6368,0.590000000000002);
#979=VECTOR('',#6371,0.3);
#980=VECTOR('',#6372,0.71);
#981=VECTOR('',#6373,0.3);
#982=VECTOR('',#6376,0.623075161350002);
#983=VECTOR('',#6377,0.71);
#984=VECTOR('',#6378,0.623075161350002);
#985=VECTOR('',#6381,1.11367351008679);
#986=VECTOR('',#6382,0.71);
#987=VECTOR('',#6383,1.11367351008679);
#988=VECTOR('',#6386,1.66450357462567);
#989=VECTOR('',#6387,0.71);
#990=VECTOR('',#6388,1.66450357462567);
#991=VECTOR('',#6391,0.71);
#992=VECTOR('',#6392,1.15547516135008);
#993=VECTOR('',#6393,1.15547516135008);
#994=VECTOR('',#6396,0.71);
#995=VECTOR('',#6397,0.214999999999999);
#996=VECTOR('',#6398,0.71);
#997=VECTOR('',#6399,0.214999999999999);
#998=VECTOR('',#6404,1.12240000000026);
#999=VECTOR('',#6407,0.215);
#1000=VECTOR('',#6408,0.300000000000001);
#1001=VECTOR('',#6413,0.300000000000001);
#1002=VECTOR('',#6414,0.215);
#1003=VECTOR('',#6417,1.12240000000026);
#1004=VECTOR('',#6420,0.71);
#1005=VECTOR('',#6425,0.71);
#1006=VECTOR('',#6426,0.71);
#1007=VECTOR('',#6437,5.39);
#1008=VECTOR('',#6440,5.39);
#1009=VECTOR('',#6443,5.39);
#1010=VECTOR('',#6446,5.39);
#1011=VECTOR('',#6459,5.39);
#1012=VECTOR('',#6470,5.39);
#1013=VECTOR('',#6481,5.39);
#1014=VECTOR('',#6490,5.39);
#1015=VECTOR('',#6513,5.39);
#1016=VECTOR('',#6516,5.39);
#1017=VECTOR('',#6519,5.39);
#1018=VECTOR('',#6522,5.39);
#1019=VECTOR('',#6525,3.51);
#1020=VECTOR('',#6526,5.39);
#1021=VECTOR('',#6527,3.51);
#1022=VECTOR('',#6530,3.51);
#1023=VECTOR('',#6535,3.51);
#1024=VECTOR('',#6536,5.39);
#1025=VECTOR('',#6539,3.51);
#1026=VECTOR('',#6546,3.51);
#1027=VECTOR('',#6549,3.51);
#1028=VECTOR('',#6550,5.39);
#1029=VECTOR('',#6555,3.51);
#1030=VECTOR('',#6558,5.39);
#1031=VECTOR('',#6607,0.0484897297576095);
#1032=VECTOR('',#6608,0.1);
#1033=VECTOR('',#6609,0.0484897297576095);
#1034=VECTOR('',#6610,0.1);
#1035=VECTOR('',#6613,0.00992479848839878);
#1036=VECTOR('',#6614,0.00992479848839878);
#1037=VECTOR('',#6615,0.1);
#1038=VECTOR('',#6618,0.0121933238571767);
#1039=VECTOR('',#6619,0.0121933238571767);
#1040=VECTOR('',#6620,0.1);
#1041=VECTOR('',#6623,0.00992479848839878);
#1042=VECTOR('',#6624,0.00992479848839878);
#1043=VECTOR('',#6625,0.1);
#1044=VECTOR('',#6628,0.0251428228372788);
#1045=VECTOR('',#6629,0.0251428228372788);
#1046=VECTOR('',#6630,0.1);
#1047=VECTOR('',#6633,0.0147454148970516);
#1048=VECTOR('',#6634,0.0147454148970516);
#1049=VECTOR('',#6635,0.1);
#1050=VECTOR('',#6638,0.0251428228372788);
#1051=VECTOR('',#6639,0.0251428228372788);
#1052=VECTOR('',#6640,0.1);
#1053=VECTOR('',#6643,0.0271277825349581);
#1054=VECTOR('',#6644,0.0271277825349581);
#1055=VECTOR('',#6645,0.1);
#1056=VECTOR('',#6648,0.0121933238571767);
#1057=VECTOR('',#6649,0.0121933238571767);
#1058=VECTOR('',#6650,0.1);
#1059=VECTOR('',#6653,0.0271277825349581);
#1060=VECTOR('',#6654,0.0271277825349581);
#1061=VECTOR('',#6655,0.1);
#1062=VECTOR('',#6658,0.0416841536512783);
#1063=VECTOR('',#6659,0.0416841536512783);
#1064=VECTOR('',#6660,0.1);
#1065=VECTOR('',#6661,0.1);
#1066=VECTOR('',#6662,0.1);
#1067=VECTOR('',#6663,0.1);
#1068=VECTOR('',#6666,0.000850697013290436);
#1069=VECTOR('',#6667,0.000850697013290436);
#1070=VECTOR('',#6668,0.1);
#1071=VECTOR('',#6671,0.0132330646511994);
#1072=VECTOR('',#6672,0.0132330646511994);
#1073=VECTOR('',#6673,0.1);
#1074=VECTOR('',#6674,0.1);
#1075=VECTOR('',#6681,0.0875272704786478);
#1076=VECTOR('',#6682,0.1);
#1077=VECTOR('',#6683,0.0875272704786478);
#1078=VECTOR('',#6684,0.1);
#1079=VECTOR('',#6687,0.0147454148970516);
#1080=VECTOR('',#6688,0.0147454148970516);
#1081=VECTOR('',#6689,0.1);
#1082=VECTOR('',#6692,0.0875272704786478);
#1083=VECTOR('',#6693,0.0875272704786478);
#1084=VECTOR('',#6694,0.1);
#1085=VECTOR('',#6697,0.0147454148970516);
#1086=VECTOR('',#6698,0.0147454148970516);
#1087=VECTOR('',#6705,0.0153125462392451);
#1088=VECTOR('',#6706,0.1);
#1089=VECTOR('',#6707,0.0153125462392451);
#1090=VECTOR('',#6708,0.1);
#1091=VECTOR('',#6711,0.01673037459473);
#1092=VECTOR('',#6712,0.01673037459473);
#1093=VECTOR('',#6713,0.1);
#1094=VECTOR('',#6716,0.0153125462392451);
#1095=VECTOR('',#6717,0.0153125462392451);
#1096=VECTOR('',#6718,0.1);
#1097=VECTOR('',#6721,0.01673037459473);
#1098=VECTOR('',#6722,0.01673037459473);
#1099=VECTOR('',#6729,0.0484897297576095);
#1100=VECTOR('',#6730,0.1);
#1101=VECTOR('',#6731,0.0484897297576095);
#1102=VECTOR('',#6732,0.1);
#1103=VECTOR('',#6735,0.00992479848839878);
#1104=VECTOR('',#6736,0.00992479848839878);
#1105=VECTOR('',#6737,0.1);
#1106=VECTOR('',#6740,0.0121933238571767);
#1107=VECTOR('',#6741,0.0121933238571767);
#1108=VECTOR('',#6742,0.1);
#1109=VECTOR('',#6745,0.00992479848839878);
#1110=VECTOR('',#6746,0.00992479848839878);
#1111=VECTOR('',#6747,0.1);
#1112=VECTOR('',#6750,0.0251428228372788);
#1113=VECTOR('',#6751,0.0251428228372788);
#1114=VECTOR('',#6752,0.1);
#1115=VECTOR('',#6755,0.0147454148970516);
#1116=VECTOR('',#6756,0.0147454148970516);
#1117=VECTOR('',#6757,0.1);
#1118=VECTOR('',#6760,0.0251428228372788);
#1119=VECTOR('',#6761,0.0251428228372788);
#1120=VECTOR('',#6762,0.1);
#1121=VECTOR('',#6765,0.0271277825349581);
#1122=VECTOR('',#6766,0.0271277825349581);
#1123=VECTOR('',#6767,0.1);
#1124=VECTOR('',#6770,0.0121933238571767);
#1125=VECTOR('',#6771,0.0121933238571767);
#1126=VECTOR('',#6772,0.1);
#1127=VECTOR('',#6775,0.0271277825349581);
#1128=VECTOR('',#6776,0.0271277825349581);
#1129=VECTOR('',#6777,0.1);
#1130=VECTOR('',#6780,0.0416841536512783);
#1131=VECTOR('',#6781,0.0416841536512783);
#1132=VECTOR('',#6782,0.1);
#1133=VECTOR('',#6783,0.1);
#1134=VECTOR('',#6784,0.1);
#1135=VECTOR('',#6785,0.1);
#1136=VECTOR('',#6788,0.000850697013290436);
#1137=VECTOR('',#6789,0.000850697013290436);
#1138=VECTOR('',#6790,0.1);
#1139=VECTOR('',#6793,0.0132330646511994);
#1140=VECTOR('',#6794,0.0132330646511994);
#1141=VECTOR('',#6795,0.1);
#1142=VECTOR('',#6796,0.1);
#1143=VECTOR('',#6803,0.0499075581130951);
#1144=VECTOR('',#6804,0.1);
#1145=VECTOR('',#6805,0.0499075581130951);
#1146=VECTOR('',#6806,0.1);
#1147=VECTOR('',#6807,0.1);
#1148=VECTOR('',#6808,0.1);
#1149=VECTOR('',#6809,0.1);
#1150=VECTOR('',#6812,0.0654091481330715);
#1151=VECTOR('',#6813,0.0654091481330715);
#1152=VECTOR('',#6814,0.1);
#1153=VECTOR('',#6817,0.0147454148970505);
#1154=VECTOR('',#6818,0.0147454148970505);
#1155=VECTOR('',#6819,0.1);
#1156=VECTOR('',#6822,0.0875272704786478);
#1157=VECTOR('',#6823,0.0875272704786478);
#1158=VECTOR('',#6824,0.1);
#1159=VECTOR('',#6827,0.0147454148970505);
#1160=VECTOR('',#6828,0.0147454148970505);
#1161=VECTOR('',#6829,0.1);
#1162=VECTOR('',#6832,0.00973575470766819);
#1163=VECTOR('',#6833,0.00973575470766819);
#1164=VECTOR('',#6834,0.1);
#1165=VECTOR('',#6835,0.1);
#1166=VECTOR('',#6836,0.1);
#1167=VECTOR('',#6839,0.0568076561097922);
#1168=VECTOR('',#6840,0.0568076561097922);
#1169=VECTOR('',#6841,0.1);
#1170=VECTOR('',#6844,0.0147454148970505);
#1171=VECTOR('',#6845,0.0147454148970505);
#1172=VECTOR('',#6850,0.1);
#1173=VECTOR('',#6851,0.1);
#1174=VECTOR('',#6852,0.1);
#1175=VECTOR('',#6853,0.1);
#1176=VECTOR('',#6854,0.1);
#1177=VECTOR('',#6855,0.1);
#1178=VECTOR('',#6858,0.0187153342924104);
#1179=VECTOR('',#6859,0.0187153342924104);
#1180=VECTOR('',#6860,0.1);
#1181=VECTOR('',#6863,0.00122878457475495);
#1182=VECTOR('',#6864,0.00122878457475495);
#1183=VECTOR('',#6865,0.1);
#1184=VECTOR('',#6866,0.1);
#1185=VECTOR('',#6867,0.1);
#1186=VECTOR('',#6868,0.1);
#1187=VECTOR('',#6869,0.1);
#1188=VECTOR('',#6870,0.1);
#1189=VECTOR('',#6871,0.1);
#1190=VECTOR('',#6872,0.1);
#1191=VECTOR('',#6873,0.1);
#1192=VECTOR('',#6876,0.0011342626843891);
#1193=VECTOR('',#6877,0.0011342626843891);
#1194=VECTOR('',#6878,0.1);
#1195=VECTOR('',#6881,0.018526290511679);
#1196=VECTOR('',#6882,0.018526290511679);
#1197=VECTOR('',#6883,0.1);
#1198=VECTOR('',#6884,0.1);
#1199=VECTOR('',#6885,0.1);
#1200=VECTOR('',#6892,0.124395468439816);
#1201=VECTOR('',#6893,0.1);
#1202=VECTOR('',#6894,0.124395468439816);
#1203=VECTOR('',#6895,0.1);
#1204=VECTOR('',#6898,0.0932140846984327);
#1205=VECTOR('',#6899,0.0932140846984327);
#1206=VECTOR('',#6900,0.1);
#1207=VECTOR('',#6903,0.354602935948867);
#1208=VECTOR('',#6904,0.354602935948867);
#1209=VECTOR('',#6905,0.1);
#1210=VECTOR('',#6908,0.0932140846984327);
#1211=VECTOR('',#6909,0.0932140846984327);
#1212=VECTOR('',#6910,0.1);
#1213=VECTOR('',#6913,0.124395468439816);
#1214=VECTOR('',#6914,0.124395468439816);
#1215=VECTOR('',#6915,0.1);
#1216=VECTOR('',#6918,0.396250515107141);
#1217=VECTOR('',#6919,0.396250515107141);
#1218=VECTOR('',#6920,0.1);
#1219=VECTOR('',#6923,0.105811999069234);
#1220=VECTOR('',#6924,0.105811999069234);
#1221=VECTOR('',#6925,0.1);
#1222=VECTOR('',#6928,0.396250515107141);
#1223=VECTOR('',#6929,0.396250515107141);
#1224=VECTOR('',#6938,0.1);
#1225=VECTOR('',#6941,0.1);
#1226=VECTOR('',#6944,0.46656);
#1227=VECTOR('',#6945,0.46656);
#1228=VECTOR('',#6946,0.1);
#1229=VECTOR('',#6953,0.1);
#1230=VECTOR('',#6956,0.46656);
#1231=VECTOR('',#6957,0.46656);
#1232=VECTOR('',#6964,0.466560000000001);
#1233=VECTOR('',#6965,0.1);
#1234=VECTOR('',#6966,0.466560000000001);
#1235=VECTOR('',#6967,0.1);
#1236=VECTOR('',#6974,0.1);
#1237=VECTOR('',#6977,0.466560000000001);
#1238=VECTOR('',#6978,0.466560000000001);
#1239=VECTOR('',#6979,0.1);
#1240=VECTOR('',#6992,0.466479999999998);
#1241=VECTOR('',#6993,0.1);
#1242=VECTOR('',#6994,0.466479999999998);
#1243=VECTOR('',#6995,0.1);
#1244=VECTOR('',#7002,0.1);
#1245=VECTOR('',#7005,0.46648);
#1246=VECTOR('',#7006,0.46648);
#1247=VECTOR('',#7007,0.1);
#1248=VECTOR('',#7020,0.284820112189945);
#1249=VECTOR('',#7021,0.1);
#1250=VECTOR('',#7022,0.284820112189945);
#1251=VECTOR('',#7023,0.1);
#1252=VECTOR('',#7026,0.0932140846984323);
#1253=VECTOR('',#7027,0.0932140846984323);
#1254=VECTOR('',#7028,0.1);
#1255=VECTOR('',#7031,0.179387367597662);
#1256=VECTOR('',#7032,0.179387367597662);
#1257=VECTOR('',#7033,0.1);
#1258=VECTOR('',#7036,0.0861316892933893);
#1259=VECTOR('',#7037,0.0861316892933893);
#1260=VECTOR('',#7038,0.1);
#1261=VECTOR('',#7041,0.165354951950487);
#1262=VECTOR('',#7042,0.165354951950487);
#1263=VECTOR('',#7043,0.1);
#1264=VECTOR('',#7046,0.0932140846984323);
#1265=VECTOR('',#7047,0.0932140846984323);
#1266=VECTOR('',#7048,0.1);
#1267=VECTOR('',#7051,0.165354951950488);
#1268=VECTOR('',#7052,0.165354951950488);
#1269=VECTOR('',#7053,0.1);
#1270=VECTOR('',#7056,0.123691043770527);
#1271=VECTOR('',#7057,0.123691043770527);
#1272=VECTOR('',#7058,0.1);
#1273=VECTOR('',#7061,0.179387367597662);
#1274=VECTOR('',#7062,0.179387367597662);
#1275=VECTOR('',#7063,0.1);
#1276=VECTOR('',#7066,0.0932140846984324);
#1277=VECTOR('',#7067,0.0932140846984324);
#1278=VECTOR('',#7068,0.1);
#1279=VECTOR('',#7071,0.284820112189945);
#1280=VECTOR('',#7072,0.284820112189945);
#1281=VECTOR('',#7073,0.1);
#1282=VECTOR('',#7076,0.489464599620193);
#1283=VECTOR('',#7077,0.489464599620193);
#1284=VECTOR('',#7082,0.1);
#1285=VECTOR('',#7083,0.1);
#1286=VECTOR('',#7084,0.1);
#1287=VECTOR('',#7085,0.1);
#1288=VECTOR('',#7086,0.1);
#1289=VECTOR('',#7087,0.1);
#1290=VECTOR('',#7088,0.1);
#1291=VECTOR('',#7089,0.1);
#1292=VECTOR('',#7096,0.0499075581130951);
#1293=VECTOR('',#7097,0.1);
#1294=VECTOR('',#7098,0.0499075581130951);
#1295=VECTOR('',#7099,0.1);
#1296=VECTOR('',#7100,0.1);
#1297=VECTOR('',#7101,0.1);
#1298=VECTOR('',#7102,0.1);
#1299=VECTOR('',#7105,0.0654091481330715);
#1300=VECTOR('',#7106,0.0654091481330715);
#1301=VECTOR('',#7107,0.1);
#1302=VECTOR('',#7110,0.0147454148970505);
#1303=VECTOR('',#7111,0.0147454148970505);
#1304=VECTOR('',#7112,0.1);
#1305=VECTOR('',#7115,0.0875272704786478);
#1306=VECTOR('',#7116,0.0875272704786478);
#1307=VECTOR('',#7117,0.1);
#1308=VECTOR('',#7120,0.0147454148970505);
#1309=VECTOR('',#7121,0.0147454148970505);
#1310=VECTOR('',#7122,0.1);
#1311=VECTOR('',#7125,0.00973575470766819);
#1312=VECTOR('',#7126,0.00973575470766819);
#1313=VECTOR('',#7127,0.1);
#1314=VECTOR('',#7128,0.1);
#1315=VECTOR('',#7129,0.1);
#1316=VECTOR('',#7132,0.0568076561097922);
#1317=VECTOR('',#7133,0.0568076561097922);
#1318=VECTOR('',#7134,0.1);
#1319=VECTOR('',#7137,0.0147454148970505);
#1320=VECTOR('',#7138,0.0147454148970505);
#1321=VECTOR('',#7145,0.0462212043888321);
#1322=VECTOR('',#7146,0.1);
#1323=VECTOR('',#7147,0.0462212043888321);
#1324=VECTOR('',#7148,0.1);
#1325=VECTOR('',#7149,0.1);
#1326=VECTOR('',#7150,0.1);
#1327=VECTOR('',#7151,0.1);
#1328=VECTOR('',#7152,0.1);
#1329=VECTOR('',#7153,0.1);
#1330=VECTOR('',#7154,0.1);
#1331=VECTOR('',#7155,0.1);
#1332=VECTOR('',#7158,0.00803436068108537);
#1333=VECTOR('',#7159,0.00803436068108537);
#1334=VECTOR('',#7160,0.1);
#1335=VECTOR('',#7163,0.0605885317244204);
#1336=VECTOR('',#7164,0.0605885317244204);
#1337=VECTOR('',#7165,0.1);
#1338=VECTOR('',#7166,0.1);
#1339=VECTOR('',#7167,0.1);
#1340=VECTOR('',#7168,0.1);
#1341=VECTOR('',#7171,0.000850697013291546);
#1342=VECTOR('',#7172,0.000850697013291546);
#1343=VECTOR('',#7173,0.1);
#1344=VECTOR('',#7176,0.0160687213621707);
#1345=VECTOR('',#7177,0.0160687213621707);
#1346=VECTOR('',#7178,0.1);
#1347=VECTOR('',#7179,0.1);
#1348=VECTOR('',#7180,0.1);
#1349=VECTOR('',#7185,0.1);
#1350=VECTOR('',#7186,0.1);
#1351=VECTOR('',#7187,0.1);
#1352=VECTOR('',#7188,0.1);
#1353=VECTOR('',#7189,0.1);
#1354=VECTOR('',#7192,0.0165413308139992);
#1355=VECTOR('',#7193,0.0165413308139989);
#1356=VECTOR('',#7194,0.1);
#1357=VECTOR('',#7197,0.000850697013291546);
#1358=VECTOR('',#7198,0.000850697013291546);
#1359=VECTOR('',#7199,0.1);
#1360=VECTOR('',#7200,0.1);
#1361=VECTOR('',#7201,0.1);
#1362=VECTOR('',#7202,0.1);
#1363=VECTOR('',#7203,0.1);
#1364=VECTOR('',#7204,0.1);
#1365=VECTOR('',#7207,0.000850697013291546);
#1366=VECTOR('',#7208,0.000850697013291546);
#1367=VECTOR('',#7209,0.1);
#1368=VECTOR('',#7212,0.0165413308139992);
#1369=VECTOR('',#7213,0.0165413308139992);
#1370=VECTOR('',#7214,0.1);
#1371=VECTOR('',#7215,0.1);
#1372=VECTOR('',#7216,0.1);
#1373=VECTOR('',#7223,0.0875272704786478);
#1374=VECTOR('',#7224,0.1);
#1375=VECTOR('',#7225,0.0875272704786478);
#1376=VECTOR('',#7226,0.1);
#1377=VECTOR('',#7229,0.0147454148970516);
#1378=VECTOR('',#7230,0.0147454148970516);
#1379=VECTOR('',#7231,0.1);
#1380=VECTOR('',#7234,0.0875272704786478);
#1381=VECTOR('',#7235,0.0875272704786478);
#1382=VECTOR('',#7236,0.1);
#1383=VECTOR('',#7239,0.0147454148970516);
#1384=VECTOR('',#7240,0.0147454148970516);
#1385=VECTOR('',#7247,0.0132330646511991);
#1386=VECTOR('',#7248,0.1);
#1387=VECTOR('',#7249,0.0132330646511991);
#1388=VECTOR('',#7250,0.1);
#1389=VECTOR('',#7253,0.0934377452762852);
#1390=VECTOR('',#7254,0.0934377452762852);
#1391=VECTOR('',#7255,0.1);
#1392=VECTOR('',#7258,0.0159741994718055);
#1393=VECTOR('',#7259,0.0159741994718055);
#1394=VECTOR('',#7260,0.1);
#1395=VECTOR('',#7263,0.0715111669344339);
#1396=VECTOR('',#7264,0.0715111669344339);
#1397=VECTOR('',#7265,0.1);
#1398=VECTOR('',#7268,0.071448170959543);
#1399=VECTOR('',#7269,0.071448170959543);
#1400=VECTOR('',#7270,0.1);
#1401=VECTOR('',#7273,0.0153125462392456);
#1402=VECTOR('',#7274,0.0153125462392456);
#1403=VECTOR('',#7275,0.1);
#1404=VECTOR('',#7278,0.0935373745664907);
#1405=VECTOR('',#7279,0.0935373745664907);
#1406=VECTOR('',#7286,0.0153125462392451);
#1407=VECTOR('',#7287,0.1);
#1408=VECTOR('',#7288,0.0153125462392451);
#1409=VECTOR('',#7289,0.1);
#1410=VECTOR('',#7292,0.01673037459473);
#1411=VECTOR('',#7293,0.01673037459473);
#1412=VECTOR('',#7294,0.1);
#1413=VECTOR('',#7297,0.0153125462392451);
#1414=VECTOR('',#7298,0.0153125462392451);
#1415=VECTOR('',#7299,0.1);
#1416=VECTOR('',#7302,0.01673037459473);
#1417=VECTOR('',#7303,0.01673037459473);
#1418=VECTOR('',#7310,0.0157851556910737);
#1419=VECTOR('',#7311,0.1);
#1420=VECTOR('',#7312,0.0157851556910737);
#1421=VECTOR('',#7313,0.1);
#1422=VECTOR('',#7316,0.039716294231772);
#1423=VECTOR('',#7317,0.039716294231772);
#1424=VECTOR('',#7318,0.1);
#1425=VECTOR('',#7321,0.0891245195063487);
#1426=VECTOR('',#7322,0.0891245195063487);
#1427=VECTOR('',#7323,0.1);
#1428=VECTOR('',#7326,0.0158796775814396);
#1429=VECTOR('',#7327,0.0158796775814396);
#1430=VECTOR('',#7328,0.1);
#1431=VECTOR('',#7331,0.0691112752561397);
#1432=VECTOR('',#7332,0.0691112752561397);
#1433=VECTOR('',#7333,0.1);
#1434=VECTOR('',#7336,0.0690786255053758);
#1435=VECTOR('',#7337,0.0690786255053758);
#1436=VECTOR('',#7338,0.1);
#1437=VECTOR('',#7341,0.0153125462392456);
#1438=VECTOR('',#7342,0.0153125462392456);
#1439=VECTOR('',#7343,0.1);
#1440=VECTOR('',#7346,0.128678041218215);
#1441=VECTOR('',#7347,0.128678041218215);
#1442=SHAPE_REPRESENTATION_RELATIONSHIP('SRR','None',#9963,#1447);
#1443=SHAPE_REPRESENTATION_RELATIONSHIP('SRR','None',#9964,#1448);
#1444=SHAPE_REPRESENTATION_RELATIONSHIP('SRR','None',#9965,#1449);
#1445=SHAPE_REPRESENTATION_RELATIONSHIP('SRR','None',#9966,#1450);
#1446=SHAPE_REPRESENTATION_RELATIONSHIP('SRR','None',#9967,#1451);
#1447=ADVANCED_BREP_SHAPE_REPRESENTATION($,(#1482),#9933);
#1448=ADVANCED_BREP_SHAPE_REPRESENTATION($,(#1483,#1484,#1485,#1486),#9934);
#1449=ADVANCED_BREP_SHAPE_REPRESENTATION($,(#1487),#9935);
#1450=ADVANCED_BREP_SHAPE_REPRESENTATION($,(#1488,#1489,#1490,#1491,#1492),
#9936);
#1451=ADVANCED_BREP_SHAPE_REPRESENTATION($,(#1493,#1494,#1495,#1496,#1497,
#1498,#1499,#1500,#1501,#1502,#1503,#1504,#1505,#1506,#1507,#1508,#1509,
#1510,#1511),#9937);
#1452=STYLED_ITEM('',(#9997),#1482);
#1453=STYLED_ITEM('',(#9998),#1483);
#1454=STYLED_ITEM('',(#9998),#1484);
#1455=STYLED_ITEM('',(#9998),#1485);
#1456=STYLED_ITEM('',(#9998),#1486);
#1457=STYLED_ITEM('',(#9999),#1487);
#1458=STYLED_ITEM('',(#10000),#1488);
#1459=STYLED_ITEM('',(#10000),#1489);
#1460=STYLED_ITEM('',(#10000),#1490);
#1461=STYLED_ITEM('',(#10000),#1491);
#1462=STYLED_ITEM('',(#10000),#1492);
#1463=STYLED_ITEM('',(#10001),#1493);
#1464=STYLED_ITEM('',(#10001),#1494);
#1465=STYLED_ITEM('',(#10001),#1495);
#1466=STYLED_ITEM('',(#10001),#1496);
#1467=STYLED_ITEM('',(#10001),#1497);
#1468=STYLED_ITEM('',(#10001),#1498);
#1469=STYLED_ITEM('',(#10001),#1499);
#1470=STYLED_ITEM('',(#10001),#1500);
#1471=STYLED_ITEM('',(#10001),#1501);
#1472=STYLED_ITEM('',(#10001),#1502);
#1473=STYLED_ITEM('',(#10001),#1503);
#1474=STYLED_ITEM('',(#10001),#1504);
#1475=STYLED_ITEM('',(#10001),#1505);
#1476=STYLED_ITEM('',(#10001),#1506);
#1477=STYLED_ITEM('',(#10001),#1507);
#1478=STYLED_ITEM('',(#10001),#1508);
#1479=STYLED_ITEM('',(#10001),#1509);
#1480=STYLED_ITEM('',(#10001),#1510);
#1481=STYLED_ITEM('',(#10001),#1511);
#1482=MANIFOLD_SOLID_BREP('Solid1',#5733);
#1483=MANIFOLD_SOLID_BREP('Solid1',#5734);
#1484=MANIFOLD_SOLID_BREP('Solid1',#5735);
#1485=MANIFOLD_SOLID_BREP('Solid1',#5736);
#1486=MANIFOLD_SOLID_BREP('Solid1',#5737);
#1487=MANIFOLD_SOLID_BREP('Solid1',#5738);
#1488=MANIFOLD_SOLID_BREP('Solid1',#5739);
#1489=MANIFOLD_SOLID_BREP('Solid1',#5740);
#1490=MANIFOLD_SOLID_BREP('Solid1',#5741);
#1491=MANIFOLD_SOLID_BREP('Solid1',#5742);
#1492=MANIFOLD_SOLID_BREP('Solid1',#5743);
#1493=MANIFOLD_SOLID_BREP('Solid1',#5744);
#1494=MANIFOLD_SOLID_BREP('Solid1',#5745);
#1495=MANIFOLD_SOLID_BREP('Solid1',#5746);
#1496=MANIFOLD_SOLID_BREP('Solid1',#5747);
#1497=MANIFOLD_SOLID_BREP('Solid1',#5748);
#1498=MANIFOLD_SOLID_BREP('Solid1',#5749);
#1499=MANIFOLD_SOLID_BREP('Solid1',#5750);
#1500=MANIFOLD_SOLID_BREP('Solid1',#5751);
#1501=MANIFOLD_SOLID_BREP('Solid1',#5752);
#1502=MANIFOLD_SOLID_BREP('Solid1',#5753);
#1503=MANIFOLD_SOLID_BREP('Solid1',#5754);
#1504=MANIFOLD_SOLID_BREP('Solid1',#5755);
#1505=MANIFOLD_SOLID_BREP('Solid1',#5756);
#1506=MANIFOLD_SOLID_BREP('Solid1',#5757);
#1507=MANIFOLD_SOLID_BREP('Solid1',#5758);
#1508=MANIFOLD_SOLID_BREP('Solid1',#5759);
#1509=MANIFOLD_SOLID_BREP('Solid1',#5760);
#1510=MANIFOLD_SOLID_BREP('Solid1',#5761);
#1511=MANIFOLD_SOLID_BREP('Solid1',#5762);
#1512=CONICAL_SURFACE('',#5769,1.657530883416,1.989985001914);
#1513=FACE_BOUND('',#1867,.T.);
#1514=FACE_BOUND('',#1869,.T.);
#1515=FACE_BOUND('',#1947,.T.);
#1516=FACE_BOUND('',#1949,.T.);
#1517=FACE_BOUND('',#1963,.T.);
#1518=FACE_BOUND('',#1965,.T.);
#1519=FACE_BOUND('',#1969,.T.);
#1520=FACE_BOUND('',#1971,.T.);
#1521=FACE_BOUND('',#1975,.T.);
#1522=FACE_BOUND('',#1977,.T.);
#1523=FACE_BOUND('',#2119,.T.);
#1524=FACE_BOUND('',#2121,.T.);
#1525=FACE_BOUND('',#2156,.T.);
#1526=FACE_BOUND('',#2158,.T.);
#1527=TOROIDAL_SURFACE('',#5766,1.24981896441904,0.3);
#1528=TOROIDAL_SURFACE('',#5858,0.2,0.1);
#1529=TOROIDAL_SURFACE('',#5864,0.2,0.1);
#1530=TOROIDAL_SURFACE('',#5869,0.2,0.1);
#1531=TOROIDAL_SURFACE('',#5874,0.2,0.1);
#1532=TOROIDAL_SURFACE('',#5884,0.455,0.12);
#1533=TOROIDAL_SURFACE('',#5907,0.455,0.12);
#1534=TOROIDAL_SURFACE('',#5916,0.455,0.12);
#1535=TOROIDAL_SURFACE('',#5921,0.455,0.12);
#1536=FACE_OUTER_BOUND('',#1865,.T.);
#1537=FACE_OUTER_BOUND('',#1866,.T.);
#1538=FACE_OUTER_BOUND('',#1868,.T.);
#1539=FACE_OUTER_BOUND('',#1870,.T.);
#1540=FACE_OUTER_BOUND('',#1871,.T.);
#1541=FACE_OUTER_BOUND('',#1872,.T.);
#1542=FACE_OUTER_BOUND('',#1873,.T.);
#1543=FACE_OUTER_BOUND('',#1874,.T.);
#1544=FACE_OUTER_BOUND('',#1875,.T.);
#1545=FACE_OUTER_BOUND('',#1876,.T.);
#1546=FACE_OUTER_BOUND('',#1877,.T.);
#1547=FACE_OUTER_BOUND('',#1878,.T.);
#1548=FACE_OUTER_BOUND('',#1879,.T.);
#1549=FACE_OUTER_BOUND('',#1880,.T.);
#1550=FACE_OUTER_BOUND('',#1881,.T.);
#1551=FACE_OUTER_BOUND('',#1882,.T.);
#1552=FACE_OUTER_BOUND('',#1883,.T.);
#1553=FACE_OUTER_BOUND('',#1884,.T.);
#1554=FACE_OUTER_BOUND('',#1885,.T.);
#1555=FACE_OUTER_BOUND('',#1886,.T.);
#1556=FACE_OUTER_BOUND('',#1887,.T.);
#1557=FACE_OUTER_BOUND('',#1888,.T.);
#1558=FACE_OUTER_BOUND('',#1889,.T.);
#1559=FACE_OUTER_BOUND('',#1890,.T.);
#1560=FACE_OUTER_BOUND('',#1891,.T.);
#1561=FACE_OUTER_BOUND('',#1892,.T.);
#1562=FACE_OUTER_BOUND('',#1893,.T.);
#1563=FACE_OUTER_BOUND('',#1894,.T.);
#1564=FACE_OUTER_BOUND('',#1895,.T.);
#1565=FACE_OUTER_BOUND('',#1896,.T.);
#1566=FACE_OUTER_BOUND('',#1897,.T.);
#1567=FACE_OUTER_BOUND('',#1898,.T.);
#1568=FACE_OUTER_BOUND('',#1899,.T.);
#1569=FACE_OUTER_BOUND('',#1900,.T.);
#1570=FACE_OUTER_BOUND('',#1901,.T.);
#1571=FACE_OUTER_BOUND('',#1902,.T.);
#1572=FACE_OUTER_BOUND('',#1903,.T.);
#1573=FACE_OUTER_BOUND('',#1904,.T.);
#1574=FACE_OUTER_BOUND('',#1905,.T.);
#1575=FACE_OUTER_BOUND('',#1906,.T.);
#1576=FACE_OUTER_BOUND('',#1907,.T.);
#1577=FACE_OUTER_BOUND('',#1908,.T.);
#1578=FACE_OUTER_BOUND('',#1909,.T.);
#1579=FACE_OUTER_BOUND('',#1910,.T.);
#1580=FACE_OUTER_BOUND('',#1911,.T.);
#1581=FACE_OUTER_BOUND('',#1912,.T.);
#1582=FACE_OUTER_BOUND('',#1913,.T.);
#1583=FACE_OUTER_BOUND('',#1914,.T.);
#1584=FACE_OUTER_BOUND('',#1915,.T.);
#1585=FACE_OUTER_BOUND('',#1916,.T.);
#1586=FACE_OUTER_BOUND('',#1917,.T.);
#1587=FACE_OUTER_BOUND('',#1918,.T.);
#1588=FACE_OUTER_BOUND('',#1919,.T.);
#1589=FACE_OUTER_BOUND('',#1920,.T.);
#1590=FACE_OUTER_BOUND('',#1921,.T.);
#1591=FACE_OUTER_BOUND('',#1922,.T.);
#1592=FACE_OUTER_BOUND('',#1923,.T.);
#1593=FACE_OUTER_BOUND('',#1924,.T.);
#1594=FACE_OUTER_BOUND('',#1925,.T.);
#1595=FACE_OUTER_BOUND('',#1926,.T.);
#1596=FACE_OUTER_BOUND('',#1927,.T.);
#1597=FACE_OUTER_BOUND('',#1928,.T.);
#1598=FACE_OUTER_BOUND('',#1929,.T.);
#1599=FACE_OUTER_BOUND('',#1930,.T.);
#1600=FACE_OUTER_BOUND('',#1931,.T.);
#1601=FACE_OUTER_BOUND('',#1932,.T.);
#1602=FACE_OUTER_BOUND('',#1933,.T.);
#1603=FACE_OUTER_BOUND('',#1934,.T.);
#1604=FACE_OUTER_BOUND('',#1935,.T.);
#1605=FACE_OUTER_BOUND('',#1936,.T.);
#1606=FACE_OUTER_BOUND('',#1937,.T.);
#1607=FACE_OUTER_BOUND('',#1938,.T.);
#1608=FACE_OUTER_BOUND('',#1939,.T.);
#1609=FACE_OUTER_BOUND('',#1940,.T.);
#1610=FACE_OUTER_BOUND('',#1941,.T.);
#1611=FACE_OUTER_BOUND('',#1942,.T.);
#1612=FACE_OUTER_BOUND('',#1943,.T.);
#1613=FACE_OUTER_BOUND('',#1944,.T.);
#1614=FACE_OUTER_BOUND('',#1945,.T.);
#1615=FACE_OUTER_BOUND('',#1946,.T.);
#1616=FACE_OUTER_BOUND('',#1948,.T.);
#1617=FACE_OUTER_BOUND('',#1950,.T.);
#1618=FACE_OUTER_BOUND('',#1951,.T.);
#1619=FACE_OUTER_BOUND('',#1952,.T.);
#1620=FACE_OUTER_BOUND('',#1953,.T.);
#1621=FACE_OUTER_BOUND('',#1954,.T.);
#1622=FACE_OUTER_BOUND('',#1955,.T.);
#1623=FACE_OUTER_BOUND('',#1956,.T.);
#1624=FACE_OUTER_BOUND('',#1957,.T.);
#1625=FACE_OUTER_BOUND('',#1958,.T.);
#1626=FACE_OUTER_BOUND('',#1959,.T.);
#1627=FACE_OUTER_BOUND('',#1960,.T.);
#1628=FACE_OUTER_BOUND('',#1961,.T.);
#1629=FACE_OUTER_BOUND('',#1962,.T.);
#1630=FACE_OUTER_BOUND('',#1964,.T.);
#1631=FACE_OUTER_BOUND('',#1966,.T.);
#1632=FACE_OUTER_BOUND('',#1967,.T.);
#1633=FACE_OUTER_BOUND('',#1968,.T.);
#1634=FACE_OUTER_BOUND('',#1970,.T.);
#1635=FACE_OUTER_BOUND('',#1972,.T.);
#1636=FACE_OUTER_BOUND('',#1973,.T.);
#1637=FACE_OUTER_BOUND('',#1974,.T.);
#1638=FACE_OUTER_BOUND('',#1976,.T.);
#1639=FACE_OUTER_BOUND('',#1978,.T.);
#1640=FACE_OUTER_BOUND('',#1979,.T.);
#1641=FACE_OUTER_BOUND('',#1980,.T.);
#1642=FACE_OUTER_BOUND('',#1981,.T.);
#1643=FACE_OUTER_BOUND('',#1982,.T.);
#1644=FACE_OUTER_BOUND('',#1983,.T.);
#1645=FACE_OUTER_BOUND('',#1984,.T.);
#1646=FACE_OUTER_BOUND('',#1985,.T.);
#1647=FACE_OUTER_BOUND('',#1986,.T.);
#1648=FACE_OUTER_BOUND('',#1987,.T.);
#1649=FACE_OUTER_BOUND('',#1988,.T.);
#1650=FACE_OUTER_BOUND('',#1989,.T.);
#1651=FACE_OUTER_BOUND('',#1990,.T.);
#1652=FACE_OUTER_BOUND('',#1991,.T.);
#1653=FACE_OUTER_BOUND('',#1992,.T.);
#1654=FACE_OUTER_BOUND('',#1993,.T.);
#1655=FACE_OUTER_BOUND('',#1994,.T.);
#1656=FACE_OUTER_BOUND('',#1995,.T.);
#1657=FACE_OUTER_BOUND('',#1996,.T.);
#1658=FACE_OUTER_BOUND('',#1997,.T.);
#1659=FACE_OUTER_BOUND('',#1998,.T.);
#1660=FACE_OUTER_BOUND('',#1999,.T.);
#1661=FACE_OUTER_BOUND('',#2000,.T.);
#1662=FACE_OUTER_BOUND('',#2001,.T.);
#1663=FACE_OUTER_BOUND('',#2002,.T.);
#1664=FACE_OUTER_BOUND('',#2003,.T.);
#1665=FACE_OUTER_BOUND('',#2004,.T.);
#1666=FACE_OUTER_BOUND('',#2005,.T.);
#1667=FACE_OUTER_BOUND('',#2006,.T.);
#1668=FACE_OUTER_BOUND('',#2007,.T.);
#1669=FACE_OUTER_BOUND('',#2008,.T.);
#1670=FACE_OUTER_BOUND('',#2009,.T.);
#1671=FACE_OUTER_BOUND('',#2010,.T.);
#1672=FACE_OUTER_BOUND('',#2011,.T.);
#1673=FACE_OUTER_BOUND('',#2012,.T.);
#1674=FACE_OUTER_BOUND('',#2013,.T.);
#1675=FACE_OUTER_BOUND('',#2014,.T.);
#1676=FACE_OUTER_BOUND('',#2015,.T.);
#1677=FACE_OUTER_BOUND('',#2016,.T.);
#1678=FACE_OUTER_BOUND('',#2017,.T.);
#1679=FACE_OUTER_BOUND('',#2018,.T.);
#1680=FACE_OUTER_BOUND('',#2019,.T.);
#1681=FACE_OUTER_BOUND('',#2020,.T.);
#1682=FACE_OUTER_BOUND('',#2021,.T.);
#1683=FACE_OUTER_BOUND('',#2022,.T.);
#1684=FACE_OUTER_BOUND('',#2023,.T.);
#1685=FACE_OUTER_BOUND('',#2024,.T.);
#1686=FACE_OUTER_BOUND('',#2025,.T.);
#1687=FACE_OUTER_BOUND('',#2026,.T.);
#1688=FACE_OUTER_BOUND('',#2027,.T.);
#1689=FACE_OUTER_BOUND('',#2028,.T.);
#1690=FACE_OUTER_BOUND('',#2029,.T.);
#1691=FACE_OUTER_BOUND('',#2030,.T.);
#1692=FACE_OUTER_BOUND('',#2031,.T.);
#1693=FACE_OUTER_BOUND('',#2032,.T.);
#1694=FACE_OUTER_BOUND('',#2033,.T.);
#1695=FACE_OUTER_BOUND('',#2034,.T.);
#1696=FACE_OUTER_BOUND('',#2035,.T.);
#1697=FACE_OUTER_BOUND('',#2036,.T.);
#1698=FACE_OUTER_BOUND('',#2037,.T.);
#1699=FACE_OUTER_BOUND('',#2038,.T.);
#1700=FACE_OUTER_BOUND('',#2039,.T.);
#1701=FACE_OUTER_BOUND('',#2040,.T.);
#1702=FACE_OUTER_BOUND('',#2041,.T.);
#1703=FACE_OUTER_BOUND('',#2042,.T.);
#1704=FACE_OUTER_BOUND('',#2043,.T.);
#1705=FACE_OUTER_BOUND('',#2044,.T.);
#1706=FACE_OUTER_BOUND('',#2045,.T.);
#1707=FACE_OUTER_BOUND('',#2046,.T.);
#1708=FACE_OUTER_BOUND('',#2047,.T.);
#1709=FACE_OUTER_BOUND('',#2048,.T.);
#1710=FACE_OUTER_BOUND('',#2049,.T.);
#1711=FACE_OUTER_BOUND('',#2050,.T.);
#1712=FACE_OUTER_BOUND('',#2051,.T.);
#1713=FACE_OUTER_BOUND('',#2052,.T.);
#1714=FACE_OUTER_BOUND('',#2053,.T.);
#1715=FACE_OUTER_BOUND('',#2054,.T.);
#1716=FACE_OUTER_BOUND('',#2055,.T.);
#1717=FACE_OUTER_BOUND('',#2056,.T.);
#1718=FACE_OUTER_BOUND('',#2057,.T.);
#1719=FACE_OUTER_BOUND('',#2058,.T.);
#1720=FACE_OUTER_BOUND('',#2059,.T.);
#1721=FACE_OUTER_BOUND('',#2060,.T.);
#1722=FACE_OUTER_BOUND('',#2061,.T.);
#1723=FACE_OUTER_BOUND('',#2062,.T.);
#1724=FACE_OUTER_BOUND('',#2063,.T.);
#1725=FACE_OUTER_BOUND('',#2064,.T.);
#1726=FACE_OUTER_BOUND('',#2065,.T.);
#1727=FACE_OUTER_BOUND('',#2066,.T.);
#1728=FACE_OUTER_BOUND('',#2067,.T.);
#1729=FACE_OUTER_BOUND('',#2068,.T.);
#1730=FACE_OUTER_BOUND('',#2069,.T.);
#1731=FACE_OUTER_BOUND('',#2070,.T.);
#1732=FACE_OUTER_BOUND('',#2071,.T.);
#1733=FACE_OUTER_BOUND('',#2072,.T.);
#1734=FACE_OUTER_BOUND('',#2073,.T.);
#1735=FACE_OUTER_BOUND('',#2074,.T.);
#1736=FACE_OUTER_BOUND('',#2075,.T.);
#1737=FACE_OUTER_BOUND('',#2076,.T.);
#1738=FACE_OUTER_BOUND('',#2077,.T.);
#1739=FACE_OUTER_BOUND('',#2078,.T.);
#1740=FACE_OUTER_BOUND('',#2079,.T.);
#1741=FACE_OUTER_BOUND('',#2080,.T.);
#1742=FACE_OUTER_BOUND('',#2081,.T.);
#1743=FACE_OUTER_BOUND('',#2082,.T.);
#1744=FACE_OUTER_BOUND('',#2083,.T.);
#1745=FACE_OUTER_BOUND('',#2084,.T.);
#1746=FACE_OUTER_BOUND('',#2085,.T.);
#1747=FACE_OUTER_BOUND('',#2086,.T.);
#1748=FACE_OUTER_BOUND('',#2087,.T.);
#1749=FACE_OUTER_BOUND('',#2088,.T.);
#1750=FACE_OUTER_BOUND('',#2089,.T.);
#1751=FACE_OUTER_BOUND('',#2090,.T.);
#1752=FACE_OUTER_BOUND('',#2091,.T.);
#1753=FACE_OUTER_BOUND('',#2092,.T.);
#1754=FACE_OUTER_BOUND('',#2093,.T.);
#1755=FACE_OUTER_BOUND('',#2094,.T.);
#1756=FACE_OUTER_BOUND('',#2095,.T.);
#1757=FACE_OUTER_BOUND('',#2096,.T.);
#1758=FACE_OUTER_BOUND('',#2097,.T.);
#1759=FACE_OUTER_BOUND('',#2098,.T.);
#1760=FACE_OUTER_BOUND('',#2099,.T.);
#1761=FACE_OUTER_BOUND('',#2100,.T.);
#1762=FACE_OUTER_BOUND('',#2101,.T.);
#1763=FACE_OUTER_BOUND('',#2102,.T.);
#1764=FACE_OUTER_BOUND('',#2103,.T.);
#1765=FACE_OUTER_BOUND('',#2104,.T.);
#1766=FACE_OUTER_BOUND('',#2105,.T.);
#1767=FACE_OUTER_BOUND('',#2106,.T.);
#1768=FACE_OUTER_BOUND('',#2107,.T.);
#1769=FACE_OUTER_BOUND('',#2108,.T.);
#1770=FACE_OUTER_BOUND('',#2109,.T.);
#1771=FACE_OUTER_BOUND('',#2110,.T.);
#1772=FACE_OUTER_BOUND('',#2111,.T.);
#1773=FACE_OUTER_BOUND('',#2112,.T.);
#1774=FACE_OUTER_BOUND('',#2113,.T.);
#1775=FACE_OUTER_BOUND('',#2114,.T.);
#1776=FACE_OUTER_BOUND('',#2115,.T.);
#1777=FACE_OUTER_BOUND('',#2116,.T.);
#1778=FACE_OUTER_BOUND('',#2117,.T.);
#1779=FACE_OUTER_BOUND('',#2118,.T.);
#1780=FACE_OUTER_BOUND('',#2120,.T.);
#1781=FACE_OUTER_BOUND('',#2122,.T.);
#1782=FACE_OUTER_BOUND('',#2123,.T.);
#1783=FACE_OUTER_BOUND('',#2124,.T.);
#1784=FACE_OUTER_BOUND('',#2125,.T.);
#1785=FACE_OUTER_BOUND('',#2126,.T.);
#1786=FACE_OUTER_BOUND('',#2127,.T.);
#1787=FACE_OUTER_BOUND('',#2128,.T.);
#1788=FACE_OUTER_BOUND('',#2129,.T.);
#1789=FACE_OUTER_BOUND('',#2130,.T.);
#1790=FACE_OUTER_BOUND('',#2131,.T.);
#1791=FACE_OUTER_BOUND('',#2132,.T.);
#1792=FACE_OUTER_BOUND('',#2133,.T.);
#1793=FACE_OUTER_BOUND('',#2134,.T.);
#1794=FACE_OUTER_BOUND('',#2135,.T.);
#1795=FACE_OUTER_BOUND('',#2136,.T.);
#1796=FACE_OUTER_BOUND('',#2137,.T.);
#1797=FACE_OUTER_BOUND('',#2138,.T.);
#1798=FACE_OUTER_BOUND('',#2139,.T.);
#1799=FACE_OUTER_BOUND('',#2140,.T.);
#1800=FACE_OUTER_BOUND('',#2141,.T.);
#1801=FACE_OUTER_BOUND('',#2142,.T.);
#1802=FACE_OUTER_BOUND('',#2143,.T.);
#1803=FACE_OUTER_BOUND('',#2144,.T.);
#1804=FACE_OUTER_BOUND('',#2145,.T.);
#1805=FACE_OUTER_BOUND('',#2146,.T.);
#1806=FACE_OUTER_BOUND('',#2147,.T.);
#1807=FACE_OUTER_BOUND('',#2148,.T.);
#1808=FACE_OUTER_BOUND('',#2149,.T.);
#1809=FACE_OUTER_BOUND('',#2150,.T.);
#1810=FACE_OUTER_BOUND('',#2151,.T.);
#1811=FACE_OUTER_BOUND('',#2152,.T.);
#1812=FACE_OUTER_BOUND('',#2153,.T.);
#1813=FACE_OUTER_BOUND('',#2154,.T.);
#1814=FACE_OUTER_BOUND('',#2155,.T.);
#1815=FACE_OUTER_BOUND('',#2157,.T.);
#1816=FACE_OUTER_BOUND('',#2159,.T.);
#1817=FACE_OUTER_BOUND('',#2160,.T.);
#1818=FACE_OUTER_BOUND('',#2161,.T.);
#1819=FACE_OUTER_BOUND('',#2162,.T.);
#1820=FACE_OUTER_BOUND('',#2163,.T.);
#1821=FACE_OUTER_BOUND('',#2164,.T.);
#1822=FACE_OUTER_BOUND('',#2165,.T.);
#1823=FACE_OUTER_BOUND('',#2166,.T.);
#1824=FACE_OUTER_BOUND('',#2167,.T.);
#1825=FACE_OUTER_BOUND('',#2168,.T.);
#1826=FACE_OUTER_BOUND('',#2169,.T.);
#1827=FACE_OUTER_BOUND('',#2170,.T.);
#1828=FACE_OUTER_BOUND('',#2171,.T.);
#1829=FACE_OUTER_BOUND('',#2172,.T.);
#1830=FACE_OUTER_BOUND('',#2173,.T.);
#1831=FACE_OUTER_BOUND('',#2174,.T.);
#1832=FACE_OUTER_BOUND('',#2175,.T.);
#1833=FACE_OUTER_BOUND('',#2176,.T.);
#1834=FACE_OUTER_BOUND('',#2177,.T.);
#1835=FACE_OUTER_BOUND('',#2178,.T.);
#1836=FACE_OUTER_BOUND('',#2179,.T.);
#1837=FACE_OUTER_BOUND('',#2180,.T.);
#1838=FACE_OUTER_BOUND('',#2181,.T.);
#1839=FACE_OUTER_BOUND('',#2182,.T.);
#1840=FACE_OUTER_BOUND('',#2183,.T.);
#1841=FACE_OUTER_BOUND('',#2184,.T.);
#1842=FACE_OUTER_BOUND('',#2185,.T.);
#1843=FACE_OUTER_BOUND('',#2186,.T.);
#1844=FACE_OUTER_BOUND('',#2187,.T.);
#1845=FACE_OUTER_BOUND('',#2188,.T.);
#1846=FACE_OUTER_BOUND('',#2189,.T.);
#1847=FACE_OUTER_BOUND('',#2190,.T.);
#1848=FACE_OUTER_BOUND('',#2191,.T.);
#1849=FACE_OUTER_BOUND('',#2192,.T.);
#1850=FACE_OUTER_BOUND('',#2193,.T.);
#1851=FACE_OUTER_BOUND('',#2194,.T.);
#1852=FACE_OUTER_BOUND('',#2195,.T.);
#1853=FACE_OUTER_BOUND('',#2196,.T.);
#1854=FACE_OUTER_BOUND('',#2197,.T.);
#1855=FACE_OUTER_BOUND('',#2198,.T.);
#1856=FACE_OUTER_BOUND('',#2199,.T.);
#1857=FACE_OUTER_BOUND('',#2200,.T.);
#1858=FACE_OUTER_BOUND('',#2201,.T.);
#1859=FACE_OUTER_BOUND('',#2202,.T.);
#1860=FACE_OUTER_BOUND('',#2203,.T.);
#1861=FACE_OUTER_BOUND('',#2204,.T.);
#1862=FACE_OUTER_BOUND('',#2205,.T.);
#1863=FACE_OUTER_BOUND('',#2206,.T.);
#1864=FACE_OUTER_BOUND('',#2207,.T.);
#1865=EDGE_LOOP('',(#3600));
#1866=EDGE_LOOP('',(#3601));
#1867=EDGE_LOOP('',(#3602));
#1868=EDGE_LOOP('',(#3603));
#1869=EDGE_LOOP('',(#3604));
#1870=EDGE_LOOP('',(#3605));
#1871=EDGE_LOOP('',(#3606,#3607,#3608,#3609));
#1872=EDGE_LOOP('',(#3610,#3611,#3612,#3613));
#1873=EDGE_LOOP('',(#3614,#3615,#3616,#3617,#3618,#3619,#3620,#3621,#3622,
#3623,#3624,#3625,#3626,#3627));
#1874=EDGE_LOOP('',(#3628,#3629,#3630,#3631));
#1875=EDGE_LOOP('',(#3632,#3633,#3634,#3635));
#1876=EDGE_LOOP('',(#3636,#3637,#3638,#3639));
#1877=EDGE_LOOP('',(#3640,#3641,#3642,#3643,#3644,#3645,#3646,#3647,#3648,
#3649,#3650,#3651,#3652,#3653));
#1878=EDGE_LOOP('',(#3654,#3655,#3656,#3657));
#1879=EDGE_LOOP('',(#3658,#3659,#3660,#3661));
#1880=EDGE_LOOP('',(#3662,#3663,#3664,#3665));
#1881=EDGE_LOOP('',(#3666,#3667,#3668,#3669));
#1882=EDGE_LOOP('',(#3670,#3671,#3672,#3673));
#1883=EDGE_LOOP('',(#3674,#3675,#3676,#3677));
#1884=EDGE_LOOP('',(#3678,#3679,#3680,#3681));
#1885=EDGE_LOOP('',(#3682,#3683,#3684,#3685));
#1886=EDGE_LOOP('',(#3686,#3687,#3688,#3689));
#1887=EDGE_LOOP('',(#3690,#3691,#3692,#3693));
#1888=EDGE_LOOP('',(#3694,#3695,#3696,#3697));
#1889=EDGE_LOOP('',(#3698,#3699,#3700,#3701));
#1890=EDGE_LOOP('',(#3702,#3703,#3704,#3705));
#1891=EDGE_LOOP('',(#3706,#3707,#3708,#3709));
#1892=EDGE_LOOP('',(#3710,#3711,#3712,#3713));
#1893=EDGE_LOOP('',(#3714,#3715,#3716,#3717));
#1894=EDGE_LOOP('',(#3718,#3719,#3720,#3721));
#1895=EDGE_LOOP('',(#3722,#3723,#3724,#3725));
#1896=EDGE_LOOP('',(#3726,#3727,#3728,#3729,#3730,#3731,#3732,#3733,#3734,
#3735,#3736,#3737,#3738,#3739));
#1897=EDGE_LOOP('',(#3740,#3741,#3742,#3743));
#1898=EDGE_LOOP('',(#3744,#3745,#3746,#3747,#3748,#3749,#3750,#3751,#3752,
#3753,#3754,#3755,#3756,#3757));
#1899=EDGE_LOOP('',(#3758,#3759,#3760,#3761));
#1900=EDGE_LOOP('',(#3762,#3763,#3764,#3765));
#1901=EDGE_LOOP('',(#3766,#3767,#3768,#3769));
#1902=EDGE_LOOP('',(#3770,#3771,#3772,#3773));
#1903=EDGE_LOOP('',(#3774,#3775,#3776,#3777));
#1904=EDGE_LOOP('',(#3778,#3779,#3780,#3781));
#1905=EDGE_LOOP('',(#3782,#3783,#3784,#3785));
#1906=EDGE_LOOP('',(#3786,#3787,#3788,#3789,#3790,#3791,#3792,#3793,#3794,
#3795,#3796,#3797,#3798,#3799));
#1907=EDGE_LOOP('',(#3800,#3801,#3802,#3803));
#1908=EDGE_LOOP('',(#3804,#3805,#3806,#3807));
#1909=EDGE_LOOP('',(#3808,#3809,#3810,#3811,#3812,#3813,#3814,#3815,#3816,
#3817,#3818,#3819,#3820,#3821));
#1910=EDGE_LOOP('',(#3822,#3823,#3824,#3825));
#1911=EDGE_LOOP('',(#3826,#3827,#3828,#3829));
#1912=EDGE_LOOP('',(#3830,#3831,#3832,#3833));
#1913=EDGE_LOOP('',(#3834,#3835,#3836,#3837));
#1914=EDGE_LOOP('',(#3838,#3839,#3840,#3841));
#1915=EDGE_LOOP('',(#3842,#3843,#3844,#3845));
#1916=EDGE_LOOP('',(#3846,#3847,#3848,#3849));
#1917=EDGE_LOOP('',(#3850,#3851,#3852,#3853));
#1918=EDGE_LOOP('',(#3854,#3855,#3856,#3857));
#1919=EDGE_LOOP('',(#3858,#3859,#3860,#3861));
#1920=EDGE_LOOP('',(#3862,#3863,#3864,#3865));
#1921=EDGE_LOOP('',(#3866,#3867,#3868,#3869));
#1922=EDGE_LOOP('',(#3870,#3871,#3872,#3873));
#1923=EDGE_LOOP('',(#3874,#3875,#3876,#3877));
#1924=EDGE_LOOP('',(#3878,#3879,#3880,#3881));
#1925=EDGE_LOOP('',(#3882,#3883,#3884,#3885));
#1926=EDGE_LOOP('',(#3886,#3887,#3888,#3889));
#1927=EDGE_LOOP('',(#3890,#3891,#3892,#3893));
#1928=EDGE_LOOP('',(#3894,#3895,#3896,#3897,#3898,#3899,#3900,#3901,#3902,
#3903,#3904,#3905,#3906,#3907));
#1929=EDGE_LOOP('',(#3908,#3909,#3910,#3911,#3912,#3913,#3914,#3915,#3916,
#3917,#3918,#3919,#3920,#3921));
#1930=EDGE_LOOP('',(#3922,#3923,#3924,#3925));
#1931=EDGE_LOOP('',(#3926,#3927,#3928,#3929));
#1932=EDGE_LOOP('',(#3930,#3931,#3932,#3933));
#1933=EDGE_LOOP('',(#3934,#3935,#3936,#3937));
#1934=EDGE_LOOP('',(#3938,#3939,#3940,#3941));
#1935=EDGE_LOOP('',(#3942,#3943,#3944,#3945,#3946,#3947,#3948,#3949));
#1936=EDGE_LOOP('',(#3950,#3951,#3952,#3953));
#1937=EDGE_LOOP('',(#3954,#3955,#3956,#3957));
#1938=EDGE_LOOP('',(#3958,#3959,#3960,#3961));
#1939=EDGE_LOOP('',(#3962,#3963,#3964,#3965));
#1940=EDGE_LOOP('',(#3966,#3967,#3968,#3969));
#1941=EDGE_LOOP('',(#3970,#3971,#3972,#3973));
#1942=EDGE_LOOP('',(#3974,#3975,#3976,#3977));
#1943=EDGE_LOOP('',(#3978,#3979,#3980,#3981));
#1944=EDGE_LOOP('',(#3982,#3983,#3984,#3985,#3986,#3987,#3988,#3989));
#1945=EDGE_LOOP('',(#3990));
#1946=EDGE_LOOP('',(#3991));
#1947=EDGE_LOOP('',(#3992));
#1948=EDGE_LOOP('',(#3993));
#1949=EDGE_LOOP('',(#3994));
#1950=EDGE_LOOP('',(#3995));
#1951=EDGE_LOOP('',(#3996,#3997,#3998,#3999,#4000,#4001,#4002,#4003));
#1952=EDGE_LOOP('',(#4004,#4005,#4006,#4007));
#1953=EDGE_LOOP('',(#4008,#4009,#4010,#4011));
#1954=EDGE_LOOP('',(#4012,#4013,#4014,#4015));
#1955=EDGE_LOOP('',(#4016,#4017,#4018,#4019));
#1956=EDGE_LOOP('',(#4020,#4021,#4022,#4023));
#1957=EDGE_LOOP('',(#4024,#4025,#4026,#4027));
#1958=EDGE_LOOP('',(#4028,#4029,#4030,#4031));
#1959=EDGE_LOOP('',(#4032,#4033,#4034,#4035));
#1960=EDGE_LOOP('',(#4036,#4037,#4038,#4039,#4040,#4041,#4042,#4043));
#1961=EDGE_LOOP('',(#4044));
#1962=EDGE_LOOP('',(#4045));
#1963=EDGE_LOOP('',(#4046));
#1964=EDGE_LOOP('',(#4047));
#1965=EDGE_LOOP('',(#4048));
#1966=EDGE_LOOP('',(#4049));
#1967=EDGE_LOOP('',(#4050));
#1968=EDGE_LOOP('',(#4051));
#1969=EDGE_LOOP('',(#4052));
#1970=EDGE_LOOP('',(#4053));
#1971=EDGE_LOOP('',(#4054));
#1972=EDGE_LOOP('',(#4055));
#1973=EDGE_LOOP('',(#4056));
#1974=EDGE_LOOP('',(#4057));
#1975=EDGE_LOOP('',(#4058));
#1976=EDGE_LOOP('',(#4059));
#1977=EDGE_LOOP('',(#4060));
#1978=EDGE_LOOP('',(#4061));
#1979=EDGE_LOOP('',(#4062,#4063,#4064,#4065));
#1980=EDGE_LOOP('',(#4066,#4067,#4068,#4069));
#1981=EDGE_LOOP('',(#4070,#4071,#4072,#4073));
#1982=EDGE_LOOP('',(#4074,#4075,#4076,#4077));
#1983=EDGE_LOOP('',(#4078,#4079,#4080,#4081));
#1984=EDGE_LOOP('',(#4082,#4083,#4084,#4085));
#1985=EDGE_LOOP('',(#4086,#4087,#4088,#4089));
#1986=EDGE_LOOP('',(#4090,#4091,#4092,#4093));
#1987=EDGE_LOOP('',(#4094,#4095,#4096,#4097));
#1988=EDGE_LOOP('',(#4098,#4099,#4100,#4101));
#1989=EDGE_LOOP('',(#4102,#4103,#4104,#4105));
#1990=EDGE_LOOP('',(#4106,#4107,#4108,#4109));
#1991=EDGE_LOOP('',(#4110,#4111,#4112,#4113));
#1992=EDGE_LOOP('',(#4114,#4115,#4116,#4117));
#1993=EDGE_LOOP('',(#4118,#4119,#4120,#4121));
#1994=EDGE_LOOP('',(#4122,#4123,#4124,#4125));
#1995=EDGE_LOOP('',(#4126,#4127,#4128,#4129));
#1996=EDGE_LOOP('',(#4130,#4131,#4132,#4133));
#1997=EDGE_LOOP('',(#4134,#4135,#4136,#4137,#4138,#4139,#4140,#4141,#4142,
#4143,#4144,#4145,#4146,#4147,#4148,#4149,#4150,#4151));
#1998=EDGE_LOOP('',(#4152,#4153,#4154,#4155,#4156,#4157,#4158,#4159,#4160,
#4161,#4162,#4163,#4164,#4165,#4166,#4167,#4168,#4169));
#1999=EDGE_LOOP('',(#4170,#4171,#4172,#4173));
#2000=EDGE_LOOP('',(#4174,#4175,#4176,#4177));
#2001=EDGE_LOOP('',(#4178,#4179,#4180,#4181));
#2002=EDGE_LOOP('',(#4182,#4183,#4184,#4185));
#2003=EDGE_LOOP('',(#4186,#4187,#4188,#4189));
#2004=EDGE_LOOP('',(#4190,#4191,#4192,#4193));
#2005=EDGE_LOOP('',(#4194,#4195,#4196,#4197));
#2006=EDGE_LOOP('',(#4198,#4199,#4200,#4201));
#2007=EDGE_LOOP('',(#4202,#4203,#4204,#4205));
#2008=EDGE_LOOP('',(#4206,#4207,#4208,#4209));
#2009=EDGE_LOOP('',(#4210,#4211,#4212,#4213));
#2010=EDGE_LOOP('',(#4214,#4215,#4216,#4217));
#2011=EDGE_LOOP('',(#4218,#4219,#4220,#4221));
#2012=EDGE_LOOP('',(#4222,#4223,#4224,#4225));
#2013=EDGE_LOOP('',(#4226,#4227,#4228,#4229));
#2014=EDGE_LOOP('',(#4230,#4231,#4232,#4233));
#2015=EDGE_LOOP('',(#4234,#4235,#4236,#4237));
#2016=EDGE_LOOP('',(#4238,#4239,#4240,#4241));
#2017=EDGE_LOOP('',(#4242,#4243,#4244,#4245));
#2018=EDGE_LOOP('',(#4246,#4247,#4248,#4249));
#2019=EDGE_LOOP('',(#4250,#4251,#4252,#4253));
#2020=EDGE_LOOP('',(#4254,#4255,#4256,#4257));
#2021=EDGE_LOOP('',(#4258,#4259,#4260,#4261));
#2022=EDGE_LOOP('',(#4262,#4263,#4264,#4265));
#2023=EDGE_LOOP('',(#4266,#4267,#4268,#4269));
#2024=EDGE_LOOP('',(#4270,#4271,#4272,#4273));
#2025=EDGE_LOOP('',(#4274,#4275,#4276,#4277));
#2026=EDGE_LOOP('',(#4278,#4279,#4280,#4281));
#2027=EDGE_LOOP('',(#4282,#4283,#4284,#4285));
#2028=EDGE_LOOP('',(#4286,#4287,#4288,#4289));
#2029=EDGE_LOOP('',(#4290,#4291,#4292,#4293,#4294,#4295,#4296,#4297,#4298,
#4299,#4300,#4301,#4302,#4303,#4304,#4305,#4306,#4307));
#2030=EDGE_LOOP('',(#4308,#4309,#4310,#4311,#4312,#4313,#4314,#4315,#4316,
#4317,#4318,#4319,#4320,#4321,#4322,#4323,#4324,#4325));
#2031=EDGE_LOOP('',(#4326,#4327,#4328,#4329));
#2032=EDGE_LOOP('',(#4330,#4331,#4332,#4333));
#2033=EDGE_LOOP('',(#4334,#4335,#4336,#4337));
#2034=EDGE_LOOP('',(#4338,#4339,#4340,#4341));
#2035=EDGE_LOOP('',(#4342,#4343,#4344,#4345));
#2036=EDGE_LOOP('',(#4346,#4347,#4348,#4349));
#2037=EDGE_LOOP('',(#4350,#4351,#4352,#4353));
#2038=EDGE_LOOP('',(#4354,#4355,#4356,#4357));
#2039=EDGE_LOOP('',(#4358,#4359,#4360,#4361));
#2040=EDGE_LOOP('',(#4362,#4363,#4364,#4365));
#2041=EDGE_LOOP('',(#4366,#4367,#4368,#4369));
#2042=EDGE_LOOP('',(#4370,#4371,#4372,#4373));
#2043=EDGE_LOOP('',(#4374,#4375,#4376,#4377));
#2044=EDGE_LOOP('',(#4378,#4379,#4380,#4381,#4382,#4383,#4384,#4385,#4386,
#4387,#4388,#4389,#4390));
#2045=EDGE_LOOP('',(#4391,#4392,#4393,#4394,#4395,#4396,#4397,#4398,#4399,
#4400,#4401,#4402,#4403));
#2046=EDGE_LOOP('',(#4404,#4405,#4406,#4407));
#2047=EDGE_LOOP('',(#4408,#4409,#4410,#4411));
#2048=EDGE_LOOP('',(#4412,#4413,#4414,#4415));
#2049=EDGE_LOOP('',(#4416,#4417,#4418,#4419));
#2050=EDGE_LOOP('',(#4420,#4421,#4422,#4423));
#2051=EDGE_LOOP('',(#4424,#4425,#4426,#4427));
#2052=EDGE_LOOP('',(#4428,#4429,#4430,#4431));
#2053=EDGE_LOOP('',(#4432,#4433,#4434,#4435));
#2054=EDGE_LOOP('',(#4436,#4437,#4438,#4439));
#2055=EDGE_LOOP('',(#4440,#4441,#4442,#4443));
#2056=EDGE_LOOP('',(#4444,#4445,#4446,#4447));
#2057=EDGE_LOOP('',(#4448,#4449,#4450,#4451));
#2058=EDGE_LOOP('',(#4452,#4453,#4454,#4455));
#2059=EDGE_LOOP('',(#4456,#4457,#4458,#4459));
#2060=EDGE_LOOP('',(#4460,#4461,#4462,#4463));
#2061=EDGE_LOOP('',(#4464,#4465,#4466,#4467));
#2062=EDGE_LOOP('',(#4468,#4469,#4470,#4471));
#2063=EDGE_LOOP('',(#4472,#4473,#4474,#4475));
#2064=EDGE_LOOP('',(#4476,#4477,#4478,#4479));
#2065=EDGE_LOOP('',(#4480,#4481,#4482,#4483));
#2066=EDGE_LOOP('',(#4484,#4485,#4486,#4487,#4488,#4489,#4490,#4491,#4492,
#4493,#4494,#4495,#4496,#4497,#4498,#4499,#4500,#4501,#4502,#4503));
#2067=EDGE_LOOP('',(#4504,#4505,#4506,#4507,#4508,#4509,#4510,#4511,#4512,
#4513,#4514,#4515,#4516,#4517,#4518,#4519,#4520,#4521,#4522,#4523));
#2068=EDGE_LOOP('',(#4524,#4525,#4526,#4527));
#2069=EDGE_LOOP('',(#4528,#4529,#4530,#4531));
#2070=EDGE_LOOP('',(#4532,#4533,#4534,#4535));
#2071=EDGE_LOOP('',(#4536,#4537,#4538,#4539));
#2072=EDGE_LOOP('',(#4540,#4541,#4542,#4543));
#2073=EDGE_LOOP('',(#4544,#4545,#4546,#4547));
#2074=EDGE_LOOP('',(#4548,#4549,#4550,#4551));
#2075=EDGE_LOOP('',(#4552,#4553,#4554,#4555));
#2076=EDGE_LOOP('',(#4556,#4557,#4558,#4559,#4560,#4561,#4562,#4563));
#2077=EDGE_LOOP('',(#4564,#4565,#4566,#4567,#4568,#4569,#4570,#4571));
#2078=EDGE_LOOP('',(#4572,#4573,#4574,#4575));
#2079=EDGE_LOOP('',(#4576,#4577,#4578,#4579));
#2080=EDGE_LOOP('',(#4580,#4581,#4582,#4583));
#2081=EDGE_LOOP('',(#4584,#4585,#4586,#4587));
#2082=EDGE_LOOP('',(#4588,#4589,#4590,#4591));
#2083=EDGE_LOOP('',(#4592,#4593,#4594,#4595));
#2084=EDGE_LOOP('',(#4596,#4597,#4598,#4599));
#2085=EDGE_LOOP('',(#4600,#4601,#4602,#4603));
#2086=EDGE_LOOP('',(#4604,#4605,#4606,#4607));
#2087=EDGE_LOOP('',(#4608,#4609,#4610,#4611));
#2088=EDGE_LOOP('',(#4612,#4613,#4614,#4615));
#2089=EDGE_LOOP('',(#4616,#4617,#4618,#4619));
#2090=EDGE_LOOP('',(#4620,#4621,#4622,#4623));
#2091=EDGE_LOOP('',(#4624,#4625,#4626,#4627));
#2092=EDGE_LOOP('',(#4628,#4629,#4630,#4631));
#2093=EDGE_LOOP('',(#4632,#4633,#4634,#4635));
#2094=EDGE_LOOP('',(#4636,#4637,#4638,#4639));
#2095=EDGE_LOOP('',(#4640,#4641,#4642,#4643));
#2096=EDGE_LOOP('',(#4644,#4645,#4646,#4647));
#2097=EDGE_LOOP('',(#4648,#4649,#4650,#4651));
#2098=EDGE_LOOP('',(#4652,#4653,#4654,#4655));
#2099=EDGE_LOOP('',(#4656,#4657,#4658,#4659));
#2100=EDGE_LOOP('',(#4660,#4661,#4662,#4663));
#2101=EDGE_LOOP('',(#4664,#4665,#4666,#4667));
#2102=EDGE_LOOP('',(#4668,#4669,#4670,#4671));
#2103=EDGE_LOOP('',(#4672,#4673,#4674,#4675));
#2104=EDGE_LOOP('',(#4676,#4677,#4678,#4679));
#2105=EDGE_LOOP('',(#4680,#4681,#4682,#4683));
#2106=EDGE_LOOP('',(#4684,#4685,#4686,#4687));
#2107=EDGE_LOOP('',(#4688,#4689,#4690,#4691));
#2108=EDGE_LOOP('',(#4692,#4693,#4694,#4695,#4696,#4697,#4698,#4699,#4700,
#4701,#4702,#4703));
#2109=EDGE_LOOP('',(#4704,#4705,#4706,#4707,#4708,#4709,#4710,#4711,#4712,
#4713,#4714,#4715));
#2110=EDGE_LOOP('',(#4716,#4717,#4718,#4719));
#2111=EDGE_LOOP('',(#4720,#4721,#4722,#4723));
#2112=EDGE_LOOP('',(#4724,#4725,#4726,#4727));
#2113=EDGE_LOOP('',(#4728,#4729,#4730,#4731));
#2114=EDGE_LOOP('',(#4732,#4733,#4734,#4735));
#2115=EDGE_LOOP('',(#4736,#4737,#4738,#4739));
#2116=EDGE_LOOP('',(#4740,#4741,#4742,#4743));
#2117=EDGE_LOOP('',(#4744,#4745,#4746,#4747));
#2118=EDGE_LOOP('',(#4748,#4749,#4750,#4751));
#2119=EDGE_LOOP('',(#4752,#4753,#4754,#4755));
#2120=EDGE_LOOP('',(#4756,#4757,#4758,#4759));
#2121=EDGE_LOOP('',(#4760,#4761,#4762,#4763));
#2122=EDGE_LOOP('',(#4764,#4765,#4766,#4767));
#2123=EDGE_LOOP('',(#4768,#4769,#4770,#4771));
#2124=EDGE_LOOP('',(#4772,#4773,#4774,#4775));
#2125=EDGE_LOOP('',(#4776,#4777,#4778,#4779));
#2126=EDGE_LOOP('',(#4780,#4781,#4782,#4783));
#2127=EDGE_LOOP('',(#4784,#4785,#4786,#4787));
#2128=EDGE_LOOP('',(#4788,#4789,#4790,#4791));
#2129=EDGE_LOOP('',(#4792,#4793,#4794,#4795));
#2130=EDGE_LOOP('',(#4796,#4797,#4798,#4799));
#2131=EDGE_LOOP('',(#4800,#4801,#4802,#4803));
#2132=EDGE_LOOP('',(#4804,#4805,#4806,#4807));
#2133=EDGE_LOOP('',(#4808,#4809,#4810,#4811));
#2134=EDGE_LOOP('',(#4812,#4813,#4814,#4815));
#2135=EDGE_LOOP('',(#4816,#4817,#4818,#4819,#4820,#4821,#4822,#4823,#4824,
#4825,#4826,#4827,#4828));
#2136=EDGE_LOOP('',(#4829,#4830,#4831,#4832,#4833,#4834,#4835,#4836,#4837,
#4838,#4839,#4840,#4841));
#2137=EDGE_LOOP('',(#4842,#4843,#4844,#4845));
#2138=EDGE_LOOP('',(#4846,#4847,#4848,#4849));
#2139=EDGE_LOOP('',(#4850,#4851,#4852,#4853));
#2140=EDGE_LOOP('',(#4854,#4855,#4856,#4857));
#2141=EDGE_LOOP('',(#4858,#4859,#4860,#4861));
#2142=EDGE_LOOP('',(#4862,#4863,#4864,#4865));
#2143=EDGE_LOOP('',(#4866,#4867,#4868,#4869));
#2144=EDGE_LOOP('',(#4870,#4871,#4872,#4873));
#2145=EDGE_LOOP('',(#4874,#4875,#4876,#4877));
#2146=EDGE_LOOP('',(#4878,#4879,#4880,#4881));
#2147=EDGE_LOOP('',(#4882,#4883,#4884,#4885));
#2148=EDGE_LOOP('',(#4886,#4887,#4888,#4889));
#2149=EDGE_LOOP('',(#4890,#4891,#4892,#4893));
#2150=EDGE_LOOP('',(#4894,#4895,#4896,#4897));
#2151=EDGE_LOOP('',(#4898,#4899,#4900,#4901));
#2152=EDGE_LOOP('',(#4902,#4903,#4904,#4905));
#2153=EDGE_LOOP('',(#4906,#4907,#4908,#4909));
#2154=EDGE_LOOP('',(#4910,#4911,#4912,#4913));
#2155=EDGE_LOOP('',(#4914,#4915,#4916,#4917,#4918,#4919,#4920,#4921,#4922,
#4923,#4924,#4925,#4926));
#2156=EDGE_LOOP('',(#4927,#4928,#4929,#4930,#4931));
#2157=EDGE_LOOP('',(#4932,#4933,#4934,#4935,#4936,#4937,#4938,#4939,#4940,
#4941,#4942,#4943,#4944));
#2158=EDGE_LOOP('',(#4945,#4946,#4947,#4948,#4949));
#2159=EDGE_LOOP('',(#4950,#4951,#4952,#4953));
#2160=EDGE_LOOP('',(#4954,#4955,#4956,#4957));
#2161=EDGE_LOOP('',(#4958,#4959,#4960,#4961));
#2162=EDGE_LOOP('',(#4962,#4963,#4964,#4965));
#2163=EDGE_LOOP('',(#4966,#4967,#4968,#4969));
#2164=EDGE_LOOP('',(#4970,#4971,#4972,#4973));
#2165=EDGE_LOOP('',(#4974,#4975,#4976,#4977));
#2166=EDGE_LOOP('',(#4978,#4979,#4980,#4981));
#2167=EDGE_LOOP('',(#4982,#4983,#4984,#4985));
#2168=EDGE_LOOP('',(#4986,#4987,#4988,#4989));
#2169=EDGE_LOOP('',(#4990,#4991,#4992,#4993));
#2170=EDGE_LOOP('',(#4994,#4995,#4996,#4997));
#2171=EDGE_LOOP('',(#4998,#4999,#5000,#5001));
#2172=EDGE_LOOP('',(#5002,#5003,#5004,#5005));
#2173=EDGE_LOOP('',(#5006,#5007,#5008,#5009));
#2174=EDGE_LOOP('',(#5010,#5011,#5012,#5013));
#2175=EDGE_LOOP('',(#5014,#5015,#5016,#5017,#5018,#5019,#5020,#5021,#5022,
#5023,#5024,#5025,#5026,#5027,#5028,#5029));
#2176=EDGE_LOOP('',(#5030,#5031,#5032,#5033,#5034,#5035,#5036,#5037,#5038,
#5039,#5040,#5041,#5042,#5043,#5044,#5045));
#2177=EDGE_LOOP('',(#5046,#5047,#5048,#5049));
#2178=EDGE_LOOP('',(#5050,#5051,#5052,#5053));
#2179=EDGE_LOOP('',(#5054,#5055,#5056,#5057));
#2180=EDGE_LOOP('',(#5058,#5059,#5060,#5061));
#2181=EDGE_LOOP('',(#5062,#5063,#5064,#5065));
#2182=EDGE_LOOP('',(#5066,#5067,#5068,#5069));
#2183=EDGE_LOOP('',(#5070,#5071,#5072,#5073));
#2184=EDGE_LOOP('',(#5074,#5075,#5076,#5077));
#2185=EDGE_LOOP('',(#5078,#5079,#5080,#5081));
#2186=EDGE_LOOP('',(#5082,#5083,#5084,#5085));
#2187=EDGE_LOOP('',(#5086,#5087,#5088,#5089));
#2188=EDGE_LOOP('',(#5090,#5091,#5092,#5093));
#2189=EDGE_LOOP('',(#5094,#5095,#5096,#5097));
#2190=EDGE_LOOP('',(#5098,#5099,#5100,#5101,#5102,#5103,#5104));
#2191=EDGE_LOOP('',(#5105,#5106,#5107,#5108,#5109,#5110,#5111));
#2192=EDGE_LOOP('',(#5112,#5113,#5114,#5115));
#2193=EDGE_LOOP('',(#5116,#5117,#5118,#5119));
#2194=EDGE_LOOP('',(#5120,#5121,#5122,#5123));
#2195=EDGE_LOOP('',(#5124,#5125,#5126,#5127));
#2196=EDGE_LOOP('',(#5128,#5129,#5130,#5131));
#2197=EDGE_LOOP('',(#5132,#5133,#5134,#5135));
#2198=EDGE_LOOP('',(#5136,#5137,#5138,#5139));
#2199=EDGE_LOOP('',(#5140,#5141,#5142,#5143));
#2200=EDGE_LOOP('',(#5144,#5145,#5146,#5147));
#2201=EDGE_LOOP('',(#5148,#5149,#5150,#5151));
#2202=EDGE_LOOP('',(#5152,#5153,#5154,#5155));
#2203=EDGE_LOOP('',(#5156,#5157,#5158,#5159));
#2204=EDGE_LOOP('',(#5160,#5161,#5162,#5163));
#2205=EDGE_LOOP('',(#5164,#5165,#5166,#5167));
#2206=EDGE_LOOP('',(#5168,#5169,#5170,#5171,#5172,#5173,#5174,#5175));
#2207=EDGE_LOOP('',(#5176,#5177,#5178,#5179,#5180,#5181,#5182,#5183));
#2208=CIRCLE('',#5765,1.75465254237273);
#2209=CIRCLE('',#5767,1.5496380380186);
#2210=CIRCLE('',#5768,1.24981896441904);
#2211=CIRCLE('',#5774,0.32);
#2212=CIRCLE('',#5775,0.32);
#2213=CIRCLE('',#5777,0.02);
#2214=CIRCLE('',#5780,0.02);
#2215=CIRCLE('',#5802,0.32);
#2216=CIRCLE('',#5803,0.02);
#2217=CIRCLE('',#5806,0.32);
#2218=CIRCLE('',#5807,0.02);
#2219=CIRCLE('',#5814,0.32);
#2220=CIRCLE('',#5815,0.32);
#2221=CIRCLE('',#5818,0.02);
#2222=CIRCLE('',#5820,0.02);
#2223=CIRCLE('',#5842,0.32);
#2224=CIRCLE('',#5843,0.02);
#2225=CIRCLE('',#5845,0.32);
#2226=CIRCLE('',#5846,0.02);
#2227=CIRCLE('',#5854,0.3);
#2228=CIRCLE('',#5855,0.3);
#2229=CIRCLE('',#5856,0.3);
#2230=CIRCLE('',#5857,0.3);
#2231=CIRCLE('',#5859,0.100000000000001);
#2232=CIRCLE('',#5860,0.1);
#2233=CIRCLE('',#5861,0.2);
#2234=CIRCLE('',#5863,0.1);
#2235=CIRCLE('',#5865,0.1);
#2236=CIRCLE('',#5866,0.2);
#2237=CIRCLE('',#5868,0.1);
#2238=CIRCLE('',#5870,0.1);
#2239=CIRCLE('',#5871,0.2);
#2240=CIRCLE('',#5873,0.1);
#2241=CIRCLE('',#5875,0.1);
#2242=CIRCLE('',#5876,0.2);
#2243=CIRCLE('',#5881,0.575);
#2244=CIRCLE('',#5883,0.575);
#2245=CIRCLE('',#5885,0.5170454545455);
#2246=CIRCLE('',#5888,0.3);
#2247=CIRCLE('',#5889,0.3);
#2248=CIRCLE('',#5890,0.3);
#2249=CIRCLE('',#5891,0.3);
#2250=CIRCLE('',#5894,0.3);
#2251=CIRCLE('',#5897,0.3);
#2252=CIRCLE('',#5899,0.3);
#2253=CIRCLE('',#5902,0.3);
#2254=CIRCLE('',#5906,0.5170454545455);
#2255=CIRCLE('',#5908,0.575);
#2256=CIRCLE('',#5910,0.575);
#2257=CIRCLE('',#5913,0.575);
#2258=CIRCLE('',#5915,0.575);
#2259=CIRCLE('',#5917,0.5170454545455);
#2260=CIRCLE('',#5920,0.5170454545455);
#2261=CIRCLE('',#5922,0.575);
#2262=CIRCLE('',#5924,0.575);
#2263=CIRCLE('',#5996,0.0777599999999999);
#2264=CIRCLE('',#5997,0.0777599999999999);
#2265=CIRCLE('',#6000,0.0777600000000001);
#2266=CIRCLE('',#6001,0.0777600000000001);
#2267=CIRCLE('',#6007,0.0777599999999999);
#2268=CIRCLE('',#6008,0.0777600000000001);
#2269=CIRCLE('',#6011,0.0777599999999999);
#2270=CIRCLE('',#6012,0.0777599999999999);
#2271=CIRCLE('',#6017,0.0777600000000001);
#2272=CIRCLE('',#6018,0.0777600000000001);
#2273=CIRCLE('',#6021,0.0777599999999997);
#2274=CIRCLE('',#6022,0.0777599999999997);
#2275=VERTEX_POINT('',#7366);
#2276=VERTEX_POINT('',#7369);
#2277=VERTEX_POINT('',#7371);
#2278=VERTEX_POINT('',#7377);
#2279=VERTEX_POINT('',#7378);
#2280=VERTEX_POINT('',#7380);
#2281=VERTEX_POINT('',#7382);
#2282=VERTEX_POINT('',#7386);
#2283=VERTEX_POINT('',#7387);
#2284=VERTEX_POINT('',#7389);
#2285=VERTEX_POINT('',#7391);
#2286=VERTEX_POINT('',#7395);
#2287=VERTEX_POINT('',#7397);
#2288=VERTEX_POINT('',#7399);
#2289=VERTEX_POINT('',#7401);
#2290=VERTEX_POINT('',#7403);
#2291=VERTEX_POINT('',#7405);
#2292=VERTEX_POINT('',#7407);
#2293=VERTEX_POINT('',#7409);
#2294=VERTEX_POINT('',#7411);
#2295=VERTEX_POINT('',#7413);
#2296=VERTEX_POINT('',#7418);
#2297=VERTEX_POINT('',#7422);
#2298=VERTEX_POINT('',#7423);
#2299=VERTEX_POINT('',#7431);
#2300=VERTEX_POINT('',#7433);
#2301=VERTEX_POINT('',#7435);
#2302=VERTEX_POINT('',#7437);
#2303=VERTEX_POINT('',#7439);
#2304=VERTEX_POINT('',#7441);
#2305=VERTEX_POINT('',#7443);
#2306=VERTEX_POINT('',#7463);
#2307=VERTEX_POINT('',#7464);
#2308=VERTEX_POINT('',#7466);
#2309=VERTEX_POINT('',#7468);
#2310=VERTEX_POINT('',#7472);
#2311=VERTEX_POINT('',#7474);
#2312=VERTEX_POINT('',#7478);
#2313=VERTEX_POINT('',#7480);
#2314=VERTEX_POINT('',#7484);
#2315=VERTEX_POINT('',#7486);
#2316=VERTEX_POINT('',#7490);
#2317=VERTEX_POINT('',#7492);
#2318=VERTEX_POINT('',#7496);
#2319=VERTEX_POINT('',#7498);
#2320=VERTEX_POINT('',#7502);
#2321=VERTEX_POINT('',#7504);
#2322=VERTEX_POINT('',#7508);
#2323=VERTEX_POINT('',#7510);
#2324=VERTEX_POINT('',#7514);
#2325=VERTEX_POINT('',#7515);
#2326=VERTEX_POINT('',#7520);
#2327=VERTEX_POINT('',#7522);
#2328=VERTEX_POINT('',#7524);
#2329=VERTEX_POINT('',#7526);
#2330=VERTEX_POINT('',#7530);
#2331=VERTEX_POINT('',#7532);
#2332=VERTEX_POINT('',#7537);
#2333=VERTEX_POINT('',#7539);
#2334=VERTEX_POINT('',#7549);
#2335=VERTEX_POINT('',#7550);
#2336=VERTEX_POINT('',#7552);
#2337=VERTEX_POINT('',#7554);
#2338=VERTEX_POINT('',#7558);
#2339=VERTEX_POINT('',#7559);
#2340=VERTEX_POINT('',#7561);
#2341=VERTEX_POINT('',#7563);
#2342=VERTEX_POINT('',#7567);
#2343=VERTEX_POINT('',#7569);
#2344=VERTEX_POINT('',#7574);
#2345=VERTEX_POINT('',#7576);
#2346=VERTEX_POINT('',#7578);
#2347=VERTEX_POINT('',#7580);
#2348=VERTEX_POINT('',#7582);
#2349=VERTEX_POINT('',#7584);
#2350=VERTEX_POINT('',#7586);
#2351=VERTEX_POINT('',#7588);
#2352=VERTEX_POINT('',#7590);
#2353=VERTEX_POINT('',#7594);
#2354=VERTEX_POINT('',#7596);
#2355=VERTEX_POINT('',#7602);
#2356=VERTEX_POINT('',#7604);
#2357=VERTEX_POINT('',#7606);
#2358=VERTEX_POINT('',#7608);
#2359=VERTEX_POINT('',#7610);
#2360=VERTEX_POINT('',#7612);
#2361=VERTEX_POINT('',#7614);
#2362=VERTEX_POINT('',#7635);
#2363=VERTEX_POINT('',#7636);
#2364=VERTEX_POINT('',#7638);
#2365=VERTEX_POINT('',#7640);
#2366=VERTEX_POINT('',#7644);
#2367=VERTEX_POINT('',#7646);
#2368=VERTEX_POINT('',#7650);
#2369=VERTEX_POINT('',#7652);
#2370=VERTEX_POINT('',#7656);
#2371=VERTEX_POINT('',#7658);
#2372=VERTEX_POINT('',#7662);
#2373=VERTEX_POINT('',#7664);
#2374=VERTEX_POINT('',#7668);
#2375=VERTEX_POINT('',#7670);
#2376=VERTEX_POINT('',#7674);
#2377=VERTEX_POINT('',#7676);
#2378=VERTEX_POINT('',#7680);
#2379=VERTEX_POINT('',#7681);
#2380=VERTEX_POINT('',#7686);
#2381=VERTEX_POINT('',#7687);
#2382=VERTEX_POINT('',#7689);
#2383=VERTEX_POINT('',#7691);
#2384=VERTEX_POINT('',#7695);
#2385=VERTEX_POINT('',#7698);
#2386=VERTEX_POINT('',#7700);
#2387=VERTEX_POINT('',#7704);
#2388=VERTEX_POINT('',#7706);
#2389=VERTEX_POINT('',#7708);
#2390=VERTEX_POINT('',#7722);
#2391=VERTEX_POINT('',#7723);
#2392=VERTEX_POINT('',#7725);
#2393=VERTEX_POINT('',#7727);
#2394=VERTEX_POINT('',#7729);
#2395=VERTEX_POINT('',#7731);
#2396=VERTEX_POINT('',#7733);
#2397=VERTEX_POINT('',#7735);
#2398=VERTEX_POINT('',#7739);
#2399=VERTEX_POINT('',#7741);
#2400=VERTEX_POINT('',#7745);
#2401=VERTEX_POINT('',#7749);
#2402=VERTEX_POINT('',#7753);
#2403=VERTEX_POINT('',#7757);
#2404=VERTEX_POINT('',#7761);
#2405=VERTEX_POINT('',#7765);
#2406=VERTEX_POINT('',#7773);
#2407=VERTEX_POINT('',#7776);
#2408=VERTEX_POINT('',#7779);
#2409=VERTEX_POINT('',#7783);
#2410=VERTEX_POINT('',#7784);
#2411=VERTEX_POINT('',#7786);
#2412=VERTEX_POINT('',#7788);
#2413=VERTEX_POINT('',#7790);
#2414=VERTEX_POINT('',#7792);
#2415=VERTEX_POINT('',#7794);
#2416=VERTEX_POINT('',#7796);
#2417=VERTEX_POINT('',#7800);
#2418=VERTEX_POINT('',#7802);
#2419=VERTEX_POINT('',#7806);
#2420=VERTEX_POINT('',#7810);
#2421=VERTEX_POINT('',#7814);
#2422=VERTEX_POINT('',#7818);
#2423=VERTEX_POINT('',#7822);
#2424=VERTEX_POINT('',#7826);
#2425=VERTEX_POINT('',#7833);
#2426=VERTEX_POINT('',#7836);
#2427=VERTEX_POINT('',#7839);
#2428=VERTEX_POINT('',#7843);
#2429=VERTEX_POINT('',#7846);
#2430=VERTEX_POINT('',#7849);
#2431=VERTEX_POINT('',#7853);
#2432=VERTEX_POINT('',#7856);
#2433=VERTEX_POINT('',#7859);
#2434=VERTEX_POINT('',#7864);
#2435=VERTEX_POINT('',#7865);
#2436=VERTEX_POINT('',#7867);
#2437=VERTEX_POINT('',#7869);
#2438=VERTEX_POINT('',#7873);
#2439=VERTEX_POINT('',#7875);
#2440=VERTEX_POINT('',#7879);
#2441=VERTEX_POINT('',#7881);
#2442=VERTEX_POINT('',#7885);
#2443=VERTEX_POINT('',#7887);
#2444=VERTEX_POINT('',#7891);
#2445=VERTEX_POINT('',#7893);
#2446=VERTEX_POINT('',#7897);
#2447=VERTEX_POINT('',#7899);
#2448=VERTEX_POINT('',#7903);
#2449=VERTEX_POINT('',#7905);
#2450=VERTEX_POINT('',#7909);
#2451=VERTEX_POINT('',#7911);
#2452=VERTEX_POINT('',#7915);
#2453=VERTEX_POINT('',#7917);
#2454=VERTEX_POINT('',#7921);
#2455=VERTEX_POINT('',#7923);
#2456=VERTEX_POINT('',#7927);
#2457=VERTEX_POINT('',#7929);
#2458=VERTEX_POINT('',#7940);
#2459=VERTEX_POINT('',#7945);
#2460=VERTEX_POINT('',#7959);
#2461=VERTEX_POINT('',#7964);
#2462=VERTEX_POINT('',#7978);
#2463=VERTEX_POINT('',#7983);
#2464=VERTEX_POINT('',#7990);
#2465=VERTEX_POINT('',#7992);
#2466=VERTEX_POINT('',#7996);
#2467=VERTEX_POINT('',#7998);
#2468=VERTEX_POINT('',#8009);
#2469=VERTEX_POINT('',#8014);
#2470=VERTEX_POINT('',#8039);
#2471=VERTEX_POINT('',#8040);
#2472=VERTEX_POINT('',#8042);
#2473=VERTEX_POINT('',#8044);
#2474=VERTEX_POINT('',#8048);
#2475=VERTEX_POINT('',#8050);
#2476=VERTEX_POINT('',#8054);
#2477=VERTEX_POINT('',#8056);
#2478=VERTEX_POINT('',#8065);
#2479=VERTEX_POINT('',#8066);
#2480=VERTEX_POINT('',#8068);
#2481=VERTEX_POINT('',#8070);
#2482=VERTEX_POINT('',#8074);
#2483=VERTEX_POINT('',#8076);
#2484=VERTEX_POINT('',#8080);
#2485=VERTEX_POINT('',#8082);
#2486=VERTEX_POINT('',#8091);
#2487=VERTEX_POINT('',#8092);
#2488=VERTEX_POINT('',#8094);
#2489=VERTEX_POINT('',#8096);
#2490=VERTEX_POINT('',#8100);
#2491=VERTEX_POINT('',#8102);
#2492=VERTEX_POINT('',#8106);
#2493=VERTEX_POINT('',#8108);
#2494=VERTEX_POINT('',#8112);
#2495=VERTEX_POINT('',#8114);
#2496=VERTEX_POINT('',#8118);
#2497=VERTEX_POINT('',#8120);
#2498=VERTEX_POINT('',#8124);
#2499=VERTEX_POINT('',#8126);
#2500=VERTEX_POINT('',#8130);
#2501=VERTEX_POINT('',#8132);
#2502=VERTEX_POINT('',#8136);
#2503=VERTEX_POINT('',#8138);
#2504=VERTEX_POINT('',#8142);
#2505=VERTEX_POINT('',#8144);
#2506=VERTEX_POINT('',#8148);
#2507=VERTEX_POINT('',#8150);
#2508=VERTEX_POINT('',#8154);
#2509=VERTEX_POINT('',#8156);
#2510=VERTEX_POINT('',#8167);
#2511=VERTEX_POINT('',#8172);
#2512=VERTEX_POINT('',#8186);
#2513=VERTEX_POINT('',#8191);
#2514=VERTEX_POINT('',#8205);
#2515=VERTEX_POINT('',#8210);
#2516=VERTEX_POINT('',#8217);
#2517=VERTEX_POINT('',#8219);
#2518=VERTEX_POINT('',#8223);
#2519=VERTEX_POINT('',#8225);
#2520=VERTEX_POINT('',#8236);
#2521=VERTEX_POINT('',#8241);
#2522=VERTEX_POINT('',#8266);
#2523=VERTEX_POINT('',#8267);
#2524=VERTEX_POINT('',#8269);
#2525=VERTEX_POINT('',#8271);
#2526=VERTEX_POINT('',#8282);
#2527=VERTEX_POINT('',#8287);
#2528=VERTEX_POINT('',#8301);
#2529=VERTEX_POINT('',#8306);
#2530=VERTEX_POINT('',#8320);
#2531=VERTEX_POINT('',#8325);
#2532=VERTEX_POINT('',#8332);
#2533=VERTEX_POINT('',#8334);
#2534=VERTEX_POINT('',#8338);
#2535=VERTEX_POINT('',#8340);
#2536=VERTEX_POINT('',#8344);
#2537=VERTEX_POINT('',#8346);
#2538=VERTEX_POINT('',#8350);
#2539=VERTEX_POINT('',#8352);
#2540=VERTEX_POINT('',#8356);
#2541=VERTEX_POINT('',#8358);
#2542=VERTEX_POINT('',#8369);
#2543=VERTEX_POINT('',#8374);
#2544=VERTEX_POINT('',#8388);
#2545=VERTEX_POINT('',#8393);
#2546=VERTEX_POINT('',#8400);
#2547=VERTEX_POINT('',#8402);
#2548=VERTEX_POINT('',#8418);
#2549=VERTEX_POINT('',#8419);
#2550=VERTEX_POINT('',#8424);
#2551=VERTEX_POINT('',#8426);
#2552=VERTEX_POINT('',#8440);
#2553=VERTEX_POINT('',#8445);
#2554=VERTEX_POINT('',#8459);
#2555=VERTEX_POINT('',#8464);
#2556=VERTEX_POINT('',#8478);
#2557=VERTEX_POINT('',#8483);
#2558=VERTEX_POINT('',#8497);
#2559=VERTEX_POINT('',#8502);
#2560=VERTEX_POINT('',#8509);
#2561=VERTEX_POINT('',#8511);
#2562=VERTEX_POINT('',#8515);
#2563=VERTEX_POINT('',#8517);
#2564=VERTEX_POINT('',#8528);
#2565=VERTEX_POINT('',#8533);
#2566=VERTEX_POINT('',#8547);
#2567=VERTEX_POINT('',#8552);
#2568=VERTEX_POINT('',#8566);
#2569=VERTEX_POINT('',#8571);
#2570=VERTEX_POINT('',#8585);
#2571=VERTEX_POINT('',#8590);
#2572=VERTEX_POINT('',#8604);
#2573=VERTEX_POINT('',#8609);
#2574=VERTEX_POINT('',#8623);
#2575=VERTEX_POINT('',#8628);
#2576=VERTEX_POINT('',#8642);
#2577=VERTEX_POINT('',#8647);
#2578=VERTEX_POINT('',#8661);
#2579=VERTEX_POINT('',#8666);
#2580=VERTEX_POINT('',#8673);
#2581=VERTEX_POINT('',#8675);
#2582=VERTEX_POINT('',#8679);
#2583=VERTEX_POINT('',#8681);
#2584=VERTEX_POINT('',#8692);
#2585=VERTEX_POINT('',#8697);
#2586=VERTEX_POINT('',#8711);
#2587=VERTEX_POINT('',#8716);
#2588=VERTEX_POINT('',#8741);
#2589=VERTEX_POINT('',#8742);
#2590=VERTEX_POINT('',#8744);
#2591=VERTEX_POINT('',#8746);
#2592=VERTEX_POINT('',#8750);
#2593=VERTEX_POINT('',#8752);
#2594=VERTEX_POINT('',#8756);
#2595=VERTEX_POINT('',#8758);
#2596=VERTEX_POINT('',#8762);
#2597=VERTEX_POINT('',#8764);
#2598=VERTEX_POINT('',#8768);
#2599=VERTEX_POINT('',#8770);
#2600=VERTEX_POINT('',#8774);
#2601=VERTEX_POINT('',#8776);
#2602=VERTEX_POINT('',#8780);
#2603=VERTEX_POINT('',#8782);
#2604=VERTEX_POINT('',#8791);
#2605=VERTEX_POINT('',#8792);
#2606=VERTEX_POINT('',#8794);
#2607=VERTEX_POINT('',#8796);
#2608=VERTEX_POINT('',#8800);
#2609=VERTEX_POINT('',#8802);
#2610=VERTEX_POINT('',#8806);
#2611=VERTEX_POINT('',#8808);
#2612=VERTEX_POINT('',#8817);
#2613=VERTEX_POINT('',#8818);
#2614=VERTEX_POINT('',#8820);
#2615=VERTEX_POINT('',#8822);
#2616=VERTEX_POINT('',#8826);
#2617=VERTEX_POINT('',#8828);
#2618=VERTEX_POINT('',#8832);
#2619=VERTEX_POINT('',#8834);
#2620=VERTEX_POINT('',#8843);
#2621=VERTEX_POINT('',#8844);
#2622=VERTEX_POINT('',#8846);
#2623=VERTEX_POINT('',#8848);
#2624=VERTEX_POINT('',#8852);
#2625=VERTEX_POINT('',#8854);
#2626=VERTEX_POINT('',#8858);
#2627=VERTEX_POINT('',#8860);
#2628=VERTEX_POINT('',#8869);
#2629=VERTEX_POINT('',#8870);
#2630=VERTEX_POINT('',#8872);
#2631=VERTEX_POINT('',#8874);
#2632=VERTEX_POINT('',#8878);
#2633=VERTEX_POINT('',#8880);
#2634=VERTEX_POINT('',#8884);
#2635=VERTEX_POINT('',#8886);
#2636=VERTEX_POINT('',#8890);
#2637=VERTEX_POINT('',#8892);
#2638=VERTEX_POINT('',#8896);
#2639=VERTEX_POINT('',#8898);
#2640=VERTEX_POINT('',#8902);
#2641=VERTEX_POINT('',#8904);
#2642=VERTEX_POINT('',#8908);
#2643=VERTEX_POINT('',#8910);
#2644=VERTEX_POINT('',#8914);
#2645=VERTEX_POINT('',#8916);
#2646=VERTEX_POINT('',#8920);
#2647=VERTEX_POINT('',#8922);
#2648=VERTEX_POINT('',#8926);
#2649=VERTEX_POINT('',#8928);
#2650=VERTEX_POINT('',#8932);
#2651=VERTEX_POINT('',#8934);
#2652=VERTEX_POINT('',#8950);
#2653=VERTEX_POINT('',#8951);
#2654=VERTEX_POINT('',#8956);
#2655=VERTEX_POINT('',#8958);
#2656=VERTEX_POINT('',#8972);
#2657=VERTEX_POINT('',#8977);
#2658=VERTEX_POINT('',#8991);
#2659=VERTEX_POINT('',#8996);
#2660=VERTEX_POINT('',#9026);
#2661=VERTEX_POINT('',#9027);
#2662=VERTEX_POINT('',#9032);
#2663=VERTEX_POINT('',#9034);
#2664=VERTEX_POINT('',#9048);
#2665=VERTEX_POINT('',#9053);
#2666=VERTEX_POINT('',#9067);
#2667=VERTEX_POINT('',#9072);
#2668=VERTEX_POINT('',#9097);
#2669=VERTEX_POINT('',#9098);
#2670=VERTEX_POINT('',#9100);
#2671=VERTEX_POINT('',#9102);
#2672=VERTEX_POINT('',#9113);
#2673=VERTEX_POINT('',#9118);
#2674=VERTEX_POINT('',#9132);
#2675=VERTEX_POINT('',#9137);
#2676=VERTEX_POINT('',#9151);
#2677=VERTEX_POINT('',#9156);
#2678=VERTEX_POINT('',#9163);
#2679=VERTEX_POINT('',#9165);
#2680=VERTEX_POINT('',#9169);
#2681=VERTEX_POINT('',#9171);
#2682=VERTEX_POINT('',#9175);
#2683=VERTEX_POINT('',#9177);
#2684=VERTEX_POINT('',#9181);
#2685=VERTEX_POINT('',#9183);
#2686=VERTEX_POINT('',#9187);
#2687=VERTEX_POINT('',#9189);
#2688=VERTEX_POINT('',#9200);
#2689=VERTEX_POINT('',#9205);
#2690=VERTEX_POINT('',#9219);
#2691=VERTEX_POINT('',#9224);
#2692=VERTEX_POINT('',#9231);
#2693=VERTEX_POINT('',#9233);
#2694=VERTEX_POINT('',#9242);
#2695=VERTEX_POINT('',#9243);
#2696=VERTEX_POINT('',#9245);
#2697=VERTEX_POINT('',#9247);
#2698=VERTEX_POINT('',#9258);
#2699=VERTEX_POINT('',#9263);
#2700=VERTEX_POINT('',#9277);
#2701=VERTEX_POINT('',#9282);
#2702=VERTEX_POINT('',#9296);
#2703=VERTEX_POINT('',#9301);
#2704=VERTEX_POINT('',#9331);
#2705=VERTEX_POINT('',#9332);
#2706=VERTEX_POINT('',#9337);
#2707=VERTEX_POINT('',#9339);
#2708=VERTEX_POINT('',#9353);
#2709=VERTEX_POINT('',#9358);
#2710=VERTEX_POINT('',#9372);
#2711=VERTEX_POINT('',#9377);
#2712=VERTEX_POINT('',#9384);
#2713=VERTEX_POINT('',#9386);
#2714=VERTEX_POINT('',#9390);
#2715=VERTEX_POINT('',#9392);
#2716=VERTEX_POINT('',#9403);
#2717=VERTEX_POINT('',#9408);
#2718=VERTEX_POINT('',#9422);
#2719=VERTEX_POINT('',#9427);
#2720=VERTEX_POINT('',#9441);
#2721=VERTEX_POINT('',#9446);
#2722=VERTEX_POINT('',#9453);
#2723=VERTEX_POINT('',#9455);
#2724=VERTEX_POINT('',#9459);
#2725=VERTEX_POINT('',#9461);
#2726=VERTEX_POINT('',#9472);
#2727=VERTEX_POINT('',#9477);
#2728=VERTEX_POINT('',#9491);
#2729=VERTEX_POINT('',#9496);
#2730=VERTEX_POINT('',#9528);
#2731=VERTEX_POINT('',#9529);
#2732=VERTEX_POINT('',#9534);
#2733=VERTEX_POINT('',#9536);
#2734=VERTEX_POINT('',#9550);
#2735=VERTEX_POINT('',#9555);
#2736=VERTEX_POINT('',#9569);
#2737=VERTEX_POINT('',#9574);
#2738=VERTEX_POINT('',#9588);
#2739=VERTEX_POINT('',#9593);
#2740=VERTEX_POINT('',#9600);
#2741=VERTEX_POINT('',#9602);
#2742=VERTEX_POINT('',#9606);
#2743=VERTEX_POINT('',#9608);
#2744=VERTEX_POINT('',#9619);
#2745=VERTEX_POINT('',#9624);
#2746=VERTEX_POINT('',#9638);
#2747=VERTEX_POINT('',#9643);
#2748=VERTEX_POINT('',#9657);
#2749=VERTEX_POINT('',#9662);
#2750=VERTEX_POINT('',#9676);
#2751=VERTEX_POINT('',#9681);
#2752=VERTEX_POINT('',#9695);
#2753=VERTEX_POINT('',#9700);
#2754=VERTEX_POINT('',#9707);
#2755=VERTEX_POINT('',#9709);
#2756=VERTEX_POINT('',#9713);
#2757=VERTEX_POINT('',#9715);
#2758=VERTEX_POINT('',#9726);
#2759=VERTEX_POINT('',#9731);
#2760=VERTEX_POINT('',#9745);
#2761=VERTEX_POINT('',#9750);
#2762=VERTEX_POINT('',#9775);
#2763=VERTEX_POINT('',#9776);
#2764=VERTEX_POINT('',#9778);
#2765=VERTEX_POINT('',#9780);
#2766=VERTEX_POINT('',#9784);
#2767=VERTEX_POINT('',#9786);
#2768=VERTEX_POINT('',#9790);
#2769=VERTEX_POINT('',#9792);
#2770=VERTEX_POINT('',#9801);
#2771=VERTEX_POINT('',#9802);
#2772=VERTEX_POINT('',#9804);
#2773=VERTEX_POINT('',#9806);
#2774=VERTEX_POINT('',#9810);
#2775=VERTEX_POINT('',#9812);
#2776=VERTEX_POINT('',#9816);
#2777=VERTEX_POINT('',#9818);
#2778=VERTEX_POINT('',#9822);
#2779=VERTEX_POINT('',#9824);
#2780=VERTEX_POINT('',#9828);
#2781=VERTEX_POINT('',#9830);
#2782=VERTEX_POINT('',#9834);
#2783=VERTEX_POINT('',#9836);
#2784=VERTEX_POINT('',#9845);
#2785=VERTEX_POINT('',#9846);
#2786=VERTEX_POINT('',#9848);
#2787=VERTEX_POINT('',#9850);
#2788=VERTEX_POINT('',#9854);
#2789=VERTEX_POINT('',#9856);
#2790=VERTEX_POINT('',#9860);
#2791=VERTEX_POINT('',#9862);
#2792=VERTEX_POINT('',#9871);
#2793=VERTEX_POINT('',#9872);
#2794=VERTEX_POINT('',#9874);
#2795=VERTEX_POINT('',#9876);
#2796=VERTEX_POINT('',#9880);
#2797=VERTEX_POINT('',#9882);
#2798=VERTEX_POINT('',#9886);
#2799=VERTEX_POINT('',#9888);
#2800=VERTEX_POINT('',#9892);
#2801=VERTEX_POINT('',#9894);
#2802=VERTEX_POINT('',#9898);
#2803=VERTEX_POINT('',#9900);
#2804=VERTEX_POINT('',#9904);
#2805=VERTEX_POINT('',#9906);
#2806=VERTEX_POINT('',#9910);
#2807=VERTEX_POINT('',#9912);
#2808=EDGE_CURVE('',#2275,#2275,#2208,.T.);
#2809=EDGE_CURVE('',#2276,#2276,#2209,.T.);
#2810=EDGE_CURVE('',#2277,#2277,#2210,.T.);
#2811=EDGE_CURVE('',#2278,#2279,#268,.T.);
#2812=EDGE_CURVE('',#2280,#2278,#269,.T.);
#2813=EDGE_CURVE('',#2280,#2281,#270,.T.);
#2814=EDGE_CURVE('',#2281,#2279,#271,.T.);
#2815=EDGE_CURVE('',#2282,#2283,#2211,.T.);
#2816=EDGE_CURVE('',#2283,#2284,#272,.T.);
#2817=EDGE_CURVE('',#2284,#2285,#2212,.T.);
#2818=EDGE_CURVE('',#2285,#2282,#273,.T.);
#2819=EDGE_CURVE('',#2282,#2286,#274,.T.);
#2820=EDGE_CURVE('',#2287,#2286,#275,.T.);
#2821=EDGE_CURVE('',#2288,#2287,#276,.T.);
#2822=EDGE_CURVE('',#2289,#2288,#277,.T.);
#2823=EDGE_CURVE('',#2290,#2289,#278,.T.);
#2824=EDGE_CURVE('',#2291,#2290,#279,.T.);
#2825=EDGE_CURVE('',#2292,#2291,#280,.T.);
#2826=EDGE_CURVE('',#2293,#2292,#281,.T.);
#2827=EDGE_CURVE('',#2294,#2293,#282,.T.);
#2828=EDGE_CURVE('',#2295,#2294,#2213,.T.);
#2829=EDGE_CURVE('',#2278,#2295,#283,.T.);
#2830=EDGE_CURVE('',#2283,#2279,#284,.T.);
#2831=EDGE_CURVE('',#2296,#2285,#285,.T.);
#2832=EDGE_CURVE('',#2296,#2286,#286,.F.);
#2833=EDGE_CURVE('',#2297,#2298,#2214,.T.);
#2834=EDGE_CURVE('',#2298,#2295,#287,.T.);
#2835=EDGE_CURVE('',#2294,#2297,#288,.T.);
#2836=EDGE_CURVE('',#2280,#2298,#289,.T.);
#2837=EDGE_CURVE('',#2284,#2281,#290,.T.);
#2838=EDGE_CURVE('',#2297,#2299,#291,.T.);
#2839=EDGE_CURVE('',#2299,#2300,#292,.T.);
#2840=EDGE_CURVE('',#2300,#2301,#293,.T.);
#2841=EDGE_CURVE('',#2301,#2302,#294,.T.);
#2842=EDGE_CURVE('',#2302,#2303,#295,.T.);
#2843=EDGE_CURVE('',#2303,#2304,#296,.T.);
#2844=EDGE_CURVE('',#2304,#2305,#297,.T.);
#2845=EDGE_CURVE('',#2305,#2296,#298,.T.);
#2846=EDGE_CURVE('',#2299,#2293,#299,.F.);
#2847=EDGE_CURVE('',#2300,#2292,#300,.T.);
#2848=EDGE_CURVE('',#2301,#2291,#301,.T.);
#2849=EDGE_CURVE('',#2302,#2290,#302,.T.);
#2850=EDGE_CURVE('',#2303,#2289,#303,.T.);
#2851=EDGE_CURVE('',#2304,#2288,#304,.T.);
#2852=EDGE_CURVE('',#2305,#2287,#305,.T.);
#2853=EDGE_CURVE('',#2306,#2307,#306,.T.);
#2854=EDGE_CURVE('',#2306,#2308,#307,.T.);
#2855=EDGE_CURVE('',#2308,#2309,#308,.T.);
#2856=EDGE_CURVE('',#2307,#2309,#309,.T.);
#2857=EDGE_CURVE('',#2308,#2310,#310,.T.);
#2858=EDGE_CURVE('',#2310,#2311,#311,.T.);
#2859=EDGE_CURVE('',#2309,#2311,#312,.T.);
#2860=EDGE_CURVE('',#2310,#2312,#313,.T.);
#2861=EDGE_CURVE('',#2312,#2313,#314,.T.);
#2862=EDGE_CURVE('',#2311,#2313,#315,.T.);
#2863=EDGE_CURVE('',#2312,#2314,#316,.T.);
#2864=EDGE_CURVE('',#2314,#2315,#317,.T.);
#2865=EDGE_CURVE('',#2313,#2315,#318,.T.);
#2866=EDGE_CURVE('',#2314,#2316,#319,.T.);
#2867=EDGE_CURVE('',#2316,#2317,#320,.T.);
#2868=EDGE_CURVE('',#2315,#2317,#321,.T.);
#2869=EDGE_CURVE('',#2316,#2318,#322,.T.);
#2870=EDGE_CURVE('',#2318,#2319,#323,.T.);
#2871=EDGE_CURVE('',#2317,#2319,#324,.T.);
#2872=EDGE_CURVE('',#2318,#2320,#325,.T.);
#2873=EDGE_CURVE('',#2320,#2321,#326,.T.);
#2874=EDGE_CURVE('',#2319,#2321,#327,.T.);
#2875=EDGE_CURVE('',#2320,#2322,#328,.T.);
#2876=EDGE_CURVE('',#2322,#2323,#329,.T.);
#2877=EDGE_CURVE('',#2321,#2323,#330,.T.);
#2878=EDGE_CURVE('',#2324,#2325,#331,.T.);
#2879=EDGE_CURVE('',#2323,#2324,#332,.T.);
#2880=EDGE_CURVE('',#2322,#2325,#333,.T.);
#2881=EDGE_CURVE('',#2325,#2326,#2215,.T.);
#2882=EDGE_CURVE('',#2327,#2306,#2216,.T.);
#2883=EDGE_CURVE('',#2328,#2327,#334,.T.);
#2884=EDGE_CURVE('',#2328,#2329,#335,.T.);
#2885=EDGE_CURVE('',#2326,#2329,#336,.T.);
#2886=EDGE_CURVE('',#2326,#2330,#337,.T.);
#2887=EDGE_CURVE('',#2329,#2331,#338,.T.);
#2888=EDGE_CURVE('',#2330,#2331,#339,.T.);
#2889=EDGE_CURVE('',#2330,#2324,#2217,.T.);
#2890=EDGE_CURVE('',#2332,#2331,#340,.T.);
#2891=EDGE_CURVE('',#2332,#2333,#341,.T.);
#2892=EDGE_CURVE('',#2307,#2333,#2218,.T.);
#2893=EDGE_CURVE('',#2333,#2327,#342,.T.);
#2894=EDGE_CURVE('',#2328,#2332,#343,.T.);
#2895=EDGE_CURVE('',#2334,#2335,#344,.T.);
#2896=EDGE_CURVE('',#2336,#2335,#345,.T.);
#2897=EDGE_CURVE('',#2337,#2336,#346,.T.);
#2898=EDGE_CURVE('',#2337,#2334,#347,.T.);
#2899=EDGE_CURVE('',#2338,#2339,#2219,.T.);
#2900=EDGE_CURVE('',#2339,#2340,#348,.T.);
#2901=EDGE_CURVE('',#2340,#2341,#2220,.T.);
#2902=EDGE_CURVE('',#2341,#2338,#349,.T.);
#2903=EDGE_CURVE('',#2342,#2341,#350,.T.);
#2904=EDGE_CURVE('',#2343,#2342,#351,.T.);
#2905=EDGE_CURVE('',#2343,#2338,#352,.T.);
#2906=EDGE_CURVE('',#2340,#2335,#353,.T.);
#2907=EDGE_CURVE('',#2334,#2344,#354,.T.);
#2908=EDGE_CURVE('',#2345,#2344,#2221,.T.);
#2909=EDGE_CURVE('',#2345,#2346,#355,.T.);
#2910=EDGE_CURVE('',#2346,#2347,#356,.T.);
#2911=EDGE_CURVE('',#2347,#2348,#357,.T.);
#2912=EDGE_CURVE('',#2348,#2349,#358,.T.);
#2913=EDGE_CURVE('',#2349,#2350,#359,.T.);
#2914=EDGE_CURVE('',#2350,#2351,#360,.T.);
#2915=EDGE_CURVE('',#2351,#2352,#361,.T.);
#2916=EDGE_CURVE('',#2352,#2342,#362,.T.);
#2917=EDGE_CURVE('',#2344,#2353,#363,.T.);
#2918=EDGE_CURVE('',#2353,#2354,#2222,.T.);
#2919=EDGE_CURVE('',#2354,#2345,#364,.T.);
#2920=EDGE_CURVE('',#2337,#2353,#365,.T.);
#2921=EDGE_CURVE('',#2355,#2343,#366,.T.);
#2922=EDGE_CURVE('',#2356,#2355,#367,.T.);
#2923=EDGE_CURVE('',#2357,#2356,#368,.T.);
#2924=EDGE_CURVE('',#2358,#2357,#369,.T.);
#2925=EDGE_CURVE('',#2359,#2358,#370,.T.);
#2926=EDGE_CURVE('',#2360,#2359,#371,.T.);
#2927=EDGE_CURVE('',#2361,#2360,#372,.T.);
#2928=EDGE_CURVE('',#2354,#2361,#373,.T.);
#2929=EDGE_CURVE('',#2339,#2336,#374,.T.);
#2930=EDGE_CURVE('',#2355,#2352,#375,.T.);
#2931=EDGE_CURVE('',#2356,#2351,#376,.T.);
#2932=EDGE_CURVE('',#2357,#2350,#377,.T.);
#2933=EDGE_CURVE('',#2358,#2349,#378,.T.);
#2934=EDGE_CURVE('',#2359,#2348,#379,.T.);
#2935=EDGE_CURVE('',#2360,#2347,#380,.T.);
#2936=EDGE_CURVE('',#2361,#2346,#381,.T.);
#2937=EDGE_CURVE('',#2362,#2363,#382,.T.);
#2938=EDGE_CURVE('',#2362,#2364,#383,.T.);
#2939=EDGE_CURVE('',#2364,#2365,#384,.T.);
#2940=EDGE_CURVE('',#2363,#2365,#385,.F.);
#2941=EDGE_CURVE('',#2366,#2362,#386,.T.);
#2942=EDGE_CURVE('',#2366,#2367,#387,.T.);
#2943=EDGE_CURVE('',#2367,#2364,#388,.T.);
#2944=EDGE_CURVE('',#2368,#2366,#389,.T.);
#2945=EDGE_CURVE('',#2368,#2369,#390,.T.);
#2946=EDGE_CURVE('',#2369,#2367,#391,.T.);
#2947=EDGE_CURVE('',#2370,#2368,#392,.T.);
#2948=EDGE_CURVE('',#2370,#2371,#393,.T.);
#2949=EDGE_CURVE('',#2371,#2369,#394,.T.);
#2950=EDGE_CURVE('',#2372,#2370,#395,.T.);
#2951=EDGE_CURVE('',#2372,#2373,#396,.T.);
#2952=EDGE_CURVE('',#2373,#2371,#397,.T.);
#2953=EDGE_CURVE('',#2374,#2372,#398,.T.);
#2954=EDGE_CURVE('',#2374,#2375,#399,.T.);
#2955=EDGE_CURVE('',#2375,#2373,#400,.T.);
#2956=EDGE_CURVE('',#2376,#2374,#401,.T.);
#2957=EDGE_CURVE('',#2376,#2377,#402,.F.);
#2958=EDGE_CURVE('',#2377,#2375,#403,.T.);
#2959=EDGE_CURVE('',#2378,#2379,#404,.T.);
#2960=EDGE_CURVE('',#2378,#2377,#405,.T.);
#2961=EDGE_CURVE('',#2379,#2376,#406,.T.);
#2962=EDGE_CURVE('',#2380,#2381,#407,.T.);
#2963=EDGE_CURVE('',#2380,#2382,#408,.T.);
#2964=EDGE_CURVE('',#2383,#2382,#409,.T.);
#2965=EDGE_CURVE('',#2381,#2383,#410,.T.);
#2966=EDGE_CURVE('',#2384,#2380,#2223,.T.);
#2967=EDGE_CURVE('',#2365,#2384,#411,.T.);
#2968=EDGE_CURVE('',#2385,#2378,#2224,.T.);
#2969=EDGE_CURVE('',#2386,#2385,#412,.T.);
#2970=EDGE_CURVE('',#2386,#2382,#413,.T.);
#2971=EDGE_CURVE('',#2381,#2387,#2225,.T.);
#2972=EDGE_CURVE('',#2388,#2383,#414,.T.);
#2973=EDGE_CURVE('',#2388,#2389,#415,.T.);
#2974=EDGE_CURVE('',#2379,#2389,#2226,.T.);
#2975=EDGE_CURVE('',#2363,#2387,#416,.T.);
#2976=EDGE_CURVE('',#2387,#2384,#417,.T.);
#2977=EDGE_CURVE('',#2389,#2385,#418,.T.);
#2978=EDGE_CURVE('',#2388,#2386,#419,.T.);
#2979=EDGE_CURVE('',#2390,#2391,#2227,.T.);
#2980=EDGE_CURVE('',#2392,#2390,#420,.T.);
#2981=EDGE_CURVE('',#2393,#2392,#2228,.T.);
#2982=EDGE_CURVE('',#2394,#2393,#421,.T.);
#2983=EDGE_CURVE('',#2395,#2394,#2229,.T.);
#2984=EDGE_CURVE('',#2396,#2395,#422,.T.);
#2985=EDGE_CURVE('',#2397,#2396,#2230,.T.);
#2986=EDGE_CURVE('',#2391,#2397,#423,.T.);
#2987=EDGE_CURVE('',#2398,#2390,#2231,.T.);
#2988=EDGE_CURVE('',#2391,#2399,#2232,.T.);
#2989=EDGE_CURVE('',#2399,#2398,#2233,.T.);
#2990=EDGE_CURVE('',#2397,#2400,#2234,.T.);
#2991=EDGE_CURVE('',#2400,#2399,#424,.T.);
#2992=EDGE_CURVE('',#2396,#2401,#2235,.T.);
#2993=EDGE_CURVE('',#2401,#2400,#2236,.T.);
#2994=EDGE_CURVE('',#2395,#2402,#2237,.T.);
#2995=EDGE_CURVE('',#2402,#2401,#425,.T.);
#2996=EDGE_CURVE('',#2394,#2403,#2238,.T.);
#2997=EDGE_CURVE('',#2403,#2402,#2239,.T.);
#2998=EDGE_CURVE('',#2393,#2404,#2240,.T.);
#2999=EDGE_CURVE('',#2404,#2403,#426,.T.);
#3000=EDGE_CURVE('',#2392,#2405,#2241,.T.);
#3001=EDGE_CURVE('',#2405,#2404,#2242,.T.);
#3002=EDGE_CURVE('',#2398,#2405,#427,.T.);
#3003=EDGE_CURVE('',#2406,#2406,#2243,.T.);
#3004=EDGE_CURVE('',#2407,#2407,#2244,.T.);
#3005=EDGE_CURVE('',#2408,#2408,#2245,.T.);
#3006=EDGE_CURVE('',#2409,#2410,#2246,.T.);
#3007=EDGE_CURVE('',#2410,#2411,#428,.T.);
#3008=EDGE_CURVE('',#2411,#2412,#2247,.T.);
#3009=EDGE_CURVE('',#2412,#2413,#429,.T.);
#3010=EDGE_CURVE('',#2413,#2414,#2248,.T.);
#3011=EDGE_CURVE('',#2414,#2415,#430,.T.);
#3012=EDGE_CURVE('',#2415,#2416,#2249,.T.);
#3013=EDGE_CURVE('',#2416,#2409,#431,.T.);
#3014=EDGE_CURVE('',#2417,#2412,#432,.T.);
#3015=EDGE_CURVE('',#2418,#2417,#433,.T.);
#3016=EDGE_CURVE('',#2418,#2413,#434,.T.);
#3017=EDGE_CURVE('',#2419,#2411,#435,.T.);
#3018=EDGE_CURVE('',#2417,#2419,#2250,.T.);
#3019=EDGE_CURVE('',#2420,#2410,#436,.T.);
#3020=EDGE_CURVE('',#2419,#2420,#437,.T.);
#3021=EDGE_CURVE('',#2421,#2409,#438,.T.);
#3022=EDGE_CURVE('',#2420,#2421,#2251,.T.);
#3023=EDGE_CURVE('',#2422,#2418,#2252,.T.);
#3024=EDGE_CURVE('',#2422,#2414,#439,.T.);
#3025=EDGE_CURVE('',#2423,#2415,#440,.T.);
#3026=EDGE_CURVE('',#2423,#2422,#441,.T.);
#3027=EDGE_CURVE('',#2424,#2423,#2253,.T.);
#3028=EDGE_CURVE('',#2424,#2416,#442,.T.);
#3029=EDGE_CURVE('',#2421,#2424,#443,.T.);
#3030=EDGE_CURVE('',#2425,#2425,#2254,.T.);
#3031=EDGE_CURVE('',#2426,#2426,#2255,.T.);
#3032=EDGE_CURVE('',#2427,#2427,#2256,.T.);
#3033=EDGE_CURVE('',#2428,#2428,#2257,.T.);
#3034=EDGE_CURVE('',#2429,#2429,#2258,.T.);
#3035=EDGE_CURVE('',#2430,#2430,#2259,.T.);
#3036=EDGE_CURVE('',#2431,#2431,#2260,.T.);
#3037=EDGE_CURVE('',#2432,#2432,#2261,.T.);
#3038=EDGE_CURVE('',#2433,#2433,#2262,.T.);
#3039=EDGE_CURVE('',#2434,#2435,#444,.T.);
#3040=EDGE_CURVE('',#2434,#2436,#445,.T.);
#3041=EDGE_CURVE('',#2437,#2436,#446,.T.);
#3042=EDGE_CURVE('',#2435,#2437,#447,.T.);
#3043=EDGE_CURVE('',#2435,#2438,#448,.T.);
#3044=EDGE_CURVE('',#2439,#2437,#449,.T.);
#3045=EDGE_CURVE('',#2438,#2439,#450,.T.);
#3046=EDGE_CURVE('',#2438,#2440,#451,.T.);
#3047=EDGE_CURVE('',#2441,#2439,#452,.T.);
#3048=EDGE_CURVE('',#2440,#2441,#453,.T.);
#3049=EDGE_CURVE('',#2440,#2442,#454,.T.);
#3050=EDGE_CURVE('',#2443,#2441,#455,.T.);
#3051=EDGE_CURVE('',#2442,#2443,#456,.T.);
#3052=EDGE_CURVE('',#2442,#2444,#457,.T.);
#3053=EDGE_CURVE('',#2445,#2443,#458,.T.);
#3054=EDGE_CURVE('',#2444,#2445,#459,.T.);
#3055=EDGE_CURVE('',#2444,#2446,#460,.T.);
#3056=EDGE_CURVE('',#2447,#2445,#461,.T.);
#3057=EDGE_CURVE('',#2446,#2447,#462,.T.);
#3058=EDGE_CURVE('',#2446,#2448,#463,.T.);
#3059=EDGE_CURVE('',#2449,#2447,#464,.T.);
#3060=EDGE_CURVE('',#2448,#2449,#465,.T.);
#3061=EDGE_CURVE('',#2448,#2450,#466,.T.);
#3062=EDGE_CURVE('',#2451,#2449,#467,.T.);
#3063=EDGE_CURVE('',#2450,#2451,#468,.T.);
#3064=EDGE_CURVE('',#2450,#2452,#469,.T.);
#3065=EDGE_CURVE('',#2453,#2451,#470,.T.);
#3066=EDGE_CURVE('',#2452,#2453,#471,.T.);
#3067=EDGE_CURVE('',#2452,#2454,#472,.T.);
#3068=EDGE_CURVE('',#2455,#2453,#473,.T.);
#3069=EDGE_CURVE('',#2454,#2455,#474,.T.);
#3070=EDGE_CURVE('',#2454,#2456,#475,.T.);
#3071=EDGE_CURVE('',#2457,#2455,#476,.T.);
#3072=EDGE_CURVE('',#2456,#2457,#477,.T.);
#3073=EDGE_CURVE('',#2456,#2458,#31,.T.);
#3074=EDGE_CURVE('',#2459,#2457,#32,.T.);
#3075=EDGE_CURVE('',#2458,#2459,#478,.T.);
#3076=EDGE_CURVE('',#2458,#2460,#33,.T.);
#3077=EDGE_CURVE('',#2461,#2459,#34,.T.);
#3078=EDGE_CURVE('',#2460,#2461,#479,.T.);
#3079=EDGE_CURVE('',#2460,#2462,#35,.T.);
#3080=EDGE_CURVE('',#2463,#2461,#36,.T.);
#3081=EDGE_CURVE('',#2462,#2463,#480,.T.);
#3082=EDGE_CURVE('',#2462,#2464,#481,.T.);
#3083=EDGE_CURVE('',#2465,#2463,#482,.T.);
#3084=EDGE_CURVE('',#2464,#2465,#483,.T.);
#3085=EDGE_CURVE('',#2464,#2466,#484,.T.);
#3086=EDGE_CURVE('',#2467,#2465,#485,.T.);
#3087=EDGE_CURVE('',#2466,#2467,#486,.T.);
#3088=EDGE_CURVE('',#2466,#2468,#37,.T.);
#3089=EDGE_CURVE('',#2469,#2467,#38,.T.);
#3090=EDGE_CURVE('',#2468,#2469,#487,.T.);
#3091=EDGE_CURVE('',#2468,#2434,#39,.T.);
#3092=EDGE_CURVE('',#2436,#2469,#40,.T.);
#3093=EDGE_CURVE('',#2470,#2471,#488,.T.);
#3094=EDGE_CURVE('',#2470,#2472,#489,.T.);
#3095=EDGE_CURVE('',#2473,#2472,#490,.T.);
#3096=EDGE_CURVE('',#2471,#2473,#491,.T.);
#3097=EDGE_CURVE('',#2471,#2474,#492,.T.);
#3098=EDGE_CURVE('',#2475,#2473,#493,.T.);
#3099=EDGE_CURVE('',#2474,#2475,#494,.T.);
#3100=EDGE_CURVE('',#2474,#2476,#495,.T.);
#3101=EDGE_CURVE('',#2477,#2475,#496,.T.);
#3102=EDGE_CURVE('',#2476,#2477,#497,.T.);
#3103=EDGE_CURVE('',#2476,#2470,#498,.T.);
#3104=EDGE_CURVE('',#2472,#2477,#499,.T.);
#3105=EDGE_CURVE('',#2478,#2479,#500,.T.);
#3106=EDGE_CURVE('',#2478,#2480,#501,.T.);
#3107=EDGE_CURVE('',#2481,#2480,#502,.T.);
#3108=EDGE_CURVE('',#2479,#2481,#503,.T.);
#3109=EDGE_CURVE('',#2479,#2482,#504,.T.);
#3110=EDGE_CURVE('',#2483,#2481,#505,.T.);
#3111=EDGE_CURVE('',#2482,#2483,#506,.T.);
#3112=EDGE_CURVE('',#2482,#2484,#507,.T.);
#3113=EDGE_CURVE('',#2485,#2483,#508,.T.);
#3114=EDGE_CURVE('',#2484,#2485,#509,.T.);
#3115=EDGE_CURVE('',#2484,#2478,#510,.T.);
#3116=EDGE_CURVE('',#2480,#2485,#511,.T.);
#3117=EDGE_CURVE('',#2486,#2487,#512,.T.);
#3118=EDGE_CURVE('',#2486,#2488,#513,.T.);
#3119=EDGE_CURVE('',#2489,#2488,#514,.T.);
#3120=EDGE_CURVE('',#2487,#2489,#515,.T.);
#3121=EDGE_CURVE('',#2487,#2490,#516,.T.);
#3122=EDGE_CURVE('',#2491,#2489,#517,.T.);
#3123=EDGE_CURVE('',#2490,#2491,#518,.T.);
#3124=EDGE_CURVE('',#2490,#2492,#519,.T.);
#3125=EDGE_CURVE('',#2493,#2491,#520,.T.);
#3126=EDGE_CURVE('',#2492,#2493,#521,.T.);
#3127=EDGE_CURVE('',#2492,#2494,#522,.T.);
#3128=EDGE_CURVE('',#2495,#2493,#523,.T.);
#3129=EDGE_CURVE('',#2494,#2495,#524,.T.);
#3130=EDGE_CURVE('',#2494,#2496,#525,.T.);
#3131=EDGE_CURVE('',#2497,#2495,#526,.T.);
#3132=EDGE_CURVE('',#2496,#2497,#527,.T.);
#3133=EDGE_CURVE('',#2496,#2498,#528,.T.);
#3134=EDGE_CURVE('',#2499,#2497,#529,.T.);
#3135=EDGE_CURVE('',#2498,#2499,#530,.T.);
#3136=EDGE_CURVE('',#2498,#2500,#531,.T.);
#3137=EDGE_CURVE('',#2501,#2499,#532,.T.);
#3138=EDGE_CURVE('',#2500,#2501,#533,.T.);
#3139=EDGE_CURVE('',#2500,#2502,#534,.T.);
#3140=EDGE_CURVE('',#2503,#2501,#535,.T.);
#3141=EDGE_CURVE('',#2502,#2503,#536,.T.);
#3142=EDGE_CURVE('',#2502,#2504,#537,.T.);
#3143=EDGE_CURVE('',#2505,#2503,#538,.T.);
#3144=EDGE_CURVE('',#2504,#2505,#539,.T.);
#3145=EDGE_CURVE('',#2504,#2506,#540,.T.);
#3146=EDGE_CURVE('',#2507,#2505,#541,.T.);
#3147=EDGE_CURVE('',#2506,#2507,#542,.T.);
#3148=EDGE_CURVE('',#2506,#2508,#543,.T.);
#3149=EDGE_CURVE('',#2509,#2507,#544,.T.);
#3150=EDGE_CURVE('',#2508,#2509,#545,.T.);
#3151=EDGE_CURVE('',#2508,#2510,#41,.T.);
#3152=EDGE_CURVE('',#2511,#2509,#42,.T.);
#3153=EDGE_CURVE('',#2510,#2511,#546,.T.);
#3154=EDGE_CURVE('',#2510,#2512,#43,.T.);
#3155=EDGE_CURVE('',#2513,#2511,#44,.T.);
#3156=EDGE_CURVE('',#2512,#2513,#547,.T.);
#3157=EDGE_CURVE('',#2512,#2514,#45,.T.);
#3158=EDGE_CURVE('',#2515,#2513,#46,.T.);
#3159=EDGE_CURVE('',#2514,#2515,#548,.T.);
#3160=EDGE_CURVE('',#2514,#2516,#549,.T.);
#3161=EDGE_CURVE('',#2517,#2515,#550,.T.);
#3162=EDGE_CURVE('',#2516,#2517,#551,.T.);
#3163=EDGE_CURVE('',#2516,#2518,#552,.T.);
#3164=EDGE_CURVE('',#2519,#2517,#553,.T.);
#3165=EDGE_CURVE('',#2518,#2519,#554,.T.);
#3166=EDGE_CURVE('',#2518,#2520,#47,.T.);
#3167=EDGE_CURVE('',#2521,#2519,#48,.T.);
#3168=EDGE_CURVE('',#2520,#2521,#555,.T.);
#3169=EDGE_CURVE('',#2520,#2486,#49,.T.);
#3170=EDGE_CURVE('',#2488,#2521,#50,.T.);
#3171=EDGE_CURVE('',#2522,#2523,#556,.T.);
#3172=EDGE_CURVE('',#2522,#2524,#557,.T.);
#3173=EDGE_CURVE('',#2525,#2524,#558,.T.);
#3174=EDGE_CURVE('',#2523,#2525,#559,.T.);
#3175=EDGE_CURVE('',#2523,#2526,#51,.T.);
#3176=EDGE_CURVE('',#2527,#2525,#52,.T.);
#3177=EDGE_CURVE('',#2526,#2527,#560,.T.);
#3178=EDGE_CURVE('',#2526,#2528,#53,.T.);
#3179=EDGE_CURVE('',#2529,#2527,#54,.T.);
#3180=EDGE_CURVE('',#2528,#2529,#561,.T.);
#3181=EDGE_CURVE('',#2528,#2530,#55,.T.);
#3182=EDGE_CURVE('',#2531,#2529,#56,.T.);
#3183=EDGE_CURVE('',#2530,#2531,#562,.T.);
#3184=EDGE_CURVE('',#2530,#2532,#563,.T.);
#3185=EDGE_CURVE('',#2533,#2531,#564,.T.);
#3186=EDGE_CURVE('',#2532,#2533,#565,.T.);
#3187=EDGE_CURVE('',#2532,#2534,#566,.T.);
#3188=EDGE_CURVE('',#2535,#2533,#567,.T.);
#3189=EDGE_CURVE('',#2534,#2535,#568,.T.);
#3190=EDGE_CURVE('',#2534,#2536,#569,.T.);
#3191=EDGE_CURVE('',#2537,#2535,#570,.T.);
#3192=EDGE_CURVE('',#2536,#2537,#571,.T.);
#3193=EDGE_CURVE('',#2536,#2538,#572,.T.);
#3194=EDGE_CURVE('',#2539,#2537,#573,.T.);
#3195=EDGE_CURVE('',#2538,#2539,#574,.T.);
#3196=EDGE_CURVE('',#2538,#2540,#575,.T.);
#3197=EDGE_CURVE('',#2541,#2539,#576,.T.);
#3198=EDGE_CURVE('',#2540,#2541,#577,.T.);
#3199=EDGE_CURVE('',#2540,#2542,#57,.T.);
#3200=EDGE_CURVE('',#2543,#2541,#58,.T.);
#3201=EDGE_CURVE('',#2542,#2543,#578,.T.);
#3202=EDGE_CURVE('',#2542,#2544,#59,.T.);
#3203=EDGE_CURVE('',#2545,#2543,#60,.T.);
#3204=EDGE_CURVE('',#2544,#2545,#579,.T.);
#3205=EDGE_CURVE('',#2544,#2546,#580,.T.);
#3206=EDGE_CURVE('',#2547,#2545,#581,.T.);
#3207=EDGE_CURVE('',#2546,#2547,#582,.T.);
#3208=EDGE_CURVE('',#2546,#2522,#583,.T.);
#3209=EDGE_CURVE('',#2524,#2547,#584,.T.);
#3210=EDGE_CURVE('',#2548,#2549,#61,.T.);
#3211=EDGE_CURVE('',#2548,#2550,#585,.T.);
#3212=EDGE_CURVE('',#2551,#2550,#62,.T.);
#3213=EDGE_CURVE('',#2549,#2551,#586,.T.);
#3214=EDGE_CURVE('',#2549,#2552,#63,.T.);
#3215=EDGE_CURVE('',#2553,#2551,#64,.T.);
#3216=EDGE_CURVE('',#2552,#2553,#587,.T.);
#3217=EDGE_CURVE('',#2552,#2554,#65,.T.);
#3218=EDGE_CURVE('',#2555,#2553,#66,.T.);
#3219=EDGE_CURVE('',#2554,#2555,#588,.T.);
#3220=EDGE_CURVE('',#2554,#2556,#67,.T.);
#3221=EDGE_CURVE('',#2557,#2555,#68,.T.);
#3222=EDGE_CURVE('',#2556,#2557,#589,.T.);
#3223=EDGE_CURVE('',#2556,#2558,#69,.T.);
#3224=EDGE_CURVE('',#2559,#2557,#70,.T.);
#3225=EDGE_CURVE('',#2558,#2559,#590,.T.);
#3226=EDGE_CURVE('',#2558,#2560,#591,.T.);
#3227=EDGE_CURVE('',#2561,#2559,#592,.T.);
#3228=EDGE_CURVE('',#2560,#2561,#593,.T.);
#3229=EDGE_CURVE('',#2560,#2562,#594,.T.);
#3230=EDGE_CURVE('',#2563,#2561,#595,.T.);
#3231=EDGE_CURVE('',#2562,#2563,#596,.T.);
#3232=EDGE_CURVE('',#2562,#2564,#71,.T.);
#3233=EDGE_CURVE('',#2565,#2563,#72,.T.);
#3234=EDGE_CURVE('',#2564,#2565,#597,.T.);
#3235=EDGE_CURVE('',#2564,#2566,#73,.T.);
#3236=EDGE_CURVE('',#2567,#2565,#74,.T.);
#3237=EDGE_CURVE('',#2566,#2567,#598,.T.);
#3238=EDGE_CURVE('',#2566,#2568,#75,.T.);
#3239=EDGE_CURVE('',#2569,#2567,#76,.T.);
#3240=EDGE_CURVE('',#2568,#2569,#599,.T.);
#3241=EDGE_CURVE('',#2568,#2570,#77,.T.);
#3242=EDGE_CURVE('',#2571,#2569,#78,.T.);
#3243=EDGE_CURVE('',#2570,#2571,#600,.T.);
#3244=EDGE_CURVE('',#2570,#2572,#79,.T.);
#3245=EDGE_CURVE('',#2573,#2571,#80,.T.);
#3246=EDGE_CURVE('',#2572,#2573,#601,.T.);
#3247=EDGE_CURVE('',#2572,#2574,#81,.T.);
#3248=EDGE_CURVE('',#2575,#2573,#82,.T.);
#3249=EDGE_CURVE('',#2574,#2575,#602,.T.);
#3250=EDGE_CURVE('',#2574,#2576,#83,.T.);
#3251=EDGE_CURVE('',#2577,#2575,#84,.T.);
#3252=EDGE_CURVE('',#2576,#2577,#603,.T.);
#3253=EDGE_CURVE('',#2576,#2578,#85,.T.);
#3254=EDGE_CURVE('',#2579,#2577,#86,.T.);
#3255=EDGE_CURVE('',#2578,#2579,#604,.T.);
#3256=EDGE_CURVE('',#2578,#2580,#605,.T.);
#3257=EDGE_CURVE('',#2581,#2579,#606,.T.);
#3258=EDGE_CURVE('',#2580,#2581,#607,.T.);
#3259=EDGE_CURVE('',#2580,#2582,#608,.T.);
#3260=EDGE_CURVE('',#2583,#2581,#609,.T.);
#3261=EDGE_CURVE('',#2582,#2583,#610,.T.);
#3262=EDGE_CURVE('',#2582,#2584,#87,.T.);
#3263=EDGE_CURVE('',#2585,#2583,#88,.T.);
#3264=EDGE_CURVE('',#2584,#2585,#611,.T.);
#3265=EDGE_CURVE('',#2584,#2586,#89,.T.);
#3266=EDGE_CURVE('',#2587,#2585,#90,.T.);
#3267=EDGE_CURVE('',#2586,#2587,#612,.T.);
#3268=EDGE_CURVE('',#2586,#2548,#91,.T.);
#3269=EDGE_CURVE('',#2550,#2587,#92,.T.);
#3270=EDGE_CURVE('',#2588,#2589,#613,.T.);
#3271=EDGE_CURVE('',#2588,#2590,#614,.T.);
#3272=EDGE_CURVE('',#2591,#2590,#615,.T.);
#3273=EDGE_CURVE('',#2589,#2591,#616,.T.);
#3274=EDGE_CURVE('',#2589,#2592,#617,.T.);
#3275=EDGE_CURVE('',#2593,#2591,#618,.T.);
#3276=EDGE_CURVE('',#2592,#2593,#619,.T.);
#3277=EDGE_CURVE('',#2592,#2594,#620,.T.);
#3278=EDGE_CURVE('',#2595,#2593,#621,.T.);
#3279=EDGE_CURVE('',#2594,#2595,#622,.T.);
#3280=EDGE_CURVE('',#2594,#2596,#623,.T.);
#3281=EDGE_CURVE('',#2597,#2595,#624,.T.);
#3282=EDGE_CURVE('',#2596,#2597,#625,.T.);
#3283=EDGE_CURVE('',#2596,#2598,#626,.T.);
#3284=EDGE_CURVE('',#2599,#2597,#627,.T.);
#3285=EDGE_CURVE('',#2598,#2599,#628,.T.);
#3286=EDGE_CURVE('',#2598,#2600,#629,.T.);
#3287=EDGE_CURVE('',#2601,#2599,#630,.T.);
#3288=EDGE_CURVE('',#2600,#2601,#631,.T.);
#3289=EDGE_CURVE('',#2600,#2602,#632,.T.);
#3290=EDGE_CURVE('',#2603,#2601,#633,.T.);
#3291=EDGE_CURVE('',#2602,#2603,#634,.T.);
#3292=EDGE_CURVE('',#2602,#2588,#635,.T.);
#3293=EDGE_CURVE('',#2590,#2603,#636,.T.);
#3294=EDGE_CURVE('',#2604,#2605,#2263,.T.);
#3295=EDGE_CURVE('',#2605,#2606,#637,.T.);
#3296=EDGE_CURVE('',#2607,#2606,#2264,.T.);
#3297=EDGE_CURVE('',#2604,#2607,#638,.T.);
#3298=EDGE_CURVE('',#2608,#2604,#639,.T.);
#3299=EDGE_CURVE('',#2609,#2607,#640,.T.);
#3300=EDGE_CURVE('',#2608,#2609,#641,.T.);
#3301=EDGE_CURVE('',#2610,#2608,#2265,.T.);
#3302=EDGE_CURVE('',#2611,#2609,#2266,.T.);
#3303=EDGE_CURVE('',#2610,#2611,#642,.T.);
#3304=EDGE_CURVE('',#2605,#2610,#643,.T.);
#3305=EDGE_CURVE('',#2606,#2611,#644,.T.);
#3306=EDGE_CURVE('',#2612,#2613,#645,.T.);
#3307=EDGE_CURVE('',#2612,#2614,#646,.T.);
#3308=EDGE_CURVE('',#2615,#2614,#647,.T.);
#3309=EDGE_CURVE('',#2613,#2615,#648,.T.);
#3310=EDGE_CURVE('',#2613,#2616,#2267,.T.);
#3311=EDGE_CURVE('',#2617,#2615,#2268,.T.);
#3312=EDGE_CURVE('',#2616,#2617,#649,.T.);
#3313=EDGE_CURVE('',#2616,#2618,#650,.T.);
#3314=EDGE_CURVE('',#2619,#2617,#651,.T.);
#3315=EDGE_CURVE('',#2618,#2619,#652,.T.);
#3316=EDGE_CURVE('',#2618,#2612,#2269,.T.);
#3317=EDGE_CURVE('',#2614,#2619,#2270,.T.);
#3318=EDGE_CURVE('',#2620,#2621,#653,.T.);
#3319=EDGE_CURVE('',#2620,#2622,#654,.T.);
#3320=EDGE_CURVE('',#2623,#2622,#655,.T.);
#3321=EDGE_CURVE('',#2621,#2623,#656,.T.);
#3322=EDGE_CURVE('',#2621,#2624,#2271,.T.);
#3323=EDGE_CURVE('',#2625,#2623,#2272,.T.);
#3324=EDGE_CURVE('',#2624,#2625,#657,.T.);
#3325=EDGE_CURVE('',#2624,#2626,#658,.T.);
#3326=EDGE_CURVE('',#2627,#2625,#659,.T.);
#3327=EDGE_CURVE('',#2626,#2627,#660,.T.);
#3328=EDGE_CURVE('',#2626,#2620,#2273,.T.);
#3329=EDGE_CURVE('',#2622,#2627,#2274,.T.);
#3330=EDGE_CURVE('',#2628,#2629,#661,.T.);
#3331=EDGE_CURVE('',#2628,#2630,#662,.T.);
#3332=EDGE_CURVE('',#2631,#2630,#663,.T.);
#3333=EDGE_CURVE('',#2629,#2631,#664,.T.);
#3334=EDGE_CURVE('',#2629,#2632,#665,.T.);
#3335=EDGE_CURVE('',#2633,#2631,#666,.T.);
#3336=EDGE_CURVE('',#2632,#2633,#667,.T.);
#3337=EDGE_CURVE('',#2632,#2634,#668,.T.);
#3338=EDGE_CURVE('',#2635,#2633,#669,.T.);
#3339=EDGE_CURVE('',#2634,#2635,#670,.T.);
#3340=EDGE_CURVE('',#2634,#2636,#671,.T.);
#3341=EDGE_CURVE('',#2637,#2635,#672,.T.);
#3342=EDGE_CURVE('',#2636,#2637,#673,.T.);
#3343=EDGE_CURVE('',#2636,#2638,#674,.T.);
#3344=EDGE_CURVE('',#2639,#2637,#675,.T.);
#3345=EDGE_CURVE('',#2638,#2639,#676,.T.);
#3346=EDGE_CURVE('',#2638,#2640,#677,.T.);
#3347=EDGE_CURVE('',#2641,#2639,#678,.T.);
#3348=EDGE_CURVE('',#2640,#2641,#679,.T.);
#3349=EDGE_CURVE('',#2640,#2642,#680,.T.);
#3350=EDGE_CURVE('',#2643,#2641,#681,.T.);
#3351=EDGE_CURVE('',#2642,#2643,#682,.T.);
#3352=EDGE_CURVE('',#2642,#2644,#683,.T.);
#3353=EDGE_CURVE('',#2645,#2643,#684,.T.);
#3354=EDGE_CURVE('',#2644,#2645,#685,.T.);
#3355=EDGE_CURVE('',#2644,#2646,#686,.T.);
#3356=EDGE_CURVE('',#2647,#2645,#687,.T.);
#3357=EDGE_CURVE('',#2646,#2647,#688,.T.);
#3358=EDGE_CURVE('',#2646,#2648,#689,.T.);
#3359=EDGE_CURVE('',#2649,#2647,#690,.T.);
#3360=EDGE_CURVE('',#2648,#2649,#691,.T.);
#3361=EDGE_CURVE('',#2648,#2650,#692,.T.);
#3362=EDGE_CURVE('',#2651,#2649,#693,.T.);
#3363=EDGE_CURVE('',#2650,#2651,#694,.T.);
#3364=EDGE_CURVE('',#2650,#2628,#695,.T.);
#3365=EDGE_CURVE('',#2630,#2651,#696,.T.);
#3366=EDGE_CURVE('',#2652,#2653,#93,.T.);
#3367=EDGE_CURVE('',#2652,#2654,#697,.T.);
#3368=EDGE_CURVE('',#2655,#2654,#94,.T.);
#3369=EDGE_CURVE('',#2653,#2655,#698,.T.);
#3370=EDGE_CURVE('',#2656,#2652,#95,.T.);
#3371=EDGE_CURVE('',#2656,#2657,#699,.T.);
#3372=EDGE_CURVE('',#2654,#2657,#96,.T.);
#3373=EDGE_CURVE('',#2658,#2656,#97,.T.);
#3374=EDGE_CURVE('',#2658,#2659,#700,.T.);
#3375=EDGE_CURVE('',#2657,#2659,#98,.T.);
#3376=EDGE_CURVE('',#2653,#2658,#99,.T.);
#3377=EDGE_CURVE('',#2659,#2655,#100,.T.);
#3378=EDGE_CURVE('',#2660,#2661,#101,.T.);
#3379=EDGE_CURVE('',#2660,#2662,#701,.T.);
#3380=EDGE_CURVE('',#2663,#2662,#102,.T.);
#3381=EDGE_CURVE('',#2661,#2663,#702,.T.);
#3382=EDGE_CURVE('',#2661,#2664,#103,.T.);
#3383=EDGE_CURVE('',#2665,#2663,#104,.T.);
#3384=EDGE_CURVE('',#2664,#2665,#703,.T.);
#3385=EDGE_CURVE('',#2664,#2666,#105,.T.);
#3386=EDGE_CURVE('',#2667,#2665,#106,.T.);
#3387=EDGE_CURVE('',#2666,#2667,#704,.T.);
#3388=EDGE_CURVE('',#2666,#2660,#107,.T.);
#3389=EDGE_CURVE('',#2662,#2667,#108,.T.);
#3390=EDGE_CURVE('',#2668,#2669,#705,.T.);
#3391=EDGE_CURVE('',#2668,#2670,#706,.T.);
#3392=EDGE_CURVE('',#2671,#2670,#707,.T.);
#3393=EDGE_CURVE('',#2669,#2671,#708,.T.);
#3394=EDGE_CURVE('',#2669,#2672,#109,.T.);
#3395=EDGE_CURVE('',#2673,#2671,#110,.T.);
#3396=EDGE_CURVE('',#2672,#2673,#709,.T.);
#3397=EDGE_CURVE('',#2672,#2674,#111,.T.);
#3398=EDGE_CURVE('',#2675,#2673,#112,.T.);
#3399=EDGE_CURVE('',#2674,#2675,#710,.T.);
#3400=EDGE_CURVE('',#2674,#2676,#113,.T.);
#3401=EDGE_CURVE('',#2677,#2675,#114,.T.);
#3402=EDGE_CURVE('',#2676,#2677,#711,.T.);
#3403=EDGE_CURVE('',#2676,#2678,#712,.T.);
#3404=EDGE_CURVE('',#2679,#2677,#713,.T.);
#3405=EDGE_CURVE('',#2678,#2679,#714,.T.);
#3406=EDGE_CURVE('',#2678,#2680,#715,.T.);
#3407=EDGE_CURVE('',#2681,#2679,#716,.T.);
#3408=EDGE_CURVE('',#2680,#2681,#717,.T.);
#3409=EDGE_CURVE('',#2680,#2682,#718,.T.);
#3410=EDGE_CURVE('',#2683,#2681,#719,.T.);
#3411=EDGE_CURVE('',#2682,#2683,#720,.T.);
#3412=EDGE_CURVE('',#2682,#2684,#721,.T.);
#3413=EDGE_CURVE('',#2685,#2683,#722,.T.);
#3414=EDGE_CURVE('',#2684,#2685,#723,.T.);
#3415=EDGE_CURVE('',#2684,#2686,#724,.T.);
#3416=EDGE_CURVE('',#2687,#2685,#725,.T.);
#3417=EDGE_CURVE('',#2686,#2687,#726,.T.);
#3418=EDGE_CURVE('',#2686,#2688,#115,.T.);
#3419=EDGE_CURVE('',#2689,#2687,#116,.T.);
#3420=EDGE_CURVE('',#2688,#2689,#727,.T.);
#3421=EDGE_CURVE('',#2688,#2690,#117,.T.);
#3422=EDGE_CURVE('',#2691,#2689,#118,.T.);
#3423=EDGE_CURVE('',#2690,#2691,#728,.T.);
#3424=EDGE_CURVE('',#2690,#2692,#729,.T.);
#3425=EDGE_CURVE('',#2693,#2691,#730,.T.);
#3426=EDGE_CURVE('',#2692,#2693,#731,.T.);
#3427=EDGE_CURVE('',#2692,#2668,#732,.T.);
#3428=EDGE_CURVE('',#2670,#2693,#733,.T.);
#3429=EDGE_CURVE('',#2694,#2695,#734,.T.);
#3430=EDGE_CURVE('',#2694,#2696,#735,.T.);
#3431=EDGE_CURVE('',#2697,#2696,#736,.T.);
#3432=EDGE_CURVE('',#2695,#2697,#737,.T.);
#3433=EDGE_CURVE('',#2698,#2694,#119,.T.);
#3434=EDGE_CURVE('',#2698,#2699,#738,.T.);
#3435=EDGE_CURVE('',#2696,#2699,#120,.T.);
#3436=EDGE_CURVE('',#2700,#2698,#121,.T.);
#3437=EDGE_CURVE('',#2700,#2701,#739,.T.);
#3438=EDGE_CURVE('',#2699,#2701,#122,.T.);
#3439=EDGE_CURVE('',#2702,#2700,#123,.T.);
#3440=EDGE_CURVE('',#2702,#2703,#740,.T.);
#3441=EDGE_CURVE('',#2701,#2703,#124,.T.);
#3442=EDGE_CURVE('',#2695,#2702,#125,.T.);
#3443=EDGE_CURVE('',#2703,#2697,#126,.T.);
#3444=EDGE_CURVE('',#2704,#2705,#127,.T.);
#3445=EDGE_CURVE('',#2704,#2706,#741,.T.);
#3446=EDGE_CURVE('',#2707,#2706,#128,.T.);
#3447=EDGE_CURVE('',#2705,#2707,#742,.T.);
#3448=EDGE_CURVE('',#2705,#2708,#129,.T.);
#3449=EDGE_CURVE('',#2709,#2707,#130,.T.);
#3450=EDGE_CURVE('',#2708,#2709,#743,.T.);
#3451=EDGE_CURVE('',#2708,#2710,#131,.T.);
#3452=EDGE_CURVE('',#2711,#2709,#132,.T.);
#3453=EDGE_CURVE('',#2710,#2711,#744,.T.);
#3454=EDGE_CURVE('',#2710,#2712,#745,.T.);
#3455=EDGE_CURVE('',#2713,#2711,#746,.T.);
#3456=EDGE_CURVE('',#2712,#2713,#747,.T.);
#3457=EDGE_CURVE('',#2712,#2714,#748,.T.);
#3458=EDGE_CURVE('',#2715,#2713,#749,.T.);
#3459=EDGE_CURVE('',#2714,#2715,#750,.T.);
#3460=EDGE_CURVE('',#2714,#2716,#133,.T.);
#3461=EDGE_CURVE('',#2717,#2715,#134,.T.);
#3462=EDGE_CURVE('',#2716,#2717,#751,.T.);
#3463=EDGE_CURVE('',#2716,#2718,#135,.T.);
#3464=EDGE_CURVE('',#2719,#2717,#136,.T.);
#3465=EDGE_CURVE('',#2718,#2719,#752,.T.);
#3466=EDGE_CURVE('',#2718,#2720,#137,.T.);
#3467=EDGE_CURVE('',#2721,#2719,#138,.T.);
#3468=EDGE_CURVE('',#2720,#2721,#753,.T.);
#3469=EDGE_CURVE('',#2720,#2722,#754,.T.);
#3470=EDGE_CURVE('',#2723,#2721,#755,.T.);
#3471=EDGE_CURVE('',#2722,#2723,#756,.T.);
#3472=EDGE_CURVE('',#2722,#2724,#757,.T.);
#3473=EDGE_CURVE('',#2725,#2723,#758,.T.);
#3474=EDGE_CURVE('',#2724,#2725,#759,.T.);
#3475=EDGE_CURVE('',#2724,#2726,#139,.T.);
#3476=EDGE_CURVE('',#2727,#2725,#140,.T.);
#3477=EDGE_CURVE('',#2726,#2727,#760,.T.);
#3478=EDGE_CURVE('',#2726,#2728,#141,.T.);
#3479=EDGE_CURVE('',#2729,#2727,#142,.T.);
#3480=EDGE_CURVE('',#2728,#2729,#761,.T.);
#3481=EDGE_CURVE('',#2728,#2704,#143,.T.);
#3482=EDGE_CURVE('',#2706,#2729,#144,.T.);
#3483=EDGE_CURVE('',#2730,#2731,#145,.T.);
#3484=EDGE_CURVE('',#2730,#2732,#762,.T.);
#3485=EDGE_CURVE('',#2733,#2732,#146,.T.);
#3486=EDGE_CURVE('',#2731,#2733,#763,.T.);
#3487=EDGE_CURVE('',#2731,#2734,#147,.T.);
#3488=EDGE_CURVE('',#2735,#2733,#148,.T.);
#3489=EDGE_CURVE('',#2734,#2735,#764,.T.);
#3490=EDGE_CURVE('',#2734,#2736,#149,.T.);
#3491=EDGE_CURVE('',#2737,#2735,#150,.T.);
#3492=EDGE_CURVE('',#2736,#2737,#765,.T.);
#3493=EDGE_CURVE('',#2736,#2738,#151,.T.);
#3494=EDGE_CURVE('',#2739,#2737,#152,.T.);
#3495=EDGE_CURVE('',#2738,#2739,#766,.T.);
#3496=EDGE_CURVE('',#2738,#2740,#767,.T.);
#3497=EDGE_CURVE('',#2741,#2739,#768,.T.);
#3498=EDGE_CURVE('',#2740,#2741,#769,.T.);
#3499=EDGE_CURVE('',#2740,#2742,#770,.T.);
#3500=EDGE_CURVE('',#2743,#2741,#771,.T.);
#3501=EDGE_CURVE('',#2742,#2743,#772,.T.);
#3502=EDGE_CURVE('',#2742,#2744,#153,.T.);
#3503=EDGE_CURVE('',#2745,#2743,#154,.T.);
#3504=EDGE_CURVE('',#2744,#2745,#773,.T.);
#3505=EDGE_CURVE('',#2744,#2746,#155,.T.);
#3506=EDGE_CURVE('',#2747,#2745,#156,.T.);
#3507=EDGE_CURVE('',#2746,#2747,#774,.T.);
#3508=EDGE_CURVE('',#2746,#2748,#157,.T.);
#3509=EDGE_CURVE('',#2749,#2747,#158,.T.);
#3510=EDGE_CURVE('',#2748,#2749,#775,.T.);
#3511=EDGE_CURVE('',#2748,#2750,#159,.T.);
#3512=EDGE_CURVE('',#2751,#2749,#160,.T.);
#3513=EDGE_CURVE('',#2750,#2751,#776,.T.);
#3514=EDGE_CURVE('',#2750,#2752,#161,.T.);
#3515=EDGE_CURVE('',#2753,#2751,#162,.T.);
#3516=EDGE_CURVE('',#2752,#2753,#777,.T.);
#3517=EDGE_CURVE('',#2752,#2754,#778,.T.);
#3518=EDGE_CURVE('',#2755,#2753,#779,.T.);
#3519=EDGE_CURVE('',#2754,#2755,#780,.T.);
#3520=EDGE_CURVE('',#2754,#2756,#781,.T.);
#3521=EDGE_CURVE('',#2757,#2755,#782,.T.);
#3522=EDGE_CURVE('',#2756,#2757,#783,.T.);
#3523=EDGE_CURVE('',#2756,#2758,#163,.T.);
#3524=EDGE_CURVE('',#2759,#2757,#164,.T.);
#3525=EDGE_CURVE('',#2758,#2759,#784,.T.);
#3526=EDGE_CURVE('',#2758,#2760,#165,.T.);
#3527=EDGE_CURVE('',#2761,#2759,#166,.T.);
#3528=EDGE_CURVE('',#2760,#2761,#785,.T.);
#3529=EDGE_CURVE('',#2760,#2730,#167,.T.);
#3530=EDGE_CURVE('',#2732,#2761,#168,.T.);
#3531=EDGE_CURVE('',#2762,#2763,#786,.T.);
#3532=EDGE_CURVE('',#2762,#2764,#787,.T.);
#3533=EDGE_CURVE('',#2765,#2764,#788,.T.);
#3534=EDGE_CURVE('',#2763,#2765,#789,.T.);
#3535=EDGE_CURVE('',#2763,#2766,#790,.T.);
#3536=EDGE_CURVE('',#2767,#2765,#791,.T.);
#3537=EDGE_CURVE('',#2766,#2767,#792,.T.);
#3538=EDGE_CURVE('',#2766,#2768,#793,.T.);
#3539=EDGE_CURVE('',#2769,#2767,#794,.T.);
#3540=EDGE_CURVE('',#2768,#2769,#795,.T.);
#3541=EDGE_CURVE('',#2768,#2762,#796,.T.);
#3542=EDGE_CURVE('',#2764,#2769,#797,.T.);
#3543=EDGE_CURVE('',#2770,#2771,#798,.T.);
#3544=EDGE_CURVE('',#2770,#2772,#799,.T.);
#3545=EDGE_CURVE('',#2773,#2772,#800,.T.);
#3546=EDGE_CURVE('',#2771,#2773,#801,.T.);
#3547=EDGE_CURVE('',#2771,#2774,#802,.T.);
#3548=EDGE_CURVE('',#2775,#2773,#803,.T.);
#3549=EDGE_CURVE('',#2774,#2775,#804,.T.);
#3550=EDGE_CURVE('',#2774,#2776,#805,.T.);
#3551=EDGE_CURVE('',#2777,#2775,#806,.T.);
#3552=EDGE_CURVE('',#2776,#2777,#807,.T.);
#3553=EDGE_CURVE('',#2776,#2778,#808,.T.);
#3554=EDGE_CURVE('',#2779,#2777,#809,.T.);
#3555=EDGE_CURVE('',#2778,#2779,#810,.T.);
#3556=EDGE_CURVE('',#2778,#2780,#811,.T.);
#3557=EDGE_CURVE('',#2781,#2779,#812,.T.);
#3558=EDGE_CURVE('',#2780,#2781,#813,.T.);
#3559=EDGE_CURVE('',#2780,#2782,#814,.T.);
#3560=EDGE_CURVE('',#2783,#2781,#815,.T.);
#3561=EDGE_CURVE('',#2782,#2783,#816,.T.);
#3562=EDGE_CURVE('',#2782,#2770,#817,.T.);
#3563=EDGE_CURVE('',#2772,#2783,#818,.T.);
#3564=EDGE_CURVE('',#2784,#2785,#819,.T.);
#3565=EDGE_CURVE('',#2784,#2786,#820,.T.);
#3566=EDGE_CURVE('',#2787,#2786,#821,.T.);
#3567=EDGE_CURVE('',#2785,#2787,#822,.T.);
#3568=EDGE_CURVE('',#2785,#2788,#823,.T.);
#3569=EDGE_CURVE('',#2789,#2787,#824,.T.);
#3570=EDGE_CURVE('',#2788,#2789,#825,.T.);
#3571=EDGE_CURVE('',#2788,#2790,#826,.T.);
#3572=EDGE_CURVE('',#2791,#2789,#827,.T.);
#3573=EDGE_CURVE('',#2790,#2791,#828,.T.);
#3574=EDGE_CURVE('',#2790,#2784,#829,.T.);
#3575=EDGE_CURVE('',#2786,#2791,#830,.T.);
#3576=EDGE_CURVE('',#2792,#2793,#831,.T.);
#3577=EDGE_CURVE('',#2792,#2794,#832,.T.);
#3578=EDGE_CURVE('',#2795,#2794,#833,.T.);
#3579=EDGE_CURVE('',#2793,#2795,#834,.T.);
#3580=EDGE_CURVE('',#2793,#2796,#835,.T.);
#3581=EDGE_CURVE('',#2797,#2795,#836,.T.);
#3582=EDGE_CURVE('',#2796,#2797,#837,.T.);
#3583=EDGE_CURVE('',#2796,#2798,#838,.T.);
#3584=EDGE_CURVE('',#2799,#2797,#839,.T.);
#3585=EDGE_CURVE('',#2798,#2799,#840,.T.);
#3586=EDGE_CURVE('',#2798,#2800,#841,.T.);
#3587=EDGE_CURVE('',#2801,#2799,#842,.T.);
#3588=EDGE_CURVE('',#2800,#2801,#843,.T.);
#3589=EDGE_CURVE('',#2800,#2802,#844,.T.);
#3590=EDGE_CURVE('',#2803,#2801,#845,.T.);
#3591=EDGE_CURVE('',#2802,#2803,#846,.T.);
#3592=EDGE_CURVE('',#2802,#2804,#847,.T.);
#3593=EDGE_CURVE('',#2805,#2803,#848,.T.);
#3594=EDGE_CURVE('',#2804,#2805,#849,.T.);
#3595=EDGE_CURVE('',#2804,#2806,#850,.T.);
#3596=EDGE_CURVE('',#2807,#2805,#851,.T.);
#3597=EDGE_CURVE('',#2806,#2807,#852,.T.);
#3598=EDGE_CURVE('',#2806,#2792,#853,.T.);
#3599=EDGE_CURVE('',#2794,#2807,#854,.T.);
#3600=ORIENTED_EDGE('',*,*,#2808,.T.);
#3601=ORIENTED_EDGE('',*,*,#2809,.T.);
#3602=ORIENTED_EDGE('',*,*,#2810,.T.);
#3603=ORIENTED_EDGE('',*,*,#2808,.F.);
#3604=ORIENTED_EDGE('',*,*,#2809,.F.);
#3605=ORIENTED_EDGE('',*,*,#2810,.F.);
#3606=ORIENTED_EDGE('',*,*,#2811,.F.);
#3607=ORIENTED_EDGE('',*,*,#2812,.F.);
#3608=ORIENTED_EDGE('',*,*,#2813,.T.);
#3609=ORIENTED_EDGE('',*,*,#2814,.T.);
#3610=ORIENTED_EDGE('',*,*,#2815,.T.);
#3611=ORIENTED_EDGE('',*,*,#2816,.T.);
#3612=ORIENTED_EDGE('',*,*,#2817,.T.);
#3613=ORIENTED_EDGE('',*,*,#2818,.T.);
#3614=ORIENTED_EDGE('',*,*,#2815,.F.);
#3615=ORIENTED_EDGE('',*,*,#2819,.T.);
#3616=ORIENTED_EDGE('',*,*,#2820,.F.);
#3617=ORIENTED_EDGE('',*,*,#2821,.F.);
#3618=ORIENTED_EDGE('',*,*,#2822,.F.);
#3619=ORIENTED_EDGE('',*,*,#2823,.F.);
#3620=ORIENTED_EDGE('',*,*,#2824,.F.);
#3621=ORIENTED_EDGE('',*,*,#2825,.F.);
#3622=ORIENTED_EDGE('',*,*,#2826,.F.);
#3623=ORIENTED_EDGE('',*,*,#2827,.F.);
#3624=ORIENTED_EDGE('',*,*,#2828,.F.);
#3625=ORIENTED_EDGE('',*,*,#2829,.F.);
#3626=ORIENTED_EDGE('',*,*,#2811,.T.);
#3627=ORIENTED_EDGE('',*,*,#2830,.F.);
#3628=ORIENTED_EDGE('',*,*,#2818,.F.);
#3629=ORIENTED_EDGE('',*,*,#2831,.F.);
#3630=ORIENTED_EDGE('',*,*,#2832,.T.);
#3631=ORIENTED_EDGE('',*,*,#2819,.F.);
#3632=ORIENTED_EDGE('',*,*,#2833,.T.);
#3633=ORIENTED_EDGE('',*,*,#2834,.T.);
#3634=ORIENTED_EDGE('',*,*,#2828,.T.);
#3635=ORIENTED_EDGE('',*,*,#2835,.T.);
#3636=ORIENTED_EDGE('',*,*,#2834,.F.);
#3637=ORIENTED_EDGE('',*,*,#2836,.F.);
#3638=ORIENTED_EDGE('',*,*,#2812,.T.);
#3639=ORIENTED_EDGE('',*,*,#2829,.T.);
#3640=ORIENTED_EDGE('',*,*,#2817,.F.);
#3641=ORIENTED_EDGE('',*,*,#2837,.T.);
#3642=ORIENTED_EDGE('',*,*,#2813,.F.);
#3643=ORIENTED_EDGE('',*,*,#2836,.T.);
#3644=ORIENTED_EDGE('',*,*,#2833,.F.);
#3645=ORIENTED_EDGE('',*,*,#2838,.T.);
#3646=ORIENTED_EDGE('',*,*,#2839,.T.);
#3647=ORIENTED_EDGE('',*,*,#2840,.T.);
#3648=ORIENTED_EDGE('',*,*,#2841,.T.);
#3649=ORIENTED_EDGE('',*,*,#2842,.T.);
#3650=ORIENTED_EDGE('',*,*,#2843,.T.);
#3651=ORIENTED_EDGE('',*,*,#2844,.T.);
#3652=ORIENTED_EDGE('',*,*,#2845,.T.);
#3653=ORIENTED_EDGE('',*,*,#2831,.T.);
#3654=ORIENTED_EDGE('',*,*,#2816,.F.);
#3655=ORIENTED_EDGE('',*,*,#2830,.T.);
#3656=ORIENTED_EDGE('',*,*,#2814,.F.);
#3657=ORIENTED_EDGE('',*,*,#2837,.F.);
#3658=ORIENTED_EDGE('',*,*,#2835,.F.);
#3659=ORIENTED_EDGE('',*,*,#2827,.T.);
#3660=ORIENTED_EDGE('',*,*,#2846,.F.);
#3661=ORIENTED_EDGE('',*,*,#2838,.F.);
#3662=ORIENTED_EDGE('',*,*,#2839,.F.);
#3663=ORIENTED_EDGE('',*,*,#2846,.T.);
#3664=ORIENTED_EDGE('',*,*,#2826,.T.);
#3665=ORIENTED_EDGE('',*,*,#2847,.F.);
#3666=ORIENTED_EDGE('',*,*,#2840,.F.);
#3667=ORIENTED_EDGE('',*,*,#2847,.T.);
#3668=ORIENTED_EDGE('',*,*,#2825,.T.);
#3669=ORIENTED_EDGE('',*,*,#2848,.F.);
#3670=ORIENTED_EDGE('',*,*,#2841,.F.);
#3671=ORIENTED_EDGE('',*,*,#2848,.T.);
#3672=ORIENTED_EDGE('',*,*,#2824,.T.);
#3673=ORIENTED_EDGE('',*,*,#2849,.F.);
#3674=ORIENTED_EDGE('',*,*,#2842,.F.);
#3675=ORIENTED_EDGE('',*,*,#2849,.T.);
#3676=ORIENTED_EDGE('',*,*,#2823,.T.);
#3677=ORIENTED_EDGE('',*,*,#2850,.F.);
#3678=ORIENTED_EDGE('',*,*,#2843,.F.);
#3679=ORIENTED_EDGE('',*,*,#2850,.T.);
#3680=ORIENTED_EDGE('',*,*,#2822,.T.);
#3681=ORIENTED_EDGE('',*,*,#2851,.F.);
#3682=ORIENTED_EDGE('',*,*,#2844,.F.);
#3683=ORIENTED_EDGE('',*,*,#2851,.T.);
#3684=ORIENTED_EDGE('',*,*,#2821,.T.);
#3685=ORIENTED_EDGE('',*,*,#2852,.F.);
#3686=ORIENTED_EDGE('',*,*,#2845,.F.);
#3687=ORIENTED_EDGE('',*,*,#2852,.T.);
#3688=ORIENTED_EDGE('',*,*,#2820,.T.);
#3689=ORIENTED_EDGE('',*,*,#2832,.F.);
#3690=ORIENTED_EDGE('',*,*,#2853,.F.);
#3691=ORIENTED_EDGE('',*,*,#2854,.T.);
#3692=ORIENTED_EDGE('',*,*,#2855,.T.);
#3693=ORIENTED_EDGE('',*,*,#2856,.F.);
#3694=ORIENTED_EDGE('',*,*,#2857,.T.);
#3695=ORIENTED_EDGE('',*,*,#2858,.T.);
#3696=ORIENTED_EDGE('',*,*,#2859,.F.);
#3697=ORIENTED_EDGE('',*,*,#2855,.F.);
#3698=ORIENTED_EDGE('',*,*,#2860,.T.);
#3699=ORIENTED_EDGE('',*,*,#2861,.T.);
#3700=ORIENTED_EDGE('',*,*,#2862,.F.);
#3701=ORIENTED_EDGE('',*,*,#2858,.F.);
#3702=ORIENTED_EDGE('',*,*,#2863,.T.);
#3703=ORIENTED_EDGE('',*,*,#2864,.T.);
#3704=ORIENTED_EDGE('',*,*,#2865,.F.);
#3705=ORIENTED_EDGE('',*,*,#2861,.F.);
#3706=ORIENTED_EDGE('',*,*,#2866,.T.);
#3707=ORIENTED_EDGE('',*,*,#2867,.T.);
#3708=ORIENTED_EDGE('',*,*,#2868,.F.);
#3709=ORIENTED_EDGE('',*,*,#2864,.F.);
#3710=ORIENTED_EDGE('',*,*,#2869,.T.);
#3711=ORIENTED_EDGE('',*,*,#2870,.T.);
#3712=ORIENTED_EDGE('',*,*,#2871,.F.);
#3713=ORIENTED_EDGE('',*,*,#2867,.F.);
#3714=ORIENTED_EDGE('',*,*,#2872,.T.);
#3715=ORIENTED_EDGE('',*,*,#2873,.T.);
#3716=ORIENTED_EDGE('',*,*,#2874,.F.);
#3717=ORIENTED_EDGE('',*,*,#2870,.F.);
#3718=ORIENTED_EDGE('',*,*,#2875,.T.);
#3719=ORIENTED_EDGE('',*,*,#2876,.T.);
#3720=ORIENTED_EDGE('',*,*,#2877,.F.);
#3721=ORIENTED_EDGE('',*,*,#2873,.F.);
#3722=ORIENTED_EDGE('',*,*,#2878,.F.);
#3723=ORIENTED_EDGE('',*,*,#2879,.F.);
#3724=ORIENTED_EDGE('',*,*,#2876,.F.);
#3725=ORIENTED_EDGE('',*,*,#2880,.T.);
#3726=ORIENTED_EDGE('',*,*,#2881,.F.);
#3727=ORIENTED_EDGE('',*,*,#2880,.F.);
#3728=ORIENTED_EDGE('',*,*,#2875,.F.);
#3729=ORIENTED_EDGE('',*,*,#2872,.F.);
#3730=ORIENTED_EDGE('',*,*,#2869,.F.);
#3731=ORIENTED_EDGE('',*,*,#2866,.F.);
#3732=ORIENTED_EDGE('',*,*,#2863,.F.);
#3733=ORIENTED_EDGE('',*,*,#2860,.F.);
#3734=ORIENTED_EDGE('',*,*,#2857,.F.);
#3735=ORIENTED_EDGE('',*,*,#2854,.F.);
#3736=ORIENTED_EDGE('',*,*,#2882,.F.);
#3737=ORIENTED_EDGE('',*,*,#2883,.F.);
#3738=ORIENTED_EDGE('',*,*,#2884,.T.);
#3739=ORIENTED_EDGE('',*,*,#2885,.F.);
#3740=ORIENTED_EDGE('',*,*,#2886,.F.);
#3741=ORIENTED_EDGE('',*,*,#2885,.T.);
#3742=ORIENTED_EDGE('',*,*,#2887,.T.);
#3743=ORIENTED_EDGE('',*,*,#2888,.F.);
#3744=ORIENTED_EDGE('',*,*,#2889,.F.);
#3745=ORIENTED_EDGE('',*,*,#2888,.T.);
#3746=ORIENTED_EDGE('',*,*,#2890,.F.);
#3747=ORIENTED_EDGE('',*,*,#2891,.T.);
#3748=ORIENTED_EDGE('',*,*,#2892,.F.);
#3749=ORIENTED_EDGE('',*,*,#2856,.T.);
#3750=ORIENTED_EDGE('',*,*,#2859,.T.);
#3751=ORIENTED_EDGE('',*,*,#2862,.T.);
#3752=ORIENTED_EDGE('',*,*,#2865,.T.);
#3753=ORIENTED_EDGE('',*,*,#2868,.T.);
#3754=ORIENTED_EDGE('',*,*,#2871,.T.);
#3755=ORIENTED_EDGE('',*,*,#2874,.T.);
#3756=ORIENTED_EDGE('',*,*,#2877,.T.);
#3757=ORIENTED_EDGE('',*,*,#2879,.T.);
#3758=ORIENTED_EDGE('',*,*,#2889,.T.);
#3759=ORIENTED_EDGE('',*,*,#2878,.T.);
#3760=ORIENTED_EDGE('',*,*,#2881,.T.);
#3761=ORIENTED_EDGE('',*,*,#2886,.T.);
#3762=ORIENTED_EDGE('',*,*,#2893,.F.);
#3763=ORIENTED_EDGE('',*,*,#2891,.F.);
#3764=ORIENTED_EDGE('',*,*,#2894,.F.);
#3765=ORIENTED_EDGE('',*,*,#2883,.T.);
#3766=ORIENTED_EDGE('',*,*,#2892,.T.);
#3767=ORIENTED_EDGE('',*,*,#2893,.T.);
#3768=ORIENTED_EDGE('',*,*,#2882,.T.);
#3769=ORIENTED_EDGE('',*,*,#2853,.T.);
#3770=ORIENTED_EDGE('',*,*,#2894,.T.);
#3771=ORIENTED_EDGE('',*,*,#2890,.T.);
#3772=ORIENTED_EDGE('',*,*,#2887,.F.);
#3773=ORIENTED_EDGE('',*,*,#2884,.F.);
#3774=ORIENTED_EDGE('',*,*,#2895,.T.);
#3775=ORIENTED_EDGE('',*,*,#2896,.F.);
#3776=ORIENTED_EDGE('',*,*,#2897,.F.);
#3777=ORIENTED_EDGE('',*,*,#2898,.T.);
#3778=ORIENTED_EDGE('',*,*,#2899,.T.);
#3779=ORIENTED_EDGE('',*,*,#2900,.T.);
#3780=ORIENTED_EDGE('',*,*,#2901,.T.);
#3781=ORIENTED_EDGE('',*,*,#2902,.T.);
#3782=ORIENTED_EDGE('',*,*,#2902,.F.);
#3783=ORIENTED_EDGE('',*,*,#2903,.F.);
#3784=ORIENTED_EDGE('',*,*,#2904,.F.);
#3785=ORIENTED_EDGE('',*,*,#2905,.T.);
#3786=ORIENTED_EDGE('',*,*,#2901,.F.);
#3787=ORIENTED_EDGE('',*,*,#2906,.T.);
#3788=ORIENTED_EDGE('',*,*,#2895,.F.);
#3789=ORIENTED_EDGE('',*,*,#2907,.T.);
#3790=ORIENTED_EDGE('',*,*,#2908,.F.);
#3791=ORIENTED_EDGE('',*,*,#2909,.T.);
#3792=ORIENTED_EDGE('',*,*,#2910,.T.);
#3793=ORIENTED_EDGE('',*,*,#2911,.T.);
#3794=ORIENTED_EDGE('',*,*,#2912,.T.);
#3795=ORIENTED_EDGE('',*,*,#2913,.T.);
#3796=ORIENTED_EDGE('',*,*,#2914,.T.);
#3797=ORIENTED_EDGE('',*,*,#2915,.T.);
#3798=ORIENTED_EDGE('',*,*,#2916,.T.);
#3799=ORIENTED_EDGE('',*,*,#2903,.T.);
#3800=ORIENTED_EDGE('',*,*,#2908,.T.);
#3801=ORIENTED_EDGE('',*,*,#2917,.T.);
#3802=ORIENTED_EDGE('',*,*,#2918,.T.);
#3803=ORIENTED_EDGE('',*,*,#2919,.T.);
#3804=ORIENTED_EDGE('',*,*,#2917,.F.);
#3805=ORIENTED_EDGE('',*,*,#2907,.F.);
#3806=ORIENTED_EDGE('',*,*,#2898,.F.);
#3807=ORIENTED_EDGE('',*,*,#2920,.T.);
#3808=ORIENTED_EDGE('',*,*,#2899,.F.);
#3809=ORIENTED_EDGE('',*,*,#2905,.F.);
#3810=ORIENTED_EDGE('',*,*,#2921,.F.);
#3811=ORIENTED_EDGE('',*,*,#2922,.F.);
#3812=ORIENTED_EDGE('',*,*,#2923,.F.);
#3813=ORIENTED_EDGE('',*,*,#2924,.F.);
#3814=ORIENTED_EDGE('',*,*,#2925,.F.);
#3815=ORIENTED_EDGE('',*,*,#2926,.F.);
#3816=ORIENTED_EDGE('',*,*,#2927,.F.);
#3817=ORIENTED_EDGE('',*,*,#2928,.F.);
#3818=ORIENTED_EDGE('',*,*,#2918,.F.);
#3819=ORIENTED_EDGE('',*,*,#2920,.F.);
#3820=ORIENTED_EDGE('',*,*,#2897,.T.);
#3821=ORIENTED_EDGE('',*,*,#2929,.F.);
#3822=ORIENTED_EDGE('',*,*,#2900,.F.);
#3823=ORIENTED_EDGE('',*,*,#2929,.T.);
#3824=ORIENTED_EDGE('',*,*,#2896,.T.);
#3825=ORIENTED_EDGE('',*,*,#2906,.F.);
#3826=ORIENTED_EDGE('',*,*,#2921,.T.);
#3827=ORIENTED_EDGE('',*,*,#2904,.T.);
#3828=ORIENTED_EDGE('',*,*,#2916,.F.);
#3829=ORIENTED_EDGE('',*,*,#2930,.F.);
#3830=ORIENTED_EDGE('',*,*,#2922,.T.);
#3831=ORIENTED_EDGE('',*,*,#2930,.T.);
#3832=ORIENTED_EDGE('',*,*,#2915,.F.);
#3833=ORIENTED_EDGE('',*,*,#2931,.F.);
#3834=ORIENTED_EDGE('',*,*,#2923,.T.);
#3835=ORIENTED_EDGE('',*,*,#2931,.T.);
#3836=ORIENTED_EDGE('',*,*,#2914,.F.);
#3837=ORIENTED_EDGE('',*,*,#2932,.F.);
#3838=ORIENTED_EDGE('',*,*,#2924,.T.);
#3839=ORIENTED_EDGE('',*,*,#2932,.T.);
#3840=ORIENTED_EDGE('',*,*,#2913,.F.);
#3841=ORIENTED_EDGE('',*,*,#2933,.F.);
#3842=ORIENTED_EDGE('',*,*,#2925,.T.);
#3843=ORIENTED_EDGE('',*,*,#2933,.T.);
#3844=ORIENTED_EDGE('',*,*,#2912,.F.);
#3845=ORIENTED_EDGE('',*,*,#2934,.F.);
#3846=ORIENTED_EDGE('',*,*,#2926,.T.);
#3847=ORIENTED_EDGE('',*,*,#2934,.T.);
#3848=ORIENTED_EDGE('',*,*,#2911,.F.);
#3849=ORIENTED_EDGE('',*,*,#2935,.F.);
#3850=ORIENTED_EDGE('',*,*,#2927,.T.);
#3851=ORIENTED_EDGE('',*,*,#2935,.T.);
#3852=ORIENTED_EDGE('',*,*,#2910,.F.);
#3853=ORIENTED_EDGE('',*,*,#2936,.F.);
#3854=ORIENTED_EDGE('',*,*,#2919,.F.);
#3855=ORIENTED_EDGE('',*,*,#2928,.T.);
#3856=ORIENTED_EDGE('',*,*,#2936,.T.);
#3857=ORIENTED_EDGE('',*,*,#2909,.F.);
#3858=ORIENTED_EDGE('',*,*,#2937,.F.);
#3859=ORIENTED_EDGE('',*,*,#2938,.T.);
#3860=ORIENTED_EDGE('',*,*,#2939,.T.);
#3861=ORIENTED_EDGE('',*,*,#2940,.F.);
#3862=ORIENTED_EDGE('',*,*,#2941,.F.);
#3863=ORIENTED_EDGE('',*,*,#2942,.T.);
#3864=ORIENTED_EDGE('',*,*,#2943,.T.);
#3865=ORIENTED_EDGE('',*,*,#2938,.F.);
#3866=ORIENTED_EDGE('',*,*,#2944,.F.);
#3867=ORIENTED_EDGE('',*,*,#2945,.T.);
#3868=ORIENTED_EDGE('',*,*,#2946,.T.);
#3869=ORIENTED_EDGE('',*,*,#2942,.F.);
#3870=ORIENTED_EDGE('',*,*,#2947,.F.);
#3871=ORIENTED_EDGE('',*,*,#2948,.T.);
#3872=ORIENTED_EDGE('',*,*,#2949,.T.);
#3873=ORIENTED_EDGE('',*,*,#2945,.F.);
#3874=ORIENTED_EDGE('',*,*,#2950,.F.);
#3875=ORIENTED_EDGE('',*,*,#2951,.T.);
#3876=ORIENTED_EDGE('',*,*,#2952,.T.);
#3877=ORIENTED_EDGE('',*,*,#2948,.F.);
#3878=ORIENTED_EDGE('',*,*,#2953,.F.);
#3879=ORIENTED_EDGE('',*,*,#2954,.T.);
#3880=ORIENTED_EDGE('',*,*,#2955,.T.);
#3881=ORIENTED_EDGE('',*,*,#2951,.F.);
#3882=ORIENTED_EDGE('',*,*,#2956,.F.);
#3883=ORIENTED_EDGE('',*,*,#2957,.T.);
#3884=ORIENTED_EDGE('',*,*,#2958,.T.);
#3885=ORIENTED_EDGE('',*,*,#2954,.F.);
#3886=ORIENTED_EDGE('',*,*,#2959,.F.);
#3887=ORIENTED_EDGE('',*,*,#2960,.T.);
#3888=ORIENTED_EDGE('',*,*,#2957,.F.);
#3889=ORIENTED_EDGE('',*,*,#2961,.F.);
#3890=ORIENTED_EDGE('',*,*,#2962,.F.);
#3891=ORIENTED_EDGE('',*,*,#2963,.T.);
#3892=ORIENTED_EDGE('',*,*,#2964,.F.);
#3893=ORIENTED_EDGE('',*,*,#2965,.F.);
#3894=ORIENTED_EDGE('',*,*,#2966,.F.);
#3895=ORIENTED_EDGE('',*,*,#2967,.F.);
#3896=ORIENTED_EDGE('',*,*,#2939,.F.);
#3897=ORIENTED_EDGE('',*,*,#2943,.F.);
#3898=ORIENTED_EDGE('',*,*,#2946,.F.);
#3899=ORIENTED_EDGE('',*,*,#2949,.F.);
#3900=ORIENTED_EDGE('',*,*,#2952,.F.);
#3901=ORIENTED_EDGE('',*,*,#2955,.F.);
#3902=ORIENTED_EDGE('',*,*,#2958,.F.);
#3903=ORIENTED_EDGE('',*,*,#2960,.F.);
#3904=ORIENTED_EDGE('',*,*,#2968,.F.);
#3905=ORIENTED_EDGE('',*,*,#2969,.F.);
#3906=ORIENTED_EDGE('',*,*,#2970,.T.);
#3907=ORIENTED_EDGE('',*,*,#2963,.F.);
#3908=ORIENTED_EDGE('',*,*,#2971,.F.);
#3909=ORIENTED_EDGE('',*,*,#2965,.T.);
#3910=ORIENTED_EDGE('',*,*,#2972,.F.);
#3911=ORIENTED_EDGE('',*,*,#2973,.T.);
#3912=ORIENTED_EDGE('',*,*,#2974,.F.);
#3913=ORIENTED_EDGE('',*,*,#2961,.T.);
#3914=ORIENTED_EDGE('',*,*,#2956,.T.);
#3915=ORIENTED_EDGE('',*,*,#2953,.T.);
#3916=ORIENTED_EDGE('',*,*,#2950,.T.);
#3917=ORIENTED_EDGE('',*,*,#2947,.T.);
#3918=ORIENTED_EDGE('',*,*,#2944,.T.);
#3919=ORIENTED_EDGE('',*,*,#2941,.T.);
#3920=ORIENTED_EDGE('',*,*,#2937,.T.);
#3921=ORIENTED_EDGE('',*,*,#2975,.T.);
#3922=ORIENTED_EDGE('',*,*,#2976,.F.);
#3923=ORIENTED_EDGE('',*,*,#2975,.F.);
#3924=ORIENTED_EDGE('',*,*,#2940,.T.);
#3925=ORIENTED_EDGE('',*,*,#2967,.T.);
#3926=ORIENTED_EDGE('',*,*,#2971,.T.);
#3927=ORIENTED_EDGE('',*,*,#2976,.T.);
#3928=ORIENTED_EDGE('',*,*,#2966,.T.);
#3929=ORIENTED_EDGE('',*,*,#2962,.T.);
#3930=ORIENTED_EDGE('',*,*,#2977,.F.);
#3931=ORIENTED_EDGE('',*,*,#2973,.F.);
#3932=ORIENTED_EDGE('',*,*,#2978,.T.);
#3933=ORIENTED_EDGE('',*,*,#2969,.T.);
#3934=ORIENTED_EDGE('',*,*,#2974,.T.);
#3935=ORIENTED_EDGE('',*,*,#2977,.T.);
#3936=ORIENTED_EDGE('',*,*,#2968,.T.);
#3937=ORIENTED_EDGE('',*,*,#2959,.T.);
#3938=ORIENTED_EDGE('',*,*,#2978,.F.);
#3939=ORIENTED_EDGE('',*,*,#2972,.T.);
#3940=ORIENTED_EDGE('',*,*,#2964,.T.);
#3941=ORIENTED_EDGE('',*,*,#2970,.F.);
#3942=ORIENTED_EDGE('',*,*,#2979,.F.);
#3943=ORIENTED_EDGE('',*,*,#2980,.F.);
#3944=ORIENTED_EDGE('',*,*,#2981,.F.);
#3945=ORIENTED_EDGE('',*,*,#2982,.F.);
#3946=ORIENTED_EDGE('',*,*,#2983,.F.);
#3947=ORIENTED_EDGE('',*,*,#2984,.F.);
#3948=ORIENTED_EDGE('',*,*,#2985,.F.);
#3949=ORIENTED_EDGE('',*,*,#2986,.F.);
#3950=ORIENTED_EDGE('',*,*,#2987,.T.);
#3951=ORIENTED_EDGE('',*,*,#2979,.T.);
#3952=ORIENTED_EDGE('',*,*,#2988,.T.);
#3953=ORIENTED_EDGE('',*,*,#2989,.T.);
#3954=ORIENTED_EDGE('',*,*,#2990,.T.);
#3955=ORIENTED_EDGE('',*,*,#2991,.T.);
#3956=ORIENTED_EDGE('',*,*,#2988,.F.);
#3957=ORIENTED_EDGE('',*,*,#2986,.T.);
#3958=ORIENTED_EDGE('',*,*,#2992,.T.);
#3959=ORIENTED_EDGE('',*,*,#2993,.T.);
#3960=ORIENTED_EDGE('',*,*,#2990,.F.);
#3961=ORIENTED_EDGE('',*,*,#2985,.T.);
#3962=ORIENTED_EDGE('',*,*,#2994,.T.);
#3963=ORIENTED_EDGE('',*,*,#2995,.T.);
#3964=ORIENTED_EDGE('',*,*,#2992,.F.);
#3965=ORIENTED_EDGE('',*,*,#2984,.T.);
#3966=ORIENTED_EDGE('',*,*,#2996,.T.);
#3967=ORIENTED_EDGE('',*,*,#2997,.T.);
#3968=ORIENTED_EDGE('',*,*,#2994,.F.);
#3969=ORIENTED_EDGE('',*,*,#2983,.T.);
#3970=ORIENTED_EDGE('',*,*,#2998,.T.);
#3971=ORIENTED_EDGE('',*,*,#2999,.T.);
#3972=ORIENTED_EDGE('',*,*,#2996,.F.);
#3973=ORIENTED_EDGE('',*,*,#2982,.T.);
#3974=ORIENTED_EDGE('',*,*,#3000,.T.);
#3975=ORIENTED_EDGE('',*,*,#3001,.T.);
#3976=ORIENTED_EDGE('',*,*,#2998,.F.);
#3977=ORIENTED_EDGE('',*,*,#2981,.T.);
#3978=ORIENTED_EDGE('',*,*,#3000,.F.);
#3979=ORIENTED_EDGE('',*,*,#2980,.T.);
#3980=ORIENTED_EDGE('',*,*,#2987,.F.);
#3981=ORIENTED_EDGE('',*,*,#3002,.T.);
#3982=ORIENTED_EDGE('',*,*,#2989,.F.);
#3983=ORIENTED_EDGE('',*,*,#2991,.F.);
#3984=ORIENTED_EDGE('',*,*,#2993,.F.);
#3985=ORIENTED_EDGE('',*,*,#2995,.F.);
#3986=ORIENTED_EDGE('',*,*,#2997,.F.);
#3987=ORIENTED_EDGE('',*,*,#2999,.F.);
#3988=ORIENTED_EDGE('',*,*,#3001,.F.);
#3989=ORIENTED_EDGE('',*,*,#3002,.F.);
#3990=ORIENTED_EDGE('',*,*,#3003,.T.);
#3991=ORIENTED_EDGE('',*,*,#3004,.T.);
#3992=ORIENTED_EDGE('',*,*,#3003,.F.);
#3993=ORIENTED_EDGE('',*,*,#3005,.T.);
#3994=ORIENTED_EDGE('',*,*,#3004,.F.);
#3995=ORIENTED_EDGE('',*,*,#3005,.F.);
#3996=ORIENTED_EDGE('',*,*,#3006,.T.);
#3997=ORIENTED_EDGE('',*,*,#3007,.T.);
#3998=ORIENTED_EDGE('',*,*,#3008,.T.);
#3999=ORIENTED_EDGE('',*,*,#3009,.T.);
#4000=ORIENTED_EDGE('',*,*,#3010,.T.);
#4001=ORIENTED_EDGE('',*,*,#3011,.T.);
#4002=ORIENTED_EDGE('',*,*,#3012,.T.);
#4003=ORIENTED_EDGE('',*,*,#3013,.T.);
#4004=ORIENTED_EDGE('',*,*,#3009,.F.);
#4005=ORIENTED_EDGE('',*,*,#3014,.F.);
#4006=ORIENTED_EDGE('',*,*,#3015,.F.);
#4007=ORIENTED_EDGE('',*,*,#3016,.T.);
#4008=ORIENTED_EDGE('',*,*,#3008,.F.);
#4009=ORIENTED_EDGE('',*,*,#3017,.F.);
#4010=ORIENTED_EDGE('',*,*,#3018,.F.);
#4011=ORIENTED_EDGE('',*,*,#3014,.T.);
#4012=ORIENTED_EDGE('',*,*,#3007,.F.);
#4013=ORIENTED_EDGE('',*,*,#3019,.F.);
#4014=ORIENTED_EDGE('',*,*,#3020,.F.);
#4015=ORIENTED_EDGE('',*,*,#3017,.T.);
#4016=ORIENTED_EDGE('',*,*,#3006,.F.);
#4017=ORIENTED_EDGE('',*,*,#3021,.F.);
#4018=ORIENTED_EDGE('',*,*,#3022,.F.);
#4019=ORIENTED_EDGE('',*,*,#3019,.T.);
#4020=ORIENTED_EDGE('',*,*,#3010,.F.);
#4021=ORIENTED_EDGE('',*,*,#3016,.F.);
#4022=ORIENTED_EDGE('',*,*,#3023,.F.);
#4023=ORIENTED_EDGE('',*,*,#3024,.T.);
#4024=ORIENTED_EDGE('',*,*,#3025,.T.);
#4025=ORIENTED_EDGE('',*,*,#3011,.F.);
#4026=ORIENTED_EDGE('',*,*,#3024,.F.);
#4027=ORIENTED_EDGE('',*,*,#3026,.F.);
#4028=ORIENTED_EDGE('',*,*,#3012,.F.);
#4029=ORIENTED_EDGE('',*,*,#3025,.F.);
#4030=ORIENTED_EDGE('',*,*,#3027,.F.);
#4031=ORIENTED_EDGE('',*,*,#3028,.T.);
#4032=ORIENTED_EDGE('',*,*,#3013,.F.);
#4033=ORIENTED_EDGE('',*,*,#3028,.F.);
#4034=ORIENTED_EDGE('',*,*,#3029,.F.);
#4035=ORIENTED_EDGE('',*,*,#3021,.T.);
#4036=ORIENTED_EDGE('',*,*,#3022,.T.);
#4037=ORIENTED_EDGE('',*,*,#3029,.T.);
#4038=ORIENTED_EDGE('',*,*,#3027,.T.);
#4039=ORIENTED_EDGE('',*,*,#3026,.T.);
#4040=ORIENTED_EDGE('',*,*,#3023,.T.);
#4041=ORIENTED_EDGE('',*,*,#3015,.T.);
#4042=ORIENTED_EDGE('',*,*,#3018,.T.);
#4043=ORIENTED_EDGE('',*,*,#3020,.T.);
#4044=ORIENTED_EDGE('',*,*,#3030,.T.);
#4045=ORIENTED_EDGE('',*,*,#3031,.T.);
#4046=ORIENTED_EDGE('',*,*,#3030,.F.);
#4047=ORIENTED_EDGE('',*,*,#3031,.F.);
#4048=ORIENTED_EDGE('',*,*,#3032,.T.);
#4049=ORIENTED_EDGE('',*,*,#3032,.F.);
#4050=ORIENTED_EDGE('',*,*,#3033,.T.);
#4051=ORIENTED_EDGE('',*,*,#3034,.T.);
#4052=ORIENTED_EDGE('',*,*,#3033,.F.);
#4053=ORIENTED_EDGE('',*,*,#3035,.T.);
#4054=ORIENTED_EDGE('',*,*,#3034,.F.);
#4055=ORIENTED_EDGE('',*,*,#3035,.F.);
#4056=ORIENTED_EDGE('',*,*,#3036,.F.);
#4057=ORIENTED_EDGE('',*,*,#3037,.T.);
#4058=ORIENTED_EDGE('',*,*,#3036,.T.);
#4059=ORIENTED_EDGE('',*,*,#3037,.F.);
#4060=ORIENTED_EDGE('',*,*,#3038,.T.);
#4061=ORIENTED_EDGE('',*,*,#3038,.F.);
#4062=ORIENTED_EDGE('',*,*,#3039,.F.);
#4063=ORIENTED_EDGE('',*,*,#3040,.T.);
#4064=ORIENTED_EDGE('',*,*,#3041,.F.);
#4065=ORIENTED_EDGE('',*,*,#3042,.F.);
#4066=ORIENTED_EDGE('',*,*,#3043,.F.);
#4067=ORIENTED_EDGE('',*,*,#3042,.T.);
#4068=ORIENTED_EDGE('',*,*,#3044,.F.);
#4069=ORIENTED_EDGE('',*,*,#3045,.F.);
#4070=ORIENTED_EDGE('',*,*,#3046,.F.);
#4071=ORIENTED_EDGE('',*,*,#3045,.T.);
#4072=ORIENTED_EDGE('',*,*,#3047,.F.);
#4073=ORIENTED_EDGE('',*,*,#3048,.F.);
#4074=ORIENTED_EDGE('',*,*,#3049,.F.);
#4075=ORIENTED_EDGE('',*,*,#3048,.T.);
#4076=ORIENTED_EDGE('',*,*,#3050,.F.);
#4077=ORIENTED_EDGE('',*,*,#3051,.F.);
#4078=ORIENTED_EDGE('',*,*,#3052,.F.);
#4079=ORIENTED_EDGE('',*,*,#3051,.T.);
#4080=ORIENTED_EDGE('',*,*,#3053,.F.);
#4081=ORIENTED_EDGE('',*,*,#3054,.F.);
#4082=ORIENTED_EDGE('',*,*,#3055,.F.);
#4083=ORIENTED_EDGE('',*,*,#3054,.T.);
#4084=ORIENTED_EDGE('',*,*,#3056,.F.);
#4085=ORIENTED_EDGE('',*,*,#3057,.F.);
#4086=ORIENTED_EDGE('',*,*,#3058,.F.);
#4087=ORIENTED_EDGE('',*,*,#3057,.T.);
#4088=ORIENTED_EDGE('',*,*,#3059,.F.);
#4089=ORIENTED_EDGE('',*,*,#3060,.F.);
#4090=ORIENTED_EDGE('',*,*,#3061,.F.);
#4091=ORIENTED_EDGE('',*,*,#3060,.T.);
#4092=ORIENTED_EDGE('',*,*,#3062,.F.);
#4093=ORIENTED_EDGE('',*,*,#3063,.F.);
#4094=ORIENTED_EDGE('',*,*,#3064,.F.);
#4095=ORIENTED_EDGE('',*,*,#3063,.T.);
#4096=ORIENTED_EDGE('',*,*,#3065,.F.);
#4097=ORIENTED_EDGE('',*,*,#3066,.F.);
#4098=ORIENTED_EDGE('',*,*,#3067,.F.);
#4099=ORIENTED_EDGE('',*,*,#3066,.T.);
#4100=ORIENTED_EDGE('',*,*,#3068,.F.);
#4101=ORIENTED_EDGE('',*,*,#3069,.F.);
#4102=ORIENTED_EDGE('',*,*,#3070,.F.);
#4103=ORIENTED_EDGE('',*,*,#3069,.T.);
#4104=ORIENTED_EDGE('',*,*,#3071,.F.);
#4105=ORIENTED_EDGE('',*,*,#3072,.F.);
#4106=ORIENTED_EDGE('',*,*,#3073,.F.);
#4107=ORIENTED_EDGE('',*,*,#3072,.T.);
#4108=ORIENTED_EDGE('',*,*,#3074,.F.);
#4109=ORIENTED_EDGE('',*,*,#3075,.F.);
#4110=ORIENTED_EDGE('',*,*,#3076,.F.);
#4111=ORIENTED_EDGE('',*,*,#3075,.T.);
#4112=ORIENTED_EDGE('',*,*,#3077,.F.);
#4113=ORIENTED_EDGE('',*,*,#3078,.F.);
#4114=ORIENTED_EDGE('',*,*,#3079,.F.);
#4115=ORIENTED_EDGE('',*,*,#3078,.T.);
#4116=ORIENTED_EDGE('',*,*,#3080,.F.);
#4117=ORIENTED_EDGE('',*,*,#3081,.F.);
#4118=ORIENTED_EDGE('',*,*,#3082,.F.);
#4119=ORIENTED_EDGE('',*,*,#3081,.T.);
#4120=ORIENTED_EDGE('',*,*,#3083,.F.);
#4121=ORIENTED_EDGE('',*,*,#3084,.F.);
#4122=ORIENTED_EDGE('',*,*,#3085,.F.);
#4123=ORIENTED_EDGE('',*,*,#3084,.T.);
#4124=ORIENTED_EDGE('',*,*,#3086,.F.);
#4125=ORIENTED_EDGE('',*,*,#3087,.F.);
#4126=ORIENTED_EDGE('',*,*,#3088,.F.);
#4127=ORIENTED_EDGE('',*,*,#3087,.T.);
#4128=ORIENTED_EDGE('',*,*,#3089,.F.);
#4129=ORIENTED_EDGE('',*,*,#3090,.F.);
#4130=ORIENTED_EDGE('',*,*,#3091,.F.);
#4131=ORIENTED_EDGE('',*,*,#3090,.T.);
#4132=ORIENTED_EDGE('',*,*,#3092,.F.);
#4133=ORIENTED_EDGE('',*,*,#3040,.F.);
#4134=ORIENTED_EDGE('',*,*,#3091,.T.);
#4135=ORIENTED_EDGE('',*,*,#3039,.T.);
#4136=ORIENTED_EDGE('',*,*,#3043,.T.);
#4137=ORIENTED_EDGE('',*,*,#3046,.T.);
#4138=ORIENTED_EDGE('',*,*,#3049,.T.);
#4139=ORIENTED_EDGE('',*,*,#3052,.T.);
#4140=ORIENTED_EDGE('',*,*,#3055,.T.);
#4141=ORIENTED_EDGE('',*,*,#3058,.T.);
#4142=ORIENTED_EDGE('',*,*,#3061,.T.);
#4143=ORIENTED_EDGE('',*,*,#3064,.T.);
#4144=ORIENTED_EDGE('',*,*,#3067,.T.);
#4145=ORIENTED_EDGE('',*,*,#3070,.T.);
#4146=ORIENTED_EDGE('',*,*,#3073,.T.);
#4147=ORIENTED_EDGE('',*,*,#3076,.T.);
#4148=ORIENTED_EDGE('',*,*,#3079,.T.);
#4149=ORIENTED_EDGE('',*,*,#3082,.T.);
#4150=ORIENTED_EDGE('',*,*,#3085,.T.);
#4151=ORIENTED_EDGE('',*,*,#3088,.T.);
#4152=ORIENTED_EDGE('',*,*,#3092,.T.);
#4153=ORIENTED_EDGE('',*,*,#3089,.T.);
#4154=ORIENTED_EDGE('',*,*,#3086,.T.);
#4155=ORIENTED_EDGE('',*,*,#3083,.T.);
#4156=ORIENTED_EDGE('',*,*,#3080,.T.);
#4157=ORIENTED_EDGE('',*,*,#3077,.T.);
#4158=ORIENTED_EDGE('',*,*,#3074,.T.);
#4159=ORIENTED_EDGE('',*,*,#3071,.T.);
#4160=ORIENTED_EDGE('',*,*,#3068,.T.);
#4161=ORIENTED_EDGE('',*,*,#3065,.T.);
#4162=ORIENTED_EDGE('',*,*,#3062,.T.);
#4163=ORIENTED_EDGE('',*,*,#3059,.T.);
#4164=ORIENTED_EDGE('',*,*,#3056,.T.);
#4165=ORIENTED_EDGE('',*,*,#3053,.T.);
#4166=ORIENTED_EDGE('',*,*,#3050,.T.);
#4167=ORIENTED_EDGE('',*,*,#3047,.T.);
#4168=ORIENTED_EDGE('',*,*,#3044,.T.);
#4169=ORIENTED_EDGE('',*,*,#3041,.T.);
#4170=ORIENTED_EDGE('',*,*,#3093,.F.);
#4171=ORIENTED_EDGE('',*,*,#3094,.T.);
#4172=ORIENTED_EDGE('',*,*,#3095,.F.);
#4173=ORIENTED_EDGE('',*,*,#3096,.F.);
#4174=ORIENTED_EDGE('',*,*,#3097,.F.);
#4175=ORIENTED_EDGE('',*,*,#3096,.T.);
#4176=ORIENTED_EDGE('',*,*,#3098,.F.);
#4177=ORIENTED_EDGE('',*,*,#3099,.F.);
#4178=ORIENTED_EDGE('',*,*,#3100,.F.);
#4179=ORIENTED_EDGE('',*,*,#3099,.T.);
#4180=ORIENTED_EDGE('',*,*,#3101,.F.);
#4181=ORIENTED_EDGE('',*,*,#3102,.F.);
#4182=ORIENTED_EDGE('',*,*,#3103,.F.);
#4183=ORIENTED_EDGE('',*,*,#3102,.T.);
#4184=ORIENTED_EDGE('',*,*,#3104,.F.);
#4185=ORIENTED_EDGE('',*,*,#3094,.F.);
#4186=ORIENTED_EDGE('',*,*,#3103,.T.);
#4187=ORIENTED_EDGE('',*,*,#3093,.T.);
#4188=ORIENTED_EDGE('',*,*,#3097,.T.);
#4189=ORIENTED_EDGE('',*,*,#3100,.T.);
#4190=ORIENTED_EDGE('',*,*,#3104,.T.);
#4191=ORIENTED_EDGE('',*,*,#3101,.T.);
#4192=ORIENTED_EDGE('',*,*,#3098,.T.);
#4193=ORIENTED_EDGE('',*,*,#3095,.T.);
#4194=ORIENTED_EDGE('',*,*,#3105,.F.);
#4195=ORIENTED_EDGE('',*,*,#3106,.T.);
#4196=ORIENTED_EDGE('',*,*,#3107,.F.);
#4197=ORIENTED_EDGE('',*,*,#3108,.F.);
#4198=ORIENTED_EDGE('',*,*,#3109,.F.);
#4199=ORIENTED_EDGE('',*,*,#3108,.T.);
#4200=ORIENTED_EDGE('',*,*,#3110,.F.);
#4201=ORIENTED_EDGE('',*,*,#3111,.F.);
#4202=ORIENTED_EDGE('',*,*,#3112,.F.);
#4203=ORIENTED_EDGE('',*,*,#3111,.T.);
#4204=ORIENTED_EDGE('',*,*,#3113,.F.);
#4205=ORIENTED_EDGE('',*,*,#3114,.F.);
#4206=ORIENTED_EDGE('',*,*,#3115,.F.);
#4207=ORIENTED_EDGE('',*,*,#3114,.T.);
#4208=ORIENTED_EDGE('',*,*,#3116,.F.);
#4209=ORIENTED_EDGE('',*,*,#3106,.F.);
#4210=ORIENTED_EDGE('',*,*,#3115,.T.);
#4211=ORIENTED_EDGE('',*,*,#3105,.T.);
#4212=ORIENTED_EDGE('',*,*,#3109,.T.);
#4213=ORIENTED_EDGE('',*,*,#3112,.T.);
#4214=ORIENTED_EDGE('',*,*,#3116,.T.);
#4215=ORIENTED_EDGE('',*,*,#3113,.T.);
#4216=ORIENTED_EDGE('',*,*,#3110,.T.);
#4217=ORIENTED_EDGE('',*,*,#3107,.T.);
#4218=ORIENTED_EDGE('',*,*,#3117,.F.);
#4219=ORIENTED_EDGE('',*,*,#3118,.T.);
#4220=ORIENTED_EDGE('',*,*,#3119,.F.);
#4221=ORIENTED_EDGE('',*,*,#3120,.F.);
#4222=ORIENTED_EDGE('',*,*,#3121,.F.);
#4223=ORIENTED_EDGE('',*,*,#3120,.T.);
#4224=ORIENTED_EDGE('',*,*,#3122,.F.);
#4225=ORIENTED_EDGE('',*,*,#3123,.F.);
#4226=ORIENTED_EDGE('',*,*,#3124,.F.);
#4227=ORIENTED_EDGE('',*,*,#3123,.T.);
#4228=ORIENTED_EDGE('',*,*,#3125,.F.);
#4229=ORIENTED_EDGE('',*,*,#3126,.F.);
#4230=ORIENTED_EDGE('',*,*,#3127,.F.);
#4231=ORIENTED_EDGE('',*,*,#3126,.T.);
#4232=ORIENTED_EDGE('',*,*,#3128,.F.);
#4233=ORIENTED_EDGE('',*,*,#3129,.F.);
#4234=ORIENTED_EDGE('',*,*,#3130,.F.);
#4235=ORIENTED_EDGE('',*,*,#3129,.T.);
#4236=ORIENTED_EDGE('',*,*,#3131,.F.);
#4237=ORIENTED_EDGE('',*,*,#3132,.F.);
#4238=ORIENTED_EDGE('',*,*,#3133,.F.);
#4239=ORIENTED_EDGE('',*,*,#3132,.T.);
#4240=ORIENTED_EDGE('',*,*,#3134,.F.);
#4241=ORIENTED_EDGE('',*,*,#3135,.F.);
#4242=ORIENTED_EDGE('',*,*,#3136,.F.);
#4243=ORIENTED_EDGE('',*,*,#3135,.T.);
#4244=ORIENTED_EDGE('',*,*,#3137,.F.);
#4245=ORIENTED_EDGE('',*,*,#3138,.F.);
#4246=ORIENTED_EDGE('',*,*,#3139,.F.);
#4247=ORIENTED_EDGE('',*,*,#3138,.T.);
#4248=ORIENTED_EDGE('',*,*,#3140,.F.);
#4249=ORIENTED_EDGE('',*,*,#3141,.F.);
#4250=ORIENTED_EDGE('',*,*,#3142,.F.);
#4251=ORIENTED_EDGE('',*,*,#3141,.T.);
#4252=ORIENTED_EDGE('',*,*,#3143,.F.);
#4253=ORIENTED_EDGE('',*,*,#3144,.F.);
#4254=ORIENTED_EDGE('',*,*,#3145,.F.);
#4255=ORIENTED_EDGE('',*,*,#3144,.T.);
#4256=ORIENTED_EDGE('',*,*,#3146,.F.);
#4257=ORIENTED_EDGE('',*,*,#3147,.F.);
#4258=ORIENTED_EDGE('',*,*,#3148,.F.);
#4259=ORIENTED_EDGE('',*,*,#3147,.T.);
#4260=ORIENTED_EDGE('',*,*,#3149,.F.);
#4261=ORIENTED_EDGE('',*,*,#3150,.F.);
#4262=ORIENTED_EDGE('',*,*,#3151,.F.);
#4263=ORIENTED_EDGE('',*,*,#3150,.T.);
#4264=ORIENTED_EDGE('',*,*,#3152,.F.);
#4265=ORIENTED_EDGE('',*,*,#3153,.F.);
#4266=ORIENTED_EDGE('',*,*,#3154,.F.);
#4267=ORIENTED_EDGE('',*,*,#3153,.T.);
#4268=ORIENTED_EDGE('',*,*,#3155,.F.);
#4269=ORIENTED_EDGE('',*,*,#3156,.F.);
#4270=ORIENTED_EDGE('',*,*,#3157,.F.);
#4271=ORIENTED_EDGE('',*,*,#3156,.T.);
#4272=ORIENTED_EDGE('',*,*,#3158,.F.);
#4273=ORIENTED_EDGE('',*,*,#3159,.F.);
#4274=ORIENTED_EDGE('',*,*,#3160,.F.);
#4275=ORIENTED_EDGE('',*,*,#3159,.T.);
#4276=ORIENTED_EDGE('',*,*,#3161,.F.);
#4277=ORIENTED_EDGE('',*,*,#3162,.F.);
#4278=ORIENTED_EDGE('',*,*,#3163,.F.);
#4279=ORIENTED_EDGE('',*,*,#3162,.T.);
#4280=ORIENTED_EDGE('',*,*,#3164,.F.);
#4281=ORIENTED_EDGE('',*,*,#3165,.F.);
#4282=ORIENTED_EDGE('',*,*,#3166,.F.);
#4283=ORIENTED_EDGE('',*,*,#3165,.T.);
#4284=ORIENTED_EDGE('',*,*,#3167,.F.);
#4285=ORIENTED_EDGE('',*,*,#3168,.F.);
#4286=ORIENTED_EDGE('',*,*,#3169,.F.);
#4287=ORIENTED_EDGE('',*,*,#3168,.T.);
#4288=ORIENTED_EDGE('',*,*,#3170,.F.);
#4289=ORIENTED_EDGE('',*,*,#3118,.F.);
#4290=ORIENTED_EDGE('',*,*,#3169,.T.);
#4291=ORIENTED_EDGE('',*,*,#3117,.T.);
#4292=ORIENTED_EDGE('',*,*,#3121,.T.);
#4293=ORIENTED_EDGE('',*,*,#3124,.T.);
#4294=ORIENTED_EDGE('',*,*,#3127,.T.);
#4295=ORIENTED_EDGE('',*,*,#3130,.T.);
#4296=ORIENTED_EDGE('',*,*,#3133,.T.);
#4297=ORIENTED_EDGE('',*,*,#3136,.T.);
#4298=ORIENTED_EDGE('',*,*,#3139,.T.);
#4299=ORIENTED_EDGE('',*,*,#3142,.T.);
#4300=ORIENTED_EDGE('',*,*,#3145,.T.);
#4301=ORIENTED_EDGE('',*,*,#3148,.T.);
#4302=ORIENTED_EDGE('',*,*,#3151,.T.);
#4303=ORIENTED_EDGE('',*,*,#3154,.T.);
#4304=ORIENTED_EDGE('',*,*,#3157,.T.);
#4305=ORIENTED_EDGE('',*,*,#3160,.T.);
#4306=ORIENTED_EDGE('',*,*,#3163,.T.);
#4307=ORIENTED_EDGE('',*,*,#3166,.T.);
#4308=ORIENTED_EDGE('',*,*,#3170,.T.);
#4309=ORIENTED_EDGE('',*,*,#3167,.T.);
#4310=ORIENTED_EDGE('',*,*,#3164,.T.);
#4311=ORIENTED_EDGE('',*,*,#3161,.T.);
#4312=ORIENTED_EDGE('',*,*,#3158,.T.);
#4313=ORIENTED_EDGE('',*,*,#3155,.T.);
#4314=ORIENTED_EDGE('',*,*,#3152,.T.);
#4315=ORIENTED_EDGE('',*,*,#3149,.T.);
#4316=ORIENTED_EDGE('',*,*,#3146,.T.);
#4317=ORIENTED_EDGE('',*,*,#3143,.T.);
#4318=ORIENTED_EDGE('',*,*,#3140,.T.);
#4319=ORIENTED_EDGE('',*,*,#3137,.T.);
#4320=ORIENTED_EDGE('',*,*,#3134,.T.);
#4321=ORIENTED_EDGE('',*,*,#3131,.T.);
#4322=ORIENTED_EDGE('',*,*,#3128,.T.);
#4323=ORIENTED_EDGE('',*,*,#3125,.T.);
#4324=ORIENTED_EDGE('',*,*,#3122,.T.);
#4325=ORIENTED_EDGE('',*,*,#3119,.T.);
#4326=ORIENTED_EDGE('',*,*,#3171,.F.);
#4327=ORIENTED_EDGE('',*,*,#3172,.T.);
#4328=ORIENTED_EDGE('',*,*,#3173,.F.);
#4329=ORIENTED_EDGE('',*,*,#3174,.F.);
#4330=ORIENTED_EDGE('',*,*,#3175,.F.);
#4331=ORIENTED_EDGE('',*,*,#3174,.T.);
#4332=ORIENTED_EDGE('',*,*,#3176,.F.);
#4333=ORIENTED_EDGE('',*,*,#3177,.F.);
#4334=ORIENTED_EDGE('',*,*,#3178,.F.);
#4335=ORIENTED_EDGE('',*,*,#3177,.T.);
#4336=ORIENTED_EDGE('',*,*,#3179,.F.);
#4337=ORIENTED_EDGE('',*,*,#3180,.F.);
#4338=ORIENTED_EDGE('',*,*,#3181,.F.);
#4339=ORIENTED_EDGE('',*,*,#3180,.T.);
#4340=ORIENTED_EDGE('',*,*,#3182,.F.);
#4341=ORIENTED_EDGE('',*,*,#3183,.F.);
#4342=ORIENTED_EDGE('',*,*,#3184,.F.);
#4343=ORIENTED_EDGE('',*,*,#3183,.T.);
#4344=ORIENTED_EDGE('',*,*,#3185,.F.);
#4345=ORIENTED_EDGE('',*,*,#3186,.F.);
#4346=ORIENTED_EDGE('',*,*,#3187,.F.);
#4347=ORIENTED_EDGE('',*,*,#3186,.T.);
#4348=ORIENTED_EDGE('',*,*,#3188,.F.);
#4349=ORIENTED_EDGE('',*,*,#3189,.F.);
#4350=ORIENTED_EDGE('',*,*,#3190,.F.);
#4351=ORIENTED_EDGE('',*,*,#3189,.T.);
#4352=ORIENTED_EDGE('',*,*,#3191,.F.);
#4353=ORIENTED_EDGE('',*,*,#3192,.F.);
#4354=ORIENTED_EDGE('',*,*,#3193,.F.);
#4355=ORIENTED_EDGE('',*,*,#3192,.T.);
#4356=ORIENTED_EDGE('',*,*,#3194,.F.);
#4357=ORIENTED_EDGE('',*,*,#3195,.F.);
#4358=ORIENTED_EDGE('',*,*,#3196,.F.);
#4359=ORIENTED_EDGE('',*,*,#3195,.T.);
#4360=ORIENTED_EDGE('',*,*,#3197,.F.);
#4361=ORIENTED_EDGE('',*,*,#3198,.F.);
#4362=ORIENTED_EDGE('',*,*,#3199,.F.);
#4363=ORIENTED_EDGE('',*,*,#3198,.T.);
#4364=ORIENTED_EDGE('',*,*,#3200,.F.);
#4365=ORIENTED_EDGE('',*,*,#3201,.F.);
#4366=ORIENTED_EDGE('',*,*,#3202,.F.);
#4367=ORIENTED_EDGE('',*,*,#3201,.T.);
#4368=ORIENTED_EDGE('',*,*,#3203,.F.);
#4369=ORIENTED_EDGE('',*,*,#3204,.F.);
#4370=ORIENTED_EDGE('',*,*,#3205,.F.);
#4371=ORIENTED_EDGE('',*,*,#3204,.T.);
#4372=ORIENTED_EDGE('',*,*,#3206,.F.);
#4373=ORIENTED_EDGE('',*,*,#3207,.F.);
#4374=ORIENTED_EDGE('',*,*,#3208,.F.);
#4375=ORIENTED_EDGE('',*,*,#3207,.T.);
#4376=ORIENTED_EDGE('',*,*,#3209,.F.);
#4377=ORIENTED_EDGE('',*,*,#3172,.F.);
#4378=ORIENTED_EDGE('',*,*,#3208,.T.);
#4379=ORIENTED_EDGE('',*,*,#3171,.T.);
#4380=ORIENTED_EDGE('',*,*,#3175,.T.);
#4381=ORIENTED_EDGE('',*,*,#3178,.T.);
#4382=ORIENTED_EDGE('',*,*,#3181,.T.);
#4383=ORIENTED_EDGE('',*,*,#3184,.T.);
#4384=ORIENTED_EDGE('',*,*,#3187,.T.);
#4385=ORIENTED_EDGE('',*,*,#3190,.T.);
#4386=ORIENTED_EDGE('',*,*,#3193,.T.);
#4387=ORIENTED_EDGE('',*,*,#3196,.T.);
#4388=ORIENTED_EDGE('',*,*,#3199,.T.);
#4389=ORIENTED_EDGE('',*,*,#3202,.T.);
#4390=ORIENTED_EDGE('',*,*,#3205,.T.);
#4391=ORIENTED_EDGE('',*,*,#3209,.T.);
#4392=ORIENTED_EDGE('',*,*,#3206,.T.);
#4393=ORIENTED_EDGE('',*,*,#3203,.T.);
#4394=ORIENTED_EDGE('',*,*,#3200,.T.);
#4395=ORIENTED_EDGE('',*,*,#3197,.T.);
#4396=ORIENTED_EDGE('',*,*,#3194,.T.);
#4397=ORIENTED_EDGE('',*,*,#3191,.T.);
#4398=ORIENTED_EDGE('',*,*,#3188,.T.);
#4399=ORIENTED_EDGE('',*,*,#3185,.T.);
#4400=ORIENTED_EDGE('',*,*,#3182,.T.);
#4401=ORIENTED_EDGE('',*,*,#3179,.T.);
#4402=ORIENTED_EDGE('',*,*,#3176,.T.);
#4403=ORIENTED_EDGE('',*,*,#3173,.T.);
#4404=ORIENTED_EDGE('',*,*,#3210,.F.);
#4405=ORIENTED_EDGE('',*,*,#3211,.T.);
#4406=ORIENTED_EDGE('',*,*,#3212,.F.);
#4407=ORIENTED_EDGE('',*,*,#3213,.F.);
#4408=ORIENTED_EDGE('',*,*,#3214,.F.);
#4409=ORIENTED_EDGE('',*,*,#3213,.T.);
#4410=ORIENTED_EDGE('',*,*,#3215,.F.);
#4411=ORIENTED_EDGE('',*,*,#3216,.F.);
#4412=ORIENTED_EDGE('',*,*,#3217,.F.);
#4413=ORIENTED_EDGE('',*,*,#3216,.T.);
#4414=ORIENTED_EDGE('',*,*,#3218,.F.);
#4415=ORIENTED_EDGE('',*,*,#3219,.F.);
#4416=ORIENTED_EDGE('',*,*,#3220,.F.);
#4417=ORIENTED_EDGE('',*,*,#3219,.T.);
#4418=ORIENTED_EDGE('',*,*,#3221,.F.);
#4419=ORIENTED_EDGE('',*,*,#3222,.F.);
#4420=ORIENTED_EDGE('',*,*,#3223,.F.);
#4421=ORIENTED_EDGE('',*,*,#3222,.T.);
#4422=ORIENTED_EDGE('',*,*,#3224,.F.);
#4423=ORIENTED_EDGE('',*,*,#3225,.F.);
#4424=ORIENTED_EDGE('',*,*,#3226,.F.);
#4425=ORIENTED_EDGE('',*,*,#3225,.T.);
#4426=ORIENTED_EDGE('',*,*,#3227,.F.);
#4427=ORIENTED_EDGE('',*,*,#3228,.F.);
#4428=ORIENTED_EDGE('',*,*,#3229,.F.);
#4429=ORIENTED_EDGE('',*,*,#3228,.T.);
#4430=ORIENTED_EDGE('',*,*,#3230,.F.);
#4431=ORIENTED_EDGE('',*,*,#3231,.F.);
#4432=ORIENTED_EDGE('',*,*,#3232,.F.);
#4433=ORIENTED_EDGE('',*,*,#3231,.T.);
#4434=ORIENTED_EDGE('',*,*,#3233,.F.);
#4435=ORIENTED_EDGE('',*,*,#3234,.F.);
#4436=ORIENTED_EDGE('',*,*,#3235,.F.);
#4437=ORIENTED_EDGE('',*,*,#3234,.T.);
#4438=ORIENTED_EDGE('',*,*,#3236,.F.);
#4439=ORIENTED_EDGE('',*,*,#3237,.F.);
#4440=ORIENTED_EDGE('',*,*,#3238,.F.);
#4441=ORIENTED_EDGE('',*,*,#3237,.T.);
#4442=ORIENTED_EDGE('',*,*,#3239,.F.);
#4443=ORIENTED_EDGE('',*,*,#3240,.F.);
#4444=ORIENTED_EDGE('',*,*,#3241,.F.);
#4445=ORIENTED_EDGE('',*,*,#3240,.T.);
#4446=ORIENTED_EDGE('',*,*,#3242,.F.);
#4447=ORIENTED_EDGE('',*,*,#3243,.F.);
#4448=ORIENTED_EDGE('',*,*,#3244,.F.);
#4449=ORIENTED_EDGE('',*,*,#3243,.T.);
#4450=ORIENTED_EDGE('',*,*,#3245,.F.);
#4451=ORIENTED_EDGE('',*,*,#3246,.F.);
#4452=ORIENTED_EDGE('',*,*,#3247,.F.);
#4453=ORIENTED_EDGE('',*,*,#3246,.T.);
#4454=ORIENTED_EDGE('',*,*,#3248,.F.);
#4455=ORIENTED_EDGE('',*,*,#3249,.F.);
#4456=ORIENTED_EDGE('',*,*,#3250,.F.);
#4457=ORIENTED_EDGE('',*,*,#3249,.T.);
#4458=ORIENTED_EDGE('',*,*,#3251,.F.);
#4459=ORIENTED_EDGE('',*,*,#3252,.F.);
#4460=ORIENTED_EDGE('',*,*,#3253,.F.);
#4461=ORIENTED_EDGE('',*,*,#3252,.T.);
#4462=ORIENTED_EDGE('',*,*,#3254,.F.);
#4463=ORIENTED_EDGE('',*,*,#3255,.F.);
#4464=ORIENTED_EDGE('',*,*,#3256,.F.);
#4465=ORIENTED_EDGE('',*,*,#3255,.T.);
#4466=ORIENTED_EDGE('',*,*,#3257,.F.);
#4467=ORIENTED_EDGE('',*,*,#3258,.F.);
#4468=ORIENTED_EDGE('',*,*,#3259,.F.);
#4469=ORIENTED_EDGE('',*,*,#3258,.T.);
#4470=ORIENTED_EDGE('',*,*,#3260,.F.);
#4471=ORIENTED_EDGE('',*,*,#3261,.F.);
#4472=ORIENTED_EDGE('',*,*,#3262,.F.);
#4473=ORIENTED_EDGE('',*,*,#3261,.T.);
#4474=ORIENTED_EDGE('',*,*,#3263,.F.);
#4475=ORIENTED_EDGE('',*,*,#3264,.F.);
#4476=ORIENTED_EDGE('',*,*,#3265,.F.);
#4477=ORIENTED_EDGE('',*,*,#3264,.T.);
#4478=ORIENTED_EDGE('',*,*,#3266,.F.);
#4479=ORIENTED_EDGE('',*,*,#3267,.F.);
#4480=ORIENTED_EDGE('',*,*,#3268,.F.);
#4481=ORIENTED_EDGE('',*,*,#3267,.T.);
#4482=ORIENTED_EDGE('',*,*,#3269,.F.);
#4483=ORIENTED_EDGE('',*,*,#3211,.F.);
#4484=ORIENTED_EDGE('',*,*,#3268,.T.);
#4485=ORIENTED_EDGE('',*,*,#3210,.T.);
#4486=ORIENTED_EDGE('',*,*,#3214,.T.);
#4487=ORIENTED_EDGE('',*,*,#3217,.T.);
#4488=ORIENTED_EDGE('',*,*,#3220,.T.);
#4489=ORIENTED_EDGE('',*,*,#3223,.T.);
#4490=ORIENTED_EDGE('',*,*,#3226,.T.);
#4491=ORIENTED_EDGE('',*,*,#3229,.T.);
#4492=ORIENTED_EDGE('',*,*,#3232,.T.);
#4493=ORIENTED_EDGE('',*,*,#3235,.T.);
#4494=ORIENTED_EDGE('',*,*,#3238,.T.);
#4495=ORIENTED_EDGE('',*,*,#3241,.T.);
#4496=ORIENTED_EDGE('',*,*,#3244,.T.);
#4497=ORIENTED_EDGE('',*,*,#3247,.T.);
#4498=ORIENTED_EDGE('',*,*,#3250,.T.);
#4499=ORIENTED_EDGE('',*,*,#3253,.T.);
#4500=ORIENTED_EDGE('',*,*,#3256,.T.);
#4501=ORIENTED_EDGE('',*,*,#3259,.T.);
#4502=ORIENTED_EDGE('',*,*,#3262,.T.);
#4503=ORIENTED_EDGE('',*,*,#3265,.T.);
#4504=ORIENTED_EDGE('',*,*,#3269,.T.);
#4505=ORIENTED_EDGE('',*,*,#3266,.T.);
#4506=ORIENTED_EDGE('',*,*,#3263,.T.);
#4507=ORIENTED_EDGE('',*,*,#3260,.T.);
#4508=ORIENTED_EDGE('',*,*,#3257,.T.);
#4509=ORIENTED_EDGE('',*,*,#3254,.T.);
#4510=ORIENTED_EDGE('',*,*,#3251,.T.);
#4511=ORIENTED_EDGE('',*,*,#3248,.T.);
#4512=ORIENTED_EDGE('',*,*,#3245,.T.);
#4513=ORIENTED_EDGE('',*,*,#3242,.T.);
#4514=ORIENTED_EDGE('',*,*,#3239,.T.);
#4515=ORIENTED_EDGE('',*,*,#3236,.T.);
#4516=ORIENTED_EDGE('',*,*,#3233,.T.);
#4517=ORIENTED_EDGE('',*,*,#3230,.T.);
#4518=ORIENTED_EDGE('',*,*,#3227,.T.);
#4519=ORIENTED_EDGE('',*,*,#3224,.T.);
#4520=ORIENTED_EDGE('',*,*,#3221,.T.);
#4521=ORIENTED_EDGE('',*,*,#3218,.T.);
#4522=ORIENTED_EDGE('',*,*,#3215,.T.);
#4523=ORIENTED_EDGE('',*,*,#3212,.T.);
#4524=ORIENTED_EDGE('',*,*,#3270,.F.);
#4525=ORIENTED_EDGE('',*,*,#3271,.T.);
#4526=ORIENTED_EDGE('',*,*,#3272,.F.);
#4527=ORIENTED_EDGE('',*,*,#3273,.F.);
#4528=ORIENTED_EDGE('',*,*,#3274,.F.);
#4529=ORIENTED_EDGE('',*,*,#3273,.T.);
#4530=ORIENTED_EDGE('',*,*,#3275,.F.);
#4531=ORIENTED_EDGE('',*,*,#3276,.F.);
#4532=ORIENTED_EDGE('',*,*,#3277,.F.);
#4533=ORIENTED_EDGE('',*,*,#3276,.T.);
#4534=ORIENTED_EDGE('',*,*,#3278,.F.);
#4535=ORIENTED_EDGE('',*,*,#3279,.F.);
#4536=ORIENTED_EDGE('',*,*,#3280,.F.);
#4537=ORIENTED_EDGE('',*,*,#3279,.T.);
#4538=ORIENTED_EDGE('',*,*,#3281,.F.);
#4539=ORIENTED_EDGE('',*,*,#3282,.F.);
#4540=ORIENTED_EDGE('',*,*,#3283,.F.);
#4541=ORIENTED_EDGE('',*,*,#3282,.T.);
#4542=ORIENTED_EDGE('',*,*,#3284,.F.);
#4543=ORIENTED_EDGE('',*,*,#3285,.F.);
#4544=ORIENTED_EDGE('',*,*,#3286,.F.);
#4545=ORIENTED_EDGE('',*,*,#3285,.T.);
#4546=ORIENTED_EDGE('',*,*,#3287,.F.);
#4547=ORIENTED_EDGE('',*,*,#3288,.F.);
#4548=ORIENTED_EDGE('',*,*,#3289,.F.);
#4549=ORIENTED_EDGE('',*,*,#3288,.T.);
#4550=ORIENTED_EDGE('',*,*,#3290,.F.);
#4551=ORIENTED_EDGE('',*,*,#3291,.F.);
#4552=ORIENTED_EDGE('',*,*,#3292,.F.);
#4553=ORIENTED_EDGE('',*,*,#3291,.T.);
#4554=ORIENTED_EDGE('',*,*,#3293,.F.);
#4555=ORIENTED_EDGE('',*,*,#3271,.F.);
#4556=ORIENTED_EDGE('',*,*,#3292,.T.);
#4557=ORIENTED_EDGE('',*,*,#3270,.T.);
#4558=ORIENTED_EDGE('',*,*,#3274,.T.);
#4559=ORIENTED_EDGE('',*,*,#3277,.T.);
#4560=ORIENTED_EDGE('',*,*,#3280,.T.);
#4561=ORIENTED_EDGE('',*,*,#3283,.T.);
#4562=ORIENTED_EDGE('',*,*,#3286,.T.);
#4563=ORIENTED_EDGE('',*,*,#3289,.T.);
#4564=ORIENTED_EDGE('',*,*,#3293,.T.);
#4565=ORIENTED_EDGE('',*,*,#3290,.T.);
#4566=ORIENTED_EDGE('',*,*,#3287,.T.);
#4567=ORIENTED_EDGE('',*,*,#3284,.T.);
#4568=ORIENTED_EDGE('',*,*,#3281,.T.);
#4569=ORIENTED_EDGE('',*,*,#3278,.T.);
#4570=ORIENTED_EDGE('',*,*,#3275,.T.);
#4571=ORIENTED_EDGE('',*,*,#3272,.T.);
#4572=ORIENTED_EDGE('',*,*,#3294,.T.);
#4573=ORIENTED_EDGE('',*,*,#3295,.T.);
#4574=ORIENTED_EDGE('',*,*,#3296,.F.);
#4575=ORIENTED_EDGE('',*,*,#3297,.F.);
#4576=ORIENTED_EDGE('',*,*,#3298,.T.);
#4577=ORIENTED_EDGE('',*,*,#3297,.T.);
#4578=ORIENTED_EDGE('',*,*,#3299,.F.);
#4579=ORIENTED_EDGE('',*,*,#3300,.F.);
#4580=ORIENTED_EDGE('',*,*,#3301,.T.);
#4581=ORIENTED_EDGE('',*,*,#3300,.T.);
#4582=ORIENTED_EDGE('',*,*,#3302,.F.);
#4583=ORIENTED_EDGE('',*,*,#3303,.F.);
#4584=ORIENTED_EDGE('',*,*,#3304,.T.);
#4585=ORIENTED_EDGE('',*,*,#3303,.T.);
#4586=ORIENTED_EDGE('',*,*,#3305,.F.);
#4587=ORIENTED_EDGE('',*,*,#3295,.F.);
#4588=ORIENTED_EDGE('',*,*,#3305,.T.);
#4589=ORIENTED_EDGE('',*,*,#3302,.T.);
#4590=ORIENTED_EDGE('',*,*,#3299,.T.);
#4591=ORIENTED_EDGE('',*,*,#3296,.T.);
#4592=ORIENTED_EDGE('',*,*,#3304,.F.);
#4593=ORIENTED_EDGE('',*,*,#3294,.F.);
#4594=ORIENTED_EDGE('',*,*,#3298,.F.);
#4595=ORIENTED_EDGE('',*,*,#3301,.F.);
#4596=ORIENTED_EDGE('',*,*,#3306,.F.);
#4597=ORIENTED_EDGE('',*,*,#3307,.T.);
#4598=ORIENTED_EDGE('',*,*,#3308,.F.);
#4599=ORIENTED_EDGE('',*,*,#3309,.F.);
#4600=ORIENTED_EDGE('',*,*,#3310,.F.);
#4601=ORIENTED_EDGE('',*,*,#3309,.T.);
#4602=ORIENTED_EDGE('',*,*,#3311,.F.);
#4603=ORIENTED_EDGE('',*,*,#3312,.F.);
#4604=ORIENTED_EDGE('',*,*,#3313,.F.);
#4605=ORIENTED_EDGE('',*,*,#3312,.T.);
#4606=ORIENTED_EDGE('',*,*,#3314,.F.);
#4607=ORIENTED_EDGE('',*,*,#3315,.F.);
#4608=ORIENTED_EDGE('',*,*,#3316,.F.);
#4609=ORIENTED_EDGE('',*,*,#3315,.T.);
#4610=ORIENTED_EDGE('',*,*,#3317,.F.);
#4611=ORIENTED_EDGE('',*,*,#3307,.F.);
#4612=ORIENTED_EDGE('',*,*,#3316,.T.);
#4613=ORIENTED_EDGE('',*,*,#3306,.T.);
#4614=ORIENTED_EDGE('',*,*,#3310,.T.);
#4615=ORIENTED_EDGE('',*,*,#3313,.T.);
#4616=ORIENTED_EDGE('',*,*,#3317,.T.);
#4617=ORIENTED_EDGE('',*,*,#3314,.T.);
#4618=ORIENTED_EDGE('',*,*,#3311,.T.);
#4619=ORIENTED_EDGE('',*,*,#3308,.T.);
#4620=ORIENTED_EDGE('',*,*,#3318,.F.);
#4621=ORIENTED_EDGE('',*,*,#3319,.T.);
#4622=ORIENTED_EDGE('',*,*,#3320,.F.);
#4623=ORIENTED_EDGE('',*,*,#3321,.F.);
#4624=ORIENTED_EDGE('',*,*,#3322,.F.);
#4625=ORIENTED_EDGE('',*,*,#3321,.T.);
#4626=ORIENTED_EDGE('',*,*,#3323,.F.);
#4627=ORIENTED_EDGE('',*,*,#3324,.F.);
#4628=ORIENTED_EDGE('',*,*,#3325,.F.);
#4629=ORIENTED_EDGE('',*,*,#3324,.T.);
#4630=ORIENTED_EDGE('',*,*,#3326,.F.);
#4631=ORIENTED_EDGE('',*,*,#3327,.F.);
#4632=ORIENTED_EDGE('',*,*,#3328,.F.);
#4633=ORIENTED_EDGE('',*,*,#3327,.T.);
#4634=ORIENTED_EDGE('',*,*,#3329,.F.);
#4635=ORIENTED_EDGE('',*,*,#3319,.F.);
#4636=ORIENTED_EDGE('',*,*,#3328,.T.);
#4637=ORIENTED_EDGE('',*,*,#3318,.T.);
#4638=ORIENTED_EDGE('',*,*,#3322,.T.);
#4639=ORIENTED_EDGE('',*,*,#3325,.T.);
#4640=ORIENTED_EDGE('',*,*,#3329,.T.);
#4641=ORIENTED_EDGE('',*,*,#3326,.T.);
#4642=ORIENTED_EDGE('',*,*,#3323,.T.);
#4643=ORIENTED_EDGE('',*,*,#3320,.T.);
#4644=ORIENTED_EDGE('',*,*,#3330,.F.);
#4645=ORIENTED_EDGE('',*,*,#3331,.T.);
#4646=ORIENTED_EDGE('',*,*,#3332,.F.);
#4647=ORIENTED_EDGE('',*,*,#3333,.F.);
#4648=ORIENTED_EDGE('',*,*,#3334,.F.);
#4649=ORIENTED_EDGE('',*,*,#3333,.T.);
#4650=ORIENTED_EDGE('',*,*,#3335,.F.);
#4651=ORIENTED_EDGE('',*,*,#3336,.F.);
#4652=ORIENTED_EDGE('',*,*,#3337,.F.);
#4653=ORIENTED_EDGE('',*,*,#3336,.T.);
#4654=ORIENTED_EDGE('',*,*,#3338,.F.);
#4655=ORIENTED_EDGE('',*,*,#3339,.F.);
#4656=ORIENTED_EDGE('',*,*,#3340,.F.);
#4657=ORIENTED_EDGE('',*,*,#3339,.T.);
#4658=ORIENTED_EDGE('',*,*,#3341,.F.);
#4659=ORIENTED_EDGE('',*,*,#3342,.F.);
#4660=ORIENTED_EDGE('',*,*,#3343,.F.);
#4661=ORIENTED_EDGE('',*,*,#3342,.T.);
#4662=ORIENTED_EDGE('',*,*,#3344,.F.);
#4663=ORIENTED_EDGE('',*,*,#3345,.F.);
#4664=ORIENTED_EDGE('',*,*,#3346,.F.);
#4665=ORIENTED_EDGE('',*,*,#3345,.T.);
#4666=ORIENTED_EDGE('',*,*,#3347,.F.);
#4667=ORIENTED_EDGE('',*,*,#3348,.F.);
#4668=ORIENTED_EDGE('',*,*,#3349,.F.);
#4669=ORIENTED_EDGE('',*,*,#3348,.T.);
#4670=ORIENTED_EDGE('',*,*,#3350,.F.);
#4671=ORIENTED_EDGE('',*,*,#3351,.F.);
#4672=ORIENTED_EDGE('',*,*,#3352,.F.);
#4673=ORIENTED_EDGE('',*,*,#3351,.T.);
#4674=ORIENTED_EDGE('',*,*,#3353,.F.);
#4675=ORIENTED_EDGE('',*,*,#3354,.F.);
#4676=ORIENTED_EDGE('',*,*,#3355,.F.);
#4677=ORIENTED_EDGE('',*,*,#3354,.T.);
#4678=ORIENTED_EDGE('',*,*,#3356,.F.);
#4679=ORIENTED_EDGE('',*,*,#3357,.F.);
#4680=ORIENTED_EDGE('',*,*,#3358,.F.);
#4681=ORIENTED_EDGE('',*,*,#3357,.T.);
#4682=ORIENTED_EDGE('',*,*,#3359,.F.);
#4683=ORIENTED_EDGE('',*,*,#3360,.F.);
#4684=ORIENTED_EDGE('',*,*,#3361,.F.);
#4685=ORIENTED_EDGE('',*,*,#3360,.T.);
#4686=ORIENTED_EDGE('',*,*,#3362,.F.);
#4687=ORIENTED_EDGE('',*,*,#3363,.F.);
#4688=ORIENTED_EDGE('',*,*,#3364,.F.);
#4689=ORIENTED_EDGE('',*,*,#3363,.T.);
#4690=ORIENTED_EDGE('',*,*,#3365,.F.);
#4691=ORIENTED_EDGE('',*,*,#3331,.F.);
#4692=ORIENTED_EDGE('',*,*,#3364,.T.);
#4693=ORIENTED_EDGE('',*,*,#3330,.T.);
#4694=ORIENTED_EDGE('',*,*,#3334,.T.);
#4695=ORIENTED_EDGE('',*,*,#3337,.T.);
#4696=ORIENTED_EDGE('',*,*,#3340,.T.);
#4697=ORIENTED_EDGE('',*,*,#3343,.T.);
#4698=ORIENTED_EDGE('',*,*,#3346,.T.);
#4699=ORIENTED_EDGE('',*,*,#3349,.T.);
#4700=ORIENTED_EDGE('',*,*,#3352,.T.);
#4701=ORIENTED_EDGE('',*,*,#3355,.T.);
#4702=ORIENTED_EDGE('',*,*,#3358,.T.);
#4703=ORIENTED_EDGE('',*,*,#3361,.T.);
#4704=ORIENTED_EDGE('',*,*,#3365,.T.);
#4705=ORIENTED_EDGE('',*,*,#3362,.T.);
#4706=ORIENTED_EDGE('',*,*,#3359,.T.);
#4707=ORIENTED_EDGE('',*,*,#3356,.T.);
#4708=ORIENTED_EDGE('',*,*,#3353,.T.);
#4709=ORIENTED_EDGE('',*,*,#3350,.T.);
#4710=ORIENTED_EDGE('',*,*,#3347,.T.);
#4711=ORIENTED_EDGE('',*,*,#3344,.T.);
#4712=ORIENTED_EDGE('',*,*,#3341,.T.);
#4713=ORIENTED_EDGE('',*,*,#3338,.T.);
#4714=ORIENTED_EDGE('',*,*,#3335,.T.);
#4715=ORIENTED_EDGE('',*,*,#3332,.T.);
#4716=ORIENTED_EDGE('',*,*,#3366,.F.);
#4717=ORIENTED_EDGE('',*,*,#3367,.T.);
#4718=ORIENTED_EDGE('',*,*,#3368,.F.);
#4719=ORIENTED_EDGE('',*,*,#3369,.F.);
#4720=ORIENTED_EDGE('',*,*,#3370,.F.);
#4721=ORIENTED_EDGE('',*,*,#3371,.T.);
#4722=ORIENTED_EDGE('',*,*,#3372,.F.);
#4723=ORIENTED_EDGE('',*,*,#3367,.F.);
#4724=ORIENTED_EDGE('',*,*,#3373,.F.);
#4725=ORIENTED_EDGE('',*,*,#3374,.T.);
#4726=ORIENTED_EDGE('',*,*,#3375,.F.);
#4727=ORIENTED_EDGE('',*,*,#3371,.F.);
#4728=ORIENTED_EDGE('',*,*,#3376,.F.);
#4729=ORIENTED_EDGE('',*,*,#3369,.T.);
#4730=ORIENTED_EDGE('',*,*,#3377,.F.);
#4731=ORIENTED_EDGE('',*,*,#3374,.F.);
#4732=ORIENTED_EDGE('',*,*,#3378,.F.);
#4733=ORIENTED_EDGE('',*,*,#3379,.T.);
#4734=ORIENTED_EDGE('',*,*,#3380,.F.);
#4735=ORIENTED_EDGE('',*,*,#3381,.F.);
#4736=ORIENTED_EDGE('',*,*,#3382,.F.);
#4737=ORIENTED_EDGE('',*,*,#3381,.T.);
#4738=ORIENTED_EDGE('',*,*,#3383,.F.);
#4739=ORIENTED_EDGE('',*,*,#3384,.F.);
#4740=ORIENTED_EDGE('',*,*,#3385,.F.);
#4741=ORIENTED_EDGE('',*,*,#3384,.T.);
#4742=ORIENTED_EDGE('',*,*,#3386,.F.);
#4743=ORIENTED_EDGE('',*,*,#3387,.F.);
#4744=ORIENTED_EDGE('',*,*,#3388,.F.);
#4745=ORIENTED_EDGE('',*,*,#3387,.T.);
#4746=ORIENTED_EDGE('',*,*,#3389,.F.);
#4747=ORIENTED_EDGE('',*,*,#3379,.F.);
#4748=ORIENTED_EDGE('',*,*,#3388,.T.);
#4749=ORIENTED_EDGE('',*,*,#3378,.T.);
#4750=ORIENTED_EDGE('',*,*,#3382,.T.);
#4751=ORIENTED_EDGE('',*,*,#3385,.T.);
#4752=ORIENTED_EDGE('',*,*,#3366,.T.);
#4753=ORIENTED_EDGE('',*,*,#3376,.T.);
#4754=ORIENTED_EDGE('',*,*,#3373,.T.);
#4755=ORIENTED_EDGE('',*,*,#3370,.T.);
#4756=ORIENTED_EDGE('',*,*,#3389,.T.);
#4757=ORIENTED_EDGE('',*,*,#3386,.T.);
#4758=ORIENTED_EDGE('',*,*,#3383,.T.);
#4759=ORIENTED_EDGE('',*,*,#3380,.T.);
#4760=ORIENTED_EDGE('',*,*,#3368,.T.);
#4761=ORIENTED_EDGE('',*,*,#3372,.T.);
#4762=ORIENTED_EDGE('',*,*,#3375,.T.);
#4763=ORIENTED_EDGE('',*,*,#3377,.T.);
#4764=ORIENTED_EDGE('',*,*,#3390,.F.);
#4765=ORIENTED_EDGE('',*,*,#3391,.T.);
#4766=ORIENTED_EDGE('',*,*,#3392,.F.);
#4767=ORIENTED_EDGE('',*,*,#3393,.F.);
#4768=ORIENTED_EDGE('',*,*,#3394,.F.);
#4769=ORIENTED_EDGE('',*,*,#3393,.T.);
#4770=ORIENTED_EDGE('',*,*,#3395,.F.);
#4771=ORIENTED_EDGE('',*,*,#3396,.F.);
#4772=ORIENTED_EDGE('',*,*,#3397,.F.);
#4773=ORIENTED_EDGE('',*,*,#3396,.T.);
#4774=ORIENTED_EDGE('',*,*,#3398,.F.);
#4775=ORIENTED_EDGE('',*,*,#3399,.F.);
#4776=ORIENTED_EDGE('',*,*,#3400,.F.);
#4777=ORIENTED_EDGE('',*,*,#3399,.T.);
#4778=ORIENTED_EDGE('',*,*,#3401,.F.);
#4779=ORIENTED_EDGE('',*,*,#3402,.F.);
#4780=ORIENTED_EDGE('',*,*,#3403,.F.);
#4781=ORIENTED_EDGE('',*,*,#3402,.T.);
#4782=ORIENTED_EDGE('',*,*,#3404,.F.);
#4783=ORIENTED_EDGE('',*,*,#3405,.F.);
#4784=ORIENTED_EDGE('',*,*,#3406,.F.);
#4785=ORIENTED_EDGE('',*,*,#3405,.T.);
#4786=ORIENTED_EDGE('',*,*,#3407,.F.);
#4787=ORIENTED_EDGE('',*,*,#3408,.F.);
#4788=ORIENTED_EDGE('',*,*,#3409,.F.);
#4789=ORIENTED_EDGE('',*,*,#3408,.T.);
#4790=ORIENTED_EDGE('',*,*,#3410,.F.);
#4791=ORIENTED_EDGE('',*,*,#3411,.F.);
#4792=ORIENTED_EDGE('',*,*,#3412,.F.);
#4793=ORIENTED_EDGE('',*,*,#3411,.T.);
#4794=ORIENTED_EDGE('',*,*,#3413,.F.);
#4795=ORIENTED_EDGE('',*,*,#3414,.F.);
#4796=ORIENTED_EDGE('',*,*,#3415,.F.);
#4797=ORIENTED_EDGE('',*,*,#3414,.T.);
#4798=ORIENTED_EDGE('',*,*,#3416,.F.);
#4799=ORIENTED_EDGE('',*,*,#3417,.F.);
#4800=ORIENTED_EDGE('',*,*,#3418,.F.);
#4801=ORIENTED_EDGE('',*,*,#3417,.T.);
#4802=ORIENTED_EDGE('',*,*,#3419,.F.);
#4803=ORIENTED_EDGE('',*,*,#3420,.F.);
#4804=ORIENTED_EDGE('',*,*,#3421,.F.);
#4805=ORIENTED_EDGE('',*,*,#3420,.T.);
#4806=ORIENTED_EDGE('',*,*,#3422,.F.);
#4807=ORIENTED_EDGE('',*,*,#3423,.F.);
#4808=ORIENTED_EDGE('',*,*,#3424,.F.);
#4809=ORIENTED_EDGE('',*,*,#3423,.T.);
#4810=ORIENTED_EDGE('',*,*,#3425,.F.);
#4811=ORIENTED_EDGE('',*,*,#3426,.F.);
#4812=ORIENTED_EDGE('',*,*,#3427,.F.);
#4813=ORIENTED_EDGE('',*,*,#3426,.T.);
#4814=ORIENTED_EDGE('',*,*,#3428,.F.);
#4815=ORIENTED_EDGE('',*,*,#3391,.F.);
#4816=ORIENTED_EDGE('',*,*,#3427,.T.);
#4817=ORIENTED_EDGE('',*,*,#3390,.T.);
#4818=ORIENTED_EDGE('',*,*,#3394,.T.);
#4819=ORIENTED_EDGE('',*,*,#3397,.T.);
#4820=ORIENTED_EDGE('',*,*,#3400,.T.);
#4821=ORIENTED_EDGE('',*,*,#3403,.T.);
#4822=ORIENTED_EDGE('',*,*,#3406,.T.);
#4823=ORIENTED_EDGE('',*,*,#3409,.T.);
#4824=ORIENTED_EDGE('',*,*,#3412,.T.);
#4825=ORIENTED_EDGE('',*,*,#3415,.T.);
#4826=ORIENTED_EDGE('',*,*,#3418,.T.);
#4827=ORIENTED_EDGE('',*,*,#3421,.T.);
#4828=ORIENTED_EDGE('',*,*,#3424,.T.);
#4829=ORIENTED_EDGE('',*,*,#3428,.T.);
#4830=ORIENTED_EDGE('',*,*,#3425,.T.);
#4831=ORIENTED_EDGE('',*,*,#3422,.T.);
#4832=ORIENTED_EDGE('',*,*,#3419,.T.);
#4833=ORIENTED_EDGE('',*,*,#3416,.T.);
#4834=ORIENTED_EDGE('',*,*,#3413,.T.);
#4835=ORIENTED_EDGE('',*,*,#3410,.T.);
#4836=ORIENTED_EDGE('',*,*,#3407,.T.);
#4837=ORIENTED_EDGE('',*,*,#3404,.T.);
#4838=ORIENTED_EDGE('',*,*,#3401,.T.);
#4839=ORIENTED_EDGE('',*,*,#3398,.T.);
#4840=ORIENTED_EDGE('',*,*,#3395,.T.);
#4841=ORIENTED_EDGE('',*,*,#3392,.T.);
#4842=ORIENTED_EDGE('',*,*,#3429,.F.);
#4843=ORIENTED_EDGE('',*,*,#3430,.T.);
#4844=ORIENTED_EDGE('',*,*,#3431,.F.);
#4845=ORIENTED_EDGE('',*,*,#3432,.F.);
#4846=ORIENTED_EDGE('',*,*,#3433,.F.);
#4847=ORIENTED_EDGE('',*,*,#3434,.T.);
#4848=ORIENTED_EDGE('',*,*,#3435,.F.);
#4849=ORIENTED_EDGE('',*,*,#3430,.F.);
#4850=ORIENTED_EDGE('',*,*,#3436,.F.);
#4851=ORIENTED_EDGE('',*,*,#3437,.T.);
#4852=ORIENTED_EDGE('',*,*,#3438,.F.);
#4853=ORIENTED_EDGE('',*,*,#3434,.F.);
#4854=ORIENTED_EDGE('',*,*,#3439,.F.);
#4855=ORIENTED_EDGE('',*,*,#3440,.T.);
#4856=ORIENTED_EDGE('',*,*,#3441,.F.);
#4857=ORIENTED_EDGE('',*,*,#3437,.F.);
#4858=ORIENTED_EDGE('',*,*,#3442,.F.);
#4859=ORIENTED_EDGE('',*,*,#3432,.T.);
#4860=ORIENTED_EDGE('',*,*,#3443,.F.);
#4861=ORIENTED_EDGE('',*,*,#3440,.F.);
#4862=ORIENTED_EDGE('',*,*,#3444,.F.);
#4863=ORIENTED_EDGE('',*,*,#3445,.T.);
#4864=ORIENTED_EDGE('',*,*,#3446,.F.);
#4865=ORIENTED_EDGE('',*,*,#3447,.F.);
#4866=ORIENTED_EDGE('',*,*,#3448,.F.);
#4867=ORIENTED_EDGE('',*,*,#3447,.T.);
#4868=ORIENTED_EDGE('',*,*,#3449,.F.);
#4869=ORIENTED_EDGE('',*,*,#3450,.F.);
#4870=ORIENTED_EDGE('',*,*,#3451,.F.);
#4871=ORIENTED_EDGE('',*,*,#3450,.T.);
#4872=ORIENTED_EDGE('',*,*,#3452,.F.);
#4873=ORIENTED_EDGE('',*,*,#3453,.F.);
#4874=ORIENTED_EDGE('',*,*,#3454,.F.);
#4875=ORIENTED_EDGE('',*,*,#3453,.T.);
#4876=ORIENTED_EDGE('',*,*,#3455,.F.);
#4877=ORIENTED_EDGE('',*,*,#3456,.F.);
#4878=ORIENTED_EDGE('',*,*,#3457,.F.);
#4879=ORIENTED_EDGE('',*,*,#3456,.T.);
#4880=ORIENTED_EDGE('',*,*,#3458,.F.);
#4881=ORIENTED_EDGE('',*,*,#3459,.F.);
#4882=ORIENTED_EDGE('',*,*,#3460,.F.);
#4883=ORIENTED_EDGE('',*,*,#3459,.T.);
#4884=ORIENTED_EDGE('',*,*,#3461,.F.);
#4885=ORIENTED_EDGE('',*,*,#3462,.F.);
#4886=ORIENTED_EDGE('',*,*,#3463,.F.);
#4887=ORIENTED_EDGE('',*,*,#3462,.T.);
#4888=ORIENTED_EDGE('',*,*,#3464,.F.);
#4889=ORIENTED_EDGE('',*,*,#3465,.F.);
#4890=ORIENTED_EDGE('',*,*,#3466,.F.);
#4891=ORIENTED_EDGE('',*,*,#3465,.T.);
#4892=ORIENTED_EDGE('',*,*,#3467,.F.);
#4893=ORIENTED_EDGE('',*,*,#3468,.F.);
#4894=ORIENTED_EDGE('',*,*,#3469,.F.);
#4895=ORIENTED_EDGE('',*,*,#3468,.T.);
#4896=ORIENTED_EDGE('',*,*,#3470,.F.);
#4897=ORIENTED_EDGE('',*,*,#3471,.F.);
#4898=ORIENTED_EDGE('',*,*,#3472,.F.);
#4899=ORIENTED_EDGE('',*,*,#3471,.T.);
#4900=ORIENTED_EDGE('',*,*,#3473,.F.);
#4901=ORIENTED_EDGE('',*,*,#3474,.F.);
#4902=ORIENTED_EDGE('',*,*,#3475,.F.);
#4903=ORIENTED_EDGE('',*,*,#3474,.T.);
#4904=ORIENTED_EDGE('',*,*,#3476,.F.);
#4905=ORIENTED_EDGE('',*,*,#3477,.F.);
#4906=ORIENTED_EDGE('',*,*,#3478,.F.);
#4907=ORIENTED_EDGE('',*,*,#3477,.T.);
#4908=ORIENTED_EDGE('',*,*,#3479,.F.);
#4909=ORIENTED_EDGE('',*,*,#3480,.F.);
#4910=ORIENTED_EDGE('',*,*,#3481,.F.);
#4911=ORIENTED_EDGE('',*,*,#3480,.T.);
#4912=ORIENTED_EDGE('',*,*,#3482,.F.);
#4913=ORIENTED_EDGE('',*,*,#3445,.F.);
#4914=ORIENTED_EDGE('',*,*,#3481,.T.);
#4915=ORIENTED_EDGE('',*,*,#3444,.T.);
#4916=ORIENTED_EDGE('',*,*,#3448,.T.);
#4917=ORIENTED_EDGE('',*,*,#3451,.T.);
#4918=ORIENTED_EDGE('',*,*,#3454,.T.);
#4919=ORIENTED_EDGE('',*,*,#3457,.T.);
#4920=ORIENTED_EDGE('',*,*,#3460,.T.);
#4921=ORIENTED_EDGE('',*,*,#3463,.T.);
#4922=ORIENTED_EDGE('',*,*,#3466,.T.);
#4923=ORIENTED_EDGE('',*,*,#3469,.T.);
#4924=ORIENTED_EDGE('',*,*,#3472,.T.);
#4925=ORIENTED_EDGE('',*,*,#3475,.T.);
#4926=ORIENTED_EDGE('',*,*,#3478,.T.);
#4927=ORIENTED_EDGE('',*,*,#3429,.T.);
#4928=ORIENTED_EDGE('',*,*,#3442,.T.);
#4929=ORIENTED_EDGE('',*,*,#3439,.T.);
#4930=ORIENTED_EDGE('',*,*,#3436,.T.);
#4931=ORIENTED_EDGE('',*,*,#3433,.T.);
#4932=ORIENTED_EDGE('',*,*,#3482,.T.);
#4933=ORIENTED_EDGE('',*,*,#3479,.T.);
#4934=ORIENTED_EDGE('',*,*,#3476,.T.);
#4935=ORIENTED_EDGE('',*,*,#3473,.T.);
#4936=ORIENTED_EDGE('',*,*,#3470,.T.);
#4937=ORIENTED_EDGE('',*,*,#3467,.T.);
#4938=ORIENTED_EDGE('',*,*,#3464,.T.);
#4939=ORIENTED_EDGE('',*,*,#3461,.T.);
#4940=ORIENTED_EDGE('',*,*,#3458,.T.);
#4941=ORIENTED_EDGE('',*,*,#3455,.T.);
#4942=ORIENTED_EDGE('',*,*,#3452,.T.);
#4943=ORIENTED_EDGE('',*,*,#3449,.T.);
#4944=ORIENTED_EDGE('',*,*,#3446,.T.);
#4945=ORIENTED_EDGE('',*,*,#3431,.T.);
#4946=ORIENTED_EDGE('',*,*,#3435,.T.);
#4947=ORIENTED_EDGE('',*,*,#3438,.T.);
#4948=ORIENTED_EDGE('',*,*,#3441,.T.);
#4949=ORIENTED_EDGE('',*,*,#3443,.T.);
#4950=ORIENTED_EDGE('',*,*,#3483,.F.);
#4951=ORIENTED_EDGE('',*,*,#3484,.T.);
#4952=ORIENTED_EDGE('',*,*,#3485,.F.);
#4953=ORIENTED_EDGE('',*,*,#3486,.F.);
#4954=ORIENTED_EDGE('',*,*,#3487,.F.);
#4955=ORIENTED_EDGE('',*,*,#3486,.T.);
#4956=ORIENTED_EDGE('',*,*,#3488,.F.);
#4957=ORIENTED_EDGE('',*,*,#3489,.F.);
#4958=ORIENTED_EDGE('',*,*,#3490,.F.);
#4959=ORIENTED_EDGE('',*,*,#3489,.T.);
#4960=ORIENTED_EDGE('',*,*,#3491,.F.);
#4961=ORIENTED_EDGE('',*,*,#3492,.F.);
#4962=ORIENTED_EDGE('',*,*,#3493,.F.);
#4963=ORIENTED_EDGE('',*,*,#3492,.T.);
#4964=ORIENTED_EDGE('',*,*,#3494,.F.);
#4965=ORIENTED_EDGE('',*,*,#3495,.F.);
#4966=ORIENTED_EDGE('',*,*,#3496,.F.);
#4967=ORIENTED_EDGE('',*,*,#3495,.T.);
#4968=ORIENTED_EDGE('',*,*,#3497,.F.);
#4969=ORIENTED_EDGE('',*,*,#3498,.F.);
#4970=ORIENTED_EDGE('',*,*,#3499,.F.);
#4971=ORIENTED_EDGE('',*,*,#3498,.T.);
#4972=ORIENTED_EDGE('',*,*,#3500,.F.);
#4973=ORIENTED_EDGE('',*,*,#3501,.F.);
#4974=ORIENTED_EDGE('',*,*,#3502,.F.);
#4975=ORIENTED_EDGE('',*,*,#3501,.T.);
#4976=ORIENTED_EDGE('',*,*,#3503,.F.);
#4977=ORIENTED_EDGE('',*,*,#3504,.F.);
#4978=ORIENTED_EDGE('',*,*,#3505,.F.);
#4979=ORIENTED_EDGE('',*,*,#3504,.T.);
#4980=ORIENTED_EDGE('',*,*,#3506,.F.);
#4981=ORIENTED_EDGE('',*,*,#3507,.F.);
#4982=ORIENTED_EDGE('',*,*,#3508,.F.);
#4983=ORIENTED_EDGE('',*,*,#3507,.T.);
#4984=ORIENTED_EDGE('',*,*,#3509,.F.);
#4985=ORIENTED_EDGE('',*,*,#3510,.F.);
#4986=ORIENTED_EDGE('',*,*,#3511,.F.);
#4987=ORIENTED_EDGE('',*,*,#3510,.T.);
#4988=ORIENTED_EDGE('',*,*,#3512,.F.);
#4989=ORIENTED_EDGE('',*,*,#3513,.F.);
#4990=ORIENTED_EDGE('',*,*,#3514,.F.);
#4991=ORIENTED_EDGE('',*,*,#3513,.T.);
#4992=ORIENTED_EDGE('',*,*,#3515,.F.);
#4993=ORIENTED_EDGE('',*,*,#3516,.F.);
#4994=ORIENTED_EDGE('',*,*,#3517,.F.);
#4995=ORIENTED_EDGE('',*,*,#3516,.T.);
#4996=ORIENTED_EDGE('',*,*,#3518,.F.);
#4997=ORIENTED_EDGE('',*,*,#3519,.F.);
#4998=ORIENTED_EDGE('',*,*,#3520,.F.);
#4999=ORIENTED_EDGE('',*,*,#3519,.T.);
#5000=ORIENTED_EDGE('',*,*,#3521,.F.);
#5001=ORIENTED_EDGE('',*,*,#3522,.F.);
#5002=ORIENTED_EDGE('',*,*,#3523,.F.);
#5003=ORIENTED_EDGE('',*,*,#3522,.T.);
#5004=ORIENTED_EDGE('',*,*,#3524,.F.);
#5005=ORIENTED_EDGE('',*,*,#3525,.F.);
#5006=ORIENTED_EDGE('',*,*,#3526,.F.);
#5007=ORIENTED_EDGE('',*,*,#3525,.T.);
#5008=ORIENTED_EDGE('',*,*,#3527,.F.);
#5009=ORIENTED_EDGE('',*,*,#3528,.F.);
#5010=ORIENTED_EDGE('',*,*,#3529,.F.);
#5011=ORIENTED_EDGE('',*,*,#3528,.T.);
#5012=ORIENTED_EDGE('',*,*,#3530,.F.);
#5013=ORIENTED_EDGE('',*,*,#3484,.F.);
#5014=ORIENTED_EDGE('',*,*,#3529,.T.);
#5015=ORIENTED_EDGE('',*,*,#3483,.T.);
#5016=ORIENTED_EDGE('',*,*,#3487,.T.);
#5017=ORIENTED_EDGE('',*,*,#3490,.T.);
#5018=ORIENTED_EDGE('',*,*,#3493,.T.);
#5019=ORIENTED_EDGE('',*,*,#3496,.T.);
#5020=ORIENTED_EDGE('',*,*,#3499,.T.);
#5021=ORIENTED_EDGE('',*,*,#3502,.T.);
#5022=ORIENTED_EDGE('',*,*,#3505,.T.);
#5023=ORIENTED_EDGE('',*,*,#3508,.T.);
#5024=ORIENTED_EDGE('',*,*,#3511,.T.);
#5025=ORIENTED_EDGE('',*,*,#3514,.T.);
#5026=ORIENTED_EDGE('',*,*,#3517,.T.);
#5027=ORIENTED_EDGE('',*,*,#3520,.T.);
#5028=ORIENTED_EDGE('',*,*,#3523,.T.);
#5029=ORIENTED_EDGE('',*,*,#3526,.T.);
#5030=ORIENTED_EDGE('',*,*,#3530,.T.);
#5031=ORIENTED_EDGE('',*,*,#3527,.T.);
#5032=ORIENTED_EDGE('',*,*,#3524,.T.);
#5033=ORIENTED_EDGE('',*,*,#3521,.T.);
#5034=ORIENTED_EDGE('',*,*,#3518,.T.);
#5035=ORIENTED_EDGE('',*,*,#3515,.T.);
#5036=ORIENTED_EDGE('',*,*,#3512,.T.);
#5037=ORIENTED_EDGE('',*,*,#3509,.T.);
#5038=ORIENTED_EDGE('',*,*,#3506,.T.);
#5039=ORIENTED_EDGE('',*,*,#3503,.T.);
#5040=ORIENTED_EDGE('',*,*,#3500,.T.);
#5041=ORIENTED_EDGE('',*,*,#3497,.T.);
#5042=ORIENTED_EDGE('',*,*,#3494,.T.);
#5043=ORIENTED_EDGE('',*,*,#3491,.T.);
#5044=ORIENTED_EDGE('',*,*,#3488,.T.);
#5045=ORIENTED_EDGE('',*,*,#3485,.T.);
#5046=ORIENTED_EDGE('',*,*,#3531,.F.);
#5047=ORIENTED_EDGE('',*,*,#3532,.T.);
#5048=ORIENTED_EDGE('',*,*,#3533,.F.);
#5049=ORIENTED_EDGE('',*,*,#3534,.F.);
#5050=ORIENTED_EDGE('',*,*,#3535,.F.);
#5051=ORIENTED_EDGE('',*,*,#3534,.T.);
#5052=ORIENTED_EDGE('',*,*,#3536,.F.);
#5053=ORIENTED_EDGE('',*,*,#3537,.F.);
#5054=ORIENTED_EDGE('',*,*,#3538,.F.);
#5055=ORIENTED_EDGE('',*,*,#3537,.T.);
#5056=ORIENTED_EDGE('',*,*,#3539,.F.);
#5057=ORIENTED_EDGE('',*,*,#3540,.F.);
#5058=ORIENTED_EDGE('',*,*,#3541,.F.);
#5059=ORIENTED_EDGE('',*,*,#3540,.T.);
#5060=ORIENTED_EDGE('',*,*,#3542,.F.);
#5061=ORIENTED_EDGE('',*,*,#3532,.F.);
#5062=ORIENTED_EDGE('',*,*,#3541,.T.);
#5063=ORIENTED_EDGE('',*,*,#3531,.T.);
#5064=ORIENTED_EDGE('',*,*,#3535,.T.);
#5065=ORIENTED_EDGE('',*,*,#3538,.T.);
#5066=ORIENTED_EDGE('',*,*,#3542,.T.);
#5067=ORIENTED_EDGE('',*,*,#3539,.T.);
#5068=ORIENTED_EDGE('',*,*,#3536,.T.);
#5069=ORIENTED_EDGE('',*,*,#3533,.T.);
#5070=ORIENTED_EDGE('',*,*,#3543,.F.);
#5071=ORIENTED_EDGE('',*,*,#3544,.T.);
#5072=ORIENTED_EDGE('',*,*,#3545,.F.);
#5073=ORIENTED_EDGE('',*,*,#3546,.F.);
#5074=ORIENTED_EDGE('',*,*,#3547,.F.);
#5075=ORIENTED_EDGE('',*,*,#3546,.T.);
#5076=ORIENTED_EDGE('',*,*,#3548,.F.);
#5077=ORIENTED_EDGE('',*,*,#3549,.F.);
#5078=ORIENTED_EDGE('',*,*,#3550,.F.);
#5079=ORIENTED_EDGE('',*,*,#3549,.T.);
#5080=ORIENTED_EDGE('',*,*,#3551,.F.);
#5081=ORIENTED_EDGE('',*,*,#3552,.F.);
#5082=ORIENTED_EDGE('',*,*,#3553,.F.);
#5083=ORIENTED_EDGE('',*,*,#3552,.T.);
#5084=ORIENTED_EDGE('',*,*,#3554,.F.);
#5085=ORIENTED_EDGE('',*,*,#3555,.F.);
#5086=ORIENTED_EDGE('',*,*,#3556,.F.);
#5087=ORIENTED_EDGE('',*,*,#3555,.T.);
#5088=ORIENTED_EDGE('',*,*,#3557,.F.);
#5089=ORIENTED_EDGE('',*,*,#3558,.F.);
#5090=ORIENTED_EDGE('',*,*,#3559,.F.);
#5091=ORIENTED_EDGE('',*,*,#3558,.T.);
#5092=ORIENTED_EDGE('',*,*,#3560,.F.);
#5093=ORIENTED_EDGE('',*,*,#3561,.F.);
#5094=ORIENTED_EDGE('',*,*,#3562,.F.);
#5095=ORIENTED_EDGE('',*,*,#3561,.T.);
#5096=ORIENTED_EDGE('',*,*,#3563,.F.);
#5097=ORIENTED_EDGE('',*,*,#3544,.F.);
#5098=ORIENTED_EDGE('',*,*,#3562,.T.);
#5099=ORIENTED_EDGE('',*,*,#3543,.T.);
#5100=ORIENTED_EDGE('',*,*,#3547,.T.);
#5101=ORIENTED_EDGE('',*,*,#3550,.T.);
#5102=ORIENTED_EDGE('',*,*,#3553,.T.);
#5103=ORIENTED_EDGE('',*,*,#3556,.T.);
#5104=ORIENTED_EDGE('',*,*,#3559,.T.);
#5105=ORIENTED_EDGE('',*,*,#3563,.T.);
#5106=ORIENTED_EDGE('',*,*,#3560,.T.);
#5107=ORIENTED_EDGE('',*,*,#3557,.T.);
#5108=ORIENTED_EDGE('',*,*,#3554,.T.);
#5109=ORIENTED_EDGE('',*,*,#3551,.T.);
#5110=ORIENTED_EDGE('',*,*,#3548,.T.);
#5111=ORIENTED_EDGE('',*,*,#3545,.T.);
#5112=ORIENTED_EDGE('',*,*,#3564,.F.);
#5113=ORIENTED_EDGE('',*,*,#3565,.T.);
#5114=ORIENTED_EDGE('',*,*,#3566,.F.);
#5115=ORIENTED_EDGE('',*,*,#3567,.F.);
#5116=ORIENTED_EDGE('',*,*,#3568,.F.);
#5117=ORIENTED_EDGE('',*,*,#3567,.T.);
#5118=ORIENTED_EDGE('',*,*,#3569,.F.);
#5119=ORIENTED_EDGE('',*,*,#3570,.F.);
#5120=ORIENTED_EDGE('',*,*,#3571,.F.);
#5121=ORIENTED_EDGE('',*,*,#3570,.T.);
#5122=ORIENTED_EDGE('',*,*,#3572,.F.);
#5123=ORIENTED_EDGE('',*,*,#3573,.F.);
#5124=ORIENTED_EDGE('',*,*,#3574,.F.);
#5125=ORIENTED_EDGE('',*,*,#3573,.T.);
#5126=ORIENTED_EDGE('',*,*,#3575,.F.);
#5127=ORIENTED_EDGE('',*,*,#3565,.F.);
#5128=ORIENTED_EDGE('',*,*,#3574,.T.);
#5129=ORIENTED_EDGE('',*,*,#3564,.T.);
#5130=ORIENTED_EDGE('',*,*,#3568,.T.);
#5131=ORIENTED_EDGE('',*,*,#3571,.T.);
#5132=ORIENTED_EDGE('',*,*,#3575,.T.);
#5133=ORIENTED_EDGE('',*,*,#3572,.T.);
#5134=ORIENTED_EDGE('',*,*,#3569,.T.);
#5135=ORIENTED_EDGE('',*,*,#3566,.T.);
#5136=ORIENTED_EDGE('',*,*,#3576,.F.);
#5137=ORIENTED_EDGE('',*,*,#3577,.T.);
#5138=ORIENTED_EDGE('',*,*,#3578,.F.);
#5139=ORIENTED_EDGE('',*,*,#3579,.F.);
#5140=ORIENTED_EDGE('',*,*,#3580,.F.);
#5141=ORIENTED_EDGE('',*,*,#3579,.T.);
#5142=ORIENTED_EDGE('',*,*,#3581,.F.);
#5143=ORIENTED_EDGE('',*,*,#3582,.F.);
#5144=ORIENTED_EDGE('',*,*,#3583,.F.);
#5145=ORIENTED_EDGE('',*,*,#3582,.T.);
#5146=ORIENTED_EDGE('',*,*,#3584,.F.);
#5147=ORIENTED_EDGE('',*,*,#3585,.F.);
#5148=ORIENTED_EDGE('',*,*,#3586,.F.);
#5149=ORIENTED_EDGE('',*,*,#3585,.T.);
#5150=ORIENTED_EDGE('',*,*,#3587,.F.);
#5151=ORIENTED_EDGE('',*,*,#3588,.F.);
#5152=ORIENTED_EDGE('',*,*,#3589,.F.);
#5153=ORIENTED_EDGE('',*,*,#3588,.T.);
#5154=ORIENTED_EDGE('',*,*,#3590,.F.);
#5155=ORIENTED_EDGE('',*,*,#3591,.F.);
#5156=ORIENTED_EDGE('',*,*,#3592,.F.);
#5157=ORIENTED_EDGE('',*,*,#3591,.T.);
#5158=ORIENTED_EDGE('',*,*,#3593,.F.);
#5159=ORIENTED_EDGE('',*,*,#3594,.F.);
#5160=ORIENTED_EDGE('',*,*,#3595,.F.);
#5161=ORIENTED_EDGE('',*,*,#3594,.T.);
#5162=ORIENTED_EDGE('',*,*,#3596,.F.);
#5163=ORIENTED_EDGE('',*,*,#3597,.F.);
#5164=ORIENTED_EDGE('',*,*,#3598,.F.);
#5165=ORIENTED_EDGE('',*,*,#3597,.T.);
#5166=ORIENTED_EDGE('',*,*,#3599,.F.);
#5167=ORIENTED_EDGE('',*,*,#3577,.F.);
#5168=ORIENTED_EDGE('',*,*,#3598,.T.);
#5169=ORIENTED_EDGE('',*,*,#3576,.T.);
#5170=ORIENTED_EDGE('',*,*,#3580,.T.);
#5171=ORIENTED_EDGE('',*,*,#3583,.T.);
#5172=ORIENTED_EDGE('',*,*,#3586,.T.);
#5173=ORIENTED_EDGE('',*,*,#3589,.T.);
#5174=ORIENTED_EDGE('',*,*,#3592,.T.);
#5175=ORIENTED_EDGE('',*,*,#3595,.T.);
#5176=ORIENTED_EDGE('',*,*,#3599,.T.);
#5177=ORIENTED_EDGE('',*,*,#3596,.T.);
#5178=ORIENTED_EDGE('',*,*,#3593,.T.);
#5179=ORIENTED_EDGE('',*,*,#3590,.T.);
#5180=ORIENTED_EDGE('',*,*,#3587,.T.);
#5181=ORIENTED_EDGE('',*,*,#3584,.T.);
#5182=ORIENTED_EDGE('',*,*,#3581,.T.);
#5183=ORIENTED_EDGE('',*,*,#3578,.T.);
#5184=PLANE('',#5764);
#5185=PLANE('',#5770);
#5186=PLANE('',#5772);
#5187=PLANE('',#5776);
#5188=PLANE('',#5778);
#5189=PLANE('',#5781);
#5190=PLANE('',#5782);
#5191=PLANE('',#5783);
#5192=PLANE('',#5784);
#5193=PLANE('',#5785);
#5194=PLANE('',#5786);
#5195=PLANE('',#5787);
#5196=PLANE('',#5788);
#5197=PLANE('',#5789);
#5198=PLANE('',#5790);
#5199=PLANE('',#5791);
#5200=PLANE('',#5792);
#5201=PLANE('',#5793);
#5202=PLANE('',#5794);
#5203=PLANE('',#5795);
#5204=PLANE('',#5796);
#5205=PLANE('',#5797);
#5206=PLANE('',#5798);
#5207=PLANE('',#5799);
#5208=PLANE('',#5800);
#5209=PLANE('',#5801);
#5210=PLANE('',#5804);
#5211=PLANE('',#5805);
#5212=PLANE('',#5809);
#5213=PLANE('',#5811);
#5214=PLANE('',#5812);
#5215=PLANE('',#5816);
#5216=PLANE('',#5817);
#5217=PLANE('',#5821);
#5218=PLANE('',#5822);
#5219=PLANE('',#5823);
#5220=PLANE('',#5824);
#5221=PLANE('',#5825);
#5222=PLANE('',#5826);
#5223=PLANE('',#5827);
#5224=PLANE('',#5828);
#5225=PLANE('',#5829);
#5226=PLANE('',#5830);
#5227=PLANE('',#5831);
#5228=PLANE('',#5832);
#5229=PLANE('',#5833);
#5230=PLANE('',#5834);
#5231=PLANE('',#5835);
#5232=PLANE('',#5836);
#5233=PLANE('',#5837);
#5234=PLANE('',#5838);
#5235=PLANE('',#5839);
#5236=PLANE('',#5840);
#5237=PLANE('',#5841);
#5238=PLANE('',#5844);
#5239=PLANE('',#5847);
#5240=PLANE('',#5849);
#5241=PLANE('',#5851);
#5242=PLANE('',#5853);
#5243=PLANE('',#5878);
#5244=PLANE('',#5880);
#5245=PLANE('',#5887);
#5246=PLANE('',#5892);
#5247=PLANE('',#5895);
#5248=PLANE('',#5900);
#5249=PLANE('',#5903);
#5250=PLANE('',#5904);
#5251=PLANE('',#5911);
#5252=PLANE('',#5912);
#5253=PLANE('',#5925);
#5254=PLANE('',#5927);
#5255=PLANE('',#5928);
#5256=PLANE('',#5929);
#5257=PLANE('',#5930);
#5258=PLANE('',#5931);
#5259=PLANE('',#5932);
#5260=PLANE('',#5933);
#5261=PLANE('',#5934);
#5262=PLANE('',#5935);
#5263=PLANE('',#5936);
#5264=PLANE('',#5937);
#5265=PLANE('',#5938);
#5266=PLANE('',#5939);
#5267=PLANE('',#5940);
#5268=PLANE('',#5941);
#5269=PLANE('',#5942);
#5270=PLANE('',#5943);
#5271=PLANE('',#5944);
#5272=PLANE('',#5945);
#5273=PLANE('',#5946);
#5274=PLANE('',#5947);
#5275=PLANE('',#5948);
#5276=PLANE('',#5949);
#5277=PLANE('',#5950);
#5278=PLANE('',#5951);
#5279=PLANE('',#5952);
#5280=PLANE('',#5953);
#5281=PLANE('',#5954);
#5282=PLANE('',#5955);
#5283=PLANE('',#5956);
#5284=PLANE('',#5957);
#5285=PLANE('',#5958);
#5286=PLANE('',#5959);
#5287=PLANE('',#5960);
#5288=PLANE('',#5961);
#5289=PLANE('',#5962);
#5290=PLANE('',#5963);
#5291=PLANE('',#5964);
#5292=PLANE('',#5965);
#5293=PLANE('',#5966);
#5294=PLANE('',#5967);
#5295=PLANE('',#5968);
#5296=PLANE('',#5969);
#5297=PLANE('',#5970);
#5298=PLANE('',#5971);
#5299=PLANE('',#5972);
#5300=PLANE('',#5973);
#5301=PLANE('',#5974);
#5302=PLANE('',#5975);
#5303=PLANE('',#5976);
#5304=PLANE('',#5977);
#5305=PLANE('',#5978);
#5306=PLANE('',#5979);
#5307=PLANE('',#5980);
#5308=PLANE('',#5981);
#5309=PLANE('',#5982);
#5310=PLANE('',#5983);
#5311=PLANE('',#5984);
#5312=PLANE('',#5985);
#5313=PLANE('',#5986);
#5314=PLANE('',#5987);
#5315=PLANE('',#5988);
#5316=PLANE('',#5989);
#5317=PLANE('',#5990);
#5318=PLANE('',#5991);
#5319=PLANE('',#5992);
#5320=PLANE('',#5993);
#5321=PLANE('',#5994);
#5322=PLANE('',#5998);
#5323=PLANE('',#6002);
#5324=PLANE('',#6003);
#5325=PLANE('',#6004);
#5326=PLANE('',#6005);
#5327=PLANE('',#6009);
#5328=PLANE('',#6013);
#5329=PLANE('',#6014);
#5330=PLANE('',#6015);
#5331=PLANE('',#6019);
#5332=PLANE('',#6023);
#5333=PLANE('',#6024);
#5334=PLANE('',#6025);
#5335=PLANE('',#6026);
#5336=PLANE('',#6027);
#5337=PLANE('',#6028);
#5338=PLANE('',#6029);
#5339=PLANE('',#6030);
#5340=PLANE('',#6031);
#5341=PLANE('',#6032);
#5342=PLANE('',#6033);
#5343=PLANE('',#6034);
#5344=PLANE('',#6035);
#5345=PLANE('',#6036);
#5346=PLANE('',#6037);
#5347=PLANE('',#6038);
#5348=PLANE('',#6039);
#5349=PLANE('',#6040);
#5350=PLANE('',#6041);
#5351=PLANE('',#6042);
#5352=PLANE('',#6043);
#5353=PLANE('',#6044);
#5354=PLANE('',#6045);
#5355=PLANE('',#6046);
#5356=PLANE('',#6047);
#5357=PLANE('',#6048);
#5358=PLANE('',#6049);
#5359=PLANE('',#6050);
#5360=PLANE('',#6051);
#5361=PLANE('',#6052);
#5362=PLANE('',#6053);
#5363=PLANE('',#6054);
#5364=PLANE('',#6055);
#5365=PLANE('',#6056);
#5366=PLANE('',#6057);
#5367=PLANE('',#6058);
#5368=PLANE('',#6059);
#5369=PLANE('',#6060);
#5370=PLANE('',#6061);
#5371=PLANE('',#6062);
#5372=PLANE('',#6063);
#5373=PLANE('',#6064);
#5374=PLANE('',#6065);
#5375=PLANE('',#6066);
#5376=PLANE('',#6067);
#5377=PLANE('',#6068);
#5378=PLANE('',#6069);
#5379=PLANE('',#6070);
#5380=PLANE('',#6071);
#5381=PLANE('',#6072);
#5382=PLANE('',#6073);
#5383=PLANE('',#6074);
#5384=PLANE('',#6075);
#5385=PLANE('',#6076);
#5386=PLANE('',#6077);
#5387=PLANE('',#6078);
#5388=PLANE('',#6079);
#5389=PLANE('',#6080);
#5390=PLANE('',#6081);
#5391=PLANE('',#6082);
#5392=PLANE('',#6083);
#5393=PLANE('',#6084);
#5394=PLANE('',#6085);
#5395=PLANE('',#6086);
#5396=PLANE('',#6087);
#5397=PLANE('',#6088);
#5398=PLANE('',#6089);
#5399=PLANE('',#6090);
#5400=PLANE('',#6091);
#5401=PLANE('',#6092);
#5402=PLANE('',#6093);
#5403=PLANE('',#6094);
#5404=ADVANCED_FACE('',(#1536),#5184,.F.);
#5405=ADVANCED_FACE('',(#1537,#1513),#1527,.T.);
#5406=ADVANCED_FACE('',(#1538,#1514),#1512,.T.);
#5407=ADVANCED_FACE('',(#1539),#5185,.F.);
#5408=ADVANCED_FACE('',(#1540),#5186,.T.);
#5409=ADVANCED_FACE('',(#1541),#242,.T.);
#5410=ADVANCED_FACE('',(#1542),#5187,.F.);
#5411=ADVANCED_FACE('',(#1543),#5188,.T.);
#5412=ADVANCED_FACE('',(#1544),#243,.F.);
#5413=ADVANCED_FACE('',(#1545),#5189,.F.);
#5414=ADVANCED_FACE('',(#1546),#5190,.T.);
#5415=ADVANCED_FACE('',(#1547),#5191,.T.);
#5416=ADVANCED_FACE('',(#1548),#5192,.F.);
#5417=ADVANCED_FACE('',(#1549),#5193,.F.);
#5418=ADVANCED_FACE('',(#1550),#5194,.F.);
#5419=ADVANCED_FACE('',(#1551),#5195,.F.);
#5420=ADVANCED_FACE('',(#1552),#5196,.F.);
#5421=ADVANCED_FACE('',(#1553),#5197,.F.);
#5422=ADVANCED_FACE('',(#1554),#5198,.F.);
#5423=ADVANCED_FACE('',(#1555),#5199,.F.);
#5424=ADVANCED_FACE('',(#1556),#5200,.F.);
#5425=ADVANCED_FACE('',(#1557),#5201,.T.);
#5426=ADVANCED_FACE('',(#1558),#5202,.T.);
#5427=ADVANCED_FACE('',(#1559),#5203,.T.);
#5428=ADVANCED_FACE('',(#1560),#5204,.T.);
#5429=ADVANCED_FACE('',(#1561),#5205,.T.);
#5430=ADVANCED_FACE('',(#1562),#5206,.T.);
#5431=ADVANCED_FACE('',(#1563),#5207,.T.);
#5432=ADVANCED_FACE('',(#1564),#5208,.F.);
#5433=ADVANCED_FACE('',(#1565),#5209,.F.);
#5434=ADVANCED_FACE('',(#1566),#5210,.F.);
#5435=ADVANCED_FACE('',(#1567),#5211,.T.);
#5436=ADVANCED_FACE('',(#1568),#244,.T.);
#5437=ADVANCED_FACE('',(#1569),#5212,.F.);
#5438=ADVANCED_FACE('',(#1570),#245,.F.);
#5439=ADVANCED_FACE('',(#1571),#5213,.T.);
#5440=ADVANCED_FACE('',(#1572),#5214,.T.);
#5441=ADVANCED_FACE('',(#1573),#246,.T.);
#5442=ADVANCED_FACE('',(#1574),#5215,.T.);
#5443=ADVANCED_FACE('',(#1575),#5216,.T.);
#5444=ADVANCED_FACE('',(#1576),#247,.F.);
#5445=ADVANCED_FACE('',(#1577),#5217,.F.);
#5446=ADVANCED_FACE('',(#1578),#5218,.F.);
#5447=ADVANCED_FACE('',(#1579),#5219,.T.);
#5448=ADVANCED_FACE('',(#1580),#5220,.T.);
#5449=ADVANCED_FACE('',(#1581),#5221,.T.);
#5450=ADVANCED_FACE('',(#1582),#5222,.T.);
#5451=ADVANCED_FACE('',(#1583),#5223,.T.);
#5452=ADVANCED_FACE('',(#1584),#5224,.T.);
#5453=ADVANCED_FACE('',(#1585),#5225,.T.);
#5454=ADVANCED_FACE('',(#1586),#5226,.T.);
#5455=ADVANCED_FACE('',(#1587),#5227,.F.);
#5456=ADVANCED_FACE('',(#1588),#5228,.F.);
#5457=ADVANCED_FACE('',(#1589),#5229,.F.);
#5458=ADVANCED_FACE('',(#1590),#5230,.F.);
#5459=ADVANCED_FACE('',(#1591),#5231,.F.);
#5460=ADVANCED_FACE('',(#1592),#5232,.F.);
#5461=ADVANCED_FACE('',(#1593),#5233,.F.);
#5462=ADVANCED_FACE('',(#1594),#5234,.F.);
#5463=ADVANCED_FACE('',(#1595),#5235,.F.);
#5464=ADVANCED_FACE('',(#1596),#5236,.F.);
#5465=ADVANCED_FACE('',(#1597),#5237,.F.);
#5466=ADVANCED_FACE('',(#1598),#5238,.T.);
#5467=ADVANCED_FACE('',(#1599),#5239,.F.);
#5468=ADVANCED_FACE('',(#1600),#248,.T.);
#5469=ADVANCED_FACE('',(#1601),#5240,.F.);
#5470=ADVANCED_FACE('',(#1602),#249,.F.);
#5471=ADVANCED_FACE('',(#1603),#5241,.T.);
#5472=ADVANCED_FACE('',(#1604),#5242,.T.);
#5473=ADVANCED_FACE('',(#1605),#1528,.T.);
#5474=ADVANCED_FACE('',(#1606),#250,.T.);
#5475=ADVANCED_FACE('',(#1607),#1529,.T.);
#5476=ADVANCED_FACE('',(#1608),#251,.T.);
#5477=ADVANCED_FACE('',(#1609),#1530,.T.);
#5478=ADVANCED_FACE('',(#1610),#252,.T.);
#5479=ADVANCED_FACE('',(#1611),#1531,.T.);
#5480=ADVANCED_FACE('',(#1612),#253,.T.);
#5481=ADVANCED_FACE('',(#1613),#5243,.F.);
#5482=ADVANCED_FACE('',(#1614),#5244,.F.);
#5483=ADVANCED_FACE('',(#1615,#1515),#254,.T.);
#5484=ADVANCED_FACE('',(#1616,#1516),#1532,.T.);
#5485=ADVANCED_FACE('',(#1617),#238,.T.);
#5486=ADVANCED_FACE('',(#1618),#5245,.F.);
#5487=ADVANCED_FACE('',(#1619),#5246,.T.);
#5488=ADVANCED_FACE('',(#1620),#255,.T.);
#5489=ADVANCED_FACE('',(#1621),#5247,.T.);
#5490=ADVANCED_FACE('',(#1622),#256,.T.);
#5491=ADVANCED_FACE('',(#1623),#257,.T.);
#5492=ADVANCED_FACE('',(#1624),#5248,.T.);
#5493=ADVANCED_FACE('',(#1625),#258,.T.);
#5494=ADVANCED_FACE('',(#1626),#5249,.T.);
#5495=ADVANCED_FACE('',(#1627),#5250,.F.);
#5496=ADVANCED_FACE('',(#1628),#239,.T.);
#5497=ADVANCED_FACE('',(#1629,#1517),#1533,.T.);
#5498=ADVANCED_FACE('',(#1630,#1518),#259,.T.);
#5499=ADVANCED_FACE('',(#1631),#5251,.F.);
#5500=ADVANCED_FACE('',(#1632),#5252,.F.);
#5501=ADVANCED_FACE('',(#1633,#1519),#260,.T.);
#5502=ADVANCED_FACE('',(#1634,#1520),#1534,.T.);
#5503=ADVANCED_FACE('',(#1635),#240,.T.);
#5504=ADVANCED_FACE('',(#1636),#241,.T.);
#5505=ADVANCED_FACE('',(#1637,#1521),#1535,.T.);
#5506=ADVANCED_FACE('',(#1638,#1522),#261,.T.);
#5507=ADVANCED_FACE('',(#1639),#5253,.F.);
#5508=ADVANCED_FACE('',(#1640),#5254,.T.);
#5509=ADVANCED_FACE('',(#1641),#5255,.T.);
#5510=ADVANCED_FACE('',(#1642),#5256,.T.);
#5511=ADVANCED_FACE('',(#1643),#5257,.T.);
#5512=ADVANCED_FACE('',(#1644),#5258,.T.);
#5513=ADVANCED_FACE('',(#1645),#5259,.T.);
#5514=ADVANCED_FACE('',(#1646),#5260,.T.);
#5515=ADVANCED_FACE('',(#1647),#5261,.T.);
#5516=ADVANCED_FACE('',(#1648),#5262,.T.);
#5517=ADVANCED_FACE('',(#1649),#5263,.T.);
#5518=ADVANCED_FACE('',(#1650),#5264,.T.);
#5519=ADVANCED_FACE('',(#1651),#169,.T.);
#5520=ADVANCED_FACE('',(#1652),#170,.T.);
#5521=ADVANCED_FACE('',(#1653),#171,.T.);
#5522=ADVANCED_FACE('',(#1654),#5265,.T.);
#5523=ADVANCED_FACE('',(#1655),#5266,.T.);
#5524=ADVANCED_FACE('',(#1656),#172,.T.);
#5525=ADVANCED_FACE('',(#1657),#173,.T.);
#5526=ADVANCED_FACE('',(#1658),#5267,.F.);
#5527=ADVANCED_FACE('',(#1659),#5268,.T.);
#5528=ADVANCED_FACE('',(#1660),#5269,.T.);
#5529=ADVANCED_FACE('',(#1661),#5270,.T.);
#5530=ADVANCED_FACE('',(#1662),#5271,.T.);
#5531=ADVANCED_FACE('',(#1663),#5272,.T.);
#5532=ADVANCED_FACE('',(#1664),#5273,.F.);
#5533=ADVANCED_FACE('',(#1665),#5274,.T.);
#5534=ADVANCED_FACE('',(#1666),#5275,.T.);
#5535=ADVANCED_FACE('',(#1667),#5276,.T.);
#5536=ADVANCED_FACE('',(#1668),#5277,.T.);
#5537=ADVANCED_FACE('',(#1669),#5278,.T.);
#5538=ADVANCED_FACE('',(#1670),#5279,.F.);
#5539=ADVANCED_FACE('',(#1671),#5280,.T.);
#5540=ADVANCED_FACE('',(#1672),#5281,.T.);
#5541=ADVANCED_FACE('',(#1673),#5282,.T.);
#5542=ADVANCED_FACE('',(#1674),#5283,.T.);
#5543=ADVANCED_FACE('',(#1675),#5284,.T.);
#5544=ADVANCED_FACE('',(#1676),#5285,.T.);
#5545=ADVANCED_FACE('',(#1677),#5286,.T.);
#5546=ADVANCED_FACE('',(#1678),#5287,.T.);
#5547=ADVANCED_FACE('',(#1679),#5288,.T.);
#5548=ADVANCED_FACE('',(#1680),#5289,.T.);
#5549=ADVANCED_FACE('',(#1681),#5290,.T.);
#5550=ADVANCED_FACE('',(#1682),#5291,.T.);
#5551=ADVANCED_FACE('',(#1683),#174,.T.);
#5552=ADVANCED_FACE('',(#1684),#175,.T.);
#5553=ADVANCED_FACE('',(#1685),#176,.T.);
#5554=ADVANCED_FACE('',(#1686),#5292,.T.);
#5555=ADVANCED_FACE('',(#1687),#5293,.T.);
#5556=ADVANCED_FACE('',(#1688),#177,.T.);
#5557=ADVANCED_FACE('',(#1689),#178,.T.);
#5558=ADVANCED_FACE('',(#1690),#5294,.F.);
#5559=ADVANCED_FACE('',(#1691),#5295,.T.);
#5560=ADVANCED_FACE('',(#1692),#5296,.T.);
#5561=ADVANCED_FACE('',(#1693),#179,.T.);
#5562=ADVANCED_FACE('',(#1694),#180,.T.);
#5563=ADVANCED_FACE('',(#1695),#181,.T.);
#5564=ADVANCED_FACE('',(#1696),#5297,.T.);
#5565=ADVANCED_FACE('',(#1697),#5298,.T.);
#5566=ADVANCED_FACE('',(#1698),#5299,.T.);
#5567=ADVANCED_FACE('',(#1699),#5300,.T.);
#5568=ADVANCED_FACE('',(#1700),#5301,.T.);
#5569=ADVANCED_FACE('',(#1701),#182,.T.);
#5570=ADVANCED_FACE('',(#1702),#183,.T.);
#5571=ADVANCED_FACE('',(#1703),#5302,.T.);
#5572=ADVANCED_FACE('',(#1704),#5303,.T.);
#5573=ADVANCED_FACE('',(#1705),#5304,.F.);
#5574=ADVANCED_FACE('',(#1706),#5305,.T.);
#5575=ADVANCED_FACE('',(#1707),#184,.T.);
#5576=ADVANCED_FACE('',(#1708),#185,.T.);
#5577=ADVANCED_FACE('',(#1709),#186,.T.);
#5578=ADVANCED_FACE('',(#1710),#187,.T.);
#5579=ADVANCED_FACE('',(#1711),#188,.T.);
#5580=ADVANCED_FACE('',(#1712),#5306,.T.);
#5581=ADVANCED_FACE('',(#1713),#5307,.T.);
#5582=ADVANCED_FACE('',(#1714),#189,.T.);
#5583=ADVANCED_FACE('',(#1715),#190,.T.);
#5584=ADVANCED_FACE('',(#1716),#191,.T.);
#5585=ADVANCED_FACE('',(#1717),#192,.T.);
#5586=ADVANCED_FACE('',(#1718),#193,.T.);
#5587=ADVANCED_FACE('',(#1719),#194,.T.);
#5588=ADVANCED_FACE('',(#1720),#195,.T.);
#5589=ADVANCED_FACE('',(#1721),#196,.T.);
#5590=ADVANCED_FACE('',(#1722),#5308,.T.);
#5591=ADVANCED_FACE('',(#1723),#5309,.T.);
#5592=ADVANCED_FACE('',(#1724),#197,.T.);
#5593=ADVANCED_FACE('',(#1725),#198,.T.);
#5594=ADVANCED_FACE('',(#1726),#199,.T.);
#5595=ADVANCED_FACE('',(#1727),#5310,.F.);
#5596=ADVANCED_FACE('',(#1728),#5311,.T.);
#5597=ADVANCED_FACE('',(#1729),#5312,.T.);
#5598=ADVANCED_FACE('',(#1730),#5313,.T.);
#5599=ADVANCED_FACE('',(#1731),#5314,.T.);
#5600=ADVANCED_FACE('',(#1732),#5315,.T.);
#5601=ADVANCED_FACE('',(#1733),#5316,.T.);
#5602=ADVANCED_FACE('',(#1734),#5317,.T.);
#5603=ADVANCED_FACE('',(#1735),#5318,.T.);
#5604=ADVANCED_FACE('',(#1736),#5319,.T.);
#5605=ADVANCED_FACE('',(#1737),#5320,.F.);
#5606=ADVANCED_FACE('',(#1738),#5321,.T.);
#5607=ADVANCED_FACE('',(#1739),#262,.T.);
#5608=ADVANCED_FACE('',(#1740),#5322,.T.);
#5609=ADVANCED_FACE('',(#1741),#263,.T.);
#5610=ADVANCED_FACE('',(#1742),#5323,.T.);
#5611=ADVANCED_FACE('',(#1743),#5324,.T.);
#5612=ADVANCED_FACE('',(#1744),#5325,.F.);
#5613=ADVANCED_FACE('',(#1745),#5326,.T.);
#5614=ADVANCED_FACE('',(#1746),#264,.T.);
#5615=ADVANCED_FACE('',(#1747),#5327,.T.);
#5616=ADVANCED_FACE('',(#1748),#265,.T.);
#5617=ADVANCED_FACE('',(#1749),#5328,.F.);
#5618=ADVANCED_FACE('',(#1750),#5329,.T.);
#5619=ADVANCED_FACE('',(#1751),#5330,.T.);
#5620=ADVANCED_FACE('',(#1752),#266,.T.);
#5621=ADVANCED_FACE('',(#1753),#5331,.T.);
#5622=ADVANCED_FACE('',(#1754),#267,.T.);
#5623=ADVANCED_FACE('',(#1755),#5332,.F.);
#5624=ADVANCED_FACE('',(#1756),#5333,.T.);
#5625=ADVANCED_FACE('',(#1757),#5334,.T.);
#5626=ADVANCED_FACE('',(#1758),#5335,.T.);
#5627=ADVANCED_FACE('',(#1759),#5336,.T.);
#5628=ADVANCED_FACE('',(#1760),#5337,.T.);
#5629=ADVANCED_FACE('',(#1761),#5338,.T.);
#5630=ADVANCED_FACE('',(#1762),#5339,.T.);
#5631=ADVANCED_FACE('',(#1763),#5340,.T.);
#5632=ADVANCED_FACE('',(#1764),#5341,.T.);
#5633=ADVANCED_FACE('',(#1765),#5342,.T.);
#5634=ADVANCED_FACE('',(#1766),#5343,.T.);
#5635=ADVANCED_FACE('',(#1767),#5344,.T.);
#5636=ADVANCED_FACE('',(#1768),#5345,.T.);
#5637=ADVANCED_FACE('',(#1769),#5346,.F.);
#5638=ADVANCED_FACE('',(#1770),#5347,.T.);
#5639=ADVANCED_FACE('',(#1771),#200,.F.);
#5640=ADVANCED_FACE('',(#1772),#201,.F.);
#5641=ADVANCED_FACE('',(#1773),#202,.F.);
#5642=ADVANCED_FACE('',(#1774),#203,.F.);
#5643=ADVANCED_FACE('',(#1775),#204,.T.);
#5644=ADVANCED_FACE('',(#1776),#205,.T.);
#5645=ADVANCED_FACE('',(#1777),#206,.T.);
#5646=ADVANCED_FACE('',(#1778),#207,.T.);
#5647=ADVANCED_FACE('',(#1779,#1523),#5348,.F.);
#5648=ADVANCED_FACE('',(#1780,#1524),#5349,.T.);
#5649=ADVANCED_FACE('',(#1781),#5350,.T.);
#5650=ADVANCED_FACE('',(#1782),#208,.T.);
#5651=ADVANCED_FACE('',(#1783),#209,.T.);
#5652=ADVANCED_FACE('',(#1784),#210,.T.);
#5653=ADVANCED_FACE('',(#1785),#5351,.T.);
#5654=ADVANCED_FACE('',(#1786),#5352,.T.);
#5655=ADVANCED_FACE('',(#1787),#5353,.T.);
#5656=ADVANCED_FACE('',(#1788),#5354,.T.);
#5657=ADVANCED_FACE('',(#1789),#5355,.T.);
#5658=ADVANCED_FACE('',(#1790),#211,.T.);
#5659=ADVANCED_FACE('',(#1791),#212,.T.);
#5660=ADVANCED_FACE('',(#1792),#5356,.T.);
#5661=ADVANCED_FACE('',(#1793),#5357,.T.);
#5662=ADVANCED_FACE('',(#1794),#5358,.F.);
#5663=ADVANCED_FACE('',(#1795),#5359,.T.);
#5664=ADVANCED_FACE('',(#1796),#5360,.F.);
#5665=ADVANCED_FACE('',(#1797),#213,.F.);
#5666=ADVANCED_FACE('',(#1798),#214,.F.);
#5667=ADVANCED_FACE('',(#1799),#215,.F.);
#5668=ADVANCED_FACE('',(#1800),#216,.F.);
#5669=ADVANCED_FACE('',(#1801),#217,.T.);
#5670=ADVANCED_FACE('',(#1802),#218,.T.);
#5671=ADVANCED_FACE('',(#1803),#219,.T.);
#5672=ADVANCED_FACE('',(#1804),#5361,.T.);
#5673=ADVANCED_FACE('',(#1805),#5362,.T.);
#5674=ADVANCED_FACE('',(#1806),#220,.T.);
#5675=ADVANCED_FACE('',(#1807),#221,.T.);
#5676=ADVANCED_FACE('',(#1808),#222,.T.);
#5677=ADVANCED_FACE('',(#1809),#5363,.T.);
#5678=ADVANCED_FACE('',(#1810),#5364,.T.);
#5679=ADVANCED_FACE('',(#1811),#223,.T.);
#5680=ADVANCED_FACE('',(#1812),#224,.T.);
#5681=ADVANCED_FACE('',(#1813),#225,.T.);
#5682=ADVANCED_FACE('',(#1814,#1525),#5365,.F.);
#5683=ADVANCED_FACE('',(#1815,#1526),#5366,.T.);
#5684=ADVANCED_FACE('',(#1816),#226,.T.);
#5685=ADVANCED_FACE('',(#1817),#227,.T.);
#5686=ADVANCED_FACE('',(#1818),#228,.T.);
#5687=ADVANCED_FACE('',(#1819),#229,.T.);
#5688=ADVANCED_FACE('',(#1820),#5367,.T.);
#5689=ADVANCED_FACE('',(#1821),#5368,.T.);
#5690=ADVANCED_FACE('',(#1822),#230,.T.);
#5691=ADVANCED_FACE('',(#1823),#231,.T.);
#5692=ADVANCED_FACE('',(#1824),#232,.T.);
#5693=ADVANCED_FACE('',(#1825),#233,.T.);
#5694=ADVANCED_FACE('',(#1826),#234,.T.);
#5695=ADVANCED_FACE('',(#1827),#5369,.T.);
#5696=ADVANCED_FACE('',(#1828),#5370,.T.);
#5697=ADVANCED_FACE('',(#1829),#235,.T.);
#5698=ADVANCED_FACE('',(#1830),#236,.T.);
#5699=ADVANCED_FACE('',(#1831),#237,.T.);
#5700=ADVANCED_FACE('',(#1832),#5371,.F.);
#5701=ADVANCED_FACE('',(#1833),#5372,.T.);
#5702=ADVANCED_FACE('',(#1834),#5373,.T.);
#5703=ADVANCED_FACE('',(#1835),#5374,.T.);
#5704=ADVANCED_FACE('',(#1836),#5375,.T.);
#5705=ADVANCED_FACE('',(#1837),#5376,.T.);
#5706=ADVANCED_FACE('',(#1838),#5377,.F.);
#5707=ADVANCED_FACE('',(#1839),#5378,.T.);
#5708=ADVANCED_FACE('',(#1840),#5379,.T.);
#5709=ADVANCED_FACE('',(#1841),#5380,.T.);
#5710=ADVANCED_FACE('',(#1842),#5381,.T.);
#5711=ADVANCED_FACE('',(#1843),#5382,.T.);
#5712=ADVANCED_FACE('',(#1844),#5383,.T.);
#5713=ADVANCED_FACE('',(#1845),#5384,.T.);
#5714=ADVANCED_FACE('',(#1846),#5385,.T.);
#5715=ADVANCED_FACE('',(#1847),#5386,.F.);
#5716=ADVANCED_FACE('',(#1848),#5387,.T.);
#5717=ADVANCED_FACE('',(#1849),#5388,.T.);
#5718=ADVANCED_FACE('',(#1850),#5389,.T.);
#5719=ADVANCED_FACE('',(#1851),#5390,.T.);
#5720=ADVANCED_FACE('',(#1852),#5391,.T.);
#5721=ADVANCED_FACE('',(#1853),#5392,.F.);
#5722=ADVANCED_FACE('',(#1854),#5393,.T.);
#5723=ADVANCED_FACE('',(#1855),#5394,.T.);
#5724=ADVANCED_FACE('',(#1856),#5395,.T.);
#5725=ADVANCED_FACE('',(#1857),#5396,.T.);
#5726=ADVANCED_FACE('',(#1858),#5397,.T.);
#5727=ADVANCED_FACE('',(#1859),#5398,.T.);
#5728=ADVANCED_FACE('',(#1860),#5399,.T.);
#5729=ADVANCED_FACE('',(#1861),#5400,.T.);
#5730=ADVANCED_FACE('',(#1862),#5401,.T.);
#5731=ADVANCED_FACE('',(#1863),#5402,.F.);
#5732=ADVANCED_FACE('',(#1864),#5403,.T.);
#5733=CLOSED_SHELL('',(#5404,#5405,#5406,#5407));
#5734=CLOSED_SHELL('',(#5408,#5409,#5410,#5411,#5412,#5413,#5414,#5415,
#5416,#5417,#5418,#5419,#5420,#5421,#5422,#5423));
#5735=CLOSED_SHELL('',(#5424,#5425,#5426,#5427,#5428,#5429,#5430,#5431,
#5432,#5433,#5434,#5435,#5436,#5437,#5438,#5439));
#5736=CLOSED_SHELL('',(#5440,#5441,#5442,#5443,#5444,#5445,#5446,#5447,
#5448,#5449,#5450,#5451,#5452,#5453,#5454,#5455));
#5737=CLOSED_SHELL('',(#5456,#5457,#5458,#5459,#5460,#5461,#5462,#5463,
#5464,#5465,#5466,#5467,#5468,#5469,#5470,#5471));
#5738=CLOSED_SHELL('',(#5472,#5473,#5474,#5475,#5476,#5477,#5478,#5479,
#5480,#5481));
#5739=CLOSED_SHELL('',(#5482,#5483,#5484,#5485));
#5740=CLOSED_SHELL('',(#5486,#5487,#5488,#5489,#5490,#5491,#5492,#5493,
#5494,#5495));
#5741=CLOSED_SHELL('',(#5496,#5497,#5498,#5499));
#5742=CLOSED_SHELL('',(#5500,#5501,#5502,#5503));
#5743=CLOSED_SHELL('',(#5504,#5505,#5506,#5507));
#5744=CLOSED_SHELL('',(#5508,#5509,#5510,#5511,#5512,#5513,#5514,#5515,
#5516,#5517,#5518,#5519,#5520,#5521,#5522,#5523,#5524,#5525,#5526,#5527));
#5745=CLOSED_SHELL('',(#5528,#5529,#5530,#5531,#5532,#5533));
#5746=CLOSED_SHELL('',(#5534,#5535,#5536,#5537,#5538,#5539));
#5747=CLOSED_SHELL('',(#5540,#5541,#5542,#5543,#5544,#5545,#5546,#5547,
#5548,#5549,#5550,#5551,#5552,#5553,#5554,#5555,#5556,#5557,#5558,#5559));
#5748=CLOSED_SHELL('',(#5560,#5561,#5562,#5563,#5564,#5565,#5566,#5567,
#5568,#5569,#5570,#5571,#5572,#5573,#5574));
#5749=CLOSED_SHELL('',(#5575,#5576,#5577,#5578,#5579,#5580,#5581,#5582,
#5583,#5584,#5585,#5586,#5587,#5588,#5589,#5590,#5591,#5592,#5593,#5594,
#5595,#5596));
#5750=CLOSED_SHELL('',(#5597,#5598,#5599,#5600,#5601,#5602,#5603,#5604,
#5605,#5606));
#5751=CLOSED_SHELL('',(#5607,#5608,#5609,#5610,#5611,#5612));
#5752=CLOSED_SHELL('',(#5613,#5614,#5615,#5616,#5617,#5618));
#5753=CLOSED_SHELL('',(#5619,#5620,#5621,#5622,#5623,#5624));
#5754=CLOSED_SHELL('',(#5625,#5626,#5627,#5628,#5629,#5630,#5631,#5632,
#5633,#5634,#5635,#5636,#5637,#5638));
#5755=CLOSED_SHELL('',(#5639,#5640,#5641,#5642,#5643,#5644,#5645,#5646,
#5647,#5648));
#5756=CLOSED_SHELL('',(#5649,#5650,#5651,#5652,#5653,#5654,#5655,#5656,
#5657,#5658,#5659,#5660,#5661,#5662,#5663));
#5757=CLOSED_SHELL('',(#5664,#5665,#5666,#5667,#5668,#5669,#5670,#5671,
#5672,#5673,#5674,#5675,#5676,#5677,#5678,#5679,#5680,#5681,#5682,#5683));
#5758=CLOSED_SHELL('',(#5684,#5685,#5686,#5687,#5688,#5689,#5690,#5691,
#5692,#5693,#5694,#5695,#5696,#5697,#5698,#5699,#5700,#5701));
#5759=CLOSED_SHELL('',(#5702,#5703,#5704,#5705,#5706,#5707));
#5760=CLOSED_SHELL('',(#5708,#5709,#5710,#5711,#5712,#5713,#5714,#5715,
#5716));
#5761=CLOSED_SHELL('',(#5717,#5718,#5719,#5720,#5721,#5722));
#5762=CLOSED_SHELL('',(#5723,#5724,#5725,#5726,#5727,#5728,#5729,#5730,
#5731,#5732));
#5763=AXIS2_PLACEMENT_3D('placement',#7364,#6101,#6102);
#5764=AXIS2_PLACEMENT_3D('',#7365,#6103,#6104);
#5765=AXIS2_PLACEMENT_3D('',#7367,#6105,#6106);
#5766=AXIS2_PLACEMENT_3D('',#7368,#6107,#6108);
#5767=AXIS2_PLACEMENT_3D('',#7370,#6109,#6110);
#5768=AXIS2_PLACEMENT_3D('',#7372,#6111,#6112);
#5769=AXIS2_PLACEMENT_3D('',#7373,#6113,#6114);
#5770=AXIS2_PLACEMENT_3D('',#7374,#6115,#6116);
#5771=AXIS2_PLACEMENT_3D('placement',#7375,#6117,#6118);
#5772=AXIS2_PLACEMENT_3D('',#7376,#6119,#6120);
#5773=AXIS2_PLACEMENT_3D('',#7385,#6125,#6126);
#5774=AXIS2_PLACEMENT_3D('',#7388,#6127,#6128);
#5775=AXIS2_PLACEMENT_3D('',#7392,#6130,#6131);
#5776=AXIS2_PLACEMENT_3D('',#7394,#6133,#6134);
#5777=AXIS2_PLACEMENT_3D('',#7414,#6144,#6145);
#5778=AXIS2_PLACEMENT_3D('',#7417,#6148,#6149);
#5779=AXIS2_PLACEMENT_3D('',#7421,#6152,#6153);
#5780=AXIS2_PLACEMENT_3D('',#7424,#6154,#6155);
#5781=AXIS2_PLACEMENT_3D('',#7427,#6158,#6159);
#5782=AXIS2_PLACEMENT_3D('',#7429,#6161,#6162);
#5783=AXIS2_PLACEMENT_3D('',#7446,#6172,#6173);
#5784=AXIS2_PLACEMENT_3D('',#7447,#6174,#6175);
#5785=AXIS2_PLACEMENT_3D('',#7449,#6177,#6178);
#5786=AXIS2_PLACEMENT_3D('',#7451,#6180,#6181);
#5787=AXIS2_PLACEMENT_3D('',#7453,#6183,#6184);
#5788=AXIS2_PLACEMENT_3D('',#7455,#6186,#6187);
#5789=AXIS2_PLACEMENT_3D('',#7457,#6189,#6190);
#5790=AXIS2_PLACEMENT_3D('',#7459,#6192,#6193);
#5791=AXIS2_PLACEMENT_3D('',#7461,#6195,#6196);
#5792=AXIS2_PLACEMENT_3D('',#7462,#6197,#6198);
#5793=AXIS2_PLACEMENT_3D('',#7471,#6203,#6204);
#5794=AXIS2_PLACEMENT_3D('',#7477,#6208,#6209);
#5795=AXIS2_PLACEMENT_3D('',#7483,#6213,#6214);
#5796=AXIS2_PLACEMENT_3D('',#7489,#6218,#6219);
#5797=AXIS2_PLACEMENT_3D('',#7495,#6223,#6224);
#5798=AXIS2_PLACEMENT_3D('',#7501,#6228,#6229);
#5799=AXIS2_PLACEMENT_3D('',#7507,#6233,#6234);
#5800=AXIS2_PLACEMENT_3D('',#7513,#6238,#6239);
#5801=AXIS2_PLACEMENT_3D('',#7519,#6243,#6244);
#5802=AXIS2_PLACEMENT_3D('',#7521,#6245,#6246);
#5803=AXIS2_PLACEMENT_3D('',#7523,#6247,#6248);
#5804=AXIS2_PLACEMENT_3D('',#7529,#6252,#6253);
#5805=AXIS2_PLACEMENT_3D('',#7535,#6257,#6258);
#5806=AXIS2_PLACEMENT_3D('',#7536,#6259,#6260);
#5807=AXIS2_PLACEMENT_3D('',#7541,#6263,#6264);
#5808=AXIS2_PLACEMENT_3D('',#7542,#6265,#6266);
#5809=AXIS2_PLACEMENT_3D('',#7543,#6267,#6268);
#5810=AXIS2_PLACEMENT_3D('',#7546,#6271,#6272);
#5811=AXIS2_PLACEMENT_3D('',#7547,#6273,#6274);
#5812=AXIS2_PLACEMENT_3D('',#7548,#6275,#6276);
#5813=AXIS2_PLACEMENT_3D('',#7557,#6281,#6282);
#5814=AXIS2_PLACEMENT_3D('',#7560,#6283,#6284);
#5815=AXIS2_PLACEMENT_3D('',#7564,#6286,#6287);
#5816=AXIS2_PLACEMENT_3D('',#7566,#6289,#6290);
#5817=AXIS2_PLACEMENT_3D('',#7572,#6294,#6295);
#5818=AXIS2_PLACEMENT_3D('',#7577,#6298,#6299);
#5819=AXIS2_PLACEMENT_3D('',#7593,#6308,#6309);
#5820=AXIS2_PLACEMENT_3D('',#7597,#6311,#6312);
#5821=AXIS2_PLACEMENT_3D('',#7599,#6314,#6315);
#5822=AXIS2_PLACEMENT_3D('',#7601,#6317,#6318);
#5823=AXIS2_PLACEMENT_3D('',#7618,#6328,#6329);
#5824=AXIS2_PLACEMENT_3D('',#7619,#6330,#6331);
#5825=AXIS2_PLACEMENT_3D('',#7621,#6333,#6334);
#5826=AXIS2_PLACEMENT_3D('',#7623,#6336,#6337);
#5827=AXIS2_PLACEMENT_3D('',#7625,#6339,#6340);
#5828=AXIS2_PLACEMENT_3D('',#7627,#6342,#6343);
#5829=AXIS2_PLACEMENT_3D('',#7629,#6345,#6346);
#5830=AXIS2_PLACEMENT_3D('',#7631,#6348,#6349);
#5831=AXIS2_PLACEMENT_3D('',#7633,#6351,#6352);
#5832=AXIS2_PLACEMENT_3D('',#7634,#6353,#6354);
#5833=AXIS2_PLACEMENT_3D('',#7643,#6359,#6360);
#5834=AXIS2_PLACEMENT_3D('',#7649,#6364,#6365);
#5835=AXIS2_PLACEMENT_3D('',#7655,#6369,#6370);
#5836=AXIS2_PLACEMENT_3D('',#7661,#6374,#6375);
#5837=AXIS2_PLACEMENT_3D('',#7667,#6379,#6380);
#5838=AXIS2_PLACEMENT_3D('',#7673,#6384,#6385);
#5839=AXIS2_PLACEMENT_3D('',#7679,#6389,#6390);
#5840=AXIS2_PLACEMENT_3D('',#7685,#6394,#6395);
#5841=AXIS2_PLACEMENT_3D('',#7694,#6400,#6401);
#5842=AXIS2_PLACEMENT_3D('',#7696,#6402,#6403);
#5843=AXIS2_PLACEMENT_3D('',#7699,#6405,#6406);
#5844=AXIS2_PLACEMENT_3D('',#7703,#6409,#6410);
#5845=AXIS2_PLACEMENT_3D('',#7705,#6411,#6412);
#5846=AXIS2_PLACEMENT_3D('',#7710,#6415,#6416);
#5847=AXIS2_PLACEMENT_3D('',#7712,#6418,#6419);
#5848=AXIS2_PLACEMENT_3D('',#7714,#6421,#6422);
#5849=AXIS2_PLACEMENT_3D('',#7715,#6423,#6424);
#5850=AXIS2_PLACEMENT_3D('',#7718,#6427,#6428);
#5851=AXIS2_PLACEMENT_3D('',#7719,#6429,#6430);
#5852=AXIS2_PLACEMENT_3D('placement',#7720,#6431,#6432);
#5853=AXIS2_PLACEMENT_3D('',#7721,#6433,#6434);
#5854=AXIS2_PLACEMENT_3D('',#7724,#6435,#6436);
#5855=AXIS2_PLACEMENT_3D('',#7728,#6438,#6439);
#5856=AXIS2_PLACEMENT_3D('',#7732,#6441,#6442);
#5857=AXIS2_PLACEMENT_3D('',#7736,#6444,#6445);
#5858=AXIS2_PLACEMENT_3D('',#7738,#6447,#6448);
#5859=AXIS2_PLACEMENT_3D('',#7740,#6449,#6450);
#5860=AXIS2_PLACEMENT_3D('',#7742,#6451,#6452);
#5861=AXIS2_PLACEMENT_3D('',#7743,#6453,#6454);
#5862=AXIS2_PLACEMENT_3D('',#7744,#6455,#6456);
#5863=AXIS2_PLACEMENT_3D('',#7746,#6457,#6458);
#5864=AXIS2_PLACEMENT_3D('',#7748,#6460,#6461);
#5865=AXIS2_PLACEMENT_3D('',#7750,#6462,#6463);
#5866=AXIS2_PLACEMENT_3D('',#7751,#6464,#6465);
#5867=AXIS2_PLACEMENT_3D('',#7752,#6466,#6467);
#5868=AXIS2_PLACEMENT_3D('',#7754,#6468,#6469);
#5869=AXIS2_PLACEMENT_3D('',#7756,#6471,#6472);
#5870=AXIS2_PLACEMENT_3D('',#7758,#6473,#6474);
#5871=AXIS2_PLACEMENT_3D('',#7759,#6475,#6476);
#5872=AXIS2_PLACEMENT_3D('',#7760,#6477,#6478);
#5873=AXIS2_PLACEMENT_3D('',#7762,#6479,#6480);
#5874=AXIS2_PLACEMENT_3D('',#7764,#6482,#6483);
#5875=AXIS2_PLACEMENT_3D('',#7766,#6484,#6485);
#5876=AXIS2_PLACEMENT_3D('',#7767,#6486,#6487);
#5877=AXIS2_PLACEMENT_3D('',#7768,#6488,#6489);
#5878=AXIS2_PLACEMENT_3D('',#7770,#6491,#6492);
#5879=AXIS2_PLACEMENT_3D('placement',#7771,#6493,#6494);
#5880=AXIS2_PLACEMENT_3D('',#7772,#6495,#6496);
#5881=AXIS2_PLACEMENT_3D('',#7774,#6497,#6498);
#5882=AXIS2_PLACEMENT_3D('',#7775,#6499,#6500);
#5883=AXIS2_PLACEMENT_3D('',#7777,#6501,#6502);
#5884=AXIS2_PLACEMENT_3D('',#7778,#6503,#6504);
#5885=AXIS2_PLACEMENT_3D('',#7780,#6505,#6506);
#5886=AXIS2_PLACEMENT_3D('',#7781,#6507,#6508);
#5887=AXIS2_PLACEMENT_3D('',#7782,#6509,#6510);
#5888=AXIS2_PLACEMENT_3D('',#7785,#6511,#6512);
#5889=AXIS2_PLACEMENT_3D('',#7789,#6514,#6515);
#5890=AXIS2_PLACEMENT_3D('',#7793,#6517,#6518);
#5891=AXIS2_PLACEMENT_3D('',#7797,#6520,#6521);
#5892=AXIS2_PLACEMENT_3D('',#7799,#6523,#6524);
#5893=AXIS2_PLACEMENT_3D('',#7805,#6528,#6529);
#5894=AXIS2_PLACEMENT_3D('',#7808,#6531,#6532);
#5895=AXIS2_PLACEMENT_3D('',#7809,#6533,#6534);
#5896=AXIS2_PLACEMENT_3D('',#7813,#6537,#6538);
#5897=AXIS2_PLACEMENT_3D('',#7816,#6540,#6541);
#5898=AXIS2_PLACEMENT_3D('',#7817,#6542,#6543);
#5899=AXIS2_PLACEMENT_3D('',#7819,#6544,#6545);
#5900=AXIS2_PLACEMENT_3D('',#7821,#6547,#6548);
#5901=AXIS2_PLACEMENT_3D('',#7825,#6551,#6552);
#5902=AXIS2_PLACEMENT_3D('',#7827,#6553,#6554);
#5903=AXIS2_PLACEMENT_3D('',#7829,#6556,#6557);
#5904=AXIS2_PLACEMENT_3D('',#7831,#6559,#6560);
#5905=AXIS2_PLACEMENT_3D('',#7832,#6561,#6562);
#5906=AXIS2_PLACEMENT_3D('',#7834,#6563,#6564);
#5907=AXIS2_PLACEMENT_3D('',#7835,#6565,#6566);
#5908=AXIS2_PLACEMENT_3D('',#7837,#6567,#6568);
#5909=AXIS2_PLACEMENT_3D('',#7838,#6569,#6570);
#5910=AXIS2_PLACEMENT_3D('',#7840,#6571,#6572);
#5911=AXIS2_PLACEMENT_3D('',#7841,#6573,#6574);
#5912=AXIS2_PLACEMENT_3D('',#7842,#6575,#6576);
#5913=AXIS2_PLACEMENT_3D('',#7844,#6577,#6578);
#5914=AXIS2_PLACEMENT_3D('',#7845,#6579,#6580);
#5915=AXIS2_PLACEMENT_3D('',#7847,#6581,#6582);
#5916=AXIS2_PLACEMENT_3D('',#7848,#6583,#6584);
#5917=AXIS2_PLACEMENT_3D('',#7850,#6585,#6586);
#5918=AXIS2_PLACEMENT_3D('',#7851,#6587,#6588);
#5919=AXIS2_PLACEMENT_3D('',#7852,#6589,#6590);
#5920=AXIS2_PLACEMENT_3D('',#7854,#6591,#6592);
#5921=AXIS2_PLACEMENT_3D('',#7855,#6593,#6594);
#5922=AXIS2_PLACEMENT_3D('',#7857,#6595,#6596);
#5923=AXIS2_PLACEMENT_3D('',#7858,#6597,#6598);
#5924=AXIS2_PLACEMENT_3D('',#7860,#6599,#6600);
#5925=AXIS2_PLACEMENT_3D('',#7861,#6601,#6602);
#5926=AXIS2_PLACEMENT_3D('placement',#7862,#6603,#6604);
#5927=AXIS2_PLACEMENT_3D('',#7863,#6605,#6606);
#5928=AXIS2_PLACEMENT_3D('',#7872,#6611,#6612);
#5929=AXIS2_PLACEMENT_3D('',#7878,#6616,#6617);
#5930=AXIS2_PLACEMENT_3D('',#7884,#6621,#6622);
#5931=AXIS2_PLACEMENT_3D('',#7890,#6626,#6627);
#5932=AXIS2_PLACEMENT_3D('',#7896,#6631,#6632);
#5933=AXIS2_PLACEMENT_3D('',#7902,#6636,#6637);
#5934=AXIS2_PLACEMENT_3D('',#7908,#6641,#6642);
#5935=AXIS2_PLACEMENT_3D('',#7914,#6646,#6647);
#5936=AXIS2_PLACEMENT_3D('',#7920,#6651,#6652);
#5937=AXIS2_PLACEMENT_3D('',#7926,#6656,#6657);
#5938=AXIS2_PLACEMENT_3D('',#7989,#6664,#6665);
#5939=AXIS2_PLACEMENT_3D('',#7995,#6669,#6670);
#5940=AXIS2_PLACEMENT_3D('',#8036,#6675,#6676);
#5941=AXIS2_PLACEMENT_3D('',#8037,#6677,#6678);
#5942=AXIS2_PLACEMENT_3D('',#8038,#6679,#6680);
#5943=AXIS2_PLACEMENT_3D('',#8047,#6685,#6686);
#5944=AXIS2_PLACEMENT_3D('',#8053,#6690,#6691);
#5945=AXIS2_PLACEMENT_3D('',#8059,#6695,#6696);
#5946=AXIS2_PLACEMENT_3D('',#8062,#6699,#6700);
#5947=AXIS2_PLACEMENT_3D('',#8063,#6701,#6702);
#5948=AXIS2_PLACEMENT_3D('',#8064,#6703,#6704);
#5949=AXIS2_PLACEMENT_3D('',#8073,#6709,#6710);
#5950=AXIS2_PLACEMENT_3D('',#8079,#6714,#6715);
#5951=AXIS2_PLACEMENT_3D('',#8085,#6719,#6720);
#5952=AXIS2_PLACEMENT_3D('',#8088,#6723,#6724);
#5953=AXIS2_PLACEMENT_3D('',#8089,#6725,#6726);
#5954=AXIS2_PLACEMENT_3D('',#8090,#6727,#6728);
#5955=AXIS2_PLACEMENT_3D('',#8099,#6733,#6734);
#5956=AXIS2_PLACEMENT_3D('',#8105,#6738,#6739);
#5957=AXIS2_PLACEMENT_3D('',#8111,#6743,#6744);
#5958=AXIS2_PLACEMENT_3D('',#8117,#6748,#6749);
#5959=AXIS2_PLACEMENT_3D('',#8123,#6753,#6754);
#5960=AXIS2_PLACEMENT_3D('',#8129,#6758,#6759);
#5961=AXIS2_PLACEMENT_3D('',#8135,#6763,#6764);
#5962=AXIS2_PLACEMENT_3D('',#8141,#6768,#6769);
#5963=AXIS2_PLACEMENT_3D('',#8147,#6773,#6774);
#5964=AXIS2_PLACEMENT_3D('',#8153,#6778,#6779);
#5965=AXIS2_PLACEMENT_3D('',#8216,#6786,#6787);
#5966=AXIS2_PLACEMENT_3D('',#8222,#6791,#6792);
#5967=AXIS2_PLACEMENT_3D('',#8263,#6797,#6798);
#5968=AXIS2_PLACEMENT_3D('',#8264,#6799,#6800);
#5969=AXIS2_PLACEMENT_3D('',#8265,#6801,#6802);
#5970=AXIS2_PLACEMENT_3D('',#8331,#6810,#6811);
#5971=AXIS2_PLACEMENT_3D('',#8337,#6815,#6816);
#5972=AXIS2_PLACEMENT_3D('',#8343,#6820,#6821);
#5973=AXIS2_PLACEMENT_3D('',#8349,#6825,#6826);
#5974=AXIS2_PLACEMENT_3D('',#8355,#6830,#6831);
#5975=AXIS2_PLACEMENT_3D('',#8399,#6837,#6838);
#5976=AXIS2_PLACEMENT_3D('',#8405,#6842,#6843);
#5977=AXIS2_PLACEMENT_3D('',#8408,#6846,#6847);
#5978=AXIS2_PLACEMENT_3D('',#8409,#6848,#6849);
#5979=AXIS2_PLACEMENT_3D('',#8508,#6856,#6857);
#5980=AXIS2_PLACEMENT_3D('',#8514,#6861,#6862);
#5981=AXIS2_PLACEMENT_3D('',#8672,#6874,#6875);
#5982=AXIS2_PLACEMENT_3D('',#8678,#6879,#6880);
#5983=AXIS2_PLACEMENT_3D('',#8738,#6886,#6887);
#5984=AXIS2_PLACEMENT_3D('',#8739,#6888,#6889);
#5985=AXIS2_PLACEMENT_3D('',#8740,#6890,#6891);
#5986=AXIS2_PLACEMENT_3D('',#8749,#6896,#6897);
#5987=AXIS2_PLACEMENT_3D('',#8755,#6901,#6902);
#5988=AXIS2_PLACEMENT_3D('',#8761,#6906,#6907);
#5989=AXIS2_PLACEMENT_3D('',#8767,#6911,#6912);
#5990=AXIS2_PLACEMENT_3D('',#8773,#6916,#6917);
#5991=AXIS2_PLACEMENT_3D('',#8779,#6921,#6922);
#5992=AXIS2_PLACEMENT_3D('',#8785,#6926,#6927);
#5993=AXIS2_PLACEMENT_3D('',#8788,#6930,#6931);
#5994=AXIS2_PLACEMENT_3D('',#8789,#6932,#6933);
#5995=AXIS2_PLACEMENT_3D('',#8790,#6934,#6935);
#5996=AXIS2_PLACEMENT_3D('',#8793,#6936,#6937);
#5997=AXIS2_PLACEMENT_3D('',#8797,#6939,#6940);
#5998=AXIS2_PLACEMENT_3D('',#8799,#6942,#6943);
#5999=AXIS2_PLACEMENT_3D('',#8805,#6947,#6948);
#6000=AXIS2_PLACEMENT_3D('',#8807,#6949,#6950);
#6001=AXIS2_PLACEMENT_3D('',#8809,#6951,#6952);
#6002=AXIS2_PLACEMENT_3D('',#8811,#6954,#6955);
#6003=AXIS2_PLACEMENT_3D('',#8814,#6958,#6959);
#6004=AXIS2_PLACEMENT_3D('',#8815,#6960,#6961);
#6005=AXIS2_PLACEMENT_3D('',#8816,#6962,#6963);
#6006=AXIS2_PLACEMENT_3D('',#8825,#6968,#6969);
#6007=AXIS2_PLACEMENT_3D('',#8827,#6970,#6971);
#6008=AXIS2_PLACEMENT_3D('',#8829,#6972,#6973);
#6009=AXIS2_PLACEMENT_3D('',#8831,#6975,#6976);
#6010=AXIS2_PLACEMENT_3D('',#8837,#6980,#6981);
#6011=AXIS2_PLACEMENT_3D('',#8838,#6982,#6983);
#6012=AXIS2_PLACEMENT_3D('',#8839,#6984,#6985);
#6013=AXIS2_PLACEMENT_3D('',#8840,#6986,#6987);
#6014=AXIS2_PLACEMENT_3D('',#8841,#6988,#6989);
#6015=AXIS2_PLACEMENT_3D('',#8842,#6990,#6991);
#6016=AXIS2_PLACEMENT_3D('',#8851,#6996,#6997);
#6017=AXIS2_PLACEMENT_3D('',#8853,#6998,#6999);
#6018=AXIS2_PLACEMENT_3D('',#8855,#7000,#7001);
#6019=AXIS2_PLACEMENT_3D('',#8857,#7003,#7004);
#6020=AXIS2_PLACEMENT_3D('',#8863,#7008,#7009);
#6021=AXIS2_PLACEMENT_3D('',#8864,#7010,#7011);
#6022=AXIS2_PLACEMENT_3D('',#8865,#7012,#7013);
#6023=AXIS2_PLACEMENT_3D('',#8866,#7014,#7015);
#6024=AXIS2_PLACEMENT_3D('',#8867,#7016,#7017);
#6025=AXIS2_PLACEMENT_3D('',#8868,#7018,#7019);
#6026=AXIS2_PLACEMENT_3D('',#8877,#7024,#7025);
#6027=AXIS2_PLACEMENT_3D('',#8883,#7029,#7030);
#6028=AXIS2_PLACEMENT_3D('',#8889,#7034,#7035);
#6029=AXIS2_PLACEMENT_3D('',#8895,#7039,#7040);
#6030=AXIS2_PLACEMENT_3D('',#8901,#7044,#7045);
#6031=AXIS2_PLACEMENT_3D('',#8907,#7049,#7050);
#6032=AXIS2_PLACEMENT_3D('',#8913,#7054,#7055);
#6033=AXIS2_PLACEMENT_3D('',#8919,#7059,#7060);
#6034=AXIS2_PLACEMENT_3D('',#8925,#7064,#7065);
#6035=AXIS2_PLACEMENT_3D('',#8931,#7069,#7070);
#6036=AXIS2_PLACEMENT_3D('',#8937,#7074,#7075);
#6037=AXIS2_PLACEMENT_3D('',#8940,#7078,#7079);
#6038=AXIS2_PLACEMENT_3D('',#8941,#7080,#7081);
#6039=AXIS2_PLACEMENT_3D('',#9094,#7090,#7091);
#6040=AXIS2_PLACEMENT_3D('',#9095,#7092,#7093);
#6041=AXIS2_PLACEMENT_3D('',#9096,#7094,#7095);
#6042=AXIS2_PLACEMENT_3D('',#9162,#7103,#7104);
#6043=AXIS2_PLACEMENT_3D('',#9168,#7108,#7109);
#6044=AXIS2_PLACEMENT_3D('',#9174,#7113,#7114);
#6045=AXIS2_PLACEMENT_3D('',#9180,#7118,#7119);
#6046=AXIS2_PLACEMENT_3D('',#9186,#7123,#7124);
#6047=AXIS2_PLACEMENT_3D('',#9230,#7130,#7131);
#6048=AXIS2_PLACEMENT_3D('',#9236,#7135,#7136);
#6049=AXIS2_PLACEMENT_3D('',#9239,#7139,#7140);
#6050=AXIS2_PLACEMENT_3D('',#9240,#7141,#7142);
#6051=AXIS2_PLACEMENT_3D('',#9241,#7143,#7144);
#6052=AXIS2_PLACEMENT_3D('',#9383,#7156,#7157);
#6053=AXIS2_PLACEMENT_3D('',#9389,#7161,#7162);
#6054=AXIS2_PLACEMENT_3D('',#9452,#7169,#7170);
#6055=AXIS2_PLACEMENT_3D('',#9458,#7174,#7175);
#6056=AXIS2_PLACEMENT_3D('',#9518,#7181,#7182);
#6057=AXIS2_PLACEMENT_3D('',#9519,#7183,#7184);
#6058=AXIS2_PLACEMENT_3D('',#9599,#7190,#7191);
#6059=AXIS2_PLACEMENT_3D('',#9605,#7195,#7196);
#6060=AXIS2_PLACEMENT_3D('',#9706,#7205,#7206);
#6061=AXIS2_PLACEMENT_3D('',#9712,#7210,#7211);
#6062=AXIS2_PLACEMENT_3D('',#9772,#7217,#7218);
#6063=AXIS2_PLACEMENT_3D('',#9773,#7219,#7220);
#6064=AXIS2_PLACEMENT_3D('',#9774,#7221,#7222);
#6065=AXIS2_PLACEMENT_3D('',#9783,#7227,#7228);
#6066=AXIS2_PLACEMENT_3D('',#9789,#7232,#7233);
#6067=AXIS2_PLACEMENT_3D('',#9795,#7237,#7238);
#6068=AXIS2_PLACEMENT_3D('',#9798,#7241,#7242);
#6069=AXIS2_PLACEMENT_3D('',#9799,#7243,#7244);
#6070=AXIS2_PLACEMENT_3D('',#9800,#7245,#7246);
#6071=AXIS2_PLACEMENT_3D('',#9809,#7251,#7252);
#6072=AXIS2_PLACEMENT_3D('',#9815,#7256,#7257);
#6073=AXIS2_PLACEMENT_3D('',#9821,#7261,#7262);
#6074=AXIS2_PLACEMENT_3D('',#9827,#7266,#7267);
#6075=AXIS2_PLACEMENT_3D('',#9833,#7271,#7272);
#6076=AXIS2_PLACEMENT_3D('',#9839,#7276,#7277);
#6077=AXIS2_PLACEMENT_3D('',#9842,#7280,#7281);
#6078=AXIS2_PLACEMENT_3D('',#9843,#7282,#7283);
#6079=AXIS2_PLACEMENT_3D('',#9844,#7284,#7285);
#6080=AXIS2_PLACEMENT_3D('',#9853,#7290,#7291);
#6081=AXIS2_PLACEMENT_3D('',#9859,#7295,#7296);
#6082=AXIS2_PLACEMENT_3D('',#9865,#7300,#7301);
#6083=AXIS2_PLACEMENT_3D('',#9868,#7304,#7305);
#6084=AXIS2_PLACEMENT_3D('',#9869,#7306,#7307);
#6085=AXIS2_PLACEMENT_3D('',#9870,#7308,#7309);
#6086=AXIS2_PLACEMENT_3D('',#9879,#7314,#7315);
#6087=AXIS2_PLACEMENT_3D('',#9885,#7319,#7320);
#6088=AXIS2_PLACEMENT_3D('',#9891,#7324,#7325);
#6089=AXIS2_PLACEMENT_3D('',#9897,#7329,#7330);
#6090=AXIS2_PLACEMENT_3D('',#9903,#7334,#7335);
#6091=AXIS2_PLACEMENT_3D('',#9909,#7339,#7340);
#6092=AXIS2_PLACEMENT_3D('',#9915,#7344,#7345);
#6093=AXIS2_PLACEMENT_3D('',#9918,#7348,#7349);
#6094=AXIS2_PLACEMENT_3D('',#9919,#7350,#7351);
#6095=AXIS2_PLACEMENT_3D('placement',#9920,#7352,#7353);
#6096=AXIS2_PLACEMENT_3D('',#9921,#7354,#7355);
#6097=AXIS2_PLACEMENT_3D('',#9922,#7356,#7357);
#6098=AXIS2_PLACEMENT_3D('',#9923,#7358,#7359);
#6099=AXIS2_PLACEMENT_3D('',#9924,#7360,#7361);
#6100=AXIS2_PLACEMENT_3D('',#9925,#7362,#7363);
#6101=DIRECTION('axis',(0.,0.,1.));
#6102=DIRECTION('refdir',(1.,0.,0.));
#6103=DIRECTION('center_axis',(0.,0.,1.));
#6104=DIRECTION('ref_axis',(1.,0.,0.));
#6105=DIRECTION('center_axis',(0.,0.,-1.));
#6106=DIRECTION('ref_axis',(-1.,0.,0.));
#6107=DIRECTION('center_axis',(0.,0.,1.));
#6108=DIRECTION('ref_axis',(1.,0.,0.));
#6109=DIRECTION('center_axis',(0.,0.,1.));
#6110=DIRECTION('ref_axis',(-1.,6.12323399573676E-17,0.));
#6111=DIRECTION('center_axis',(0.,0.,-1.));
#6112=DIRECTION('ref_axis',(-1.,0.,0.));
#6113=DIRECTION('center_axis',(0.,0.,-1.));
#6114=DIRECTION('ref_axis',(-1.,0.,0.));
#6115=DIRECTION('center_axis',(0.,0.,-1.));
#6116=DIRECTION('ref_axis',(-1.,0.,0.));
#6117=DIRECTION('axis',(0.,0.,1.));
#6118=DIRECTION('refdir',(1.,0.,0.));
#6119=DIRECTION('center_axis',(0.,-1.,0.));
#6120=DIRECTION('ref_axis',(0.,0.,1.));
#6121=DIRECTION('',(0.,0.,1.));
#6122=DIRECTION('',(-1.,0.,0.));
#6123=DIRECTION('',(0.,0.,1.));
#6124=DIRECTION('',(-1.,0.,0.));
#6125=DIRECTION('center_axis',(-1.,0.,0.));
#6126=DIRECTION('ref_axis',(0.,0.707106781186548,0.707106781186548));
#6127=DIRECTION('center_axis',(1.,0.,0.));
#6128=DIRECTION('ref_axis',(0.,0.707106781186548,0.707106781186548));
#6129=DIRECTION('',(1.,0.,0.));
#6130=DIRECTION('center_axis',(-1.,0.,0.));
#6131=DIRECTION('ref_axis',(0.,0.707106781186548,0.707106781186548));
#6132=DIRECTION('',(-1.,0.,0.));
#6133=DIRECTION('center_axis',(1.,0.,0.));
#6134=DIRECTION('ref_axis',(0.,0.,-1.));
#6135=DIRECTION('',(0.,0.,-1.));
#6136=DIRECTION('',(0.,-0.217853032587203,0.975981585990514));
#6137=DIRECTION('',(0.,0.217853032587203,0.975981585990514));
#6138=DIRECTION('',(0.,0.,1.));
#6139=DIRECTION('',(0.,1.,0.));
#6140=DIRECTION('',(0.,0.,-1.));
#6141=DIRECTION('',(0.,-0.217853032587203,-0.975981585990514));
#6142=DIRECTION('',(0.,0.217853032587203,-0.975981585990514));
#6143=DIRECTION('',(0.,0.,-1.));
#6144=DIRECTION('center_axis',(-1.,0.,0.));
#6145=DIRECTION('ref_axis',(0.,0.707106781186548,0.707106781186548));
#6146=DIRECTION('',(0.,1.,0.));
#6147=DIRECTION('',(0.,-1.,0.));
#6148=DIRECTION('center_axis',(0.,1.,0.));
#6149=DIRECTION('ref_axis',(0.,0.,1.));
#6150=DIRECTION('',(0.,0.,1.));
#6151=DIRECTION('',(1.,0.,0.));
#6152=DIRECTION('center_axis',(-1.,0.,0.));
#6153=DIRECTION('ref_axis',(0.,0.707106781186548,0.707106781186548));
#6154=DIRECTION('center_axis',(1.,0.,0.));
#6155=DIRECTION('ref_axis',(0.,0.707106781186548,0.707106781186548));
#6156=DIRECTION('',(-1.,0.,0.));
#6157=DIRECTION('',(1.,0.,0.));
#6158=DIRECTION('center_axis',(0.,0.,1.));
#6159=DIRECTION('ref_axis',(0.,1.,0.));
#6160=DIRECTION('',(0.,1.,0.));
#6161=DIRECTION('center_axis',(1.,0.,0.));
#6162=DIRECTION('ref_axis',(0.,0.,-1.));
#6163=DIRECTION('',(0.,-1.,0.));
#6164=DIRECTION('',(0.,0.,-1.));
#6165=DIRECTION('',(0.,0.217853032587203,-0.975981585990514));
#6166=DIRECTION('',(0.,-0.217853032587203,-0.975981585990514));
#6167=DIRECTION('',(0.,0.,-1.));
#6168=DIRECTION('',(0.,1.,0.));
#6169=DIRECTION('',(0.,0.,1.));
#6170=DIRECTION('',(0.,0.217853032587203,0.975981585990514));
#6171=DIRECTION('',(0.,-0.217853032587203,0.975981585990514));
#6172=DIRECTION('center_axis',(0.,0.,1.));
#6173=DIRECTION('ref_axis',(0.,-1.,0.));
#6174=DIRECTION('center_axis',(0.,1.,0.));
#6175=DIRECTION('ref_axis',(0.,0.,-1.));
#6176=DIRECTION('',(1.,0.,0.));
#6177=DIRECTION('center_axis',(0.,0.975981585990514,0.217853032587203));
#6178=DIRECTION('ref_axis',(0.,0.217853032587203,-0.975981585990514));
#6179=DIRECTION('',(-1.,0.,0.));
#6180=DIRECTION('center_axis',(0.,0.975981585990514,-0.217853032587203));
#6181=DIRECTION('ref_axis',(0.,-0.217853032587203,-0.975981585990514));
#6182=DIRECTION('',(-1.,0.,0.));
#6183=DIRECTION('center_axis',(0.,1.,0.));
#6184=DIRECTION('ref_axis',(0.,0.,-1.));
#6185=DIRECTION('',(-1.,0.,0.));
#6186=DIRECTION('center_axis',(0.,0.,1.));
#6187=DIRECTION('ref_axis',(0.,1.,0.));
#6188=DIRECTION('',(-1.,0.,0.));
#6189=DIRECTION('center_axis',(0.,-1.,0.));
#6190=DIRECTION('ref_axis',(0.,0.,1.));
#6191=DIRECTION('',(-1.,0.,0.));
#6192=DIRECTION('center_axis',(0.,-0.975981585990514,0.217853032587203));
#6193=DIRECTION('ref_axis',(0.,0.217853032587203,0.975981585990514));
#6194=DIRECTION('',(-1.,0.,0.));
#6195=DIRECTION('center_axis',(0.,-0.975981585990514,-0.217853032587203));
#6196=DIRECTION('ref_axis',(0.,-0.217853032587203,0.975981585990514));
#6197=DIRECTION('center_axis',(0.,-1.,0.));
#6198=DIRECTION('ref_axis',(0.,0.,-1.));
#6199=DIRECTION('',(-1.,0.,0.));
#6200=DIRECTION('',(0.,0.,-1.));
#6201=DIRECTION('',(-1.,0.,0.));
#6202=DIRECTION('',(0.,0.,-1.));
#6203=DIRECTION('center_axis',(0.,0.975981585990514,-0.217853032587203));
#6204=DIRECTION('ref_axis',(0.,-0.217853032587203,-0.975981585990514));
#6205=DIRECTION('',(0.,-0.217853032587203,-0.975981585990514));
#6206=DIRECTION('',(-1.,0.,0.));
#6207=DIRECTION('',(0.,-0.217853032587203,-0.975981585990514));
#6208=DIRECTION('center_axis',(0.,0.975981585990514,0.217853032587203));
#6209=DIRECTION('ref_axis',(0.,0.217853032587203,-0.975981585990514));
#6210=DIRECTION('',(0.,0.217853032587203,-0.975981585990514));
#6211=DIRECTION('',(-1.,0.,0.));
#6212=DIRECTION('',(0.,0.217853032587203,-0.975981585990514));
#6213=DIRECTION('center_axis',(0.,1.,0.));
#6214=DIRECTION('ref_axis',(0.,0.,-1.));
#6215=DIRECTION('',(0.,0.,-1.));
#6216=DIRECTION('',(-1.,0.,0.));
#6217=DIRECTION('',(0.,0.,-1.));
#6218=DIRECTION('center_axis',(0.,0.,-1.));
#6219=DIRECTION('ref_axis',(0.,-1.,0.));
#6220=DIRECTION('',(0.,-1.,0.));
#6221=DIRECTION('',(-1.,0.,0.));
#6222=DIRECTION('',(0.,-1.,0.));
#6223=DIRECTION('center_axis',(0.,-1.,0.));
#6224=DIRECTION('ref_axis',(0.,0.,1.));
#6225=DIRECTION('',(0.,0.,1.));
#6226=DIRECTION('',(-1.,0.,0.));
#6227=DIRECTION('',(0.,0.,1.));
#6228=DIRECTION('center_axis',(0.,-0.975981585990514,-0.217853032587203));
#6229=DIRECTION('ref_axis',(0.,-0.217853032587203,0.975981585990514));
#6230=DIRECTION('',(0.,-0.217853032587203,0.975981585990514));
#6231=DIRECTION('',(-1.,0.,0.));
#6232=DIRECTION('',(0.,-0.217853032587203,0.975981585990514));
#6233=DIRECTION('center_axis',(0.,-0.975981585990514,0.217853032587203));
#6234=DIRECTION('ref_axis',(0.,0.217853032587203,0.975981585990514));
#6235=DIRECTION('',(0.,0.217853032587203,0.975981585990514));
#6236=DIRECTION('',(-1.,0.,0.));
#6237=DIRECTION('',(0.,0.217853032587203,0.975981585990514));
#6238=DIRECTION('center_axis',(0.,1.,0.));
#6239=DIRECTION('ref_axis',(0.,0.,1.));
#6240=DIRECTION('',(1.,0.,0.));
#6241=DIRECTION('',(0.,0.,1.));
#6242=DIRECTION('',(0.,0.,1.));
#6243=DIRECTION('center_axis',(-1.,0.,0.));
#6244=DIRECTION('ref_axis',(0.,0.,-1.));
#6245=DIRECTION('center_axis',(-1.,0.,0.));
#6246=DIRECTION('ref_axis',(0.,-0.707106781186548,0.707106781186548));
#6247=DIRECTION('center_axis',(1.,0.,0.));
#6248=DIRECTION('ref_axis',(0.,-0.707106781186548,0.707106781186548));
#6249=DIRECTION('',(0.,-1.,0.));
#6250=DIRECTION('',(0.,0.,1.));
#6251=DIRECTION('',(0.,1.,0.));
#6252=DIRECTION('center_axis',(0.,0.,-1.));
#6253=DIRECTION('ref_axis',(0.,1.,0.));
#6254=DIRECTION('',(-1.,0.,0.));
#6255=DIRECTION('',(-1.,0.,0.));
#6256=DIRECTION('',(0.,1.,0.));
#6257=DIRECTION('center_axis',(-1.,0.,0.));
#6258=DIRECTION('ref_axis',(0.,0.,-1.));
#6259=DIRECTION('center_axis',(1.,0.,0.));
#6260=DIRECTION('ref_axis',(0.,-0.707106781186548,0.707106781186548));
#6261=DIRECTION('',(0.,0.,1.));
#6262=DIRECTION('',(0.,-1.,0.));
#6263=DIRECTION('center_axis',(-1.,0.,0.));
#6264=DIRECTION('ref_axis',(0.,-0.707106781186548,0.707106781186548));
#6265=DIRECTION('center_axis',(-1.,0.,0.));
#6266=DIRECTION('ref_axis',(0.,-0.707106781186548,0.707106781186548));
#6267=DIRECTION('center_axis',(0.,0.,1.));
#6268=DIRECTION('ref_axis',(0.,-1.,0.));
#6269=DIRECTION('',(1.,0.,0.));
#6270=DIRECTION('',(-1.,0.,0.));
#6271=DIRECTION('center_axis',(1.,0.,0.));
#6272=DIRECTION('ref_axis',(0.,-0.707106781186548,0.707106781186548));
#6273=DIRECTION('center_axis',(0.,1.,0.));
#6274=DIRECTION('ref_axis',(0.,0.,-1.));
#6275=DIRECTION('center_axis',(0.,-1.,0.));
#6276=DIRECTION('ref_axis',(0.,0.,1.));
#6277=DIRECTION('',(0.,0.,1.));
#6278=DIRECTION('',(1.,0.,0.));
#6279=DIRECTION('',(0.,0.,1.));
#6280=DIRECTION('',(1.,0.,0.));
#6281=DIRECTION('center_axis',(-1.,0.,0.));
#6282=DIRECTION('ref_axis',(0.,0.707106781186548,0.707106781186548));
#6283=DIRECTION('center_axis',(1.,0.,0.));
#6284=DIRECTION('ref_axis',(0.,0.707106781186548,0.707106781186548));
#6285=DIRECTION('',(1.,0.,0.));
#6286=DIRECTION('center_axis',(-1.,0.,0.));
#6287=DIRECTION('ref_axis',(0.,0.707106781186548,0.707106781186548));
#6288=DIRECTION('',(-1.,0.,0.));
#6289=DIRECTION('center_axis',(0.,1.,0.));
#6290=DIRECTION('ref_axis',(0.,0.,1.));
#6291=DIRECTION('',(0.,0.,1.));
#6292=DIRECTION('',(1.,0.,0.));
#6293=DIRECTION('',(0.,0.,1.));
#6294=DIRECTION('center_axis',(1.,0.,0.));
#6295=DIRECTION('ref_axis',(0.,0.,-1.));
#6296=DIRECTION('',(0.,-1.,0.));
#6297=DIRECTION('',(0.,1.,0.));
#6298=DIRECTION('center_axis',(1.,0.,0.));
#6299=DIRECTION('ref_axis',(0.,0.707106781186548,0.707106781186548));
#6300=DIRECTION('',(0.,0.,-1.));
#6301=DIRECTION('',(0.,0.217853032587203,-0.975981585990514));
#6302=DIRECTION('',(0.,-0.217853032587203,-0.975981585990514));
#6303=DIRECTION('',(0.,0.,-1.));
#6304=DIRECTION('',(0.,1.,0.));
#6305=DIRECTION('',(0.,0.,1.));
#6306=DIRECTION('',(0.,0.217853032587203,0.975981585990514));
#6307=DIRECTION('',(0.,-0.217853032587203,0.975981585990514));
#6308=DIRECTION('center_axis',(-1.,0.,0.));
#6309=DIRECTION('ref_axis',(0.,0.707106781186548,0.707106781186548));
#6310=DIRECTION('',(-1.,0.,0.));
#6311=DIRECTION('center_axis',(-1.,0.,0.));
#6312=DIRECTION('ref_axis',(0.,0.707106781186548,0.707106781186548));
#6313=DIRECTION('',(1.,0.,0.));
#6314=DIRECTION('center_axis',(0.,0.,1.));
#6315=DIRECTION('ref_axis',(0.,1.,0.));
#6316=DIRECTION('',(0.,1.,0.));
#6317=DIRECTION('center_axis',(1.,0.,0.));
#6318=DIRECTION('ref_axis',(0.,0.,-1.));
#6319=DIRECTION('',(0.,-0.217853032587203,0.975981585990514));
#6320=DIRECTION('',(0.,0.217853032587203,0.975981585990514));
#6321=DIRECTION('',(0.,0.,1.));
#6322=DIRECTION('',(0.,1.,0.));
#6323=DIRECTION('',(0.,0.,-1.));
#6324=DIRECTION('',(0.,-0.217853032587203,-0.975981585990514));
#6325=DIRECTION('',(0.,0.217853032587203,-0.975981585990514));
#6326=DIRECTION('',(0.,0.,-1.));
#6327=DIRECTION('',(0.,-1.,0.));
#6328=DIRECTION('center_axis',(0.,0.,1.));
#6329=DIRECTION('ref_axis',(0.,-1.,0.));
#6330=DIRECTION('center_axis',(0.,0.975981585990514,0.217853032587203));
#6331=DIRECTION('ref_axis',(0.,-0.217853032587203,0.975981585990514));
#6332=DIRECTION('',(1.,0.,0.));
#6333=DIRECTION('center_axis',(0.,0.975981585990514,-0.217853032587203));
#6334=DIRECTION('ref_axis',(0.,0.217853032587203,0.975981585990514));
#6335=DIRECTION('',(1.,0.,0.));
#6336=DIRECTION('center_axis',(0.,1.,0.));
#6337=DIRECTION('ref_axis',(0.,0.,1.));
#6338=DIRECTION('',(1.,0.,0.));
#6339=DIRECTION('center_axis',(0.,0.,-1.));
#6340=DIRECTION('ref_axis',(0.,1.,0.));
#6341=DIRECTION('',(1.,0.,0.));
#6342=DIRECTION('center_axis',(0.,-1.,0.));
#6343=DIRECTION('ref_axis',(0.,0.,-1.));
#6344=DIRECTION('',(1.,0.,0.));
#6345=DIRECTION('center_axis',(0.,-0.975981585990514,0.217853032587203));
#6346=DIRECTION('ref_axis',(0.,-0.217853032587203,-0.975981585990514));
#6347=DIRECTION('',(1.,0.,0.));
#6348=DIRECTION('center_axis',(0.,-0.975981585990514,-0.217853032587203));
#6349=DIRECTION('ref_axis',(0.,0.217853032587203,-0.975981585990514));
#6350=DIRECTION('',(1.,0.,0.));
#6351=DIRECTION('center_axis',(0.,1.,0.));
#6352=DIRECTION('ref_axis',(0.,0.,-1.));
#6353=DIRECTION('center_axis',(0.,0.975981585990514,-0.217853032587203));
#6354=DIRECTION('ref_axis',(0.,0.217853032587203,0.975981585990514));
#6355=DIRECTION('',(0.,0.217853032587203,0.975981585990514));
#6356=DIRECTION('',(1.,0.,0.));
#6357=DIRECTION('',(0.,0.217853032587203,0.975981585990514));
#6358=DIRECTION('',(-1.,0.,0.));
#6359=DIRECTION('center_axis',(0.,0.975981585990514,0.217853032587203));
#6360=DIRECTION('ref_axis',(0.,-0.217853032587203,0.975981585990514));
#6361=DIRECTION('',(0.,-0.217853032587203,0.975981585990514));
#6362=DIRECTION('',(1.,0.,0.));
#6363=DIRECTION('',(0.,-0.217853032587203,0.975981585990514));
#6364=DIRECTION('center_axis',(0.,1.,0.));
#6365=DIRECTION('ref_axis',(0.,0.,1.));
#6366=DIRECTION('',(0.,0.,1.));
#6367=DIRECTION('',(1.,0.,0.));
#6368=DIRECTION('',(0.,0.,1.));
#6369=DIRECTION('center_axis',(0.,0.,1.));
#6370=DIRECTION('ref_axis',(0.,-1.,0.));
#6371=DIRECTION('',(0.,-1.,0.));
#6372=DIRECTION('',(1.,0.,0.));
#6373=DIRECTION('',(0.,-1.,0.));
#6374=DIRECTION('center_axis',(0.,-1.,0.));
#6375=DIRECTION('ref_axis',(0.,0.,-1.));
#6376=DIRECTION('',(0.,0.,-1.));
#6377=DIRECTION('',(1.,0.,0.));
#6378=DIRECTION('',(0.,0.,-1.));
#6379=DIRECTION('center_axis',(0.,-0.975981585990514,-0.217853032587203));
#6380=DIRECTION('ref_axis',(0.,0.217853032587203,-0.975981585990514));
#6381=DIRECTION('',(0.,0.217853032587203,-0.975981585990514));
#6382=DIRECTION('',(1.,0.,0.));
#6383=DIRECTION('',(0.,0.217853032587203,-0.975981585990514));
#6384=DIRECTION('center_axis',(0.,-0.975981585990514,0.217853032587203));
#6385=DIRECTION('ref_axis',(0.,-0.217853032587203,-0.975981585990514));
#6386=DIRECTION('',(0.,-0.217853032587203,-0.975981585990514));
#6387=DIRECTION('',(-1.,0.,0.));
#6388=DIRECTION('',(0.,-0.217853032587203,-0.975981585990514));
#6389=DIRECTION('center_axis',(0.,-1.,0.));
#6390=DIRECTION('ref_axis',(0.,0.,-1.));
#6391=DIRECTION('',(-1.,0.,0.));
#6392=DIRECTION('',(0.,0.,-1.));
#6393=DIRECTION('',(0.,0.,-1.));
#6394=DIRECTION('center_axis',(0.,0.,-1.));
#6395=DIRECTION('ref_axis',(0.,1.,0.));
#6396=DIRECTION('',(-1.,0.,0.));
#6397=DIRECTION('',(0.,1.,0.));
#6398=DIRECTION('',(1.,0.,0.));
#6399=DIRECTION('',(0.,1.,0.));
#6400=DIRECTION('center_axis',(-1.,0.,0.));
#6401=DIRECTION('ref_axis',(0.,0.,-1.));
#6402=DIRECTION('center_axis',(-1.,0.,0.));
#6403=DIRECTION('ref_axis',(0.,-0.707106781186548,0.707106781186548));
#6404=DIRECTION('',(0.,0.,1.));
#6405=DIRECTION('center_axis',(1.,0.,0.));
#6406=DIRECTION('ref_axis',(0.,-0.707106781186548,0.707106781186548));
#6407=DIRECTION('',(0.,-1.,0.));
#6408=DIRECTION('',(0.,0.,1.));
#6409=DIRECTION('center_axis',(-1.,0.,0.));
#6410=DIRECTION('ref_axis',(0.,0.,-1.));
#6411=DIRECTION('center_axis',(1.,0.,0.));
#6412=DIRECTION('ref_axis',(0.,-0.707106781186548,0.707106781186548));
#6413=DIRECTION('',(0.,0.,1.));
#6414=DIRECTION('',(0.,-1.,0.));
#6415=DIRECTION('center_axis',(-1.,0.,0.));
#6416=DIRECTION('ref_axis',(0.,-0.707106781186548,0.707106781186548));
#6417=DIRECTION('',(0.,0.,1.));
#6418=DIRECTION('center_axis',(0.,1.,0.));
#6419=DIRECTION('ref_axis',(0.,0.,1.));
#6420=DIRECTION('',(1.,0.,0.));
#6421=DIRECTION('center_axis',(-1.,0.,0.));
#6422=DIRECTION('ref_axis',(0.,-0.707106781186548,0.707106781186548));
#6423=DIRECTION('center_axis',(0.,0.,1.));
#6424=DIRECTION('ref_axis',(0.,-1.,0.));
#6425=DIRECTION('',(1.,0.,0.));
#6426=DIRECTION('',(1.,0.,0.));
#6427=DIRECTION('center_axis',(1.,0.,0.));
#6428=DIRECTION('ref_axis',(0.,-0.707106781186548,0.707106781186548));
#6429=DIRECTION('center_axis',(0.,1.,0.));
#6430=DIRECTION('ref_axis',(0.,0.,-1.));
#6431=DIRECTION('axis',(0.,0.,1.));
#6432=DIRECTION('refdir',(1.,0.,0.));
#6433=DIRECTION('center_axis',(0.,0.,-1.));
#6434=DIRECTION('ref_axis',(0.,-1.,0.));
#6435=DIRECTION('center_axis',(0.,0.,1.));
#6436=DIRECTION('ref_axis',(-0.707106781186547,-0.707106781186547,0.));
#6437=DIRECTION('',(0.,-1.,0.));
#6438=DIRECTION('center_axis',(0.,0.,1.));
#6439=DIRECTION('ref_axis',(-0.707106781186547,0.707106781186547,0.));
#6440=DIRECTION('',(-1.,0.,0.));
#6441=DIRECTION('center_axis',(0.,0.,1.));
#6442=DIRECTION('ref_axis',(0.707106781186547,0.707106781186547,0.));
#6443=DIRECTION('',(0.,1.,0.));
#6444=DIRECTION('center_axis',(0.,0.,1.));
#6445=DIRECTION('ref_axis',(0.707106781186547,-0.707106781186547,0.));
#6446=DIRECTION('',(1.,0.,0.));
#6447=DIRECTION('center_axis',(0.,0.,1.));
#6448=DIRECTION('ref_axis',(1.,0.,0.));
#6449=DIRECTION('center_axis',(0.,-1.,0.));
#6450=DIRECTION('ref_axis',(0.,0.,1.));
#6451=DIRECTION('center_axis',(-1.,0.,0.));
#6452=DIRECTION('ref_axis',(0.,-1.,0.));
#6453=DIRECTION('center_axis',(0.,0.,-1.));
#6454=DIRECTION('ref_axis',(-0.707106781186547,-0.707106781186547,0.));
#6455=DIRECTION('center_axis',(-1.,0.,0.));
#6456=DIRECTION('ref_axis',(0.,-0.707106781186548,0.707106781186548));
#6457=DIRECTION('center_axis',(-1.,0.,0.));
#6458=DIRECTION('ref_axis',(0.,-1.,0.));
#6459=DIRECTION('',(-1.,0.,0.));
#6460=DIRECTION('center_axis',(0.,0.,1.));
#6461=DIRECTION('ref_axis',(1.,0.,0.));
#6462=DIRECTION('center_axis',(0.,-1.,0.));
#6463=DIRECTION('ref_axis',(1.,0.,0.));
#6464=DIRECTION('center_axis',(0.,0.,-1.));
#6465=DIRECTION('ref_axis',(0.707106781186547,-0.707106781186547,0.));
#6466=DIRECTION('center_axis',(0.,-1.,0.));
#6467=DIRECTION('ref_axis',(0.707106781186548,0.,0.707106781186548));
#6468=DIRECTION('center_axis',(0.,-1.,0.));
#6469=DIRECTION('ref_axis',(1.,0.,0.));
#6470=DIRECTION('',(0.,-1.,0.));
#6471=DIRECTION('center_axis',(0.,0.,1.));
#6472=DIRECTION('ref_axis',(1.,0.,0.));
#6473=DIRECTION('center_axis',(1.,0.,0.));
#6474=DIRECTION('ref_axis',(0.,1.,0.));
#6475=DIRECTION('center_axis',(0.,0.,-1.));
#6476=DIRECTION('ref_axis',(0.707106781186547,0.707106781186547,0.));
#6477=DIRECTION('center_axis',(1.,0.,0.));
#6478=DIRECTION('ref_axis',(0.,0.707106781186548,0.707106781186548));
#6479=DIRECTION('center_axis',(1.,0.,0.));
#6480=DIRECTION('ref_axis',(0.,1.,0.));
#6481=DIRECTION('',(1.,0.,0.));
#6482=DIRECTION('center_axis',(0.,0.,1.));
#6483=DIRECTION('ref_axis',(1.,0.,0.));
#6484=DIRECTION('center_axis',(0.,1.,0.));
#6485=DIRECTION('ref_axis',(-1.,0.,0.));
#6486=DIRECTION('center_axis',(0.,0.,-1.));
#6487=DIRECTION('ref_axis',(-0.707106781186547,0.707106781186547,0.));
#6488=DIRECTION('center_axis',(0.,1.,0.));
#6489=DIRECTION('ref_axis',(-0.707106781186548,0.,0.707106781186548));
#6490=DIRECTION('',(0.,1.,0.));
#6491=DIRECTION('center_axis',(0.,0.,-1.));
#6492=DIRECTION('ref_axis',(0.,-1.,0.));
#6493=DIRECTION('axis',(0.,0.,1.));
#6494=DIRECTION('refdir',(1.,0.,0.));
#6495=DIRECTION('center_axis',(0.,0.,1.));
#6496=DIRECTION('ref_axis',(0.,1.,0.));
#6497=DIRECTION('center_axis',(0.,0.,-1.));
#6498=DIRECTION('ref_axis',(1.,0.,0.));
#6499=DIRECTION('center_axis',(0.,0.,-1.));
#6500=DIRECTION('ref_axis',(1.,0.,0.));
#6501=DIRECTION('center_axis',(0.,0.,-1.));
#6502=DIRECTION('ref_axis',(1.,0.,0.));
#6503=DIRECTION('center_axis',(0.,0.,1.));
#6504=DIRECTION('ref_axis',(0.,1.,0.));
#6505=DIRECTION('center_axis',(0.,0.,-1.));
#6506=DIRECTION('ref_axis',(0.,-1.,0.));
#6507=DIRECTION('center_axis',(0.,0.,1.));
#6508=DIRECTION('ref_axis',(0.,1.,0.));
#6509=DIRECTION('center_axis',(0.,0.,-1.));
#6510=DIRECTION('ref_axis',(0.,-1.,0.));
#6511=DIRECTION('center_axis',(0.,0.,1.));
#6512=DIRECTION('ref_axis',(-0.707106781186547,-0.707106781186547,0.));
#6513=DIRECTION('',(1.,0.,0.));
#6514=DIRECTION('center_axis',(0.,0.,1.));
#6515=DIRECTION('ref_axis',(0.707106781186547,-0.707106781186547,0.));
#6516=DIRECTION('',(0.,1.,0.));
#6517=DIRECTION('center_axis',(0.,0.,1.));
#6518=DIRECTION('ref_axis',(0.707106781186547,0.707106781186547,0.));
#6519=DIRECTION('',(-1.,0.,0.));
#6520=DIRECTION('center_axis',(0.,0.,1.));
#6521=DIRECTION('ref_axis',(-0.707106781186547,0.707106781186547,0.));
#6522=DIRECTION('',(0.,-1.,0.));
#6523=DIRECTION('center_axis',(1.,0.,0.));
#6524=DIRECTION('ref_axis',(0.,-1.,0.));
#6525=DIRECTION('',(0.,0.,1.));
#6526=DIRECTION('',(0.,-1.,0.));
#6527=DIRECTION('',(0.,0.,1.));
#6528=DIRECTION('center_axis',(0.,0.,1.));
#6529=DIRECTION('ref_axis',(0.,-1.,0.));
#6530=DIRECTION('',(0.,0.,1.));
#6531=DIRECTION('center_axis',(0.,0.,-1.));
#6532=DIRECTION('ref_axis',(1.,0.,0.));
#6533=DIRECTION('center_axis',(0.,-1.,0.));
#6534=DIRECTION('ref_axis',(-1.,0.,0.));
#6535=DIRECTION('',(0.,0.,1.));
#6536=DIRECTION('',(-1.,0.,0.));
#6537=DIRECTION('center_axis',(0.,0.,1.));
#6538=DIRECTION('ref_axis',(-1.,0.,0.));
#6539=DIRECTION('',(0.,0.,1.));
#6540=DIRECTION('center_axis',(0.,0.,-1.));
#6541=DIRECTION('ref_axis',(0.,-1.,0.));
#6542=DIRECTION('center_axis',(0.,0.,1.));
#6543=DIRECTION('ref_axis',(1.,0.,0.));
#6544=DIRECTION('center_axis',(0.,0.,-1.));
#6545=DIRECTION('ref_axis',(0.,1.,0.));
#6546=DIRECTION('',(0.,0.,1.));
#6547=DIRECTION('center_axis',(0.,1.,0.));
#6548=DIRECTION('ref_axis',(1.,0.,0.));
#6549=DIRECTION('',(0.,0.,1.));
#6550=DIRECTION('',(1.,0.,0.));
#6551=DIRECTION('center_axis',(0.,0.,1.));
#6552=DIRECTION('ref_axis',(0.,1.,0.));
#6553=DIRECTION('center_axis',(0.,0.,-1.));
#6554=DIRECTION('ref_axis',(-1.,0.,0.));
#6555=DIRECTION('',(0.,0.,1.));
#6556=DIRECTION('center_axis',(-1.,0.,0.));
#6557=DIRECTION('ref_axis',(0.,1.,0.));
#6558=DIRECTION('',(0.,1.,0.));
#6559=DIRECTION('center_axis',(0.,0.,1.));
#6560=DIRECTION('ref_axis',(1.,0.,0.));
#6561=DIRECTION('center_axis',(0.,0.,-1.));
#6562=DIRECTION('ref_axis',(0.,-1.,0.));
#6563=DIRECTION('center_axis',(0.,0.,1.));
#6564=DIRECTION('ref_axis',(0.,-1.,0.));
#6565=DIRECTION('center_axis',(0.,0.,-1.));
#6566=DIRECTION('ref_axis',(0.,-1.,0.));
#6567=DIRECTION('center_axis',(0.,0.,1.));
#6568=DIRECTION('ref_axis',(1.,0.,0.));
#6569=DIRECTION('center_axis',(0.,0.,1.));
#6570=DIRECTION('ref_axis',(1.,0.,0.));
#6571=DIRECTION('center_axis',(0.,0.,1.));
#6572=DIRECTION('ref_axis',(1.,0.,0.));
#6573=DIRECTION('center_axis',(0.,0.,1.));
#6574=DIRECTION('ref_axis',(0.,1.,0.));
#6575=DIRECTION('center_axis',(0.,0.,1.));
#6576=DIRECTION('ref_axis',(0.,1.,0.));
#6577=DIRECTION('center_axis',(0.,0.,-1.));
#6578=DIRECTION('ref_axis',(-1.,0.,0.));
#6579=DIRECTION('center_axis',(0.,0.,-1.));
#6580=DIRECTION('ref_axis',(-1.,0.,0.));
#6581=DIRECTION('center_axis',(0.,0.,-1.));
#6582=DIRECTION('ref_axis',(-1.,0.,0.));
#6583=DIRECTION('center_axis',(0.,0.,1.));
#6584=DIRECTION('ref_axis',(0.,-1.,0.));
#6585=DIRECTION('center_axis',(0.,0.,-1.));
#6586=DIRECTION('ref_axis',(0.,1.,0.));
#6587=DIRECTION('center_axis',(0.,0.,1.));
#6588=DIRECTION('ref_axis',(0.,-1.,0.));
#6589=DIRECTION('center_axis',(0.,0.,-1.));
#6590=DIRECTION('ref_axis',(0.,1.,0.));
#6591=DIRECTION('center_axis',(0.,0.,-1.));
#6592=DIRECTION('ref_axis',(0.,-1.,0.));
#6593=DIRECTION('center_axis',(0.,0.,-1.));
#6594=DIRECTION('ref_axis',(0.,1.,0.));
#6595=DIRECTION('center_axis',(0.,0.,1.));
#6596=DIRECTION('ref_axis',(-1.,0.,0.));
#6597=DIRECTION('center_axis',(0.,0.,1.));
#6598=DIRECTION('ref_axis',(-1.,0.,0.));
#6599=DIRECTION('center_axis',(0.,0.,1.));
#6600=DIRECTION('ref_axis',(-1.,0.,0.));
#6601=DIRECTION('center_axis',(0.,0.,1.));
#6602=DIRECTION('ref_axis',(0.,1.,0.));
#6603=DIRECTION('axis',(0.,0.,1.));
#6604=DIRECTION('refdir',(1.,0.,0.));
#6605=DIRECTION('center_axis',(1.,0.,0.));
#6606=DIRECTION('ref_axis',(0.,1.,0.));
#6607=DIRECTION('',(0.,-1.,0.));
#6608=DIRECTION('',(0.,0.,1.));
#6609=DIRECTION('',(0.,1.,0.));
#6610=DIRECTION('',(0.,0.,1.));
#6611=DIRECTION('center_axis',(0.,1.,0.));
#6612=DIRECTION('ref_axis',(-1.,0.,0.));
#6613=DIRECTION('',(1.,0.,0.));
#6614=DIRECTION('',(-1.,0.,0.));
#6615=DIRECTION('',(0.,0.,1.));
#6616=DIRECTION('center_axis',(1.,0.,0.));
#6617=DIRECTION('ref_axis',(0.,1.,0.));
#6618=DIRECTION('',(0.,-1.,0.));
#6619=DIRECTION('',(0.,1.,0.));
#6620=DIRECTION('',(0.,0.,1.));
#6621=DIRECTION('center_axis',(0.,-1.,0.));
#6622=DIRECTION('ref_axis',(1.,0.,0.));
#6623=DIRECTION('',(-1.,0.,0.));
#6624=DIRECTION('',(1.,0.,0.));
#6625=DIRECTION('',(0.,0.,1.));
#6626=DIRECTION('center_axis',(1.,0.,0.));
#6627=DIRECTION('ref_axis',(0.,1.,0.));
#6628=DIRECTION('',(0.,-1.,0.));
#6629=DIRECTION('',(0.,1.,0.));
#6630=DIRECTION('',(0.,0.,1.));
#6631=DIRECTION('center_axis',(0.,-1.,0.));
#6632=DIRECTION('ref_axis',(1.,0.,0.));
#6633=DIRECTION('',(-1.,0.,0.));
#6634=DIRECTION('',(1.,0.,0.));
#6635=DIRECTION('',(0.,0.,1.));
#6636=DIRECTION('center_axis',(-1.,0.,0.));
#6637=DIRECTION('ref_axis',(0.,-1.,0.));
#6638=DIRECTION('',(0.,1.,0.));
#6639=DIRECTION('',(0.,-1.,0.));
#6640=DIRECTION('',(0.,0.,1.));
#6641=DIRECTION('center_axis',(0.,-1.,0.));
#6642=DIRECTION('ref_axis',(1.,0.,0.));
#6643=DIRECTION('',(-1.,0.,0.));
#6644=DIRECTION('',(1.,0.,0.));
#6645=DIRECTION('',(0.,0.,1.));
#6646=DIRECTION('center_axis',(-1.,0.,0.));
#6647=DIRECTION('ref_axis',(0.,-1.,0.));
#6648=DIRECTION('',(0.,1.,0.));
#6649=DIRECTION('',(0.,-1.,0.));
#6650=DIRECTION('',(0.,0.,1.));
#6651=DIRECTION('center_axis',(0.,1.,0.));
#6652=DIRECTION('ref_axis',(-1.,0.,0.));
#6653=DIRECTION('',(1.,0.,0.));
#6654=DIRECTION('',(-1.,0.,0.));
#6655=DIRECTION('',(0.,0.,1.));
#6656=DIRECTION('center_axis',(-1.,0.,0.));
#6657=DIRECTION('ref_axis',(0.,-1.,0.));
#6658=DIRECTION('',(0.,1.,0.));
#6659=DIRECTION('',(0.,-1.,0.));
#6660=DIRECTION('',(0.,0.,1.));
#6661=DIRECTION('',(0.,0.,1.));
#6662=DIRECTION('',(0.,0.,1.));
#6663=DIRECTION('',(0.,0.,1.));
#6664=DIRECTION('center_axis',(0.,-1.,0.));
#6665=DIRECTION('ref_axis',(1.,0.,0.));
#6666=DIRECTION('',(-1.,0.,0.));
#6667=DIRECTION('',(1.,0.,0.));
#6668=DIRECTION('',(0.,0.,1.));
#6669=DIRECTION('center_axis',(-1.,0.,0.));
#6670=DIRECTION('ref_axis',(0.,-1.,0.));
#6671=DIRECTION('',(0.,1.,0.));
#6672=DIRECTION('',(0.,-1.,0.));
#6673=DIRECTION('',(0.,0.,1.));
#6674=DIRECTION('',(0.,0.,1.));
#6675=DIRECTION('center_axis',(0.,0.,1.));
#6676=DIRECTION('ref_axis',(1.,0.,0.));
#6677=DIRECTION('center_axis',(0.,0.,1.));
#6678=DIRECTION('ref_axis',(1.,0.,0.));
#6679=DIRECTION('center_axis',(1.,0.,0.));
#6680=DIRECTION('ref_axis',(0.,1.,0.));
#6681=DIRECTION('',(0.,-1.,0.));
#6682=DIRECTION('',(0.,0.,1.));
#6683=DIRECTION('',(0.,1.,0.));
#6684=DIRECTION('',(0.,0.,1.));
#6685=DIRECTION('center_axis',(0.,-1.,0.));
#6686=DIRECTION('ref_axis',(1.,0.,0.));
#6687=DIRECTION('',(-1.,0.,0.));
#6688=DIRECTION('',(1.,0.,0.));
#6689=DIRECTION('',(0.,0.,1.));
#6690=DIRECTION('center_axis',(-1.,0.,0.));
#6691=DIRECTION('ref_axis',(0.,-1.,0.));
#6692=DIRECTION('',(0.,1.,0.));
#6693=DIRECTION('',(0.,-1.,0.));
#6694=DIRECTION('',(0.,0.,1.));
#6695=DIRECTION('center_axis',(0.,1.,0.));
#6696=DIRECTION('ref_axis',(-1.,0.,0.));
#6697=DIRECTION('',(1.,0.,0.));
#6698=DIRECTION('',(-1.,0.,0.));
#6699=DIRECTION('center_axis',(0.,0.,1.));
#6700=DIRECTION('ref_axis',(1.,0.,0.));
#6701=DIRECTION('center_axis',(0.,0.,1.));
#6702=DIRECTION('ref_axis',(1.,0.,0.));
#6703=DIRECTION('center_axis',(1.,0.,0.));
#6704=DIRECTION('ref_axis',(0.,1.,0.));
#6705=DIRECTION('',(0.,-1.,0.));
#6706=DIRECTION('',(0.,0.,1.));
#6707=DIRECTION('',(0.,1.,0.));
#6708=DIRECTION('',(0.,0.,1.));
#6709=DIRECTION('center_axis',(0.,-1.,0.));
#6710=DIRECTION('ref_axis',(1.,0.,0.));
#6711=DIRECTION('',(-1.,0.,0.));
#6712=DIRECTION('',(1.,0.,0.));
#6713=DIRECTION('',(0.,0.,1.));
#6714=DIRECTION('center_axis',(-1.,0.,0.));
#6715=DIRECTION('ref_axis',(0.,-1.,0.));
#6716=DIRECTION('',(0.,1.,0.));
#6717=DIRECTION('',(0.,-1.,0.));
#6718=DIRECTION('',(0.,0.,1.));
#6719=DIRECTION('center_axis',(0.,1.,0.));
#6720=DIRECTION('ref_axis',(-1.,0.,0.));
#6721=DIRECTION('',(1.,0.,0.));
#6722=DIRECTION('',(-1.,0.,0.));
#6723=DIRECTION('center_axis',(0.,0.,1.));
#6724=DIRECTION('ref_axis',(1.,0.,0.));
#6725=DIRECTION('center_axis',(0.,0.,1.));
#6726=DIRECTION('ref_axis',(1.,0.,0.));
#6727=DIRECTION('center_axis',(1.,0.,0.));
#6728=DIRECTION('ref_axis',(0.,1.,0.));
#6729=DIRECTION('',(0.,-1.,0.));
#6730=DIRECTION('',(0.,0.,1.));
#6731=DIRECTION('',(0.,1.,0.));
#6732=DIRECTION('',(0.,0.,1.));
#6733=DIRECTION('center_axis',(0.,1.,0.));
#6734=DIRECTION('ref_axis',(-1.,0.,0.));
#6735=DIRECTION('',(1.,0.,0.));
#6736=DIRECTION('',(-1.,0.,0.));
#6737=DIRECTION('',(0.,0.,1.));
#6738=DIRECTION('center_axis',(1.,0.,0.));
#6739=DIRECTION('ref_axis',(0.,1.,0.));
#6740=DIRECTION('',(0.,-1.,0.));
#6741=DIRECTION('',(0.,1.,0.));
#6742=DIRECTION('',(0.,0.,1.));
#6743=DIRECTION('center_axis',(0.,-1.,0.));
#6744=DIRECTION('ref_axis',(1.,0.,0.));
#6745=DIRECTION('',(-1.,0.,0.));
#6746=DIRECTION('',(1.,0.,0.));
#6747=DIRECTION('',(0.,0.,1.));
#6748=DIRECTION('center_axis',(1.,0.,0.));
#6749=DIRECTION('ref_axis',(0.,1.,0.));
#6750=DIRECTION('',(0.,-1.,0.));
#6751=DIRECTION('',(0.,1.,0.));
#6752=DIRECTION('',(0.,0.,1.));
#6753=DIRECTION('center_axis',(0.,-1.,0.));
#6754=DIRECTION('ref_axis',(1.,0.,0.));
#6755=DIRECTION('',(-1.,0.,0.));
#6756=DIRECTION('',(1.,0.,0.));
#6757=DIRECTION('',(0.,0.,1.));
#6758=DIRECTION('center_axis',(-1.,0.,0.));
#6759=DIRECTION('ref_axis',(0.,-1.,0.));
#6760=DIRECTION('',(0.,1.,0.));
#6761=DIRECTION('',(0.,-1.,0.));
#6762=DIRECTION('',(0.,0.,1.));
#6763=DIRECTION('center_axis',(0.,-1.,0.));
#6764=DIRECTION('ref_axis',(1.,0.,0.));
#6765=DIRECTION('',(-1.,0.,0.));
#6766=DIRECTION('',(1.,0.,0.));
#6767=DIRECTION('',(0.,0.,1.));
#6768=DIRECTION('center_axis',(-1.,0.,0.));
#6769=DIRECTION('ref_axis',(0.,-1.,0.));
#6770=DIRECTION('',(0.,1.,0.));
#6771=DIRECTION('',(0.,-1.,0.));
#6772=DIRECTION('',(0.,0.,1.));
#6773=DIRECTION('center_axis',(0.,1.,0.));
#6774=DIRECTION('ref_axis',(-1.,0.,0.));
#6775=DIRECTION('',(1.,0.,0.));
#6776=DIRECTION('',(-1.,0.,0.));
#6777=DIRECTION('',(0.,0.,1.));
#6778=DIRECTION('center_axis',(-1.,0.,0.));
#6779=DIRECTION('ref_axis',(0.,-1.,0.));
#6780=DIRECTION('',(0.,1.,0.));
#6781=DIRECTION('',(0.,-1.,0.));
#6782=DIRECTION('',(0.,0.,1.));
#6783=DIRECTION('',(0.,0.,1.));
#6784=DIRECTION('',(0.,0.,1.));
#6785=DIRECTION('',(0.,0.,1.));
#6786=DIRECTION('center_axis',(0.,-1.,0.));
#6787=DIRECTION('ref_axis',(1.,0.,0.));
#6788=DIRECTION('',(-1.,0.,0.));
#6789=DIRECTION('',(1.,0.,0.));
#6790=DIRECTION('',(0.,0.,1.));
#6791=DIRECTION('center_axis',(-1.,0.,0.));
#6792=DIRECTION('ref_axis',(0.,-1.,0.));
#6793=DIRECTION('',(0.,1.,0.));
#6794=DIRECTION('',(0.,-1.,0.));
#6795=DIRECTION('',(0.,0.,1.));
#6796=DIRECTION('',(0.,0.,1.));
#6797=DIRECTION('center_axis',(0.,0.,1.));
#6798=DIRECTION('ref_axis',(1.,0.,0.));
#6799=DIRECTION('center_axis',(0.,0.,1.));
#6800=DIRECTION('ref_axis',(1.,0.,0.));
#6801=DIRECTION('center_axis',(1.,0.,0.));
#6802=DIRECTION('ref_axis',(0.,1.,0.));
#6803=DIRECTION('',(0.,-1.,0.));
#6804=DIRECTION('',(0.,0.,1.));
#6805=DIRECTION('',(0.,1.,0.));
#6806=DIRECTION('',(0.,0.,1.));
#6807=DIRECTION('',(0.,0.,1.));
#6808=DIRECTION('',(0.,0.,1.));
#6809=DIRECTION('',(0.,0.,1.));
#6810=DIRECTION('center_axis',(-1.,0.,0.));
#6811=DIRECTION('ref_axis',(0.,-1.,0.));
#6812=DIRECTION('',(0.,1.,0.));
#6813=DIRECTION('',(0.,-1.,0.));
#6814=DIRECTION('',(0.,0.,1.));
#6815=DIRECTION('center_axis',(0.,1.,0.));
#6816=DIRECTION('ref_axis',(-1.,0.,0.));
#6817=DIRECTION('',(1.,0.,0.));
#6818=DIRECTION('',(-1.,0.,0.));
#6819=DIRECTION('',(0.,0.,1.));
#6820=DIRECTION('center_axis',(1.,0.,0.));
#6821=DIRECTION('ref_axis',(0.,1.,0.));
#6822=DIRECTION('',(0.,-1.,0.));
#6823=DIRECTION('',(0.,1.,0.));
#6824=DIRECTION('',(0.,0.,1.));
#6825=DIRECTION('center_axis',(0.,-1.,0.));
#6826=DIRECTION('ref_axis',(1.,0.,0.));
#6827=DIRECTION('',(-1.,0.,0.));
#6828=DIRECTION('',(1.,0.,0.));
#6829=DIRECTION('',(0.,0.,1.));
#6830=DIRECTION('center_axis',(-1.,0.,0.));
#6831=DIRECTION('ref_axis',(0.,-1.,0.));
#6832=DIRECTION('',(0.,1.,0.));
#6833=DIRECTION('',(0.,-1.,0.));
#6834=DIRECTION('',(0.,0.,1.));
#6835=DIRECTION('',(0.,0.,1.));
#6836=DIRECTION('',(0.,0.,1.));
#6837=DIRECTION('center_axis',(-1.,0.,0.));
#6838=DIRECTION('ref_axis',(0.,-1.,0.));
#6839=DIRECTION('',(0.,1.,0.));
#6840=DIRECTION('',(0.,-1.,0.));
#6841=DIRECTION('',(0.,0.,1.));
#6842=DIRECTION('center_axis',(0.,1.,0.));
#6843=DIRECTION('ref_axis',(-1.,0.,0.));
#6844=DIRECTION('',(1.,0.,0.));
#6845=DIRECTION('',(-1.,0.,0.));
#6846=DIRECTION('center_axis',(0.,0.,1.));
#6847=DIRECTION('ref_axis',(1.,0.,0.));
#6848=DIRECTION('center_axis',(0.,0.,1.));
#6849=DIRECTION('ref_axis',(1.,0.,0.));
#6850=DIRECTION('',(0.,0.,1.));
#6851=DIRECTION('',(0.,0.,1.));
#6852=DIRECTION('',(0.,0.,1.));
#6853=DIRECTION('',(0.,0.,1.));
#6854=DIRECTION('',(0.,0.,1.));
#6855=DIRECTION('',(0.,0.,1.));
#6856=DIRECTION('center_axis',(-1.,0.,0.));
#6857=DIRECTION('ref_axis',(0.,-1.,0.));
#6858=DIRECTION('',(0.,1.,0.));
#6859=DIRECTION('',(0.,-1.,0.));
#6860=DIRECTION('',(0.,0.,1.));
#6861=DIRECTION('center_axis',(0.,1.,0.));
#6862=DIRECTION('ref_axis',(-1.,0.,0.));
#6863=DIRECTION('',(1.,0.,0.));
#6864=DIRECTION('',(-1.,0.,0.));
#6865=DIRECTION('',(0.,0.,1.));
#6866=DIRECTION('',(0.,0.,1.));
#6867=DIRECTION('',(0.,0.,1.));
#6868=DIRECTION('',(0.,0.,1.));
#6869=DIRECTION('',(0.,0.,1.));
#6870=DIRECTION('',(0.,0.,1.));
#6871=DIRECTION('',(0.,0.,1.));
#6872=DIRECTION('',(0.,0.,1.));
#6873=DIRECTION('',(0.,0.,1.));
#6874=DIRECTION('center_axis',(0.,-1.,0.));
#6875=DIRECTION('ref_axis',(1.,0.,0.));
#6876=DIRECTION('',(-1.,0.,0.));
#6877=DIRECTION('',(1.,0.,0.));
#6878=DIRECTION('',(0.,0.,1.));
#6879=DIRECTION('center_axis',(-1.,0.,0.));
#6880=DIRECTION('ref_axis',(0.,-1.,0.));
#6881=DIRECTION('',(0.,1.,0.));
#6882=DIRECTION('',(0.,-1.,0.));
#6883=DIRECTION('',(0.,0.,1.));
#6884=DIRECTION('',(0.,0.,1.));
#6885=DIRECTION('',(0.,0.,1.));
#6886=DIRECTION('center_axis',(0.,0.,1.));
#6887=DIRECTION('ref_axis',(1.,0.,0.));
#6888=DIRECTION('center_axis',(0.,0.,1.));
#6889=DIRECTION('ref_axis',(1.,0.,0.));
#6890=DIRECTION('center_axis',(0.,1.,0.));
#6891=DIRECTION('ref_axis',(-1.,0.,0.));
#6892=DIRECTION('',(1.,0.,0.));
#6893=DIRECTION('',(0.,0.,1.));
#6894=DIRECTION('',(-1.,0.,0.));
#6895=DIRECTION('',(0.,0.,1.));
#6896=DIRECTION('center_axis',(0.956130206843126,-0.292942020820026,0.));
#6897=DIRECTION('ref_axis',(0.292942020820026,0.956130206843126,0.));
#6898=DIRECTION('',(-0.292942020820026,-0.956130206843126,0.));
#6899=DIRECTION('',(0.292942020820026,0.956130206843126,0.));
#6900=DIRECTION('',(0.,0.,1.));
#6901=DIRECTION('center_axis',(0.,-1.,0.));
#6902=DIRECTION('ref_axis',(1.,0.,0.));
#6903=DIRECTION('',(-1.,0.,0.));
#6904=DIRECTION('',(1.,0.,0.));
#6905=DIRECTION('',(0.,0.,1.));
#6906=DIRECTION('center_axis',(-0.956130206843126,0.292942020820026,0.));
#6907=DIRECTION('ref_axis',(-0.292942020820026,-0.956130206843126,0.));
#6908=DIRECTION('',(0.292942020820026,0.956130206843126,0.));
#6909=DIRECTION('',(-0.292942020820026,-0.956130206843126,0.));
#6910=DIRECTION('',(0.,0.,1.));
#6911=DIRECTION('center_axis',(0.,1.,0.));
#6912=DIRECTION('ref_axis',(-1.,0.,0.));
#6913=DIRECTION('',(1.,0.,0.));
#6914=DIRECTION('',(-1.,0.,0.));
#6915=DIRECTION('',(0.,0.,1.));
#6916=DIRECTION('center_axis',(-0.956150738053339,0.292875000845166,0.));
#6917=DIRECTION('ref_axis',(-0.292875000845166,-0.956150738053339,0.));
#6918=DIRECTION('',(0.292875000845166,0.956150738053338,0.));
#6919=DIRECTION('',(-0.292875000845166,-0.956150738053338,0.));
#6920=DIRECTION('',(0.,0.,1.));
#6921=DIRECTION('center_axis',(0.,1.,0.));
#6922=DIRECTION('ref_axis',(-1.,0.,0.));
#6923=DIRECTION('',(1.,0.,0.));
#6924=DIRECTION('',(-1.,0.,0.));
#6925=DIRECTION('',(0.,0.,1.));
#6926=DIRECTION('center_axis',(0.956150738053339,-0.292875000845166,0.));
#6927=DIRECTION('ref_axis',(0.292875000845166,0.956150738053339,0.));
#6928=DIRECTION('',(-0.292875000845166,-0.956150738053338,0.));
#6929=DIRECTION('',(0.292875000845166,0.956150738053338,0.));
#6930=DIRECTION('center_axis',(0.,0.,1.));
#6931=DIRECTION('ref_axis',(1.,0.,0.));
#6932=DIRECTION('center_axis',(0.,0.,1.));
#6933=DIRECTION('ref_axis',(1.,0.,0.));
#6934=DIRECTION('center_axis',(0.,0.,1.));
#6935=DIRECTION('ref_axis',(0.,-1.,0.));
#6936=DIRECTION('center_axis',(0.,0.,1.));
#6937=DIRECTION('ref_axis',(0.,-1.,0.));
#6938=DIRECTION('',(0.,0.,1.));
#6939=DIRECTION('center_axis',(0.,0.,1.));
#6940=DIRECTION('ref_axis',(0.,-1.,0.));
#6941=DIRECTION('',(0.,0.,1.));
#6942=DIRECTION('center_axis',(0.,-1.,0.));
#6943=DIRECTION('ref_axis',(1.,0.,0.));
#6944=DIRECTION('',(1.,0.,0.));
#6945=DIRECTION('',(1.,0.,0.));
#6946=DIRECTION('',(0.,0.,1.));
#6947=DIRECTION('center_axis',(0.,0.,1.));
#6948=DIRECTION('ref_axis',(0.,1.,0.));
#6949=DIRECTION('center_axis',(0.,0.,1.));
#6950=DIRECTION('ref_axis',(0.,1.,0.));
#6951=DIRECTION('center_axis',(0.,0.,1.));
#6952=DIRECTION('ref_axis',(0.,1.,0.));
#6953=DIRECTION('',(0.,0.,1.));
#6954=DIRECTION('center_axis',(0.,1.,0.));
#6955=DIRECTION('ref_axis',(-1.,0.,0.));
#6956=DIRECTION('',(-1.,0.,0.));
#6957=DIRECTION('',(-1.,0.,0.));
#6958=DIRECTION('center_axis',(0.,0.,1.));
#6959=DIRECTION('ref_axis',(1.,0.,0.));
#6960=DIRECTION('center_axis',(0.,0.,1.));
#6961=DIRECTION('ref_axis',(1.,0.,0.));
#6962=DIRECTION('center_axis',(0.,-1.,0.));
#6963=DIRECTION('ref_axis',(1.,0.,0.));
#6964=DIRECTION('',(-1.,0.,0.));
#6965=DIRECTION('',(0.,0.,1.));
#6966=DIRECTION('',(1.,0.,0.));
#6967=DIRECTION('',(0.,0.,1.));
#6968=DIRECTION('center_axis',(0.,0.,1.));
#6969=DIRECTION('ref_axis',(0.,-1.,0.));
#6970=DIRECTION('center_axis',(0.,0.,-1.));
#6971=DIRECTION('ref_axis',(1.,0.,0.));
#6972=DIRECTION('center_axis',(0.,0.,1.));
#6973=DIRECTION('ref_axis',(0.,-1.,0.));
#6974=DIRECTION('',(0.,0.,1.));
#6975=DIRECTION('center_axis',(0.,1.,0.));
#6976=DIRECTION('ref_axis',(-1.,0.,0.));
#6977=DIRECTION('',(1.,0.,0.));
#6978=DIRECTION('',(-1.,0.,0.));
#6979=DIRECTION('',(0.,0.,1.));
#6980=DIRECTION('center_axis',(0.,0.,1.));
#6981=DIRECTION('ref_axis',(0.,1.,0.));
#6982=DIRECTION('center_axis',(0.,0.,-1.));
#6983=DIRECTION('ref_axis',(0.,1.,0.));
#6984=DIRECTION('center_axis',(0.,0.,1.));
#6985=DIRECTION('ref_axis',(0.,1.,0.));
#6986=DIRECTION('center_axis',(0.,0.,1.));
#6987=DIRECTION('ref_axis',(1.,0.,0.));
#6988=DIRECTION('center_axis',(0.,0.,1.));
#6989=DIRECTION('ref_axis',(1.,0.,0.));
#6990=DIRECTION('center_axis',(0.,-1.,0.));
#6991=DIRECTION('ref_axis',(1.,0.,0.));
#6992=DIRECTION('',(-1.,0.,0.));
#6993=DIRECTION('',(0.,0.,1.));
#6994=DIRECTION('',(1.,0.,0.));
#6995=DIRECTION('',(0.,0.,1.));
#6996=DIRECTION('center_axis',(0.,0.,1.));
#6997=DIRECTION('ref_axis',(0.,-1.,0.));
#6998=DIRECTION('center_axis',(0.,0.,-1.));
#6999=DIRECTION('ref_axis',(1.,-1.78469493413252E-15,0.));
#7000=DIRECTION('center_axis',(0.,0.,1.));
#7001=DIRECTION('ref_axis',(0.,-1.,0.));
#7002=DIRECTION('',(0.,0.,1.));
#7003=DIRECTION('center_axis',(0.,1.,0.));
#7004=DIRECTION('ref_axis',(-1.,0.,0.));
#7005=DIRECTION('',(1.,0.,0.));
#7006=DIRECTION('',(-1.,0.,0.));
#7007=DIRECTION('',(0.,0.,1.));
#7008=DIRECTION('center_axis',(0.,0.,1.));
#7009=DIRECTION('ref_axis',(0.,1.,0.));
#7010=DIRECTION('center_axis',(0.,0.,-1.));
#7011=DIRECTION('ref_axis',(0.,1.,0.));
#7012=DIRECTION('center_axis',(0.,0.,1.));
#7013=DIRECTION('ref_axis',(0.,1.,0.));
#7014=DIRECTION('center_axis',(0.,0.,1.));
#7015=DIRECTION('ref_axis',(1.,0.,0.));
#7016=DIRECTION('center_axis',(0.,0.,1.));
#7017=DIRECTION('ref_axis',(1.,0.,0.));
#7018=DIRECTION('center_axis',(0.,-1.,0.));
#7019=DIRECTION('ref_axis',(1.,0.,0.));
#7020=DIRECTION('',(-1.,0.,0.));
#7021=DIRECTION('',(0.,0.,1.));
#7022=DIRECTION('',(1.,0.,0.));
#7023=DIRECTION('',(0.,0.,1.));
#7024=DIRECTION('center_axis',(-0.95613020684313,0.292942020820015,0.));
#7025=DIRECTION('ref_axis',(-0.292942020820015,-0.95613020684313,0.));
#7026=DIRECTION('',(0.292942020820015,0.95613020684313,0.));
#7027=DIRECTION('',(-0.292942020820015,-0.95613020684313,0.));
#7028=DIRECTION('',(0.,0.,1.));
#7029=DIRECTION('center_axis',(0.,1.,0.));
#7030=DIRECTION('ref_axis',(-1.,0.,0.));
#7031=DIRECTION('',(1.,0.,0.));
#7032=DIRECTION('',(-1.,0.,0.));
#7033=DIRECTION('',(0.,0.,1.));
#7034=DIRECTION('center_axis',(-0.955492945435698,0.295013950894894,0.));
#7035=DIRECTION('ref_axis',(-0.295013950894894,-0.955492945435698,0.));
#7036=DIRECTION('',(0.295013950894894,0.955492945435698,0.));
#7037=DIRECTION('',(-0.295013950894894,-0.955492945435698,0.));
#7038=DIRECTION('',(0.,0.,1.));
#7039=DIRECTION('center_axis',(0.,-1.,0.));
#7040=DIRECTION('ref_axis',(1.,0.,0.));
#7041=DIRECTION('',(-1.,0.,0.));
#7042=DIRECTION('',(1.,0.,0.));
#7043=DIRECTION('',(0.,0.,1.));
#7044=DIRECTION('center_axis',(-0.95613020684313,0.292942020820015,0.));
#7045=DIRECTION('ref_axis',(-0.292942020820015,-0.95613020684313,0.));
#7046=DIRECTION('',(0.292942020820015,0.95613020684313,0.));
#7047=DIRECTION('',(-0.292942020820015,-0.95613020684313,0.));
#7048=DIRECTION('',(0.,0.,1.));
#7049=DIRECTION('center_axis',(0.,1.,0.));
#7050=DIRECTION('ref_axis',(-1.,0.,0.));
#7051=DIRECTION('',(1.,0.,0.));
#7052=DIRECTION('',(-1.,0.,0.));
#7053=DIRECTION('',(0.,0.,1.));
#7054=DIRECTION('center_axis',(-0.95663673942414,0.291283622581068,0.));
#7055=DIRECTION('ref_axis',(-0.291283622581068,-0.95663673942414,0.));
#7056=DIRECTION('',(0.291283622581068,0.95663673942414,0.));
#7057=DIRECTION('',(-0.291283622581068,-0.95663673942414,0.));
#7058=DIRECTION('',(0.,0.,1.));
#7059=DIRECTION('center_axis',(0.,-1.,0.));
#7060=DIRECTION('ref_axis',(1.,0.,0.));
#7061=DIRECTION('',(-1.,0.,0.));
#7062=DIRECTION('',(1.,0.,0.));
#7063=DIRECTION('',(0.,0.,1.));
#7064=DIRECTION('center_axis',(-0.956130206843126,0.292942020820027,0.));
#7065=DIRECTION('ref_axis',(-0.292942020820027,-0.956130206843126,0.));
#7066=DIRECTION('',(0.292942020820027,0.956130206843126,0.));
#7067=DIRECTION('',(-0.292942020820027,-0.956130206843126,0.));
#7068=DIRECTION('',(0.,0.,1.));
#7069=DIRECTION('center_axis',(0.,1.,0.));
#7070=DIRECTION('ref_axis',(-1.,0.,0.));
#7071=DIRECTION('',(1.,0.,0.));
#7072=DIRECTION('',(-1.,0.,0.));
#7073=DIRECTION('',(0.,0.,1.));
#7074=DIRECTION('center_axis',(0.956146828433078,-0.292887764301219,0.));
#7075=DIRECTION('ref_axis',(0.292887764301219,0.956146828433078,0.));
#7076=DIRECTION('',(-0.292887764301219,-0.956146828433078,0.));
#7077=DIRECTION('',(0.292887764301219,0.956146828433078,0.));
#7078=DIRECTION('center_axis',(0.,0.,1.));
#7079=DIRECTION('ref_axis',(1.,0.,0.));
#7080=DIRECTION('center_axis',(0.,0.,1.));
#7081=DIRECTION('ref_axis',(1.,0.,0.));
#7082=DIRECTION('',(0.,0.,1.));
#7083=DIRECTION('',(0.,0.,1.));
#7084=DIRECTION('',(0.,0.,1.));
#7085=DIRECTION('',(0.,0.,1.));
#7086=DIRECTION('',(0.,0.,1.));
#7087=DIRECTION('',(0.,0.,1.));
#7088=DIRECTION('',(0.,0.,1.));
#7089=DIRECTION('',(0.,0.,1.));
#7090=DIRECTION('center_axis',(0.,0.,1.));
#7091=DIRECTION('ref_axis',(1.,0.,0.));
#7092=DIRECTION('center_axis',(0.,0.,1.));
#7093=DIRECTION('ref_axis',(1.,0.,0.));
#7094=DIRECTION('center_axis',(1.,0.,0.));
#7095=DIRECTION('ref_axis',(0.,1.,0.));
#7096=DIRECTION('',(0.,-1.,0.));
#7097=DIRECTION('',(0.,0.,1.));
#7098=DIRECTION('',(0.,1.,0.));
#7099=DIRECTION('',(0.,0.,1.));
#7100=DIRECTION('',(0.,0.,1.));
#7101=DIRECTION('',(0.,0.,1.));
#7102=DIRECTION('',(0.,0.,1.));
#7103=DIRECTION('center_axis',(-1.,0.,0.));
#7104=DIRECTION('ref_axis',(0.,-1.,0.));
#7105=DIRECTION('',(0.,1.,0.));
#7106=DIRECTION('',(0.,-1.,0.));
#7107=DIRECTION('',(0.,0.,1.));
#7108=DIRECTION('center_axis',(0.,1.,0.));
#7109=DIRECTION('ref_axis',(-1.,0.,0.));
#7110=DIRECTION('',(1.,0.,0.));
#7111=DIRECTION('',(-1.,0.,0.));
#7112=DIRECTION('',(0.,0.,1.));
#7113=DIRECTION('center_axis',(1.,0.,0.));
#7114=DIRECTION('ref_axis',(0.,1.,0.));
#7115=DIRECTION('',(0.,-1.,0.));
#7116=DIRECTION('',(0.,1.,0.));
#7117=DIRECTION('',(0.,0.,1.));
#7118=DIRECTION('center_axis',(0.,-1.,0.));
#7119=DIRECTION('ref_axis',(1.,0.,0.));
#7120=DIRECTION('',(-1.,0.,0.));
#7121=DIRECTION('',(1.,0.,0.));
#7122=DIRECTION('',(0.,0.,1.));
#7123=DIRECTION('center_axis',(-1.,0.,0.));
#7124=DIRECTION('ref_axis',(0.,-1.,0.));
#7125=DIRECTION('',(0.,1.,0.));
#7126=DIRECTION('',(0.,-1.,0.));
#7127=DIRECTION('',(0.,0.,1.));
#7128=DIRECTION('',(0.,0.,1.));
#7129=DIRECTION('',(0.,0.,1.));
#7130=DIRECTION('center_axis',(-1.,0.,0.));
#7131=DIRECTION('ref_axis',(0.,-1.,0.));
#7132=DIRECTION('',(0.,1.,0.));
#7133=DIRECTION('',(0.,-1.,0.));
#7134=DIRECTION('',(0.,0.,1.));
#7135=DIRECTION('center_axis',(0.,1.,0.));
#7136=DIRECTION('ref_axis',(-1.,0.,0.));
#7137=DIRECTION('',(1.,0.,0.));
#7138=DIRECTION('',(-1.,0.,0.));
#7139=DIRECTION('center_axis',(0.,0.,1.));
#7140=DIRECTION('ref_axis',(1.,0.,0.));
#7141=DIRECTION('center_axis',(0.,0.,1.));
#7142=DIRECTION('ref_axis',(1.,0.,0.));
#7143=DIRECTION('center_axis',(0.,1.,0.));
#7144=DIRECTION('ref_axis',(-1.,0.,0.));
#7145=DIRECTION('',(-1.,0.,0.));
#7146=DIRECTION('',(0.,0.,1.));
#7147=DIRECTION('',(1.,0.,0.));
#7148=DIRECTION('',(0.,0.,1.));
#7149=DIRECTION('',(0.,0.,1.));
#7150=DIRECTION('',(0.,0.,1.));
#7151=DIRECTION('',(0.,0.,1.));
#7152=DIRECTION('',(0.,0.,1.));
#7153=DIRECTION('',(0.,0.,1.));
#7154=DIRECTION('',(0.,0.,1.));
#7155=DIRECTION('',(0.,0.,1.));
#7156=DIRECTION('center_axis',(-1.,0.,0.));
#7157=DIRECTION('ref_axis',(0.,-1.,0.));
#7158=DIRECTION('',(0.,1.,0.));
#7159=DIRECTION('',(0.,-1.,0.));
#7160=DIRECTION('',(0.,0.,1.));
#7161=DIRECTION('center_axis',(0.,1.,0.));
#7162=DIRECTION('ref_axis',(-1.,0.,0.));
#7163=DIRECTION('',(1.,0.,0.));
#7164=DIRECTION('',(-1.,0.,0.));
#7165=DIRECTION('',(0.,0.,1.));
#7166=DIRECTION('',(0.,0.,1.));
#7167=DIRECTION('',(0.,0.,1.));
#7168=DIRECTION('',(0.,0.,1.));
#7169=DIRECTION('center_axis',(0.,-1.,0.));
#7170=DIRECTION('ref_axis',(1.,0.,0.));
#7171=DIRECTION('',(-1.,0.,0.));
#7172=DIRECTION('',(1.,0.,0.));
#7173=DIRECTION('',(0.,0.,1.));
#7174=DIRECTION('center_axis',(-1.,0.,0.));
#7175=DIRECTION('ref_axis',(0.,-1.,0.));
#7176=DIRECTION('',(0.,1.,0.));
#7177=DIRECTION('',(0.,-1.,0.));
#7178=DIRECTION('',(0.,0.,1.));
#7179=DIRECTION('',(0.,0.,1.));
#7180=DIRECTION('',(0.,0.,1.));
#7181=DIRECTION('center_axis',(0.,0.,1.));
#7182=DIRECTION('ref_axis',(1.,0.,0.));
#7183=DIRECTION('center_axis',(0.,0.,1.));
#7184=DIRECTION('ref_axis',(1.,0.,0.));
#7185=DIRECTION('',(0.,0.,1.));
#7186=DIRECTION('',(0.,0.,1.));
#7187=DIRECTION('',(0.,0.,1.));
#7188=DIRECTION('',(0.,0.,1.));
#7189=DIRECTION('',(0.,0.,1.));
#7190=DIRECTION('center_axis',(-1.,0.,0.));
#7191=DIRECTION('ref_axis',(0.,-1.,0.));
#7192=DIRECTION('',(0.,1.,0.));
#7193=DIRECTION('',(0.,-1.,0.));
#7194=DIRECTION('',(0.,0.,1.));
#7195=DIRECTION('center_axis',(0.,1.,0.));
#7196=DIRECTION('ref_axis',(-1.,0.,0.));
#7197=DIRECTION('',(1.,0.,0.));
#7198=DIRECTION('',(-1.,0.,0.));
#7199=DIRECTION('',(0.,0.,1.));
#7200=DIRECTION('',(0.,0.,1.));
#7201=DIRECTION('',(0.,0.,1.));
#7202=DIRECTION('',(0.,0.,1.));
#7203=DIRECTION('',(0.,0.,1.));
#7204=DIRECTION('',(0.,0.,1.));
#7205=DIRECTION('center_axis',(0.,-1.,0.));
#7206=DIRECTION('ref_axis',(1.,0.,0.));
#7207=DIRECTION('',(-1.,0.,0.));
#7208=DIRECTION('',(1.,0.,0.));
#7209=DIRECTION('',(0.,0.,1.));
#7210=DIRECTION('center_axis',(-1.,0.,0.));
#7211=DIRECTION('ref_axis',(0.,-1.,0.));
#7212=DIRECTION('',(0.,1.,0.));
#7213=DIRECTION('',(0.,-1.,0.));
#7214=DIRECTION('',(0.,0.,1.));
#7215=DIRECTION('',(0.,0.,1.));
#7216=DIRECTION('',(0.,0.,1.));
#7217=DIRECTION('center_axis',(0.,0.,1.));
#7218=DIRECTION('ref_axis',(1.,0.,0.));
#7219=DIRECTION('center_axis',(0.,0.,1.));
#7220=DIRECTION('ref_axis',(1.,0.,0.));
#7221=DIRECTION('center_axis',(1.,0.,0.));
#7222=DIRECTION('ref_axis',(0.,1.,0.));
#7223=DIRECTION('',(0.,-1.,0.));
#7224=DIRECTION('',(0.,0.,1.));
#7225=DIRECTION('',(0.,1.,0.));
#7226=DIRECTION('',(0.,0.,1.));
#7227=DIRECTION('center_axis',(0.,-1.,0.));
#7228=DIRECTION('ref_axis',(1.,0.,0.));
#7229=DIRECTION('',(-1.,0.,0.));
#7230=DIRECTION('',(1.,0.,0.));
#7231=DIRECTION('',(0.,0.,1.));
#7232=DIRECTION('center_axis',(-1.,0.,0.));
#7233=DIRECTION('ref_axis',(0.,-1.,0.));
#7234=DIRECTION('',(0.,1.,0.));
#7235=DIRECTION('',(0.,-1.,0.));
#7236=DIRECTION('',(0.,0.,1.));
#7237=DIRECTION('center_axis',(0.,1.,0.));
#7238=DIRECTION('ref_axis',(-1.,0.,0.));
#7239=DIRECTION('',(1.,0.,0.));
#7240=DIRECTION('',(-1.,0.,0.));
#7241=DIRECTION('center_axis',(0.,0.,1.));
#7242=DIRECTION('ref_axis',(1.,0.,0.));
#7243=DIRECTION('center_axis',(0.,0.,1.));
#7244=DIRECTION('ref_axis',(1.,0.,0.));
#7245=DIRECTION('center_axis',(0.,1.,0.));
#7246=DIRECTION('ref_axis',(-1.,0.,0.));
#7247=DIRECTION('',(1.,0.,0.));
#7248=DIRECTION('',(0.,0.,1.));
#7249=DIRECTION('',(-1.,0.,0.));
#7250=DIRECTION('',(0.,0.,1.));
#7251=DIRECTION('center_axis',(0.936744248481588,0.35001458960544,0.));
#7252=DIRECTION('ref_axis',(-0.35001458960544,0.936744248481588,0.));
#7253=DIRECTION('',(0.35001458960544,-0.936744248481588,0.));
#7254=DIRECTION('',(-0.35001458960544,0.936744248481588,0.));
#7255=DIRECTION('',(0.,0.,1.));
#7256=DIRECTION('center_axis',(0.,-1.,0.));
#7257=DIRECTION('ref_axis',(1.,0.,0.));
#7258=DIRECTION('',(-1.,0.,0.));
#7259=DIRECTION('',(1.,0.,0.));
#7260=DIRECTION('',(0.,0.,1.));
#7261=DIRECTION('center_axis',(-0.942427745481247,-0.334409845170764,0.));
#7262=DIRECTION('ref_axis',(0.334409845170764,-0.942427745481247,0.));
#7263=DIRECTION('',(-0.334409845170764,0.942427745481247,0.));
#7264=DIRECTION('',(0.334409845170764,-0.942427745481247,0.));
#7265=DIRECTION('',(0.,0.,1.));
#7266=DIRECTION('center_axis',(0.943258685640995,-0.33205880798862,0.));
#7267=DIRECTION('ref_axis',(0.33205880798862,0.943258685640995,0.));
#7268=DIRECTION('',(-0.33205880798862,-0.943258685640995,0.));
#7269=DIRECTION('',(0.33205880798862,0.943258685640995,0.));
#7270=DIRECTION('',(0.,0.,1.));
#7271=DIRECTION('center_axis',(0.,-1.,0.));
#7272=DIRECTION('ref_axis',(1.,0.,0.));
#7273=DIRECTION('',(-1.,0.,0.));
#7274=DIRECTION('',(1.,0.,0.));
#7275=DIRECTION('',(0.,0.,1.));
#7276=DIRECTION('center_axis',(-0.935746495818411,0.35267335533545,0.));
#7277=DIRECTION('ref_axis',(-0.35267335533545,-0.935746495818411,0.));
#7278=DIRECTION('',(0.35267335533545,0.935746495818411,0.));
#7279=DIRECTION('',(-0.35267335533545,-0.935746495818411,0.));
#7280=DIRECTION('center_axis',(0.,0.,1.));
#7281=DIRECTION('ref_axis',(1.,0.,0.));
#7282=DIRECTION('center_axis',(0.,0.,1.));
#7283=DIRECTION('ref_axis',(1.,0.,0.));
#7284=DIRECTION('center_axis',(1.,0.,0.));
#7285=DIRECTION('ref_axis',(0.,1.,0.));
#7286=DIRECTION('',(0.,-1.,0.));
#7287=DIRECTION('',(0.,0.,1.));
#7288=DIRECTION('',(0.,1.,0.));
#7289=DIRECTION('',(0.,0.,1.));
#7290=DIRECTION('center_axis',(0.,-1.,0.));
#7291=DIRECTION('ref_axis',(1.,0.,0.));
#7292=DIRECTION('',(-1.,0.,0.));
#7293=DIRECTION('',(1.,0.,0.));
#7294=DIRECTION('',(0.,0.,1.));
#7295=DIRECTION('center_axis',(-1.,0.,0.));
#7296=DIRECTION('ref_axis',(0.,-1.,0.));
#7297=DIRECTION('',(0.,1.,0.));
#7298=DIRECTION('',(0.,-1.,0.));
#7299=DIRECTION('',(0.,0.,1.));
#7300=DIRECTION('center_axis',(0.,1.,0.));
#7301=DIRECTION('ref_axis',(-1.,0.,0.));
#7302=DIRECTION('',(1.,0.,0.));
#7303=DIRECTION('',(-1.,0.,0.));
#7304=DIRECTION('center_axis',(0.,0.,1.));
#7305=DIRECTION('ref_axis',(1.,0.,0.));
#7306=DIRECTION('center_axis',(0.,0.,1.));
#7307=DIRECTION('ref_axis',(1.,0.,0.));
#7308=DIRECTION('center_axis',(0.,1.,0.));
#7309=DIRECTION('ref_axis',(-1.,0.,0.));
#7310=DIRECTION('',(1.,0.,0.));
#7311=DIRECTION('',(0.,0.,1.));
#7312=DIRECTION('',(-1.,0.,0.));
#7313=DIRECTION('',(0.,0.,1.));
#7314=DIRECTION('center_axis',(0.918651913198308,-0.395067921219997,0.));
#7315=DIRECTION('ref_axis',(0.395067921219997,0.918651913198308,0.));
#7316=DIRECTION('',(-0.395067921219997,-0.918651913198307,0.));
#7317=DIRECTION('',(0.395067921219997,0.918651913198307,0.));
#7318=DIRECTION('',(0.,0.,1.));
#7319=DIRECTION('center_axis',(0.934353260734932,0.356348122141818,0.));
#7320=DIRECTION('ref_axis',(-0.356348122141818,0.934353260734932,0.));
#7321=DIRECTION('',(0.356348122141818,-0.934353260734932,0.));
#7322=DIRECTION('',(-0.356348122141818,0.934353260734932,0.));
#7323=DIRECTION('',(0.,0.,1.));
#7324=DIRECTION('center_axis',(0.,-1.,0.));
#7325=DIRECTION('ref_axis',(1.,0.,0.));
#7326=DIRECTION('',(-1.,0.,0.));
#7327=DIRECTION('',(1.,0.,0.));
#7328=DIRECTION('',(0.,0.,1.));
#7329=DIRECTION('center_axis',(-0.938226310403914,-0.346022239842843,0.));
#7330=DIRECTION('ref_axis',(0.346022239842843,-0.938226310403914,0.));
#7331=DIRECTION('',(-0.346022239842843,0.938226310403914,0.));
#7332=DIRECTION('',(0.346022239842843,-0.938226310403914,0.));
#7333=DIRECTION('',(0.,0.,1.));
#7334=DIRECTION('center_axis',(0.938669759516729,-0.344817462679613,0.));
#7335=DIRECTION('ref_axis',(0.344817462679613,0.938669759516729,0.));
#7336=DIRECTION('',(-0.344817462679613,-0.938669759516729,0.));
#7337=DIRECTION('',(0.344817462679613,0.938669759516729,0.));
#7338=DIRECTION('',(0.,0.,1.));
#7339=DIRECTION('center_axis',(0.,-1.,0.));
#7340=DIRECTION('ref_axis',(1.,0.,0.));
#7341=DIRECTION('',(-1.,0.,0.));
#7342=DIRECTION('',(1.,0.,0.));
#7343=DIRECTION('',(0.,0.,1.));
#7344=DIRECTION('center_axis',(-0.930688981271205,0.365811454359163,0.));
#7345=DIRECTION('ref_axis',(-0.365811454359163,-0.930688981271205,0.));
#7346=DIRECTION('',(0.365811454359163,0.930688981271206,0.));
#7347=DIRECTION('',(-0.365811454359163,-0.930688981271206,0.));
#7348=DIRECTION('center_axis',(0.,0.,1.));
#7349=DIRECTION('ref_axis',(1.,0.,0.));
#7350=DIRECTION('center_axis',(0.,0.,1.));
#7351=DIRECTION('ref_axis',(1.,0.,0.));
#7352=DIRECTION('axis',(0.,0.,1.));
#7353=DIRECTION('refdir',(1.,0.,0.));
#7354=DIRECTION('',(-1.52875419849129E-16,1.61656127373696E-32,1.));
#7355=DIRECTION('',(1.,-5.57074973867133E-32,1.52875419849129E-16));
#7356=DIRECTION('',(-1.52875419849129E-16,-2.23285885594087E-32,1.));
#7357=DIRECTION('',(1.,-5.57074973867133E-32,1.52875419849129E-16));
#7358=DIRECTION('',(-5.55111512312578E-17,1.61656127373696E-32,1.));
#7359=DIRECTION('',(1.,-5.57074973867133E-32,5.55111512312578E-17));
#7360=DIRECTION('',(-1.52875419849129E-16,-1.92471006483891E-32,1.));
#7361=DIRECTION('',(1.,-6.16297582203915E-32,1.52875419849129E-16));
#7362=DIRECTION('',(-5.70497602250016E-32,1.,3.64398000945412E-16));
#7363=DIRECTION('',(1.,-5.64920215465741E-33,1.72061762734674E-16));
#7364=CARTESIAN_POINT('',(0.,0.,0.));
#7365=CARTESIAN_POINT('Origin',(-7.77690449268109E-17,-2.85495492527816E-17,
-5.89));
#7366=CARTESIAN_POINT('',(1.75465254237273,-2.14882961963253E-16,-5.89));
#7367=CARTESIAN_POINT('Origin',(0.,0.,-5.89));
#7368=CARTESIAN_POINT('Origin',(0.,0.,0.));
#7369=CARTESIAN_POINT('',(1.5496380380186,3.08148791101958E-32,0.0104174423877795));
#7370=CARTESIAN_POINT('Origin',(0.,-9.48879631548233E-17,0.0104174423877795));
#7371=CARTESIAN_POINT('',(1.24981896441904,-1.53058679428944E-16,0.3));
#7372=CARTESIAN_POINT('Origin',(0.,0.,0.3));
#7373=CARTESIAN_POINT('Origin',(0.,0.,-3.094791278806));
#7374=CARTESIAN_POINT('Origin',(0.,0.,0.3));
#7375=CARTESIAN_POINT('',(0.,0.,0.));
#7376=CARTESIAN_POINT('Origin',(-2.995,2.995,-13.2886084642567));
#7377=CARTESIAN_POINT('',(-2.605,2.995,-8.5));
#7378=CARTESIAN_POINT('',(-2.605,2.995,-8.2));
#7379=CARTESIAN_POINT('',(-2.605,2.995,-8.5));
#7380=CARTESIAN_POINT('',(-1.895,2.995,-8.5));
#7381=CARTESIAN_POINT('',(-1.895,2.995,-8.5));
#7382=CARTESIAN_POINT('',(-1.895,2.995,-8.2));
#7383=CARTESIAN_POINT('',(-1.895,2.995,-8.5));
#7384=CARTESIAN_POINT('',(-1.895,2.995,-8.2));
#7385=CARTESIAN_POINT('Origin',(1.895,3.21,-8.52));
#7386=CARTESIAN_POINT('',(-2.605,3.53,-8.52));
#7387=CARTESIAN_POINT('',(-2.605,3.21,-8.2));
#7388=CARTESIAN_POINT('Origin',(-2.605,3.21,-8.52));
#7389=CARTESIAN_POINT('',(-1.895,3.21,-8.2));
#7390=CARTESIAN_POINT('',(1.895,3.21,-8.2));
#7391=CARTESIAN_POINT('',(-1.895,3.53,-8.52));
#7392=CARTESIAN_POINT('Origin',(-1.895,3.21,-8.52));
#7393=CARTESIAN_POINT('',(1.895,3.53,-8.52));
#7394=CARTESIAN_POINT('Origin',(-2.605,0.,0.));
#7395=CARTESIAN_POINT('',(-2.605,3.53,-9.64240000000027));
#7396=CARTESIAN_POINT('',(-2.605,3.53,-5.09));
#7397=CARTESIAN_POINT('',(-2.605,3.9,-11.3));
#7398=CARTESIAN_POINT('',(-2.605,3.9,-11.3));
#7399=CARTESIAN_POINT('',(-2.605,3.65,-12.42));
#7400=CARTESIAN_POINT('',(-2.605,3.65,-12.42));
#7401=CARTESIAN_POINT('',(-2.605,3.65,-13.01));
#7402=CARTESIAN_POINT('',(-2.605,3.65,-13.01));
#7403=CARTESIAN_POINT('',(-2.605,3.35,-13.01));
#7404=CARTESIAN_POINT('',(-2.605,3.35,-13.01));
#7405=CARTESIAN_POINT('',(-2.605,3.35,-12.38692483865));
#7406=CARTESIAN_POINT('',(-2.605,3.35,-12.38692483865));
#7407=CARTESIAN_POINT('',(-2.605,3.592617151485,-11.3));
#7408=CARTESIAN_POINT('',(-2.605,3.592617151485,-11.3));
#7409=CARTESIAN_POINT('',(-2.605,3.23,-9.67547516135009));
#7410=CARTESIAN_POINT('',(-2.605,3.35,-10.21307516135));
#7411=CARTESIAN_POINT('',(-2.605,3.23,-8.52));
#7412=CARTESIAN_POINT('',(-2.605,3.23,-8.52));
#7413=CARTESIAN_POINT('',(-2.605,3.21,-8.5));
#7414=CARTESIAN_POINT('Origin',(-2.605,3.21,-8.52));
#7415=CARTESIAN_POINT('',(-2.605,2.995,-8.5));
#7416=CARTESIAN_POINT('',(-2.605,3.33,-8.2));
#7417=CARTESIAN_POINT('Origin',(1.895,3.53,-10.18));
#7418=CARTESIAN_POINT('',(-1.895,3.53,-9.64240000000027));
#7419=CARTESIAN_POINT('',(-1.895,3.53,-10.18));
#7420=CARTESIAN_POINT('',(0.,3.53,-9.64240000000027));
#7421=CARTESIAN_POINT('Origin',(-1.895,3.21,-8.52));
#7422=CARTESIAN_POINT('',(-1.895,3.23,-8.52));
#7423=CARTESIAN_POINT('',(-1.895,3.21,-8.5));
#7424=CARTESIAN_POINT('Origin',(-1.895,3.21,-8.52));
#7425=CARTESIAN_POINT('',(-1.895,3.21,-8.5));
#7426=CARTESIAN_POINT('',(-1.895,3.23,-8.52));
#7427=CARTESIAN_POINT('Origin',(-1.895,2.995,-8.5));
#7428=CARTESIAN_POINT('',(-1.895,2.995,-8.5));
#7429=CARTESIAN_POINT('Origin',(-1.895,0.,0.));
#7430=CARTESIAN_POINT('',(-1.895,3.33,-8.2));
#7431=CARTESIAN_POINT('',(-1.895,3.23,-9.67547516135009));
#7432=CARTESIAN_POINT('',(-1.895,3.23,-8.52));
#7433=CARTESIAN_POINT('',(-1.895,3.592617151485,-11.3));
#7434=CARTESIAN_POINT('',(-1.895,3.35,-10.21307516135));
#7435=CARTESIAN_POINT('',(-1.895,3.35,-12.38692483865));
#7436=CARTESIAN_POINT('',(-1.895,3.592617151485,-11.3));
#7437=CARTESIAN_POINT('',(-1.895,3.35,-13.01));
#7438=CARTESIAN_POINT('',(-1.895,3.35,-12.38692483865));
#7439=CARTESIAN_POINT('',(-1.895,3.65,-13.01));
#7440=CARTESIAN_POINT('',(-1.895,3.35,-13.01));
#7441=CARTESIAN_POINT('',(-1.895,3.65,-12.42));
#7442=CARTESIAN_POINT('',(-1.895,3.65,-13.01));
#7443=CARTESIAN_POINT('',(-1.895,3.9,-11.3));
#7444=CARTESIAN_POINT('',(-1.895,3.65,-12.42));
#7445=CARTESIAN_POINT('',(-1.895,3.9,-11.3));
#7446=CARTESIAN_POINT('Origin',(1.895,3.33,-8.2));
#7447=CARTESIAN_POINT('Origin',(-1.895,3.23,-8.52));
#7448=CARTESIAN_POINT('',(-1.895,3.23,-9.67547516135009));
#7449=CARTESIAN_POINT('Origin',(-1.895,3.35,-10.21307516135));
#7450=CARTESIAN_POINT('',(-1.895,3.592617151485,-11.3));
#7451=CARTESIAN_POINT('Origin',(-1.895,3.592617151485,-11.3));
#7452=CARTESIAN_POINT('',(-1.895,3.35,-12.38692483865));
#7453=CARTESIAN_POINT('Origin',(-1.895,3.35,-12.38692483865));
#7454=CARTESIAN_POINT('',(-1.895,3.35,-13.01));
#7455=CARTESIAN_POINT('Origin',(-1.895,3.35,-13.01));
#7456=CARTESIAN_POINT('',(-1.895,3.65,-13.01));
#7457=CARTESIAN_POINT('Origin',(-1.895,3.65,-13.01));
#7458=CARTESIAN_POINT('',(-1.895,3.65,-12.42));
#7459=CARTESIAN_POINT('Origin',(-1.895,3.65,-12.42));
#7460=CARTESIAN_POINT('',(-1.895,3.9,-11.3));
#7461=CARTESIAN_POINT('Origin',(-1.895,3.9,-11.3));
#7462=CARTESIAN_POINT('Origin',(1.895,-3.23,-8.52));
#7463=CARTESIAN_POINT('',(-1.895,-3.23,-8.52));
#7464=CARTESIAN_POINT('',(-2.605,-3.23,-8.52));
#7465=CARTESIAN_POINT('',(1.895,-3.23,-8.52));
#7466=CARTESIAN_POINT('',(-1.895,-3.23,-9.67547516135009));
#7467=CARTESIAN_POINT('',(-1.895,-3.23,-8.52));
#7468=CARTESIAN_POINT('',(-2.605,-3.23,-9.67547516135009));
#7469=CARTESIAN_POINT('',(0.,-3.23,-9.67547516135009));
#7470=CARTESIAN_POINT('',(-2.605,-3.23,-8.52));
#7471=CARTESIAN_POINT('Origin',(-1.895,-3.35,-10.21307516135));
#7472=CARTESIAN_POINT('',(-1.895,-3.592617151485,-11.3));
#7473=CARTESIAN_POINT('',(-1.895,-3.35,-10.21307516135));
#7474=CARTESIAN_POINT('',(-2.605,-3.592617151485,-11.3));
#7475=CARTESIAN_POINT('',(-1.895,-3.592617151485,-11.3));
#7476=CARTESIAN_POINT('',(-2.605,-3.35,-10.21307516135));
#7477=CARTESIAN_POINT('Origin',(-1.895,-3.592617151485,-11.3));
#7478=CARTESIAN_POINT('',(-1.895,-3.35,-12.38692483865));
#7479=CARTESIAN_POINT('',(-1.895,-3.592617151485,-11.3));
#7480=CARTESIAN_POINT('',(-2.605,-3.35,-12.38692483865));
#7481=CARTESIAN_POINT('',(-1.895,-3.35,-12.38692483865));
#7482=CARTESIAN_POINT('',(-2.605,-3.592617151485,-11.3));
#7483=CARTESIAN_POINT('Origin',(-1.895,-3.35,-12.38692483865));
#7484=CARTESIAN_POINT('',(-1.895,-3.35,-13.01));
#7485=CARTESIAN_POINT('',(-1.895,-3.35,-12.38692483865));
#7486=CARTESIAN_POINT('',(-2.605,-3.35,-13.01));
#7487=CARTESIAN_POINT('',(-1.895,-3.35,-13.01));
#7488=CARTESIAN_POINT('',(-2.605,-3.35,-12.38692483865));
#7489=CARTESIAN_POINT('Origin',(-1.895,-3.35,-13.01));
#7490=CARTESIAN_POINT('',(-1.895,-3.65,-13.01));
#7491=CARTESIAN_POINT('',(-1.895,-3.35,-13.01));
#7492=CARTESIAN_POINT('',(-2.605,-3.65,-13.01));
#7493=CARTESIAN_POINT('',(-1.895,-3.65,-13.01));
#7494=CARTESIAN_POINT('',(-2.605,-3.35,-13.01));
#7495=CARTESIAN_POINT('Origin',(-1.895,-3.65,-13.01));
#7496=CARTESIAN_POINT('',(-1.895,-3.65,-12.42));
#7497=CARTESIAN_POINT('',(-1.895,-3.65,-13.01));
#7498=CARTESIAN_POINT('',(-2.605,-3.65,-12.42));
#7499=CARTESIAN_POINT('',(-1.895,-3.65,-12.42));
#7500=CARTESIAN_POINT('',(-2.605,-3.65,-13.01));
#7501=CARTESIAN_POINT('Origin',(-1.895,-3.65,-12.42));
#7502=CARTESIAN_POINT('',(-1.895,-3.9,-11.3));
#7503=CARTESIAN_POINT('',(-1.895,-3.65,-12.42));
#7504=CARTESIAN_POINT('',(-2.605,-3.9,-11.3));
#7505=CARTESIAN_POINT('',(-1.895,-3.9,-11.3));
#7506=CARTESIAN_POINT('',(-2.605,-3.65,-12.42));
#7507=CARTESIAN_POINT('Origin',(-1.895,-3.9,-11.3));
#7508=CARTESIAN_POINT('',(-1.895,-3.53,-9.64240000000027));
#7509=CARTESIAN_POINT('',(-1.895,-3.9,-11.3));
#7510=CARTESIAN_POINT('',(-2.605,-3.53,-9.64240000000027));
#7511=CARTESIAN_POINT('',(0.,-3.53,-9.64240000000027));
#7512=CARTESIAN_POINT('',(-2.605,-3.9,-11.3));
#7513=CARTESIAN_POINT('Origin',(1.895,-3.53,-10.18));
#7514=CARTESIAN_POINT('',(-2.605,-3.53,-8.52));
#7515=CARTESIAN_POINT('',(-1.895,-3.53,-8.52));
#7516=CARTESIAN_POINT('',(1.895,-3.53,-8.52));
#7517=CARTESIAN_POINT('',(-2.605,-3.53,-10.18));
#7518=CARTESIAN_POINT('',(-1.895,-3.53,-10.18));
#7519=CARTESIAN_POINT('Origin',(-1.895,0.,0.));
#7520=CARTESIAN_POINT('',(-1.895,-3.21,-8.2));
#7521=CARTESIAN_POINT('Origin',(-1.895,-3.21,-8.52));
#7522=CARTESIAN_POINT('',(-1.895,-3.21,-8.5));
#7523=CARTESIAN_POINT('Origin',(-1.895,-3.21,-8.52));
#7524=CARTESIAN_POINT('',(-1.895,-2.995,-8.5));
#7525=CARTESIAN_POINT('',(-1.895,-2.995,-8.5));
#7526=CARTESIAN_POINT('',(-1.895,-2.995,-8.2));
#7527=CARTESIAN_POINT('',(-1.895,-2.995,-8.5));
#7528=CARTESIAN_POINT('',(-1.895,-3.33,-8.2));
#7529=CARTESIAN_POINT('Origin',(1.895,-3.33,-8.2));
#7530=CARTESIAN_POINT('',(-2.605,-3.21,-8.2));
#7531=CARTESIAN_POINT('',(1.895,-3.21,-8.2));
#7532=CARTESIAN_POINT('',(-2.605,-2.995,-8.2));
#7533=CARTESIAN_POINT('',(-1.895,-2.995,-8.2));
#7534=CARTESIAN_POINT('',(-2.605,-3.33,-8.2));
#7535=CARTESIAN_POINT('Origin',(-2.605,0.,0.));
#7536=CARTESIAN_POINT('Origin',(-2.605,-3.21,-8.52));
#7537=CARTESIAN_POINT('',(-2.605,-2.995,-8.5));
#7538=CARTESIAN_POINT('',(-2.605,-2.995,-8.5));
#7539=CARTESIAN_POINT('',(-2.605,-3.21,-8.5));
#7540=CARTESIAN_POINT('',(-2.605,-2.995,-8.5));
#7541=CARTESIAN_POINT('Origin',(-2.605,-3.21,-8.52));
#7542=CARTESIAN_POINT('Origin',(1.895,-3.21,-8.52));
#7543=CARTESIAN_POINT('Origin',(1.895,-2.995,-8.5));
#7544=CARTESIAN_POINT('',(1.895,-3.21,-8.5));
#7545=CARTESIAN_POINT('',(-1.895,-2.995,-8.5));
#7546=CARTESIAN_POINT('Origin',(1.895,-3.21,-8.52));
#7547=CARTESIAN_POINT('Origin',(-2.995,-2.995,-4.45409966862454));
#7548=CARTESIAN_POINT('Origin',(-2.995,2.995,-13.2886084642567));
#7549=CARTESIAN_POINT('',(2.605,2.995,-8.5));
#7550=CARTESIAN_POINT('',(2.605,2.995,-8.2));
#7551=CARTESIAN_POINT('',(2.605,2.995,-8.5));
#7552=CARTESIAN_POINT('',(1.895,2.995,-8.2));
#7553=CARTESIAN_POINT('',(1.895,2.995,-8.2));
#7554=CARTESIAN_POINT('',(1.895,2.995,-8.5));
#7555=CARTESIAN_POINT('',(1.895,2.995,-8.5));
#7556=CARTESIAN_POINT('',(1.895,2.995,-8.5));
#7557=CARTESIAN_POINT('Origin',(1.895,3.21,-8.52));
#7558=CARTESIAN_POINT('',(1.895,3.53,-8.52));
#7559=CARTESIAN_POINT('',(1.895,3.21,-8.2));
#7560=CARTESIAN_POINT('Origin',(1.895,3.21,-8.52));
#7561=CARTESIAN_POINT('',(2.605,3.21,-8.2));
#7562=CARTESIAN_POINT('',(1.895,3.21,-8.2));
#7563=CARTESIAN_POINT('',(2.605,3.53,-8.52));
#7564=CARTESIAN_POINT('Origin',(2.605,3.21,-8.52));
#7565=CARTESIAN_POINT('',(1.895,3.53,-8.52));
#7566=CARTESIAN_POINT('Origin',(1.895,3.53,-10.18));
#7567=CARTESIAN_POINT('',(2.605,3.53,-9.64240000000027));
#7568=CARTESIAN_POINT('',(2.605,3.53,-10.18));
#7569=CARTESIAN_POINT('',(1.895,3.53,-9.64240000000027));
#7570=CARTESIAN_POINT('',(1.895,3.53,-9.64240000000027));
#7571=CARTESIAN_POINT('',(1.895,3.53,-10.18));
#7572=CARTESIAN_POINT('Origin',(2.605,0.,0.));
#7573=CARTESIAN_POINT('',(2.605,3.33,-8.2));
#7574=CARTESIAN_POINT('',(2.605,3.21,-8.5));
#7575=CARTESIAN_POINT('',(2.605,2.995,-8.5));
#7576=CARTESIAN_POINT('',(2.605,3.23,-8.52));
#7577=CARTESIAN_POINT('Origin',(2.605,3.21,-8.52));
#7578=CARTESIAN_POINT('',(2.605,3.23,-9.67547516135009));
#7579=CARTESIAN_POINT('',(2.605,3.23,-8.52));
#7580=CARTESIAN_POINT('',(2.605,3.592617151485,-11.3));
#7581=CARTESIAN_POINT('',(2.605,3.35,-10.21307516135));
#7582=CARTESIAN_POINT('',(2.605,3.35,-12.38692483865));
#7583=CARTESIAN_POINT('',(2.605,3.592617151485,-11.3));
#7584=CARTESIAN_POINT('',(2.605,3.35,-13.01));
#7585=CARTESIAN_POINT('',(2.605,3.35,-12.38692483865));
#7586=CARTESIAN_POINT('',(2.605,3.65,-13.01));
#7587=CARTESIAN_POINT('',(2.605,3.35,-13.01));
#7588=CARTESIAN_POINT('',(2.605,3.65,-12.42));
#7589=CARTESIAN_POINT('',(2.605,3.65,-13.01));
#7590=CARTESIAN_POINT('',(2.605,3.9,-11.3));
#7591=CARTESIAN_POINT('',(2.605,3.65,-12.42));
#7592=CARTESIAN_POINT('',(2.605,3.9,-11.3));
#7593=CARTESIAN_POINT('Origin',(-1.895,3.21,-8.52));
#7594=CARTESIAN_POINT('',(1.895,3.21,-8.5));
#7595=CARTESIAN_POINT('',(-1.895,3.21,-8.5));
#7596=CARTESIAN_POINT('',(1.895,3.23,-8.52));
#7597=CARTESIAN_POINT('Origin',(1.895,3.21,-8.52));
#7598=CARTESIAN_POINT('',(-1.895,3.23,-8.52));
#7599=CARTESIAN_POINT('Origin',(-1.895,2.995,-8.5));
#7600=CARTESIAN_POINT('',(1.895,2.995,-8.5));
#7601=CARTESIAN_POINT('Origin',(1.895,0.,0.));
#7602=CARTESIAN_POINT('',(1.895,3.9,-11.3));
#7603=CARTESIAN_POINT('',(1.895,3.9,-11.3));
#7604=CARTESIAN_POINT('',(1.895,3.65,-12.42));
#7605=CARTESIAN_POINT('',(1.895,3.65,-12.42));
#7606=CARTESIAN_POINT('',(1.895,3.65,-13.01));
#7607=CARTESIAN_POINT('',(1.895,3.65,-13.01));
#7608=CARTESIAN_POINT('',(1.895,3.35,-13.01));
#7609=CARTESIAN_POINT('',(1.895,3.35,-13.01));
#7610=CARTESIAN_POINT('',(1.895,3.35,-12.38692483865));
#7611=CARTESIAN_POINT('',(1.895,3.35,-12.38692483865));
#7612=CARTESIAN_POINT('',(1.895,3.592617151485,-11.3));
#7613=CARTESIAN_POINT('',(1.895,3.592617151485,-11.3));
#7614=CARTESIAN_POINT('',(1.895,3.23,-9.67547516135009));
#7615=CARTESIAN_POINT('',(1.895,3.35,-10.21307516135));
#7616=CARTESIAN_POINT('',(1.895,3.23,-8.52));
#7617=CARTESIAN_POINT('',(1.895,3.33,-8.2));
#7618=CARTESIAN_POINT('Origin',(1.895,3.33,-8.2));
#7619=CARTESIAN_POINT('Origin',(1.895,3.9,-11.3));
#7620=CARTESIAN_POINT('',(1.895,3.9,-11.3));
#7621=CARTESIAN_POINT('Origin',(1.895,3.65,-12.42));
#7622=CARTESIAN_POINT('',(1.895,3.65,-12.42));
#7623=CARTESIAN_POINT('Origin',(1.895,3.65,-13.01));
#7624=CARTESIAN_POINT('',(1.895,3.65,-13.01));
#7625=CARTESIAN_POINT('Origin',(1.895,3.35,-13.01));
#7626=CARTESIAN_POINT('',(1.895,3.35,-13.01));
#7627=CARTESIAN_POINT('Origin',(1.895,3.35,-12.38692483865));
#7628=CARTESIAN_POINT('',(1.895,3.35,-12.38692483865));
#7629=CARTESIAN_POINT('Origin',(1.895,3.592617151485,-11.3));
#7630=CARTESIAN_POINT('',(1.895,3.592617151485,-11.3));
#7631=CARTESIAN_POINT('Origin',(1.895,3.35,-10.21307516135));
#7632=CARTESIAN_POINT('',(0.,3.23,-9.67547516135009));
#7633=CARTESIAN_POINT('Origin',(-1.895,3.23,-8.52));
#7634=CARTESIAN_POINT('Origin',(1.895,-3.9,-11.3));
#7635=CARTESIAN_POINT('',(1.895,-3.9,-11.3));
#7636=CARTESIAN_POINT('',(1.895,-3.53,-9.64240000000027));
#7637=CARTESIAN_POINT('',(1.895,-3.9,-11.3));
#7638=CARTESIAN_POINT('',(2.605,-3.9,-11.3));
#7639=CARTESIAN_POINT('',(1.895,-3.9,-11.3));
#7640=CARTESIAN_POINT('',(2.605,-3.53,-9.64240000000027));
#7641=CARTESIAN_POINT('',(2.605,-3.9,-11.3));
#7642=CARTESIAN_POINT('',(1.895,-3.53,-9.64240000000027));
#7643=CARTESIAN_POINT('Origin',(1.895,-3.65,-12.42));
#7644=CARTESIAN_POINT('',(1.895,-3.65,-12.42));
#7645=CARTESIAN_POINT('',(1.895,-3.65,-12.42));
#7646=CARTESIAN_POINT('',(2.605,-3.65,-12.42));
#7647=CARTESIAN_POINT('',(1.895,-3.65,-12.42));
#7648=CARTESIAN_POINT('',(2.605,-3.65,-12.42));
#7649=CARTESIAN_POINT('Origin',(1.895,-3.65,-13.01));
#7650=CARTESIAN_POINT('',(1.895,-3.65,-13.01));
#7651=CARTESIAN_POINT('',(1.895,-3.65,-13.01));
#7652=CARTESIAN_POINT('',(2.605,-3.65,-13.01));
#7653=CARTESIAN_POINT('',(1.895,-3.65,-13.01));
#7654=CARTESIAN_POINT('',(2.605,-3.65,-13.01));
#7655=CARTESIAN_POINT('Origin',(1.895,-3.35,-13.01));
#7656=CARTESIAN_POINT('',(1.895,-3.35,-13.01));
#7657=CARTESIAN_POINT('',(1.895,-3.35,-13.01));
#7658=CARTESIAN_POINT('',(2.605,-3.35,-13.01));
#7659=CARTESIAN_POINT('',(1.895,-3.35,-13.01));
#7660=CARTESIAN_POINT('',(2.605,-3.35,-13.01));
#7661=CARTESIAN_POINT('Origin',(1.895,-3.35,-12.38692483865));
#7662=CARTESIAN_POINT('',(1.895,-3.35,-12.38692483865));
#7663=CARTESIAN_POINT('',(1.895,-3.35,-12.38692483865));
#7664=CARTESIAN_POINT('',(2.605,-3.35,-12.38692483865));
#7665=CARTESIAN_POINT('',(1.895,-3.35,-12.38692483865));
#7666=CARTESIAN_POINT('',(2.605,-3.35,-12.38692483865));
#7667=CARTESIAN_POINT('Origin',(1.895,-3.592617151485,-11.3));
#7668=CARTESIAN_POINT('',(1.895,-3.592617151485,-11.3));
#7669=CARTESIAN_POINT('',(1.895,-3.592617151485,-11.3));
#7670=CARTESIAN_POINT('',(2.605,-3.592617151485,-11.3));
#7671=CARTESIAN_POINT('',(1.895,-3.592617151485,-11.3));
#7672=CARTESIAN_POINT('',(2.605,-3.592617151485,-11.3));
#7673=CARTESIAN_POINT('Origin',(1.895,-3.35,-10.21307516135));
#7674=CARTESIAN_POINT('',(1.895,-3.23,-9.67547516135009));
#7675=CARTESIAN_POINT('',(1.895,-3.35,-10.21307516135));
#7676=CARTESIAN_POINT('',(2.605,-3.23,-9.67547516135009));
#7677=CARTESIAN_POINT('',(1.895,-3.23,-9.67547516135009));
#7678=CARTESIAN_POINT('',(2.605,-3.35,-10.21307516135));
#7679=CARTESIAN_POINT('Origin',(1.895,-3.23,-8.52));
#7680=CARTESIAN_POINT('',(2.605,-3.23,-8.52));
#7681=CARTESIAN_POINT('',(1.895,-3.23,-8.52));
#7682=CARTESIAN_POINT('',(1.895,-3.23,-8.52));
#7683=CARTESIAN_POINT('',(2.605,-3.23,-8.52));
#7684=CARTESIAN_POINT('',(1.895,-3.23,-8.52));
#7685=CARTESIAN_POINT('Origin',(1.895,-3.33,-8.2));
#7686=CARTESIAN_POINT('',(2.605,-3.21,-8.2));
#7687=CARTESIAN_POINT('',(1.895,-3.21,-8.2));
#7688=CARTESIAN_POINT('',(1.895,-3.21,-8.2));
#7689=CARTESIAN_POINT('',(2.605,-2.995,-8.2));
#7690=CARTESIAN_POINT('',(2.605,-3.33,-8.2));
#7691=CARTESIAN_POINT('',(1.895,-2.995,-8.2));
#7692=CARTESIAN_POINT('',(1.895,-2.995,-8.2));
#7693=CARTESIAN_POINT('',(1.895,-3.33,-8.2));
#7694=CARTESIAN_POINT('Origin',(2.605,0.,0.));
#7695=CARTESIAN_POINT('',(2.605,-3.53,-8.52));
#7696=CARTESIAN_POINT('Origin',(2.605,-3.21,-8.52));
#7697=CARTESIAN_POINT('',(2.605,-3.53,-5.09));
#7698=CARTESIAN_POINT('',(2.605,-3.21,-8.5));
#7699=CARTESIAN_POINT('Origin',(2.605,-3.21,-8.52));
#7700=CARTESIAN_POINT('',(2.605,-2.995,-8.5));
#7701=CARTESIAN_POINT('',(2.605,-2.995,-8.5));
#7702=CARTESIAN_POINT('',(2.605,-2.995,-8.5));
#7703=CARTESIAN_POINT('Origin',(1.895,0.,0.));
#7704=CARTESIAN_POINT('',(1.895,-3.53,-8.52));
#7705=CARTESIAN_POINT('Origin',(1.895,-3.21,-8.52));
#7706=CARTESIAN_POINT('',(1.895,-2.995,-8.5));
#7707=CARTESIAN_POINT('',(1.895,-2.995,-8.5));
#7708=CARTESIAN_POINT('',(1.895,-3.21,-8.5));
#7709=CARTESIAN_POINT('',(1.895,-2.995,-8.5));
#7710=CARTESIAN_POINT('Origin',(1.895,-3.21,-8.52));
#7711=CARTESIAN_POINT('',(1.895,-3.53,-10.18));
#7712=CARTESIAN_POINT('Origin',(1.895,-3.53,-10.18));
#7713=CARTESIAN_POINT('',(1.895,-3.53,-8.52));
#7714=CARTESIAN_POINT('Origin',(1.895,-3.21,-8.52));
#7715=CARTESIAN_POINT('Origin',(1.895,-2.995,-8.5));
#7716=CARTESIAN_POINT('',(1.895,-3.21,-8.5));
#7717=CARTESIAN_POINT('',(1.895,-2.995,-8.5));
#7718=CARTESIAN_POINT('Origin',(1.895,-3.21,-8.52));
#7719=CARTESIAN_POINT('Origin',(-2.995,-2.995,-4.45409966862454));
#7720=CARTESIAN_POINT('',(0.,0.,0.));
#7721=CARTESIAN_POINT('Origin',(-2.995,3.27794665369875,-5.99));
#7722=CARTESIAN_POINT('',(-2.995,-2.695,-5.99));
#7723=CARTESIAN_POINT('',(-2.695,-2.995,-5.99));
#7724=CARTESIAN_POINT('Origin',(-2.695,-2.695,-5.99));
#7725=CARTESIAN_POINT('',(-2.995,2.695,-5.99));
#7726=CARTESIAN_POINT('',(-2.995,-1.4975,-5.99));
#7727=CARTESIAN_POINT('',(-2.695,2.995,-5.99));
#7728=CARTESIAN_POINT('Origin',(-2.695,2.695,-5.99));
#7729=CARTESIAN_POINT('',(2.695,2.995,-5.99));
#7730=CARTESIAN_POINT('',(-1.4975,2.995,-5.99));
#7731=CARTESIAN_POINT('',(2.995,2.695,-5.99));
#7732=CARTESIAN_POINT('Origin',(2.695,2.695,-5.99));
#7733=CARTESIAN_POINT('',(2.995,-2.695,-5.99));
#7734=CARTESIAN_POINT('',(2.995,1.4975,-5.99));
#7735=CARTESIAN_POINT('',(2.695,-2.995,-5.99));
#7736=CARTESIAN_POINT('Origin',(2.695,-2.695,-5.99));
#7737=CARTESIAN_POINT('',(1.4975,-2.995,-5.99));
#7738=CARTESIAN_POINT('Origin',(-2.695,-2.695,-5.99));
#7739=CARTESIAN_POINT('',(-2.895,-2.695,-5.89));
#7740=CARTESIAN_POINT('Origin',(-2.895,-2.695,-5.99));
#7741=CARTESIAN_POINT('',(-2.695,-2.895,-5.89));
#7742=CARTESIAN_POINT('Origin',(-2.695,-2.895,-5.99));
#7743=CARTESIAN_POINT('Origin',(-2.695,-2.695,-5.89));
#7744=CARTESIAN_POINT('Origin',(1.4975,-2.895,-5.99));
#7745=CARTESIAN_POINT('',(2.695,-2.895,-5.89));
#7746=CARTESIAN_POINT('Origin',(2.695,-2.895,-5.99));
#7747=CARTESIAN_POINT('',(1.4975,-2.895,-5.89));
#7748=CARTESIAN_POINT('Origin',(2.695,-2.695,-5.99));
#7749=CARTESIAN_POINT('',(2.895,-2.695,-5.89));
#7750=CARTESIAN_POINT('Origin',(2.895,-2.695,-5.99));
#7751=CARTESIAN_POINT('Origin',(2.695,-2.695,-5.89));
#7752=CARTESIAN_POINT('Origin',(2.895,1.4975,-5.99));
#7753=CARTESIAN_POINT('',(2.895,2.695,-5.89));
#7754=CARTESIAN_POINT('Origin',(2.895,2.695,-5.99));
#7755=CARTESIAN_POINT('',(2.895,1.4975,-5.89));
#7756=CARTESIAN_POINT('Origin',(2.695,2.695,-5.99));
#7757=CARTESIAN_POINT('',(2.695,2.895,-5.89));
#7758=CARTESIAN_POINT('Origin',(2.695,2.895,-5.99));
#7759=CARTESIAN_POINT('Origin',(2.695,2.695,-5.89));
#7760=CARTESIAN_POINT('Origin',(-1.4975,2.895,-5.99));
#7761=CARTESIAN_POINT('',(-2.695,2.895,-5.89));
#7762=CARTESIAN_POINT('Origin',(-2.695,2.895,-5.99));
#7763=CARTESIAN_POINT('',(-1.4975,2.895,-5.89));
#7764=CARTESIAN_POINT('Origin',(-2.695,2.695,-5.99));
#7765=CARTESIAN_POINT('',(-2.895,2.695,-5.89));
#7766=CARTESIAN_POINT('Origin',(-2.895,2.695,-5.99));
#7767=CARTESIAN_POINT('Origin',(-2.695,2.695,-5.89));
#7768=CARTESIAN_POINT('Origin',(-2.895,-1.4975,-5.99));
#7769=CARTESIAN_POINT('',(-2.895,-1.4975,-5.89));
#7770=CARTESIAN_POINT('Origin',(0.,0.,-5.89));
#7771=CARTESIAN_POINT('',(0.,0.,0.));
#7772=CARTESIAN_POINT('Origin',(-2.995,-3.17647439791744,-5.89));
#7773=CARTESIAN_POINT('',(2.7,-2.125,-5.89));
#7774=CARTESIAN_POINT('Origin',(2.125,-2.125,-5.89));
#7775=CARTESIAN_POINT('Origin',(2.125,-2.125,-5.9));
#7776=CARTESIAN_POINT('',(2.125,-1.55,-5.846757011317));
#7777=CARTESIAN_POINT('Origin',(2.125,-2.125,-5.846757011317));
#7778=CARTESIAN_POINT('Origin',(2.125,-2.125,-5.846757011317));
#7779=CARTESIAN_POINT('',(2.125,-1.607954545455,-5.744042058315));
#7780=CARTESIAN_POINT('Origin',(2.125,-2.125,-5.744042058315));
#7781=CARTESIAN_POINT('Origin',(2.125,-2.125,-6.6));
#7782=CARTESIAN_POINT('Origin',(-2.995,3.27794665369875,-5.99));
#7783=CARTESIAN_POINT('',(-2.995,-2.695,-5.99));
#7784=CARTESIAN_POINT('',(-2.695,-2.995,-5.99));
#7785=CARTESIAN_POINT('Origin',(-2.695,-2.695,-5.99));
#7786=CARTESIAN_POINT('',(2.695,-2.995,-5.99));
#7787=CARTESIAN_POINT('',(1.4975,-2.995,-5.99));
#7788=CARTESIAN_POINT('',(2.995,-2.695,-5.99));
#7789=CARTESIAN_POINT('Origin',(2.695,-2.695,-5.99));
#7790=CARTESIAN_POINT('',(2.995,2.695,-5.99));
#7791=CARTESIAN_POINT('',(2.995,1.4975,-5.99));
#7792=CARTESIAN_POINT('',(2.695,2.995,-5.99));
#7793=CARTESIAN_POINT('Origin',(2.695,2.695,-5.99));
#7794=CARTESIAN_POINT('',(-2.695,2.995,-5.99));
#7795=CARTESIAN_POINT('',(-1.4975,2.995,-5.99));
#7796=CARTESIAN_POINT('',(-2.995,2.695,-5.99));
#7797=CARTESIAN_POINT('Origin',(-2.695,2.695,-5.99));
#7798=CARTESIAN_POINT('',(-2.995,-1.4975,-5.99));
#7799=CARTESIAN_POINT('Origin',(2.995,2.995,-5.9));
#7800=CARTESIAN_POINT('',(2.995,-2.695,-9.5));
#7801=CARTESIAN_POINT('',(2.995,-2.695,-9.5));
#7802=CARTESIAN_POINT('',(2.995,2.695,-9.5));
#7803=CARTESIAN_POINT('',(2.995,2.695,-9.5));
#7804=CARTESIAN_POINT('',(2.995,2.695,-9.5));
#7805=CARTESIAN_POINT('Origin',(2.695,-2.695,-21.8842));
#7806=CARTESIAN_POINT('',(2.695,-2.995,-9.5));
#7807=CARTESIAN_POINT('',(2.695,-2.995,-9.5));
#7808=CARTESIAN_POINT('Origin',(2.695,-2.695,-9.5));
#7809=CARTESIAN_POINT('Origin',(2.995,-2.995,-5.9));
#7810=CARTESIAN_POINT('',(-2.695,-2.995,-9.5));
#7811=CARTESIAN_POINT('',(-2.695,-2.995,-9.5));
#7812=CARTESIAN_POINT('',(2.695,-2.995,-9.5));
#7813=CARTESIAN_POINT('Origin',(-2.695,-2.695,-21.8842));
#7814=CARTESIAN_POINT('',(-2.995,-2.695,-9.5));
#7815=CARTESIAN_POINT('',(-2.995,-2.695,-9.5));
#7816=CARTESIAN_POINT('Origin',(-2.695,-2.695,-9.5));
#7817=CARTESIAN_POINT('Origin',(2.695,2.695,-21.8842));
#7818=CARTESIAN_POINT('',(2.695,2.995,-9.5));
#7819=CARTESIAN_POINT('Origin',(2.695,2.695,-9.5));
#7820=CARTESIAN_POINT('',(2.695,2.995,-9.5));
#7821=CARTESIAN_POINT('Origin',(-2.995,2.995,-5.9));
#7822=CARTESIAN_POINT('',(-2.695,2.995,-9.5));
#7823=CARTESIAN_POINT('',(-2.695,2.995,-9.5));
#7824=CARTESIAN_POINT('',(-2.695,2.995,-9.5));
#7825=CARTESIAN_POINT('Origin',(-2.695,2.695,-21.8842));
#7826=CARTESIAN_POINT('',(-2.995,2.695,-9.5));
#7827=CARTESIAN_POINT('Origin',(-2.695,2.695,-9.5));
#7828=CARTESIAN_POINT('',(-2.995,2.695,-9.5));
#7829=CARTESIAN_POINT('Origin',(-2.995,-2.995,-5.9));
#7830=CARTESIAN_POINT('',(-2.995,-2.695,-9.5));
#7831=CARTESIAN_POINT('Origin',(0.,0.,-9.5));
#7832=CARTESIAN_POINT('Origin',(2.125,2.125,-6.6));
#7833=CARTESIAN_POINT('',(2.125,1.607954545455,-5.744042058315));
#7834=CARTESIAN_POINT('Origin',(2.125,2.125,-5.744042058315));
#7835=CARTESIAN_POINT('Origin',(2.125,2.125,-5.846757011317));
#7836=CARTESIAN_POINT('',(2.125,1.55,-5.846757011317));
#7837=CARTESIAN_POINT('Origin',(2.125,2.125,-5.846757011317));
#7838=CARTESIAN_POINT('Origin',(2.125,2.125,-5.9));
#7839=CARTESIAN_POINT('',(1.55,2.125,-5.89));
#7840=CARTESIAN_POINT('Origin',(2.125,2.125,-5.89));
#7841=CARTESIAN_POINT('Origin',(-2.995,-3.17647439791744,-5.89));
#7842=CARTESIAN_POINT('Origin',(-2.995,-3.17647439791744,-5.89));
#7843=CARTESIAN_POINT('',(-2.7,2.125,-5.89));
#7844=CARTESIAN_POINT('Origin',(-2.125,2.125,-5.89));
#7845=CARTESIAN_POINT('Origin',(-2.125,2.125,-5.9));
#7846=CARTESIAN_POINT('',(-2.125,1.55,-5.846757011317));
#7847=CARTESIAN_POINT('Origin',(-2.125,2.125,-5.846757011317));
#7848=CARTESIAN_POINT('Origin',(-2.125,2.125,-5.846757011317));
#7849=CARTESIAN_POINT('',(-2.125,1.607954545455,-5.744042058315));
#7850=CARTESIAN_POINT('Origin',(-2.125,2.125,-5.744042058315));
#7851=CARTESIAN_POINT('Origin',(-2.125,2.125,-6.6));
#7852=CARTESIAN_POINT('Origin',(-2.125,-2.125,-6.6));
#7853=CARTESIAN_POINT('',(-2.125,-1.607954545455,-5.744042058315));
#7854=CARTESIAN_POINT('Origin',(-2.125,-2.125,-5.744042058315));
#7855=CARTESIAN_POINT('Origin',(-2.125,-2.125,-5.846757011317));
#7856=CARTESIAN_POINT('',(-2.125,-1.55,-5.846757011317));
#7857=CARTESIAN_POINT('Origin',(-2.125,-2.125,-5.846757011317));
#7858=CARTESIAN_POINT('Origin',(-2.125,-2.125,-5.9));
#7859=CARTESIAN_POINT('',(-1.55,-2.125,-5.89));
#7860=CARTESIAN_POINT('Origin',(-2.125,-2.125,-5.89));
#7861=CARTESIAN_POINT('Origin',(-2.995,-3.17647439791744,-5.89));
#7862=CARTESIAN_POINT('',(0.,0.,0.));
#7863=CARTESIAN_POINT('Origin',(5.77197309507103,1.5943293590063,0.));
#7864=CARTESIAN_POINT('',(5.77197309507103,1.64281908876391,0.));
#7865=CARTESIAN_POINT('',(5.77197309507103,1.5943293590063,0.));
#7866=CARTESIAN_POINT('',(5.77197309507103,1.64281908876391,0.));
#7867=CARTESIAN_POINT('',(5.77197309507103,1.64281908876391,0.1));
#7868=CARTESIAN_POINT('',(5.77197309507103,1.64281908876391,0.));
#7869=CARTESIAN_POINT('',(5.77197309507103,1.5943293590063,0.1));
#7870=CARTESIAN_POINT('',(5.77197309507103,1.64281908876391,0.1));
#7871=CARTESIAN_POINT('',(5.77197309507103,1.5943293590063,0.));
#7872=CARTESIAN_POINT('Origin',(5.78189789355943,1.5943293590063,0.));
#7873=CARTESIAN_POINT('',(5.78189789355943,1.5943293590063,0.));
#7874=CARTESIAN_POINT('',(5.77197309507103,1.5943293590063,0.));
#7875=CARTESIAN_POINT('',(5.78189789355943,1.5943293590063,0.1));
#7876=CARTESIAN_POINT('',(5.77197309507103,1.5943293590063,0.1));
#7877=CARTESIAN_POINT('',(5.78189789355943,1.5943293590063,0.));
#7878=CARTESIAN_POINT('Origin',(5.78189789355943,1.58213603514912,0.));
#7879=CARTESIAN_POINT('',(5.78189789355943,1.58213603514912,0.));
#7880=CARTESIAN_POINT('',(5.78189789355943,1.5943293590063,0.));
#7881=CARTESIAN_POINT('',(5.78189789355943,1.58213603514912,0.1));
#7882=CARTESIAN_POINT('',(5.78189789355943,1.5943293590063,0.1));
#7883=CARTESIAN_POINT('',(5.78189789355943,1.58213603514912,0.));
#7884=CARTESIAN_POINT('Origin',(5.77197309507103,1.58213603514912,0.));
#7885=CARTESIAN_POINT('',(5.77197309507103,1.58213603514912,0.));
#7886=CARTESIAN_POINT('',(5.78189789355943,1.58213603514912,0.));
#7887=CARTESIAN_POINT('',(5.77197309507103,1.58213603514912,0.1));
#7888=CARTESIAN_POINT('',(5.78189789355943,1.58213603514912,0.1));
#7889=CARTESIAN_POINT('',(5.77197309507103,1.58213603514912,0.));
#7890=CARTESIAN_POINT('Origin',(5.77197309507103,1.55699321231184,0.));
#7891=CARTESIAN_POINT('',(5.77197309507103,1.55699321231184,0.));
#7892=CARTESIAN_POINT('',(5.77197309507103,1.58213603514912,0.));
#7893=CARTESIAN_POINT('',(5.77197309507103,1.55699321231184,0.1));
#7894=CARTESIAN_POINT('',(5.77197309507103,1.58213603514912,0.1));
#7895=CARTESIAN_POINT('',(5.77197309507103,1.55699321231184,0.));
#7896=CARTESIAN_POINT('Origin',(5.75722768017398,1.55699321231184,0.));
#7897=CARTESIAN_POINT('',(5.75722768017398,1.55699321231184,0.));
#7898=CARTESIAN_POINT('',(5.77197309507103,1.55699321231184,0.));
#7899=CARTESIAN_POINT('',(5.75722768017398,1.55699321231184,0.1));
#7900=CARTESIAN_POINT('',(5.77197309507103,1.55699321231184,0.1));
#7901=CARTESIAN_POINT('',(5.75722768017398,1.55699321231184,0.));
#7902=CARTESIAN_POINT('Origin',(5.75722768017398,1.58213603514912,0.));
#7903=CARTESIAN_POINT('',(5.75722768017398,1.58213603514912,0.));
#7904=CARTESIAN_POINT('',(5.75722768017398,1.55699321231184,0.));
#7905=CARTESIAN_POINT('',(5.75722768017398,1.58213603514912,0.1));
#7906=CARTESIAN_POINT('',(5.75722768017398,1.55699321231184,0.1));
#7907=CARTESIAN_POINT('',(5.75722768017398,1.58213603514912,0.));
#7908=CARTESIAN_POINT('Origin',(5.73009989763902,1.58213603514912,0.));
#7909=CARTESIAN_POINT('',(5.73009989763902,1.58213603514912,0.));
#7910=CARTESIAN_POINT('',(5.75722768017398,1.58213603514912,0.));
#7911=CARTESIAN_POINT('',(5.73009989763902,1.58213603514912,0.1));
#7912=CARTESIAN_POINT('',(5.75722768017398,1.58213603514912,0.1));
#7913=CARTESIAN_POINT('',(5.73009989763902,1.58213603514912,0.));
#7914=CARTESIAN_POINT('Origin',(5.73009989763902,1.5943293590063,0.));
#7915=CARTESIAN_POINT('',(5.73009989763902,1.5943293590063,0.));
#7916=CARTESIAN_POINT('',(5.73009989763902,1.58213603514912,0.));
#7917=CARTESIAN_POINT('',(5.73009989763902,1.5943293590063,0.1));
#7918=CARTESIAN_POINT('',(5.73009989763902,1.58213603514912,0.1));
#7919=CARTESIAN_POINT('',(5.73009989763902,1.5943293590063,0.));
#7920=CARTESIAN_POINT('Origin',(5.75722768017398,1.5943293590063,0.));
#7921=CARTESIAN_POINT('',(5.75722768017398,1.5943293590063,0.));
#7922=CARTESIAN_POINT('',(5.73009989763902,1.5943293590063,0.));
#7923=CARTESIAN_POINT('',(5.75722768017398,1.5943293590063,0.1));
#7924=CARTESIAN_POINT('',(5.73009989763902,1.5943293590063,0.1));
#7925=CARTESIAN_POINT('',(5.75722768017398,1.5943293590063,0.));
#7926=CARTESIAN_POINT('Origin',(5.75722768017398,1.63601351265758,0.));
#7927=CARTESIAN_POINT('',(5.75722768017398,1.63601351265758,0.));
#7928=CARTESIAN_POINT('',(5.75722768017398,1.5943293590063,0.));
#7929=CARTESIAN_POINT('',(5.75722768017398,1.63601351265758,0.1));
#7930=CARTESIAN_POINT('',(5.75722768017398,1.5943293590063,0.1));
#7931=CARTESIAN_POINT('',(5.75722768017398,1.63601351265758,0.));
#7932=CARTESIAN_POINT('Ctrl Pts',(5.75514819858593,1.65302745292341,0.));
#7933=CARTESIAN_POINT('Ctrl Pts',(5.75514819858593,1.65302745292341,0.1));
#7934=CARTESIAN_POINT('Ctrl Pts',(5.75675507072215,1.64990823054134,0.));
#7935=CARTESIAN_POINT('Ctrl Pts',(5.75675507072215,1.64990823054134,0.1));
#7936=CARTESIAN_POINT('Ctrl Pts',(5.75722768017398,1.64263004498318,0.));
#7937=CARTESIAN_POINT('Ctrl Pts',(5.75722768017398,1.64263004498318,0.1));
#7938=CARTESIAN_POINT('Ctrl Pts',(5.75722768017398,1.63601351265758,0.));
#7939=CARTESIAN_POINT('Ctrl Pts',(5.75722768017398,1.63601351265758,0.1));
#7940=CARTESIAN_POINT('',(5.75514819858593,1.65302745292341,0.));
#7941=CARTESIAN_POINT('Ctrl Pts',(5.75722768017398,1.63601351265758,0.));
#7942=CARTESIAN_POINT('Ctrl Pts',(5.75722768017398,1.64263004498318,0.));
#7943=CARTESIAN_POINT('Ctrl Pts',(5.75675507072215,1.64990823054134,0.));
#7944=CARTESIAN_POINT('Ctrl Pts',(5.75514819858593,1.65302745292341,0.));
#7945=CARTESIAN_POINT('',(5.75514819858593,1.65302745292341,0.1));
#7946=CARTESIAN_POINT('Ctrl Pts',(5.75514819858593,1.65302745292341,0.1));
#7947=CARTESIAN_POINT('Ctrl Pts',(5.75675507072215,1.64990823054134,0.1));
#7948=CARTESIAN_POINT('Ctrl Pts',(5.75722768017398,1.64263004498318,0.1));
#7949=CARTESIAN_POINT('Ctrl Pts',(5.75722768017398,1.63601351265758,0.1));
#7950=CARTESIAN_POINT('',(5.75514819858593,1.65302745292341,0.));
#7951=CARTESIAN_POINT('Ctrl Pts',(5.74276583094803,1.65850972256462,0.));
#7952=CARTESIAN_POINT('Ctrl Pts',(5.74276583094803,1.65850972256462,0.1));
#7953=CARTESIAN_POINT('Ctrl Pts',(5.74787001302777,1.65850972256462,0.));
#7954=CARTESIAN_POINT('Ctrl Pts',(5.74787001302777,1.65850972256462,0.1));
#7955=CARTESIAN_POINT('Ctrl Pts',(5.75382489212081,1.65576858774401,0.));
#7956=CARTESIAN_POINT('Ctrl Pts',(5.75382489212081,1.65576858774401,0.1));
#7957=CARTESIAN_POINT('Ctrl Pts',(5.75514819858593,1.65302745292341,0.));
#7958=CARTESIAN_POINT('Ctrl Pts',(5.75514819858593,1.65302745292341,0.1));
#7959=CARTESIAN_POINT('',(5.74276583094802,1.65850972256462,0.));
#7960=CARTESIAN_POINT('Ctrl Pts',(5.75514819858593,1.65302745292341,0.));
#7961=CARTESIAN_POINT('Ctrl Pts',(5.75382489212081,1.65576858774401,0.));
#7962=CARTESIAN_POINT('Ctrl Pts',(5.74787001302777,1.65850972256462,0.));
#7963=CARTESIAN_POINT('Ctrl Pts',(5.74276583094803,1.65850972256462,0.));
#7964=CARTESIAN_POINT('',(5.74276583094802,1.65850972256462,0.1));
#7965=CARTESIAN_POINT('Ctrl Pts',(5.74276583094803,1.65850972256462,0.1));
#7966=CARTESIAN_POINT('Ctrl Pts',(5.74787001302777,1.65850972256462,0.1));
#7967=CARTESIAN_POINT('Ctrl Pts',(5.75382489212081,1.65576858774401,0.1));
#7968=CARTESIAN_POINT('Ctrl Pts',(5.75514819858593,1.65302745292341,0.1));
#7969=CARTESIAN_POINT('',(5.74276583094802,1.65850972256462,0.));
#7970=CARTESIAN_POINT('Ctrl Pts',(5.73095059465231,1.65567406585365,0.));
#7971=CARTESIAN_POINT('Ctrl Pts',(5.73095059465231,1.65567406585365,0.1));
#7972=CARTESIAN_POINT('Ctrl Pts',(5.73246294489816,1.6563357190862,0.));
#7973=CARTESIAN_POINT('Ctrl Pts',(5.73246294489816,1.6563357190862,0.1));
#7974=CARTESIAN_POINT('Ctrl Pts',(5.73917399911413,1.65850972256462,0.));
#7975=CARTESIAN_POINT('Ctrl Pts',(5.73917399911413,1.65850972256462,0.1));
#7976=CARTESIAN_POINT('Ctrl Pts',(5.74276583094803,1.65850972256462,0.));
#7977=CARTESIAN_POINT('Ctrl Pts',(5.74276583094803,1.65850972256462,0.1));
#7978=CARTESIAN_POINT('',(5.73095059465231,1.65567406585365,0.));
#7979=CARTESIAN_POINT('Ctrl Pts',(5.74276583094803,1.65850972256462,0.));
#7980=CARTESIAN_POINT('Ctrl Pts',(5.73917399911413,1.65850972256462,0.));
#7981=CARTESIAN_POINT('Ctrl Pts',(5.73246294489816,1.6563357190862,0.));
#7982=CARTESIAN_POINT('Ctrl Pts',(5.73095059465231,1.65567406585365,0.));
#7983=CARTESIAN_POINT('',(5.73095059465231,1.65567406585365,0.1));
#7984=CARTESIAN_POINT('Ctrl Pts',(5.73095059465231,1.65567406585365,0.1));
#7985=CARTESIAN_POINT('Ctrl Pts',(5.73246294489816,1.6563357190862,0.1));
#7986=CARTESIAN_POINT('Ctrl Pts',(5.73917399911413,1.65850972256462,0.1));
#7987=CARTESIAN_POINT('Ctrl Pts',(5.74276583094803,1.65850972256462,0.1));
#7988=CARTESIAN_POINT('',(5.73095059465231,1.65567406585365,0.));
#7989=CARTESIAN_POINT('Origin',(5.73009989763902,1.65567406585365,0.));
#7990=CARTESIAN_POINT('',(5.73009989763902,1.65567406585365,0.));
#7991=CARTESIAN_POINT('',(5.73095059465231,1.65567406585365,0.));
#7992=CARTESIAN_POINT('',(5.73009989763902,1.65567406585365,0.1));
#7993=CARTESIAN_POINT('',(5.73095059465231,1.65567406585365,0.1));
#7994=CARTESIAN_POINT('',(5.73009989763902,1.65567406585365,0.));
#7995=CARTESIAN_POINT('Origin',(5.73009989763902,1.66890713050484,0.));
#7996=CARTESIAN_POINT('',(5.73009989763902,1.66890713050484,0.));
#7997=CARTESIAN_POINT('',(5.73009989763902,1.65567406585365,0.));
#7998=CARTESIAN_POINT('',(5.73009989763902,1.66890713050484,0.1));
#7999=CARTESIAN_POINT('',(5.73009989763902,1.65567406585365,0.1));
#8000=CARTESIAN_POINT('',(5.73009989763902,1.66890713050484,0.));
#8001=CARTESIAN_POINT('Ctrl Pts',(5.74645218467229,1.67136469965435,0.));
#8002=CARTESIAN_POINT('Ctrl Pts',(5.74645218467229,1.67136469965435,0.1));
#8003=CARTESIAN_POINT('Ctrl Pts',(5.74276583094803,1.67136469965435,0.));
#8004=CARTESIAN_POINT('Ctrl Pts',(5.74276583094803,1.67136469965435,0.1));
#8005=CARTESIAN_POINT('Ctrl Pts',(5.73425886081511,1.67004139318923,0.));
#8006=CARTESIAN_POINT('Ctrl Pts',(5.73425886081511,1.67004139318923,0.1));
#8007=CARTESIAN_POINT('Ctrl Pts',(5.73009989763902,1.66890713050484,0.));
#8008=CARTESIAN_POINT('Ctrl Pts',(5.73009989763902,1.66890713050484,0.1));
#8009=CARTESIAN_POINT('',(5.74645218467229,1.67136469965435,0.));
#8010=CARTESIAN_POINT('Ctrl Pts',(5.73009989763902,1.66890713050484,0.));
#8011=CARTESIAN_POINT('Ctrl Pts',(5.73425886081511,1.67004139318923,0.));
#8012=CARTESIAN_POINT('Ctrl Pts',(5.74276583094803,1.67136469965435,0.));
#8013=CARTESIAN_POINT('Ctrl Pts',(5.74645218467229,1.67136469965435,0.));
#8014=CARTESIAN_POINT('',(5.74645218467229,1.67136469965435,0.1));
#8015=CARTESIAN_POINT('Ctrl Pts',(5.74645218467229,1.67136469965435,0.1));
#8016=CARTESIAN_POINT('Ctrl Pts',(5.74276583094803,1.67136469965435,0.1));
#8017=CARTESIAN_POINT('Ctrl Pts',(5.73425886081511,1.67004139318923,0.1));
#8018=CARTESIAN_POINT('Ctrl Pts',(5.73009989763902,1.66890713050484,0.1));
#8019=CARTESIAN_POINT('',(5.74645218467229,1.67136469965435,0.));
#8020=CARTESIAN_POINT('Ctrl Pts',(5.77197309507103,1.64281908876391,0.));
#8021=CARTESIAN_POINT('Ctrl Pts',(5.77197309507103,1.64281908876391,0.1));
#8022=CARTESIAN_POINT('Ctrl Pts',(5.77197309507103,1.65765902555132,0.));
#8023=CARTESIAN_POINT('Ctrl Pts',(5.77197309507103,1.65765902555132,0.1));
#8024=CARTESIAN_POINT('Ctrl Pts',(5.75845646474873,1.67136469965435,0.));
#8025=CARTESIAN_POINT('Ctrl Pts',(5.75845646474873,1.67136469965435,0.1));
#8026=CARTESIAN_POINT('Ctrl Pts',(5.74645218467229,1.67136469965435,0.));
#8027=CARTESIAN_POINT('Ctrl Pts',(5.74645218467229,1.67136469965435,0.1));
#8028=CARTESIAN_POINT('Ctrl Pts',(5.74645218467229,1.67136469965435,0.));
#8029=CARTESIAN_POINT('Ctrl Pts',(5.75845646474873,1.67136469965435,0.));
#8030=CARTESIAN_POINT('Ctrl Pts',(5.77197309507103,1.65765902555132,0.));
#8031=CARTESIAN_POINT('Ctrl Pts',(5.77197309507103,1.64281908876391,0.));
#8032=CARTESIAN_POINT('Ctrl Pts',(5.77197309507103,1.64281908876391,0.1));
#8033=CARTESIAN_POINT('Ctrl Pts',(5.77197309507103,1.65765902555132,0.1));
#8034=CARTESIAN_POINT('Ctrl Pts',(5.75845646474873,1.67136469965435,0.1));
#8035=CARTESIAN_POINT('Ctrl Pts',(5.74645218467229,1.67136469965435,0.1));
#8036=CARTESIAN_POINT('Origin',(5.75761785417502,1.61066116393066,0.));
#8037=CARTESIAN_POINT('Origin',(5.75761785417502,1.61066116393066,0.1));
#8038=CARTESIAN_POINT('Origin',(5.80930924176549,1.58213603514912,0.));
#8039=CARTESIAN_POINT('',(5.80930924176549,1.66966330562777,0.));
#8040=CARTESIAN_POINT('',(5.80930924176549,1.58213603514912,0.));
#8041=CARTESIAN_POINT('',(5.80930924176549,1.66966330562777,0.));
#8042=CARTESIAN_POINT('',(5.80930924176549,1.66966330562777,0.1));
#8043=CARTESIAN_POINT('',(5.80930924176549,1.66966330562777,0.));
#8044=CARTESIAN_POINT('',(5.80930924176549,1.58213603514912,0.1));
#8045=CARTESIAN_POINT('',(5.80930924176549,1.66966330562777,0.1));
#8046=CARTESIAN_POINT('',(5.80930924176549,1.58213603514912,0.));
#8047=CARTESIAN_POINT('Origin',(5.79456382686843,1.58213603514912,0.));
#8048=CARTESIAN_POINT('',(5.79456382686843,1.58213603514912,0.));
#8049=CARTESIAN_POINT('',(5.80930924176549,1.58213603514912,0.));
#8050=CARTESIAN_POINT('',(5.79456382686843,1.58213603514912,0.1));
#8051=CARTESIAN_POINT('',(5.80930924176549,1.58213603514912,0.1));
#8052=CARTESIAN_POINT('',(5.79456382686843,1.58213603514912,0.));
#8053=CARTESIAN_POINT('Origin',(5.79456382686843,1.66966330562777,0.));
#8054=CARTESIAN_POINT('',(5.79456382686843,1.66966330562777,0.));
#8055=CARTESIAN_POINT('',(5.79456382686843,1.58213603514912,0.));
#8056=CARTESIAN_POINT('',(5.79456382686843,1.66966330562777,0.1));
#8057=CARTESIAN_POINT('',(5.79456382686843,1.58213603514912,0.1));
#8058=CARTESIAN_POINT('',(5.79456382686843,1.66966330562777,0.));
#8059=CARTESIAN_POINT('Origin',(5.80930924176549,1.66966330562777,0.));
#8060=CARTESIAN_POINT('',(5.79456382686843,1.66966330562777,0.));
#8061=CARTESIAN_POINT('',(5.79456382686843,1.66966330562777,0.1));
#8062=CARTESIAN_POINT('Origin',(5.80193653431696,1.62589967038845,0.));
#8063=CARTESIAN_POINT('Origin',(5.80193653431696,1.62589967038845,0.1));
#8064=CARTESIAN_POINT('Origin',(5.92679995149006,1.55226711779356,0.));
#8065=CARTESIAN_POINT('',(5.92679995149006,1.5675796640328,0.));
#8066=CARTESIAN_POINT('',(5.92679995149006,1.55226711779356,0.));
#8067=CARTESIAN_POINT('',(5.92679995149006,1.5675796640328,0.));
#8068=CARTESIAN_POINT('',(5.92679995149006,1.5675796640328,0.1));
#8069=CARTESIAN_POINT('',(5.92679995149006,1.5675796640328,0.));
#8070=CARTESIAN_POINT('',(5.92679995149006,1.55226711779356,0.1));
#8071=CARTESIAN_POINT('',(5.92679995149006,1.5675796640328,0.1));
#8072=CARTESIAN_POINT('',(5.92679995149006,1.55226711779356,0.));
#8073=CARTESIAN_POINT('Origin',(5.91006957689533,1.55226711779356,0.));
#8074=CARTESIAN_POINT('',(5.91006957689533,1.55226711779356,0.));
#8075=CARTESIAN_POINT('',(5.92679995149006,1.55226711779356,0.));
#8076=CARTESIAN_POINT('',(5.91006957689533,1.55226711779356,0.1));
#8077=CARTESIAN_POINT('',(5.92679995149006,1.55226711779356,0.1));
#8078=CARTESIAN_POINT('',(5.91006957689533,1.55226711779356,0.));
#8079=CARTESIAN_POINT('Origin',(5.91006957689533,1.5675796640328,0.));
#8080=CARTESIAN_POINT('',(5.91006957689533,1.5675796640328,0.));
#8081=CARTESIAN_POINT('',(5.91006957689533,1.55226711779356,0.));
#8082=CARTESIAN_POINT('',(5.91006957689533,1.5675796640328,0.1));
#8083=CARTESIAN_POINT('',(5.91006957689533,1.55226711779356,0.1));
#8084=CARTESIAN_POINT('',(5.91006957689533,1.5675796640328,0.));
#8085=CARTESIAN_POINT('Origin',(5.92679995149006,1.5675796640328,0.));
#8086=CARTESIAN_POINT('',(5.91006957689533,1.5675796640328,0.));
#8087=CARTESIAN_POINT('',(5.91006957689533,1.5675796640328,0.1));
#8088=CARTESIAN_POINT('Origin',(5.9184347641927,1.55992339091318,0.));
#8089=CARTESIAN_POINT('Origin',(5.9184347641927,1.55992339091318,0.1));
#8090=CARTESIAN_POINT('Origin',(5.97888151308157,1.5943293590063,0.));
#8091=CARTESIAN_POINT('',(5.97888151308157,1.64281908876391,0.));
#8092=CARTESIAN_POINT('',(5.97888151308157,1.5943293590063,0.));
#8093=CARTESIAN_POINT('',(5.97888151308157,1.64281908876391,0.));
#8094=CARTESIAN_POINT('',(5.97888151308157,1.64281908876391,0.1));
#8095=CARTESIAN_POINT('',(5.97888151308157,1.64281908876391,0.));
#8096=CARTESIAN_POINT('',(5.97888151308157,1.5943293590063,0.1));
#8097=CARTESIAN_POINT('',(5.97888151308157,1.64281908876391,0.1));
#8098=CARTESIAN_POINT('',(5.97888151308157,1.5943293590063,0.));
#8099=CARTESIAN_POINT('Origin',(5.98880631156997,1.5943293590063,0.));
#8100=CARTESIAN_POINT('',(5.98880631156997,1.5943293590063,0.));
#8101=CARTESIAN_POINT('',(5.97888151308157,1.5943293590063,0.));
#8102=CARTESIAN_POINT('',(5.98880631156997,1.5943293590063,0.1));
#8103=CARTESIAN_POINT('',(5.97888151308157,1.5943293590063,0.1));
#8104=CARTESIAN_POINT('',(5.98880631156997,1.5943293590063,0.));
#8105=CARTESIAN_POINT('Origin',(5.98880631156997,1.58213603514912,0.));
#8106=CARTESIAN_POINT('',(5.98880631156997,1.58213603514912,0.));
#8107=CARTESIAN_POINT('',(5.98880631156997,1.5943293590063,0.));
#8108=CARTESIAN_POINT('',(5.98880631156997,1.58213603514912,0.1));
#8109=CARTESIAN_POINT('',(5.98880631156997,1.5943293590063,0.1));
#8110=CARTESIAN_POINT('',(5.98880631156997,1.58213603514912,0.));
#8111=CARTESIAN_POINT('Origin',(5.97888151308157,1.58213603514912,0.));
#8112=CARTESIAN_POINT('',(5.97888151308157,1.58213603514912,0.));
#8113=CARTESIAN_POINT('',(5.98880631156997,1.58213603514912,0.));
#8114=CARTESIAN_POINT('',(5.97888151308157,1.58213603514912,0.1));
#8115=CARTESIAN_POINT('',(5.98880631156997,1.58213603514912,0.1));
#8116=CARTESIAN_POINT('',(5.97888151308157,1.58213603514912,0.));
#8117=CARTESIAN_POINT('Origin',(5.97888151308157,1.55699321231184,0.));
#8118=CARTESIAN_POINT('',(5.97888151308157,1.55699321231184,0.));
#8119=CARTESIAN_POINT('',(5.97888151308157,1.58213603514912,0.));
#8120=CARTESIAN_POINT('',(5.97888151308157,1.55699321231184,0.1));
#8121=CARTESIAN_POINT('',(5.97888151308157,1.58213603514912,0.1));
#8122=CARTESIAN_POINT('',(5.97888151308157,1.55699321231184,0.));
#8123=CARTESIAN_POINT('Origin',(5.96413609818452,1.55699321231184,0.));
#8124=CARTESIAN_POINT('',(5.96413609818452,1.55699321231184,0.));
#8125=CARTESIAN_POINT('',(5.97888151308157,1.55699321231184,0.));
#8126=CARTESIAN_POINT('',(5.96413609818452,1.55699321231184,0.1));
#8127=CARTESIAN_POINT('',(5.97888151308157,1.55699321231184,0.1));
#8128=CARTESIAN_POINT('',(5.96413609818452,1.55699321231184,0.));
#8129=CARTESIAN_POINT('Origin',(5.96413609818452,1.58213603514912,0.));
#8130=CARTESIAN_POINT('',(5.96413609818452,1.58213603514912,0.));
#8131=CARTESIAN_POINT('',(5.96413609818452,1.55699321231184,0.));
#8132=CARTESIAN_POINT('',(5.96413609818452,1.58213603514912,0.1));
#8133=CARTESIAN_POINT('',(5.96413609818452,1.55699321231184,0.1));
#8134=CARTESIAN_POINT('',(5.96413609818452,1.58213603514912,0.));
#8135=CARTESIAN_POINT('Origin',(5.93700831564956,1.58213603514912,0.));
#8136=CARTESIAN_POINT('',(5.93700831564956,1.58213603514912,0.));
#8137=CARTESIAN_POINT('',(5.96413609818452,1.58213603514912,0.));
#8138=CARTESIAN_POINT('',(5.93700831564956,1.58213603514912,0.1));
#8139=CARTESIAN_POINT('',(5.96413609818452,1.58213603514912,0.1));
#8140=CARTESIAN_POINT('',(5.93700831564956,1.58213603514912,0.));
#8141=CARTESIAN_POINT('Origin',(5.93700831564956,1.5943293590063,0.));
#8142=CARTESIAN_POINT('',(5.93700831564956,1.5943293590063,0.));
#8143=CARTESIAN_POINT('',(5.93700831564956,1.58213603514912,0.));
#8144=CARTESIAN_POINT('',(5.93700831564956,1.5943293590063,0.1));
#8145=CARTESIAN_POINT('',(5.93700831564956,1.58213603514912,0.1));
#8146=CARTESIAN_POINT('',(5.93700831564956,1.5943293590063,0.));
#8147=CARTESIAN_POINT('Origin',(5.96413609818452,1.5943293590063,0.));
#8148=CARTESIAN_POINT('',(5.96413609818452,1.5943293590063,0.));
#8149=CARTESIAN_POINT('',(5.93700831564956,1.5943293590063,0.));
#8150=CARTESIAN_POINT('',(5.96413609818452,1.5943293590063,0.1));
#8151=CARTESIAN_POINT('',(5.93700831564956,1.5943293590063,0.1));
#8152=CARTESIAN_POINT('',(5.96413609818452,1.5943293590063,0.));
#8153=CARTESIAN_POINT('Origin',(5.96413609818452,1.63601351265758,0.));
#8154=CARTESIAN_POINT('',(5.96413609818452,1.63601351265758,0.));
#8155=CARTESIAN_POINT('',(5.96413609818452,1.5943293590063,0.));
#8156=CARTESIAN_POINT('',(5.96413609818452,1.63601351265758,0.1));
#8157=CARTESIAN_POINT('',(5.96413609818452,1.5943293590063,0.1));
#8158=CARTESIAN_POINT('',(5.96413609818452,1.63601351265758,0.));
#8159=CARTESIAN_POINT('Ctrl Pts',(5.96205661659647,1.65302745292341,0.));
#8160=CARTESIAN_POINT('Ctrl Pts',(5.96205661659647,1.65302745292341,0.1));
#8161=CARTESIAN_POINT('Ctrl Pts',(5.96366348873269,1.64990823054134,0.));
#8162=CARTESIAN_POINT('Ctrl Pts',(5.96366348873269,1.64990823054134,0.1));
#8163=CARTESIAN_POINT('Ctrl Pts',(5.96413609818452,1.64263004498318,0.));
#8164=CARTESIAN_POINT('Ctrl Pts',(5.96413609818452,1.64263004498318,0.1));
#8165=CARTESIAN_POINT('Ctrl Pts',(5.96413609818452,1.63601351265758,0.));
#8166=CARTESIAN_POINT('Ctrl Pts',(5.96413609818452,1.63601351265758,0.1));
#8167=CARTESIAN_POINT('',(5.96205661659647,1.65302745292341,0.));
#8168=CARTESIAN_POINT('Ctrl Pts',(5.96413609818452,1.63601351265758,0.));
#8169=CARTESIAN_POINT('Ctrl Pts',(5.96413609818452,1.64263004498318,0.));
#8170=CARTESIAN_POINT('Ctrl Pts',(5.96366348873269,1.64990823054134,0.));
#8171=CARTESIAN_POINT('Ctrl Pts',(5.96205661659647,1.65302745292341,0.));
#8172=CARTESIAN_POINT('',(5.96205661659647,1.65302745292341,0.1));
#8173=CARTESIAN_POINT('Ctrl Pts',(5.96205661659647,1.65302745292341,0.1));
#8174=CARTESIAN_POINT('Ctrl Pts',(5.96366348873269,1.64990823054134,0.1));
#8175=CARTESIAN_POINT('Ctrl Pts',(5.96413609818452,1.64263004498318,0.1));
#8176=CARTESIAN_POINT('Ctrl Pts',(5.96413609818452,1.63601351265758,0.1));
#8177=CARTESIAN_POINT('',(5.96205661659647,1.65302745292341,0.));
#8178=CARTESIAN_POINT('Ctrl Pts',(5.94967424895857,1.65850972256462,0.));
#8179=CARTESIAN_POINT('Ctrl Pts',(5.94967424895857,1.65850972256462,0.1));
#8180=CARTESIAN_POINT('Ctrl Pts',(5.95477843103831,1.65850972256462,0.));
#8181=CARTESIAN_POINT('Ctrl Pts',(5.95477843103831,1.65850972256462,0.1));
#8182=CARTESIAN_POINT('Ctrl Pts',(5.96073331013135,1.65576858774401,0.));
#8183=CARTESIAN_POINT('Ctrl Pts',(5.96073331013135,1.65576858774401,0.1));
#8184=CARTESIAN_POINT('Ctrl Pts',(5.96205661659647,1.65302745292341,0.));
#8185=CARTESIAN_POINT('Ctrl Pts',(5.96205661659647,1.65302745292341,0.1));
#8186=CARTESIAN_POINT('',(5.94967424895856,1.65850972256462,0.));
#8187=CARTESIAN_POINT('Ctrl Pts',(5.96205661659647,1.65302745292341,0.));
#8188=CARTESIAN_POINT('Ctrl Pts',(5.96073331013135,1.65576858774401,0.));
#8189=CARTESIAN_POINT('Ctrl Pts',(5.95477843103831,1.65850972256462,0.));
#8190=CARTESIAN_POINT('Ctrl Pts',(5.94967424895857,1.65850972256462,0.));
#8191=CARTESIAN_POINT('',(5.94967424895856,1.65850972256462,0.1));
#8192=CARTESIAN_POINT('Ctrl Pts',(5.94967424895857,1.65850972256462,0.1));
#8193=CARTESIAN_POINT('Ctrl Pts',(5.95477843103831,1.65850972256462,0.1));
#8194=CARTESIAN_POINT('Ctrl Pts',(5.96073331013135,1.65576858774401,0.1));
#8195=CARTESIAN_POINT('Ctrl Pts',(5.96205661659647,1.65302745292341,0.1));
#8196=CARTESIAN_POINT('',(5.94967424895856,1.65850972256462,0.));
#8197=CARTESIAN_POINT('Ctrl Pts',(5.93785901266285,1.65567406585365,0.));
#8198=CARTESIAN_POINT('Ctrl Pts',(5.93785901266285,1.65567406585365,0.1));
#8199=CARTESIAN_POINT('Ctrl Pts',(5.9393713629087,1.6563357190862,0.));
#8200=CARTESIAN_POINT('Ctrl Pts',(5.9393713629087,1.6563357190862,0.1));
#8201=CARTESIAN_POINT('Ctrl Pts',(5.94608241712467,1.65850972256462,0.));
#8202=CARTESIAN_POINT('Ctrl Pts',(5.94608241712467,1.65850972256462,0.1));
#8203=CARTESIAN_POINT('Ctrl Pts',(5.94967424895857,1.65850972256462,0.));
#8204=CARTESIAN_POINT('Ctrl Pts',(5.94967424895857,1.65850972256462,0.1));
#8205=CARTESIAN_POINT('',(5.93785901266285,1.65567406585365,0.));
#8206=CARTESIAN_POINT('Ctrl Pts',(5.94967424895857,1.65850972256462,0.));
#8207=CARTESIAN_POINT('Ctrl Pts',(5.94608241712467,1.65850972256462,0.));
#8208=CARTESIAN_POINT('Ctrl Pts',(5.9393713629087,1.6563357190862,0.));
#8209=CARTESIAN_POINT('Ctrl Pts',(5.93785901266285,1.65567406585365,0.));
#8210=CARTESIAN_POINT('',(5.93785901266285,1.65567406585365,0.1));
#8211=CARTESIAN_POINT('Ctrl Pts',(5.93785901266285,1.65567406585365,0.1));
#8212=CARTESIAN_POINT('Ctrl Pts',(5.9393713629087,1.6563357190862,0.1));
#8213=CARTESIAN_POINT('Ctrl Pts',(5.94608241712467,1.65850972256462,0.1));
#8214=CARTESIAN_POINT('Ctrl Pts',(5.94967424895857,1.65850972256462,0.1));
#8215=CARTESIAN_POINT('',(5.93785901266285,1.65567406585365,0.));
#8216=CARTESIAN_POINT('Origin',(5.93700831564956,1.65567406585365,0.));
#8217=CARTESIAN_POINT('',(5.93700831564956,1.65567406585365,0.));
#8218=CARTESIAN_POINT('',(5.93785901266285,1.65567406585365,0.));
#8219=CARTESIAN_POINT('',(5.93700831564956,1.65567406585365,0.1));
#8220=CARTESIAN_POINT('',(5.93785901266285,1.65567406585365,0.1));
#8221=CARTESIAN_POINT('',(5.93700831564956,1.65567406585365,0.));
#8222=CARTESIAN_POINT('Origin',(5.93700831564956,1.66890713050484,0.));
#8223=CARTESIAN_POINT('',(5.93700831564956,1.66890713050484,0.));
#8224=CARTESIAN_POINT('',(5.93700831564956,1.65567406585365,0.));
#8225=CARTESIAN_POINT('',(5.93700831564956,1.66890713050484,0.1));
#8226=CARTESIAN_POINT('',(5.93700831564956,1.65567406585365,0.1));
#8227=CARTESIAN_POINT('',(5.93700831564956,1.66890713050484,0.));
#8228=CARTESIAN_POINT('Ctrl Pts',(5.95336060268283,1.67136469965435,0.));
#8229=CARTESIAN_POINT('Ctrl Pts',(5.95336060268283,1.67136469965435,0.1));
#8230=CARTESIAN_POINT('Ctrl Pts',(5.94967424895857,1.67136469965435,0.));
#8231=CARTESIAN_POINT('Ctrl Pts',(5.94967424895857,1.67136469965435,0.1));
#8232=CARTESIAN_POINT('Ctrl Pts',(5.94116727882565,1.67004139318923,0.));
#8233=CARTESIAN_POINT('Ctrl Pts',(5.94116727882565,1.67004139318923,0.1));
#8234=CARTESIAN_POINT('Ctrl Pts',(5.93700831564956,1.66890713050484,0.));
#8235=CARTESIAN_POINT('Ctrl Pts',(5.93700831564956,1.66890713050484,0.1));
#8236=CARTESIAN_POINT('',(5.95336060268283,1.67136469965435,0.));
#8237=CARTESIAN_POINT('Ctrl Pts',(5.93700831564956,1.66890713050484,0.));
#8238=CARTESIAN_POINT('Ctrl Pts',(5.94116727882565,1.67004139318923,0.));
#8239=CARTESIAN_POINT('Ctrl Pts',(5.94967424895857,1.67136469965435,0.));
#8240=CARTESIAN_POINT('Ctrl Pts',(5.95336060268283,1.67136469965435,0.));
#8241=CARTESIAN_POINT('',(5.95336060268283,1.67136469965435,0.1));
#8242=CARTESIAN_POINT('Ctrl Pts',(5.95336060268283,1.67136469965435,0.1));
#8243=CARTESIAN_POINT('Ctrl Pts',(5.94967424895857,1.67136469965435,0.1));
#8244=CARTESIAN_POINT('Ctrl Pts',(5.94116727882565,1.67004139318923,0.1));
#8245=CARTESIAN_POINT('Ctrl Pts',(5.93700831564956,1.66890713050484,0.1));
#8246=CARTESIAN_POINT('',(5.95336060268283,1.67136469965435,0.));
#8247=CARTESIAN_POINT('Ctrl Pts',(5.97888151308157,1.64281908876391,0.));
#8248=CARTESIAN_POINT('Ctrl Pts',(5.97888151308157,1.64281908876391,0.1));
#8249=CARTESIAN_POINT('Ctrl Pts',(5.97888151308157,1.65765902555132,0.));
#8250=CARTESIAN_POINT('Ctrl Pts',(5.97888151308157,1.65765902555132,0.1));
#8251=CARTESIAN_POINT('Ctrl Pts',(5.96536488275927,1.67136469965435,0.));
#8252=CARTESIAN_POINT('Ctrl Pts',(5.96536488275927,1.67136469965435,0.1));
#8253=CARTESIAN_POINT('Ctrl Pts',(5.95336060268283,1.67136469965435,0.));
#8254=CARTESIAN_POINT('Ctrl Pts',(5.95336060268283,1.67136469965435,0.1));
#8255=CARTESIAN_POINT('Ctrl Pts',(5.95336060268283,1.67136469965435,0.));
#8256=CARTESIAN_POINT('Ctrl Pts',(5.96536488275927,1.67136469965435,0.));
#8257=CARTESIAN_POINT('Ctrl Pts',(5.97888151308157,1.65765902555132,0.));
#8258=CARTESIAN_POINT('Ctrl Pts',(5.97888151308157,1.64281908876391,0.));
#8259=CARTESIAN_POINT('Ctrl Pts',(5.97888151308157,1.64281908876391,0.1));
#8260=CARTESIAN_POINT('Ctrl Pts',(5.97888151308157,1.65765902555132,0.1));
#8261=CARTESIAN_POINT('Ctrl Pts',(5.96536488275927,1.67136469965435,0.1));
#8262=CARTESIAN_POINT('Ctrl Pts',(5.95336060268283,1.67136469965435,0.1));
#8263=CARTESIAN_POINT('Origin',(5.96452627218557,1.61066116393066,0.));
#8264=CARTESIAN_POINT('Origin',(5.96452627218557,1.61066116393066,0.1));
#8265=CARTESIAN_POINT('Origin',(6.1736911291253,1.61975574751468,0.));
#8266=CARTESIAN_POINT('',(6.1736911291253,1.66966330562777,0.));
#8267=CARTESIAN_POINT('',(6.1736911291253,1.61975574751468,0.));
#8268=CARTESIAN_POINT('',(6.1736911291253,1.66966330562777,0.));
#8269=CARTESIAN_POINT('',(6.1736911291253,1.66966330562777,0.1));
#8270=CARTESIAN_POINT('',(6.1736911291253,1.66966330562777,0.));
#8271=CARTESIAN_POINT('',(6.1736911291253,1.61975574751468,0.1));
#8272=CARTESIAN_POINT('',(6.1736911291253,1.66966330562777,0.1));
#8273=CARTESIAN_POINT('',(6.1736911291253,1.61975574751468,0.));
#8274=CARTESIAN_POINT('Ctrl Pts',(6.17652678583627,1.60018971620897,0.));
#8275=CARTESIAN_POINT('Ctrl Pts',(6.17652678583627,1.60018971620897,0.1));
#8276=CARTESIAN_POINT('Ctrl Pts',(6.17482539180969,1.60330893859104,0.));
#8277=CARTESIAN_POINT('Ctrl Pts',(6.17482539180969,1.60330893859104,0.1));
#8278=CARTESIAN_POINT('Ctrl Pts',(6.1736911291253,1.61370634653127,0.));
#8279=CARTESIAN_POINT('Ctrl Pts',(6.1736911291253,1.61370634653127,0.1));
#8280=CARTESIAN_POINT('Ctrl Pts',(6.1736911291253,1.61975574751468,0.));
#8281=CARTESIAN_POINT('Ctrl Pts',(6.1736911291253,1.61975574751468,0.1));
#8282=CARTESIAN_POINT('',(6.17652678583627,1.60018971620897,0.));
#8283=CARTESIAN_POINT('Ctrl Pts',(6.1736911291253,1.61975574751468,0.));
#8284=CARTESIAN_POINT('Ctrl Pts',(6.1736911291253,1.61370634653127,0.));
#8285=CARTESIAN_POINT('Ctrl Pts',(6.17482539180969,1.60330893859104,0.));
#8286=CARTESIAN_POINT('Ctrl Pts',(6.17652678583627,1.60018971620897,0.));
#8287=CARTESIAN_POINT('',(6.17652678583627,1.60018971620897,0.1));
#8288=CARTESIAN_POINT('Ctrl Pts',(6.17652678583627,1.60018971620897,0.1));
#8289=CARTESIAN_POINT('Ctrl Pts',(6.17482539180969,1.60330893859104,0.1));
#8290=CARTESIAN_POINT('Ctrl Pts',(6.1736911291253,1.61370634653127,0.1));
#8291=CARTESIAN_POINT('Ctrl Pts',(6.1736911291253,1.61975574751468,0.1));
#8292=CARTESIAN_POINT('',(6.17652678583627,1.60018971620897,0.));
#8293=CARTESIAN_POINT('Ctrl Pts',(6.1902324599393,1.59366770577374,0.));
#8294=CARTESIAN_POINT('Ctrl Pts',(6.1902324599393,1.59366770577374,0.1));
#8295=CARTESIAN_POINT('Ctrl Pts',(6.18475019029809,1.59366770577374,0.));
#8296=CARTESIAN_POINT('Ctrl Pts',(6.18475019029809,1.59366770577374,0.1));
#8297=CARTESIAN_POINT('Ctrl Pts',(6.17832270175322,1.59688145004617,0.));
#8298=CARTESIAN_POINT('Ctrl Pts',(6.17832270175322,1.59688145004617,0.1));
#8299=CARTESIAN_POINT('Ctrl Pts',(6.17652678583627,1.60018971620897,0.));
#8300=CARTESIAN_POINT('Ctrl Pts',(6.17652678583627,1.60018971620897,0.1));
#8301=CARTESIAN_POINT('',(6.1902324599393,1.59366770577374,0.));
#8302=CARTESIAN_POINT('Ctrl Pts',(6.17652678583627,1.60018971620897,0.));
#8303=CARTESIAN_POINT('Ctrl Pts',(6.17832270175322,1.59688145004617,0.));
#8304=CARTESIAN_POINT('Ctrl Pts',(6.18475019029809,1.59366770577374,0.));
#8305=CARTESIAN_POINT('Ctrl Pts',(6.1902324599393,1.59366770577374,0.));
#8306=CARTESIAN_POINT('',(6.1902324599393,1.59366770577374,0.1));
#8307=CARTESIAN_POINT('Ctrl Pts',(6.1902324599393,1.59366770577374,0.1));
#8308=CARTESIAN_POINT('Ctrl Pts',(6.18475019029809,1.59366770577374,0.1));
#8309=CARTESIAN_POINT('Ctrl Pts',(6.17832270175322,1.59688145004617,0.1));
#8310=CARTESIAN_POINT('Ctrl Pts',(6.17652678583627,1.60018971620897,0.1));
#8311=CARTESIAN_POINT('',(6.1902324599393,1.59366770577374,0.));
#8312=CARTESIAN_POINT('Ctrl Pts',(6.21291771362707,1.6042541574947,0.));
#8313=CARTESIAN_POINT('Ctrl Pts',(6.21291771362707,1.6042541574947,0.1));
#8314=CARTESIAN_POINT('Ctrl Pts',(6.20734092209549,1.59952806297641,0.));
#8315=CARTESIAN_POINT('Ctrl Pts',(6.20734092209549,1.59952806297641,0.1));
#8316=CARTESIAN_POINT('Ctrl Pts',(6.19571472958051,1.59366770577374,0.));
#8317=CARTESIAN_POINT('Ctrl Pts',(6.19571472958051,1.59366770577374,0.1));
#8318=CARTESIAN_POINT('Ctrl Pts',(6.1902324599393,1.59366770577374,0.));
#8319=CARTESIAN_POINT('Ctrl Pts',(6.1902324599393,1.59366770577374,0.1));
#8320=CARTESIAN_POINT('',(6.21291771362707,1.6042541574947,0.));
#8321=CARTESIAN_POINT('Ctrl Pts',(6.1902324599393,1.59366770577374,0.));
#8322=CARTESIAN_POINT('Ctrl Pts',(6.19571472958051,1.59366770577374,0.));
#8323=CARTESIAN_POINT('Ctrl Pts',(6.20734092209549,1.59952806297641,0.));
#8324=CARTESIAN_POINT('Ctrl Pts',(6.21291771362707,1.6042541574947,0.));
#8325=CARTESIAN_POINT('',(6.21291771362707,1.6042541574947,0.1));
#8326=CARTESIAN_POINT('Ctrl Pts',(6.21291771362707,1.6042541574947,0.1));
#8327=CARTESIAN_POINT('Ctrl Pts',(6.20734092209549,1.59952806297641,0.1));
#8328=CARTESIAN_POINT('Ctrl Pts',(6.19571472958051,1.59366770577374,0.1));
#8329=CARTESIAN_POINT('Ctrl Pts',(6.1902324599393,1.59366770577374,0.1));
#8330=CARTESIAN_POINT('',(6.21291771362707,1.6042541574947,0.));
#8331=CARTESIAN_POINT('Origin',(6.21291771362707,1.66966330562777,0.));
#8332=CARTESIAN_POINT('',(6.21291771362707,1.66966330562777,0.));
#8333=CARTESIAN_POINT('',(6.21291771362707,1.6042541574947,0.));
#8334=CARTESIAN_POINT('',(6.21291771362707,1.66966330562777,0.1));
#8335=CARTESIAN_POINT('',(6.21291771362707,1.6042541574947,0.1));
#8336=CARTESIAN_POINT('',(6.21291771362707,1.66966330562777,0.));
#8337=CARTESIAN_POINT('Origin',(6.22766312852412,1.66966330562777,0.));
#8338=CARTESIAN_POINT('',(6.22766312852412,1.66966330562777,0.));
#8339=CARTESIAN_POINT('',(6.21291771362707,1.66966330562777,0.));
#8340=CARTESIAN_POINT('',(6.22766312852412,1.66966330562777,0.1));
#8341=CARTESIAN_POINT('',(6.21291771362707,1.66966330562777,0.1));
#8342=CARTESIAN_POINT('',(6.22766312852412,1.66966330562777,0.));
#8343=CARTESIAN_POINT('Origin',(6.22766312852412,1.58213603514912,0.));
#8344=CARTESIAN_POINT('',(6.22766312852412,1.58213603514912,0.));
#8345=CARTESIAN_POINT('',(6.22766312852412,1.66966330562777,0.));
#8346=CARTESIAN_POINT('',(6.22766312852412,1.58213603514912,0.1));
#8347=CARTESIAN_POINT('',(6.22766312852412,1.66966330562777,0.1));
#8348=CARTESIAN_POINT('',(6.22766312852412,1.58213603514912,0.));
#8349=CARTESIAN_POINT('Origin',(6.21291771362707,1.58213603514912,0.));
#8350=CARTESIAN_POINT('',(6.21291771362707,1.58213603514912,0.));
#8351=CARTESIAN_POINT('',(6.22766312852412,1.58213603514912,0.));
#8352=CARTESIAN_POINT('',(6.21291771362707,1.58213603514912,0.1));
#8353=CARTESIAN_POINT('',(6.22766312852412,1.58213603514912,0.1));
#8354=CARTESIAN_POINT('',(6.21291771362707,1.58213603514912,0.));
#8355=CARTESIAN_POINT('Origin',(6.21291771362707,1.59187178985679,0.));
#8356=CARTESIAN_POINT('',(6.21291771362707,1.59187178985679,0.));
#8357=CARTESIAN_POINT('',(6.21291771362707,1.58213603514912,0.));
#8358=CARTESIAN_POINT('',(6.21291771362707,1.59187178985679,0.1));
#8359=CARTESIAN_POINT('',(6.21291771362707,1.58213603514912,0.1));
#8360=CARTESIAN_POINT('',(6.21291771362707,1.59187178985679,0.));
#8361=CARTESIAN_POINT('Ctrl Pts',(6.1863570624343,1.57967846599961,0.));
#8362=CARTESIAN_POINT('Ctrl Pts',(6.1863570624343,1.57967846599961,0.1));
#8363=CARTESIAN_POINT('Ctrl Pts',(6.1935407261021,1.57967846599961,0.));
#8364=CARTESIAN_POINT('Ctrl Pts',(6.1935407261021,1.57967846599961,0.1));
#8365=CARTESIAN_POINT('Ctrl Pts',(6.20630118130147,1.58591691076375,0.));
#8366=CARTESIAN_POINT('Ctrl Pts',(6.20630118130147,1.58591691076375,0.1));
#8367=CARTESIAN_POINT('Ctrl Pts',(6.21291771362707,1.59187178985679,0.));
#8368=CARTESIAN_POINT('Ctrl Pts',(6.21291771362707,1.59187178985679,0.1));
#8369=CARTESIAN_POINT('',(6.1863570624343,1.57967846599961,0.));
#8370=CARTESIAN_POINT('Ctrl Pts',(6.21291771362707,1.59187178985679,0.));
#8371=CARTESIAN_POINT('Ctrl Pts',(6.20630118130147,1.58591691076375,0.));
#8372=CARTESIAN_POINT('Ctrl Pts',(6.1935407261021,1.57967846599961,0.));
#8373=CARTESIAN_POINT('Ctrl Pts',(6.1863570624343,1.57967846599961,0.));
#8374=CARTESIAN_POINT('',(6.1863570624343,1.57967846599961,0.1));
#8375=CARTESIAN_POINT('Ctrl Pts',(6.1863570624343,1.57967846599961,0.1));
#8376=CARTESIAN_POINT('Ctrl Pts',(6.1935407261021,1.57967846599961,0.1));
#8377=CARTESIAN_POINT('Ctrl Pts',(6.20630118130147,1.58591691076375,0.1));
#8378=CARTESIAN_POINT('Ctrl Pts',(6.21291771362707,1.59187178985679,0.1));
#8379=CARTESIAN_POINT('',(6.1863570624343,1.57967846599961,0.));
#8380=CARTESIAN_POINT('Ctrl Pts',(6.15894571422825,1.61285564951798,0.));
#8381=CARTESIAN_POINT('Ctrl Pts',(6.15894571422825,1.61285564951798,0.1));
#8382=CARTESIAN_POINT('Ctrl Pts',(6.15894571422825,1.59669240626544,0.));
#8383=CARTESIAN_POINT('Ctrl Pts',(6.15894571422825,1.59669240626544,0.1));
#8384=CARTESIAN_POINT('Ctrl Pts',(6.17350208534457,1.57967846599961,0.));
#8385=CARTESIAN_POINT('Ctrl Pts',(6.17350208534457,1.57967846599961,0.1));
#8386=CARTESIAN_POINT('Ctrl Pts',(6.1863570624343,1.57967846599961,0.));
#8387=CARTESIAN_POINT('Ctrl Pts',(6.1863570624343,1.57967846599961,0.1));
#8388=CARTESIAN_POINT('',(6.15894571422825,1.61285564951798,0.));
#8389=CARTESIAN_POINT('Ctrl Pts',(6.1863570624343,1.57967846599961,0.));
#8390=CARTESIAN_POINT('Ctrl Pts',(6.17350208534457,1.57967846599961,0.));
#8391=CARTESIAN_POINT('Ctrl Pts',(6.15894571422825,1.59669240626544,0.));
#8392=CARTESIAN_POINT('Ctrl Pts',(6.15894571422825,1.61285564951798,0.));
#8393=CARTESIAN_POINT('',(6.15894571422825,1.61285564951798,0.1));
#8394=CARTESIAN_POINT('Ctrl Pts',(6.15894571422825,1.61285564951798,0.1));
#8395=CARTESIAN_POINT('Ctrl Pts',(6.15894571422825,1.59669240626544,0.1));
#8396=CARTESIAN_POINT('Ctrl Pts',(6.17350208534457,1.57967846599961,0.1));
#8397=CARTESIAN_POINT('Ctrl Pts',(6.1863570624343,1.57967846599961,0.1));
#8398=CARTESIAN_POINT('',(6.15894571422825,1.61285564951798,0.));
#8399=CARTESIAN_POINT('Origin',(6.15894571422825,1.66966330562777,0.));
#8400=CARTESIAN_POINT('',(6.15894571422825,1.66966330562777,0.));
#8401=CARTESIAN_POINT('',(6.15894571422825,1.61285564951798,0.));
#8402=CARTESIAN_POINT('',(6.15894571422825,1.66966330562777,0.1));
#8403=CARTESIAN_POINT('',(6.15894571422825,1.61285564951798,0.1));
#8404=CARTESIAN_POINT('',(6.15894571422825,1.66966330562777,0.));
#8405=CARTESIAN_POINT('Origin',(6.1736911291253,1.66966330562777,0.));
#8406=CARTESIAN_POINT('',(6.15894571422825,1.66966330562777,0.));
#8407=CARTESIAN_POINT('',(6.15894571422825,1.66966330562777,0.1));
#8408=CARTESIAN_POINT('Origin',(6.19553018818344,1.62463528491426,0.));
#8409=CARTESIAN_POINT('Origin',(6.19553018818344,1.62463528491426,0.1));
#8410=CARTESIAN_POINT('Ctrl Pts',(6.50593557376077,1.61143782116249,0.));
#8411=CARTESIAN_POINT('Ctrl Pts',(6.50593557376077,1.61143782116249,0.1));
#8412=CARTESIAN_POINT('Ctrl Pts',(6.50593557376077,1.62618323605954,0.));
#8413=CARTESIAN_POINT('Ctrl Pts',(6.50593557376077,1.62618323605954,0.1));
#8414=CARTESIAN_POINT('Ctrl Pts',(6.49827930064115,1.64886848974731,0.));
#8415=CARTESIAN_POINT('Ctrl Pts',(6.49827930064115,1.64886848974731,0.1));
#8416=CARTESIAN_POINT('Ctrl Pts',(6.49128468075408,1.65643024097657,0.));
#8417=CARTESIAN_POINT('Ctrl Pts',(6.49128468075408,1.65643024097657,0.1));
#8418=CARTESIAN_POINT('',(6.49128468075408,1.65643024097657,0.));
#8419=CARTESIAN_POINT('',(6.50593557376077,1.61143782116249,0.));
#8420=CARTESIAN_POINT('Ctrl Pts',(6.49128468075408,1.65643024097657,0.));
#8421=CARTESIAN_POINT('Ctrl Pts',(6.49827930064115,1.64886848974731,0.));
#8422=CARTESIAN_POINT('Ctrl Pts',(6.50593557376077,1.62618323605954,0.));
#8423=CARTESIAN_POINT('Ctrl Pts',(6.50593557376077,1.61143782116249,0.));
#8424=CARTESIAN_POINT('',(6.49128468075408,1.65643024097657,0.1));
#8425=CARTESIAN_POINT('',(6.49128468075408,1.65643024097657,0.));
#8426=CARTESIAN_POINT('',(6.50593557376077,1.61143782116249,0.1));
#8427=CARTESIAN_POINT('Ctrl Pts',(6.50593557376077,1.61143782116249,0.1));
#8428=CARTESIAN_POINT('Ctrl Pts',(6.50593557376077,1.62618323605954,0.1));
#8429=CARTESIAN_POINT('Ctrl Pts',(6.49827930064115,1.64886848974731,0.1));
#8430=CARTESIAN_POINT('Ctrl Pts',(6.49128468075408,1.65643024097657,0.1));
#8431=CARTESIAN_POINT('',(6.50593557376077,1.61143782116249,0.));
#8432=CARTESIAN_POINT('Ctrl Pts',(6.49137920264445,1.56701253269061,0.));
#8433=CARTESIAN_POINT('Ctrl Pts',(6.49137920264445,1.56701253269061,0.1));
#8434=CARTESIAN_POINT('Ctrl Pts',(6.49846834442188,1.57504689337169,0.));
#8435=CARTESIAN_POINT('Ctrl Pts',(6.49846834442188,1.57504689337169,0.1));
#8436=CARTESIAN_POINT('Ctrl Pts',(6.50593557376077,1.59678692815581,0.));
#8437=CARTESIAN_POINT('Ctrl Pts',(6.50593557376077,1.59678692815581,0.1));
#8438=CARTESIAN_POINT('Ctrl Pts',(6.50593557376077,1.61143782116249,0.));
#8439=CARTESIAN_POINT('Ctrl Pts',(6.50593557376077,1.61143782116249,0.1));
#8440=CARTESIAN_POINT('',(6.49137920264445,1.56701253269061,0.));
#8441=CARTESIAN_POINT('Ctrl Pts',(6.50593557376077,1.61143782116249,0.));
#8442=CARTESIAN_POINT('Ctrl Pts',(6.50593557376077,1.59678692815581,0.));
#8443=CARTESIAN_POINT('Ctrl Pts',(6.49846834442188,1.57504689337169,0.));
#8444=CARTESIAN_POINT('Ctrl Pts',(6.49137920264445,1.56701253269061,0.));
#8445=CARTESIAN_POINT('',(6.49137920264445,1.56701253269061,0.1));
#8446=CARTESIAN_POINT('Ctrl Pts',(6.49137920264445,1.56701253269061,0.1));
#8447=CARTESIAN_POINT('Ctrl Pts',(6.49846834442188,1.57504689337169,0.1));
#8448=CARTESIAN_POINT('Ctrl Pts',(6.50593557376077,1.59678692815581,0.1));
#8449=CARTESIAN_POINT('Ctrl Pts',(6.50593557376077,1.61143782116249,0.1));
#8450=CARTESIAN_POINT('',(6.49137920264445,1.56701253269061,0.));
#8451=CARTESIAN_POINT('Ctrl Pts',(6.4534759246078,1.55094381132844,0.));
#8452=CARTESIAN_POINT('Ctrl Pts',(6.4534759246078,1.55094381132844,0.1));
#8453=CARTESIAN_POINT('Ctrl Pts',(6.46529116090351,1.55094381132844,0.));
#8454=CARTESIAN_POINT('Ctrl Pts',(6.46529116090351,1.55094381132844,0.1));
#8455=CARTESIAN_POINT('Ctrl Pts',(6.48438458275739,1.55916721579025,0.));
#8456=CARTESIAN_POINT('Ctrl Pts',(6.48438458275739,1.55916721579025,0.1));
#8457=CARTESIAN_POINT('Ctrl Pts',(6.49137920264445,1.56701253269061,0.));
#8458=CARTESIAN_POINT('Ctrl Pts',(6.49137920264445,1.56701253269061,0.1));
#8459=CARTESIAN_POINT('',(6.4534759246078,1.55094381132844,0.));
#8460=CARTESIAN_POINT('Ctrl Pts',(6.49137920264445,1.56701253269061,0.));
#8461=CARTESIAN_POINT('Ctrl Pts',(6.48438458275739,1.55916721579025,0.));
#8462=CARTESIAN_POINT('Ctrl Pts',(6.46529116090351,1.55094381132844,0.));
#8463=CARTESIAN_POINT('Ctrl Pts',(6.4534759246078,1.55094381132844,0.));
#8464=CARTESIAN_POINT('',(6.4534759246078,1.55094381132844,0.1));
#8465=CARTESIAN_POINT('Ctrl Pts',(6.4534759246078,1.55094381132844,0.1));
#8466=CARTESIAN_POINT('Ctrl Pts',(6.46529116090351,1.55094381132844,0.1));
#8467=CARTESIAN_POINT('Ctrl Pts',(6.48438458275739,1.55916721579025,0.1));
#8468=CARTESIAN_POINT('Ctrl Pts',(6.49137920264445,1.56701253269061,0.1));
#8469=CARTESIAN_POINT('',(6.4534759246078,1.55094381132844,0.));
#8470=CARTESIAN_POINT('Ctrl Pts',(6.43296467439844,1.55396851182014,0.));
#8471=CARTESIAN_POINT('Ctrl Pts',(6.43296467439844,1.55396851182014,0.1));
#8472=CARTESIAN_POINT('Ctrl Pts',(6.43731268135526,1.55264520535502,0.));
#8473=CARTESIAN_POINT('Ctrl Pts',(6.43731268135526,1.55264520535502,0.1));
#8474=CARTESIAN_POINT('Ctrl Pts',(6.44761556740513,1.55094381132844,0.));
#8475=CARTESIAN_POINT('Ctrl Pts',(6.44761556740513,1.55094381132844,0.1));
#8476=CARTESIAN_POINT('Ctrl Pts',(6.4534759246078,1.55094381132844,0.));
#8477=CARTESIAN_POINT('Ctrl Pts',(6.4534759246078,1.55094381132844,0.1));
#8478=CARTESIAN_POINT('',(6.43296467439844,1.55396851182014,0.));
#8479=CARTESIAN_POINT('Ctrl Pts',(6.4534759246078,1.55094381132844,0.));
#8480=CARTESIAN_POINT('Ctrl Pts',(6.44761556740513,1.55094381132844,0.));
#8481=CARTESIAN_POINT('Ctrl Pts',(6.43731268135526,1.55264520535502,0.));
#8482=CARTESIAN_POINT('Ctrl Pts',(6.43296467439844,1.55396851182014,0.));
#8483=CARTESIAN_POINT('',(6.43296467439844,1.55396851182014,0.1));
#8484=CARTESIAN_POINT('Ctrl Pts',(6.43296467439844,1.55396851182014,0.1));
#8485=CARTESIAN_POINT('Ctrl Pts',(6.43731268135526,1.55264520535502,0.1));
#8486=CARTESIAN_POINT('Ctrl Pts',(6.44761556740513,1.55094381132844,0.1));
#8487=CARTESIAN_POINT('Ctrl Pts',(6.4534759246078,1.55094381132844,0.1));
#8488=CARTESIAN_POINT('',(6.43296467439844,1.55396851182014,0.));
#8489=CARTESIAN_POINT('Ctrl Pts',(6.41746308437846,1.56077408792647,0.));
#8490=CARTESIAN_POINT('Ctrl Pts',(6.41746308437846,1.56077408792647,0.1));
#8491=CARTESIAN_POINT('Ctrl Pts',(6.42133848188346,1.55869460633843,0.));
#8492=CARTESIAN_POINT('Ctrl Pts',(6.42133848188346,1.55869460633843,0.1));
#8493=CARTESIAN_POINT('Ctrl Pts',(6.42918379878381,1.55519729639489,0.));
#8494=CARTESIAN_POINT('Ctrl Pts',(6.42918379878381,1.55519729639489,0.1));
#8495=CARTESIAN_POINT('Ctrl Pts',(6.43296467439844,1.55396851182014,0.));
#8496=CARTESIAN_POINT('Ctrl Pts',(6.43296467439844,1.55396851182014,0.1));
#8497=CARTESIAN_POINT('',(6.41746308437846,1.56077408792647,0.));
#8498=CARTESIAN_POINT('Ctrl Pts',(6.43296467439844,1.55396851182014,0.));
#8499=CARTESIAN_POINT('Ctrl Pts',(6.42918379878381,1.55519729639489,0.));
#8500=CARTESIAN_POINT('Ctrl Pts',(6.42133848188346,1.55869460633843,0.));
#8501=CARTESIAN_POINT('Ctrl Pts',(6.41746308437846,1.56077408792647,0.));
#8502=CARTESIAN_POINT('',(6.41746308437846,1.56077408792647,0.1));
#8503=CARTESIAN_POINT('Ctrl Pts',(6.41746308437846,1.56077408792647,0.1));
#8504=CARTESIAN_POINT('Ctrl Pts',(6.42133848188346,1.55869460633843,0.1));
#8505=CARTESIAN_POINT('Ctrl Pts',(6.42918379878381,1.55519729639489,0.1));
#8506=CARTESIAN_POINT('Ctrl Pts',(6.43296467439844,1.55396851182014,0.1));
#8507=CARTESIAN_POINT('',(6.41746308437846,1.56077408792647,0.));
#8508=CARTESIAN_POINT('Origin',(6.41746308437846,1.57948942221888,0.));
#8509=CARTESIAN_POINT('',(6.41746308437846,1.57948942221888,0.));
#8510=CARTESIAN_POINT('',(6.41746308437846,1.56077408792647,0.));
#8511=CARTESIAN_POINT('',(6.41746308437846,1.57948942221888,0.1));
#8512=CARTESIAN_POINT('',(6.41746308437846,1.56077408792647,0.1));
#8513=CARTESIAN_POINT('',(6.41746308437846,1.57948942221888,0.));
#8514=CARTESIAN_POINT('Origin',(6.41869186895322,1.57948942221888,0.));
#8515=CARTESIAN_POINT('',(6.41869186895322,1.57948942221888,0.));
#8516=CARTESIAN_POINT('',(6.41746308437846,1.57948942221888,0.));
#8517=CARTESIAN_POINT('',(6.41869186895322,1.57948942221888,0.1));
#8518=CARTESIAN_POINT('',(6.41746308437846,1.57948942221888,0.1));
#8519=CARTESIAN_POINT('',(6.41869186895322,1.57948942221888,0.));
#8520=CARTESIAN_POINT('Ctrl Pts',(6.43183041171405,1.56975366751121,0.));
#8521=CARTESIAN_POINT('Ctrl Pts',(6.43183041171405,1.56975366751121,0.1));
#8522=CARTESIAN_POINT('Ctrl Pts',(6.42719883908613,1.57230575855109,0.));
#8523=CARTESIAN_POINT('Ctrl Pts',(6.42719883908613,1.57230575855109,0.1));
#8524=CARTESIAN_POINT('Ctrl Pts',(6.42077135054126,1.57759898441157,0.));
#8525=CARTESIAN_POINT('Ctrl Pts',(6.42077135054126,1.57759898441157,0.1));
#8526=CARTESIAN_POINT('Ctrl Pts',(6.41869186895322,1.57948942221888,0.));
#8527=CARTESIAN_POINT('Ctrl Pts',(6.41869186895322,1.57948942221888,0.1));
#8528=CARTESIAN_POINT('',(6.43183041171405,1.56975366751121,0.));
#8529=CARTESIAN_POINT('Ctrl Pts',(6.41869186895322,1.57948942221888,0.));
#8530=CARTESIAN_POINT('Ctrl Pts',(6.42077135054126,1.57759898441157,0.));
#8531=CARTESIAN_POINT('Ctrl Pts',(6.42719883908613,1.57230575855109,0.));
#8532=CARTESIAN_POINT('Ctrl Pts',(6.43183041171405,1.56975366751121,0.));
#8533=CARTESIAN_POINT('',(6.43183041171405,1.56975366751121,0.1));
#8534=CARTESIAN_POINT('Ctrl Pts',(6.43183041171405,1.56975366751121,0.1));
#8535=CARTESIAN_POINT('Ctrl Pts',(6.42719883908613,1.57230575855109,0.1));
#8536=CARTESIAN_POINT('Ctrl Pts',(6.42077135054126,1.57759898441157,0.1));
#8537=CARTESIAN_POINT('Ctrl Pts',(6.41869186895322,1.57948942221888,0.1));
#8538=CARTESIAN_POINT('',(6.43183041171405,1.56975366751121,0.));
#8539=CARTESIAN_POINT('Ctrl Pts',(6.45357044649817,1.56417687597964,0.));
#8540=CARTESIAN_POINT('Ctrl Pts',(6.45357044649817,1.56417687597964,0.1));
#8541=CARTESIAN_POINT('Ctrl Pts',(6.44676487039184,1.56417687597964,0.));
#8542=CARTESIAN_POINT('Ctrl Pts',(6.44676487039184,1.56417687597964,0.1));
#8543=CARTESIAN_POINT('Ctrl Pts',(6.43627294056124,1.56729609836171,0.));
#8544=CARTESIAN_POINT('Ctrl Pts',(6.43627294056124,1.56729609836171,0.1));
#8545=CARTESIAN_POINT('Ctrl Pts',(6.43183041171405,1.56975366751121,0.));
#8546=CARTESIAN_POINT('Ctrl Pts',(6.43183041171405,1.56975366751121,0.1));
#8547=CARTESIAN_POINT('',(6.45357044649817,1.56417687597964,0.));
#8548=CARTESIAN_POINT('Ctrl Pts',(6.43183041171405,1.56975366751121,0.));
#8549=CARTESIAN_POINT('Ctrl Pts',(6.43627294056124,1.56729609836171,0.));
#8550=CARTESIAN_POINT('Ctrl Pts',(6.44676487039184,1.56417687597964,0.));
#8551=CARTESIAN_POINT('Ctrl Pts',(6.45357044649817,1.56417687597964,0.));
#8552=CARTESIAN_POINT('',(6.45357044649817,1.56417687597964,0.1));
#8553=CARTESIAN_POINT('Ctrl Pts',(6.45357044649817,1.56417687597964,0.1));
#8554=CARTESIAN_POINT('Ctrl Pts',(6.44676487039184,1.56417687597964,0.1));
#8555=CARTESIAN_POINT('Ctrl Pts',(6.43627294056124,1.56729609836171,0.1));
#8556=CARTESIAN_POINT('Ctrl Pts',(6.43183041171405,1.56975366751121,0.1));
#8557=CARTESIAN_POINT('',(6.45357044649817,1.56417687597964,0.));
#8558=CARTESIAN_POINT('Ctrl Pts',(6.479374922568,1.57618115605608,0.));
#8559=CARTESIAN_POINT('Ctrl Pts',(6.479374922568,1.57618115605608,0.1));
#8560=CARTESIAN_POINT('Ctrl Pts',(6.47436526237862,1.57032079885341,0.));
#8561=CARTESIAN_POINT('Ctrl Pts',(6.47436526237862,1.57032079885341,0.1));
#8562=CARTESIAN_POINT('Ctrl Pts',(6.46103767583706,1.56417687597964,0.));
#8563=CARTESIAN_POINT('Ctrl Pts',(6.46103767583706,1.56417687597964,0.1));
#8564=CARTESIAN_POINT('Ctrl Pts',(6.45357044649817,1.56417687597964,0.));
#8565=CARTESIAN_POINT('Ctrl Pts',(6.45357044649817,1.56417687597964,0.1));
#8566=CARTESIAN_POINT('',(6.479374922568,1.57618115605608,0.));
#8567=CARTESIAN_POINT('Ctrl Pts',(6.45357044649817,1.56417687597964,0.));
#8568=CARTESIAN_POINT('Ctrl Pts',(6.46103767583706,1.56417687597964,0.));
#8569=CARTESIAN_POINT('Ctrl Pts',(6.47436526237862,1.57032079885341,0.));
#8570=CARTESIAN_POINT('Ctrl Pts',(6.479374922568,1.57618115605608,0.));
#8571=CARTESIAN_POINT('',(6.479374922568,1.57618115605608,0.1));
#8572=CARTESIAN_POINT('Ctrl Pts',(6.479374922568,1.57618115605608,0.1));
#8573=CARTESIAN_POINT('Ctrl Pts',(6.47436526237862,1.57032079885341,0.1));
#8574=CARTESIAN_POINT('Ctrl Pts',(6.46103767583706,1.56417687597964,0.1));
#8575=CARTESIAN_POINT('Ctrl Pts',(6.45357044649817,1.56417687597964,0.1));
#8576=CARTESIAN_POINT('',(6.479374922568,1.57618115605608,0.));
#8577=CARTESIAN_POINT('Ctrl Pts',(6.48977233050823,1.61143782116249,0.));
#8578=CARTESIAN_POINT('Ctrl Pts',(6.48977233050823,1.61143782116249,0.1));
#8579=CARTESIAN_POINT('Ctrl Pts',(6.48977233050823,1.60018971620897,0.));
#8580=CARTESIAN_POINT('Ctrl Pts',(6.48977233050823,1.60018971620897,0.1));
#8581=CARTESIAN_POINT('Ctrl Pts',(6.48429006086702,1.58213603514912,0.));
#8582=CARTESIAN_POINT('Ctrl Pts',(6.48429006086702,1.58213603514912,0.1));
#8583=CARTESIAN_POINT('Ctrl Pts',(6.479374922568,1.57618115605608,0.));
#8584=CARTESIAN_POINT('Ctrl Pts',(6.479374922568,1.57618115605608,0.1));
#8585=CARTESIAN_POINT('',(6.48977233050823,1.61143782116249,0.));
#8586=CARTESIAN_POINT('Ctrl Pts',(6.479374922568,1.57618115605608,0.));
#8587=CARTESIAN_POINT('Ctrl Pts',(6.48429006086702,1.58213603514912,0.));
#8588=CARTESIAN_POINT('Ctrl Pts',(6.48977233050823,1.60018971620897,0.));
#8589=CARTESIAN_POINT('Ctrl Pts',(6.48977233050823,1.61143782116249,0.));
#8590=CARTESIAN_POINT('',(6.48977233050823,1.61143782116249,0.1));
#8591=CARTESIAN_POINT('Ctrl Pts',(6.48977233050823,1.61143782116249,0.1));
#8592=CARTESIAN_POINT('Ctrl Pts',(6.48977233050823,1.60018971620897,0.1));
#8593=CARTESIAN_POINT('Ctrl Pts',(6.48429006086702,1.58213603514912,0.1));
#8594=CARTESIAN_POINT('Ctrl Pts',(6.479374922568,1.57618115605608,0.1));
#8595=CARTESIAN_POINT('',(6.48977233050823,1.61143782116249,0.));
#8596=CARTESIAN_POINT('Ctrl Pts',(6.47899683500654,1.6466944862689,0.));
#8597=CARTESIAN_POINT('Ctrl Pts',(6.47899683500654,1.6466944862689,0.1));
#8598=CARTESIAN_POINT('Ctrl Pts',(6.48400649519592,1.64073960717586,0.));
#8599=CARTESIAN_POINT('Ctrl Pts',(6.48400649519592,1.64073960717586,0.1));
#8600=CARTESIAN_POINT('Ctrl Pts',(6.48977233050823,1.62344210123894,0.));
#8601=CARTESIAN_POINT('Ctrl Pts',(6.48977233050823,1.62344210123894,0.1));
#8602=CARTESIAN_POINT('Ctrl Pts',(6.48977233050823,1.61143782116249,0.));
#8603=CARTESIAN_POINT('Ctrl Pts',(6.48977233050823,1.61143782116249,0.1));
#8604=CARTESIAN_POINT('',(6.47899683500654,1.6466944862689,0.));
#8605=CARTESIAN_POINT('Ctrl Pts',(6.48977233050823,1.61143782116249,0.));
#8606=CARTESIAN_POINT('Ctrl Pts',(6.48977233050823,1.62344210123894,0.));
#8607=CARTESIAN_POINT('Ctrl Pts',(6.48400649519592,1.64073960717586,0.));
#8608=CARTESIAN_POINT('Ctrl Pts',(6.47899683500654,1.6466944862689,0.));
#8609=CARTESIAN_POINT('',(6.47899683500654,1.6466944862689,0.1));
#8610=CARTESIAN_POINT('Ctrl Pts',(6.47899683500654,1.6466944862689,0.1));
#8611=CARTESIAN_POINT('Ctrl Pts',(6.48400649519592,1.64073960717586,0.1));
#8612=CARTESIAN_POINT('Ctrl Pts',(6.48977233050823,1.62344210123894,0.1));
#8613=CARTESIAN_POINT('Ctrl Pts',(6.48977233050823,1.61143782116249,0.1));
#8614=CARTESIAN_POINT('',(6.47899683500654,1.6466944862689,0.));
#8615=CARTESIAN_POINT('Ctrl Pts',(6.45357044649817,1.65832067878388,0.));
#8616=CARTESIAN_POINT('Ctrl Pts',(6.45357044649817,1.65832067878388,0.1));
#8617=CARTESIAN_POINT('Ctrl Pts',(6.46094315394669,1.65832067878388,0.));
#8618=CARTESIAN_POINT('Ctrl Pts',(6.46094315394669,1.65832067878388,0.1));
#8619=CARTESIAN_POINT('Ctrl Pts',(6.47408169670753,1.65246032158121,0.));
#8620=CARTESIAN_POINT('Ctrl Pts',(6.47408169670753,1.65246032158121,0.1));
#8621=CARTESIAN_POINT('Ctrl Pts',(6.47899683500654,1.6466944862689,0.));
#8622=CARTESIAN_POINT('Ctrl Pts',(6.47899683500654,1.6466944862689,0.1));
#8623=CARTESIAN_POINT('',(6.45357044649817,1.65832067878388,0.));
#8624=CARTESIAN_POINT('Ctrl Pts',(6.47899683500654,1.6466944862689,0.));
#8625=CARTESIAN_POINT('Ctrl Pts',(6.47408169670753,1.65246032158121,0.));
#8626=CARTESIAN_POINT('Ctrl Pts',(6.46094315394669,1.65832067878388,0.));
#8627=CARTESIAN_POINT('Ctrl Pts',(6.45357044649817,1.65832067878388,0.));
#8628=CARTESIAN_POINT('',(6.45357044649817,1.65832067878388,0.1));
#8629=CARTESIAN_POINT('Ctrl Pts',(6.45357044649817,1.65832067878388,0.1));
#8630=CARTESIAN_POINT('Ctrl Pts',(6.46094315394669,1.65832067878388,0.1));
#8631=CARTESIAN_POINT('Ctrl Pts',(6.47408169670753,1.65246032158121,0.1));
#8632=CARTESIAN_POINT('Ctrl Pts',(6.47899683500654,1.6466944862689,0.1));
#8633=CARTESIAN_POINT('',(6.45357044649817,1.65832067878388,0.));
#8634=CARTESIAN_POINT('Ctrl Pts',(6.43097971470076,1.65255484347158,0.));
#8635=CARTESIAN_POINT('Ctrl Pts',(6.43097971470076,1.65255484347158,0.1));
#8636=CARTESIAN_POINT('Ctrl Pts',(6.43542224354795,1.65501241262109,0.));
#8637=CARTESIAN_POINT('Ctrl Pts',(6.43542224354795,1.65501241262109,0.1));
#8638=CARTESIAN_POINT('Ctrl Pts',(6.4468593922822,1.65832067878388,0.));
#8639=CARTESIAN_POINT('Ctrl Pts',(6.4468593922822,1.65832067878388,0.1));
#8640=CARTESIAN_POINT('Ctrl Pts',(6.45357044649817,1.65832067878388,0.));
#8641=CARTESIAN_POINT('Ctrl Pts',(6.45357044649817,1.65832067878388,0.1));
#8642=CARTESIAN_POINT('',(6.43097971470076,1.65255484347158,0.));
#8643=CARTESIAN_POINT('Ctrl Pts',(6.45357044649817,1.65832067878388,0.));
#8644=CARTESIAN_POINT('Ctrl Pts',(6.4468593922822,1.65832067878388,0.));
#8645=CARTESIAN_POINT('Ctrl Pts',(6.43542224354795,1.65501241262109,0.));
#8646=CARTESIAN_POINT('Ctrl Pts',(6.43097971470076,1.65255484347158,0.));
#8647=CARTESIAN_POINT('',(6.43097971470076,1.65255484347158,0.1));
#8648=CARTESIAN_POINT('Ctrl Pts',(6.43097971470076,1.65255484347158,0.1));
#8649=CARTESIAN_POINT('Ctrl Pts',(6.43542224354795,1.65501241262109,0.1));
#8650=CARTESIAN_POINT('Ctrl Pts',(6.4468593922822,1.65832067878388,0.1));
#8651=CARTESIAN_POINT('Ctrl Pts',(6.45357044649817,1.65832067878388,0.1));
#8652=CARTESIAN_POINT('',(6.43097971470076,1.65255484347158,0.));
#8653=CARTESIAN_POINT('Ctrl Pts',(6.41859734706285,1.64319717632537,0.));
#8654=CARTESIAN_POINT('Ctrl Pts',(6.41859734706285,1.64319717632537,0.1));
#8655=CARTESIAN_POINT('Ctrl Pts',(6.4203932629798,1.64499309224232,0.));
#8656=CARTESIAN_POINT('Ctrl Pts',(6.4203932629798,1.64499309224232,0.1));
#8657=CARTESIAN_POINT('Ctrl Pts',(6.4267262296343,1.65009727432207,0.));
#8658=CARTESIAN_POINT('Ctrl Pts',(6.4267262296343,1.65009727432207,0.1));
#8659=CARTESIAN_POINT('Ctrl Pts',(6.43097971470076,1.65255484347158,0.));
#8660=CARTESIAN_POINT('Ctrl Pts',(6.43097971470076,1.65255484347158,0.1));
#8661=CARTESIAN_POINT('',(6.41859734706285,1.64319717632537,0.));
#8662=CARTESIAN_POINT('Ctrl Pts',(6.43097971470076,1.65255484347158,0.));
#8663=CARTESIAN_POINT('Ctrl Pts',(6.4267262296343,1.65009727432207,0.));
#8664=CARTESIAN_POINT('Ctrl Pts',(6.4203932629798,1.64499309224232,0.));
#8665=CARTESIAN_POINT('Ctrl Pts',(6.41859734706285,1.64319717632537,0.));
#8666=CARTESIAN_POINT('',(6.41859734706285,1.64319717632537,0.1));
#8667=CARTESIAN_POINT('Ctrl Pts',(6.41859734706285,1.64319717632537,0.1));
#8668=CARTESIAN_POINT('Ctrl Pts',(6.4203932629798,1.64499309224232,0.1));
#8669=CARTESIAN_POINT('Ctrl Pts',(6.4267262296343,1.65009727432207,0.1));
#8670=CARTESIAN_POINT('Ctrl Pts',(6.43097971470076,1.65255484347158,0.1));
#8671=CARTESIAN_POINT('',(6.41859734706285,1.64319717632537,0.));
#8672=CARTESIAN_POINT('Origin',(6.41746308437846,1.64319717632537,0.));
#8673=CARTESIAN_POINT('',(6.41746308437846,1.64319717632537,0.));
#8674=CARTESIAN_POINT('',(6.41859734706285,1.64319717632537,0.));
#8675=CARTESIAN_POINT('',(6.41746308437846,1.64319717632537,0.1));
#8676=CARTESIAN_POINT('',(6.41859734706285,1.64319717632537,0.1));
#8677=CARTESIAN_POINT('',(6.41746308437846,1.64319717632537,0.));
#8678=CARTESIAN_POINT('Origin',(6.41746308437846,1.66172346683705,0.));
#8679=CARTESIAN_POINT('',(6.41746308437846,1.66172346683705,0.));
#8680=CARTESIAN_POINT('',(6.41746308437846,1.64319717632537,0.));
#8681=CARTESIAN_POINT('',(6.41746308437846,1.66172346683705,0.1));
#8682=CARTESIAN_POINT('',(6.41746308437846,1.64319717632537,0.1));
#8683=CARTESIAN_POINT('',(6.41746308437846,1.66172346683705,0.));
#8684=CARTESIAN_POINT('Ctrl Pts',(6.43296467439844,1.66833999916265,0.));
#8685=CARTESIAN_POINT('Ctrl Pts',(6.43296467439844,1.66833999916265,0.1));
#8686=CARTESIAN_POINT('Ctrl Pts',(6.42814405798979,1.6668276489168,0.));
#8687=CARTESIAN_POINT('Ctrl Pts',(6.42814405798979,1.6668276489168,0.1));
#8688=CARTESIAN_POINT('Ctrl Pts',(6.42133848188346,1.663519382754,0.));
#8689=CARTESIAN_POINT('Ctrl Pts',(6.42133848188346,1.663519382754,0.1));
#8690=CARTESIAN_POINT('Ctrl Pts',(6.41746308437846,1.66172346683705,0.));
#8691=CARTESIAN_POINT('Ctrl Pts',(6.41746308437846,1.66172346683705,0.1));
#8692=CARTESIAN_POINT('',(6.43296467439844,1.66833999916265,0.));
#8693=CARTESIAN_POINT('Ctrl Pts',(6.41746308437846,1.66172346683705,0.));
#8694=CARTESIAN_POINT('Ctrl Pts',(6.42133848188346,1.663519382754,0.));
#8695=CARTESIAN_POINT('Ctrl Pts',(6.42814405798979,1.6668276489168,0.));
#8696=CARTESIAN_POINT('Ctrl Pts',(6.43296467439844,1.66833999916265,0.));
#8697=CARTESIAN_POINT('',(6.43296467439844,1.66833999916265,0.1));
#8698=CARTESIAN_POINT('Ctrl Pts',(6.43296467439844,1.66833999916265,0.1));
#8699=CARTESIAN_POINT('Ctrl Pts',(6.42814405798979,1.6668276489168,0.1));
#8700=CARTESIAN_POINT('Ctrl Pts',(6.42133848188346,1.663519382754,0.1));
#8701=CARTESIAN_POINT('Ctrl Pts',(6.41746308437846,1.66172346683705,0.1));
#8702=CARTESIAN_POINT('',(6.43296467439844,1.66833999916265,0.));
#8703=CARTESIAN_POINT('Ctrl Pts',(6.4537594902789,1.67174278721582,0.));
#8704=CARTESIAN_POINT('Ctrl Pts',(6.4537594902789,1.67174278721582,0.1));
#8705=CARTESIAN_POINT('Ctrl Pts',(6.44676487039184,1.67174278721582,0.));
#8706=CARTESIAN_POINT('Ctrl Pts',(6.44676487039184,1.67174278721582,0.1));
#8707=CARTESIAN_POINT('Ctrl Pts',(6.43806885647819,1.67004139318923,0.));
#8708=CARTESIAN_POINT('Ctrl Pts',(6.43806885647819,1.67004139318923,0.1));
#8709=CARTESIAN_POINT('Ctrl Pts',(6.43296467439844,1.66833999916265,0.));
#8710=CARTESIAN_POINT('Ctrl Pts',(6.43296467439844,1.66833999916265,0.1));
#8711=CARTESIAN_POINT('',(6.4537594902789,1.67174278721582,0.));
#8712=CARTESIAN_POINT('Ctrl Pts',(6.43296467439844,1.66833999916265,0.));
#8713=CARTESIAN_POINT('Ctrl Pts',(6.43806885647819,1.67004139318923,0.));
#8714=CARTESIAN_POINT('Ctrl Pts',(6.44676487039184,1.67174278721582,0.));
#8715=CARTESIAN_POINT('Ctrl Pts',(6.4537594902789,1.67174278721582,0.));
#8716=CARTESIAN_POINT('',(6.4537594902789,1.67174278721582,0.1));
#8717=CARTESIAN_POINT('Ctrl Pts',(6.4537594902789,1.67174278721582,0.1));
#8718=CARTESIAN_POINT('Ctrl Pts',(6.44676487039184,1.67174278721582,0.1));
#8719=CARTESIAN_POINT('Ctrl Pts',(6.43806885647819,1.67004139318923,0.1));
#8720=CARTESIAN_POINT('Ctrl Pts',(6.43296467439844,1.66833999916265,0.1));
#8721=CARTESIAN_POINT('',(6.4537594902789,1.67174278721582,0.));
#8722=CARTESIAN_POINT('Ctrl Pts',(6.49128468075408,1.65643024097657,0.));
#8723=CARTESIAN_POINT('Ctrl Pts',(6.49128468075408,1.65643024097657,0.1));
#8724=CARTESIAN_POINT('Ctrl Pts',(6.48429006086702,1.66408651409619,0.));
#8725=CARTESIAN_POINT('Ctrl Pts',(6.48429006086702,1.66408651409619,0.1));
#8726=CARTESIAN_POINT('Ctrl Pts',(6.46510211712278,1.67174278721582,0.));
#8727=CARTESIAN_POINT('Ctrl Pts',(6.46510211712278,1.67174278721582,0.1));
#8728=CARTESIAN_POINT('Ctrl Pts',(6.4537594902789,1.67174278721582,0.));
#8729=CARTESIAN_POINT('Ctrl Pts',(6.4537594902789,1.67174278721582,0.1));
#8730=CARTESIAN_POINT('Ctrl Pts',(6.4537594902789,1.67174278721582,0.));
#8731=CARTESIAN_POINT('Ctrl Pts',(6.46510211712278,1.67174278721582,0.));
#8732=CARTESIAN_POINT('Ctrl Pts',(6.48429006086702,1.66408651409619,0.));
#8733=CARTESIAN_POINT('Ctrl Pts',(6.49128468075408,1.65643024097657,0.));
#8734=CARTESIAN_POINT('Ctrl Pts',(6.49128468075408,1.65643024097657,0.1));
#8735=CARTESIAN_POINT('Ctrl Pts',(6.48429006086702,1.66408651409619,0.1));
#8736=CARTESIAN_POINT('Ctrl Pts',(6.46510211712278,1.67174278721582,0.1));
#8737=CARTESIAN_POINT('Ctrl Pts',(6.4537594902789,1.67174278721582,0.1));
#8738=CARTESIAN_POINT('Origin',(6.46282550147643,1.61132896470894,0.));
#8739=CARTESIAN_POINT('Origin',(6.46282550147643,1.61132896470894,0.1));
#8740=CARTESIAN_POINT('Origin',(6.38172679434877,1.12957655936104,0.));
#8741=CARTESIAN_POINT('',(6.25733132590895,1.12957655936104,0.));
#8742=CARTESIAN_POINT('',(6.38172679434877,1.12957655936104,0.));
#8743=CARTESIAN_POINT('',(6.25733132590895,1.12957655936104,0.));
#8744=CARTESIAN_POINT('',(6.25733132590895,1.12957655936104,0.1));
#8745=CARTESIAN_POINT('',(6.25733132590895,1.12957655936104,0.));
#8746=CARTESIAN_POINT('',(6.38172679434877,1.12957655936104,0.1));
#8747=CARTESIAN_POINT('',(6.25733132590895,1.12957655936104,0.1));
#8748=CARTESIAN_POINT('',(6.38172679434877,1.12957655936104,0.));
#8749=CARTESIAN_POINT('Origin',(6.35442047200832,1.04045175727763,0.));
#8750=CARTESIAN_POINT('',(6.35442047200832,1.04045175727763,0.));
#8751=CARTESIAN_POINT('',(6.38172679434877,1.12957655936104,0.));
#8752=CARTESIAN_POINT('',(6.35442047200832,1.04045175727763,0.1));
#8753=CARTESIAN_POINT('',(6.38172679434877,1.12957655936104,0.1));
#8754=CARTESIAN_POINT('',(6.35442047200832,1.04045175727763,0.));
#8755=CARTESIAN_POINT('Origin',(5.99981753605945,1.04045175727763,0.));
#8756=CARTESIAN_POINT('',(5.99981753605945,1.04045175727763,0.));
#8757=CARTESIAN_POINT('',(6.35442047200832,1.04045175727763,0.));
#8758=CARTESIAN_POINT('',(5.99981753605945,1.04045175727763,0.1));
#8759=CARTESIAN_POINT('',(6.35442047200832,1.04045175727763,0.1));
#8760=CARTESIAN_POINT('',(5.99981753605945,1.04045175727763,0.));
#8761=CARTESIAN_POINT('Origin',(6.0271238583999,1.12957655936104,0.));
#8762=CARTESIAN_POINT('',(6.0271238583999,1.12957655936104,0.));
#8763=CARTESIAN_POINT('',(5.99981753605945,1.04045175727763,0.));
#8764=CARTESIAN_POINT('',(6.0271238583999,1.12957655936104,0.1));
#8765=CARTESIAN_POINT('',(5.99981753605945,1.04045175727763,0.1));
#8766=CARTESIAN_POINT('',(6.0271238583999,1.12957655936104,0.));
#8767=CARTESIAN_POINT('Origin',(6.15151932683972,1.12957655936104,0.));
#8768=CARTESIAN_POINT('',(6.15151932683972,1.12957655936104,0.));
#8769=CARTESIAN_POINT('',(6.0271238583999,1.12957655936104,0.));
#8770=CARTESIAN_POINT('',(6.15151932683972,1.12957655936104,0.1));
#8771=CARTESIAN_POINT('',(6.0271238583999,1.12957655936104,0.1));
#8772=CARTESIAN_POINT('',(6.15151932683972,1.12957655936104,0.));
#8773=CARTESIAN_POINT('Origin',(6.26757119678662,1.50845178183475,0.));
#8774=CARTESIAN_POINT('',(6.26757119678662,1.50845178183475,0.));
#8775=CARTESIAN_POINT('',(6.15151932683972,1.12957655936104,0.));
#8776=CARTESIAN_POINT('',(6.26757119678662,1.50845178183475,0.1));
#8777=CARTESIAN_POINT('',(6.15151932683972,1.12957655936104,0.1));
#8778=CARTESIAN_POINT('',(6.26757119678662,1.50845178183475,0.));
#8779=CARTESIAN_POINT('Origin',(6.37338319585585,1.50845178183475,0.));
#8780=CARTESIAN_POINT('',(6.37338319585585,1.50845178183475,0.));
#8781=CARTESIAN_POINT('',(6.26757119678662,1.50845178183475,0.));
#8782=CARTESIAN_POINT('',(6.37338319585585,1.50845178183475,0.1));
#8783=CARTESIAN_POINT('',(6.26757119678662,1.50845178183475,0.1));
#8784=CARTESIAN_POINT('',(6.37338319585585,1.50845178183475,0.));
#8785=CARTESIAN_POINT('Origin',(6.25733132590895,1.12957655936104,0.));
#8786=CARTESIAN_POINT('',(6.37338319585585,1.50845178183475,0.));
#8787=CARTESIAN_POINT('',(6.37338319585585,1.50845178183475,0.1));
#8788=CARTESIAN_POINT('Origin',(6.23169628262781,1.21861412866239,0.));
#8789=CARTESIAN_POINT('Origin',(6.23169628262781,1.21861412866239,0.1));
#8790=CARTESIAN_POINT('Origin',(7.34970204228519,1.54902615855055,0.));
#8791=CARTESIAN_POINT('',(7.34970204228519,1.47126615855055,0.));
#8792=CARTESIAN_POINT('',(7.34970204228519,1.62678615855055,0.));
#8793=CARTESIAN_POINT('Origin',(7.34970204228519,1.54902615855055,0.));
#8794=CARTESIAN_POINT('',(7.34970204228519,1.62678615855055,0.1));
#8795=CARTESIAN_POINT('',(7.34970204228519,1.62678615855055,0.));
#8796=CARTESIAN_POINT('',(7.34970204228519,1.47126615855055,0.1));
#8797=CARTESIAN_POINT('Origin',(7.34970204228519,1.54902615855055,0.1));
#8798=CARTESIAN_POINT('',(7.34970204228519,1.47126615855055,0.));
#8799=CARTESIAN_POINT('Origin',(6.88314204228519,1.47126615855055,0.));
#8800=CARTESIAN_POINT('',(6.88314204228519,1.47126615855055,0.));
#8801=CARTESIAN_POINT('',(6.88314204228519,1.47126615855055,0.));
#8802=CARTESIAN_POINT('',(6.88314204228519,1.47126615855055,0.1));
#8803=CARTESIAN_POINT('',(6.88314204228519,1.47126615855055,0.1));
#8804=CARTESIAN_POINT('',(6.88314204228519,1.47126615855055,0.));
#8805=CARTESIAN_POINT('Origin',(6.88314204228519,1.54902615855055,0.));
#8806=CARTESIAN_POINT('',(6.88314204228519,1.62678615855055,0.));
#8807=CARTESIAN_POINT('Origin',(6.88314204228519,1.54902615855055,0.));
#8808=CARTESIAN_POINT('',(6.88314204228519,1.62678615855055,0.1));
#8809=CARTESIAN_POINT('Origin',(6.88314204228519,1.54902615855055,0.1));
#8810=CARTESIAN_POINT('',(6.88314204228519,1.62678615855055,0.));
#8811=CARTESIAN_POINT('Origin',(7.34970204228519,1.62678615855055,0.));
#8812=CARTESIAN_POINT('',(7.34970204228519,1.62678615855055,0.));
#8813=CARTESIAN_POINT('',(7.34970204228519,1.62678615855055,0.1));
#8814=CARTESIAN_POINT('Origin',(7.11642204228519,1.54902615855055,0.1));
#8815=CARTESIAN_POINT('Origin',(7.11642204228519,1.54902615855055,0.));
#8816=CARTESIAN_POINT('Origin',(6.97411229091857,1.25587095855055,0.));
#8817=CARTESIAN_POINT('',(7.44067229091857,1.25587095855055,0.));
#8818=CARTESIAN_POINT('',(6.97411229091857,1.25587095855055,0.));
#8819=CARTESIAN_POINT('',(7.44067229091857,1.25587095855055,0.));
#8820=CARTESIAN_POINT('',(7.44067229091857,1.25587095855055,0.1));
#8821=CARTESIAN_POINT('',(7.44067229091857,1.25587095855055,0.));
#8822=CARTESIAN_POINT('',(6.97411229091857,1.25587095855055,0.1));
#8823=CARTESIAN_POINT('',(7.44067229091857,1.25587095855055,0.1));
#8824=CARTESIAN_POINT('',(6.97411229091857,1.25587095855055,0.));
#8825=CARTESIAN_POINT('Origin',(6.97411229091857,1.33363095855055,0.));
#8826=CARTESIAN_POINT('',(6.97411229091857,1.41139095855055,0.));
#8827=CARTESIAN_POINT('Origin',(6.97411229091857,1.33363095855055,0.));
#8828=CARTESIAN_POINT('',(6.97411229091857,1.41139095855055,0.1));
#8829=CARTESIAN_POINT('Origin',(6.97411229091857,1.33363095855055,0.1));
#8830=CARTESIAN_POINT('',(6.97411229091857,1.41139095855055,0.));
#8831=CARTESIAN_POINT('Origin',(7.44067229091857,1.41139095855055,0.));
#8832=CARTESIAN_POINT('',(7.44067229091857,1.41139095855055,0.));
#8833=CARTESIAN_POINT('',(6.97411229091857,1.41139095855055,0.));
#8834=CARTESIAN_POINT('',(7.44067229091857,1.41139095855055,0.1));
#8835=CARTESIAN_POINT('',(6.97411229091857,1.41139095855055,0.1));
#8836=CARTESIAN_POINT('',(7.44067229091857,1.41139095855055,0.));
#8837=CARTESIAN_POINT('Origin',(7.44067229091857,1.33363095855055,0.));
#8838=CARTESIAN_POINT('Origin',(7.44067229091857,1.33363095855055,0.));
#8839=CARTESIAN_POINT('Origin',(7.44067229091857,1.33363095855055,0.1));
#8840=CARTESIAN_POINT('Origin',(7.20739229091857,1.33363095855055,0.));
#8841=CARTESIAN_POINT('Origin',(7.20739229091857,1.33363095855055,0.1));
#8842=CARTESIAN_POINT('Origin',(6.81689985853184,1.04037612527608,0.));
#8843=CARTESIAN_POINT('',(7.28337985853184,1.04037612527608,0.));
#8844=CARTESIAN_POINT('',(6.81689985853184,1.04037612527608,0.));
#8845=CARTESIAN_POINT('',(7.28337985853184,1.04037612527608,0.));
#8846=CARTESIAN_POINT('',(7.28337985853184,1.04037612527608,0.1));
#8847=CARTESIAN_POINT('',(7.28337985853184,1.04037612527608,0.));
#8848=CARTESIAN_POINT('',(6.81689985853184,1.04037612527608,0.1));
#8849=CARTESIAN_POINT('',(7.28337985853184,1.04037612527608,0.1));
#8850=CARTESIAN_POINT('',(6.81689985853184,1.04037612527608,0.));
#8851=CARTESIAN_POINT('Origin',(6.81689985853184,1.11813612527608,0.));
#8852=CARTESIAN_POINT('',(6.81689985853184,1.19589612527608,0.));
#8853=CARTESIAN_POINT('Origin',(6.81689985853184,1.11813612527608,0.));
#8854=CARTESIAN_POINT('',(6.81689985853184,1.19589612527608,0.1));
#8855=CARTESIAN_POINT('Origin',(6.81689985853184,1.11813612527608,0.1));
#8856=CARTESIAN_POINT('',(6.81689985853184,1.19589612527608,0.));
#8857=CARTESIAN_POINT('Origin',(7.28337985853184,1.19589612527608,0.));
#8858=CARTESIAN_POINT('',(7.28337985853184,1.19589612527608,0.));
#8859=CARTESIAN_POINT('',(6.81689985853184,1.19589612527608,0.));
#8860=CARTESIAN_POINT('',(7.28337985853184,1.19589612527608,0.1));
#8861=CARTESIAN_POINT('',(6.81689985853184,1.19589612527608,0.1));
#8862=CARTESIAN_POINT('',(7.28337985853184,1.19589612527608,0.));
#8863=CARTESIAN_POINT('Origin',(7.28337985853184,1.11813612527608,0.));
#8864=CARTESIAN_POINT('Origin',(7.28337985853184,1.11813612527608,0.));
#8865=CARTESIAN_POINT('Origin',(7.28337985853184,1.11813612527608,0.1));
#8866=CARTESIAN_POINT('Origin',(7.05013985853184,1.11813612527608,0.));
#8867=CARTESIAN_POINT('Origin',(7.05013985853184,1.11813612527608,0.1));
#8868=CARTESIAN_POINT('Origin',(5.67100390454323,1.04045175727763,0.));
#8869=CARTESIAN_POINT('',(5.95582401673318,1.04045175727763,0.));
#8870=CARTESIAN_POINT('',(5.67100390454323,1.04045175727763,0.));
#8871=CARTESIAN_POINT('',(5.95582401673318,1.04045175727763,0.));
#8872=CARTESIAN_POINT('',(5.95582401673318,1.04045175727763,0.1));
#8873=CARTESIAN_POINT('',(5.95582401673318,1.04045175727763,0.));
#8874=CARTESIAN_POINT('',(5.67100390454323,1.04045175727763,0.1));
#8875=CARTESIAN_POINT('',(5.95582401673318,1.04045175727763,0.1));
#8876=CARTESIAN_POINT('',(5.67100390454323,1.04045175727763,0.));
#8877=CARTESIAN_POINT('Origin',(5.69831022688368,1.12957655936104,0.));
#8878=CARTESIAN_POINT('',(5.69831022688368,1.12957655936104,0.));
#8879=CARTESIAN_POINT('',(5.67100390454323,1.04045175727763,0.));
#8880=CARTESIAN_POINT('',(5.69831022688368,1.12957655936104,0.1));
#8881=CARTESIAN_POINT('',(5.67100390454323,1.04045175727763,0.1));
#8882=CARTESIAN_POINT('',(5.69831022688368,1.12957655936104,0.));
#8883=CARTESIAN_POINT('Origin',(5.87769759448134,1.12957655936104,0.));
#8884=CARTESIAN_POINT('',(5.87769759448134,1.12957655936104,0.));
#8885=CARTESIAN_POINT('',(5.69831022688368,1.12957655936104,0.));
#8886=CARTESIAN_POINT('',(5.87769759448134,1.12957655936104,0.1));
#8887=CARTESIAN_POINT('',(5.69831022688368,1.12957655936104,0.1));
#8888=CARTESIAN_POINT('',(5.87769759448134,1.12957655936104,0.));
#8889=CARTESIAN_POINT('Origin',(5.90310764443704,1.21187478085933,0.));
#8890=CARTESIAN_POINT('',(5.90310764443704,1.21187478085933,0.));
#8891=CARTESIAN_POINT('',(5.87769759448134,1.12957655936104,0.));
#8892=CARTESIAN_POINT('',(5.90310764443704,1.21187478085933,0.1));
#8893=CARTESIAN_POINT('',(5.87769759448134,1.12957655936104,0.1));
#8894=CARTESIAN_POINT('',(5.90310764443704,1.21187478085933,0.));
#8895=CARTESIAN_POINT('Origin',(5.73775269248655,1.21187478085933,0.));
#8896=CARTESIAN_POINT('',(5.73775269248655,1.21187478085933,0.));
#8897=CARTESIAN_POINT('',(5.90310764443704,1.21187478085933,0.));
#8898=CARTESIAN_POINT('',(5.73775269248655,1.21187478085933,0.1));
#8899=CARTESIAN_POINT('',(5.90310764443704,1.21187478085933,0.1));
#8900=CARTESIAN_POINT('',(5.73775269248655,1.21187478085933,0.));
#8901=CARTESIAN_POINT('Origin',(5.765059014827,1.30099958294274,0.));
#8902=CARTESIAN_POINT('',(5.765059014827,1.30099958294274,0.));
#8903=CARTESIAN_POINT('',(5.73775269248655,1.21187478085933,0.));
#8904=CARTESIAN_POINT('',(5.765059014827,1.30099958294274,0.1));
#8905=CARTESIAN_POINT('',(5.73775269248655,1.21187478085933,0.1));
#8906=CARTESIAN_POINT('',(5.765059014827,1.30099958294274,0.));
#8907=CARTESIAN_POINT('Origin',(5.93041396677748,1.30099958294274,0.));
#8908=CARTESIAN_POINT('',(5.93041396677748,1.30099958294274,0.));
#8909=CARTESIAN_POINT('',(5.765059014827,1.30099958294274,0.));
#8910=CARTESIAN_POINT('',(5.93041396677748,1.30099958294274,0.1));
#8911=CARTESIAN_POINT('',(5.765059014827,1.30099958294274,0.1));
#8912=CARTESIAN_POINT('',(5.93041396677748,1.30099958294274,0.));
#8913=CARTESIAN_POINT('Origin',(5.9664431420878,1.41932697975134,0.));
#8914=CARTESIAN_POINT('',(5.9664431420878,1.41932697975134,0.));
#8915=CARTESIAN_POINT('',(5.93041396677748,1.30099958294274,0.));
#8916=CARTESIAN_POINT('',(5.9664431420878,1.41932697975134,0.1));
#8917=CARTESIAN_POINT('',(5.93041396677748,1.30099958294274,0.1));
#8918=CARTESIAN_POINT('',(5.9664431420878,1.41932697975134,0.));
#8919=CARTESIAN_POINT('Origin',(5.78705577449013,1.41932697975134,0.));
#8920=CARTESIAN_POINT('',(5.78705577449013,1.41932697975134,0.));
#8921=CARTESIAN_POINT('',(5.9664431420878,1.41932697975134,0.));
#8922=CARTESIAN_POINT('',(5.78705577449013,1.41932697975134,0.1));
#8923=CARTESIAN_POINT('',(5.9664431420878,1.41932697975134,0.1));
#8924=CARTESIAN_POINT('',(5.78705577449013,1.41932697975134,0.));
#8925=CARTESIAN_POINT('Origin',(5.81436209683058,1.50845178183475,0.));
#8926=CARTESIAN_POINT('',(5.81436209683058,1.50845178183475,0.));
#8927=CARTESIAN_POINT('',(5.78705577449013,1.41932697975134,0.));
#8928=CARTESIAN_POINT('',(5.81436209683058,1.50845178183475,0.1));
#8929=CARTESIAN_POINT('',(5.78705577449013,1.41932697975134,0.1));
#8930=CARTESIAN_POINT('',(5.81436209683058,1.50845178183475,0.));
#8931=CARTESIAN_POINT('Origin',(6.09918220902053,1.50845178183475,0.));
#8932=CARTESIAN_POINT('',(6.09918220902053,1.50845178183475,0.));
#8933=CARTESIAN_POINT('',(5.81436209683058,1.50845178183475,0.));
#8934=CARTESIAN_POINT('',(6.09918220902053,1.50845178183475,0.1));
#8935=CARTESIAN_POINT('',(5.81436209683058,1.50845178183475,0.1));
#8936=CARTESIAN_POINT('',(6.09918220902053,1.50845178183475,0.));
#8937=CARTESIAN_POINT('Origin',(5.95582401673318,1.04045175727763,0.));
#8938=CARTESIAN_POINT('',(6.09918220902053,1.50845178183475,0.));
#8939=CARTESIAN_POINT('',(6.09918220902053,1.50845178183475,0.1));
#8940=CARTESIAN_POINT('Origin',(5.88652400306273,1.27178464335486,0.));
#8941=CARTESIAN_POINT('Origin',(5.88652400306273,1.27178464335486,0.1));
#8942=CARTESIAN_POINT('Ctrl Pts',(6.37124187998963,1.65945494146827,0.));
#8943=CARTESIAN_POINT('Ctrl Pts',(6.37124187998963,1.65945494146827,0.1));
#8944=CARTESIAN_POINT('Ctrl Pts',(6.35989925314575,1.65945494146827,0.));
#8945=CARTESIAN_POINT('Ctrl Pts',(6.35989925314575,1.65945494146827,0.1));
#8946=CARTESIAN_POINT('Ctrl Pts',(6.34742236361747,1.64272456687354,0.));
#8947=CARTESIAN_POINT('Ctrl Pts',(6.34742236361747,1.64272456687354,0.1));
#8948=CARTESIAN_POINT('Ctrl Pts',(6.34742236361747,1.62589967038845,0.));
#8949=CARTESIAN_POINT('Ctrl Pts',(6.34742236361747,1.62589967038845,0.1));
#8950=CARTESIAN_POINT('',(6.37124187998963,1.65945494146827,0.));
#8951=CARTESIAN_POINT('',(6.34742236361747,1.62589967038845,0.));
#8952=CARTESIAN_POINT('Ctrl Pts',(6.37124187998963,1.65945494146827,0.));
#8953=CARTESIAN_POINT('Ctrl Pts',(6.35989925314575,1.65945494146827,0.));
#8954=CARTESIAN_POINT('Ctrl Pts',(6.34742236361747,1.64272456687354,0.));
#8955=CARTESIAN_POINT('Ctrl Pts',(6.34742236361747,1.62589967038845,0.));
#8956=CARTESIAN_POINT('',(6.37124187998963,1.65945494146827,0.1));
#8957=CARTESIAN_POINT('',(6.37124187998963,1.65945494146827,0.));
#8958=CARTESIAN_POINT('',(6.34742236361747,1.62589967038845,0.1));
#8959=CARTESIAN_POINT('Ctrl Pts',(6.34742236361747,1.62589967038845,0.1));
#8960=CARTESIAN_POINT('Ctrl Pts',(6.34742236361747,1.64272456687354,0.1));
#8961=CARTESIAN_POINT('Ctrl Pts',(6.35989925314575,1.65945494146827,0.1));
#8962=CARTESIAN_POINT('Ctrl Pts',(6.37124187998963,1.65945494146827,0.1));
#8963=CARTESIAN_POINT('',(6.34742236361747,1.62589967038845,0.));
#8964=CARTESIAN_POINT('Ctrl Pts',(6.39515591825216,1.62589967038845,0.));
#8965=CARTESIAN_POINT('Ctrl Pts',(6.39515591825216,1.62589967038845,0.1));
#8966=CARTESIAN_POINT('Ctrl Pts',(6.39515591825216,1.64244100120245,0.));
#8967=CARTESIAN_POINT('Ctrl Pts',(6.39515591825216,1.64244100120245,0.1));
#8968=CARTESIAN_POINT('Ctrl Pts',(6.38267902872388,1.65945494146827,0.));
#8969=CARTESIAN_POINT('Ctrl Pts',(6.38267902872388,1.65945494146827,0.1));
#8970=CARTESIAN_POINT('Ctrl Pts',(6.37124187998963,1.65945494146827,0.));
#8971=CARTESIAN_POINT('Ctrl Pts',(6.37124187998963,1.65945494146827,0.1));
#8972=CARTESIAN_POINT('',(6.39515591825216,1.62589967038845,0.));
#8973=CARTESIAN_POINT('Ctrl Pts',(6.39515591825216,1.62589967038845,0.));
#8974=CARTESIAN_POINT('Ctrl Pts',(6.39515591825216,1.64244100120245,0.));
#8975=CARTESIAN_POINT('Ctrl Pts',(6.38267902872388,1.65945494146827,0.));
#8976=CARTESIAN_POINT('Ctrl Pts',(6.37124187998963,1.65945494146827,0.));
#8977=CARTESIAN_POINT('',(6.39515591825216,1.62589967038845,0.1));
#8978=CARTESIAN_POINT('',(6.39515591825216,1.62589967038845,0.));
#8979=CARTESIAN_POINT('Ctrl Pts',(6.37124187998963,1.65945494146827,0.1));
#8980=CARTESIAN_POINT('Ctrl Pts',(6.38267902872388,1.65945494146827,0.1));
#8981=CARTESIAN_POINT('Ctrl Pts',(6.39515591825216,1.64244100120245,0.1));
#8982=CARTESIAN_POINT('Ctrl Pts',(6.39515591825216,1.62589967038845,0.1));
#8983=CARTESIAN_POINT('Ctrl Pts',(6.37124187998963,1.59234439930862,0.));
#8984=CARTESIAN_POINT('Ctrl Pts',(6.37124187998963,1.59234439930862,0.1));
#8985=CARTESIAN_POINT('Ctrl Pts',(6.38267902872388,1.59234439930862,0.));
#8986=CARTESIAN_POINT('Ctrl Pts',(6.38267902872388,1.59234439930862,0.1));
#8987=CARTESIAN_POINT('Ctrl Pts',(6.39515591825216,1.60888573012262,0.));
#8988=CARTESIAN_POINT('Ctrl Pts',(6.39515591825216,1.60888573012262,0.1));
#8989=CARTESIAN_POINT('Ctrl Pts',(6.39515591825216,1.62589967038845,0.));
#8990=CARTESIAN_POINT('Ctrl Pts',(6.39515591825216,1.62589967038845,0.1));
#8991=CARTESIAN_POINT('',(6.37124187998963,1.59234439930862,0.));
#8992=CARTESIAN_POINT('Ctrl Pts',(6.37124187998963,1.59234439930862,0.));
#8993=CARTESIAN_POINT('Ctrl Pts',(6.38267902872388,1.59234439930862,0.));
#8994=CARTESIAN_POINT('Ctrl Pts',(6.39515591825216,1.60888573012262,0.));
#8995=CARTESIAN_POINT('Ctrl Pts',(6.39515591825216,1.62589967038845,0.));
#8996=CARTESIAN_POINT('',(6.37124187998963,1.59234439930862,0.1));
#8997=CARTESIAN_POINT('',(6.37124187998963,1.59234439930862,0.));
#8998=CARTESIAN_POINT('Ctrl Pts',(6.39515591825216,1.62589967038845,0.1));
#8999=CARTESIAN_POINT('Ctrl Pts',(6.39515591825216,1.60888573012262,0.1));
#9000=CARTESIAN_POINT('Ctrl Pts',(6.38267902872388,1.59234439930862,0.1));
#9001=CARTESIAN_POINT('Ctrl Pts',(6.37124187998963,1.59234439930862,0.1));
#9002=CARTESIAN_POINT('Ctrl Pts',(6.34742236361747,1.62589967038845,0.));
#9003=CARTESIAN_POINT('Ctrl Pts',(6.34742236361747,1.62589967038845,0.1));
#9004=CARTESIAN_POINT('Ctrl Pts',(6.34742236361747,1.60888573012262,0.));
#9005=CARTESIAN_POINT('Ctrl Pts',(6.34742236361747,1.60888573012262,0.1));
#9006=CARTESIAN_POINT('Ctrl Pts',(6.35980473125538,1.59234439930862,0.));
#9007=CARTESIAN_POINT('Ctrl Pts',(6.35980473125538,1.59234439930862,0.1));
#9008=CARTESIAN_POINT('Ctrl Pts',(6.37124187998963,1.59234439930862,0.));
#9009=CARTESIAN_POINT('Ctrl Pts',(6.37124187998963,1.59234439930862,0.1));
#9010=CARTESIAN_POINT('Ctrl Pts',(6.34742236361747,1.62589967038845,0.));
#9011=CARTESIAN_POINT('Ctrl Pts',(6.34742236361747,1.60888573012262,0.));
#9012=CARTESIAN_POINT('Ctrl Pts',(6.35980473125538,1.59234439930862,0.));
#9013=CARTESIAN_POINT('Ctrl Pts',(6.37124187998963,1.59234439930862,0.));
#9014=CARTESIAN_POINT('Ctrl Pts',(6.37124187998963,1.59234439930862,0.1));
#9015=CARTESIAN_POINT('Ctrl Pts',(6.35980473125538,1.59234439930862,0.1));
#9016=CARTESIAN_POINT('Ctrl Pts',(6.34742236361747,1.60888573012262,0.1));
#9017=CARTESIAN_POINT('Ctrl Pts',(6.34742236361747,1.62589967038845,0.1));
#9018=CARTESIAN_POINT('Ctrl Pts',(6.41037394260104,1.62589967038845,0.));
#9019=CARTESIAN_POINT('Ctrl Pts',(6.41037394260104,1.62589967038845,0.1));
#9020=CARTESIAN_POINT('Ctrl Pts',(6.41037394260104,1.6472616176111,0.));
#9021=CARTESIAN_POINT('Ctrl Pts',(6.41037394260104,1.6472616176111,0.1));
#9022=CARTESIAN_POINT('Ctrl Pts',(6.38948460483021,1.67212087477728,0.));
#9023=CARTESIAN_POINT('Ctrl Pts',(6.38948460483021,1.67212087477728,0.1));
#9024=CARTESIAN_POINT('Ctrl Pts',(6.37124187998963,1.67212087477728,0.));
#9025=CARTESIAN_POINT('Ctrl Pts',(6.37124187998963,1.67212087477728,0.1));
#9026=CARTESIAN_POINT('',(6.37124187998963,1.67212087477728,0.));
#9027=CARTESIAN_POINT('',(6.41037394260104,1.62589967038845,0.));
#9028=CARTESIAN_POINT('Ctrl Pts',(6.37124187998963,1.67212087477728,0.));
#9029=CARTESIAN_POINT('Ctrl Pts',(6.38948460483021,1.67212087477728,0.));
#9030=CARTESIAN_POINT('Ctrl Pts',(6.41037394260104,1.6472616176111,0.));
#9031=CARTESIAN_POINT('Ctrl Pts',(6.41037394260104,1.62589967038845,0.));
#9032=CARTESIAN_POINT('',(6.37124187998963,1.67212087477728,0.1));
#9033=CARTESIAN_POINT('',(6.37124187998963,1.67212087477728,0.));
#9034=CARTESIAN_POINT('',(6.41037394260104,1.62589967038845,0.1));
#9035=CARTESIAN_POINT('Ctrl Pts',(6.41037394260104,1.62589967038845,0.1));
#9036=CARTESIAN_POINT('Ctrl Pts',(6.41037394260104,1.6472616176111,0.1));
#9037=CARTESIAN_POINT('Ctrl Pts',(6.38948460483021,1.67212087477728,0.1));
#9038=CARTESIAN_POINT('Ctrl Pts',(6.37124187998963,1.67212087477728,0.1));
#9039=CARTESIAN_POINT('',(6.41037394260104,1.62589967038845,0.));
#9040=CARTESIAN_POINT('Ctrl Pts',(6.37124187998963,1.57967846599961,0.));
#9041=CARTESIAN_POINT('Ctrl Pts',(6.37124187998963,1.57967846599961,0.1));
#9042=CARTESIAN_POINT('Ctrl Pts',(6.38882295159766,1.57967846599961,0.));
#9043=CARTESIAN_POINT('Ctrl Pts',(6.38882295159766,1.57967846599961,0.1));
#9044=CARTESIAN_POINT('Ctrl Pts',(6.41037394260104,1.6039705918236,0.));
#9045=CARTESIAN_POINT('Ctrl Pts',(6.41037394260104,1.6039705918236,0.1));
#9046=CARTESIAN_POINT('Ctrl Pts',(6.41037394260104,1.62589967038845,0.));
#9047=CARTESIAN_POINT('Ctrl Pts',(6.41037394260104,1.62589967038845,0.1));
#9048=CARTESIAN_POINT('',(6.37124187998963,1.57967846599961,0.));
#9049=CARTESIAN_POINT('Ctrl Pts',(6.41037394260104,1.62589967038845,0.));
#9050=CARTESIAN_POINT('Ctrl Pts',(6.41037394260104,1.6039705918236,0.));
#9051=CARTESIAN_POINT('Ctrl Pts',(6.38882295159766,1.57967846599961,0.));
#9052=CARTESIAN_POINT('Ctrl Pts',(6.37124187998963,1.57967846599961,0.));
#9053=CARTESIAN_POINT('',(6.37124187998963,1.57967846599961,0.1));
#9054=CARTESIAN_POINT('Ctrl Pts',(6.37124187998963,1.57967846599961,0.1));
#9055=CARTESIAN_POINT('Ctrl Pts',(6.38882295159766,1.57967846599961,0.1));
#9056=CARTESIAN_POINT('Ctrl Pts',(6.41037394260104,1.6039705918236,0.1));
#9057=CARTESIAN_POINT('Ctrl Pts',(6.41037394260104,1.62589967038845,0.1));
#9058=CARTESIAN_POINT('',(6.37124187998963,1.57967846599961,0.));
#9059=CARTESIAN_POINT('Ctrl Pts',(6.33220433926859,1.62589967038845,0.));
#9060=CARTESIAN_POINT('Ctrl Pts',(6.33220433926859,1.62589967038845,0.1));
#9061=CARTESIAN_POINT('Ctrl Pts',(6.33220433926859,1.60387606993324,0.));
#9062=CARTESIAN_POINT('Ctrl Pts',(6.33220433926859,1.60387606993324,0.1));
#9063=CARTESIAN_POINT('Ctrl Pts',(6.35347176460088,1.57967846599961,0.));
#9064=CARTESIAN_POINT('Ctrl Pts',(6.35347176460088,1.57967846599961,0.1));
#9065=CARTESIAN_POINT('Ctrl Pts',(6.37124187998963,1.57967846599961,0.));
#9066=CARTESIAN_POINT('Ctrl Pts',(6.37124187998963,1.57967846599961,0.1));
#9067=CARTESIAN_POINT('',(6.33220433926859,1.62589967038845,0.));
#9068=CARTESIAN_POINT('Ctrl Pts',(6.37124187998963,1.57967846599961,0.));
#9069=CARTESIAN_POINT('Ctrl Pts',(6.35347176460088,1.57967846599961,0.));
#9070=CARTESIAN_POINT('Ctrl Pts',(6.33220433926859,1.60387606993324,0.));
#9071=CARTESIAN_POINT('Ctrl Pts',(6.33220433926859,1.62589967038845,0.));
#9072=CARTESIAN_POINT('',(6.33220433926859,1.62589967038845,0.1));
#9073=CARTESIAN_POINT('Ctrl Pts',(6.33220433926859,1.62589967038845,0.1));
#9074=CARTESIAN_POINT('Ctrl Pts',(6.33220433926859,1.60387606993324,0.1));
#9075=CARTESIAN_POINT('Ctrl Pts',(6.35347176460088,1.57967846599961,0.1));
#9076=CARTESIAN_POINT('Ctrl Pts',(6.37124187998963,1.57967846599961,0.1));
#9077=CARTESIAN_POINT('',(6.33220433926859,1.62589967038845,0.));
#9078=CARTESIAN_POINT('Ctrl Pts',(6.37124187998963,1.67212087477728,0.));
#9079=CARTESIAN_POINT('Ctrl Pts',(6.37124187998963,1.67212087477728,0.1));
#9080=CARTESIAN_POINT('Ctrl Pts',(6.35347176460088,1.67212087477728,0.));
#9081=CARTESIAN_POINT('Ctrl Pts',(6.35347176460088,1.67212087477728,0.1));
#9082=CARTESIAN_POINT('Ctrl Pts',(6.33220433926859,1.64801779273402,0.));
#9083=CARTESIAN_POINT('Ctrl Pts',(6.33220433926859,1.64801779273402,0.1));
#9084=CARTESIAN_POINT('Ctrl Pts',(6.33220433926859,1.62589967038845,0.));
#9085=CARTESIAN_POINT('Ctrl Pts',(6.33220433926859,1.62589967038845,0.1));
#9086=CARTESIAN_POINT('Ctrl Pts',(6.33220433926859,1.62589967038845,0.));
#9087=CARTESIAN_POINT('Ctrl Pts',(6.33220433926859,1.64801779273402,0.));
#9088=CARTESIAN_POINT('Ctrl Pts',(6.35347176460088,1.67212087477728,0.));
#9089=CARTESIAN_POINT('Ctrl Pts',(6.37124187998963,1.67212087477728,0.));
#9090=CARTESIAN_POINT('Ctrl Pts',(6.37124187998963,1.67212087477728,0.1));
#9091=CARTESIAN_POINT('Ctrl Pts',(6.35347176460088,1.67212087477728,0.1));
#9092=CARTESIAN_POINT('Ctrl Pts',(6.33220433926859,1.64801779273402,0.1));
#9093=CARTESIAN_POINT('Ctrl Pts',(6.33220433926859,1.62589967038845,0.1));
#9094=CARTESIAN_POINT('Origin',(6.37124677429904,1.62592193440935,0.));
#9095=CARTESIAN_POINT('Origin',(6.37124677429904,1.62592193440935,0.1));
#9096=CARTESIAN_POINT('Origin',(6.26310883741126,1.61975574751468,0.));
#9097=CARTESIAN_POINT('',(6.26310883741126,1.66966330562777,0.));
#9098=CARTESIAN_POINT('',(6.26310883741126,1.61975574751468,0.));
#9099=CARTESIAN_POINT('',(6.26310883741126,1.66966330562777,0.));
#9100=CARTESIAN_POINT('',(6.26310883741126,1.66966330562777,0.1));
#9101=CARTESIAN_POINT('',(6.26310883741126,1.66966330562777,0.));
#9102=CARTESIAN_POINT('',(6.26310883741126,1.61975574751468,0.1));
#9103=CARTESIAN_POINT('',(6.26310883741126,1.66966330562777,0.1));
#9104=CARTESIAN_POINT('',(6.26310883741126,1.61975574751468,0.));
#9105=CARTESIAN_POINT('Ctrl Pts',(6.26594449412223,1.60018971620897,0.));
#9106=CARTESIAN_POINT('Ctrl Pts',(6.26594449412223,1.60018971620897,0.1));
#9107=CARTESIAN_POINT('Ctrl Pts',(6.26424310009565,1.60330893859104,0.));
#9108=CARTESIAN_POINT('Ctrl Pts',(6.26424310009565,1.60330893859104,0.1));
#9109=CARTESIAN_POINT('Ctrl Pts',(6.26310883741126,1.61370634653127,0.));
#9110=CARTESIAN_POINT('Ctrl Pts',(6.26310883741126,1.61370634653127,0.1));
#9111=CARTESIAN_POINT('Ctrl Pts',(6.26310883741126,1.61975574751468,0.));
#9112=CARTESIAN_POINT('Ctrl Pts',(6.26310883741126,1.61975574751468,0.1));
#9113=CARTESIAN_POINT('',(6.26594449412223,1.60018971620897,0.));
#9114=CARTESIAN_POINT('Ctrl Pts',(6.26310883741126,1.61975574751468,0.));
#9115=CARTESIAN_POINT('Ctrl Pts',(6.26310883741126,1.61370634653127,0.));
#9116=CARTESIAN_POINT('Ctrl Pts',(6.26424310009565,1.60330893859104,0.));
#9117=CARTESIAN_POINT('Ctrl Pts',(6.26594449412223,1.60018971620897,0.));
#9118=CARTESIAN_POINT('',(6.26594449412223,1.60018971620897,0.1));
#9119=CARTESIAN_POINT('Ctrl Pts',(6.26594449412223,1.60018971620897,0.1));
#9120=CARTESIAN_POINT('Ctrl Pts',(6.26424310009565,1.60330893859104,0.1));
#9121=CARTESIAN_POINT('Ctrl Pts',(6.26310883741126,1.61370634653127,0.1));
#9122=CARTESIAN_POINT('Ctrl Pts',(6.26310883741126,1.61975574751468,0.1));
#9123=CARTESIAN_POINT('',(6.26594449412223,1.60018971620897,0.));
#9124=CARTESIAN_POINT('Ctrl Pts',(6.27965016822526,1.59366770577374,0.));
#9125=CARTESIAN_POINT('Ctrl Pts',(6.27965016822526,1.59366770577374,0.1));
#9126=CARTESIAN_POINT('Ctrl Pts',(6.27416789858405,1.59366770577374,0.));
#9127=CARTESIAN_POINT('Ctrl Pts',(6.27416789858405,1.59366770577374,0.1));
#9128=CARTESIAN_POINT('Ctrl Pts',(6.26774041003918,1.59688145004617,0.));
#9129=CARTESIAN_POINT('Ctrl Pts',(6.26774041003918,1.59688145004617,0.1));
#9130=CARTESIAN_POINT('Ctrl Pts',(6.26594449412223,1.60018971620897,0.));
#9131=CARTESIAN_POINT('Ctrl Pts',(6.26594449412223,1.60018971620897,0.1));
#9132=CARTESIAN_POINT('',(6.27965016822526,1.59366770577374,0.));
#9133=CARTESIAN_POINT('Ctrl Pts',(6.26594449412223,1.60018971620897,0.));
#9134=CARTESIAN_POINT('Ctrl Pts',(6.26774041003918,1.59688145004617,0.));
#9135=CARTESIAN_POINT('Ctrl Pts',(6.27416789858405,1.59366770577374,0.));
#9136=CARTESIAN_POINT('Ctrl Pts',(6.27965016822526,1.59366770577374,0.));
#9137=CARTESIAN_POINT('',(6.27965016822526,1.59366770577374,0.1));
#9138=CARTESIAN_POINT('Ctrl Pts',(6.27965016822526,1.59366770577374,0.1));
#9139=CARTESIAN_POINT('Ctrl Pts',(6.27416789858405,1.59366770577374,0.1));
#9140=CARTESIAN_POINT('Ctrl Pts',(6.26774041003918,1.59688145004617,0.1));
#9141=CARTESIAN_POINT('Ctrl Pts',(6.26594449412223,1.60018971620897,0.1));
#9142=CARTESIAN_POINT('',(6.27965016822526,1.59366770577374,0.));
#9143=CARTESIAN_POINT('Ctrl Pts',(6.30233542191303,1.6042541574947,0.));
#9144=CARTESIAN_POINT('Ctrl Pts',(6.30233542191303,1.6042541574947,0.1));
#9145=CARTESIAN_POINT('Ctrl Pts',(6.29675863038145,1.59952806297641,0.));
#9146=CARTESIAN_POINT('Ctrl Pts',(6.29675863038145,1.59952806297641,0.1));
#9147=CARTESIAN_POINT('Ctrl Pts',(6.28513243786647,1.59366770577374,0.));
#9148=CARTESIAN_POINT('Ctrl Pts',(6.28513243786647,1.59366770577374,0.1));
#9149=CARTESIAN_POINT('Ctrl Pts',(6.27965016822526,1.59366770577374,0.));
#9150=CARTESIAN_POINT('Ctrl Pts',(6.27965016822526,1.59366770577374,0.1));
#9151=CARTESIAN_POINT('',(6.30233542191303,1.6042541574947,0.));
#9152=CARTESIAN_POINT('Ctrl Pts',(6.27965016822526,1.59366770577374,0.));
#9153=CARTESIAN_POINT('Ctrl Pts',(6.28513243786647,1.59366770577374,0.));
#9154=CARTESIAN_POINT('Ctrl Pts',(6.29675863038145,1.59952806297641,0.));
#9155=CARTESIAN_POINT('Ctrl Pts',(6.30233542191303,1.6042541574947,0.));
#9156=CARTESIAN_POINT('',(6.30233542191303,1.6042541574947,0.1));
#9157=CARTESIAN_POINT('Ctrl Pts',(6.30233542191303,1.6042541574947,0.1));
#9158=CARTESIAN_POINT('Ctrl Pts',(6.29675863038145,1.59952806297641,0.1));
#9159=CARTESIAN_POINT('Ctrl Pts',(6.28513243786647,1.59366770577374,0.1));
#9160=CARTESIAN_POINT('Ctrl Pts',(6.27965016822526,1.59366770577374,0.1));
#9161=CARTESIAN_POINT('',(6.30233542191303,1.6042541574947,0.));
#9162=CARTESIAN_POINT('Origin',(6.30233542191303,1.66966330562777,0.));
#9163=CARTESIAN_POINT('',(6.30233542191303,1.66966330562777,0.));
#9164=CARTESIAN_POINT('',(6.30233542191303,1.6042541574947,0.));
#9165=CARTESIAN_POINT('',(6.30233542191303,1.66966330562777,0.1));
#9166=CARTESIAN_POINT('',(6.30233542191303,1.6042541574947,0.1));
#9167=CARTESIAN_POINT('',(6.30233542191303,1.66966330562777,0.));
#9168=CARTESIAN_POINT('Origin',(6.31708083681008,1.66966330562777,0.));
#9169=CARTESIAN_POINT('',(6.31708083681008,1.66966330562777,0.));
#9170=CARTESIAN_POINT('',(6.30233542191303,1.66966330562777,0.));
#9171=CARTESIAN_POINT('',(6.31708083681008,1.66966330562777,0.1));
#9172=CARTESIAN_POINT('',(6.30233542191303,1.66966330562777,0.1));
#9173=CARTESIAN_POINT('',(6.31708083681008,1.66966330562777,0.));
#9174=CARTESIAN_POINT('Origin',(6.31708083681008,1.58213603514912,0.));
#9175=CARTESIAN_POINT('',(6.31708083681008,1.58213603514912,0.));
#9176=CARTESIAN_POINT('',(6.31708083681008,1.66966330562777,0.));
#9177=CARTESIAN_POINT('',(6.31708083681008,1.58213603514912,0.1));
#9178=CARTESIAN_POINT('',(6.31708083681008,1.66966330562777,0.1));
#9179=CARTESIAN_POINT('',(6.31708083681008,1.58213603514912,0.));
#9180=CARTESIAN_POINT('Origin',(6.30233542191303,1.58213603514912,0.));
#9181=CARTESIAN_POINT('',(6.30233542191303,1.58213603514912,0.));
#9182=CARTESIAN_POINT('',(6.31708083681008,1.58213603514912,0.));
#9183=CARTESIAN_POINT('',(6.30233542191303,1.58213603514912,0.1));
#9184=CARTESIAN_POINT('',(6.31708083681008,1.58213603514912,0.1));
#9185=CARTESIAN_POINT('',(6.30233542191303,1.58213603514912,0.));
#9186=CARTESIAN_POINT('Origin',(6.30233542191303,1.59187178985679,0.));
#9187=CARTESIAN_POINT('',(6.30233542191303,1.59187178985679,0.));
#9188=CARTESIAN_POINT('',(6.30233542191303,1.58213603514912,0.));
#9189=CARTESIAN_POINT('',(6.30233542191303,1.59187178985679,0.1));
#9190=CARTESIAN_POINT('',(6.30233542191303,1.58213603514912,0.1));
#9191=CARTESIAN_POINT('',(6.30233542191303,1.59187178985679,0.));
#9192=CARTESIAN_POINT('Ctrl Pts',(6.27577477072026,1.57967846599961,0.));
#9193=CARTESIAN_POINT('Ctrl Pts',(6.27577477072026,1.57967846599961,0.1));
#9194=CARTESIAN_POINT('Ctrl Pts',(6.28295843438806,1.57967846599961,0.));
#9195=CARTESIAN_POINT('Ctrl Pts',(6.28295843438806,1.57967846599961,0.1));
#9196=CARTESIAN_POINT('Ctrl Pts',(6.29571888958743,1.58591691076375,0.));
#9197=CARTESIAN_POINT('Ctrl Pts',(6.29571888958743,1.58591691076375,0.1));
#9198=CARTESIAN_POINT('Ctrl Pts',(6.30233542191303,1.59187178985679,0.));
#9199=CARTESIAN_POINT('Ctrl Pts',(6.30233542191303,1.59187178985679,0.1));
#9200=CARTESIAN_POINT('',(6.27577477072026,1.57967846599961,0.));
#9201=CARTESIAN_POINT('Ctrl Pts',(6.30233542191303,1.59187178985679,0.));
#9202=CARTESIAN_POINT('Ctrl Pts',(6.29571888958743,1.58591691076375,0.));
#9203=CARTESIAN_POINT('Ctrl Pts',(6.28295843438806,1.57967846599961,0.));
#9204=CARTESIAN_POINT('Ctrl Pts',(6.27577477072026,1.57967846599961,0.));
#9205=CARTESIAN_POINT('',(6.27577477072026,1.57967846599961,0.1));
#9206=CARTESIAN_POINT('Ctrl Pts',(6.27577477072026,1.57967846599961,0.1));
#9207=CARTESIAN_POINT('Ctrl Pts',(6.28295843438806,1.57967846599961,0.1));
#9208=CARTESIAN_POINT('Ctrl Pts',(6.29571888958743,1.58591691076375,0.1));
#9209=CARTESIAN_POINT('Ctrl Pts',(6.30233542191303,1.59187178985679,0.1));
#9210=CARTESIAN_POINT('',(6.27577477072026,1.57967846599961,0.));
#9211=CARTESIAN_POINT('Ctrl Pts',(6.24836342251421,1.61285564951798,0.));
#9212=CARTESIAN_POINT('Ctrl Pts',(6.24836342251421,1.61285564951798,0.1));
#9213=CARTESIAN_POINT('Ctrl Pts',(6.24836342251421,1.59669240626544,0.));
#9214=CARTESIAN_POINT('Ctrl Pts',(6.24836342251421,1.59669240626544,0.1));
#9215=CARTESIAN_POINT('Ctrl Pts',(6.26291979363053,1.57967846599961,0.));
#9216=CARTESIAN_POINT('Ctrl Pts',(6.26291979363053,1.57967846599961,0.1));
#9217=CARTESIAN_POINT('Ctrl Pts',(6.27577477072026,1.57967846599961,0.));
#9218=CARTESIAN_POINT('Ctrl Pts',(6.27577477072026,1.57967846599961,0.1));
#9219=CARTESIAN_POINT('',(6.24836342251421,1.61285564951798,0.));
#9220=CARTESIAN_POINT('Ctrl Pts',(6.27577477072026,1.57967846599961,0.));
#9221=CARTESIAN_POINT('Ctrl Pts',(6.26291979363053,1.57967846599961,0.));
#9222=CARTESIAN_POINT('Ctrl Pts',(6.24836342251421,1.59669240626544,0.));
#9223=CARTESIAN_POINT('Ctrl Pts',(6.24836342251421,1.61285564951798,0.));
#9224=CARTESIAN_POINT('',(6.24836342251421,1.61285564951798,0.1));
#9225=CARTESIAN_POINT('Ctrl Pts',(6.24836342251421,1.61285564951798,0.1));
#9226=CARTESIAN_POINT('Ctrl Pts',(6.24836342251421,1.59669240626544,0.1));
#9227=CARTESIAN_POINT('Ctrl Pts',(6.26291979363053,1.57967846599961,0.1));
#9228=CARTESIAN_POINT('Ctrl Pts',(6.27577477072026,1.57967846599961,0.1));
#9229=CARTESIAN_POINT('',(6.24836342251421,1.61285564951798,0.));
#9230=CARTESIAN_POINT('Origin',(6.24836342251421,1.66966330562777,0.));
#9231=CARTESIAN_POINT('',(6.24836342251421,1.66966330562777,0.));
#9232=CARTESIAN_POINT('',(6.24836342251421,1.61285564951798,0.));
#9233=CARTESIAN_POINT('',(6.24836342251421,1.66966330562777,0.1));
#9234=CARTESIAN_POINT('',(6.24836342251421,1.61285564951798,0.1));
#9235=CARTESIAN_POINT('',(6.24836342251421,1.66966330562777,0.));
#9236=CARTESIAN_POINT('Origin',(6.26310883741126,1.66966330562777,0.));
#9237=CARTESIAN_POINT('',(6.24836342251421,1.66966330562777,0.));
#9238=CARTESIAN_POINT('',(6.24836342251421,1.66966330562777,0.1));
#9239=CARTESIAN_POINT('Origin',(6.2849478964694,1.62463528491426,0.));
#9240=CARTESIAN_POINT('Origin',(6.2849478964694,1.62463528491426,0.1));
#9241=CARTESIAN_POINT('Origin',(6.12936036254378,1.61616391568078,0.));
#9242=CARTESIAN_POINT('',(6.12936036254378,1.61616391568078,0.));
#9243=CARTESIAN_POINT('',(6.08313915815495,1.61616391568078,0.));
#9244=CARTESIAN_POINT('',(6.11701710848125,1.61616391568078,0.));
#9245=CARTESIAN_POINT('',(6.12936036254378,1.61616391568078,0.1));
#9246=CARTESIAN_POINT('',(6.12936036254378,1.61616391568078,0.));
#9247=CARTESIAN_POINT('',(6.08313915815495,1.61616391568078,0.1));
#9248=CARTESIAN_POINT('',(6.11701710848125,1.61616391568078,0.1));
#9249=CARTESIAN_POINT('',(6.08313915815495,1.61616391568078,0.));
#9250=CARTESIAN_POINT('Ctrl Pts',(6.12217669887599,1.59867736596312,0.));
#9251=CARTESIAN_POINT('Ctrl Pts',(6.12217669887599,1.59867736596312,0.1));
#9252=CARTESIAN_POINT('Ctrl Pts',(6.12548496503879,1.60217467590665,0.));
#9253=CARTESIAN_POINT('Ctrl Pts',(6.12548496503879,1.60217467590665,0.1));
#9254=CARTESIAN_POINT('Ctrl Pts',(6.12888775309195,1.6105871241492,0.));
#9255=CARTESIAN_POINT('Ctrl Pts',(6.12888775309195,1.6105871241492,0.1));
#9256=CARTESIAN_POINT('Ctrl Pts',(6.12936036254378,1.61616391568078,0.));
#9257=CARTESIAN_POINT('Ctrl Pts',(6.12936036254378,1.61616391568078,0.1));
#9258=CARTESIAN_POINT('',(6.12217669887599,1.59867736596312,0.));
#9259=CARTESIAN_POINT('Ctrl Pts',(6.12217669887599,1.59867736596312,0.));
#9260=CARTESIAN_POINT('Ctrl Pts',(6.12548496503879,1.60217467590665,0.));
#9261=CARTESIAN_POINT('Ctrl Pts',(6.12888775309195,1.6105871241492,0.));
#9262=CARTESIAN_POINT('Ctrl Pts',(6.12936036254378,1.61616391568078,0.));
#9263=CARTESIAN_POINT('',(6.12217669887599,1.59867736596312,0.1));
#9264=CARTESIAN_POINT('',(6.12217669887599,1.59867736596312,0.));
#9265=CARTESIAN_POINT('Ctrl Pts',(6.12936036254378,1.61616391568078,0.1));
#9266=CARTESIAN_POINT('Ctrl Pts',(6.12888775309195,1.6105871241492,0.1));
#9267=CARTESIAN_POINT('Ctrl Pts',(6.12548496503879,1.60217467590665,0.1));
#9268=CARTESIAN_POINT('Ctrl Pts',(6.12217669887599,1.59867736596312,0.1));
#9269=CARTESIAN_POINT('Ctrl Pts',(6.10469014915833,1.59177726796643,0.));
#9270=CARTESIAN_POINT('Ctrl Pts',(6.10469014915833,1.59177726796643,0.1));
#9271=CARTESIAN_POINT('Ctrl Pts',(6.110550506361,1.59177726796643,0.));
#9272=CARTESIAN_POINT('Ctrl Pts',(6.110550506361,1.59177726796643,0.1));
#9273=CARTESIAN_POINT('Ctrl Pts',(6.11877391082282,1.59527457790996,0.));
#9274=CARTESIAN_POINT('Ctrl Pts',(6.11877391082282,1.59527457790996,0.1));
#9275=CARTESIAN_POINT('Ctrl Pts',(6.12217669887599,1.59867736596312,0.));
#9276=CARTESIAN_POINT('Ctrl Pts',(6.12217669887599,1.59867736596312,0.1));
#9277=CARTESIAN_POINT('',(6.10469014915833,1.59177726796643,0.));
#9278=CARTESIAN_POINT('Ctrl Pts',(6.10469014915833,1.59177726796643,0.));
#9279=CARTESIAN_POINT('Ctrl Pts',(6.110550506361,1.59177726796643,0.));
#9280=CARTESIAN_POINT('Ctrl Pts',(6.11877391082282,1.59527457790996,0.));
#9281=CARTESIAN_POINT('Ctrl Pts',(6.12217669887599,1.59867736596312,0.));
#9282=CARTESIAN_POINT('',(6.10469014915833,1.59177726796643,0.1));
#9283=CARTESIAN_POINT('',(6.10469014915833,1.59177726796643,0.));
#9284=CARTESIAN_POINT('Ctrl Pts',(6.12217669887599,1.59867736596312,0.1));
#9285=CARTESIAN_POINT('Ctrl Pts',(6.11877391082282,1.59527457790996,0.1));
#9286=CARTESIAN_POINT('Ctrl Pts',(6.110550506361,1.59177726796643,0.1));
#9287=CARTESIAN_POINT('Ctrl Pts',(6.10469014915833,1.59177726796643,0.1));
#9288=CARTESIAN_POINT('Ctrl Pts',(6.08814881834433,1.59858284407276,0.));
#9289=CARTESIAN_POINT('Ctrl Pts',(6.08814881834433,1.59858284407276,0.1));
#9290=CARTESIAN_POINT('Ctrl Pts',(6.0907009093842,1.59527457790996,0.));
#9291=CARTESIAN_POINT('Ctrl Pts',(6.0907009093842,1.59527457790996,0.1));
#9292=CARTESIAN_POINT('Ctrl Pts',(6.09873527006529,1.59177726796643,0.));
#9293=CARTESIAN_POINT('Ctrl Pts',(6.09873527006529,1.59177726796643,0.1));
#9294=CARTESIAN_POINT('Ctrl Pts',(6.10469014915833,1.59177726796643,0.));
#9295=CARTESIAN_POINT('Ctrl Pts',(6.10469014915833,1.59177726796643,0.1));
#9296=CARTESIAN_POINT('',(6.08814881834433,1.59858284407276,0.));
#9297=CARTESIAN_POINT('Ctrl Pts',(6.08814881834433,1.59858284407276,0.));
#9298=CARTESIAN_POINT('Ctrl Pts',(6.0907009093842,1.59527457790996,0.));
#9299=CARTESIAN_POINT('Ctrl Pts',(6.09873527006529,1.59177726796643,0.));
#9300=CARTESIAN_POINT('Ctrl Pts',(6.10469014915833,1.59177726796643,0.));
#9301=CARTESIAN_POINT('',(6.08814881834433,1.59858284407276,0.1));
#9302=CARTESIAN_POINT('',(6.08814881834433,1.59858284407276,0.));
#9303=CARTESIAN_POINT('Ctrl Pts',(6.10469014915833,1.59177726796643,0.1));
#9304=CARTESIAN_POINT('Ctrl Pts',(6.09873527006529,1.59177726796643,0.1));
#9305=CARTESIAN_POINT('Ctrl Pts',(6.0907009093842,1.59527457790996,0.1));
#9306=CARTESIAN_POINT('Ctrl Pts',(6.08814881834433,1.59858284407276,0.1));
#9307=CARTESIAN_POINT('Ctrl Pts',(6.08313915815495,1.61616391568078,0.));
#9308=CARTESIAN_POINT('Ctrl Pts',(6.08313915815495,1.61616391568078,0.1));
#9309=CARTESIAN_POINT('Ctrl Pts',(6.08332820193568,1.61020903658774,0.));
#9310=CARTESIAN_POINT('Ctrl Pts',(6.08332820193568,1.61020903658774,0.1));
#9311=CARTESIAN_POINT('Ctrl Pts',(6.08578577108519,1.60151302267409,0.));
#9312=CARTESIAN_POINT('Ctrl Pts',(6.08578577108519,1.60151302267409,0.1));
#9313=CARTESIAN_POINT('Ctrl Pts',(6.08814881834433,1.59858284407276,0.));
#9314=CARTESIAN_POINT('Ctrl Pts',(6.08814881834433,1.59858284407276,0.1));
#9315=CARTESIAN_POINT('Ctrl Pts',(6.08313915815495,1.61616391568078,0.));
#9316=CARTESIAN_POINT('Ctrl Pts',(6.08332820193568,1.61020903658774,0.));
#9317=CARTESIAN_POINT('Ctrl Pts',(6.08578577108519,1.60151302267409,0.));
#9318=CARTESIAN_POINT('Ctrl Pts',(6.08814881834433,1.59858284407276,0.));
#9319=CARTESIAN_POINT('Ctrl Pts',(6.08814881834433,1.59858284407276,0.1));
#9320=CARTESIAN_POINT('Ctrl Pts',(6.08578577108519,1.60151302267409,0.1));
#9321=CARTESIAN_POINT('Ctrl Pts',(6.08332820193568,1.61020903658774,0.1));
#9322=CARTESIAN_POINT('Ctrl Pts',(6.08313915815495,1.61616391568078,0.1));
#9323=CARTESIAN_POINT('Ctrl Pts',(6.10383945214504,1.57967846599961,0.));
#9324=CARTESIAN_POINT('Ctrl Pts',(6.10383945214504,1.57967846599961,0.1));
#9325=CARTESIAN_POINT('Ctrl Pts',(6.12189313320489,1.57967846599961,0.));
#9326=CARTESIAN_POINT('Ctrl Pts',(6.12189313320489,1.57967846599961,0.1));
#9327=CARTESIAN_POINT('Ctrl Pts',(6.14429482122156,1.60501033261762,0.));
#9328=CARTESIAN_POINT('Ctrl Pts',(6.14429482122156,1.60501033261762,0.1));
#9329=CARTESIAN_POINT('Ctrl Pts',(6.14429482122156,1.62637227984027,0.));
#9330=CARTESIAN_POINT('Ctrl Pts',(6.14429482122156,1.62637227984027,0.1));
#9331=CARTESIAN_POINT('',(6.14429482122156,1.62637227984027,0.));
#9332=CARTESIAN_POINT('',(6.10383945214504,1.57967846599961,0.));
#9333=CARTESIAN_POINT('Ctrl Pts',(6.14429482122156,1.62637227984027,0.));
#9334=CARTESIAN_POINT('Ctrl Pts',(6.14429482122156,1.60501033261762,0.));
#9335=CARTESIAN_POINT('Ctrl Pts',(6.12189313320489,1.57967846599961,0.));
#9336=CARTESIAN_POINT('Ctrl Pts',(6.10383945214504,1.57967846599961,0.));
#9337=CARTESIAN_POINT('',(6.14429482122156,1.62637227984027,0.1));
#9338=CARTESIAN_POINT('',(6.14429482122156,1.62637227984027,0.));
#9339=CARTESIAN_POINT('',(6.10383945214504,1.57967846599961,0.1));
#9340=CARTESIAN_POINT('Ctrl Pts',(6.10383945214504,1.57967846599961,0.1));
#9341=CARTESIAN_POINT('Ctrl Pts',(6.12189313320489,1.57967846599961,0.1));
#9342=CARTESIAN_POINT('Ctrl Pts',(6.14429482122156,1.60501033261762,0.1));
#9343=CARTESIAN_POINT('Ctrl Pts',(6.14429482122156,1.62637227984027,0.1));
#9344=CARTESIAN_POINT('',(6.10383945214504,1.57967846599961,0.));
#9345=CARTESIAN_POINT('Ctrl Pts',(6.07850758552703,1.58941422070728,0.));
#9346=CARTESIAN_POINT('Ctrl Pts',(6.07850758552703,1.58941422070728,0.1));
#9347=CARTESIAN_POINT('Ctrl Pts',(6.08313915815495,1.5844045605179,0.));
#9348=CARTESIAN_POINT('Ctrl Pts',(6.08313915815495,1.5844045605179,0.1));
#9349=CARTESIAN_POINT('Ctrl Pts',(6.09571056957359,1.57967846599961,0.));
#9350=CARTESIAN_POINT('Ctrl Pts',(6.09571056957359,1.57967846599961,0.1));
#9351=CARTESIAN_POINT('Ctrl Pts',(6.10383945214504,1.57967846599961,0.));
#9352=CARTESIAN_POINT('Ctrl Pts',(6.10383945214504,1.57967846599961,0.1));
#9353=CARTESIAN_POINT('',(6.07850758552703,1.58941422070728,0.));
#9354=CARTESIAN_POINT('Ctrl Pts',(6.10383945214504,1.57967846599961,0.));
#9355=CARTESIAN_POINT('Ctrl Pts',(6.09571056957359,1.57967846599961,0.));
#9356=CARTESIAN_POINT('Ctrl Pts',(6.08313915815495,1.5844045605179,0.));
#9357=CARTESIAN_POINT('Ctrl Pts',(6.07850758552703,1.58941422070728,0.));
#9358=CARTESIAN_POINT('',(6.07850758552703,1.58941422070728,0.1));
#9359=CARTESIAN_POINT('Ctrl Pts',(6.07850758552703,1.58941422070728,0.1));
#9360=CARTESIAN_POINT('Ctrl Pts',(6.08313915815495,1.5844045605179,0.1));
#9361=CARTESIAN_POINT('Ctrl Pts',(6.09571056957359,1.57967846599961,0.1));
#9362=CARTESIAN_POINT('Ctrl Pts',(6.10383945214504,1.57967846599961,0.1));
#9363=CARTESIAN_POINT('',(6.07850758552703,1.58941422070728,0.));
#9364=CARTESIAN_POINT('Ctrl Pts',(6.06877183081936,1.61937765995321,0.));
#9365=CARTESIAN_POINT('Ctrl Pts',(6.06877183081936,1.61937765995321,0.1));
#9366=CARTESIAN_POINT('Ctrl Pts',(6.06877183081936,1.60888573012262,0.));
#9367=CARTESIAN_POINT('Ctrl Pts',(6.06877183081936,1.60888573012262,0.1));
#9368=CARTESIAN_POINT('Ctrl Pts',(6.07378149100874,1.59442388089666,0.));
#9369=CARTESIAN_POINT('Ctrl Pts',(6.07378149100874,1.59442388089666,0.1));
#9370=CARTESIAN_POINT('Ctrl Pts',(6.07850758552703,1.58941422070728,0.));
#9371=CARTESIAN_POINT('Ctrl Pts',(6.07850758552703,1.58941422070728,0.1));
#9372=CARTESIAN_POINT('',(6.06877183081936,1.61937765995321,0.));
#9373=CARTESIAN_POINT('Ctrl Pts',(6.07850758552703,1.58941422070728,0.));
#9374=CARTESIAN_POINT('Ctrl Pts',(6.07378149100874,1.59442388089666,0.));
#9375=CARTESIAN_POINT('Ctrl Pts',(6.06877183081936,1.60888573012262,0.));
#9376=CARTESIAN_POINT('Ctrl Pts',(6.06877183081936,1.61937765995321,0.));
#9377=CARTESIAN_POINT('',(6.06877183081936,1.61937765995321,0.1));
#9378=CARTESIAN_POINT('Ctrl Pts',(6.06877183081936,1.61937765995321,0.1));
#9379=CARTESIAN_POINT('Ctrl Pts',(6.06877183081936,1.60888573012262,0.1));
#9380=CARTESIAN_POINT('Ctrl Pts',(6.07378149100874,1.59442388089666,0.1));
#9381=CARTESIAN_POINT('Ctrl Pts',(6.07850758552703,1.58941422070728,0.1));
#9382=CARTESIAN_POINT('',(6.06877183081936,1.61937765995321,0.));
#9383=CARTESIAN_POINT('Origin',(6.06877183081936,1.6274120206343,0.));
#9384=CARTESIAN_POINT('',(6.06877183081936,1.6274120206343,0.));
#9385=CARTESIAN_POINT('',(6.06877183081936,1.61937765995321,0.));
#9386=CARTESIAN_POINT('',(6.06877183081936,1.6274120206343,0.1));
#9387=CARTESIAN_POINT('',(6.06877183081936,1.61937765995321,0.1));
#9388=CARTESIAN_POINT('',(6.06877183081936,1.6274120206343,0.));
#9389=CARTESIAN_POINT('Origin',(6.12936036254378,1.6274120206343,0.));
#9390=CARTESIAN_POINT('',(6.12936036254378,1.6274120206343,0.));
#9391=CARTESIAN_POINT('',(6.06877183081936,1.6274120206343,0.));
#9392=CARTESIAN_POINT('',(6.12936036254378,1.6274120206343,0.1));
#9393=CARTESIAN_POINT('',(6.06877183081936,1.6274120206343,0.1));
#9394=CARTESIAN_POINT('',(6.12936036254378,1.6274120206343,0.));
#9395=CARTESIAN_POINT('Ctrl Pts',(6.10043666409187,1.65879328823571,0.));
#9396=CARTESIAN_POINT('Ctrl Pts',(6.10043666409187,1.65879328823571,0.1));
#9397=CARTESIAN_POINT('Ctrl Pts',(6.11404781630454,1.65879328823571,0.));
#9398=CARTESIAN_POINT('Ctrl Pts',(6.11404781630454,1.65879328823571,0.1));
#9399=CARTESIAN_POINT('Ctrl Pts',(6.12936036254378,1.64263004498318,0.));
#9400=CARTESIAN_POINT('Ctrl Pts',(6.12936036254378,1.64263004498318,0.1));
#9401=CARTESIAN_POINT('Ctrl Pts',(6.12936036254378,1.6274120206343,0.));
#9402=CARTESIAN_POINT('Ctrl Pts',(6.12936036254378,1.6274120206343,0.1));
#9403=CARTESIAN_POINT('',(6.10043666409187,1.65879328823571,0.));
#9404=CARTESIAN_POINT('Ctrl Pts',(6.12936036254378,1.6274120206343,0.));
#9405=CARTESIAN_POINT('Ctrl Pts',(6.12936036254378,1.64263004498318,0.));
#9406=CARTESIAN_POINT('Ctrl Pts',(6.11404781630454,1.65879328823571,0.));
#9407=CARTESIAN_POINT('Ctrl Pts',(6.10043666409187,1.65879328823571,0.));
#9408=CARTESIAN_POINT('',(6.10043666409187,1.65879328823571,0.1));
#9409=CARTESIAN_POINT('Ctrl Pts',(6.10043666409187,1.65879328823571,0.1));
#9410=CARTESIAN_POINT('Ctrl Pts',(6.11404781630454,1.65879328823571,0.1));
#9411=CARTESIAN_POINT('Ctrl Pts',(6.12936036254378,1.64263004498318,0.1));
#9412=CARTESIAN_POINT('Ctrl Pts',(6.12936036254378,1.6274120206343,0.1));
#9413=CARTESIAN_POINT('',(6.10043666409187,1.65879328823571,0.));
#9414=CARTESIAN_POINT('Ctrl Pts',(6.08247750492239,1.65491789073072,0.));
#9415=CARTESIAN_POINT('Ctrl Pts',(6.08247750492239,1.65491789073072,0.1));
#9416=CARTESIAN_POINT('Ctrl Pts',(6.08625838053702,1.6566192847573,0.));
#9417=CARTESIAN_POINT('Ctrl Pts',(6.08625838053702,1.6566192847573,0.1));
#9418=CARTESIAN_POINT('Ctrl Pts',(6.09561604768322,1.65879328823571,0.));
#9419=CARTESIAN_POINT('Ctrl Pts',(6.09561604768322,1.65879328823571,0.1));
#9420=CARTESIAN_POINT('Ctrl Pts',(6.10043666409187,1.65879328823571,0.));
#9421=CARTESIAN_POINT('Ctrl Pts',(6.10043666409187,1.65879328823571,0.1));
#9422=CARTESIAN_POINT('',(6.08247750492239,1.65491789073072,0.));
#9423=CARTESIAN_POINT('Ctrl Pts',(6.10043666409187,1.65879328823571,0.));
#9424=CARTESIAN_POINT('Ctrl Pts',(6.09561604768322,1.65879328823571,0.));
#9425=CARTESIAN_POINT('Ctrl Pts',(6.08625838053702,1.6566192847573,0.));
#9426=CARTESIAN_POINT('Ctrl Pts',(6.08247750492239,1.65491789073072,0.));
#9427=CARTESIAN_POINT('',(6.08247750492239,1.65491789073072,0.1));
#9428=CARTESIAN_POINT('Ctrl Pts',(6.08247750492239,1.65491789073072,0.1));
#9429=CARTESIAN_POINT('Ctrl Pts',(6.08625838053702,1.6566192847573,0.1));
#9430=CARTESIAN_POINT('Ctrl Pts',(6.09561604768322,1.65879328823571,0.1));
#9431=CARTESIAN_POINT('Ctrl Pts',(6.10043666409187,1.65879328823571,0.1));
#9432=CARTESIAN_POINT('',(6.08247750492239,1.65491789073072,0.));
#9433=CARTESIAN_POINT('Ctrl Pts',(6.07122939996887,1.64820683651475,0.));
#9434=CARTESIAN_POINT('Ctrl Pts',(6.07122939996887,1.64820683651475,0.1));
#9435=CARTESIAN_POINT('Ctrl Pts',(6.07302531588582,1.64971918676061,0.));
#9436=CARTESIAN_POINT('Ctrl Pts',(6.07302531588582,1.64971918676061,0.1));
#9437=CARTESIAN_POINT('Ctrl Pts',(6.07850758552703,1.65302745292341,0.));
#9438=CARTESIAN_POINT('Ctrl Pts',(6.07850758552703,1.65302745292341,0.1));
#9439=CARTESIAN_POINT('Ctrl Pts',(6.08247750492239,1.65491789073072,0.));
#9440=CARTESIAN_POINT('Ctrl Pts',(6.08247750492239,1.65491789073072,0.1));
#9441=CARTESIAN_POINT('',(6.07122939996887,1.64820683651475,0.));
#9442=CARTESIAN_POINT('Ctrl Pts',(6.08247750492239,1.65491789073072,0.));
#9443=CARTESIAN_POINT('Ctrl Pts',(6.07850758552703,1.65302745292341,0.));
#9444=CARTESIAN_POINT('Ctrl Pts',(6.07302531588582,1.64971918676061,0.));
#9445=CARTESIAN_POINT('Ctrl Pts',(6.07122939996887,1.64820683651475,0.));
#9446=CARTESIAN_POINT('',(6.07122939996887,1.64820683651475,0.1));
#9447=CARTESIAN_POINT('Ctrl Pts',(6.07122939996887,1.64820683651475,0.1));
#9448=CARTESIAN_POINT('Ctrl Pts',(6.07302531588582,1.64971918676061,0.1));
#9449=CARTESIAN_POINT('Ctrl Pts',(6.07850758552703,1.65302745292341,0.1));
#9450=CARTESIAN_POINT('Ctrl Pts',(6.08247750492239,1.65491789073072,0.1));
#9451=CARTESIAN_POINT('',(6.07122939996887,1.64820683651475,0.));
#9452=CARTESIAN_POINT('Origin',(6.07037870295558,1.64820683651475,0.));
#9453=CARTESIAN_POINT('',(6.07037870295558,1.64820683651475,0.));
#9454=CARTESIAN_POINT('',(6.07122939996887,1.64820683651475,0.));
#9455=CARTESIAN_POINT('',(6.07037870295558,1.64820683651475,0.1));
#9456=CARTESIAN_POINT('',(6.07122939996887,1.64820683651475,0.1));
#9457=CARTESIAN_POINT('',(6.07037870295558,1.64820683651475,0.));
#9458=CARTESIAN_POINT('Origin',(6.07037870295558,1.66427555787692,0.));
#9459=CARTESIAN_POINT('',(6.07037870295558,1.66427555787692,0.));
#9460=CARTESIAN_POINT('',(6.07037870295558,1.64820683651475,0.));
#9461=CARTESIAN_POINT('',(6.07037870295558,1.66427555787692,0.1));
#9462=CARTESIAN_POINT('',(6.07037870295558,1.64820683651475,0.1));
#9463=CARTESIAN_POINT('',(6.07037870295558,1.66427555787692,0.));
#9464=CARTESIAN_POINT('Ctrl Pts',(6.08370628949714,1.66919069617594,0.));
#9465=CARTESIAN_POINT('Ctrl Pts',(6.08370628949714,1.66919069617594,0.1));
#9466=CARTESIAN_POINT('Ctrl Pts',(6.08068158900544,1.66833999916265,0.));
#9467=CARTESIAN_POINT('Ctrl Pts',(6.08068158900544,1.66833999916265,0.1));
#9468=CARTESIAN_POINT('Ctrl Pts',(6.07293079399545,1.66531529867095,0.));
#9469=CARTESIAN_POINT('Ctrl Pts',(6.07293079399545,1.66531529867095,0.1));
#9470=CARTESIAN_POINT('Ctrl Pts',(6.07037870295558,1.66427555787692,0.));
#9471=CARTESIAN_POINT('Ctrl Pts',(6.07037870295558,1.66427555787692,0.1));
#9472=CARTESIAN_POINT('',(6.08370628949714,1.66919069617594,0.));
#9473=CARTESIAN_POINT('Ctrl Pts',(6.07037870295558,1.66427555787692,0.));
#9474=CARTESIAN_POINT('Ctrl Pts',(6.07293079399545,1.66531529867095,0.));
#9475=CARTESIAN_POINT('Ctrl Pts',(6.08068158900544,1.66833999916265,0.));
#9476=CARTESIAN_POINT('Ctrl Pts',(6.08370628949714,1.66919069617594,0.));
#9477=CARTESIAN_POINT('',(6.08370628949714,1.66919069617594,0.1));
#9478=CARTESIAN_POINT('Ctrl Pts',(6.08370628949714,1.66919069617594,0.1));
#9479=CARTESIAN_POINT('Ctrl Pts',(6.08068158900544,1.66833999916265,0.1));
#9480=CARTESIAN_POINT('Ctrl Pts',(6.07293079399545,1.66531529867095,0.1));
#9481=CARTESIAN_POINT('Ctrl Pts',(6.07037870295558,1.66427555787692,0.1));
#9482=CARTESIAN_POINT('',(6.08370628949714,1.66919069617594,0.));
#9483=CARTESIAN_POINT('Ctrl Pts',(6.10024762031114,1.67164826532545,0.));
#9484=CARTESIAN_POINT('Ctrl Pts',(6.10024762031114,1.67164826532545,0.1));
#9485=CARTESIAN_POINT('Ctrl Pts',(6.09495439445066,1.67164826532545,0.));
#9486=CARTESIAN_POINT('Ctrl Pts',(6.09495439445066,1.67164826532545,0.1));
#9487=CARTESIAN_POINT('Ctrl Pts',(6.0879597745636,1.6704194807507,0.));
#9488=CARTESIAN_POINT('Ctrl Pts',(6.0879597745636,1.6704194807507,0.1));
#9489=CARTESIAN_POINT('Ctrl Pts',(6.08370628949714,1.66919069617594,0.));
#9490=CARTESIAN_POINT('Ctrl Pts',(6.08370628949714,1.66919069617594,0.1));
#9491=CARTESIAN_POINT('',(6.10024762031114,1.67164826532545,0.));
#9492=CARTESIAN_POINT('Ctrl Pts',(6.08370628949714,1.66919069617594,0.));
#9493=CARTESIAN_POINT('Ctrl Pts',(6.0879597745636,1.6704194807507,0.));
#9494=CARTESIAN_POINT('Ctrl Pts',(6.09495439445066,1.67164826532545,0.));
#9495=CARTESIAN_POINT('Ctrl Pts',(6.10024762031114,1.67164826532545,0.));
#9496=CARTESIAN_POINT('',(6.10024762031114,1.67164826532545,0.1));
#9497=CARTESIAN_POINT('Ctrl Pts',(6.10024762031114,1.67164826532545,0.1));
#9498=CARTESIAN_POINT('Ctrl Pts',(6.09495439445066,1.67164826532545,0.1));
#9499=CARTESIAN_POINT('Ctrl Pts',(6.0879597745636,1.6704194807507,0.1));
#9500=CARTESIAN_POINT('Ctrl Pts',(6.08370628949714,1.66919069617594,0.1));
#9501=CARTESIAN_POINT('',(6.10024762031114,1.67164826532545,0.));
#9502=CARTESIAN_POINT('Ctrl Pts',(6.14429482122156,1.62637227984027,0.));
#9503=CARTESIAN_POINT('Ctrl Pts',(6.14429482122156,1.62637227984027,0.1));
#9504=CARTESIAN_POINT('Ctrl Pts',(6.14429482122156,1.64811231462439,0.));
#9505=CARTESIAN_POINT('Ctrl Pts',(6.14429482122156,1.64811231462439,0.1));
#9506=CARTESIAN_POINT('Ctrl Pts',(6.12123147997233,1.67164826532545,0.));
#9507=CARTESIAN_POINT('Ctrl Pts',(6.12123147997233,1.67164826532545,0.1));
#9508=CARTESIAN_POINT('Ctrl Pts',(6.10024762031114,1.67164826532545,0.));
#9509=CARTESIAN_POINT('Ctrl Pts',(6.10024762031114,1.67164826532545,0.1));
#9510=CARTESIAN_POINT('Ctrl Pts',(6.10024762031114,1.67164826532545,0.));
#9511=CARTESIAN_POINT('Ctrl Pts',(6.12123147997233,1.67164826532545,0.));
#9512=CARTESIAN_POINT('Ctrl Pts',(6.14429482122156,1.64811231462439,0.));
#9513=CARTESIAN_POINT('Ctrl Pts',(6.14429482122156,1.62637227984027,0.));
#9514=CARTESIAN_POINT('Ctrl Pts',(6.14429482122156,1.62637227984027,0.1));
#9515=CARTESIAN_POINT('Ctrl Pts',(6.14429482122156,1.64811231462439,0.1));
#9516=CARTESIAN_POINT('Ctrl Pts',(6.12123147997233,1.67164826532545,0.1));
#9517=CARTESIAN_POINT('Ctrl Pts',(6.10024762031114,1.67164826532545,0.1));
#9518=CARTESIAN_POINT('Origin',(6.10467385441872,1.631276600073,0.));
#9519=CARTESIAN_POINT('Origin',(6.10467385441872,1.631276600073,0.1));
#9520=CARTESIAN_POINT('Ctrl Pts',(6.05988677312498,1.62608871416918,0.));
#9521=CARTESIAN_POINT('Ctrl Pts',(6.05988677312498,1.62608871416918,0.1));
#9522=CARTESIAN_POINT('Ctrl Pts',(6.05988677312498,1.63762038479379,0.));
#9523=CARTESIAN_POINT('Ctrl Pts',(6.05988677312498,1.63762038479379,0.1));
#9524=CARTESIAN_POINT('Ctrl Pts',(6.05393189403194,1.65482336884035,0.));
#9525=CARTESIAN_POINT('Ctrl Pts',(6.05393189403194,1.65482336884035,0.1));
#9526=CARTESIAN_POINT('Ctrl Pts',(6.0485441462811,1.66040016037193,0.));
#9527=CARTESIAN_POINT('Ctrl Pts',(6.0485441462811,1.66040016037193,0.1));
#9528=CARTESIAN_POINT('',(6.0485441462811,1.66040016037193,0.));
#9529=CARTESIAN_POINT('',(6.05988677312498,1.62608871416918,0.));
#9530=CARTESIAN_POINT('Ctrl Pts',(6.0485441462811,1.66040016037193,0.));
#9531=CARTESIAN_POINT('Ctrl Pts',(6.05393189403194,1.65482336884035,0.));
#9532=CARTESIAN_POINT('Ctrl Pts',(6.05988677312498,1.63762038479379,0.));
#9533=CARTESIAN_POINT('Ctrl Pts',(6.05988677312498,1.62608871416918,0.));
#9534=CARTESIAN_POINT('',(6.0485441462811,1.66040016037193,0.1));
#9535=CARTESIAN_POINT('',(6.0485441462811,1.66040016037193,0.));
#9536=CARTESIAN_POINT('',(6.05988677312498,1.62608871416918,0.1));
#9537=CARTESIAN_POINT('Ctrl Pts',(6.05988677312498,1.62608871416918,0.1));
#9538=CARTESIAN_POINT('Ctrl Pts',(6.05988677312498,1.63762038479379,0.1));
#9539=CARTESIAN_POINT('Ctrl Pts',(6.05393189403194,1.65482336884035,0.1));
#9540=CARTESIAN_POINT('Ctrl Pts',(6.0485441462811,1.66040016037193,0.1));
#9541=CARTESIAN_POINT('',(6.05988677312498,1.62608871416918,0.));
#9542=CARTESIAN_POINT('Ctrl Pts',(6.0485441462811,1.59206083363752,0.));
#9543=CARTESIAN_POINT('Ctrl Pts',(6.0485441462811,1.59206083363752,0.1));
#9544=CARTESIAN_POINT('Ctrl Pts',(6.05374285025121,1.59773214705946,0.));
#9545=CARTESIAN_POINT('Ctrl Pts',(6.05374285025121,1.59773214705946,0.1));
#9546=CARTESIAN_POINT('Ctrl Pts',(6.05988677312498,1.61455704354456,0.));
#9547=CARTESIAN_POINT('Ctrl Pts',(6.05988677312498,1.61455704354456,0.1));
#9548=CARTESIAN_POINT('Ctrl Pts',(6.05988677312498,1.62608871416918,0.));
#9549=CARTESIAN_POINT('Ctrl Pts',(6.05988677312498,1.62608871416918,0.1));
#9550=CARTESIAN_POINT('',(6.0485441462811,1.59206083363752,0.));
#9551=CARTESIAN_POINT('Ctrl Pts',(6.05988677312498,1.62608871416918,0.));
#9552=CARTESIAN_POINT('Ctrl Pts',(6.05988677312498,1.61455704354456,0.));
#9553=CARTESIAN_POINT('Ctrl Pts',(6.05374285025121,1.59773214705946,0.));
#9554=CARTESIAN_POINT('Ctrl Pts',(6.0485441462811,1.59206083363752,0.));
#9555=CARTESIAN_POINT('',(6.0485441462811,1.59206083363752,0.1));
#9556=CARTESIAN_POINT('Ctrl Pts',(6.0485441462811,1.59206083363752,0.1));
#9557=CARTESIAN_POINT('Ctrl Pts',(6.05374285025121,1.59773214705946,0.1));
#9558=CARTESIAN_POINT('Ctrl Pts',(6.05988677312498,1.61455704354456,0.1));
#9559=CARTESIAN_POINT('Ctrl Pts',(6.05988677312498,1.62608871416918,0.1));
#9560=CARTESIAN_POINT('',(6.0485441462811,1.59206083363752,0.));
#9561=CARTESIAN_POINT('Ctrl Pts',(6.019053316487,1.58015107545144,0.));
#9562=CARTESIAN_POINT('Ctrl Pts',(6.019053316487,1.58015107545144,0.1));
#9563=CARTESIAN_POINT('Ctrl Pts',(6.02793837418137,1.58015107545144,0.));
#9564=CARTESIAN_POINT('Ctrl Pts',(6.02793837418137,1.58015107545144,0.1));
#9565=CARTESIAN_POINT('Ctrl Pts',(6.04334544231098,1.58629499832521,0.));
#9566=CARTESIAN_POINT('Ctrl Pts',(6.04334544231098,1.58629499832521,0.1));
#9567=CARTESIAN_POINT('Ctrl Pts',(6.0485441462811,1.59206083363752,0.));
#9568=CARTESIAN_POINT('Ctrl Pts',(6.0485441462811,1.59206083363752,0.1));
#9569=CARTESIAN_POINT('',(6.019053316487,1.58015107545144,0.));
#9570=CARTESIAN_POINT('Ctrl Pts',(6.0485441462811,1.59206083363752,0.));
#9571=CARTESIAN_POINT('Ctrl Pts',(6.04334544231098,1.58629499832521,0.));
#9572=CARTESIAN_POINT('Ctrl Pts',(6.02793837418137,1.58015107545144,0.));
#9573=CARTESIAN_POINT('Ctrl Pts',(6.019053316487,1.58015107545144,0.));
#9574=CARTESIAN_POINT('',(6.019053316487,1.58015107545144,0.1));
#9575=CARTESIAN_POINT('Ctrl Pts',(6.019053316487,1.58015107545144,0.1));
#9576=CARTESIAN_POINT('Ctrl Pts',(6.02793837418137,1.58015107545144,0.1));
#9577=CARTESIAN_POINT('Ctrl Pts',(6.04334544231098,1.58629499832521,0.1));
#9578=CARTESIAN_POINT('Ctrl Pts',(6.0485441462811,1.59206083363752,0.1));
#9579=CARTESIAN_POINT('',(6.019053316487,1.58015107545144,0.));
#9580=CARTESIAN_POINT('Ctrl Pts',(5.99324884041716,1.58686212966741,0.));
#9581=CARTESIAN_POINT('Ctrl Pts',(5.99324884041716,1.58686212966741,0.1));
#9582=CARTESIAN_POINT('Ctrl Pts',(5.99844754438727,1.58421551673717,0.));
#9583=CARTESIAN_POINT('Ctrl Pts',(5.99844754438727,1.58421551673717,0.1));
#9584=CARTESIAN_POINT('Ctrl Pts',(6.0118696528192,1.58015107545144,0.));
#9585=CARTESIAN_POINT('Ctrl Pts',(6.0118696528192,1.58015107545144,0.1));
#9586=CARTESIAN_POINT('Ctrl Pts',(6.019053316487,1.58015107545144,0.));
#9587=CARTESIAN_POINT('Ctrl Pts',(6.019053316487,1.58015107545144,0.1));
#9588=CARTESIAN_POINT('',(5.99324884041716,1.58686212966741,0.));
#9589=CARTESIAN_POINT('Ctrl Pts',(6.019053316487,1.58015107545144,0.));
#9590=CARTESIAN_POINT('Ctrl Pts',(6.0118696528192,1.58015107545144,0.));
#9591=CARTESIAN_POINT('Ctrl Pts',(5.99844754438727,1.58421551673717,0.));
#9592=CARTESIAN_POINT('Ctrl Pts',(5.99324884041716,1.58686212966741,0.));
#9593=CARTESIAN_POINT('',(5.99324884041716,1.58686212966741,0.1));
#9594=CARTESIAN_POINT('Ctrl Pts',(5.99324884041716,1.58686212966741,0.1));
#9595=CARTESIAN_POINT('Ctrl Pts',(5.99844754438727,1.58421551673717,0.1));
#9596=CARTESIAN_POINT('Ctrl Pts',(6.0118696528192,1.58015107545144,0.1));
#9597=CARTESIAN_POINT('Ctrl Pts',(6.019053316487,1.58015107545144,0.1));
#9598=CARTESIAN_POINT('',(5.99324884041716,1.58686212966741,0.));
#9599=CARTESIAN_POINT('Origin',(5.99324884041716,1.60340346048141,0.));
#9600=CARTESIAN_POINT('',(5.99324884041716,1.60340346048141,0.));
#9601=CARTESIAN_POINT('',(5.99324884041716,1.58686212966741,0.));
#9602=CARTESIAN_POINT('',(5.99324884041716,1.60340346048141,0.1));
#9603=CARTESIAN_POINT('',(5.99324884041716,1.58686212966741,0.1));
#9604=CARTESIAN_POINT('',(5.99324884041716,1.60340346048141,0.));
#9605=CARTESIAN_POINT('Origin',(5.99409953743045,1.60340346048141,0.));
#9606=CARTESIAN_POINT('',(5.99409953743045,1.60340346048141,0.));
#9607=CARTESIAN_POINT('',(5.99324884041716,1.60340346048141,0.));
#9608=CARTESIAN_POINT('',(5.99409953743045,1.60340346048141,0.1));
#9609=CARTESIAN_POINT('',(5.99324884041716,1.60340346048141,0.1));
#9610=CARTESIAN_POINT('',(5.99409953743045,1.60340346048141,0.));
#9611=CARTESIAN_POINT('Ctrl Pts',(6.00411885780921,1.59688145004617,0.));
#9612=CARTESIAN_POINT('Ctrl Pts',(6.00411885780921,1.59688145004617,0.1));
#9613=CARTESIAN_POINT('Ctrl Pts',(6.00062154786568,1.59867736596312,0.));
#9614=CARTESIAN_POINT('Ctrl Pts',(6.00062154786568,1.59867736596312,0.1));
#9615=CARTESIAN_POINT('Ctrl Pts',(5.99570640956667,1.60208015401629,0.));
#9616=CARTESIAN_POINT('Ctrl Pts',(5.99570640956667,1.60208015401629,0.1));
#9617=CARTESIAN_POINT('Ctrl Pts',(5.99409953743045,1.60340346048141,0.));
#9618=CARTESIAN_POINT('Ctrl Pts',(5.99409953743045,1.60340346048141,0.1));
#9619=CARTESIAN_POINT('',(6.00411885780921,1.59688145004617,0.));
#9620=CARTESIAN_POINT('Ctrl Pts',(5.99409953743045,1.60340346048141,0.));
#9621=CARTESIAN_POINT('Ctrl Pts',(5.99570640956667,1.60208015401629,0.));
#9622=CARTESIAN_POINT('Ctrl Pts',(6.00062154786568,1.59867736596312,0.));
#9623=CARTESIAN_POINT('Ctrl Pts',(6.00411885780921,1.59688145004617,0.));
#9624=CARTESIAN_POINT('',(6.00411885780921,1.59688145004617,0.1));
#9625=CARTESIAN_POINT('Ctrl Pts',(6.00411885780921,1.59688145004617,0.1));
#9626=CARTESIAN_POINT('Ctrl Pts',(6.00062154786568,1.59867736596312,0.1));
#9627=CARTESIAN_POINT('Ctrl Pts',(5.99570640956667,1.60208015401629,0.1));
#9628=CARTESIAN_POINT('Ctrl Pts',(5.99409953743045,1.60340346048141,0.1));
#9629=CARTESIAN_POINT('',(6.00411885780921,1.59688145004617,0.));
#9630=CARTESIAN_POINT('Ctrl Pts',(6.01933688215809,1.59300605254118,0.));
#9631=CARTESIAN_POINT('Ctrl Pts',(6.01933688215809,1.59300605254118,0.1));
#9632=CARTESIAN_POINT('Ctrl Pts',(6.01555600654346,1.59300605254118,0.));
#9633=CARTESIAN_POINT('Ctrl Pts',(6.01555600654346,1.59300605254118,0.1));
#9634=CARTESIAN_POINT('Ctrl Pts',(6.00723808019128,1.59536909980032,0.));
#9635=CARTESIAN_POINT('Ctrl Pts',(6.00723808019128,1.59536909980032,0.1));
#9636=CARTESIAN_POINT('Ctrl Pts',(6.00411885780921,1.59688145004617,0.));
#9637=CARTESIAN_POINT('Ctrl Pts',(6.00411885780921,1.59688145004617,0.1));
#9638=CARTESIAN_POINT('',(6.01933688215809,1.59300605254118,0.));
#9639=CARTESIAN_POINT('Ctrl Pts',(6.00411885780921,1.59688145004617,0.));
#9640=CARTESIAN_POINT('Ctrl Pts',(6.00723808019128,1.59536909980032,0.));
#9641=CARTESIAN_POINT('Ctrl Pts',(6.01555600654346,1.59300605254118,0.));
#9642=CARTESIAN_POINT('Ctrl Pts',(6.01933688215809,1.59300605254118,0.));
#9643=CARTESIAN_POINT('',(6.01933688215809,1.59300605254118,0.1));
#9644=CARTESIAN_POINT('Ctrl Pts',(6.01933688215809,1.59300605254118,0.1));
#9645=CARTESIAN_POINT('Ctrl Pts',(6.01555600654346,1.59300605254118,0.1));
#9646=CARTESIAN_POINT('Ctrl Pts',(6.00723808019128,1.59536909980032,0.1));
#9647=CARTESIAN_POINT('Ctrl Pts',(6.00411885780921,1.59688145004617,0.1));
#9648=CARTESIAN_POINT('',(6.01933688215809,1.59300605254118,0.));
#9649=CARTESIAN_POINT('Ctrl Pts',(6.0446687487761,1.62608871416918,0.));
#9650=CARTESIAN_POINT('Ctrl Pts',(6.0446687487761,1.62608871416918,0.1));
#9651=CARTESIAN_POINT('Ctrl Pts',(6.0446687487761,1.6103035584781,0.));
#9652=CARTESIAN_POINT('Ctrl Pts',(6.0446687487761,1.6103035584781,0.1));
#9653=CARTESIAN_POINT('Ctrl Pts',(6.03077403089234,1.59300605254118,0.));
#9654=CARTESIAN_POINT('Ctrl Pts',(6.03077403089234,1.59300605254118,0.1));
#9655=CARTESIAN_POINT('Ctrl Pts',(6.01933688215809,1.59300605254118,0.));
#9656=CARTESIAN_POINT('Ctrl Pts',(6.01933688215809,1.59300605254118,0.1));
#9657=CARTESIAN_POINT('',(6.0446687487761,1.62608871416918,0.));
#9658=CARTESIAN_POINT('Ctrl Pts',(6.01933688215809,1.59300605254118,0.));
#9659=CARTESIAN_POINT('Ctrl Pts',(6.03077403089234,1.59300605254118,0.));
#9660=CARTESIAN_POINT('Ctrl Pts',(6.0446687487761,1.6103035584781,0.));
#9661=CARTESIAN_POINT('Ctrl Pts',(6.0446687487761,1.62608871416918,0.));
#9662=CARTESIAN_POINT('',(6.0446687487761,1.62608871416918,0.1));
#9663=CARTESIAN_POINT('Ctrl Pts',(6.0446687487761,1.62608871416918,0.1));
#9664=CARTESIAN_POINT('Ctrl Pts',(6.0446687487761,1.6103035584781,0.1));
#9665=CARTESIAN_POINT('Ctrl Pts',(6.03077403089234,1.59300605254118,0.1));
#9666=CARTESIAN_POINT('Ctrl Pts',(6.01933688215809,1.59300605254118,0.1));
#9667=CARTESIAN_POINT('',(6.0446687487761,1.62608871416918,0.));
#9668=CARTESIAN_POINT('Ctrl Pts',(6.01933688215809,1.65879328823571,0.));
#9669=CARTESIAN_POINT('Ctrl Pts',(6.01933688215809,1.65879328823571,0.1));
#9670=CARTESIAN_POINT('Ctrl Pts',(6.03124664034417,1.65879328823571,0.));
#9671=CARTESIAN_POINT('Ctrl Pts',(6.03124664034417,1.65879328823571,0.1));
#9672=CARTESIAN_POINT('Ctrl Pts',(6.0446687487761,1.64149578229879,0.));
#9673=CARTESIAN_POINT('Ctrl Pts',(6.0446687487761,1.64149578229879,0.1));
#9674=CARTESIAN_POINT('Ctrl Pts',(6.0446687487761,1.62608871416918,0.));
#9675=CARTESIAN_POINT('Ctrl Pts',(6.0446687487761,1.62608871416918,0.1));
#9676=CARTESIAN_POINT('',(6.01933688215809,1.65879328823571,0.));
#9677=CARTESIAN_POINT('Ctrl Pts',(6.0446687487761,1.62608871416918,0.));
#9678=CARTESIAN_POINT('Ctrl Pts',(6.0446687487761,1.64149578229879,0.));
#9679=CARTESIAN_POINT('Ctrl Pts',(6.03124664034417,1.65879328823571,0.));
#9680=CARTESIAN_POINT('Ctrl Pts',(6.01933688215809,1.65879328823571,0.));
#9681=CARTESIAN_POINT('',(6.01933688215809,1.65879328823571,0.1));
#9682=CARTESIAN_POINT('Ctrl Pts',(6.01933688215809,1.65879328823571,0.1));
#9683=CARTESIAN_POINT('Ctrl Pts',(6.03124664034417,1.65879328823571,0.1));
#9684=CARTESIAN_POINT('Ctrl Pts',(6.0446687487761,1.64149578229879,0.1));
#9685=CARTESIAN_POINT('Ctrl Pts',(6.0446687487761,1.62608871416918,0.1));
#9686=CARTESIAN_POINT('',(6.01933688215809,1.65879328823571,0.));
#9687=CARTESIAN_POINT('Ctrl Pts',(5.99409953743045,1.64820683651475,0.));
#9688=CARTESIAN_POINT('Ctrl Pts',(5.99409953743045,1.64820683651475,0.1));
#9689=CARTESIAN_POINT('Ctrl Pts',(5.99910919761983,1.65283840914267,0.));
#9690=CARTESIAN_POINT('Ctrl Pts',(5.99910919761983,1.65283840914267,0.1));
#9691=CARTESIAN_POINT('Ctrl Pts',(6.0121532184903,1.65879328823571,0.));
#9692=CARTESIAN_POINT('Ctrl Pts',(6.0121532184903,1.65879328823571,0.1));
#9693=CARTESIAN_POINT('Ctrl Pts',(6.01933688215809,1.65879328823571,0.));
#9694=CARTESIAN_POINT('Ctrl Pts',(6.01933688215809,1.65879328823571,0.1));
#9695=CARTESIAN_POINT('',(5.99409953743045,1.64820683651475,0.));
#9696=CARTESIAN_POINT('Ctrl Pts',(6.01933688215809,1.65879328823571,0.));
#9697=CARTESIAN_POINT('Ctrl Pts',(6.0121532184903,1.65879328823571,0.));
#9698=CARTESIAN_POINT('Ctrl Pts',(5.99910919761983,1.65283840914267,0.));
#9699=CARTESIAN_POINT('Ctrl Pts',(5.99409953743045,1.64820683651475,0.));
#9700=CARTESIAN_POINT('',(5.99409953743045,1.64820683651475,0.1));
#9701=CARTESIAN_POINT('Ctrl Pts',(5.99409953743045,1.64820683651475,0.1));
#9702=CARTESIAN_POINT('Ctrl Pts',(5.99910919761983,1.65283840914267,0.1));
#9703=CARTESIAN_POINT('Ctrl Pts',(6.0121532184903,1.65879328823571,0.1));
#9704=CARTESIAN_POINT('Ctrl Pts',(6.01933688215809,1.65879328823571,0.1));
#9705=CARTESIAN_POINT('',(5.99409953743045,1.64820683651475,0.));
#9706=CARTESIAN_POINT('Origin',(5.99324884041716,1.64820683651475,0.));
#9707=CARTESIAN_POINT('',(5.99324884041716,1.64820683651475,0.));
#9708=CARTESIAN_POINT('',(5.99409953743045,1.64820683651475,0.));
#9709=CARTESIAN_POINT('',(5.99324884041716,1.64820683651475,0.1));
#9710=CARTESIAN_POINT('',(5.99409953743045,1.64820683651475,0.1));
#9711=CARTESIAN_POINT('',(5.99324884041716,1.64820683651475,0.));
#9712=CARTESIAN_POINT('Origin',(5.99324884041716,1.66474816732875,0.));
#9713=CARTESIAN_POINT('',(5.99324884041716,1.66474816732875,0.));
#9714=CARTESIAN_POINT('',(5.99324884041716,1.64820683651475,0.));
#9715=CARTESIAN_POINT('',(5.99324884041716,1.66474816732875,0.1));
#9716=CARTESIAN_POINT('',(5.99324884041716,1.64820683651475,0.1));
#9717=CARTESIAN_POINT('',(5.99324884041716,1.66474816732875,0.));
#9718=CARTESIAN_POINT('Ctrl Pts',(6.00468598915141,1.66937973995667,0.));
#9719=CARTESIAN_POINT('Ctrl Pts',(6.00468598915141,1.66937973995667,0.1));
#9720=CARTESIAN_POINT('Ctrl Pts',(6.00203937622117,1.66871808672411,0.));
#9721=CARTESIAN_POINT('Ctrl Pts',(6.00203937622117,1.66871808672411,0.1));
#9722=CARTESIAN_POINT('Ctrl Pts',(5.99542284389557,1.66578790812278,0.));
#9723=CARTESIAN_POINT('Ctrl Pts',(5.99542284389557,1.66578790812278,0.1));
#9724=CARTESIAN_POINT('Ctrl Pts',(5.99324884041716,1.66474816732875,0.));
#9725=CARTESIAN_POINT('Ctrl Pts',(5.99324884041716,1.66474816732875,0.1));
#9726=CARTESIAN_POINT('',(6.00468598915141,1.66937973995667,0.));
#9727=CARTESIAN_POINT('Ctrl Pts',(5.99324884041716,1.66474816732875,0.));
#9728=CARTESIAN_POINT('Ctrl Pts',(5.99542284389557,1.66578790812278,0.));
#9729=CARTESIAN_POINT('Ctrl Pts',(6.00203937622117,1.66871808672411,0.));
#9730=CARTESIAN_POINT('Ctrl Pts',(6.00468598915141,1.66937973995667,0.));
#9731=CARTESIAN_POINT('',(6.00468598915141,1.66937973995667,0.1));
#9732=CARTESIAN_POINT('Ctrl Pts',(6.00468598915141,1.66937973995667,0.1));
#9733=CARTESIAN_POINT('Ctrl Pts',(6.00203937622117,1.66871808672411,0.1));
#9734=CARTESIAN_POINT('Ctrl Pts',(5.99542284389557,1.66578790812278,0.1));
#9735=CARTESIAN_POINT('Ctrl Pts',(5.99324884041716,1.66474816732875,0.1));
#9736=CARTESIAN_POINT('',(6.00468598915141,1.66937973995667,0.));
#9737=CARTESIAN_POINT('Ctrl Pts',(6.019053316487,1.67164826532545,0.));
#9738=CARTESIAN_POINT('Ctrl Pts',(6.019053316487,1.67164826532545,0.1));
#9739=CARTESIAN_POINT('Ctrl Pts',(6.01442174385908,1.67164826532545,0.));
#9740=CARTESIAN_POINT('Ctrl Pts',(6.01442174385908,1.67164826532545,0.1));
#9741=CARTESIAN_POINT('Ctrl Pts',(6.00846686476604,1.67051400264106,0.));
#9742=CARTESIAN_POINT('Ctrl Pts',(6.00846686476604,1.67051400264106,0.1));
#9743=CARTESIAN_POINT('Ctrl Pts',(6.00468598915141,1.66937973995667,0.));
#9744=CARTESIAN_POINT('Ctrl Pts',(6.00468598915141,1.66937973995667,0.1));
#9745=CARTESIAN_POINT('',(6.019053316487,1.67164826532545,0.));
#9746=CARTESIAN_POINT('Ctrl Pts',(6.00468598915141,1.66937973995667,0.));
#9747=CARTESIAN_POINT('Ctrl Pts',(6.00846686476604,1.67051400264106,0.));
#9748=CARTESIAN_POINT('Ctrl Pts',(6.01442174385908,1.67164826532545,0.));
#9749=CARTESIAN_POINT('Ctrl Pts',(6.019053316487,1.67164826532545,0.));
#9750=CARTESIAN_POINT('',(6.019053316487,1.67164826532545,0.1));
#9751=CARTESIAN_POINT('Ctrl Pts',(6.019053316487,1.67164826532545,0.1));
#9752=CARTESIAN_POINT('Ctrl Pts',(6.01442174385908,1.67164826532545,0.1));
#9753=CARTESIAN_POINT('Ctrl Pts',(6.00846686476604,1.67051400264106,0.1));
#9754=CARTESIAN_POINT('Ctrl Pts',(6.00468598915141,1.66937973995667,0.1));
#9755=CARTESIAN_POINT('',(6.019053316487,1.67164826532545,0.));
#9756=CARTESIAN_POINT('Ctrl Pts',(6.0485441462811,1.66040016037193,0.));
#9757=CARTESIAN_POINT('Ctrl Pts',(6.0485441462811,1.66040016037193,0.1));
#9758=CARTESIAN_POINT('Ctrl Pts',(6.04315639853025,1.66607147379387,0.));
#9759=CARTESIAN_POINT('Ctrl Pts',(6.04315639853025,1.66607147379387,0.1));
#9760=CARTESIAN_POINT('Ctrl Pts',(6.0281274179621,1.67164826532545,0.));
#9761=CARTESIAN_POINT('Ctrl Pts',(6.0281274179621,1.67164826532545,0.1));
#9762=CARTESIAN_POINT('Ctrl Pts',(6.019053316487,1.67164826532545,0.));
#9763=CARTESIAN_POINT('Ctrl Pts',(6.019053316487,1.67164826532545,0.1));
#9764=CARTESIAN_POINT('Ctrl Pts',(6.019053316487,1.67164826532545,0.));
#9765=CARTESIAN_POINT('Ctrl Pts',(6.0281274179621,1.67164826532545,0.));
#9766=CARTESIAN_POINT('Ctrl Pts',(6.04315639853025,1.66607147379387,0.));
#9767=CARTESIAN_POINT('Ctrl Pts',(6.0485441462811,1.66040016037193,0.));
#9768=CARTESIAN_POINT('Ctrl Pts',(6.0485441462811,1.66040016037193,0.1));
#9769=CARTESIAN_POINT('Ctrl Pts',(6.04315639853025,1.66607147379387,0.1));
#9770=CARTESIAN_POINT('Ctrl Pts',(6.0281274179621,1.67164826532545,0.1));
#9771=CARTESIAN_POINT('Ctrl Pts',(6.019053316487,1.67164826532545,0.1));
#9772=CARTESIAN_POINT('Origin',(6.02621575385666,1.62599233767316,0.));
#9773=CARTESIAN_POINT('Origin',(6.02621575385666,1.62599233767316,0.1));
#9774=CARTESIAN_POINT('Origin',(5.92585473258641,1.58213603514912,0.));
#9775=CARTESIAN_POINT('',(5.92585473258641,1.66966330562777,0.));
#9776=CARTESIAN_POINT('',(5.92585473258641,1.58213603514912,0.));
#9777=CARTESIAN_POINT('',(5.92585473258641,1.66966330562777,0.));
#9778=CARTESIAN_POINT('',(5.92585473258641,1.66966330562777,0.1));
#9779=CARTESIAN_POINT('',(5.92585473258641,1.66966330562777,0.));
#9780=CARTESIAN_POINT('',(5.92585473258641,1.58213603514912,0.1));
#9781=CARTESIAN_POINT('',(5.92585473258641,1.66966330562777,0.1));
#9782=CARTESIAN_POINT('',(5.92585473258641,1.58213603514912,0.));
#9783=CARTESIAN_POINT('Origin',(5.91110931768935,1.58213603514912,0.));
#9784=CARTESIAN_POINT('',(5.91110931768935,1.58213603514912,0.));
#9785=CARTESIAN_POINT('',(5.92585473258641,1.58213603514912,0.));
#9786=CARTESIAN_POINT('',(5.91110931768935,1.58213603514912,0.1));
#9787=CARTESIAN_POINT('',(5.92585473258641,1.58213603514912,0.1));
#9788=CARTESIAN_POINT('',(5.91110931768935,1.58213603514912,0.));
#9789=CARTESIAN_POINT('Origin',(5.91110931768935,1.66966330562777,0.));
#9790=CARTESIAN_POINT('',(5.91110931768935,1.66966330562777,0.));
#9791=CARTESIAN_POINT('',(5.91110931768935,1.58213603514912,0.));
#9792=CARTESIAN_POINT('',(5.91110931768935,1.66966330562777,0.1));
#9793=CARTESIAN_POINT('',(5.91110931768935,1.58213603514912,0.1));
#9794=CARTESIAN_POINT('',(5.91110931768935,1.66966330562777,0.));
#9795=CARTESIAN_POINT('Origin',(5.92585473258641,1.66966330562777,0.));
#9796=CARTESIAN_POINT('',(5.91110931768935,1.66966330562777,0.));
#9797=CARTESIAN_POINT('',(5.91110931768935,1.66966330562777,0.1));
#9798=CARTESIAN_POINT('Origin',(5.91848202513788,1.62589967038845,0.));
#9799=CARTESIAN_POINT('Origin',(5.91848202513788,1.62589967038845,0.1));
#9800=CARTESIAN_POINT('Origin',(5.86696759488857,1.66966330562777,0.));
#9801=CARTESIAN_POINT('',(5.85373453023737,1.66966330562777,0.));
#9802=CARTESIAN_POINT('',(5.86696759488857,1.66966330562777,0.));
#9803=CARTESIAN_POINT('',(5.85373453023737,1.66966330562777,0.));
#9804=CARTESIAN_POINT('',(5.85373453023737,1.66966330562777,0.1));
#9805=CARTESIAN_POINT('',(5.85373453023737,1.66966330562777,0.));
#9806=CARTESIAN_POINT('',(5.86696759488857,1.66966330562777,0.1));
#9807=CARTESIAN_POINT('',(5.85373453023737,1.66966330562777,0.1));
#9808=CARTESIAN_POINT('',(5.86696759488857,1.66966330562777,0.));
#9809=CARTESIAN_POINT('Origin',(5.8996721689551,1.58213603514912,0.));
#9810=CARTESIAN_POINT('',(5.8996721689551,1.58213603514912,0.));
#9811=CARTESIAN_POINT('',(5.86696759488857,1.66966330562777,0.));
#9812=CARTESIAN_POINT('',(5.8996721689551,1.58213603514912,0.1));
#9813=CARTESIAN_POINT('',(5.86696759488857,1.66966330562777,0.1));
#9814=CARTESIAN_POINT('',(5.8996721689551,1.58213603514912,0.));
#9815=CARTESIAN_POINT('Origin',(5.8836979694833,1.58213603514912,0.));
#9816=CARTESIAN_POINT('',(5.8836979694833,1.58213603514912,0.));
#9817=CARTESIAN_POINT('',(5.8996721689551,1.58213603514912,0.));
#9818=CARTESIAN_POINT('',(5.8836979694833,1.58213603514912,0.1));
#9819=CARTESIAN_POINT('',(5.8996721689551,1.58213603514912,0.1));
#9820=CARTESIAN_POINT('',(5.8836979694833,1.58213603514912,0.));
#9821=CARTESIAN_POINT('Origin',(5.85978393122077,1.64953014297987,0.));
#9822=CARTESIAN_POINT('',(5.85978393122077,1.64953014297987,0.));
#9823=CARTESIAN_POINT('',(5.8836979694833,1.58213603514912,0.));
#9824=CARTESIAN_POINT('',(5.85978393122077,1.64953014297987,0.1));
#9825=CARTESIAN_POINT('',(5.8836979694833,1.58213603514912,0.1));
#9826=CARTESIAN_POINT('',(5.85978393122077,1.64953014297987,0.));
#9827=CARTESIAN_POINT('Origin',(5.83605893673898,1.58213603514912,0.));
#9828=CARTESIAN_POINT('',(5.83605893673898,1.58213603514912,0.));
#9829=CARTESIAN_POINT('',(5.85978393122077,1.64953014297987,0.));
#9830=CARTESIAN_POINT('',(5.83605893673898,1.58213603514912,0.1));
#9831=CARTESIAN_POINT('',(5.85978393122077,1.64953014297987,0.1));
#9832=CARTESIAN_POINT('',(5.83605893673898,1.58213603514912,0.));
#9833=CARTESIAN_POINT('Origin',(5.82074639049974,1.58213603514912,0.));
#9834=CARTESIAN_POINT('',(5.82074639049974,1.58213603514912,0.));
#9835=CARTESIAN_POINT('',(5.83605893673898,1.58213603514912,0.));
#9836=CARTESIAN_POINT('',(5.82074639049974,1.58213603514912,0.1));
#9837=CARTESIAN_POINT('',(5.83605893673898,1.58213603514912,0.1));
#9838=CARTESIAN_POINT('',(5.82074639049974,1.58213603514912,0.));
#9839=CARTESIAN_POINT('Origin',(5.85373453023737,1.66966330562777,0.));
#9840=CARTESIAN_POINT('',(5.82074639049974,1.58213603514912,0.));
#9841=CARTESIAN_POINT('',(5.82074639049974,1.58213603514912,0.1));
#9842=CARTESIAN_POINT('Origin',(5.86014330398621,1.6199464560617,0.));
#9843=CARTESIAN_POINT('Origin',(5.86014330398621,1.6199464560617,0.1));
#9844=CARTESIAN_POINT('Origin',(5.81025446066914,1.55226711779356,0.));
#9845=CARTESIAN_POINT('',(5.81025446066914,1.5675796640328,0.));
#9846=CARTESIAN_POINT('',(5.81025446066914,1.55226711779356,0.));
#9847=CARTESIAN_POINT('',(5.81025446066914,1.5675796640328,0.));
#9848=CARTESIAN_POINT('',(5.81025446066914,1.5675796640328,0.1));
#9849=CARTESIAN_POINT('',(5.81025446066914,1.5675796640328,0.));
#9850=CARTESIAN_POINT('',(5.81025446066914,1.55226711779356,0.1));
#9851=CARTESIAN_POINT('',(5.81025446066914,1.5675796640328,0.1));
#9852=CARTESIAN_POINT('',(5.81025446066914,1.55226711779356,0.));
#9853=CARTESIAN_POINT('Origin',(5.79352408607441,1.55226711779356,0.));
#9854=CARTESIAN_POINT('',(5.79352408607441,1.55226711779356,0.));
#9855=CARTESIAN_POINT('',(5.81025446066914,1.55226711779356,0.));
#9856=CARTESIAN_POINT('',(5.79352408607441,1.55226711779356,0.1));
#9857=CARTESIAN_POINT('',(5.81025446066914,1.55226711779356,0.1));
#9858=CARTESIAN_POINT('',(5.79352408607441,1.55226711779356,0.));
#9859=CARTESIAN_POINT('Origin',(5.79352408607441,1.5675796640328,0.));
#9860=CARTESIAN_POINT('',(5.79352408607441,1.5675796640328,0.));
#9861=CARTESIAN_POINT('',(5.79352408607441,1.55226711779356,0.));
#9862=CARTESIAN_POINT('',(5.79352408607441,1.5675796640328,0.1));
#9863=CARTESIAN_POINT('',(5.79352408607441,1.55226711779356,0.1));
#9864=CARTESIAN_POINT('',(5.79352408607441,1.5675796640328,0.));
#9865=CARTESIAN_POINT('Origin',(5.81025446066914,1.5675796640328,0.));
#9866=CARTESIAN_POINT('',(5.79352408607441,1.5675796640328,0.));
#9867=CARTESIAN_POINT('',(5.79352408607441,1.5675796640328,0.1));
#9868=CARTESIAN_POINT('Origin',(5.80188927337178,1.55992339091318,0.));
#9869=CARTESIAN_POINT('Origin',(5.80188927337178,1.55992339091318,0.1));
#9870=CARTESIAN_POINT('Origin',(5.71336952304429,1.70189527024248,0.));
#9871=CARTESIAN_POINT('',(5.69758436735322,1.70189527024248,0.));
#9872=CARTESIAN_POINT('',(5.71336952304429,1.70189527024248,0.));
#9873=CARTESIAN_POINT('',(5.69758436735322,1.70189527024248,0.));
#9874=CARTESIAN_POINT('',(5.69758436735322,1.70189527024248,0.1));
#9875=CARTESIAN_POINT('',(5.69758436735322,1.70189527024248,0.));
#9876=CARTESIAN_POINT('',(5.71336952304429,1.70189527024248,0.1));
#9877=CARTESIAN_POINT('',(5.69758436735322,1.70189527024248,0.1));
#9878=CARTESIAN_POINT('',(5.71336952304429,1.70189527024248,0.));
#9879=CARTESIAN_POINT('Origin',(5.69767888924358,1.66540982056131,0.));
#9880=CARTESIAN_POINT('',(5.69767888924358,1.66540982056131,0.));
#9881=CARTESIAN_POINT('',(5.71336952304429,1.70189527024248,0.));
#9882=CARTESIAN_POINT('',(5.69767888924358,1.66540982056131,0.1));
#9883=CARTESIAN_POINT('',(5.71336952304429,1.70189527024248,0.1));
#9884=CARTESIAN_POINT('',(5.69767888924358,1.66540982056131,0.));
#9885=CARTESIAN_POINT('Origin',(5.72943824440646,1.58213603514912,0.));
#9886=CARTESIAN_POINT('',(5.72943824440646,1.58213603514912,0.));
#9887=CARTESIAN_POINT('',(5.69767888924358,1.66540982056131,0.));
#9888=CARTESIAN_POINT('',(5.72943824440646,1.58213603514912,0.1));
#9889=CARTESIAN_POINT('',(5.69767888924358,1.66540982056131,0.1));
#9890=CARTESIAN_POINT('',(5.72943824440646,1.58213603514912,0.));
#9891=CARTESIAN_POINT('Origin',(5.71355856682502,1.58213603514912,0.));
#9892=CARTESIAN_POINT('',(5.71355856682502,1.58213603514912,0.));
#9893=CARTESIAN_POINT('',(5.72943824440646,1.58213603514912,0.));
#9894=CARTESIAN_POINT('',(5.71355856682502,1.58213603514912,0.1));
#9895=CARTESIAN_POINT('',(5.72943824440646,1.58213603514912,0.1));
#9896=CARTESIAN_POINT('',(5.71355856682502,1.58213603514912,0.));
#9897=CARTESIAN_POINT('Origin',(5.6896445285625,1.64697805194,0.));
#9898=CARTESIAN_POINT('',(5.6896445285625,1.64697805194,0.));
#9899=CARTESIAN_POINT('',(5.71355856682502,1.58213603514912,0.));
#9900=CARTESIAN_POINT('',(5.6896445285625,1.64697805194,0.1));
#9901=CARTESIAN_POINT('',(5.71355856682502,1.58213603514912,0.1));
#9902=CARTESIAN_POINT('',(5.6896445285625,1.64697805194,0.));
#9903=CARTESIAN_POINT('Origin',(5.66582501219034,1.58213603514912,0.));
#9904=CARTESIAN_POINT('',(5.66582501219034,1.58213603514912,0.));
#9905=CARTESIAN_POINT('',(5.6896445285625,1.64697805194,0.));
#9906=CARTESIAN_POINT('',(5.66582501219034,1.58213603514912,0.1));
#9907=CARTESIAN_POINT('',(5.6896445285625,1.64697805194,0.1));
#9908=CARTESIAN_POINT('',(5.66582501219034,1.58213603514912,0.));
#9909=CARTESIAN_POINT('Origin',(5.65051246595109,1.58213603514912,0.));
#9910=CARTESIAN_POINT('',(5.65051246595109,1.58213603514912,0.));
#9911=CARTESIAN_POINT('',(5.66582501219034,1.58213603514912,0.));
#9912=CARTESIAN_POINT('',(5.65051246595109,1.58213603514912,0.1));
#9913=CARTESIAN_POINT('',(5.66582501219034,1.58213603514912,0.1));
#9914=CARTESIAN_POINT('',(5.65051246595109,1.58213603514912,0.));
#9915=CARTESIAN_POINT('Origin',(5.69758436735322,1.70189527024248,0.));
#9916=CARTESIAN_POINT('',(5.65051246595109,1.58213603514912,0.));
#9917=CARTESIAN_POINT('',(5.65051246595109,1.58213603514912,0.1));
#9918=CARTESIAN_POINT('Origin',(5.69197701425615,1.63142285917487,0.));
#9919=CARTESIAN_POINT('Origin',(5.69197701425615,1.63142285917487,0.1));
#9920=CARTESIAN_POINT('',(0.,0.,0.));
#9921=CARTESIAN_POINT('',(-5.47382212626882E-47,-4.44089209850063E-15,9.5));
#9922=CARTESIAN_POINT('',(-1.09476442525376E-46,-4.44089209850063E-15,9.5));
#9923=CARTESIAN_POINT('',(1.49622249534557E-30,-4.44089209850063E-15,9.5));
#9924=CARTESIAN_POINT('',(3.04068765735043E-47,-3.46178100898141E-15,9.5));
#9925=CARTESIAN_POINT('',(-5.03948127687726,2.896,4.29569007969165));
#9926=UNCERTAINTY_MEASURE_WITH_UNIT(LENGTH_MEASURE(0.01),#9940,
'DISTANCE_ACCURACY_VALUE',
'Maximum model space distance between geometric entities at asserted c
onnectivities');
#9927=UNCERTAINTY_MEASURE_WITH_UNIT(LENGTH_MEASURE(0.01),#9940,
'DISTANCE_ACCURACY_VALUE',
'Maximum model space distance between geometric entities at asserted c
onnectivities');
#9928=UNCERTAINTY_MEASURE_WITH_UNIT(LENGTH_MEASURE(0.01),#9940,
'DISTANCE_ACCURACY_VALUE',
'Maximum model space distance between geometric entities at asserted c
onnectivities');
#9929=UNCERTAINTY_MEASURE_WITH_UNIT(LENGTH_MEASURE(0.01),#9940,
'DISTANCE_ACCURACY_VALUE',
'Maximum model space distance between geometric entities at asserted c
onnectivities');
#9930=UNCERTAINTY_MEASURE_WITH_UNIT(LENGTH_MEASURE(0.01),#9940,
'DISTANCE_ACCURACY_VALUE',
'Maximum model space distance between geometric entities at asserted c
onnectivities');
#9931=UNCERTAINTY_MEASURE_WITH_UNIT(LENGTH_MEASURE(0.01),#9940,
'DISTANCE_ACCURACY_VALUE',
'Maximum model space distance between geometric entities at asserted c
onnectivities');
#9932=UNCERTAINTY_MEASURE_WITH_UNIT(LENGTH_MEASURE(1.E-6),#9940,
'DISTANCE_ACCURACY_VALUE',
'Maximum model space distance between geometric entities at asserted c
onnectivities');
#9933=(
GEOMETRIC_REPRESENTATION_CONTEXT(3)
GLOBAL_UNCERTAINTY_ASSIGNED_CONTEXT((#9926))
GLOBAL_UNIT_ASSIGNED_CONTEXT((#9940,#9943,#9941))
REPRESENTATION_CONTEXT('','3D')
);
#9934=(
GEOMETRIC_REPRESENTATION_CONTEXT(3)
GLOBAL_UNCERTAINTY_ASSIGNED_CONTEXT((#9927))
GLOBAL_UNIT_ASSIGNED_CONTEXT((#9940,#9943,#9941))
REPRESENTATION_CONTEXT('','3D')
);
#9935=(
GEOMETRIC_REPRESENTATION_CONTEXT(3)
GLOBAL_UNCERTAINTY_ASSIGNED_CONTEXT((#9928))
GLOBAL_UNIT_ASSIGNED_CONTEXT((#9940,#9943,#9941))
REPRESENTATION_CONTEXT('','3D')
);
#9936=(
GEOMETRIC_REPRESENTATION_CONTEXT(3)
GLOBAL_UNCERTAINTY_ASSIGNED_CONTEXT((#9929))
GLOBAL_UNIT_ASSIGNED_CONTEXT((#9940,#9943,#9941))
REPRESENTATION_CONTEXT('','3D')
);
#9937=(
GEOMETRIC_REPRESENTATION_CONTEXT(3)
GLOBAL_UNCERTAINTY_ASSIGNED_CONTEXT((#9930))
GLOBAL_UNIT_ASSIGNED_CONTEXT((#9940,#9943,#9941))
REPRESENTATION_CONTEXT('','3D')
);
#9938=(
GEOMETRIC_REPRESENTATION_CONTEXT(3)
GLOBAL_UNCERTAINTY_ASSIGNED_CONTEXT((#9931))
GLOBAL_UNIT_ASSIGNED_CONTEXT((#9940,#9943,#9941))
REPRESENTATION_CONTEXT('','3D')
);
#9939=(
GEOMETRIC_REPRESENTATION_CONTEXT(3)
GLOBAL_UNCERTAINTY_ASSIGNED_CONTEXT((#9932))
GLOBAL_UNIT_ASSIGNED_CONTEXT((#9940,#9943,#9941))
REPRESENTATION_CONTEXT('','3D')
);
#9940=(
LENGTH_UNIT()
NAMED_UNIT(*)
SI_UNIT(.MILLI.,.METRE.)
);
#9941=(
NAMED_UNIT(*)
SI_UNIT($,.STERADIAN.)
SOLID_ANGLE_UNIT()
);
#9942=DIMENSIONAL_EXPONENTS(0.,0.,0.,0.,0.,0.,0.);
#9943=(
CONVERSION_BASED_UNIT('degree',#9945)
NAMED_UNIT(#9942)
PLANE_ANGLE_UNIT()
);
#9944=(
NAMED_UNIT(*)
PLANE_ANGLE_UNIT()
SI_UNIT($,.RADIAN.)
);
#9945=PLANE_ANGLE_MEASURE_WITH_UNIT(PLANE_ANGLE_MEASURE(0.01745329252),
#9944);
#9946=SHAPE_DEFINITION_REPRESENTATION(#9952,#9963);
#9947=SHAPE_DEFINITION_REPRESENTATION(#9953,#9964);
#9948=SHAPE_DEFINITION_REPRESENTATION(#9954,#9965);
#9949=SHAPE_DEFINITION_REPRESENTATION(#9955,#9966);
#9950=SHAPE_DEFINITION_REPRESENTATION(#9956,#9967);
#9951=SHAPE_DEFINITION_REPRESENTATION(#9957,#9968);
#9952=PRODUCT_DEFINITION_SHAPE('',$,#9970);
#9953=PRODUCT_DEFINITION_SHAPE('',$,#9971);
#9954=PRODUCT_DEFINITION_SHAPE('',$,#9972);
#9955=PRODUCT_DEFINITION_SHAPE('',$,#9973);
#9956=PRODUCT_DEFINITION_SHAPE('',$,#9974);
#9957=PRODUCT_DEFINITION_SHAPE('',$,#9975);
#9958=PRODUCT_DEFINITION_SHAPE($,$,#26);
#9959=PRODUCT_DEFINITION_SHAPE($,$,#27);
#9960=PRODUCT_DEFINITION_SHAPE($,$,#28);
#9961=PRODUCT_DEFINITION_SHAPE($,$,#29);
#9962=PRODUCT_DEFINITION_SHAPE($,$,#30);
#9963=SHAPE_REPRESENTATION('',(#5763),#9933);
#9964=SHAPE_REPRESENTATION('',(#5771),#9934);
#9965=SHAPE_REPRESENTATION('',(#5852),#9935);
#9966=SHAPE_REPRESENTATION('',(#5879),#9936);
#9967=SHAPE_REPRESENTATION('',(#5926),#9937);
#9968=SHAPE_REPRESENTATION('',(#6095,#6096,#6097,#6098,#6099,#6100),#9938);
#9969=PRODUCT_DEFINITION_CONTEXT('part definition',#9989,'design');
#9970=PRODUCT_DEFINITION('1','1',#9976,#9969);
#9971=PRODUCT_DEFINITION('2','2',#9977,#9969);
#9972=PRODUCT_DEFINITION('3','3',#9978,#9969);
#9973=PRODUCT_DEFINITION('c-1-1825910-4-c-3d','c-1-1825910-4-c-3d',#9979,
#9969);
#9974=PRODUCT_DEFINITION('TE connectivity Logo 1 (2)',
'TE connectivity Logo 1 (2)',#9980,#9969);
#9975=PRODUCT_DEFINITION('1','1',#9981,#9969);
#9976=PRODUCT_DEFINITION_FORMATION('',$,#9991);
#9977=PRODUCT_DEFINITION_FORMATION('',$,#9992);
#9978=PRODUCT_DEFINITION_FORMATION('',$,#9993);
#9979=PRODUCT_DEFINITION_FORMATION('',$,#9994);
#9980=PRODUCT_DEFINITION_FORMATION('',$,#9995);
#9981=PRODUCT_DEFINITION_FORMATION('',$,#9996);
#9982=PRODUCT_RELATED_PRODUCT_CATEGORY('1','1',(#9991));
#9983=PRODUCT_RELATED_PRODUCT_CATEGORY('2','2',(#9992));
#9984=PRODUCT_RELATED_PRODUCT_CATEGORY('3','3',(#9993));
#9985=PRODUCT_RELATED_PRODUCT_CATEGORY('c-1-1825910-4-c-3d',
'c-1-1825910-4-c-3d',(#9994));
#9986=PRODUCT_RELATED_PRODUCT_CATEGORY('TE connectivity Logo 1 (2)',
'TE connectivity Logo 1 (2)',(#9995));
#9987=PRODUCT_RELATED_PRODUCT_CATEGORY('1','1',(#9996));
#9988=APPLICATION_PROTOCOL_DEFINITION('international standard',
'automotive_design',2009,#9989);
#9989=APPLICATION_CONTEXT(
'Core Data for Automotive Mechanical Design Process');
#9990=PRODUCT_CONTEXT('part definition',#9989,'mechanical');
#9991=PRODUCT('1','1',$,(#9990));
#9992=PRODUCT('2','2',$,(#9990));
#9993=PRODUCT('3','3',$,(#9990));
#9994=PRODUCT('c-1-1825910-4-c-3d','c-1-1825910-4-c-3d',$,(#9990));
#9995=PRODUCT('TE connectivity Logo 1 (2)','TE connectivity Logo 1 (2)',
$,(#9990));
#9996=PRODUCT('1','1',$,(#9990));
#9997=PRESENTATION_STYLE_ASSIGNMENT((#10002));
#9998=PRESENTATION_STYLE_ASSIGNMENT((#10003));
#9999=PRESENTATION_STYLE_ASSIGNMENT((#10004));
#10000=PRESENTATION_STYLE_ASSIGNMENT((#10005));
#10001=PRESENTATION_STYLE_ASSIGNMENT((#10006));
#10002=SURFACE_STYLE_USAGE(.BOTH.,#10007);
#10003=SURFACE_STYLE_USAGE(.BOTH.,#10008);
#10004=SURFACE_STYLE_USAGE(.BOTH.,#10009);
#10005=SURFACE_STYLE_USAGE(.BOTH.,#10010);
#10006=SURFACE_STYLE_USAGE(.BOTH.,#10011);
#10007=SURFACE_SIDE_STYLE($,(#10012));
#10008=SURFACE_SIDE_STYLE($,(#10013));
#10009=SURFACE_SIDE_STYLE($,(#10014));
#10010=SURFACE_SIDE_STYLE($,(#10015));
#10011=SURFACE_SIDE_STYLE($,(#10016));
#10012=SURFACE_STYLE_FILL_AREA(#10017);
#10013=SURFACE_STYLE_FILL_AREA(#10018);
#10014=SURFACE_STYLE_FILL_AREA(#10019);
#10015=SURFACE_STYLE_FILL_AREA(#10020);
#10016=SURFACE_STYLE_FILL_AREA(#10021);
#10017=FILL_AREA_STYLE($,(#10022));
#10018=FILL_AREA_STYLE($,(#10023));
#10019=FILL_AREA_STYLE($,(#10024));
#10020=FILL_AREA_STYLE($,(#10025));
#10021=FILL_AREA_STYLE($,(#10026));
#10022=FILL_AREA_STYLE_COLOUR($,#10027);
#10023=FILL_AREA_STYLE_COLOUR($,#10028);
#10024=FILL_AREA_STYLE_COLOUR($,#10029);
#10025=FILL_AREA_STYLE_COLOUR($,#10030);
#10026=FILL_AREA_STYLE_COLOUR($,#10031);
#10027=COLOUR_RGB('',0.505882352941176,0.505882352941176,0.505882352941176);
#10028=COLOUR_RGB('',0.831372549019608,0.831372549019608,0.831372549019608);
#10029=COLOUR_RGB('',0.996078431372549,0.984313725490196,0.92156862745098);
#10030=COLOUR_RGB('',0.286274509803922,0.286274509803922,0.286274509803922);
#10031=COLOUR_RGB('',0.831372549019608,0.831372549019608,0.831372549019608);
ENDSEC;
END-ISO-10303-21;
