ISO-10303-21;
HEADER;
FILE_DESCRIPTION (( 'STEP AP214' ),
    '1' );
FILE_NAME ('54C7A805-1D0E-4E90-89F1-EB4DE96F2379.STEP',
    '2024-09-13T21:14:32',
    ( '' ),
    ( '' ),
    'SwSTEP 2.0',
    'SolidWorks 2022',
    '' );
FILE_SCHEMA (( 'AUTOMOTIVE_DESIGN' ));
ENDSEC;

DATA;
#1 = ORIENTED_EDGE ( 'NONE', *, *, #1643, .F. ) ;
#2 = AXIS2_PLACEMENT_3D ( 'NONE', #370, #1933, #896 ) ;
#3 = ORIENTED_EDGE ( 'NONE', *, *, #1229, .T. ) ;
#4 = CIRCLE ( 'NONE', #75, 0.8540496217739099727 ) ;
#5 = ADVANCED_FACE ( 'NONE', ( #1918 ), #1951, .T. ) ;
#6 = CARTESIAN_POINT ( 'NONE',  ( 18.00000000000000355, 82.22499999999999432, 3.031000827889698023E-17 ) ) ;
#7 = CARTESIAN_POINT ( 'NONE',  ( 10.22499999999999964, 81.54999999999999716, -0.4500000000000006772 ) ) ;
#8 = FACE_OUTER_BOUND ( 'NONE', #744, .T. ) ;
#9 = ADVANCED_FACE ( 'NONE', ( #2116 ), #891, .T. ) ;
#10 =( LENGTH_UNIT ( ) NAMED_UNIT ( * ) SI_UNIT ( .MILLI., .METRE. ) );
#11 = CARTESIAN_POINT ( 'NONE',  ( 17.25000000000000000, 82.00000000000000000, 0.0000000000000000000 ) ) ;
#12 = FILL_AREA_STYLE ('',( #1980 ) ) ;
#13 = VERTEX_POINT ( 'NONE', #1549 ) ;
#14 = AXIS2_PLACEMENT_3D ( 'NONE', #1430, #2129, #1611 ) ;
#15 = AXIS2_PLACEMENT_3D ( 'NONE', #170, #1021, #705 ) ;
#16 = PLANE ( 'NONE',  #1660 ) ;
#17 = CARTESIAN_POINT ( 'NONE',  ( 16.46000000000000796, 82.86341334111183698, -0.2356371712790676087 ) ) ;
#18 = ORIENTED_EDGE ( 'NONE', *, *, #2193, .F. ) ;
#19 = ADVANCED_FACE ( 'NONE', ( #2176 ), #29, .F. ) ;
#20 = B_SPLINE_CURVE_WITH_KNOTS ( 'NONE', 3,
 ( #51, #950, #603, #1670, #1298, #1129, #1827, #485, #1210, #1011, #1703, #1865, #1033, #1187, #1887, #2049, #660, #2245, #672, #811, #1897, #1724, #997, #1368, #686, #291, #2068, #1503, #1873, #497, #113, #1682, #99, #1200 ),
 .UNSPECIFIED., .F., .F.,
 ( 4, 1, 1, 2, 2, 2, 1, 1, 2, 2, 2, 1, 1, 2, 2, 2, 1, 1, 2, 2, 4 ),
 ( 0.0000000000000000000, 0.06249999999996988520, 0.09374999999994773625, 0.1093749999999435868, 0.1249999999999394235, 0.2499999999999548139, 0.3124999999999624745, 0.3437499999999626410, 0.3593749999999627520, 0.3749999999999628075, 0.4999999999999583666, 0.5624999999999561462, 0.5937499999999549249, 0.6093749999999543698, 0.6249999999999538147, 0.7499999999999736877, 0.8124999999999836797, 0.8437499999999830136, 0.8593749999999767963, 0.8749999999999705791, 1.000000000000000000 ),
 .UNSPECIFIED. ) ;
#21 = DIRECTION ( 'NONE',  ( -1.000000000000000000, 0.0000000000000000000, 0.0000000000000000000 ) ) ;
#22 = VERTEX_POINT ( 'NONE', #1279 ) ;
#23 = CARTESIAN_POINT ( 'NONE',  ( 16.84372234463879892, 82.91315113539735648, -0.2960761238083532976 ) ) ;
#24 = CARTESIAN_POINT ( 'NONE',  ( 14.04396306668767025, 82.85527866486334858, 1.710557329726691389 ) ) ;
#25 = ORIENTED_EDGE ( 'NONE', *, *, #233, .T. ) ;
#26 = CARTESIAN_POINT ( 'NONE',  ( 18.00000000000000355, 82.05890486225479208, -0.2249999999999999500 ) ) ;
#27 = CARTESIAN_POINT ( 'NONE',  ( 9.882553001778266122, 82.20075105331223142, -3.100000000000000977 ) ) ;
#28 = DIRECTION ( 'NONE',  ( 1.000000000000000000, 0.0000000000000000000, 0.0000000000000000000 ) ) ;
#29 = PLANE ( 'NONE',  #1434 ) ;
#30 = ORIENTED_EDGE ( 'NONE', *, *, #2177, .F. ) ;
#31 = CARTESIAN_POINT ( 'NONE',  ( 9.775000000000000355, 82.00000000000000000, -3.100000000000000533 ) ) ;
#32 = CARTESIAN_POINT ( 'NONE',  ( 17.30000000000000071, 82.29903810567667222, -3.662160589400072267E-17 ) ) ;
#33 = ORIENTED_EDGE ( 'NONE', *, *, #1711, .T. ) ;
#34 = MECHANICAL_DESIGN_GEOMETRIC_PRESENTATION_REPRESENTATION (  '', ( #667 ), #1874 ) ;
#35 = CIRCLE ( 'NONE', #2248, 0.9985201625794730695 ) ;
#36 = LINE ( 'NONE', #1793, #486 ) ;
#37 = DIRECTION ( 'NONE',  ( 1.000000000000000000, -0.0000000000000000000, -0.0000000000000000000 ) ) ;
#38 = AXIS2_PLACEMENT_3D ( 'NONE', #1306, #956, #1687 ) ;
#39 =( NAMED_UNIT ( * ) PLANE_ANGLE_UNIT ( ) SI_UNIT ( $, .RADIAN. ) );
#40 = CARTESIAN_POINT ( 'NONE',  ( 12.00000000000000178, 82.15609390162504155, 0.2668098430892705264 ) ) ;
#41 = FILL_AREA_STYLE ('',( #1241 ) ) ;
#42 = CARTESIAN_POINT ( 'NONE',  ( 16.46000000000000441, 82.86885382167338321, 0.2369989787531426029 ) ) ;
#43 = ORIENTED_EDGE ( 'NONE', *, *, #1400, .F. ) ;
#44 = ADVANCED_FACE ( 'NONE', ( #2188, #577 ), #1796, .T. ) ;
#45 = CIRCLE ( 'NONE', #1668, 0.8497538438289905516 ) ;
#46 = CARTESIAN_POINT ( 'NONE',  ( 18.00000000000000355, 82.00000000000000000, -0.2250000000000000333 ) ) ;
#47 = AXIS2_PLACEMENT_3D ( 'NONE', #2280, #2259, #523 ) ;
#48 = CARTESIAN_POINT ( 'NONE',  ( 16.45999999999999375, 82.89414925464086537, 1.788298509281693205 ) ) ;
#49 = VECTOR ( 'NONE', #1691, 1000.000000000000000 ) ;
#50 = CARTESIAN_POINT ( 'NONE',  ( 12.00000000000000178, 81.70096189432329936, 0.07828799299477880169 ) ) ;
#51 = CARTESIAN_POINT ( 'NONE',  ( 16.84372234459198125, 82.00000000000000000, -0.9598040072237659093 ) ) ;
#52 = CARTESIAN_POINT ( 'NONE',  ( 16.84372234463879892, 82.36746170309187676, -0.8867987480614031304 ) ) ;
#53 = FILL_AREA_STYLE ('',( #1810 ) ) ;
#54 = EDGE_LOOP ( 'NONE', ( #1955, #921, #290, #1910, #2247 ) ) ;
#55 = CARTESIAN_POINT ( 'NONE',  ( 19.94540584539815598, 82.00000000000000000, 0.2250000000000000333 ) ) ;
#56 = EDGE_CURVE ( 'NONE', #943, #1202, #418, .T. ) ;
#57 = CARTESIAN_POINT ( 'NONE',  ( 16.84372234463880247, 81.44459066657488222, -0.7859881831463815249 ) ) ;
#58 = CARTESIAN_POINT ( 'NONE',  ( 16.46000000000000085, 81.19306985859574866, -0.3855787359055262709 ) ) ;
#59 = CARTESIAN_POINT ( 'NONE',  ( 16.45999999982450390, 82.00000000000000000, 0.0000000000000000000 ) ) ;
#60 = SURFACE_STYLE_USAGE ( .BOTH. , #1806 ) ;
#61 = CARTESIAN_POINT ( 'NONE',  ( 16.84372234463879892, 82.94988940899735042, 0.1505641022713334332 ) ) ;
#62 = FILL_AREA_STYLE_COLOUR ( '', #2026 ) ;
#63 = LINE ( 'NONE', #765, #1256 ) ;
#64 = CARTESIAN_POINT ( 'NONE',  ( 16.45999999999999730, 82.34446388055616239, 0.8313012476562191555 ) ) ;
#65 = ORIENTED_EDGE ( 'NONE', *, *, #998, .F. ) ;
#66 = DIRECTION ( 'NONE',  ( 1.000000000000000000, 0.0000000000000000000, 0.0000000000000000000 ) ) ;
#67 = CARTESIAN_POINT ( 'NONE',  ( 16.84372234463879892, 81.09812043110744639, -0.3243104889027174642 ) ) ;
#68 = CARTESIAN_POINT ( 'NONE',  ( 16.46000000000000441, 82.51824666450383461, -0.7333609681219743770 ) ) ;
#69 = AXIS2_PLACEMENT_3D ( 'NONE', #1127, #73, #1272 ) ;
#70 = EDGE_CURVE ( 'NONE', #1765, #1531, #109, .T. ) ;
#71 = CIRCLE ( 'NONE', #739, 0.8499999999999999778 ) ;
#72 = FACE_OUTER_BOUND ( 'NONE', #2118, .T. ) ;
#73 = DIRECTION ( 'NONE',  ( -1.000000000000000000, -0.0000000000000000000, -0.0000000000000000000 ) ) ;
#74 = EDGE_CURVE ( 'NONE', #22, #1603, #1992, .T. ) ;
#75 = AXIS2_PLACEMENT_3D ( 'NONE', #2105, #1749, #2126 ) ;
#76 = CARTESIAN_POINT ( 'NONE',  ( 16.84372234463880247, 82.89707956366193287, 0.3374048001606557157 ) ) ;
#77 =( GEOMETRIC_REPRESENTATION_CONTEXT ( 3 ) GLOBAL_UNCERTAINTY_ASSIGNED_CONTEXT ( ( #2072 ) ) GLOBAL_UNIT_ASSIGNED_CONTEXT ( ( #695, #2114, #347 ) ) REPRESENTATION_CONTEXT ( 'NONE', 'WORKASPACE' ) );
#78 = CARTESIAN_POINT ( 'NONE',  ( 16.07000910242061664, 82.85990852986614641, -1.053084228660090440E-16 ) ) ;
#79 = FILL_AREA_STYLE ('',( #987 ) ) ;
#80 = DIRECTION ( 'NONE',  ( 1.000000000000000000, 0.0000000000000000000, 0.0000000000000000000 ) ) ;
#81 = ORIENTED_EDGE ( 'NONE', *, *, #70, .T. ) ;
#82 = DIRECTION ( 'NONE',  ( 0.0000000000000000000, -1.000000000000000000, 0.0000000000000000000 ) ) ;
#83 = DIRECTION ( 'NONE',  ( -1.000000000000000000, -0.0000000000000000000, -0.0000000000000000000 ) ) ;
#84 = CARTESIAN_POINT ( 'NONE',  ( 13.15627765536119398, 81.04170010806463154, 1.198206708134477967E-16 ) ) ;
#85 = CIRCLE ( 'NONE', #1447, 0.8954336640684262827 ) ;
#86 = CARTESIAN_POINT ( 'NONE',  ( 13.28002739223612672, 81.06737378202853961, -1.865252435942931664 ) ) ;
#87 = FACE_OUTER_BOUND ( 'NONE', #500, .T. ) ;
#88 = CARTESIAN_POINT ( 'NONE',  ( 16.84372234463879181, 82.90187956889255361, 0.3243104889026799942 ) ) ;
#89 = EDGE_CURVE ( 'NONE', #1314, #894, #736, .T. ) ;
#90 = DIRECTION ( 'NONE',  ( 1.000000000000000000, 0.0000000000000000000, 0.0000000000000000000 ) ) ;
#91 =( LENGTH_UNIT ( ) NAMED_UNIT ( * ) SI_UNIT ( .MILLI., .METRE. ) );
#92 = DIRECTION ( 'NONE',  ( 0.0000000000000000000, 0.0000000000000000000, 1.000000000000000000 ) ) ;
#93 = VERTEX_POINT ( 'NONE', #937 ) ;
#94 = CARTESIAN_POINT ( 'NONE',  ( 16.07001091641627610, 82.00000000000001421, -0.8598239353316569078 ) ) ;
#95 = CARTESIAN_POINT ( 'NONE',  ( 16.84372234463879536, 82.88680720383878509, 0.3674403777638400870 ) ) ;
#96 = CARTESIAN_POINT ( 'NONE',  ( 18.00000000000000000, 81.92171200700522604, 0.2990381056767050238 ) ) ;
#97 = CARTESIAN_POINT ( 'NONE',  ( 16.84372234463879536, 81.11459096019447657, 0.3668858165438967367 ) ) ;
#98 = EDGE_LOOP ( 'NONE', ( #1568, #1829, #1932, #1080 ) ) ;
#99 = CARTESIAN_POINT ( 'NONE',  ( 16.84372234463879181, 81.87777088835994732, 0.9598040072217030039 ) ) ;
#100 = ADVANCED_FACE ( 'NONE', ( #404 ), #255, .T. ) ;
#101 = FACE_OUTER_BOUND ( 'NONE', #1842, .T. ) ;
#102 = DIRECTION ( 'NONE',  ( 0.0000000000000000000, 0.0000000000000000000, 1.000000000000000000 ) ) ;
#103 = ORIENTED_EDGE ( 'NONE', *, *, #2275, .F. ) ;
#104 = CARTESIAN_POINT ( 'NONE',  ( 12.00000000000000000, 82.29903810567671485, -2.197296353640307444E-17 ) ) ;
#105 = CARTESIAN_POINT ( 'NONE',  ( 16.84372234463880247, 81.87848906454584608, -0.9582326314874697326 ) ) ;
#106 = CARTESIAN_POINT ( 'NONE',  ( 16.46000000000000085, 81.17386212848728633, -0.3423242092801260239 ) ) ;
#107 = CARTESIAN_POINT ( 'NONE',  ( 18.00000000000000711, 82.29903810567674327, 0.07828799299477867679 ) ) ;
#108 = DIRECTION ( 'NONE',  ( 0.0000000000000000000, 1.000000000000000000, -1.224646799147352221E-16 ) ) ;
#109 = CIRCLE ( 'NONE', #69, 0.9582998919353685752 ) ;
#110 = CARTESIAN_POINT ( 'NONE',  ( 12.00000000000000178, 81.73319015691073730, -0.1560939016250846301 ) ) ;
#111 =( GEOMETRIC_REPRESENTATION_CONTEXT ( 3 ) GLOBAL_UNCERTAINTY_ASSIGNED_CONTEXT ( ( #978 ) ) GLOBAL_UNIT_ASSIGNED_CONTEXT ( ( #1900, #1542, #2261 ) ) REPRESENTATION_CONTEXT ( 'NONE', 'WORKASPACE' ) );
#112 = ORIENTED_EDGE ( 'NONE', *, *, #1831, .F. ) ;
#113 = CARTESIAN_POINT ( 'NONE',  ( 16.84372234463880247, 81.63253829690756902, 0.8867987480614033524 ) ) ;
#114 = CIRCLE ( 'NONE', #673, 2.000000000000000000 ) ;
#115 = SURFACE_STYLE_USAGE ( .BOTH. , #1337 ) ;
#116 = AXIS2_PLACEMENT_3D ( 'NONE', #1778, #931, #1944 ) ;
#117 = EDGE_LOOP ( 'NONE', ( #2033, #1421, #140, #1706 ) ) ;
#118 = CARTESIAN_POINT ( 'NONE',  ( 18.00000000000000355, 81.77499999999999147, -0.05890486225480866256 ) ) ;
#119 = LINE ( 'NONE', #829, #1440 ) ;
#120 = EDGE_CURVE ( 'NONE', #709, #1556, #1804, .T. ) ;
#121 =( NAMED_UNIT ( * ) PLANE_ANGLE_UNIT ( ) SI_UNIT ( $, .RADIAN. ) );
#122 = AXIS2_PLACEMENT_3D ( 'NONE', #1255, #381, #725 ) ;
#123 = CARTESIAN_POINT ( 'NONE',  ( 13.53000000017345883, 82.00000000000000000, -0.8997538438109131675 ) ) ;
#124 =( NAMED_UNIT ( * ) SI_UNIT ( $, .STERADIAN. ) SOLID_ANGLE_UNIT ( ) );
#125 = DIRECTION ( 'NONE',  ( -1.000000000000000000, 0.0000000000000000000, 0.0000000000000000000 ) ) ;
#126 = ORIENTED_EDGE ( 'NONE', *, *, #1055, .T. ) ;
#127 = TOROIDAL_SURFACE ( 'NONE', #197, 0.2990381056766580059, 0.6999999999999999556 ) ;
#128 = CARTESIAN_POINT ( 'NONE',  ( 19.55000000000000071, 82.00000000000000000, -0.2250000000000000333 ) ) ;
#129 = ORIENTED_EDGE ( 'NONE', *, *, #348, .F. ) ;
#130 = CARTESIAN_POINT ( 'NONE',  ( 12.00000000000000178, 81.77500000000001990, -0.05890486225480858623 ) ) ;
#131 = PRESENTATION_LAYER_ASSIGNMENT (  '', '', ( #1745 ) ) ;
#132 = CARTESIAN_POINT ( 'NONE',  ( 16.46000000000000085, 81.41123894890699830, 0.6758093741461607129 ) ) ;
#133 = ADVANCED_FACE ( 'NONE', ( #87 ), #663, .T. ) ;
#134 = SURFACE_STYLE_USAGE ( .BOTH. , #529 ) ;
#135 = DIRECTION ( 'NONE',  ( 1.000000000000000000, -0.0000000000000000000, -0.0000000000000000000 ) ) ;
#136 = CARTESIAN_POINT ( 'NONE',  ( 19.55000000000000071, 82.00000000000000000, -0.2250000000000000333 ) ) ;
#137 =( LENGTH_UNIT ( ) NAMED_UNIT ( * ) SI_UNIT ( .MILLI., .METRE. ) );
#138 = VERTEX_POINT ( 'NONE', #332 ) ;
#139 = CARTESIAN_POINT ( 'NONE',  ( 17.32692307692310152, 82.00000000000000000, 0.0000000000000000000 ) ) ;
#140 = ORIENTED_EDGE ( 'NONE', *, *, #1708, .F. ) ;
#141 =( LENGTH_UNIT ( ) NAMED_UNIT ( * ) SI_UNIT ( .MILLI., .METRE. ) );
#142 = SURFACE_SIDE_STYLE ('',( #155 ) ) ;
#143 = FACE_OUTER_BOUND ( 'NONE', #1186, .T. ) ;
#144 = CARTESIAN_POINT ( 'NONE',  ( 16.46000000000000085, 80.70000000000000284, -1.298299891935380090 ) ) ;
#145 = PRESENTATION_STYLE_ASSIGNMENT (( #359 ) ) ;
#146 = VERTEX_POINT ( 'NONE', #889 ) ;
#147 = EDGE_CURVE ( 'NONE', #1334, #2144, #600, .T. ) ;
#148 = DIRECTION ( 'NONE',  ( 1.000000000000000000, -0.0000000000000000000, -0.0000000000000000000 ) ) ;
#149 = PLANE ( 'NONE',  #1782 ) ;
#150 = ORIENTED_EDGE ( 'NONE', *, *, #1016, .F. ) ;
#151 = COLOUR_RGB ( '',0.7725490196078431682, 0.7725490196078431682, 0.7725490196078431682 ) ;
#152 = CARTESIAN_POINT ( 'NONE',  ( 12.00000000000000000, 82.00000000000000000, 0.2250000000000000333 ) ) ;
#153 = AXIS2_PLACEMENT_3D ( 'NONE', #343, #166, #1004 ) ;
#154 = CARTESIAN_POINT ( 'NONE',  ( 18.00000000000000355, 82.29903810567672906, -0.07828799299477878781 ) ) ;
#155 = SURFACE_STYLE_FILL_AREA ( #2088 ) ;
#156 = CARTESIAN_POINT ( 'NONE',  ( 18.00000000000000355, 82.05885316621935033, 0.2198770248643454883 ) ) ;
#157 = PRESENTATION_STYLE_ASSIGNMENT (( #1506 ) ) ;
#158 = CARTESIAN_POINT ( 'NONE',  ( 16.24500000000000099, 82.00000000000000000, 0.0000000000000000000 ) ) ;
#159 = CARTESIAN_POINT ( 'NONE',  ( 17.25000000000000000, 82.00000000000000000, 0.0000000000000000000 ) ) ;
#160 = AXIS2_PLACEMENT_3D ( 'NONE', #217, #37, #1783 ) ;
#161 = CARTESIAN_POINT ( 'NONE',  ( 13.98000000000000043, 80.70000000000000284, -1.840000000000000080 ) ) ;
#162 = EDGE_CURVE ( 'NONE', #2217, #1599, #1246, .T. ) ;
#163 = ORIENTED_EDGE ( 'NONE', *, *, #1566, .T. ) ;
#164 = FACE_OUTER_BOUND ( 'NONE', #2070, .T. ) ;
#165 = AXIS2_PLACEMENT_3D ( 'NONE', #2166, #1260, #1967 ) ;
#166 = DIRECTION ( 'NONE',  ( -1.000000000000000000, -0.0000000000000000000, 9.938320498378770498E-46 ) ) ;
#167 = CARTESIAN_POINT ( 'NONE',  ( 9.775000000000000355, 82.45000000000000284, -0.4500000000000006772 ) ) ;
#168 = CARTESIAN_POINT ( 'NONE',  ( 10.44999999999999929, 81.54999999999999716, -0.2250000000000000888 ) ) ;
#169 = CARTESIAN_POINT ( 'NONE',  ( 18.00000000000000711, 82.22500000000000853, 0.02930094258655423223 ) ) ;
#170 = CARTESIAN_POINT ( 'NONE',  ( 10.44999999999999929, 82.00000000000000000, 0.0000000000000000000 ) ) ;
#171 = DIRECTION ( 'NONE',  ( 1.000000000000000000, 0.0000000000000000000, 0.0000000000000000000 ) ) ;
#172 = DIRECTION ( 'NONE',  ( 1.000000000000000000, 0.0000000000000000000, 0.0000000000000000000 ) ) ;
#173 = EDGE_LOOP ( 'NONE', ( #2081, #953 ) ) ;
#174 = CARTESIAN_POINT ( 'NONE',  ( 16.46000000000000085, 82.54856427823054332, -0.7237521371579104246 ) ) ;
#175 = ORIENTED_EDGE ( 'NONE', *, *, #1240, .F. ) ;
#176 = ADVANCED_FACE ( 'NONE', ( #1972 ), #1061, .T. ) ;
#177 = DIRECTION ( 'NONE',  ( 0.0000000000000000000, 0.0000000000000000000, -1.000000000000000000 ) ) ;
#178 = CARTESIAN_POINT ( 'NONE',  ( 10.22499999999999964, 82.00000000000000000, -3.100000000000000533 ) ) ;
#179 = DIRECTION ( 'NONE',  ( 0.0000000000000000000, 0.0000000000000000000, 1.000000000000000000 ) ) ;
#180 = DIRECTION ( 'NONE',  ( 0.0000000000000000000, 0.0000000000000000000, -1.000000000000000000 ) ) ;
#181 = VERTEX_POINT ( 'NONE', #1208 ) ;
#182 = VERTEX_POINT ( 'NONE', #2146 ) ;
#183 = VECTOR ( 'NONE', #1309, 1000.000000000000000 ) ;
#184 = UNCERTAINTY_MEASURE_WITH_UNIT (LENGTH_MEASURE( 1.000000000000000082E-05 ), #382, 'distance_accuracy_value', 'NONE');
#185 = MECHANICAL_DESIGN_GEOMETRIC_PRESENTATION_REPRESENTATION (  '', ( #1180 ), #1769 ) ;
#186 = CARTESIAN_POINT ( 'NONE',  ( 16.45999999999999730, 82.89190003180144117, 0.1412046082899745814 ) ) ;
#187 = AXIS2_PLACEMENT_3D ( 'NONE', #2123, #1094, #1059 ) ;
#188 = ADVANCED_FACE ( 'NONE', ( #8 ), #518, .T. ) ;
#189 = CARTESIAN_POINT ( 'NONE',  ( 19.79924894668779345, 82.11744699822172322, -3.100000000000000089 ) ) ;
#190 = VECTOR ( 'NONE', #1121, 1000.000000000000000 ) ;
#191 = CARTESIAN_POINT ( 'NONE',  ( 16.58870749541300071, 81.08945132183725946, 1.821097356325490413 ) ) ;
#192 = CARTESIAN_POINT ( 'NONE',  ( 11.99999999999999645, 82.13779489015821866, 0.1808093933211863402 ) ) ;
#193 = CARTESIAN_POINT ( 'NONE',  ( 17.30000000000000071, 82.00000000000000000, 0.0000000000000000000 ) ) ;
#194 =( NAMED_UNIT ( * ) PLANE_ANGLE_UNIT ( ) SI_UNIT ( $, .RADIAN. ) );
#195 = ORIENTED_EDGE ( 'NONE', *, *, #2243, .F. ) ;
#196 = MECHANICAL_DESIGN_GEOMETRIC_PRESENTATION_REPRESENTATION (  '', ( #1192 ), #1338 ) ;
#197 = AXIS2_PLACEMENT_3D ( 'NONE', #1264, #1969, #730 ) ;
#198 = CARTESIAN_POINT ( 'NONE',  ( 15.19999999999999929, 80.70000000000000284, 1.699999999999999956 ) ) ;
#199 = FILL_AREA_STYLE ('',( #527 ) ) ;
#200 = ORIENTED_EDGE ( 'NONE', *, *, #542, .T. ) ;
#201 = COLOUR_RGB ( '',0.1686274509803921684, 0.7176470588235294157, 0.8352941176470588536 ) ;
#202 = DIRECTION ( 'NONE',  ( 0.0000000000000000000, 0.0000000000000000000, 1.000000000000000000 ) ) ;
#203 = DIRECTION ( 'NONE',  ( 0.0000000000000000000, 0.0000000000000000000, -1.000000000000000000 ) ) ;
#204 = EDGE_CURVE ( 'NONE', #1202, #1391, #522, .T. ) ;
#205 = PRODUCT_CONTEXT ( 'NONE', #1989, 'mechanical' ) ;
#206 = CARTESIAN_POINT ( 'NONE',  ( 16.84372234463880247, 81.04170010806461732, 0.0000000000000000000 ) ) ;
#207 = DIRECTION ( 'NONE',  ( 0.0000000000000000000, 0.0000000000000000000, -1.000000000000000000 ) ) ;
#208 = FACE_OUTER_BOUND ( 'NONE', #932, .T. ) ;
#209 = DIRECTION ( 'NONE',  ( -1.000000000000000000, 0.0000000000000000000, 0.0000000000000000000 ) ) ;
#210 = ORIENTED_EDGE ( 'NONE', *, *, #1551, .F. ) ;
#211 = UNCERTAINTY_MEASURE_WITH_UNIT (LENGTH_MEASURE( 1.000000000000000082E-05 ), #1757, 'distance_accuracy_value', 'NONE');
#212 = FACE_OUTER_BOUND ( 'NONE', #1243, .T. ) ;
#213 = B_SPLINE_CURVE_WITH_KNOTS ( 'NONE', 3,
 ( #2150, #1813, #1446, #576, #1433, #1937 ),
 .UNSPECIFIED., .F., .F.,
 ( 4, 2, 4 ),
 ( 0.5000000000000000000, 0.7500000000000000000, 1.000000000000000000 ),
 .UNSPECIFIED. ) ;
#214 = CARTESIAN_POINT ( 'NONE',  ( 16.46000000000000085, 82.44639320657130099, -0.7910336196947340692 ) ) ;
#215 = ORIENTED_EDGE ( 'NONE', *, *, #2151, .T. ) ;
#216 = DIRECTION ( 'NONE',  ( 0.9902954620542210318, 1.701990216742759396E-17, 0.1389780480321143596 ) ) ;
#217 = CARTESIAN_POINT ( 'NONE',  ( 15.63000000000000078, 82.00000000000000000, 0.0000000000000000000 ) ) ;
#218 = FILL_AREA_STYLE ('',( #936 ) ) ;
#219 = CARTESIAN_POINT ( 'NONE',  ( 18.00000000000000355, 82.42702481088700495, 0.0000000000000000000 ) ) ;
#220 = CARTESIAN_POINT ( 'NONE',  ( 12.00000000000000178, 82.07828799299480238, 0.2990381056767050238 ) ) ;
#221 = ADVANCED_FACE ( 'NONE', ( #143 ), #680, .F. ) ;
#222 = CARTESIAN_POINT ( 'NONE',  ( 12.75000000000000178, 82.00000000000000000, 0.0000000000000000000 ) ) ;
#223 = CARTESIAN_POINT ( 'NONE',  ( 16.84372234463879892, 82.84382981158212544, -0.4762144330940036863 ) ) ;
#224 = VERTEX_POINT ( 'NONE', #2196 ) ;
#225 = DIRECTION ( 'NONE',  ( 0.0000000000000000000, 0.0000000000000000000, -1.000000000000000000 ) ) ;
#226 = AXIS2_PLACEMENT_3D ( 'NONE', #2249, #1203, #1738 ) ;
#227 = CARTESIAN_POINT ( 'NONE',  ( 17.07627833366132108, 82.00000000000000000, 0.9924409107168810085 ) ) ;
#228 = CARTESIAN_POINT ( 'NONE',  ( 16.84372234463880602, 82.95829989193536846, -1.173578895281910028E-16 ) ) ;
#229 = AXIS2_PLACEMENT_3D ( 'NONE', #1731, #839, #1903 ) ;
#230 = CARTESIAN_POINT ( 'NONE',  ( 12.00000000000000000, 82.20170729698449463, 0.1156782906585469006 ) ) ;
#231 = DIRECTION ( 'NONE',  ( -1.000000000000000000, 0.0000000000000000000, 0.0000000000000000000 ) ) ;
#232 = CARTESIAN_POINT ( 'NONE',  ( 15.19999999999999929, 82.00000000000000000, 3.031731290585930107E-47 ) ) ;
#233 = EDGE_CURVE ( 'NONE', #459, #325, #71, .T. ) ;
#234 = CARTESIAN_POINT ( 'NONE',  ( 16.84372234463879536, 82.95143917660915633, -0.1506517742515764702 ) ) ;
#235 = CARTESIAN_POINT ( 'NONE',  ( 16.46000000000000085, 82.85600622481668154, 0.2775379251535580183 ) ) ;
#236 = ORIENTED_EDGE ( 'NONE', *, *, #645, .F. ) ;
#237 = AXIS2_PLACEMENT_3D ( 'NONE', #59, #28, #761 ) ;
#238 = CARTESIAN_POINT ( 'NONE',  ( 16.84372234463880602, 81.04170010806463154, 0.0000000000000000000 ) ) ;
#239 = TOROIDAL_SURFACE ( 'NONE', #1259, 0.2990381056766580059, 0.6999999999999999556 ) ;
#240 = LINE ( 'NONE', #1642, #1372 ) ;
#241 = CIRCLE ( 'NONE', #1523, 0.8540496217739099727 ) ;
#242 = B_SPLINE_CURVE_WITH_KNOTS ( 'NONE', 3,
 ( #178, #483, #1207, #1019, #517, #692 ),
 .UNSPECIFIED., .F., .F.,
 ( 4, 2, 4 ),
 ( 0.5000000000000000000, 0.7500000000000000000, 1.000000000000000000 ),
 .UNSPECIFIED. ) ;
#243 = CARTESIAN_POINT ( 'NONE',  ( 12.00000000000000000, 82.03039660938129884, 0.2247541515219338149 ) ) ;
#244 = FILL_AREA_STYLE_COLOUR ( '', #263 ) ;
#245 = AXIS2_PLACEMENT_3D ( 'NONE', #842, #125, #833 ) ;
#246 = CARTESIAN_POINT ( 'NONE',  ( 16.84372234463880247, 81.04170010806461732, 0.0000000000000000000 ) ) ;
#247 = CARTESIAN_POINT ( 'NONE',  ( 10.20075105331220655, 81.88255300177826257, -3.100000000000000089 ) ) ;
#248 = CARTESIAN_POINT ( 'NONE',  ( 16.46000000000000085, 82.72375213715987741, 0.5485642782288528974 ) ) ;
#249 = EDGE_LOOP ( 'NONE', ( #1725, #215 ) ) ;
#250 = ADVANCED_FACE ( 'NONE', ( #1830 ), #1601, .T. ) ;
#251 = CARTESIAN_POINT ( 'NONE',  ( 19.99999999999999645, 82.00000000000000000, -0.4499999999999990119 ) ) ;
#252 = CARTESIAN_POINT ( 'NONE',  ( 16.84372234463879536, 82.47621443309456879, 0.8438298115816771361 ) ) ;
#253 = ADVANCED_FACE ( 'NONE', ( #2206 ), #1583, .T. ) ;
#254 = CARTESIAN_POINT ( 'NONE',  ( 14.10796153005422049, 82.85404962177391042, -1.708099243547810842 ) ) ;
#255 = CYLINDRICAL_SURFACE ( 'NONE', #817, 0.2249999999999995060 ) ;
#256 = LINE ( 'NONE', #278, #1123 ) ;
#257 = CARTESIAN_POINT ( 'NONE',  ( 20.22500000000000142, 82.05890486225479208, -3.100000000000000977 ) ) ;
#258 = CARTESIAN_POINT ( 'NONE',  ( 16.46000000000000441, 82.59243987816617505, 0.6800338076316801983 ) ) ;
#259 = VERTEX_POINT ( 'NONE', #990 ) ;
#260 = CARTESIAN_POINT ( 'NONE',  ( 19.55000000000000426, 81.54999999999999716, -0.2249999999999999778 ) ) ;
#261 = CARTESIAN_POINT ( 'NONE',  ( 16.58870749541299716, 81.08945132183724525, 0.0000000000000000000 ) ) ;
#262 = CARTESIAN_POINT ( 'NONE',  ( 16.45999999999999730, 81.55638130059277557, -0.7861215678018755870 ) ) ;
#263 = COLOUR_RGB ( '',0.7725490196078431682, 0.7725490196078431682, 0.7725490196078431682 ) ;
#264 = EDGE_CURVE ( 'NONE', #259, #1409, #1495, .T. ) ;
#265 = AXIS2_PLACEMENT_3D ( 'NONE', #933, #1628, #2267 ) ;
#266 = CARTESIAN_POINT ( 'NONE',  ( 13.53000000000000291, 82.89543366406843461, -2.217335002501882880E-16 ) ) ;
#267 = MECHANICAL_DESIGN_GEOMETRIC_PRESENTATION_REPRESENTATION (  '', ( #452 ), #1545 ) ;
#268 = STYLED_ITEM ( 'NONE', ( #1815 ), #1346 ) ;
#269 = CARTESIAN_POINT ( 'NONE',  ( 15.90872790712966633, 81.14595037822608958, 0.0000000000000000000 ) ) ;
#270 = LINE ( 'NONE', #1841, #1250 ) ;
#271 = EDGE_LOOP ( 'NONE', ( #1821, #300, #1673, #1355 ) ) ;
#272 = SURFACE_SIDE_STYLE ('',( #436 ) ) ;
#273 = CARTESIAN_POINT ( 'NONE',  ( 16.58870749541300071, 81.08945132183725946, -1.821097356325489969 ) ) ;
#274 = CARTESIAN_POINT ( 'NONE',  ( 16.84372234463879892, 82.84468926722209403, 0.4580831981800596031 ) ) ;
#275 = CIRCLE ( 'NONE', #1553, 0.7000000000000061728 ) ;
#276 = COLOUR_RGB ( '',1.000000000000000000, 0.0000000000000000000, 0.0000000000000000000 ) ;
#277 = CARTESIAN_POINT ( 'NONE',  ( 15.63000000000000078, 82.00000000000000000, 0.8499999999999999778 ) ) ;
#278 = CARTESIAN_POINT ( 'NONE',  ( 13.53000000017345883, 82.00000000000000000, 0.8997538438109131675 ) ) ;
#279 = VERTEX_POINT ( 'NONE', #104 ) ;
#280 = CARTESIAN_POINT ( 'NONE',  ( 15.98940396395307850, 82.85600297267733083, 1.712005945354643899 ) ) ;
#281 = SURFACE_SIDE_STYLE ('',( #1300 ) ) ;
#282 = CARTESIAN_POINT ( 'NONE',  ( 16.46000000000000085, 82.38798781679692240, 0.8119739861849643026 ) ) ;
#283 = ORIENTED_EDGE ( 'NONE', *, *, #89, .T. ) ;
#284 = CARTESIAN_POINT ( 'NONE',  ( 17.30000000000000071, 82.00000000000000000, 0.0000000000000000000 ) ) ;
#285 = UNCERTAINTY_MEASURE_WITH_UNIT (LENGTH_MEASURE( 1.000000000000000082E-05 ), #1362, 'distance_accuracy_value', 'NONE');
#286 = CARTESIAN_POINT ( 'NONE',  ( 16.84372234463880602, 82.95829989193536846, -1.173578895281911014E-16 ) ) ;
#287 = CARTESIAN_POINT ( 'NONE',  ( 16.45999999999999730, 82.85066120677534229, -0.2758849508650632054 ) ) ;
#288 = CARTESIAN_POINT ( 'NONE',  ( 13.28002739223612672, 82.93262621797146039, -1.865252435942931886 ) ) ;
#289 = CARTESIAN_POINT ( 'NONE',  ( 16.84372234463880247, 82.91169179898699326, 0.2956836983688074239 ) ) ;
#290 = ORIENTED_EDGE ( 'NONE', *, *, #1135, .F. ) ;
#291 = CARTESIAN_POINT ( 'NONE',  ( 16.84372234463880247, 81.36801899605993071, 0.7254392730683703050 ) ) ;
#292 = EDGE_CURVE ( 'NONE', #259, #684, #2224, .T. ) ;
#293 = VERTEX_POINT ( 'NONE', #1726 ) ;
#294 = CARTESIAN_POINT ( 'NONE',  ( 12.00000000000000000, 81.79606350968128936, 0.09577794157515658047 ) ) ;
#295 = CARTESIAN_POINT ( 'NONE',  ( 16.46000000000000085, 82.14032566290548232, 0.8863606290960193146 ) ) ;
#296 = CARTESIAN_POINT ( 'NONE',  ( 14.17197179376399951, 82.85404962177391042, -1.708099243547811064 ) ) ;
#297 = MECHANICAL_DESIGN_GEOMETRIC_PRESENTATION_REPRESENTATION (  '', ( #448 ), #1359 ) ;
#298 = DIRECTION ( 'NONE',  ( 1.000000000000000000, 0.0000000000000000000, 0.0000000000000000000 ) ) ;
#299 = MECHANICAL_DESIGN_GEOMETRIC_PRESENTATION_REPRESENTATION (  '', ( #1695 ), #1435 ) ;
#300 = ORIENTED_EDGE ( 'NONE', *, *, #1105, .T. ) ;
#301 = CARTESIAN_POINT ( 'NONE',  ( 16.46000000000000085, 82.89414925464086537, -6.570102135935447598E-17 ) ) ;
#302 = AXIS2_PLACEMENT_3D ( 'NONE', #11, #1245, #1952 ) ;
#303 =( NAMED_UNIT ( * ) SI_UNIT ( $, .STERADIAN. ) SOLID_ANGLE_UNIT ( ) );
#304 = AXIS2_PLACEMENT_3D ( 'NONE', #2016, #618, #606 ) ;
#305 = ORIENTED_EDGE ( 'NONE', *, *, #2058, .F. ) ;
#306 = CARTESIAN_POINT ( 'NONE',  ( 11.99999999999999822, 81.94109513774519371, -0.2250000000000000056 ) ) ;
#307 = EDGE_CURVE ( 'NONE', #182, #2270, #769, .T. ) ;
#308 = UNCERTAINTY_MEASURE_WITH_UNIT (LENGTH_MEASURE( 1.000000000000000082E-05 ), #1867, 'distance_accuracy_value', 'NONE');
#309 = CARTESIAN_POINT ( 'NONE',  ( 16.45999999999999730, 81.14933879322475718, 0.2758849508715978116 ) ) ;
#310 =( NAMED_UNIT ( * ) SI_UNIT ( $, .STERADIAN. ) SOLID_ANGLE_UNIT ( ) );
#311 =( GEOMETRIC_REPRESENTATION_CONTEXT ( 3 ) GLOBAL_UNCERTAINTY_ASSIGNED_CONTEXT ( ( #1178 ) ) GLOBAL_UNIT_ASSIGNED_CONTEXT ( ( #1102, #747, #550 ) ) REPRESENTATION_CONTEXT ( 'NONE', 'WORKASPACE' ) );
#312 = CARTESIAN_POINT ( 'NONE',  ( 13.98000000000365617, 82.00000000000000000, 0.0000000000000000000 ) ) ;
#313 =( GEOMETRIC_REPRESENTATION_CONTEXT ( 3 ) GLOBAL_UNCERTAINTY_ASSIGNED_CONTEXT ( ( #2120 ) ) GLOBAL_UNIT_ASSIGNED_CONTEXT ( ( #91, #640, #303 ) ) REPRESENTATION_CONTEXT ( 'NONE', 'WORKASPACE' ) );
#314 = CARTESIAN_POINT ( 'NONE',  ( 20.20075105331220300, 81.88255300177826257, -3.100000000000000089 ) ) ;
#315 = ORIENTED_EDGE ( 'NONE', *, *, #1807, .T. ) ;
#316 = DIRECTION ( 'NONE',  ( -1.000000000000000000, -0.0000000000000000000, -0.0000000000000000000 ) ) ;
#317 =( GEOMETRIC_REPRESENTATION_CONTEXT ( 3 ) GLOBAL_UNCERTAINTY_ASSIGNED_CONTEXT ( ( #184 ) ) GLOBAL_UNIT_ASSIGNED_CONTEXT ( ( #382, #39, #1631 ) ) REPRESENTATION_CONTEXT ( 'NONE', 'WORKASPACE' ) );
#318 = ORIENTED_EDGE ( 'NONE', *, *, #1135, .T. ) ;
#319 = PRESENTATION_STYLE_ASSIGNMENT (( #1889 ) ) ;
#320 = CARTESIAN_POINT ( 'NONE',  ( 16.45999999999999730, 82.44361869940885867, 0.7861215678018801389 ) ) ;
#321 = ADVANCED_FACE ( 'NONE', ( #1048, #1358 ), #2237, .T. ) ;
#322 = PRESENTATION_STYLE_ASSIGNMENT (( #134 ) ) ;
#323 = CARTESIAN_POINT ( 'NONE',  ( 18.00000000000000355, 82.22499999999999432, 3.031000827889698023E-17 ) ) ;
#324 = CARTESIAN_POINT ( 'NONE',  ( 18.00000000000000355, 82.00000000000000000, 0.2250000000000000333 ) ) ;
#325 = VERTEX_POINT ( 'NONE', #1001 ) ;
#326 = DIRECTION ( 'NONE',  ( 0.0000000000000000000, 0.0000000000000000000, -1.000000000000000000 ) ) ;
#327 = SURFACE_STYLE_USAGE ( .BOTH. , #1369 ) ;
#328 = ORIENTED_EDGE ( 'NONE', *, *, #645, .T. ) ;
#329 = CARTESIAN_POINT ( 'NONE',  ( 16.07001729354351838, 81.23291730869166827, 0.4487725369087168237 ) ) ;
#330 = CARTESIAN_POINT ( 'NONE',  ( 16.84372234463880247, 82.95829989193538268, -7.041473371691431572E-17 ) ) ;
#331 = PLANE ( 'NONE',  #1108 ) ;
#332 = CARTESIAN_POINT ( 'NONE',  ( 15.63000000000000078, 82.00000000000000000, -0.8499999999999999778 ) ) ;
#333 = ADVANCED_FACE ( 'NONE', ( #164 ), #1383, .T. ) ;
#334 = CARTESIAN_POINT ( 'NONE',  ( 15.19999999999999929, 82.00000000000000000, 0.8540496217739099727 ) ) ;
#335 = PRESENTATION_LAYER_ASSIGNMENT (  '', '', ( #448 ) ) ;
#336 = CARTESIAN_POINT ( 'NONE',  ( 18.00000000000000355, 82.00000000000000000, 0.2250000000000000333 ) ) ;
#337 = ORIENTED_EDGE ( 'NONE', *, *, #816, .T. ) ;
#338 = EDGE_CURVE ( 'NONE', #589, #1099, #594, .T. ) ;
#339 = COLOUR_RGB ( '',0.7725490196078431682, 0.7725490196078431682, 0.7725490196078431682 ) ;
#340 = ORIENTED_EDGE ( 'NONE', *, *, #2128, .F. ) ;
#341 = CIRCLE ( 'NONE', #635, 0.2249999999999995060 ) ;
#342 = CIRCLE ( 'NONE', #1404, 0.2250000000000000333 ) ;
#343 = CARTESIAN_POINT ( 'NONE',  ( 17.07627833366132108, 82.00000000000000000, -2.311215952723115717E-46 ) ) ;
#344 = CARTESIAN_POINT ( 'NONE',  ( 20.00000000000000000, 82.22499999999999432, -3.100000000000000533 ) ) ;
#345 = CARTESIAN_POINT ( 'NONE',  ( 10.44999999999999929, 82.00000000000000000, -0.2250000000000000333 ) ) ;
#346 = CARTESIAN_POINT ( 'NONE',  ( 20.22500000000000497, 81.94109513774519371, -3.100000000000000977 ) ) ;
#347 =( NAMED_UNIT ( * ) SI_UNIT ( $, .STERADIAN. ) SOLID_ANGLE_UNIT ( ) );
#348 = EDGE_CURVE ( 'NONE', #893, #1761, #630, .T. ) ;
#349 = EDGE_LOOP ( 'NONE', ( #2205, #1935, #81, #1416 ) ) ;
#350 = CIRCLE ( 'NONE', #788, 0.9924409107213705283 ) ;
#351 = COLOUR_RGB ( '',0.7725490196078431682, 0.7725490196078431682, 0.7725490196078431682 ) ;
#352 = ORIENTED_EDGE ( 'NONE', *, *, #56, .F. ) ;
#353 = FACE_OUTER_BOUND ( 'NONE', #349, .T. ) ;
#354 = CARTESIAN_POINT ( 'NONE',  ( 14.17197179376399951, 82.85404962177391042, 1.708099243547811064 ) ) ;
#355 = ORIENTED_EDGE ( 'NONE', *, *, #1206, .F. ) ;
#356 = CARTESIAN_POINT ( 'NONE',  ( 12.00000000000000178, 82.05890486225480629, -0.2250000000000000611 ) ) ;
#357 = CARTESIAN_POINT ( 'NONE',  ( 9.774999999999998579, 82.00000000000000000, -0.4500000000000007327 ) ) ;
#358 = CARTESIAN_POINT ( 'NONE',  ( 17.99999999999999645, 82.17916160373235357, 0.1371525239915038774 ) ) ;
#359 = SURFACE_STYLE_USAGE ( .BOTH. , #2269 ) ;
#360 = FILL_AREA_STYLE ('',( #868 ) ) ;
#361 = CYLINDRICAL_SURFACE ( 'NONE', #1411, 0.2249999999999995060 ) ;
#362 = ORIENTED_EDGE ( 'NONE', *, *, #2263, .T. ) ;
#363 = EDGE_CURVE ( 'NONE', #628, #2270, #1751, .T. ) ;
#364 = ORIENTED_EDGE ( 'NONE', *, *, #1195, .F. ) ;
#365 = CARTESIAN_POINT ( 'NONE',  ( 18.00000000000000355, 81.77500000000000568, -2.479909768273390608E-17 ) ) ;
#366 = CARTESIAN_POINT ( 'NONE',  ( 10.22499999999999609, 82.00000000000000000, -0.4500000000000007327 ) ) ;
#367 = CARTESIAN_POINT ( 'NONE',  ( 16.45999999996291407, 82.00000000000000000, -0.8997377031190166852 ) ) ;
#368 = CARTESIAN_POINT ( 'NONE',  ( 17.25000000000000000, 81.00000000000000000, 0.0000000000000000000 ) ) ;
#369 = EDGE_LOOP ( 'NONE', ( #175, #1232, #1198, #1692, #1507 ) ) ;
#370 = CARTESIAN_POINT ( 'NONE',  ( 12.75000000000000178, 82.00000000000000000, 0.0000000000000000000 ) ) ;
#371 = MECHANICAL_DESIGN_GEOMETRIC_PRESENTATION_REPRESENTATION (  '', ( #1003 ), #555 ) ;
#372 = CARTESIAN_POINT ( 'NONE',  ( 9.775000000000000355, 81.94109513774519371, -3.100000000000000977 ) ) ;
#373 = PRESENTATION_LAYER_ASSIGNMENT (  '', '', ( #1180 ) ) ;
#374 = CARTESIAN_POINT ( 'NONE',  ( 16.84372234463880247, 82.95829989193538268, -7.041473371691431572E-17 ) ) ;
#375 = VERTEX_POINT ( 'NONE', #1407 ) ;
#376 = ADVANCED_FACE ( 'NONE', ( #1752 ), #1399, .T. ) ;
#377 = B_SPLINE_CURVE_WITH_KNOTS ( 'NONE', 3,
 ( #1588, #2139, #541, #40, #220, #406, #578, #1954, #50, #1104 ),
 .UNSPECIFIED., .F., .F.,
 ( 4, 2, 2, 2, 4 ),
 ( 0.0000000000000000000, 0.2500000000000000000, 0.5000000000000000000, 0.7500000000000000000, 1.000000000000000000 ),
 .UNSPECIFIED. ) ;
#378 = CIRCLE ( 'NONE', #820, 0.8540496217739099727 ) ;
#379 = CARTESIAN_POINT ( 'NONE',  ( 13.53000000000000114, 80.70000000000000284, 1.729999999999999982 ) ) ;
#380 = AXIS2_PLACEMENT_3D ( 'NONE', #32, #557, #2143 ) ;
#381 = DIRECTION ( 'NONE',  ( -1.000000000000000000, 0.0000000000000000000, 0.0000000000000000000 ) ) ;
#382 =( LENGTH_UNIT ( ) NAMED_UNIT ( * ) SI_UNIT ( .MILLI., .METRE. ) );
#383 = CARTESIAN_POINT ( 'NONE',  ( 10.00000000000000000, 82.00000000000000000, -0.4499999999999980127 ) ) ;
#384 = SURFACE_STYLE_USAGE ( .BOTH. , #1788 ) ;
#385 = CARTESIAN_POINT ( 'NONE',  ( 9.999999999999996447, 82.00000000000000000, -0.4500000000000007327 ) ) ;
#386 = ORIENTED_EDGE ( 'NONE', *, *, #1240, .T. ) ;
#387 =( GEOMETRIC_REPRESENTATION_CONTEXT ( 3 ) GLOBAL_UNCERTAINTY_ASSIGNED_CONTEXT ( ( #1066 ) ) GLOBAL_UNIT_ASSIGNED_CONTEXT ( ( #1920, #1074, #2155 ) ) REPRESENTATION_CONTEXT ( 'NONE', 'WORKASPACE' ) );
#388 = FACE_OUTER_BOUND ( 'NONE', #1350, .T. ) ;
#389 = CARTESIAN_POINT ( 'NONE',  ( 16.45999999999999730, 82.23711064128973192, -0.8688096895920981444 ) ) ;
#390 = EDGE_LOOP ( 'NONE', ( #845, #477, #528, #625 ) ) ;
#391 = PRODUCT_DEFINITION ( 'UNKNOWN', '', #2007, #2093 ) ;
#392 = CARTESIAN_POINT ( 'NONE',  ( 12.00000000000000178, 82.11744699822172322, -0.2007510533122079666 ) ) ;
#393 = CARTESIAN_POINT ( 'NONE',  ( 16.84372234463880602, 81.04170010806463154, 2.347157790563806744E-16 ) ) ;
#394 = SURFACE_STYLE_USAGE ( .BOTH. , #1116 ) ;
#395 = SURFACE_STYLE_FILL_AREA ( #12 ) ;
#396 = CARTESIAN_POINT ( 'NONE',  ( 15.90872790712966633, 81.14595037822608958, 2.091818271236855363E-16 ) ) ;
#397 = FACE_BOUND ( 'NONE', #2017, .T. ) ;
#398 = CARTESIAN_POINT ( 'NONE',  ( 16.45999999999999730, 82.82475872656212346, -0.3599194825346813120 ) ) ;
#399 = ORIENTED_EDGE ( 'NONE', *, *, #1580, .F. ) ;
#400 = SURFACE_STYLE_FILL_AREA ( #1217 ) ;
#401 = CARTESIAN_POINT ( 'NONE',  ( 15.00000000000000000, 82.00000000000000000, -0.8540496217739099727 ) ) ;
#402 = CARTESIAN_POINT ( 'NONE',  ( 9.799248946687789896, 82.11744699822172322, -3.100000000000000089 ) ) ;
#403 = CARTESIAN_POINT ( 'NONE',  ( 12.00000000000000000, 82.22499999999999432, -1.928818708657081344E-17 ) ) ;
#404 = FACE_OUTER_BOUND ( 'NONE', #2256, .T. ) ;
#405 = ADVANCED_FACE ( 'NONE', ( #353 ), #2175, .T. ) ;
#406 = CARTESIAN_POINT ( 'NONE',  ( 11.99999999999999822, 81.92171200700522604, 0.2990381056767050238 ) ) ;
#407 = CARTESIAN_POINT ( 'NONE',  ( 16.07000910242061664, 81.14009147013386780, -1.719817059732286380 ) ) ;
#408 = CARTESIAN_POINT ( 'NONE',  ( 16.84372234463880247, 82.63198100394026824, -0.7254392730672828415 ) ) ;
#409 = DIRECTION ( 'NONE',  ( -1.000000000000000000, 0.0000000000000000000, 0.0000000000000000000 ) ) ;
#410 = ORIENTED_EDGE ( 'NONE', *, *, #2193, .T. ) ;
#411 =( NAMED_UNIT ( * ) SI_UNIT ( $, .STERADIAN. ) SOLID_ANGLE_UNIT ( ) );
#412 = STYLED_ITEM ( 'NONE', ( #1674 ), #250 ) ;
#413 = CARTESIAN_POINT ( 'NONE',  ( 16.07001729354351482, 81.77492073130349581, -0.8597394768133953535 ) ) ;
#414 = CARTESIAN_POINT ( 'NONE',  ( 16.84372234463880247, 82.95829989193536846, 1.916599783870736484 ) ) ;
#415 = CONICAL_SURFACE ( 'NONE', #229, 0.8997538438109131675, 0.1106572211756286783 ) ;
#416 = AXIS2_PLACEMENT_3D ( 'NONE', #1998, #80, #789 ) ;
#417 =( LENGTH_UNIT ( ) NAMED_UNIT ( * ) SI_UNIT ( .MILLI., .METRE. ) );
#418 = LINE ( 'NONE', #1619, #183 ) ;
#419 = ADVANCED_FACE ( 'NONE', ( #1419 ), #749, .F. ) ;
#420 = CARTESIAN_POINT ( 'NONE',  ( 15.82802820623600404, 82.85404962177391042, -1.708099243547811064 ) ) ;
#421 = CARTESIAN_POINT ( 'NONE',  ( 9.799248946687793449, 81.88255300177826257, -3.100000000000000977 ) ) ;
#422 = AXIS2_PLACEMENT_3D ( 'NONE', #1387, #135, #2053 ) ;
#423 = CARTESIAN_POINT ( 'NONE',  ( 20.22500000000000142, 82.00000000000000000, -0.4499999999999980127 ) ) ;
#424 = ORIENTED_EDGE ( 'NONE', *, *, #1455, .T. ) ;
#425 = CARTESIAN_POINT ( 'NONE',  ( 13.40466119514035448, 82.91166076817779640, 1.823321536355559269 ) ) ;
#426 = MECHANICAL_DESIGN_GEOMETRIC_PRESENTATION_REPRESENTATION (  '', ( #1194 ), #313 ) ;
#427 = CARTESIAN_POINT ( 'NONE',  ( 16.07001729354351482, 81.23291730869168248, -0.4487725369087166016 ) ) ;
#428 = PRESENTATION_LAYER_ASSIGNMENT (  '', '', ( #2111 ) ) ;
#429 = CARTESIAN_POINT ( 'NONE',  ( 16.45999999999999730, 81.94332330763839423, -0.8941828784918091078 ) ) ;
#430 = CARTESIAN_POINT ( 'NONE',  ( 17.32692307692310152, 81.00147983742053270, 0.0000000000000000000 ) ) ;
#431 =( GEOMETRIC_REPRESENTATION_CONTEXT ( 3 ) GLOBAL_UNCERTAINTY_ASSIGNED_CONTEXT ( ( #2238 ) ) GLOBAL_UNIT_ASSIGNED_CONTEXT ( ( #137, #1895, #879 ) ) REPRESENTATION_CONTEXT ( 'NONE', 'WORKASPACE' ) );
#432 = CARTESIAN_POINT ( 'NONE',  ( 10.00000000000000000, 81.77500000000000568, -3.100000000000000533 ) ) ;
#433 = CARTESIAN_POINT ( 'NONE',  ( 15.82802820623600226, 82.85404962177391042, -1.045909135618420163E-16 ) ) ;
#434 = CYLINDRICAL_SURFACE ( 'NONE', #1587, 0.8540496217739099727 ) ;
#435 = ORIENTED_EDGE ( 'NONE', *, *, #74, .T. ) ;
#436 = SURFACE_STYLE_FILL_AREA ( #1985 ) ;
#437 = ADVANCED_FACE ( 'NONE', ( #2028 ), #1623, .T. ) ;
#438 = CARTESIAN_POINT ( 'NONE',  ( 16.71667953344204705, 81.06805697795779508, -1.863886044084439142 ) ) ;
#439 = CARTESIAN_POINT ( 'NONE',  ( 16.84372234463879536, 82.32481958152172297, 0.9032951287370477589 ) ) ;
#440 = CARTESIAN_POINT ( 'NONE',  ( 13.53000000000000114, 82.89543366406843461, -1.790867328136852565 ) ) ;
#441 = CARTESIAN_POINT ( 'NONE',  ( 10.22499999999999964, 82.00000000000000000, -0.4499999999999980127 ) ) ;
#442 = CARTESIAN_POINT ( 'NONE',  ( 12.00000000000000178, 82.29903810567672906, -0.07828799299477876006 ) ) ;
#443 = SURFACE_STYLE_FILL_AREA ( #41 ) ;
#444 = CARTESIAN_POINT ( 'NONE',  ( 13.98000000000000043, 82.00000000000000000, 0.0000000000000000000 ) ) ;
#445 = ORIENTED_EDGE ( 'NONE', *, *, #1596, .F. ) ;
#446 = CARTESIAN_POINT ( 'NONE',  ( 19.55000000000000071, 82.00000000000000000, 0.2250000000000000333 ) ) ;
#447 = UNCERTAINTY_MEASURE_WITH_UNIT (LENGTH_MEASURE( 1.000000000000000082E-05 ), #1857, 'distance_accuracy_value', 'NONE');
#448 = STYLED_ITEM ( 'NONE', ( #1966 ), #19 ) ;
#449 = ADVANCED_FACE ( 'NONE', ( #1481 ), #975, .F. ) ;
#450 = CARTESIAN_POINT ( 'NONE',  ( 16.46000000000000441, 81.18036429828727307, -0.3576843893739768410 ) ) ;
#451 = PRESENTATION_LAYER_ASSIGNMENT (  '', '', ( #412 ) ) ;
#452 = STYLED_ITEM ( 'NONE', ( #1569 ), #702 ) ;
#453 = SURFACE_STYLE_USAGE ( .BOTH. , #2232 ) ;
#454 =( GEOMETRIC_REPRESENTATION_CONTEXT ( 3 ) GLOBAL_UNCERTAINTY_ASSIGNED_CONTEXT ( ( #2141 ) ) GLOBAL_UNIT_ASSIGNED_CONTEXT ( ( #1233, #1242, #731 ) ) REPRESENTATION_CONTEXT ( 'NONE', 'WORKASPACE' ) );
#455 = DIRECTION ( 'NONE',  ( 0.0000000000000000000, -1.000000000000000000, 0.0000000000000000000 ) ) ;
#456 = VERTEX_POINT ( 'NONE', #1106 ) ;
#457 =( NAMED_UNIT ( * ) PLANE_ANGLE_UNIT ( ) SI_UNIT ( $, .RADIAN. ) );
#458 = CARTESIAN_POINT ( 'NONE',  ( 15.00000000000000000, 82.00000000000000000, 0.0000000000000000000 ) ) ;
#459 = VERTEX_POINT ( 'NONE', #1636 ) ;
#460 = CARTESIAN_POINT ( 'NONE',  ( 16.84372234463879892, 82.72430227862179208, -0.6309908579308608489 ) ) ;
#461 = CARTESIAN_POINT ( 'NONE',  ( 16.84372234463879892, 82.25294793382562375, 0.9268112458704136358 ) ) ;
#462 = AXIS2_PLACEMENT_3D ( 'NONE', #2036, #1665, #819 ) ;
#463 = DIRECTION ( 'NONE',  ( 0.0000000000000000000, 1.000000000000000000, -1.224646799147352221E-16 ) ) ;
#464 = CARTESIAN_POINT ( 'NONE',  ( 19.77499999999999858, 82.45000000000000284, -0.3181980515339458138 ) ) ;
#465 = CIRCLE ( 'NONE', #1559, 5.000000000000004441 ) ;
#466 = CARTESIAN_POINT ( 'NONE',  ( 16.84372234463879892, 82.92535883376132233, 0.2525513535265701548 ) ) ;
#467 = CIRCLE ( 'NONE', #1262, 5.000000000000004441 ) ;
#468 = ORIENTED_EDGE ( 'NONE', *, *, #1388, .T. ) ;
#469 = DIRECTION ( 'NONE',  ( 1.000000000000000000, 0.0000000000000000000, 0.0000000000000000000 ) ) ;
#470 = CYLINDRICAL_SURFACE ( 'NONE', #1663, 0.2249999999999995060 ) ;
#471 = ORIENTED_EDGE ( 'NONE', *, *, #1002, .F. ) ;
#472 = SURFACE_SIDE_STYLE ('',( #1036 ) ) ;
#473 = CARTESIAN_POINT ( 'NONE',  ( 16.84372234463879892, 82.93587193743391595, -0.2396195512132086314 ) ) ;
#474 = CARTESIAN_POINT ( 'NONE',  ( 14.04396306668767380, 81.14472133513665142, 0.0000000000000000000 ) ) ;
#475 =( LENGTH_UNIT ( ) NAMED_UNIT ( * ) SI_UNIT ( .MILLI., .METRE. ) );
#476 = EDGE_CURVE ( 'NONE', #1089, #1515, #20, .T. ) ;
#477 = ORIENTED_EDGE ( 'NONE', *, *, #1400, .T. ) ;
#478 = DIRECTION ( 'NONE',  ( 0.0000000000000000000, 0.0000000000000000000, -1.000000000000000000 ) ) ;
#479 = VERTEX_POINT ( 'NONE', #128 ) ;
#480 = CARTESIAN_POINT ( 'NONE',  ( 12.00000000000000178, 81.94114683378080599, 0.2198770248643471259 ) ) ;
#481 = CARTESIAN_POINT ( 'NONE',  ( 16.46000000000000441, 81.21387843220296077, 0.4436186994138225925 ) ) ;
#482 = CARTESIAN_POINT ( 'NONE',  ( 10.22499999999999964, 82.00000000000000000, -0.4500000000000007327 ) ) ;
#483 = CARTESIAN_POINT ( 'NONE',  ( 10.22500000000000142, 82.05890486225479208, -3.100000000000000977 ) ) ;
#484 = ORIENTED_EDGE ( 'NONE', *, *, #1354, .F. ) ;
#485 = CARTESIAN_POINT ( 'NONE',  ( 16.84372234463879181, 81.52378556690422329, -0.8438298115804482302 ) ) ;
#486 = VECTOR ( 'NONE', #216, 1000.000000000000114 ) ;
#487 = EDGE_CURVE ( 'NONE', #918, #1425, #35, .T. ) ;
#488 = STYLED_ITEM ( 'NONE', ( #145 ), #1316 ) ;
#489 = ORIENTED_EDGE ( 'NONE', *, *, #1609, .F. ) ;
#490 = CARTESIAN_POINT ( 'NONE',  ( 16.07001729354351838, 81.77492073130349581, 0.8597394768133955756 ) ) ;
#491 = CARTESIAN_POINT ( 'NONE',  ( 16.45999999999999730, 81.28074509813774284, 0.5451582557559918607 ) ) ;
#492 = SURFACE_STYLE_USAGE ( .BOTH. , #1386 ) ;
#493 = VECTOR ( 'NONE', #1364, 1000.000000000000000 ) ;
#494 = CARTESIAN_POINT ( 'NONE',  ( 10.22499999999999964, 82.00000000000000000, -0.4500000000000007327 ) ) ;
#495 = AXIS2_PLACEMENT_3D ( 'NONE', #1855, #1201, #697 ) ;
#496 = EDGE_LOOP ( 'NONE', ( #18, #834, #1428, #2182 ) ) ;
#497 = CARTESIAN_POINT ( 'NONE',  ( 16.84372234463880602, 81.61605707244302721, 0.8798225190881298063 ) ) ;
#498 = AXIS2_PLACEMENT_3D ( 'NONE', #1785, #179, #726 ) ;
#499 = SURFACE_STYLE_USAGE ( .BOTH. , #787 ) ;
#500 = EDGE_LOOP ( 'NONE', ( #355, #1022, #2109, #2130 ) ) ;
#501 = CARTESIAN_POINT ( 'NONE',  ( 16.07001729354351838, 81.55122746309130832, 0.7670826913083365062 ) ) ;
#502 = CARTESIAN_POINT ( 'NONE',  ( 16.45999999999999730, 82.23552550954674700, 0.8634574724161866444 ) ) ;
#503 = ORIENTED_EDGE ( 'NONE', *, *, #2145, .T. ) ;
#504 = EDGE_CURVE ( 'NONE', #894, #181, #2211, .T. ) ;
#505 =( NAMED_UNIT ( * ) SI_UNIT ( $, .STERADIAN. ) SOLID_ANGLE_UNIT ( ) );
#506 = DIRECTION ( 'NONE',  ( -1.000000000000000000, 0.0000000000000000000, 0.0000000000000000000 ) ) ;
#507 = FACE_OUTER_BOUND ( 'NONE', #1681, .T. ) ;
#508 = ORIENTED_EDGE ( 'NONE', *, *, #1388, .F. ) ;
#509 = FACE_OUTER_BOUND ( 'NONE', #1868, .T. ) ;
#510 = VERTEX_POINT ( 'NONE', #855 ) ;
#511 = CARTESIAN_POINT ( 'NONE',  ( 16.07001729354351482, 81.14026052318662607, 0.2250792686965082390 ) ) ;
#512 = PRODUCT ( '54C7A805-1D0E-4E90-89F1-EB4DE96F2379', '54C7A805-1D0E-4E90-89F1-EB4DE96F2379', '', ( #205 ) ) ;
#513 = CARTESIAN_POINT ( 'NONE',  ( 16.46000000000000085, 81.16297449005985243, 0.3148207240392569273 ) ) ;
#514 = B_SPLINE_CURVE_WITH_KNOTS ( 'NONE', 3,
 ( #2113, #1595, #715, #17, #287, #1466, #2013, #981, #1307, #632, #68, #2174, #1677, #1653, #2020, #993, #1688, #429, #1292, #1319, #1833, #2209, #1330, #262, #780, #1860, #596, #2002, #58, #450, #106, #1498, #966, #1477 ),
 .UNSPECIFIED., .F., .F.,
 ( 4, 1, 1, 2, 2, 2, 1, 1, 2, 2, 2, 1, 1, 2, 2, 2, 1, 1, 2, 2, 4 ),
 ( 0.0000000000000000000, 0.06250000000003848311, 0.09375000000005770384, 0.1093750000000651562, 0.1250000000000725808, 0.2500000000001216249, 0.3125000000001461054, 0.3437500000001583178, 0.3593750000001644240, 0.3750000000001705303, 0.5000000000001481038, 0.5625000000001292300, 0.5937500000001197931, 0.6093750000001151301, 0.6250000000001103562, 0.7500000000000858202, 0.8125000000000687228, 0.8437500000000600631, 0.8593750000000557332, 0.8750000000000514033, 1.000000000000000000 ),
 .UNSPECIFIED. ) ;
#515 = ADVANCED_FACE ( 'NONE', ( #835 ), #2213, .T. ) ;
#516 = CARTESIAN_POINT ( 'NONE',  ( 10.05459415460183692, 82.00000000000000000, 0.2250000000000000333 ) ) ;
#517 = CARTESIAN_POINT ( 'NONE',  ( 10.05890486225480984, 82.22500000000000853, -3.100000000000000977 ) ) ;
#518 = CYLINDRICAL_SURFACE ( 'NONE', #1284, 0.8499999999999999778 ) ;
#519 = PLANE ( 'NONE',  #1486 ) ;
#520 = COLOUR_RGB ( '',0.7725490196078431682, 0.7725490196078431682, 0.7725490196078431682 ) ;
#521 = SURFACE_SIDE_STYLE ('',( #1042 ) ) ;
#522 = CIRCLE ( 'NONE', #265, 0.8540496217739099727 ) ;
#523 = DIRECTION ( 'NONE',  ( 0.0000000000000000000, 1.000000000000000000, -1.224646799147352221E-16 ) ) ;
#524 = VERTEX_POINT ( 'NONE', #1550 ) ;
#525 = CIRCLE ( 'NONE', #2096, 0.6749999999999999334 ) ;
#526 = CIRCLE ( 'NONE', #380, 0.7000000000000061728 ) ;
#527 = FILL_AREA_STYLE_COLOUR ( '', #151 ) ;
#528 = ORIENTED_EDGE ( 'NONE', *, *, #2101, .T. ) ;
#529 = SURFACE_SIDE_STYLE ('',( #864 ) ) ;
#530 = CARTESIAN_POINT ( 'NONE',  ( 13.15627765536119398, 82.95829989193536846, 0.0000000000000000000 ) ) ;
#531 = DIRECTION ( 'NONE',  ( -1.000000000000000000, 0.0000000000000000000, 0.0000000000000000000 ) ) ;
#532 = FILL_AREA_STYLE ('',( #1573 ) ) ;
#533 = VERTEX_POINT ( 'NONE', #2257 ) ;
#534 = CARTESIAN_POINT ( 'NONE',  ( 16.07001166980968421, 81.14017598575183854, 7.888661298043830988E-17 ) ) ;
#535 = CIRCLE ( 'NONE', #462, 0.9582998919353685752 ) ;
#536 =( NAMED_UNIT ( * ) PLANE_ANGLE_UNIT ( ) SI_UNIT ( $, .RADIAN. ) );
#537 = CARTESIAN_POINT ( 'NONE',  ( 14.10796153005422227, 82.85404962177392463, -1.045909135618437542E-16 ) ) ;
#538 = ORIENTED_EDGE ( 'NONE', *, *, #841, .F. ) ;
#539 = DIRECTION ( 'NONE',  ( -1.000000000000000000, 0.0000000000000000000, 0.0000000000000000000 ) ) ;
#540 = B_SPLINE_CURVE_WITH_KNOTS ( 'NONE', 3,
 ( #1678, #783, #2038, #831, #96, #1161, #1666, #655, #107, #1126 ),
 .UNSPECIFIED., .F., .F.,
 ( 4, 2, 2, 2, 4 ),
 ( 0.0000000000000000000, 0.2500000000000000555, 0.5000000000000000000, 0.7500000000000000000, 1.000000000000000000 ),
 .UNSPECIFIED. ) ;
#541 = CARTESIAN_POINT ( 'NONE',  ( 12.00000000000000178, 82.26680984308929112, 0.1560939016250846023 ) ) ;
#542 = EDGE_CURVE ( 'NONE', #479, #1761, #1380, .T. ) ;
#543 = ORIENTED_EDGE ( 'NONE', *, *, #1496, .F. ) ;
#544 = PLANE ( 'NONE',  #977 ) ;
#545 = CARTESIAN_POINT ( 'NONE',  ( 14.10796153005422049, 81.14595037822610379, 1.708099243547811064 ) ) ;
#546 = VERTEX_POINT ( 'NONE', #2082 ) ;
#547 = DIRECTION ( 'NONE',  ( 0.0000000000000000000, 0.0000000000000000000, -1.000000000000000000 ) ) ;
#548 = CARTESIAN_POINT ( 'NONE',  ( 19.55000000000000071, 82.00000000000000000, -0.4500000000000000666 ) ) ;
#549 = SURFACE_SIDE_STYLE ('',( #890 ) ) ;
#550 =( NAMED_UNIT ( * ) SI_UNIT ( $, .STERADIAN. ) SOLID_ANGLE_UNIT ( ) );
#551 = EDGE_LOOP ( 'NONE', ( #129, #986, #1579, #1852 ) ) ;
#552 = CARTESIAN_POINT ( 'NONE',  ( 10.44999999999999929, 82.00000000000000000, -0.4500000000000000666 ) ) ;
#553 =( NAMED_UNIT ( * ) SI_UNIT ( $, .STERADIAN. ) SOLID_ANGLE_UNIT ( ) );
#554 = EDGE_LOOP ( 'NONE', ( #362, #386, #484, #1872, #364 ) ) ;
#555 =( GEOMETRIC_REPRESENTATION_CONTEXT ( 3 ) GLOBAL_UNCERTAINTY_ASSIGNED_CONTEXT ( ( #2197 ) ) GLOBAL_UNIT_ASSIGNED_CONTEXT ( ( #1690, #1500, #124 ) ) REPRESENTATION_CONTEXT ( 'NONE', 'WORKASPACE' ) );
#556 = CARTESIAN_POINT ( 'NONE',  ( 10.05890486225480984, 81.77499999999999147, -3.100000000000000977 ) ) ;
#557 = DIRECTION ( 'NONE',  ( 0.0000000000000000000, -1.224646799147353207E-16, -1.000000000000000000 ) ) ;
#558 = EDGE_LOOP ( 'NONE', ( #827, #1142 ) ) ;
#559 = ADVANCED_FACE ( 'NONE', ( #509 ), #1529, .T. ) ;
#560 = CIRCLE ( 'NONE', #1840, 0.8499999999999999778 ) ;
#561 = DIRECTION ( 'NONE',  ( -1.000000000000000000, 0.0000000000000000000, 0.0000000000000000000 ) ) ;
#562 = AXIS2_PLACEMENT_3D ( 'NONE', #444, #766, #582 ) ;
#563 = CARTESIAN_POINT ( 'NONE',  ( 16.71667953344204705, 82.93194302204220492, -1.141301038931724599E-16 ) ) ;
#564 = SHAPE_DEFINITION_REPRESENTATION ( #1554, #1093 ) ;
#565 = CARTESIAN_POINT ( 'NONE',  ( 16.45999999999503416, 81.10026229687461807, -0.2355507798580442624 ) ) ;
#566 = CARTESIAN_POINT ( 'NONE',  ( 20.22500000000000142, 82.00000000000000000, -3.100000000000000533 ) ) ;
#567 = DIRECTION ( 'NONE',  ( 0.0000000000000000000, 0.0000000000000000000, 1.000000000000000000 ) ) ;
#568 = CIRCLE ( 'NONE', #605, 0.2250000000000000333 ) ;
#569 = AXIS2_PLACEMENT_3D ( 'NONE', #1140, #1705, #1866 ) ;
#570 = CARTESIAN_POINT ( 'NONE',  ( 13.98000000000000220, 81.14226370210791117, 1.715472595784167442 ) ) ;
#571 = EDGE_LOOP ( 'NONE', ( #899, #696 ) ) ;
#572 = B_SPLINE_CURVE_WITH_KNOTS ( 'NONE', 3,
 ( #1652, #1134, #1291, #1664, #1510, #67, #621, #794, #1641, #1145, #57, #770, #1465, #1846, #2173, #818, #105, #2035, #610, #2220, #805, #2208, #631, #779, #595, #460, #2001, #1476, #1158, #1193, #1049, #473, #1533, #330 ),
 .UNSPECIFIED., .F., .F.,
 ( 4, 1, 1, 2, 2, 2, 1, 1, 2, 2, 2, 1, 1, 2, 2, 2, 1, 1, 2, 2, 4 ),
 ( 0.0000000000000000000, 0.06250000000000958955, 0.09375000000001300349, 0.1093750000000146688, 0.1250000000000163480, 0.2500000000000394684, 0.3125000000000464073, 0.3437500000000498490, 0.3593750000000575096, 0.3750000000000652256, 0.5000000000000602851, 0.5625000000000506262, 0.5937500000000459632, 0.6093750000000435207, 0.6250000000000411893, 0.7500000000000461853, 0.8125000000000487388, 0.8437500000000500711, 0.8593750000000477396, 0.8750000000000452971, 1.000000000000000000 ),
 .UNSPECIFIED. ) ;
#573 = CIRCLE ( 'NONE', #2154, 0.8954336640684262827 ) ;
#574 = EDGE_CURVE ( 'NONE', #1463, #138, #1771, .T. ) ;
#575 = LINE ( 'NONE', #1070, #2029 ) ;
#576 = CARTESIAN_POINT ( 'NONE',  ( 19.88255300177825902, 81.79924894668776858, -3.100000000000000089 ) ) ;
#577 = FACE_OUTER_BOUND ( 'NONE', #1613, .T. ) ;
#578 = CARTESIAN_POINT ( 'NONE',  ( 12.00000000000000178, 81.84390609837494424, 0.2668098430892705264 ) ) ;
#579 = ORIENTED_EDGE ( 'NONE', *, *, #801, .F. ) ;
#580 =( LENGTH_UNIT ( ) NAMED_UNIT ( * ) SI_UNIT ( .MILLI., .METRE. ) );
#581 = CARTESIAN_POINT ( 'NONE',  ( 16.84372234463879892, 82.55628067220285971, -0.7872221131692608287 ) ) ;
#582 = DIRECTION ( 'NONE',  ( 0.0000000000000000000, 0.0000000000000000000, -1.000000000000000000 ) ) ;
#583 = ORIENTED_EDGE ( 'NONE', *, *, #1016, .T. ) ;
#584 = CARTESIAN_POINT ( 'NONE',  ( 20.22500000000000142, 82.00000000000000000, -0.4499999999999990119 ) ) ;
#585 = CARTESIAN_POINT ( 'NONE',  ( 16.45999999999999375, 81.10585074535916306, -1.788298509281693649 ) ) ;
#586 = CARTESIAN_POINT ( 'NONE',  ( 17.07627833366132108, 82.00000000000000000, -2.311215952723115717E-46 ) ) ;
#587 = EDGE_CURVE ( 'NONE', #1425, #533, #1697, .T. ) ;
#588 = CARTESIAN_POINT ( 'NONE',  ( 10.44999999999999929, 82.00000000000000000, -0.4500000000000000666 ) ) ;
#589 = VERTEX_POINT ( 'NONE', #301 ) ;
#590 = CARTESIAN_POINT ( 'NONE',  ( 16.84372234459198125, 82.00000000000000000, -0.9598040072237659093 ) ) ;
#591 = CARTESIAN_POINT ( 'NONE',  ( 16.46000000000000796, 82.52148407058616897, 0.7379455598848899678 ) ) ;
#592 = EDGE_LOOP ( 'NONE', ( #1945, #538, #2104, #1168, #2067, #543 ) ) ;
#593 = CARTESIAN_POINT ( 'NONE',  ( 19.77499999999999858, 82.00000000000000000, -0.3181980515339458138 ) ) ;
#594 = CIRCLE ( 'NONE', #634, 5.000000000000004441 ) ;
#595 = CARTESIAN_POINT ( 'NONE',  ( 16.84372234463879536, 82.58425649874996566, -0.7708793401317766136 ) ) ;
#596 = CARTESIAN_POINT ( 'NONE',  ( 16.46000000000000441, 81.26663903188006088, -0.5182466645087222545 ) ) ;
#597 =( GEOMETRIC_REPRESENTATION_CONTEXT ( 3 ) GLOBAL_UNCERTAINTY_ASSIGNED_CONTEXT ( ( #285 ) ) GLOBAL_UNIT_ASSIGNED_CONTEXT ( ( #1362, #121, #310 ) ) REPRESENTATION_CONTEXT ( 'NONE', 'WORKASPACE' ) );
#598 = AXIS2_PLACEMENT_3D ( 'NONE', #1820, #1339, #180 ) ;
#599 = CARTESIAN_POINT ( 'NONE',  ( 14.17197179376399951, 82.00000000000000000, 0.0000000000000000000 ) ) ;
#600 = B_SPLINE_CURVE_WITH_KNOTS ( 'NONE', 3,
 ( #1227, #1413, #156, #1929, #1398, #1029, #358, #1894, #2078, #1546, #169, #323 ),
 .UNSPECIFIED., .F., .F.,
 ( 4, 2, 2, 2, 2, 4 ),
 ( 0.5000000000000000000, 0.6250000000000208722, 0.7500000000000417444, 0.8125000000000313083, 0.8750000000000207612, 1.000000000000000000 ),
 .UNSPECIFIED. ) ;
#601 = CARTESIAN_POINT ( 'NONE',  ( 16.84372234463879181, 82.63099085792900667, 0.7243022786230467469 ) ) ;
#602 = EDGE_CURVE ( 'NONE', #2274, #837, #1076, .T. ) ;
#603 = CARTESIAN_POINT ( 'NONE',  ( 16.84372234463879892, 81.84919933179261875, -0.9513803234724379498 ) ) ;
#604 = CARTESIAN_POINT ( 'NONE',  ( 20.00000000000000000, 82.00000000000000000, -3.100000000000000533 ) ) ;
#605 = AXIS2_PLACEMENT_3D ( 'NONE', #1513, #1332, #1136 ) ;
#606 = DIRECTION ( 'NONE',  ( 0.0000000000000000000, 0.0000000000000000000, 1.000000000000000000 ) ) ;
#607 = ORIENTED_EDGE ( 'NONE', *, *, #2086, .T. ) ;
#608 = CARTESIAN_POINT ( 'NONE',  ( 13.28002739223612672, 81.06737378202853961, 1.865252435942931886 ) ) ;
#609 = PRESENTATION_LAYER_ASSIGNMENT (  '', '', ( #1342 ) ) ;
#610 = CARTESIAN_POINT ( 'NONE',  ( 16.84372234463879892, 82.15041520857181467, -0.9499482618892147734 ) ) ;
#611 = CARTESIAN_POINT ( 'NONE',  ( 18.00000000000000355, 82.00000000000000000, -0.2250000000000000333 ) ) ;
#612 = AXIS2_PLACEMENT_3D ( 'NONE', #1732, #298, #1906 ) ;
#613 = CARTESIAN_POINT ( 'NONE',  ( 13.40466119514035270, 81.08833923182221781, 1.141055242571744894E-16 ) ) ;
#614 = DIRECTION ( 'NONE',  ( 1.000000000000000000, 0.0000000000000000000, 0.0000000000000000000 ) ) ;
#615 = CARTESIAN_POINT ( 'NONE',  ( 16.84372234463880247, 81.67572939333935267, 0.9018953330600221197 ) ) ;
#616 = FILL_AREA_STYLE ('',( #62 ) ) ;
#617 = DIRECTION ( 'NONE',  ( 0.0000000000000000000, 0.0000000000000000000, 1.000000000000000000 ) ) ;
#618 = DIRECTION ( 'NONE',  ( -1.000000000000000000, 0.0000000000000000000, 0.0000000000000000000 ) ) ;
#619 = EDGE_LOOP ( 'NONE', ( #756, #65, #1552, #906 ) ) ;
#620 = DIRECTION ( 'NONE',  ( 1.000000000000000000, 0.0000000000000000000, 0.0000000000000000000 ) ) ;
#621 = CARTESIAN_POINT ( 'NONE',  ( 16.84372234463879892, 81.10292043633796766, -0.3374048001602421576 ) ) ;
#622 = CARTESIAN_POINT ( 'NONE',  ( 16.84372234463879892, 82.78722211317086987, 0.5562806722011374161 ) ) ;
#623 = CARTESIAN_POINT ( 'NONE',  ( 16.07001015486430973, 82.85982394088637193, -7.900253858997908544E-17 ) ) ;
#624 = CARTESIAN_POINT ( 'NONE',  ( 16.84372234463879892, 82.12151093544956382, 0.9582326314874977102 ) ) ;
#625 = ORIENTED_EDGE ( 'NONE', *, *, #656, .F. ) ;
#626 = CARTESIAN_POINT ( 'NONE',  ( 20.20075105331221366, 82.11744699822172322, -3.100000000000000977 ) ) ;
#627 = DIRECTION ( 'NONE',  ( -1.000000000000000000, 0.0000000000000000000, 0.0000000000000000000 ) ) ;
#628 = VERTEX_POINT ( 'NONE', #882 ) ;
#629 = CARTESIAN_POINT ( 'NONE',  ( 13.53000000000000114, 82.89543366406843461, 1.790867328136851899 ) ) ;
#630 = B_SPLINE_CURVE_WITH_KNOTS ( 'NONE', 3,
 ( #1878, #118, #642, #1341, #1519, #2228 ),
 .UNSPECIFIED., .F., .F.,
 ( 4, 2, 4 ),
 ( 0.0000000000000000000, 0.2500000000000000000, 0.5000000000000000000 ),
 .UNSPECIFIED. ) ;
#631 = CARTESIAN_POINT ( 'NONE',  ( 16.84372234463879536, 82.33740480016062691, -0.8970795636620455538 ) ) ;
#632 = CARTESIAN_POINT ( 'NONE',  ( 16.45999999999999375, 82.58876105109172272, -0.6758093741466504323 ) ) ;
#633 = EDGE_CURVE ( 'NONE', #909, #1266, #781, .T. ) ;
#634 = AXIS2_PLACEMENT_3D ( 'NONE', #873, #2071, #2050 ) ;
#635 = AXIS2_PLACEMENT_3D ( 'NONE', #945, #1832, #1812 ) ;
#636 = CARTESIAN_POINT ( 'NONE',  ( 14.04396306668767025, 82.85527866486334858, -1.710557329726691389 ) ) ;
#637 = CARTESIAN_POINT ( 'NONE',  ( 19.94540584539815953, 82.45000000000000284, 0.2250000000000000333 ) ) ;
#638 = ORIENTED_EDGE ( 'NONE', *, *, #1043, .F. ) ;
#639 = CARTESIAN_POINT ( 'NONE',  ( 13.75500000000000078, 82.00000000000000000, -0.2250000000000000333 ) ) ;
#640 =( NAMED_UNIT ( * ) PLANE_ANGLE_UNIT ( ) SI_UNIT ( $, .RADIAN. ) );
#641 = ORIENTED_EDGE ( 'NONE', *, *, #542, .F. ) ;
#642 = CARTESIAN_POINT ( 'NONE',  ( 18.00000000000000711, 81.79924894668779700, -0.1174469982217385827 ) ) ;
#643 = CARTESIAN_POINT ( 'NONE',  ( 16.46000000000000441, 82.87322267521685148, 0.2235908174906738877 ) ) ;
#644 = CIRCLE ( 'NONE', #160, 0.8540496217739099727 ) ;
#645 = EDGE_CURVE ( 'NONE', #1599, #2217, #4, .T. ) ;
#646 = PRESENTATION_LAYER_ASSIGNMENT (  '', '', ( #792 ) ) ;
#647 = CARTESIAN_POINT ( 'NONE',  ( 14.10796153005422227, 82.85404962177392463, -1.045909135618420163E-16 ) ) ;
#648 = CARTESIAN_POINT ( 'NONE',  ( 16.84372234463879892, 81.41574350125591764, 0.7708793401376339283 ) ) ;
#649 = MECHANICAL_DESIGN_GEOMETRIC_PRESENTATION_REPRESENTATION (  '', ( #1745 ), #431 ) ;
#650 = ORIENTED_EDGE ( 'NONE', *, *, #487, .T. ) ;
#651 = CARTESIAN_POINT ( 'NONE',  ( 14.17197179376399951, 82.00000000000000000, 0.0000000000000000000 ) ) ;
#652 = VERTEX_POINT ( 'NONE', #566 ) ;
#653 = CARTESIAN_POINT ( 'NONE',  ( 16.46000000000000085, 81.48175333549397692, 0.7333609681211132880 ) ) ;
#654 = CARTESIAN_POINT ( 'NONE',  ( 10.44999999999999929, 82.45000000000000284, -0.2249999999999999778 ) ) ;
#655 = CARTESIAN_POINT ( 'NONE',  ( 18.00000000000000000, 82.26680984308926270, 0.1560939016250844913 ) ) ;
#656 = EDGE_CURVE ( 'NONE', #13, #1064, #525, .T. ) ;
#657 =( LENGTH_UNIT ( ) NAMED_UNIT ( * ) SI_UNIT ( .MILLI., .METRE. ) );
#658 = ORIENTED_EDGE ( 'NONE', *, *, #120, .F. ) ;
#659 = ADVANCED_FACE ( 'NONE', ( #1575 ), #2250, .T. ) ;
#660 = CARTESIAN_POINT ( 'NONE',  ( 16.84372234463880602, 81.04026325350440629, -0.1217022023948828163 ) ) ;
#661 = VERTEX_POINT ( 'NONE', #1607 ) ;
#662 = CARTESIAN_POINT ( 'NONE',  ( 12.00000000000000000, 81.96960339061870116, 0.2252458484780662240 ) ) ;
#663 =( BOUNDED_SURFACE ( )  B_SPLINE_SURFACE ( 3, 3, ( 
 ( #136, #1535, #1365, #2242 ),
 ( #1679, #1345, #464, #832 ),
 ( #2066, #637, #2255, #1376 ),
 ( #704, #2161, #849, #584 ) ),
 .UNSPECIFIED., .F., .F., .F. ) 
 B_SPLINE_SURFACE_WITH_KNOTS ( ( 4, 4 ),
 ( 4, 4 ),
 ( 0.0000000000000000000, 1.000000000000000000 ),
 ( 0.0000000000000000000, 1.000000000000000000 ),
 .UNSPECIFIED. ) 
 GEOMETRIC_REPRESENTATION_ITEM ( )  RATIONAL_B_SPLINE_SURFACE ( (
 ( 1.000000000000000000, 0.8047378541243653816, 0.8047378541243653816, 1.000000000000000000),
 ( 0.3333333333333333703, 0.2682459513747885160, 0.2682459513747885160, 0.3333333333333333703),
 ( 0.3333333333333333703, 0.2682459513747885160, 0.2682459513747885160, 0.3333333333333333703),
 ( 1.000000000000000000, 0.8047378541243653816, 0.8047378541243653816, 1.000000000000000000) ) ) 
 REPRESENTATION_ITEM ( '' )  SURFACE ( )  );
#664 = CARTESIAN_POINT ( 'NONE',  ( 16.46000000000000085, 82.05667669236085260, 0.8941828784918082196 ) ) ;
#665 = CARTESIAN_POINT ( 'NONE',  ( 19.77500000000000213, 82.00000000000000000, -0.4499999999999980127 ) ) ;
#666 = SURFACE_STYLE_FILL_AREA ( #1862 ) ;
#667 = STYLED_ITEM ( 'NONE', ( #1562 ), #5 ) ;
#668 = FACE_OUTER_BOUND ( 'NONE', #390, .T. ) ;
#669 =( NAMED_UNIT ( * ) SI_UNIT ( $, .STERADIAN. ) SOLID_ANGLE_UNIT ( ) );
#670 = MECHANICAL_DESIGN_GEOMETRIC_PRESENTATION_REPRESENTATION (  '', ( #412 ), #1472 ) ;
#671 = EDGE_LOOP ( 'NONE', ( #2084, #854 ) ) ;
#672 = CARTESIAN_POINT ( 'NONE',  ( 16.84372234463879892, 81.04856082339225054, 0.1506517742548473815 ) ) ;
#673 = AXIS2_PLACEMENT_3D ( 'NONE', #1268, #547, #1946 ) ;
#674 =( NAMED_UNIT ( * ) PLANE_ANGLE_UNIT ( ) SI_UNIT ( $, .RADIAN. ) );
#675 = ADVANCED_FACE ( 'NONE', ( #208 ), #1509, .T. ) ;
#676 = PRESENTATION_LAYER_ASSIGNMENT (  '', '', ( #1953 ) ) ;
#677 = EDGE_LOOP ( 'NONE', ( #508, #318 ) ) ;
#678 = UNCERTAINTY_MEASURE_WITH_UNIT (LENGTH_MEASURE( 1.000000000000000082E-05 ), #800, 'distance_accuracy_value', 'NONE');
#679 = CARTESIAN_POINT ( 'NONE',  ( 16.45999999999999730, 81.77623856099974375, 0.8731550137076358187 ) ) ;
#680 =( BOUNDED_SURFACE ( )  B_SPLINE_SURFACE ( 3, 3, ( 
 ( #1389, #863, #693, #1050 ),
 ( #1744, #1571, #608, #976 ),
 ( #1640, #425, #1304, #2034 ),
 ( #1289, #629, #2012, #1327 ) ),
 .UNSPECIFIED., .F., .F., .F. ) 
 B_SPLINE_SURFACE_WITH_KNOTS ( ( 4, 4 ),
 ( 4, 4 ),
 ( 0.0000000000000000000, 1.000000000000000000 ),
 ( 0.0000000000000000000, 1.000000000000000000 ),
 .UNSPECIFIED. ) 
 GEOMETRIC_REPRESENTATION_ITEM ( )  RATIONAL_B_SPLINE_SURFACE ( (
 ( 1.000000000000000000, 0.3333333333333334259, 0.3333333333333334259, 1.000000000000000000),
 ( 0.9995210928076305734, 0.3331736976025436170, 0.3331736976025436170, 0.9995210928076305734),
 ( 0.9995210928076305734, 0.3331736976025436170, 0.3331736976025436170, 0.9995210928076305734),
 ( 1.000000000000000000, 0.3333333333333334259, 0.3333333333333334259, 1.000000000000000000) ) ) 
 REPRESENTATION_ITEM ( '' )  SURFACE ( )  );
#681 = FACE_OUTER_BOUND ( 'NONE', #173, .T. ) ;
#682 = CIRCLE ( 'NONE', #122, 0.8540496217739099727 ) ;
#683 = CARTESIAN_POINT ( 'NONE',  ( 15.19999999999999929, 82.00000000000000000, 0.0000000000000000000 ) ) ;
#684 = VERTEX_POINT ( 'NONE', #534 ) ;
#685 = CIRCLE ( 'NONE', #720, 0.6999999999999992895 ) ;
#686 = CARTESIAN_POINT ( 'NONE',  ( 16.84372234463880247, 81.22791024153072215, 0.5851732202127249982 ) ) ;
#687 = FILL_AREA_STYLE ('',( #1222 ) ) ;
#688 = ORIENTED_EDGE ( 'NONE', *, *, #1684, .T. ) ;
#689 = CARTESIAN_POINT ( 'NONE',  ( 18.00000000000000000, 82.26680984308929112, -0.1560939016250846301 ) ) ;
#690 = ADVANCED_FACE ( 'NONE', ( #668 ), #1062, .T. ) ;
#691 = CARTESIAN_POINT ( 'NONE',  ( 9.774999999999998579, 82.00000000000000000, -0.05459415460183886237 ) ) ;
#692 = CARTESIAN_POINT ( 'NONE',  ( 10.00000000000000000, 82.22499999999999432, -3.100000000000000533 ) ) ;
#693 = CARTESIAN_POINT ( 'NONE',  ( 13.15627765536119043, 81.04170010806463154, 1.916599783870737150 ) ) ;
#694 = CARTESIAN_POINT ( 'NONE',  ( 20.05890486225481339, 81.77499999999999147, -3.100000000000000977 ) ) ;
#695 =( LENGTH_UNIT ( ) NAMED_UNIT ( * ) SI_UNIT ( .MILLI., .METRE. ) );
#696 = ORIENTED_EDGE ( 'NONE', *, *, #1176, .F. ) ;
#697 = DIRECTION ( 'NONE',  ( 0.0000000000000000000, 0.0000000000000000000, -1.000000000000000000 ) ) ;
#698 = ORIENTED_EDGE ( 'NONE', *, *, #1734, .T. ) ;
#699 = UNCERTAINTY_MEASURE_WITH_UNIT (LENGTH_MEASURE( 1.000000000000000082E-05 ), #1798, 'distance_accuracy_value', 'NONE');
#700 = CARTESIAN_POINT ( 'NONE',  ( 16.46000000000000441, 82.05711708891898581, -0.8997377031181760243 ) ) ;
#701 = ORIENTED_EDGE ( 'NONE', *, *, #1065, .F. ) ;
#702 = ADVANCED_FACE ( 'NONE', ( #1215 ), #415, .T. ) ;
#703 = CARTESIAN_POINT ( 'NONE',  ( 10.31819805153394398, 82.00000000000000000, -0.2250000000000000333 ) ) ;
#704 = CARTESIAN_POINT ( 'NONE',  ( 19.55000000000000071, 82.00000000000000000, 0.2250000000000000333 ) ) ;
#705 = DIRECTION ( 'NONE',  ( 0.0000000000000000000, 0.0000000000000000000, -1.000000000000000000 ) ) ;
#706 = AXIS2_PLACEMENT_3D ( 'NONE', #599, #1293, #1816 ) ;
#707 = CARTESIAN_POINT ( 'NONE',  ( 18.00000000000000711, 81.93914843838211937, 0.2191233163620545932 ) ) ;
#708 = DIRECTION ( 'NONE',  ( 0.0000000000000000000, 0.0000000000000000000, -1.000000000000000000 ) ) ;
#709 = VERTEX_POINT ( 'NONE', #2253 ) ;
#710 = PRESENTATION_LAYER_ASSIGNMENT (  '', '', ( #742 ) ) ;
#711 = CARTESIAN_POINT ( 'NONE',  ( 15.82802820623600226, 82.85404962177391042, -1.045909135618437542E-16 ) ) ;
#712 = CARTESIAN_POINT ( 'NONE',  ( 16.45999999999999375, 82.89977132756101241, 0.05703201270061661332 ) ) ;
#713 = ORIENTED_EDGE ( 'NONE', *, *, #853, .T. ) ;
#714 = LINE ( 'NONE', #912, #1363 ) ;
#715 = CARTESIAN_POINT ( 'NONE',  ( 16.46000000000000085, 82.88630178735689924, -0.1404745452152104945 ) ) ;
#716 =( NAMED_UNIT ( * ) SI_UNIT ( $, .STERADIAN. ) SOLID_ANGLE_UNIT ( ) );
#717 = ADVANCED_FACE ( 'NONE', ( #1038, #681 ), #331, .T. ) ;
#718 = ORIENTED_EDGE ( 'NONE', *, *, #2177, .T. ) ;
#719 = PRESENTATION_LAYER_ASSIGNMENT (  '', '', ( #2110 ) ) ;
#720 = AXIS2_PLACEMENT_3D ( 'NONE', #1634, #917, #925 ) ;
#721 = ORIENTED_EDGE ( 'NONE', *, *, #1753, .T. ) ;
#722 = AXIS2_PLACEMENT_3D ( 'NONE', #1220, #851, #2278 ) ;
#723 = ORIENTED_EDGE ( 'NONE', *, *, #147, .F. ) ;
#724 = CARTESIAN_POINT ( 'NONE',  ( 15.00000000000000000, 82.00000000000000000, 0.8540496217739099727 ) ) ;
#725 = DIRECTION ( 'NONE',  ( 0.0000000000000000000, 0.0000000000000000000, 1.000000000000000000 ) ) ;
#726 = DIRECTION ( 'NONE',  ( 1.000000000000000000, 0.0000000000000000000, 0.0000000000000000000 ) ) ;
#727 = ORIENTED_EDGE ( 'NONE', *, *, #841, .T. ) ;
#728 = CARTESIAN_POINT ( 'NONE',  ( 13.98000000000000043, 82.00000000000000000, 0.0000000000000000000 ) ) ;
#729 = ORIENTED_EDGE ( 'NONE', *, *, #338, .F. ) ;
#730 = DIRECTION ( 'NONE',  ( 0.0000000000000000000, -1.000000000000000000, 0.0000000000000000000 ) ) ;
#731 =( NAMED_UNIT ( * ) SI_UNIT ( $, .STERADIAN. ) SOLID_ANGLE_UNIT ( ) );
#732 = ORIENTED_EDGE ( 'NONE', *, *, #1206, .T. ) ;
#733 = DIRECTION ( 'NONE',  ( -1.000000000000000000, 0.0000000000000000000, 0.0000000000000000000 ) ) ;
#734 = CARTESIAN_POINT ( 'NONE',  ( 10.00000000000000000, 82.22499999999999432, -3.100000000000000533 ) ) ;
#735 = CARTESIAN_POINT ( 'NONE',  ( 16.45999999999503416, 81.76444922014195527, -0.8997377031254069069 ) ) ;
#736 = CIRCLE ( 'NONE', #706, 0.8540496217739099727 ) ;
#737 = ORIENTED_EDGE ( 'NONE', *, *, #2117, .F. ) ;
#738 = CARTESIAN_POINT ( 'NONE',  ( 12.00000000000000000, 81.77500000000000568, 3.582091887506006362E-17 ) ) ;
#739 = AXIS2_PLACEMENT_3D ( 'NONE', #1822, #620, #791 ) ;
#740 = EDGE_CURVE ( 'NONE', #813, #293, #1888, .T. ) ;
#741 = CARTESIAN_POINT ( 'NONE',  ( 16.84372234463880247, 82.89848762793329229, -0.3379343202971683557 ) ) ;
#742 = STYLED_ITEM ( 'NONE', ( #322 ), #690 ) ;
#743 = CARTESIAN_POINT ( 'NONE',  ( 16.45999999999999730, 82.83130970517146352, -0.3444425530807299629 ) ) ;
#744 = EDGE_LOOP ( 'NONE', ( #25, #713, #1662, #1165 ) ) ;
#745 = CARTESIAN_POINT ( 'NONE',  ( 18.00000000000000711, 82.11744699822172322, -0.2007510533122078833 ) ) ;
#746 = CARTESIAN_POINT ( 'NONE',  ( 9.775000000000000355, 82.00000000000000000, -3.100000000000000533 ) ) ;
#747 =( NAMED_UNIT ( * ) PLANE_ANGLE_UNIT ( ) SI_UNIT ( $, .RADIAN. ) );
#748 = DIRECTION ( 'NONE',  ( 1.000000000000000000, 0.0000000000000000000, 0.0000000000000000000 ) ) ;
#749 =( BOUNDED_SURFACE ( )  B_SPLINE_SURFACE ( 3, 3, ( 
 ( #711, #1600, #1429, #1248 ),
 ( #1590, #1261, #1968, #396 ),
 ( #1854, #280, #1283, #1996 ),
 ( #78, #960, #1138, #2168 ) ),
 .UNSPECIFIED., .F., .F., .F. ) 
 B_SPLINE_SURFACE_WITH_KNOTS ( ( 4, 4 ),
 ( 4, 4 ),
 ( 0.0000000000000000000, 1.000000000000000000 ),
 ( 0.0000000000000000000, 1.000000000000000000 ),
 .UNSPECIFIED. ) 
 GEOMETRIC_REPRESENTATION_ITEM ( )  RATIONAL_B_SPLINE_SURFACE ( (
 ( 1.000000000000000000, 0.3333333333333334259, 0.3333333333333334259, 1.000000000000000000),
 ( 0.9998046744495391325, 0.3332682248165131367, 0.3332682248165131367, 0.9998046744495391325),
 ( 0.9998046744495391325, 0.3332682248165131367, 0.3332682248165131367, 0.9998046744495391325),
 ( 1.000000000000000000, 0.3333333333333334259, 0.3333333333333334259, 1.000000000000000000) ) ) 
 REPRESENTATION_ITEM ( '' )  SURFACE ( )  );
#750 = PRESENTATION_STYLE_ASSIGNMENT (( #1427 ) ) ;
#751 = ORIENTED_EDGE ( 'NONE', *, *, #927, .F. ) ;
#752 = CONICAL_SURFACE ( 'NONE', #237, 0.8997377031079167864, 0.1022067181308314726 ) ;
#753 = PRESENTATION_LAYER_ASSIGNMENT (  '', '', ( #1017 ) ) ;
#754 = DIRECTION ( 'NONE',  ( 0.0000000000000000000, 1.000000000000000000, -1.224646799147342360E-16 ) ) ;
#755 = DIRECTION ( 'NONE',  ( 1.000000000000000000, 0.0000000000000000000, 0.0000000000000000000 ) ) ;
#756 = ORIENTED_EDGE ( 'NONE', *, *, #1105, .F. ) ;
#757 = EDGE_CURVE ( 'NONE', #2236, #1391, #714, .T. ) ;
#758 = CARTESIAN_POINT ( 'NONE',  ( 15.00000000000000000, 82.00000000000000000, 0.0000000000000000000 ) ) ;
#759 = CARTESIAN_POINT ( 'NONE',  ( 20.00000000000000000, 82.22499999999999432, -3.100000000000000533 ) ) ;
#760 = CARTESIAN_POINT ( 'NONE',  ( 16.45999999999999375, 81.10585074535916306, 2.190034045311819235E-16 ) ) ;
#761 = DIRECTION ( 'NONE',  ( 0.0000000000000000000, 0.0000000000000000000, -1.000000000000000000 ) ) ;
#762 = DIRECTION ( 'NONE',  ( 0.0000000000000000000, -1.000000000000000000, 0.0000000000000000000 ) ) ;
#763 = DIRECTION ( 'NONE',  ( 0.0000000000000000000, 0.0000000000000000000, 1.000000000000000000 ) ) ;
#764 = CARTESIAN_POINT ( 'NONE',  ( 15.90872790712966633, 82.85404962177392463, -1.045909135618420039E-16 ) ) ;
#765 = CARTESIAN_POINT ( 'NONE',  ( 17.07627833349079083, 82.00000000000000000, -0.9924409106929488189 ) ) ;
#766 = DIRECTION ( 'NONE',  ( -1.000000000000000000, -0.0000000000000000000, -0.0000000000000000000 ) ) ;
#767 = ORIENTED_EDGE ( 'NONE', *, *, #1892, .F. ) ;
#768 = FILL_AREA_STYLE_COLOUR ( '', #1218 ) ;
#769 = B_SPLINE_CURVE_WITH_KNOTS ( 'NONE', 3,
 ( #152, #662, #480, #1715, #1190, #1869, #838, #2044, #294, #859, #1532, #1026 ),
 .UNSPECIFIED., .F., .F.,
 ( 4, 2, 2, 2, 2, 4 ),
 ( 0.5000000000000000000, 0.6250000000000057732, 0.7500000000000115463, 0.8125000000000145439, 0.8750000000000175415, 1.000000000000000000 ),
 .UNSPECIFIED. ) ;
#770 = CARTESIAN_POINT ( 'NONE',  ( 16.84372234463879892, 81.54263435777443192, -0.8433653472806673657 ) ) ;
#771 = CARTESIAN_POINT ( 'NONE',  ( 16.84372234463880247, 82.29614791196489421, 0.9131227597778573957 ) ) ;
#772 = EDGE_CURVE ( 'NONE', #1348, #628, #1251, .T. ) ;
#773 = CARTESIAN_POINT ( 'NONE',  ( 16.84372234463879892, 82.77087934013549386, 0.5842564987474030413 ) ) ;
#774 = SURFACE_STYLE_USAGE ( .BOTH. , #1311 ) ;
#775 = CARTESIAN_POINT ( 'NONE',  ( 10.00000000000000000, 81.77500000000000568, -3.100000000000000533 ) ) ;
#776 = CARTESIAN_POINT ( 'NONE',  ( 15.19999999999999929, 82.00000000000000000, 3.031731290585930107E-47 ) ) ;
#777 = ORIENTED_EDGE ( 'NONE', *, *, #2101, .F. ) ;
#778 = CARTESIAN_POINT ( 'NONE',  ( 16.07001091641627610, 82.00000000000001421, 0.8598239353316569078 ) ) ;
#779 = CARTESIAN_POINT ( 'NONE',  ( 16.84372234463879892, 82.47546768227113034, -0.8425077465816772637 ) ) ;
#780 = CARTESIAN_POINT ( 'NONE',  ( 16.45999999999999730, 81.45484174424271373, -0.7192549018591917198 ) ) ;
#781 = CIRCLE ( 'NONE', #895, 0.9924409107213705283 ) ;
#782 = CONICAL_SURFACE ( 'NONE', #598, 0.9924409106929488189, 0.1394293730597410685 ) ;
#783 = CARTESIAN_POINT ( 'NONE',  ( 18.00000000000000000, 81.70096189432331357, 0.07828799299477880169 ) ) ;
#784 = FILL_AREA_STYLE ('',( #1646 ) ) ;
#785 = EDGE_CURVE ( 'NONE', #1761, #2144, #1644, .T. ) ;
#786 = CARTESIAN_POINT ( 'NONE',  ( 16.84372234463879892, 82.23979015423770988, 0.9358042908893265954 ) ) ;
#787 = SURFACE_SIDE_STYLE ('',( #1505 ) ) ;
#788 = AXIS2_PLACEMENT_3D ( 'NONE', #1412, #1071, #1424 ) ;
#789 = DIRECTION ( 'NONE',  ( 0.0000000000000000000, 0.0000000000000000000, -1.000000000000000000 ) ) ;
#790 = ORIENTED_EDGE ( 'NONE', *, *, #2128, .T. ) ;
#791 = DIRECTION ( 'NONE',  ( 0.0000000000000000000, 0.0000000000000000000, -1.000000000000000000 ) ) ;
#792 = STYLED_ITEM ( 'NONE', ( #1188 ), #1979 ) ;
#793 = UNCERTAINTY_MEASURE_WITH_UNIT (LENGTH_MEASURE( 1.000000000000000082E-05 ), #475, 'distance_accuracy_value', 'NONE');
#794 = CARTESIAN_POINT ( 'NONE',  ( 16.84372234463879892, 81.15749225341835427, -0.4754676822741626951 ) ) ;
#795 = CARTESIAN_POINT ( 'NONE',  ( 16.84372234463879892, 82.06093618345515495, 0.9598040072217026708 ) ) ;
#796 = B_SPLINE_CURVE_WITH_KNOTS ( 'NONE', 3,
 ( #1729, #154, #689, #860, #1555, #2045, #1384, #1214, #1912, #1343 ),
 .UNSPECIFIED., .F., .F.,
 ( 4, 2, 2, 2, 4 ),
 ( 0.0000000000000000000, 0.2500000000000000000, 0.5000000000000000000, 0.7500000000000000000, 1.000000000000000000 ),
 .UNSPECIFIED. ) ;
#797 = CARTESIAN_POINT ( 'NONE',  ( 14.04396306668767380, 82.85527866486333437, -1.047414279303915313E-16 ) ) ;
#798 = CARTESIAN_POINT ( 'NONE',  ( 16.84372234463880602, 81.93924453227522520, 0.9583335221592987896 ) ) ;
#799 = CARTESIAN_POINT ( 'NONE',  ( 15.90872790712966101, 81.14595037822608958, -1.708099243547810842 ) ) ;
#800 =( LENGTH_UNIT ( ) NAMED_UNIT ( * ) SI_UNIT ( .MILLI., .METRE. ) );
#801 = EDGE_CURVE ( 'NONE', #1494, #1425, #1182, .T. ) ;
#802 = CARTESIAN_POINT ( 'NONE',  ( 16.46000000000000085, 82.84678101587687138, 0.3044492707987028757 ) ) ;
#803 = EDGE_LOOP ( 'NONE', ( #1763, #210 ) ) ;
#804 = CARTESIAN_POINT ( 'NONE',  ( 19.55000000000000071, 82.00000000000000000, -0.2250000000000000333 ) ) ;
#805 = CARTESIAN_POINT ( 'NONE',  ( 16.84372234463879181, 82.29561191033508294, -0.9117201744884112502 ) ) ;
#806 = CARTESIAN_POINT ( 'NONE',  ( 16.84372234463879892, 82.93727320433787042, 0.2401659733606288094 ) ) ;
#807 = CARTESIAN_POINT ( 'NONE',  ( 13.15627765536119043, 82.95829989193536846, -1.916599783870737150 ) ) ;
#808 = FILL_AREA_STYLE ('',( #2024 ) ) ;
#809 = CARTESIAN_POINT ( 'NONE',  ( 16.84372234463880247, 82.95829989193538268, -7.041473371691431572E-17 ) ) ;
#810 = ORIENTED_EDGE ( 'NONE', *, *, #504, .F. ) ;
#811 = CARTESIAN_POINT ( 'NONE',  ( 16.84372234463880602, 81.07314461427812091, 0.2528362633623293387 ) ) ;
#812 = CARTESIAN_POINT ( 'NONE',  ( 20.22500000000000142, 82.00000000000000000, -3.100000000000000533 ) ) ;
#813 = VERTEX_POINT ( 'NONE', #759 ) ;
#814 =( BOUNDED_SURFACE ( )  B_SPLINE_SURFACE ( 3, 3, ( 
 ( #1082, #585, #1927, #1781 ),
 ( #261, #273, #979, #1113 ),
 ( #1329, #438, #1124, #1859 ),
 ( #238, #1276, #1318, #286 ) ),
 .UNSPECIFIED., .F., .F., .F. ) 
 B_SPLINE_SURFACE_WITH_KNOTS ( ( 4, 4 ),
 ( 4, 4 ),
 ( 0.0000000000000000000, 1.000000000000000000 ),
 ( 0.0000000000000000000, 1.000000000000000000 ),
 .UNSPECIFIED. ) 
 GEOMETRIC_REPRESENTATION_ITEM ( )  RATIONAL_B_SPLINE_SURFACE ( (
 ( 1.000000000000000000, 0.3333333333333334259, 0.3333333333333334259, 1.000000000000000000),
 ( 0.9994952818045226284, 0.3331650939348409501, 0.3331650939348409501, 0.9994952818045226284),
 ( 0.9994952818045226284, 0.3331650939348409501, 0.3331650939348409501, 0.9994952818045226284),
 ( 1.000000000000000000, 0.3333333333333334259, 0.3333333333333334259, 1.000000000000000000) ) ) 
 REPRESENTATION_ITEM ( '' )  SURFACE ( )  );
#815 = CARTESIAN_POINT ( 'NONE',  ( 20.22500000000000142, 82.00000000000000000, -0.4499999999999990119 ) ) ;
#816 = EDGE_CURVE ( 'NONE', #2217, #1314, #1456, .T. ) ;
#817 = AXIS2_PLACEMENT_3D ( 'NONE', #970, #2023, #983 ) ;
#818 = CARTESIAN_POINT ( 'NONE',  ( 16.84372234463880247, 81.76020984576096851, -0.9358042908893000611 ) ) ;
#819 = DIRECTION ( 'NONE',  ( 0.0000000000000000000, -1.000000000000000000, 0.0000000000000000000 ) ) ;
#820 = AXIS2_PLACEMENT_3D ( 'NONE', #888, #539, #2148 ) ;
#821 = CARTESIAN_POINT ( 'NONE',  ( 13.15627765536119220, 81.04170010806463154, 1.199429825015293182E-16 ) ) ;
#822 = FILL_AREA_STYLE_COLOUR ( '', #2057 ) ;
#823 = CARTESIAN_POINT ( 'NONE',  ( 16.84372234463879892, 82.84250774658309524, 0.4754676822708560069 ) ) ;
#824 = ORIENTED_EDGE ( 'NONE', *, *, #1831, .T. ) ;
#825 = DIRECTION ( 'NONE',  ( -1.000000000000000000, 0.0000000000000000000, 0.0000000000000000000 ) ) ;
#826 = SURFACE_STYLE_USAGE ( .BOTH. , #281 ) ;
#827 = ORIENTED_EDGE ( 'NONE', *, *, #2086, .F. ) ;
#828 = EDGE_CURVE ( 'NONE', #138, #1463, #560, .T. ) ;
#829 = CARTESIAN_POINT ( 'NONE',  ( 13.75500000000000078, 82.00000000000000000, 0.2250000000000000333 ) ) ;
#830 = EDGE_CURVE ( 'NONE', #1515, #909, #36, .T. ) ;
#831 = CARTESIAN_POINT ( 'NONE',  ( 18.00000000000000000, 81.84390609837493002, 0.2668098430892704709 ) ) ;
#832 = CARTESIAN_POINT ( 'NONE',  ( 19.77500000000000213, 82.45000000000000284, -0.4499999999999990119 ) ) ;
#833 = DIRECTION ( 'NONE',  ( 0.0000000000000000000, 0.0000000000000000000, 1.000000000000000000 ) ) ;
#834 = ORIENTED_EDGE ( 'NONE', *, *, #1684, .F. ) ;
#835 = FACE_OUTER_BOUND ( 'NONE', #1801, .T. ) ;
#836 = FILL_AREA_STYLE ('',( #1762 ) ) ;
#837 = VERTEX_POINT ( 'NONE', #922 ) ;
#838 = CARTESIAN_POINT ( 'NONE',  ( 12.00000000000000355, 81.82083839626778854, 0.1371525239917463224 ) ) ;
#839 = DIRECTION ( 'NONE',  ( -1.000000000000000000, 0.0000000000000000000, 0.0000000000000000000 ) ) ;
#840 = DIRECTION ( 'NONE',  ( 0.0000000000000000000, 0.0000000000000000000, 1.000000000000000000 ) ) ;
#841 = EDGE_CURVE ( 'NONE', #2236, #1032, #378, .T. ) ;
#842 = CARTESIAN_POINT ( 'NONE',  ( 19.55000000000000071, 82.00000000000000000, 0.0000000000000000000 ) ) ;
#843 = EDGE_LOOP ( 'NONE', ( #583, #698 ) ) ;
#844 = DIRECTION ( 'NONE',  ( 1.000000000000000000, -0.0000000000000000000, -0.0000000000000000000 ) ) ;
#845 = ORIENTED_EDGE ( 'NONE', *, *, #2263, .F. ) ;
#846 = CARTESIAN_POINT ( 'NONE',  ( 16.46000000000000796, 81.13658665888829091, 0.2356371712892360581 ) ) ;
#847 = FILL_AREA_STYLE_COLOUR ( '', #1437 ) ;
#848 =( NAMED_UNIT ( * ) PLANE_ANGLE_UNIT ( ) SI_UNIT ( $, .RADIAN. ) );
#849 = CARTESIAN_POINT ( 'NONE',  ( 20.22499999999999787, 82.00000000000000000, -0.05459415460183954932 ) ) ;
#850 = PRESENTATION_LAYER_ASSIGNMENT (  '', '', ( #667 ) ) ;
#851 = DIRECTION ( 'NONE',  ( 1.000000000000000000, 0.0000000000000000000, 0.0000000000000000000 ) ) ;
#852 = COLOUR_RGB ( '',0.0000000000000000000, 0.0000000000000000000, 0.0000000000000000000 ) ;
#853 = EDGE_CURVE ( 'NONE', #325, #1463, #575, .T. ) ;
#854 = ORIENTED_EDGE ( 'NONE', *, *, #2115, .F. ) ;
#855 = CARTESIAN_POINT ( 'NONE',  ( 13.53000000000000114, 82.89543366406843461, -1.135084432916044194E-16 ) ) ;
#856 = VECTOR ( 'NONE', #733, 1000.000000000000000 ) ;
#857 = FACE_BOUND ( 'NONE', #803, .T. ) ;
#858 = ORIENTED_EDGE ( 'NONE', *, *, #927, .T. ) ;
#859 = CARTESIAN_POINT ( 'NONE',  ( 12.00000000000000178, 81.78026587742031950, 0.05690804580395148610 ) ) ;
#860 = CARTESIAN_POINT ( 'NONE',  ( 18.00000000000000000, 82.15609390162504155, -0.2668098430892705264 ) ) ;
#861 = MECHANICAL_DESIGN_GEOMETRIC_PRESENTATION_REPRESENTATION (  '', ( #1014 ), #311 ) ;
#862 =( NAMED_UNIT ( * ) SI_UNIT ( $, .STERADIAN. ) SOLID_ANGLE_UNIT ( ) );
#863 = CARTESIAN_POINT ( 'NONE',  ( 13.15627765536119043, 82.95829989193536846, 1.916599783870736484 ) ) ;
#864 = SURFACE_STYLE_FILL_AREA ( #808 ) ;
#865 = MECHANICAL_DESIGN_GEOMETRIC_PRESENTATION_REPRESENTATION (  '', ( #1017 ), #1962 ) ;
#866 = CARTESIAN_POINT ( 'NONE',  ( 20.22500000000000142, 82.00000000000000000, -3.100000000000000533 ) ) ;
#867 = CARTESIAN_POINT ( 'NONE',  ( 18.00000000000000355, 81.77500000000000568, -2.479909768273390608E-17 ) ) ;
#868 = FILL_AREA_STYLE_COLOUR ( '', #1727 ) ;
#869 = AXIS2_PLACEMENT_3D ( 'NONE', #368, #938, #209 ) ;
#870 = DIRECTION ( 'NONE',  ( 1.000000000000000000, 0.0000000000000000000, 0.0000000000000000000 ) ) ;
#871 = DIRECTION ( 'NONE',  ( 0.0000000000000000000, 0.0000000000000000000, 1.000000000000000000 ) ) ;
#872 = ORIENTED_EDGE ( 'NONE', *, *, #1163, .T. ) ;
#873 = CARTESIAN_POINT ( 'NONE',  ( 15.82802820623600226, 87.85404962177391042, -7.169143131355203085E-16 ) ) ;
#874 = B_SPLINE_CURVE_WITH_KNOTS ( 'NONE', 3,
 ( #809, #1501, #61, #466, #289, #88, #76, #823, #773, #601, #1817, #1851, #1514, #1333, #1836, #786, #624, #798, #1295, #2015, #949, #615, #2223, #2201, #648, #1490, #1680, #2040, #2006, #1164, #97, #1321, #1347, #246 ),
 .UNSPECIFIED., .F., .F.,
 ( 4, 1, 1, 2, 2, 2, 1, 1, 2, 2, 2, 1, 1, 2, 2, 2, 1, 1, 2, 2, 4 ),
 ( 0.0000000000000000000, 0.06249999999994547417, 0.09374999999991955046, 0.1093749999999086286, 0.1249999999998977207, 0.2499999999998295253, 0.3124999999998001043, 0.3437499999997910005, 0.3593749999997923328, 0.3749999999997936651, 0.4999999999998312461, 0.5624999999998572253, 0.5937499999998701039, 0.6093749999998766542, 0.6249999999998830935, 0.7499999999999347189, 0.8124999999999605871, 0.8437499999999698019, 0.8593749999999743538, 0.8749999999999789058, 1.000000000000000000 ),
 .UNSPECIFIED. ) ;
#875 = CARTESIAN_POINT ( 'NONE',  ( 16.46000000000000441, 82.54515825575906263, 0.7192549018591034571 ) ) ;
#876 = VERTEX_POINT ( 'NONE', #1410 ) ;
#877 = B_SPLINE_CURVE_WITH_KNOTS ( 'NONE', 3,
 ( #946, #1277, #27, #402, #1605, #746 ),
 .UNSPECIFIED., .F., .F.,
 ( 4, 2, 4 ),
 ( 0.0000000000000000000, 0.2500000000000000000, 0.5000000000000000000 ),
 .UNSPECIFIED. ) ;
#878 = CARTESIAN_POINT ( 'NONE',  ( 10.31819805153394398, 81.54999999999999716, -0.2250000000000000888 ) ) ;
#879 =( NAMED_UNIT ( * ) SI_UNIT ( $, .STERADIAN. ) SOLID_ANGLE_UNIT ( ) );
#880 = CYLINDRICAL_SURFACE ( 'NONE', #1739, 0.2249999999999995060 ) ;
#881 = ORIENTED_EDGE ( 'NONE', *, *, #1654, .F. ) ;
#882 = CARTESIAN_POINT ( 'NONE',  ( 12.00000000000000000, 82.00000000000000000, -0.2250000000000000333 ) ) ;
#883 =( NAMED_UNIT ( * ) SI_UNIT ( $, .STERADIAN. ) SOLID_ANGLE_UNIT ( ) );
#884 = ORIENTED_EDGE ( 'NONE', *, *, #1654, .T. ) ;
#885 = CARTESIAN_POINT ( 'NONE',  ( 16.45999999999999730, 82.68003380763086341, -0.5924398781671512682 ) ) ;
#886 = ORIENTED_EDGE ( 'NONE', *, *, #656, .T. ) ;
#887 = ADVANCED_FACE ( 'NONE', ( #2112, #1235 ), #16, .T. ) ;
#888 = CARTESIAN_POINT ( 'NONE',  ( 15.82802820623600226, 82.00000000000000000, 0.0000000000000000000 ) ) ;
#889 = CARTESIAN_POINT ( 'NONE',  ( 16.46000000000000085, 81.10585074535917727, 0.0000000000000000000 ) ) ;
#890 = SURFACE_STYLE_FILL_AREA ( #1759 ) ;
#891 = TOROIDAL_SURFACE ( 'NONE', #1139, 0.2990381056766580059, 0.6999999999999999556 ) ;
#892 = CARTESIAN_POINT ( 'NONE',  ( 14.17197179376399951, 82.00000000000000000, 0.8540496217739099727 ) ) ;
#893 = VERTEX_POINT ( 'NONE', #365 ) ;
#894 = VERTEX_POINT ( 'NONE', #2162 ) ;
#895 = AXIS2_PLACEMENT_3D ( 'NONE', #1044, #1426, #1087 ) ;
#896 = DIRECTION ( 'NONE',  ( 0.0000000000000000000, 1.000000000000000000, 0.0000000000000000000 ) ) ;
#897 = PRESENTATION_LAYER_ASSIGNMENT (  '', '', ( #488 ) ) ;
#898 = CARTESIAN_POINT ( 'NONE',  ( 14.17197179376399951, 81.14595037822610379, 2.091818271236855856E-16 ) ) ;
#899 = ORIENTED_EDGE ( 'NONE', *, *, #233, .F. ) ;
#900 = EDGE_CURVE ( 'NONE', #524, #1531, #114, .T. ) ;
#901 = CARTESIAN_POINT ( 'NONE',  ( 12.00000000000000000, 82.22499999999999432, -1.928818708657081344E-17 ) ) ;
#902 = DIRECTION ( 'NONE',  ( 0.9947814386086466509, 0.0000000000000000000, -0.1020288655220243645 ) ) ;
#903 = EDGE_CURVE ( 'NONE', #1599, #181, #1973, .T. ) ;
#904 = VECTOR ( 'NONE', #1655, 1000.000000000000227 ) ;
#905 =( BOUNDED_SURFACE ( )  B_SPLINE_SURFACE ( 3, 3, ( 
 ( #821, #2221, #807, #2004 ),
 ( #969, #86, #288, #2014 ),
 ( #613, #1344, #1489, #1170 ),
 ( #1526, #1308, #440, #266 ) ),
 .UNSPECIFIED., .F., .F., .F. ) 
 B_SPLINE_SURFACE_WITH_KNOTS ( ( 4, 4 ),
 ( 4, 4 ),
 ( 0.0000000000000000000, 1.000000000000000000 ),
 ( 0.0000000000000000000, 1.000000000000000000 ),
 .UNSPECIFIED. ) 
 GEOMETRIC_REPRESENTATION_ITEM ( )  RATIONAL_B_SPLINE_SURFACE ( (
 ( 1.000000000000000000, 0.3333333333333334259, 0.3333333333333334259, 1.000000000000000000),
 ( 0.9995210928076305734, 0.3331736976025436170, 0.3331736976025436170, 0.9995210928076305734),
 ( 0.9995210928076305734, 0.3331736976025436170, 0.3331736976025436170, 0.9995210928076305734),
 ( 1.000000000000000000, 0.3333333333333334259, 0.3333333333333334259, 1.000000000000000000) ) ) 
 REPRESENTATION_ITEM ( '' )  SURFACE ( )  );
#906 = ORIENTED_EDGE ( 'NONE', *, *, #1480, .T. ) ;
#907 = AXIS2_PLACEMENT_3D ( 'NONE', #999, #1683, #617 ) ;
#908 = LINE ( 'NONE', #971, #49 ) ;
#909 = VERTEX_POINT ( 'NONE', #227 ) ;
#910 = CARTESIAN_POINT ( 'NONE',  ( 10.22499999999999964, 82.00000000000000000, -3.100000000000000533 ) ) ;
#911 = CARTESIAN_POINT ( 'NONE',  ( 16.84372234459198125, 82.00000000000000000, -0.9598040072237659093 ) ) ;
#912 = CARTESIAN_POINT ( 'NONE',  ( 15.00000000000000000, 82.00000000000000000, 0.8540496217739099727 ) ) ;
#913 = CARTESIAN_POINT ( 'NONE',  ( 16.84372234463880247, 81.04170010806463154, 1.916599783870737150 ) ) ;
#914 =( NAMED_UNIT ( * ) SI_UNIT ( $, .STERADIAN. ) SOLID_ANGLE_UNIT ( ) );
#915 = SURFACE_STYLE_FILL_AREA ( #784 ) ;
#916 = ADVANCED_FACE ( 'NONE', ( #934 ), #814, .F. ) ;
#917 = DIRECTION ( 'NONE',  ( -0.0000000000000000000, 0.0000000000000000000, 1.000000000000000000 ) ) ;
#918 = VERTEX_POINT ( 'NONE', #1487 ) ;
#919 = PLANE ( 'NONE',  #14 ) ;
#920 = CARTESIAN_POINT ( 'NONE',  ( 16.46000000000000085, 82.73794555988344257, -0.5214840705878464044 ) ) ;
#921 = ORIENTED_EDGE ( 'NONE', *, *, #264, .T. ) ;
#922 = CARTESIAN_POINT ( 'NONE',  ( 13.53000000000292857, 82.00000000000000000, -0.8997538438298610108 ) ) ;
#923 = PRESENTATION_STYLE_ASSIGNMENT (( #1618 ) ) ;
#924 = DIRECTION ( 'NONE',  ( 0.0000000000000000000, 0.0000000000000000000, -1.000000000000000000 ) ) ;
#925 = DIRECTION ( 'NONE',  ( 1.000000000000000000, 0.0000000000000000000, 0.0000000000000000000 ) ) ;
#926 = PRESENTATION_LAYER_ASSIGNMENT (  '', '', ( #1835 ) ) ;
#927 = EDGE_CURVE ( 'NONE', #2156, #1999, #1993, .T. ) ;
#928 = CARTESIAN_POINT ( 'NONE',  ( 16.84372234463880247, 82.45808319818137022, -0.8446892672208808905 ) ) ;
#929 = EDGE_CURVE ( 'NONE', #684, #546, #1422, .T. ) ;
#930 = AXIS2_PLACEMENT_3D ( 'NONE', #2226, #2042, #1693 ) ;
#931 = DIRECTION ( 'NONE',  ( 1.000000000000000000, 0.0000000000000000000, 0.0000000000000000000 ) ) ;
#932 = EDGE_LOOP ( 'NONE', ( #579, #881, #489, #1092, #650 ) ) ;
#933 = CARTESIAN_POINT ( 'NONE',  ( 15.63000000000000078, 82.00000000000000000, 0.0000000000000000000 ) ) ;
#934 = FACE_OUTER_BOUND ( 'NONE', #939, .T. ) ;
#935 = CARTESIAN_POINT ( 'NONE',  ( 13.53000000000000114, 82.00000000000000000, 0.0000000000000000000 ) ) ;
#936 = FILL_AREA_STYLE_COLOUR ( '', #2107 ) ;
#937 = CARTESIAN_POINT ( 'NONE',  ( 16.45999999996291407, 82.00000000000000000, -0.8997377031190166852 ) ) ;
#938 = DIRECTION ( 'NONE',  ( 0.0000000000000000000, 0.0000000000000000000, -1.000000000000000000 ) ) ;
#939 = EDGE_LOOP ( 'NONE', ( #2027, #2160, #471, #737 ) ) ;
#940 = CARTESIAN_POINT ( 'NONE',  ( 15.90872790712966101, 82.85404962177391042, -1.708099243547810842 ) ) ;
#941 = CARTESIAN_POINT ( 'NONE',  ( 16.84372234463879892, 82.95973674649404472, 0.1217022023911447648 ) ) ;
#942 = CARTESIAN_POINT ( 'NONE',  ( 16.46000000000000085, 82.22498715215091636, 0.8786803322068046374 ) ) ;
#943 = VERTEX_POINT ( 'NONE', #2198 ) ;
#944 = CIRCLE ( 'NONE', #15, 0.2250000000000000333 ) ;
#945 = CARTESIAN_POINT ( 'NONE',  ( 19.99999999999999645, 82.00000000000000000, -0.4499999999999990119 ) ) ;
#946 = CARTESIAN_POINT ( 'NONE',  ( 10.00000000000000000, 82.22499999999999432, -3.100000000000000533 ) ) ;
#947 = SURFACE_STYLE_FILL_AREA ( #218 ) ;
#948 = CARTESIAN_POINT ( 'NONE',  ( 10.00000000000000000, 82.00000000000000000, -3.100000000000000533 ) ) ;
#949 = CARTESIAN_POINT ( 'NONE',  ( 16.84372234463879536, 81.70438808966686395, 0.9117201744883990377 ) ) ;
#950 = CARTESIAN_POINT ( 'NONE',  ( 16.84372234463880247, 81.93906381654399240, -0.9598040072217032259 ) ) ;
#951 = CARTESIAN_POINT ( 'NONE',  ( 10.22500000000000142, 81.94109513774519371, -3.100000000000000977 ) ) ;
#952 = CARTESIAN_POINT ( 'NONE',  ( 16.45999999999999730, 82.84225708671968391, 0.3167881237541321782 ) ) ;
#953 = ORIENTED_EDGE ( 'NONE', *, *, #1766, .T. ) ;
#954 = CARTESIAN_POINT ( 'NONE',  ( 19.77500000000000213, 81.54999999999999716, -0.4499999999999990119 ) ) ;
#955 = EDGE_CURVE ( 'NONE', #876, #1765, #1041, .T. ) ;
#956 = DIRECTION ( 'NONE',  ( -0.0000000000000000000, 1.224646799147353207E-16, 1.000000000000000000 ) ) ;
#957 = CARTESIAN_POINT ( 'NONE',  ( 16.84372234463880247, 82.72543927306819000, 0.6319810039392786960 ) ) ;
#958 = CARTESIAN_POINT ( 'NONE',  ( 14.17197179376399951, 82.85404962177391042, -1.045909135618420163E-16 ) ) ;
#959 = FILL_AREA_STYLE ('',( #244 ) ) ;
#960 = CARTESIAN_POINT ( 'NONE',  ( 16.07000910242061664, 82.85990852986616062, 1.719817059732286380 ) ) ;
#961 = DIRECTION ( 'NONE',  ( 0.0000000000000000000, 0.0000000000000000000, -1.000000000000000000 ) ) ;
#962 = ORIENTED_EDGE ( 'NONE', *, *, #1875, .T. ) ;
#963 = CARTESIAN_POINT ( 'NONE',  ( 19.68180194846605602, 81.55000000000001137, -0.2249999999999999778 ) ) ;
#964 = AXIS2_PLACEMENT_3D ( 'NONE', #758, #531, #1758 ) ;
#965 = DIRECTION ( 'NONE',  ( 0.0000000000000000000, 0.0000000000000000000, -1.000000000000000000 ) ) ;
#966 = CARTESIAN_POINT ( 'NONE',  ( 16.46000000000000796, 81.10585074535924832, -0.1138802807562115382 ) ) ;
#967 = MECHANICAL_DESIGN_GEOMETRIC_PRESENTATION_REPRESENTATION (  '', ( #742 ), #597 ) ;
#968 =( GEOMETRIC_REPRESENTATION_CONTEXT ( 3 ) GLOBAL_UNCERTAINTY_ASSIGNED_CONTEXT ( ( #308 ) ) GLOBAL_UNIT_ASSIGNED_CONTEXT ( ( #1867, #1403, #2089 ) ) REPRESENTATION_CONTEXT ( 'NONE', 'WORKASPACE' ) );
#969 = CARTESIAN_POINT ( 'NONE',  ( 13.28002739223612672, 81.06737378202852540, 1.167296073849112802E-16 ) ) ;
#970 = CARTESIAN_POINT ( 'NONE',  ( 10.00000000000000000, 82.00000000000000000, -0.4499999999999980127 ) ) ;
#971 = CARTESIAN_POINT ( 'NONE',  ( 9.775000000000000355, 82.00000000000000000, -0.4499999999999980127 ) ) ;
#972 = AXIS2_PLACEMENT_3D ( 'NONE', #2064, #2254, #1616 ) ;
#973 = FACE_OUTER_BOUND ( 'NONE', #1723, .T. ) ;
#974 = ORIENTED_EDGE ( 'NONE', *, *, #1219, .T. ) ;
#975 =( BOUNDED_SURFACE ( )  B_SPLINE_SURFACE ( 3, 3, ( 
 ( #1837, #1471, #420, #433 ),
 ( #269, #799, #940, #764 ),
 ( #2008, #1491, #2179, #2191 ),
 ( #1981, #407, #1119, #1818 ) ),
 .UNSPECIFIED., .F., .F., .F. ) 
 B_SPLINE_SURFACE_WITH_KNOTS ( ( 4, 4 ),
 ( 4, 4 ),
 ( 0.0000000000000000000, 1.000000000000000000 ),
 ( 0.0000000000000000000, 1.000000000000000000 ),
 .UNSPECIFIED. ) 
 GEOMETRIC_REPRESENTATION_ITEM ( )  RATIONAL_B_SPLINE_SURFACE ( (
 ( 1.000000000000000000, 0.3333333333333334259, 0.3333333333333334259, 1.000000000000000000),
 ( 0.9998046744495391325, 0.3332682248165131367, 0.3332682248165131367, 0.9998046744495391325),
 ( 0.9998046744495391325, 0.3332682248165131367, 0.3332682248165131367, 0.9998046744495391325),
 ( 1.000000000000000000, 0.3333333333333334259, 0.3333333333333334259, 1.000000000000000000) ) ) 
 REPRESENTATION_ITEM ( '' )  SURFACE ( )  );
#976 = CARTESIAN_POINT ( 'NONE',  ( 13.28002739223612672, 81.06737378202852540, 2.284275425279311931E-16 ) ) ;
#977 = AXIS2_PLACEMENT_3D ( 'NONE', #604, #1167, #469 ) ;
#978 = UNCERTAINTY_MEASURE_WITH_UNIT (LENGTH_MEASURE( 1.000000000000000082E-05 ), #1900, 'distance_accuracy_value', 'NONE');
#979 = CARTESIAN_POINT ( 'NONE',  ( 16.58870749541300071, 82.91054867816276897, -1.821097356325490413 ) ) ;
#980 =( GEOMETRIC_REPRESENTATION_CONTEXT ( 3 ) GLOBAL_UNCERTAINTY_ASSIGNED_CONTEXT ( ( #699 ) ) GLOBAL_UNIT_ASSIGNED_CONTEXT ( ( #1798, #194, #553 ) ) REPRESENTATION_CONTEXT ( 'NONE', 'WORKASPACE' ) );
#981 = CARTESIAN_POINT ( 'NONE',  ( 16.46000000000000085, 82.78612156780707210, -0.4436186994054393540 ) ) ;
#982 = DIRECTION ( 'NONE',  ( 0.0000000000000000000, 1.224646799147353207E-16, 1.000000000000000000 ) ) ;
#983 = DIRECTION ( 'NONE',  ( 1.000000000000000000, 0.0000000000000000000, 0.0000000000000000000 ) ) ;
#984 = CARTESIAN_POINT ( 'NONE',  ( 12.00000000000000000, 82.29903810567671485, -2.197296353640307444E-17 ) ) ;
#985 = EDGE_CURVE ( 'NONE', #1999, #2156, #341, .T. ) ;
#986 = ORIENTED_EDGE ( 'NONE', *, *, #1301, .T. ) ;
#987 = FILL_AREA_STYLE_COLOUR ( '', #276 ) ;
#988 = LINE ( 'NONE', #1053, #2216 ) ;
#989 = ORIENTED_EDGE ( 'NONE', *, *, #1229, .F. ) ;
#990 = CARTESIAN_POINT ( 'NONE',  ( 16.07001091641627610, 82.00000000000001421, 0.8598239353316569078 ) ) ;
#991 =( BOUNDED_SURFACE ( )  B_SPLINE_SURFACE ( 3, 3, ( 
 ( #1499, #2231, #2022, #1150 ),
 ( #474, #2210, #636, #797 ),
 ( #994, #1689, #254, #647 ),
 ( #1848, #1834, #296, #958 ) ),
 .UNSPECIFIED., .F., .F., .T. ) 
 B_SPLINE_SURFACE_WITH_KNOTS ( ( 4, 4 ),
 ( 4, 4 ),
 ( 0.0000000000000000000, 1.000000000000000000 ),
 ( 0.0000000000000000000, 1.000000000000000000 ),
 .UNSPECIFIED. ) 
 GEOMETRIC_REPRESENTATION_ITEM ( )  RATIONAL_B_SPLINE_SURFACE ( (
 ( 1.000000000000000000, 0.3333333333333334259, 0.3333333333333334259, 1.000000000000000000),
 ( 0.9998770994676551283, 0.3332923664892184501, 0.3332923664892184501, 0.9998770994676551283),
 ( 0.9998770994676551283, 0.3332923664892184501, 0.3332923664892184501, 0.9998770994676551283),
 ( 1.000000000000000000, 0.3333333333333334259, 0.3333333333333334259, 1.000000000000000000) ) ) 
 REPRESENTATION_ITEM ( '' )  SURFACE ( )  );
#992 = DIRECTION ( 'NONE',  ( -6.123233995736766036E-17, -0.0000000000000000000, 1.000000000000000000 ) ) ;
#993 = CARTESIAN_POINT ( 'NONE',  ( 16.46000000000000085, 82.22376143900032730, -0.8731550137076351525 ) ) ;
#994 = CARTESIAN_POINT ( 'NONE',  ( 14.10796153005422227, 81.14595037822610379, 0.0000000000000000000 ) ) ;
#995 = CARTESIAN_POINT ( 'NONE',  ( 18.00000000000000355, 82.22499999999999432, 3.031000827889698023E-17 ) ) ;
#996 = ORIENTED_EDGE ( 'NONE', *, *, #1807, .F. ) ;
#997 = CARTESIAN_POINT ( 'NONE',  ( 16.84372234463880602, 81.10151237206694930, 0.3379343202975833571 ) ) ;
#998 = EDGE_CURVE ( 'NONE', #1425, #918, #1147, .T. ) ;
#999 = CARTESIAN_POINT ( 'NONE',  ( 13.53000000017345883, 82.00000000000000000, 0.0000000000000000000 ) ) ;
#1000 = ORIENTED_EDGE ( 'NONE', *, *, #1280, .T. ) ;
#1001 = CARTESIAN_POINT ( 'NONE',  ( 15.19999999999999929, 82.00000000000000000, 0.8499999999999999778 ) ) ;
#1002 = EDGE_CURVE ( 'NONE', #1370, #1099, #572, .T. ) ;
#1003 = STYLED_ITEM ( 'NONE', ( #1162 ), #133 ) ;
#1004 = DIRECTION ( 'NONE',  ( 0.0000000000000000000, 0.0000000000000000000, -1.000000000000000000 ) ) ;
#1005 = AXIS2_PLACEMENT_3D ( 'NONE', #222, #2092, #2119 ) ;
#1006 = CARTESIAN_POINT ( 'NONE',  ( 9.774999999999996803, 82.45000000000001705, -0.05459415460183885543 ) ) ;
#1007 = CARTESIAN_POINT ( 'NONE',  ( 14.17197179376399951, 87.85404962177391042, -7.169143131355203085E-16 ) ) ;
#1008 = CARTESIAN_POINT ( 'NONE',  ( 14.17197179376399951, 87.85404962177391042, -7.169143131355203085E-16 ) ) ;
#1009 = CARTESIAN_POINT ( 'NONE',  ( 13.53000000000292857, 82.00000000000000000, 0.8997538438298610108 ) ) ;
#1010 = EDGE_LOOP ( 'NONE', ( #658, #1152, #1502, #1058, #399 ) ) ;
#1011 = CARTESIAN_POINT ( 'NONE',  ( 16.84372234463879536, 81.27456072693462374, -0.6319810039421163150 ) ) ;
#1012 = ORIENTED_EDGE ( 'NONE', *, *, #1624, .T. ) ;
#1013 = CARTESIAN_POINT ( 'NONE',  ( 12.00000000000000178, 81.88255300177826257, -0.2007510533122078278 ) ) ;
#1014 = STYLED_ITEM ( 'NONE', ( #923 ), #1385 ) ;
#1015 = CARTESIAN_POINT ( 'NONE',  ( 16.46000000000000085, 81.10585074535920569, 0.05676176797415170838 ) ) ;
#1016 = EDGE_CURVE ( 'NONE', #146, #589, #1096, .T. ) ;
#1017 = STYLED_ITEM ( 'NONE', ( #1839 ), #1879 ) ;
#1018 =( NAMED_UNIT ( * ) PLANE_ANGLE_UNIT ( ) SI_UNIT ( $, .RADIAN. ) );
#1019 = CARTESIAN_POINT ( 'NONE',  ( 10.11744699822173921, 82.20075105331218879, -3.100000000000000089 ) ) ;
#1020 =( NAMED_UNIT ( * ) SI_UNIT ( $, .STERADIAN. ) SOLID_ANGLE_UNIT ( ) );
#1021 = DIRECTION ( 'NONE',  ( 1.000000000000000000, 0.0000000000000000000, 0.0000000000000000000 ) ) ;
#1022 = ORIENTED_EDGE ( 'NONE', *, *, #1455, .F. ) ;
#1023 = DIRECTION ( 'NONE',  ( -1.000000000000000000, -0.0000000000000000000, -0.0000000000000000000 ) ) ;
#1024 = SURFACE_STYLE_USAGE ( .BOTH. , #2235 ) ;
#1025 = VERTEX_POINT ( 'NONE', #1716 ) ;
#1026 = CARTESIAN_POINT ( 'NONE',  ( 12.00000000000000000, 81.77500000000000568, 3.582091887506006362E-17 ) ) ;
#1027 = CARTESIAN_POINT ( 'NONE',  ( 16.46000000000000085, 82.82613787151277052, 0.3423242092796504599 ) ) ;
#1028 = CARTESIAN_POINT ( 'NONE',  ( 16.07001091641627610, 82.00000000000001421, 0.8598239353316569078 ) ) ;
#1029 = CARTESIAN_POINT ( 'NONE',  ( 18.00000000000000000, 82.16969055874545802, 0.1487056754786354740 ) ) ;
#1030 = FACE_OUTER_BOUND ( 'NONE', #677, .T. ) ;
#1031 = CARTESIAN_POINT ( 'NONE',  ( 18.00000000000000355, 81.88611542979312219, 0.1971563249510456528 ) ) ;
#1032 = VERTEX_POINT ( 'NONE', #2264 ) ;
#1033 = CARTESIAN_POINT ( 'NONE',  ( 16.84372234463880247, 81.13381327234449714, -0.4138813335320083442 ) ) ;
#1034 =( LENGTH_UNIT ( ) NAMED_UNIT ( * ) SI_UNIT ( .MILLI., .METRE. ) );
#1035 = ORIENTED_EDGE ( 'NONE', *, *, #757, .F. ) ;
#1036 = SURFACE_STYLE_FILL_AREA ( #1565 ) ;
#1037 = CARTESIAN_POINT ( 'NONE',  ( 16.45999999999999730, 82.30255776850721361, 0.8415215894574031852 ) ) ;
#1038 = FACE_BOUND ( 'NONE', #249, .T. ) ;
#1039 = SURFACE_STYLE_USAGE ( .BOTH. , #142 ) ;
#1040 = SURFACE_STYLE_USAGE ( .BOTH. , #1454 ) ;
#1041 = CIRCLE ( 'NONE', #38, 2.000000000000001776 ) ;
#1042 = SURFACE_STYLE_FILL_AREA ( #532 ) ;
#1043 = EDGE_CURVE ( 'NONE', #1755, #533, #796, .T. ) ;
#1044 = CARTESIAN_POINT ( 'NONE',  ( 17.07627833366132108, 82.00000000000000000, -2.311215952723115717E-46 ) ) ;
#1045 = CIRCLE ( 'NONE', #304, 0.8540496217739099727 ) ;
#1046 =( NAMED_UNIT ( * ) SI_UNIT ( $, .STERADIAN. ) SOLID_ANGLE_UNIT ( ) );
#1047 = ORIENTED_EDGE ( 'NONE', *, *, #1766, .F. ) ;
#1048 = FACE_BOUND ( 'NONE', #98, .T. ) ;
#1049 = CARTESIAN_POINT ( 'NONE',  ( 16.84372234463879536, 82.88540903980552343, -0.3668858165428618978 ) ) ;
#1050 = CARTESIAN_POINT ( 'NONE',  ( 13.15627765536119220, 81.04170010806463154, 2.347157790563806744E-16 ) ) ;
#1051 = CONICAL_SURFACE ( 'NONE', #495, 0.9924409106929488189, 0.1394293730597410685 ) ;
#1052 = DIRECTION ( 'NONE',  ( 1.000000000000000000, 0.0000000000000000000, 0.0000000000000000000 ) ) ;
#1053 = CARTESIAN_POINT ( 'NONE',  ( 15.19999999999999929, 82.00000000000000000, -0.8499999999999999778 ) ) ;
#1054 = ORIENTED_EDGE ( 'NONE', *, *, #816, .F. ) ;
#1055 = EDGE_CURVE ( 'NONE', #1494, #909, #2214, .T. ) ;
#1056 = ORIENTED_EDGE ( 'NONE', *, *, #120, .T. ) ;
#1057 = CARTESIAN_POINT ( 'NONE',  ( 16.46000000000000441, 82.27760970821282172, -0.8559778541929827789 ) ) ;
#1058 = ORIENTED_EDGE ( 'NONE', *, *, #89, .F. ) ;
#1059 = DIRECTION ( 'NONE',  ( 0.0000000000000000000, -1.000000000000000000, 1.224646799147352221E-16 ) ) ;
#1060 = CARTESIAN_POINT ( 'NONE',  ( 9.775000000000000355, 82.00000000000000000, -3.100000000000000533 ) ) ;
#1061 = CYLINDRICAL_SURFACE ( 'NONE', #964, 0.8540496217739099727 ) ;
#1062 =( BOUNDED_SURFACE ( )  B_SPLINE_SURFACE ( 3, 3, ( 
 ( #2097, #516, #691, #2230 ),
 ( #2063, #2076, #1006, #167 ),
 ( #654, #2052, #1700, #1374 ),
 ( #1525, #1352, #1742, #482 ) ),
 .UNSPECIFIED., .F., .F., .T. ) 
 B_SPLINE_SURFACE_WITH_KNOTS ( ( 4, 4 ),
 ( 4, 4 ),
 ( 0.0000000000000000000, 1.000000000000000000 ),
 ( 0.0000000000000000000, 1.000000000000000000 ),
 .UNSPECIFIED. ) 
 GEOMETRIC_REPRESENTATION_ITEM ( )  RATIONAL_B_SPLINE_SURFACE ( (
 ( 1.000000000000000000, 0.8047378541243643824, 0.8047378541243643824, 1.000000000000000000),
 ( 0.3333333333333333703, 0.2682459513747881830, 0.2682459513747881830, 0.3333333333333333703),
 ( 0.3333333333333333703, 0.2682459513747881830, 0.2682459513747881830, 0.3333333333333333703),
 ( 1.000000000000000000, 0.8047378541243643824, 0.8047378541243643824, 1.000000000000000000) ) ) 
 REPRESENTATION_ITEM ( '' )  SURFACE ( )  );
#1063 =( NAMED_UNIT ( * ) SI_UNIT ( $, .STERADIAN. ) SOLID_ANGLE_UNIT ( ) );
#1064 = VERTEX_POINT ( 'NONE', #1698 ) ;
#1065 = EDGE_CURVE ( 'NONE', #1811, #1334, #119, .T. ) ;
#1066 = UNCERTAINTY_MEASURE_WITH_UNIT (LENGTH_MEASURE( 1.000000000000000082E-05 ), #1920, 'distance_accuracy_value', 'NONE');
#1067 = CYLINDRICAL_SURFACE ( 'NONE', #116, 0.2250000000000000333 ) ;
#1068 = EDGE_LOOP ( 'NONE', ( #112, #607, #1223, #1635 ) ) ;
#1069 = ADVANCED_FACE ( 'NONE', ( #2229 ), #1614, .F. ) ;
#1070 = CARTESIAN_POINT ( 'NONE',  ( 15.19999999999999929, 82.00000000000000000, 0.8499999999999999778 ) ) ;
#1071 = DIRECTION ( 'NONE',  ( -1.000000000000000000, -0.0000000000000000000, 9.938320498378770498E-46 ) ) ;
#1072 = CLOSED_SHELL ( 'NONE', ( #1417, #1492, #449, #916, #559, #188, #702, #1253, #405, #1385, #1849, #5, #690, #1296, #1346, #659, #9, #2009, #250, #1979, #515, #1069, #1823, #1960, #437, #1902, #1863, #887, #176, #221, #419, #376, #2207, #1919, #2219, #321, #1696, #1081, #717, #1536, #1942, #100, #675, #19, #253, #44, #333, #133, #1316, #1879 ) ) ;
#1073 = ORIENTED_EDGE ( 'NONE', *, *, #2058, .T. ) ;
#1074 =( NAMED_UNIT ( * ) PLANE_ANGLE_UNIT ( ) SI_UNIT ( $, .RADIAN. ) );
#1075 = ORIENTED_EDGE ( 'NONE', *, *, #1566, .F. ) ;
#1076 = CIRCLE ( 'NONE', #1730, 0.8997538438298610108 ) ;
#1077 = FACE_OUTER_BOUND ( 'NONE', #1792, .T. ) ;
#1078 = PRESENTATION_LAYER_ASSIGNMENT (  '', '', ( #2138 ) ) ;
#1079 = CARTESIAN_POINT ( 'NONE',  ( 14.10796153005422049, 82.85404962177391042, 1.708099243547810842 ) ) ;
#1080 = ORIENTED_EDGE ( 'NONE', *, *, #363, .F. ) ;
#1081 = ADVANCED_FACE ( 'NONE', ( #2094 ), #1067, .T. ) ;
#1082 = CARTESIAN_POINT ( 'NONE',  ( 16.45999999999999375, 81.10585074535916306, 0.0000000000000000000 ) ) ;
#1083 = CARTESIAN_POINT ( 'NONE',  ( 16.71667953344204705, 82.93194302204224755, 1.863886044084439142 ) ) ;
#1084 = AXIS2_PLACEMENT_3D ( 'NONE', #586, #2163, #203 ) ;
#1085 = SURFACE_SIDE_STYLE ('',( #947 ) ) ;
#1086 = SURFACE_STYLE_FILL_AREA ( #360 ) ;
#1087 = DIRECTION ( 'NONE',  ( 0.0000000000000000000, 0.0000000000000000000, -1.000000000000000000 ) ) ;
#1088 = SURFACE_SIDE_STYLE ('',( #395 ) ) ;
#1089 = VERTEX_POINT ( 'NONE', #911 ) ;
#1090 = CARTESIAN_POINT ( 'NONE',  ( 16.84372234463879892, 82.38394292755708648, -0.8798225190876202140 ) ) ;
#1091 = CARTESIAN_POINT ( 'NONE',  ( 14.04396306668767380, 81.14472133513665142, 2.094828558607845909E-16 ) ) ;
#1092 = ORIENTED_EDGE ( 'NONE', *, *, #2021, .T. ) ;
#1093 = ADVANCED_BREP_SHAPE_REPRESENTATION ( '54C7A805-1D0E-4E90-89F1-EB4DE96F2379', ( #2065, #498 ), #1891 ) ;
#1094 = DIRECTION ( 'NONE',  ( -0.0000000000000000000, 1.224646799147353207E-16, 1.000000000000000000 ) ) ;
#1095 = DIRECTION ( 'NONE',  ( 0.0000000000000000000, 0.0000000000000000000, -1.000000000000000000 ) ) ;
#1096 = B_SPLINE_CURVE_WITH_KNOTS ( 'NONE', 3,
 ( #2062, #1015, #1543, #846, #309, #2251, #513, #481, #491, #132, #653, #1169, #2239, #2073, #1740, #679, #1373, #664, #295, #502, #1890, #1037, #1901, #320, #875, #1567, #1881, #1709, #1360, #2051, #1027, #643, #1179, #1205 ),
 .UNSPECIFIED., .F., .F.,
 ( 4, 1, 1, 2, 2, 2, 1, 1, 2, 2, 2, 1, 1, 2, 2, 2, 1, 1, 2, 2, 4 ),
 ( 0.0000000000000000000, 0.06249999999998587241, 0.09374999999997879474, 0.1093749999999774347, 0.1249999999999761024, 0.2499999999999705791, 0.3124999999999727440, 0.3437499999999678035, 0.3593749999999653610, 0.3749999999999628630, 0.4999999999999287237, 0.5624999999999192868, 0.5937499999999145128, 0.6093749999999195088, 0.6249999999999245048, 0.7499999999999517053, 0.8124999999999653610, 0.8437499999999720224, 0.8593749999999753530, 0.8749999999999786837, 1.000000000000000000 ),
 .UNSPECIFIED. ) ;
#1097 = CARTESIAN_POINT ( 'NONE',  ( 9.882553001778264345, 81.79924894668776858, -3.100000000000000089 ) ) ;
#1098 = CARTESIAN_POINT ( 'NONE',  ( 16.46000000000000085, 82.87861267208496940, -0.2251577719545242717 ) ) ;
#1099 = VERTEX_POINT ( 'NONE', #374 ) ;
#1100 = CARTESIAN_POINT ( 'NONE',  ( 18.00000000000000355, 82.22500000000000853, -0.05890486225480860705 ) ) ;
#1101 = CARTESIAN_POINT ( 'NONE',  ( 16.71667953344204705, 81.06805697795776666, 2.282602077863446240E-16 ) ) ;
#1102 =( LENGTH_UNIT ( ) NAMED_UNIT ( * ) SI_UNIT ( .MILLI., .METRE. ) );
#1103 = SURFACE_STYLE_FILL_AREA ( #959 ) ;
#1104 = CARTESIAN_POINT ( 'NONE',  ( 12.00000000000000000, 81.70096189432329936, 1.464864235760259094E-17 ) ) ;
#1105 = EDGE_CURVE ( 'NONE', #918, #1755, #526, .T. ) ;
#1106 = CARTESIAN_POINT ( 'NONE',  ( 10.44999999999999929, 82.00000000000000000, -0.2250000000000000333 ) ) ;
#1107 = CARTESIAN_POINT ( 'NONE',  ( 10.00000000000000000, 81.77500000000000568, -3.100000000000000533 ) ) ;
#1108 = AXIS2_PLACEMENT_3D ( 'NONE', #2265, #2087, #1914 ) ;
#1109 = FACE_OUTER_BOUND ( 'NONE', #1122, .T. ) ;
#1110 = ORIENTED_EDGE ( 'NONE', *, *, #504, .T. ) ;
#1111 = CARTESIAN_POINT ( 'NONE',  ( 19.68180194846605602, 82.00000000000000000, -0.2250000000000000333 ) ) ;
#1112 = VECTOR ( 'NONE', #1274, 1000.000000000000000 ) ;
#1113 = CARTESIAN_POINT ( 'NONE',  ( 16.58870749541299716, 82.91054867816272633, -1.115100524179870394E-16 ) ) ;
#1114 = DIRECTION ( 'NONE',  ( 1.000000000000000000, 0.0000000000000000000, 0.0000000000000000000 ) ) ;
#1115 = CARTESIAN_POINT ( 'NONE',  ( 12.00000000000000178, 82.06085156161759642, 0.2191233163620541768 ) ) ;
#1116 = SURFACE_SIDE_STYLE ('',( #915 ) ) ;
#1117 = CIRCLE ( 'NONE', #2186, 0.2250000000000000333 ) ;
#1118 = PRESENTATION_LAYER_ASSIGNMENT (  '', '', ( #1014 ) ) ;
#1119 = CARTESIAN_POINT ( 'NONE',  ( 16.07000910242061664, 82.85990852986616062, -1.719817059732286380 ) ) ;
#1120 = CARTESIAN_POINT ( 'NONE',  ( 9.941095137745190158, 81.77500000000001990, -3.100000000000000977 ) ) ;
#1121 = DIRECTION ( 'NONE',  ( 0.0000000000000000000, 0.0000000000000000000, 1.000000000000000000 ) ) ;
#1122 = EDGE_LOOP ( 'NONE', ( #1047, #1287, #1379, #1779, #996 ) ) ;
#1123 = VECTOR ( 'NONE', #1721, 1000.000000000000227 ) ;
#1124 = CARTESIAN_POINT ( 'NONE',  ( 16.71667953344204705, 82.93194302204224755, -1.863886044084439364 ) ) ;
#1125 = CARTESIAN_POINT ( 'NONE',  ( 18.00000000000000355, 82.29903810567671485, -2.197296353640307444E-17 ) ) ;
#1126 = CARTESIAN_POINT ( 'NONE',  ( 18.00000000000000355, 82.29903810567671485, -2.197296353640307444E-17 ) ) ;
#1127 = CARTESIAN_POINT ( 'NONE',  ( 13.15627765536119398, 82.00000000000000000, 0.0000000000000000000 ) ) ;
#1128 = CARTESIAN_POINT ( 'NONE',  ( 19.77499999999999858, 82.00000000000000000, -0.4499999999999990119 ) ) ;
#1129 = CARTESIAN_POINT ( 'NONE',  ( 16.84372234463879536, 81.67518041847786492, -0.9032951287370475368 ) ) ;
#1130 = DIRECTION ( 'NONE',  ( 1.000000000000000000, 0.0000000000000000000, 0.0000000000000000000 ) ) ;
#1131 = CARTESIAN_POINT ( 'NONE',  ( 16.46000000000000085, 82.42942785843051468, 0.7918189990625920105 ) ) ;
#1132 = ORIENTED_EDGE ( 'NONE', *, *, #2275, .T. ) ;
#1133 = UNCERTAINTY_MEASURE_WITH_UNIT (LENGTH_MEASURE( 1.000000000000000082E-05 ), #10, 'distance_accuracy_value', 'NONE');
#1134 = CARTESIAN_POINT ( 'NONE',  ( 16.84372234463879892, 81.04170010806460311, -0.06084054984118990317 ) ) ;
#1135 = EDGE_CURVE ( 'NONE', #93, #1409, #2000, .T. ) ;
#1136 = DIRECTION ( 'NONE',  ( 0.0000000000000000000, 0.0000000000000000000, 1.000000000000000000 ) ) ;
#1137 =( LENGTH_UNIT ( ) NAMED_UNIT ( * ) SI_UNIT ( .MILLI., .METRE. ) );
#1138 = CARTESIAN_POINT ( 'NONE',  ( 16.07000910242061664, 81.14009147013386780, 1.719817059732286824 ) ) ;
#1139 = AXIS2_PLACEMENT_3D ( 'NONE', #193, #748, #762 ) ;
#1140 = CARTESIAN_POINT ( 'NONE',  ( 9.999999999999996447, 82.00000000000000000, -0.4500000000000007327 ) ) ;
#1141 = CARTESIAN_POINT ( 'NONE',  ( 13.98000000000365617, 82.00000000000000000, 0.8497538438289905516 ) ) ;
#1142 = ORIENTED_EDGE ( 'NONE', *, *, #2145, .F. ) ;
#1143 = PRESENTATION_LAYER_ASSIGNMENT (  '', '', ( #1695 ) ) ;
#1144 = CARTESIAN_POINT ( 'NONE',  ( 19.77499999999999858, 81.55000000000001137, -0.3181980515339458138 ) ) ;
#1145 = CARTESIAN_POINT ( 'NONE',  ( 16.84372234463879892, 81.36900914207207336, -0.7243022786232133914 ) ) ;
#1146 = CARTESIAN_POINT ( 'NONE',  ( 16.84372234459198125, 82.00000000000000000, 0.9598040072237659093 ) ) ;
#1147 = CIRCLE ( 'NONE', #1913, 0.9985201625794730695 ) ;
#1148 = EDGE_CURVE ( 'NONE', #1252, #1485, #2031, .T. ) ;
#1149 = COLOUR_RGB ( '',1.000000000000000000, 0.0000000000000000000, 0.0000000000000000000 ) ;
#1150 = CARTESIAN_POINT ( 'NONE',  ( 13.98000000000000043, 82.85773629789208883, -1.050424011726049932E-16 ) ) ;
#1151 = CARTESIAN_POINT ( 'NONE',  ( 11.99999999999999822, 81.70096189432329936, -0.07828799299477874618 ) ) ;
#1152 = ORIENTED_EDGE ( 'NONE', *, *, #1219, .F. ) ;
#1153 = CARTESIAN_POINT ( 'NONE',  ( 20.05890486225481339, 82.22500000000000853, -3.100000000000000977 ) ) ;
#1154 = CARTESIAN_POINT ( 'NONE',  ( 17.07627833366132108, 82.99244091072137053, 2.850493472735125506E-57 ) ) ;
#1155 = EDGE_LOOP ( 'NONE', ( #1574, #2167, #1282, #1225, #1651 ) ) ;
#1156 = CARTESIAN_POINT ( 'NONE',  ( 20.22499999999999787, 81.54999999999999716, -0.4499999999999990119 ) ) ;
#1157 = UNCERTAINTY_MEASURE_WITH_UNIT (LENGTH_MEASURE( 1.000000000000000082E-05 ), #1558, 'distance_accuracy_value', 'NONE');
#1158 = CARTESIAN_POINT ( 'NONE',  ( 16.84372234463879892, 82.86482919094927979, -0.4132329361540311163 ) ) ;
#1159 = CIRCLE ( 'NONE', #165, 0.8997538438298610108 ) ;
#1160 = COLOUR_RGB ( '',1.000000000000000000, 0.0000000000000000000, 0.0000000000000000000 ) ;
#1161 = CARTESIAN_POINT ( 'NONE',  ( 18.00000000000000711, 82.07828799299478817, 0.2990381056767050238 ) ) ;
#1162 = PRESENTATION_STYLE_ASSIGNMENT (( #453 ) ) ;
#1163 = EDGE_CURVE ( 'NONE', #1032, #943, #1045, .T. ) ;
#1164 = CARTESIAN_POINT ( 'NONE',  ( 16.84372234463879892, 81.12155632872018884, 0.3833413584857107148 ) ) ;
#1165 = ORIENTED_EDGE ( 'NONE', *, *, #1328, .F. ) ;
#1166 = DIRECTION ( 'NONE',  ( 0.0000000000000000000, 0.0000000000000000000, 1.000000000000000000 ) ) ;
#1167 = DIRECTION ( 'NONE',  ( -0.0000000000000000000, 0.0000000000000000000, 1.000000000000000000 ) ) ;
#1168 = ORIENTED_EDGE ( 'NONE', *, *, #1231, .T. ) ;
#1169 = CARTESIAN_POINT ( 'NONE',  ( 16.45999999999999730, 81.57323817694964418, 0.7869000552900073941 ) ) ;
#1170 = CARTESIAN_POINT ( 'NONE',  ( 13.40466119514035270, 82.91166076817778219, -2.257517684228888142E-16 ) ) ;
#1171 =( NAMED_UNIT ( * ) PLANE_ANGLE_UNIT ( ) SI_UNIT ( $, .RADIAN. ) );
#1172 = DIRECTION ( 'NONE',  ( 0.0000000000000000000, 0.0000000000000000000, -1.000000000000000000 ) ) ;
#1173 = ORIENTED_EDGE ( 'NONE', *, *, #1596, .T. ) ;
#1174 = CARTESIAN_POINT ( 'NONE',  ( 17.30000000000000071, 81.70096189432334199, 0.0000000000000000000 ) ) ;
#1175 = CARTESIAN_POINT ( 'NONE',  ( 16.07001015486430973, 82.85982394088637193, -7.900253858997908544E-17 ) ) ;
#1176 = EDGE_CURVE ( 'NONE', #325, #459, #1442, .T. ) ;
#1177 = VERTEX_POINT ( 'NONE', #2204 ) ;
#1178 = UNCERTAINTY_MEASURE_WITH_UNIT (LENGTH_MEASURE( 1.000000000000000082E-05 ), #1102, 'distance_accuracy_value', 'NONE');
#1179 = CARTESIAN_POINT ( 'NONE',  ( 16.46000000000000085, 82.89414925464087958, 0.1138802807600119565 ) ) ;
#1180 = STYLED_ITEM ( 'NONE', ( #1450 ), #437 ) ;
#1181 = SURFACE_STYLE_FILL_AREA ( #1534 ) ;
#1182 = CIRCLE ( 'NONE', #187, 2.000000000000001776 ) ;
#1183 = CARTESIAN_POINT ( 'NONE',  ( 9.774999999999998579, 82.00000000000000000, -0.05459415460183886237 ) ) ;
#1184 = AXIS2_PLACEMENT_3D ( 'NONE', #2194, #1983, #2032 ) ;
#1185 = CARTESIAN_POINT ( 'NONE',  ( 12.00000000000000000, 81.77500000000000568, 3.582091887506006362E-17 ) ) ;
#1186 = EDGE_LOOP ( 'NONE', ( #1714, #1971, #1382, #195 ) ) ;
#1187 = CARTESIAN_POINT ( 'NONE',  ( 16.84372234463879536, 81.12017748091327007, -0.3839429275579550604 ) ) ;
#1188 = PRESENTATION_STYLE_ASSIGNMENT (( #1024 ) ) ;
#1189 = ORIENTED_EDGE ( 'NONE', *, *, #2151, .F. ) ;
#1190 = CARTESIAN_POINT ( 'NONE',  ( 12.00000000000000178, 81.86208404018977092, 0.1798857263433256970 ) ) ;
#1191 = EDGE_CURVE ( 'NONE', #524, #876, #2098, .T. ) ;
#1192 = STYLED_ITEM ( 'NONE', ( #1582 ), #1536 ) ;
#1193 = CARTESIAN_POINT ( 'NONE',  ( 16.84372234463879536, 82.87844367127846112, -0.3833413584870837276 ) ) ;
#1194 = STYLED_ITEM ( 'NONE', ( #2030 ), #1902 ) ;
#1195 = EDGE_CURVE ( 'NONE', #456, #628, #1452, .T. ) ;
#1196 = LINE ( 'NONE', #665, #493 ) ;
#1197 = CIRCLE ( 'NONE', #722, 0.2250000000000000333 ) ;
#1198 = ORIENTED_EDGE ( 'NONE', *, *, #1195, .T. ) ;
#1199 = B_SPLINE_CURVE_WITH_KNOTS ( 'NONE', 3,
 ( #31, #372, #421, #1097, #1120, #775 ),
 .UNSPECIFIED., .F., .F.,
 ( 4, 2, 4 ),
 ( 0.5000000000000000000, 0.7500000000000000000, 1.000000000000000000 ),
 .UNSPECIFIED. ) ;
#1200 = CARTESIAN_POINT ( 'NONE',  ( 16.84372234459198125, 82.00000000000000000, 0.9598040072237659093 ) ) ;
#1201 = DIRECTION ( 'NONE',  ( 1.000000000000000000, 0.0000000000000000000, 0.0000000000000000000 ) ) ;
#1202 = VERTEX_POINT ( 'NONE', #1286 ) ;
#1203 = DIRECTION ( 'NONE',  ( -1.000000000000000000, 0.0000000000000000000, 0.0000000000000000000 ) ) ;
#1204 = PRODUCT_RELATED_PRODUCT_CATEGORY ( 'part', '', ( #512 ) ) ;
#1205 = CARTESIAN_POINT ( 'NONE',  ( 16.46000000000000085, 82.89414925464086537, -6.570102135935447598E-17 ) ) ;
#1206 = EDGE_CURVE ( 'NONE', #479, #2156, #342, .T. ) ;
#1207 = CARTESIAN_POINT ( 'NONE',  ( 10.20075105331220833, 82.11744699822172322, -3.100000000000000977 ) ) ;
#1208 = CARTESIAN_POINT ( 'NONE',  ( 14.17197179376399951, 82.00000000000000000, -0.8540496217739099727 ) ) ;
#1209 = ORIENTED_EDGE ( 'NONE', *, *, #602, .T. ) ;
#1210 = CARTESIAN_POINT ( 'NONE',  ( 16.84372234463879892, 81.41482677978126503, -0.7720897584652329781 ) ) ;
#1211 = CYLINDRICAL_SURFACE ( 'NONE', #1299, 0.2250000000000000333 ) ;
#1212 = ORIENTED_EDGE ( 'NONE', *, *, #903, .T. ) ;
#1213 = CARTESIAN_POINT ( 'NONE',  ( 13.75500000000000078, 82.00000000000000000, 0.0000000000000000000 ) ) ;
#1214 = CARTESIAN_POINT ( 'NONE',  ( 18.00000000000000355, 81.73319015691073730, -0.1560939016250845746 ) ) ;
#1215 = FACE_OUTER_BOUND ( 'NONE', #1773, .T. ) ;
#1216 = CARTESIAN_POINT ( 'NONE',  ( 17.07627833366132108, 82.00000000000000000, -0.9924409107168810085 ) ) ;
#1217 = FILL_AREA_STYLE ('',( #1905 ) ) ;
#1218 = COLOUR_RGB ( '',0.7725490196078431682, 0.7725490196078431682, 0.7725490196078431682 ) ;
#1219 = EDGE_CURVE ( 'NONE', #1025, #709, #1699, .T. ) ;
#1220 = CARTESIAN_POINT ( 'NONE',  ( 10.44999999999999929, 82.00000000000000000, 0.0000000000000000000 ) ) ;
#1221 = MECHANICAL_DESIGN_GEOMETRIC_PRESENTATION_REPRESENTATION (  '', ( #1953 ), #968 ) ;
#1222 = FILL_AREA_STYLE_COLOUR ( '', #351 ) ;
#1223 = ORIENTED_EDGE ( 'NONE', *, *, #2037, .T. ) ;
#1224 = CARTESIAN_POINT ( 'NONE',  ( 13.98000000000000043, 81.14226370210792538, 2.100848023452084579E-16 ) ) ;
#1225 = ORIENTED_EDGE ( 'NONE', *, *, #2021, .F. ) ;
#1226 = CARTESIAN_POINT ( 'NONE',  ( 9.774999999999996803, 81.54999999999999716, -0.05459415460183885543 ) ) ;
#1227 = CARTESIAN_POINT ( 'NONE',  ( 18.00000000000000355, 82.00000000000000000, 0.2250000000000000333 ) ) ;
#1228 = CARTESIAN_POINT ( 'NONE',  ( 18.00000000000000000, 81.79829270301587485, 0.1156782906585461651 ) ) ;
#1229 = EDGE_CURVE ( 'NONE', #876, #524, #1290, .T. ) ;
#1230 = FACE_OUTER_BOUND ( 'NONE', #2048, .T. ) ;
#1231 = EDGE_CURVE ( 'NONE', #661, #684, #1995, .T. ) ;
#1232 = ORIENTED_EDGE ( 'NONE', *, *, #2233, .T. ) ;
#1233 =( LENGTH_UNIT ( ) NAMED_UNIT ( * ) SI_UNIT ( .MILLI., .METRE. ) );
#1234 = ORIENTED_EDGE ( 'NONE', *, *, #929, .T. ) ;
#1235 = FACE_BOUND ( 'NONE', #1984, .T. ) ;
#1236 = DIRECTION ( 'NONE',  ( 0.0000000000000000000, 1.000000000000000000, 0.0000000000000000000 ) ) ;
#1237 = ORIENTED_EDGE ( 'NONE', *, *, #2046, .F. ) ;
#1238 = EDGE_LOOP ( 'NONE', ( #1518, #3, #1627, #721 ) ) ;
#1239 = UNCERTAINTY_MEASURE_WITH_UNIT (LENGTH_MEASURE( 1.000000000000000082E-05 ), #657, 'distance_accuracy_value', 'NONE');
#1240 = EDGE_CURVE ( 'NONE', #13, #182, #270, .T. ) ;
#1241 = FILL_AREA_STYLE_COLOUR ( '', #1741 ) ;
#1242 =( NAMED_UNIT ( * ) PLANE_ANGLE_UNIT ( ) SI_UNIT ( $, .RADIAN. ) );
#1243 = EDGE_LOOP ( 'NONE', ( #503, #824, #989, #1941 ) ) ;
#1244 = CARTESIAN_POINT ( 'NONE',  ( 15.63000000000000078, 82.00000000000000000, 3.031731290585930107E-47 ) ) ;
#1245 = DIRECTION ( 'NONE',  ( 1.000000000000000000, 0.0000000000000000000, 0.0000000000000000000 ) ) ;
#1246 = CIRCLE ( 'NONE', #1544, 0.8540496217739099727 ) ;
#1247 = ORIENTED_EDGE ( 'NONE', *, *, #1580, .T. ) ;
#1248 = CARTESIAN_POINT ( 'NONE',  ( 15.82802820623600226, 81.14595037822610379, 2.091818271236855856E-16 ) ) ;
#1249 = CARTESIAN_POINT ( 'NONE',  ( 16.84372234463879892, 82.95983763758557927, -0.06085110119557252811 ) ) ;
#1250 = VECTOR ( 'NONE', #2010, 1000.000000000000000 ) ;
#1251 = B_SPLINE_CURVE_WITH_KNOTS ( 'NONE', 3,
 ( #901, #1604, #1423, #392, #356, #1802 ),
 .UNSPECIFIED., .F., .F.,
 ( 4, 2, 4 ),
 ( 0.0000000000000000000, 0.2500000000000000000, 0.5000000000000000000 ),
 .UNSPECIFIED. ) ;
#1252 = VERTEX_POINT ( 'NONE', #1141 ) ;
#1253 = ADVANCED_FACE ( 'NONE', ( #973 ), #434, .T. ) ;
#1254 = CARTESIAN_POINT ( 'NONE',  ( 19.94109513774518661, 82.22499999999999432, -3.100000000000000977 ) ) ;
#1255 = CARTESIAN_POINT ( 'NONE',  ( 15.82802820623600226, 82.00000000000000000, 0.0000000000000000000 ) ) ;
#1256 = VECTOR ( 'NONE', #2142, 1000.000000000000114 ) ;
#1257 = CARTESIAN_POINT ( 'NONE',  ( 16.45999999999503061, 81.10026229687460386, 0.2355507798580445400 ) ) ;
#1258 = DIRECTION ( 'NONE',  ( 0.0000000000000000000, -1.000000000000000000, 0.0000000000000000000 ) ) ;
#1259 = AXIS2_PLACEMENT_3D ( 'NONE', #1493, #1130, #2203 ) ;
#1260 = DIRECTION ( 'NONE',  ( 1.000000000000000000, -0.0000000000000000000, -0.0000000000000000000 ) ) ;
#1261 = CARTESIAN_POINT ( 'NONE',  ( 15.90872790712966101, 82.85404962177391042, 1.708099243547810842 ) ) ;
#1262 = AXIS2_PLACEMENT_3D ( 'NONE', #2047, #2025, #455 ) ;
#1263 = UNCERTAINTY_MEASURE_WITH_UNIT (LENGTH_MEASURE( 1.000000000000000082E-05 ), #1563, 'distance_accuracy_value', 'NONE');
#1264 = CARTESIAN_POINT ( 'NONE',  ( 12.69999999999999929, 82.00000000000000000, 0.0000000000000000000 ) ) ;
#1265 = CARTESIAN_POINT ( 'NONE',  ( 14.04396306668767025, 81.14472133513665142, 1.710557329726691611 ) ) ;
#1266 = VERTEX_POINT ( 'NONE', #1154 ) ;
#1267 = DIRECTION ( 'NONE',  ( 1.000000000000000000, 0.0000000000000000000, 0.0000000000000000000 ) ) ;
#1268 = CARTESIAN_POINT ( 'NONE',  ( 12.75000000000000178, 81.00000000000000000, 0.0000000000000000000 ) ) ;
#1269 = CARTESIAN_POINT ( 'NONE',  ( 16.71667953344204705, 81.06805697795779508, 1.863886044084439364 ) ) ;
#1270 = APPLICATION_PROTOCOL_DEFINITION ( 'draft international standard', 'automotive_design', 1998, #1786 ) ;
#1271 = CARTESIAN_POINT ( 'NONE',  ( 12.00000000000000000, 82.11388457020659359, 0.1971563249510451254 ) ) ;
#1272 = DIRECTION ( 'NONE',  ( 0.0000000000000000000, -1.000000000000000000, 0.0000000000000000000 ) ) ;
#1273 = CARTESIAN_POINT ( 'NONE',  ( 16.07001729354351482, 82.76708269130831752, -0.4487725369087166016 ) ) ;
#1274 = DIRECTION ( 'NONE',  ( 1.000000000000000000, 0.0000000000000000000, 0.0000000000000000000 ) ) ;
#1275 = ORIENTED_EDGE ( 'NONE', *, *, #853, .F. ) ;
#1276 = CARTESIAN_POINT ( 'NONE',  ( 16.84372234463880247, 81.04170010806463154, -1.916599783870736706 ) ) ;
#1277 = CARTESIAN_POINT ( 'NONE',  ( 9.941095137745188381, 82.22499999999999432, -3.100000000000000977 ) ) ;
#1278 = DIRECTION ( 'NONE',  ( 0.0000000000000000000, -1.000000000000000000, 0.0000000000000000000 ) ) ;
#1279 = CARTESIAN_POINT ( 'NONE',  ( 10.22499999999999964, 82.00000000000000000, -3.100000000000000533 ) ) ;
#1280 = EDGE_CURVE ( 'NONE', #652, #1999, #2170, .T. ) ;
#1281 = CARTESIAN_POINT ( 'NONE',  ( 15.82802820623600226, 76.14595037822608958, 0.0000000000000000000 ) ) ;
#1282 = ORIENTED_EDGE ( 'NONE', *, *, #998, .T. ) ;
#1283 = CARTESIAN_POINT ( 'NONE',  ( 15.98940396395307850, 81.14399702732266917, 1.712005945354643899 ) ) ;
#1284 = AXIS2_PLACEMENT_3D ( 'NONE', #2277, #1267, #225 ) ;
#1285 = CARTESIAN_POINT ( 'NONE',  ( 16.84372234463880247, 82.92685538572294490, -0.2528362633598737474 ) ) ;
#1286 = CARTESIAN_POINT ( 'NONE',  ( 15.63000000000000078, 82.00000000000000000, -0.8540496217739099727 ) ) ;
#1287 = ORIENTED_EDGE ( 'NONE', *, *, #830, .T. ) ;
#1288 =( BOUNDED_SURFACE ( )  B_SPLINE_SURFACE ( 3, 3, ( 
 ( #345, #703, #1743, #494 ),
 ( #168, #878, #1570, #7 ),
 ( #2276, #1397, #1226, #2099 ),
 ( #1893, #1928, #1183, #357 ) ),
 .UNSPECIFIED., .F., .F., .T. ) 
 B_SPLINE_SURFACE_WITH_KNOTS ( ( 4, 4 ),
 ( 4, 4 ),
 ( 0.0000000000000000000, 1.000000000000000000 ),
 ( 0.0000000000000000000, 1.000000000000000000 ),
 .UNSPECIFIED. ) 
 GEOMETRIC_REPRESENTATION_ITEM ( )  RATIONAL_B_SPLINE_SURFACE ( (
 ( 1.000000000000000000, 0.8047378541243643824, 0.8047378541243643824, 1.000000000000000000),
 ( 0.3333333333333333703, 0.2682459513747881830, 0.2682459513747881830, 0.3333333333333333703),
 ( 0.3333333333333333703, 0.2682459513747881830, 0.2682459513747881830, 0.3333333333333333703),
 ( 1.000000000000000000, 0.8047378541243643824, 0.8047378541243643824, 1.000000000000000000) ) ) 
 REPRESENTATION_ITEM ( '' )  SURFACE ( )  );
#1289 = CARTESIAN_POINT ( 'NONE',  ( 13.53000000000000291, 82.89543366406843461, -1.096589970550199560E-16 ) ) ;
#1290 = CIRCLE ( 'NONE', #416, 0.9985201625794730695 ) ;
#1291 = CARTESIAN_POINT ( 'NONE',  ( 16.84372234463880247, 81.05011059100270643, -0.1505641022714712118 ) ) ;
#1292 = CARTESIAN_POINT ( 'NONE',  ( 16.46000000000000085, 81.85967433709322449, -0.8863606290960210909 ) ) ;
#1293 = DIRECTION ( 'NONE',  ( 1.000000000000000000, -0.0000000000000000000, -0.0000000000000000000 ) ) ;
#1294 = AXIS2_PLACEMENT_3D ( 'NONE', #1007, #982, #463 ) ;
#1295 = CARTESIAN_POINT ( 'NONE',  ( 16.84372234463879892, 81.84958479143226384, 0.9499482618891899044 ) ) ;
#1296 = ADVANCED_FACE ( 'NONE', ( #1109 ), #782, .T. ) ;
#1297 = MECHANICAL_DESIGN_GEOMETRIC_PRESENTATION_REPRESENTATION (  '', ( #2110 ), #387 ) ;
#1298 = CARTESIAN_POINT ( 'NONE',  ( 16.84372234463879536, 81.70385208803439525, -0.9131227597778570626 ) ) ;
#1299 = AXIS2_PLACEMENT_3D ( 'NONE', #1598, #231, #567 ) ;
#1300 = SURFACE_STYLE_FILL_AREA ( #1312 ) ;
#1301 = EDGE_CURVE ( 'NONE', #893, #1334, #1361, .T. ) ;
#1302 = CARTESIAN_POINT ( 'NONE',  ( 19.55000000000000071, 82.00000000000000000, -0.4500000000000000666 ) ) ;
#1303 = ORIENTED_EDGE ( 'NONE', *, *, #56, .T. ) ;
#1304 = CARTESIAN_POINT ( 'NONE',  ( 13.40466119514035448, 81.08833923182220360, 1.823321536355559269 ) ) ;
#1305 = PRESENTATION_LAYER_ASSIGNMENT (  '', '', ( #1675 ) ) ;
#1306 = CARTESIAN_POINT ( 'NONE',  ( 12.75000000000000178, 83.00000000000000000, -1.224646799147353207E-16 ) ) ;
#1307 = CARTESIAN_POINT ( 'NONE',  ( 16.46000000000000441, 82.71925490186485774, -0.5451582557550120889 ) ) ;
#1308 = CARTESIAN_POINT ( 'NONE',  ( 13.53000000000000114, 81.10456633593156539, -1.790867328136851899 ) ) ;
#1309 = DIRECTION ( 'NONE',  ( -1.000000000000000000, 0.0000000000000000000, 0.0000000000000000000 ) ) ;
#1310 = CARTESIAN_POINT ( 'NONE',  ( 11.99999999999999822, 82.07828799299478817, -0.2990381056767050238 ) ) ;
#1311 = SURFACE_SIDE_STYLE ('',( #1657 ) ) ;
#1312 = FILL_AREA_STYLE ('',( #2180 ) ) ;
#1313 = CARTESIAN_POINT ( 'NONE',  ( 16.45999999999999730, 82.79103361969900732, 0.4463932065673061889 ) ) ;
#1314 = VERTEX_POINT ( 'NONE', #892 ) ;
#1315 = SURFACE_STYLE_USAGE ( .BOTH. , #272 ) ;
#1316 = ADVANCED_FACE ( 'NONE', ( #507 ), #470, .T. ) ;
#1317 = UNCERTAINTY_MEASURE_WITH_UNIT (LENGTH_MEASURE( 1.000000000000000082E-05 ), #1137, 'distance_accuracy_value', 'NONE');
#1318 = CARTESIAN_POINT ( 'NONE',  ( 16.84372234463880247, 82.95829989193536846, -1.916599783870737150 ) ) ;
#1319 = CARTESIAN_POINT ( 'NONE',  ( 16.45999999999999730, 81.76447449045222982, -0.8634574724161888648 ) ) ;
#1320 = CARTESIAN_POINT ( 'NONE',  ( 16.07001729354351838, 82.85973947681337393, 0.2250792686965078504 ) ) ;
#1321 = CARTESIAN_POINT ( 'NONE',  ( 16.84372234463879892, 81.06412806256609827, 0.2396195512049266452 ) ) ;
#1322 = ORIENTED_EDGE ( 'NONE', *, *, #1231, .F. ) ;
#1323 = CARTESIAN_POINT ( 'NONE',  ( 20.11744699822173388, 82.20075105331218879, -3.100000000000000089 ) ) ;
#1324 = CARTESIAN_POINT ( 'NONE',  ( 16.24500000000000099, 82.00000000000000000, -0.2250000000000000333 ) ) ;
#1325 = ORIENTED_EDGE ( 'NONE', *, *, #830, .F. ) ;
#1326 = AXIS2_PLACEMENT_3D ( 'NONE', #1336, #825, #1166 ) ;
#1327 = CARTESIAN_POINT ( 'NONE',  ( 13.53000000000000291, 81.10456633593157960, 2.193179941100368059E-16 ) ) ;
#1328 = EDGE_CURVE ( 'NONE', #459, #138, #988, .T. ) ;
#1329 = CARTESIAN_POINT ( 'NONE',  ( 16.71667953344204705, 81.06805697795776666, 0.0000000000000000000 ) ) ;
#1330 = CARTESIAN_POINT ( 'NONE',  ( 16.45999999999999730, 81.68517927595991068, -0.8370255099396072263 ) ) ;
#1331 = AXIS2_PLACEMENT_3D ( 'NONE', #1484, #755, #961 ) ;
#1332 = DIRECTION ( 'NONE',  ( -1.000000000000000000, 0.0000000000000000000, 0.0000000000000000000 ) ) ;
#1333 = CARTESIAN_POINT ( 'NONE',  ( 16.84372234463879892, 82.38334135848621997, 0.8784436712790414381 ) ) ;
#1334 = VERTEX_POINT ( 'NONE', #336 ) ;
#1335 = B_SPLINE_CURVE_WITH_KNOTS ( 'NONE', 3,
 ( #1107, #556, #2158, #247, #951, #910 ),
 .UNSPECIFIED., .F., .F.,
 ( 4, 2, 4 ),
 ( 0.0000000000000000000, 0.2500000000000000000, 0.5000000000000000000 ),
 .UNSPECIFIED. ) ;
#1336 = CARTESIAN_POINT ( 'NONE',  ( 15.00000000000000000, 82.00000000000000000, 0.0000000000000000000 ) ) ;
#1337 = SURFACE_SIDE_STYLE ('',( #443 ) ) ;
#1338 =( GEOMETRIC_REPRESENTATION_CONTEXT ( 3 ) GLOBAL_UNCERTAINTY_ASSIGNED_CONTEXT ( ( #211 ) ) GLOBAL_UNIT_ASSIGNED_CONTEXT ( ( #1757, #848, #862 ) ) REPRESENTATION_CONTEXT ( 'NONE', 'WORKASPACE' ) );
#1339 = DIRECTION ( 'NONE',  ( 1.000000000000000000, 0.0000000000000000000, 0.0000000000000000000 ) ) ;
#1340 = EDGE_LOOP ( 'NONE', ( #352, #1864, #1012, #1899, #1173 ) ) ;
#1341 = CARTESIAN_POINT ( 'NONE',  ( 18.00000000000000000, 81.88255300177826257, -0.2007510533122079388 ) ) ;
#1342 = STYLED_ITEM ( 'NONE', ( #1530 ), #1942 ) ;
#1343 = CARTESIAN_POINT ( 'NONE',  ( 18.00000000000000355, 81.70096189432329936, 1.464864235760259094E-17 ) ) ;
#1344 = CARTESIAN_POINT ( 'NONE',  ( 13.40466119514035448, 81.08833923182220360, -1.823321536355559269 ) ) ;
#1345 = CARTESIAN_POINT ( 'NONE',  ( 19.68180194846605602, 82.45000000000000284, -0.2250000000000000611 ) ) ;
#1346 = ADVANCED_FACE ( 'NONE', ( #2103 ), #880, .T. ) ;
#1347 = CARTESIAN_POINT ( 'NONE',  ( 16.84372234463879536, 81.04170010806458890, 0.1220378444065530477 ) ) ;
#1348 = VERTEX_POINT ( 'NONE', #403 ) ;
#1349 = CARTESIAN_POINT ( 'NONE',  ( 15.63000000000000078, 82.00000000000000000, 3.031731290585930107E-47 ) ) ;
#1350 = EDGE_LOOP ( 'NONE', ( #2171, #236 ) ) ;
#1351 = CARTESIAN_POINT ( 'NONE',  ( 12.00000000000000000, 82.00000000000000000, -0.2250000000000000333 ) ) ;
#1352 = CARTESIAN_POINT ( 'NONE',  ( 10.31819805153394398, 82.00000000000000000, -0.2250000000000000333 ) ) ;
#1353 = DIRECTION ( 'NONE',  ( -1.000000000000000000, 0.0000000000000000000, 0.0000000000000000000 ) ) ;
#1354 = EDGE_CURVE ( 'NONE', #1348, #182, #2190, .T. ) ;
#1355 = ORIENTED_EDGE ( 'NONE', *, *, #587, .F. ) ;
#1356 = DIRECTION ( 'NONE',  ( 1.000000000000000000, 0.0000000000000000000, 0.0000000000000000000 ) ) ;
#1357 = ORIENTED_EDGE ( 'NONE', *, *, #1301, .F. ) ;
#1358 = FACE_OUTER_BOUND ( 'NONE', #558, .T. ) ;
#1359 =( GEOMETRIC_REPRESENTATION_CONTEXT ( 3 ) GLOBAL_UNCERTAINTY_ASSIGNED_CONTEXT ( ( #1317 ) ) GLOBAL_UNIT_ASSIGNED_CONTEXT ( ( #1137, #1459, #2153 ) ) REPRESENTATION_CONTEXT ( 'NONE', 'WORKASPACE' ) );
#1360 = CARTESIAN_POINT ( 'NONE',  ( 16.46000000000000085, 82.80693014140359764, 0.3855787359055633523 ) ) ;
#1361 = B_SPLINE_CURVE_WITH_KNOTS ( 'NONE', 3,
 ( #867, #1561, #1228, #1760, #1031, #707, #1415, #324 ),
 .UNSPECIFIED., .F., .F.,
 ( 4, 2, 2, 4 ),
 ( 0.0000000000000000000, 0.2500000000000000000, 0.3750000000000000000, 0.5000000000000000000 ),
 .UNSPECIFIED. ) ;
#1362 =( LENGTH_UNIT ( ) NAMED_UNIT ( * ) SI_UNIT ( .MILLI., .METRE. ) );
#1363 = VECTOR ( 'NONE', #561, 1000.000000000000000 ) ;
#1364 = DIRECTION ( 'NONE',  ( 0.0000000000000000000, 0.0000000000000000000, 1.000000000000000000 ) ) ;
#1365 = CARTESIAN_POINT ( 'NONE',  ( 19.77499999999999858, 82.00000000000000000, -0.3181980515339458138 ) ) ;
#1366 = COLOUR_RGB ( '',0.7725490196078431682, 0.7725490196078431682, 0.7725490196078431682 ) ;
#1367 = ORIENTED_EDGE ( 'NONE', *, *, #348, .T. ) ;
#1368 = CARTESIAN_POINT ( 'NONE',  ( 16.84372234463879892, 81.15617018841643926, 0.4762144330906906142 ) ) ;
#1369 = SURFACE_SIDE_STYLE ('',( #2246 ) ) ;
#1370 = VERTEX_POINT ( 'NONE', #206 ) ;
#1371 = DIRECTION ( 'NONE',  ( -1.000000000000000000, 0.0000000000000000000, 0.0000000000000000000 ) ) ;
#1372 = VECTOR ( 'NONE', #902, 1000.000000000000000 ) ;
#1373 = CARTESIAN_POINT ( 'NONE',  ( 16.46000000000000085, 81.88664661527832322, 0.8940820069389158187 ) ) ;
#1374 = CARTESIAN_POINT ( 'NONE',  ( 10.22499999999999964, 82.45000000000000284, -0.4500000000000006772 ) ) ;
#1375 = CARTESIAN_POINT ( 'NONE',  ( 16.84372234459198125, 82.00000000000000000, 0.9598040072237659093 ) ) ;
#1376 = CARTESIAN_POINT ( 'NONE',  ( 20.22499999999999787, 82.45000000000000284, -0.4499999999999990119 ) ) ;
#1377 = CONICAL_SURFACE ( 'NONE', #612, 0.8997377031079167864, 0.1022067181308314726 ) ;
#1378 = CARTESIAN_POINT ( 'NONE',  ( 20.00000000000000000, 81.77500000000000568, -3.100000000000000533 ) ) ;
#1379 = ORIENTED_EDGE ( 'NONE', *, *, #633, .T. ) ;
#1380 = LINE ( 'NONE', #639, #2132 ) ;
#1381 = DIRECTION ( 'NONE',  ( 1.000000000000000000, 0.0000000000000000000, 0.0000000000000000000 ) ) ;
#1382 = ORIENTED_EDGE ( 'NONE', *, *, #1720, .T. ) ;
#1383 = CYLINDRICAL_SURFACE ( 'NONE', #1990, 0.2250000000000000333 ) ;
#1384 = CARTESIAN_POINT ( 'NONE',  ( 18.00000000000000000, 81.84390609837494424, -0.2668098430892705819 ) ) ;
#1385 = ADVANCED_FACE ( 'NONE', ( #1468 ), #752, .T. ) ;
#1386 = SURFACE_SIDE_STYLE ('',( #1181 ) ) ;
#1387 = CARTESIAN_POINT ( 'NONE',  ( 14.17197179376399951, 82.00000000000000000, 0.0000000000000000000 ) ) ;
#1388 = EDGE_CURVE ( 'NONE', #93, #1409, #1884, .T. ) ;
#1389 = CARTESIAN_POINT ( 'NONE',  ( 13.15627765536119220, 82.95829989193536846, -1.173578895281911014E-16 ) ) ;
#1390 = CARTESIAN_POINT ( 'NONE',  ( 20.00000000000000000, 82.00000000000000000, -0.4499999999999980127 ) ) ;
#1391 = VERTEX_POINT ( 'NONE', #2165 ) ;
#1392 = DIRECTION ( 'NONE',  ( 1.000000000000000000, -0.0000000000000000000, 0.0000000000000000000 ) ) ;
#1393 = ORIENTED_EDGE ( 'NONE', *, *, #785, .T. ) ;
#1394 = CARTESIAN_POINT ( 'NONE',  ( 14.17197179376399951, 82.85404962177391042, -1.045909135618437542E-16 ) ) ;
#1395 = ORIENTED_EDGE ( 'NONE', *, *, #264, .F. ) ;
#1396 = VECTOR ( 'NONE', #1978, 1000.000000000000000 ) ;
#1397 = CARTESIAN_POINT ( 'NONE',  ( 10.05459415460183692, 81.54999999999999716, 0.2250000000000000611 ) ) ;
#1398 = CARTESIAN_POINT ( 'NONE',  ( 18.00000000000000355, 82.13791595980998750, 0.1798857263436487719 ) ) ;
#1399 = TOROIDAL_SURFACE ( 'NONE', #1005, -1.000000000000000000, 2.000000000000000000 ) ;
#1400 = EDGE_CURVE ( 'NONE', #456, #1603, #1117, .T. ) ;
#1401 = PRESENTATION_STYLE_ASSIGNMENT (( #2054 ) ) ;
#1402 = COLOUR_RGB ( '',0.7725490196078431682, 0.7725490196078431682, 0.7725490196078431682 ) ;
#1403 =( NAMED_UNIT ( * ) PLANE_ANGLE_UNIT ( ) SI_UNIT ( $, .RADIAN. ) );
#1404 = AXIS2_PLACEMENT_3D ( 'NONE', #1302, #2159, #1661 ) ;
#1405 = SURFACE_STYLE_FILL_AREA ( #687 ) ;
#1406 = EDGE_LOOP ( 'NONE', ( #43, #1907, #886, #2244 ) ) ;
#1407 = CARTESIAN_POINT ( 'NONE',  ( 20.00000000000000000, 81.77500000000000568, -3.100000000000000533 ) ) ;
#1408 = SURFACE_SIDE_STYLE ('',( #1592 ) ) ;
#1409 = VERTEX_POINT ( 'NONE', #1870 ) ;
#1410 = CARTESIAN_POINT ( 'NONE',  ( 12.67307692307690026, 81.00147983742053270, 0.0000000000000000000 ) ) ;
#1411 = AXIS2_PLACEMENT_3D ( 'NONE', #1736, #871, #1381 ) ;
#1412 = CARTESIAN_POINT ( 'NONE',  ( 17.07627833366132108, 82.00000000000000000, -2.311215952723115717E-46 ) ) ;
#1413 = CARTESIAN_POINT ( 'NONE',  ( 18.00000000000000355, 82.03039660938139832, 0.2252458484780651971 ) ) ;
#1414 = CIRCLE ( 'NONE', #47, 5.000000000000004441 ) ;
#1415 = CARTESIAN_POINT ( 'NONE',  ( 18.00000000000000355, 81.96960339061860168, 0.2247541515219349251 ) ) ;
#1416 = ORIENTED_EDGE ( 'NONE', *, *, #900, .F. ) ;
#1417 = ADVANCED_FACE ( 'NONE', ( #72 ), #991, .F. ) ;
#1418 = EDGE_LOOP ( 'NONE', ( #729, #150, #1432, #1189 ) ) ;
#1419 = FACE_OUTER_BOUND ( 'NONE', #592, .T. ) ;
#1420 = CARTESIAN_POINT ( 'NONE',  ( 13.98000000000000043, 82.85773629789208883, -1.050424011726055725E-16 ) ) ;
#1421 = ORIENTED_EDGE ( 'NONE', *, *, #1467, .T. ) ;
#1422 = B_SPLINE_CURVE_WITH_KNOTS ( 'NONE', 3,
 ( #2184, #1676, #427, #1986, #413, #94 ),
 .UNSPECIFIED., .F., .F.,
 ( 4, 2, 4 ),
 ( 0.0000000000000000000, 0.5000000000000000000, 1.000000000000000000 ),
 .UNSPECIFIED. ) ;
#1423 = CARTESIAN_POINT ( 'NONE',  ( 12.00000000000000178, 82.20075105331223142, -0.1174469982217387631 ) ) ;
#1424 = DIRECTION ( 'NONE',  ( 0.0000000000000000000, 0.0000000000000000000, -1.000000000000000000 ) ) ;
#1425 = VERTEX_POINT ( 'NONE', #430 ) ;
#1426 = DIRECTION ( 'NONE',  ( -1.000000000000000000, -0.0000000000000000000, 9.938320498378770498E-46 ) ) ;
#1427 = SURFACE_STYLE_USAGE ( .BOTH. , #1088 ) ;
#1428 = ORIENTED_EDGE ( 'NONE', *, *, #740, .F. ) ;
#1429 = CARTESIAN_POINT ( 'NONE',  ( 15.82802820623600404, 81.14595037822608958, 1.708099243547811286 ) ) ;
#1430 = CARTESIAN_POINT ( 'NONE',  ( 15.63000000000000078, 80.70000000000000284, -1.560000000000000275 ) ) ;
#1431 = SURFACE_STYLE_USAGE ( .BOTH. , #1408 ) ;
#1432 = ORIENTED_EDGE ( 'NONE', *, *, #2117, .T. ) ;
#1433 = CARTESIAN_POINT ( 'NONE',  ( 19.94109513774519016, 81.77500000000001990, -3.100000000000000977 ) ) ;
#1434 = AXIS2_PLACEMENT_3D ( 'NONE', #948, #1479, #2005 ) ;
#1435 =( GEOMETRIC_REPRESENTATION_CONTEXT ( 3 ) GLOBAL_UNCERTAINTY_ASSIGNED_CONTEXT ( ( #1157 ) ) GLOBAL_UNIT_ASSIGNED_CONTEXT ( ( #1558, #1916, #716 ) ) REPRESENTATION_CONTEXT ( 'NONE', 'WORKASPACE' ) );
#1436 = CARTESIAN_POINT ( 'NONE',  ( 16.45999999999503771, 81.53034892258224886, -0.8027701849205868267 ) ) ;
#1437 = COLOUR_RGB ( '',0.8000000000000000444, 0.7568627450980391913, 0.2352941176470588203 ) ;
#1438 = DIRECTION ( 'NONE',  ( -1.000000000000000000, -0.0000000000000000000, -0.0000000000000000000 ) ) ;
#1439 = ORIENTED_EDGE ( 'NONE', *, *, #2164, .F. ) ;
#1440 = VECTOR ( 'NONE', #1522, 1000.000000000000000 ) ;
#1441 = CARTESIAN_POINT ( 'NONE',  ( 16.07001729354351482, 82.44877253690874852, -0.7670826913083362841 ) ) ;
#1442 = CIRCLE ( 'NONE', #1808, 0.8499999999999999778 ) ;
#1443 = PRESENTATION_STYLE_ASSIGNMENT (( #1431 ) ) ;
#1444 = ORIENTED_EDGE ( 'NONE', *, *, #1512, .T. ) ;
#1445 = CARTESIAN_POINT ( 'NONE',  ( 19.88255300177825546, 82.20075105331223142, -3.100000000000000977 ) ) ;
#1446 = CARTESIAN_POINT ( 'NONE',  ( 19.79924894668779700, 81.88255300177826257, -3.100000000000000977 ) ) ;
#1447 = AXIS2_PLACEMENT_3D ( 'NONE', #935, #1114, #1095 ) ;
#1448 = CIRCLE ( 'NONE', #569, 0.2249999999999995060 ) ;
#1449 = MECHANICAL_DESIGN_GEOMETRIC_PRESENTATION_REPRESENTATION (  '', ( #2111 ), #980 ) ;
#1450 = PRESENTATION_STYLE_ASSIGNMENT (( #774 ) ) ;
#1451 = CARTESIAN_POINT ( 'NONE',  ( 16.07001091641627610, 82.00000000000001421, -0.8598239353316569078 ) ) ;
#1452 = LINE ( 'NONE', #1324, #1112 ) ;
#1453 = ORIENTED_EDGE ( 'NONE', *, *, #1148, .T. ) ;
#1454 = SURFACE_SIDE_STYLE ('',( #400 ) ) ;
#1455 = EDGE_CURVE ( 'NONE', #1811, #479, #568, .T. ) ;
#1456 = LINE ( 'NONE', #724, #1473 ) ;
#1457 = DIRECTION ( 'NONE',  ( 0.0000000000000000000, -1.000000000000000000, 0.0000000000000000000 ) ) ;
#1458 = CARTESIAN_POINT ( 'NONE',  ( 16.45999999996291407, 82.00000000000000000, 0.8997377031190166852 ) ) ;
#1459 =( NAMED_UNIT ( * ) PLANE_ANGLE_UNIT ( ) SI_UNIT ( $, .RADIAN. ) );
#1460 = DIRECTION ( 'NONE',  ( 6.123233995736766036E-17, -0.0000000000000000000, 1.000000000000000000 ) ) ;
#1461 = FACE_BOUND ( 'NONE', #571, .T. ) ;
#1462 = SURFACE_STYLE_FILL_AREA ( #53 ) ;
#1463 = VERTEX_POINT ( 'NONE', #277 ) ;
#1464 = CARTESIAN_POINT ( 'NONE',  ( 20.22499999999999787, 82.00000000000000000, -0.05459415460183954932 ) ) ;
#1465 = CARTESIAN_POINT ( 'NONE',  ( 16.84372234463879536, 81.58676706384846966, -0.8648291909504827180 ) ) ;
#1466 = CARTESIAN_POINT ( 'NONE',  ( 16.46000000000000085, 82.84150582827733444, -0.3025976476973251672 ) ) ;
#1467 = EDGE_CURVE ( 'NONE', #1531, #510, #1850, .T. ) ;
#1468 = FACE_OUTER_BOUND ( 'NONE', #54, .T. ) ;
#1469 = EDGE_CURVE ( 'NONE', #1485, #837, #1701, .T. ) ;
#1470 = MECHANICAL_DESIGN_GEOMETRIC_PRESENTATION_REPRESENTATION (  '', ( #1835 ), #1504 ) ;
#1471 = CARTESIAN_POINT ( 'NONE',  ( 15.82802820623600404, 81.14595037822608958, -1.708099243547811064 ) ) ;
#1472 =( GEOMETRIC_REPRESENTATION_CONTEXT ( 3 ) GLOBAL_UNCERTAINTY_ASSIGNED_CONTEXT ( ( #447 ) ) GLOBAL_UNIT_ASSIGNED_CONTEXT ( ( #1857, #2018, #411 ) ) REPRESENTATION_CONTEXT ( 'NONE', 'WORKASPACE' ) );
#1473 = VECTOR ( 'NONE', #1581, 1000.000000000000000 ) ;
#1474 = CARTESIAN_POINT ( 'NONE',  ( 13.98000000000365617, 82.00000000000000000, 0.0000000000000000000 ) ) ;
#1475 = ORIENTED_EDGE ( 'NONE', *, *, #1328, .T. ) ;
#1476 = CARTESIAN_POINT ( 'NONE',  ( 16.84372234463879892, 82.84336534727879098, -0.4573656422294411494 ) ) ;
#1477 = CARTESIAN_POINT ( 'NONE',  ( 16.46000000000000085, 81.10585074535917727, 0.0000000000000000000 ) ) ;
#1478 = CARTESIAN_POINT ( 'NONE',  ( 13.98000000000365617, 82.00000000000000000, -0.8497538438289905516 ) ) ;
#1479 = DIRECTION ( 'NONE',  ( 0.0000000000000000000, -0.0000000000000000000, 1.000000000000000000 ) ) ;
#1480 = EDGE_CURVE ( 'NONE', #533, #1755, #540, .T. ) ;
#1481 = FACE_OUTER_BOUND ( 'NONE', #2106, .T. ) ;
#1482 = CIRCLE ( 'NONE', #1964, 0.8577362978920838321 ) ;
#1483 = CARTESIAN_POINT ( 'NONE',  ( 20.00000000000000000, 82.22499999999999432, -3.100000000000000533 ) ) ;
#1484 = CARTESIAN_POINT ( 'NONE',  ( 12.67307692307690026, 82.00000000000000000, 0.0000000000000000000 ) ) ;
#1485 = VERTEX_POINT ( 'NONE', #1478 ) ;
#1486 = AXIS2_PLACEMENT_3D ( 'NONE', #144, #2102, #1172 ) ;
#1487 = CARTESIAN_POINT ( 'NONE',  ( 17.32692307692310152, 82.99852016257946730, -1.222834520987046398E-16 ) ) ;
#1488 = CARTESIAN_POINT ( 'NONE',  ( 16.84372234463880247, 82.15080066820587490, 0.9513803234724378388 ) ) ;
#1489 = CARTESIAN_POINT ( 'NONE',  ( 13.40466119514035448, 82.91166076817779640, -1.823321536355559269 ) ) ;
#1490 = CARTESIAN_POINT ( 'NONE',  ( 16.84372234463879892, 81.27569772137525206, 0.6309908579279317475 ) ) ;
#1491 = CARTESIAN_POINT ( 'NONE',  ( 15.98940396395307850, 81.14399702732266917, -1.712005945354643899 ) ) ;
#1492 = ADVANCED_FACE ( 'NONE', ( #1861 ), #905, .F. ) ;
#1493 = CARTESIAN_POINT ( 'NONE',  ( 12.69999999999999929, 82.00000000000000000, 0.0000000000000000000 ) ) ;
#1494 = VERTEX_POINT ( 'NONE', #2200 ) ;
#1495 = LINE ( 'NONE', #2183, #1838 ) ;
#1496 = EDGE_CURVE ( 'NONE', #1896, #259, #1746, .T. ) ;
#1497 = DIRECTION ( 'NONE',  ( 1.000000000000000000, 0.0000000000000000000, 0.0000000000000000000 ) ) ;
#1498 = CARTESIAN_POINT ( 'NONE',  ( 16.46000000000000441, 81.12677732478326220, -0.2235908174868734832 ) ) ;
#1499 = CARTESIAN_POINT ( 'NONE',  ( 13.98000000000000043, 81.14226370210792538, 0.0000000000000000000 ) ) ;
#1500 =( NAMED_UNIT ( * ) PLANE_ANGLE_UNIT ( ) SI_UNIT ( $, .RADIAN. ) );
#1501 = CARTESIAN_POINT ( 'NONE',  ( 16.84372234463879892, 82.95829989193539689, 0.06084054984110964792 ) ) ;
#1502 = ORIENTED_EDGE ( 'NONE', *, *, #2164, .T. ) ;
#1503 = CARTESIAN_POINT ( 'NONE',  ( 16.84372234463879536, 81.54191680181888557, 0.8446892672223024201 ) ) ;
#1504 =( GEOMETRIC_REPRESENTATION_CONTEXT ( 3 ) GLOBAL_UNCERTAINTY_ASSIGNED_CONTEXT ( ( #793 ) ) GLOBAL_UNIT_ASSIGNED_CONTEXT ( ( #475, #1171, #1020 ) ) REPRESENTATION_CONTEXT ( 'NONE', 'WORKASPACE' ) );
#1505 = SURFACE_STYLE_FILL_AREA ( #79 ) ;
#1506 = SURFACE_STYLE_USAGE ( .BOTH. , #1733 ) ;
#1507 = ORIENTED_EDGE ( 'NONE', *, *, #307, .F. ) ;
#1508 = CARTESIAN_POINT ( 'NONE',  ( 19.55000000000000426, 81.54999999999999716, 0.2250000000000000611 ) ) ;
#1509 = TOROIDAL_SURFACE ( 'NONE', #1585, -1.000000000000000000, 2.000000000000000000 ) ;
#1510 = CARTESIAN_POINT ( 'NONE',  ( 16.84372234463880247, 81.08830820101304937, -0.2956836983688749809 ) ) ;
#1511 = VERTEX_POINT ( 'NONE', #1216 ) ;
#1512 = EDGE_CURVE ( 'NONE', #181, #1556, #1517, .T. ) ;
#1513 = CARTESIAN_POINT ( 'NONE',  ( 19.55000000000000071, 82.00000000000000000, 0.0000000000000000000 ) ) ;
#1514 = CARTESIAN_POINT ( 'NONE',  ( 16.84372234463879892, 82.41323293615248247, 0.8648291909503424968 ) ) ;
#1515 = VERTEX_POINT ( 'NONE', #1375 ) ;
#1516 = DIRECTION ( 'NONE',  ( -1.000000000000000000, 0.0000000000000000000, 0.0000000000000000000 ) ) ;
#1517 = CIRCLE ( 'NONE', #422, 0.8540496217739099727 ) ;
#1518 = ORIENTED_EDGE ( 'NONE', *, *, #955, .F. ) ;
#1519 = CARTESIAN_POINT ( 'NONE',  ( 18.00000000000000355, 81.94109513774519371, -0.2250000000000000888 ) ) ;
#1520 = COLOUR_RGB ( '',0.8000000000000000444, 0.7568627450980391913, 0.2352941176470588203 ) ;
#1521 = UNCERTAINTY_MEASURE_WITH_UNIT (LENGTH_MEASURE( 1.000000000000000082E-05 ), #141, 'distance_accuracy_value', 'NONE');
#1522 = DIRECTION ( 'NONE',  ( -1.000000000000000000, 0.0000000000000000000, 0.0000000000000000000 ) ) ;
#1523 = AXIS2_PLACEMENT_3D ( 'NONE', #1608, #21, #763 ) ;
#1524 = EDGE_CURVE ( 'NONE', #22, #1597, #242, .T. ) ;
#1525 = CARTESIAN_POINT ( 'NONE',  ( 10.44999999999999929, 82.00000000000000000, -0.2250000000000000333 ) ) ;
#1526 = CARTESIAN_POINT ( 'NONE',  ( 13.53000000000000291, 81.10456633593157960, 1.120745031951687018E-16 ) ) ;
#1527 = FACE_OUTER_BOUND ( 'NONE', #1712, .T. ) ;
#1528 = ORIENTED_EDGE ( 'NONE', *, *, #292, .T. ) ;
#1529 = CYLINDRICAL_SURFACE ( 'NONE', #930, 0.8540496217739099727 ) ;
#1530 = PRESENTATION_STYLE_ASSIGNMENT (( #499 ) ) ;
#1531 = VERTEX_POINT ( 'NONE', #530 ) ;
#1532 = CARTESIAN_POINT ( 'NONE',  ( 11.99999999999999822, 81.77499999999997726, 0.02930094258681098518 ) ) ;
#1533 = CARTESIAN_POINT ( 'NONE',  ( 16.84372234463879892, 82.95829989193542531, -0.1220378444148346869 ) ) ;
#1534 = FILL_AREA_STYLE ('',( #847 ) ) ;
#1535 = CARTESIAN_POINT ( 'NONE',  ( 19.68180194846605602, 82.00000000000000000, -0.2250000000000000333 ) ) ;
#1536 = ADVANCED_FACE ( 'NONE', ( #2077 ), #1288, .T. ) ;
#1537 = FILL_AREA_STYLE ('',( #1560 ) ) ;
#1538 =( BOUNDED_SURFACE ( )  B_SPLINE_SURFACE ( 3, 3, ( 
 ( #1947, #48, #2134, #760 ),
 ( #1963, #1803, #191, #1987 ),
 ( #563, #1083, #1269, #1101 ),
 ( #228, #414, #913, #393 ) ),
 .UNSPECIFIED., .F., .F., .T. ) 
 B_SPLINE_SURFACE_WITH_KNOTS ( ( 4, 4 ),
 ( 4, 4 ),
 ( 0.0000000000000000000, 1.000000000000000000 ),
 ( 0.0000000000000000000, 1.000000000000000000 ),
 .UNSPECIFIED. ) 
 GEOMETRIC_REPRESENTATION_ITEM ( )  RATIONAL_B_SPLINE_SURFACE ( (
 ( 1.000000000000000000, 0.3333333333333334259, 0.3333333333333334259, 1.000000000000000000),
 ( 0.9994952818045226284, 0.3331650939348409501, 0.3331650939348409501, 0.9994952818045226284),
 ( 0.9994952818045226284, 0.3331650939348409501, 0.3331650939348409501, 0.9994952818045226284),
 ( 1.000000000000000000, 0.3333333333333334259, 0.3333333333333334259, 1.000000000000000000) ) ) 
 REPRESENTATION_ITEM ( '' )  SURFACE ( )  );
#1539 = EDGE_LOOP ( 'NONE', ( #2202, #1924, #1589, #2195 ) ) ;
#1540 = DIRECTION ( 'NONE',  ( 0.0000000000000000000, 0.0000000000000000000, 1.000000000000000000 ) ) ;
#1541 = VERTEX_POINT ( 'NONE', #1060 ) ;
#1542 =( NAMED_UNIT ( * ) PLANE_ANGLE_UNIT ( ) SI_UNIT ( $, .RADIAN. ) );
#1543 = CARTESIAN_POINT ( 'NONE',  ( 16.45999999999999375, 81.11369821264321445, 0.1404745452287639307 ) ) ;
#1544 = AXIS2_PLACEMENT_3D ( 'NONE', #683, #506, #1719 ) ;
#1545 =( GEOMETRIC_REPRESENTATION_CONTEXT ( 3 ) GLOBAL_UNCERTAINTY_ASSIGNED_CONTEXT ( ( #1521 ) ) GLOBAL_UNIT_ASSIGNED_CONTEXT ( ( #141, #1018, #505 ) ) REPRESENTATION_CONTEXT ( 'NONE', 'WORKASPACE' ) );
#1546 = CARTESIAN_POINT ( 'NONE',  ( 18.00000000000000711, 82.21973412257966629, 0.05690804580369478866 ) ) ;
#1547 = PRESENTATION_LAYER_ASSIGNMENT (  '', '', ( #268 ) ) ;
#1548 = CARTESIAN_POINT ( 'NONE',  ( 13.53000000000000114, 82.00000000000000000, 0.0000000000000000000 ) ) ;
#1549 = CARTESIAN_POINT ( 'NONE',  ( 10.44999999999999929, 82.00000000000000000, 0.2249999999999999500 ) ) ;
#1550 = CARTESIAN_POINT ( 'NONE',  ( 12.67307692307690026, 82.99852016257946730, -1.222834520987046398E-16 ) ) ;
#1551 = EDGE_CURVE ( 'NONE', #1485, #1252, #45, .T. ) ;
#1552 = ORIENTED_EDGE ( 'NONE', *, *, #587, .T. ) ;
#1553 = AXIS2_PLACEMENT_3D ( 'NONE', #2169, #1649, #754 ) ;
#1554 = PRODUCT_DEFINITION_SHAPE ( 'NONE', 'NONE',  #391 ) ;
#1555 = CARTESIAN_POINT ( 'NONE',  ( 18.00000000000000000, 82.07828799299480238, -0.2990381056767050238 ) ) ;
#1556 = VERTEX_POINT ( 'NONE', #2241 ) ;
#1557 = CARTESIAN_POINT ( 'NONE',  ( 16.07001729354351482, 82.22507926869653261, 0.8597394768133954646 ) ) ;
#1558 =( LENGTH_UNIT ( ) NAMED_UNIT ( * ) SI_UNIT ( .MILLI., .METRE. ) );
#1559 = AXIS2_PLACEMENT_3D ( 'NONE', #1281, #1994, #1775 ) ;
#1560 = FILL_AREA_STYLE_COLOUR ( '', #1160 ) ;
#1561 = CARTESIAN_POINT ( 'NONE',  ( 18.00000000000000355, 81.77499999999999147, 0.06129429150407287447 ) ) ;
#1562 = PRESENTATION_STYLE_ASSIGNMENT (( #384 ) ) ;
#1563 =( LENGTH_UNIT ( ) NAMED_UNIT ( * ) SI_UNIT ( .MILLI., .METRE. ) );
#1564 = ORIENTED_EDGE ( 'NONE', *, *, #1065, .T. ) ;
#1565 = FILL_AREA_STYLE ('',( #2061 ) ) ;
#1566 = EDGE_CURVE ( 'NONE', #293, #2156, #1196, .T. ) ;
#1567 = CARTESIAN_POINT ( 'NONE',  ( 16.46000000000000085, 82.67580937414467712, 0.5887610510946053033 ) ) ;
#1568 = ORIENTED_EDGE ( 'NONE', *, *, #772, .F. ) ;
#1569 = PRESENTATION_STYLE_ASSIGNMENT (( #492 ) ) ;
#1570 = CARTESIAN_POINT ( 'NONE',  ( 10.22499999999999964, 81.54999999999999716, -0.3181980515339471460 ) ) ;
#1571 = CARTESIAN_POINT ( 'NONE',  ( 13.28002739223612672, 82.93262621797146039, 1.865252435942931664 ) ) ;
#1572 = FACE_BOUND ( 'NONE', #843, .T. ) ;
#1573 = FILL_AREA_STYLE_COLOUR ( '', #1366 ) ;
#1574 = ORIENTED_EDGE ( 'NONE', *, *, #1055, .F. ) ;
#1575 = FACE_OUTER_BOUND ( 'NONE', #1155, .T. ) ;
#1576 = FACE_OUTER_BOUND ( 'NONE', #1921, .T. ) ;
#1577 = ORIENTED_EDGE ( 'NONE', *, *, #1280, .F. ) ;
#1578 = CARTESIAN_POINT ( 'NONE',  ( 16.46000000000000085, 82.79181899906151898, -0.4294278584317889891 ) ) ;
#1579 = ORIENTED_EDGE ( 'NONE', *, *, #147, .T. ) ;
#1580 = EDGE_CURVE ( 'NONE', #1556, #1314, #1780, .T. ) ;
#1581 = DIRECTION ( 'NONE',  ( -1.000000000000000000, 0.0000000000000000000, 0.0000000000000000000 ) ) ;
#1582 = PRESENTATION_STYLE_ASSIGNMENT (( #1039 ) ) ;
#1583 = TOROIDAL_SURFACE ( 'NONE', #1728, 0.2990381056766580059, 0.6999999999999999556 ) ;
#1584 = APPLICATION_PROTOCOL_DEFINITION ( 'draft international standard', 'automotive_design', 1998, #1989 ) ;
#1585 = AXIS2_PLACEMENT_3D ( 'NONE', #159, #870, #1620 ) ;
#1586 = DIRECTION ( 'NONE',  ( 0.0000000000000000000, 0.0000000000000000000, 1.000000000000000000 ) ) ;
#1587 = AXIS2_PLACEMENT_3D ( 'NONE', #458, #409, #92 ) ;
#1588 = CARTESIAN_POINT ( 'NONE',  ( 12.00000000000000000, 82.29903810567671485, -2.197296353640307444E-17 ) ) ;
#1589 = ORIENTED_EDGE ( 'NONE', *, *, #1667, .F. ) ;
#1590 = CARTESIAN_POINT ( 'NONE',  ( 15.90872790712966633, 82.85404962177392463, -1.045909135618437419E-16 ) ) ;
#1591 = UNCERTAINTY_MEASURE_WITH_UNIT (LENGTH_MEASURE( 1.000000000000000082E-05 ), #417, 'distance_accuracy_value', 'NONE');
#1592 = SURFACE_STYLE_FILL_AREA ( #199 ) ;
#1593 = DIRECTION ( 'NONE',  ( 1.000000000000000000, 0.0000000000000000000, 0.0000000000000000000 ) ) ;
#1594 = COLOUR_RGB ( '',0.7725490196078431682, 0.7725490196078431682, 0.7725490196078431682 ) ;
#1595 = CARTESIAN_POINT ( 'NONE',  ( 16.46000000000000796, 82.89414925464090800, -0.05676176796640700073 ) ) ;
#1596 = EDGE_CURVE ( 'NONE', #1391, #1202, #644, .T. ) ;
#1597 = VERTEX_POINT ( 'NONE', #734 ) ;
#1598 = CARTESIAN_POINT ( 'NONE',  ( 13.75500000000000078, 82.00000000000000000, 0.0000000000000000000 ) ) ;
#1599 = VERTEX_POINT ( 'NONE', #2124 ) ;
#1600 = CARTESIAN_POINT ( 'NONE',  ( 15.82802820623600404, 82.85404962177391042, 1.708099243547811064 ) ) ;
#1601 =( BOUNDED_SURFACE ( )  B_SPLINE_SURFACE ( 3, 3, ( 
 ( #446, #55, #1464, #815 ),
 ( #1508, #2172, #2218, #1156 ),
 ( #260, #963, #1144, #954 ),
 ( #804, #1111, #593, #1843 ) ),
 .UNSPECIFIED., .F., .F., .T. ) 
 B_SPLINE_SURFACE_WITH_KNOTS ( ( 4, 4 ),
 ( 4, 4 ),
 ( 0.0000000000000000000, 1.000000000000000000 ),
 ( 0.0000000000000000000, 1.000000000000000000 ),
 .UNSPECIFIED. ) 
 GEOMETRIC_REPRESENTATION_ITEM ( )  RATIONAL_B_SPLINE_SURFACE ( (
 ( 1.000000000000000000, 0.8047378541243653816, 0.8047378541243653816, 1.000000000000000000),
 ( 0.3333333333333333703, 0.2682459513747885160, 0.2682459513747885160, 0.3333333333333333703),
 ( 0.3333333333333333703, 0.2682459513747885160, 0.2682459513747885160, 0.3333333333333333703),
 ( 1.000000000000000000, 0.8047378541243653816, 0.8047378541243653816, 1.000000000000000000) ) ) 
 REPRESENTATION_ITEM ( '' )  SURFACE ( )  );
#1602 = DIRECTION ( 'NONE',  ( 0.0000000000000000000, 0.0000000000000000000, 1.000000000000000000 ) ) ;
#1603 = VERTEX_POINT ( 'NONE', #366 ) ;
#1604 = CARTESIAN_POINT ( 'NONE',  ( 11.99999999999999822, 82.22499999999999432, -0.05890486225480871807 ) ) ;
#1605 = CARTESIAN_POINT ( 'NONE',  ( 9.775000000000000355, 82.05890486225480629, -3.100000000000000977 ) ) ;
#1606 = CARTESIAN_POINT ( 'NONE',  ( 12.00000000000000178, 82.22499999999999432, 0.06129429150449038771 ) ) ;
#1607 = CARTESIAN_POINT ( 'NONE',  ( 15.82802820623600226, 81.14595037822610379, 0.0000000000000000000 ) ) ;
#1608 = CARTESIAN_POINT ( 'NONE',  ( 15.82802820623600226, 82.00000000000000000, 0.0000000000000000000 ) ) ;
#1609 = EDGE_CURVE ( 'NONE', #1266, #1511, #350, .T. ) ;
#1610 = ORIENTED_EDGE ( 'NONE', *, *, #74, .F. ) ;
#1611 = DIRECTION ( 'NONE',  ( 0.0000000000000000000, 0.0000000000000000000, -1.000000000000000000 ) ) ;
#1612 = CARTESIAN_POINT ( 'NONE',  ( 16.45999999999999730, 82.81197398618428451, -0.3879878167977204861 ) ) ;
#1613 = EDGE_LOOP ( 'NONE', ( #638, #2041 ) ) ;
#1614 =( BOUNDED_SURFACE ( )  B_SPLINE_SURFACE ( 3, 3, ( 
 ( #1420, #2108, #570, #1224 ),
 ( #2273, #24, #1265, #1091 ),
 ( #537, #1079, #545, #1923 ),
 ( #1394, #354, #1791, #898 ) ),
 .UNSPECIFIED., .F., .F., .T. ) 
 B_SPLINE_SURFACE_WITH_KNOTS ( ( 4, 4 ),
 ( 4, 4 ),
 ( 0.0000000000000000000, 1.000000000000000000 ),
 ( 0.0000000000000000000, 1.000000000000000000 ),
 .UNSPECIFIED. ) 
 GEOMETRIC_REPRESENTATION_ITEM ( )  RATIONAL_B_SPLINE_SURFACE ( (
 ( 1.000000000000000000, 0.3333333333333334259, 0.3333333333333334259, 1.000000000000000000),
 ( 0.9998770994676551283, 0.3332923664892184501, 0.3332923664892184501, 0.9998770994676551283),
 ( 0.9998770994676551283, 0.3332923664892184501, 0.3332923664892184501, 0.9998770994676551283),
 ( 1.000000000000000000, 0.3333333333333334259, 0.3333333333333334259, 1.000000000000000000) ) ) 
 REPRESENTATION_ITEM ( '' )  SURFACE ( )  );
#1615 = DIRECTION ( 'NONE',  ( -1.000000000000000000, -0.0000000000000000000, -0.0000000000000000000 ) ) ;
#1616 = DIRECTION ( 'NONE',  ( 0.0000000000000000000, 0.0000000000000000000, 1.000000000000000000 ) ) ;
#1617 = AXIS2_PLACEMENT_3D ( 'NONE', #219, #614, #924 ) ;
#1618 = SURFACE_STYLE_USAGE ( .BOTH. , #1085 ) ;
#1619 = CARTESIAN_POINT ( 'NONE',  ( 15.00000000000000000, 82.00000000000000000, -0.8540496217739099727 ) ) ;
#1620 = DIRECTION ( 'NONE',  ( 0.0000000000000000000, 1.000000000000000000, 0.0000000000000000000 ) ) ;
#1621 = PRESENTATION_LAYER_ASSIGNMENT (  '', '', ( #452 ) ) ;
#1622 = DIRECTION ( 'NONE',  ( 0.0000000000000000000, 0.0000000000000000000, -1.000000000000000000 ) ) ;
#1623 = CYLINDRICAL_SURFACE ( 'NONE', #1948, 0.8499999999999999778 ) ;
#1624 = EDGE_CURVE ( 'NONE', #661, #2236, #682, .T. ) ;
#1625 = CARTESIAN_POINT ( 'NONE',  ( 16.84372234463879536, 82.12222911164482753, -0.9598040072217027818 ) ) ;
#1626 = DIRECTION ( 'NONE',  ( 0.0000000000000000000, 0.0000000000000000000, 1.000000000000000000 ) ) ;
#1627 = ORIENTED_EDGE ( 'NONE', *, *, #900, .T. ) ;
#1628 = DIRECTION ( 'NONE',  ( 1.000000000000000000, -0.0000000000000000000, -0.0000000000000000000 ) ) ;
#1629 = DIRECTION ( 'NONE',  ( 0.0000000000000000000, 0.0000000000000000000, -1.000000000000000000 ) ) ;
#1630 = CIRCLE ( 'NONE', #1704, 0.6749999999999999334 ) ;
#1631 =( NAMED_UNIT ( * ) SI_UNIT ( $, .STERADIAN. ) SOLID_ANGLE_UNIT ( ) );
#1632 = CARTESIAN_POINT ( 'NONE',  ( 16.45999999999503416, 81.53034892258222044, 0.8027701849205870488 ) ) ;
#1633 = PRESENTATION_STYLE_ASSIGNMENT (( #60 ) ) ;
#1634 = CARTESIAN_POINT ( 'NONE',  ( 12.69999999999999929, 81.70096189432334199, 0.0000000000000000000 ) ) ;
#1635 = ORIENTED_EDGE ( 'NONE', *, *, #1191, .F. ) ;
#1636 = CARTESIAN_POINT ( 'NONE',  ( 15.19999999999999929, 82.00000000000000000, -0.8499999999999999778 ) ) ;
#1637 = CARTESIAN_POINT ( 'NONE',  ( 16.84372234463880602, 82.90331089297009726, -0.3247796992125587257 ) ) ;
#1638 = DIRECTION ( 'NONE',  ( 0.0000000000000000000, 0.0000000000000000000, -1.000000000000000000 ) ) ;
#1639 = ORIENTED_EDGE ( 'NONE', *, *, #985, .F. ) ;
#1640 = CARTESIAN_POINT ( 'NONE',  ( 13.40466119514035270, 82.91166076817778219, -1.116462441657148918E-16 ) ) ;
#1641 = CARTESIAN_POINT ( 'NONE',  ( 16.84372234463880247, 81.22912065986230346, -0.5842564987470705296 ) ) ;
#1642 = CARTESIAN_POINT ( 'NONE',  ( 16.45999999982450390, 82.00000000000000000, -0.8997377031079167864 ) ) ;
#1643 = EDGE_CURVE ( 'NONE', #1811, #1999, #1630, .T. ) ;
#1644 = B_SPLINE_CURVE_WITH_KNOTS ( 'NONE', 3,
 ( #46, #26, #745, #1756, #1100, #6 ),
 .UNSPECIFIED., .F., .F.,
 ( 4, 2, 4 ),
 ( 0.5000000000000000000, 0.7500000000000000000, 1.000000000000000000 ),
 .UNSPECIFIED. ) ;
#1645 = CARTESIAN_POINT ( 'NONE',  ( 16.45999999999503416, 81.76444922014196948, 0.8997377031254072399 ) ) ;
#1646 = FILL_AREA_STYLE_COLOUR ( '', #520 ) ;
#1647 = CARTESIAN_POINT ( 'NONE',  ( 12.00000000000000178, 82.26680984308927691, -0.1560939016250846301 ) ) ;
#1648 = DIRECTION ( 'NONE',  ( 0.0000000000000000000, 0.0000000000000000000, -1.000000000000000000 ) ) ;
#1649 = DIRECTION ( 'NONE',  ( 0.0000000000000000000, -1.224646799147353207E-16, -1.000000000000000000 ) ) ;
#1650 = CARTESIAN_POINT ( 'NONE',  ( 16.45999999999999730, 82.35991948253425221, 0.8247587265625265784 ) ) ;
#1651 = ORIENTED_EDGE ( 'NONE', *, *, #633, .F. ) ;
#1652 = CARTESIAN_POINT ( 'NONE',  ( 16.84372234463880247, 81.04170010806461732, 0.0000000000000000000 ) ) ;
#1653 = CARTESIAN_POINT ( 'NONE',  ( 16.46000000000000441, 82.35768438937265046, -0.8196357017132823719 ) ) ;
#1654 = EDGE_CURVE ( 'NONE', #1511, #1494, #1922, .T. ) ;
#1655 = DIRECTION ( 'NONE',  ( -0.9938837346734274991, 1.352396149346276760E-17, -0.1104315260765689755 ) ) ;
#1656 = CARTESIAN_POINT ( 'NONE',  ( 12.00000000000000178, 81.84390609837493002, -0.2668098430892705264 ) ) ;
#1657 = SURFACE_STYLE_FILL_AREA ( #616 ) ;
#1658 = MECHANICAL_DESIGN_GEOMETRIC_PRESENTATION_REPRESENTATION (  '', ( #1877 ), #111 ) ;
#1659 = FACE_OUTER_BOUND ( 'NONE', #2122, .T. ) ;
#1660 = AXIS2_PLACEMENT_3D ( 'NONE', #379, #1936, #202 ) ;
#1661 = DIRECTION ( 'NONE',  ( 0.0000000000000000000, 0.0000000000000000000, 1.000000000000000000 ) ) ;
#1662 = ORIENTED_EDGE ( 'NONE', *, *, #574, .T. ) ;
#1663 = AXIS2_PLACEMENT_3D ( 'NONE', #1390, #102, #1938 ) ;
#1664 = CARTESIAN_POINT ( 'NONE',  ( 16.84372234463880247, 81.07464116623869188, -0.2525513535266735166 ) ) ;
#1665 = DIRECTION ( 'NONE',  ( -1.000000000000000000, -0.0000000000000000000, -0.0000000000000000000 ) ) ;
#1666 = CARTESIAN_POINT ( 'NONE',  ( 18.00000000000000355, 82.15609390162509840, 0.2668098430892706374 ) ) ;
#1667 = EDGE_CURVE ( 'NONE', #1597, #1541, #877, .T. ) ;
#1668 = AXIS2_PLACEMENT_3D ( 'NONE', #312, #1353, #840 ) ;
#1669 = CARTESIAN_POINT ( 'NONE',  ( 12.00000000000000178, 81.92171200700522604, -0.2990381056767050238 ) ) ;
#1670 = CARTESIAN_POINT ( 'NONE',  ( 16.84372234463880247, 81.74705206617326780, -0.9268112458704124146 ) ) ;
#1671 = FACE_OUTER_BOUND ( 'NONE', #1068, .T. ) ;
#1672 = CARTESIAN_POINT ( 'NONE',  ( 16.46000000000000085, 82.11459092264722415, 0.8997377031181763574 ) ) ;
#1673 = ORIENTED_EDGE ( 'NONE', *, *, #1043, .T. ) ;
#1674 = PRESENTATION_STYLE_ASSIGNMENT (( #1315 ) ) ;
#1675 = STYLED_ITEM ( 'NONE', ( #1770 ), #1093 ) ;
#1676 = CARTESIAN_POINT ( 'NONE',  ( 16.07001729354351838, 81.14026052318664028, -0.2250792686965077394 ) ) ;
#1677 = CARTESIAN_POINT ( 'NONE',  ( 16.46000000000000441, 82.38557873590316660, -0.8069301414052545418 ) ) ;
#1678 = CARTESIAN_POINT ( 'NONE',  ( 18.00000000000000355, 81.70096189432329936, 1.464864235760259094E-17 ) ) ;
#1679 = CARTESIAN_POINT ( 'NONE',  ( 19.55000000000000426, 82.45000000000000284, -0.2250000000000000888 ) ) ;
#1680 = CARTESIAN_POINT ( 'NONE',  ( 16.84372234463880247, 81.21401181685099857, 0.5554093334251707370 ) ) ;
#1681 = EDGE_LOOP ( 'NONE', ( #1075, #688, #410, #1000, #751 ) ) ;
#1682 = CARTESIAN_POINT ( 'NONE',  ( 16.84372234463879181, 81.76000462926840839, 0.9373408505569951199 ) ) ;
#1683 = DIRECTION ( 'NONE',  ( -1.000000000000000000, 0.0000000000000000000, 0.0000000000000000000 ) ) ;
#1684 = EDGE_CURVE ( 'NONE', #293, #375, #213, .T. ) ;
#1685 = ORIENTED_EDGE ( 'NONE', *, *, #1524, .T. ) ;
#1686 = DIRECTION ( 'NONE',  ( 0.9947814386086466509, 1.249493235821828833E-17, 0.1020288655220243645 ) ) ;
#1687 = DIRECTION ( 'NONE',  ( 0.0000000000000000000, -1.000000000000000000, 1.224646799147352221E-16 ) ) ;
#1688 = CARTESIAN_POINT ( 'NONE',  ( 16.46000000000000085, 82.11335338472321155, -0.8940820069389137092 ) ) ;
#1689 = CARTESIAN_POINT ( 'NONE',  ( 14.10796153005422049, 81.14595037822610379, -1.708099243547810842 ) ) ;
#1690 =( LENGTH_UNIT ( ) NAMED_UNIT ( * ) SI_UNIT ( .MILLI., .METRE. ) );
#1691 = DIRECTION ( 'NONE',  ( 0.0000000000000000000, 0.0000000000000000000, 1.000000000000000000 ) ) ;
#1692 = ORIENTED_EDGE ( 'NONE', *, *, #363, .T. ) ;
#1693 = DIRECTION ( 'NONE',  ( 0.0000000000000000000, 0.0000000000000000000, 1.000000000000000000 ) ) ;
#1694 = EDGE_LOOP ( 'NONE', ( #1886, #790, #777, #1610, #1685 ) ) ;
#1695 = STYLED_ITEM ( 'NONE', ( #2100 ), #188 ) ;
#1696 = ADVANCED_FACE ( 'NONE', ( #1768 ), #1538, .F. ) ;
#1697 = CIRCLE ( 'NONE', #1950, 0.6999999999999992895 ) ;
#1698 = CARTESIAN_POINT ( 'NONE',  ( 9.774999999999996803, 82.00000000000000000, -0.4500000000000007327 ) ) ;
#1699 = CIRCLE ( 'NONE', #562, 0.8577362978920838321 ) ;
#1700 = CARTESIAN_POINT ( 'NONE',  ( 10.22499999999999964, 82.45000000000001705, -0.3181980515339471460 ) ) ;
#1701 = LINE ( 'NONE', #123, #904 ) ;
#1702 = EDGE_LOOP ( 'NONE', ( #424, #200, #1393, #723, #701 ) ) ;
#1703 = CARTESIAN_POINT ( 'NONE',  ( 16.84372234463879536, 81.21277788683408971, -0.5562806722061033327 ) ) ;
#1704 = AXIS2_PLACEMENT_3D ( 'NONE', #548, #1236, #1974 ) ;
#1705 = DIRECTION ( 'NONE',  ( 6.123233995736766036E-17, -0.0000000000000000000, 1.000000000000000000 ) ) ;
#1706 = ORIENTED_EDGE ( 'NONE', *, *, #1720, .F. ) ;
#1707 = CARTESIAN_POINT ( 'NONE',  ( 12.00000000000000178, 81.79924894668776858, -0.1174469982217384578 ) ) ;
#1708 = EDGE_CURVE ( 'NONE', #1177, #510, #85, .T. ) ;
#1709 = CARTESIAN_POINT ( 'NONE',  ( 16.46000000000000085, 82.78690005528802942, 0.4267618230524678480 ) ) ;
#1710 = CIRCLE ( 'NONE', #869, 2.000000000000000000 ) ;
#1711 = EDGE_CURVE ( 'NONE', #546, #93, #240, .T. ) ;
#1712 = EDGE_LOOP ( 'NONE', ( #1395, #1528, #1234, #33, #468 ) ) ;
#1713 = DIRECTION ( 'NONE',  ( -0.0000000000000000000, 0.0000000000000000000, 1.000000000000000000 ) ) ;
#1714 = ORIENTED_EDGE ( 'NONE', *, *, #1467, .F. ) ;
#1715 = CARTESIAN_POINT ( 'NONE',  ( 12.00000000000000178, 81.88811382519182303, 0.1979100334533382133 ) ) ;
#1716 = CARTESIAN_POINT ( 'NONE',  ( 13.98000000000000043, 81.14226370210792538, 0.0000000000000000000 ) ) ;
#1717 = B_SPLINE_CURVE_WITH_KNOTS ( 'NONE', 3,
 ( #1451, #1956, #1441, #1273, #1809, #1997 ),
 .UNSPECIFIED., .F., .F.,
 ( 4, 2, 4 ),
 ( 0.0000000000000000000, 0.5000000000000000000, 1.000000000000000000 ),
 .UNSPECIFIED. ) ;
#1718 = CARTESIAN_POINT ( 'NONE',  ( 16.07001729354351482, 82.76708269130834594, 0.4487725369087168237 ) ) ;
#1719 = DIRECTION ( 'NONE',  ( 0.0000000000000000000, 0.0000000000000000000, 1.000000000000000000 ) ) ;
#1720 = EDGE_CURVE ( 'NONE', #1765, #1177, #1959, .T. ) ;
#1721 = DIRECTION ( 'NONE',  ( -0.9938837346734274991, 0.0000000000000000000, 0.1104315260765689755 ) ) ;
#1722 = SURFACE_STYLE_FILL_AREA ( #1748 ) ;
#1723 = EDGE_LOOP ( 'NONE', ( #727, #872, #1303, #2011, #1035 ) ) ;
#1724 = CARTESIAN_POINT ( 'NONE',  ( 16.84372234463880247, 81.09668910703028644, 0.3247796992134354688 ) ) ;
#1725 = ORIENTED_EDGE ( 'NONE', *, *, #1002, .T. ) ;
#1726 = CARTESIAN_POINT ( 'NONE',  ( 19.77500000000000213, 82.00000000000000000, -3.100000000000000533 ) ) ;
#1727 = COLOUR_RGB ( '',0.7725490196078431682, 0.7725490196078431682, 0.7725490196078431682 ) ;
#1728 = AXIS2_PLACEMENT_3D ( 'NONE', #284, #66, #82 ) ;
#1729 = CARTESIAN_POINT ( 'NONE',  ( 18.00000000000000355, 82.29903810567671485, -2.197296353640307444E-17 ) ) ;
#1730 = AXIS2_PLACEMENT_3D ( 'NONE', #2056, #844, #1540 ) ;
#1731 = CARTESIAN_POINT ( 'NONE',  ( 13.53000000017345883, 82.00000000000000000, 0.0000000000000000000 ) ) ;
#1732 = CARTESIAN_POINT ( 'NONE',  ( 16.45999999982450390, 82.00000000000000000, 0.0000000000000000000 ) ) ;
#1733 = SURFACE_SIDE_STYLE ('',( #1462 ) ) ;
#1734 = EDGE_CURVE ( 'NONE', #589, #146, #514, .T. ) ;
#1735 = ORIENTED_EDGE ( 'NONE', *, *, #2243, .T. ) ;
#1736 = CARTESIAN_POINT ( 'NONE',  ( 20.00000000000000000, 82.00000000000000000, -0.4499999999999980127 ) ) ;
#1737 = ORIENTED_EDGE ( 'NONE', *, *, #476, .F. ) ;
#1738 = DIRECTION ( 'NONE',  ( 0.0000000000000000000, 0.0000000000000000000, 1.000000000000000000 ) ) ;
#1739 = AXIS2_PLACEMENT_3D ( 'NONE', #383, #1977, #1787 ) ;
#1740 = CARTESIAN_POINT ( 'NONE',  ( 16.46000000000000085, 81.65769711840907519, 0.8261463292013873083 ) ) ;
#1741 = COLOUR_RGB ( '',0.7725490196078431682, 0.7725490196078431682, 0.7725490196078431682 ) ;
#1742 = CARTESIAN_POINT ( 'NONE',  ( 10.22500000000000142, 82.00000000000000000, -0.3181980515339471460 ) ) ;
#1743 = CARTESIAN_POINT ( 'NONE',  ( 10.22500000000000142, 82.00000000000000000, -0.3181980515339471460 ) ) ;
#1744 = CARTESIAN_POINT ( 'NONE',  ( 13.28002739223612672, 82.93262621797146039, -1.142137712639659170E-16 ) ) ;
#1745 = STYLED_ITEM ( 'NONE', ( #1401 ), #2207 ) ;
#1746 = B_SPLINE_CURVE_WITH_KNOTS ( 'NONE', 3,
 ( #623, #1320, #1718, #2266, #1557, #1028 ),
 .UNSPECIFIED., .F., .F.,
 ( 4, 2, 4 ),
 ( 0.0000000000000000000, 0.5000000000000000000, 1.000000000000000000 ),
 .UNSPECIFIED. ) ;
#1747 = DIRECTION ( 'NONE',  ( 0.0000000000000000000, 0.0000000000000000000, -1.000000000000000000 ) ) ;
#1748 = FILL_AREA_STYLE ('',( #2080 ) ) ;
#1749 = DIRECTION ( 'NONE',  ( -1.000000000000000000, 0.0000000000000000000, 0.0000000000000000000 ) ) ;
#1750 = ORIENTED_EDGE ( 'NONE', *, *, #1163, .F. ) ;
#1751 = B_SPLINE_CURVE_WITH_KNOTS ( 'NONE', 3,
 ( #1351, #306, #1013, #1707, #130, #738 ),
 .UNSPECIFIED., .F., .F.,
 ( 4, 2, 4 ),
 ( 0.5000000000000000000, 0.7500000000000000000, 1.000000000000000000 ),
 .UNSPECIFIED. ) ;
#1752 = FACE_OUTER_BOUND ( 'NONE', #1238, .T. ) ;
#1753 = EDGE_CURVE ( 'NONE', #1531, #1765, #535, .T. ) ;
#1754 = CARTESIAN_POINT ( 'NONE',  ( 16.46000000000000085, 82.30448915027605494, -0.8467652544192577624 ) ) ;
#1755 = VERTEX_POINT ( 'NONE', #1125 ) ;
#1756 = CARTESIAN_POINT ( 'NONE',  ( 18.00000000000000000, 82.20075105331218879, -0.1174469982217384856 ) ) ;
#1757 =( LENGTH_UNIT ( ) NAMED_UNIT ( * ) SI_UNIT ( .MILLI., .METRE. ) );
#1758 = DIRECTION ( 'NONE',  ( 0.0000000000000000000, 0.0000000000000000000, 1.000000000000000000 ) ) ;
#1759 = FILL_AREA_STYLE ('',( #1976 ) ) ;
#1760 = CARTESIAN_POINT ( 'NONE',  ( 18.00000000000000711, 81.86220510984159660, 0.1808093933211867010 ) ) ;
#1761 = VERTEX_POINT ( 'NONE', #611 ) ;
#1762 = FILL_AREA_STYLE_COLOUR ( '', #1594 ) ;
#1763 = ORIENTED_EDGE ( 'NONE', *, *, #1148, .F. ) ;
#1764 = CARTESIAN_POINT ( 'NONE',  ( 16.46000000000000085, 82.89967045423243519, -0.1140640254012338095 ) ) ;
#1765 = VERTEX_POINT ( 'NONE', #84 ) ;
#1766 = EDGE_CURVE ( 'NONE', #1515, #1089, #2271, .T. ) ;
#1767 = PRESENTATION_LAYER_ASSIGNMENT (  '', '', ( #1003 ) ) ;
#1768 = FACE_OUTER_BOUND ( 'NONE', #1418, .T. ) ;
#1769 =( GEOMETRIC_REPRESENTATION_CONTEXT ( 3 ) GLOBAL_UNCERTAINTY_ASSIGNED_CONTEXT ( ( #1844 ) ) GLOBAL_UNIT_ASSIGNED_CONTEXT ( ( #580, #457, #2157 ) ) REPRESENTATION_CONTEXT ( 'NONE', 'WORKASPACE' ) );
#1770 = PRESENTATION_STYLE_ASSIGNMENT (( #1949 ) ) ;
#1771 = CIRCLE ( 'NONE', #1880, 0.8499999999999999778 ) ;
#1772 =( NAMED_UNIT ( * ) PLANE_ANGLE_UNIT ( ) SI_UNIT ( $, .RADIAN. ) );
#1773 = EDGE_LOOP ( 'NONE', ( #1453, #2091, #2074, #30 ) ) ;
#1774 = B_SPLINE_CURVE_WITH_KNOTS ( 'NONE', 3,
 ( #1378, #694, #2079, #314, #346, #866 ),
 .UNSPECIFIED., .F., .F.,
 ( 4, 2, 4 ),
 ( 0.0000000000000000000, 0.2500000000000000000, 0.5000000000000000000 ),
 .UNSPECIFIED. ) ;
#1775 = DIRECTION ( 'NONE',  ( 0.0000000000000000000, -1.000000000000000000, 0.0000000000000000000 ) ) ;
#1776 = ORIENTED_EDGE ( 'NONE', *, *, #1176, .T. ) ;
#1777 = CARTESIAN_POINT ( 'NONE',  ( 16.84372234463879892, 82.23999537073635224, -0.9373408505569954530 ) ) ;
#1778 = CARTESIAN_POINT ( 'NONE',  ( 16.24500000000000099, 82.00000000000000000, 0.0000000000000000000 ) ) ;
#1779 = ORIENTED_EDGE ( 'NONE', *, *, #1609, .T. ) ;
#1780 = CIRCLE ( 'NONE', #972, 0.8540496217739099727 ) ;
#1781 = CARTESIAN_POINT ( 'NONE',  ( 16.45999999999999375, 82.89414925464085115, -1.095017022655901976E-16 ) ) ;
#1782 = AXIS2_PLACEMENT_3D ( 'NONE', #161, #1392, #708 ) ;
#1783 = DIRECTION ( 'NONE',  ( 0.0000000000000000000, 0.0000000000000000000, 1.000000000000000000 ) ) ;
#1784 = EDGE_CURVE ( 'NONE', #2140, #22, #1335, .T. ) ;
#1785 = CARTESIAN_POINT ( 'NONE',  ( 0.0000000000000000000, 0.0000000000000000000, 0.0000000000000000000 ) ) ;
#1786 = APPLICATION_CONTEXT ( 'automotive_design' ) ;
#1787 = DIRECTION ( 'NONE',  ( 1.000000000000000000, 0.0000000000000000000, 0.0000000000000000000 ) ) ;
#1788 = SURFACE_SIDE_STYLE ('',( #1086 ) ) ;
#1789 = ORIENTED_EDGE ( 'NONE', *, *, #1708, .T. ) ;
#1790 = DIRECTION ( 'NONE',  ( -1.000000000000000000, 0.0000000000000000000, 0.0000000000000000000 ) ) ;
#1791 = CARTESIAN_POINT ( 'NONE',  ( 14.17197179376399951, 81.14595037822608958, 1.708099243547811286 ) ) ;
#1792 = EDGE_LOOP ( 'NONE', ( #445, #1939 ) ) ;
#1793 = CARTESIAN_POINT ( 'NONE',  ( 17.07627833349079083, 82.00000000000000000, 0.9924409106929488189 ) ) ;
#1794 = CARTESIAN_POINT ( 'NONE',  ( 14.17197179376399951, 76.14595037822608958, 0.0000000000000000000 ) ) ;
#1795 = CARTESIAN_POINT ( 'NONE',  ( 16.45999999999503416, 81.19722981507939608, 0.4696510774177814485 ) ) ;
#1796 = PLANE ( 'NONE',  #1617 ) ;
#1797 = EDGE_CURVE ( 'NONE', #546, #1896, #1717, .T. ) ;
#1798 =( LENGTH_UNIT ( ) NAMED_UNIT ( * ) SI_UNIT ( .MILLI., .METRE. ) );
#1799 = FACE_OUTER_BOUND ( 'NONE', #496, .T. ) ;
#1800 = CARTESIAN_POINT ( 'NONE',  ( 16.46000000000000085, 82.31678812375365339, -0.8422570867202282541 ) ) ;
#1801 = EDGE_LOOP ( 'NONE', ( #1876, #328, #337, #283, #1110 ) ) ;
#1802 = CARTESIAN_POINT ( 'NONE',  ( 12.00000000000000000, 82.00000000000000000, -0.2250000000000000333 ) ) ;
#1803 = CARTESIAN_POINT ( 'NONE',  ( 16.58870749541300071, 82.91054867816276897, 1.821097356325489969 ) ) ;
#1804 = CIRCLE ( 'NONE', #1988, 5.000000000000004441 ) ;
#1805 = CARTESIAN_POINT ( 'NONE',  ( 16.45999999999503061, 81.19722981507939608, -0.4696510774177809489 ) ) ;
#1806 = SURFACE_SIDE_STYLE ('',( #1103 ) ) ;
#1807 = EDGE_CURVE ( 'NONE', #1089, #1511, #63, .T. ) ;
#1808 = AXIS2_PLACEMENT_3D ( 'NONE', #776, #2181, #1638 ) ;
#1809 = CARTESIAN_POINT ( 'NONE',  ( 16.07001729354351482, 82.85973947681340235, -0.2250792686965080169 ) ) ;
#1810 = FILL_AREA_STYLE_COLOUR ( '', #1149 ) ;
#1811 = VERTEX_POINT ( 'NONE', #1943 ) ;
#1812 = DIRECTION ( 'NONE',  ( 1.000000000000000000, 0.0000000000000000000, 0.0000000000000000000 ) ) ;
#1813 = CARTESIAN_POINT ( 'NONE',  ( 19.77499999999999858, 81.94109513774519371, -3.100000000000000977 ) ) ;
#1814 = AXIS2_PLACEMENT_3D ( 'NONE', #198, #1790, #1602 ) ;
#1815 = PRESENTATION_STYLE_ASSIGNMENT (( #1930 ) ) ;
#1816 = DIRECTION ( 'NONE',  ( 0.0000000000000000000, 0.0000000000000000000, 1.000000000000000000 ) ) ;
#1817 = CARTESIAN_POINT ( 'NONE',  ( 16.84372234463879892, 82.55540933342707888, 0.7859881831460939772 ) ) ;
#1818 = CARTESIAN_POINT ( 'NONE',  ( 16.07000910242061664, 82.85990852986614641, -1.053084228660082797E-16 ) ) ;
#1819 = CARTESIAN_POINT ( 'NONE',  ( 16.84372234463880247, 82.41388133353046896, -0.8661867276571337815 ) ) ;
#1820 = CARTESIAN_POINT ( 'NONE',  ( 17.07627833349079083, 82.00000000000000000, 0.0000000000000000000 ) ) ;
#1821 = ORIENTED_EDGE ( 'NONE', *, *, #487, .F. ) ;
#1822 = CARTESIAN_POINT ( 'NONE',  ( 15.19999999999999929, 82.00000000000000000, 3.031731290585930107E-47 ) ) ;
#1823 = ADVANCED_FACE ( 'NONE', ( #388, #1461 ), #2121, .F. ) ;
#1824 = CARTESIAN_POINT ( 'NONE',  ( 17.32692307692310152, 82.00000000000000000, 0.0000000000000000000 ) ) ;
#1825 = CARTESIAN_POINT ( 'NONE',  ( 16.84372234463880247, 82.33793432029713699, 0.8984876279333179339 ) ) ;
#1826 = CARTESIAN_POINT ( 'NONE',  ( 12.00000000000000178, 82.15609390162508419, -0.2668098430892705819 ) ) ;
#1827 = CARTESIAN_POINT ( 'NONE',  ( 16.84372234463879892, 81.66206567970301933, -0.8984876279334708116 ) ) ;
#1828 = CARTESIAN_POINT ( 'NONE',  ( 16.45999999996291407, 82.00000000000000000, 0.8997377031190166852 ) ) ;
#1829 = ORIENTED_EDGE ( 'NONE', *, *, #1354, .T. ) ;
#1830 = FACE_OUTER_BOUND ( 'NONE', #2212, .T. ) ;
#1831 = EDGE_CURVE ( 'NONE', #279, #524, #275, .T. ) ;
#1832 = DIRECTION ( 'NONE',  ( -6.123233995736766036E-17, -0.0000000000000000000, 1.000000000000000000 ) ) ;
#1833 = CARTESIAN_POINT ( 'NONE',  ( 16.46000000000000085, 81.72418683167647657, -0.8506895768995298424 ) ) ;
#1834 = CARTESIAN_POINT ( 'NONE',  ( 14.17197179376399951, 81.14595037822608958, -1.708099243547811064 ) ) ;
#1835 = STYLED_ITEM ( 'NONE', ( #1633 ), #100 ) ;
#1836 = CARTESIAN_POINT ( 'NONE',  ( 16.84372234463880247, 82.36686449116480446, 0.8854174956235897342 ) ) ;
#1837 = CARTESIAN_POINT ( 'NONE',  ( 15.82802820623600226, 81.14595037822610379, 0.0000000000000000000 ) ) ;
#1838 = VECTOR ( 'NONE', #1686, 1000.000000000000000 ) ;
#1839 = PRESENTATION_STYLE_ASSIGNMENT (( #115 ) ) ;
#1840 = AXIS2_PLACEMENT_3D ( 'NONE', #1244, #1615, #177 ) ;
#1841 = CARTESIAN_POINT ( 'NONE',  ( 16.24500000000000099, 82.00000000000000000, 0.2250000000000000333 ) ) ;
#1842 = EDGE_LOOP ( 'NONE', ( #2234, #1856, #718, #1209 ) ) ;
#1843 = CARTESIAN_POINT ( 'NONE',  ( 19.77500000000000213, 82.00000000000000000, -0.4499999999999990119 ) ) ;
#1844 = UNCERTAINTY_MEASURE_WITH_UNIT (LENGTH_MEASURE( 1.000000000000000082E-05 ), #580, 'distance_accuracy_value', 'NONE');
#1845 = MECHANICAL_DESIGN_GEOMETRIC_PRESENTATION_REPRESENTATION (  '', ( #268 ), #2222 ) ;
#1846 = CARTESIAN_POINT ( 'NONE',  ( 16.84372234463879536, 81.61665864151427741, -0.8784436712791197088 ) ) ;
#1847 = CARTESIAN_POINT ( 'NONE',  ( 16.84372234463879536, 82.87982251908800890, 0.3839429275566246802 ) ) ;
#1848 = CARTESIAN_POINT ( 'NONE',  ( 14.17197179376399951, 81.14595037822610379, 0.0000000000000000000 ) ) ;
#1849 = ADVANCED_FACE ( 'NONE', ( #212 ), #127, .T. ) ;
#1850 = CIRCLE ( 'NONE', #1294, 5.000000000000004441 ) ;
#1851 = CARTESIAN_POINT ( 'NONE',  ( 16.84372234463880247, 82.45736564222703180, 0.8433653472804490958 ) ) ;
#1852 = ORIENTED_EDGE ( 'NONE', *, *, #785, .F. ) ;
#1853 = MECHANICAL_DESIGN_GEOMETRIC_PRESENTATION_REPRESENTATION (  '', ( #1342 ), #2187 ) ;
#1854 = CARTESIAN_POINT ( 'NONE',  ( 15.98940396395307140, 82.85600297267733083, -1.048301300549920195E-16 ) ) ;
#1855 = CARTESIAN_POINT ( 'NONE',  ( 17.07627833349079083, 82.00000000000000000, 0.0000000000000000000 ) ) ;
#1856 = ORIENTED_EDGE ( 'NONE', *, *, #1551, .T. ) ;
#1857 =( LENGTH_UNIT ( ) NAMED_UNIT ( * ) SI_UNIT ( .MILLI., .METRE. ) );
#1858 = MECHANICAL_DESIGN_GEOMETRIC_PRESENTATION_REPRESENTATION (  '', ( #1675 ), #317 ) ;
#1859 = CARTESIAN_POINT ( 'NONE',  ( 16.71667953344204705, 82.93194302204220492, -1.141301038931715478E-16 ) ) ;
#1860 = CARTESIAN_POINT ( 'NONE',  ( 16.45999999999999730, 81.32419062585449865, -0.5887610510945610054 ) ) ;
#1861 = FACE_OUTER_BOUND ( 'NONE', #117, .T. ) ;
#1862 = FILL_AREA_STYLE ('',( #822 ) ) ;
#1863 = ADVANCED_FACE ( 'NONE', ( #1077, #397 ), #919, .F. ) ;
#1864 = ORIENTED_EDGE ( 'NONE', *, *, #2046, .T. ) ;
#1865 = CARTESIAN_POINT ( 'NONE',  ( 16.84372234463879892, 81.15531073278162921, -0.4580831981837807376 ) ) ;
#1866 = DIRECTION ( 'NONE',  ( -1.000000000000000000, 0.0000000000000000000, 0.0000000000000000000 ) ) ;
#1867 =( LENGTH_UNIT ( ) NAMED_UNIT ( * ) SI_UNIT ( .MILLI., .METRE. ) );
#1868 = EDGE_LOOP ( 'NONE', ( #2225, #1212, #1444, #1247, #1054 ) ) ;
#1869 = CARTESIAN_POINT ( 'NONE',  ( 12.00000000000000000, 81.83030944125464146, 0.1487056754787970669 ) ) ;
#1870 = CARTESIAN_POINT ( 'NONE',  ( 16.45999999996291407, 82.00000000000000000, 0.8997377031190166852 ) ) ;
#1871 = SURFACE_STYLE_FILL_AREA ( #1537 ) ;
#1872 = ORIENTED_EDGE ( 'NONE', *, *, #772, .T. ) ;
#1873 = CARTESIAN_POINT ( 'NONE',  ( 16.84372234463879892, 81.58611866646972999, 0.8661867276580514918 ) ) ;
#1874 =( GEOMETRIC_REPRESENTATION_CONTEXT ( 3 ) GLOBAL_UNCERTAINTY_ASSIGNED_CONTEXT ( ( #1133 ) ) GLOBAL_UNIT_ASSIGNED_CONTEXT ( ( #10, #2090, #1063 ) ) REPRESENTATION_CONTEXT ( 'NONE', 'WORKASPACE' ) );
#1875 = EDGE_CURVE ( 'NONE', #1541, #2140, #1199, .T. ) ;
#1876 = ORIENTED_EDGE ( 'NONE', *, *, #903, .F. ) ;
#1877 = STYLED_ITEM ( 'NONE', ( #319 ), #333 ) ;
#1878 = CARTESIAN_POINT ( 'NONE',  ( 18.00000000000000355, 81.77500000000000568, -2.479909768273390608E-17 ) ) ;
#1879 = ADVANCED_FACE ( 'NONE', ( #1799 ), #544, .F. ) ;
#1880 = AXIS2_PLACEMENT_3D ( 'NONE', #1349, #1023, #478 ) ;
#1881 = CARTESIAN_POINT ( 'NONE',  ( 16.45999999999999730, 82.73336096811846119, 0.5182466645087995261 ) ) ;
#1882 = COLOUR_RGB ( '',0.7725490196078431682, 0.7725490196078431682, 0.7725490196078431682 ) ;
#1883 = DIRECTION ( 'NONE',  ( 0.0000000000000000000, 1.224646799147353207E-16, 1.000000000000000000 ) ) ;
#1884 = B_SPLINE_CURVE_WITH_KNOTS ( 'NONE', 3,
 ( #367, #735, #1436, #1805, #565, #1257, #1795, #1632, #1645, #1458 ),
 .UNSPECIFIED., .F., .F.,
 ( 4, 2, 2, 2, 4 ),
 ( 0.0000000000000000000, 0.2500000000000000000, 0.5000000000000000000, 0.7500000000000000000, 1.000000000000000000 ),
 .UNSPECIFIED. ) ;
#1885 =( NAMED_UNIT ( * ) PLANE_ANGLE_UNIT ( ) SI_UNIT ( $, .RADIAN. ) );
#1886 = ORIENTED_EDGE ( 'NONE', *, *, #1667, .T. ) ;
#1887 = CARTESIAN_POINT ( 'NONE',  ( 16.84372234463879536, 81.11319279616138544, -0.3674403777633519219 ) ) ;
#1888 = B_SPLINE_CURVE_WITH_KNOTS ( 'NONE', 3,
 ( #344, #1254, #1445, #189, #1961, #2133 ),
 .UNSPECIFIED., .F., .F.,
 ( 4, 2, 4 ),
 ( 0.0000000000000000000, 0.2500000000000000000, 0.5000000000000000000 ),
 .UNSPECIFIED. ) ;
#1889 = SURFACE_STYLE_USAGE ( .BOTH. , #472 ) ;
#1890 = CARTESIAN_POINT ( 'NONE',  ( 16.46000000000000085, 82.27581316832288394, 0.8506895768995287321 ) ) ;
#1891 =( GEOMETRIC_REPRESENTATION_CONTEXT ( 3 ) GLOBAL_UNCERTAINTY_ASSIGNED_CONTEXT ( ( #1239 ) ) GLOBAL_UNIT_ASSIGNED_CONTEXT ( ( #657, #1885, #669 ) ) REPRESENTATION_CONTEXT ( 'NONE', 'WORKASPACE' ) );
#1892 = EDGE_CURVE ( 'NONE', #1064, #1603, #1448, .T. ) ;
#1893 = CARTESIAN_POINT ( 'NONE',  ( 10.44999999999999929, 82.00000000000000000, 0.2250000000000000333 ) ) ;
#1894 = CARTESIAN_POINT ( 'NONE',  ( 18.00000000000000355, 82.19586271772307384, 0.1117266186196533562 ) ) ;
#1895 =( NAMED_UNIT ( * ) PLANE_ANGLE_UNIT ( ) SI_UNIT ( $, .RADIAN. ) );
#1896 = VERTEX_POINT ( 'NONE', #1175 ) ;
#1897 = CARTESIAN_POINT ( 'NONE',  ( 16.84372234463880247, 81.08684886460333985, 0.2960761238099308135 ) ) ;
#1898 = CARTESIAN_POINT ( 'NONE',  ( 20.22499999999999787, 82.00000000000000000, -0.4499999999999990119 ) ) ;
#1899 = ORIENTED_EDGE ( 'NONE', *, *, #757, .T. ) ;
#1900 =( LENGTH_UNIT ( ) NAMED_UNIT ( * ) SI_UNIT ( .MILLI., .METRE. ) );
#1901 = CARTESIAN_POINT ( 'NONE',  ( 16.46000000000000085, 82.31482072403986194, 0.8370255099396070042 ) ) ;
#1902 = ADVANCED_FACE ( 'NONE', ( #101 ), #2149, .T. ) ;
#1903 = DIRECTION ( 'NONE',  ( 0.0000000000000000000, 0.0000000000000000000, 1.000000000000000000 ) ) ;
#1904 = FILL_AREA_STYLE_COLOUR ( '', #2147 ) ;
#1905 = FILL_AREA_STYLE_COLOUR ( '', #852 ) ;
#1906 = DIRECTION ( 'NONE',  ( 0.0000000000000000000, 0.0000000000000000000, -1.000000000000000000 ) ) ;
#1907 = ORIENTED_EDGE ( 'NONE', *, *, #2233, .F. ) ;
#1908 = DIRECTION ( 'NONE',  ( 0.0000000000000000000, 0.0000000000000000000, 1.000000000000000000 ) ) ;
#1909 = PRESENTATION_STYLE_ASSIGNMENT (( #327 ) ) ;
#1910 = ORIENTED_EDGE ( 'NONE', *, *, #1711, .F. ) ;
#1911 = DIRECTION ( 'NONE',  ( 0.0000000000000000000, 0.0000000000000000000, 1.000000000000000000 ) ) ;
#1912 = CARTESIAN_POINT ( 'NONE',  ( 18.00000000000000000, 81.70096189432329936, -0.07828799299477871843 ) ) ;
#1913 = AXIS2_PLACEMENT_3D ( 'NONE', #1824, #83, #965 ) ;
#1914 = DIRECTION ( 'NONE',  ( 0.0000000000000000000, 0.0000000000000000000, 1.000000000000000000 ) ) ;
#1915 = MECHANICAL_DESIGN_GEOMETRIC_PRESENTATION_REPRESENTATION (  '', ( #488 ), #77 ) ;
#1916 =( NAMED_UNIT ( * ) PLANE_ANGLE_UNIT ( ) SI_UNIT ( $, .RADIAN. ) );
#1917 = CARTESIAN_POINT ( 'NONE',  ( 15.82802820623600226, 82.00000000000000000, 0.8540496217739099727 ) ) ;
#1918 = FACE_OUTER_BOUND ( 'NONE', #554, .T. ) ;
#1919 = ADVANCED_FACE ( 'NONE', ( #1671 ), #239, .T. ) ;
#1920 =( LENGTH_UNIT ( ) NAMED_UNIT ( * ) SI_UNIT ( .MILLI., .METRE. ) );
#1921 = EDGE_LOOP ( 'NONE', ( #1958, #163, #1639, #1577, #2279 ) ) ;
#1922 = CIRCLE ( 'NONE', #1084, 0.9924409107213705283 ) ;
#1923 = CARTESIAN_POINT ( 'NONE',  ( 14.10796153005422227, 81.14595037822610379, 2.091818271236855856E-16 ) ) ;
#1924 = ORIENTED_EDGE ( 'NONE', *, *, #1875, .F. ) ;
#1925 = MECHANICAL_DESIGN_GEOMETRIC_PRESENTATION_REPRESENTATION (  '', ( #792 ), #2069 ) ;
#1926 = AXIS2_PLACEMENT_3D ( 'NONE', #385, #1460, #1940 ) ;
#1927 = CARTESIAN_POINT ( 'NONE',  ( 16.45999999999999375, 82.89414925464086537, -1.788298509281693649 ) ) ;
#1928 = CARTESIAN_POINT ( 'NONE',  ( 10.05459415460183692, 82.00000000000000000, 0.2250000000000000333 ) ) ;
#1929 = CARTESIAN_POINT ( 'NONE',  ( 18.00000000000000355, 82.11188617480834750, 0.1979100334533365757 ) ) ;
#1930 = SURFACE_STYLE_USAGE ( .BOTH. , #521 ) ;
#1931 = EDGE_CURVE ( 'NONE', #652, #813, #2240, .T. ) ;
#1932 = ORIENTED_EDGE ( 'NONE', *, *, #307, .T. ) ;
#1933 = DIRECTION ( 'NONE',  ( 1.000000000000000000, 0.0000000000000000000, 0.0000000000000000000 ) ) ;
#1934 = UNCERTAINTY_MEASURE_WITH_UNIT (LENGTH_MEASURE( 1.000000000000000082E-05 ), #1034, 'distance_accuracy_value', 'NONE');
#1935 = ORIENTED_EDGE ( 'NONE', *, *, #955, .T. ) ;
#1936 = DIRECTION ( 'NONE',  ( -1.000000000000000000, 0.0000000000000000000, 0.0000000000000000000 ) ) ;
#1937 = CARTESIAN_POINT ( 'NONE',  ( 20.00000000000000000, 81.77500000000000568, -3.100000000000000533 ) ) ;
#1938 = DIRECTION ( 'NONE',  ( 1.000000000000000000, 0.0000000000000000000, 0.0000000000000000000 ) ) ;
#1939 = ORIENTED_EDGE ( 'NONE', *, *, #204, .F. ) ;
#1940 = DIRECTION ( 'NONE',  ( -1.000000000000000000, 0.0000000000000000000, 0.0000000000000000000 ) ) ;
#1941 = ORIENTED_EDGE ( 'NONE', *, *, #2037, .F. ) ;
#1942 = ADVANCED_FACE ( 'NONE', ( #1659 ), #1051, .T. ) ;
#1943 = CARTESIAN_POINT ( 'NONE',  ( 19.55000000000000071, 82.00000000000000000, 0.2249999999999999500 ) ) ;
#1944 = DIRECTION ( 'NONE',  ( 0.0000000000000000000, 0.0000000000000000000, -1.000000000000000000 ) ) ;
#1945 = ORIENTED_EDGE ( 'NONE', *, *, #1975, .F. ) ;
#1946 = DIRECTION ( 'NONE',  ( -1.000000000000000000, 0.0000000000000000000, 0.0000000000000000000 ) ) ;
#1947 = CARTESIAN_POINT ( 'NONE',  ( 16.45999999999999375, 82.89414925464085115, -1.095017022655912576E-16 ) ) ;
#1948 = AXIS2_PLACEMENT_3D ( 'NONE', #232, #90, #1648 ) ;
#1949 = SURFACE_STYLE_USAGE ( .BOTH. , #549 ) ;
#1950 = AXIS2_PLACEMENT_3D ( 'NONE', #1174, #1713, #1356 ) ;
#1951 = CYLINDRICAL_SURFACE ( 'NONE', #2131, 0.2250000000000000333 ) ;
#1952 = DIRECTION ( 'NONE',  ( 0.0000000000000000000, 1.000000000000000000, 0.0000000000000000000 ) ) ;
#1953 = STYLED_ITEM ( 'NONE', ( #157 ), #1296 ) ;
#1954 = CARTESIAN_POINT ( 'NONE',  ( 12.00000000000000178, 81.73319015691073730, 0.1560939016250846578 ) ) ;
#1955 = ORIENTED_EDGE ( 'NONE', *, *, #1496, .T. ) ;
#1956 = CARTESIAN_POINT ( 'NONE',  ( 16.07001729354351838, 82.22507926869650419, -0.8597394768133952425 ) ) ;
#1957 = CARTESIAN_POINT ( 'NONE',  ( 16.45999999996291407, 82.00000000000000000, -0.8997377031190166852 ) ) ;
#1958 = ORIENTED_EDGE ( 'NONE', *, *, #740, .T. ) ;
#1959 = CIRCLE ( 'NONE', #2258, 5.000000000000004441 ) ;
#1960 = ADVANCED_FACE ( 'NONE', ( #1230, #857 ), #149, .F. ) ;
#1961 = CARTESIAN_POINT ( 'NONE',  ( 19.77500000000000213, 82.05890486225480629, -3.100000000000000977 ) ) ;
#1962 =( GEOMETRIC_REPRESENTATION_CONTEXT ( 3 ) GLOBAL_UNCERTAINTY_ASSIGNED_CONTEXT ( ( #678 ) ) GLOBAL_UNIT_ASSIGNED_CONTEXT ( ( #800, #2192, #2215 ) ) REPRESENTATION_CONTEXT ( 'NONE', 'WORKASPACE' ) );
#1963 = CARTESIAN_POINT ( 'NONE',  ( 16.58870749541299716, 82.91054867816272633, -1.115100524179865956E-16 ) ) ;
#1964 = AXIS2_PLACEMENT_3D ( 'NONE', #728, #1438, #1622 ) ;
#1965 = CARTESIAN_POINT ( 'NONE',  ( 12.00000000000000000, 82.00000000000000000, 0.2250000000000000333 ) ) ;
#1966 = PRESENTATION_STYLE_ASSIGNMENT (( #394 ) ) ;
#1967 = DIRECTION ( 'NONE',  ( 0.0000000000000000000, 0.0000000000000000000, 1.000000000000000000 ) ) ;
#1968 = CARTESIAN_POINT ( 'NONE',  ( 15.90872790712966101, 81.14595037822608958, 1.708099243547811286 ) ) ;
#1969 = DIRECTION ( 'NONE',  ( 1.000000000000000000, 0.0000000000000000000, 0.0000000000000000000 ) ) ;
#1970 = CARTESIAN_POINT ( 'NONE',  ( 16.46000000000000085, 82.14135349167210620, -0.8918411890264118513 ) ) ;
#1971 = ORIENTED_EDGE ( 'NONE', *, *, #70, .F. ) ;
#1972 = FACE_OUTER_BOUND ( 'NONE', #1340, .T. ) ;
#1973 = LINE ( 'NONE', #401, #856 ) ;
#1974 = DIRECTION ( 'NONE',  ( 0.0000000000000000000, 0.0000000000000000000, 1.000000000000000000 ) ) ;
#1975 = EDGE_CURVE ( 'NONE', #1032, #1896, #1414, .T. ) ;
#1976 = FILL_AREA_STYLE_COLOUR ( '', #201 ) ;
#1977 = DIRECTION ( 'NONE',  ( 0.0000000000000000000, 0.0000000000000000000, 1.000000000000000000 ) ) ;
#1978 = DIRECTION ( 'NONE',  ( 0.0000000000000000000, 0.0000000000000000000, 1.000000000000000000 ) ) ;
#1979 = ADVANCED_FACE ( 'NONE', ( #1576 ), #361, .T. ) ;
#1980 = FILL_AREA_STYLE_COLOUR ( '', #2152 ) ;
#1981 = CARTESIAN_POINT ( 'NONE',  ( 16.07000910242061664, 81.14009147013385359, 0.0000000000000000000 ) ) ;
#1982 = CARTESIAN_POINT ( 'NONE',  ( 16.84372234463879892, 82.77208975846895100, -0.5851732202148999251 ) ) ;
#1983 = DIRECTION ( 'NONE',  ( 0.0000000000000000000, 0.0000000000000000000, -1.000000000000000000 ) ) ;
#1984 = EDGE_LOOP ( 'NONE', ( #1789, #1735 ) ) ;
#1985 = FILL_AREA_STYLE ('',( #768 ) ) ;
#1986 = CARTESIAN_POINT ( 'NONE',  ( 16.07001729354351482, 81.55122746309127990, -0.7670826913083360621 ) ) ;
#1987 = CARTESIAN_POINT ( 'NONE',  ( 16.58870749541299716, 81.08945132183724525, 2.230201048359725503E-16 ) ) ;
#1988 = AXIS2_PLACEMENT_3D ( 'NONE', #1008, #1883, #108 ) ;
#1989 = APPLICATION_CONTEXT ( 'automotive_design' ) ;
#1990 = AXIS2_PLACEMENT_3D ( 'NONE', #1213, #1371, #1911 ) ;
#1991 = DIRECTION ( 'NONE',  ( 0.0000000000000000000, 0.0000000000000000000, 1.000000000000000000 ) ) ;
#1992 = LINE ( 'NONE', #441, #1396 ) ;
#1993 = CIRCLE ( 'NONE', #2136, 0.2249999999999995060 ) ;
#1994 = DIRECTION ( 'NONE',  ( 0.0000000000000000000, 0.0000000000000000000, -1.000000000000000000 ) ) ;
#1995 = CIRCLE ( 'NONE', #1184, 5.000000000000004441 ) ;
#1996 = CARTESIAN_POINT ( 'NONE',  ( 15.98940396395307140, 81.14399702732268338, 2.096602601099822887E-16 ) ) ;
#1997 = CARTESIAN_POINT ( 'NONE',  ( 16.07001015486430973, 82.85982394088637193, -7.900253858997908544E-17 ) ) ;
#1998 = CARTESIAN_POINT ( 'NONE',  ( 12.67307692307690026, 82.00000000000000000, 0.0000000000000000000 ) ) ;
#1999 = VERTEX_POINT ( 'NONE', #1898 ) ;
#2000 = B_SPLINE_CURVE_WITH_KNOTS ( 'NONE', 3,
 ( #1957, #700, #1970, #389, #1057, #1754, #1800, #214, #174, #885, #920, #1578, #1612, #398, #743, #1098, #1764, #712, #186, #42, #235, #802, #952, #1313, #248, #258, #591, #1131, #282, #1650, #64, #942, #1672, #1828 ),
 .UNSPECIFIED., .F., .F.,
 ( 4, 1, 1, 2, 2, 2, 1, 1, 2, 2, 2, 1, 1, 2, 2, 2, 1, 1, 2, 2, 4 ),
 ( 0.0000000000000000000, 0.06249999999997538080, 0.09374999999996307121, 0.1093749999999642786, 0.1249999999999654998, 0.2499999999999754641, 0.3124999999999804046, 0.3437499999999829581, 0.3593749999999841793, 0.3749999999999854006, 0.5000000000000065503, 0.5625000000000170974, 0.5937500000000237588, 0.6093750000000250910, 0.6250000000000263123, 0.7500000000000106581, 0.8125000000000076605, 0.8437500000000122125, 0.8593750000000082157, 0.8750000000000041078, 1.000000000000000000 ),
 .UNSPECIFIED. ) ;
#2001 = CARTESIAN_POINT ( 'NONE',  ( 16.84372234463879536, 82.78598818314388552, -0.5554093334302924179 ) ) ;
#2002 = CARTESIAN_POINT ( 'NONE',  ( 16.45999999999999730, 81.21309994471089055, -0.4267618230524097278 ) ) ;
#2003 = PRESENTATION_LAYER_ASSIGNMENT (  '', '', ( #1194 ) ) ;
#2004 = CARTESIAN_POINT ( 'NONE',  ( 13.15627765536119220, 82.95829989193536846, -2.373008720297210852E-16 ) ) ;
#2005 = DIRECTION ( 'NONE',  ( 1.000000000000000000, 0.0000000000000000000, -0.0000000000000000000 ) ) ;
#2006 = CARTESIAN_POINT ( 'NONE',  ( 16.84372234463879536, 81.13517080904824752, 0.4132329361515599819 ) ) ;
#2007 = PRODUCT_DEFINITION_FORMATION_WITH_SPECIFIED_SOURCE ( 'ANY', '', #512, .NOT_KNOWN. ) ;
#2008 = CARTESIAN_POINT ( 'NONE',  ( 15.98940396395307140, 81.14399702732268338, 0.0000000000000000000 ) ) ;
#2009 = ADVANCED_FACE ( 'NONE', ( #2083 ), #1211, .T. ) ;
#2010 = DIRECTION ( 'NONE',  ( 1.000000000000000000, 0.0000000000000000000, 0.0000000000000000000 ) ) ;
#2011 = ORIENTED_EDGE ( 'NONE', *, *, #204, .T. ) ;
#2012 = CARTESIAN_POINT ( 'NONE',  ( 13.53000000000000114, 81.10456633593156539, 1.790867328136852565 ) ) ;
#2013 = CARTESIAN_POINT ( 'NONE',  ( 16.46000000000000085, 82.83702550993901070, -0.3148207240403048113 ) ) ;
#2014 = CARTESIAN_POINT ( 'NONE',  ( 13.28002739223612672, 82.93262621797146039, -2.309433786488771479E-16 ) ) ;
#2015 = CARTESIAN_POINT ( 'NONE',  ( 16.84372234463879892, 81.74756031675109114, 0.9254029734302136045 ) ) ;
#2016 = CARTESIAN_POINT ( 'NONE',  ( 15.82802820623600226, 82.00000000000000000, 0.0000000000000000000 ) ) ;
#2017 = EDGE_LOOP ( 'NONE', ( #2095, #2059 ) ) ;
#2018 =( NAMED_UNIT ( * ) PLANE_ANGLE_UNIT ( ) SI_UNIT ( $, .RADIAN. ) );
#2019 = B_SPLINE_CURVE_WITH_KNOTS ( 'NONE', 3,
 ( #2189, #1151, #110, #1656, #1669, #1310, #1826, #1647, #442, #984 ),
 .UNSPECIFIED., .F., .F.,
 ( 4, 2, 2, 2, 4 ),
 ( 0.0000000000000000000, 0.2500000000000000000, 0.5000000000000000000, 0.7500000000000000000, 1.000000000000000000 ),
 .UNSPECIFIED. ) ;
#2020 = CARTESIAN_POINT ( 'NONE',  ( 16.46000000000000441, 82.34230288159095323, -0.8261463292013876414 ) ) ;
#2021 = EDGE_CURVE ( 'NONE', #1266, #918, #1710, .T. ) ;
#2022 = CARTESIAN_POINT ( 'NONE',  ( 13.98000000000000220, 82.85773629789208883, -1.715472595784167220 ) ) ;
#2023 = DIRECTION ( 'NONE',  ( 0.0000000000000000000, 0.0000000000000000000, 1.000000000000000000 ) ) ;
#2024 = FILL_AREA_STYLE_COLOUR ( '', #1402 ) ;
#2025 = DIRECTION ( 'NONE',  ( 0.0000000000000000000, 0.0000000000000000000, -1.000000000000000000 ) ) ;
#2026 = COLOUR_RGB ( '',0.0000000000000000000, 0.0000000000000000000, 0.0000000000000000000 ) ;
#2027 = ORIENTED_EDGE ( 'NONE', *, *, #1734, .F. ) ;
#2028 = FACE_OUTER_BOUND ( 'NONE', #2125, .T. ) ;
#2029 = VECTOR ( 'NONE', #1593, 1000.000000000000000 ) ;
#2030 = PRESENTATION_STYLE_ASSIGNMENT (( #826 ) ) ;
#2031 = CIRCLE ( 'NONE', #2252, 0.8497538438289905516 ) ;
#2032 = DIRECTION ( 'NONE',  ( 0.0000000000000000000, -1.000000000000000000, 0.0000000000000000000 ) ) ;
#2033 = ORIENTED_EDGE ( 'NONE', *, *, #1753, .F. ) ;
#2034 = CARTESIAN_POINT ( 'NONE',  ( 13.40466119514035270, 81.08833923182221781, 2.232924883314290933E-16 ) ) ;
#2035 = CARTESIAN_POINT ( 'NONE',  ( 16.84372234463880602, 82.06075546772709117, -0.9583335221593134445 ) ) ;
#2036 = CARTESIAN_POINT ( 'NONE',  ( 13.15627765536119398, 82.00000000000000000, 0.0000000000000000000 ) ) ;
#2037 = EDGE_CURVE ( 'NONE', #224, #876, #685, .T. ) ;
#2038 = CARTESIAN_POINT ( 'NONE',  ( 18.00000000000000355, 81.73319015691075151, 0.1560939016250846023 ) ) ;
#2039 = PRESENTATION_LAYER_ASSIGNMENT (  '', '', ( #1192 ) ) ;
#2040 = CARTESIAN_POINT ( 'NONE',  ( 16.84372234463879892, 81.15663465271740051, 0.4573656422255944487 ) ) ;
#2041 = ORIENTED_EDGE ( 'NONE', *, *, #1480, .F. ) ;
#2042 = DIRECTION ( 'NONE',  ( -1.000000000000000000, 0.0000000000000000000, 0.0000000000000000000 ) ) ;
#2043 = ORIENTED_EDGE ( 'NONE', *, *, #1784, .T. ) ;
#2044 = CARTESIAN_POINT ( 'NONE',  ( 12.00000000000000000, 81.80413728227708248, 0.1117266186198957595 ) ) ;
#2045 = CARTESIAN_POINT ( 'NONE',  ( 18.00000000000000711, 81.92171200700522604, -0.2990381056767050238 ) ) ;
#2046 = EDGE_CURVE ( 'NONE', #943, #661, #241, .T. ) ;
#2047 = CARTESIAN_POINT ( 'NONE',  ( 14.17197179376399951, 76.14595037822608958, 0.0000000000000000000 ) ) ;
#2048 = EDGE_LOOP ( 'NONE', ( #974, #1073 ) ) ;
#2049 = CARTESIAN_POINT ( 'NONE',  ( 16.84372234463879892, 81.06272679566053796, -0.2401659733645358785 ) ) ;
#2050 = DIRECTION ( 'NONE',  ( 0.0000000000000000000, 1.000000000000000000, -1.224646799147352221E-16 ) ) ;
#2051 = CARTESIAN_POINT ( 'NONE',  ( 16.46000000000000085, 82.81963570171238587, 0.3576843893739973801 ) ) ;
#2052 = CARTESIAN_POINT ( 'NONE',  ( 10.31819805153394221, 82.45000000000001705, -0.2249999999999999778 ) ) ;
#2053 = DIRECTION ( 'NONE',  ( 0.0000000000000000000, 0.0000000000000000000, 1.000000000000000000 ) ) ;
#2054 = SURFACE_STYLE_USAGE ( .BOTH. , #2268 ) ;
#2055 = ORIENTED_EDGE ( 'NONE', *, *, #1797, .F. ) ;
#2056 = CARTESIAN_POINT ( 'NONE',  ( 13.53000000000292857, 82.00000000000000000, 0.0000000000000000000 ) ) ;
#2057 = COLOUR_RGB ( '',0.7725490196078431682, 0.7725490196078431682, 0.7725490196078431682 ) ;
#2058 = EDGE_CURVE ( 'NONE', #709, #1025, #1482, .T. ) ;
#2059 = ORIENTED_EDGE ( 'NONE', *, *, #574, .F. ) ;
#2060 = PRESENTATION_LAYER_ASSIGNMENT (  '', '', ( #1877 ) ) ;
#2061 = FILL_AREA_STYLE_COLOUR ( '', #339 ) ;
#2062 = CARTESIAN_POINT ( 'NONE',  ( 16.46000000000000085, 81.10585074535917727, 0.0000000000000000000 ) ) ;
#2063 = CARTESIAN_POINT ( 'NONE',  ( 10.44999999999999929, 82.45000000000000284, 0.2250000000000000611 ) ) ;
#2064 = CARTESIAN_POINT ( 'NONE',  ( 14.17197179376399951, 82.00000000000000000, 0.0000000000000000000 ) ) ;
#2065 = MANIFOLD_SOLID_BREP ( 'Imported1', #1072 ) ;
#2066 = CARTESIAN_POINT ( 'NONE',  ( 19.55000000000000426, 82.45000000000000284, 0.2250000000000000611 ) ) ;
#2067 = ORIENTED_EDGE ( 'NONE', *, *, #292, .F. ) ;
#2068 = CARTESIAN_POINT ( 'NONE',  ( 16.84372234463879892, 81.44371932779743872, 0.7872221131711640840 ) ) ;
#2069 =( GEOMETRIC_REPRESENTATION_CONTEXT ( 3 ) GLOBAL_UNCERTAINTY_ASSIGNED_CONTEXT ( ( #1263 ) ) GLOBAL_UNIT_ASSIGNED_CONTEXT ( ( #1563, #536, #1046 ) ) REPRESENTATION_CONTEXT ( 'NONE', 'WORKASPACE' ) );
#2070 = EDGE_LOOP ( 'NONE', ( #641, #1132, #1564, #1357, #1367 ) ) ;
#2071 = DIRECTION ( 'NONE',  ( 0.0000000000000000000, 1.224646799147353207E-16, 1.000000000000000000 ) ) ;
#2072 = UNCERTAINTY_MEASURE_WITH_UNIT (LENGTH_MEASURE( 1.000000000000000082E-05 ), #695, 'distance_accuracy_value', 'NONE');
#2073 = CARTESIAN_POINT ( 'NONE',  ( 16.45999999999999730, 81.64231561062676690, 0.8196357017130531109 ) ) ;
#2074 = ORIENTED_EDGE ( 'NONE', *, *, #2115, .T. ) ;
#2075 = CIRCLE ( 'NONE', #245, 0.2250000000000000333 ) ;
#2076 = CARTESIAN_POINT ( 'NONE',  ( 10.05459415460183692, 82.45000000000001705, 0.2250000000000000611 ) ) ;
#2077 = FACE_OUTER_BOUND ( 'NONE', #1406, .T. ) ;
#2078 = CARTESIAN_POINT ( 'NONE',  ( 18.00000000000000355, 82.20393649031869643, 0.09577794157528492225 ) ) ;
#2079 = CARTESIAN_POINT ( 'NONE',  ( 20.11744699822174454, 81.79924894668779700, -3.100000000000000977 ) ) ;
#2080 = FILL_AREA_STYLE_COLOUR ( '', #1882 ) ;
#2081 = ORIENTED_EDGE ( 'NONE', *, *, #476, .T. ) ;
#2082 = CARTESIAN_POINT ( 'NONE',  ( 16.07001091641627610, 82.00000000000001421, -0.8598239353316569078 ) ) ;
#2083 = FACE_OUTER_BOUND ( 'NONE', #1702, .T. ) ;
#2084 = ORIENTED_EDGE ( 'NONE', *, *, #602, .F. ) ;
#2085 = CARTESIAN_POINT ( 'NONE',  ( 16.07001166980968421, 81.14017598575183854, 7.888661298043830988E-17 ) ) ;
#2086 = EDGE_CURVE ( 'NONE', #279, #224, #377, .T. ) ;
#2087 = DIRECTION ( 'NONE',  ( -1.000000000000000000, 0.0000000000000000000, 0.0000000000000000000 ) ) ;
#2088 = FILL_AREA_STYLE ('',( #1904 ) ) ;
#2089 =( NAMED_UNIT ( * ) SI_UNIT ( $, .STERADIAN. ) SOLID_ANGLE_UNIT ( ) );
#2090 =( NAMED_UNIT ( * ) PLANE_ANGLE_UNIT ( ) SI_UNIT ( $, .RADIAN. ) );
#2091 = ORIENTED_EDGE ( 'NONE', *, *, #1469, .T. ) ;
#2092 = DIRECTION ( 'NONE',  ( 1.000000000000000000, 0.0000000000000000000, 0.0000000000000000000 ) ) ;
#2093 = PRODUCT_DEFINITION_CONTEXT ( 'detailed design', #1786, 'design' ) ;
#2094 = FACE_OUTER_BOUND ( 'NONE', #369, .T. ) ;
#2095 = ORIENTED_EDGE ( 'NONE', *, *, #828, .F. ) ;
#2096 = AXIS2_PLACEMENT_3D ( 'NONE', #552, #1258, #1586 ) ;
#2097 = CARTESIAN_POINT ( 'NONE',  ( 10.44999999999999929, 82.00000000000000000, 0.2250000000000000333 ) ) ;
#2098 = CIRCLE ( 'NONE', #1331, 0.9985201625794730695 ) ;
#2099 = CARTESIAN_POINT ( 'NONE',  ( 9.775000000000000355, 81.54999999999999716, -0.4500000000000006772 ) ) ;
#2100 = PRESENTATION_STYLE_ASSIGNMENT (( #1040 ) ) ;
#2101 = EDGE_CURVE ( 'NONE', #1603, #1064, #2262, .T. ) ;
#2102 = DIRECTION ( 'NONE',  ( 1.000000000000000000, -0.0000000000000000000, 0.0000000000000000000 ) ) ;
#2103 = FACE_OUTER_BOUND ( 'NONE', #1694, .T. ) ;
#2104 = ORIENTED_EDGE ( 'NONE', *, *, #1624, .F. ) ;
#2105 = CARTESIAN_POINT ( 'NONE',  ( 15.19999999999999929, 82.00000000000000000, 0.0000000000000000000 ) ) ;
#2106 = EDGE_LOOP ( 'NONE', ( #1750, #2272, #2055, #2127, #1322, #1237 ) ) ;
#2107 = COLOUR_RGB ( '',1.000000000000000000, 0.0000000000000000000, 0.0000000000000000000 ) ;
#2108 = CARTESIAN_POINT ( 'NONE',  ( 13.98000000000000220, 82.85773629789208883, 1.715472595784167220 ) ) ;
#2109 = ORIENTED_EDGE ( 'NONE', *, *, #1643, .T. ) ;
#2110 = STYLED_ITEM ( 'NONE', ( #1909 ), #2009 ) ;
#2111 = STYLED_ITEM ( 'NONE', ( #750 ), #2065 ) ;
#2112 = FACE_OUTER_BOUND ( 'NONE', #671, .T. ) ;
#2113 = CARTESIAN_POINT ( 'NONE',  ( 16.46000000000000085, 82.89414925464086537, -6.570102135935447598E-17 ) ) ;
#2114 =( NAMED_UNIT ( * ) PLANE_ANGLE_UNIT ( ) SI_UNIT ( $, .RADIAN. ) );
#2115 = EDGE_CURVE ( 'NONE', #837, #2274, #1159, .T. ) ;
#2116 = FACE_OUTER_BOUND ( 'NONE', #271, .T. ) ;
#2117 = EDGE_CURVE ( 'NONE', #146, #1370, #465, .T. ) ;
#2118 = EDGE_LOOP ( 'NONE', ( #305, #1056, #2260, #810, #1439 ) ) ;
#2119 = DIRECTION ( 'NONE',  ( 0.0000000000000000000, 1.000000000000000000, 0.0000000000000000000 ) ) ;
#2120 = UNCERTAINTY_MEASURE_WITH_UNIT (LENGTH_MEASURE( 1.000000000000000082E-05 ), #91, 'distance_accuracy_value', 'NONE');
#2121 = PLANE ( 'NONE',  #1814 ) ;
#2122 = EDGE_LOOP ( 'NONE', ( #1325, #1737, #315, #884, #126 ) ) ;
#2123 = CARTESIAN_POINT ( 'NONE',  ( 17.25000000000000000, 83.00000000000000000, -1.224646799147353207E-16 ) ) ;
#2124 = CARTESIAN_POINT ( 'NONE',  ( 15.19999999999999929, 82.00000000000000000, -0.8540496217739099727 ) ) ;
#2125 = EDGE_LOOP ( 'NONE', ( #1275, #1776, #1475, #2227 ) ) ;
#2126 = DIRECTION ( 'NONE',  ( 0.0000000000000000000, 0.0000000000000000000, 1.000000000000000000 ) ) ;
#2127 = ORIENTED_EDGE ( 'NONE', *, *, #929, .F. ) ;
#2128 = EDGE_CURVE ( 'NONE', #1541, #1064, #908, .T. ) ;
#2129 = DIRECTION ( 'NONE',  ( 1.000000000000000000, -0.0000000000000000000, 0.0000000000000000000 ) ) ;
#2130 = ORIENTED_EDGE ( 'NONE', *, *, #985, .T. ) ;
#2131 = AXIS2_PLACEMENT_3D ( 'NONE', #158, #172, #207 ) ;
#2132 = VECTOR ( 'NONE', #1516, 1000.000000000000000 ) ;
#2133 = CARTESIAN_POINT ( 'NONE',  ( 19.77500000000000213, 82.00000000000000000, -3.100000000000000533 ) ) ;
#2134 = CARTESIAN_POINT ( 'NONE',  ( 16.45999999999999375, 81.10585074535916306, 1.788298509281693649 ) ) ;
#2135 = AXIS2_PLACEMENT_3D ( 'NONE', #651, #148, #1908 ) ;
#2136 = AXIS2_PLACEMENT_3D ( 'NONE', #251, #992, #1497 ) ;
#2137 = CARTESIAN_POINT ( 'NONE',  ( 12.00000000000000000, 82.22499999999999432, -1.928818708657081344E-17 ) ) ;
#2138 = STYLED_ITEM ( 'NONE', ( #1443 ), #1081 ) ;
#2139 = CARTESIAN_POINT ( 'NONE',  ( 11.99999999999999822, 82.29903810567672906, 0.07828799299477869067 ) ) ;
#2140 = VERTEX_POINT ( 'NONE', #432 ) ;
#2141 = UNCERTAINTY_MEASURE_WITH_UNIT (LENGTH_MEASURE( 1.000000000000000082E-05 ), #1233, 'distance_accuracy_value', 'NONE');
#2142 = DIRECTION ( 'NONE',  ( 0.9902954620542210318, 0.0000000000000000000, -0.1389780480321143596 ) ) ;
#2143 = DIRECTION ( 'NONE',  ( 0.0000000000000000000, 1.000000000000000000, -1.224646799147342360E-16 ) ) ;
#2144 = VERTEX_POINT ( 'NONE', #995 ) ;
#2145 = EDGE_CURVE ( 'NONE', #224, #279, #2019, .T. ) ;
#2146 = CARTESIAN_POINT ( 'NONE',  ( 12.00000000000000000, 82.00000000000000000, 0.2250000000000000333 ) ) ;
#2147 = COLOUR_RGB ( '',0.7725490196078431682, 0.7725490196078431682, 0.7725490196078431682 ) ;
#2148 = DIRECTION ( 'NONE',  ( 0.0000000000000000000, 0.0000000000000000000, 1.000000000000000000 ) ) ;
#2149 = CONICAL_SURFACE ( 'NONE', #907, 0.8997538438109131675, 0.1106572211756286783 ) ;
#2150 = CARTESIAN_POINT ( 'NONE',  ( 19.77500000000000213, 82.00000000000000000, -3.100000000000000533 ) ) ;
#2151 = EDGE_CURVE ( 'NONE', #1099, #1370, #874, .T. ) ;
#2152 = COLOUR_RGB ( '',0.1686274509803921684, 0.7176470588235294157, 0.8352941176470588536 ) ;
#2153 =( NAMED_UNIT ( * ) SI_UNIT ( $, .STERADIAN. ) SOLID_ANGLE_UNIT ( ) );
#2154 = AXIS2_PLACEMENT_3D ( 'NONE', #1548, #1052, #1747 ) ;
#2155 =( NAMED_UNIT ( * ) SI_UNIT ( $, .STERADIAN. ) SOLID_ANGLE_UNIT ( ) );
#2156 = VERTEX_POINT ( 'NONE', #1128 ) ;
#2157 =( NAMED_UNIT ( * ) SI_UNIT ( $, .STERADIAN. ) SOLID_ANGLE_UNIT ( ) );
#2158 = CARTESIAN_POINT ( 'NONE',  ( 10.11744699822173921, 81.79924894668779700, -3.100000000000000977 ) ) ;
#2159 = DIRECTION ( 'NONE',  ( 0.0000000000000000000, 1.000000000000000000, 0.0000000000000000000 ) ) ;
#2160 = ORIENTED_EDGE ( 'NONE', *, *, #338, .T. ) ;
#2161 = CARTESIAN_POINT ( 'NONE',  ( 19.94540584539815598, 82.00000000000000000, 0.2250000000000000333 ) ) ;
#2162 = CARTESIAN_POINT ( 'NONE',  ( 14.17197179376399951, 81.14595037822610379, 0.0000000000000000000 ) ) ;
#2163 = DIRECTION ( 'NONE',  ( -1.000000000000000000, -0.0000000000000000000, 9.938320498378770498E-46 ) ) ;
#2164 = EDGE_CURVE ( 'NONE', #1025, #894, #467, .T. ) ;
#2165 = CARTESIAN_POINT ( 'NONE',  ( 15.63000000000000078, 82.00000000000000000, 0.8540496217739099727 ) ) ;
#2166 = CARTESIAN_POINT ( 'NONE',  ( 13.53000000000292857, 82.00000000000000000, 0.0000000000000000000 ) ) ;
#2167 = ORIENTED_EDGE ( 'NONE', *, *, #801, .T. ) ;
#2168 = CARTESIAN_POINT ( 'NONE',  ( 16.07000910242061664, 81.14009147013385359, 2.106168457320150311E-16 ) ) ;
#2169 = CARTESIAN_POINT ( 'NONE',  ( 12.69999999999999929, 82.29903810567667222, -3.662160589400072267E-17 ) ) ;
#2170 = LINE ( 'NONE', #423, #190 ) ;
#2171 = ORIENTED_EDGE ( 'NONE', *, *, #162, .F. ) ;
#2172 = CARTESIAN_POINT ( 'NONE',  ( 19.94540584539815953, 81.55000000000001137, 0.2250000000000000333 ) ) ;
#2173 = CARTESIAN_POINT ( 'NONE',  ( 16.84372234463879536, 81.63313550883533765, -0.8854174956235922878 ) ) ;
#2174 = CARTESIAN_POINT ( 'NONE',  ( 16.46000000000000441, 82.42676182304872157, -0.7869000552906508794 ) ) ;
#2175 = TOROIDAL_SURFACE ( 'NONE', #2, -1.000000000000000000, 2.000000000000000000 ) ;
#2176 = FACE_OUTER_BOUND ( 'NONE', #1539, .T. ) ;
#2177 = EDGE_CURVE ( 'NONE', #1252, #2274, #256, .T. ) ;
#2178 = MECHANICAL_DESIGN_GEOMETRIC_PRESENTATION_REPRESENTATION (  '', ( #2138 ), #454 ) ;
#2179 = CARTESIAN_POINT ( 'NONE',  ( 15.98940396395307850, 82.85600297267733083, -1.712005945354643899 ) ) ;
#2180 = FILL_AREA_STYLE_COLOUR ( '', #1520 ) ;
#2181 = DIRECTION ( 'NONE',  ( 1.000000000000000000, 0.0000000000000000000, 0.0000000000000000000 ) ) ;
#2182 = ORIENTED_EDGE ( 'NONE', *, *, #1931, .F. ) ;
#2183 = CARTESIAN_POINT ( 'NONE',  ( 16.45999999982450390, 82.00000000000000000, 0.8997377031079167864 ) ) ;
#2184 = CARTESIAN_POINT ( 'NONE',  ( 16.07001166980968421, 81.14017598575183854, 7.888661298043830988E-17 ) ) ;
#2185 = CARTESIAN_POINT ( 'NONE',  ( 16.84372234463879536, 82.86618672765794713, 0.4138813335296138707 ) ) ;
#2186 = AXIS2_PLACEMENT_3D ( 'NONE', #588, #1278, #1991 ) ;
#2187 =( GEOMETRIC_REPRESENTATION_CONTEXT ( 3 ) GLOBAL_UNCERTAINTY_ASSIGNED_CONTEXT ( ( #1934 ) ) GLOBAL_UNIT_ASSIGNED_CONTEXT ( ( #1034, #674, #883 ) ) REPRESENTATION_CONTEXT ( 'NONE', 'WORKASPACE' ) );
#2188 = FACE_BOUND ( 'NONE', #551, .T. ) ;
#2189 = CARTESIAN_POINT ( 'NONE',  ( 12.00000000000000000, 81.70096189432329936, 1.464864235760259094E-17 ) ) ;
#2190 = B_SPLINE_CURVE_WITH_KNOTS ( 'NONE', 3,
 ( #2137, #1606, #230, #192, #1271, #1115, #243, #1965 ),
 .UNSPECIFIED., .F., .F.,
 ( 4, 2, 2, 4 ),
 ( 0.0000000000000000000, 0.2500000000000000555, 0.3750000000000000000, 0.5000000000000000000 ),
 .UNSPECIFIED. ) ;
#2191 = CARTESIAN_POINT ( 'NONE',  ( 15.98940396395307140, 82.85600297267733083, -1.048301300549911444E-16 ) ) ;
#2192 =( NAMED_UNIT ( * ) PLANE_ANGLE_UNIT ( ) SI_UNIT ( $, .RADIAN. ) );
#2193 = EDGE_CURVE ( 'NONE', #375, #652, #1774, .T. ) ;
#2194 = CARTESIAN_POINT ( 'NONE',  ( 15.82802820623600226, 76.14595037822608958, 0.0000000000000000000 ) ) ;
#2195 = ORIENTED_EDGE ( 'NONE', *, *, #1524, .F. ) ;
#2196 = CARTESIAN_POINT ( 'NONE',  ( 12.00000000000000000, 81.70096189432329936, 1.464864235760259094E-17 ) ) ;
#2197 = UNCERTAINTY_MEASURE_WITH_UNIT (LENGTH_MEASURE( 1.000000000000000082E-05 ), #1690, 'distance_accuracy_value', 'NONE');
#2198 = CARTESIAN_POINT ( 'NONE',  ( 15.82802820623600226, 82.00000000000000000, -0.8540496217739099727 ) ) ;
#2199 = CARTESIAN_POINT ( 'NONE',  ( 16.84372234463880247, 82.58517322021307905, 0.7720897584709077721 ) ) ;
#2200 = CARTESIAN_POINT ( 'NONE',  ( 17.07627833366132108, 81.00755908927862947, 1.219112052822457031E-16 ) ) ;
#2201 = CARTESIAN_POINT ( 'NONE',  ( 16.84372234463880247, 81.52453231773226605, 0.8425077465850262515 ) ) ;
#2202 = ORIENTED_EDGE ( 'NONE', *, *, #1784, .F. ) ;
#2203 = DIRECTION ( 'NONE',  ( 0.0000000000000000000, -1.000000000000000000, 0.0000000000000000000 ) ) ;
#2204 = CARTESIAN_POINT ( 'NONE',  ( 13.53000000000000114, 81.10456633593157960, 0.0000000000000000000 ) ) ;
#2205 = ORIENTED_EDGE ( 'NONE', *, *, #1191, .T. ) ;
#2206 = FACE_OUTER_BOUND ( 'NONE', #619, .T. ) ;
#2207 = ADVANCED_FACE ( 'NONE', ( #1527 ), #1377, .T. ) ;
#2208 = CARTESIAN_POINT ( 'NONE',  ( 16.84372234463879892, 82.32427060666171315, -0.9018953330600287810 ) ) ;
#2209 = CARTESIAN_POINT ( 'NONE',  ( 16.45999999999999375, 81.69744223149240270, -0.8415215894574037403 ) ) ;
#2210 = CARTESIAN_POINT ( 'NONE',  ( 14.04396306668767025, 81.14472133513665142, -1.710557329726691389 ) ) ;
#2211 = CIRCLE ( 'NONE', #2135, 0.8540496217739099727 ) ;
#2212 = EDGE_LOOP ( 'NONE', ( #103, #732, #858, #1 ) ) ;
#2213 = CYLINDRICAL_SURFACE ( 'NONE', #1326, 0.8540496217739099727 ) ;
#2214 = CIRCLE ( 'NONE', #153, 0.9924409107213705283 ) ;
#2215 =( NAMED_UNIT ( * ) SI_UNIT ( $, .STERADIAN. ) SOLID_ANGLE_UNIT ( ) );
#2216 = VECTOR ( 'NONE', #171, 1000.000000000000000 ) ;
#2217 = VERTEX_POINT ( 'NONE', #334 ) ;
#2218 = CARTESIAN_POINT ( 'NONE',  ( 20.22500000000000142, 81.55000000000001137, -0.05459415460183957014 ) ) ;
#2219 = ADVANCED_FACE ( 'NONE', ( #1030, #1572 ), #519, .T. ) ;
#2220 = CARTESIAN_POINT ( 'NONE',  ( 16.84372234463879892, 82.25243968325193578, -0.9254029734302323673 ) ) ;
#2221 = CARTESIAN_POINT ( 'NONE',  ( 13.15627765536119043, 81.04170010806463154, -1.916599783870736484 ) ) ;
#2222 =( GEOMETRIC_REPRESENTATION_CONTEXT ( 3 ) GLOBAL_UNCERTAINTY_ASSIGNED_CONTEXT ( ( #1591 ) ) GLOBAL_UNIT_ASSIGNED_CONTEXT ( ( #417, #1772, #914 ) ) REPRESENTATION_CONTEXT ( 'NONE', 'WORKASPACE' ) );
#2223 = CARTESIAN_POINT ( 'NONE',  ( 16.84372234463879892, 81.66259519983897519, 0.8970795636616272217 ) ) ;
#2224 = B_SPLINE_CURVE_WITH_KNOTS ( 'NONE', 3,
 ( #778, #490, #501, #329, #511, #2085 ),
 .UNSPECIFIED., .F., .F.,
 ( 4, 2, 4 ),
 ( 0.0000000000000000000, 0.5000000000000001110, 1.000000000000000000 ),
 .UNSPECIFIED. ) ;
#2225 = ORIENTED_EDGE ( 'NONE', *, *, #162, .T. ) ;
#2226 = CARTESIAN_POINT ( 'NONE',  ( 15.00000000000000000, 82.00000000000000000, 0.0000000000000000000 ) ) ;
#2227 = ORIENTED_EDGE ( 'NONE', *, *, #828, .T. ) ;
#2228 = CARTESIAN_POINT ( 'NONE',  ( 18.00000000000000355, 82.00000000000000000, -0.2250000000000000333 ) ) ;
#2229 = FACE_OUTER_BOUND ( 'NONE', #1010, .T. ) ;
#2230 = CARTESIAN_POINT ( 'NONE',  ( 9.774999999999998579, 82.00000000000000000, -0.4500000000000007327 ) ) ;
#2231 = CARTESIAN_POINT ( 'NONE',  ( 13.98000000000000220, 81.14226370210791117, -1.715472595784167220 ) ) ;
#2232 = SURFACE_SIDE_STYLE ('',( #666 ) ) ;
#2233 = EDGE_CURVE ( 'NONE', #13, #456, #1197, .T. ) ;
#2234 = ORIENTED_EDGE ( 'NONE', *, *, #1469, .F. ) ;
#2235 = SURFACE_SIDE_STYLE ('',( #1405 ) ) ;
#2236 = VERTEX_POINT ( 'NONE', #1917 ) ;
#2237 = PLANE ( 'NONE',  #226 ) ;
#2238 = UNCERTAINTY_MEASURE_WITH_UNIT (LENGTH_MEASURE( 1.000000000000000082E-05 ), #137, 'distance_accuracy_value', 'NONE');
#2239 = CARTESIAN_POINT ( 'NONE',  ( 16.46000000000000085, 81.61442126409578179, 0.8069301414048414278 ) ) ;
#2240 = B_SPLINE_CURVE_WITH_KNOTS ( 'NONE', 3,
 ( #812, #257, #626, #1323, #1153, #1483 ),
 .UNSPECIFIED., .F., .F.,
 ( 4, 2, 4 ),
 ( 0.5000000000000000000, 0.7500000000000000000, 1.000000000000000000 ),
 .UNSPECIFIED. ) ;
#2241 = CARTESIAN_POINT ( 'NONE',  ( 14.17197179376399951, 82.85404962177391042, -1.048166573672236341E-16 ) ) ;
#2242 = CARTESIAN_POINT ( 'NONE',  ( 19.77500000000000213, 82.00000000000000000, -0.4499999999999990119 ) ) ;
#2243 = EDGE_CURVE ( 'NONE', #510, #1177, #573, .T. ) ;
#2244 = ORIENTED_EDGE ( 'NONE', *, *, #1892, .T. ) ;
#2245 = CARTESIAN_POINT ( 'NONE',  ( 16.84372234463879892, 81.04016236241528759, 0.06085110119744196328 ) ) ;
#2246 = SURFACE_STYLE_FILL_AREA ( #836 ) ;
#2247 = ORIENTED_EDGE ( 'NONE', *, *, #1797, .T. ) ;
#2248 = AXIS2_PLACEMENT_3D ( 'NONE', #139, #316, #326 ) ;
#2249 = CARTESIAN_POINT ( 'NONE',  ( 12.00000000000000000, 82.42702481088700495, 0.0000000000000000000 ) ) ;
#2250 = TOROIDAL_SURFACE ( 'NONE', #302, -1.000000000000000000, 2.000000000000000000 ) ;
#2251 = CARTESIAN_POINT ( 'NONE',  ( 16.45999999999999730, 81.15849417172277924, 0.3025976477009555410 ) ) ;
#2252 = AXIS2_PLACEMENT_3D ( 'NONE', #1474, #627, #1626 ) ;
#2253 = CARTESIAN_POINT ( 'NONE',  ( 13.98000000000000043, 82.85773629789208883, -1.050424011726056711E-16 ) ) ;
#2254 = DIRECTION ( 'NONE',  ( 1.000000000000000000, -0.0000000000000000000, -0.0000000000000000000 ) ) ;
#2255 = CARTESIAN_POINT ( 'NONE',  ( 20.22500000000000142, 82.45000000000000284, -0.05459415460183957014 ) ) ;
#2256 = EDGE_LOOP ( 'NONE', ( #340, #962, #2043, #435, #767 ) ) ;
#2257 = CARTESIAN_POINT ( 'NONE',  ( 18.00000000000000355, 81.70096189432329936, 1.464864235760259094E-17 ) ) ;
#2258 = AXIS2_PLACEMENT_3D ( 'NONE', #1794, #1629, #1457 ) ;
#2259 = DIRECTION ( 'NONE',  ( 0.0000000000000000000, 1.224646799147353207E-16, 1.000000000000000000 ) ) ;
#2260 = ORIENTED_EDGE ( 'NONE', *, *, #1512, .F. ) ;
#2261 =( NAMED_UNIT ( * ) SI_UNIT ( $, .STERADIAN. ) SOLID_ANGLE_UNIT ( ) );
#2262 = CIRCLE ( 'NONE', #1926, 0.2249999999999995060 ) ;
#2263 = EDGE_CURVE ( 'NONE', #456, #13, #944, .T. ) ;
#2264 = CARTESIAN_POINT ( 'NONE',  ( 15.82802820623600226, 82.85404962177391042, -1.049496682139255239E-16 ) ) ;
#2265 = CARTESIAN_POINT ( 'NONE',  ( 16.84372234463879892, 80.70000000000000284, 1.320000000000000062 ) ) ;
#2266 = CARTESIAN_POINT ( 'NONE',  ( 16.07001729354351482, 82.44877253690870589, 0.7670826913083362841 ) ) ;
#2267 = DIRECTION ( 'NONE',  ( 0.0000000000000000000, 0.0000000000000000000, 1.000000000000000000 ) ) ;
#2268 = SURFACE_SIDE_STYLE ('',( #1871 ) ) ;
#2269 = SURFACE_SIDE_STYLE ('',( #1722 ) ) ;
#2270 = VERTEX_POINT ( 'NONE', #1185 ) ;
#2271 = B_SPLINE_CURVE_WITH_KNOTS ( 'NONE', 3,
 ( #1146, #795, #1488, #461, #771, #439, #1825, #252, #2199, #957, #622, #274, #2185, #1847, #95, #806, #941, #1249, #234, #1285, #23, #1637, #741, #223, #1982, #408, #581, #928, #1819, #1090, #52, #1777, #1625, #590 ),
 .UNSPECIFIED., .F., .F.,
 ( 4, 1, 1, 2, 2, 2, 1, 1, 2, 2, 2, 1, 1, 2, 2, 2, 1, 1, 2, 2, 4 ),
 ( 0.0000000000000000000, 0.06249999999999271416, 0.09374999999998906430, 0.1093749999999872463, 0.1249999999999854283, 0.2500000000000197620, 0.3125000000000369149, 0.3437500000000418554, 0.3593750000000412448, 0.3750000000000406342, 0.5000000000000199840, 0.5625000000000096589, 0.5937500000000045519, 0.6093749999999998890, 0.6249999999999953371, 0.7499999999999821254, 0.8124999999999802380, 0.8437499999999736877, 0.8593749999999763522, 0.8749999999999789058, 1.000000000000000000 ),
 .UNSPECIFIED. ) ;
#2272 = ORIENTED_EDGE ( 'NONE', *, *, #1975, .T. ) ;
#2273 = CARTESIAN_POINT ( 'NONE',  ( 14.04396306668767380, 82.85527866486333437, -1.047414279303937130E-16 ) ) ;
#2274 = VERTEX_POINT ( 'NONE', #1009 ) ;
#2275 = EDGE_CURVE ( 'NONE', #479, #1811, #2075, .T. ) ;
#2276 = CARTESIAN_POINT ( 'NONE',  ( 10.44999999999999929, 81.54999999999999716, 0.2250000000000000611 ) ) ;
#2277 = CARTESIAN_POINT ( 'NONE',  ( 15.19999999999999929, 82.00000000000000000, 3.031731290585930107E-47 ) ) ;
#2278 = DIRECTION ( 'NONE',  ( 0.0000000000000000000, 0.0000000000000000000, -1.000000000000000000 ) ) ;
#2279 = ORIENTED_EDGE ( 'NONE', *, *, #1931, .T. ) ;
#2280 = CARTESIAN_POINT ( 'NONE',  ( 15.82802820623600226, 87.85404962177391042, -7.169143131355203085E-16 ) ) ;
ENDSEC;
END-ISO-10303-21;
