ISO-10303-21;
HEADER;
FILE_DESCRIPTION (( 'STEP AP214' ),
    '1' );
FILE_NAME ('VOLTAGE REGULATOR.STEP',
    '2021-11-21T23:09:49',
    ( '' ),
    ( '' ),
    'SwSTEP 2.0',
    'SolidWorks 2021',
    '' );
FILE_SCHEMA (( 'AUTOMOTIVE_DESIGN' ));
ENDSEC;

DATA;
#1 = DIRECTION ( 'NONE',  ( 0.000000000000000000, -1.000000000000000000, 8.716135112138369753E-16 ) ) ;
#2 = STYLED_ITEM ( 'NONE', ( #248 ), #1333 ) ;
#3 = CARTESIAN_POINT ( 'NONE',  ( 11.67000000000000348, 1.700000000000000178, -2.300000000000001599 ) ) ;
#4 = CARTESIAN_POINT ( 'NONE',  ( 28.58000000000000185, 8.599999999999997868, -4.900000000000001243 ) ) ;
#5 = ADVANCED_FACE ( 'NONE', ( #118, #1553, #3479, #1950 ), #3832, .T. ) ;
#6 = ORIENTED_EDGE ( 'NONE', *, *, #2811, .T. ) ;
#7 = FACE_OUTER_BOUND ( 'NONE', #4277, .T. ) ;
#8 = DIRECTION ( 'NONE',  ( -0.000000000000000000, 1.000000000000000000, -1.700709290173340409E-16 ) ) ;
#9 = ORIENTED_EDGE ( 'NONE', *, *, #2230, .F. ) ;
#10 = DIRECTION ( 'NONE',  ( -0.000000000000000000, -0.000000000000000000, 1.000000000000000000 ) ) ;
#11 = DIRECTION ( 'NONE',  ( -0.000000000000000000, -1.000000000000000000, -0.000000000000000000 ) ) ;
#12 = ORIENTED_EDGE ( 'NONE', *, *, #3311, .T. ) ;
#13 = ORIENTED_EDGE ( 'NONE', *, *, #3286, .F. ) ;
#14 = DIRECTION ( 'NONE',  ( 0.000000000000000000, 0.000000000000000000, -1.000000000000000000 ) ) ;
#15 = CIRCLE ( 'NONE', #4363, 1.100000000000000311 ) ;
#16 = ORIENTED_EDGE ( 'NONE', *, *, #2266, .F. ) ;
#17 = LINE ( 'NONE', #3784, #3908 ) ;
#18 = FACE_OUTER_BOUND ( 'NONE', #365, .T. ) ;
#19 = VERTEX_POINT ( 'NONE', #3455 ) ;
#20 = EDGE_CURVE ( 'NONE', #38, #3657, #2247, .T. ) ;
#21 = DIRECTION ( 'NONE',  ( 0.000000000000000000, 1.000000000000000000, 0.000000000000000000 ) ) ;
#22 = CIRCLE ( 'NONE', #3103, 0.4999999999999987232 ) ;
#23 = EDGE_CURVE ( 'NONE', #3890, #1736, #3007, .T. ) ;
#24 = EDGE_CURVE ( 'NONE', #1493, #2534, #4072, .T. ) ;
#25 = VECTOR ( 'NONE', #250, 1000.000000000000000 ) ;
#26 = DIRECTION ( 'NONE',  ( 1.000000000000000000, 0.000000000000000000, -1.379893674072460458E-16 ) ) ;
#27 = CARTESIAN_POINT ( 'NONE',  ( 22.36461538461539078, 10.67692307692307452, -4.900000000000001243 ) ) ;
#28 = ORIENTED_EDGE ( 'NONE', *, *, #4285, .T. ) ;
#29 = LINE ( 'NONE', #1127, #1084 ) ;
#30 = AXIS2_PLACEMENT_3D ( 'NONE', #4109, #337, #4566 ) ;
#31 = CARTESIAN_POINT ( 'NONE',  ( -27.01205080756887611, 10.10000000000000142, -2.750000000000002665 ) ) ;
#32 = ORIENTED_EDGE ( 'NONE', *, *, #958, .F. ) ;
#33 = CARTESIAN_POINT ( 'NONE',  ( -28.58000000000000185, 0.000000000000000000, -10.10000000000000142 ) ) ;
#34 = EDGE_LOOP ( 'NONE', ( #1628, #1472 ) ) ;
#35 = CARTESIAN_POINT ( 'NONE',  ( 0.000000000000000000, 11.60000000000000142, 0.000000000000000000 ) ) ;
#36 = CARTESIAN_POINT ( 'NONE',  ( 1.095000000000002194, 8.000000000000000000, -0.8000000000000012657 ) ) ;
#37 = CIRCLE ( 'NONE', #3844, 1.100000000000000311 ) ;
#38 = VERTEX_POINT ( 'NONE', #2642 ) ;
#39 = DIRECTION ( 'NONE',  ( -1.000000000000000000, -0.000000000000000000, 7.779029040254738753E-17 ) ) ;
#40 = DIRECTION ( 'NONE',  ( 1.379893674072460458E-16, 0.000000000000000000, 1.000000000000000000 ) ) ;
#41 = EDGE_CURVE ( 'NONE', #1827, #4671, #1388, .T. ) ;
#42 = CARTESIAN_POINT ( 'NONE',  ( -28.58099999999999952, 11.50000000000000000, -0.3000000000000007661 ) ) ;
#43 = ORIENTED_EDGE ( 'NONE', *, *, #2022, .T. ) ;
#44 = CARTESIAN_POINT ( 'NONE',  ( 25.97999999999999687, 2.700000000000000178, 4.599999999999996980 ) ) ;
#45 = VECTOR ( 'NONE', #2017, 1000.000000000000000 ) ;
#46 = VECTOR ( 'NONE', #4626, 1000.000000000000000 ) ;
#47 = CARTESIAN_POINT ( 'NONE',  ( 1.670000000000001261, 6.500000000000000000, 7.699999999999998401 ) ) ;
#48 = AXIS2_PLACEMENT_3D ( 'NONE', #400, #1919, #3045 ) ;
#49 = EDGE_CURVE ( 'NONE', #2470, #671, #4517, .T. ) ;
#50 = DIRECTION ( 'NONE',  ( 0.000000000000000000, -1.000000000000000000, -0.000000000000000000 ) ) ;
#51 = CARTESIAN_POINT ( 'NONE',  ( -25.32999999999999829, -2.500000000000000000, -3.849999999999999201 ) ) ;
#52 = DIRECTION ( 'NONE',  ( 0.000000000000000000, -1.000000000000000000, 0.000000000000000000 ) ) ;
#53 = ORIENTED_EDGE ( 'NONE', *, *, #2263, .F. ) ;
#54 = DIRECTION ( 'NONE',  ( 0.5547001962252285923, -0.8320502943378440541, -6.330601661321351539E-17 ) ) ;
#55 = CARTESIAN_POINT ( 'NONE',  ( -27.01205080756887611, 9.600000000000001421, -2.250000000000002665 ) ) ;
#56 = FACE_OUTER_BOUND ( 'NONE', #333, .T. ) ;
#57 = CARTESIAN_POINT ( 'NONE',  ( 27.07999999999999829, 1.600000000000000089, 9.099999999999997868 ) ) ;
#58 = CARTESIAN_POINT ( 'NONE',  ( 12.24500000000000277, 11.50000000000000000, 3.199999999999998845 ) ) ;
#59 = ORIENTED_EDGE ( 'NONE', *, *, #2680, .F. ) ;
#60 = ADVANCED_FACE ( 'NONE', ( #781 ), #1551, .F. ) ;
#61 = DIRECTION ( 'NONE',  ( 1.000000000000000000, 0.000000000000000000, 0.000000000000000000 ) ) ;
#62 = ORIENTED_EDGE ( 'NONE', *, *, #1098, .F. ) ;
#63 = VERTEX_POINT ( 'NONE', #406 ) ;
#64 = DIRECTION ( 'NONE',  ( 0.000000000000000000, 0.000000000000000000, 1.000000000000000000 ) ) ;
#65 = ORIENTED_EDGE ( 'NONE', *, *, #883, .F. ) ;
#66 = FACE_OUTER_BOUND ( 'NONE', #2262, .T. ) ;
#67 = PLANE ( 'NONE',  #273 ) ;
#68 = DIRECTION ( 'NONE',  ( -1.000000000000000000, 0.000000000000000000, 0.000000000000000000 ) ) ;
#69 = ORIENTED_EDGE ( 'NONE', *, *, #2945, .F. ) ;
#70 = CARTESIAN_POINT ( 'NONE',  ( 25.28000000000000469, 10.10000000000000142, 4.349999999999998757 ) ) ;
#71 = LINE ( 'NONE', #1672, #1812 ) ;
#72 = DIRECTION ( 'NONE',  ( 1.000000000000000000, 0.000000000000000000, 0.000000000000000000 ) ) ;
#73 = CARTESIAN_POINT ( 'NONE',  ( 23.48000000000000753, 10.10000000000000142, -0.1500000000000014655 ) ) ;
#74 = VECTOR ( 'NONE', #161, 1000.000000000000000 ) ;
#75 = EDGE_CURVE ( 'NONE', #3061, #2589, #4185, .T. ) ;
#76 = CARTESIAN_POINT ( 'NONE',  ( 23.54794919243112616, 10.10000000000000142, -2.650000000000001688 ) ) ;
#77 = ORIENTED_EDGE ( 'NONE', *, *, #4244, .T. ) ;
#78 = DIRECTION ( 'NONE',  ( 0.000000000000000000, 0.000000000000000000, 1.000000000000000000 ) ) ;
#79 = EDGE_CURVE ( 'NONE', #454, #1227, #382, .T. ) ;
#80 = CIRCLE ( 'NONE', #3324, 1.100000000000000311 ) ;
#81 = EDGE_CURVE ( 'NONE', #3857, #1053, #2029, .T. ) ;
#82 = LINE ( 'NONE', #1619, #1559 ) ;
#83 = DIRECTION ( 'NONE',  ( -1.000000000000000000, -0.000000000000000000, -0.000000000000000000 ) ) ;
#84 = CARTESIAN_POINT ( 'NONE',  ( 15.78000000000001357, 1.700000000000000178, -9.350000000000001421 ) ) ;
#85 = CARTESIAN_POINT ( 'NONE',  ( 17.07999999999999829, 1.600000000000000089, 7.599999999999996980 ) ) ;
#86 = ORIENTED_EDGE ( 'NONE', *, *, #1420, .F. ) ;
#87 = DIRECTION ( 'NONE',  ( 0.000000000000000000, 1.000000000000000000, -0.000000000000000000 ) ) ;
#88 = VERTEX_POINT ( 'NONE', #814 ) ;
#89 = VERTEX_POINT ( 'NONE', #2278 ) ;
#90 = LINE ( 'NONE', #2441, #456 ) ;
#91 = VERTEX_POINT ( 'NONE', #1932 ) ;
#92 = PLANE ( 'NONE',  #2186 ) ;
#93 = CARTESIAN_POINT ( 'NONE',  ( 1.095000000000002194, 8.000000000000000000, -0.8000000000000053735 ) ) ;
#94 = DIRECTION ( 'NONE',  ( -0.000000000000000000, 1.000000000000000000, -0.000000000000000000 ) ) ;
#95 = ORIENTED_EDGE ( 'NONE', *, *, #2429, .F. ) ;
#96 = MECHANICAL_DESIGN_GEOMETRIC_PRESENTATION_REPRESENTATION (  '', ( #967 ), #1917 ) ;
#97 = CARTESIAN_POINT ( 'NONE',  ( 12.24500000000000277, 8.000000000000000000, 1.699999999999998401 ) ) ;
#98 = VECTOR ( 'NONE', #2245, 1000.000000000000114 ) ;
#99 = DIRECTION ( 'NONE',  ( 1.000000000000000000, 0.000000000000000000, 0.000000000000000000 ) ) ;
#100 = STYLED_ITEM ( 'NONE', ( #794 ), #3062 ) ;
#101 = DIRECTION ( 'NONE',  ( -0.000000000000000000, 1.000000000000000000, -0.000000000000000000 ) ) ;
#102 = EDGE_CURVE ( 'NONE', #1073, #3279, #125, .T. ) ;
#103 = FACE_OUTER_BOUND ( 'NONE', #2093, .T. ) ;
#104 = VECTOR ( 'NONE', #320, 1000.000000000000000 ) ;
#105 = DIRECTION ( 'NONE',  ( 0.000000000000000000, 0.000000000000000000, 1.000000000000000000 ) ) ;
#106 = VERTEX_POINT ( 'NONE', #1561 ) ;
#107 = CARTESIAN_POINT ( 'NONE',  ( 1.095000000000002194, 11.50000000000000000, -0.3000000000000007661 ) ) ;
#108 = AXIS2_PLACEMENT_3D ( 'NONE', #3712, #2918, #2550 ) ;
#109 = EDGE_CURVE ( 'NONE', #2877, #563, #1981, .T. ) ;
#110 = DIRECTION ( 'NONE',  ( 0.3162277660168380522, -0.9486832980505137680, 0.000000000000000000 ) ) ;
#111 = CARTESIAN_POINT ( 'NONE',  ( 1.095000000000002194, 11.50000000000000000, 3.699999999999999289 ) ) ;
#112 = ADVANCED_FACE ( 'NONE', ( #1165 ), #415, .F. ) ;
#113 = DIRECTION ( 'NONE',  ( 0.000000000000000000, 1.000000000000000000, 0.000000000000000000 ) ) ;
#114 = EDGE_CURVE ( 'NONE', #4841, #19, #4524, .T. ) ;
#115 = ORIENTED_EDGE ( 'NONE', *, *, #2548, .T. ) ;
#116 = DIRECTION ( 'NONE',  ( 0.000000000000000000, 1.000000000000000000, -0.000000000000000000 ) ) ;
#117 = VERTEX_POINT ( 'NONE', #2352 ) ;
#118 = FACE_BOUND ( 'NONE', #4152, .T. ) ;
#119 = VECTOR ( 'NONE', #2665, 1000.000000000000000 ) ;
#120 =( NAMED_UNIT ( * ) SI_UNIT ( $, .STERADIAN. ) SOLID_ANGLE_UNIT ( ) );
#121 = VERTEX_POINT ( 'NONE', #1511 ) ;
#122 = CARTESIAN_POINT ( 'NONE',  ( 25.97999999999999687, 7.799999999999999822, 4.599999999999997868 ) ) ;
#123 = FACE_OUTER_BOUND ( 'NONE', #223, .T. ) ;
#124 = ORIENTED_EDGE ( 'NONE', *, *, #3140, .F. ) ;
#125 = CIRCLE ( 'NONE', #522, 1.750000000000001332 ) ;
#126 = DIRECTION ( 'NONE',  ( -0.000000000000000000, 1.000000000000000000, -0.000000000000000000 ) ) ;
#127 = DIRECTION ( 'NONE',  ( 0.000000000000000000, -0.000000000000000000, 1.000000000000000000 ) ) ;
#128 = CARTESIAN_POINT ( 'NONE',  ( -20.98000000000000043, 1.700000000000000178, -5.000000000000002665 ) ) ;
#129 = VECTOR ( 'NONE', #2092, 1000.000000000000000 ) ;
#130 = EDGE_CURVE ( 'NONE', #3929, #1435, #3486, .T. ) ;
#131 = ADVANCED_FACE ( 'NONE', ( #494 ), #442, .F. ) ;
#132 = CARTESIAN_POINT ( 'NONE',  ( -28.58099999999999952, 8.000000000000000000, 5.199999999999999289 ) ) ;
#133 = VECTOR ( 'NONE', #4394, 1000.000000000000000 ) ;
#134 = DIRECTION ( 'NONE',  ( -0.000000000000000000, -1.000000000000000000, -0.000000000000000000 ) ) ;
#135 = EDGE_LOOP ( 'NONE', ( #1129, #4746, #4833, #4878 ) ) ;
#136 = CYLINDRICAL_SURFACE ( 'NONE', #2001, 3.999999999999999112 ) ;
#137 = VECTOR ( 'NONE', #2662, 1000.000000000000000 ) ;
#138 = DIRECTION ( 'NONE',  ( 0.000000000000000000, 0.000000000000000000, 1.000000000000000000 ) ) ;
#139 = DIRECTION ( 'NONE',  ( -0.000000000000000000, -1.000000000000000000, -0.000000000000000000 ) ) ;
#140 = CARTESIAN_POINT ( 'NONE',  ( -28.58000000000000185, 1.600000000000000089, 10.09999999999999787 ) ) ;
#141 = CIRCLE ( 'NONE', #1239, 1.750000000000001332 ) ;
#142 = EDGE_LOOP ( 'NONE', ( #32, #848, #607 ) ) ;
#143 = LINE ( 'NONE', #3156, #4249 ) ;
#144 = VERTEX_POINT ( 'NONE', #3785 ) ;
#145 = ORIENTED_EDGE ( 'NONE', *, *, #3365, .F. ) ;
#146 = EDGE_CURVE ( 'NONE', #724, #4187, #2650, .T. ) ;
#147 = EDGE_CURVE ( 'NONE', #521, #1817, #3434, .T. ) ;
#148 = ORIENTED_EDGE ( 'NONE', *, *, #980, .F. ) ;
#149 = CARTESIAN_POINT ( 'NONE',  ( 12.24500000000000277, 8.000000000000000000, -0.8000000000000012657 ) ) ;
#150 = CARTESIAN_POINT ( 'NONE',  ( -2.929999999999999272, 13.12999999999999901, 9.299999999999997158 ) ) ;
#151 = ADVANCED_FACE ( 'NONE', ( #1233 ), #1909, .F. ) ;
#152 = ORIENTED_EDGE ( 'NONE', *, *, #3348, .F. ) ;
#153 = PLANE ( 'NONE',  #4048 ) ;
#154 = DIRECTION ( 'NONE',  ( 0.000000000000000000, 1.000000000000000000, 0.000000000000000000 ) ) ;
#155 = AXIS2_PLACEMENT_3D ( 'NONE', #4398, #101, #501 ) ;
#156 = LINE ( 'NONE', #452, #2581 ) ;
#157 = CARTESIAN_POINT ( 'NONE',  ( -28.58099999999999952, 11.50000000000000000, 5.199999999999999289 ) ) ;
#158 = ORIENTED_EDGE ( 'NONE', *, *, #1666, .T. ) ;
#159 = LINE ( 'NONE', #3594, #3098 ) ;
#160 = FACE_OUTER_BOUND ( 'NONE', #2507, .T. ) ;
#161 = DIRECTION ( 'NONE',  ( 1.379893674072460458E-16, 0.000000000000000000, 1.000000000000000000 ) ) ;
#162 = EDGE_CURVE ( 'NONE', #2074, #3847, #3408, .T. ) ;
#163 = FACE_BOUND ( 'NONE', #34, .T. ) ;
#164 = AXIS2_PLACEMENT_3D ( 'NONE', #3171, #134, #1991 ) ;
#165 = VERTEX_POINT ( 'NONE', #862 ) ;
#166 = DIRECTION ( 'NONE',  ( -0.000000000000000000, -1.000000000000000000, -0.000000000000000000 ) ) ;
#167 = ORIENTED_EDGE ( 'NONE', *, *, #1338, .T. ) ;
#168 = MECHANICAL_DESIGN_GEOMETRIC_PRESENTATION_REPRESENTATION (  '', ( #4278 ), #3565 ) ;
#169 = ORIENTED_EDGE ( 'NONE', *, *, #1836, .F. ) ;
#170 = DIRECTION ( 'NONE',  ( -1.000000000000000000, 0.000000000000000000, 0.000000000000000000 ) ) ;
#171 = CARTESIAN_POINT ( 'NONE',  ( -27.07999999999999829, 1.600000000000000089, -8.099999999999999645 ) ) ;
#172 = ORIENTED_EDGE ( 'NONE', *, *, #1486, .F. ) ;
#173 = VERTEX_POINT ( 'NONE', #2376 ) ;
#174 = CARTESIAN_POINT ( 'NONE',  ( 25.28000000000000469, 11.60000000000000142, 0.8499999999999985345 ) ) ;
#175 = CARTESIAN_POINT ( 'NONE',  ( -2.929999999999999272, 11.79999999999999893, 8.199999999999997513 ) ) ;
#176 = ADVANCED_FACE ( 'NONE', ( #18 ), #2303, .F. ) ;
#177 =( LENGTH_UNIT ( ) NAMED_UNIT ( * ) SI_UNIT ( .MILLI., .METRE. ) );
#178 = EDGE_CURVE ( 'NONE', #117, #2158, #3462, .T. ) ;
#179 = EDGE_CURVE ( 'NONE', #2915, #694, #2748, .T. ) ;
#180 = CARTESIAN_POINT ( 'NONE',  ( -23.48000000000000043, 11.60000000000000142, 0.2500000000000000000 ) ) ;
#181 = VECTOR ( 'NONE', #3095, 1000.000000000000000 ) ;
#182 = ORIENTED_EDGE ( 'NONE', *, *, #1871, .F. ) ;
#183 = CARTESIAN_POINT ( 'NONE',  ( 15.78000000000001357, 12.30000000000000071, -5.350000000000001421 ) ) ;
#184 = VECTOR ( 'NONE', #4164, 1000.000000000000000 ) ;
#185 = DIRECTION ( 'NONE',  ( 0.000000000000000000, 0.000000000000000000, -1.000000000000000000 ) ) ;
#186 = CARTESIAN_POINT ( 'NONE',  ( -28.58000000000000185, 0.000000000000000000, 10.09999999999999787 ) ) ;
#187 = DIRECTION ( 'NONE',  ( 1.379893674072460458E-16, -0.000000000000000000, 1.000000000000000000 ) ) ;
#188 = VECTOR ( 'NONE', #4204, 1000.000000000000000 ) ;
#189 = EDGE_LOOP ( 'NONE', ( #1328, #3577, #2712, #2738 ) ) ;
#190 = FACE_OUTER_BOUND ( 'NONE', #4673, .T. ) ;
#191 = ORIENTED_EDGE ( 'NONE', *, *, #1321, .T. ) ;
#192 = SURFACE_STYLE_FILL_AREA ( #3557 ) ;
#193 = ORIENTED_EDGE ( 'NONE', *, *, #4564, .T. ) ;
#194 = DIRECTION ( 'NONE',  ( 0.000000000000000000, 0.000000000000000000, -1.000000000000000000 ) ) ;
#195 = CARTESIAN_POINT ( 'NONE',  ( 15.78000000000001357, 12.30000000000000071, -5.350000000000001421 ) ) ;
#196 = VERTEX_POINT ( 'NONE', #4599 ) ;
#197 = ORIENTED_EDGE ( 'NONE', *, *, #2266, .T. ) ;
#198 = AXIS2_PLACEMENT_3D ( 'NONE', #2255, #472, #1986 ) ;
#199 = DIRECTION ( 'NONE',  ( -3.419619929664837581E-32, -1.000000000000000000, -2.478176394252582127E-16 ) ) ;
#200 = EDGE_CURVE ( 'NONE', #3241, #2999, #4262, .T. ) ;
#201 = LINE ( 'NONE', #3218, #1531 ) ;
#202 = PRODUCT_CONTEXT ( 'NONE', #1984, 'mechanical' ) ;
#203 = CLOSED_SHELL ( 'NONE', ( #2229, #3979, #4644, #4322, #602, #4810, #1763, #3104, #2410, #1406, #1058, #3397, #2718, #4288, #176, #2200, #2626, #1402, #2374, #4361, #1499, #4903, #2326, #1439, #227, #3691 ) ) ;
#204 = CARTESIAN_POINT ( 'NONE',  ( 0.000000000000000000, 9.199999999999999289, 0.000000000000000000 ) ) ;
#205 = VECTOR ( 'NONE', #4104, 1000.000000000000000 ) ;
#206 = ORIENTED_EDGE ( 'NONE', *, *, #3797, .F. ) ;
#207 = LINE ( 'NONE', #1269, #810 ) ;
#208 = EDGE_CURVE ( 'NONE', #3196, #2907, #2446, .T. ) ;
#209 = DIRECTION ( 'NONE',  ( 1.008560160451632221E-16, 0.000000000000000000, 1.000000000000000000 ) ) ;
#210 = LINE ( 'NONE', #1718, #2766 ) ;
#211 = DIRECTION ( 'NONE',  ( 0.000000000000000000, -0.000000000000000000, -1.000000000000000000 ) ) ;
#212 = AXIS2_PLACEMENT_3D ( 'NONE', #132, #50, #3491 ) ;
#213 = AXIS2_PLACEMENT_3D ( 'NONE', #3483, #4329, #4305 ) ;
#214 = ORIENTED_EDGE ( 'NONE', *, *, #4843, .F. ) ;
#215 = ORIENTED_EDGE ( 'NONE', *, *, #3036, .T. ) ;
#216 = DIRECTION ( 'NONE',  ( -0.000000000000000000, 1.000000000000000000, -0.000000000000000000 ) ) ;
#217 = LINE ( 'NONE', #4828, #4408 ) ;
#218 = EDGE_CURVE ( 'NONE', #1702, #733, #1433, .T. ) ;
#219 = ORIENTED_EDGE ( 'NONE', *, *, #4303, .F. ) ;
#220 = LINE ( 'NONE', #294, #3716 ) ;
#221 = FACE_BOUND ( 'NONE', #4726, .T. ) ;
#222 = ORIENTED_EDGE ( 'NONE', *, *, #147, .F. ) ;
#223 = EDGE_LOOP ( 'NONE', ( #2408, #439, #214, #4156, #2989, #3584, #3454, #1488 ) ) ;
#224 = DIRECTION ( 'NONE',  ( 1.000000000000000000, 0.000000000000000000, 0.000000000000000000 ) ) ;
#225 = VERTEX_POINT ( 'NONE', #2936 ) ;
#226 = DIRECTION ( 'NONE',  ( -1.000000000000000000, -0.000000000000000000, 7.779029040254738753E-17 ) ) ;
#227 = ADVANCED_FACE ( 'NONE', ( #1089 ), #4497, .F. ) ;
#228 = CARTESIAN_POINT ( 'NONE',  ( -11.47999999999999865, 9.199999999999999289, 3.399999999999996803 ) ) ;
#229 = ORIENTED_EDGE ( 'NONE', *, *, #1768, .F. ) ;
#230 = LINE ( 'NONE', #4315, #3258 ) ;
#231 = CARTESIAN_POINT ( 'NONE',  ( -28.58000000000000185, 1.600000000000000089, -10.10000000000000142 ) ) ;
#232 = CARTESIAN_POINT ( 'NONE',  ( 12.24500000000000277, 11.50000000000000000, 7.199999999999999289 ) ) ;
#233 = PLANE ( 'NONE',  #681 ) ;
#234 = VECTOR ( 'NONE', #3839, 1000.000000000000000 ) ;
#235 = ORIENTED_EDGE ( 'NONE', *, *, #2359, .T. ) ;
#236 = CARTESIAN_POINT ( 'NONE',  ( 23.54794919243112616, 10.10000000000000142, -2.150000000000001688 ) ) ;
#237 = ORIENTED_EDGE ( 'NONE', *, *, #1506, .F. ) ;
#238 = LINE ( 'NONE', #289, #4399 ) ;
#239 = DIRECTION ( 'NONE',  ( -0.000000000000000000, -1.000000000000000000, -0.000000000000000000 ) ) ;
#240 = VECTOR ( 'NONE', #285, 1000.000000000000000 ) ;
#241 = CARTESIAN_POINT ( 'NONE',  ( -28.58099999999999952, 8.000000000000000000, 5.699999999999998401 ) ) ;
#242 = EDGE_CURVE ( 'NONE', #436, #1770, #3633, .T. ) ;
#243 = ORIENTED_EDGE ( 'NONE', *, *, #1171, .F. ) ;
#244 = CARTESIAN_POINT ( 'NONE',  ( 11.67000000000000348, 6.500000000000000000, 7.699999999999998401 ) ) ;
#245 = LINE ( 'NONE', #4804, #104 ) ;
#246 = EDGE_LOOP ( 'NONE', ( #2622, #2447, #2860, #2666, #1978, #3708, #1703, #3137 ) ) ;
#247 = ORIENTED_EDGE ( 'NONE', *, *, #995, .T. ) ;
#248 = PRESENTATION_STYLE_ASSIGNMENT (( #4429 ) ) ;
#249 = ORIENTED_EDGE ( 'NONE', *, *, #200, .T. ) ;
#250 = DIRECTION ( 'NONE',  ( -0.000000000000000000, 1.000000000000000000, -0.000000000000000000 ) ) ;
#251 = LINE ( 'NONE', #941, #2924 ) ;
#252 = SURFACE_SIDE_STYLE ('',( #3715 ) ) ;
#253 = ORIENTED_EDGE ( 'NONE', *, *, #23, .T. ) ;
#254 = CARTESIAN_POINT ( 'NONE',  ( -2.929999999999999272, 11.79999999999999893, 8.199999999999997513 ) ) ;
#256 = CARTESIAN_POINT ( 'NONE',  ( 1.670000000000000151, 6.500000000000000000, -2.300000000000001599 ) ) ;
#255 = MECHANICAL_DESIGN_GEOMETRIC_PRESENTATION_REPRESENTATION (  '', ( #2706 ), #338 ) ;
#257 = CARTESIAN_POINT ( 'NONE',  ( -27.58000000000000185, 11.60000000000000142, 0.000000000000000000 ) ) ;
#258 = EDGE_LOOP ( 'NONE', ( #1157, #3886, #505, #1725 ) ) ;
#259 = CARTESIAN_POINT ( 'NONE',  ( -2.349313824919480265, 12.62999999999999901, 7.265760434326204553 ) ) ;
#260 = VERTEX_POINT ( 'NONE', #4449 ) ;
#261 = ADVANCED_FACE ( 'NONE', ( #4806 ), #2521, .F. ) ;
#262 = CARTESIAN_POINT ( 'NONE',  ( -11.47999999999999865, 1.700000000000000178, 3.399999999999996803 ) ) ;
#263 = AXIS2_PLACEMENT_3D ( 'NONE', #1988, #154, #499 ) ;
#264 = CARTESIAN_POINT ( 'NONE',  ( 23.54794919243112616, 9.600000000000001421, 2.850000000000000089 ) ) ;
#265 = CYLINDRICAL_SURFACE ( 'NONE', #1618, 1.750000000000000000 ) ;
#266 = AXIS2_PLACEMENT_3D ( 'NONE', #4907, #2993, #2625 ) ;
#267 = EDGE_CURVE ( 'NONE', #2349, #4783, #692, .T. ) ;
#268 = ORIENTED_EDGE ( 'NONE', *, *, #1888, .F. ) ;
#269 = CYLINDRICAL_SURFACE ( 'NONE', #718, 1.500000000000001332 ) ;
#270 = CARTESIAN_POINT ( 'NONE',  ( -28.58099999999999952, 8.000000000000000000, 7.199999999999999289 ) ) ;
#271 = DIRECTION ( 'NONE',  ( 0.000000000000000000, 2.478176394252582127E-16, -1.000000000000000000 ) ) ;
#272 = ORIENTED_EDGE ( 'NONE', *, *, #1301, .F. ) ;
#273 = AXIS2_PLACEMENT_3D ( 'NONE', #1560, #1208, #4141 ) ;
#274 = ORIENTED_EDGE ( 'NONE', *, *, #1502, .T. ) ;
#275 = CARTESIAN_POINT ( 'NONE',  ( -27.07999999999999829, 1.600000000000000089, -8.599999999999997868 ) ) ;
#276 = ORIENTED_EDGE ( 'NONE', *, *, #4285, .F. ) ;
#277 = FACE_OUTER_BOUND ( 'NONE', #644, .T. ) ;
#278 = AXIS2_PLACEMENT_3D ( 'NONE', #2104, #4632, #2824 ) ;
#279 = CIRCLE ( 'NONE', #4310, 1.750000000000000000 ) ;
#280 = DIRECTION ( 'NONE',  ( -0.000000000000000000, 1.000000000000000000, -0.000000000000000000 ) ) ;
#281 = EDGE_CURVE ( 'NONE', #1504, #2080, #1853, .T. ) ;
#282 = DIRECTION ( 'NONE',  ( 0.000000000000000000, 1.000000000000000000, -0.000000000000000000 ) ) ;
#283 = VERTEX_POINT ( 'NONE', #1450 ) ;
#284 = DIRECTION ( 'NONE',  ( -1.000000000000000000, 0.000000000000000000, 1.008560160451632221E-16 ) ) ;
#285 = DIRECTION ( 'NONE',  ( -0.000000000000000000, -0.000000000000000000, -1.000000000000000000 ) ) ;
#286 = CARTESIAN_POINT ( 'NONE',  ( 28.57999999999999829, 11.60000000000000142, 5.099999999999998757 ) ) ;
#287 = ORIENTED_EDGE ( 'NONE', *, *, #2894, .T. ) ;
#288 = ORIENTED_EDGE ( 'NONE', *, *, #1861, .F. ) ;
#289 = CARTESIAN_POINT ( 'NONE',  ( -25.98000000000000398, 7.799999999999999822, -4.500000000000002665 ) ) ;
#290 = DIRECTION ( 'NONE',  ( 0.000000000000000000, 0.000000000000000000, -1.000000000000000000 ) ) ;
#291 = VECTOR ( 'NONE', #2342, 1000.000000000000000 ) ;
#292 = DIRECTION ( 'NONE',  ( 1.000000000000000000, 0.000000000000000000, 0.000000000000000000 ) ) ;
#293 = EDGE_LOOP ( 'NONE', ( #12, #4229, #2088, #3580 ) ) ;
#294 = CARTESIAN_POINT ( 'NONE',  ( 12.24500000000000277, 11.50000000000000000, 8.199999999999999289 ) ) ;
#295 = FACE_OUTER_BOUND ( 'NONE', #1535, .T. ) ;
#296 = VECTOR ( 'NONE', #1567, 1000.000000000000000 ) ;
#297 = EDGE_CURVE ( 'NONE', #4705, #2171, #2946, .T. ) ;
#298 = VECTOR ( 'NONE', #3876, 1000.000000000000000 ) ;
#299 = ORIENTED_EDGE ( 'NONE', *, *, #2743, .T. ) ;
#300 = ORIENTED_EDGE ( 'NONE', *, *, #2894, .F. ) ;
#301 = EDGE_CURVE ( 'NONE', #2937, #4621, #4396, .T. ) ;
#302 = PLANE ( 'NONE',  #4562 ) ;
#303 = VERTEX_POINT ( 'NONE', #981 ) ;
#304 = EDGE_CURVE ( 'NONE', #2370, #1302, #3703, .T. ) ;
#305 = VECTOR ( 'NONE', #2790, 1000.000000000000000 ) ;
#306 = DIRECTION ( 'NONE',  ( 0.7071067811865457964, 0.000000000000000000, -0.7071067811865492381 ) ) ;
#307 = PLANE ( 'NONE',  #557 ) ;
#308 = SURFACE_STYLE_FILL_AREA ( #329 ) ;
#309 = ORIENTED_EDGE ( 'NONE', *, *, #3014, .T. ) ;
#310 = DIRECTION ( 'NONE',  ( -1.379893674072460458E-16, 0.000000000000000000, -1.000000000000000000 ) ) ;
#311 = PLANE ( 'NONE',  #1307 ) ;
#312 = ORIENTED_EDGE ( 'NONE', *, *, #512, .T. ) ;
#313 = ORIENTED_EDGE ( 'NONE', *, *, #4179, .T. ) ;
#314 = CARTESIAN_POINT ( 'NONE',  ( 23.54794919243112616, 9.600000000000001421, -2.650000000000001688 ) ) ;
#315 = EDGE_CURVE ( 'NONE', #3835, #1016, #2119, .T. ) ;
#316 = VECTOR ( 'NONE', #239, 1000.000000000000000 ) ;
#317 = DIRECTION ( 'NONE',  ( 1.000000000000000000, -0.000000000000000000, -0.000000000000000000 ) ) ;
#318 = EDGE_CURVE ( 'NONE', #1959, #3114, #4033, .T. ) ;
#319 = CARTESIAN_POINT ( 'NONE',  ( -11.48000000000000043, 9.199999999999999289, -8.800000000000002487 ) ) ;
#320 = DIRECTION ( 'NONE',  ( -0.000000000000000000, -1.000000000000000000, -0.000000000000000000 ) ) ;
#321 = VERTEX_POINT ( 'NONE', #4372 ) ;
#322 = ADVANCED_FACE ( 'NONE', ( #2591 ), #1057, .T. ) ;
#323 = ORIENTED_EDGE ( 'NONE', *, *, #4685, .T. ) ;
#324 =( LENGTH_UNIT ( ) NAMED_UNIT ( * ) SI_UNIT ( .MILLI., .METRE. ) );
#325 = ORIENTED_EDGE ( 'NONE', *, *, #3637, .F. ) ;
#326 = LINE ( 'NONE', #4076, #348 ) ;
#327 = AXIS2_PLACEMENT_3D ( 'NONE', #4065, #3984, #194 ) ;
#328 = EDGE_CURVE ( 'NONE', #910, #3079, #1474, .T. ) ;
#329 = FILL_AREA_STYLE ('',( #2922 ) ) ;
#330 = DIRECTION ( 'NONE',  ( 0.000000000000000000, 0.000000000000000000, -1.000000000000000000 ) ) ;
#331 = CARTESIAN_POINT ( 'NONE',  ( 12.24500000000000277, 11.50000000000000000, 8.199999999999999289 ) ) ;
#332 = ORIENTED_EDGE ( 'NONE', *, *, #318, .T. ) ;
#333 = EDGE_LOOP ( 'NONE', ( #3058, #3384, #3347, #4487 ) ) ;
#334 = DIRECTION ( 'NONE',  ( -0.000000000000000000, 1.000000000000000000, -1.700709290173340409E-16 ) ) ;
#335 = DIRECTION ( 'NONE',  ( 0.000000000000000000, 0.000000000000000000, -1.000000000000000000 ) ) ;
#336 = CIRCLE ( 'NONE', #4603, 1.750000000000000000 ) ;
#337 = DIRECTION ( 'NONE',  ( 0.000000000000000000, 0.000000000000000000, -1.000000000000000000 ) ) ;
#338 =( GEOMETRIC_REPRESENTATION_CONTEXT ( 3 ) GLOBAL_UNCERTAINTY_ASSIGNED_CONTEXT ( ( #1512 ) ) GLOBAL_UNIT_ASSIGNED_CONTEXT ( ( #4023, #1832, #2157 ) ) REPRESENTATION_CONTEXT ( 'NONE', 'WORKASPACE' ) );
#339 = FACE_OUTER_BOUND ( 'NONE', #2923, .T. ) ;
#340 = ORIENTED_EDGE ( 'NONE', *, *, #81, .F. ) ;
#341 = FACE_OUTER_BOUND ( 'NONE', #4378, .T. ) ;
#342 = VERTEX_POINT ( 'NONE', #2489 ) ;
#343 = EDGE_CURVE ( 'NONE', #3600, #283, #3628, .T. ) ;
#344 = ORIENTED_EDGE ( 'NONE', *, *, #4886, .T. ) ;
#345 = VECTOR ( 'NONE', #2520, 1000.000000000000000 ) ;
#346 = DIRECTION ( 'NONE',  ( 0.000000000000000000, 1.000000000000000000, 0.000000000000000000 ) ) ;
#347 = ORIENTED_EDGE ( 'NONE', *, *, #385, .T. ) ;
#348 = VECTOR ( 'NONE', #226, 1000.000000000000000 ) ;
#349 = FACE_OUTER_BOUND ( 'NONE', #2394, .T. ) ;
#350 = VECTOR ( 'NONE', #2636, 1000.000000000000000 ) ;
#351 = CARTESIAN_POINT ( 'NONE',  ( 23.48000000000000753, 10.10000000000000142, 0.3499999999999985345 ) ) ;
#352 = EDGE_LOOP ( 'NONE', ( #1544, #3043 ) ) ;
#353 = EDGE_CURVE ( 'NONE', #3279, #3857, #2142, .T. ) ;
#354 = ORIENTED_EDGE ( 'NONE', *, *, #1681, .T. ) ;
#355 = VECTOR ( 'NONE', #470, 1000.000000000000000 ) ;
#356 = DIRECTION ( 'NONE',  ( -0.000000000000000000, 1.239088197126290275E-15, 1.000000000000000000 ) ) ;
#357 = DIRECTION ( 'NONE',  ( 0.000000000000000000, 0.000000000000000000, 1.000000000000000000 ) ) ;
#358 = VERTEX_POINT ( 'NONE', #2539 ) ;
#359 = DIRECTION ( 'NONE',  ( 0.000000000000000000, -1.000000000000000000, -0.000000000000000000 ) ) ;
#360 = AXIS2_PLACEMENT_3D ( 'NONE', #891, #2407, #4583 ) ;
#361 = ORIENTED_EDGE ( 'NONE', *, *, #468, .T. ) ;
#362 = DIRECTION ( 'NONE',  ( 0.000000000000000000, 1.000000000000000000, 0.000000000000000000 ) ) ;
#363 = CARTESIAN_POINT ( 'NONE',  ( -25.28000000000000114, 11.60000000000000142, -0.7500000000000026645 ) ) ;
#364 = EDGE_LOOP ( 'NONE', ( #4762, #124, #4510, #249 ) ) ;
#365 = EDGE_LOOP ( 'NONE', ( #4068, #575, #2344, #1764 ) ) ;
#366 = CYLINDRICAL_SURFACE ( 'NONE', #1720, 1.100000000000000311 ) ;
#367 = ORIENTED_EDGE ( 'NONE', *, *, #1349, .F. ) ;
#368 = PRESENTATION_LAYER_ASSIGNMENT (  '', '', ( #4639 ) ) ;
#369 = CIRCLE ( 'NONE', #3134, 0.4999999999999987232 ) ;
#370 = CARTESIAN_POINT ( 'NONE',  ( 0.000000000000000000, 1.700000000000000178, 0.000000000000000000 ) ) ;
#371 = EDGE_CURVE ( 'NONE', #4715, #4875, #4451, .T. ) ;
#372 = DIRECTION ( 'NONE',  ( -0.000000000000000000, -0.000000000000000000, -1.000000000000000000 ) ) ;
#373 = EDGE_CURVE ( 'NONE', #2036, #563, #1447, .T. ) ;
#374 = CARTESIAN_POINT ( 'NONE',  ( -28.58000000000000185, 7.799999999999999822, 0.2999999999999973244 ) ) ;
#375 = EDGE_LOOP ( 'NONE', ( #907, #2369, #2220, #367 ) ) ;
#376 = CARTESIAN_POINT ( 'NONE',  ( -1.830000000000000071, 1.700000000000000178, 4.999999999999998224 ) ) ;
#377 = CARTESIAN_POINT ( 'NONE',  ( 25.32999999999999829, 0.000000000000000000, -3.849999999999999201 ) ) ;
#378 = ORIENTED_EDGE ( 'NONE', *, *, #1785, .T. ) ;
#379 = CARTESIAN_POINT ( 'NONE',  ( -28.58099999999999952, 11.50000000000000000, 5.199999999999999289 ) ) ;
#380 = LINE ( 'NONE', #3051, #503 ) ;
#381 = EDGE_CURVE ( 'NONE', #3973, #1306, #2084, .T. ) ;
#382 = LINE ( 'NONE', #1925, #4166 ) ;
#383 = ORIENTED_EDGE ( 'NONE', *, *, #2356, .F. ) ;
#384 = ORIENTED_EDGE ( 'NONE', *, *, #3722, .F. ) ;
#385 = EDGE_CURVE ( 'NONE', #1179, #1802, #1820, .T. ) ;
#386 = CARTESIAN_POINT ( 'NONE',  ( -25.28000000000000114, 10.10000000000000142, 0.7500000000000026645 ) ) ;
#387 = ORIENTED_EDGE ( 'NONE', *, *, #4839, .F. ) ;
#388 = DIRECTION ( 'NONE',  ( 1.000000000000000000, 0.000000000000000000, 0.000000000000000000 ) ) ;
#389 = CARTESIAN_POINT ( 'NONE',  ( -11.33000000000000007, 11.70000000000000107, 4.999999999999997335 ) ) ;
#390 = ORIENTED_EDGE ( 'NONE', *, *, #49, .F. ) ;
#391 = DIRECTION ( 'NONE',  ( 0.000000000000000000, -0.000000000000000000, -1.000000000000000000 ) ) ;
#392 = DIRECTION ( 'NONE',  ( 0.000000000000000000, 0.000000000000000000, 1.000000000000000000 ) ) ;
#393 = AXIS2_PLACEMENT_3D ( 'NONE', #2478, #2432, #4740 ) ;
#394 = CARTESIAN_POINT ( 'NONE',  ( 12.24500000000000277, 11.50000000000000000, 1.699999999999999289 ) ) ;
#395 = MECHANICAL_DESIGN_GEOMETRIC_PRESENTATION_REPRESENTATION (  '', ( #2 ), #4674 ) ;
#396 = DIRECTION ( 'NONE',  ( -0.000000000000000000, 0.000000000000000000, 1.000000000000000000 ) ) ;
#397 = DIRECTION ( 'NONE',  ( 0.000000000000000000, 1.000000000000000000, 0.000000000000000000 ) ) ;
#398 = LINE ( 'NONE', #2682, #598 ) ;
#399 = ORIENTED_EDGE ( 'NONE', *, *, #1142, .F. ) ;
#400 = CARTESIAN_POINT ( 'NONE',  ( 25.32999999999999829, -2.500000000000000000, -2.599999999999998312 ) ) ;
#401 = LINE ( 'NONE', #3421, #674 ) ;
#402 = EDGE_CURVE ( 'NONE', #2937, #2059, #424, .T. ) ;
#403 = ORIENTED_EDGE ( 'NONE', *, *, #1973, .T. ) ;
#404 = CARTESIAN_POINT ( 'NONE',  ( 11.67000000000000348, 6.500000000000000000, -2.300000000000001599 ) ) ;
#405 = CARTESIAN_POINT ( 'NONE',  ( 23.54794919243112616, 9.600000000000001421, 2.349999999999998757 ) ) ;
#406 = CARTESIAN_POINT ( 'NONE',  ( 23.48000000000000753, 10.10000000000000142, -0.1500000000000014655 ) ) ;
#407 = EDGE_LOOP ( 'NONE', ( #1255, #466, #2031, #399 ) ) ;
#408 = VERTEX_POINT ( 'NONE', #51 ) ;
#409 = CARTESIAN_POINT ( 'NONE',  ( -25.32999999999999829, -2.500000000000000000, -1.349999999999996980 ) ) ;
#410 = CIRCLE ( 'NONE', #2231, 1.100000000000000311 ) ;
#411 = EDGE_LOOP ( 'NONE', ( #1354, #464, #4183, #2977 ) ) ;
#412 = LINE ( 'NONE', #405, #965 ) ;
#413 = DIRECTION ( 'NONE',  ( 1.000000000000000000, -0.000000000000000000, -0.000000000000000000 ) ) ;
#414 = AXIS2_PLACEMENT_3D ( 'NONE', #3676, #2168, #290 ) ;
#415 = CYLINDRICAL_SURFACE ( 'NONE', #2654, 0.4999999999999987232 ) ;
#416 = VECTOR ( 'NONE', #4311, 1000.000000000000000 ) ;
#417 = EDGE_LOOP ( 'NONE', ( #4004, #193, #3405, #4652 ) ) ;
#418 = VECTOR ( 'NONE', #4544, 1000.000000000000000 ) ;
#419 = DIRECTION ( 'NONE',  ( 1.000000000000000000, -0.000000000000000000, -0.000000000000000000 ) ) ;
#420 = CIRCLE ( 'NONE', #3188, 1.750000000000000000 ) ;
#421 = CARTESIAN_POINT ( 'NONE',  ( -28.58000000000000185, 1.600000000000000089, -10.10000000000000142 ) ) ;
#422 = FACE_OUTER_BOUND ( 'NONE', #1582, .T. ) ;
#423 = CARTESIAN_POINT ( 'NONE',  ( 17.07999999999999829, 0.000000000000000000, 6.099999999999996092 ) ) ;
#424 = LINE ( 'NONE', #4849, #2710 ) ;
#425 = EDGE_CURVE ( 'NONE', #4890, #2693, #1568, .T. ) ;
#426 = DIRECTION ( 'NONE',  ( 0.000000000000000000, 1.000000000000000000, 0.000000000000000000 ) ) ;
#427 = ORIENTED_EDGE ( 'NONE', *, *, #4865, .T. ) ;
#428 = AXIS2_PLACEMENT_3D ( 'NONE', #2403, #3892, #3115 ) ;
#429 = CARTESIAN_POINT ( 'NONE',  ( 15.78000000000001357, 12.30000000000000071, -9.350000000000001421 ) ) ;
#430 = DIRECTION ( 'NONE',  ( -0.000000000000000000, -1.000000000000000000, -0.000000000000000000 ) ) ;
#431 = AXIS2_PLACEMENT_3D ( 'NONE', #3474, #826, #3878 ) ;
#432 = LINE ( 'NONE', #4470, #1298 ) ;
#433 = VERTEX_POINT ( 'NONE', #4582 ) ;
#434 = DIRECTION ( 'NONE',  ( -1.000000000000000000, -0.000000000000000000, -0.000000000000000000 ) ) ;
#435 = ORIENTED_EDGE ( 'NONE', *, *, #1785, .F. ) ;
#436 = VERTEX_POINT ( 'NONE', #2958 ) ;
#437 = DIRECTION ( 'NONE',  ( 0.000000000000000000, 0.000000000000000000, -1.000000000000000000 ) ) ;
#438 = VECTOR ( 'NONE', #704, 1000.000000000000000 ) ;
#439 = ORIENTED_EDGE ( 'NONE', *, *, #2213, .F. ) ;
#440 = CARTESIAN_POINT ( 'NONE',  ( 20.97999999999999687, 11.60000000000000142, -4.900000000000001243 ) ) ;
#441 = PLANE ( 'NONE',  #4534 ) ;
#442 = PLANE ( 'NONE',  #3523 ) ;
#443 = EDGE_CURVE ( 'NONE', #4030, #1027, #3154, .T. ) ;
#444 = EDGE_LOOP ( 'NONE', ( #3257, #2740, #3409, #2902 ) ) ;
#445 = CARTESIAN_POINT ( 'NONE',  ( -28.58099999999999952, 8.000000000000000000, 1.699999999999998401 ) ) ;
#446 = CARTESIAN_POINT ( 'NONE',  ( 1.095000000000002194, 11.50000000000000000, -2.300000000000000711 ) ) ;
#447 = EDGE_CURVE ( 'NONE', #1772, #2341, #3724, .T. ) ;
#448 = AXIS2_PLACEMENT_3D ( 'NONE', #1872, #4490, #2957 ) ;
#449 = PLANE ( 'NONE',  #1055 ) ;
#450 = ADVANCED_FACE ( 'NONE', ( #865 ), #2012, .F. ) ;
#451 = MECHANICAL_DESIGN_GEOMETRIC_PRESENTATION_REPRESENTATION (  '', ( #4727 ), #4173 ) ;
#452 = CARTESIAN_POINT ( 'NONE',  ( 28.57999999999999829, 7.799999999999998934, -0.2000000000000005107 ) ) ;
#453 = CARTESIAN_POINT ( 'NONE',  ( -2.929999999999999272, 13.12999999999999901, 8.199999999999997513 ) ) ;
#454 = VERTEX_POINT ( 'NONE', #446 ) ;
#455 = CARTESIAN_POINT ( 'NONE',  ( -2.929999999999999272, 13.12999999999999901, 8.199999999999997513 ) ) ;
#456 = VECTOR ( 'NONE', #3952, 1000.000000000000000 ) ;
#457 = CARTESIAN_POINT ( 'NONE',  ( 1.095000000000002194, 11.50000000000000000, 3.699999999999999289 ) ) ;
#458 = CARTESIAN_POINT ( 'NONE',  ( 12.24500000000000277, 11.50000000000000000, -2.800000000000001155 ) ) ;
#459 = FACE_OUTER_BOUND ( 'NONE', #3701, .T. ) ;
#460 = ORIENTED_EDGE ( 'NONE', *, *, #1550, .T. ) ;
#461 = AXIS2_PLACEMENT_3D ( 'NONE', #3201, #2904, #1911 ) ;
#462 = CARTESIAN_POINT ( 'NONE',  ( 27.07999999999999829, 1.600000000000000089, -8.099999999999999645 ) ) ;
#463 = EDGE_CURVE ( 'NONE', #1648, #2224, #71, .T. ) ;
#464 = ORIENTED_EDGE ( 'NONE', *, *, #1091, .F. ) ;
#465 = VERTEX_POINT ( 'NONE', #610 ) ;
#466 = ORIENTED_EDGE ( 'NONE', *, *, #4543, .T. ) ;
#467 = DIRECTION ( 'NONE',  ( 1.000000000000000000, 0.000000000000000000, -0.000000000000000000 ) ) ;
#468 = EDGE_CURVE ( 'NONE', #433, #863, #4775, .T. ) ;
#469 = LINE ( 'NONE', #2007, #970 ) ;
#470 = DIRECTION ( 'NONE',  ( -1.000000000000000000, -0.000000000000000000, -0.000000000000000000 ) ) ;
#471 = ORIENTED_EDGE ( 'NONE', *, *, #621, .T. ) ;
#472 = DIRECTION ( 'NONE',  ( -0.000000000000000000, 1.000000000000000000, -0.000000000000000000 ) ) ;
#473 = ADVANCED_FACE ( 'NONE', ( #4728 ), #3181, .F. ) ;
#474 =( NAMED_UNIT ( * ) SI_UNIT ( $, .STERADIAN. ) SOLID_ANGLE_UNIT ( ) );
#475 = DIRECTION ( 'NONE',  ( -0.000000000000000000, 1.000000000000000000, -1.700709290173340409E-16 ) ) ;
#476 = ADVANCED_FACE ( 'NONE', ( #930 ), #3207, .F. ) ;
#477 = CARTESIAN_POINT ( 'NONE',  ( 20.98000000000001108, 8.600000000000006750, -10.10000000000000142 ) ) ;
#478 = AXIS2_PLACEMENT_3D ( 'NONE', #1199, #2046, #1222 ) ;
#479 = EDGE_CURVE ( 'NONE', #2673, #3811, #4287, .T. ) ;
#480 = PLANE ( 'NONE',  #3164 ) ;
#481 = ORIENTED_EDGE ( 'NONE', *, *, #4894, .F. ) ;
#482 = CARTESIAN_POINT ( 'NONE',  ( -27.01205080756887611, 9.600000000000001421, -2.250000000000002665 ) ) ;
#483 = LINE ( 'NONE', #2783, #4326 ) ;
#484 = CARTESIAN_POINT ( 'NONE',  ( 25.97999999999999687, 2.700000000000000178, 4.599999999999996980 ) ) ;
#485 = DIRECTION ( 'NONE',  ( 0.000000000000000000, 0.000000000000000000, 1.000000000000000000 ) ) ;
#486 = VERTEX_POINT ( 'NONE', #795 ) ;
#487 = CARTESIAN_POINT ( 'NONE',  ( 25.28000000000000469, 11.60000000000000142, 4.349999999999998757 ) ) ;
#488 = ORIENTED_EDGE ( 'NONE', *, *, #3520, .F. ) ;
#489 = ORIENTED_EDGE ( 'NONE', *, *, #4136, .F. ) ;
#490 = ORIENTED_EDGE ( 'NONE', *, *, #1938, .F. ) ;
#491 = PLANE ( 'NONE',  #1631 ) ;
#492 = CARTESIAN_POINT ( 'NONE',  ( -28.58000000000000185, 7.800000000000005151, 4.499999999999997335 ) ) ;
#493 = ADVANCED_FACE ( 'NONE', ( #3145 ), #1658, .T. ) ;
#494 = FACE_OUTER_BOUND ( 'NONE', #2817, .T. ) ;
#495 = EDGE_LOOP ( 'NONE', ( #3883, #2295, #6, #1782 ) ) ;
#496 = VECTOR ( 'NONE', #3943, 1000.000000000000000 ) ;
#497 = LINE ( 'NONE', #2011, #1937 ) ;
#498 = AXIS2_PLACEMENT_3D ( 'NONE', #2619, #362, #4159 ) ;
#499 = DIRECTION ( 'NONE',  ( 0.000000000000000000, -0.000000000000000000, 1.000000000000000000 ) ) ;
#500 = COLOUR_RGB ( '',0.2509803921568627416, 0.2509803921568627416, 0.2509803921568627416 ) ;
#501 = DIRECTION ( 'NONE',  ( 0.000000000000000000, 0.000000000000000000, 1.000000000000000000 ) ) ;
#502 = CARTESIAN_POINT ( 'NONE',  ( 1.095000000000002194, 8.000000000000000000, 3.199999999999994849 ) ) ;
#503 = VECTOR ( 'NONE', #2620, 1000.000000000000000 ) ;
#504 = CARTESIAN_POINT ( 'NONE',  ( 12.24500000000000277, 11.50000000000000000, 7.199999999999999289 ) ) ;
#505 = ORIENTED_EDGE ( 'NONE', *, *, #832, .T. ) ;
#506 = LINE ( 'NONE', #1341, #574 ) ;
#507 = CIRCLE ( 'NONE', #4782, 0.4999999999999987232 ) ;
#508 = ADVANCED_FACE ( 'NONE', ( #422 ), #2015, .F. ) ;
#509 = FACE_OUTER_BOUND ( 'NONE', #246, .T. ) ;
#510 = CARTESIAN_POINT ( 'NONE',  ( 1.670000000000000151, 6.500000000000000000, -2.300000000000001599 ) ) ;
#511 = FACE_BOUND ( 'NONE', #1376, .T. ) ;
#512 = EDGE_CURVE ( 'NONE', #4367, #694, #1262, .T. ) ;
#513 = ORIENTED_EDGE ( 'NONE', *, *, #545, .F. ) ;
#514 = CARTESIAN_POINT ( 'NONE',  ( 12.24500000000000277, 11.50000000000000000, -0.8000000000000012657 ) ) ;
#515 = ORIENTED_EDGE ( 'NONE', *, *, #4382, .F. ) ;
#516 = EDGE_CURVE ( 'NONE', #2074, #4629, #3552, .T. ) ;
#517 = AXIS2_PLACEMENT_3D ( 'NONE', #925, #2437, #485 ) ;
#518 = ORIENTED_EDGE ( 'NONE', *, *, #1215, .F. ) ;
#519 = DIRECTION ( 'NONE',  ( 0.000000000000000000, 2.065146995210484448E-16, 1.000000000000000000 ) ) ;
#520 = DIRECTION ( 'NONE',  ( -0.000000000000000000, -1.000000000000000000, -0.000000000000000000 ) ) ;
#521 = VERTEX_POINT ( 'NONE', #2726 ) ;
#522 = AXIS2_PLACEMENT_3D ( 'NONE', #2675, #3837, #3889 ) ;
#523 = LINE ( 'NONE', #4284, #3428 ) ;
#524 = FACE_OUTER_BOUND ( 'NONE', #1458, .T. ) ;
#525 = EDGE_CURVE ( 'NONE', #3206, #716, #4242, .T. ) ;
#526 =( NAMED_UNIT ( * ) SI_UNIT ( $, .STERADIAN. ) SOLID_ANGLE_UNIT ( ) );
#527 = VECTOR ( 'NONE', #2818, 1000.000000000000227 ) ;
#528 = LINE ( 'NONE', #3819, #1627 ) ;
#529 = EDGE_CURVE ( 'NONE', #4440, #948, #2700, .T. ) ;
#530 = EDGE_LOOP ( 'NONE', ( #634, #1809, #885, #2386 ) ) ;
#531 = DIRECTION ( 'NONE',  ( -0.000000000000000000, -1.000000000000000000, -0.000000000000000000 ) ) ;
#532 = AXIS2_PLACEMENT_3D ( 'NONE', #4791, #3273, #4438 ) ;
#533 = AXIS2_PLACEMENT_3D ( 'NONE', #1151, #1944, #3748 ) ;
#534 = SURFACE_STYLE_FILL_AREA ( #895 ) ;
#535 = LINE ( 'NONE', #3174, #2377 ) ;
#536 = CARTESIAN_POINT ( 'NONE',  ( -23.48000000000000043, 10.10000000000000142, 0.2500000000000000000 ) ) ;
#537 = AXIS2_PLACEMENT_3D ( 'NONE', #3404, #4501, #3782 ) ;
#538 = ORIENTED_EDGE ( 'NONE', *, *, #3269, .T. ) ;
#539 = CARTESIAN_POINT ( 'NONE',  ( 25.32999999999999829, -2.500000000000000000, 1.349999999999996980 ) ) ;
#540 = ORIENTED_EDGE ( 'NONE', *, *, #3639, .F. ) ;
#541 = ORIENTED_EDGE ( 'NONE', *, *, #4548, .F. ) ;
#542 = CARTESIAN_POINT ( 'NONE',  ( -28.58099999999999952, 11.50000000000000000, -0.8000000000000012657 ) ) ;
#543 = EDGE_CURVE ( 'NONE', #2059, #3084, #845, .T. ) ;
#544 = CARTESIAN_POINT ( 'NONE',  ( -25.32999999999999829, 0.000000000000000000, 2.599999999999998312 ) ) ;
#545 = EDGE_CURVE ( 'NONE', #4283, #3176, #3490, .T. ) ;
#546 = ORIENTED_EDGE ( 'NONE', *, *, #1918, .T. ) ;
#547 = EDGE_CURVE ( 'NONE', #1373, #2589, #4010, .T. ) ;
#548 = CARTESIAN_POINT ( 'NONE',  ( -25.98000000000000398, 7.800000000000005151, 4.499999999999997335 ) ) ;
#549 = CARTESIAN_POINT ( 'NONE',  ( -25.98000000000000398, 2.700000000000005507, 4.500000000000003553 ) ) ;
#550 = AXIS2_PLACEMENT_3D ( 'NONE', #2308, #3167, #1566 ) ;
#551 = DIRECTION ( 'NONE',  ( 0.000000000000000000, -1.000000000000000000, -0.000000000000000000 ) ) ;
#552 = ORIENTED_EDGE ( 'NONE', *, *, #2840, .F. ) ;
#553 = CARTESIAN_POINT ( 'NONE',  ( 25.97999999999999687, 7.799999999999999822, 4.599999999999997868 ) ) ;
#554 = SURFACE_SIDE_STYLE ('',( #534 ) ) ;
#555 = DIRECTION ( 'NONE',  ( 0.000000000000000000, 1.000000000000000000, 0.000000000000000000 ) ) ;
#556 = DIRECTION ( 'NONE',  ( -0.000000000000000000, 1.000000000000000000, -0.000000000000000000 ) ) ;
#557 = AXIS2_PLACEMENT_3D ( 'NONE', #2553, #3320, #2181 ) ;
#558 = EDGE_LOOP ( 'NONE', ( #1806, #2598 ) ) ;
#559 = DIRECTION ( 'NONE',  ( 0.000000000000000000, 0.000000000000000000, -1.000000000000000000 ) ) ;
#560 = ORIENTED_EDGE ( 'NONE', *, *, #178, .F. ) ;
#561 = ADVANCED_FACE ( 'NONE', ( #3283 ), #2518, .F. ) ;
#562 = LINE ( 'NONE', #3579, #1095 ) ;
#563 = VERTEX_POINT ( 'NONE', #665 ) ;
#564 = CARTESIAN_POINT ( 'NONE',  ( -23.54794919243112261, 9.600000000000001421, -2.750000000000002665 ) ) ;
#565 = DIRECTION ( 'NONE',  ( 0.000000000000000000, -1.000000000000000000, 0.000000000000000000 ) ) ;
#566 = CARTESIAN_POINT ( 'NONE',  ( 1.094999999999999973, 11.50000000000000000, -2.800000000000000266 ) ) ;
#567 = EDGE_LOOP ( 'NONE', ( #2209, #650, #4723, #3757 ) ) ;
#568 = ORIENTED_EDGE ( 'NONE', *, *, #627, .T. ) ;
#569 = CARTESIAN_POINT ( 'NONE',  ( -28.58000000000000185, 0.000000000000000000, 10.09999999999999787 ) ) ;
#570 = EDGE_CURVE ( 'NONE', #3463, #859, #3679, .T. ) ;
#571 = DIRECTION ( 'NONE',  ( 1.000000000000000000, 0.000000000000000000, -0.000000000000000000 ) ) ;
#572 = VECTOR ( 'NONE', #4896, 1000.000000000000000 ) ;
#573 = CARTESIAN_POINT ( 'NONE',  ( 23.48000000000000753, 10.10000000000000142, 0.3499999999999985345 ) ) ;
#574 = VECTOR ( 'NONE', #2020, 1000.000000000000114 ) ;
#575 = ORIENTED_EDGE ( 'NONE', *, *, #1705, .T. ) ;
#576 = LINE ( 'NONE', #553, #1443 ) ;
#577 = VECTOR ( 'NONE', #1843, 1000.000000000000000 ) ;
#578 = DIRECTION ( 'NONE',  ( 0.000000000000000000, 0.000000000000000000, 1.000000000000000000 ) ) ;
#579 = ADVANCED_FACE ( 'NONE', ( #633 ), #4368, .F. ) ;
#580 = LINE ( 'NONE', #3596, #1894 ) ;
#581 = DIRECTION ( 'NONE',  ( -1.000000000000000000, -0.000000000000000000, -0.000000000000000000 ) ) ;
#582 = ORIENTED_EDGE ( 'NONE', *, *, #2611, .T. ) ;
#583 = CIRCLE ( 'NONE', #3982, 1.250000000000001110 ) ;
#584 = EDGE_LOOP ( 'NONE', ( #1813, #2496, #730, #2094 ) ) ;
#585 = FACE_OUTER_BOUND ( 'NONE', #4545, .T. ) ;
#586 = ORIENTED_EDGE ( 'NONE', *, *, #3891, .F. ) ;
#587 = LINE ( 'NONE', #2516, #772 ) ;
#588 = VERTEX_POINT ( 'NONE', #3646 ) ;
#589 = EDGE_CURVE ( 'NONE', #2486, #4569, #977, .T. ) ;
#590 = DIRECTION ( 'NONE',  ( 1.000000000000000000, 0.000000000000000000, -0.000000000000000000 ) ) ;
#591 = LINE ( 'NONE', #2571, #1928 ) ;
#592 = ORIENTED_EDGE ( 'NONE', *, *, #2869, .T. ) ;
#593 = ORIENTED_EDGE ( 'NONE', *, *, #2774, .F. ) ;
#594 = FACE_OUTER_BOUND ( 'NONE', #2471, .T. ) ;
#595 = DIRECTION ( 'NONE',  ( 0.7071067811865492381, 0.000000000000000000, 0.7071067811865457964 ) ) ;
#596 = CARTESIAN_POINT ( 'NONE',  ( 20.97999999999999687, 11.60000000000000142, 5.099999999999998757 ) ) ;
#597 = EDGE_CURVE ( 'NONE', #4549, #3176, #4796, .T. ) ;
#598 = VECTOR ( 'NONE', #1914, 1000.000000000000000 ) ;
#599 = VERTEX_POINT ( 'NONE', #236 ) ;
#600 = CARTESIAN_POINT ( 'NONE',  ( 25.32999999999999829, -2.500000000000000000, 3.849999999999999201 ) ) ;
#601 = DIRECTION ( 'NONE',  ( 0.000000000000000000, 1.000000000000000000, 0.000000000000000000 ) ) ;
#602 = ADVANCED_FACE ( 'NONE', ( #757 ), #734, .F. ) ;
#603 = CARTESIAN_POINT ( 'NONE',  ( -27.07999999999999829, 1.600000000000000089, 8.099999999999999645 ) ) ;
#604 = FACE_OUTER_BOUND ( 'NONE', #3653, .T. ) ;
#605 = AXIS2_PLACEMENT_3D ( 'NONE', #3245, #1370, #578 ) ;
#606 = CIRCLE ( 'NONE', #2742, 1.750000000000000000 ) ;
#607 = ORIENTED_EDGE ( 'NONE', *, *, #3991, .T. ) ;
#608 = ORIENTED_EDGE ( 'NONE', *, *, #3651, .T. ) ;
#609 = DIRECTION ( 'NONE',  ( -0.000000000000000000, -1.000000000000000000, -0.000000000000000000 ) ) ;
#610 = CARTESIAN_POINT ( 'NONE',  ( 27.07999999999999829, 0.000000000000000000, 9.099999999999997868 ) ) ;
#611 = LINE ( 'NONE', #4373, #3672 ) ;
#612 = ORIENTED_EDGE ( 'NONE', *, *, #1896, .F. ) ;
#613 = CARTESIAN_POINT ( 'NONE',  ( -15.78000000000000291, 12.30000000000000071, 5.599999999999997868 ) ) ;
#614 = DIRECTION ( 'NONE',  ( -0.000000000000000000, 1.000000000000000000, -0.000000000000000000 ) ) ;
#615 = ORIENTED_EDGE ( 'NONE', *, *, #2051, .F. ) ;
#616 = EDGE_LOOP ( 'NONE', ( #2198, #3359, #3398, #2311 ) ) ;
#617 = CARTESIAN_POINT ( 'NONE',  ( 1.095000000000001528, 6.599999999999999645, 8.199999999999999289 ) ) ;
#618 = ORIENTED_EDGE ( 'NONE', *, *, #2777, .F. ) ;
#619 = EDGE_CURVE ( 'NONE', #303, #2043, #3754, .T. ) ;
#620 = CARTESIAN_POINT ( 'NONE',  ( 0.7199999999999984190, 1.700000000000000178, -8.800000000000002487 ) ) ;
#621 = EDGE_CURVE ( 'NONE', #465, #121, #727, .T. ) ;
#622 = DIRECTION ( 'NONE',  ( 0.000000000000000000, 1.000000000000000000, 0.000000000000000000 ) ) ;
#623 = CARTESIAN_POINT ( 'NONE',  ( 25.28000000000000469, 10.10000000000000142, 2.599999999999998757 ) ) ;
#624 = EDGE_CURVE ( 'NONE', #3084, #3358, #1898, .T. ) ;
#625 = DIRECTION ( 'NONE',  ( 0.000000000000000000, 0.000000000000000000, -1.000000000000000000 ) ) ;
#626 = ORIENTED_EDGE ( 'NONE', *, *, #3989, .F. ) ;
#627 = EDGE_CURVE ( 'NONE', #1302, #38, #3777, .T. ) ;
#628 = CARTESIAN_POINT ( 'NONE',  ( -25.98000000000000398, 2.700000000000005507, 4.500000000000003553 ) ) ;
#629 = PLANE ( 'NONE',  #3389 ) ;
#630 = CARTESIAN_POINT ( 'NONE',  ( -27.01205080756887611, 9.600000000000001421, -2.750000000000002665 ) ) ;
#631 = CIRCLE ( 'NONE', #866, 1.750000000000000000 ) ;
#632 = EDGE_LOOP ( 'NONE', ( #4478, #1600, #4054, #2300 ) ) ;
#633 = FACE_OUTER_BOUND ( 'NONE', #2099, .T. ) ;
#634 = ORIENTED_EDGE ( 'NONE', *, *, #4062, .T. ) ;
#635 = CARTESIAN_POINT ( 'NONE',  ( 26.92000000000000171, 13.58000000000000362, 5.099999999999998757 ) ) ;
#636 = CARTESIAN_POINT ( 'NONE',  ( -3.864239565673790011, 12.62999999999999901, 8.780686175080520073 ) ) ;
#637 = DIRECTION ( 'NONE',  ( -0.000000000000000000, -1.000000000000000000, -0.000000000000000000 ) ) ;
#638 = VECTOR ( 'NONE', #4473, 1000.000000000000000 ) ;
#639 = ORIENTED_EDGE ( 'NONE', *, *, #3168, .T. ) ;
#640 = CARTESIAN_POINT ( 'NONE',  ( -17.07999999999999829, 1.600000000000000089, -7.599999999999996980 ) ) ;
#641 = DIRECTION ( 'NONE',  ( -0.000000000000000000, 1.000000000000000000, -0.000000000000000000 ) ) ;
#642 = CARTESIAN_POINT ( 'NONE',  ( 27.07999999999999829, 1.600000000000000089, -8.599999999999997868 ) ) ;
#643 = EDGE_LOOP ( 'NONE', ( #618, #4858, #639, #2750, #2714, #989, #1798, #2547 ) ) ;
#644 = EDGE_LOOP ( 'NONE', ( #1149, #3210, #1775, #879 ) ) ;
#645 = AXIS2_PLACEMENT_3D ( 'NONE', #1018, #4784, #4017 ) ;
#646 = EDGE_CURVE ( 'NONE', #2096, #19, #3441, .T. ) ;
#647 = ORIENTED_EDGE ( 'NONE', *, *, #3639, .T. ) ;
#648 = DIRECTION ( 'NONE',  ( 0.000000000000000000, 0.000000000000000000, -1.000000000000000000 ) ) ;
#649 = CARTESIAN_POINT ( 'NONE',  ( 23.54794919243112616, 9.600000000000001421, 2.849999999999998757 ) ) ;
#650 = ORIENTED_EDGE ( 'NONE', *, *, #2641, .F. ) ;
#651 = FACE_BOUND ( 'NONE', #352, .T. ) ;
#653 = CARTESIAN_POINT ( 'NONE',  ( 27.01205080756888322, 9.600000000000001421, -2.150000000000001688 ) ) ;
#652 = AXIS2_PLACEMENT_3D ( 'NONE', #3696, #3740, #4763 ) ;
#654 = CARTESIAN_POINT ( 'NONE',  ( -15.78000000000000291, 12.30000000000000071, 5.599999999999997868 ) ) ;
#655 = ADVANCED_FACE ( 'NONE', ( #4533 ), #3791, .T. ) ;
#656 = ORIENTED_EDGE ( 'NONE', *, *, #3590, .F. ) ;
#657 = VERTEX_POINT ( 'NONE', #3964 ) ;
#658 = ADVANCED_FACE ( 'NONE', ( #1660 ), #1313, .F. ) ;
#659 = FACE_OUTER_BOUND ( 'NONE', #1730, .T. ) ;
#660 = VECTOR ( 'NONE', #4507, 1000.000000000000000 ) ;
#661 = EDGE_CURVE ( 'NONE', #4016, #3148, #1287, .T. ) ;
#662 = DIRECTION ( 'NONE',  ( 0.000000000000000000, 0.000000000000000000, 1.000000000000000000 ) ) ;
#663 = CIRCLE ( 'NONE', #2322, 1.250000000000001110 ) ;
#664 = ORIENTED_EDGE ( 'NONE', *, *, #4500, .T. ) ;
#665 = CARTESIAN_POINT ( 'NONE',  ( -27.07999999999999829, 0.000000000000000000, -9.099999999999997868 ) ) ;
#666 = LINE ( 'NONE', #3259, #1035 ) ;
#667 = DIRECTION ( 'NONE',  ( 0.000000000000000000, 0.000000000000000000, -1.000000000000000000 ) ) ;
#668 = ORIENTED_EDGE ( 'NONE', *, *, #2053, .T. ) ;
#669 = AXIS2_PLACEMENT_3D ( 'NONE', #2970, #1810, #4785 ) ;
#670 = ORIENTED_EDGE ( 'NONE', *, *, #4142, .T. ) ;
#671 = VERTEX_POINT ( 'NONE', #3808 ) ;
#672 = DIRECTION ( 'NONE',  ( -0.000000000000000000, -1.000000000000000000, -0.000000000000000000 ) ) ;
#673 = CIRCLE ( 'NONE', #428, 0.4999999999999987232 ) ;
#674 = VECTOR ( 'NONE', #3827, 1000.000000000000000 ) ;
#675 = FACE_OUTER_BOUND ( 'NONE', #3418, .T. ) ;
#676 = DIRECTION ( 'NONE',  ( -0.000000000000000000, 1.000000000000000000, -0.000000000000000000 ) ) ;
#677 = EDGE_CURVE ( 'NONE', #742, #3196, #4905, .T. ) ;
#678 = ORIENTED_EDGE ( 'NONE', *, *, #820, .T. ) ;
#679 = FACE_OUTER_BOUND ( 'NONE', #4445, .T. ) ;
#680 = EDGE_CURVE ( 'NONE', #1073, #173, #412, .T. ) ;
#681 = AXIS2_PLACEMENT_3D ( 'NONE', #2460, #974, #211 ) ;
#682 = DIRECTION ( 'NONE',  ( 0.000000000000000000, 0.000000000000000000, 1.000000000000000000 ) ) ;
#683 = VERTEX_POINT ( 'NONE', #3052 ) ;
#684 = EDGE_CURVE ( 'NONE', #1698, #1824, #336, .T. ) ;
#685 = ORIENTED_EDGE ( 'NONE', *, *, #1834, .F. ) ;
#686 = DIRECTION ( 'NONE',  ( -0.000000000000000000, -1.000000000000000000, -0.000000000000000000 ) ) ;
#687 = VECTOR ( 'NONE', #3717, 1000.000000000000000 ) ;
#688 = VECTOR ( 'NONE', #4847, 1000.000000000000000 ) ;
#689 = LINE ( 'NONE', #4776, #1541 ) ;
#690 = LINE ( 'NONE', #3848, #181 ) ;
#691 = CARTESIAN_POINT ( 'NONE',  ( 12.24500000000000277, 8.000000000000000000, 5.199999999999999289 ) ) ;
#692 = LINE ( 'NONE', #3272, #1840 ) ;
#693 = VECTOR ( 'NONE', #874, 1000.000000000000114 ) ;
#694 = VERTEX_POINT ( 'NONE', #58 ) ;
#695 = ORIENTED_EDGE ( 'NONE', *, *, #991, .F. ) ;
#696 = CARTESIAN_POINT ( 'NONE',  ( -28.58000000000000185, 11.60000000000000142, -5.000000000000001776 ) ) ;
#697 = ORIENTED_EDGE ( 'NONE', *, *, #2355, .F. ) ;
#698 = MECHANICAL_DESIGN_GEOMETRIC_PRESENTATION_REPRESENTATION (  '', ( #1962 ), #3456 ) ;
#699 = DIRECTION ( 'NONE',  ( -0.000000000000000000, -1.000000000000000000, -0.000000000000000000 ) ) ;
#700 = ADVANCED_FACE ( 'NONE', ( #4591 ), #1201, .F. ) ;
#701 = ADVANCED_FACE ( 'NONE', ( #4471 ), #2216, .F. ) ;
#702 = FACE_OUTER_BOUND ( 'NONE', #2941, .T. ) ;
#703 = CARTESIAN_POINT ( 'NONE',  ( 1.670000000000000151, 1.700000000000000178, -2.300000000000001599 ) ) ;
#704 = DIRECTION ( 'NONE',  ( 1.421904488505579654E-16, 0.000000000000000000, 1.000000000000000000 ) ) ;
#705 = EDGE_LOOP ( 'NONE', ( #3033, #1357, #3487, #2658 ) ) ;
#706 = ORIENTED_EDGE ( 'NONE', *, *, #543, .T. ) ;
#707 = CARTESIAN_POINT ( 'NONE',  ( 1.095000000000002194, 11.50000000000000000, 5.199999999999999289 ) ) ;
#708 = CARTESIAN_POINT ( 'NONE',  ( 0.000000000000000000, 11.70000000000000107, 0.000000000000000000 ) ) ;
#709 = DIRECTION ( 'NONE',  ( -0.000000000000000000, 2.065146995210484448E-16, 1.000000000000000000 ) ) ;
#710 = CARTESIAN_POINT ( 'NONE',  ( 23.48000000000000753, 10.10000000000000142, -0.1500000000000014655 ) ) ;
#711 = EDGE_LOOP ( 'NONE', ( #4038, #3288, #3377, #3730 ) ) ;
#712 = CARTESIAN_POINT ( 'NONE',  ( -17.07999999999999829, 0.000000000000000000, -6.099999999999996092 ) ) ;
#713 = ORIENTED_EDGE ( 'NONE', *, *, #4837, .F. ) ;
#714 = ORIENTED_EDGE ( 'NONE', *, *, #4532, .F. ) ;
#715 = VECTOR ( 'NONE', #3151, 1000.000000000000000 ) ;
#716 = VERTEX_POINT ( 'NONE', #2677 ) ;
#717 = CARTESIAN_POINT ( 'NONE',  ( 27.01205080756888322, 9.600000000000001421, -2.150000000000001688 ) ) ;
#718 = AXIS2_PLACEMENT_3D ( 'NONE', #640, #1431, #1407 ) ;
#719 = EDGE_CURVE ( 'NONE', #3148, #4283, #3884, .T. ) ;
#720 = CARTESIAN_POINT ( 'NONE',  ( 25.32999999999999829, -2.500000000000000000, -2.599999999999998312 ) ) ;
#721 = FACE_OUTER_BOUND ( 'NONE', #4689, .T. ) ;
#722 = PLANE ( 'NONE',  #2733 ) ;
#723 = ORIENTED_EDGE ( 'NONE', *, *, #1716, .F. ) ;
#724 = VERTEX_POINT ( 'NONE', #1729 ) ;
#725 = AXIS2_PLACEMENT_3D ( 'NONE', #4876, #1481, #3376 ) ;
#726 = PLANE ( 'NONE',  #1476 ) ;
#727 = CIRCLE ( 'NONE', #498, 0.4999999999999987232 ) ;
#728 = CARTESIAN_POINT ( 'NONE',  ( 12.24500000000000277, 8.000000000000000000, 3.199999999999998845 ) ) ;
#729 = DIRECTION ( 'NONE',  ( 0.000000000000000000, -1.000000000000000000, 0.000000000000000000 ) ) ;
#730 = ORIENTED_EDGE ( 'NONE', *, *, #146, .F. ) ;
#731 = MECHANICAL_DESIGN_GEOMETRIC_PRESENTATION_REPRESENTATION (  '', ( #3813 ), #4293 ) ;
#732 = CARTESIAN_POINT ( 'NONE',  ( 28.57999999999999829, 0.000000000000000000, 10.09999999999999787 ) ) ;
#733 = VERTEX_POINT ( 'NONE', #1358 ) ;
#734 = PLANE ( 'NONE',  #3496 ) ;
#735 = CYLINDRICAL_SURFACE ( 'NONE', #3661, 1.750000000000000222 ) ;
#736 = CARTESIAN_POINT ( 'NONE',  ( -28.58099999999999952, 11.50000000000000000, 5.699999999999999289 ) ) ;
#737 = ORIENTED_EDGE ( 'NONE', *, *, #2527, .T. ) ;
#738 = EDGE_LOOP ( 'NONE', ( #4790, #4078, #3336, #779 ) ) ;
#739 = VECTOR ( 'NONE', #2034, 1000.000000000000000 ) ;
#740 = PLANE ( 'NONE',  #3299 ) ;
#741 = EDGE_CURVE ( 'NONE', #1251, #3533, #3357, .T. ) ;
#742 = VERTEX_POINT ( 'NONE', #458 ) ;
#743 = AXIS2_PLACEMENT_3D ( 'NONE', #2453, #1709, #571 ) ;
#744 = CARTESIAN_POINT ( 'NONE',  ( 20.97999999999999687, 1.700000000000000178, 5.099999999999998757 ) ) ;
#745 = DIRECTION ( 'NONE',  ( 0.000000000000000000, 0.000000000000000000, 1.000000000000000000 ) ) ;
#746 = SURFACE_STYLE_USAGE ( .BOTH. , #2699 ) ;
#747 = VECTOR ( 'NONE', #2980, 1000.000000000000000 ) ;
#748 = CARTESIAN_POINT ( 'NONE',  ( 0.000000000000000000, 10.10000000000000142, 0.000000000000000000 ) ) ;
#749 = DIRECTION ( 'NONE',  ( 0.000000000000000000, 1.000000000000000000, 0.000000000000000000 ) ) ;
#750 = EDGE_LOOP ( 'NONE', ( #2744, #769, #656, #3142 ) ) ;
#751 = EDGE_CURVE ( 'NONE', #1173, #3148, #1945, .T. ) ;
#752 = VECTOR ( 'NONE', #959, 1000.000000000000000 ) ;
#753 = PLANE ( 'NONE',  #2825 ) ;
#754 = DIRECTION ( 'NONE',  ( 0.000000000000000000, 0.000000000000000000, 1.000000000000000000 ) ) ;
#755 = VECTOR ( 'NONE', #2835, 1000.000000000000000 ) ;
#756 = ORIENTED_EDGE ( 'NONE', *, *, #3467, .F. ) ;
#757 = FACE_OUTER_BOUND ( 'NONE', #1185, .T. ) ;
#758 = DIRECTION ( 'NONE',  ( -0.000000000000000000, 1.000000000000000000, -0.000000000000000000 ) ) ;
#759 = DIRECTION ( 'NONE',  ( 0.000000000000000000, 1.000000000000000000, -0.000000000000000000 ) ) ;
#760 = ORIENTED_EDGE ( 'NONE', *, *, #973, .F. ) ;
#761 = VERTEX_POINT ( 'NONE', #4226 ) ;
#762 = CARTESIAN_POINT ( 'NONE',  ( 28.57999999999999829, 1.600000000000000089, -10.10000000000000142 ) ) ;
#763 = AXIS2_PLACEMENT_3D ( 'NONE', #3185, #2006, #933 ) ;
#764 = CARTESIAN_POINT ( 'NONE',  ( -28.58099999999999952, 11.50000000000000000, 7.199999999999999289 ) ) ;
#765 = VERTEX_POINT ( 'NONE', #3877 ) ;
#766 = AXIS2_PLACEMENT_3D ( 'NONE', #4153, #4181, #2265 ) ;
#767 = CARTESIAN_POINT ( 'NONE',  ( -25.98000000000000398, 2.700000000000000178, -4.500000000000001776 ) ) ;
#768 = DIRECTION ( 'NONE',  ( -0.000000000000000000, -1.000000000000000000, -0.000000000000000000 ) ) ;
#769 = ORIENTED_EDGE ( 'NONE', *, *, #425, .F. ) ;
#770 = UNCERTAINTY_MEASURE_WITH_UNIT (LENGTH_MEASURE( 1.000000000000000082E-05 ), #785, 'distance_accuracy_value', 'NONE');
#771 = DIRECTION ( 'NONE',  ( 1.421904488505579654E-16, 0.000000000000000000, 1.000000000000000000 ) ) ;
#772 = VECTOR ( 'NONE', #4087, 1000.000000000000000 ) ;
#773 = EDGE_CURVE ( 'NONE', #3277, #3241, #1996, .T. ) ;
#774 = FACE_OUTER_BOUND ( 'NONE', #2517, .T. ) ;
#775 = CARTESIAN_POINT ( 'NONE',  ( -1.830000000000000071, 11.70000000000000107, 4.999999999999998224 ) ) ;
#776 = ORIENTED_EDGE ( 'NONE', *, *, #3119, .T. ) ;
#777 = DIRECTION ( 'NONE',  ( 0.000000000000000000, -0.000000000000000000, 1.000000000000000000 ) ) ;
#778 = LINE ( 'NONE', #1107, #988 ) ;
#779 = ORIENTED_EDGE ( 'NONE', *, *, #3713, .T. ) ;
#780 = CARTESIAN_POINT ( 'NONE',  ( 12.24500000000000277, 8.000000000000000000, 3.699999999999998401 ) ) ;
#781 = FACE_OUTER_BOUND ( 'NONE', #1592, .T. ) ;
#782 = ORIENTED_EDGE ( 'NONE', *, *, #315, .F. ) ;
#783 = VECTOR ( 'NONE', #3440, 1000.000000000000000 ) ;
#784 = ORIENTED_EDGE ( 'NONE', *, *, #1025, .F. ) ;
#785 =( LENGTH_UNIT ( ) NAMED_UNIT ( * ) SI_UNIT ( .MILLI., .METRE. ) );
#786 = ORIENTED_EDGE ( 'NONE', *, *, #3431, .T. ) ;
#787 = CARTESIAN_POINT ( 'NONE',  ( 28.57999999999999829, 7.799999999999999822, 4.599999999999997868 ) ) ;
#788 = DIRECTION ( 'NONE',  ( 0.000000000000000000, -8.716135112138369753E-16, -1.000000000000000000 ) ) ;
#789 = CARTESIAN_POINT ( 'NONE',  ( 25.32999999999999829, -2.500000000000000000, -3.849999999999999201 ) ) ;
#790 = ORIENTED_EDGE ( 'NONE', *, *, #1062, .F. ) ;
#791 = EDGE_CURVE ( 'NONE', #1702, #1278, #1245, .T. ) ;
#792 = DIRECTION ( 'NONE',  ( 1.000000000000000000, -0.000000000000000000, -0.000000000000000000 ) ) ;
#793 = AXIS2_PLACEMENT_3D ( 'NONE', #228, #4410, #2528 ) ;
#794 = PRESENTATION_STYLE_ASSIGNMENT (( #1122 ) ) ;
#795 = CARTESIAN_POINT ( 'NONE',  ( 1.095000000000002194, 8.000000000000000000, 7.199999999999999289 ) ) ;
#796 = DIRECTION ( 'NONE',  ( 0.000000000000000000, -0.000000000000000000, 1.000000000000000000 ) ) ;
#797 = ORIENTED_EDGE ( 'NONE', *, *, #2359, .F. ) ;
#798 = CARTESIAN_POINT ( 'NONE',  ( 0.000000000000000000, 1.700000000000000178, 0.000000000000000000 ) ) ;
#799 = DIRECTION ( 'NONE',  ( -0.000000000000000000, 1.000000000000000000, 1.275531967630005492E-16 ) ) ;
#800 = EDGE_CURVE ( 'NONE', #3907, #2370, #3901, .T. ) ;
#801 = LINE ( 'NONE', #2315, #4462 ) ;
#802 = EDGE_CURVE ( 'NONE', #4546, #3907, #3500, .T. ) ;
#803 = VERTEX_POINT ( 'NONE', #2413 ) ;
#804 = CYLINDRICAL_SURFACE ( 'NONE', #2238, 1.250000000000001110 ) ;
#805 = ORIENTED_EDGE ( 'NONE', *, *, #902, .T. ) ;
#806 = ORIENTED_EDGE ( 'NONE', *, *, #3269, .F. ) ;
#807 = ADVANCED_FACE ( 'NONE', ( #2759 ), #4642, .T. ) ;
#808 = PLANE ( 'NONE',  #2274 ) ;
#809 = EDGE_CURVE ( 'NONE', #3973, #1224, #4251, .T. ) ;
#810 = VECTOR ( 'NONE', #4690, 1000.000000000000000 ) ;
#811 = ORIENTED_EDGE ( 'NONE', *, *, #4236, .T. ) ;
#812 = LINE ( 'NONE', #3809, #2950 ) ;
#813 = VECTOR ( 'NONE', #4467, 1000.000000000000000 ) ;
#814 = CARTESIAN_POINT ( 'NONE',  ( 17.07999999999999829, 0.000000000000000000, 9.099999999999997868 ) ) ;
#815 = VERTEX_POINT ( 'NONE', #3826 ) ;
#816 = CARTESIAN_POINT ( 'NONE',  ( -25.32999999999999829, -2.500000000000000000, 2.599999999999998312 ) ) ;
#817 = CARTESIAN_POINT ( 'NONE',  ( 12.24500000000000277, 11.50000000000000000, 8.199999999999999289 ) ) ;
#818 = DIRECTION ( 'NONE',  ( 0.000000000000000000, -0.000000000000000000, -1.000000000000000000 ) ) ;
#819 = FACE_OUTER_BOUND ( 'NONE', #3731, .T. ) ;
#820 = EDGE_CURVE ( 'NONE', #2324, #4549, #875, .T. ) ;
#821 = ORIENTED_EDGE ( 'NONE', *, *, #1461, .F. ) ;
#822 = DIRECTION ( 'NONE',  ( 0.000000000000000000, 1.000000000000000000, 0.000000000000000000 ) ) ;
#823 = ADVANCED_FACE ( 'NONE', ( #56 ), #2389, .F. ) ;
#824 = DIRECTION ( 'NONE',  ( 1.000000000000000000, 0.000000000000000000, 0.000000000000000000 ) ) ;
#825 = CARTESIAN_POINT ( 'NONE',  ( 25.97999999999999687, 7.799999999999998934, 0.3999999999999975797 ) ) ;
#826 = DIRECTION ( 'NONE',  ( 0.000000000000000000, 1.000000000000000000, 0.000000000000000000 ) ) ;
#827 = EDGE_CURVE ( 'NONE', #2224, #671, #1667, .T. ) ;
#828 = ORIENTED_EDGE ( 'NONE', *, *, #543, .F. ) ;
#829 = LINE ( 'NONE', #514, #2423 ) ;
#830 = ORIENTED_EDGE ( 'NONE', *, *, #208, .T. ) ;
#831 = CLOSED_SHELL ( 'NONE', ( #1009, #3977, #2249, #3050, #655, #4339, #2474, #3747, #3169, #5, #450, #4116, #4529, #476, #3670, #1864, #2715, #1190, #2143, #4786, #2040, #962, #2857, #4484, #2415, #3308, #701, #1174, #4397, #508, #3787, #131, #1748, #4316, #4868, #4864, #322 ) ) ;
#832 = EDGE_CURVE ( 'NONE', #1953, #859, #3238, .T. ) ;
#833 = DIRECTION ( 'NONE',  ( -0.000000000000000000, 1.000000000000000000, 0.000000000000000000 ) ) ;
#834 = CIRCLE ( 'NONE', #1228, 1.500000000000001332 ) ;
#835 = ORIENTED_EDGE ( 'NONE', *, *, #827, .F. ) ;
#836 = CARTESIAN_POINT ( 'NONE',  ( -28.58000000000000185, 7.799999999999999822, -4.500000000000002665 ) ) ;
#837 = EDGE_CURVE ( 'NONE', #918, #1006, #535, .T. ) ;
#838 = CARTESIAN_POINT ( 'NONE',  ( -27.07999999999999829, 11.60000000000000142, 0.2500000000000000000 ) ) ;
#839 = CARTESIAN_POINT ( 'NONE',  ( -25.98000000000000398, 2.700000000000000178, 0.3000000000000017653 ) ) ;
#840 = ORIENTED_EDGE ( 'NONE', *, *, #3733, .T. ) ;
#841 = DIRECTION ( 'NONE',  ( -0.000000000000000000, 1.000000000000000000, -0.000000000000000000 ) ) ;
#842 =( GEOMETRIC_REPRESENTATION_CONTEXT ( 3 ) GLOBAL_UNCERTAINTY_ASSIGNED_CONTEXT ( ( #2651 ) ) GLOBAL_UNIT_ASSIGNED_CONTEXT ( ( #4635, #4266, #526 ) ) REPRESENTATION_CONTEXT ( 'NONE', 'WORKASPACE' ) );
#843 = CIRCLE ( 'NONE', #2503, 4.000000000000000888 ) ;
#844 =( NAMED_UNIT ( * ) PLANE_ANGLE_UNIT ( ) SI_UNIT ( $, .RADIAN. ) );
#845 = LINE ( 'NONE', #3869, #4422 ) ;
#846 = DIRECTION ( 'NONE',  ( 1.000000000000000000, 0.000000000000000000, 0.000000000000000000 ) ) ;
#847 = DIRECTION ( 'NONE',  ( -1.000000000000000000, -0.000000000000000000, -2.503857664561930404E-16 ) ) ;
#848 = ORIENTED_EDGE ( 'NONE', *, *, #2283, .T. ) ;
#849 = CARTESIAN_POINT ( 'NONE',  ( -2.929999999999999272, 13.12999999999999901, 8.199999999999997513 ) ) ;
#850 = LINE ( 'NONE', #2363, #298 ) ;
#851 = DIRECTION ( 'NONE',  ( 0.000000000000000000, 0.000000000000000000, -1.000000000000000000 ) ) ;
#852 = DIRECTION ( 'NONE',  ( -0.000000000000000000, 1.000000000000000000, 2.478176394252582127E-16 ) ) ;
#853 = EDGE_CURVE ( 'NONE', #863, #321, #3528, .T. ) ;
#854 = ORIENTED_EDGE ( 'NONE', *, *, #4543, .F. ) ;
#855 = CARTESIAN_POINT ( 'NONE',  ( 25.28000000000000469, 11.60000000000000142, -0.6500000000000014655 ) ) ;
#856 = ORIENTED_EDGE ( 'NONE', *, *, #2053, .F. ) ;
#857 = ORIENTED_EDGE ( 'NONE', *, *, #3556, .T. ) ;
#858 = FACE_OUTER_BOUND ( 'NONE', #4163, .T. ) ;
#859 = VERTEX_POINT ( 'NONE', #1272 ) ;
#860 = DIRECTION ( 'NONE',  ( 1.379893674072460458E-16, -0.000000000000000000, 1.000000000000000000 ) ) ;
#861 = LINE ( 'NONE', #4261, #1288 ) ;
#862 = CARTESIAN_POINT ( 'NONE',  ( -25.98000000000000398, 7.799999999999999822, 0.2999999999999973244 ) ) ;
#863 = VERTEX_POINT ( 'NONE', #2808 ) ;
#864 = PLANE ( 'NONE',  #2802 ) ;
#865 = FACE_OUTER_BOUND ( 'NONE', #3105, .T. ) ;
#866 = AXIS2_PLACEMENT_3D ( 'NONE', #1423, #2436, #1345 ) ;
#867 = EDGE_CURVE ( 'NONE', #4629, #225, #1595, .T. ) ;
#868 = LINE ( 'NONE', #2061, #3020 ) ;
#869 = EDGE_CURVE ( 'NONE', #436, #2190, #1116, .T. ) ;
#870 = LINE ( 'NONE', #1240, #4013 ) ;
#871 = CARTESIAN_POINT ( 'NONE',  ( -23.48000000000000043, 11.60000000000000142, -0.2500000000000000000 ) ) ;
#872 = ORIENTED_EDGE ( 'NONE', *, *, #3191, .F. ) ;
#873 = PLANE ( 'NONE',  #4852 ) ;
#874 = DIRECTION ( 'NONE',  ( 0.3162277660168380522, -0.9486832980505137680, 0.000000000000000000 ) ) ;
#875 = LINE ( 'NONE', #825, #1343 ) ;
#876 = CARTESIAN_POINT ( 'NONE',  ( 0.000000000000000000, 0.000000000000000000, 0.000000000000000000 ) ) ;
#877 = ORIENTED_EDGE ( 'NONE', *, *, #1192, .T. ) ;
#878 = CARTESIAN_POINT ( 'NONE',  ( 25.28000000000000469, 10.10000000000000142, 2.599999999999998757 ) ) ;
#879 = ORIENTED_EDGE ( 'NONE', *, *, #178, .T. ) ;
#880 = SURFACE_STYLE_USAGE ( .BOTH. , #3510 ) ;
#881 = ORIENTED_EDGE ( 'NONE', *, *, #2885, .T. ) ;
#882 = DIRECTION ( 'NONE',  ( 0.000000000000000000, 0.000000000000000000, 1.000000000000000000 ) ) ;
#883 = EDGE_CURVE ( 'NONE', #3131, #3753, #3550, .T. ) ;
#884 = DIRECTION ( 'NONE',  ( -0.000000000000000000, 1.000000000000000000, -0.000000000000000000 ) ) ;
#885 = ORIENTED_EDGE ( 'NONE', *, *, #385, .F. ) ;
#886 = DIRECTION ( 'NONE',  ( 1.000000000000000000, 0.000000000000000000, 0.000000000000000000 ) ) ;
#887 = CARTESIAN_POINT ( 'NONE',  ( -15.78000000000000291, 1.700000000000000178, -2.400000000000003908 ) ) ;
#888 = CIRCLE ( 'NONE', #2396, 1.250000000000001110 ) ;
#889 = LINE ( 'NONE', #502, #296 ) ;
#890 = AXIS2_PLACEMENT_3D ( 'NONE', #2495, #4066, #4090 ) ;
#891 = CARTESIAN_POINT ( 'NONE',  ( 25.28000000000000469, 10.10000000000000142, 2.599999999999998757 ) ) ;
#892 = VERTEX_POINT ( 'NONE', #3852 ) ;
#893 = DIRECTION ( 'NONE',  ( -1.000000000000000000, 0.000000000000000000, -2.503857664561930404E-16 ) ) ;
#894 = VECTOR ( 'NONE', #3461, 1000.000000000000000 ) ;
#895 = FILL_AREA_STYLE ('',( #1642 ) ) ;
#896 = CARTESIAN_POINT ( 'NONE',  ( 1.095000000000002194, 8.000000000000000000, 5.199999999999994849 ) ) ;
#897 = EDGE_CURVE ( 'NONE', #1426, #408, #1739, .T. ) ;
#898 = CARTESIAN_POINT ( 'NONE',  ( 23.48000000000000753, 11.60000000000000142, 0.3499999999999985345 ) ) ;
#899 = EDGE_CURVE ( 'NONE', #4233, #4114, #2364, .T. ) ;
#900 = ORIENTED_EDGE ( 'NONE', *, *, #2384, .F. ) ;
#901 = AXIS2_PLACEMENT_3D ( 'NONE', #3015, #4239, #392 ) ;
#902 = EDGE_CURVE ( 'NONE', #2616, #3282, #1319, .T. ) ;
#903 = CARTESIAN_POINT ( 'NONE',  ( 27.01205080756888322, 9.600000000000001421, -2.150000000000001688 ) ) ;
#904 = VERTEX_POINT ( 'NONE', #4718 ) ;
#905 = VECTOR ( 'NONE', #2365, 1000.000000000000000 ) ;
#906 = CARTESIAN_POINT ( 'NONE',  ( 25.28000000000000469, 9.600000000000001421, 2.599999999999998757 ) ) ;
#907 = ORIENTED_EDGE ( 'NONE', *, *, #2086, .F. ) ;
#908 = PLANE ( 'NONE',  #1004 ) ;
#909 = LINE ( 'NONE', #4627, #2716 ) ;
#910 = VERTEX_POINT ( 'NONE', #3274 ) ;
#911 = PRODUCT_DEFINITION_CONTEXT ( 'detailed design', #2482, 'design' ) ;
#912 = VECTOR ( 'NONE', #4769, 1000.000000000000000 ) ;
#913 = DIRECTION ( 'NONE',  ( -1.000000000000000000, 0.000000000000000000, -0.000000000000000000 ) ) ;
#914 = DIRECTION ( 'NONE',  ( 0.000000000000000000, 0.000000000000000000, 1.000000000000000000 ) ) ;
#915 =( NAMED_UNIT ( * ) SI_UNIT ( $, .STERADIAN. ) SOLID_ANGLE_UNIT ( ) );
#916 = CIRCLE ( 'NONE', #4554, 3.999999999999999112 ) ;
#917 = CYLINDRICAL_SURFACE ( 'NONE', #164, 0.4999999999999987232 ) ;
#918 = VERTEX_POINT ( 'NONE', #3643 ) ;
#919 = DIRECTION ( 'NONE',  ( 1.379893674072460458E-16, -0.000000000000000000, 1.000000000000000000 ) ) ;
#920 = AXIS2_PLACEMENT_3D ( 'NONE', #3295, #2062, #1686 ) ;
#921 = AXIS2_PLACEMENT_3D ( 'NONE', #3923, #4587, #110 ) ;
#922 = EDGE_CURVE ( 'NONE', #4359, #3011, #3302, .T. ) ;
#923 = CARTESIAN_POINT ( 'NONE',  ( -28.58099999999999952, 11.50000000000000000, 7.199999999999999289 ) ) ;
#924 = DIRECTION ( 'NONE',  ( 1.000000000000000000, 0.000000000000000000, -0.000000000000000000 ) ) ;
#925 = CARTESIAN_POINT ( 'NONE',  ( -17.07999999999999829, 0.000000000000000000, -7.599999999999996980 ) ) ;
#926 = COLOUR_RGB ( '',0.000000000000000000, 0.000000000000000000, 1.000000000000000000 ) ;
#927 = ORIENTED_EDGE ( 'NONE', *, *, #3325, .T. ) ;
#928 = LINE ( 'NONE', #4254, #4799 ) ;
#929 = ORIENTED_EDGE ( 'NONE', *, *, #1192, .F. ) ;
#930 = FACE_OUTER_BOUND ( 'NONE', #3132, .T. ) ;
#931 = FACE_OUTER_BOUND ( 'NONE', #1248, .T. ) ;
#932 = ORIENTED_EDGE ( 'NONE', *, *, #447, .F. ) ;
#933 = DIRECTION ( 'NONE',  ( 0.000000000000000000, 0.000000000000000000, -1.000000000000000000 ) ) ;
#934 = FACE_OUTER_BOUND ( 'NONE', #4676, .T. ) ;
#935 = ORIENTED_EDGE ( 'NONE', *, *, #4024, .T. ) ;
#936 = ORIENTED_EDGE ( 'NONE', *, *, #1938, .T. ) ;
#937 = LINE ( 'NONE', #1259, #3396 ) ;
#938 = CARTESIAN_POINT ( 'NONE',  ( 17.07999999999999829, 1.600000000000000089, 9.099999999999997868 ) ) ;
#939 = ADVANCED_FACE ( 'NONE', ( #2113 ), #3669, .F. ) ;
#940 = VECTOR ( 'NONE', #3068, 1000.000000000000000 ) ;
#941 = CARTESIAN_POINT ( 'NONE',  ( -25.98000000000000398, 7.800000000000005151, 4.499999999999997335 ) ) ;
#942 = ORIENTED_EDGE ( 'NONE', *, *, #1008, .T. ) ;
#943 = DIRECTION ( 'NONE',  ( 1.000000000000000000, -0.000000000000000000, -0.000000000000000000 ) ) ;
#944 = CIRCLE ( 'NONE', #2211, 1.750000000000000000 ) ;
#945 = DIRECTION ( 'NONE',  ( 0.000000000000000000, -1.000000000000000000, 1.239088197126290275E-15 ) ) ;
#946 = CARTESIAN_POINT ( 'NONE',  ( -23.54794919243112261, 9.600000000000001421, 2.750000000000002665 ) ) ;
#947 = LINE ( 'NONE', #2137, #3681 ) ;
#948 = VERTEX_POINT ( 'NONE', #4819 ) ;
#949 = AXIS2_PLACEMENT_3D ( 'NONE', #2455, #551, #1761 ) ;
#950 = ORIENTED_EDGE ( 'NONE', *, *, #1781, .T. ) ;
#951 = CARTESIAN_POINT ( 'NONE',  ( -27.01205080756887966, 9.600000000000001421, 2.250000000000002665 ) ) ;
#952 = EDGE_LOOP ( 'NONE', ( #247, #2050, #1884, #1448 ) ) ;
#953 = CARTESIAN_POINT ( 'NONE',  ( 15.78000000000001357, 1.700000000000000178, -5.350000000000001421 ) ) ;
#954 = EDGE_CURVE ( 'NONE', #4704, #3287, #944, .T. ) ;
#955 = ORIENTED_EDGE ( 'NONE', *, *, #547, .T. ) ;
#956 = CARTESIAN_POINT ( 'NONE',  ( -25.32999999999999829, -2.500000000000000000, -2.599999999999998312 ) ) ;
#957 = DIRECTION ( 'NONE',  ( 0.000000000000000000, -1.000000000000000000, 1.700709290173340409E-16 ) ) ;
#958 = EDGE_CURVE ( 'NONE', #1195, #4114, #210, .T. ) ;
#959 = DIRECTION ( 'NONE',  ( -0.000000000000000000, -1.000000000000000000, -0.000000000000000000 ) ) ;
#960 = ORIENTED_EDGE ( 'NONE', *, *, #4345, .T. ) ;
#961 = ORIENTED_EDGE ( 'NONE', *, *, #242, .F. ) ;
#962 = ADVANCED_FACE ( 'NONE', ( #2834 ), #4341, .F. ) ;
#963 = LINE ( 'NONE', #3914, #2537 ) ;
#964 = LINE ( 'NONE', #3566, #1286 ) ;
#965 = VECTOR ( 'NONE', #3803, 1000.000000000000000 ) ;
#966 = PLANE ( 'NONE',  #4836 ) ;
#967 = STYLED_ITEM ( 'NONE', ( #2607 ), #2983 ) ;
#968 = ORIENTED_EDGE ( 'NONE', *, *, #2213, .T. ) ;
#969 = FACE_OUTER_BOUND ( 'NONE', #3634, .T. ) ;
#970 = VECTOR ( 'NONE', #4703, 1000.000000000000000 ) ;
#971 = LINE ( 'NONE', #1691, #2184 ) ;
#972 = DIRECTION ( 'NONE',  ( 0.000000000000000000, 0.000000000000000000, -1.000000000000000000 ) ) ;
#973 = EDGE_CURVE ( 'NONE', #761, #1622, #1029, .T. ) ;
#974 = DIRECTION ( 'NONE',  ( 0.000000000000000000, -1.000000000000000000, 0.000000000000000000 ) ) ;
#975 = ORIENTED_EDGE ( 'NONE', *, *, #619, .F. ) ;
#976 = VECTOR ( 'NONE', #2896, 1000.000000000000000 ) ;
#977 = LINE ( 'NONE', #259, #4366 ) ;
#978 = ORIENTED_EDGE ( 'NONE', *, *, #4059, .F. ) ;
#979 = CARTESIAN_POINT ( 'NONE',  ( 25.32999999999999829, 0.000000000000000000, 1.349999999999996980 ) ) ;
#980 = EDGE_CURVE ( 'NONE', #588, #4705, #631, .T. ) ;
#981 = CARTESIAN_POINT ( 'NONE',  ( -27.58000000000000185, 11.60000000000000142, 4.999999999999997335 ) ) ;
#982 = EDGE_CURVE ( 'NONE', #3794, #1622, #2532, .T. ) ;
#983 = DIRECTION ( 'NONE',  ( -0.000000000000000000, -0.000000000000000000, -1.000000000000000000 ) ) ;
#984 = CARTESIAN_POINT ( 'NONE',  ( 28.58000000000000185, 8.599999999999997868, 5.099999999999998757 ) ) ;
#985 = ORIENTED_EDGE ( 'NONE', *, *, #2022, .F. ) ;
#986 = CARTESIAN_POINT ( 'NONE',  ( -11.47999999999999865, 9.199999999999999289, 3.399999999999996803 ) ) ;
#987 = FACE_OUTER_BOUND ( 'NONE', #417, .T. ) ;
#988 = VECTOR ( 'NONE', #8, 1000.000000000000000 ) ;
#989 = ORIENTED_EDGE ( 'NONE', *, *, #589, .F. ) ;
#990 = ORIENTED_EDGE ( 'NONE', *, *, #4683, .F. ) ;
#991 = EDGE_CURVE ( 'NONE', #4380, #3542, #580, .T. ) ;
#992 =( NAMED_UNIT ( * ) PLANE_ANGLE_UNIT ( ) SI_UNIT ( $, .RADIAN. ) );
#993 = EDGE_CURVE ( 'NONE', #2250, #657, #2856, .T. ) ;
#994 = CARTESIAN_POINT ( 'NONE',  ( -28.58099999999999952, 8.000000000000000000, 3.199999999999998845 ) ) ;
#995 = EDGE_CURVE ( 'NONE', #1006, #2433, #3623, .T. ) ;
#996 = VECTOR ( 'NONE', #3087, 1000.000000000000000 ) ;
#997 = DIRECTION ( 'NONE',  ( 0.000000000000000000, 0.000000000000000000, 1.000000000000000000 ) ) ;
#998 = VECTOR ( 'NONE', #3522, 1000.000000000000000 ) ;
#999 = DIRECTION ( 'NONE',  ( 0.000000000000000000, -0.000000000000000000, 1.000000000000000000 ) ) ;
#1000 = VERTEX_POINT ( 'NONE', #2161 ) ;
#1001 = DIRECTION ( 'NONE',  ( 0.000000000000000000, 1.000000000000000000, 0.000000000000000000 ) ) ;
#1002 = CARTESIAN_POINT ( 'NONE',  ( -3.510686175080517835, 13.12999999999999901, 9.134239565673789585 ) ) ;
#1003 = DIRECTION ( 'NONE',  ( -0.000000000000000000, 1.000000000000000000, -0.000000000000000000 ) ) ;
#1004 = AXIS2_PLACEMENT_3D ( 'NONE', #542, #2055, #467 ) ;
#1005 = EDGE_LOOP ( 'NONE', ( #2081, #2353, #3950, #1992 ) ) ;
#1006 = VERTEX_POINT ( 'NONE', #4027 ) ;
#1007 = CARTESIAN_POINT ( 'NONE',  ( 27.07999999999999829, 0.000000000000000000, -8.599999999999997868 ) ) ;
#1008 = EDGE_CURVE ( 'NONE', #2883, #4715, #1767, .T. ) ;
#1009 = ADVANCED_FACE ( 'NONE', ( #3246 ), #4767, .F. ) ;
#1010 = STYLED_ITEM ( 'NONE', ( #3481 ), #1473 ) ;
#1011 = DIRECTION ( 'NONE',  ( -0.000000000000000000, 1.000000000000000000, -0.000000000000000000 ) ) ;
#1012 = ORIENTED_EDGE ( 'NONE', *, *, #1045, .T. ) ;
#1013 = CARTESIAN_POINT ( 'NONE',  ( -28.58000000000000185, 7.800000000000005151, 4.499999999999997335 ) ) ;
#1014 = PLANE ( 'NONE',  #890 ) ;
#1015 = DIRECTION ( 'NONE',  ( -1.000000000000000000, -0.000000000000000000, -0.000000000000000000 ) ) ;
#1016 = VERTEX_POINT ( 'NONE', #186 ) ;
#1017 = EDGE_LOOP ( 'NONE', ( #2929, #312, #546, #2859 ) ) ;
#1018 = CARTESIAN_POINT ( 'NONE',  ( 0.7199999999999984190, 9.199999999999999289, -8.800000000000002487 ) ) ;
#1019 = ORIENTED_EDGE ( 'NONE', *, *, #3821, .F. ) ;
#1020 = CARTESIAN_POINT ( 'NONE',  ( 12.24500000000000277, 11.50000000000000000, -2.800000000000001155 ) ) ;
#1021 = ADVANCED_FACE ( 'NONE', ( #4389 ), #629, .F. ) ;
#1022 = DIRECTION ( 'NONE',  ( -1.000000000000000000, -0.000000000000000000, -0.000000000000000000 ) ) ;
#1023 = EDGE_CURVE ( 'NONE', #4671, #1827, #4739, .T. ) ;
#1024 = CARTESIAN_POINT ( 'NONE',  ( -27.01205080756887966, 10.10000000000000142, 2.250000000000002665 ) ) ;
#1025 = EDGE_CURVE ( 'NONE', #803, #4332, #2281, .T. ) ;
#1026 = AXIS2_PLACEMENT_3D ( 'NONE', #1749, #1299, #3254 ) ;
#1027 = VERTEX_POINT ( 'NONE', #1935 ) ;
#1028 = CYLINDRICAL_SURFACE ( 'NONE', #532, 4.000000000000000888 ) ;
#1029 = LINE ( 'NONE', #1793, #1097 ) ;
#1030 = DIRECTION ( 'NONE',  ( -0.000000000000000000, -1.000000000000000000, -0.000000000000000000 ) ) ;
#1031 = ORIENTED_EDGE ( 'NONE', *, *, #800, .F. ) ;
#1032 = ORIENTED_EDGE ( 'NONE', *, *, #1422, .T. ) ;
#1033 = PLANE ( 'NONE',  #3292 ) ;
#1034 = CYLINDRICAL_SURFACE ( 'NONE', #3518, 1.500000000000000444 ) ;
#1035 = VECTOR ( 'NONE', #2912, 1000.000000000000000 ) ;
#1036 = ORIENTED_EDGE ( 'NONE', *, *, #1061, .T. ) ;
#1037 = CARTESIAN_POINT ( 'NONE',  ( 25.32999999999999829, -2.500000000000000000, 2.599999999999998312 ) ) ;
#1038 = CARTESIAN_POINT ( 'NONE',  ( -27.07999999999999829, 1.600000000000000089, 9.099999999999997868 ) ) ;
#1039 = ORIENTED_EDGE ( 'NONE', *, *, #1171, .T. ) ;
#1040 = VERTEX_POINT ( 'NONE', #2627 ) ;
#1041 = COLOUR_RGB ( '',0.6470588235294117974, 0.5176470588235293491, 0.000000000000000000 ) ;
#1042 = EDGE_CURVE ( 'NONE', #1306, #3973, #1734, .T. ) ;
#1043 = ORIENTED_EDGE ( 'NONE', *, *, #1516, .T. ) ;
#1044 = DIRECTION ( 'NONE',  ( 0.000000000000000000, 1.000000000000000000, 0.000000000000000000 ) ) ;
#1045 = EDGE_CURVE ( 'NONE', #3282, #63, #1213, .T. ) ;
#1046 = CARTESIAN_POINT ( 'NONE',  ( 25.32999999999999829, 0.000000000000000000, 2.599999999999998312 ) ) ;
#1047 = DIRECTION ( 'NONE',  ( -1.000000000000000000, 0.000000000000000000, -0.000000000000000000 ) ) ;
#1048 = ORIENTED_EDGE ( 'NONE', *, *, #3000, .T. ) ;
#1049 = FACE_OUTER_BOUND ( 'NONE', #3958, .T. ) ;
#1050 = COLOUR_RGB ( '',0.8980392156862745390, 0.9176470588235293713, 0.9294117647058823817 ) ;
#1051 = DIRECTION ( 'NONE',  ( 0.000000000000000000, 0.000000000000000000, 1.000000000000000000 ) ) ;
#1052 = ORIENTED_EDGE ( 'NONE', *, *, #4532, .T. ) ;
#1053 = VERTEX_POINT ( 'NONE', #70 ) ;
#1054 = DIRECTION ( 'NONE',  ( -0.3162277660168380522, 0.9486832980505137680, 0.000000000000000000 ) ) ;
#1055 = AXIS2_PLACEMENT_3D ( 'NONE', #1490, #2282, #1514 ) ;
#1056 = VECTOR ( 'NONE', #3379, 1000.000000000000000 ) ;
#1057 = PLANE ( 'NONE',  #4691 ) ;
#1058 = ADVANCED_FACE ( 'NONE', ( #4215 ), #3090, .T. ) ;
#1059 = DIRECTION ( 'NONE',  ( 0.000000000000000000, -0.000000000000000000, 1.000000000000000000 ) ) ;
#1060 = VECTOR ( 'NONE', #2819, 1000.000000000000000 ) ;
#1061 = EDGE_CURVE ( 'NONE', #4418, #1463, #2724, .T. ) ;
#1062 = EDGE_CURVE ( 'NONE', #2320, #1153, #2698, .T. ) ;
#1063 = ORIENTED_EDGE ( 'NONE', *, *, #1915, .T. ) ;
#1064 = PLANE ( 'NONE',  #4909 ) ;
#1065 = LINE ( 'NONE', #2101, #3585 ) ;
#1066 = ORIENTED_EDGE ( 'NONE', *, *, #3073, .T. ) ;
#1067 = EDGE_LOOP ( 'NONE', ( #1780, #4464 ) ) ;
#1068 =( NAMED_UNIT ( * ) SI_UNIT ( $, .STERADIAN. ) SOLID_ANGLE_UNIT ( ) );
#1069 = ORIENTED_EDGE ( 'NONE', *, *, #1232, .T. ) ;
#1070 = DIRECTION ( 'NONE',  ( 0.000000000000000000, 0.000000000000000000, 1.000000000000000000 ) ) ;
#1071 = CIRCLE ( 'NONE', #1538, 1.500000000000001332 ) ;
#1072 = VECTOR ( 'NONE', #3853, 1000.000000000000000 ) ;
#1073 = VERTEX_POINT ( 'NONE', #3788 ) ;
#1074 = CARTESIAN_POINT ( 'NONE',  ( 22.98000000000002174, 11.60000000000000142, -4.900000000000001243 ) ) ;
#1075 = VECTOR ( 'NONE', #1003, 1000.000000000000000 ) ;
#1076 = DIRECTION ( 'NONE',  ( 1.000000000000000000, 0.000000000000000000, 0.000000000000000000 ) ) ;
#1077 = ORIENTED_EDGE ( 'NONE', *, *, #3957, .T. ) ;
#1078 = ORIENTED_EDGE ( 'NONE', *, *, #2073, .F. ) ;
#1079 = EDGE_CURVE ( 'NONE', #4441, #716, #1496, .T. ) ;
#1080 = CARTESIAN_POINT ( 'NONE',  ( -2.929999999999999272, 13.12999999999999901, 9.299999999999997158 ) ) ;
#1081 = CARTESIAN_POINT ( 'NONE',  ( 1.095000000000001528, 11.50000000000000000, 8.199999999999999289 ) ) ;
#1082 = AXIS2_PLACEMENT_3D ( 'NONE', #2681, #396, #3390 ) ;
#1083 = CARTESIAN_POINT ( 'NONE',  ( 25.28000000000000469, 11.60000000000000142, -2.400000000000001688 ) ) ;
#1084 = VECTOR ( 'NONE', #2214, 1000.000000000000000 ) ;
#1085 = CARTESIAN_POINT ( 'NONE',  ( -1.830000000000000071, 11.70000000000000107, 4.999999999999998224 ) ) ;
#1086 = CARTESIAN_POINT ( 'NONE',  ( 0.000000000000000000, 1.700000000000000178, 0.000000000000000000 ) ) ;
#1087 = ORIENTED_EDGE ( 'NONE', *, *, #2548, .F. ) ;
#1088 = CARTESIAN_POINT ( 'NONE',  ( -11.48000000000000043, 9.199999999999999289, -8.800000000000002487 ) ) ;
#1089 = FACE_OUTER_BOUND ( 'NONE', #4832, .T. ) ;
#1090 = ORIENTED_EDGE ( 'NONE', *, *, #4029, .T. ) ;
#1091 = EDGE_CURVE ( 'NONE', #3463, #4778, #4906, .T. ) ;
#1092 = ORIENTED_EDGE ( 'NONE', *, *, #4022, .T. ) ;
#1093 = FILL_AREA_STYLE ('',( #2499 ) ) ;
#1094 = ORIENTED_EDGE ( 'NONE', *, *, #2777, .T. ) ;
#1095 = VECTOR ( 'NONE', #1602, 1000.000000000000000 ) ;
#1096 = DIRECTION ( 'NONE',  ( 0.000000000000000000, 1.000000000000000000, 0.000000000000000000 ) ) ;
#1097 = VECTOR ( 'NONE', #2510, 1000.000000000000000 ) ;
#1098 = EDGE_CURVE ( 'NONE', #2693, #2080, #3488, .T. ) ;
#1099 = PRESENTATION_STYLE_ASSIGNMENT (( #2876 ) ) ;
#1100 = DIRECTION ( 'NONE',  ( 0.000000000000000000, -0.000000000000000000, 1.000000000000000000 ) ) ;
#1101 = FACE_OUTER_BOUND ( 'NONE', #2202, .T. ) ;
#1102 = ORIENTED_EDGE ( 'NONE', *, *, #4192, .T. ) ;
#1103 = VERTEX_POINT ( 'NONE', #2328 ) ;
#1104 = ADVANCED_FACE ( 'NONE', ( #3040 ), #2926, .F. ) ;
#1105 = DIRECTION ( 'NONE',  ( -0.000000000000000000, -1.000000000000000000, -0.000000000000000000 ) ) ;
#1106 = VECTOR ( 'NONE', #419, 1000.000000000000000 ) ;
#1107 = CARTESIAN_POINT ( 'NONE',  ( 28.57999999999999829, 7.799999999999999822, -4.400000000000001243 ) ) ;
#1108 = CARTESIAN_POINT ( 'NONE',  ( 25.28000000000000469, 9.600000000000001421, 2.599999999999998757 ) ) ;
#1109 = ORIENTED_EDGE ( 'NONE', *, *, #1836, .T. ) ;
#1110 = DIRECTION ( 'NONE',  ( 0.000000000000000000, 1.000000000000000000, 0.000000000000000000 ) ) ;
#1111 = ORIENTED_EDGE ( 'NONE', *, *, #130, .F. ) ;
#1112 = CARTESIAN_POINT ( 'NONE',  ( 0.000000000000000000, 11.50000000000000000, 0.000000000000000000 ) ) ;
#1113 = DIRECTION ( 'NONE',  ( 0.000000000000000000, 0.000000000000000000, -1.000000000000000000 ) ) ;
#1114 = EDGE_LOOP ( 'NONE', ( #3338, #1048, #3783, #2676 ) ) ;
#1115 = ORIENTED_EDGE ( 'NONE', *, *, #23, .F. ) ;
#1116 = CIRCLE ( 'NONE', #478, 1.750000000000000000 ) ;
#1117 = PLANE ( 'NONE',  #2901 ) ;
#1118 = VERTEX_POINT ( 'NONE', #4193 ) ;
#1119 = DIRECTION ( 'NONE',  ( 0.000000000000000000, 0.000000000000000000, -1.000000000000000000 ) ) ;
#1120 = CARTESIAN_POINT ( 'NONE',  ( 20.97999999999999687, 1.700000000000000178, -4.900000000000001243 ) ) ;
#1121 = EDGE_CURVE ( 'NONE', #408, #4899, #4505, .T. ) ;
#1122 = SURFACE_STYLE_USAGE ( .BOTH. , #4555 ) ;
#1123 = FACE_OUTER_BOUND ( 'NONE', #616, .T. ) ;
#1124 = CARTESIAN_POINT ( 'NONE',  ( 28.57999999999999829, 1.700000000000000178, -4.900000000000001243 ) ) ;
#1125 = ORIENTED_EDGE ( 'NONE', *, *, #589, .T. ) ;
#1126 = AXIS2_PLACEMENT_3D ( 'NONE', #3727, #1110, #3124 ) ;
#1127 = CARTESIAN_POINT ( 'NONE',  ( -28.58000000000000185, 1.600000000000000089, -10.10000000000000142 ) ) ;
#1128 = LINE ( 'NONE', #4513, #350 ) ;
#1129 = ORIENTED_EDGE ( 'NONE', *, *, #4024, .F. ) ;
#1130 =( GEOMETRIC_REPRESENTATION_CONTEXT ( 3 ) GLOBAL_UNCERTAINTY_ASSIGNED_CONTEXT ( ( #3039 ) ) GLOBAL_UNIT_ASSIGNED_CONTEXT ( ( #1565, #3388, #474 ) ) REPRESENTATION_CONTEXT ( 'NONE', 'WORKASPACE' ) );
#1131 = ORIENTED_EDGE ( 'NONE', *, *, #1745, .T. ) ;
#1132 = PLANE ( 'NONE',  #1842 ) ;
#1133 = CARTESIAN_POINT ( 'NONE',  ( 20.97999999999999687, 11.60000000000000142, -4.900000000000001243 ) ) ;
#1134 = EDGE_LOOP ( 'NONE', ( #1063, #3107 ) ) ;
#1135 = ORIENTED_EDGE ( 'NONE', *, *, #3870, .T. ) ;
#1136 = VECTOR ( 'NONE', #641, 1000.000000000000000 ) ;
#1137 = FACE_OUTER_BOUND ( 'NONE', #3831, .T. ) ;
#1138 = EDGE_LOOP ( 'NONE', ( #706, #172, #1933, #2226 ) ) ;
#1139 = CARTESIAN_POINT ( 'NONE',  ( 1.094999999999999973, 11.50000000000000000, -2.800000000000000266 ) ) ;
#1140 = CIRCLE ( 'NONE', #2637, 1.750000000000001110 ) ;
#1141 = DIRECTION ( 'NONE',  ( 1.000000000000000000, -0.000000000000000000, -0.000000000000000000 ) ) ;
#1142 = EDGE_CURVE ( 'NONE', #486, #657, #3812, .T. ) ;
#1143 = CARTESIAN_POINT ( 'NONE',  ( 25.97999999999999687, 0.000000000000000000, 0.000000000000000000 ) ) ;
#1144 = DIRECTION ( 'NONE',  ( 0.000000000000000000, -1.000000000000000000, 0.000000000000000000 ) ) ;
#1145 = ADVANCED_FACE ( 'NONE', ( #1168 ), #1513, .T. ) ;
#1146 = DIRECTION ( 'NONE',  ( -0.000000000000000000, -1.000000000000000000, -0.000000000000000000 ) ) ;
#1147 = CIRCLE ( 'NONE', #4622, 4.000000000000000888 ) ;
#1148 = DIRECTION ( 'NONE',  ( -1.008560160451632221E-16, -0.000000000000000000, -1.000000000000000000 ) ) ;
#1149 = ORIENTED_EDGE ( 'NONE', *, *, #4560, .T. ) ;
#1150 = VECTOR ( 'NONE', #4190, 1000.000000000000000 ) ;
#1151 = CARTESIAN_POINT ( 'NONE',  ( 25.28000000000000469, 11.60000000000000142, -2.400000000000001688 ) ) ;
#1152 = PLANE ( 'NONE',  #30 ) ;
#1153 = VERTEX_POINT ( 'NONE', #97 ) ;
#1154 = EDGE_CURVE ( 'NONE', #671, #1736, #3437, .T. ) ;
#1155 = DIRECTION ( 'NONE',  ( 0.000000000000000000, 1.000000000000000000, 2.065146995210484448E-16 ) ) ;
#1156 = CARTESIAN_POINT ( 'NONE',  ( -25.28000000000000114, 9.600000000000001421, -2.500000000000002665 ) ) ;
#1157 = ORIENTED_EDGE ( 'NONE', *, *, #3073, .F. ) ;
#1158 = ORIENTED_EDGE ( 'NONE', *, *, #4042, .F. ) ;
#1159 = VECTOR ( 'NONE', #686, 1000.000000000000000 ) ;
#1160 = FACE_OUTER_BOUND ( 'NONE', #643, .T. ) ;
#1161 = EDGE_LOOP ( 'NONE', ( #1036, #4167, #347, #4331 ) ) ;
#1162 = AXIS2_PLACEMENT_3D ( 'NONE', #4196, #26, #310 ) ;
#1163 = VECTOR ( 'NONE', #4128, 1000.000000000000000 ) ;
#1164 = CARTESIAN_POINT ( 'NONE',  ( -25.98000000000000398, 7.799999999999999822, 0.2999999999999973244 ) ) ;
#1165 = FACE_OUTER_BOUND ( 'NONE', #3574, .T. ) ;
#1166 = ORIENTED_EDGE ( 'NONE', *, *, #1534, .F. ) ;
#1167 = UNCERTAINTY_MEASURE_WITH_UNIT (LENGTH_MEASURE( 1.000000000000000082E-05 ), #177, 'distance_accuracy_value', 'NONE');
#1168 = FACE_OUTER_BOUND ( 'NONE', #411, .T. ) ;
#1169 = AXIS2_PLACEMENT_3D ( 'NONE', #764, #64, #3383 ) ;
#1170 = EDGE_CURVE ( 'NONE', #2863, #1500, #4528, .T. ) ;
#1171 = EDGE_CURVE ( 'NONE', #88, #4882, #1071, .T. ) ;
#1172 = CARTESIAN_POINT ( 'NONE',  ( -2.929999999999999272, 13.12999999999999901, 8.199999999999997513 ) ) ;
#1173 = VERTEX_POINT ( 'NONE', #44 ) ;
#1174 = ADVANCED_FACE ( 'NONE', ( #1563 ), #3564, .F. ) ;
#1175 = CARTESIAN_POINT ( 'NONE',  ( 12.24500000000000277, 8.000000000000000000, 1.199999999999998845 ) ) ;
#1176 = CARTESIAN_POINT ( 'NONE',  ( -25.98000000000000398, 7.799999999999999822, -4.500000000000002665 ) ) ;
#1177 = ORIENTED_EDGE ( 'NONE', *, *, #2086, .T. ) ;
#1178 = FACE_OUTER_BOUND ( 'NONE', #3558, .T. ) ;
#1179 = VERTEX_POINT ( 'NONE', #2451 ) ;
#1180 = AXIS2_PLACEMENT_3D ( 'NONE', #1083, #397, #2593 ) ;
#1181 = PLANE ( 'NONE',  #1169 ) ;
#1182 = ORIENTED_EDGE ( 'NONE', *, *, #2166, .T. ) ;
#1183 = LINE ( 'NONE', #4212, #3663 ) ;
#1184 = DIRECTION ( 'NONE',  ( -0.000000000000000000, 1.000000000000000000, -0.000000000000000000 ) ) ;
#1185 = EDGE_LOOP ( 'NONE', ( #3506, #4139, #4552, #1608 ) ) ;
#1186 = EDGE_CURVE ( 'NONE', #3897, #2320, #523, .T. ) ;
#1187 = DIRECTION ( 'NONE',  ( 0.000000000000000000, 0.000000000000000000, -1.000000000000000000 ) ) ;
#1188 = VECTOR ( 'NONE', #4830, 1000.000000000000000 ) ;
#1189 =( NAMED_UNIT ( * ) SI_UNIT ( $, .STERADIAN. ) SOLID_ANGLE_UNIT ( ) );
#1190 = ADVANCED_FACE ( 'NONE', ( #2751 ), #864, .F. ) ;
#1191 = CARTESIAN_POINT ( 'NONE',  ( -23.54794919243112261, 9.600000000000001421, -2.250000000000002665 ) ) ;
#1192 = EDGE_CURVE ( 'NONE', #91, #2844, #1308, .T. ) ;
#1193 = LINE ( 'NONE', #1965, #3849 ) ;
#1194 = DIRECTION ( 'NONE',  ( 1.000000000000000000, 0.000000000000000000, 0.000000000000000000 ) ) ;
#1195 = VERTEX_POINT ( 'NONE', #1609 ) ;
#1196 = CARTESIAN_POINT ( 'NONE',  ( -25.28000000000000114, 10.10000000000000142, 2.500000000000002665 ) ) ;
#1197 = EDGE_CURVE ( 'NONE', #4882, #88, #3833, .T. ) ;
#1198 = CARTESIAN_POINT ( 'NONE',  ( 0.7199999999999984190, 9.199999999999999289, -8.800000000000002487 ) ) ;
#1199 = CARTESIAN_POINT ( 'NONE',  ( -25.28000000000000114, 10.10000000000000142, -2.500000000000002665 ) ) ;
#1200 = DIRECTION ( 'NONE',  ( 0.000000000000000000, 1.000000000000000000, 0.000000000000000000 ) ) ;
#1201 = CYLINDRICAL_SURFACE ( 'NONE', #2629, 1.500000000000000444 ) ;
#1202 = ORIENTED_EDGE ( 'NONE', *, *, #3713, .F. ) ;
#1203 = LINE ( 'NONE', #4697, #3850 ) ;
#1204 = ORIENTED_EDGE ( 'NONE', *, *, #3905, .F. ) ;
#1205 = EDGE_LOOP ( 'NONE', ( #1579, #1580 ) ) ;
#1206 = ORIENTED_EDGE ( 'NONE', *, *, #2909, .T. ) ;
#1207 = CARTESIAN_POINT ( 'NONE',  ( 1.670000000000000151, 6.500000000000000000, -2.300000000000001599 ) ) ;
#1208 = DIRECTION ( 'NONE',  ( 0.000000000000000000, -1.000000000000000000, 0.000000000000000000 ) ) ;
#1209 = VECTOR ( 'NONE', #2566, 1000.000000000000000 ) ;
#1210 = CARTESIAN_POINT ( 'NONE',  ( 25.28000000000000469, 10.10000000000000142, 2.599999999999998757 ) ) ;
#1211 = VECTOR ( 'NONE', #1356, 1000.000000000000000 ) ;
#1212 = EDGE_LOOP ( 'NONE', ( #1032, #608, #4519, #3262 ) ) ;
#1213 = LINE ( 'NONE', #4553, #234 ) ;
#1214 = DIRECTION ( 'NONE',  ( 0.000000000000000000, 1.000000000000000000, 0.000000000000000000 ) ) ;
#1215 = EDGE_CURVE ( 'NONE', #563, #2036, #673, .T. ) ;
#1216 = LINE ( 'NONE', #73, #1710 ) ;
#1217 = DIRECTION ( 'NONE',  ( -0.000000000000000000, -0.000000000000000000, -1.000000000000000000 ) ) ;
#1218 = ORIENTED_EDGE ( 'NONE', *, *, #547, .F. ) ;
#1219 = CARTESIAN_POINT ( 'NONE',  ( 1.095000000000002194, 8.000000000000000000, 1.199999999999994627 ) ) ;
#1220 = VECTOR ( 'NONE', #3981, 1000.000000000000000 ) ;
#1221 = DIRECTION ( 'NONE',  ( 1.000000000000000000, -0.000000000000000000, -0.000000000000000000 ) ) ;
#1222 = DIRECTION ( 'NONE',  ( 0.000000000000000000, 0.000000000000000000, 1.000000000000000000 ) ) ;
#1223 = CARTESIAN_POINT ( 'NONE',  ( 25.28000000000000469, 10.10000000000000142, -2.400000000000001688 ) ) ;
#1224 = VERTEX_POINT ( 'NONE', #3216 ) ;
#1225 = DIRECTION ( 'NONE',  ( -0.000000000000000000, -1.000000000000000000, -0.000000000000000000 ) ) ;
#1226 = EDGE_LOOP ( 'NONE', ( #2582, #2491, #1430, #2242 ) ) ;
#1227 = VERTEX_POINT ( 'NONE', #1283 ) ;
#1228 = AXIS2_PLACEMENT_3D ( 'NONE', #1966, #4289, #2333 ) ;
#1229 = ORIENTED_EDGE ( 'NONE', *, *, #318, .F. ) ;
#1230 = DIRECTION ( 'NONE',  ( 0.000000000000000000, 1.000000000000000000, 0.000000000000000000 ) ) ;
#1231 = DIRECTION ( 'NONE',  ( -0.000000000000000000, 0.000000000000000000, 1.000000000000000000 ) ) ;
#1232 = EDGE_CURVE ( 'NONE', #4441, #3805, #1235, .T. ) ;
#1233 = FACE_OUTER_BOUND ( 'NONE', #2449, .T. ) ;
#1234 = ORIENTED_EDGE ( 'NONE', *, *, #2565, .F. ) ;
#1235 = LINE ( 'NONE', #4264, #3194 ) ;
#1236 = CIRCLE ( 'NONE', #3688, 1.250000000000001110 ) ;
#1237 = AXIS2_PLACEMENT_3D ( 'NONE', #4420, #3280, #1773 ) ;
#1238 = DIRECTION ( 'NONE',  ( -1.000000000000000000, 0.000000000000000000, -0.000000000000000000 ) ) ;
#1239 = AXIS2_PLACEMENT_3D ( 'NONE', #906, #2767, #3208 ) ;
#1240 = CARTESIAN_POINT ( 'NONE',  ( -3.510686175080518723, 12.62999999999999901, 9.134239565673789585 ) ) ;
#1241 = CARTESIAN_POINT ( 'NONE',  ( 1.095000000000002194, 11.50000000000000000, 3.199999999999998845 ) ) ;
#1242 = ORIENTED_EDGE ( 'NONE', *, *, #3821, .T. ) ;
#1243 = DIRECTION ( 'NONE',  ( 0.000000000000000000, 0.000000000000000000, -1.000000000000000000 ) ) ;
#1244 = CARTESIAN_POINT ( 'NONE',  ( -2.349313824919479821, 13.12999999999999901, 7.265760434326204553 ) ) ;
#1245 = LINE ( 'NONE', #4273, #3947 ) ;
#1246 = EDGE_CURVE ( 'NONE', #1437, #3358, #4309, .T. ) ;
#1247 = FACE_BOUND ( 'NONE', #4437, .T. ) ;
#1248 = EDGE_LOOP ( 'NONE', ( #4275, #2841, #2272, #3658 ) ) ;
#1249 = CARTESIAN_POINT ( 'NONE',  ( 25.28000000000000469, 10.10000000000000142, 0.8499999999999985345 ) ) ;
#1250 = ADVANCED_FACE ( 'NONE', ( #3587 ), #3938, .F. ) ;
#1251 = VERTEX_POINT ( 'NONE', #2379 ) ;
#1252 = PRODUCT ( 'VOLTAGE REGULATOR', 'VOLTAGE REGULATOR', '', ( #202 ) ) ;
#1253 = ORIENTED_EDGE ( 'NONE', *, *, #281, .T. ) ;
#1254 = CARTESIAN_POINT ( 'NONE',  ( 28.57999999999999829, 1.600000000000000089, -10.10000000000000142 ) ) ;
#1255 = ORIENTED_EDGE ( 'NONE', *, *, #2332, .T. ) ;
#1256 = LINE ( 'NONE', #2769, #2821 ) ;
#1257 = CARTESIAN_POINT ( 'NONE',  ( -2.929999999999999272, 13.12999999999999901, 8.199999999999997513 ) ) ;
#1258 = VERTEX_POINT ( 'NONE', #174 ) ;
#1259 = CARTESIAN_POINT ( 'NONE',  ( -3.864239565673790011, 13.12999999999999901, 8.780686175080520073 ) ) ;
#1260 = VECTOR ( 'NONE', #2483, 1000.000000000000000 ) ;
#1261 = CARTESIAN_POINT ( 'NONE',  ( 12.24500000000000277, 11.50000000000000000, 8.199999999999999289 ) ) ;
#1262 = LINE ( 'NONE', #2330, #783 ) ;
#1263 = EDGE_CURVE ( 'NONE', #2054, #1268, #497, .T. ) ;
#1264 = FACE_OUTER_BOUND ( 'NONE', #4489, .T. ) ;
#1265 = AXIS2_PLACEMENT_3D ( 'NONE', #649, #2155, #3664 ) ;
#1266 = EDGE_CURVE ( 'NONE', #1016, #2693, #1334, .T. ) ;
#1267 = DIRECTION ( 'NONE',  ( -0.000000000000000000, -0.000000000000000000, 1.000000000000000000 ) ) ;
#1268 = VERTEX_POINT ( 'NONE', #1634 ) ;
#1269 = CARTESIAN_POINT ( 'NONE',  ( -28.58000000000000185, 0.000000000000000000, -10.10000000000000142 ) ) ;
#1270 = VECTOR ( 'NONE', #1680, 1000.000000000000000 ) ;
#1271 = CYLINDRICAL_SURFACE ( 'NONE', #3217, 1.750000000000000222 ) ;
#1272 = CARTESIAN_POINT ( 'NONE',  ( -25.32999999999999829, 0.000000000000000000, 3.849999999999999201 ) ) ;
#1273 = DIRECTION ( 'NONE',  ( -0.000000000000000000, 1.000000000000000000, -0.000000000000000000 ) ) ;
#1274 = ORIENTED_EDGE ( 'NONE', *, *, #3686, .T. ) ;
#1275 = CARTESIAN_POINT ( 'NONE',  ( -27.01205080756887611, 9.600000000000001421, -2.750000000000002665 ) ) ;
#1276 = VERTEX_POINT ( 'NONE', #3516 ) ;
#1277 = CARTESIAN_POINT ( 'NONE',  ( 12.24500000000000277, 11.50000000000000000, -2.300000000000000711 ) ) ;
#1278 = VERTEX_POINT ( 'NONE', #1707 ) ;
#1279 = DIRECTION ( 'NONE',  ( 1.000000000000000000, 0.000000000000000000, -2.503857664561930404E-16 ) ) ;
#1280 = DIRECTION ( 'NONE',  ( 0.000000000000000000, -0.000000000000000000, 1.000000000000000000 ) ) ;
#1281 = EDGE_LOOP ( 'NONE', ( #2789, #1092, #1869, #2893, #340, #4834, #3451, #3593 ) ) ;
#1282 = VECTOR ( 'NONE', #3921, 1000.000000000000000 ) ;
#1283 = CARTESIAN_POINT ( 'NONE',  ( 1.095000000000002194, 8.000000000000000000, -2.300000000000001599 ) ) ;
#1284 = EDGE_CURVE ( 'NONE', #4569, #283, #937, .T. ) ;
#1285 = DIRECTION ( 'NONE',  ( -0.000000000000000000, 1.000000000000000000, 0.000000000000000000 ) ) ;
#1286 = VECTOR ( 'NONE', #2085, 1000.000000000000000 ) ;
#1287 = LINE ( 'NONE', #787, #2003 ) ;
#1288 = VECTOR ( 'NONE', #1676, 1000.000000000000000 ) ;
#1289 = DIRECTION ( 'NONE',  ( 0.000000000000000000, 1.000000000000000000, 0.000000000000000000 ) ) ;
#1290 = EDGE_LOOP ( 'NONE', ( #2882, #1671, #4015, #1678 ) ) ;
#1291 = CARTESIAN_POINT ( 'NONE',  ( -25.28000000000000114, 9.600000000000001421, 2.500000000000002665 ) ) ;
#1292 = CARTESIAN_POINT ( 'NONE',  ( -28.58000000000000185, 1.700000000000000178, -5.000000000000001776 ) ) ;
#1293 = DIRECTION ( 'NONE',  ( 0.000000000000000000, 0.000000000000000000, 1.000000000000000000 ) ) ;
#1294 = ORIENTED_EDGE ( 'NONE', *, *, #1098, .T. ) ;
#1295 = VECTOR ( 'NONE', #3962, 1000.000000000000000 ) ;
#1296 = DIRECTION ( 'NONE',  ( -0.000000000000000000, -0.000000000000000000, -1.000000000000000000 ) ) ;
#1297 = ORIENTED_EDGE ( 'NONE', *, *, #3467, .T. ) ;
#1298 = VECTOR ( 'NONE', #754, 1000.000000000000000 ) ;
#1299 = DIRECTION ( 'NONE',  ( -0.8320502943378439431, -0.5547001962252287033, 0.000000000000000000 ) ) ;
#1300 =( NAMED_UNIT ( * ) SI_UNIT ( $, .STERADIAN. ) SOLID_ANGLE_UNIT ( ) );
#1301 = EDGE_CURVE ( 'NONE', #3907, #3801, #3143, .T. ) ;
#1302 = VERTEX_POINT ( 'NONE', #4356 ) ;
#1303 = LINE ( 'NONE', #1675, #3926 ) ;
#1304 = CARTESIAN_POINT ( 'NONE',  ( 12.24500000000000277, 11.50000000000000000, 1.199999999999998845 ) ) ;
#1305 = ORIENTED_EDGE ( 'NONE', *, *, #1318, .F. ) ;
#1306 = VERTEX_POINT ( 'NONE', #3190 ) ;
#1307 = AXIS2_PLACEMENT_3D ( 'NONE', #4177, #4461, #3771 ) ;
#1308 = LINE ( 'NONE', #2773, #4308 ) ;
#1309 = DIRECTION ( 'NONE',  ( -0.000000000000000000, -1.000000000000000000, -0.000000000000000000 ) ) ;
#1310 = AXIS2_PLACEMENT_3D ( 'NONE', #3019, #3041, #1468 ) ;
#1311 = FILL_AREA_STYLE_COLOUR ( '', #3693 ) ;
#1312 = VECTOR ( 'NONE', #4005, 1000.000000000000000 ) ;
#1313 = CYLINDRICAL_SURFACE ( 'NONE', #1833, 1.500000000000001332 ) ;
#1314 = LINE ( 'NONE', #4713, #2530 ) ;
#1315 = ORIENTED_EDGE ( 'NONE', *, *, #2749, .F. ) ;
#1316 = CARTESIAN_POINT ( 'NONE',  ( 11.67000000000000348, 6.500000000000000000, -2.300000000000001599 ) ) ;
#1317 = COLOUR_RGB ( '',0.2509803921568627416, 0.2509803921568627416, 0.2509803921568627416 ) ;
#1318 = EDGE_CURVE ( 'NONE', #1437, #4280, #963, .T. ) ;
#1319 = LINE ( 'NONE', #4052, #240 ) ;
#1320 = CARTESIAN_POINT ( 'NONE',  ( 25.28000000000000469, 10.10000000000000142, -4.150000000000002132 ) ) ;
#1321 = EDGE_CURVE ( 'NONE', #4187, #2171, #2473, .T. ) ;
#1322 = VECTOR ( 'NONE', #1673, 1000.000000000000000 ) ;
#1323 = ORIENTED_EDGE ( 'NONE', *, *, #3365, .T. ) ;
#1324 = ORIENTED_EDGE ( 'NONE', *, *, #2732, .F. ) ;
#1325 = DIRECTION ( 'NONE',  ( 0.000000000000000000, 1.000000000000000000, 0.000000000000000000 ) ) ;
#1326 = ADVANCED_FACE ( 'NONE', ( #594 ), #153, .F. ) ;
#1327 = ORIENTED_EDGE ( 'NONE', *, *, #3250, .T. ) ;
#1328 = ORIENTED_EDGE ( 'NONE', *, *, #719, .T. ) ;
#1329 = LINE ( 'NONE', #1013, #3795 ) ;
#1330 = CARTESIAN_POINT ( 'NONE',  ( 27.08000000000000185, 11.60000000000000142, -0.1500000000000014655 ) ) ;
#1331 = ORIENTED_EDGE ( 'NONE', *, *, #2988, .F. ) ;
#1332 = ORIENTED_EDGE ( 'NONE', *, *, #2811, .F. ) ;
#1333 = MANIFOLD_SOLID_BREP ( 'Boss-Extrude2', #3840 ) ;
#1334 = LINE ( 'NONE', #569, #4706 ) ;
#1335 = CARTESIAN_POINT ( 'NONE',  ( 28.57999999999999829, 7.799999999999998934, 0.3999999999999975797 ) ) ;
#1336 = ADVANCED_FACE ( 'NONE', ( #3263 ), #4407, .F. ) ;
#1337 = CARTESIAN_POINT ( 'NONE',  ( 20.98000000000001108, 8.600000000000006750, -4.900000000000001243 ) ) ;
#1338 = EDGE_CURVE ( 'NONE', #2324, #4283, #4757, .T. ) ;
#1339 = MANIFOLD_SOLID_BREP ( 'Cut-Extrude6', #3599 ) ;
#1340 = ORIENTED_EDGE ( 'NONE', *, *, #2873, .F. ) ;
#1341 = CARTESIAN_POINT ( 'NONE',  ( 22.36461538461539078, 10.67692307692307452, 5.099999999999998757 ) ) ;
#1342 = EDGE_CURVE ( 'NONE', #2048, #2461, #3337, .T. ) ;
#1343 = VECTOR ( 'NONE', #799, 1000.000000000000000 ) ;
#1344 = DIRECTION ( 'NONE',  ( 0.000000000000000000, -1.000000000000000000, 0.000000000000000000 ) ) ;
#1345 = DIRECTION ( 'NONE',  ( 0.000000000000000000, 0.000000000000000000, 1.000000000000000000 ) ) ;
#1346 = DIRECTION ( 'NONE',  ( 0.000000000000000000, 1.000000000000000000, 0.000000000000000000 ) ) ;
#1347 = ORIENTED_EDGE ( 'NONE', *, *, #958, .T. ) ;
#1348 = ORIENTED_EDGE ( 'NONE', *, *, #3243, .T. ) ;
#1349 = EDGE_CURVE ( 'NONE', #1118, #2327, #4381, .T. ) ;
#1350 = DIRECTION ( 'NONE',  ( 0.8320502943378436100, -0.5547001962252292584, 0.000000000000000000 ) ) ;
#1351 = EDGE_CURVE ( 'NONE', #2953, #2877, #3859, .T. ) ;
#1352 = CARTESIAN_POINT ( 'NONE',  ( 15.78000000000001357, 1.700000000000000178, -1.350000000000002309 ) ) ;
#1353 = EDGE_CURVE ( 'NONE', #2237, #3805, #1564, .T. ) ;
#1354 = ORIENTED_EDGE ( 'NONE', *, *, #2657, .F. ) ;
#1355 = CARTESIAN_POINT ( 'NONE',  ( -28.58099999999999952, 11.50000000000000000, 1.199999999999998845 ) ) ;
#1356 = DIRECTION ( 'NONE',  ( -1.000000000000000000, -0.000000000000000000, -0.000000000000000000 ) ) ;
#1357 = ORIENTED_EDGE ( 'NONE', *, *, #2711, .T. ) ;
#1358 = CARTESIAN_POINT ( 'NONE',  ( -22.98000000000000043, 11.60000000000000142, 4.999999999999997335 ) ) ;
#1359 = ORIENTED_EDGE ( 'NONE', *, *, #1534, .T. ) ;
#1360 = CARTESIAN_POINT ( 'NONE',  ( 25.97999999999999687, 2.700000000000000178, 0.3999999999999969136 ) ) ;
#1361 = LINE ( 'NONE', #1584, #4379 ) ;
#1362 = COLOUR_RGB ( '',0.8980392156862745390, 0.9176470588235293713, 0.9294117647058823817 ) ;
#1363 = VECTOR ( 'NONE', #3399, 1000.000000000000000 ) ;
#1364 = LINE ( 'NONE', #573, #3082 ) ;
#1365 = EDGE_LOOP ( 'NONE', ( #62, #2032, #782, #1505 ) ) ;
#1366 = FILL_AREA_STYLE_COLOUR ( '', #1362 ) ;
#1367 = ADVANCED_FACE ( 'NONE', ( #3685 ), #302, .F. ) ;
#1368 = VERTEX_POINT ( 'NONE', #2967 ) ;
#1369 = AXIS2_PLACEMENT_3D ( 'NONE', #3139, #3162, #3541 ) ;
#1370 = DIRECTION ( 'NONE',  ( 0.000000000000000000, 1.000000000000000000, 0.000000000000000000 ) ) ;
#1371 = CARTESIAN_POINT ( 'NONE',  ( 25.28000000000000469, 10.10000000000000142, -2.400000000000001688 ) ) ;
#1372 = CARTESIAN_POINT ( 'NONE',  ( -28.58000000000000185, 8.600000000000001421, 4.999999999999997335 ) ) ;
#1373 = VERTEX_POINT ( 'NONE', #1905 ) ;
#1374 = VECTOR ( 'NONE', #699, 1000.000000000000000 ) ;
#1375 = CARTESIAN_POINT ( 'NONE',  ( -25.32999999999999829, -2.500000000000000000, 3.849999999999999201 ) ) ;
#1376 = EDGE_LOOP ( 'NONE', ( #4291, #471 ) ) ;
#1377 = CARTESIAN_POINT ( 'NONE',  ( 27.07999999999999829, 1.600000000000000089, 8.599999999999997868 ) ) ;
#1378 = PLANE ( 'NONE',  #4645 ) ;
#1379 = ORIENTED_EDGE ( 'NONE', *, *, #1142, .T. ) ;
#1380 = DIRECTION ( 'NONE',  ( 0.000000000000000000, 0.000000000000000000, 1.000000000000000000 ) ) ;
#1381 = DIRECTION ( 'NONE',  ( 0.000000000000000000, 1.000000000000000000, 0.000000000000000000 ) ) ;
#1382 = AXIS2_PLACEMENT_3D ( 'NONE', #4540, #4491, #3725 ) ;
#1383 = VERTEX_POINT ( 'NONE', #386 ) ;
#1384 = ORIENTED_EDGE ( 'NONE', *, *, #20, .T. ) ;
#1385 = ADVANCED_FACE ( 'NONE', ( #1137 ), #4232, .F. ) ;
#1386 = ADVANCED_FACE ( 'NONE', ( #4520 ), #808, .F. ) ;
#1387 = CARTESIAN_POINT ( 'NONE',  ( 23.54794919243112616, 9.600000000000001421, 2.850000000000000089 ) ) ;
#1388 = CIRCLE ( 'NONE', #3122, 0.4999999999999987232 ) ;
#1389 = ADVANCED_FACE ( 'NONE', ( #3732 ), #740, .F. ) ;
#1390 = PLANE ( 'NONE',  #1265 ) ;
#1391 = VECTOR ( 'NONE', #2905, 1000.000000000000000 ) ;
#1392 = CARTESIAN_POINT ( 'NONE',  ( 28.57999999999999829, 2.700000000000000178, -4.400000000000000355 ) ) ;
#1393 = ORIENTED_EDGE ( 'NONE', *, *, #2661, .F. ) ;
#1394 = DIRECTION ( 'NONE',  ( -0.7071067811865460184, 0.000000000000000000, 0.7071067811865490160 ) ) ;
#1395 = CARTESIAN_POINT ( 'NONE',  ( -27.07999999999999829, 11.60000000000000142, -0.2500000000000000000 ) ) ;
#1396 =( GEOMETRIC_REPRESENTATION_CONTEXT ( 3 ) GLOBAL_UNCERTAINTY_ASSIGNED_CONTEXT ( ( #1167 ) ) GLOBAL_UNIT_ASSIGNED_CONTEXT ( ( #177, #1414, #915 ) ) REPRESENTATION_CONTEXT ( 'NONE', 'WORKASPACE' ) );
#1397 = AXIS2_PLACEMENT_3D ( 'NONE', #1520, #4468, #335 ) ;
#1398 = ORIENTED_EDGE ( 'NONE', *, *, #2781, .F. ) ;
#1399 = CARTESIAN_POINT ( 'NONE',  ( 27.07999999999999829, 1.600000000000000089, 8.599999999999997868 ) ) ;
#1400 = EDGE_LOOP ( 'NONE', ( #3029, #4479 ) ) ;
#1401 = FACE_BOUND ( 'NONE', #3761, .T. ) ;
#1402 = ADVANCED_FACE ( 'NONE', ( #4547 ), #2323, .F. ) ;
#1403 = VECTOR ( 'NONE', #3255, 1000.000000000000000 ) ;
#1404 = LINE ( 'NONE', #4423, #3432 ) ;
#1405 = EDGE_LOOP ( 'NONE', ( #4869, #968, #1094 ) ) ;
#1406 = ADVANCED_FACE ( 'NONE', ( #3057 ), #4571, .F. ) ;
#1407 = DIRECTION ( 'NONE',  ( 0.000000000000000000, 0.000000000000000000, -1.000000000000000000 ) ) ;
#1408 = CYLINDRICAL_SURFACE ( 'NONE', #4146, 1.750000000000000000 ) ;
#1409 = ORIENTED_EDGE ( 'NONE', *, *, #2384, .T. ) ;
#1410 = VERTEX_POINT ( 'NONE', #3806 ) ;
#1411 = SURFACE_SIDE_STYLE ('',( #4041 ) ) ;
#1412 = ORIENTED_EDGE ( 'NONE', *, *, #2588, .T. ) ;
#1413 = FACE_OUTER_BOUND ( 'NONE', #4904, .T. ) ;
#1414 =( NAMED_UNIT ( * ) PLANE_ANGLE_UNIT ( ) SI_UNIT ( $, .RADIAN. ) );
#1415 = CARTESIAN_POINT ( 'NONE',  ( -11.33000000000000007, 1.700000000000000178, 9.299999999999997158 ) ) ;
#1416 = DIRECTION ( 'NONE',  ( -0.000000000000000000, -1.000000000000000000, -0.000000000000000000 ) ) ;
#1417 = ADVANCED_FACE ( 'NONE', ( #4883 ), #1117, .F. ) ;
#1418 = VECTOR ( 'NONE', #1480, 1000.000000000000000 ) ;
#1419 = ORIENTED_EDGE ( 'NONE', *, *, #1121, .F. ) ;
#1420 = EDGE_CURVE ( 'NONE', #1817, #2938, #2671, .T. ) ;
#1421 = DIRECTION ( 'NONE',  ( 0.000000000000000000, -0.000000000000000000, 1.000000000000000000 ) ) ;
#1422 = EDGE_CURVE ( 'NONE', #1441, #1103, #3759, .T. ) ;
#1423 = CARTESIAN_POINT ( 'NONE',  ( 25.28000000000000469, 10.10000000000000142, -2.400000000000001688 ) ) ;
#1424 = DIRECTION ( 'NONE',  ( 0.000000000000000000, 1.000000000000000000, -0.000000000000000000 ) ) ;
#1425 = ORIENTED_EDGE ( 'NONE', *, *, #1466, .F. ) ;
#1426 = VERTEX_POINT ( 'NONE', #409 ) ;
#1427 = DIRECTION ( 'NONE',  ( 0.000000000000000000, -0.000000000000000000, 1.000000000000000000 ) ) ;
#1428 = PLANE ( 'NONE',  #1857 ) ;
#1429 = VECTOR ( 'NONE', #1788, 1000.000000000000000 ) ;
#1430 = ORIENTED_EDGE ( 'NONE', *, *, #1342, .F. ) ;
#1431 = DIRECTION ( 'NONE',  ( -0.000000000000000000, -1.000000000000000000, -0.000000000000000000 ) ) ;
#1432 = FACE_OUTER_BOUND ( 'NONE', #1518, .T. ) ;
#1433 = LINE ( 'NONE', #2986, #3980 ) ;
#1434 = ORIENTED_EDGE ( 'NONE', *, *, #2332, .F. ) ;
#1435 = VERTEX_POINT ( 'NONE', #3429 ) ;
#1436 = VECTOR ( 'NONE', #2939, 1000.000000000000000 ) ;
#1437 = VERTEX_POINT ( 'NONE', #3457 ) ;
#1438 = CARTESIAN_POINT ( 'NONE',  ( 27.08000000000000185, 10.10000000000000142, -0.1500000000000014655 ) ) ;
#1439 = ADVANCED_FACE ( 'NONE', ( #2623 ), #1181, .F. ) ;
#1440 = CARTESIAN_POINT ( 'NONE',  ( -2.349313824919480265, 12.62999999999999901, 7.265760434326204553 ) ) ;
#1441 = VERTEX_POINT ( 'NONE', #36 ) ;
#1442 = CARTESIAN_POINT ( 'NONE',  ( -27.07999999999999829, 10.10000000000000142, -0.2500000000000000000 ) ) ;
#1443 = VECTOR ( 'NONE', #3149, 1000.000000000000000 ) ;
#1444 = LINE ( 'NONE', #1815, #438 ) ;
#1445 = ORIENTED_EDGE ( 'NONE', *, *, #463, .F. ) ;
#1446 = ADVANCED_FACE ( 'NONE', ( #1160 ), #366, .T. ) ;
#1447 = CIRCLE ( 'NONE', #2316, 0.4999999999999987232 ) ;
#1448 = ORIENTED_EDGE ( 'NONE', *, *, #4208, .T. ) ;
#1449 = CARTESIAN_POINT ( 'NONE',  ( -11.33000000000000007, 11.70000000000000107, 4.999999999999997335 ) ) ;
#1450 = CARTESIAN_POINT ( 'NONE',  ( -3.864239565673790011, 13.12999999999999901, 8.780686175080520073 ) ) ;
#1451 = PLANE ( 'NONE',  #4557 ) ;
#1452 = CARTESIAN_POINT ( 'NONE',  ( 28.57999999999999829, 1.600000000000000089, 10.09999999999999787 ) ) ;
#1453 = FACE_OUTER_BOUND ( 'NONE', #4130, .T. ) ;
#1454 = VECTOR ( 'NONE', #2667, 1000.000000000000000 ) ;
#1455 = DIRECTION ( 'NONE',  ( 1.379893674072460458E-16, 0.000000000000000000, 1.000000000000000000 ) ) ;
#1456 = EDGE_LOOP ( 'NONE', ( #3647, #1498, #361, #4347, #4901, #4105 ) ) ;
#1457 = CARTESIAN_POINT ( 'NONE',  ( -3.510686175080518723, 13.12999999999999901, 9.134239565673789585 ) ) ;
#1458 = EDGE_LOOP ( 'NONE', ( #961, #2762, #3605 ) ) ;
#1459 = VERTEX_POINT ( 'NONE', #3010 ) ;
#1460 = MANIFOLD_SOLID_BREP ( 'Boss-Extrude5', #4873 ) ;
#1461 = EDGE_CURVE ( 'NONE', #3163, #2703, #2052, .T. ) ;
#1462 = DIRECTION ( 'NONE',  ( 1.000000000000000000, 0.000000000000000000, 0.000000000000000000 ) ) ;
#1463 = VERTEX_POINT ( 'NONE', #4165 ) ;
#1464 = DIRECTION ( 'NONE',  ( 1.000000000000000000, 0.000000000000000000, 0.000000000000000000 ) ) ;
#1465 = DIRECTION ( 'NONE',  ( 1.000000000000000000, 0.000000000000000000, -2.503857664561930404E-16 ) ) ;
#1466 = EDGE_CURVE ( 'NONE', #1153, #3061, #4279, .T. ) ;
#1467 = CLOSED_SHELL ( 'NONE', ( #60, #2382, #1336, #4601, #2411, #3435 ) ) ;
#1468 = DIRECTION ( 'NONE',  ( 0.000000000000000000, 0.000000000000000000, 1.000000000000000000 ) ) ;
#1469 = VECTOR ( 'NONE', #3346, 1000.000000000000000 ) ;
#1470 = CARTESIAN_POINT ( 'NONE',  ( -28.58000000000000185, 11.60000000000000142, 4.999999999999997335 ) ) ;
#1471 = ORIENTED_EDGE ( 'NONE', *, *, #867, .T. ) ;
#1472 = ORIENTED_EDGE ( 'NONE', *, *, #373, .T. ) ;
#1473 = MANIFOLD_SOLID_BREP ( 'Boss-Extrude7', #1467 ) ;
#1474 = LINE ( 'NONE', #4421, #577 ) ;
#1475 = CARTESIAN_POINT ( 'NONE',  ( 1.095000000000000862, 11.50000000000000000, 3.199999999999998845 ) ) ;
#1476 = AXIS2_PLACEMENT_3D ( 'NONE', #3723, #2313, #2635 ) ;
#1477 = CARTESIAN_POINT ( 'NONE',  ( 20.97999999999999687, 1.700000000000000178, 5.099999999999998757 ) ) ;
#1478 = VERTEX_POINT ( 'NONE', #1277 ) ;
#1479 = ADVANCED_FACE ( 'NONE', ( #858 ), #2371, .T. ) ;
#1480 = DIRECTION ( 'NONE',  ( 1.000000000000000000, -0.000000000000000000, -0.000000000000000000 ) ) ;
#1481 = DIRECTION ( 'NONE',  ( 0.9486832980505137680, -0.3162277660168380522, 0.000000000000000000 ) ) ;
#1482 = ORIENTED_EDGE ( 'NONE', *, *, #297, .T. ) ;
#1483 = DIRECTION ( 'NONE',  ( 0.000000000000000000, -0.000000000000000000, 1.000000000000000000 ) ) ;
#1484 = ORIENTED_EDGE ( 'NONE', *, *, #3152, .F. ) ;
#1485 = EDGE_LOOP ( 'NONE', ( #3380, #3673, #309, #3986 ) ) ;
#1486 = EDGE_CURVE ( 'NONE', #4621, #3084, #2348, .T. ) ;
#1487 = DIRECTION ( 'NONE',  ( 0.000000000000000000, 0.000000000000000000, 1.000000000000000000 ) ) ;
#1488 = ORIENTED_EDGE ( 'NONE', *, *, #3231, .T. ) ;
#1489 = PLANE ( 'NONE',  #2164 ) ;
#1490 = CARTESIAN_POINT ( 'NONE',  ( 25.28000000000000469, 10.10000000000000142, 2.599999999999998757 ) ) ;
#1491 = CARTESIAN_POINT ( 'NONE',  ( -11.33000000000000007, 11.70000000000000107, 4.999999999999997335 ) ) ;
#1492 = CARTESIAN_POINT ( 'NONE',  ( 1.095000000000001528, 6.599999999999999645, 8.199999999999999289 ) ) ;
#1493 = VERTEX_POINT ( 'NONE', #4349 ) ;
#1494 = EDGE_CURVE ( 'NONE', #948, #2250, #4699, .T. ) ;
#1495 = PLANE ( 'NONE',  #2268 ) ;
#1496 = CIRCLE ( 'NONE', #4271, 1.750000000000000000 ) ;
#1497 = DIRECTION ( 'NONE',  ( 0.000000000000000000, 1.000000000000000000, -1.700709290173340409E-16 ) ) ;
#1498 = ORIENTED_EDGE ( 'NONE', *, *, #2680, .T. ) ;
#1499 = ADVANCED_FACE ( 'NONE', ( #931 ), #2419, .F. ) ;
#1500 = VERTEX_POINT ( 'NONE', #4302 ) ;
#1501 = CARTESIAN_POINT ( 'NONE',  ( 1.095000000000002194, 8.000000000000000000, 3.699999999999998401 ) ) ;
#1502 = EDGE_CURVE ( 'NONE', #2152, #2224, #90, .T. ) ;
#1503 = CARTESIAN_POINT ( 'NONE',  ( 27.07999999999999829, 1.600000000000000089, 8.599999999999997868 ) ) ;
#1504 = VERTEX_POINT ( 'NONE', #1254 ) ;
#1505 = ORIENTED_EDGE ( 'NONE', *, *, #2793, .F. ) ;
#1506 = EDGE_CURVE ( 'NONE', #1426, #4269, #562, .T. ) ;
#1507 = CIRCLE ( 'NONE', #4432, 1.250000000000001110 ) ;
#1508 = DIRECTION ( 'NONE',  ( -0.000000000000000000, -1.000000000000000000, -0.000000000000000000 ) ) ;
#1509 = ORIENTED_EDGE ( 'NONE', *, *, #2761, .T. ) ;
#1510 = LINE ( 'NONE', #2649, #4608 ) ;
#1511 = CARTESIAN_POINT ( 'NONE',  ( 27.07999999999999829, 0.000000000000000000, 8.099999999999999645 ) ) ;
#1512 = UNCERTAINTY_MEASURE_WITH_UNIT (LENGTH_MEASURE( 1.000000000000000082E-05 ), #4023, 'distance_accuracy_value', 'NONE');
#1513 = CYLINDRICAL_SURFACE ( 'NONE', #198, 1.250000000000001110 ) ;
#1514 = DIRECTION ( 'NONE',  ( 0.000000000000000000, -0.000000000000000000, -1.000000000000000000 ) ) ;
#1515 = LINE ( 'NONE', #4103, #687 ) ;
#1516 = EDGE_CURVE ( 'NONE', #1694, #117, #141, .T. ) ;
#1517 = FACE_OUTER_BOUND ( 'NONE', #3728, .T. ) ;
#1518 = EDGE_LOOP ( 'NONE', ( #490, #148, #2077, #3355, #4246, #3333, #2549, #4797 ) ) ;
#1519 = VECTOR ( 'NONE', #919, 1000.000000000000000 ) ;
#1520 = CARTESIAN_POINT ( 'NONE',  ( -27.07999999999999829, 1.600000000000000089, -8.599999999999997868 ) ) ;
#1521 = DIRECTION ( 'NONE',  ( 0.000000000000000000, -1.000000000000000000, -1.700709290173340409E-16 ) ) ;
#1522 = AXIS2_PLACEMENT_3D ( 'NONE', #1261, #3144, #914 ) ;
#1523 = ORIENTED_EDGE ( 'NONE', *, *, #3223, .T. ) ;
#1524 = CARTESIAN_POINT ( 'NONE',  ( 12.24500000000000277, 11.50000000000000000, -0.8000000000000012657 ) ) ;
#1525 = CARTESIAN_POINT ( 'NONE',  ( 12.24500000000000277, 11.50000000000000000, 5.199999999999999289 ) ) ;
#1526 = ORIENTED_EDGE ( 'NONE', *, *, #468, .F. ) ;
#1527 = ORIENTED_EDGE ( 'NONE', *, *, #1871, .T. ) ;
#1528 = FILL_AREA_STYLE_COLOUR ( '', #926 ) ;
#1529 = ORIENTED_EDGE ( 'NONE', *, *, #3592, .T. ) ;
#1530 = EDGE_CURVE ( 'NONE', #1824, #1698, #1637, .T. ) ;
#1531 = VECTOR ( 'NONE', #4738, 1000.000000000000114 ) ;
#1532 = DIRECTION ( 'NONE',  ( 0.000000000000000000, 1.000000000000000000, 0.000000000000000000 ) ) ;
#1533 = CARTESIAN_POINT ( 'NONE',  ( -17.07999999999999829, 1.600000000000000089, -6.099999999999996980 ) ) ;
#1534 = EDGE_CURVE ( 'NONE', #4035, #1278, #217, .T. ) ;
#1535 = EDGE_LOOP ( 'NONE', ( #1598, #3942, #4304, #237 ) ) ;
#1536 = DIRECTION ( 'NONE',  ( 0.000000000000000000, 0.000000000000000000, 1.000000000000000000 ) ) ;
#1537 = ADVANCED_FACE ( 'NONE', ( #1724 ), #1378, .F. ) ;
#1538 = AXIS2_PLACEMENT_3D ( 'NONE', #3410, #21, #1536 ) ;
#1539 = FILL_AREA_STYLE_COLOUR ( '', #1050 ) ;
#1540 = CARTESIAN_POINT ( 'NONE',  ( 25.28000000000000469, 10.10000000000000142, -2.400000000000001688 ) ) ;
#1541 = VECTOR ( 'NONE', #1774, 1000.000000000000000 ) ;
#1542 = FACE_OUTER_BOUND ( 'NONE', #952, .T. ) ;
#1543 = DIRECTION ( 'NONE',  ( 0.5547001962252291474, 0.8320502943378436100, 0.000000000000000000 ) ) ;
#1544 = ORIENTED_EDGE ( 'NONE', *, *, #2259, .F. ) ;
#1545 = AXIS2_PLACEMENT_3D ( 'NONE', #3624, #1424, #2858 ) ;
#1546 = DIRECTION ( 'NONE',  ( 0.000000000000000000, -0.000000000000000000, 1.000000000000000000 ) ) ;
#1547 = PLANE ( 'NONE',  #1939 ) ;
#1548 = ORIENTED_EDGE ( 'NONE', *, *, #4580, .T. ) ;
#1549 = CARTESIAN_POINT ( 'NONE',  ( 27.07999999999999829, 0.000000000000000000, -9.099999999999997868 ) ) ;
#1550 = EDGE_CURVE ( 'NONE', #1268, #2949, #587, .T. ) ;
#1551 = PLANE ( 'NONE',  #1863 ) ;
#1552 = ORIENTED_EDGE ( 'NONE', *, *, #2897, .T. ) ;
#1553 = FACE_BOUND ( 'NONE', #2933, .T. ) ;
#1554 = AXIS2_PLACEMENT_3D ( 'NONE', #748, #2951, #1100 ) ;
#1555 = VECTOR ( 'NONE', #1054, 1000.000000000000114 ) ;
#1556 = PRESENTATION_STYLE_ASSIGNMENT (( #3083 ) ) ;
#1557 = ORIENTED_EDGE ( 'NONE', *, *, #2711, .F. ) ;
#1558 = CIRCLE ( 'NONE', #4248, 1.750000000000001332 ) ;
#1559 = VECTOR ( 'NONE', #4641, 1000.000000000000000 ) ;
#1560 = CARTESIAN_POINT ( 'NONE',  ( -25.28000000000000114, 10.10000000000000142, 2.500000000000002665 ) ) ;
#1561 = CARTESIAN_POINT ( 'NONE',  ( -28.58000000000000185, 1.600000000000000089, 10.09999999999999787 ) ) ;
#1562 = ORIENTED_EDGE ( 'NONE', *, *, #1461, .T. ) ;
#1563 = FACE_OUTER_BOUND ( 'NONE', #1226, .T. ) ;
#1564 = CIRCLE ( 'NONE', #4101, 1.750000000000000000 ) ;
#1565 =( LENGTH_UNIT ( ) NAMED_UNIT ( * ) SI_UNIT ( .MILLI., .METRE. ) );
#1566 = DIRECTION ( 'NONE',  ( 0.000000000000000000, -0.000000000000000000, 1.000000000000000000 ) ) ;
#1567 = DIRECTION ( 'NONE',  ( 1.379893674072460458E-16, 0.000000000000000000, 1.000000000000000000 ) ) ;
#1568 = LINE ( 'NONE', #1452, #940 ) ;
#1569 = DIRECTION ( 'NONE',  ( 1.000000000000000000, 0.000000000000000000, -0.000000000000000000 ) ) ;
#1570 = ORIENTED_EDGE ( 'NONE', *, *, #1918, .F. ) ;
#1571 = FACE_OUTER_BOUND ( 'NONE', #4514, .T. ) ;
#1572 = EDGE_CURVE ( 'NONE', #117, #1073, #4444, .T. ) ;
#1573 = EDGE_CURVE ( 'NONE', #1721, #4882, #611, .T. ) ;
#1574 = PLANE ( 'NONE',  #921 ) ;
#1575 = CARTESIAN_POINT ( 'NONE',  ( -17.07999999999999829, 1.600000000000000089, -9.099999999999997868 ) ) ;
#1576 = CARTESIAN_POINT ( 'NONE',  ( 12.24500000000000277, 11.50000000000000000, 8.199999999999999289 ) ) ;
#1577 = EDGE_LOOP ( 'NONE', ( #4186, #3698, #805, #1012 ) ) ;
#1578 = LINE ( 'NONE', #1249, #291 ) ;
#1579 = ORIENTED_EDGE ( 'NONE', *, *, #3940, .T. ) ;
#1580 = ORIENTED_EDGE ( 'NONE', *, *, #3648, .T. ) ;
#1581 = SURFACE_SIDE_STYLE ('',( #4210 ) ) ;
#1582 = EDGE_LOOP ( 'NONE', ( #2610, #4050, #2837, #287 ) ) ;
#1583 = CARTESIAN_POINT ( 'NONE',  ( -3.510686175080517835, 12.62999999999999901, 9.134239565673789585 ) ) ;
#1584 = CARTESIAN_POINT ( 'NONE',  ( 1.095000000000002194, 8.000000000000000000, 7.199999999999994849 ) ) ;
#1585 = CARTESIAN_POINT ( 'NONE',  ( 27.01205080756888322, 9.600000000000001421, 2.349999999999998757 ) ) ;
#1586 = ORIENTED_EDGE ( 'NONE', *, *, #4840, .T. ) ;
#1587 = CARTESIAN_POINT ( 'NONE',  ( 27.07999999999999829, 1.600000000000000089, -8.599999999999997868 ) ) ;
#1588 = CIRCLE ( 'NONE', #4355, 1.500000000000000444 ) ;
#1589 = CARTESIAN_POINT ( 'NONE',  ( -25.32999999999999829, -2.500000000000000000, 2.599999999999998312 ) ) ;
#1590 = CARTESIAN_POINT ( 'NONE',  ( -25.32999999999999829, 0.000000000000000000, -2.599999999999998312 ) ) ;
#1591 = PLANE ( 'NONE',  #1866 ) ;
#1592 = EDGE_LOOP ( 'NONE', ( #1182, #69, #2103, #1242 ) ) ;
#1593 = DIRECTION ( 'NONE',  ( 0.000000000000000000, 0.000000000000000000, -1.000000000000000000 ) ) ;
#1594 = LINE ( 'NONE', #923, #1955 ) ;
#1595 = LINE ( 'NONE', #1575, #3475 ) ;
#1596 = CARTESIAN_POINT ( 'NONE',  ( -27.07999999999999829, 10.10000000000000142, -0.2500000000000000000 ) ) ;
#1597 = EDGE_CURVE ( 'NONE', #2938, #1817, #3993, .T. ) ;
#1598 = ORIENTED_EDGE ( 'NONE', *, *, #4702, .F. ) ;
#1599 = FACE_OUTER_BOUND ( 'NONE', #3327, .T. ) ;
#1600 = ORIENTED_EDGE ( 'NONE', *, *, #4046, .T. ) ;
#1601 = VECTOR ( 'NONE', #2314, 1000.000000000000000 ) ;
#1602 = DIRECTION ( 'NONE',  ( -0.000000000000000000, 1.000000000000000000, -0.000000000000000000 ) ) ;
#1603 = ORIENTED_EDGE ( 'NONE', *, *, #1985, .F. ) ;
#1604 = CARTESIAN_POINT ( 'NONE',  ( 28.57999999999999829, 1.600000000000000089, -10.10000000000000142 ) ) ;
#1605 = CARTESIAN_POINT ( 'NONE',  ( 27.58000000000000185, 11.60000000000000142, 5.099999999999998757 ) ) ;
#1606 = DIRECTION ( 'NONE',  ( 0.000000000000000000, 1.000000000000000000, -0.000000000000000000 ) ) ;
#1607 = VECTOR ( 'NONE', #2794, 1000.000000000000000 ) ;
#1608 = ORIENTED_EDGE ( 'NONE', *, *, #677, .T. ) ;
#1609 = CARTESIAN_POINT ( 'NONE',  ( -27.01205080756887966, 10.10000000000000142, 2.750000000000002665 ) ) ;
#1610 = CARTESIAN_POINT ( 'NONE',  ( -23.48000000000000043, 10.10000000000000142, -0.2500000000000000000 ) ) ;
#1611 = AXIS2_PLACEMENT_3D ( 'NONE', #2179, #2204, #1759 ) ;
#1612 = CARTESIAN_POINT ( 'NONE',  ( -27.07999999999999829, 11.60000000000000142, 0.2500000000000000000 ) ) ;
#1613 = CARTESIAN_POINT ( 'NONE',  ( 28.57999999999999829, 7.799999999999998934, 0.3999999999999975797 ) ) ;
#1614 = CARTESIAN_POINT ( 'NONE',  ( -28.58000000000000185, 8.600000000000001421, -10.10000000000000142 ) ) ;
#1615 = ADVANCED_FACE ( 'NONE', ( #1453 ), #265, .F. ) ;
#1616 = ORIENTED_EDGE ( 'NONE', *, *, #2296, .F. ) ;
#1617 = FACE_OUTER_BOUND ( 'NONE', #3524, .T. ) ;
#1618 = AXIS2_PLACEMENT_3D ( 'NONE', #2144, #3652, #2169 ) ;
#1619 = CARTESIAN_POINT ( 'NONE',  ( -28.58099999999999952, 8.000000000000000000, 1.199999999999998845 ) ) ;
#1620 = CARTESIAN_POINT ( 'NONE',  ( -25.32999999999999829, -2.500000000000000000, 2.599999999999998312 ) ) ;
#1621 = CARTESIAN_POINT ( 'NONE',  ( -23.48000000000000043, 11.60000000000000142, -0.2500000000000000000 ) ) ;
#1622 = VERTEX_POINT ( 'NONE', #4800 ) ;
#1623 = PLANE ( 'NONE',  #1791 ) ;
#1624 = VECTOR ( 'NONE', #11, 1000.000000000000000 ) ;
#1625 = VERTEX_POINT ( 'NONE', #1352 ) ;
#1626 = DIRECTION ( 'NONE',  ( 0.000000000000000000, 2.478176394252582127E-16, -1.000000000000000000 ) ) ;
#1627 = VECTOR ( 'NONE', #1217, 1000.000000000000000 ) ;
#1628 = ORIENTED_EDGE ( 'NONE', *, *, #1215, .T. ) ;
#1629 = DIRECTION ( 'NONE',  ( 0.000000000000000000, 0.000000000000000000, 1.000000000000000000 ) ) ;
#1630 = CARTESIAN_POINT ( 'NONE',  ( 12.24500000000000277, 8.000000000000000000, -0.3000000000000016542 ) ) ;
#1631 = AXIS2_PLACEMENT_3D ( 'NONE', #122, #2373, #519 ) ;
#1632 = ORIENTED_EDGE ( 'NONE', *, *, #1342, .T. ) ;
#1633 = EDGE_CURVE ( 'NONE', #815, #1173, #689, .T. ) ;
#1634 = CARTESIAN_POINT ( 'NONE',  ( -23.54794919243112261, 10.10000000000000142, 2.250000000000002665 ) ) ;
#1635 = VECTOR ( 'NONE', #1652, 1000.000000000000000 ) ;
#1636 = PLANE ( 'NONE',  #1522 ) ;
#1637 = CIRCLE ( 'NONE', #1882, 1.750000000000000000 ) ;
#1638 = CARTESIAN_POINT ( 'NONE',  ( -27.07999999999999829, 0.000000000000000000, 9.099999999999997868 ) ) ;
#1639 = DIRECTION ( 'NONE',  ( 1.000000000000000000, 0.000000000000000000, 9.130123557772670799E-17 ) ) ;
#1640 = ORIENTED_EDGE ( 'NONE', *, *, #1351, .T. ) ;
#1641 = CARTESIAN_POINT ( 'NONE',  ( 11.67000000000000348, 1.700000000000000178, 7.699999999999998401 ) ) ;
#1642 = FILL_AREA_STYLE_COLOUR ( '', #1317 ) ;
#1643 = DIRECTION ( 'NONE',  ( -3.419619929664837581E-32, -1.000000000000000000, -2.478176394252582127E-16 ) ) ;
#1644 = FACE_BOUND ( 'NONE', #3054, .T. ) ;
#1645 = ORIENTED_EDGE ( 'NONE', *, *, #4335, .F. ) ;
#1646 = CARTESIAN_POINT ( 'NONE',  ( -15.78000000000000291, 1.700000000000000178, 5.599999999999997868 ) ) ;
#1647 = EDGE_LOOP ( 'NONE', ( #219, #4343, #4856 ) ) ;
#1648 = VERTEX_POINT ( 'NONE', #3232 ) ;
#1649 = EDGE_CURVE ( 'NONE', #2327, #342, #2194, .T. ) ;
#1650 = DIRECTION ( 'NONE',  ( -0.000000000000000000, 1.000000000000000000, 2.478176394252582127E-16 ) ) ;
#1651 = ORIENTED_EDGE ( 'NONE', *, *, #3571, .F. ) ;
#1652 = DIRECTION ( 'NONE',  ( 0.000000000000000000, 0.000000000000000000, -1.000000000000000000 ) ) ;
#1653 = DIRECTION ( 'NONE',  ( 1.000000000000000000, 0.000000000000000000, 0.000000000000000000 ) ) ;
#1654 = AXIS2_PLACEMENT_3D ( 'NONE', #4606, #4661, #3814 ) ;
#1655 = ORIENTED_EDGE ( 'NONE', *, *, #3655, .F. ) ;
#1656 = CARTESIAN_POINT ( 'NONE',  ( -27.07999999999999829, 10.10000000000000142, 0.2500000000000000000 ) ) ;
#1657 = DIRECTION ( 'NONE',  ( 1.000000000000000000, -0.000000000000000000, -0.000000000000000000 ) ) ;
#1658 = PLANE ( 'NONE',  #550 ) ;
#1659 = DIRECTION ( 'NONE',  ( 0.000000000000000000, 0.000000000000000000, -1.000000000000000000 ) ) ;
#1660 = FACE_OUTER_BOUND ( 'NONE', #4063, .T. ) ;
#1661 = CARTESIAN_POINT ( 'NONE',  ( 12.24500000000000277, 6.599999999999999645, 8.199999999999999289 ) ) ;
#1662 = EDGE_LOOP ( 'NONE', ( #4648, #1891, #942, #3933 ) ) ;
#1663 = CARTESIAN_POINT ( 'NONE',  ( 12.24500000000000277, 11.50000000000000000, 3.699999999999999289 ) ) ;
#1664 = VECTOR ( 'NONE', #2524, 1000.000000000000000 ) ;
#1665 = PLANE ( 'NONE',  #3930 ) ;
#1666 = EDGE_CURVE ( 'NONE', #4522, #4424, #4750, .T. ) ;
#1667 = LINE ( 'NONE', #3924, #3078 ) ;
#1668 = DIRECTION ( 'NONE',  ( 0.000000000000000000, -0.000000000000000000, 1.000000000000000000 ) ) ;
#1669 = ORIENTED_EDGE ( 'NONE', *, *, #2961, .T. ) ;
#1670 = CARTESIAN_POINT ( 'NONE',  ( 0.000000000000000000, 11.50000000000000000, 0.000000000000000000 ) ) ;
#1671 = ORIENTED_EDGE ( 'NONE', *, *, #1893, .F. ) ;
#1672 = CARTESIAN_POINT ( 'NONE',  ( 28.57999999999999829, 1.700000000000000178, -4.900000000000001243 ) ) ;
#1673 = DIRECTION ( 'NONE',  ( -1.000000000000000000, -0.000000000000000000, -0.000000000000000000 ) ) ;
#1674 = VERTEX_POINT ( 'NONE', #984 ) ;
#1675 = CARTESIAN_POINT ( 'NONE',  ( 1.095000000000001528, 11.50000000000000000, 8.199999999999999289 ) ) ;
#1676 = DIRECTION ( 'NONE',  ( 0.000000000000000000, 0.000000000000000000, 1.000000000000000000 ) ) ;
#1677 = ORIENTED_EDGE ( 'NONE', *, *, #1831, .F. ) ;
#1678 = ORIENTED_EDGE ( 'NONE', *, *, #447, .T. ) ;
#1679 = AXIS2_PLACEMENT_3D ( 'NONE', #2597, #359, #1593 ) ;
#1680 = DIRECTION ( 'NONE',  ( 1.000000000000000000, -0.000000000000000000, -0.000000000000000000 ) ) ;
#1681 = EDGE_CURVE ( 'NONE', #1772, #3674, #1404, .T. ) ;
#1682 = VECTOR ( 'NONE', #2956, 1000.000000000000000 ) ;
#1683 = ADVANCED_FACE ( 'NONE', ( #3677 ), #1034, .F. ) ;
#1684 = DIRECTION ( 'NONE',  ( 0.000000000000000000, 1.000000000000000000, 0.000000000000000000 ) ) ;
#1685 = ADVANCED_FACE ( 'NONE', ( #2098 ), #1428, .F. ) ;
#1686 = DIRECTION ( 'NONE',  ( 1.000000000000000000, 0.000000000000000000, 0.000000000000000000 ) ) ;
#1687 = VECTOR ( 'NONE', #434, 1000.000000000000000 ) ;
#1688 = CARTESIAN_POINT ( 'NONE',  ( -27.07999999999999829, 10.10000000000000142, -0.2500000000000000000 ) ) ;
#1689 = VERTEX_POINT ( 'NONE', #2490 ) ;
#1690 = FACE_OUTER_BOUND ( 'NONE', #584, .T. ) ;
#1691 = CARTESIAN_POINT ( 'NONE',  ( 11.67000000000000348, 1.700000000000000178, -2.300000000000001599 ) ) ;
#1692 = CARTESIAN_POINT ( 'NONE',  ( -3.864239565673790011, 12.62999999999999901, 8.780686175080520073 ) ) ;
#1693 = DIRECTION ( 'NONE',  ( -0.000000000000000000, -1.000000000000000000, -0.000000000000000000 ) ) ;
#1694 = VERTEX_POINT ( 'NONE', #2567 ) ;
#1695 = CARTESIAN_POINT ( 'NONE',  ( -11.33000000000000007, 11.70000000000000107, 4.999999999999997335 ) ) ;
#1696 = ORIENTED_EDGE ( 'NONE', *, *, #3953, .T. ) ;
#1697 = VECTOR ( 'NONE', #1273, 1000.000000000000000 ) ;
#1698 = VERTEX_POINT ( 'NONE', #1750 ) ;
#1699 = DIRECTION ( 'NONE',  ( -0.000000000000000000, 0.000000000000000000, -1.000000000000000000 ) ) ;
#1700 = EDGE_CURVE ( 'NONE', #3865, #599, #4400, .T. ) ;
#1701 = LINE ( 'NONE', #4306, #1060 ) ;
#1702 = VERTEX_POINT ( 'NONE', #4060 ) ;
#1703 = ORIENTED_EDGE ( 'NONE', *, *, #2813, .F. ) ;
#1704 = UNCERTAINTY_MEASURE_WITH_UNIT (LENGTH_MEASURE( 1.000000000000000082E-05 ), #3321, 'distance_accuracy_value', 'NONE');
#1705 = EDGE_CURVE ( 'NONE', #3221, #3542, #4850, .T. ) ;
#1706 = AXIS2_PLACEMENT_3D ( 'NONE', #3895, #52, #4221 ) ;
#1707 = CARTESIAN_POINT ( 'NONE',  ( -20.98000000000000043, 1.700000000000000178, 4.999999999999997335 ) ) ;
#1708 = ADVANCED_FACE ( 'NONE', ( #1821 ), #3331, .F. ) ;
#1709 = DIRECTION ( 'NONE',  ( 0.000000000000000000, 0.000000000000000000, 1.000000000000000000 ) ) ;
#1710 = VECTOR ( 'NONE', #2358, 1000.000000000000000 ) ;
#1711 = AXIS2_PLACEMENT_3D ( 'NONE', #4747, #1350, #4823 ) ;
#1712 = EDGE_CURVE ( 'NONE', #2963, #4518, #778, .T. ) ;
#1713 = FACE_OUTER_BOUND ( 'NONE', #2071, .T. ) ;
#1714 = ORIENTED_EDGE ( 'NONE', *, *, #4683, .T. ) ;
#1715 = DIRECTION ( 'NONE',  ( -0.7071067811865461294, -0.000000000000000000, 0.7071067811865489050 ) ) ;
#1716 = EDGE_CURVE ( 'NONE', #3542, #3811, #2269, .T. ) ;
#1717 = CARTESIAN_POINT ( 'NONE',  ( 0.000000000000000000, 11.50000000000000000, 0.000000000000000000 ) ) ;
#1718 = CARTESIAN_POINT ( 'NONE',  ( -27.01205080756887966, 10.10000000000000142, 2.750000000000002665 ) ) ;
#1719 = CARTESIAN_POINT ( 'NONE',  ( 0.000000000000000000, 10.10000000000000142, 0.000000000000000000 ) ) ;
#1720 = AXIS2_PLACEMENT_3D ( 'NONE', #4902, #1508, #14 ) ;
#1721 = VERTEX_POINT ( 'NONE', #2594 ) ;
#1722 = ORIENTED_EDGE ( 'NONE', *, *, #2774, .T. ) ;
#1723 = CARTESIAN_POINT ( 'NONE',  ( 0.7199999999999984190, 1.700000000000000178, -8.800000000000002487 ) ) ;
#1724 = FACE_OUTER_BOUND ( 'NONE', #3504, .T. ) ;
#1725 = ORIENTED_EDGE ( 'NONE', *, *, #570, .F. ) ;
#1726 = DIRECTION ( 'NONE',  ( -0.000000000000000000, -1.000000000000000000, -0.000000000000000000 ) ) ;
#1727 = CARTESIAN_POINT ( 'NONE',  ( -27.07999999999999829, 10.10000000000000142, -0.2500000000000000000 ) ) ;
#1728 = ORIENTED_EDGE ( 'NONE', *, *, #4092, .F. ) ;
#1729 = CARTESIAN_POINT ( 'NONE',  ( 27.01205080756888322, 9.600000000000001421, -2.650000000000000799 ) ) ;
#1730 = EDGE_LOOP ( 'NONE', ( #776, #4115, #2058, #3996 ) ) ;
#1731 = SURFACE_STYLE_USAGE ( .BOTH. , #1411 ) ;
#1732 = EDGE_CURVE ( 'NONE', #2054, #4118, #2615, .T. ) ;
#1733 = CARTESIAN_POINT ( 'NONE',  ( 25.32999999999999829, -2.500000000000000000, -1.349999999999996980 ) ) ;
#1734 = CIRCLE ( 'NONE', #4503, 0.4999999999999987232 ) ;
#1735 = CARTESIAN_POINT ( 'NONE',  ( -28.58099999999999952, 11.50000000000000000, 1.699999999999999289 ) ) ;
#1736 = VERTEX_POINT ( 'NONE', #1477 ) ;
#1737 = PLANE ( 'NONE',  #2082 ) ;
#1738 = ORIENTED_EDGE ( 'NONE', *, *, #4465, .F. ) ;
#1739 = CIRCLE ( 'NONE', #4506, 1.250000000000001110 ) ;
#1740 = FACE_BOUND ( 'NONE', #4337, .T. ) ;
#1741 = DIRECTION ( 'NONE',  ( 0.000000000000000000, 0.000000000000000000, -1.000000000000000000 ) ) ;
#1742 = CARTESIAN_POINT ( 'NONE',  ( -25.28000000000000114, 10.10000000000000142, 4.250000000000002665 ) ) ;
#1743 = ORIENTED_EDGE ( 'NONE', *, *, #899, .T. ) ;
#1744 = ORIENTED_EDGE ( 'NONE', *, *, #1530, .F. ) ;
#1745 = EDGE_CURVE ( 'NONE', #4518, #3626, #1128, .T. ) ;
#1746 = FACE_OUTER_BOUND ( 'NONE', #632, .T. ) ;
#1747 = CARTESIAN_POINT ( 'NONE',  ( -15.78000000000000291, 12.30000000000000071, -2.400000000000003908 ) ) ;
#1748 = ADVANCED_FACE ( 'NONE', ( #4129 ), #1547, .F. ) ;
#1749 = CARTESIAN_POINT ( 'NONE',  ( -20.08769230769230774, 7.261538461538455280, -10.10000000000000142 ) ) ;
#1750 = CARTESIAN_POINT ( 'NONE',  ( -25.28000000000000114, 11.60000000000000142, 0.7500000000000026645 ) ) ;
#1751 = EDGE_LOOP ( 'NONE', ( #3422, #4584, #3300, #900 ) ) ;
#1752 = CARTESIAN_POINT ( 'NONE',  ( 1.095000000000002194, 11.50000000000000000, 5.699999999999999289 ) ) ;
#1753 = CARTESIAN_POINT ( 'NONE',  ( 25.28000000000000469, 10.10000000000000142, -2.400000000000001688 ) ) ;
#1754 = CARTESIAN_POINT ( 'NONE',  ( -27.01205080756887611, 10.10000000000000142, -2.750000000000002665 ) ) ;
#1755 = ORIENTED_EDGE ( 'NONE', *, *, #1353, .T. ) ;
#1756 = ORIENTED_EDGE ( 'NONE', *, *, #75, .T. ) ;
#1757 =( NAMED_UNIT ( * ) SI_UNIT ( $, .STERADIAN. ) SOLID_ANGLE_UNIT ( ) );
#1758 = ORIENTED_EDGE ( 'NONE', *, *, #3119, .F. ) ;
#1759 = DIRECTION ( 'NONE',  ( 0.000000000000000000, 0.000000000000000000, -1.000000000000000000 ) ) ;
#1760 = VECTOR ( 'NONE', #2110, 1000.000000000000000 ) ;
#1761 = DIRECTION ( 'NONE',  ( 0.000000000000000000, 0.000000000000000000, -1.000000000000000000 ) ) ;
#1762 = VECTOR ( 'NONE', #2307, 1000.000000000000000 ) ;
#1763 = ADVANCED_FACE ( 'NONE', ( #1920 ), #1152, .F. ) ;
#1764 = ORIENTED_EDGE ( 'NONE', *, *, #479, .F. ) ;
#1765 = AXIS2_PLACEMENT_3D ( 'NONE', #2964, #4476, #1113 ) ;
#1766 = DIRECTION ( 'NONE',  ( 0.000000000000000000, -0.000000000000000000, 1.000000000000000000 ) ) ;
#1767 = LINE ( 'NONE', #603, #3875 ) ;
#1768 = EDGE_CURVE ( 'NONE', #657, #4424, #401, .T. ) ;
#1769 = DIRECTION ( 'NONE',  ( -0.000000000000000000, 1.000000000000000000, -1.190496503121338361E-15 ) ) ;
#1770 = VERTEX_POINT ( 'NONE', #31 ) ;
#1771 = VECTOR ( 'NONE', #1141, 1000.000000000000000 ) ;
#1772 = VERTEX_POINT ( 'NONE', #3048 ) ;
#1773 = DIRECTION ( 'NONE',  ( 0.000000000000000000, -0.000000000000000000, -1.000000000000000000 ) ) ;
#1774 = DIRECTION ( 'NONE',  ( 0.000000000000000000, -1.000000000000000000, -1.700709290173340409E-16 ) ) ;
#1775 = ORIENTED_EDGE ( 'NONE', *, *, #1572, .F. ) ;
#1776 = CARTESIAN_POINT ( 'NONE',  ( -27.01205080756887611, 9.600000000000001421, -2.250000000000002665 ) ) ;
#1777 = CARTESIAN_POINT ( 'NONE',  ( -25.28000000000000114, 9.600000000000001421, 2.500000000000002665 ) ) ;
#1778 = VECTOR ( 'NONE', #3501, 1000.000000000000000 ) ;
#1779 = VERTEX_POINT ( 'NONE', #728 ) ;
#1780 = ORIENTED_EDGE ( 'NONE', *, *, #1023, .F. ) ;
#1781 = EDGE_CURVE ( 'NONE', #904, #1856, #432, .T. ) ;
#1782 = ORIENTED_EDGE ( 'NONE', *, *, #4415, .T. ) ;
#1783 = PLANE ( 'NONE',  #108 ) ;
#1784 = ADVANCED_FACE ( 'NONE', ( #4201 ), #4155, .F. ) ;
#1785 = EDGE_CURVE ( 'NONE', #3176, #4016, #801, .T. ) ;
#1786 = AXIS2_PLACEMENT_3D ( 'NONE', #2695, #68, #4551 ) ;
#1787 = SURFACE_STYLE_FILL_AREA ( #4047 ) ;
#1788 = DIRECTION ( 'NONE',  ( 1.000000000000000000, -0.000000000000000000, -0.000000000000000000 ) ) ;
#1789 = CARTESIAN_POINT ( 'NONE',  ( -25.98000000000000398, 2.700000000000000178, -0.3000000000000007661 ) ) ;
#1790 = ORIENTED_EDGE ( 'NONE', *, *, #4228, .T. ) ;
#1791 = AXIS2_PLACEMENT_3D ( 'NONE', #4230, #3906, #2763 ) ;
#1792 = PLANE ( 'NONE',  #2898 ) ;
#1793 = CARTESIAN_POINT ( 'NONE',  ( -1.995760434326209198, 12.62999999999999901, 7.619313824919474065 ) ) ;
#1794 = CARTESIAN_POINT ( 'NONE',  ( -28.58000000000000185, 2.700000000000000178, -0.3000000000000007661 ) ) ;
#1795 = AXIS2_PLACEMENT_3D ( 'NONE', #1491, #2207, #4124 ) ;
#1796 = VECTOR ( 'NONE', #3150, 1000.000000000000000 ) ;
#1797 = EDGE_LOOP ( 'NONE', ( #2644, #2556, #2561, #828 ) ) ;
#1798 = ORIENTED_EDGE ( 'NONE', *, *, #2509, .F. ) ;
#1799 = CARTESIAN_POINT ( 'NONE',  ( 0.7199999999999998623, 9.199999999999999289, 3.399999999999996803 ) ) ;
#1800 = DIRECTION ( 'NONE',  ( -0.000000000000000000, 1.000000000000000000, -0.000000000000000000 ) ) ;
#1801 = CARTESIAN_POINT ( 'NONE',  ( 17.07999999999999829, 1.600000000000000089, 7.599999999999996980 ) ) ;
#1802 = VERTEX_POINT ( 'NONE', #3002 ) ;
#1803 = LINE ( 'NONE', #986, #1987 ) ;
#1804 = CYLINDRICAL_SURFACE ( 'NONE', #2795, 1.250000000000001110 ) ;
#1805 = ORIENTED_EDGE ( 'NONE', *, *, #1700, .F. ) ;
#1806 = ORIENTED_EDGE ( 'NONE', *, *, #897, .T. ) ;
#1807 = EDGE_CURVE ( 'NONE', #1779, #1153, #1946, .T. ) ;
#1808 = CARTESIAN_POINT ( 'NONE',  ( -25.28000000000000114, 11.60000000000000142, -2.500000000000002665 ) ) ;
#1809 = ORIENTED_EDGE ( 'NONE', *, *, #4590, .F. ) ;
#1810 = DIRECTION ( 'NONE',  ( -0.000000000000000000, 0.000000000000000000, 1.000000000000000000 ) ) ;
#1811 = DIRECTION ( 'NONE',  ( 0.000000000000000000, 0.000000000000000000, 1.000000000000000000 ) ) ;
#1812 = VECTOR ( 'NONE', #983, 1000.000000000000000 ) ;
#1813 = ORIENTED_EDGE ( 'NONE', *, *, #2230, .T. ) ;
#1814 = LINE ( 'NONE', #1442, #45 ) ;
#1815 = CARTESIAN_POINT ( 'NONE',  ( -11.48000000000000043, 1.700000000000000178, -8.800000000000002487 ) ) ;
#1816 = VERTEX_POINT ( 'NONE', #2240 ) ;
#1817 = VERTEX_POINT ( 'NONE', #377 ) ;
#1818 = LINE ( 'NONE', #1080, #688 ) ;
#1819 = EDGE_CURVE ( 'NONE', #2461, #3277, #3450, .T. ) ;
#1820 = LINE ( 'NONE', #4443, #1209 ) ;
#1821 = FACE_OUTER_BOUND ( 'NONE', #142, .T. ) ;
#1822 = AXIS2_PLACEMENT_3D ( 'NONE', #2100, #2147, #4447 ) ;
#1823 = LINE ( 'NONE', #3071, #2234 ) ;
#1824 = VERTEX_POINT ( 'NONE', #3025 ) ;
#1825 = DIRECTION ( 'NONE',  ( -0.000000000000000000, -1.000000000000000000, -0.000000000000000000 ) ) ;
#1826 = ORIENTED_EDGE ( 'NONE', *, *, #3091, .T. ) ;
#1827 = VERTEX_POINT ( 'NONE', #57 ) ;
#1828 = DIRECTION ( 'NONE',  ( 1.000000000000000000, 0.000000000000000000, -1.141265444721583757E-16 ) ) ;
#1829 = ORIENTED_EDGE ( 'NONE', *, *, #4630, .T. ) ;
#1830 = LINE ( 'NONE', #4813, #3741 ) ;
#1831 = EDGE_CURVE ( 'NONE', #3805, #2237, #279, .T. ) ;
#1832 =( NAMED_UNIT ( * ) PLANE_ANGLE_UNIT ( ) SI_UNIT ( $, .RADIAN. ) );
#1833 = AXIS2_PLACEMENT_3D ( 'NONE', #3146, #2828, #4686 ) ;
#1834 = EDGE_CURVE ( 'NONE', #3929, #918, #3352, .T. ) ;
#1835 = FILL_AREA_STYLE ('',( #1865 ) ) ;
#1836 = EDGE_CURVE ( 'NONE', #3811, #3920, #3374, .T. ) ;
#1837 = VECTOR ( 'NONE', #1465, 1000.000000000000000 ) ;
#1838 = DIRECTION ( 'NONE',  ( 0.000000000000000000, 0.000000000000000000, -1.000000000000000000 ) ) ;
#1839 = EDGE_LOOP ( 'NONE', ( #877, #4127, #2755, #2146 ) ) ;
#1840 = VECTOR ( 'NONE', #4051, 1000.000000000000000 ) ;
#1841 = ORIENTED_EDGE ( 'NONE', *, *, #4508, .F. ) ;
#1842 = AXIS2_PLACEMENT_3D ( 'NONE', #2271, #1155, #3028 ) ;
#1843 = DIRECTION ( 'NONE',  ( -0.000000000000000000, -1.000000000000000000, -0.000000000000000000 ) ) ;
#1844 = FACE_OUTER_BOUND ( 'NONE', #705, .T. ) ;
#1845 = CARTESIAN_POINT ( 'NONE',  ( -25.28000000000000114, 11.60000000000000142, -2.500000000000002665 ) ) ;
#1846 = AXIS2_PLACEMENT_3D ( 'NONE', #4482, #595, #306 ) ;
#1847 = VERTEX_POINT ( 'NONE', #2414 ) ;
#1848 = PLANE ( 'NONE',  #725 ) ;
#1849 = ORIENTED_EDGE ( 'NONE', *, *, #4007, .F. ) ;
#1850 = DIRECTION ( 'NONE',  ( 0.000000000000000000, 0.000000000000000000, -1.000000000000000000 ) ) ;
#1851 = VERTEX_POINT ( 'NONE', #3529 ) ;
#1852 = ORIENTED_EDGE ( 'NONE', *, *, #3692, .T. ) ;
#1853 = LINE ( 'NONE', #762, #184 ) ;
#1854 = DIRECTION ( 'NONE',  ( 0.000000000000000000, 0.000000000000000000, 1.000000000000000000 ) ) ;
#1855 = EDGE_CURVE ( 'NONE', #2391, #2341, #2810, .T. ) ;
#1856 = VERTEX_POINT ( 'NONE', #898 ) ;
#1857 = AXIS2_PLACEMENT_3D ( 'NONE', #2932, #2886, #1059 ) ;
#1858 = DIRECTION ( 'NONE',  ( 0.000000000000000000, 1.000000000000000000, 2.478176394252582127E-16 ) ) ;
#1859 = ADVANCED_FACE ( 'NONE', ( #3128, #1247, #4589, #4643, #3102, #3153, #3573, #511, #1644, #163, #3077 ), #4274, .F. ) ;
#1860 = UNCERTAINTY_MEASURE_WITH_UNIT (LENGTH_MEASURE( 1.000000000000000082E-05 ), #2608, 'distance_accuracy_value', 'NONE');
#1861 = EDGE_CURVE ( 'NONE', #1302, #803, #4227, .T. ) ;
#1862 = LINE ( 'NONE', #2974, #1837 ) ;
#1863 = AXIS2_PLACEMENT_3D ( 'NONE', #2293, #4161, #1900 ) ;
#1864 = ADVANCED_FACE ( 'NONE', ( #459 ), #2709, .T. ) ;
#1865 = FILL_AREA_STYLE_COLOUR ( '', #2663 ) ;
#1866 = AXIS2_PLACEMENT_3D ( 'NONE', #453, #426, #3444 ) ;
#1867 = DIRECTION ( 'NONE',  ( 0.000000000000000000, 0.000000000000000000, 1.000000000000000000 ) ) ;
#1868 = EDGE_CURVE ( 'NONE', #1625, #1877, #4154, .T. ) ;
#1869 = ORIENTED_EDGE ( 'NONE', *, *, #3253, .T. ) ;
#1870 = ORIENTED_EDGE ( 'NONE', *, *, #4508, .T. ) ;
#1871 = EDGE_CURVE ( 'NONE', #599, #4704, #2174, .T. ) ;
#1872 = CARTESIAN_POINT ( 'NONE',  ( -28.58099999999999952, 11.50000000000000000, 3.199999999999998845 ) ) ;
#1873 = CIRCLE ( 'NONE', #605, 1.500000000000001332 ) ;
#1874 = VECTOR ( 'NONE', #3204, 1000.000000000000000 ) ;
#1875 = DIRECTION ( 'NONE',  ( -0.000000000000000000, -1.000000000000000000, -0.000000000000000000 ) ) ;
#1876 = DIRECTION ( 'NONE',  ( 0.000000000000000000, 1.000000000000000000, -0.000000000000000000 ) ) ;
#1877 = VERTEX_POINT ( 'NONE', #84 ) ;
#1878 = CARTESIAN_POINT ( 'NONE',  ( -28.58000000000000185, 7.799999999999999822, -4.500000000000002665 ) ) ;
#1879 = CARTESIAN_POINT ( 'NONE',  ( 1.095000000000002194, 11.50000000000000000, 1.699999999999999289 ) ) ;
#1880 = ORIENTED_EDGE ( 'NONE', *, *, #4563, .T. ) ;
#1881 = ORIENTED_EDGE ( 'NONE', *, *, #751, .F. ) ;
#1882 = AXIS2_PLACEMENT_3D ( 'NONE', #4729, #3109, #2910 ) ;
#1883 = DIRECTION ( 'NONE',  ( 0.000000000000000000, 0.000000000000000000, -1.000000000000000000 ) ) ;
#1884 = ORIENTED_EDGE ( 'NONE', *, *, #4158, .F. ) ;
#1885 = FACE_OUTER_BOUND ( 'NONE', #2576, .T. ) ;
#1886 = ADVANCED_FACE ( 'NONE', ( #3902 ), #2736, .F. ) ;
#1887 = DIRECTION ( 'NONE',  ( 0.000000000000000000, 0.000000000000000000, 1.000000000000000000 ) ) ;
#1888 = EDGE_CURVE ( 'NONE', #106, #1016, #2340, .T. ) ;
#1889 = PLANE ( 'NONE',  #1082 ) ;
#1890 = DIRECTION ( 'NONE',  ( 0.000000000000000000, 0.000000000000000000, 1.000000000000000000 ) ) ;
#1891 = ORIENTED_EDGE ( 'NONE', *, *, #4511, .T. ) ;
#1892 = DIRECTION ( 'NONE',  ( 0.000000000000000000, 1.000000000000000000, 0.000000000000000000 ) ) ;
#1893 = EDGE_CURVE ( 'NONE', #3674, #1689, #1971, .T. ) ;
#1894 = VECTOR ( 'NONE', #1741, 1000.000000000000000 ) ;
#1895 = CARTESIAN_POINT ( 'NONE',  ( 12.24500000000000277, 8.000000000000000000, 3.199999999999998845 ) ) ;
#1896 = EDGE_CURVE ( 'NONE', #2612, #1959, #1147, .T. ) ;
#1897 = EDGE_LOOP ( 'NONE', ( #1043, #4475, #2117, #2522 ) ) ;
#1898 = LINE ( 'NONE', #1878, #572 ) ;
#1899 = CARTESIAN_POINT ( 'NONE',  ( 23.54794919243112616, 9.600000000000001421, -2.150000000000002576 ) ) ;
#1900 = DIRECTION ( 'NONE',  ( -1.421904488505579654E-16, 0.000000000000000000, -1.000000000000000000 ) ) ;
#1901 = ORIENTED_EDGE ( 'NONE', *, *, #3157, .F. ) ;
#1902 = EDGE_CURVE ( 'NONE', #4424, #4332, #4695, .T. ) ;
#1903 = EDGE_LOOP ( 'NONE', ( #2687, #1722, #1135 ) ) ;
#1904 = AXIS2_PLACEMENT_3D ( 'NONE', #1086, #2617, #2243 ) ;
#1905 = CARTESIAN_POINT ( 'NONE',  ( 1.095000000000000639, 11.50000000000000000, 1.199999999999998845 ) ) ;
#1906 = ORIENTED_EDGE ( 'NONE', *, *, #4255, .T. ) ;
#1907 = DIRECTION ( 'NONE',  ( 0.000000000000000000, 0.000000000000000000, 1.000000000000000000 ) ) ;
#1908 = COLOUR_RGB ( '',0.000000000000000000, 0.000000000000000000, 0.5019607843137254832 ) ;
#1909 = PLANE ( 'NONE',  #1786 ) ;
#1910 = ORIENTED_EDGE ( 'NONE', *, *, #3199, .T. ) ;
#1911 = DIRECTION ( 'NONE',  ( 0.000000000000000000, 0.000000000000000000, 1.000000000000000000 ) ) ;
#1912 = LINE ( 'NONE', #3466, #2554 ) ;
#1913 = FACE_OUTER_BOUND ( 'NONE', #2372, .T. ) ;
#1914 = DIRECTION ( 'NONE',  ( 1.379893674072460458E-16, -0.000000000000000000, 1.000000000000000000 ) ) ;
#1915 = EDGE_CURVE ( 'NONE', #225, #3847, #3116, .T. ) ;
#1916 = ORIENTED_EDGE ( 'NONE', *, *, #3621, .F. ) ;
#1917 =( GEOMETRIC_REPRESENTATION_CONTEXT ( 3 ) GLOBAL_UNCERTAINTY_ASSIGNED_CONTEXT ( ( #1704 ) ) GLOBAL_UNIT_ASSIGNED_CONTEXT ( ( #3321, #3270, #4457 ) ) REPRESENTATION_CONTEXT ( 'NONE', 'WORKASPACE' ) );
#1918 = EDGE_CURVE ( 'NONE', #694, #1779, #3925, .T. ) ;
#1919 = DIRECTION ( 'NONE',  ( 0.000000000000000000, -1.000000000000000000, 0.000000000000000000 ) ) ;
#1920 = FACE_OUTER_BOUND ( 'NONE', #567, .T. ) ;
#1921 = VECTOR ( 'NONE', #334, 1000.000000000000000 ) ;
#1922 = VECTOR ( 'NONE', #1657, 1000.000000000000000 ) ;
#1923 = ORIENTED_EDGE ( 'NONE', *, *, #661, .T. ) ;
#1924 = DIRECTION ( 'NONE',  ( 0.000000000000000000, 1.000000000000000000, 0.000000000000000000 ) ) ;
#1925 = CARTESIAN_POINT ( 'NONE',  ( 1.095000000000002194, 11.50000000000000000, -2.300000000000000711 ) ) ;
#1926 = EDGE_LOOP ( 'NONE', ( #1910, #1728, #2839, #2378 ) ) ;
#1927 = EDGE_LOOP ( 'NONE', ( #2968, #1852, #668, #4387 ) ) ;
#1928 = VECTOR ( 'NONE', #2935, 1000.000000000000000 ) ;
#1929 = CARTESIAN_POINT ( 'NONE',  ( -25.98000000000000398, 7.799999999999999822, -4.500000000000002665 ) ) ;
#1930 = ORIENTED_EDGE ( 'NONE', *, *, #4303, .T. ) ;
#1931 = LINE ( 'NONE', #3560, #4297 ) ;
#1932 = CARTESIAN_POINT ( 'NONE',  ( 1.670000000000001261, 1.700000000000000178, 7.699999999999998401 ) ) ;
#1933 = ORIENTED_EDGE ( 'NONE', *, *, #301, .F. ) ;
#1934 = EDGE_CURVE ( 'NONE', #4637, #2391, #3946, .T. ) ;
#1935 = CARTESIAN_POINT ( 'NONE',  ( 25.28000000000000469, 11.60000000000000142, -4.150000000000002132 ) ) ;
#1936 = EDGE_CURVE ( 'NONE', #4671, #121, #3551, .T. ) ;
#1937 = VECTOR ( 'NONE', #126, 1000.000000000000000 ) ;
#1938 = EDGE_CURVE ( 'NONE', #4705, #1027, #4794, .T. ) ;
#1939 = AXIS2_PLACEMENT_3D ( 'NONE', #2289, #3798, #1521 ) ;
#1940 = DIRECTION ( 'NONE',  ( -0.000000000000000000, -1.000000000000000000, -0.000000000000000000 ) ) ;
#1941 = CARTESIAN_POINT ( 'NONE',  ( -11.33000000000000007, 11.70000000000000107, 4.999999999999997335 ) ) ;
#1942 = ORIENTED_EDGE ( 'NONE', *, *, #954, .T. ) ;
#1943 = VECTOR ( 'NONE', #1030, 1000.000000000000000 ) ;
#1944 = DIRECTION ( 'NONE',  ( 0.000000000000000000, 1.000000000000000000, 0.000000000000000000 ) ) ;
#1945 = LINE ( 'NONE', #484, #1601 ) ;
#1946 = LINE ( 'NONE', #1895, #3915 ) ;
#1947 = EDGE_LOOP ( 'NONE', ( #3476, #3187, #3630, #4754 ) ) ;
#1948 = DIRECTION ( 'NONE',  ( 0.000000000000000000, 0.000000000000000000, 1.000000000000000000 ) ) ;
#1949 = EDGE_LOOP ( 'NONE', ( #1930, #95, #2696, #4043 ) ) ;
#1950 = FACE_OUTER_BOUND ( 'NONE', #3586, .T. ) ;
#1951 = VECTOR ( 'NONE', #4725, 1000.000000000000000 ) ;
#1952 = DIRECTION ( 'NONE',  ( -0.000000000000000000, 1.000000000000000000, 0.000000000000000000 ) ) ;
#1953 = VERTEX_POINT ( 'NONE', #4439 ) ;
#1954 = CARTESIAN_POINT ( 'NONE',  ( -23.54794919243112261, 9.600000000000001421, 2.750000000000002665 ) ) ;
#1955 = VECTOR ( 'NONE', #1221, 1000.000000000000000 ) ;
#1956 = CARTESIAN_POINT ( 'NONE',  ( 1.670000000000000151, 6.500000000000000000, -2.300000000000001599 ) ) ;
#1957 = EDGE_CURVE ( 'NONE', #3847, #225, #3205, .T. ) ;
#1958 = DIRECTION ( 'NONE',  ( -1.000000000000000000, 0.000000000000000000, 0.000000000000000000 ) ) ;
#1959 = VERTEX_POINT ( 'NONE', #3202 ) ;
#1960 = CARTESIAN_POINT ( 'NONE',  ( -25.28000000000000114, 10.10000000000000142, -2.500000000000002665 ) ) ;
#1961 = DIRECTION ( 'NONE',  ( 0.000000000000000000, 1.000000000000000000, 0.000000000000000000 ) ) ;
#1962 = STYLED_ITEM ( 'NONE', ( #1556 ), #1460 ) ;
#1963 = DIRECTION ( 'NONE',  ( 0.000000000000000000, 0.000000000000000000, 1.000000000000000000 ) ) ;
#1964 = EDGE_CURVE ( 'NONE', #1689, #3533, #3597, .T. ) ;
#1965 = CARTESIAN_POINT ( 'NONE',  ( 1.670000000000001261, 6.500000000000000000, 7.699999999999998401 ) ) ;
#1966 = CARTESIAN_POINT ( 'NONE',  ( 17.07999999999999829, 1.600000000000000089, 7.599999999999996980 ) ) ;
#1967 = ORIENTED_EDGE ( 'NONE', *, *, #3765, .F. ) ;
#1968 = DIRECTION ( 'NONE',  ( 0.000000000000000000, 0.000000000000000000, -1.000000000000000000 ) ) ;
#1969 = LINE ( 'NONE', #4225, #2189 ) ;
#1970 = DIRECTION ( 'NONE',  ( -0.000000000000000000, 1.000000000000000000, -0.000000000000000000 ) ) ;
#1971 = LINE ( 'NONE', #1596, #1697 ) ;
#1972 = ORIENTED_EDGE ( 'NONE', *, *, #2729, .T. ) ;
#1973 = EDGE_CURVE ( 'NONE', #1816, #1824, #4342, .T. ) ;
#1974 = CYLINDRICAL_SURFACE ( 'NONE', #4640, 1.750000000000000222 ) ;
#1975 = ORIENTED_EDGE ( 'NONE', *, *, #3289, .T. ) ;
#1976 = VERTEX_POINT ( 'NONE', #3671 ) ;
#1977 = CARTESIAN_POINT ( 'NONE',  ( -25.98000000000000398, 7.799999999999999822, -0.3000000000000016542 ) ) ;
#1978 = ORIENTED_EDGE ( 'NONE', *, *, #2283, .F. ) ;
#1979 = LINE ( 'NONE', #4260, #4404 ) ;
#1980 = PLANE ( 'NONE',  #4224 ) ;
#1981 = LINE ( 'NONE', #2722, #4793 ) ;
#1982 = AXIS2_PLACEMENT_3D ( 'NONE', #510, #3473, #4588 ) ;
#1983 = ORIENTED_EDGE ( 'NONE', *, *, #3648, .F. ) ;
#1984 = APPLICATION_CONTEXT ( 'automotive_design' ) ;
#1985 = EDGE_CURVE ( 'NONE', #3163, #3684, #947, .T. ) ;
#1986 = DIRECTION ( 'NONE',  ( 0.000000000000000000, 0.000000000000000000, 1.000000000000000000 ) ) ;
#1987 = VECTOR ( 'NONE', #3495, 1000.000000000000000 ) ;
#1988 = CARTESIAN_POINT ( 'NONE',  ( -25.28000000000000114, 10.10000000000000142, -2.500000000000002665 ) ) ;
#1989 = DIRECTION ( 'NONE',  ( 1.000000000000000000, 0.000000000000000000, 0.000000000000000000 ) ) ;
#1990 = CARTESIAN_POINT ( 'NONE',  ( -25.32999999999999829, 0.000000000000000000, -3.849999999999999201 ) ) ;
#1991 = DIRECTION ( 'NONE',  ( 0.000000000000000000, 0.000000000000000000, -1.000000000000000000 ) ) ;
#1992 = ORIENTED_EDGE ( 'NONE', *, *, #1573, .F. ) ;
#1993 = LINE ( 'NONE', #2219, #3393 ) ;
#1994 = EDGE_CURVE ( 'NONE', #2883, #4256, #4241, .T. ) ;
#1995 = LINE ( 'NONE', #4294, #693 ) ;
#1996 = LINE ( 'NONE', #4295, #2232 ) ;
#1997 = CARTESIAN_POINT ( 'NONE',  ( 12.24500000000000277, 11.50000000000000000, 3.199999999999998845 ) ) ;
#1998 = ORIENTED_EDGE ( 'NONE', *, *, #2343, .T. ) ;
#1999 = EDGE_CURVE ( 'NONE', #1674, #1648, #4365, .T. ) ;
#2000 = PLANE ( 'NONE',  #4097 ) ;
#2001 = AXIS2_PLACEMENT_3D ( 'NONE', #183, #2805, #1243 ) ;
#2002 = ORIENTED_EDGE ( 'NONE', *, *, #1232, .F. ) ;
#2003 = VECTOR ( 'NONE', #3406, 1000.000000000000000 ) ;
#2004 = EDGE_LOOP ( 'NONE', ( #4009, #4450, #3228, #3562 ) ) ;
#2005 = VERTEX_POINT ( 'NONE', #4719 ) ;
#2006 = DIRECTION ( 'NONE',  ( 0.000000000000000000, -1.000000000000000000, 0.000000000000000000 ) ) ;
#2007 = CARTESIAN_POINT ( 'NONE',  ( -28.58000000000000185, 1.600000000000000089, 10.09999999999999787 ) ) ;
#2008 = DIRECTION ( 'NONE',  ( 0.000000000000000000, 0.000000000000000000, 1.000000000000000000 ) ) ;
#2009 = VECTOR ( 'NONE', #1825, 1000.000000000000000 ) ;
#2010 = EDGE_LOOP ( 'NONE', ( #4881, #2270, #1111, #2529 ) ) ;
#2011 = CARTESIAN_POINT ( 'NONE',  ( -23.54794919243112261, 9.600000000000001421, 2.250000000000002665 ) ) ;
#2012 = PLANE ( 'NONE',  #3072 ) ;
#2013 = VECTOR ( 'NONE', #3340, 1000.000000000000000 ) ;
#2014 = LINE ( 'NONE', #938, #2156 ) ;
#2015 = PLANE ( 'NONE',  #1654 ) ;
#2016 = EDGE_CURVE ( 'NONE', #303, #2633, #2162, .T. ) ;
#2017 = DIRECTION ( 'NONE',  ( 0.000000000000000000, 0.000000000000000000, 1.000000000000000000 ) ) ;
#2018 = LINE ( 'NONE', #3093, #3763 ) ;
#2019 = ORIENTED_EDGE ( 'NONE', *, *, #3891, .T. ) ;
#2020 = DIRECTION ( 'NONE',  ( -0.5547001962252291474, -0.8320502943378436100, 0.000000000000000000 ) ) ;
#2021 = VECTOR ( 'NONE', #4892, 1000.000000000000000 ) ;
#2022 = EDGE_CURVE ( 'NONE', #2562, #1493, #3971, .T. ) ;
#2023 = DIRECTION ( 'NONE',  ( 0.000000000000000000, 0.000000000000000000, 1.000000000000000000 ) ) ;
#2024 = DIRECTION ( 'NONE',  ( -1.000000000000000000, -0.000000000000000000, -9.130123557772669567E-17 ) ) ;
#2025 = CARTESIAN_POINT ( 'NONE',  ( -25.98000000000000398, 0.000000000000000000, 0.000000000000000000 ) ) ;
#2026 = ADVANCED_FACE ( 'NONE', ( #2559 ), #233, .F. ) ;
#2027 = ORIENTED_EDGE ( 'NONE', *, *, #1855, .T. ) ;
#2028 = DIRECTION ( 'NONE',  ( 0.000000000000000000, 0.000000000000000000, -1.000000000000000000 ) ) ;
#2029 = CIRCLE ( 'NONE', #4390, 1.750000000000000000 ) ;
#2030 = ORIENTED_EDGE ( 'NONE', *, *, #1819, .F. ) ;
#2031 = ORIENTED_EDGE ( 'NONE', *, *, #993, .T. ) ;
#2032 = ORIENTED_EDGE ( 'NONE', *, *, #1266, .F. ) ;
#2033 = DIRECTION ( 'NONE',  ( 0.000000000000000000, 0.000000000000000000, 1.000000000000000000 ) ) ;
#2034 = DIRECTION ( 'NONE',  ( -0.000000000000000000, -1.000000000000000000, -0.000000000000000000 ) ) ;
#2035 = CIRCLE ( 'NONE', #4172, 0.4999999999999987232 ) ;
#2036 = VERTEX_POINT ( 'NONE', #4417 ) ;
#2037 = DIRECTION ( 'NONE',  ( 0.000000000000000000, -1.000000000000000000, 1.700709290173340409E-16 ) ) ;
#2038 = VECTOR ( 'NONE', #356, 1000.000000000000000 ) ;
#2039 = FACE_BOUND ( 'NONE', #1797, .T. ) ;
#2040 = ADVANCED_FACE ( 'NONE', ( #2484 ), #2188, .T. ) ;
#2041 = VECTOR ( 'NONE', #4623, 1000.000000000000000 ) ;
#2042 = DIRECTION ( 'NONE',  ( -9.130123557772670799E-17, 0.000000000000000000, 1.000000000000000000 ) ) ;
#2043 = VERTEX_POINT ( 'NONE', #1372 ) ;
#2044 = CARTESIAN_POINT ( 'NONE',  ( 1.095000000000001528, 11.50000000000000000, 8.199999999999999289 ) ) ;
#2045 = SURFACE_STYLE_USAGE ( .BOTH. , #554 ) ;
#2046 = DIRECTION ( 'NONE',  ( 0.000000000000000000, 1.000000000000000000, 0.000000000000000000 ) ) ;
#2047 = DIRECTION ( 'NONE',  ( 1.000000000000000000, 0.000000000000000000, 0.000000000000000000 ) ) ;
#2048 = VERTEX_POINT ( 'NONE', #4820 ) ;
#2049 = FACE_OUTER_BOUND ( 'NONE', #4257, .T. ) ;
#2050 = ORIENTED_EDGE ( 'NONE', *, *, #3325, .F. ) ;
#2051 = EDGE_CURVE ( 'NONE', #2612, #4018, #2880, .T. ) ;
#2052 = LINE ( 'NONE', #4258, #2041 ) ;
#2053 = EDGE_CURVE ( 'NONE', #3780, #1478, #4391, .T. ) ;
#2054 = VERTEX_POINT ( 'NONE', #4001 ) ;
#2055 = DIRECTION ( 'NONE',  ( 0.000000000000000000, 0.000000000000000000, 1.000000000000000000 ) ) ;
#2056 = CARTESIAN_POINT ( 'NONE',  ( 28.57999999999999829, 7.799999999999998934, -0.2000000000000005107 ) ) ;
#2057 = VECTOR ( 'NONE', #1989, 1000.000000000000000 ) ;
#2058 = ORIENTED_EDGE ( 'NONE', *, *, #4837, .T. ) ;
#2059 = VERTEX_POINT ( 'NONE', #1794 ) ;
#2060 = DIRECTION ( 'NONE',  ( -0.000000000000000000, 1.190496503121338361E-15, 1.000000000000000000 ) ) ;
#2061 = CARTESIAN_POINT ( 'NONE',  ( 1.095000000000002194, 11.50000000000000000, 1.199999999999998845 ) ) ;
#2062 = DIRECTION ( 'NONE',  ( 0.000000000000000000, 0.000000000000000000, 1.000000000000000000 ) ) ;
#2063 = AXIS2_PLACEMENT_3D ( 'NONE', #204, #622, #4049 ) ;
#2064 = CARTESIAN_POINT ( 'NONE',  ( 27.01205080756888322, 9.600000000000001421, 2.849999999999997868 ) ) ;
#2065 = ORIENTED_EDGE ( 'NONE', *, *, #1831, .T. ) ;
#2066 = CARTESIAN_POINT ( 'NONE',  ( 23.48000000000000753, 10.10000000000000142, -0.1500000000000014655 ) ) ;
#2067 = LINE ( 'NONE', #1198, #3694 ) ;
#2068 = DIRECTION ( 'NONE',  ( 0.7071067811865457964, 0.000000000000000000, -0.7071067811865492381 ) ) ;
#2069 = ADVANCED_FACE ( 'NONE', ( #604 ), #3303, .T. ) ;
#2070 = CARTESIAN_POINT ( 'NONE',  ( 27.07999999999999829, 1.600000000000000089, 8.099999999999999645 ) ) ;
#2071 = EDGE_LOOP ( 'NONE', ( #344, #3861, #3172, #790 ) ) ;
#2072 = DIRECTION ( 'NONE',  ( 0.000000000000000000, 0.000000000000000000, -1.000000000000000000 ) ) ;
#2073 = EDGE_CURVE ( 'NONE', #3426, #3287, #4081, .T. ) ;
#2074 = VERTEX_POINT ( 'NONE', #2114 ) ;
#2075 = ADVANCED_FACE ( 'NONE', ( #2511 ), #4028, .T. ) ;
#2076 = DIRECTION ( 'NONE',  ( 0.000000000000000000, 0.000000000000000000, 1.000000000000000000 ) ) ;
#2077 = ORIENTED_EDGE ( 'NONE', *, *, #4121, .F. ) ;
#2078 = FACE_OUTER_BOUND ( 'NONE', #558, .T. ) ;
#2079 = DIRECTION ( 'NONE',  ( 0.000000000000000000, 0.000000000000000000, -1.000000000000000000 ) ) ;
#2080 = VERTEX_POINT ( 'NONE', #3326 ) ;
#2081 = ORIENTED_EDGE ( 'NONE', *, *, #2259, .T. ) ;
#2082 = AXIS2_PLACEMENT_3D ( 'NONE', #3997, #3619, #3298 ) ;
#2083 = DIRECTION ( 'NONE',  ( 1.000000000000000000, 0.000000000000000000, 0.000000000000000000 ) ) ;
#2084 = CIRCLE ( 'NONE', #4857, 0.4999999999999987232 ) ;
#2085 = DIRECTION ( 'NONE',  ( 0.000000000000000000, 0.000000000000000000, -1.000000000000000000 ) ) ;
#2086 = EDGE_CURVE ( 'NONE', #2907, #1118, #2208, .T. ) ;
#2087 = LINE ( 'NONE', #2504, #4670 ) ;
#2088 = ORIENTED_EDGE ( 'NONE', *, *, #677, .F. ) ;
#2089 = DIRECTION ( 'NONE',  ( 0.000000000000000000, 1.000000000000000000, 0.000000000000000000 ) ) ;
#2090 = DIRECTION ( 'NONE',  ( 0.000000000000000000, 0.000000000000000000, 1.000000000000000000 ) ) ;
#2091 = DIRECTION ( 'NONE',  ( 1.301042606982605321E-16, 0.000000000000000000, 1.000000000000000000 ) ) ;
#2092 = DIRECTION ( 'NONE',  ( 0.000000000000000000, 0.000000000000000000, -1.000000000000000000 ) ) ;
#2093 = EDGE_LOOP ( 'NONE', ( #2928, #2125, #2991, #167 ) ) ;
#2094 = ORIENTED_EDGE ( 'NONE', *, *, #4121, .T. ) ;
#2095 = LINE ( 'NONE', #3601, #133 ) ;
#2096 = VERTEX_POINT ( 'NONE', #374 ) ;
#2097 = ADVANCED_FACE ( 'NONE', ( #3369 ), #3417, .F. ) ;
#2098 = FACE_OUTER_BOUND ( 'NONE', #2487, .T. ) ;
#2099 = EDGE_LOOP ( 'NONE', ( #3873, #935, #1967, #3237 ) ) ;
#2100 = CARTESIAN_POINT ( 'NONE',  ( 25.28000000000000469, 10.10000000000000142, 2.599999999999998757 ) ) ;
#2101 = CARTESIAN_POINT ( 'NONE',  ( 28.57999999999999829, 2.700000000000000178, -4.400000000000000355 ) ) ;
#2102 = ORIENTED_EDGE ( 'NONE', *, *, #3497, .T. ) ;
#2103 = ORIENTED_EDGE ( 'NONE', *, *, #1061, .F. ) ;
#2104 = CARTESIAN_POINT ( 'NONE',  ( 17.07999999999999829, 0.000000000000000000, 7.599999999999996980 ) ) ;
#2105 = LINE ( 'NONE', #3662, #2477 ) ;
#2106 = AXIS2_PLACEMENT_3D ( 'NONE', #2727, #3871, #818 ) ;
#2107 = VECTOR ( 'NONE', #1225, 1000.000000000000000 ) ;
#2108 = PLANE ( 'NONE',  #2063 ) ;
#2109 = ORIENTED_EDGE ( 'NONE', *, *, #2885, .F. ) ;
#2110 = DIRECTION ( 'NONE',  ( -0.000000000000000000, 1.000000000000000000, -0.000000000000000000 ) ) ;
#2111 = EDGE_CURVE ( 'NONE', #303, #733, #3042, .T. ) ;
#2112 = DIRECTION ( 'NONE',  ( 0.000000000000000000, 1.000000000000000000, 0.000000000000000000 ) ) ;
#2113 = FACE_OUTER_BOUND ( 'NONE', #1662, .T. ) ;
#2114 = CARTESIAN_POINT ( 'NONE',  ( -17.07999999999999829, 1.600000000000000089, -6.099999999999996092 ) ) ;
#2115 = ORIENTED_EDGE ( 'NONE', *, *, #719, .F. ) ;
#2116 = DIRECTION ( 'NONE',  ( -0.000000000000000000, 1.000000000000000000, -0.000000000000000000 ) ) ;
#2117 = ORIENTED_EDGE ( 'NONE', *, *, #102, .T. ) ;
#2118 = FACE_BOUND ( 'NONE', #3081, .T. ) ;
#2119 = LINE ( 'NONE', #3650, #1682 ) ;
#2120 = DIRECTION ( 'NONE',  ( -1.000000000000000000, -0.000000000000000000, -0.000000000000000000 ) ) ;
#2121 = ORIENTED_EDGE ( 'NONE', *, *, #1896, .T. ) ;
#2122 = DIRECTION ( 'NONE',  ( -0.000000000000000000, 1.000000000000000000, 0.000000000000000000 ) ) ;
#2123 = DIRECTION ( 'NONE',  ( 0.000000000000000000, 0.000000000000000000, 1.000000000000000000 ) ) ;
#2124 = ORIENTED_EDGE ( 'NONE', *, *, #3243, .F. ) ;
#2125 = ORIENTED_EDGE ( 'NONE', *, *, #597, .F. ) ;
#2126 = FILL_AREA_STYLE ('',( #3317 ) ) ;
#2127 = ORIENTED_EDGE ( 'NONE', *, *, #3637, .T. ) ;
#2128 = CARTESIAN_POINT ( 'NONE',  ( -28.58099999999999952, 8.000000000000000000, 5.199999999999999289 ) ) ;
#2129 = EDGE_CURVE ( 'NONE', #3600, #892, #4877, .T. ) ;
#2130 = VECTOR ( 'NONE', #771, 1000.000000000000000 ) ;
#2131 = PLANE ( 'NONE',  #2691 ) ;
#2132 = CYLINDRICAL_SURFACE ( 'NONE', #3976, 1.250000000000001110 ) ;
#2133 = EDGE_LOOP ( 'NONE', ( #4596, #1409, #1756, #1218 ) ) ;
#2134 = AXIS2_PLACEMENT_3D ( 'NONE', #1355, #3284, #590 ) ;
#2135 = DIRECTION ( 'NONE',  ( 0.000000000000000000, -1.239088197126290275E-15, -1.000000000000000000 ) ) ;
#2136 = DIRECTION ( 'NONE',  ( -0.7071067811865490160, 0.000000000000000000, -0.7071067811865460184 ) ) ;
#2137 = CARTESIAN_POINT ( 'NONE',  ( -25.98000000000000398, 7.800000000000005151, 4.499999999999997335 ) ) ;
#2138 = EDGE_LOOP ( 'NONE', ( #4405, #1039 ) ) ;
#2139 = DIRECTION ( 'NONE',  ( -0.000000000000000000, -1.000000000000000000, -0.000000000000000000 ) ) ;
#2140 = ORIENTED_EDGE ( 'NONE', *, *, #4886, .F. ) ;
#2141 = CARTESIAN_POINT ( 'NONE',  ( -15.78000000000000291, 1.700000000000000178, 1.599999999999997202 ) ) ;
#2142 = LINE ( 'NONE', #264, #3578 ) ;
#2143 = ADVANCED_FACE ( 'NONE', ( #2609 ), #311, .F. ) ;
#2144 = CARTESIAN_POINT ( 'NONE',  ( -25.28000000000000114, 10.10000000000000142, -2.500000000000002665 ) ) ;
#2145 = ADVANCED_FACE ( 'NONE', ( #1101 ), #2285, .T. ) ;
#2146 = ORIENTED_EDGE ( 'NONE', *, *, #3970, .T. ) ;
#2147 = DIRECTION ( 'NONE',  ( 0.000000000000000000, 1.000000000000000000, -0.000000000000000000 ) ) ;
#2148 = CARTESIAN_POINT ( 'NONE',  ( -25.98000000000000398, 7.799999999999999822, -0.3000000000000016542 ) ) ;
#2149 = DIRECTION ( 'NONE',  ( -0.000000000000000000, -1.000000000000000000, -0.000000000000000000 ) ) ;
#2150 = EDGE_LOOP ( 'NONE', ( #4657, #4093, #1714, #3003 ) ) ;
#2151 = EDGE_LOOP ( 'NONE', ( #540, #4771, #737, #3855 ) ) ;
#2152 = VERTEX_POINT ( 'NONE', #4 ) ;
#2153 = DIRECTION ( 'NONE',  ( 0.000000000000000000, 0.000000000000000000, 1.000000000000000000 ) ) ;
#2154 = CIRCLE ( 'NONE', #3178, 0.4999999999999987232 ) ;
#2155 = DIRECTION ( 'NONE',  ( 2.503857664561930404E-16, 0.000000000000000000, 1.000000000000000000 ) ) ;
#2156 = VECTOR ( 'NONE', #1309, 1000.000000000000000 ) ;
#2157 =( NAMED_UNIT ( * ) SI_UNIT ( $, .STERADIAN. ) SOLID_ANGLE_UNIT ( ) );
#2158 = VERTEX_POINT ( 'NONE', #4559 ) ;
#2159 = AXIS2_PLACEMENT_3D ( 'NONE', #270, #3235, #667 ) ;
#2160 = FACE_OUTER_BOUND ( 'NONE', #1114, .T. ) ;
#2161 = CARTESIAN_POINT ( 'NONE',  ( 22.98000000000000753, 11.60000000000000142, 5.099999999999998757 ) ) ;
#2162 = LINE ( 'NONE', #257, #129 ) ;
#2163 = ORIENTED_EDGE ( 'NONE', *, *, #4496, .T. ) ;
#2164 = AXIS2_PLACEMENT_3D ( 'NONE', #1164, #788, #3736 ) ;
#2165 = ORIENTED_EDGE ( 'NONE', *, *, #980, .T. ) ;
#2166 = EDGE_CURVE ( 'NONE', #4494, #4084, #1444, .T. ) ;
#2167 = LINE ( 'NONE', #635, #1555 ) ;
#2168 = DIRECTION ( 'NONE',  ( 0.000000000000000000, 1.000000000000000000, -0.000000000000000000 ) ) ;
#2169 = DIRECTION ( 'NONE',  ( 0.000000000000000000, 0.000000000000000000, 1.000000000000000000 ) ) ;
#2170 = VECTOR ( 'NONE', #1887, 1000.000000000000000 ) ;
#2171 = VERTEX_POINT ( 'NONE', #2632 ) ;
#2172 = DIRECTION ( 'NONE',  ( 0.000000000000000000, 0.000000000000000000, 1.000000000000000000 ) ) ;
#2173 = PLANE ( 'NONE',  #2159 ) ;
#2174 = CIRCLE ( 'NONE', #4787, 1.750000000000000000 ) ;
#2175 = ORIENTED_EDGE ( 'NONE', *, *, #3348, .T. ) ;
#2176 = ORIENTED_EDGE ( 'NONE', *, *, #516, .T. ) ;
#2177 = DIRECTION ( 'NONE',  ( 0.000000000000000000, 0.000000000000000000, 1.000000000000000000 ) ) ;
#2178 = EDGE_LOOP ( 'NONE', ( #3482, #568, #1384, #2124 ) ) ;
#2179 = CARTESIAN_POINT ( 'NONE',  ( 25.28000000000000469, 11.60000000000000142, 2.599999999999998757 ) ) ;
#2180 = VECTOR ( 'NONE', #4889, 1000.000000000000000 ) ;
#2181 = DIRECTION ( 'NONE',  ( 1.000000000000000000, 0.000000000000000000, -0.000000000000000000 ) ) ;
#2182 = EDGE_CURVE ( 'NONE', #1478, #742, #4509, .T. ) ;
#2183 = DIRECTION ( 'NONE',  ( 0.000000000000000000, 0.000000000000000000, 1.000000000000000000 ) ) ;
#2184 = VECTOR ( 'NONE', #2481, 1000.000000000000000 ) ;
#2185 = ORIENTED_EDGE ( 'NONE', *, *, #661, .F. ) ;
#2186 = AXIS2_PLACEMENT_3D ( 'NONE', #1604, #170, #1629 ) ;
#2187 = CARTESIAN_POINT ( 'NONE',  ( 25.28000000000000469, 10.10000000000000142, -0.6500000000000014655 ) ) ;
#2188 = PLANE ( 'NONE',  #4634 ) ;
#2189 = VECTOR ( 'NONE', #3851, 1000.000000000000000 ) ;
#2190 = VERTEX_POINT ( 'NONE', #2998 ) ;
#2191 = ORIENTED_EDGE ( 'NONE', *, *, #1246, .T. ) ;
#2192 = FACE_OUTER_BOUND ( 'NONE', #3858, .T. ) ;
#2193 = AXIS2_PLACEMENT_3D ( 'NONE', #275, #4454, #2177 ) ;
#2194 = LINE ( 'NONE', #3281, #1220 ) ;
#2195 = CARTESIAN_POINT ( 'NONE',  ( 27.07999999999999829, 0.000000000000000000, -8.599999999999997868 ) ) ;
#2196 = CARTESIAN_POINT ( 'NONE',  ( 27.07999999999999829, 0.000000000000000000, 8.599999999999997868 ) ) ;
#2197 = CARTESIAN_POINT ( 'NONE',  ( -27.07999999999999829, 10.10000000000000142, 0.2500000000000000000 ) ) ;
#2198 = ORIENTED_EDGE ( 'NONE', *, *, #1964, .T. ) ;
#2199 = EDGE_LOOP ( 'NONE', ( #3009, #1202, #4369, #3988 ) ) ;
#2200 = ADVANCED_FACE ( 'NONE', ( #1517 ), #722, .F. ) ;
#2201 = DIRECTION ( 'NONE',  ( -0.000000000000000000, 0.000000000000000000, 1.000000000000000000 ) ) ;
#2202 = EDGE_LOOP ( 'NONE', ( #4567, #1696, #4735, #4698 ) ) ;
#2203 = EDGE_CURVE ( 'NONE', #1410, #3929, #2585, .T. ) ;
#2204 = DIRECTION ( 'NONE',  ( 0.000000000000000000, 1.000000000000000000, -0.000000000000000000 ) ) ;
#2205 = EDGE_CURVE ( 'NONE', #1373, #3897, #398, .T. ) ;
#2206 = CARTESIAN_POINT ( 'NONE',  ( -27.07999999999999829, 1.600000000000000089, -8.099999999999999645 ) ) ;
#2207 = DIRECTION ( 'NONE',  ( 1.000000000000000000, 0.000000000000000000, 0.000000000000000000 ) ) ;
#2208 = LINE ( 'NONE', #1492, #1469 ) ;
#2209 = ORIENTED_EDGE ( 'NONE', *, *, #1349, .T. ) ;
#2210 = ORIENTED_EDGE ( 'NONE', *, *, #3970, .F. ) ;
#2211 = AXIS2_PLACEMENT_3D ( 'NONE', #3969, #555, #4319 ) ;
#2212 = CARTESIAN_POINT ( 'NONE',  ( 25.97999999999999687, 0.000000000000000000, 0.000000000000000000 ) ) ;
#2213 = EDGE_CURVE ( 'NONE', #3794, #3625, #37, .T. ) ;
#2214 = DIRECTION ( 'NONE',  ( 0.000000000000000000, 0.000000000000000000, 1.000000000000000000 ) ) ;
#2215 = DIRECTION ( 'NONE',  ( 0.000000000000000000, 1.000000000000000000, 0.000000000000000000 ) ) ;
#2216 = PLANE ( 'NONE',  #3972 ) ;
#2217 = CIRCLE ( 'NONE', #4586, 4.000000000000000888 ) ;
#2218 = EDGE_CURVE ( 'NONE', #2562, #436, #4197, .T. ) ;
#2219 = CARTESIAN_POINT ( 'NONE',  ( -24.70307692307692093, 14.18461538461538396, -5.000000000000002665 ) ) ;
#2220 = ORIENTED_EDGE ( 'NONE', *, *, #1649, .F. ) ;
#2221 = DIRECTION ( 'NONE',  ( 1.379893674072460458E-16, -0.000000000000000000, 1.000000000000000000 ) ) ;
#2222 = VERTEX_POINT ( 'NONE', #351 ) ;
#2223 = EDGE_CURVE ( 'NONE', #1959, #2612, #4474, .T. ) ;
#2224 = VERTEX_POINT ( 'NONE', #1124 ) ;
#2225 = SURFACE_STYLE_FILL_AREA ( #2126 ) ;
#2226 = ORIENTED_EDGE ( 'NONE', *, *, #402, .T. ) ;
#2227 = CARTESIAN_POINT ( 'NONE',  ( -25.32999999999999829, -2.500000000000000000, 3.849999999999999201 ) ) ;
#2228 = EDGE_CURVE ( 'NONE', #2470, #4783, #4151, .T. ) ;
#2229 = ADVANCED_FACE ( 'NONE', ( #3069 ), #2385, .F. ) ;
#2230 = EDGE_CURVE ( 'NONE', #588, #2171, #3121, .T. ) ;
#2231 = AXIS2_PLACEMENT_3D ( 'NONE', #455, #822, #2982 ) ;
#2232 = VECTOR ( 'NONE', #3127, 1000.000000000000000 ) ;
#2233 = CYLINDRICAL_SURFACE ( 'NONE', #4321, 3.999999999999999112 ) ;
#2234 = VECTOR ( 'NONE', #2704, 1000.000000000000000 ) ;
#2235 = DIRECTION ( 'NONE',  ( 0.000000000000000000, 0.000000000000000000, 1.000000000000000000 ) ) ;
#2236 = ORIENTED_EDGE ( 'NONE', *, *, #1649, .T. ) ;
#2237 = VERTEX_POINT ( 'NONE', #2702 ) ;
#2238 = AXIS2_PLACEMENT_3D ( 'NONE', #2246, #3400, #3755 ) ;
#2239 = CARTESIAN_POINT ( 'NONE',  ( -25.28000000000000114, 10.10000000000000142, -0.7500000000000026645 ) ) ;
#2240 = CARTESIAN_POINT ( 'NONE',  ( -25.28000000000000114, 10.10000000000000142, 4.250000000000002665 ) ) ;
#2241 = AXIS2_PLACEMENT_3D ( 'NONE', #175, #1684, #2476 ) ;
#2242 = ORIENTED_EDGE ( 'NONE', *, *, #3140, .T. ) ;
#2243 = DIRECTION ( 'NONE',  ( 0.000000000000000000, -0.000000000000000000, 1.000000000000000000 ) ) ;
#2244 = ORIENTED_EDGE ( 'NONE', *, *, #1807, .F. ) ;
#2245 = DIRECTION ( 'NONE',  ( -0.3162277660168380522, -0.9486832980505137680, 0.000000000000000000 ) ) ;
#2246 = CARTESIAN_POINT ( 'NONE',  ( 25.32999999999999829, -2.500000000000000000, 2.599999999999998312 ) ) ;
#2247 = LINE ( 'NONE', #1525, #1056 ) ;
#2248 = ORIENTED_EDGE ( 'NONE', *, *, #147, .T. ) ;
#2249 = ADVANCED_FACE ( 'NONE', ( #819 ), #2728, .F. ) ;
#2250 = VERTEX_POINT ( 'NONE', #504 ) ;
#2251 = CARTESIAN_POINT ( 'NONE',  ( 25.32999999999999829, -2.500000000000000000, -2.599999999999998312 ) ) ;
#2252 = ORIENTED_EDGE ( 'NONE', *, *, #3556, .F. ) ;
#2253 = VECTOR ( 'NONE', #317, 1000.000000000000000 ) ;
#2254 = CARTESIAN_POINT ( 'NONE',  ( -2.929999999999999272, 11.79999999999999893, 9.299999999999997158 ) ) ;
#2255 = CARTESIAN_POINT ( 'NONE',  ( -25.32999999999999829, -2.500000000000000000, 2.599999999999998312 ) ) ;
#2256 = VECTOR ( 'NONE', #94, 1000.000000000000000 ) ;
#2257 = CARTESIAN_POINT ( 'NONE',  ( -28.58000000000000185, 7.799999999999999822, 0.2999999999999973244 ) ) ;
#2258 = CARTESIAN_POINT ( 'NONE',  ( -27.07999999999999829, 0.000000000000000000, 8.099999999999999645 ) ) ;
#2259 = EDGE_CURVE ( 'NONE', #1721, #4157, #834, .T. ) ;
#2260 = AXIS2_PLACEMENT_3D ( 'NONE', #2927, #4053, #1051 ) ;
#2261 = CARTESIAN_POINT ( 'NONE',  ( -2.929999999999999272, 13.12999999999999901, 8.199999999999997513 ) ) ;
#2262 = EDGE_LOOP ( 'NONE', ( #378, #3291, #2109, #3322 ) ) ;
#2263 = EDGE_CURVE ( 'NONE', #1000, #3534, #2018, .T. ) ;
#2264 = VECTOR ( 'NONE', #609, 1000.000000000000000 ) ;
#2265 = DIRECTION ( 'NONE',  ( 0.000000000000000000, -0.000000000000000000, 1.000000000000000000 ) ) ;
#2266 = EDGE_CURVE ( 'NONE', #260, #2043, #3846, .T. ) ;
#2267 = PRODUCT_DEFINITION_FORMATION_WITH_SPECIFIED_SOURCE ( 'ANY', '', #1252, .NOT_KNOWN. ) ;
#2268 = AXIS2_PLACEMENT_3D ( 'NONE', #4108, #4200, #1546 ) ;
#2269 = LINE ( 'NONE', #3775, #119 ) ;
#2270 = ORIENTED_EDGE ( 'NONE', *, *, #4208, .F. ) ;
#2271 = CARTESIAN_POINT ( 'NONE',  ( 25.97999999999999687, 7.799999999999999822, -4.400000000000001243 ) ) ;
#2272 = ORIENTED_EDGE ( 'NONE', *, *, #3286, .T. ) ;
#2273 = ORIENTED_EDGE ( 'NONE', *, *, #1353, .F. ) ;
#2274 = AXIS2_PLACEMENT_3D ( 'NONE', #2251, #833, #1854 ) ;
#2275 = FILL_AREA_STYLE ('',( #1528 ) ) ;
#2276 = EDGE_LOOP ( 'NONE', ( #4353, #1548, #274, #2361, #390, #4808 ) ) ;
#2277 = LINE ( 'NONE', #3762, #4149 ) ;
#2278 = CARTESIAN_POINT ( 'NONE',  ( -27.01205080756887966, 9.600000000000001421, 2.750000000000001776 ) ) ;
#2279 = ORIENTED_EDGE ( 'NONE', *, *, #2263, .T. ) ;
#2280 = ADVANCED_FACE ( 'NONE', ( #2779 ), #1591, .T. ) ;
#2281 = LINE ( 'NONE', #2354, #1106 ) ;
#2282 = DIRECTION ( 'NONE',  ( 0.000000000000000000, -1.000000000000000000, 0.000000000000000000 ) ) ;
#2283 = EDGE_CURVE ( 'NONE', #1195, #1816, #2498, .T. ) ;
#2284 = PLANE ( 'NONE',  #2820 ) ;
#2285 = PLANE ( 'NONE',  #4170 ) ;
#2286 = ORIENTED_EDGE ( 'NONE', *, *, #1091, .T. ) ;
#2287 = VECTOR ( 'NONE', #4579, 1000.000000000000000 ) ;
#2288 = CARTESIAN_POINT ( 'NONE',  ( -11.48000000000000043, 1.700000000000000178, -8.800000000000002487 ) ) ;
#2289 = CARTESIAN_POINT ( 'NONE',  ( 25.97999999999999687, 7.799999999999999822, 4.599999999999997868 ) ) ;
#2290 = ORIENTED_EDGE ( 'NONE', *, *, #4724, .F. ) ;
#2291 = CARTESIAN_POINT ( 'NONE',  ( 15.78000000000001357, 12.30000000000000071, -5.350000000000001421 ) ) ;
#2292 = EDGE_CURVE ( 'NONE', #1276, #4367, #3918, .T. ) ;
#2293 = CARTESIAN_POINT ( 'NONE',  ( -11.48000000000000043, 9.199999999999999289, -8.800000000000002487 ) ) ;
#2294 = EDGE_LOOP ( 'NONE', ( #1906, #152, #1305, #2191 ) ) ;
#2295 = ORIENTED_EDGE ( 'NONE', *, *, #3800, .T. ) ;
#2296 = EDGE_CURVE ( 'NONE', #4890, #1504, #528, .T. ) ;
#2297 = AXIS2_PLACEMENT_3D ( 'NONE', #1037, #4803, #2172 ) ;
#2298 = ADVANCED_FACE ( 'NONE', ( #3147 ), #917, .F. ) ;
#2299 = DIRECTION ( 'NONE',  ( -1.000000000000000000, 0.000000000000000000, -0.000000000000000000 ) ) ;
#2300 = ORIENTED_EDGE ( 'NONE', *, *, #2111, .T. ) ;
#2301 = FACE_OUTER_BOUND ( 'NONE', #1927, .T. ) ;
#2302 = PRESENTATION_LAYER_ASSIGNMENT (  '', '', ( #2 ) ) ;
#2303 = PLANE ( 'NONE',  #4631 ) ;
#2304 = ORIENTED_EDGE ( 'NONE', *, *, #2166, .F. ) ;
#2305 = UNCERTAINTY_MEASURE_WITH_UNIT (LENGTH_MEASURE( 1.000000000000000082E-05 ), #3944, 'distance_accuracy_value', 'NONE');
#2306 = CARTESIAN_POINT ( 'NONE',  ( -11.48000000000000043, 9.199999999999999289, -8.800000000000002487 ) ) ;
#2307 = DIRECTION ( 'NONE',  ( -1.000000000000000000, -0.000000000000000000, -0.000000000000000000 ) ) ;
#2308 = CARTESIAN_POINT ( 'NONE',  ( 15.78000000000001357, 12.30000000000000071, -5.350000000000001421 ) ) ;
#2309 = LINE ( 'NONE', #4581, #2502 ) ;
#2310 = DIRECTION ( 'NONE',  ( 0.000000000000000000, 1.000000000000000000, 0.000000000000000000 ) ) ;
#2311 = ORIENTED_EDGE ( 'NONE', *, *, #1893, .T. ) ;
#2312 = VECTOR ( 'NONE', #3705, 1000.000000000000000 ) ;
#2313 = DIRECTION ( 'NONE',  ( 0.000000000000000000, -1.000000000000000000, 0.000000000000000000 ) ) ;
#2314 = DIRECTION ( 'NONE',  ( 1.000000000000000000, -0.000000000000000000, -0.000000000000000000 ) ) ;
#2315 = CARTESIAN_POINT ( 'NONE',  ( 28.57999999999999829, 7.799999999999999822, 4.599999999999997868 ) ) ;
#2316 = AXIS2_PLACEMENT_3D ( 'NONE', #3307, #4824, #2540 ) ;
#2317 = ADVANCED_FACE ( 'NONE', ( #4609 ), #4245, .F. ) ;
#2318 = ORIENTED_EDGE ( 'NONE', *, *, #2397, .F. ) ;
#2319 = CARTESIAN_POINT ( 'NONE',  ( 20.98000000000001108, 8.600000000000006750, 5.099999999999998757 ) ) ;
#2320 = VERTEX_POINT ( 'NONE', #2360 ) ;
#2321 = ORIENTED_EDGE ( 'NONE', *, *, #4590, .T. ) ;
#2322 = AXIS2_PLACEMENT_3D ( 'NONE', #544, #4655, #4282 ) ;
#2323 = PLANE ( 'NONE',  #537 ) ;
#2324 = VERTEX_POINT ( 'NONE', #4663 ) ;
#2325 = FACE_OUTER_BOUND ( 'NONE', #1903, .T. ) ;
#2326 = ADVANCED_FACE ( 'NONE', ( #3546 ), #480, .F. ) ;
#2327 = VERTEX_POINT ( 'NONE', #1661 ) ;
#2328 = CARTESIAN_POINT ( 'NONE',  ( 1.095000000000000195, 11.50000000000000000, -0.8000000000000020428 ) ) ;
#2329 = AXIS2_PLACEMENT_3D ( 'NONE', #816, #1144, #4908 ) ;
#2330 = CARTESIAN_POINT ( 'NONE',  ( -28.58099999999999952, 11.50000000000000000, 3.199999999999998845 ) ) ;
#2331 = DIRECTION ( 'NONE',  ( -0.000000000000000000, 1.000000000000000000, -0.000000000000000000 ) ) ;
#2332 = EDGE_CURVE ( 'NONE', #486, #1847, #4636, .T. ) ;
#2333 = DIRECTION ( 'NONE',  ( 0.000000000000000000, 0.000000000000000000, 1.000000000000000000 ) ) ;
#2334 = ORIENTED_EDGE ( 'NONE', *, *, #1486, .T. ) ;
#2335 = LINE ( 'NONE', #3332, #2312 ) ;
#2336 = CLOSED_SHELL ( 'NONE', ( #3438, #2940, #2921, #823, #3961, #4492 ) ) ;
#2337 = VECTOR ( 'NONE', #847, 1000.000000000000000 ) ;
#2338 = DIRECTION ( 'NONE',  ( 0.000000000000000000, 0.000000000000000000, -1.000000000000000000 ) ) ;
#2339 = DIRECTION ( 'NONE',  ( -0.000000000000000000, -0.000000000000000000, -1.000000000000000000 ) ) ;
#2340 = LINE ( 'NONE', #140, #1072 ) ;
#2341 = VERTEX_POINT ( 'NONE', #871 ) ;
#2342 = DIRECTION ( 'NONE',  ( -0.000000000000000000, 1.000000000000000000, -0.000000000000000000 ) ) ;
#2343 = EDGE_CURVE ( 'NONE', #4018, #3114, #2217, .T. ) ;
#2344 = ORIENTED_EDGE ( 'NONE', *, *, #1716, .T. ) ;
#2345 = DIRECTION ( 'NONE',  ( 0.000000000000000000, -0.000000000000000000, 1.000000000000000000 ) ) ;
#2346 = AXIS2_PLACEMENT_3D ( 'NONE', #4220, #2383, #3816 ) ;
#2347 = VECTOR ( 'NONE', #1296, 1000.000000000000000 ) ;
#2348 = LINE ( 'NONE', #1977, #1322 ) ;
#2349 = VERTEX_POINT ( 'NONE', #4312 ) ;
#2350 = LINE ( 'NONE', #149, #1635 ) ;
#2351 = DIRECTION ( 'NONE',  ( 1.379893674072460458E-16, -0.000000000000000000, 1.000000000000000000 ) ) ;
#2352 = CARTESIAN_POINT ( 'NONE',  ( 27.01205080756888322, 9.600000000000001421, 2.349999999999998757 ) ) ;
#2353 = ORIENTED_EDGE ( 'NONE', *, *, #3097, .T. ) ;
#2354 = CARTESIAN_POINT ( 'NONE',  ( -28.58099999999999952, 11.50000000000000000, 5.699999999999999289 ) ) ;
#2355 = EDGE_CURVE ( 'NONE', #2222, #1856, #1364, .T. ) ;
#2356 = EDGE_CURVE ( 'NONE', #3684, #3612, #251, .T. ) ;
#2357 = CARTESIAN_POINT ( 'NONE',  ( -17.07999999999999829, 1.600000000000000089, -7.599999999999996980 ) ) ;
#2358 = DIRECTION ( 'NONE',  ( 0.000000000000000000, 0.000000000000000000, 1.000000000000000000 ) ) ;
#2359 = EDGE_CURVE ( 'NONE', #2043, #4035, #2087, .T. ) ;
#2360 = CARTESIAN_POINT ( 'NONE',  ( 1.095000000000002194, 8.000000000000000000, 1.699999999999998401 ) ) ;
#2361 = ORIENTED_EDGE ( 'NONE', *, *, #827, .T. ) ;
#2362 = PLANE ( 'NONE',  #4446 ) ;
#2363 = CARTESIAN_POINT ( 'NONE',  ( -25.28000000000000114, 10.10000000000000142, -4.250000000000002665 ) ) ;
#2364 = LINE ( 'NONE', #946, #2847 ) ;
#2365 = DIRECTION ( 'NONE',  ( -0.000000000000000000, -0.000000000000000000, -1.000000000000000000 ) ) ;
#2366 = DIRECTION ( 'NONE',  ( -0.000000000000000000, -1.000000000000000000, -0.000000000000000000 ) ) ;
#2367 = ORIENTED_EDGE ( 'NONE', *, *, #4228, .F. ) ;
#2368 = DIRECTION ( 'NONE',  ( 0.000000000000000000, 0.000000000000000000, 1.000000000000000000 ) ) ;
#2369 = ORIENTED_EDGE ( 'NONE', *, *, #3311, .F. ) ;
#2370 = VERTEX_POINT ( 'NONE', #4021 ) ;
#2371 = CYLINDRICAL_SURFACE ( 'NONE', #4019, 1.250000000000001110 ) ;
#2372 = EDGE_LOOP ( 'NONE', ( #276, #1434, #2605, #1087, #288, #4541, #1031, #3335, #3638, #3381, #2140, #3316, #3538, #2771, #1315, #2587, #1651, #4328, #3611, #4214, #3618, #830, #1177, #1738 ) ) ;
#2373 = DIRECTION ( 'NONE',  ( 0.000000000000000000, 1.000000000000000000, -2.065146995210484448E-16 ) ) ;
#2374 = ADVANCED_FACE ( 'NONE', ( #1713 ), #4358, .F. ) ;
#2375 = DIRECTION ( 'NONE',  ( 0.000000000000000000, -1.000000000000000000, 0.000000000000000000 ) ) ;
#2376 = CARTESIAN_POINT ( 'NONE',  ( 23.54794919243112616, 10.10000000000000142, 2.349999999999998757 ) ) ;
#2377 = VECTOR ( 'NONE', #2024, 1000.000000000000000 ) ;
#2378 = ORIENTED_EDGE ( 'NONE', *, *, #2945, .T. ) ;
#2379 = CARTESIAN_POINT ( 'NONE',  ( -27.07999999999999829, 10.10000000000000142, 0.2500000000000000000 ) ) ;
#2380 = EDGE_CURVE ( 'NONE', #2703, #3612, #1314, .T. ) ;
#2381 = PLANE ( 'NONE',  #4143 ) ;
#2382 = ADVANCED_FACE ( 'NONE', ( #3965 ), #3617, .F. ) ;
#2383 = DIRECTION ( 'NONE',  ( 0.000000000000000000, 1.275531967630005492E-16, -1.000000000000000000 ) ) ;
#2384 = EDGE_CURVE ( 'NONE', #3897, #3061, #2829, .T. ) ;
#2385 = PLANE ( 'NONE',  #1706 ) ;
#2386 = ORIENTED_EDGE ( 'NONE', *, *, #4092, .T. ) ;
#2387 = LINE ( 'NONE', #3548, #4766 ) ;
#2388 = CARTESIAN_POINT ( 'NONE',  ( -11.48000000000000043, 9.199999999999999289, -8.800000000000002487 ) ) ;
#2389 = PLANE ( 'NONE',  #1982 ) ;
#2390 = DIRECTION ( 'NONE',  ( 0.000000000000000000, 1.000000000000000000, 0.000000000000000000 ) ) ;
#2391 = VERTEX_POINT ( 'NONE', #180 ) ;
#2392 = CARTESIAN_POINT ( 'NONE',  ( -27.07999999999999829, 0.000000000000000000, 8.599999999999997868 ) ) ;
#2393 = VECTOR ( 'NONE', #1416, 1000.000000000000000 ) ;
#2394 = EDGE_LOOP ( 'NONE', ( #615, #4801, #332, #2765 ) ) ;
#2395 = CARTESIAN_POINT ( 'NONE',  ( 25.32999999999999829, -2.500000000000000000, -2.599999999999998312 ) ) ;
#2396 = AXIS2_PLACEMENT_3D ( 'NONE', #1589, #3117, #3589 ) ;
#2397 = EDGE_CURVE ( 'NONE', #4629, #2074, #1588, .T. ) ;
#2398 = ORIENTED_EDGE ( 'NONE', *, *, #853, .F. ) ;
#2399 = DIRECTION ( 'NONE',  ( 0.000000000000000000, 0.000000000000000000, 1.000000000000000000 ) ) ;
#2400 = CYLINDRICAL_SURFACE ( 'NONE', #1369, 1.100000000000000311 ) ;
#2401 = VECTOR ( 'NONE', #2375, 1000.000000000000000 ) ;
#2402 = EDGE_LOOP ( 'NONE', ( #1669, #2163 ) ) ;
#2403 = CARTESIAN_POINT ( 'NONE',  ( -27.07999999999999829, 0.000000000000000000, -8.599999999999997868 ) ) ;
#2404 = AXIS2_PLACEMENT_3D ( 'NONE', #1956, #3385, #3012 ) ;
#2405 = PLANE ( 'NONE',  #263 ) ;
#2406 = DIRECTION ( 'NONE',  ( 0.000000000000000000, -1.000000000000000000, -0.000000000000000000 ) ) ;
#2407 = DIRECTION ( 'NONE',  ( 0.000000000000000000, -1.000000000000000000, 0.000000000000000000 ) ) ;
#2408 = ORIENTED_EDGE ( 'NONE', *, *, #4205, .F. ) ;
#2409 = CARTESIAN_POINT ( 'NONE',  ( -27.07999999999999829, 1.600000000000000089, 8.099999999999999645 ) ) ;
#2410 = ADVANCED_FACE ( 'NONE', ( #3195 ), #2131, .F. ) ;
#2411 = ADVANCED_FACE ( 'NONE', ( #2875 ), #2108, .T. ) ;
#2412 = CARTESIAN_POINT ( 'NONE',  ( 25.97999999999999687, 7.799999999999998934, 0.3999999999999975797 ) ) ;
#2413 = CARTESIAN_POINT ( 'NONE',  ( 1.095000000000002194, 11.50000000000000000, 5.699999999999999289 ) ) ;
#2414 = CARTESIAN_POINT ( 'NONE',  ( 1.095000000000002194, 11.50000000000000000, 7.199999999999999289 ) ) ;
#2415 = ADVANCED_FACE ( 'NONE', ( #4336 ), #1390, .F. ) ;
#2416 = ORIENTED_EDGE ( 'NONE', *, *, #1494, .T. ) ;
#2417 = DIRECTION ( 'NONE',  ( 1.000000000000000000, -0.000000000000000000, -0.000000000000000000 ) ) ;
#2418 = ORIENTED_EDGE ( 'NONE', *, *, #1994, .T. ) ;
#2419 = PLANE ( 'NONE',  #4734 ) ;
#2420 = ORIENTED_EDGE ( 'NONE', *, *, #3168, .F. ) ;
#2421 = CARTESIAN_POINT ( 'NONE',  ( -11.33000000000000007, 1.700000000000000178, 9.299999999999997158 ) ) ;
#2422 = LINE ( 'NONE', #93, #4530 ) ;
#2423 = VECTOR ( 'NONE', #4647, 1000.000000000000000 ) ;
#2424 = ORIENTED_EDGE ( 'NONE', *, *, #3957, .F. ) ;
#2425 = CARTESIAN_POINT ( 'NONE',  ( -25.98000000000000398, 7.799999999999999822, -4.500000000000002665 ) ) ;
#2426 = AXIS2_PLACEMENT_3D ( 'NONE', #1590, #1940, #3092 ) ;
#2427 = AXIS2_PLACEMENT_3D ( 'NONE', #2807, #3499, #2338 ) ;
#2428 = CARTESIAN_POINT ( 'NONE',  ( 28.57999999999999829, 2.699999999999999289, 4.599999999999997868 ) ) ;
#2429 = EDGE_CURVE ( 'NONE', #1694, #144, #3641, .T. ) ;
#2430 = MECHANICAL_DESIGN_GEOMETRIC_PRESENTATION_REPRESENTATION (  '', ( #1010 ), #4180 ) ;
#2431 = SURFACE_SIDE_STYLE ('',( #1787 ) ) ;
#2432 = DIRECTION ( 'NONE',  ( 0.000000000000000000, 1.000000000000000000, 0.000000000000000000 ) ) ;
#2433 = VERTEX_POINT ( 'NONE', #1415 ) ;
#2434 = CARTESIAN_POINT ( 'NONE',  ( -28.58000000000000185, 2.700000000000005507, 4.500000000000003553 ) ) ;
#2435 = PRESENTATION_STYLE_ASSIGNMENT (( #2045 ) ) ;
#2436 = DIRECTION ( 'NONE',  ( 0.000000000000000000, 1.000000000000000000, 0.000000000000000000 ) ) ;
#2437 = DIRECTION ( 'NONE',  ( 0.000000000000000000, 1.000000000000000000, 0.000000000000000000 ) ) ;
#2438 = ORIENTED_EDGE ( 'NONE', *, *, #20, .F. ) ;
#2439 = DIRECTION ( 'NONE',  ( 1.301042606982605321E-16, 0.000000000000000000, 1.000000000000000000 ) ) ;
#2440 = EDGE_LOOP ( 'NONE', ( #4679, #4755 ) ) ;
#2441 = CARTESIAN_POINT ( 'NONE',  ( 28.57999999999999829, 11.60000000000000142, -4.900000000000001243 ) ) ;
#2442 = ORIENTED_EDGE ( 'NONE', *, *, #982, .T. ) ;
#2443 = LINE ( 'NONE', #2421, #46 ) ;
#2444 = CARTESIAN_POINT ( 'NONE',  ( -3.864239565673790011, 12.62999999999999901, 8.780686175080520073 ) ) ;
#2445 = VECTOR ( 'NONE', #2752, 1000.000000000000000 ) ;
#2446 = LINE ( 'NONE', #566, #752 ) ;
#2447 = ORIENTED_EDGE ( 'NONE', *, *, #4525, .T. ) ;
#2448 = ADVANCED_FACE ( 'NONE', ( #2899 ), #4815, .F. ) ;
#2449 = EDGE_LOOP ( 'NONE', ( #1526, #2019, #2830, #3430 ) ) ;
#2450 = ADVANCED_FACE ( 'NONE', ( #4385 ), #4435, .T. ) ;
#2451 = CARTESIAN_POINT ( 'NONE',  ( 0.7199999999999998623, 9.199999999999999289, 3.399999999999996803 ) ) ;
#2452 = VECTOR ( 'NONE', #2091, 1000.000000000000000 ) ;
#2453 = CARTESIAN_POINT ( 'NONE',  ( 20.97999999999999687, 11.60000000000000142, -4.900000000000001243 ) ) ;
#2454 = VECTOR ( 'NONE', #280, 1000.000000000000000 ) ;
#2455 = CARTESIAN_POINT ( 'NONE',  ( -28.58099999999999952, 8.000000000000000000, 3.199999999999998845 ) ) ;
#2456 = ORIENTED_EDGE ( 'NONE', *, *, #3651, .F. ) ;
#2457 = CARTESIAN_POINT ( 'NONE',  ( -3.864239565673790011, 12.62999999999999901, 8.780686175080520073 ) ) ;
#2458 = CARTESIAN_POINT ( 'NONE',  ( 25.28000000000000469, 9.600000000000001421, -2.400000000000001688 ) ) ;
#2459 = DIRECTION ( 'NONE',  ( -0.000000000000000000, 1.000000000000000000, -0.000000000000000000 ) ) ;
#2460 = CARTESIAN_POINT ( 'NONE',  ( -25.28000000000000114, 9.600000000000001421, -2.500000000000002665 ) ) ;
#2461 = VERTEX_POINT ( 'NONE', #3941 ) ;
#2462 = ORIENTED_EDGE ( 'NONE', *, *, #3543, .F. ) ;
#2463 = CARTESIAN_POINT ( 'NONE',  ( -27.07999999999999829, 10.10000000000000142, 0.2500000000000000000 ) ) ;
#2464 = ORIENTED_EDGE ( 'NONE', *, *, #114, .T. ) ;
#2465 = CARTESIAN_POINT ( 'NONE',  ( 27.01205080756888322, 9.600000000000001421, 2.349999999999998757 ) ) ;
#2466 = EDGE_LOOP ( 'NONE', ( #1294, #2595, #1616, #4600 ) ) ;
#2467 = DIRECTION ( 'NONE',  ( 0.000000000000000000, -0.000000000000000000, -1.000000000000000000 ) ) ;
#2468 = DIRECTION ( 'NONE',  ( 0.000000000000000000, 0.000000000000000000, 1.000000000000000000 ) ) ;
#2469 = VECTOR ( 'NONE', #625, 1000.000000000000000 ) ;
#2470 = VERTEX_POINT ( 'NONE', #1337 ) ;
#2471 = EDGE_LOOP ( 'NONE', ( #3402, #3555, #489, #4375 ) ) ;
#2472 = VECTOR ( 'NONE', #4338, 1000.000000000000000 ) ;
#2473 = LINE ( 'NONE', #3544, #4433 ) ;
#2474 = ADVANCED_FACE ( 'NONE', ( #2852 ), #966, .F. ) ;
#2475 = AXIS2_PLACEMENT_3D ( 'NONE', #3956, #565, #2079 ) ;
#2476 = DIRECTION ( 'NONE',  ( 0.000000000000000000, 0.000000000000000000, 1.000000000000000000 ) ) ;
#2477 = VECTOR ( 'NONE', #2577, 1000.000000000000000 ) ;
#2478 = CARTESIAN_POINT ( 'NONE',  ( -2.929999999999999272, 12.62999999999999901, 8.199999999999997513 ) ) ;
#2479 = ORIENTED_EDGE ( 'NONE', *, *, #2111, .F. ) ;
#2480 = LINE ( 'NONE', #2066, #1760 ) ;
#2481 = DIRECTION ( 'NONE',  ( -0.000000000000000000, -0.000000000000000000, -1.000000000000000000 ) ) ;
#2482 = APPLICATION_CONTEXT ( 'automotive_design' ) ;
#2483 = DIRECTION ( 'NONE',  ( 0.000000000000000000, 0.000000000000000000, 1.000000000000000000 ) ) ;
#2484 = FACE_OUTER_BOUND ( 'NONE', #1577, .T. ) ;
#2485 = VECTOR ( 'NONE', #852, 1000.000000000000000 ) ;
#2486 = VERTEX_POINT ( 'NONE', #1440 ) ;
#2487 = EDGE_LOOP ( 'NONE', ( #1645, #2398, #4430, #1166 ) ) ;
#2488 = LINE ( 'NONE', #1723, #1874 ) ;
#2489 = CARTESIAN_POINT ( 'NONE',  ( 12.24500000000000277, 6.599999999999999645, -2.800000000000001155 ) ) ;
#2490 = CARTESIAN_POINT ( 'NONE',  ( -27.07999999999999829, 11.60000000000000142, -0.2500000000000000000 ) ) ;
#2491 = ORIENTED_EDGE ( 'NONE', *, *, #3497, .F. ) ;
#2492 = ADVANCED_FACE ( 'NONE', ( #675 ), #307, .F. ) ;
#2493 = DIRECTION ( 'NONE',  ( 0.000000000000000000, -1.239088197126290866E-15, -1.000000000000000000 ) ) ;
#2494 = VECTOR ( 'NONE', #1184, 1000.000000000000000 ) ;
#2495 = CARTESIAN_POINT ( 'NONE',  ( 28.57999999999999829, 11.60000000000000142, -4.900000000000001243 ) ) ;
#2496 = ORIENTED_EDGE ( 'NONE', *, *, #1321, .F. ) ;
#2497 = ORIENTED_EDGE ( 'NONE', *, *, #1420, .T. ) ;
#2498 = CIRCLE ( 'NONE', #3125, 1.750000000000000000 ) ;
#2499 = FILL_AREA_STYLE_COLOUR ( '', #1041 ) ;
#2500 = ORIENTED_EDGE ( 'NONE', *, *, #2840, .T. ) ;
#2501 = CARTESIAN_POINT ( 'NONE',  ( 1.095000000000002194, 8.000000000000000000, -0.3000000000000016542 ) ) ;
#2502 = VECTOR ( 'NONE', #3845, 1000.000000000000000 ) ;
#2503 = AXIS2_PLACEMENT_3D ( 'NONE', #2141, #1325, #4346 ) ;
#2504 = CARTESIAN_POINT ( 'NONE',  ( -28.58000000000000185, 11.60000000000000142, 4.999999999999997335 ) ) ;
#2505 = SURFACE_STYLE_USAGE ( .BOTH. , #2948 ) ;
#2507 = EDGE_LOOP ( 'NONE', ( #3720, #1019, #1393, #2321 ) ) ;
#2506 = AXIS2_PLACEMENT_3D ( 'NONE', #2692, #2990, #2299 ) ;
#2508 = CARTESIAN_POINT ( 'NONE',  ( 27.07999999999999829, 1.600000000000000089, 8.099999999999999645 ) ) ;
#2509 = EDGE_CURVE ( 'NONE', #761, #2486, #80, .T. ) ;
#2510 = DIRECTION ( 'NONE',  ( -0.000000000000000000, 1.000000000000000000, -0.000000000000000000 ) ) ;
#2511 = FACE_OUTER_BOUND ( 'NONE', #3244, .T. ) ;
#2512 = ORIENTED_EDGE ( 'NONE', *, *, #1999, .F. ) ;
#2513 = ORIENTED_EDGE ( 'NONE', *, *, #3616, .T. ) ;
#2514 = DIRECTION ( 'NONE',  ( 0.000000000000000000, 1.000000000000000000, -0.000000000000000000 ) ) ;
#2515 = CARTESIAN_POINT ( 'NONE',  ( -20.98000000000000043, 11.60000000000000142, -5.000000000000002665 ) ) ;
#2516 = CARTESIAN_POINT ( 'NONE',  ( -27.01205080756887966, 10.10000000000000142, 2.250000000000002665 ) ) ;
#2517 = EDGE_LOOP ( 'NONE', ( #1983, #4594, #4455, #3392 ) ) ;
#2518 = PLANE ( 'NONE',  #4194 ) ;
#2519 = LINE ( 'NONE', #2865, #4045 ) ;
#2520 = DIRECTION ( 'NONE',  ( 1.000000000000000000, -0.000000000000000000, -0.000000000000000000 ) ) ;
#2521 = CYLINDRICAL_SURFACE ( 'NONE', #3341, 0.4999999999999987232 ) ;
#2522 = ORIENTED_EDGE ( 'NONE', *, *, #2944, .T. ) ;
#2523 = ORIENTED_EDGE ( 'NONE', *, *, #619, .T. ) ;
#2524 = DIRECTION ( 'NONE',  ( 1.000000000000000000, -0.000000000000000000, -0.000000000000000000 ) ) ;
#2525 = ORIENTED_EDGE ( 'NONE', *, *, #371, .T. ) ;
#2526 = CARTESIAN_POINT ( 'NONE',  ( 25.97999999999999687, 7.799999999999998934, -0.2000000000000005107 ) ) ;
#2527 = EDGE_CURVE ( 'NONE', #4074, #1500, #1507, .T. ) ;
#2528 = DIRECTION ( 'NONE',  ( -1.000000000000000000, 0.000000000000000000, -0.000000000000000000 ) ) ;
#2529 = ORIENTED_EDGE ( 'NONE', *, *, #1834, .T. ) ;
#2530 = VECTOR ( 'NONE', #3995, 1000.000000000000000 ) ;
#2531 =( NAMED_UNIT ( * ) SI_UNIT ( $, .STERADIAN. ) SOLID_ANGLE_UNIT ( ) );
#2532 = LINE ( 'NONE', #1002, #3866 ) ;
#2533 = DIRECTION ( 'NONE',  ( -0.000000000000000000, 1.000000000000000000, 2.478176394252582127E-16 ) ) ;
#2534 = VERTEX_POINT ( 'NONE', #1776 ) ;
#2535 = CARTESIAN_POINT ( 'NONE',  ( 25.97999999999999687, 7.799999999999998934, 0.3999999999999975797 ) ) ;
#2536 = ORIENTED_EDGE ( 'NONE', *, *, #1008, .F. ) ;
#2537 = VECTOR ( 'NONE', #2037, 1000.000000000000000 ) ;
#2538 = CARTESIAN_POINT ( 'NONE',  ( -28.58000000000000185, 11.60000000000000142, 4.999999999999997335 ) ) ;
#2539 = CARTESIAN_POINT ( 'NONE',  ( -28.58000000000000185, 2.699999999999999289, -4.500000000000001776 ) ) ;
#2540 = DIRECTION ( 'NONE',  ( 0.000000000000000000, 0.000000000000000000, 1.000000000000000000 ) ) ;
#2541 = CARTESIAN_POINT ( 'NONE',  ( 23.54794919243112616, 9.600000000000001421, -2.150000000000002576 ) ) ;
#2542 = ORIENTED_EDGE ( 'NONE', *, *, #2793, .T. ) ;
#2543 = DIRECTION ( 'NONE',  ( 0.000000000000000000, 0.000000000000000000, -1.000000000000000000 ) ) ;
#2544 = FACE_OUTER_BOUND ( 'NONE', #4137, .T. ) ;
#2545 = FACE_OUTER_BOUND ( 'NONE', #1138, .T. ) ;
#2546 = ORIENTED_EDGE ( 'NONE', *, *, #4563, .F. ) ;
#2547 = ORIENTED_EDGE ( 'NONE', *, *, #973, .T. ) ;
#2548 = EDGE_CURVE ( 'NONE', #803, #4522, #2842, .T. ) ;
#2549 = ORIENTED_EDGE ( 'NONE', *, *, #4722, .T. ) ;
#2550 = DIRECTION ( 'NONE',  ( -1.000000000000000000, 0.000000000000000000, 0.000000000000000000 ) ) ;
#2551 = AXIS2_PLACEMENT_3D ( 'NONE', #623, #282, #4578 ) ;
#2552 = VECTOR ( 'NONE', #3252, 1000.000000000000000 ) ;
#2553 = CARTESIAN_POINT ( 'NONE',  ( -28.58000000000000185, 1.600000000000000089, -10.10000000000000142 ) ) ;
#2554 = VECTOR ( 'NONE', #72, 1000.000000000000000 ) ;
#2555 = CARTESIAN_POINT ( 'NONE',  ( -28.58000000000000185, 1.600000000000000089, -10.10000000000000142 ) ) ;
#2556 = ORIENTED_EDGE ( 'NONE', *, *, #4255, .F. ) ;
#2557 = VECTOR ( 'NONE', #2221, 1000.000000000000000 ) ;
#2558 = PLANE ( 'NONE',  #3366 ) ;
#2559 = FACE_OUTER_BOUND ( 'NONE', #3427, .T. ) ;
#2560 = ADVANCED_FACE ( 'NONE', ( #4351 ), #269, .F. ) ;
#2561 = ORIENTED_EDGE ( 'NONE', *, *, #624, .F. ) ;
#2562 = VERTEX_POINT ( 'NONE', #564 ) ;
#2563 = ADVANCED_FACE ( 'NONE', ( #2078 ), #1064, .T. ) ;
#2564 = LINE ( 'NONE', #2463, #3213 ) ;
#2565 = EDGE_CURVE ( 'NONE', #2863, #3318, #2851, .T. ) ;
#2566 = DIRECTION ( 'NONE',  ( -1.155297396910783454E-16, -0.000000000000000000, -1.000000000000000000 ) ) ;
#2567 = CARTESIAN_POINT ( 'NONE',  ( 27.01205080756888322, 9.600000000000001421, 2.849999999999997868 ) ) ;
#2568 = VECTOR ( 'NONE', #841, 1000.000000000000000 ) ;
#2569 = ORIENTED_EDGE ( 'NONE', *, *, #512, .F. ) ;
#2570 = PLANE ( 'NONE',  #1679 ) ;
#2571 = CARTESIAN_POINT ( 'NONE',  ( -28.58000000000000185, 1.600000000000000089, -10.10000000000000142 ) ) ;
#2572 = AXIS2_PLACEMENT_3D ( 'NONE', #876, #2390, #1668 ) ;
#2573 = DIRECTION ( 'NONE',  ( 0.000000000000000000, 0.000000000000000000, -1.000000000000000000 ) ) ;
#2574 = ORIENTED_EDGE ( 'NONE', *, *, #3170, .F. ) ;
#2575 = ORIENTED_EDGE ( 'NONE', *, *, #3797, .T. ) ;
#2576 = EDGE_LOOP ( 'NONE', ( #2887, #2210, #3822, #3328 ) ) ;
#2577 = DIRECTION ( 'NONE',  ( -0.000000000000000000, -1.000000000000000000, -0.000000000000000000 ) ) ;
#2578 = VECTOR ( 'NONE', #1148, 1000.000000000000000 ) ;
#2579 = FACE_OUTER_BOUND ( 'NONE', #1839, .T. ) ;
#2580 = ADVANCED_FACE ( 'NONE', ( #4779 ), #3582, .F. ) ;
#2581 = VECTOR ( 'NONE', #3120, 1000.000000000000000 ) ;
#2582 = ORIENTED_EDGE ( 'NONE', *, *, #1712, .T. ) ;
#2583 = VECTOR ( 'NONE', #3329, 1000.000000000000000 ) ;
#2584 = PLANE ( 'NONE',  #1795 ) ;
#2585 = LINE ( 'NONE', #775, #2578 ) ;
#2586 = PRESENTATION_LAYER_ASSIGNMENT (  '', '', ( #4727 ) ) ;
#2587 = ORIENTED_EDGE ( 'NONE', *, *, #3841, .F. ) ;
#2588 = EDGE_CURVE ( 'NONE', #1173, #2324, #666, .T. ) ;
#2589 = VERTEX_POINT ( 'NONE', #4011 ) ;
#2590 = LINE ( 'NONE', #1449, #1159 ) ;
#2591 = FACE_OUTER_BOUND ( 'NONE', #3233, .T. ) ;
#2592 = DIRECTION ( 'NONE',  ( 0.000000000000000000, 1.000000000000000000, 0.000000000000000000 ) ) ;
#2593 = DIRECTION ( 'NONE',  ( 0.000000000000000000, 0.000000000000000000, 1.000000000000000000 ) ) ;
#2594 = CARTESIAN_POINT ( 'NONE',  ( 17.07999999999999829, 1.600000000000000089, 6.099999999999996092 ) ) ;
#2595 = ORIENTED_EDGE ( 'NONE', *, *, #281, .F. ) ;
#2596 = EDGE_CURVE ( 'NONE', #2005, #173, #4756, .T. ) ;
#2597 = CARTESIAN_POINT ( 'NONE',  ( -28.58099999999999952, 8.000000000000000000, -0.8000000000000012657 ) ) ;
#2598 = ORIENTED_EDGE ( 'NONE', *, *, #4702, .T. ) ;
#2599 = LINE ( 'NONE', #1088, #3265 ) ;
#2600 = ADVANCED_FACE ( 'NONE', ( #2544 ), #3211, .F. ) ;
#2601 = ORIENTED_EDGE ( 'NONE', *, *, #4335, .T. ) ;
#2602 = ORIENTED_EDGE ( 'NONE', *, *, #1154, .T. ) ;
#2603 = VECTOR ( 'NONE', #3999, 1000.000000000000000 ) ;
#2604 = DIRECTION ( 'NONE',  ( 0.000000000000000000, 1.000000000000000000, 0.000000000000000000 ) ) ;
#2605 = ORIENTED_EDGE ( 'NONE', *, *, #3323, .F. ) ;
#2606 = LINE ( 'NONE', #2942, #976 ) ;
#2607 = PRESENTATION_STYLE_ASSIGNMENT (( #2505 ) ) ;
#2608 =( LENGTH_UNIT ( ) NAMED_UNIT ( * ) SI_UNIT ( .MILLI., .METRE. ) );
#2609 = FACE_OUTER_BOUND ( 'NONE', #2199, .T. ) ;
#2610 = ORIENTED_EDGE ( 'NONE', *, *, #4839, .T. ) ;
#2611 = EDGE_CURVE ( 'NONE', #3612, #2096, #1329, .T. ) ;
#2612 = VERTEX_POINT ( 'NONE', #613 ) ;
#2613 = AXIS2_PLACEMENT_3D ( 'NONE', #4694, #139, #4616 ) ;
#2614 = LINE ( 'NONE', #4538, #1163 ) ;
#2615 = LINE ( 'NONE', #4182, #747 ) ;
#2616 = VERTEX_POINT ( 'NONE', #4402 ) ;
#2617 = DIRECTION ( 'NONE',  ( 0.000000000000000000, 1.000000000000000000, 0.000000000000000000 ) ) ;
#2618 = ORIENTED_EDGE ( 'NONE', *, *, #800, .T. ) ;
#2619 = CARTESIAN_POINT ( 'NONE',  ( 27.07999999999999829, 0.000000000000000000, 8.599999999999997868 ) ) ;
#2620 = DIRECTION ( 'NONE',  ( 0.000000000000000000, -1.239088197126290866E-15, -1.000000000000000000 ) ) ;
#2621 = ORIENTED_EDGE ( 'NONE', *, *, #381, .T. ) ;
#2622 = ORIENTED_EDGE ( 'NONE', *, *, #3870, .F. ) ;
#2623 = FACE_OUTER_BOUND ( 'NONE', #407, .T. ) ;
#2624 = ORIENTED_EDGE ( 'NONE', *, *, #242, .T. ) ;
#2625 = DIRECTION ( 'NONE',  ( 0.000000000000000000, 0.000000000000000000, -1.000000000000000000 ) ) ;
#2626 = ADVANCED_FACE ( 'NONE', ( #4732 ), #4425, .F. ) ;
#2627 = CARTESIAN_POINT ( 'NONE',  ( 0.7199999999999998623, 1.700000000000000178, 3.399999999999996803 ) ) ;
#2628 = ADVANCED_FACE ( 'NONE', ( #3631 ), #3606, .T. ) ;
#2629 = AXIS2_PLACEMENT_3D ( 'NONE', #85, #2366, #4851 ) ;
#2630 = DIRECTION ( 'NONE',  ( 0.000000000000000000, 0.000000000000000000, 1.000000000000000000 ) ) ;
#2631 = VECTOR ( 'NONE', #1146, 1000.000000000000000 ) ;
#2632 = CARTESIAN_POINT ( 'NONE',  ( 23.54794919243112616, 10.10000000000000142, -2.650000000000001688 ) ) ;
#2633 = VERTEX_POINT ( 'NONE', #3680 ) ;
#2634 = AXIS2_PLACEMENT_3D ( 'NONE', #1777, #3285, #1483 ) ;
#2635 = DIRECTION ( 'NONE',  ( 0.000000000000000000, -0.000000000000000000, -1.000000000000000000 ) ) ;
#2636 = DIRECTION ( 'NONE',  ( 0.000000000000000000, -2.065146995210484448E-16, 1.000000000000000000 ) ) ;
#2637 = AXIS2_PLACEMENT_3D ( 'NONE', #3640, #4835, #648 ) ;
#2638 = ORIENTED_EDGE ( 'NONE', *, *, #525, .T. ) ;
#2639 = CARTESIAN_POINT ( 'NONE',  ( -27.68000000000000327, 11.30000000000000071, 4.999999999999997335 ) ) ;
#2640 = CARTESIAN_POINT ( 'NONE',  ( -22.98000000000000043, 11.60000000000000142, -5.000000000000002665 ) ) ;
#2641 = EDGE_CURVE ( 'NONE', #948, #2327, #220, .T. ) ;
#2642 = CARTESIAN_POINT ( 'NONE',  ( 12.24500000000000277, 11.50000000000000000, 5.199999999999999289 ) ) ;
#2643 = ORIENTED_EDGE ( 'NONE', *, *, #2781, .T. ) ;
#2644 = ORIENTED_EDGE ( 'NONE', *, *, #3614, .F. ) ;
#2645 = CARTESIAN_POINT ( 'NONE',  ( 0.000000000000000000, 11.50000000000000000, 0.000000000000000000 ) ) ;
#2646 = EDGE_CURVE ( 'NONE', #1368, #2844, #3234, .T. ) ;
#2647 = ORIENTED_EDGE ( 'NONE', *, *, #162, .T. ) ;
#2648 = AXIS2_PLACEMENT_3D ( 'NONE', #2025, #2047, #3175 ) ;
#2649 = CARTESIAN_POINT ( 'NONE',  ( 25.97999999999999687, 7.799999999999999822, -4.400000000000001243 ) ) ;
#2650 = LINE ( 'NONE', #3060, #3919 ) ;
#2651 = UNCERTAINTY_MEASURE_WITH_UNIT (LENGTH_MEASURE( 1.000000000000000082E-05 ), #4635, 'distance_accuracy_value', 'NONE');
#2652 = CARTESIAN_POINT ( 'NONE',  ( 25.32999999999999829, -2.500000000000000000, 3.849999999999999201 ) ) ;
#2653 = FACE_OUTER_BOUND ( 'NONE', #1647, .T. ) ;
#2654 = AXIS2_PLACEMENT_3D ( 'NONE', #3037, #4574, #4237 ) ;
#2655 = PRESENTATION_STYLE_ASSIGNMENT (( #4866 ) ) ;
#2656 = DIRECTION ( 'NONE',  ( 0.000000000000000000, 1.000000000000000000, 0.000000000000000000 ) ) ;
#2657 = EDGE_CURVE ( 'NONE', #4778, #1953, #2519, .T. ) ;
#2658 = ORIENTED_EDGE ( 'NONE', *, *, #130, .T. ) ;
#2659 = VECTOR ( 'NONE', #2745, 1000.000000000000000 ) ;
#2660 = EDGE_CURVE ( 'NONE', #1463, #1179, #1803, .T. ) ;
#2661 = EDGE_CURVE ( 'NONE', #1802, #4418, #2962, .T. ) ;
#2662 = DIRECTION ( 'NONE',  ( -1.008560160451632221E-16, -0.000000000000000000, -1.000000000000000000 ) ) ;
#2663 = COLOUR_RGB ( '',0.000000000000000000, 1.000000000000000000, 0.000000000000000000 ) ;
#2664 = VECTOR ( 'NONE', #1105, 1000.000000000000000 ) ;
#2665 = DIRECTION ( 'NONE',  ( -0.000000000000000000, 1.000000000000000000, 2.478176394252582127E-16 ) ) ;
#2666 = ORIENTED_EDGE ( 'NONE', *, *, #1973, .F. ) ;
#2667 = DIRECTION ( 'NONE',  ( 0.000000000000000000, 0.000000000000000000, 1.000000000000000000 ) ) ;
#2668 = CARTESIAN_POINT ( 'NONE',  ( 20.97999999999999687, 11.60000000000000142, 5.099999999999998757 ) ) ;
#2669 = ORIENTED_EDGE ( 'NONE', *, *, #1079, .F. ) ;
#2670 = ORIENTED_EDGE ( 'NONE', *, *, #4062, .F. ) ;
#2671 = CIRCLE ( 'NONE', #3141, 1.250000000000001110 ) ;
#2672 = DIRECTION ( 'NONE',  ( -1.000000000000000000, 0.000000000000000000, -0.000000000000000000 ) ) ;
#2673 = VERTEX_POINT ( 'NONE', #107 ) ;
#2674 = FACE_OUTER_BOUND ( 'NONE', #3745, .T. ) ;
#2675 = CARTESIAN_POINT ( 'NONE',  ( 25.28000000000000469, 9.600000000000001421, 2.599999999999998757 ) ) ;
#2676 = ORIENTED_EDGE ( 'NONE', *, *, #3590, .T. ) ;
#2677 = CARTESIAN_POINT ( 'NONE',  ( -23.54794919243112261, 10.10000000000000142, -2.250000000000002665 ) ) ;
#2678 = CARTESIAN_POINT ( 'NONE',  ( -28.58099999999999952, 8.000000000000000000, 7.199999999999999289 ) ) ;
#2679 = CARTESIAN_POINT ( 'NONE',  ( -22.98000000000000043, 11.60000000000000142, 0.000000000000000000 ) ) ;
#2680 = EDGE_CURVE ( 'NONE', #3910, #433, #1993, .T. ) ;
#2681 = CARTESIAN_POINT ( 'NONE',  ( 23.48000000000000753, 10.10000000000000142, 0.3499999999999985345 ) ) ;
#2682 = CARTESIAN_POINT ( 'NONE',  ( 1.095000000000001528, 11.50000000000000000, 8.199999999999999289 ) ) ;
#2683 = EDGE_LOOP ( 'NONE', ( #872, #3470, #664, #538 ) ) ;
#2684 = VECTOR ( 'NONE', #2116, 1000.000000000000000 ) ;
#2685 = FACE_OUTER_BOUND ( 'NONE', #2954, .T. ) ;
#2686 = DIRECTION ( 'NONE',  ( 0.000000000000000000, -1.700709290173340409E-16, -1.000000000000000000 ) ) ;
#2687 = ORIENTED_EDGE ( 'NONE', *, *, #1550, .F. ) ;
#2688 = CARTESIAN_POINT ( 'NONE',  ( -25.28000000000000114, 10.10000000000000142, 2.500000000000002665 ) ) ;
#2689 = ORIENTED_EDGE ( 'NONE', *, *, #3253, .F. ) ;
#2690 = ORIENTED_EDGE ( 'NONE', *, *, #24, .T. ) ;
#2691 = AXIS2_PLACEMENT_3D ( 'NONE', #3591, #4788, #4761 ) ;
#2692 = CARTESIAN_POINT ( 'NONE',  ( -11.33000000000000007, 11.70000000000000107, 9.299999999999997158 ) ) ;
#2693 = VERTEX_POINT ( 'NONE', #732 ) ;
#2694 = CARTESIAN_POINT ( 'NONE',  ( -28.58000000000000185, 7.799999999999999822, -4.500000000000002665 ) ) ;
#2695 = CARTESIAN_POINT ( 'NONE',  ( -20.98000000000000043, 11.60000000000000142, -5.000000000000002665 ) ) ;
#2696 = ORIENTED_EDGE ( 'NONE', *, *, #2944, .F. ) ;
#2697 = ADVANCED_FACE ( 'NONE', ( #4853 ), #3354, .F. ) ;
#2698 = LINE ( 'NONE', #445, #3224 ) ;
#2699 = SURFACE_SIDE_STYLE ('',( #4531 ) ) ;
#2700 = LINE ( 'NONE', #4218, #2057 ) ;
#2701 = FACE_OUTER_BOUND ( 'NONE', #189, .T. ) ;
#2702 = CARTESIAN_POINT ( 'NONE',  ( -25.28000000000000114, 11.60000000000000142, -4.250000000000002665 ) ) ;
#2703 = VERTEX_POINT ( 'NONE', #4131 ) ;
#2704 = DIRECTION ( 'NONE',  ( 1.000000000000000000, -0.000000000000000000, -0.000000000000000000 ) ) ;
#2705 = VECTOR ( 'NONE', #4003, 1000.000000000000000 ) ;
#2706 = STYLED_ITEM ( 'NONE', ( #1099 ), #2971 ) ;
#2707 = LINE ( 'NONE', #55, #3296 ) ;
#2708 = CARTESIAN_POINT ( 'NONE',  ( 27.08000000000000185, 11.60000000000000142, -0.1500000000000014655 ) ) ;
#2709 = PLANE ( 'NONE',  #431 ) ;
#2710 = VECTOR ( 'NONE', #3443, 1000.000000000000000 ) ;
#2711 = EDGE_CURVE ( 'NONE', #2911, #1410, #4088, .T. ) ;
#2712 = ORIENTED_EDGE ( 'NONE', *, *, #2588, .F. ) ;
#2713 = DIRECTION ( 'NONE',  ( 0.000000000000000000, 0.000000000000000000, 1.000000000000000000 ) ) ;
#2714 = ORIENTED_EDGE ( 'NONE', *, *, #3616, .F. ) ;
#2715 = ADVANCED_FACE ( 'NONE', ( #1617 ), #2362, .F. ) ;
#2716 = VECTOR ( 'NONE', #2351, 1000.000000000000000 ) ;
#2717 = CARTESIAN_POINT ( 'NONE',  ( -27.01205080756887611, 9.600000000000001421, -2.750000000000002665 ) ) ;
#2718 = ADVANCED_FACE ( 'NONE', ( #1571 ), #2570, .F. ) ;
#2719 = ORIENTED_EDGE ( 'NONE', *, *, #3991, .F. ) ;
#2720 = FACE_OUTER_BOUND ( 'NONE', #1017, .T. ) ;
#2721 = DIRECTION ( 'NONE',  ( 0.000000000000000000, 0.000000000000000000, 1.000000000000000000 ) ) ;
#2722 = CARTESIAN_POINT ( 'NONE',  ( -27.07999999999999829, 1.600000000000000089, -9.099999999999997868 ) ) ;
#2723 = ORIENTED_EDGE ( 'NONE', *, *, #1597, .T. ) ;
#2724 = LINE ( 'NONE', #2306, #2130 ) ;
#2725 = FILL_AREA_STYLE ('',( #4148 ) ) ;
#2726 = CARTESIAN_POINT ( 'NONE',  ( 25.32999999999999829, -2.500000000000000000, -3.849999999999999201 ) ) ;
#2727 = CARTESIAN_POINT ( 'NONE',  ( -25.98000000000000398, 2.700000000000000178, -4.500000000000001776 ) ) ;
#2728 = PLANE ( 'NONE',  #360 ) ;
#2729 = EDGE_CURVE ( 'NONE', #165, #2096, #690, .T. ) ;
#2730 = ORIENTED_EDGE ( 'NONE', *, *, #1633, .T. ) ;
#2731 = DIRECTION ( 'NONE',  ( -1.000000000000000000, 0.000000000000000000, 0.000000000000000000 ) ) ;
#2732 = EDGE_CURVE ( 'NONE', #1224, #3776, #2154, .T. ) ;
#2733 = AXIS2_PLACEMENT_3D ( 'NONE', #4536, #4844, #1838 ) ;
#2734 = CARTESIAN_POINT ( 'NONE',  ( 27.01205080756888322, 10.10000000000000142, 2.349999999999998757 ) ) ;
#2735 = DIRECTION ( 'NONE',  ( 0.000000000000000000, -1.000000000000000000, 0.000000000000000000 ) ) ;
#2736 = PLANE ( 'NONE',  #2648 ) ;
#2737 = ADVANCED_FACE ( 'NONE', ( #4247 ), #4612, .T. ) ;
#2738 = ORIENTED_EDGE ( 'NONE', *, *, #751, .T. ) ;
#2739 = LINE ( 'NONE', #3452, #2107 ) ;
#2740 = ORIENTED_EDGE ( 'NONE', *, *, #837, .F. ) ;
#2741 = PRESENTATION_LAYER_ASSIGNMENT (  '', '', ( #3294 ) ) ;
#2742 = AXIS2_PLACEMENT_3D ( 'NONE', #4324, #87, #2028 ) ;
#2743 = EDGE_CURVE ( 'NONE', #815, #4016, #1823, .T. ) ;
#2744 = ORIENTED_EDGE ( 'NONE', *, *, #1266, .T. ) ;
#2745 = DIRECTION ( 'NONE',  ( 0.000000000000000000, -1.000000000000000000, 1.700709290173340409E-16 ) ) ;
#2746 = EDGE_CURVE ( 'NONE', #2222, #2616, #2335, .T. ) ;
#2747 = CARTESIAN_POINT ( 'NONE',  ( 1.670000000000000151, 1.700000000000000178, -2.300000000000001599 ) ) ;
#2748 = LINE ( 'NONE', #4169, #996 ) ;
#2749 = EDGE_CURVE ( 'NONE', #3221, #1459, #4493, .T. ) ;
#2750 = ORIENTED_EDGE ( 'NONE', *, *, #328, .F. ) ;
#2751 = FACE_OUTER_BOUND ( 'NONE', #738, .T. ) ;
#2752 = DIRECTION ( 'NONE',  ( -0.000000000000000000, 1.000000000000000000, -0.000000000000000000 ) ) ;
#2753 = CARTESIAN_POINT ( 'NONE',  ( -27.01205080756887966, 9.600000000000001421, 2.250000000000002665 ) ) ;
#2754 = CARTESIAN_POINT ( 'NONE',  ( 1.095000000000002194, 11.50000000000000000, 7.199999999999999289 ) ) ;
#2755 = ORIENTED_EDGE ( 'NONE', *, *, #4840, .F. ) ;
#2756 = LINE ( 'NONE', #4716, #496 ) ;
#2757 = DIRECTION ( 'NONE',  ( -0.000000000000000000, -1.000000000000000000, -0.000000000000000000 ) ) ;
#2758 = ADVANCED_FACE ( 'NONE', ( #339 ), #1848, .F. ) ;
#2759 = FACE_OUTER_BOUND ( 'NONE', #258, .T. ) ;
#2760 = CARTESIAN_POINT ( 'NONE',  ( 15.78000000000001357, 1.700000000000000178, -5.350000000000001421 ) ) ;
#2761 = EDGE_CURVE ( 'NONE', #910, #283, #410, .T. ) ;
#2762 = ORIENTED_EDGE ( 'NONE', *, *, #869, .T. ) ;
#2763 = DIRECTION ( 'NONE',  ( 0.000000000000000000, -0.000000000000000000, 1.000000000000000000 ) ) ;
#2764 = ORIENTED_EDGE ( 'NONE', *, *, #4525, .F. ) ;
#2765 = ORIENTED_EDGE ( 'NONE', *, *, #4174, .T. ) ;
#2766 = VECTOR ( 'NONE', #4416, 1000.000000000000000 ) ;
#2767 = DIRECTION ( 'NONE',  ( 0.000000000000000000, 1.000000000000000000, -0.000000000000000000 ) ) ;
#2768 = ORIENTED_EDGE ( 'NONE', *, *, #1745, .F. ) ;
#2769 = CARTESIAN_POINT ( 'NONE',  ( -28.58000000000000185, 1.700000000000000178, -5.000000000000001776 ) ) ;
#2770 = LINE ( 'NONE', #1304, #2401 ) ;
#2771 = ORIENTED_EDGE ( 'NONE', *, *, #3091, .F. ) ;
#2772 = VECTOR ( 'NONE', #4752, 1000.000000000000000 ) ;
#2773 = CARTESIAN_POINT ( 'NONE',  ( 1.670000000000001261, 1.700000000000000178, 7.699999999999998401 ) ) ;
#2774 = EDGE_CURVE ( 'NONE', #1268, #1383, #4605, .T. ) ;
#2775 = FACE_OUTER_BOUND ( 'NONE', #3370, .T. ) ;
#2776 = DIRECTION ( 'NONE',  ( 1.000000000000000000, -0.000000000000000000, -0.000000000000000000 ) ) ;
#2777 = EDGE_CURVE ( 'NONE', #3625, #1622, #15, .T. ) ;
#2778 = DIRECTION ( 'NONE',  ( -0.000000000000000000, -0.000000000000000000, 1.000000000000000000 ) ) ;
#2779 = FACE_OUTER_BOUND ( 'NONE', #1405, .T. ) ;
#2780 = ORIENTED_EDGE ( 'NONE', *, *, #4488, .T. ) ;
#2781 = EDGE_CURVE ( 'NONE', #2534, #4452, #3874, .T. ) ;
#2782 = CARTESIAN_POINT ( 'NONE',  ( 23.54794919243112616, 9.600000000000001421, -2.650000000000001688 ) ) ;
#2783 = CARTESIAN_POINT ( 'NONE',  ( 28.58000000000000185, 8.599999999999997868, -10.10000000000000142 ) ) ;
#2784 = DIRECTION ( 'NONE',  ( -0.000000000000000000, -1.000000000000000000, -0.000000000000000000 ) ) ;
#2785 = DIRECTION ( 'NONE',  ( 0.000000000000000000, 1.000000000000000000, 0.000000000000000000 ) ) ;
#2786 = ORIENTED_EDGE ( 'NONE', *, *, #1506, .T. ) ;
#2787 = CARTESIAN_POINT ( 'NONE',  ( 15.78000000000001357, 12.30000000000000071, -1.350000000000002309 ) ) ;
#2788 = AXIS2_PLACEMENT_3D ( 'NONE', #4411, #4483, #1047 ) ;
#2789 = ORIENTED_EDGE ( 'NONE', *, *, #2596, .F. ) ;
#2790 = DIRECTION ( 'NONE',  ( 0.000000000000000000, 0.000000000000000000, -1.000000000000000000 ) ) ;
#2791 = ORIENTED_EDGE ( 'NONE', *, *, #3014, .F. ) ;
#2792 = CARTESIAN_POINT ( 'NONE',  ( -25.32999999999999829, 0.000000000000000000, -2.599999999999998312 ) ) ;
#2793 = EDGE_CURVE ( 'NONE', #2080, #3835, #207, .T. ) ;
#2794 = DIRECTION ( 'NONE',  ( -1.000000000000000000, -0.000000000000000000, -0.000000000000000000 ) ) ;
#2795 = AXIS2_PLACEMENT_3D ( 'NONE', #2891, #614, #2123 ) ;
#2796 = EDGE_LOOP ( 'NONE', ( #9, #2165, #1482 ) ) ;
#2797 = EDGE_CURVE ( 'NONE', #1976, #4745, #3242, .T. ) ;
#2798 = DIRECTION ( 'NONE',  ( 0.000000000000000000, -1.700709290173340409E-16, -1.000000000000000000 ) ) ;
#2799 = CIRCLE ( 'NONE', #3267, 3.999999999999999112 ) ;
#2800 = FACE_BOUND ( 'NONE', #4741, .T. ) ;
#2801 = CARTESIAN_POINT ( 'NONE',  ( -28.58099999999999952, 11.50000000000000000, -0.3000000000000007661 ) ) ;
#2802 = AXIS2_PLACEMENT_3D ( 'NONE', #4708, #3613, #913 ) ;
#2803 = DIRECTION ( 'NONE',  ( 0.000000000000000000, 0.000000000000000000, 1.000000000000000000 ) ) ;
#2804 = ORIENTED_EDGE ( 'NONE', *, *, #3250, .F. ) ;
#2805 = DIRECTION ( 'NONE',  ( -0.000000000000000000, -1.000000000000000000, -0.000000000000000000 ) ) ;
#2806 = VECTOR ( 'NONE', #1011, 1000.000000000000000 ) ;
#2807 = CARTESIAN_POINT ( 'NONE',  ( -27.07999999999999829, 1.600000000000000089, 8.599999999999997868 ) ) ;
#2808 = CARTESIAN_POINT ( 'NONE',  ( -20.98000000000000043, 1.700000000000000178, -5.000000000000002665 ) ) ;
#2809 = ADVANCED_FACE ( 'NONE', ( #3173 ), #136, .T. ) ;
#2810 = LINE ( 'NONE', #1621, #905 ) ;
#2811 = EDGE_CURVE ( 'NONE', #165, #4841, #2756, .T. ) ;
#2812 = ORIENTED_EDGE ( 'NONE', *, *, #2527, .F. ) ;
#2813 = EDGE_CURVE ( 'NONE', #4118, #89, #3896, .T. ) ;
#2814 = CARTESIAN_POINT ( 'NONE',  ( 28.57999999999999829, 7.799999999999999822, 4.599999999999997868 ) ) ;
#2815 = AXIS2_PLACEMENT_3D ( 'NONE', #3644, #1346, #682 ) ;
#2816 = ORIENTED_EDGE ( 'NONE', *, *, #2218, .T. ) ;
#2817 = EDGE_LOOP ( 'NONE', ( #1632, #4350, #3687, #4845 ) ) ;
#2818 = DIRECTION ( 'NONE',  ( 0.7071067811865457964, 0.000000000000000000, -0.7071067811865492381 ) ) ;
#2819 = DIRECTION ( 'NONE',  ( -0.000000000000000000, 1.000000000000000000, -0.000000000000000000 ) ) ;
#2820 = AXIS2_PLACEMENT_3D ( 'NONE', #2996, #3792, #2630 ) ;
#2821 = VECTOR ( 'NONE', #2033, 1000.000000000000000 ) ;
#2822 = EDGE_LOOP ( 'NONE', ( #4162, #1379, #3371, #3049 ) ) ;
#2823 = ORIENTED_EDGE ( 'NONE', *, *, #2873, .T. ) ;
#2824 = DIRECTION ( 'NONE',  ( 0.000000000000000000, 0.000000000000000000, 1.000000000000000000 ) ) ;
#2825 = AXIS2_PLACEMENT_3D ( 'NONE', #798, #1892, #777 ) ;
#2826 = PLANE ( 'NONE',  #743 ) ;
#2827 = VECTOR ( 'NONE', #1952, 1000.000000000000000 ) ;
#2828 = DIRECTION ( 'NONE',  ( -0.000000000000000000, -1.000000000000000000, -0.000000000000000000 ) ) ;
#2829 = LINE ( 'NONE', #1735, #1429 ) ;
#2830 = ORIENTED_EDGE ( 'NONE', *, *, #791, .T. ) ;
#2831 = DIRECTION ( 'NONE',  ( 2.503857664561930404E-16, 0.000000000000000000, -1.000000000000000000 ) ) ;
#2832 = EDGE_CURVE ( 'NONE', #4367, #4546, #2854, .T. ) ;
#2833 = FACE_BOUND ( 'NONE', #3004, .T. ) ;
#2834 = FACE_OUTER_BOUND ( 'NONE', #4817, .T. ) ;
#2835 = DIRECTION ( 'NONE',  ( -0.000000000000000000, 1.000000000000000000, -0.000000000000000000 ) ) ;
#2836 = ORIENTED_EDGE ( 'NONE', *, *, #3416, .F. ) ;
#2837 = ORIENTED_EDGE ( 'NONE', *, *, #773, .F. ) ;
#2838 = LINE ( 'NONE', #1695, #1951 ) ;
#2839 = ORIENTED_EDGE ( 'NONE', *, *, #2660, .F. ) ;
#2840 = EDGE_CURVE ( 'NONE', #2486, #3600, #4270, .T. ) ;
#2841 = ORIENTED_EDGE ( 'NONE', *, *, #1301, .T. ) ;
#2842 = LINE ( 'NONE', #1752, #1188 ) ;
#2843 = DIRECTION ( 'NONE',  ( 0.000000000000000000, 0.000000000000000000, 1.000000000000000000 ) ) ;
#2844 = VERTEX_POINT ( 'NONE', #1641 ) ;
#2845 = ORIENTED_EDGE ( 'NONE', *, *, #516, .F. ) ;
#2846 = DIRECTION ( 'NONE',  ( -0.7071067811865461294, -0.000000000000000000, 0.7071067811865489050 ) ) ;
#2847 = VECTOR ( 'NONE', #2459, 1000.000000000000000 ) ;
#2848 = FACE_OUTER_BOUND ( 'NONE', #4846, .T. ) ;
#2849 = EDGE_CURVE ( 'NONE', #454, #1478, #230, .T. ) ;
#2850 = SURFACE_STYLE_USAGE ( .BOTH. , #2431 ) ;
#2851 = CIRCLE ( 'NONE', #327, 1.250000000000001110 ) ;
#2852 = FACE_OUTER_BOUND ( 'NONE', #3310, .T. ) ;
#2853 = ORIENTED_EDGE ( 'NONE', *, *, #1516, .F. ) ;
#2854 = LINE ( 'NONE', #2044, #1519 ) ;
#2855 = DIRECTION ( 'NONE',  ( 1.000000000000000000, 0.000000000000000000, 0.000000000000000000 ) ) ;
#2856 = LINE ( 'NONE', #232, #2603 ) ;
#2857 = ADVANCED_FACE ( 'NONE', ( #1690 ), #873, .F. ) ;
#2858 = DIRECTION ( 'NONE',  ( 0.000000000000000000, 0.000000000000000000, -1.000000000000000000 ) ) ;
#2859 = ORIENTED_EDGE ( 'NONE', *, *, #3209, .F. ) ;
#2860 = ORIENTED_EDGE ( 'NONE', *, *, #684, .T. ) ;
#2861 = PLANE ( 'NONE',  #3768 ) ;
#2862 = DIRECTION ( 'NONE',  ( 0.000000000000000000, -0.000000000000000000, 1.000000000000000000 ) ) ;
#2863 = VERTEX_POINT ( 'NONE', #600 ) ;
#2864 = CIRCLE ( 'NONE', #652, 1.250000000000001110 ) ;
#2865 = CARTESIAN_POINT ( 'NONE',  ( -25.32999999999999829, -2.500000000000000000, 1.349999999999996980 ) ) ;
#2866 = DIRECTION ( 'NONE',  ( -0.000000000000000000, -0.000000000000000000, -1.000000000000000000 ) ) ;
#2867 = EDGE_LOOP ( 'NONE', ( #460, #4625, #4611, #4649 ) ) ;
#2868 = ORIENTED_EDGE ( 'NONE', *, *, #4469, .T. ) ;
#2869 = EDGE_CURVE ( 'NONE', #1441, #196, #2387, .T. ) ;
#2870 = CIRCLE ( 'NONE', #4526, 1.750000000000001332 ) ;
#2871 = CIRCLE ( 'NONE', #3503, 1.100000000000000311 ) ;
#2872 = FACE_OUTER_BOUND ( 'NONE', #4406, .T. ) ;
#2873 = EDGE_CURVE ( 'NONE', #19, #2703, #3898, .T. ) ;
#2874 = CIRCLE ( 'NONE', #1611, 1.750000000000000000 ) ;
#2875 = FACE_OUTER_BOUND ( 'NONE', #1161, .T. ) ;
#2876 = SURFACE_STYLE_USAGE ( .BOTH. , #252 ) ;
#2877 = VERTEX_POINT ( 'NONE', #3967 ) ;
#2878 = FACE_OUTER_BOUND ( 'NONE', #4211, .T. ) ;
#2879 = DIRECTION ( 'NONE',  ( -0.000000000000000000, 1.000000000000000000, -0.000000000000000000 ) ) ;
#2880 = LINE ( 'NONE', #654, #1943 ) ;
#2881 = VECTOR ( 'NONE', #1875, 1000.000000000000000 ) ;
#2882 = ORIENTED_EDGE ( 'NONE', *, *, #4548, .T. ) ;
#2883 = VERTEX_POINT ( 'NONE', #2409 ) ;
#2884 = DIRECTION ( 'NONE',  ( -0.000000000000000000, -1.000000000000000000, -0.000000000000000000 ) ) ;
#2885 = EDGE_CURVE ( 'NONE', #4549, #815, #576, .T. ) ;
#2886 = DIRECTION ( 'NONE',  ( 0.000000000000000000, 1.000000000000000000, 0.000000000000000000 ) ) ;
#2887 = ORIENTED_EDGE ( 'NONE', *, *, #4042, .T. ) ;
#2888 = CARTESIAN_POINT ( 'NONE',  ( -28.58099999999999952, 11.50000000000000000, 1.199999999999998845 ) ) ;
#2889 = CARTESIAN_POINT ( 'NONE',  ( -23.48000000000000043, 10.10000000000000142, -0.2500000000000000000 ) ) ;
#2890 = VECTOR ( 'NONE', #3013, 1000.000000000000000 ) ;
#2891 = CARTESIAN_POINT ( 'NONE',  ( -25.32999999999999829, -2.500000000000000000, -2.599999999999998312 ) ) ;
#2892 = ORIENTED_EDGE ( 'NONE', *, *, #4496, .F. ) ;
#2893 = ORIENTED_EDGE ( 'NONE', *, *, #3502, .F. ) ;
#2894 = EDGE_CURVE ( 'NONE', #3277, #3626, #159, .T. ) ;
#2895 = AXIS2_PLACEMENT_3D ( 'NONE', #3539, #1230, #2399 ) ;
#2896 = DIRECTION ( 'NONE',  ( -0.000000000000000000, 1.000000000000000000, 2.478176394252582127E-16 ) ) ;
#2897 = EDGE_CURVE ( 'NONE', #63, #904, #2480, .T. ) ;
#2898 = AXIS2_PLACEMENT_3D ( 'NONE', #4388, #1001, #1421 ) ;
#2899 = FACE_OUTER_BOUND ( 'NONE', #1290, .T. ) ;
#2900 = PLANE ( 'NONE',  #2788 ) ;
#2902 = ORIENTED_EDGE ( 'NONE', *, *, #4244, .F. ) ;
#2901 = AXIS2_PLACEMENT_3D ( 'NONE', #1929, #346, #3032 ) ;
#2903 = CARTESIAN_POINT ( 'NONE',  ( -17.07999999999999829, 1.600000000000000089, -9.099999999999997868 ) ) ;
#2904 = DIRECTION ( 'NONE',  ( 0.000000000000000000, 1.000000000000000000, 0.000000000000000000 ) ) ;
#2905 = DIRECTION ( 'NONE',  ( 0.000000000000000000, 0.000000000000000000, 1.000000000000000000 ) ) ;
#2906 = ORIENTED_EDGE ( 'NONE', *, *, #109, .T. ) ;
#2907 = VERTEX_POINT ( 'NONE', #4742 ) ;
#2908 = DIRECTION ( 'NONE',  ( 1.000000000000000000, 0.000000000000000000, 0.000000000000000000 ) ) ;
#2909 = EDGE_CURVE ( 'NONE', #1000, #3890, #506, .T. ) ;
#2910 = DIRECTION ( 'NONE',  ( 0.000000000000000000, 0.000000000000000000, -1.000000000000000000 ) ) ;
#2911 = VERTEX_POINT ( 'NONE', #4360 ) ;
#2912 = DIRECTION ( 'NONE',  ( 0.000000000000000000, 0.000000000000000000, -1.000000000000000000 ) ) ;
#2913 = CARTESIAN_POINT ( 'NONE',  ( -28.58099999999999952, 11.50000000000000000, -0.8000000000000012657 ) ) ;
#2914 = ORIENTED_EDGE ( 'NONE', *, *, #2397, .T. ) ;
#2915 = VERTEX_POINT ( 'NONE', #1663 ) ;
#2916 = SURFACE_SIDE_STYLE ('',( #2225 ) ) ;
#2917 = ORIENTED_EDGE ( 'NONE', *, *, #3290, .F. ) ;
#2918 = DIRECTION ( 'NONE',  ( -0.000000000000000000, 0.000000000000000000, -1.000000000000000000 ) ) ;
#2919 = EDGE_CURVE ( 'NONE', #4118, #2949, #3525, .T. ) ;
#2920 = DIRECTION ( 'NONE',  ( -0.000000000000000000, -1.000000000000000000, -0.000000000000000000 ) ) ;
#2921 = ADVANCED_FACE ( 'NONE', ( #969 ), #1737, .F. ) ;
#2922 = FILL_AREA_STYLE_COLOUR ( '', #3018 ) ;
#2923 = EDGE_LOOP ( 'NONE', ( #3974, #2574, #197, #975 ) ) ;
#2924 = VECTOR ( 'NONE', #1022, 1000.000000000000000 ) ;
#2925 = FACE_OUTER_BOUND ( 'NONE', #3507, .T. ) ;
#2926 = CYLINDRICAL_SURFACE ( 'NONE', #901, 1.750000000000000000 ) ;
#2927 = CARTESIAN_POINT ( 'NONE',  ( -25.32999999999999829, -2.500000000000000000, -2.599999999999998312 ) ) ;
#2928 = ORIENTED_EDGE ( 'NONE', *, *, #545, .T. ) ;
#2929 = ORIENTED_EDGE ( 'NONE', *, *, #2292, .T. ) ;
#2930 = LINE ( 'NONE', #4370, #1312 ) ;
#2931 = DIRECTION ( 'NONE',  ( 0.000000000000000000, 0.000000000000000000, -1.000000000000000000 ) ) ;
#2932 = CARTESIAN_POINT ( 'NONE',  ( 0.000000000000000000, 1.700000000000000178, 0.000000000000000000 ) ) ;
#2933 = EDGE_LOOP ( 'NONE', ( #4298, #4354 ) ) ;
#2934 = DIRECTION ( 'NONE',  ( 1.000000000000000000, 0.000000000000000000, -0.000000000000000000 ) ) ;
#2935 = DIRECTION ( 'NONE',  ( -0.000000000000000000, -1.000000000000000000, -0.000000000000000000 ) ) ;
#2936 = CARTESIAN_POINT ( 'NONE',  ( -17.07999999999999829, 0.000000000000000000, -9.099999999999997868 ) ) ;
#2937 = VERTEX_POINT ( 'NONE', #1789 ) ;
#2938 = VERTEX_POINT ( 'NONE', #3343 ) ;
#2939 = DIRECTION ( 'NONE',  ( -0.000000000000000000, 1.000000000000000000, -1.700709290173340409E-16 ) ) ;
#2940 = ADVANCED_FACE ( 'NONE', ( #2579 ), #2900, .F. ) ;
#2941 = EDGE_LOOP ( 'NONE', ( #222, #3568, #1523, #2723 ) ) ;
#2942 = CARTESIAN_POINT ( 'NONE',  ( 12.24500000000000277, 11.50000000000000000, 3.699999999999999289 ) ) ;
#2943 = VECTOR ( 'NONE', #1455, 1000.000000000000000 ) ;
#2944 = EDGE_CURVE ( 'NONE', #3279, #1694, #1862, .T. ) ;
#2945 = EDGE_CURVE ( 'NONE', #1463, #4084, #4789, .T. ) ;
#2946 = CIRCLE ( 'NONE', #4069, 1.750000000000000000 ) ;
#2947 = DIRECTION ( 'NONE',  ( 0.000000000000000000, 0.000000000000000000, -1.000000000000000000 ) ) ;
#2948 = SURFACE_SIDE_STYLE ('',( #308 ) ) ;
#2949 = VERTEX_POINT ( 'NONE', #1024 ) ;
#2950 = VECTOR ( 'NONE', #1119, 1000.000000000000000 ) ;
#2951 = DIRECTION ( 'NONE',  ( 0.000000000000000000, 1.000000000000000000, 0.000000000000000000 ) ) ;
#2952 = CARTESIAN_POINT ( 'NONE',  ( -15.78000000000000291, 12.30000000000000071, 1.599999999999997202 ) ) ;
#2953 = VERTEX_POINT ( 'NONE', #2206 ) ;
#2954 = EDGE_LOOP ( 'NONE', ( #2252, #1640, #2906, #4854 ) ) ;
#2955 = LINE ( 'NONE', #4466, #2583 ) ;
#2956 = DIRECTION ( 'NONE',  ( 0.000000000000000000, 0.000000000000000000, 1.000000000000000000 ) ) ;
#2957 = DIRECTION ( 'NONE',  ( 1.000000000000000000, 0.000000000000000000, -0.000000000000000000 ) ) ;
#2958 = CARTESIAN_POINT ( 'NONE',  ( -23.54794919243112261, 10.10000000000000142, -2.750000000000002665 ) ) ;
#2959 = DIRECTION ( 'NONE',  ( 1.000000000000000000, -0.000000000000000000, -0.000000000000000000 ) ) ;
#2960 = AXIS2_PLACEMENT_3D ( 'NONE', #4737, #2798, #3165 ) ;
#2961 = EDGE_CURVE ( 'NONE', #683, #521, #2864, .T. ) ;
#2962 = LINE ( 'NONE', #319, #638 ) ;
#2963 = VERTEX_POINT ( 'NONE', #1392 ) ;
#2964 = CARTESIAN_POINT ( 'NONE',  ( 25.28000000000000469, 11.60000000000000142, 2.599999999999998757 ) ) ;
#2965 = VERTEX_POINT ( 'NONE', #2555 ) ;
#2966 = ORIENTED_EDGE ( 'NONE', *, *, #4843, .T. ) ;
#2967 = CARTESIAN_POINT ( 'NONE',  ( 11.67000000000000348, 6.500000000000000000, 7.699999999999998401 ) ) ;
#2968 = ORIENTED_EDGE ( 'NONE', *, *, #79, .T. ) ;
#2969 = CLOSED_SHELL ( 'NONE', ( #1104, #4610, #3382, #1708, #2737, #3136, #4144, #151, #1367, #4100, #1685, #2758, #473, #3828, #1615, #3089, #4768, #2448, #2580, #1326, #4710, #1389, #3256, #2026, #3607, #3074, #3773, #1250, #4682, #3465, #4209, #1886, #1784, #1417, #3665, #4900, #2145 ) ) ;
#2970 = CARTESIAN_POINT ( 'NONE',  ( -27.01205080756887611, 9.600000000000001421, -2.250000000000002665 ) ) ;
#2971 = MANIFOLD_SOLID_BREP ( 'Boss-Extrude4[1]', #3820 ) ;
#2972 = AXIS2_PLACEMENT_3D ( 'NONE', #2952, #749, #1867 ) ;
#2973 = ADVANCED_FACE ( 'NONE', ( #702 ), #2132, .T. ) ;
#2974 = CARTESIAN_POINT ( 'NONE',  ( 23.54794919243112616, 9.600000000000001421, 2.849999999999998757 ) ) ;
#2975 = AXIS2_PLACEMENT_3D ( 'NONE', #1377, #2884, #2072 ) ;
#2976 = CARTESIAN_POINT ( 'NONE',  ( -27.07999999999999829, 1.600000000000000089, -8.599999999999997868 ) ) ;
#2977 = ORIENTED_EDGE ( 'NONE', *, *, #3621, .T. ) ;
#2978 = EDGE_LOOP ( 'NONE', ( #2624, #2424, #985, #2816 ) ) ;
#2979 = LINE ( 'NONE', #3373, #2664 ) ;
#2980 = DIRECTION ( 'NONE',  ( -1.000000000000000000, -0.000000000000000000, -0.000000000000000000 ) ) ;
#2981 = ORIENTED_EDGE ( 'NONE', *, *, #1284, .F. ) ;
#2982 = DIRECTION ( 'NONE',  ( 0.000000000000000000, 0.000000000000000000, 1.000000000000000000 ) ) ;
#2983 = MANIFOLD_SOLID_BREP ( 'Cut-Extrude4', #831 ) ;
#2984 = ORIENTED_EDGE ( 'NONE', *, *, #218, .F. ) ;
#2985 = FACE_OUTER_BOUND ( 'NONE', #3038, .T. ) ;
#2986 = CARTESIAN_POINT ( 'NONE',  ( -24.70307692307692093, 14.18461538461538396, 4.999999999999997335 ) ) ;
#2987 = ORIENTED_EDGE ( 'NONE', *, *, #1573, .T. ) ;
#2988 = EDGE_CURVE ( 'NONE', #2158, #2005, #4688, .T. ) ;
#2989 = ORIENTED_EDGE ( 'NONE', *, *, #343, .T. ) ;
#2990 = DIRECTION ( 'NONE',  ( 0.000000000000000000, 0.000000000000000000, -1.000000000000000000 ) ) ;
#2991 = ORIENTED_EDGE ( 'NONE', *, *, #820, .F. ) ;
#2992 = PRODUCT_DEFINITION ( 'UNKNOWN', '', #2267, #911 ) ;
#2993 = DIRECTION ( 'NONE',  ( -0.000000000000000000, -1.000000000000000000, -0.000000000000000000 ) ) ;
#2994 = LINE ( 'NONE', #817, #660 ) ;
#2995 = AXIS2_PLACEMENT_3D ( 'NONE', #4576, #3063, #1187 ) ;
#2996 = CARTESIAN_POINT ( 'NONE',  ( -27.07999999999999829, 10.10000000000000142, -0.2500000000000000000 ) ) ;
#2997 = MANIFOLD_SOLID_BREP ( 'Cut-Extrude7', #203 ) ;
#2998 = CARTESIAN_POINT ( 'NONE',  ( -25.28000000000000114, 10.10000000000000142, -4.250000000000002665 ) ) ;
#2999 = VERTEX_POINT ( 'NONE', #4216 ) ;
#3000 = EDGE_CURVE ( 'NONE', #1504, #2965, #4195, .T. ) ;
#3001 = FACE_OUTER_BOUND ( 'NONE', #2150, .T. ) ;
#3002 = CARTESIAN_POINT ( 'NONE',  ( 0.7199999999999984190, 9.199999999999999289, -8.800000000000002487 ) ) ;
#3003 = ORIENTED_EDGE ( 'NONE', *, *, #4059, .T. ) ;
#3004 = EDGE_LOOP ( 'NONE', ( #3678, #4106 ) ) ;
#3005 = CARTESIAN_POINT ( 'NONE',  ( -20.98000000000000043, 8.599999999999999645, -10.10000000000000142 ) ) ;
#3006 = DIRECTION ( 'NONE',  ( 0.000000000000000000, 0.000000000000000000, -1.000000000000000000 ) ) ;
#3007 = LINE ( 'NONE', #2668, #418 ) ;
#3008 = EDGE_LOOP ( 'NONE', ( #2914, #2647, #3515, #3726 ) ) ;
#3009 = ORIENTED_EDGE ( 'NONE', *, *, #883, .T. ) ;
#3010 = CARTESIAN_POINT ( 'NONE',  ( 1.095000000000002194, 8.000000000000000000, 1.199999999999998845 ) ) ;
#3011 = VERTEX_POINT ( 'NONE', #47 ) ;
#3012 = DIRECTION ( 'NONE',  ( -1.301042606982605321E-16, 0.000000000000000000, -1.000000000000000000 ) ) ;
#3013 = DIRECTION ( 'NONE',  ( 1.000000000000000000, -0.000000000000000000, -0.000000000000000000 ) ) ;
#3014 = EDGE_CURVE ( 'NONE', #4332, #38, #2994, .T. ) ;
#3015 = CARTESIAN_POINT ( 'NONE',  ( -25.28000000000000114, 10.10000000000000142, -2.500000000000002665 ) ) ;
#3016 = EDGE_CURVE ( 'NONE', #1306, #3776, #4887, .T. ) ;
#3017 = SURFACE_STYLE_FILL_AREA ( #2725 ) ;
#3018 = COLOUR_RGB ( '',0.000000000000000000, 0.000000000000000000, 1.000000000000000000 ) ;
#3019 = CARTESIAN_POINT ( 'NONE',  ( -25.28000000000000114, 10.10000000000000142, -2.500000000000002665 ) ) ;
#3020 = VECTOR ( 'NONE', #1285, 1000.000000000000000 ) ;
#3021 = DIRECTION ( 'NONE',  ( -1.000000000000000000, 0.000000000000000000, 0.000000000000000000 ) ) ;
#3022 = ORIENTED_EDGE ( 'NONE', *, *, #922, .T. ) ;
#3023 = VECTOR ( 'NONE', #4012, 1000.000000000000000 ) ;
#3024 = LINE ( 'NONE', #376, #137 ) ;
#3025 = CARTESIAN_POINT ( 'NONE',  ( -25.28000000000000114, 11.60000000000000142, 4.250000000000002665 ) ) ;
#3026 = VECTOR ( 'NONE', #4189, 1000.000000000000000 ) ;
#3027 = ORIENTED_EDGE ( 'NONE', *, *, #3097, .F. ) ;
#3028 = DIRECTION ( 'NONE',  ( 0.000000000000000000, -2.065146995210484448E-16, 1.000000000000000000 ) ) ;
#3029 = ORIENTED_EDGE ( 'NONE', *, *, #1042, .F. ) ;
#3030 = ORIENTED_EDGE ( 'NONE', *, *, #993, .F. ) ;
#3031 = VECTOR ( 'NONE', #372, 1000.000000000000000 ) ;
#3032 = DIRECTION ( 'NONE',  ( 0.000000000000000000, -0.000000000000000000, 1.000000000000000000 ) ) ;
#3033 = ORIENTED_EDGE ( 'NONE', *, *, #4158, .T. ) ;
#3034 = VECTOR ( 'NONE', #187, 1000.000000000000000 ) ;
#3035 = LINE ( 'NONE', #3362, #1771 ) ;
#3036 = EDGE_CURVE ( 'NONE', #3910, #733, #4604, .T. ) ;
#3037 = CARTESIAN_POINT ( 'NONE',  ( -27.07999999999999829, 1.600000000000000089, 8.599999999999997868 ) ) ;
#3038 = EDGE_LOOP ( 'NONE', ( #1131, #300, #2030, #2102 ) ) ;
#3039 = UNCERTAINTY_MEASURE_WITH_UNIT (LENGTH_MEASURE( 1.000000000000000082E-05 ), #1565, 'distance_accuracy_value', 'NONE');
#3040 = FACE_OUTER_BOUND ( 'NONE', #3315, .T. ) ;
#3041 = DIRECTION ( 'NONE',  ( 0.000000000000000000, 1.000000000000000000, 0.000000000000000000 ) ) ;
#3042 = LINE ( 'NONE', #1470, #3439 ) ;
#3043 = ORIENTED_EDGE ( 'NONE', *, *, #4630, .F. ) ;
#3044 = VECTOR ( 'NONE', #2439, 1000.000000000000000 ) ;
#3045 = DIRECTION ( 'NONE',  ( 0.000000000000000000, 0.000000000000000000, 1.000000000000000000 ) ) ;
#3046 =( GEOMETRIC_REPRESENTATION_CONTEXT ( 3 ) GLOBAL_UNCERTAINTY_ASSIGNED_CONTEXT ( ( #1860 ) ) GLOBAL_UNIT_ASSIGNED_CONTEXT ( ( #2608, #4558, #4460 ) ) REPRESENTATION_CONTEXT ( 'NONE', 'WORKASPACE' ) );
#3047 = CIRCLE ( 'NONE', #533, 1.750000000000000000 ) ;
#3048 = CARTESIAN_POINT ( 'NONE',  ( -23.48000000000000043, 10.10000000000000142, -0.2500000000000000000 ) ) ;
#3049 = ORIENTED_EDGE ( 'NONE', *, *, #1666, .F. ) ;
#3050 = ADVANCED_FACE ( 'NONE', ( #2653 ), #449, .F. ) ;
#3051 = CARTESIAN_POINT ( 'NONE',  ( -25.98000000000000398, 7.800000000000005151, 4.499999999999997335 ) ) ;
#3052 = CARTESIAN_POINT ( 'NONE',  ( 25.32999999999999829, -2.500000000000000000, -1.349999999999996980 ) ) ;
#3053 = DIRECTION ( 'NONE',  ( 0.000000000000000000, 0.000000000000000000, 1.000000000000000000 ) ) ;
#3054 = EDGE_LOOP ( 'NONE', ( #313, #4207 ) ) ;
#3055 = ORIENTED_EDGE ( 'NONE', *, *, #3800, .F. ) ;
#3056 = AXIS2_PLACEMENT_3D ( 'NONE', #2645, #3834, #437 ) ;
#3057 = FACE_OUTER_BOUND ( 'NONE', #1485, .T. ) ;
#3058 = ORIENTED_EDGE ( 'NONE', *, *, #3540, .T. ) ;
#3059 = CARTESIAN_POINT ( 'NONE',  ( -28.58099999999999952, 11.50000000000000000, -2.300000000000000711 ) ) ;
#3060 = CARTESIAN_POINT ( 'NONE',  ( 23.54794919243112616, 9.600000000000001421, -2.650000000000001688 ) ) ;
#3061 = VERTEX_POINT ( 'NONE', #394 ) ;
#3062 = MANIFOLD_SOLID_BREP ( 'Boss-Extrude8', #2336 ) ;
#3063 = DIRECTION ( 'NONE',  ( 0.000000000000000000, -1.000000000000000000, 0.000000000000000000 ) ) ;
#3064 = DIRECTION ( 'NONE',  ( 0.000000000000000000, 0.000000000000000000, 1.000000000000000000 ) ) ;
#3065 = EDGE_CURVE ( 'NONE', #3426, #724, #2870, .T. ) ;
#3066 = FACE_OUTER_BOUND ( 'NONE', #4861, .T. ) ;
#3067 = EDGE_CURVE ( 'NONE', #4452, #716, #1912, .T. ) ;
#3068 = DIRECTION ( 'NONE',  ( -0.000000000000000000, -1.000000000000000000, -0.000000000000000000 ) ) ;
#3069 = FACE_OUTER_BOUND ( 'NONE', #3904, .T. ) ;
#3070 = ORIENTED_EDGE ( 'NONE', *, *, #3989, .T. ) ;
#3071 = CARTESIAN_POINT ( 'NONE',  ( 25.97999999999999687, 7.799999999999999822, 4.599999999999997868 ) ) ;
#3072 = AXIS2_PLACEMENT_3D ( 'NONE', #3517, #1961, #127 ) ;
#3073 = EDGE_CURVE ( 'NONE', #4778, #3463, #888, .T. ) ;
#3074 = ADVANCED_FACE ( 'NONE', ( #3992 ), #2381, .F. ) ;
#3075 = CARTESIAN_POINT ( 'NONE',  ( 28.57999999999999829, 7.799999999999999822, -4.400000000000001243 ) ) ;
#3076 = DIRECTION ( 'NONE',  ( 0.000000000000000000, 0.000000000000000000, 1.000000000000000000 ) ) ;
#3077 = FACE_BOUND ( 'NONE', #4477, .T. ) ;
#3078 = VECTOR ( 'NONE', #83, 1000.000000000000000 ) ;
#3079 = VERTEX_POINT ( 'NONE', #3192 ) ;
#3080 = CARTESIAN_POINT ( 'NONE',  ( 1.670000000000000151, 1.700000000000000178, -2.300000000000001599 ) ) ;
#3081 = EDGE_LOOP ( 'NONE', ( #1744, #3271 ) ) ;
#3082 = VECTOR ( 'NONE', #3268, 1000.000000000000000 ) ;
#3083 = SURFACE_STYLE_USAGE ( .BOTH. , #1581 ) ;
#3084 = VERTEX_POINT ( 'NONE', #4265 ) ;
#3085 = DIRECTION ( 'NONE',  ( 1.000000000000000000, 0.000000000000000000, 0.000000000000000000 ) ) ;
#3086 = LINE ( 'NONE', #767, #3026 ) ;
#3087 = DIRECTION ( 'NONE',  ( 0.000000000000000000, 0.000000000000000000, -1.000000000000000000 ) ) ;
#3088 = ORIENTED_EDGE ( 'NONE', *, *, #3231, .F. ) ;
#3089 = ADVANCED_FACE ( 'NONE', ( #524 ), #2405, .T. ) ;
#3090 = PLANE ( 'NONE',  #2995 ) ;
#3091 = EDGE_CURVE ( 'NONE', #1459, #1373, #868, .T. ) ;
#3092 = DIRECTION ( 'NONE',  ( 0.000000000000000000, 0.000000000000000000, 1.000000000000000000 ) ) ;
#3093 = CARTESIAN_POINT ( 'NONE',  ( 20.97999999999999687, 11.60000000000000142, 5.099999999999998757 ) ) ;
#3094 = ORIENTED_EDGE ( 'NONE', *, *, #4317, .F. ) ;
#3095 = DIRECTION ( 'NONE',  ( -1.000000000000000000, -0.000000000000000000, -0.000000000000000000 ) ) ;
#3096 = VECTOR ( 'NONE', #4730, 1000.000000000000000 ) ;
#3097 = EDGE_CURVE ( 'NONE', #4157, #88, #2014, .T. ) ;
#3098 = VECTOR ( 'NONE', #4665, 1000.000000000000000 ) ;
#3099 = CARTESIAN_POINT ( 'NONE',  ( 1.095000000000002194, 8.000000000000000000, 5.699999999999998401 ) ) ;
#3100 = CARTESIAN_POINT ( 'NONE',  ( -25.32999999999999829, -2.500000000000000000, -2.599999999999998312 ) ) ;
#3101 = EDGE_CURVE ( 'NONE', #1278, #863, #3519, .T. ) ;
#3102 = FACE_OUTER_BOUND ( 'NONE', #1365, .T. ) ;
#3103 = AXIS2_PLACEMENT_3D ( 'NONE', #2196, #1381, #2843 ) ;
#3104 = ADVANCED_FACE ( 'NONE', ( #2848 ), #1636, .F. ) ;
#3105 = EDGE_LOOP ( 'NONE', ( #3954, #835, #1445, #3880 ) ) ;
#3106 = DIRECTION ( 'NONE',  ( 0.000000000000000000, 0.000000000000000000, -1.000000000000000000 ) ) ;
#3107 = ORIENTED_EDGE ( 'NONE', *, *, #1957, .T. ) ;
#3108 = VECTOR ( 'NONE', #672, 1000.000000000000000 ) ;
#3109 = DIRECTION ( 'NONE',  ( 0.000000000000000000, 1.000000000000000000, -0.000000000000000000 ) ) ;
#3110 = ORIENTED_EDGE ( 'NONE', *, *, #1934, .T. ) ;
#3111 = CARTESIAN_POINT ( 'NONE',  ( 28.57999999999999829, 2.700000000000000178, 0.3999999999999969136 ) ) ;
#3112 = PLANE ( 'NONE',  #3419 ) ;
#3113 = DIRECTION ( 'NONE',  ( 0.000000000000000000, 0.000000000000000000, -1.000000000000000000 ) ) ;
#3114 = VERTEX_POINT ( 'NONE', #887 ) ;
#3115 = DIRECTION ( 'NONE',  ( 0.000000000000000000, 0.000000000000000000, 1.000000000000000000 ) ) ;
#3116 = CIRCLE ( 'NONE', #517, 1.500000000000000444 ) ;
#3117 = DIRECTION ( 'NONE',  ( 0.000000000000000000, -1.000000000000000000, 0.000000000000000000 ) ) ;
#3118 = DIRECTION ( 'NONE',  ( -0.000000000000000000, 1.000000000000000000, 1.275531967630005492E-16 ) ) ;
#3119 = EDGE_CURVE ( 'NONE', #1000, #4783, #964, .T. ) ;
#3120 = DIRECTION ( 'NONE',  ( 0.000000000000000000, -1.000000000000000000, 1.275531967630005492E-16 ) ) ;
#3121 = LINE ( 'NONE', #76, #2337 ) ;
#3122 = AXIS2_PLACEMENT_3D ( 'NONE', #1503, #3756, #3053 ) ;
#3123 = ORIENTED_EDGE ( 'NONE', *, *, #1633, .F. ) ;
#3124 = DIRECTION ( 'NONE',  ( 0.000000000000000000, -0.000000000000000000, 1.000000000000000000 ) ) ;
#3125 = AXIS2_PLACEMENT_3D ( 'NONE', #3872, #3492, #3469 ) ;
#3126 = DIRECTION ( 'NONE',  ( -0.000000000000000000, -0.000000000000000000, 1.000000000000000000 ) ) ;
#3127 = DIRECTION ( 'NONE',  ( 0.000000000000000000, -1.000000000000000000, 1.275531967630005492E-16 ) ) ;
#3128 = FACE_BOUND ( 'NONE', #4126, .T. ) ;
#3129 = ORIENTED_EDGE ( 'NONE', *, *, #2223, .T. ) ;
#3130 = FACE_OUTER_BOUND ( 'NONE', #1281, .T. ) ;
#3131 = VERTEX_POINT ( 'NONE', #4660 ) ;
#3132 = EDGE_LOOP ( 'NONE', ( #3913, #1331, #560, #2853, #3660, #1901, #3829, #2575 ) ) ;
#3133 = MECHANICAL_DESIGN_GEOMETRIC_PRESENTATION_REPRESENTATION (  '', ( #4639 ), #1396 ) ;
#3134 = AXIS2_PLACEMENT_3D ( 'NONE', #1007, #2514, #4032 ) ;
#3135 =( LENGTH_UNIT ( ) NAMED_UNIT ( * ) SI_UNIT ( .MILLI., .METRE. ) );
#3136 = ADVANCED_FACE ( 'NONE', ( #2039, #2800, #2775 ), #4286, .F. ) ;
#3137 = ORIENTED_EDGE ( 'NONE', *, *, #2919, .T. ) ;
#3138 = FACE_OUTER_BOUND ( 'NONE', #4572, .T. ) ;
#3139 = CARTESIAN_POINT ( 'NONE',  ( -2.929999999999999272, 13.12999999999999901, 8.199999999999997513 ) ) ;
#3140 = EDGE_CURVE ( 'NONE', #2048, #2963, #3545, .T. ) ;
#3141 = AXIS2_PLACEMENT_3D ( 'NONE', #3360, #4138, #1487 ) ;
#3142 = ORIENTED_EDGE ( 'NONE', *, *, #1888, .T. ) ;
#3143 = LINE ( 'NONE', #4658, #1270 ) ;
#3144 = DIRECTION ( 'NONE',  ( -1.000000000000000000, 0.000000000000000000, 0.000000000000000000 ) ) ;
#3145 = FACE_OUTER_BOUND ( 'NONE', #1205, .T. ) ;
#3146 = CARTESIAN_POINT ( 'NONE',  ( -17.07999999999999829, 1.600000000000000089, -7.599999999999996980 ) ) ;
#3147 = FACE_OUTER_BOUND ( 'NONE', #711, .T. ) ;
#3148 = VERTEX_POINT ( 'NONE', #2428 ) ;
#3149 = DIRECTION ( 'NONE',  ( -0.000000000000000000, 2.065146995210484448E-16, 1.000000000000000000 ) ) ;
#3150 = DIRECTION ( 'NONE',  ( -0.000000000000000000, 1.000000000000000000, -0.000000000000000000 ) ) ;
#3151 = DIRECTION ( 'NONE',  ( -0.000000000000000000, -1.000000000000000000, -0.000000000000000000 ) ) ;
#3152 = EDGE_CURVE ( 'NONE', #3533, #2391, #3166, .T. ) ;
#3153 = FACE_BOUND ( 'NONE', #2138, .T. ) ;
#3154 = CIRCLE ( 'NONE', #1180, 1.750000000000000000 ) ;
#3155 = EDGE_LOOP ( 'NONE', ( #586, #59, #215, #2984 ) ) ;
#3156 = CARTESIAN_POINT ( 'NONE',  ( -28.58000000000000185, 11.60000000000000142, -5.000000000000001776 ) ) ;
#3157 = EDGE_CURVE ( 'NONE', #1053, #144, #4692, .T. ) ;
#3158 = ORIENTED_EDGE ( 'NONE', *, *, #1284, .T. ) ;
#3159 = ORIENTED_EDGE ( 'NONE', *, *, #3571, .T. ) ;
#3160 = ORIENTED_EDGE ( 'NONE', *, *, #529, .T. ) ;
#3161 = FACE_OUTER_BOUND ( 'NONE', #2466, .T. ) ;
#3162 = DIRECTION ( 'NONE',  ( -0.000000000000000000, -1.000000000000000000, -0.000000000000000000 ) ) ;
#3163 = VERTEX_POINT ( 'NONE', #549 ) ;
#3164 = AXIS2_PLACEMENT_3D ( 'NONE', #157, #105, #1569 ) ;
#3165 = DIRECTION ( 'NONE',  ( 0.000000000000000000, 1.000000000000000000, -1.700709290173340409E-16 ) ) ;
#3166 = LINE ( 'NONE', #1612, #416 ) ;
#3167 = DIRECTION ( 'NONE',  ( 0.000000000000000000, 1.000000000000000000, 0.000000000000000000 ) ) ;
#3168 = EDGE_CURVE ( 'NONE', #3436, #3079, #3817, .T. ) ;
#3169 = ADVANCED_FACE ( 'NONE', ( #4711 ), #2826, .F. ) ;
#3170 = EDGE_CURVE ( 'NONE', #260, #2633, #201, .T. ) ;
#3171 = CARTESIAN_POINT ( 'NONE',  ( 27.07999999999999829, 1.600000000000000089, -8.599999999999997868 ) ) ;
#3172 = ORIENTED_EDGE ( 'NONE', *, *, #1807, .T. ) ;
#3173 = FACE_OUTER_BOUND ( 'NONE', #2683, .T. ) ;
#3174 = CARTESIAN_POINT ( 'NONE',  ( -11.33000000000000007, 1.700000000000000178, 4.999999999999997335 ) ) ;
#3175 = DIRECTION ( 'NONE',  ( 0.000000000000000000, 0.000000000000000000, -1.000000000000000000 ) ) ;
#3176 = VERTEX_POINT ( 'NONE', #1335 ) ;
#3177 = DIRECTION ( 'NONE',  ( 0.000000000000000000, -1.000000000000000000, 0.000000000000000000 ) ) ;
#3178 = AXIS2_PLACEMENT_3D ( 'NONE', #2195, #1876, #4111 ) ;
#3179 = ORIENTED_EDGE ( 'NONE', *, *, #3692, .F. ) ;
#3180 = AXIS2_PLACEMENT_3D ( 'NONE', #736, #271, #4067 ) ;
#3181 = PLANE ( 'NONE',  #1026 ) ;
#3182 = AXIS2_PLACEMENT_3D ( 'NONE', #4684, #4334, #3939 ) ;
#3183 = ORIENTED_EDGE ( 'NONE', *, *, #24, .F. ) ;
#3184 = AXIS2_PLACEMENT_3D ( 'NONE', #35, #4570, #2345 ) ;
#3185 = CARTESIAN_POINT ( 'NONE',  ( 0.000000000000000000, 11.50000000000000000, 0.000000000000000000 ) ) ;
#3186 = DIRECTION ( 'NONE',  ( 0.000000000000000000, 1.000000000000000000, 0.000000000000000000 ) ) ;
#3187 = ORIENTED_EDGE ( 'NONE', *, *, #1732, .T. ) ;
#3188 = AXIS2_PLACEMENT_3D ( 'NONE', #2688, #3729, #1850 ) ;
#3189 = ORIENTED_EDGE ( 'NONE', *, *, #1902, .T. ) ;
#3190 = CARTESIAN_POINT ( 'NONE',  ( 27.07999999999999829, 1.600000000000000089, -9.099999999999997868 ) ) ;
#3191 = EDGE_CURVE ( 'NONE', #4031, #1625, #4357, .T. ) ;
#3192 = CARTESIAN_POINT ( 'NONE',  ( -2.929999999999999272, 11.79999999999999893, 7.099999999999996980 ) ) ;
#3193 = APPLICATION_PROTOCOL_DEFINITION ( 'draft international standard', 'automotive_design', 1998, #1984 ) ;
#3194 = VECTOR ( 'NONE', #4681, 1000.000000000000000 ) ;
#3195 = FACE_OUTER_BOUND ( 'NONE', #293, .T. ) ;
#3196 = VERTEX_POINT ( 'NONE', #3293 ) ;
#3197 = DIRECTION ( 'NONE',  ( -0.000000000000000000, 1.000000000000000000, -0.000000000000000000 ) ) ;
#3198 = AXIS2_PLACEMENT_3D ( 'NONE', #2760, #1200, #4617 ) ;
#3199 = EDGE_CURVE ( 'NONE', #4084, #1040, #1830, .T. ) ;
#3200 = DIRECTION ( 'NONE',  ( 0.000000000000000000, -1.000000000000000000, 0.000000000000000000 ) ) ;
#3201 = CARTESIAN_POINT ( 'NONE',  ( 27.07999999999999829, 1.600000000000000089, 8.599999999999997868 ) ) ;
#3202 = CARTESIAN_POINT ( 'NONE',  ( -15.78000000000000291, 12.30000000000000071, -2.400000000000003908 ) ) ;
#3203 = ORIENTED_EDGE ( 'NONE', *, *, #179, .T. ) ;
#3204 = DIRECTION ( 'NONE',  ( -1.155297396910783454E-16, -0.000000000000000000, -1.000000000000000000 ) ) ;
#3205 = CIRCLE ( 'NONE', #2815, 1.500000000000000444 ) ;
#3206 = VERTEX_POINT ( 'NONE', #4020 ) ;
#3207 = CYLINDRICAL_SURFACE ( 'NONE', #155, 1.750000000000000222 ) ;
#3208 = DIRECTION ( 'NONE',  ( 0.000000000000000000, 0.000000000000000000, -1.000000000000000000 ) ) ;
#3209 = EDGE_CURVE ( 'NONE', #1276, #1779, #3615, .T. ) ;
#3210 = ORIENTED_EDGE ( 'NONE', *, *, #680, .F. ) ;
#3211 = PLANE ( 'NONE',  #3480 ) ;
#3212 = LINE ( 'NONE', #171, #739 ) ;
#3213 = VECTOR ( 'NONE', #2908, 1000.000000000000000 ) ;
#3214 = ORIENTED_EDGE ( 'NONE', *, *, #3905, .T. ) ;
#3215 = ORIENTED_EDGE ( 'NONE', *, *, #869, .F. ) ;
#3216 = CARTESIAN_POINT ( 'NONE',  ( 27.07999999999999829, 0.000000000000000000, -8.099999999999999645 ) ) ;
#3217 = AXIS2_PLACEMENT_3D ( 'NONE', #4693, #3527, #138 ) ;
#3218 = CARTESIAN_POINT ( 'NONE',  ( -27.68000000000000327, 11.30000000000000071, -5.000000000000001776 ) ) ;
#3219 = PRESENTATION_LAYER_ASSIGNMENT (  '', '', ( #1010 ) ) ;
#3220 = DIRECTION ( 'NONE',  ( -1.000000000000000000, 0.000000000000000000, -0.000000000000000000 ) ) ;
#3221 = VERTEX_POINT ( 'NONE', #2501 ) ;
#3222 = DIRECTION ( 'NONE',  ( 1.000000000000000000, -0.000000000000000000, -0.000000000000000000 ) ) ;
#3223 = EDGE_CURVE ( 'NONE', #683, #2938, #4044, .T. ) ;
#3224 = VECTOR ( 'NONE', #4145, 1000.000000000000000 ) ;
#3225 = DIRECTION ( 'NONE',  ( 0.000000000000000000, 0.000000000000000000, 1.000000000000000000 ) ) ;
#3226 = CARTESIAN_POINT ( 'NONE',  ( 12.24500000000000277, 11.50000000000000000, -2.300000000000000711 ) ) ;
#3227 = ADVANCED_FACE ( 'NONE', ( #1413 ), #4431, .F. ) ;
#3228 = ORIENTED_EDGE ( 'NONE', *, *, #3922, .T. ) ;
#3229 = ORIENTED_EDGE ( 'NONE', *, *, #315, .T. ) ;
#3230 = DIRECTION ( 'NONE',  ( 0.000000000000000000, 1.000000000000000000, 0.000000000000000000 ) ) ;
#3231 = EDGE_CURVE ( 'NONE', #3079, #3436, #3509, .T. ) ;
#3232 = CARTESIAN_POINT ( 'NONE',  ( 28.57999999999999829, 1.700000000000000178, 5.099999999999998757 ) ) ;
#3233 = EDGE_LOOP ( 'NONE', ( #2730, #1412, #678, #881 ) ) ;
#3234 = LINE ( 'NONE', #244, #2772 ) ;
#3235 = DIRECTION ( 'NONE',  ( 0.000000000000000000, -1.000000000000000000, -0.000000000000000000 ) ) ;
#3236 = VERTEX_POINT ( 'NONE', #620 ) ;
#3237 = ORIENTED_EDGE ( 'NONE', *, *, #1936, .F. ) ;
#3238 = CIRCLE ( 'NONE', #2613, 1.250000000000001110 ) ;
#3239 = CARTESIAN_POINT ( 'NONE',  ( 25.32999999999999829, -2.500000000000000000, 1.349999999999996980 ) ) ;
#3240 = DIRECTION ( 'NONE',  ( 0.000000000000000000, 0.000000000000000000, -1.000000000000000000 ) ) ;
#3241 = VERTEX_POINT ( 'NONE', #4456 ) ;
#3242 = LINE ( 'NONE', #1316, #3493 ) ;
#3243 = EDGE_CURVE ( 'NONE', #2370, #3657, #4758, .T. ) ;
#3244 = EDGE_LOOP ( 'NONE', ( #2981, #2513, #1509 ) ) ;
#3245 = CARTESIAN_POINT ( 'NONE',  ( 17.07999999999999829, 1.600000000000000089, 7.599999999999996980 ) ) ;
#3246 = FACE_OUTER_BOUND ( 'NONE', #3264, .T. ) ;
#3247 = DIRECTION ( 'NONE',  ( 0.000000000000000000, 1.000000000000000000, 0.000000000000000000 ) ) ;
#3248 = ORIENTED_EDGE ( 'NONE', *, *, #2203, .F. ) ;
#3249 = ORIENTED_EDGE ( 'NONE', *, *, #991, .T. ) ;
#3250 = EDGE_CURVE ( 'NONE', #3206, #2562, #1140, .T. ) ;
#3251 = CYLINDRICAL_SURFACE ( 'NONE', #2975, 0.4999999999999987232 ) ;
#3252 = DIRECTION ( 'NONE',  ( -0.000000000000000000, 1.000000000000000000, -0.000000000000000000 ) ) ;
#3253 = EDGE_CURVE ( 'NONE', #1258, #3948, #2874, .T. ) ;
#3254 = DIRECTION ( 'NONE',  ( 0.5547001962252287033, -0.8320502943378439431, 0.000000000000000000 ) ) ;
#3255 = DIRECTION ( 'NONE',  ( -1.000000000000000000, 0.000000000000000000, 0.000000000000000000 ) ) ;
#3256 = ADVANCED_FACE ( 'NONE', ( #2872 ), #3690, .F. ) ;
#3257 = ORIENTED_EDGE ( 'NONE', *, *, #995, .F. ) ;
#3258 = VECTOR ( 'NONE', #943, 1000.000000000000000 ) ;
#3259 = CARTESIAN_POINT ( 'NONE',  ( 25.97999999999999687, 2.700000000000000178, 4.599999999999996980 ) ) ;
#3260 = LINE ( 'NONE', #1038, #2009 ) ;
#3261 = ORIENTED_EDGE ( 'NONE', *, *, #3453, .T. ) ;
#3262 = ORIENTED_EDGE ( 'NONE', *, *, #2869, .F. ) ;
#3263 = FACE_OUTER_BOUND ( 'NONE', #530, .T. ) ;
#3264 = EDGE_LOOP ( 'NONE', ( #4721, #936, #3531, #4772, #182, #1805, #990, #191 ) ) ;
#3265 = VECTOR ( 'NONE', #3423, 1000.000000000000000 ) ;
#3266 = CARTESIAN_POINT ( 'NONE',  ( 15.78000000000001357, 1.700000000000000178, -5.350000000000001421 ) ) ;
#3267 = AXIS2_PLACEMENT_3D ( 'NONE', #3266, #1096, #1070 ) ;
#3268 = DIRECTION ( 'NONE',  ( -0.000000000000000000, 1.000000000000000000, -0.000000000000000000 ) ) ;
#3269 = EDGE_CURVE ( 'NONE', #1877, #1625, #2799, .T. ) ;
#3270 =( NAMED_UNIT ( * ) PLANE_ANGLE_UNIT ( ) SI_UNIT ( $, .RADIAN. ) );
#3271 = ORIENTED_EDGE ( 'NONE', *, *, #684, .F. ) ;
#3272 = CARTESIAN_POINT ( 'NONE',  ( 20.97999999999999687, 11.60000000000000142, -4.900000000000001243 ) ) ;
#3273 = DIRECTION ( 'NONE',  ( -0.000000000000000000, -1.000000000000000000, -0.000000000000000000 ) ) ;
#3274 = CARTESIAN_POINT ( 'NONE',  ( -2.929999999999999272, 13.12999999999999901, 7.099999999999996980 ) ) ;
#3275 = DIRECTION ( 'NONE',  ( 0.000000000000000000, -0.000000000000000000, 1.000000000000000000 ) ) ;
#3276 = VECTOR ( 'NONE', #4744, 1000.000000000000000 ) ;
#3277 = VERTEX_POINT ( 'NONE', #2526 ) ;
#3278 = DIRECTION ( 'NONE',  ( -0.000000000000000000, 1.000000000000000000, -0.000000000000000000 ) ) ;
#3279 = VERTEX_POINT ( 'NONE', #1387 ) ;
#3280 = DIRECTION ( 'NONE',  ( 0.000000000000000000, -1.000000000000000000, 0.000000000000000000 ) ) ;
#3281 = CARTESIAN_POINT ( 'NONE',  ( 12.24500000000000277, 6.599999999999999645, 8.199999999999999289 ) ) ;
#3282 = VERTEX_POINT ( 'NONE', #1438 ) ;
#3283 = FACE_OUTER_BOUND ( 'NONE', #750, .T. ) ;
#3284 = DIRECTION ( 'NONE',  ( 0.000000000000000000, 0.000000000000000000, 1.000000000000000000 ) ) ;
#3285 = DIRECTION ( 'NONE',  ( 0.000000000000000000, 1.000000000000000000, 0.000000000000000000 ) ) ;
#3286 = EDGE_CURVE ( 'NONE', #3801, #2915, #2606, .T. ) ;
#3287 = VERTEX_POINT ( 'NONE', #4409 ) ;
#3288 = ORIENTED_EDGE ( 'NONE', *, *, #809, .T. ) ;
#3289 = EDGE_CURVE ( 'NONE', #260, #321, #2105, .T. ) ;
#3290 = EDGE_CURVE ( 'NONE', #742, #342, #4098, .T. ) ;
#3291 = ORIENTED_EDGE ( 'NONE', *, *, #2743, .F. ) ;
#3292 = AXIS2_PLACEMENT_3D ( 'NONE', #2538, #3675, #4442 ) ;
#3293 = CARTESIAN_POINT ( 'NONE',  ( 1.094999999999999973, 11.50000000000000000, -2.800000000000000266 ) ) ;
#3294 = STYLED_ITEM ( 'NONE', ( #2655 ), #4759 ) ;
#3295 = CARTESIAN_POINT ( 'NONE',  ( 0.000000000000000000, 0.000000000000000000, 0.000000000000000000 ) ) ;
#3296 = VECTOR ( 'NONE', #824, 1000.000000000000000 ) ;
#3297 = CARTESIAN_POINT ( 'NONE',  ( -17.07999999999999829, 1.600000000000000089, -7.599999999999996980 ) ) ;
#3298 = DIRECTION ( 'NONE',  ( 0.000000000000000000, 0.000000000000000000, 1.000000000000000000 ) ) ;
#3300 = ORIENTED_EDGE ( 'NONE', *, *, #1466, .T. ) ;
#3299 = AXIS2_PLACEMENT_3D ( 'NONE', #2717, #1883, #2672 ) ;
#3301 = PLANE ( 'NONE',  #3767 ) ;
#3302 = LINE ( 'NONE', #256, #2452 ) ;
#3303 = CYLINDRICAL_SURFACE ( 'NONE', #2260, 1.250000000000001110 ) ;
#3304 = ORIENTED_EDGE ( 'NONE', *, *, #267, .T. ) ;
#3305 = ORIENTED_EDGE ( 'NONE', *, *, #2380, .T. ) ;
#3306 = PLANE ( 'NONE',  #1711 ) ;
#3307 = CARTESIAN_POINT ( 'NONE',  ( -27.07999999999999829, 0.000000000000000000, -8.599999999999997868 ) ) ;
#3308 = ADVANCED_FACE ( 'NONE', ( #277 ), #1783, .F. ) ;
#3309 = DIRECTION ( 'NONE',  ( 0.000000000000000000, 0.000000000000000000, -1.000000000000000000 ) ) ;
#3310 = EDGE_LOOP ( 'NONE', ( #2512, #670, #53, #1206, #253, #3261 ) ) ;
#3311 = EDGE_CURVE ( 'NONE', #342, #2907, #326, .T. ) ;
#3312 = DIRECTION ( 'NONE',  ( 0.000000000000000000, 0.000000000000000000, 1.000000000000000000 ) ) ;
#3313 = CARTESIAN_POINT ( 'NONE',  ( -11.48000000000000043, 1.700000000000000178, -8.800000000000002487 ) ) ;
#3314 = DIRECTION ( 'NONE',  ( -0.5547001962252285923, 0.8320502943378440541, 0.000000000000000000 ) ) ;
#3315 = EDGE_LOOP ( 'NONE', ( #2290, #1880, #1755, #2002, #2367, #1398, #3183, #1077 ) ) ;
#3316 = ORIENTED_EDGE ( 'NONE', *, *, #1186, .F. ) ;
#3317 = FILL_AREA_STYLE_COLOUR ( '', #1908 ) ;
#3318 = VERTEX_POINT ( 'NONE', #3239 ) ;
#3319 = DIRECTION ( 'NONE',  ( 1.000000000000000000, -0.000000000000000000, -0.000000000000000000 ) ) ;
#3320 = DIRECTION ( 'NONE',  ( 0.000000000000000000, 0.000000000000000000, 1.000000000000000000 ) ) ;
#3321 =( LENGTH_UNIT ( ) NAMED_UNIT ( * ) SI_UNIT ( .MILLI., .METRE. ) );
#3322 = ORIENTED_EDGE ( 'NONE', *, *, #597, .T. ) ;
#3323 = EDGE_CURVE ( 'NONE', #4522, #486, #1361, .T. ) ;
#3324 = AXIS2_PLACEMENT_3D ( 'NONE', #3695, #4077, #1811 ) ;
#3325 = EDGE_CURVE ( 'NONE', #2911, #2433, #2277, .T. ) ;
#3326 = CARTESIAN_POINT ( 'NONE',  ( 28.57999999999999829, 0.000000000000000000, -10.10000000000000142 ) ) ;
#3327 = EDGE_LOOP ( 'NONE', ( #4620, #786, #3203, #2569 ) ) ;
#3328 = ORIENTED_EDGE ( 'NONE', *, *, #3460, .T. ) ;
#3329 = DIRECTION ( 'NONE',  ( 1.000000000000000000, -0.000000000000000000, -0.000000000000000000 ) ) ;
#3330 = DIRECTION ( 'NONE',  ( 0.000000000000000000, 0.000000000000000000, 1.000000000000000000 ) ) ;
#3331 = PLANE ( 'NONE',  #1382 ) ;
#3332 = CARTESIAN_POINT ( 'NONE',  ( 23.48000000000000753, 10.10000000000000142, 0.3499999999999985345 ) ) ;
#3333 = ORIENTED_EDGE ( 'NONE', *, *, #954, .F. ) ;
#3334 = DIRECTION ( 'NONE',  ( -0.000000000000000000, 1.700709290173340409E-16, 1.000000000000000000 ) ) ;
#3335 = ORIENTED_EDGE ( 'NONE', *, *, #802, .F. ) ;
#3336 = ORIENTED_EDGE ( 'NONE', *, *, #1045, .F. ) ;
#3337 = LINE ( 'NONE', #4859, #1436 ) ;
#3338 = ORIENTED_EDGE ( 'NONE', *, *, #2296, .T. ) ;
#3339 = AXIS2_PLACEMENT_3D ( 'NONE', #1540, #2112, #999 ) ;
#3340 = DIRECTION ( 'NONE',  ( 1.000000000000000000, -0.000000000000000000, -0.000000000000000000 ) ) ;
#3341 = AXIS2_PLACEMENT_3D ( 'NONE', #642, #2149, #2573 ) ;
#3342 = AXIS2_PLACEMENT_3D ( 'NONE', #195, #4733, #2721 ) ;
#3343 = CARTESIAN_POINT ( 'NONE',  ( 25.32999999999999829, 0.000000000000000000, -1.349999999999996980 ) ) ;
#3344 = CIRCLE ( 'NONE', #2475, 1.250000000000001110 ) ;
#3345 = SURFACE_SIDE_STYLE ('',( #4888 ) ) ;
#3346 = DIRECTION ( 'NONE',  ( 1.379893674072460458E-16, -0.000000000000000000, 1.000000000000000000 ) ) ;
#3347 = ORIENTED_EDGE ( 'NONE', *, *, #4469, .F. ) ;
#3348 = EDGE_CURVE ( 'NONE', #4280, #358, #3086, .T. ) ;
#3349 = EDGE_LOOP ( 'NONE', ( #4401, #4040, #4191, #2334 ) ) ;
#3350 = DIRECTION ( 'NONE',  ( 0.000000000000000000, 1.000000000000000000, 0.000000000000000000 ) ) ;
#3351 = DIRECTION ( 'NONE',  ( 0.000000000000000000, -0.000000000000000000, 1.000000000000000000 ) ) ;
#3352 = LINE ( 'NONE', #1085, #2881 ) ;
#3353 = EDGE_LOOP ( 'NONE', ( #3027, #1829, #2987, #243 ) ) ;
#3354 = PLANE ( 'NONE',  #1904 ) ;
#3355 = ORIENTED_EDGE ( 'NONE', *, *, #3065, .F. ) ;
#3356 = CARTESIAN_POINT ( 'NONE',  ( 12.24500000000000277, 11.50000000000000000, -0.3000000000000007661 ) ) ;
#3357 = LINE ( 'NONE', #2197, #3096 ) ;
#3358 = VERTEX_POINT ( 'NONE', #2694 ) ;
#3359 = ORIENTED_EDGE ( 'NONE', *, *, #741, .F. ) ;
#3360 = CARTESIAN_POINT ( 'NONE',  ( 25.32999999999999829, 0.000000000000000000, -2.599999999999998312 ) ) ;
#3361 = EDGE_LOOP ( 'NONE', ( #3978, #86 ) ) ;
#3362 = CARTESIAN_POINT ( 'NONE',  ( -28.58099999999999952, 11.50000000000000000, 3.699999999999999289 ) ) ;
#3363 = VECTOR ( 'NONE', #1543, 1000.000000000000114 ) ;
#3364 =( LENGTH_UNIT ( ) NAMED_UNIT ( * ) SI_UNIT ( .MILLI., .METRE. ) );
#3365 = EDGE_CURVE ( 'NONE', #2877, #2953, #507, .T. ) ;
#3366 = AXIS2_PLACEMENT_3D ( 'NONE', #628, #945, #2135 ) ;
#3367 = VECTOR ( 'NONE', #216, 1000.000000000000000 ) ;
#3368 = DIRECTION ( 'NONE',  ( -0.000000000000000000, -1.000000000000000000, -0.000000000000000000 ) ) ;
#3369 = FACE_OUTER_BOUND ( 'NONE', #4618, .T. ) ;
#3370 = EDGE_LOOP ( 'NONE', ( #797, #16, #1975, #2601 ) ) ;
#3371 = ORIENTED_EDGE ( 'NONE', *, *, #1768, .T. ) ;
#3372 = COLOUR_RGB ( '',0.2509803921568627416, 0.2509803921568627416, 0.2509803921568627416 ) ;
#3373 = CARTESIAN_POINT ( 'NONE',  ( 1.095000000000001528, 11.50000000000000000, 8.199999999999999289 ) ) ;
#3374 = LINE ( 'NONE', #1576, #2021 ) ;
#3375 = ORIENTED_EDGE ( 'NONE', *, *, #2380, .F. ) ;
#3376 = DIRECTION ( 'NONE',  ( 0.3162277660168380522, 0.9486832980505137680, 0.000000000000000000 ) ) ;
#3377 = ORIENTED_EDGE ( 'NONE', *, *, #4179, .F. ) ;
#3378 = CARTESIAN_POINT ( 'NONE',  ( 23.54794919243112616, 10.10000000000000142, 2.849999999999998757 ) ) ;
#3379 = DIRECTION ( 'NONE',  ( 0.000000000000000000, -1.000000000000000000, 0.000000000000000000 ) ) ;
#3380 = ORIENTED_EDGE ( 'NONE', *, *, #1861, .T. ) ;
#3381 = ORIENTED_EDGE ( 'NONE', *, *, #2292, .F. ) ;
#3382 = ADVANCED_FACE ( 'NONE', ( #2325 ), #67, .F. ) ;
#3383 = DIRECTION ( 'NONE',  ( 1.000000000000000000, 0.000000000000000000, -0.000000000000000000 ) ) ;
#3384 = ORIENTED_EDGE ( 'NONE', *, *, #3460, .F. ) ;
#3385 = DIRECTION ( 'NONE',  ( 1.000000000000000000, 0.000000000000000000, -1.301042606982605321E-16 ) ) ;
#3386 = UNCERTAINTY_MEASURE_WITH_UNIT (LENGTH_MEASURE( 1.000000000000000082E-05 ), #4117, 'distance_accuracy_value', 'NONE');
#3387 = DIRECTION ( 'NONE',  ( 0.000000000000000000, 1.000000000000000000, 0.000000000000000000 ) ) ;
#3388 =( NAMED_UNIT ( * ) PLANE_ANGLE_UNIT ( ) SI_UNIT ( $, .RADIAN. ) );
#3389 = AXIS2_PLACEMENT_3D ( 'NONE', #1692, #2136, #1394 ) ;
#3390 = DIRECTION ( 'NONE',  ( 1.000000000000000000, 0.000000000000000000, 0.000000000000000000 ) ) ;
#3391 = DIRECTION ( 'NONE',  ( 0.000000000000000000, 0.000000000000000000, 1.000000000000000000 ) ) ;
#3392 = ORIENTED_EDGE ( 'NONE', *, *, #4500, .F. ) ;
#3393 = VECTOR ( 'NONE', #54, 1000.000000000000227 ) ;
#3394 = FACE_OUTER_BOUND ( 'NONE', #2440, .T. ) ;
#3395 = CARTESIAN_POINT ( 'NONE',  ( 25.97999999999999687, 7.799999999999999822, -4.400000000000001243 ) ) ;
#3396 = VECTOR ( 'NONE', #2846, 1000.000000000000114 ) ;
#3397 = ADVANCED_FACE ( 'NONE', ( #2301 ), #4504, .F. ) ;
#3398 = ORIENTED_EDGE ( 'NONE', *, *, #4825, .F. ) ;
#3399 = DIRECTION ( 'NONE',  ( 1.000000000000000000, -0.000000000000000000, -0.000000000000000000 ) ) ;
#3400 = DIRECTION ( 'NONE',  ( -0.000000000000000000, 1.000000000000000000, -0.000000000000000000 ) ) ;
#3401 = CARTESIAN_POINT ( 'NONE',  ( -25.28000000000000114, 11.60000000000000142, 2.500000000000002665 ) ) ;
#3402 = ORIENTED_EDGE ( 'NONE', *, *, #3152, .T. ) ;
#3403 = ORIENTED_EDGE ( 'NONE', *, *, #3540, .F. ) ;
#3404 = CARTESIAN_POINT ( 'NONE',  ( -28.58099999999999952, 11.50000000000000000, 1.699999999999999289 ) ) ;
#3405 = ORIENTED_EDGE ( 'NONE', *, *, #1999, .T. ) ;
#3406 = DIRECTION ( 'NONE',  ( 0.000000000000000000, -1.000000000000000000, -1.700709290173340409E-16 ) ) ;
#3407 = DIRECTION ( 'NONE',  ( -0.000000000000000000, -1.000000000000000000, -0.000000000000000000 ) ) ;
#3408 = LINE ( 'NONE', #1533, #4000 ) ;
#3409 = ORIENTED_EDGE ( 'NONE', *, *, #4488, .F. ) ;
#3410 = CARTESIAN_POINT ( 'NONE',  ( 17.07999999999999829, 0.000000000000000000, 7.599999999999996980 ) ) ;
#3411 = PRESENTATION_STYLE_ASSIGNMENT (( #746 ) ) ;
#3412 = PRESENTATION_LAYER_ASSIGNMENT (  '', '', ( #2706 ) ) ;
#3413 = PLANE ( 'NONE',  #1162 ) ;
#3414 = PRESENTATION_LAYER_ASSIGNMENT (  '', '', ( #100 ) ) ;
#3415 = AXIS2_PLACEMENT_3D ( 'NONE', #1156, #759, #4898 ) ;
#3416 = EDGE_CURVE ( 'NONE', #89, #4233, #17, .T. ) ;
#3417 = CYLINDRICAL_SURFACE ( 'NONE', #3526, 0.4999999999999987232 ) ;
#3418 = EDGE_LOOP ( 'NONE', ( #2542, #3645, #4112, #1253 ) ) ;
#3419 = AXIS2_PLACEMENT_3D ( 'NONE', #3513, #1231, #1653 ) ;
#3420 = LINE ( 'NONE', #3825, #2038 ) ;
#3421 = CARTESIAN_POINT ( 'NONE',  ( 12.24500000000000277, 8.000000000000000000, 7.199999999999999289 ) ) ;
#3422 = ORIENTED_EDGE ( 'NONE', *, *, #1186, .T. ) ;
#3423 = DIRECTION ( 'NONE',  ( -0.000000000000000000, -1.000000000000000000, -0.000000000000000000 ) ) ;
#3424 = DIRECTION ( 'NONE',  ( 0.000000000000000000, 1.000000000000000000, -0.000000000000000000 ) ) ;
#3425 = DIRECTION ( 'NONE',  ( -3.419619929664837581E-32, -1.000000000000000000, -2.478176394252582127E-16 ) ) ;
#3426 = VERTEX_POINT ( 'NONE', #717 ) ;
#3427 = EDGE_LOOP ( 'NONE', ( #2690, #1870, #1327, #43 ) ) ;
#3428 = VECTOR ( 'NONE', #199, 1000.000000000000000 ) ;
#3429 = CARTESIAN_POINT ( 'NONE',  ( -11.33000000000000007, 11.70000000000000107, 4.999999999999997335 ) ) ;
#3430 = ORIENTED_EDGE ( 'NONE', *, *, #3101, .T. ) ;
#3431 = EDGE_CURVE ( 'NONE', #4546, #2915, #3035, .T. ) ;
#3432 = VECTOR ( 'NONE', #2120, 1000.000000000000000 ) ;
#3433 = CARTESIAN_POINT ( 'NONE',  ( -27.07999999999999829, 1.600000000000000089, -8.599999999999997868 ) ) ;
#3434 = LINE ( 'NONE', #789, #2256 ) ;
#3435 = ADVANCED_FACE ( 'NONE', ( #4598 ), #441, .F. ) ;
#3436 = VERTEX_POINT ( 'NONE', #2254 ) ;
#3437 = LINE ( 'NONE', #1120, #2170 ) ;
#3438 = ADVANCED_FACE ( 'NONE', ( #1885 ), #3836, .F. ) ;
#3439 = VECTOR ( 'NONE', #1076, 1000.000000000000000 ) ;
#3440 = DIRECTION ( 'NONE',  ( 1.000000000000000000, -0.000000000000000000, -0.000000000000000000 ) ) ;
#3441 = LINE ( 'NONE', #2257, #4140 ) ;
#3442 = PLANE ( 'NONE',  #2106 ) ;
#3443 = DIRECTION ( 'NONE',  ( -1.000000000000000000, -0.000000000000000000, -0.000000000000000000 ) ) ;
#3444 = DIRECTION ( 'NONE',  ( 0.000000000000000000, -0.000000000000000000, 1.000000000000000000 ) ) ;
#3445 = ORIENTED_EDGE ( 'NONE', *, *, #2988, .T. ) ;
#3446 = AXIS2_PLACEMENT_3D ( 'NONE', #4414, #284, #209 ) ;
#3447 = CIRCLE ( 'NONE', #3530, 1.250000000000001110 ) ;
#3448 = FACE_OUTER_BOUND ( 'NONE', #364, .T. ) ;
#3449 = CARTESIAN_POINT ( 'NONE',  ( 27.07999999999999829, 1.600000000000000089, -8.099999999999999645 ) ) ;
#3450 = LINE ( 'NONE', #3395, #4709 ) ;
#3451 = ORIENTED_EDGE ( 'NONE', *, *, #102, .F. ) ;
#3452 = CARTESIAN_POINT ( 'NONE',  ( 27.07999999999999829, 1.600000000000000089, 9.099999999999997868 ) ) ;
#3453 = EDGE_CURVE ( 'NONE', #1736, #1648, #4885, .T. ) ;
#3454 = ORIENTED_EDGE ( 'NONE', *, *, #328, .T. ) ;
#3455 = CARTESIAN_POINT ( 'NONE',  ( -28.58000000000000185, 2.700000000000000178, 0.3000000000000017653 ) ) ;
#3456 =( GEOMETRIC_REPRESENTATION_CONTEXT ( 3 ) GLOBAL_UNCERTAINTY_ASSIGNED_CONTEXT ( ( #770 ) ) GLOBAL_UNIT_ASSIGNED_CONTEXT ( ( #785, #3537, #1300 ) ) REPRESENTATION_CONTEXT ( 'NONE', 'WORKASPACE' ) );
#3457 = CARTESIAN_POINT ( 'NONE',  ( -25.98000000000000398, 7.799999999999999822, -4.500000000000002665 ) ) ;
#3458 = ORIENTED_EDGE ( 'NONE', *, *, #3709, .T. ) ;
#3459 = CARTESIAN_POINT ( 'NONE',  ( -25.32999999999999829, 0.000000000000000000, -1.349999999999996980 ) ) ;
#3460 = EDGE_CURVE ( 'NONE', #4359, #4731, #1183, .T. ) ;
#3461 = DIRECTION ( 'NONE',  ( 1.000000000000000000, 0.000000000000000000, 0.000000000000000000 ) ) ;
#3462 = LINE ( 'NONE', #1585, #2494 ) ;
#3463 = VERTEX_POINT ( 'NONE', #2227 ) ;
#3464 = CARTESIAN_POINT ( 'NONE',  ( -25.32999999999999829, -2.500000000000000000, -3.849999999999999201 ) ) ;
#3465 = ADVANCED_FACE ( 'NONE', ( #2674 ), #1489, .F. ) ;
#3466 = CARTESIAN_POINT ( 'NONE',  ( -27.01205080756887611, 10.10000000000000142, -2.250000000000002665 ) ) ;
#3467 = EDGE_CURVE ( 'NONE', #3657, #3801, #812, .T. ) ;
#3468 = CARTESIAN_POINT ( 'NONE',  ( -25.98000000000000398, 2.700000000000000178, 0.3000000000000017653 ) ) ;
#3469 = DIRECTION ( 'NONE',  ( 0.000000000000000000, 0.000000000000000000, -1.000000000000000000 ) ) ;
#3470 = ORIENTED_EDGE ( 'NONE', *, *, #3940, .F. ) ;
#3471 = DIRECTION ( 'NONE',  ( 0.000000000000000000, 1.000000000000000000, 0.000000000000000000 ) ) ;
#3472 = FACE_OUTER_BOUND ( 'NONE', #2004, .T. ) ;
#3473 = DIRECTION ( 'NONE',  ( 0.000000000000000000, 0.000000000000000000, 1.000000000000000000 ) ) ;
#3474 = CARTESIAN_POINT ( 'NONE',  ( 25.28000000000000469, 10.10000000000000142, -2.400000000000001688 ) ) ;
#3475 = VECTOR ( 'NONE', #2784, 1000.000000000000000 ) ;
#3476 = ORIENTED_EDGE ( 'NONE', *, *, #3743, .T. ) ;
#3477 = DIRECTION ( 'NONE',  ( -0.000000000000000000, 1.000000000000000000, -0.000000000000000000 ) ) ;
#3478 = EDGE_LOOP ( 'NONE', ( #4178, #2500, #4238, #4515 ) ) ;
#3479 = FACE_BOUND ( 'NONE', #4314, .T. ) ;
#3480 = AXIS2_PLACEMENT_3D ( 'NONE', #3654, #2122, #1380 ) ;
#3481 = PRESENTATION_STYLE_ASSIGNMENT (( #880 ) ) ;
#3482 = ORIENTED_EDGE ( 'NONE', *, *, #304, .T. ) ;
#3483 = CARTESIAN_POINT ( 'NONE',  ( -25.98000000000000398, 7.800000000000005151, 4.499999999999997335 ) ) ;
#3484 = DIRECTION ( 'NONE',  ( 1.379893674072460458E-16, 0.000000000000000000, 1.000000000000000000 ) ) ;
#3485 = ADVANCED_FACE ( 'NONE', ( #349 ), #4523, .T. ) ;
#3486 = LINE ( 'NONE', #389, #1150 ) ;
#3487 = ORIENTED_EDGE ( 'NONE', *, *, #2203, .T. ) ;
#3488 = LINE ( 'NONE', #3867, #3031 ) ;
#3489 = DIRECTION ( 'NONE',  ( -0.000000000000000000, -0.000000000000000000, -1.000000000000000000 ) ) ;
#3490 = LINE ( 'NONE', #1613, #4826 ) ;
#3491 = DIRECTION ( 'NONE',  ( 0.000000000000000000, 0.000000000000000000, -1.000000000000000000 ) ) ;
#3492 = DIRECTION ( 'NONE',  ( 0.000000000000000000, 1.000000000000000000, -0.000000000000000000 ) ) ;
#3493 = VECTOR ( 'NONE', #531, 1000.000000000000000 ) ;
#3494 = EDGE_LOOP ( 'NONE', ( #1826, #955, #4736, #714 ) ) ;
#3495 = DIRECTION ( 'NONE',  ( 1.000000000000000000, 0.000000000000000000, 0.000000000000000000 ) ) ;
#3496 = AXIS2_PLACEMENT_3D ( 'NONE', #1112, #4879, #4133 ) ;
#3497 = EDGE_CURVE ( 'NONE', #2461, #4518, #1510, .T. ) ;
#3498 = PRESENTATION_LAYER_ASSIGNMENT (  '', '', ( #3813 ) ) ;
#3499 = DIRECTION ( 'NONE',  ( 0.000000000000000000, 1.000000000000000000, -0.000000000000000000 ) ) ;
#3500 = LINE ( 'NONE', #111, #4749 ) ;
#3501 = DIRECTION ( 'NONE',  ( 0.000000000000000000, -1.000000000000000000, 0.000000000000000000 ) ) ;
#3502 = EDGE_CURVE ( 'NONE', #1053, #3948, #1931, .T. ) ;
#3503 = AXIS2_PLACEMENT_3D ( 'NONE', #1257, #3186, #3888 ) ;
#3504 = EDGE_LOOP ( 'NONE', ( #806, #3807 ) ) ;
#3505 = CARTESIAN_POINT ( 'NONE',  ( -23.48000000000000043, 10.10000000000000142, -0.2500000000000000000 ) ) ;
#3506 = ORIENTED_EDGE ( 'NONE', *, *, #3854, .T. ) ;
#3507 = EDGE_LOOP ( 'NONE', ( #3229, #268, #515, #3458 ) ) ;
#3508 = PRODUCT_RELATED_PRODUCT_CATEGORY ( 'part', '', ( #1252 ) ) ;
#3509 = CIRCLE ( 'NONE', #4613, 1.100000000000000311 ) ;
#3510 = SURFACE_SIDE_STYLE ('',( #192 ) ) ;
#3511 = ORIENTED_EDGE ( 'NONE', *, *, #109, .F. ) ;
#3512 = CARTESIAN_POINT ( 'NONE',  ( 12.24500000000000277, 11.50000000000000000, 5.699999999999998401 ) ) ;
#3513 = CARTESIAN_POINT ( 'NONE',  ( -27.01205080756887966, 9.600000000000001421, 2.750000000000002665 ) ) ;
#3514 = CARTESIAN_POINT ( 'NONE',  ( 25.97999999999999687, 2.700000000000000178, -0.1999999999999998723 ) ) ;
#3515 = ORIENTED_EDGE ( 'NONE', *, *, #1915, .F. ) ;
#3516 = CARTESIAN_POINT ( 'NONE',  ( 1.095000000000002194, 8.000000000000000000, 3.199999999999998845 ) ) ;
#3517 = CARTESIAN_POINT ( 'NONE',  ( 0.000000000000000000, 1.700000000000000178, 0.000000000000000000 ) ) ;
#3518 = AXIS2_PLACEMENT_3D ( 'NONE', #1801, #4008, #3309 ) ;
#3519 = LINE ( 'NONE', #128, #3659 ) ;
#3520 = EDGE_CURVE ( 'NONE', #2589, #4380, #2770, .T. ) ;
#3521 = CARTESIAN_POINT ( 'NONE',  ( 28.57999999999999829, 1.600000000000000089, 10.09999999999999787 ) ) ;
#3522 = DIRECTION ( 'NONE',  ( -0.000000000000000000, 1.000000000000000000, 0.000000000000000000 ) ) ;
#3523 = AXIS2_PLACEMENT_3D ( 'NONE', #1143, #1958, #2008 ) ;
#3524 = EDGE_LOOP ( 'NONE', ( #950, #697, #4002, #1552 ) ) ;
#3525 = LINE ( 'NONE', #3569, #4217 ) ;
#3526 = AXIS2_PLACEMENT_3D ( 'NONE', #2976, #4125, #4867 ) ;
#3527 = DIRECTION ( 'NONE',  ( -0.000000000000000000, 1.000000000000000000, -0.000000000000000000 ) ) ;
#3528 = LINE ( 'NONE', #1292, #4348 ) ;
#3529 = CARTESIAN_POINT ( 'NONE',  ( -1.829999999999999627, 1.700000000000000178, 9.299999999999997158 ) ) ;
#3530 = AXIS2_PLACEMENT_3D ( 'NONE', #2792, #4597, #882 ) ;
#3531 = ORIENTED_EDGE ( 'NONE', *, *, #4472, .T. ) ;
#3532 = LINE ( 'NONE', #3080, #3044 ) ;
#3533 = VERTEX_POINT ( 'NONE', #838 ) ;
#3534 = VERTEX_POINT ( 'NONE', #1605 ) ;
#3535 = AXIS2_PLACEMENT_3D ( 'NONE', #231, #2855, #185 ) ;
#3536 = VECTOR ( 'NONE', #4250, 1000.000000000000000 ) ;
#3537 =( NAMED_UNIT ( * ) PLANE_ANGLE_UNIT ( ) SI_UNIT ( $, .RADIAN. ) );
#3538 = ORIENTED_EDGE ( 'NONE', *, *, #2205, .F. ) ;
#3539 = CARTESIAN_POINT ( 'NONE',  ( -25.28000000000000114, 10.10000000000000142, -2.500000000000002665 ) ) ;
#3540 = EDGE_CURVE ( 'NONE', #4745, #4731, #4330, .T. ) ;
#3541 = DIRECTION ( 'NONE',  ( 0.000000000000000000, 0.000000000000000000, -1.000000000000000000 ) ) ;
#3542 = VERTEX_POINT ( 'NONE', #1630 ) ;
#3543 = EDGE_CURVE ( 'NONE', #2616, #3131, #1701, .T. ) ;
#3544 = CARTESIAN_POINT ( 'NONE',  ( 23.54794919243112616, 9.600000000000001421, -2.650000000000001688 ) ) ;
#3545 = LINE ( 'NONE', #4633, #1922 ) ;
#3546 = FACE_OUTER_BOUND ( 'NONE', #2178, .T. ) ;
#3547 = ORIENTED_EDGE ( 'NONE', *, *, #3199, .F. ) ;
#3548 = CARTESIAN_POINT ( 'NONE',  ( -28.58099999999999952, 8.000000000000000000, -0.8000000000000012657 ) ) ;
#3549 = CARTESIAN_POINT ( 'NONE',  ( -25.28000000000000114, 10.10000000000000142, 0.7500000000000026645 ) ) ;
#3550 = LINE ( 'NONE', #2708, #3879 ) ;
#3551 = LINE ( 'NONE', #2070, #3276 ) ;
#3552 = CIRCLE ( 'NONE', #4577, 1.500000000000000444 ) ;
#3553 = EDGE_LOOP ( 'NONE', ( #2768, #3707, #384, #387 ) ) ;
#3554 = LINE ( 'NONE', #4672, #4481 ) ;
#3555 = ORIENTED_EDGE ( 'NONE', *, *, #1934, .F. ) ;
#3556 = EDGE_CURVE ( 'NONE', #2953, #2036, #3212, .T. ) ;
#3557 = FILL_AREA_STYLE ('',( #4327 ) ) ;
#3558 = EDGE_LOOP ( 'NONE', ( #2764, #593, #3700, #4056, #1743, #2719, #403, #3983 ) ) ;
#3559 = PLANE ( 'NONE',  #763 ) ;
#3560 = CARTESIAN_POINT ( 'NONE',  ( 25.28000000000000469, 10.10000000000000142, 4.349999999999998757 ) ) ;
#3561 = ORIENTED_EDGE ( 'NONE', *, *, #4415, .F. ) ;
#3562 = ORIENTED_EDGE ( 'NONE', *, *, #4142, .F. ) ;
#3563 = VECTOR ( 'NONE', #4268, 1000.000000000000000 ) ;
#3564 = PLANE ( 'NONE',  #2960 ) ;
#3565 =( GEOMETRIC_REPRESENTATION_CONTEXT ( 3 ) GLOBAL_UNCERTAINTY_ASSIGNED_CONTEXT ( ( #3386 ) ) GLOBAL_UNIT_ASSIGNED_CONTEXT ( ( #4117, #4811, #1068 ) ) REPRESENTATION_CONTEXT ( 'NONE', 'WORKASPACE' ) );
#3566 = CARTESIAN_POINT ( 'NONE',  ( 22.98000000000000753, 11.60000000000000142, 0.000000000000000000 ) ) ;
#3567 = DIRECTION ( 'NONE',  ( 0.000000000000000000, 1.000000000000000000, 0.000000000000000000 ) ) ;
#3568 = ORIENTED_EDGE ( 'NONE', *, *, #2961, .F. ) ;
#3569 = CARTESIAN_POINT ( 'NONE',  ( -27.01205080756887966, 9.600000000000001421, 2.250000000000002665 ) ) ;
#3570 = DIRECTION ( 'NONE',  ( 0.000000000000000000, 1.000000000000000000, 0.000000000000000000 ) ) ;
#3571 = EDGE_CURVE ( 'NONE', #1103, #2673, #909, .T. ) ;
#3572 = DIRECTION ( 'NONE',  ( -0.000000000000000000, -1.000000000000000000, -0.000000000000000000 ) ) ;
#3573 = FACE_BOUND ( 'NONE', #1134, .T. ) ;
#3574 = EDGE_LOOP ( 'NONE', ( #2418, #840, #3746, #2536 ) ) ;
#3575 = CARTESIAN_POINT ( 'NONE',  ( 17.07999999999999829, 1.600000000000000089, 9.099999999999997868 ) ) ;
#3576 = VECTOR ( 'NONE', #1715, 1000.000000000000114 ) ;
#3577 = ORIENTED_EDGE ( 'NONE', *, *, #1338, .F. ) ;
#3578 = VECTOR ( 'NONE', #1800, 1000.000000000000000 ) ;
#3579 = CARTESIAN_POINT ( 'NONE',  ( -25.32999999999999829, -2.500000000000000000, -1.349999999999996980 ) ) ;
#3580 = ORIENTED_EDGE ( 'NONE', *, *, #3290, .T. ) ;
#3581 = CLOSED_SHELL ( 'NONE', ( #4748, #2809, #493, #1537 ) ) ;
#3582 = PLANE ( 'NONE',  #3960 ) ;
#3583 = FACE_OUTER_BOUND ( 'NONE', #4646, .T. ) ;
#3584 = ORIENTED_EDGE ( 'NONE', *, *, #2761, .F. ) ;
#3585 = VECTOR ( 'NONE', #2866, 1000.000000000000000 ) ;
#3586 = EDGE_LOOP ( 'NONE', ( #4091, #3304, #1758, #2279 ) ) ;
#3587 = FACE_OUTER_BOUND ( 'NONE', #4259, .T. ) ;
#3588 = ADVANCED_FACE ( 'NONE', ( #934 ), #1980, .T. ) ;
#3589 = DIRECTION ( 'NONE',  ( 0.000000000000000000, 0.000000000000000000, 1.000000000000000000 ) ) ;
#3590 = EDGE_CURVE ( 'NONE', #106, #4890, #469, .T. ) ;
#3591 = CARTESIAN_POINT ( 'NONE',  ( 1.094999999999999973, 11.50000000000000000, -2.800000000000000266 ) ) ;
#3592 = EDGE_CURVE ( 'NONE', #1227, #1441, #2422, .T. ) ;
#3593 = ORIENTED_EDGE ( 'NONE', *, *, #680, .T. ) ;
#3594 = CARTESIAN_POINT ( 'NONE',  ( 25.97999999999999687, 7.799999999999998934, -0.2000000000000005107 ) ) ;
#3595 = FACE_BOUND ( 'NONE', #1067, .T. ) ;
#3596 = CARTESIAN_POINT ( 'NONE',  ( 12.24500000000000277, 8.000000000000000000, 1.199999999999998845 ) ) ;
#3597 = LINE ( 'NONE', #1395, #1391 ) ;
#3598 = ORIENTED_EDGE ( 'NONE', *, *, #1494, .F. ) ;
#3599 = CLOSED_SHELL ( 'NONE', ( #1446, #2280, #3620, #2075, #4624, #3227, #1021, #2450 ) ) ;
#3600 = VERTEX_POINT ( 'NONE', #2444 ) ;
#3601 = CARTESIAN_POINT ( 'NONE',  ( 25.97999999999999687, 2.700000000000000178, -4.400000000000000355 ) ) ;
#3602 = VECTOR ( 'NONE', #581, 1000.000000000000000 ) ;
#3603 = ORIENTED_EDGE ( 'NONE', *, *, #2355, .T. ) ;
#3604 = CARTESIAN_POINT ( 'NONE',  ( 25.32999999999999829, 0.000000000000000000, -2.599999999999998312 ) ) ;
#3605 = ORIENTED_EDGE ( 'NONE', *, *, #4724, .T. ) ;
#3606 = CYLINDRICAL_SURFACE ( 'NONE', #2297, 1.250000000000001110 ) ;
#3607 = ADVANCED_FACE ( 'NONE', ( #3583 ), #3112, .F. ) ;
#3608 = CARTESIAN_POINT ( 'NONE',  ( -25.28000000000000114, 9.600000000000001421, 2.500000000000002665 ) ) ;
#3609 = CIRCLE ( 'NONE', #2426, 1.250000000000001110 ) ;
#3610 = CIRCLE ( 'NONE', #2895, 1.750000000000000000 ) ;
#3611 = ORIENTED_EDGE ( 'NONE', *, *, #3592, .F. ) ;
#3612 = VERTEX_POINT ( 'NONE', #492 ) ;
#3613 = DIRECTION ( 'NONE',  ( 0.000000000000000000, 0.000000000000000000, -1.000000000000000000 ) ) ;
#3614 = EDGE_CURVE ( 'NONE', #358, #2059, #861, .T. ) ;
#3615 = LINE ( 'NONE', #994, #3987 ) ;
#3616 = EDGE_CURVE ( 'NONE', #4569, #910, #2871, .T. ) ;
#3617 = PLANE ( 'NONE',  #793 ) ;
#3618 = ORIENTED_EDGE ( 'NONE', *, *, #3854, .F. ) ;
#3619 = DIRECTION ( 'NONE',  ( -1.000000000000000000, 0.000000000000000000, 0.000000000000000000 ) ) ;
#3620 = ADVANCED_FACE ( 'NONE', ( #123 ), #2400, .T. ) ;
#3621 = EDGE_CURVE ( 'NONE', #859, #1953, #663, .T. ) ;
#3622 = FACE_OUTER_BOUND ( 'NONE', #2133, .T. ) ;
#3623 = LINE ( 'NONE', #4364, #1260 ) ;
#3624 = CARTESIAN_POINT ( 'NONE',  ( -27.07999999999999829, 1.600000000000000089, 8.599999999999997868 ) ) ;
#3625 = VERTEX_POINT ( 'NONE', #150 ) ;
#3626 = VERTEX_POINT ( 'NONE', #2056 ) ;
#3627 = CARTESIAN_POINT ( 'NONE',  ( 0.000000000000000000, 11.60000000000000142, 0.000000000000000000 ) ) ;
#3628 = LINE ( 'NONE', #636, #2552 ) ;
#3629 = DIRECTION ( 'NONE',  ( -0.000000000000000000, -1.000000000000000000, -0.000000000000000000 ) ) ;
#3630 = ORIENTED_EDGE ( 'NONE', *, *, #2813, .T. ) ;
#3631 = FACE_OUTER_BOUND ( 'NONE', #2151, .T. ) ;
#3632 = PLANE ( 'NONE',  #2634 ) ;
#3633 = LINE ( 'NONE', #1754, #4219 ) ;
#3634 = EDGE_LOOP ( 'NONE', ( #323, #3882, #1204, #4110 ) ) ;
#3635 = AXIS2_PLACEMENT_3D ( 'NONE', #653, #3225, #924 ) ;
#3636 = ORIENTED_EDGE ( 'NONE', *, *, #2749, .T. ) ;
#3637 = EDGE_CURVE ( 'NONE', #1500, #4074, #583, .T. ) ;
#3638 = ORIENTED_EDGE ( 'NONE', *, *, #2832, .F. ) ;
#3639 = EDGE_CURVE ( 'NONE', #3318, #2863, #3344, .T. ) ;
#3640 = CARTESIAN_POINT ( 'NONE',  ( -25.28000000000000114, 9.600000000000001421, -2.500000000000002665 ) ) ;
#3641 = LINE ( 'NONE', #2064, #2454 ) ;
#3642 = ORIENTED_EDGE ( 'NONE', *, *, #4192, .F. ) ;
#3643 = CARTESIAN_POINT ( 'NONE',  ( -1.830000000000000071, 1.700000000000000178, 4.999999999999998224 ) ) ;
#3644 = CARTESIAN_POINT ( 'NONE',  ( -17.07999999999999829, 0.000000000000000000, -7.599999999999996980 ) ) ;
#3645 = ORIENTED_EDGE ( 'NONE', *, *, #3709, .F. ) ;
#3646 = CARTESIAN_POINT ( 'NONE',  ( 27.01205080756888322, 10.10000000000000142, -2.650000000000000799 ) ) ;
#3647 = ORIENTED_EDGE ( 'NONE', *, *, #4046, .F. ) ;
#3648 = EDGE_CURVE ( 'NONE', #4031, #765, #4862, .T. ) ;
#3649 = PLANE ( 'NONE',  #1237 ) ;
#3650 = CARTESIAN_POINT ( 'NONE',  ( -28.58000000000000185, 0.000000000000000000, -10.10000000000000142 ) ) ;
#3651 = EDGE_CURVE ( 'NONE', #1103, #3920, #4235, .T. ) ;
#3652 = DIRECTION ( 'NONE',  ( -0.000000000000000000, 1.000000000000000000, -0.000000000000000000 ) ) ;
#3653 = EDGE_LOOP ( 'NONE', ( #1419, #4419, #2786, #960 ) ) ;
#3654 = CARTESIAN_POINT ( 'NONE',  ( -25.32999999999999829, -2.500000000000000000, 2.599999999999998312 ) ) ;
#3655 = EDGE_CURVE ( 'NONE', #3236, #4494, #4831, .T. ) ;
#3656 = FACE_OUTER_BOUND ( 'NONE', #2822, .T. ) ;
#3657 = VERTEX_POINT ( 'NONE', #691 ) ;
#3658 = ORIENTED_EDGE ( 'NONE', *, *, #3431, .F. ) ;
#3659 = VECTOR ( 'NONE', #3489, 1000.000000000000000 ) ;
#3660 = ORIENTED_EDGE ( 'NONE', *, *, #2429, .T. ) ;
#3661 = AXIS2_PLACEMENT_3D ( 'NONE', #4113, #758, #1948 ) ;
#3662 = CARTESIAN_POINT ( 'NONE',  ( -28.58000000000000185, 11.60000000000000142, -5.000000000000001776 ) ) ;
#3663 = VECTOR ( 'NONE', #3407, 1000.000000000000000 ) ;
#3664 = DIRECTION ( 'NONE',  ( 1.000000000000000000, 0.000000000000000000, -2.503857664561930404E-16 ) ) ;
#3665 = ADVANCED_FACE ( 'NONE', ( #2545 ), #3985, .F. ) ;
#3666 = ORIENTED_EDGE ( 'NONE', *, *, #1170, .T. ) ;
#3667 = VECTOR ( 'NONE', #792, 1000.000000000000000 ) ;
#3668 = FACE_BOUND ( 'NONE', #1400, .T. ) ;
#3669 = CYLINDRICAL_SURFACE ( 'NONE', #3714, 0.4999999999999987232 ) ;
#3670 = ADVANCED_FACE ( 'NONE', ( #1432 ), #1408, .F. ) ;
#3671 = CARTESIAN_POINT ( 'NONE',  ( 11.67000000000000348, 6.500000000000000000, -2.300000000000001599 ) ) ;
#3672 = VECTOR ( 'NONE', #3629, 1000.000000000000000 ) ;
#3673 = ORIENTED_EDGE ( 'NONE', *, *, #1025, .T. ) ;
#3674 = VERTEX_POINT ( 'NONE', #1727 ) ;
#3675 = DIRECTION ( 'NONE',  ( 0.000000000000000000, 0.000000000000000000, -1.000000000000000000 ) ) ;
#3676 = CARTESIAN_POINT ( 'NONE',  ( -27.07999999999999829, 0.000000000000000000, 8.599999999999997868 ) ) ;
#3677 = FACE_OUTER_BOUND ( 'NONE', #1005, .T. ) ;
#3678 = ORIENTED_EDGE ( 'NONE', *, *, #1994, .F. ) ;
#3679 = LINE ( 'NONE', #1375, #2684 ) ;
#3680 = CARTESIAN_POINT ( 'NONE',  ( -27.58000000000000185, 11.60000000000000142, -5.000000000000002665 ) ) ;
#3681 = VECTOR ( 'NONE', #1769, 1000.000000000000000 ) ;
#3682 = CARTESIAN_POINT ( 'NONE',  ( 27.08000000000000185, 10.10000000000000142, -0.1500000000000014655 ) ) ;
#3683 = ORIENTED_EDGE ( 'NONE', *, *, #525, .F. ) ;
#3684 = VERTEX_POINT ( 'NONE', #4448 ) ;
#3685 = FACE_OUTER_BOUND ( 'NONE', #1456, .T. ) ;
#3686 = EDGE_CURVE ( 'NONE', #1410, #1851, #245, .T. ) ;
#3687 = ORIENTED_EDGE ( 'NONE', *, *, #773, .T. ) ;
#3688 = AXIS2_PLACEMENT_3D ( 'NONE', #4080, #3200, #330 ) ;
#3689 = VECTOR ( 'NONE', #2417, 1000.000000000000000 ) ;
#3690 = PLANE ( 'NONE',  #669 ) ;
#3691 = ADVANCED_FACE ( 'NONE', ( #3656 ), #2173, .F. ) ;
#3692 = EDGE_CURVE ( 'NONE', #1227, #3780, #3706, .T. ) ;
#3693 = COLOUR_RGB ( '',0.7529411764705882248, 0.7529411764705882248, 0.7529411764705882248 ) ;
#3694 = VECTOR ( 'NONE', #4272, 1000.000000000000000 ) ;
#3695 = CARTESIAN_POINT ( 'NONE',  ( -2.929999999999999272, 12.62999999999999901, 8.199999999999997513 ) ) ;
#3696 = CARTESIAN_POINT ( 'NONE',  ( 25.32999999999999829, -2.500000000000000000, -2.599999999999998312 ) ) ;
#3698 = ORIENTED_EDGE ( 'NONE', *, *, #2746, .T. ) ;
#3697 = PRESENTATION_LAYER_ASSIGNMENT (  '', '', ( #1962 ) ) ;
#3699 = CARTESIAN_POINT ( 'NONE',  ( 27.01205080756888322, 9.600000000000001421, -2.150000000000001688 ) ) ;
#3700 = ORIENTED_EDGE ( 'NONE', *, *, #1263, .F. ) ;
#3701 = EDGE_LOOP ( 'NONE', ( #3642, #1527, #1942 ) ) ;
#3702 = PLANE ( 'NONE',  #213 ) ;
#3703 = LINE ( 'NONE', #707, #3815 ) ;
#3704 = CARTESIAN_POINT ( 'NONE',  ( -28.58099999999999952, 8.000000000000000000, -0.3000000000000016542 ) ) ;
#3705 = DIRECTION ( 'NONE',  ( 1.000000000000000000, 0.000000000000000000, 0.000000000000000000 ) ) ;
#3706 = LINE ( 'NONE', #4352, #3023 ) ;
#3707 = ORIENTED_EDGE ( 'NONE', *, *, #1712, .F. ) ;
#3708 = ORIENTED_EDGE ( 'NONE', *, *, #4865, .F. ) ;
#3709 = EDGE_CURVE ( 'NONE', #2965, #3835, #591, .T. ) ;
#3710 = DIRECTION ( 'NONE',  ( 1.141265444721583757E-16, -0.000000000000000000, 1.000000000000000000 ) ) ;
#3711 = ORIENTED_EDGE ( 'NONE', *, *, #809, .F. ) ;
#3712 = CARTESIAN_POINT ( 'NONE',  ( 27.01205080756888322, 9.600000000000001421, 2.349999999999998757 ) ) ;
#3713 = EDGE_CURVE ( 'NONE', #3282, #3753, #4037, .T. ) ;
#3714 = AXIS2_PLACEMENT_3D ( 'NONE', #4743, #3945, #972 ) ;
#3715 = SURFACE_STYLE_FILL_AREA ( #4436 ) ;
#3716 = VECTOR ( 'NONE', #1726, 1000.000000000000000 ) ;
#3717 = DIRECTION ( 'NONE',  ( -0.000000000000000000, 1.000000000000000000, -0.000000000000000000 ) ) ;
#3718 = CARTESIAN_POINT ( 'NONE',  ( -2.929999999999999272, 12.62999999999999901, 8.199999999999997513 ) ) ;
#3719 = EDGE_LOOP ( 'NONE', ( #1677, #2273 ) ) ;
#3720 = ORIENTED_EDGE ( 'NONE', *, *, #3655, .T. ) ;
#3721 = DIRECTION ( 'NONE',  ( 1.000000000000000000, 0.000000000000000000, 0.000000000000000000 ) ) ;
#3722 = EDGE_CURVE ( 'NONE', #2999, #2963, #1065, .T. ) ;
#3723 = CARTESIAN_POINT ( 'NONE',  ( 25.97999999999999687, 2.700000000000000178, -4.400000000000000355 ) ) ;
#3724 = LINE ( 'NONE', #1610, #2445 ) ;
#3725 = DIRECTION ( 'NONE',  ( 0.000000000000000000, -0.000000000000000000, -1.000000000000000000 ) ) ;
#3726 = ORIENTED_EDGE ( 'NONE', *, *, #867, .F. ) ;
#3727 = CARTESIAN_POINT ( 'NONE',  ( -25.28000000000000114, 10.10000000000000142, -2.500000000000002665 ) ) ;
#3728 = EDGE_LOOP ( 'NONE', ( #3636, #1052, #3249, #4463 ) ) ;
#3729 = DIRECTION ( 'NONE',  ( 0.000000000000000000, 1.000000000000000000, -0.000000000000000000 ) ) ;
#3730 = ORIENTED_EDGE ( 'NONE', *, *, #3016, .F. ) ;
#3731 = EDGE_LOOP ( 'NONE', ( #4393, #3445, #3786 ) ) ;
#3732 = FACE_OUTER_BOUND ( 'NONE', #2978, .T. ) ;
#3733 = EDGE_CURVE ( 'NONE', #4256, #4875, #3260, .T. ) ;
#3734 = EDGE_LOOP ( 'NONE', ( #2027, #932, #626, #3110 ) ) ;
#3735 = AXIS2_PLACEMENT_3D ( 'NONE', #1399, #2139, #4055 ) ;
#3736 = DIRECTION ( 'NONE',  ( 0.000000000000000000, 1.000000000000000000, -8.716135112138369753E-16 ) ) ;
#3737 = AXIS2_PLACEMENT_3D ( 'NONE', #1196, #4223, #1968 ) ;
#3738 = UNCERTAINTY_MEASURE_WITH_UNIT (LENGTH_MEASURE( 1.000000000000000082E-05 ), #324, 'distance_accuracy_value', 'NONE');
#3739 = CIRCLE ( 'NONE', #1765, 1.750000000000000000 ) ;
#3740 = DIRECTION ( 'NONE',  ( 0.000000000000000000, -1.000000000000000000, 0.000000000000000000 ) ) ;
#3741 = VECTOR ( 'NONE', #1464, 1000.000000000000000 ) ;
#3742 = CARTESIAN_POINT ( 'NONE',  ( 15.78000000000001357, 12.30000000000000071, -5.350000000000001421 ) ) ;
#3743 = EDGE_CURVE ( 'NONE', #4233, #2054, #3823, .T. ) ;
#3744 = CARTESIAN_POINT ( 'NONE',  ( -23.54794919243112261, 9.600000000000001421, -2.750000000000002665 ) ) ;
#3745 = EDGE_LOOP ( 'NONE', ( #4203, #4253, #1332, #1972 ) ) ;
#3746 = ORIENTED_EDGE ( 'NONE', *, *, #371, .F. ) ;
#3747 = ADVANCED_FACE ( 'NONE', ( #221, #4753, #987 ), #1014, .F. ) ;
#3748 = DIRECTION ( 'NONE',  ( 0.000000000000000000, 0.000000000000000000, 1.000000000000000000 ) ) ;
#3749 = AXIS2_PLACEMENT_3D ( 'NONE', #3604, #637, #662 ) ;
#3750 = DIRECTION ( 'NONE',  ( 0.000000000000000000, -2.065146995210484448E-16, 1.000000000000000000 ) ) ;
#3751 = ORIENTED_EDGE ( 'NONE', *, *, #2182, .F. ) ;
#3752 = CARTESIAN_POINT ( 'NONE',  ( -11.33000000000000007, 11.70000000000000107, 9.299999999999997158 ) ) ;
#3753 = VERTEX_POINT ( 'NONE', #1330 ) ;
#3754 = LINE ( 'NONE', #2639, #98 ) ;
#3755 = DIRECTION ( 'NONE',  ( 0.000000000000000000, 0.000000000000000000, 1.000000000000000000 ) ) ;
#3756 = DIRECTION ( 'NONE',  ( 0.000000000000000000, 1.000000000000000000, 0.000000000000000000 ) ) ;
#3757 = ORIENTED_EDGE ( 'NONE', *, *, #4465, .T. ) ;
#3758 = ORIENTED_EDGE ( 'NONE', *, *, #1700, .T. ) ;
#3759 = LINE ( 'NONE', #4595, #2827 ) ;
#3760 = VECTOR ( 'NONE', #3804, 1000.000000000000000 ) ;
#3761 = EDGE_LOOP ( 'NONE', ( #4499, #541, #4102, #1484 ) ) ;
#3762 = CARTESIAN_POINT ( 'NONE',  ( -11.33000000000000007, 11.70000000000000107, 9.299999999999997158 ) ) ;
#3763 = VECTOR ( 'NONE', #1194, 1000.000000000000000 ) ;
#3764 = DIRECTION ( 'NONE',  ( 0.000000000000000000, 1.000000000000000000, -0.000000000000000000 ) ) ;
#3765 = EDGE_CURVE ( 'NONE', #121, #465, #22, .T. ) ;
#3766 = FILL_AREA_STYLE ('',( #1539 ) ) ;
#3767 = AXIS2_PLACEMENT_3D ( 'NONE', #1717, #1344, #4818 ) ;
#3768 = AXIS2_PLACEMENT_3D ( 'NONE', #3627, #3230, #1427 ) ;
#3769 = ADVANCED_FACE ( 'NONE', ( #295 ), #1804, .T. ) ;
#3770 = FACE_OUTER_BOUND ( 'NONE', #4132, .T. ) ;
#3771 = DIRECTION ( 'NONE',  ( -0.000000000000000000, 0.000000000000000000, -1.000000000000000000 ) ) ;
#3772 = ORIENTED_EDGE ( 'NONE', *, *, #4061, .F. ) ;
#3773 = ADVANCED_FACE ( 'NONE', ( #4403 ), #3632, .T. ) ;
#3774 = CARTESIAN_POINT ( 'NONE',  ( 12.24500000000000277, 8.000000000000000000, 5.699999999999998401 ) ) ;
#3775 = CARTESIAN_POINT ( 'NONE',  ( 12.24500000000000277, 11.50000000000000000, -0.3000000000000007661 ) ) ;
#3776 = VERTEX_POINT ( 'NONE', #1549 ) ;
#3777 = LINE ( 'NONE', #379, #1363 ) ;
#3778 = CARTESIAN_POINT ( 'NONE',  ( 1.095000000000001528, 11.50000000000000000, 8.199999999999999289 ) ) ;
#3779 = CARTESIAN_POINT ( 'NONE',  ( 12.24500000000000277, 11.50000000000000000, 8.199999999999999289 ) ) ;
#3780 = VERTEX_POINT ( 'NONE', #4495 ) ;
#3781 = ORIENTED_EDGE ( 'NONE', *, *, #162, .F. ) ;
#3782 = DIRECTION ( 'NONE',  ( 0.000000000000000000, 1.000000000000000000, 2.478176394252582127E-16 ) ) ;
#3783 = ORIENTED_EDGE ( 'NONE', *, *, #4382, .T. ) ;
#3784 = CARTESIAN_POINT ( 'NONE',  ( -27.01205080756887966, 9.600000000000001421, 2.750000000000002665 ) ) ;
#3785 = CARTESIAN_POINT ( 'NONE',  ( 27.01205080756888322, 10.10000000000000142, 2.849999999999997868 ) ) ;
#3786 = ORIENTED_EDGE ( 'NONE', *, *, #2596, .T. ) ;
#3787 = ADVANCED_FACE ( 'NONE', ( #2985 ), #1132, .F. ) ;
#3788 = CARTESIAN_POINT ( 'NONE',  ( 23.54794919243112616, 9.600000000000001421, 2.349999999999998757 ) ) ;
#3789 = VECTOR ( 'NONE', #2776, 1000.000000000000000 ) ;
#3790 = DIRECTION ( 'NONE',  ( 0.000000000000000000, 1.000000000000000000, 0.000000000000000000 ) ) ;
#3791 = PLANE ( 'NONE',  #3339 ) ;
#3792 = DIRECTION ( 'NONE',  ( -1.000000000000000000, 0.000000000000000000, 0.000000000000000000 ) ) ;
#3793 = CARTESIAN_POINT ( 'NONE',  ( -25.98000000000000398, 0.000000000000000000, 0.000000000000000000 ) ) ;
#3794 = VERTEX_POINT ( 'NONE', #1457 ) ;
#3795 = VECTOR ( 'NONE', #2493, 1000.000000000000000 ) ;
#3796 = PLANE ( 'NONE',  #766 ) ;
#3797 = EDGE_CURVE ( 'NONE', #3948, #1258, #3739, .T. ) ;
#3798 = DIRECTION ( 'NONE',  ( 0.000000000000000000, -1.700709290173340409E-16, 1.000000000000000000 ) ) ;
#3799 = PRESENTATION_LAYER_ASSIGNMENT (  '', '', ( #4278 ) ) ;
#3800 = EDGE_CURVE ( 'NONE', #3684, #165, #380, .T. ) ;
#3801 = VERTEX_POINT ( 'NONE', #780 ) ;
#3802 = LINE ( 'NONE', #4880, #4374 ) ;
#3803 = DIRECTION ( 'NONE',  ( -0.000000000000000000, 1.000000000000000000, -0.000000000000000000 ) ) ;
#3804 = DIRECTION ( 'NONE',  ( 0.000000000000000000, 0.000000000000000000, -1.000000000000000000 ) ) ;
#3805 = VERTEX_POINT ( 'NONE', #363 ) ;
#3806 = CARTESIAN_POINT ( 'NONE',  ( -1.829999999999999627, 11.70000000000000107, 9.299999999999997158 ) ) ;
#3807 = ORIENTED_EDGE ( 'NONE', *, *, #1868, .F. ) ;
#3808 = CARTESIAN_POINT ( 'NONE',  ( 20.97999999999999687, 1.700000000000000178, -4.900000000000001243 ) ) ;
#3809 = CARTESIAN_POINT ( 'NONE',  ( 12.24500000000000277, 8.000000000000000000, 5.199999999999999289 ) ) ;
#3810 = DIRECTION ( 'NONE',  ( 0.000000000000000000, 1.000000000000000000, 2.478176394252582127E-16 ) ) ;
#3811 = VERTEX_POINT ( 'NONE', #3356 ) ;
#3812 = LINE ( 'NONE', #2678, #3667 ) ;
#3813 = STYLED_ITEM ( 'NONE', ( #3411 ), #2997 ) ;
#3814 = DIRECTION ( 'NONE',  ( 0.000000000000000000, -1.000000000000000000, 1.275531967630005492E-16 ) ) ;
#3815 = VECTOR ( 'NONE', #4848, 1000.000000000000000 ) ;
#3816 = DIRECTION ( 'NONE',  ( 0.000000000000000000, 1.000000000000000000, 1.275531967630005492E-16 ) ) ;
#3817 = CIRCLE ( 'NONE', #2241, 1.100000000000000311 ) ;
#3818 = DIRECTION ( 'NONE',  ( 0.000000000000000000, 1.000000000000000000, -0.000000000000000000 ) ) ;
#3819 = CARTESIAN_POINT ( 'NONE',  ( 28.57999999999999829, 1.600000000000000089, -10.10000000000000142 ) ) ;
#3820 = CLOSED_SHELL ( 'NONE', ( #4650, #3485, #3588, #4434 ) ) ;
#3821 = EDGE_CURVE ( 'NONE', #4418, #4494, #2599, .T. ) ;
#3822 = ORIENTED_EDGE ( 'NONE', *, *, #922, .F. ) ;
#3823 = CIRCLE ( 'NONE', #4777, 1.750000000000001110 ) ;
#3824 = EDGE_CURVE ( 'NONE', #3753, #904, #4160, .T. ) ;
#3825 = CARTESIAN_POINT ( 'NONE',  ( -25.98000000000000398, 2.700000000000005507, 4.500000000000003553 ) ) ;
#3826 = CARTESIAN_POINT ( 'NONE',  ( 25.97999999999999687, 7.799999999999999822, 4.599999999999997868 ) ) ;
#3827 = DIRECTION ( 'NONE',  ( 0.000000000000000000, 0.000000000000000000, -1.000000000000000000 ) ) ;
#3828 = ADVANCED_FACE ( 'NONE', ( #1178 ), #735, .F. ) ;
#3829 = ORIENTED_EDGE ( 'NONE', *, *, #3502, .T. ) ;
#3830 = LINE ( 'NONE', #4542, #1454 ) ;
#3831 = EDGE_LOOP ( 'NONE', ( #77, #4561, #1557, #927 ) ) ;
#3832 = PLANE ( 'NONE',  #3184 ) ;
#3833 = CIRCLE ( 'NONE', #278, 1.500000000000001332 ) ;
#3834 = DIRECTION ( 'NONE',  ( 0.000000000000000000, -1.000000000000000000, 0.000000000000000000 ) ) ;
#3835 = VERTEX_POINT ( 'NONE', #33 ) ;
#3836 = PLANE ( 'NONE',  #2404 ) ;
#3837 = DIRECTION ( 'NONE',  ( 0.000000000000000000, 1.000000000000000000, -0.000000000000000000 ) ) ;
#3838 = ORIENTED_EDGE ( 'NONE', *, *, #402, .F. ) ;
#3839 = DIRECTION ( 'NONE',  ( -1.000000000000000000, -0.000000000000000000, -0.000000000000000000 ) ) ;
#3840 = CLOSED_SHELL ( 'NONE', ( #3769, #807, #1479, #2628, #112, #2097, #2298, #579, #2560, #1683, #4667, #1859, #4267, #2492, #4654, #561, #700, #658, #4147, #261, #4412, #939, #3842, #4119, #2973, #1386, #1145, #2600, #2069, #2563 ) ) ;
#3841 = EDGE_CURVE ( 'NONE', #2673, #3221, #3802, .T. ) ;
#3842 = ADVANCED_FACE ( 'NONE', ( #341 ), #804, .T. ) ;
#3843 = CARTESIAN_POINT ( 'NONE',  ( 25.28000000000000469, 9.600000000000001421, -2.400000000000001688 ) ) ;
#3844 = AXIS2_PLACEMENT_3D ( 'NONE', #2261, #4486, #2235 ) ;
#3845 = DIRECTION ( 'NONE',  ( -0.000000000000000000, 1.000000000000000000, -0.000000000000000000 ) ) ;
#3846 = LINE ( 'NONE', #1614, #4006 ) ;
#3847 = VERTEX_POINT ( 'NONE', #712 ) ;
#3848 = CARTESIAN_POINT ( 'NONE',  ( -25.98000000000000398, 7.799999999999999822, 0.2999999999999973244 ) ) ;
#3849 = VECTOR ( 'NONE', #846, 1000.000000000000000 ) ;
#3850 = VECTOR ( 'NONE', #166, 1000.000000000000000 ) ;
#3851 = DIRECTION ( 'NONE',  ( -1.000000000000000000, -0.000000000000000000, -0.000000000000000000 ) ) ;
#3852 = CARTESIAN_POINT ( 'NONE',  ( -3.510686175080518723, 12.62999999999999901, 9.134239565673789585 ) ) ;
#3853 = DIRECTION ( 'NONE',  ( -0.000000000000000000, -1.000000000000000000, -0.000000000000000000 ) ) ;
#3854 = EDGE_CURVE ( 'NONE', #3196, #454, #4855, .T. ) ;
#3855 = ORIENTED_EDGE ( 'NONE', *, *, #1170, .F. ) ;
#3856 = DIRECTION ( 'NONE',  ( 0.000000000000000000, 0.000000000000000000, 1.000000000000000000 ) ) ;
#3857 = VERTEX_POINT ( 'NONE', #3378 ) ;
#3858 = EDGE_LOOP ( 'NONE', ( #582, #4751, #3055, #4188 ) ) ;
#3859 = CIRCLE ( 'NONE', #2193, 0.4999999999999987232 ) ;
#3860 = CARTESIAN_POINT ( 'NONE',  ( 12.24500000000000277, 11.50000000000000000, 1.699999999999999289 ) ) ;
#3861 = ORIENTED_EDGE ( 'NONE', *, *, #3209, .T. ) ;
#3862 = FACE_OUTER_BOUND ( 'NONE', #1212, .T. ) ;
#3863 = DIRECTION ( 'NONE',  ( 0.000000000000000000, 1.000000000000000000, 0.000000000000000000 ) ) ;
#3864 = DIRECTION ( 'NONE',  ( 0.000000000000000000, 2.478176394252582127E-16, -1.000000000000000000 ) ) ;
#3865 = VERTEX_POINT ( 'NONE', #1899 ) ;
#3866 = VECTOR ( 'NONE', #2068, 1000.000000000000227 ) ;
#3867 = CARTESIAN_POINT ( 'NONE',  ( 28.57999999999999829, 0.000000000000000000, -10.10000000000000142 ) ) ;
#3868 = CARTESIAN_POINT ( 'NONE',  ( 27.07999999999999829, 1.600000000000000089, -9.099999999999997868 ) ) ;
#3869 = CARTESIAN_POINT ( 'NONE',  ( -28.58000000000000185, 7.799999999999999822, -0.3000000000000016542 ) ) ;
#3870 = EDGE_CURVE ( 'NONE', #1383, #2949, #420, .T. ) ;
#3871 = DIRECTION ( 'NONE',  ( 0.000000000000000000, -1.000000000000000000, 0.000000000000000000 ) ) ;
#3872 = CARTESIAN_POINT ( 'NONE',  ( -25.28000000000000114, 10.10000000000000142, 2.500000000000002665 ) ) ;
#3873 = ORIENTED_EDGE ( 'NONE', *, *, #1023, .T. ) ;
#3874 = LINE ( 'NONE', #482, #1282 ) ;
#3875 = VECTOR ( 'NONE', #3572, 1000.000000000000000 ) ;
#3876 = DIRECTION ( 'NONE',  ( -0.000000000000000000, 1.000000000000000000, -0.000000000000000000 ) ) ;
#3877 = CARTESIAN_POINT ( 'NONE',  ( 15.78000000000001357, 12.30000000000000071, -9.350000000000001421 ) ) ;
#3878 = DIRECTION ( 'NONE',  ( 0.000000000000000000, -0.000000000000000000, 1.000000000000000000 ) ) ;
#3879 = VECTOR ( 'NONE', #2339, 1000.000000000000000 ) ;
#3880 = ORIENTED_EDGE ( 'NONE', *, *, #3453, .F. ) ;
#3881 = DIRECTION ( 'NONE',  ( -0.000000000000000000, 1.000000000000000000, -0.000000000000000000 ) ) ;
#3882 = ORIENTED_EDGE ( 'NONE', *, *, #2797, .F. ) ;
#3883 = ORIENTED_EDGE ( 'NONE', *, *, #1985, .T. ) ;
#3884 = LINE ( 'NONE', #4386, #2469 ) ;
#3885 = CARTESIAN_POINT ( 'NONE',  ( 12.24500000000000277, 11.50000000000000000, 8.199999999999999289 ) ) ;
#3886 = ORIENTED_EDGE ( 'NONE', *, *, #2657, .T. ) ;
#3887 = LINE ( 'NONE', #1583, #527 ) ;
#3888 = DIRECTION ( 'NONE',  ( 0.000000000000000000, 0.000000000000000000, 1.000000000000000000 ) ) ;
#3889 = DIRECTION ( 'NONE',  ( 0.000000000000000000, 0.000000000000000000, -1.000000000000000000 ) ) ;
#3890 = VERTEX_POINT ( 'NONE', #2319 ) ;
#3891 = EDGE_CURVE ( 'NONE', #433, #1702, #4516, .T. ) ;
#3892 = DIRECTION ( 'NONE',  ( 0.000000000000000000, 1.000000000000000000, 0.000000000000000000 ) ) ;
#3893 = DIRECTION ( 'NONE',  ( 0.000000000000000000, 0.000000000000000000, -1.000000000000000000 ) ) ;
#3894 = CARTESIAN_POINT ( 'NONE',  ( 25.97999999999999687, 2.700000000000000178, 4.599999999999996980 ) ) ;
#3895 = CARTESIAN_POINT ( 'NONE',  ( 0.000000000000000000, 11.50000000000000000, 0.000000000000000000 ) ) ;
#3896 = CIRCLE ( 'NONE', #4521, 1.750000000000001110 ) ;
#3897 = VERTEX_POINT ( 'NONE', #1879 ) ;
#3898 = LINE ( 'NONE', #2434, #2472 ) ;
#3899 = MECHANICAL_DESIGN_GEOMETRIC_PRESENTATION_REPRESENTATION (  '', ( #100 ), #1130 ) ;
#3900 = DIRECTION ( 'NONE',  ( 1.000000000000000000, 0.000000000000000000, -0.000000000000000000 ) ) ;
#3901 = LINE ( 'NONE', #896, #74 ) ;
#3902 = FACE_OUTER_BOUND ( 'NONE', #495, .T. ) ;
#3903 = VECTOR ( 'NONE', #10, 1000.000000000000000 ) ;
#3904 = EDGE_LOOP ( 'NONE', ( #2416, #854, #28, #3160 ) ) ;
#3905 = EDGE_CURVE ( 'NONE', #1368, #1976, #4897, .T. ) ;
#3906 = DIRECTION ( 'NONE',  ( 0.000000000000000000, 1.000000000000000000, 0.000000000000000000 ) ) ;
#3907 = VERTEX_POINT ( 'NONE', #1501 ) ;
#3908 = VECTOR ( 'NONE', #388, 1000.000000000000000 ) ;
#3909 = DIRECTION ( 'NONE',  ( -0.000000000000000000, 1.000000000000000000, -0.000000000000000000 ) ) ;
#3910 = VERTEX_POINT ( 'NONE', #2640 ) ;
#3911 = PLANE ( 'NONE',  #448 ) ;
#3912 = CARTESIAN_POINT ( 'NONE',  ( 25.32999999999999829, 0.000000000000000000, 2.599999999999998312 ) ) ;
#3913 = ORIENTED_EDGE ( 'NONE', *, *, #4022, .F. ) ;
#3914 = CARTESIAN_POINT ( 'NONE',  ( -25.98000000000000398, 7.799999999999999822, -4.500000000000002665 ) ) ;
#3915 = VECTOR ( 'NONE', #4874, 1000.000000000000000 ) ;
#3916 = DIRECTION ( 'NONE',  ( 0.000000000000000000, 0.000000000000000000, -1.000000000000000000 ) ) ;
#3917 = PLANE ( 'NONE',  #2346 ) ;
#3918 = LINE ( 'NONE', #1241, #998 ) ;
#3919 = VECTOR ( 'NONE', #4628, 1000.000000000000000 ) ;
#3920 = VERTEX_POINT ( 'NONE', #1524 ) ;
#3921 = DIRECTION ( 'NONE',  ( -0.000000000000000000, 1.000000000000000000, -0.000000000000000000 ) ) ;
#3922 = EDGE_CURVE ( 'NONE', #2349, #3534, #3830, .T. ) ;
#3923 = CARTESIAN_POINT ( 'NONE',  ( 24.96399999999999864, 19.44800000000001106, -10.10000000000000142 ) ) ;
#3924 = CARTESIAN_POINT ( 'NONE',  ( 20.97999999999999687, 1.700000000000000178, -4.900000000000001243 ) ) ;
#3925 = LINE ( 'NONE', #1997, #1778 ) ;
#3926 = VECTOR ( 'NONE', #860, 1000.000000000000000 ) ;
#3927 = ORIENTED_EDGE ( 'NONE', *, *, #3951, .T. ) ;
#3928 = LINE ( 'NONE', #539, #3367 ) ;
#3929 = VERTEX_POINT ( 'NONE', #4184 ) ;
#3930 = AXIS2_PLACEMENT_3D ( 'NONE', #254, #601, #1766 ) ;
#3931 = CIRCLE ( 'NONE', #2427, 0.4999999999999987232 ) ;
#3932 = CARTESIAN_POINT ( 'NONE',  ( -28.58099999999999952, 11.50000000000000000, 3.699999999999999289 ) ) ;
#3933 = ORIENTED_EDGE ( 'NONE', *, *, #3951, .F. ) ;
#3934 = CARTESIAN_POINT ( 'NONE',  ( -27.07999999999999829, 1.600000000000000089, 9.099999999999997868 ) ) ;
#3935 = CARTESIAN_POINT ( 'NONE',  ( -15.78000000000000291, 12.30000000000000071, 1.599999999999997202 ) ) ;
#3936 = VECTOR ( 'NONE', #1650, 1000.000000000000000 ) ;
#3937 = EDGE_LOOP ( 'NONE', ( #2318, #2845 ) ) ;
#3938 = PLANE ( 'NONE',  #4079 ) ;
#3939 = DIRECTION ( 'NONE',  ( 0.000000000000000000, 0.000000000000000000, -1.000000000000000000 ) ) ;
#3940 = EDGE_CURVE ( 'NONE', #765, #4031, #916, .T. ) ;
#3941 = CARTESIAN_POINT ( 'NONE',  ( 25.97999999999999687, 7.799999999999999822, -4.400000000000001243 ) ) ;
#3942 = ORIENTED_EDGE ( 'NONE', *, *, #1121, .T. ) ;
#3943 = DIRECTION ( 'NONE',  ( 0.000000000000000000, -1.000000000000000000, 8.716135112138369753E-16 ) ) ;
#3944 =( LENGTH_UNIT ( ) NAMED_UNIT ( * ) SI_UNIT ( .MILLI., .METRE. ) );
#3945 = DIRECTION ( 'NONE',  ( -0.000000000000000000, -1.000000000000000000, -0.000000000000000000 ) ) ;
#3946 = LINE ( 'NONE', #536, #4539 ) ;
#3947 = VECTOR ( 'NONE', #430, 1000.000000000000000 ) ;
#3948 = VERTEX_POINT ( 'NONE', #487 ) ;
#3949 = DIRECTION ( 'NONE',  ( -1.000000000000000000, -0.000000000000000000, 1.141265444721583757E-16 ) ) ;
#3950 = ORIENTED_EDGE ( 'NONE', *, *, #1197, .F. ) ;
#3951 = EDGE_CURVE ( 'NONE', #4875, #4715, #2035, .T. ) ;
#3952 = DIRECTION ( 'NONE',  ( -0.000000000000000000, -1.000000000000000000, -0.000000000000000000 ) ) ;
#3953 = EDGE_CURVE ( 'NONE', #4280, #2937, #3554, .T. ) ;
#3954 = ORIENTED_EDGE ( 'NONE', *, *, #1154, .F. ) ;
#3955 = DIRECTION ( 'NONE',  ( 0.000000000000000000, -1.000000000000000000, 0.000000000000000000 ) ) ;
#3956 = CARTESIAN_POINT ( 'NONE',  ( 25.32999999999999829, -2.500000000000000000, 2.599999999999998312 ) ) ;
#3957 = EDGE_CURVE ( 'NONE', #1493, #1770, #4276, .T. ) ;
#3958 = EDGE_LOOP ( 'NONE', ( #2823, #821, #3561, #2464 ) ) ;
#3959 = ORIENTED_EDGE ( 'NONE', *, *, #4029, .F. ) ;
#3960 = AXIS2_PLACEMENT_3D ( 'NONE', #2889, #2934, #1699 ) ;
#3961 = ADVANCED_FACE ( 'NONE', ( #2049 ), #1623, .T. ) ;
#3962 = DIRECTION ( 'NONE',  ( -1.000000000000000000, -0.000000000000000000, -0.000000000000000000 ) ) ;
#3963 = CARTESIAN_POINT ( 'NONE',  ( -28.58000000000000185, 11.60000000000000142, -5.000000000000001776 ) ) ;
#3964 = CARTESIAN_POINT ( 'NONE',  ( 12.24500000000000277, 8.000000000000000000, 7.199999999999999289 ) ) ;
#3965 = FACE_OUTER_BOUND ( 'NONE', #1926, .T. ) ;
#3966 = ORIENTED_EDGE ( 'NONE', *, *, #2565, .T. ) ;
#3967 = CARTESIAN_POINT ( 'NONE',  ( -27.07999999999999829, 1.600000000000000089, -9.099999999999997868 ) ) ;
#3968 = FACE_BOUND ( 'NONE', #3937, .T. ) ;
#3969 = CARTESIAN_POINT ( 'NONE',  ( 25.28000000000000469, 10.10000000000000142, -2.400000000000001688 ) ) ;
#3970 = EDGE_CURVE ( 'NONE', #3011, #91, #1203, .T. ) ;
#3971 = LINE ( 'NONE', #630, #3602 ) ;
#3972 = AXIS2_PLACEMENT_3D ( 'NONE', #1108, #729, #391 ) ;
#3973 = VERTEX_POINT ( 'NONE', #462 ) ;
#3974 = ORIENTED_EDGE ( 'NONE', *, *, #2016, .T. ) ;
#3975 = LINE ( 'NONE', #1799, #2264 ) ;
#3976 = AXIS2_PLACEMENT_3D ( 'NONE', #720, #676, #2183 ) ;
#3977 = ADVANCED_FACE ( 'NONE', ( #3130 ), #1974, .F. ) ;
#3978 = ORIENTED_EDGE ( 'NONE', *, *, #1597, .F. ) ;
#3979 = ADVANCED_FACE ( 'NONE', ( #1599 ), #2000, .F. ) ;
#3980 = VECTOR ( 'NONE', #3314, 1000.000000000000227 ) ;
#3981 = DIRECTION ( 'NONE',  ( 0.000000000000000000, 0.000000000000000000, -1.000000000000000000 ) ) ;
#3982 = AXIS2_PLACEMENT_3D ( 'NONE', #3912, #520, #4678 ) ;
#3983 = ORIENTED_EDGE ( 'NONE', *, *, #1530, .T. ) ;
#3984 = DIRECTION ( 'NONE',  ( 0.000000000000000000, -1.000000000000000000, 0.000000000000000000 ) ) ;
#3985 = PLANE ( 'NONE',  #4075 ) ;
#3986 = ORIENTED_EDGE ( 'NONE', *, *, #627, .F. ) ;
#3987 = VECTOR ( 'NONE', #3319, 1000.000000000000000 ) ;
#3988 = ORIENTED_EDGE ( 'NONE', *, *, #3543, .T. ) ;
#3989 = EDGE_CURVE ( 'NONE', #4637, #1772, #4619, .T. ) ;
#3990 = DIRECTION ( 'NONE',  ( -0.000000000000000000, 1.000000000000000000, -0.000000000000000000 ) ) ;
#3991 = EDGE_CURVE ( 'NONE', #1816, #4114, #606, .T. ) ;
#3992 = FACE_OUTER_BOUND ( 'NONE', #2867, .T. ) ;
#3993 = CIRCLE ( 'NONE', #3749, 1.250000000000001110 ) ;
#3994 = PRESENTATION_STYLE_ASSIGNMENT (( #2850 ) ) ;
#3995 = DIRECTION ( 'NONE',  ( -0.000000000000000000, 1.000000000000000000, -1.190496503121338361E-15 ) ) ;
#3996 = ORIENTED_EDGE ( 'NONE', *, *, #2909, .F. ) ;
#3997 = CARTESIAN_POINT ( 'NONE',  ( 11.67000000000000348, 6.500000000000000000, -2.300000000000001599 ) ) ;
#3998 = FACE_OUTER_BOUND ( 'NONE', #4222, .T. ) ;
#3999 = DIRECTION ( 'NONE',  ( 0.000000000000000000, -1.000000000000000000, 0.000000000000000000 ) ) ;
#4000 = VECTOR ( 'NONE', #4213, 1000.000000000000000 ) ;
#4001 = CARTESIAN_POINT ( 'NONE',  ( -23.54794919243112261, 9.600000000000001421, 2.250000000000002665 ) ) ;
#4002 = ORIENTED_EDGE ( 'NONE', *, *, #4860, .F. ) ;
#4003 = DIRECTION ( 'NONE',  ( 1.000000000000000000, -0.000000000000000000, -0.000000000000000000 ) ) ;
#4004 = ORIENTED_EDGE ( 'NONE', *, *, #1502, .F. ) ;
#4005 = DIRECTION ( 'NONE',  ( -0.000000000000000000, 1.000000000000000000, -0.000000000000000000 ) ) ;
#4006 = VECTOR ( 'NONE', #1267, 1000.000000000000000 ) ;
#4007 = EDGE_CURVE ( 'NONE', #3920, #196, #829, .T. ) ;
#4008 = DIRECTION ( 'NONE',  ( -0.000000000000000000, -1.000000000000000000, -0.000000000000000000 ) ) ;
#4009 = ORIENTED_EDGE ( 'NONE', *, *, #4564, .F. ) ;
#4010 = LINE ( 'NONE', #2888, #1418 ) ;
#4011 = CARTESIAN_POINT ( 'NONE',  ( 12.24500000000000277, 11.50000000000000000, 1.199999999999998845 ) ) ;
#4012 = DIRECTION ( 'NONE',  ( 1.000000000000000000, -0.000000000000000000, -0.000000000000000000 ) ) ;
#4013 = VECTOR ( 'NONE', #2331, 1000.000000000000000 ) ;
#4014 = VECTOR ( 'NONE', #3881, 1000.000000000000000 ) ;
#4015 = ORIENTED_EDGE ( 'NONE', *, *, #1681, .F. ) ;
#4016 = VERTEX_POINT ( 'NONE', #2814 ) ;
#4017 = DIRECTION ( 'NONE',  ( 1.155297396910783454E-16, 0.000000000000000000, 1.000000000000000000 ) ) ;
#4018 = VERTEX_POINT ( 'NONE', #1646 ) ;
#4019 = AXIS2_PLACEMENT_3D ( 'NONE', #2395, #3909, #2076 ) ;
#4020 = CARTESIAN_POINT ( 'NONE',  ( -23.54794919243112261, 9.600000000000001421, -2.250000000000002665 ) ) ;
#4021 = CARTESIAN_POINT ( 'NONE',  ( 1.095000000000002194, 8.000000000000000000, 5.199999999999999289 ) ) ;
#4022 = EDGE_CURVE ( 'NONE', #2005, #1258, #1578, .T. ) ;
#4023 =( LENGTH_UNIT ( ) NAMED_UNIT ( * ) SI_UNIT ( .MILLI., .METRE. ) );
#4024 = EDGE_CURVE ( 'NONE', #1827, #465, #2739, .T. ) ;
#4025 = ORIENTED_EDGE ( 'NONE', *, *, #3614, .T. ) ;
#4026 = CARTESIAN_POINT ( 'NONE',  ( -25.98000000000000398, 7.799999999999999822, -0.3000000000000016542 ) ) ;
#4027 = CARTESIAN_POINT ( 'NONE',  ( -11.33000000000000007, 1.700000000000000178, 4.999999999999997335 ) ) ;
#4028 = PLANE ( 'NONE',  #4714 ) ;
#4029 = EDGE_CURVE ( 'NONE', #1856, #3131, #928, .T. ) ;
#4030 = VERTEX_POINT ( 'NONE', #855 ) ;
#4031 = VERTEX_POINT ( 'NONE', #2787 ) ;
#4032 = DIRECTION ( 'NONE',  ( 0.000000000000000000, 0.000000000000000000, -1.000000000000000000 ) ) ;
#4033 = LINE ( 'NONE', #1747, #813 ) ;
#4034 = DIRECTION ( 'NONE',  ( 0.000000000000000000, 1.000000000000000000, 0.000000000000000000 ) ) ;
#4035 = VERTEX_POINT ( 'NONE', #4299 ) ;
#4036 = DIRECTION ( 'NONE',  ( -0.000000000000000000, -1.000000000000000000, -0.000000000000000000 ) ) ;
#4037 = LINE ( 'NONE', #3682, #1136 ) ;
#4038 = ORIENTED_EDGE ( 'NONE', *, *, #1042, .T. ) ;
#4039 = AXIS2_PLACEMENT_3D ( 'NONE', #1371, #2879, #4792 ) ;
#4040 = ORIENTED_EDGE ( 'NONE', *, *, #1246, .F. ) ;
#4041 = SURFACE_STYLE_FILL_AREA ( #1093 ) ;
#4042 = EDGE_CURVE ( 'NONE', #4731, #91, #3532, .T. ) ;
#4043 = ORIENTED_EDGE ( 'NONE', *, *, #353, .T. ) ;
#4044 = LINE ( 'NONE', #1733, #25 ) ;
#4045 = VECTOR ( 'NONE', #4376, 1000.000000000000000 ) ;
#4046 = EDGE_CURVE ( 'NONE', #3910, #2633, #143, .T. ) ;
#4047 = FILL_AREA_STYLE ('',( #1311 ) ) ;
#4048 = AXIS2_PLACEMENT_3D ( 'NONE', #1656, #2201, #224 ) ;
#4049 = DIRECTION ( 'NONE',  ( 0.000000000000000000, -0.000000000000000000, 1.000000000000000000 ) ) ;
#4050 = ORIENTED_EDGE ( 'NONE', *, *, #200, .F. ) ;
#4051 = DIRECTION ( 'NONE',  ( -1.000000000000000000, -0.000000000000000000, -0.000000000000000000 ) ) ;
#4052 = CARTESIAN_POINT ( 'NONE',  ( 27.08000000000000185, 10.10000000000000142, -0.1500000000000014655 ) ) ;
#4053 = DIRECTION ( 'NONE',  ( -0.000000000000000000, 1.000000000000000000, -0.000000000000000000 ) ) ;
#4054 = ORIENTED_EDGE ( 'NONE', *, *, #2016, .F. ) ;
#4055 = DIRECTION ( 'NONE',  ( 0.000000000000000000, 0.000000000000000000, -1.000000000000000000 ) ) ;
#4056 = ORIENTED_EDGE ( 'NONE', *, *, #3743, .F. ) ;
#4057 = FACE_OUTER_BOUND ( 'NONE', #135, .T. ) ;
#4058 = DIRECTION ( 'NONE',  ( 0.000000000000000000, 0.000000000000000000, -1.000000000000000000 ) ) ;
#4059 = EDGE_CURVE ( 'NONE', #3865, #3426, #4593, .T. ) ;
#4060 = CARTESIAN_POINT ( 'NONE',  ( -20.98000000000000043, 8.599999999999999645, 4.999999999999997335 ) ) ;
#4061 = EDGE_CURVE ( 'NONE', #3318, #4074, #3928, .T. ) ;
#4062 = EDGE_CURVE ( 'NONE', #1040, #3236, #2488, .T. ) ;
#4063 = EDGE_LOOP ( 'NONE', ( #3781, #2176, #1471, #4821 ) ) ;
#4064 = DIRECTION ( 'NONE',  ( -1.000000000000000000, 0.000000000000000000, -0.000000000000000000 ) ) ;
#4065 = CARTESIAN_POINT ( 'NONE',  ( 25.32999999999999829, -2.500000000000000000, 2.599999999999998312 ) ) ;
#4066 = DIRECTION ( 'NONE',  ( -1.000000000000000000, 0.000000000000000000, 0.000000000000000000 ) ) ;
#4067 = DIRECTION ( 'NONE',  ( 0.000000000000000000, 1.000000000000000000, 2.478176394252582127E-16 ) ) ;
#4068 = ORIENTED_EDGE ( 'NONE', *, *, #3841, .T. ) ;
#4069 = AXIS2_PLACEMENT_3D ( 'NONE', #4871, #3350, #3330 ) ;
#4070 = EDGE_LOOP ( 'NONE', ( #4458, #1790, #4822 ) ) ;
#4071 = AXIS2_PLACEMENT_3D ( 'NONE', #3963, #99, #3916 ) ;
#4072 = CIRCLE ( 'NONE', #3415, 1.749999999999997558 ) ;
#4073 = PRESENTATION_STYLE_ASSIGNMENT (( #1731 ) ) ;
#4074 = VERTEX_POINT ( 'NONE', #979 ) ;
#4075 = AXIS2_PLACEMENT_3D ( 'NONE', #2148, #3334, #957 ) ;
#4076 = CARTESIAN_POINT ( 'NONE',  ( 1.094999999999999973, 6.599999999999999645, -2.800000000000000266 ) ) ;
#4077 = DIRECTION ( 'NONE',  ( 0.000000000000000000, 1.000000000000000000, 0.000000000000000000 ) ) ;
#4078 = ORIENTED_EDGE ( 'NONE', *, *, #2897, .F. ) ;
#4079 = AXIS2_PLACEMENT_3D ( 'NONE', #548, #2060, #4333 ) ;
#4080 = CARTESIAN_POINT ( 'NONE',  ( -25.32999999999999829, -2.500000000000000000, -2.599999999999998312 ) ) ;
#4081 = LINE ( 'NONE', #3699, #1075 ) ;
#4082 = AXIS2_PLACEMENT_3D ( 'NONE', #1176, #2686, #1497 ) ;
#4083 = ORIENTED_EDGE ( 'NONE', *, *, #2641, .T. ) ;
#4084 = VERTEX_POINT ( 'NONE', #262 ) ;
#4085 = EDGE_CURVE ( 'NONE', #4621, #1437, #238, .T. ) ;
#4086 = FACE_BOUND ( 'NONE', #3719, .T. ) ;
#4087 = DIRECTION ( 'NONE',  ( -1.000000000000000000, -0.000000000000000000, -0.000000000000000000 ) ) ;
#4088 = LINE ( 'NONE', #3752, #4290 ) ;
#4089 = VECTOR ( 'NONE', #2533, 1000.000000000000000 ) ;
#4090 = DIRECTION ( 'NONE',  ( 0.000000000000000000, 0.000000000000000000, 1.000000000000000000 ) ) ;
#4091 = ORIENTED_EDGE ( 'NONE', *, *, #3922, .F. ) ;
#4092 = EDGE_CURVE ( 'NONE', #1179, #1040, #3975, .T. ) ;
#4093 = ORIENTED_EDGE ( 'NONE', *, *, #146, .T. ) ;
#4094 = DIRECTION ( 'NONE',  ( 0.000000000000000000, 0.000000000000000000, 1.000000000000000000 ) ) ;
#4095 = ORIENTED_EDGE ( 'NONE', *, *, #4685, .F. ) ;
#4096 = MECHANICAL_DESIGN_GEOMETRIC_PRESENTATION_REPRESENTATION (  '', ( #3294 ), #3046 ) ;
#4097 = AXIS2_PLACEMENT_3D ( 'NONE', #1670, #3177, #3106 ) ;
#4098 = LINE ( 'NONE', #1020, #1374 ) ;
#4099 = AXIS2_PLACEMENT_3D ( 'NONE', #2388, #2023, #3900 ) ;
#4100 = ADVANCED_FACE ( 'NONE', ( #1401, #4086, #2118, #1746 ), #2861, .T. ) ;
#4102 = ORIENTED_EDGE ( 'NONE', *, *, #1855, .F. ) ;
#4101 = AXIS2_PLACEMENT_3D ( 'NONE', #1808, #2604, #4094 ) ;
#4103 = CARTESIAN_POINT ( 'NONE',  ( 25.28000000000000469, 10.10000000000000142, -0.6500000000000014655 ) ) ;
#4104 = DIRECTION ( 'NONE',  ( -0.000000000000000000, 1.000000000000000000, -0.000000000000000000 ) ) ;
#4105 = ORIENTED_EDGE ( 'NONE', *, *, #3170, .T. ) ;
#4106 = ORIENTED_EDGE ( 'NONE', *, *, #4511, .F. ) ;
#4107 = CARTESIAN_POINT ( 'NONE',  ( -25.98000000000000398, 7.799999999999999822, -0.3000000000000016542 ) ) ;
#4108 = CARTESIAN_POINT ( 'NONE',  ( -15.78000000000000291, 1.700000000000000178, 1.599999999999997202 ) ) ;
#4109 = CARTESIAN_POINT ( 'NONE',  ( 1.095000000000001528, 11.50000000000000000, 8.199999999999999289 ) ) ;
#4110 = ORIENTED_EDGE ( 'NONE', *, *, #2646, .T. ) ;
#4111 = DIRECTION ( 'NONE',  ( 0.000000000000000000, 0.000000000000000000, -1.000000000000000000 ) ) ;
#4112 = ORIENTED_EDGE ( 'NONE', *, *, #3000, .F. ) ;
#4113 = CARTESIAN_POINT ( 'NONE',  ( -25.28000000000000114, 10.10000000000000142, 2.500000000000002665 ) ) ;
#4114 = VERTEX_POINT ( 'NONE', #4773 ) ;
#4115 = ORIENTED_EDGE ( 'NONE', *, *, #2228, .F. ) ;
#4116 = ADVANCED_FACE ( 'NONE', ( #659 ), #3306, .F. ) ;
#4117 =( LENGTH_UNIT ( ) NAMED_UNIT ( * ) SI_UNIT ( .MILLI., .METRE. ) );
#4118 = VERTEX_POINT ( 'NONE', #951 ) ;
#4119 = ADVANCED_FACE ( 'NONE', ( #190 ), #3649, .T. ) ;
#4120 = DIRECTION ( 'NONE',  ( 0.000000000000000000, 1.000000000000000000, 0.000000000000000000 ) ) ;
#4121 = EDGE_CURVE ( 'NONE', #724, #588, #2930, .T. ) ;
#4122 = AXIS2_PLACEMENT_3D ( 'NONE', #1620, #1970, #3076 ) ;
#4123 = AXIS2_PLACEMENT_3D ( 'NONE', #1688, #3240, #3220 ) ;
#4124 = DIRECTION ( 'NONE',  ( 0.000000000000000000, 0.000000000000000000, -1.000000000000000000 ) ) ;
#4125 = DIRECTION ( 'NONE',  ( -0.000000000000000000, -1.000000000000000000, -0.000000000000000000 ) ) ;
#4126 = EDGE_LOOP ( 'NONE', ( #4537, #481 ) ) ;
#4127 = ORIENTED_EDGE ( 'NONE', *, *, #2646, .F. ) ;
#4128 = DIRECTION ( 'NONE',  ( -1.000000000000000000, -0.000000000000000000, -0.000000000000000000 ) ) ;
#4129 = FACE_OUTER_BOUND ( 'NONE', #4502, .T. ) ;
#4130 = EDGE_LOOP ( 'NONE', ( #2546, #3215, #4764, #2804, #2638, #2669, #1069, #2065 ) ) ;
#4131 = CARTESIAN_POINT ( 'NONE',  ( -28.58000000000000185, 2.700000000000005507, 4.500000000000003553 ) ) ;
#4132 = EDGE_LOOP ( 'NONE', ( #1090, #2462, #4795, #3603 ) ) ;
#4133 = DIRECTION ( 'NONE',  ( 0.000000000000000000, 0.000000000000000000, -1.000000000000000000 ) ) ;
#4134 = CARTESIAN_POINT ( 'NONE',  ( 23.48000000000000753, 11.60000000000000142, -0.1500000000000014655 ) ) ;
#4135 = ORIENTED_EDGE ( 'NONE', *, *, #49, .T. ) ;
#4136 = EDGE_CURVE ( 'NONE', #1251, #4637, #2564, .T. ) ;
#4137 = EDGE_LOOP ( 'NONE', ( #2286, #1066 ) ) ;
#4138 = DIRECTION ( 'NONE',  ( -0.000000000000000000, -1.000000000000000000, -0.000000000000000000 ) ) ;
#4139 = ORIENTED_EDGE ( 'NONE', *, *, #2849, .T. ) ;
#4140 = VECTOR ( 'NONE', #1, 1000.000000000000000 ) ;
#4141 = DIRECTION ( 'NONE',  ( 0.000000000000000000, -0.000000000000000000, -1.000000000000000000 ) ) ;
#4142 = EDGE_CURVE ( 'NONE', #1674, #3534, #2167, .T. ) ;
#4143 = AXIS2_PLACEMENT_3D ( 'NONE', #2753, #3893, #1238 ) ;
#4144 = ADVANCED_FACE ( 'NONE', ( #585 ), #1033, .F. ) ;
#4145 = DIRECTION ( 'NONE',  ( 1.000000000000000000, -0.000000000000000000, -0.000000000000000000 ) ) ;
#4146 = AXIS2_PLACEMENT_3D ( 'NONE', #1753, #4426, #2468 ) ;
#4147 = ADVANCED_FACE ( 'NONE', ( #4057 ), #3251, .F. ) ;
#4148 = FILL_AREA_STYLE_COLOUR ( '', #500 ) ;
#4149 = VECTOR ( 'NONE', #4550, 1000.000000000000000 ) ;
#4150 = CARTESIAN_POINT ( 'NONE',  ( -25.32999999999999829, -2.500000000000000000, 1.349999999999996980 ) ) ;
#4151 = LINE ( 'NONE', #27, #3363 ) ;
#4152 = EDGE_LOOP ( 'NONE', ( #4300, #4323, #65, #3959 ) ) ;
#4153 = CARTESIAN_POINT ( 'NONE',  ( 25.28000000000000469, 9.600000000000001421, -2.400000000000001688 ) ) ;
#4154 = CIRCLE ( 'NONE', #3198, 3.999999999999999112 ) ;
#4155 = PLANE ( 'NONE',  #4082 ) ;
#4156 = ORIENTED_EDGE ( 'NONE', *, *, #2129, .F. ) ;
#4157 = VERTEX_POINT ( 'NONE', #3575 ) ;
#4158 = EDGE_CURVE ( 'NONE', #1435, #2911, #2838, .T. ) ;
#4159 = DIRECTION ( 'NONE',  ( 0.000000000000000000, 0.000000000000000000, 1.000000000000000000 ) ) ;
#4160 = LINE ( 'NONE', #4134, #1687 ) ;
#4161 = DIRECTION ( 'NONE',  ( 1.000000000000000000, 0.000000000000000000, -1.421904488505579654E-16 ) ) ;
#4162 = ORIENTED_EDGE ( 'NONE', *, *, #3323, .T. ) ;
#4163 = EDGE_LOOP ( 'NONE', ( #2892, #2248, #2497, #4392 ) ) ;
#4164 = DIRECTION ( 'NONE',  ( -0.000000000000000000, -1.000000000000000000, -0.000000000000000000 ) ) ;
#4165 = CARTESIAN_POINT ( 'NONE',  ( -11.47999999999999865, 9.199999999999999289, 3.399999999999996803 ) ) ;
#4166 = VECTOR ( 'NONE', #3425, 1000.000000000000000 ) ;
#4167 = ORIENTED_EDGE ( 'NONE', *, *, #2660, .T. ) ;
#4168 = DIRECTION ( 'NONE',  ( 0.000000000000000000, 2.478176394252582127E-16, -1.000000000000000000 ) ) ;
#4169 = CARTESIAN_POINT ( 'NONE',  ( 12.24500000000000277, 11.50000000000000000, 8.199999999999999289 ) ) ;
#4170 = AXIS2_PLACEMENT_3D ( 'NONE', #3793, #3021, #1890 ) ;
#4171 = DIRECTION ( 'NONE',  ( -0.000000000000000000, 1.000000000000000000, -0.000000000000000000 ) ) ;
#4172 = AXIS2_PLACEMENT_3D ( 'NONE', #2392, #116, #559 ) ;
#4173 =( GEOMETRIC_REPRESENTATION_CONTEXT ( 3 ) GLOBAL_UNCERTAINTY_ASSIGNED_CONTEXT ( ( #2305 ) ) GLOBAL_UNIT_ASSIGNED_CONTEXT ( ( #3944, #4765, #2531 ) ) REPRESENTATION_CONTEXT ( 'NONE', 'WORKASPACE' ) );
#4174 = EDGE_CURVE ( 'NONE', #3114, #4018, #843, .T. ) ;
#4175 = CIRCLE ( 'NONE', #48, 1.250000000000001110 ) ;
#4176 = EDGE_CURVE ( 'NONE', #3241, #2048, #2095, .T. ) ;
#4177 = CARTESIAN_POINT ( 'NONE',  ( 27.08000000000000185, 10.10000000000000142, -0.1500000000000014655 ) ) ;
#4178 = ORIENTED_EDGE ( 'NONE', *, *, #2509, .T. ) ;
#4179 = EDGE_CURVE ( 'NONE', #3776, #1224, #369, .T. ) ;
#4180 =( GEOMETRIC_REPRESENTATION_CONTEXT ( 3 ) GLOBAL_UNCERTAINTY_ASSIGNED_CONTEXT ( ( #4527 ) ) GLOBAL_UNIT_ASSIGNED_CONTEXT ( ( #3135, #4675, #120 ) ) REPRESENTATION_CONTEXT ( 'NONE', 'WORKASPACE' ) );
#4181 = DIRECTION ( 'NONE',  ( 0.000000000000000000, 1.000000000000000000, 0.000000000000000000 ) ) ;
#4182 = CARTESIAN_POINT ( 'NONE',  ( -27.01205080756887966, 9.600000000000001421, 2.250000000000002665 ) ) ;
#4183 = ORIENTED_EDGE ( 'NONE', *, *, #570, .T. ) ;
#4184 = CARTESIAN_POINT ( 'NONE',  ( -1.830000000000000071, 11.70000000000000107, 4.999999999999998224 ) ) ;
#4185 = LINE ( 'NONE', #3779, #3760 ) ;
#4186 = ORIENTED_EDGE ( 'NONE', *, *, #4860, .T. ) ;
#4187 = VERTEX_POINT ( 'NONE', #314 ) ;
#4188 = ORIENTED_EDGE ( 'NONE', *, *, #2356, .T. ) ;
#4189 = DIRECTION ( 'NONE',  ( -1.000000000000000000, -0.000000000000000000, -0.000000000000000000 ) ) ;
#4190 = DIRECTION ( 'NONE',  ( -1.000000000000000000, -0.000000000000000000, -9.130123557772669567E-17 ) ) ;
#4191 = ORIENTED_EDGE ( 'NONE', *, *, #4085, .F. ) ;
#4192 = EDGE_CURVE ( 'NONE', #599, #3287, #2955, .T. ) ;
#4193 = CARTESIAN_POINT ( 'NONE',  ( 1.095000000000001528, 6.599999999999999645, 8.199999999999999289 ) ) ;
#4194 = AXIS2_PLACEMENT_3D ( 'NONE', #4802, #2543, #4064 ) ;
#4195 = LINE ( 'NONE', #421, #1762 ) ;
#4196 = CARTESIAN_POINT ( 'NONE',  ( 1.095000000000001528, 11.50000000000000000, 8.199999999999999289 ) ) ;
#4197 = LINE ( 'NONE', #3744, #205 ) ;
#4198 = ORIENTED_EDGE ( 'NONE', *, *, #179, .F. ) ;
#4199 = AXIS2_PLACEMENT_3D ( 'NONE', #1941, #2042, #1639 ) ;
#4200 = DIRECTION ( 'NONE',  ( 0.000000000000000000, 1.000000000000000000, 0.000000000000000000 ) ) ;
#4201 = FACE_OUTER_BOUND ( 'NONE', #2294, .T. ) ;
#4202 = VECTOR ( 'NONE', #1462, 1000.000000000000000 ) ;
#4203 = ORIENTED_EDGE ( 'NONE', *, *, #646, .T. ) ;
#4204 = DIRECTION ( 'NONE',  ( -0.000000000000000000, -0.000000000000000000, -1.000000000000000000 ) ) ;
#4205 = EDGE_CURVE ( 'NONE', #3625, #3436, #1818, .T. ) ;
#4206 = ORIENTED_EDGE ( 'NONE', *, *, #2611, .F. ) ;
#4207 = ORIENTED_EDGE ( 'NONE', *, *, #2732, .T. ) ;
#4208 = EDGE_CURVE ( 'NONE', #1435, #1006, #2590, .T. ) ;
#4209 = ADVANCED_FACE ( 'NONE', ( #2192 ), #3702, .F. ) ;
#4210 = SURFACE_STYLE_FILL_AREA ( #2275 ) ;
#4211 = EDGE_LOOP ( 'NONE', ( #2780, #685, #3248, #1274 ) ) ;
#4212 = CARTESIAN_POINT ( 'NONE',  ( 1.670000000000000151, 6.500000000000000000, -2.300000000000001599 ) ) ;
#4213 = DIRECTION ( 'NONE',  ( -0.000000000000000000, -1.000000000000000000, -0.000000000000000000 ) ) ;
#4214 = ORIENTED_EDGE ( 'NONE', *, *, #79, .F. ) ;
#4215 = FACE_OUTER_BOUND ( 'NONE', #375, .T. ) ;
#4216 = CARTESIAN_POINT ( 'NONE',  ( 28.57999999999999829, 2.700000000000000178, -0.1999999999999998723 ) ) ;
#4217 = VECTOR ( 'NONE', #3197, 1000.000000000000000 ) ;
#4218 = CARTESIAN_POINT ( 'NONE',  ( 1.095000000000001528, 11.50000000000000000, 8.199999999999999289 ) ) ;
#4219 = VECTOR ( 'NONE', #1015, 1000.000000000000000 ) ;
#4220 = CARTESIAN_POINT ( 'NONE',  ( 25.97999999999999687, 7.799999999999998934, 0.3999999999999975797 ) ) ;
#4221 = DIRECTION ( 'NONE',  ( 0.000000000000000000, 0.000000000000000000, -1.000000000000000000 ) ) ;
#4222 = EDGE_LOOP ( 'NONE', ( #3088, #2420 ) ) ;
#4223 = DIRECTION ( 'NONE',  ( 0.000000000000000000, 1.000000000000000000, -0.000000000000000000 ) ) ;
#4224 = AXIS2_PLACEMENT_3D ( 'NONE', #3935, #3863, #1280 ) ;
#4225 = CARTESIAN_POINT ( 'NONE',  ( -27.07999999999999829, 11.60000000000000142, -0.2500000000000000000 ) ) ;
#4226 = CARTESIAN_POINT ( 'NONE',  ( -1.995760434326209198, 12.62999999999999901, 7.619313824919474065 ) ) ;
#4227 = LINE ( 'NONE', #4669, #3034 ) ;
#4228 = EDGE_CURVE ( 'NONE', #4452, #4441, #3610, .T. ) ;
#4229 = ORIENTED_EDGE ( 'NONE', *, *, #208, .F. ) ;
#4230 = CARTESIAN_POINT ( 'NONE',  ( 0.000000000000000000, 6.500000000000000000, 0.000000000000000000 ) ) ;
#4231 = ORIENTED_EDGE ( 'NONE', *, *, #3016, .T. ) ;
#4232 = PLANE ( 'NONE',  #2506 ) ;
#4233 = VERTEX_POINT ( 'NONE', #1954 ) ;
#4234 = PLANE ( 'NONE',  #4720 ) ;
#4235 = LINE ( 'NONE', #2913, #345 ) ;
#4236 = EDGE_CURVE ( 'NONE', #196, #3780, #2350, .T. ) ;
#4237 = DIRECTION ( 'NONE',  ( 0.000000000000000000, 0.000000000000000000, -1.000000000000000000 ) ) ;
#4238 = ORIENTED_EDGE ( 'NONE', *, *, #2129, .T. ) ;
#4239 = DIRECTION ( 'NONE',  ( -0.000000000000000000, 1.000000000000000000, -0.000000000000000000 ) ) ;
#4240 = DIRECTION ( 'NONE',  ( 0.000000000000000000, 0.000000000000000000, 1.000000000000000000 ) ) ;
#4241 = CIRCLE ( 'NONE', #1545, 0.4999999999999987232 ) ;
#4242 = LINE ( 'NONE', #1191, #2287 ) ;
#4243 = PLANE ( 'NONE',  #212 ) ;
#4244 = EDGE_CURVE ( 'NONE', #2433, #1851, #2443, .T. ) ;
#4245 = PLANE ( 'NONE',  #4199 ) ;
#4246 = ORIENTED_EDGE ( 'NONE', *, *, #2073, .T. ) ;
#4247 = FACE_OUTER_BOUND ( 'NONE', #4070, .T. ) ;
#4248 = AXIS2_PLACEMENT_3D ( 'NONE', #2458, #3570, #2090 ) ;
#4249 = VECTOR ( 'NONE', #3949, 1000.000000000000000 ) ;
#4250 = DIRECTION ( 'NONE',  ( -1.000000000000000000, 0.000000000000000000, 0.000000000000000000 ) ) ;
#4251 = LINE ( 'NONE', #3449, #715 ) ;
#4252 = CARTESIAN_POINT ( 'NONE',  ( -15.78000000000000291, 12.30000000000000071, 1.599999999999997202 ) ) ;
#4253 = ORIENTED_EDGE ( 'NONE', *, *, #114, .F. ) ;
#4254 = CARTESIAN_POINT ( 'NONE',  ( 23.48000000000000753, 11.60000000000000142, 0.3499999999999985345 ) ) ;
#4255 = EDGE_CURVE ( 'NONE', #3358, #358, #4701, .T. ) ;
#4256 = VERTEX_POINT ( 'NONE', #3934 ) ;
#4257 = EDGE_LOOP ( 'NONE', ( #3022, #1586, #3214, #2868 ) ) ;
#4258 = CARTESIAN_POINT ( 'NONE',  ( -25.98000000000000398, 2.700000000000005507, 4.500000000000003553 ) ) ;
#4259 = EDGE_LOOP ( 'NONE', ( #3305, #383, #1603, #1562 ) ) ;
#4260 = CARTESIAN_POINT ( 'NONE',  ( 23.54794919243112616, 10.10000000000000142, 2.849999999999998757 ) ) ;
#4261 = CARTESIAN_POINT ( 'NONE',  ( -28.58000000000000185, 2.700000000000000178, -4.500000000000001776 ) ) ;
#4262 = LINE ( 'NONE', #3514, #2890 ) ;
#4263 = EDGE_LOOP ( 'NONE', ( #3158, #4812, #552, #1125 ) ) ;
#4264 = CARTESIAN_POINT ( 'NONE',  ( -25.28000000000000114, 10.10000000000000142, -0.7500000000000026645 ) ) ;
#4265 = CARTESIAN_POINT ( 'NONE',  ( -28.58000000000000185, 7.799999999999999822, -0.3000000000000016542 ) ) ;
#4266 =( NAMED_UNIT ( * ) PLANE_ANGLE_UNIT ( ) SI_UNIT ( $, .RADIAN. ) );
#4267 = ADVANCED_FACE ( 'NONE', ( #3161 ), #92, .F. ) ;
#4268 = DIRECTION ( 'NONE',  ( -0.000000000000000000, 1.000000000000000000, 0.000000000000000000 ) ) ;
#4269 = VERTEX_POINT ( 'NONE', #3459 ) ;
#4270 = LINE ( 'NONE', #2457, #3576 ) ;
#4271 = AXIS2_PLACEMENT_3D ( 'NONE', #1960, #3387, #745 ) ;
#4272 = DIRECTION ( 'NONE',  ( -0.000000000000000000, -1.000000000000000000, -0.000000000000000000 ) ) ;
#4273 = CARTESIAN_POINT ( 'NONE',  ( -20.98000000000000043, 11.60000000000000142, 4.999999999999997335 ) ) ;
#4274 = PLANE ( 'NONE',  #2572 ) ;
#4275 = ORIENTED_EDGE ( 'NONE', *, *, #802, .T. ) ;
#4276 = LINE ( 'NONE', #1275, #4014 ) ;
#4277 = EDGE_LOOP ( 'NONE', ( #1158, #3403, #4095, #929 ) ) ;
#4278 = STYLED_ITEM ( 'NONE', ( #4073 ), #1339 ) ;
#4279 = LINE ( 'NONE', #3860, #3936 ) ;
#4280 = VERTEX_POINT ( 'NONE', #4653 ) ;
#4281 = FACE_OUTER_BOUND ( 'NONE', #4884, .T. ) ;
#4282 = DIRECTION ( 'NONE',  ( 0.000000000000000000, 0.000000000000000000, 1.000000000000000000 ) ) ;
#4283 = VERTEX_POINT ( 'NONE', #3111 ) ;
#4284 = CARTESIAN_POINT ( 'NONE',  ( 1.095000000000002194, 11.50000000000000000, 1.699999999999999289 ) ) ;
#4285 = EDGE_CURVE ( 'NONE', #1847, #4440, #1303, .T. ) ;
#4286 = PLANE ( 'NONE',  #4071 ) ;
#4287 = LINE ( 'NONE', #2801, #3789 ) ;
#4288 = ADVANCED_FACE ( 'NONE', ( #3862 ), #908, .F. ) ;
#4289 = DIRECTION ( 'NONE',  ( 0.000000000000000000, 1.000000000000000000, 0.000000000000000000 ) ) ;
#4290 = VECTOR ( 'NONE', #4638, 1000.000000000000000 ) ;
#4291 = ORIENTED_EDGE ( 'NONE', *, *, #3765, .T. ) ;
#4292 = DIRECTION ( 'NONE',  ( 0.000000000000000000, 0.000000000000000000, 1.000000000000000000 ) ) ;
#4293 =( GEOMETRIC_REPRESENTATION_CONTEXT ( 3 ) GLOBAL_UNCERTAINTY_ASSIGNED_CONTEXT ( ( #4680 ) ) GLOBAL_UNIT_ASSIGNED_CONTEXT ( ( #3364, #844, #1189 ) ) REPRESENTATION_CONTEXT ( 'NONE', 'WORKASPACE' ) );
#4294 = CARTESIAN_POINT ( 'NONE',  ( 26.92000000000000171, 13.58000000000000362, -4.900000000000001243 ) ) ;
#4295 = CARTESIAN_POINT ( 'NONE',  ( 25.97999999999999687, 7.799999999999998934, -0.2000000000000005107 ) ) ;
#4296 = CARTESIAN_POINT ( 'NONE',  ( 12.24500000000000277, 11.50000000000000000, 5.699999999999999289 ) ) ;
#4297 = VECTOR ( 'NONE', #884, 1000.000000000000000 ) ;
#4298 = ORIENTED_EDGE ( 'NONE', *, *, #443, .F. ) ;
#4299 = CARTESIAN_POINT ( 'NONE',  ( -28.58000000000000185, 1.700000000000000178, 4.999999999999997335 ) ) ;
#4300 = ORIENTED_EDGE ( 'NONE', *, *, #1781, .F. ) ;
#4301 = AXIS2_PLACEMENT_3D ( 'NONE', #3059, #4168, #1858 ) ;
#4302 = CARTESIAN_POINT ( 'NONE',  ( 25.32999999999999829, 0.000000000000000000, 3.849999999999999201 ) ) ;
#4303 = EDGE_CURVE ( 'NONE', #3857, #144, #1979, .T. ) ;
#4304 = ORIENTED_EDGE ( 'NONE', *, *, #4894, .T. ) ;
#4305 = DIRECTION ( 'NONE',  ( 0.000000000000000000, 1.239088197126290866E-15, 1.000000000000000000 ) ) ;
#4306 = CARTESIAN_POINT ( 'NONE',  ( 27.08000000000000185, 10.10000000000000142, 0.3499999999999985345 ) ) ;
#4307 = ORIENTED_EDGE ( 'NONE', *, *, #1351, .F. ) ;
#4308 = VECTOR ( 'NONE', #886, 1000.000000000000000 ) ;
#4309 = LINE ( 'NONE', #2425, #1295 ) ;
#4310 = AXIS2_PLACEMENT_3D ( 'NONE', #1845, #2215, #357 ) ;
#4311 = DIRECTION ( 'NONE',  ( 1.000000000000000000, 0.000000000000000000, 0.000000000000000000 ) ) ;
#4312 = CARTESIAN_POINT ( 'NONE',  ( 27.58000000000000540, 11.60000000000000142, -4.900000000000001243 ) ) ;
#4313 = AXIS2_PLACEMENT_3D ( 'NONE', #3718, #2310, #3391 ) ;
#4314 = EDGE_LOOP ( 'NONE', ( #206, #2689 ) ) ;
#4315 = CARTESIAN_POINT ( 'NONE',  ( -28.58099999999999952, 11.50000000000000000, -2.300000000000000711 ) ) ;
#4316 = ADVANCED_FACE ( 'NONE', ( #66 ), #491, .F. ) ;
#4317 = EDGE_CURVE ( 'NONE', #892, #761, #3887, .T. ) ;
#4318 = LINE ( 'NONE', #2734, #3536 ) ;
#4319 = DIRECTION ( 'NONE',  ( 0.000000000000000000, 0.000000000000000000, 1.000000000000000000 ) ) ;
#4320 = DIRECTION ( 'NONE',  ( 0.000000000000000000, 0.000000000000000000, 1.000000000000000000 ) ) ;
#4321 = AXIS2_PLACEMENT_3D ( 'NONE', #3742, #3368, #4535 ) ;
#4322 = ADVANCED_FACE ( 'NONE', ( #3138 ), #3559, .F. ) ;
#4323 = ORIENTED_EDGE ( 'NONE', *, *, #3824, .F. ) ;
#4324 = CARTESIAN_POINT ( 'NONE',  ( -25.28000000000000114, 10.10000000000000142, 2.500000000000002665 ) ) ;
#4325 = ORIENTED_EDGE ( 'NONE', *, *, #1902, .F. ) ;
#4326 = VECTOR ( 'NONE', #3126, 1000.000000000000000 ) ;
#4327 = FILL_AREA_STYLE_COLOUR ( '', #3372 ) ;
#4328 = ORIENTED_EDGE ( 'NONE', *, *, #1422, .F. ) ;
#4329 = DIRECTION ( 'NONE',  ( 0.000000000000000000, 1.000000000000000000, -1.239088197126290866E-15 ) ) ;
#4330 = LINE ( 'NONE', #2747, #1607 ) ;
#4331 = ORIENTED_EDGE ( 'NONE', *, *, #2661, .T. ) ;
#4332 = VERTEX_POINT ( 'NONE', #3512 ) ;
#4333 = DIRECTION ( 'NONE',  ( 0.000000000000000000, -1.000000000000000000, 1.190496503121338361E-15 ) ) ;
#4334 = DIRECTION ( 'NONE',  ( 0.000000000000000000, 1.000000000000000000, -0.000000000000000000 ) ) ;
#4335 = EDGE_CURVE ( 'NONE', #321, #4035, #1256, .T. ) ;
#4336 = FACE_OUTER_BOUND ( 'NONE', #1949, .T. ) ;
#4337 = EDGE_LOOP ( 'NONE', ( #145, #4307 ) ) ;
#4338 = DIRECTION ( 'NONE',  ( -0.000000000000000000, 1.239088197126290275E-15, 1.000000000000000000 ) ) ;
#4339 = ADVANCED_FACE ( 'NONE', ( #4281 ), #4234, .F. ) ;
#4340 = PLANE ( 'NONE',  #3535 ) ;
#4341 = PLANE ( 'NONE',  #3635 ) ;
#4342 = LINE ( 'NONE', #1742, #912 ) ;
#4343 = ORIENTED_EDGE ( 'NONE', *, *, #81, .T. ) ;
#4344 = ORIENTED_EDGE ( 'NONE', *, *, #218, .T. ) ;
#4345 = EDGE_CURVE ( 'NONE', #4269, #4899, #3447, .T. ) ;
#4346 = DIRECTION ( 'NONE',  ( 0.000000000000000000, 0.000000000000000000, 1.000000000000000000 ) ) ;
#4347 = ORIENTED_EDGE ( 'NONE', *, *, #853, .T. ) ;
#4348 = VECTOR ( 'NONE', #4668, 1000.000000000000000 ) ;
#4349 = CARTESIAN_POINT ( 'NONE',  ( -27.01205080756887611, 9.600000000000001421, -2.750000000000002665 ) ) ;
#4350 = ORIENTED_EDGE ( 'NONE', *, *, #1819, .T. ) ;
#4351 = FACE_OUTER_BOUND ( 'NONE', #3008, .T. ) ;
#4352 = CARTESIAN_POINT ( 'NONE',  ( -28.58099999999999952, 8.000000000000000000, -2.300000000000001599 ) ) ;
#4353 = ORIENTED_EDGE ( 'NONE', *, *, #267, .F. ) ;
#4354 = ORIENTED_EDGE ( 'NONE', *, *, #4472, .F. ) ;
#4355 = AXIS2_PLACEMENT_3D ( 'NONE', #3297, #3567, #997 ) ;
#4356 = CARTESIAN_POINT ( 'NONE',  ( 1.095000000000001084, 11.50000000000000000, 5.199999999999999289 ) ) ;
#4357 = LINE ( 'NONE', #4863, #3108 ) ;
#4358 = PLANE ( 'NONE',  #949 ) ;
#4359 = VERTEX_POINT ( 'NONE', #1207 ) ;
#4360 = CARTESIAN_POINT ( 'NONE',  ( -11.33000000000000007, 11.70000000000000107, 9.299999999999997158 ) ) ;
#4361 = ADVANCED_FACE ( 'NONE', ( #2720 ), #3911, .F. ) ;
#4362 = PLANE ( 'NONE',  #3446 ) ;
#4364 = CARTESIAN_POINT ( 'NONE',  ( -11.33000000000000007, 1.700000000000000178, 4.999999999999997335 ) ) ;
#4363 = AXIS2_PLACEMENT_3D ( 'NONE', #849, #3471, #78 ) ;
#4365 = LINE ( 'NONE', #286, #4395 ) ;
#4366 = VECTOR ( 'NONE', #3278, 1000.000000000000000 ) ;
#4367 = VERTEX_POINT ( 'NONE', #1475 ) ;
#4368 = CYLINDRICAL_SURFACE ( 'NONE', #3735, 0.4999999999999987232 ) ;
#4369 = ORIENTED_EDGE ( 'NONE', *, *, #902, .F. ) ;
#4370 = CARTESIAN_POINT ( 'NONE',  ( 27.01205080756888322, 9.600000000000001421, -2.650000000000000799 ) ) ;
#4371 = PRESENTATION_LAYER_ASSIGNMENT (  '', '', ( #967 ) ) ;
#4372 = CARTESIAN_POINT ( 'NONE',  ( -28.58000000000000185, 1.700000000000000178, -5.000000000000001776 ) ) ;
#4373 = CARTESIAN_POINT ( 'NONE',  ( 17.07999999999999829, 1.600000000000000089, 6.099999999999996980 ) ) ;
#4374 = VECTOR ( 'NONE', #4568, 1000.000000000000000 ) ;
#4375 = ORIENTED_EDGE ( 'NONE', *, *, #741, .T. ) ;
#4376 = DIRECTION ( 'NONE',  ( -0.000000000000000000, 1.000000000000000000, -0.000000000000000000 ) ) ;
#4377 = DIRECTION ( 'NONE',  ( 0.000000000000000000, 1.000000000000000000, 0.000000000000000000 ) ) ;
#4378 = EDGE_LOOP ( 'NONE', ( #3772, #1234, #3666, #2127 ) ) ;
#4379 = VECTOR ( 'NONE', #40, 1000.000000000000000 ) ;
#4380 = VERTEX_POINT ( 'NONE', #1175 ) ;
#4381 = LINE ( 'NONE', #617, #4202 ) ;
#4382 = EDGE_CURVE ( 'NONE', #2965, #106, #29, .T. ) ;
#4383 = CARTESIAN_POINT ( 'NONE',  ( -2.929999999999999272, 11.79999999999999893, 8.199999999999997513 ) ) ;
#4384 = VECTOR ( 'NONE', #2959, 1000.000000000000000 ) ;
#4385 = FACE_OUTER_BOUND ( 'NONE', #3478, .T. ) ;
#4386 = CARTESIAN_POINT ( 'NONE',  ( 28.57999999999999829, 2.700000000000000178, 4.599999999999996980 ) ) ;
#4387 = ORIENTED_EDGE ( 'NONE', *, *, #2849, .F. ) ;
#4388 = CARTESIAN_POINT ( 'NONE',  ( 0.000000000000000000, 1.600000000000000089, 0.000000000000000000 ) ) ;
#4389 = FACE_OUTER_BOUND ( 'NONE', #4263, .T. ) ;
#4390 = AXIS2_PLACEMENT_3D ( 'NONE', #1210, #1606, #3113 ) ;
#4391 = LINE ( 'NONE', #3226, #4089 ) ;
#4392 = ORIENTED_EDGE ( 'NONE', *, *, #3223, .F. ) ;
#4393 = ORIENTED_EDGE ( 'NONE', *, *, #4560, .F. ) ;
#4394 = DIRECTION ( 'NONE',  ( -0.000000000000000000, -0.000000000000000000, -1.000000000000000000 ) ) ;
#4395 = VECTOR ( 'NONE', #1693, 1000.000000000000000 ) ;
#4396 = LINE ( 'NONE', #4107, #1921 ) ;
#4397 = ADVANCED_FACE ( 'NONE', ( #3448 ), #726, .F. ) ;
#4398 = CARTESIAN_POINT ( 'NONE',  ( 25.28000000000000469, 10.10000000000000142, 2.599999999999998757 ) ) ;
#4399 = VECTOR ( 'NONE', #4798, 1000.000000000000000 ) ;
#4400 = LINE ( 'NONE', #2541, #2806 ) ;
#4401 = ORIENTED_EDGE ( 'NONE', *, *, #624, .T. ) ;
#4402 = CARTESIAN_POINT ( 'NONE',  ( 27.08000000000000185, 10.10000000000000142, 0.3499999999999985345 ) ) ;
#4403 = FACE_OUTER_BOUND ( 'NONE', #1947, .T. ) ;
#4404 = VECTOR ( 'NONE', #1279, 1000.000000000000000 ) ;
#4405 = ORIENTED_EDGE ( 'NONE', *, *, #1197, .T. ) ;
#4406 = EDGE_LOOP ( 'NONE', ( #4895, #3683, #1841, #2643 ) ) ;
#4407 = PLANE ( 'NONE',  #645 ) ;
#4408 = VECTOR ( 'NONE', #292, 1000.000000000000000 ) ;
#4409 = CARTESIAN_POINT ( 'NONE',  ( 27.01205080756888322, 10.10000000000000142, -2.150000000000001688 ) ) ;
#4410 = DIRECTION ( 'NONE',  ( 0.000000000000000000, 0.000000000000000000, -1.000000000000000000 ) ) ;
#4411 = CARTESIAN_POINT ( 'NONE',  ( 1.670000000000001261, 6.500000000000000000, 7.699999999999998401 ) ) ;
#4412 = ADVANCED_FACE ( 'NONE', ( #2685 ), #4872, .F. ) ;
#4413 = ORIENTED_EDGE ( 'NONE', *, *, #832, .F. ) ;
#4414 = CARTESIAN_POINT ( 'NONE',  ( -1.830000000000000071, 11.70000000000000107, 4.999999999999998224 ) ) ;
#4415 = EDGE_CURVE ( 'NONE', #4841, #3163, #3420, .T. ) ;
#4416 = DIRECTION ( 'NONE',  ( 1.000000000000000000, 0.000000000000000000, 0.000000000000000000 ) ) ;
#4417 = CARTESIAN_POINT ( 'NONE',  ( -27.07999999999999829, 0.000000000000000000, -8.099999999999999645 ) ) ;
#4418 = VERTEX_POINT ( 'NONE', #4891 ) ;
#4419 = ORIENTED_EDGE ( 'NONE', *, *, #897, .F. ) ;
#4420 = CARTESIAN_POINT ( 'NONE',  ( 25.32999999999999829, -2.500000000000000000, 2.599999999999998312 ) ) ;
#4421 = CARTESIAN_POINT ( 'NONE',  ( -2.929999999999999272, 13.12999999999999901, 7.099999999999996980 ) ) ;
#4422 = VECTOR ( 'NONE', #475, 1000.000000000000000 ) ;
#4423 = CARTESIAN_POINT ( 'NONE',  ( -27.07999999999999829, 10.10000000000000142, -0.2500000000000000000 ) ) ;
#4424 = VERTEX_POINT ( 'NONE', #3774 ) ;
#4425 = PLANE ( 'NONE',  #2134 ) ;
#4426 = DIRECTION ( 'NONE',  ( -0.000000000000000000, 1.000000000000000000, -0.000000000000000000 ) ) ;
#4427 = ORIENTED_EDGE ( 'NONE', *, *, #2051, .T. ) ;
#4428 = ORIENTED_EDGE ( 'NONE', *, *, #75, .F. ) ;
#4429 = SURFACE_STYLE_USAGE ( .BOTH. , #2916 ) ;
#4430 = ORIENTED_EDGE ( 'NONE', *, *, #3101, .F. ) ;
#4431 = PLANE ( 'NONE',  #1846 ) ;
#4432 = AXIS2_PLACEMENT_3D ( 'NONE', #1046, #4036, #3312 ) ;
#4433 = VECTOR ( 'NONE', #3990, 1000.000000000000000 ) ;
#4434 = ADVANCED_FACE ( 'NONE', ( #3394 ), #1495, .F. ) ;
#4435 = PLANE ( 'NONE',  #393 ) ;
#4436 = FILL_AREA_STYLE ('',( #1366 ) ) ;
#4437 = EDGE_LOOP ( 'NONE', ( #1916, #4413 ) ) ;
#4438 = DIRECTION ( 'NONE',  ( 0.000000000000000000, 0.000000000000000000, -1.000000000000000000 ) ) ;
#4439 = CARTESIAN_POINT ( 'NONE',  ( -25.32999999999999829, 0.000000000000000000, 1.349999999999996980 ) ) ;
#4440 = VERTEX_POINT ( 'NONE', #1081 ) ;
#4441 = VERTEX_POINT ( 'NONE', #2239 ) ;
#4442 = DIRECTION ( 'NONE',  ( -1.000000000000000000, 0.000000000000000000, -0.000000000000000000 ) ) ;
#4443 = CARTESIAN_POINT ( 'NONE',  ( 0.7199999999999984190, 9.199999999999999289, -8.800000000000002487 ) ) ;
#4444 = LINE ( 'NONE', #2465, #1403 ) ;
#4445 = EDGE_LOOP ( 'NONE', ( #612, #4427, #1998, #1229 ) ) ;
#4446 = AXIS2_PLACEMENT_3D ( 'NONE', #710, #2731, #4585 ) ;
#4447 = DIRECTION ( 'NONE',  ( 0.000000000000000000, 0.000000000000000000, -1.000000000000000000 ) ) ;
#4448 = CARTESIAN_POINT ( 'NONE',  ( -25.98000000000000398, 7.800000000000005151, 4.499999999999997335 ) ) ;
#4449 = CARTESIAN_POINT ( 'NONE',  ( -28.58000000000000185, 8.600000000000001421, -5.000000000000001776 ) ) ;
#4450 = ORIENTED_EDGE ( 'NONE', *, *, #4580, .F. ) ;
#4451 = CIRCLE ( 'NONE', #414, 0.4999999999999987232 ) ;
#4452 = VERTEX_POINT ( 'NONE', #4512 ) ;
#4453 = ADVANCED_FACE ( 'NONE', ( #1844 ), #1451, .T. ) ;
#4454 = DIRECTION ( 'NONE',  ( 0.000000000000000000, 1.000000000000000000, 0.000000000000000000 ) ) ;
#4455 = ORIENTED_EDGE ( 'NONE', *, *, #1868, .T. ) ;
#4456 = CARTESIAN_POINT ( 'NONE',  ( 25.97999999999999687, 2.700000000000000178, -0.1999999999999998723 ) ) ;
#4457 =( NAMED_UNIT ( * ) SI_UNIT ( $, .STERADIAN. ) SOLID_ANGLE_UNIT ( ) );
#4458 = ORIENTED_EDGE ( 'NONE', *, *, #3067, .F. ) ;
#4459 = VECTOR ( 'NONE', #4171, 1000.000000000000000 ) ;
#4460 =( NAMED_UNIT ( * ) SI_UNIT ( $, .STERADIAN. ) SOLID_ANGLE_UNIT ( ) );
#4461 = DIRECTION ( 'NONE',  ( 1.000000000000000000, 0.000000000000000000, -0.000000000000000000 ) ) ;
#4462 = VECTOR ( 'NONE', #709, 1000.000000000000000 ) ;
#4463 = ORIENTED_EDGE ( 'NONE', *, *, #1705, .F. ) ;
#4464 = ORIENTED_EDGE ( 'NONE', *, *, #41, .F. ) ;
#4465 = EDGE_CURVE ( 'NONE', #4440, #1118, #2979, .T. ) ;
#4466 = CARTESIAN_POINT ( 'NONE',  ( 27.01205080756888322, 10.10000000000000142, -2.150000000000001688 ) ) ;
#4467 = DIRECTION ( 'NONE',  ( -0.000000000000000000, -1.000000000000000000, -0.000000000000000000 ) ) ;
#4468 = DIRECTION ( 'NONE',  ( -0.000000000000000000, -1.000000000000000000, -0.000000000000000000 ) ) ;
#4469 = EDGE_CURVE ( 'NONE', #1976, #4359, #2614, .T. ) ;
#4470 = CARTESIAN_POINT ( 'NONE',  ( 23.48000000000000753, 11.60000000000000142, -0.1500000000000014655 ) ) ;
#4471 = FACE_OUTER_BOUND ( 'NONE', #1897, .T. ) ;
#4472 = EDGE_CURVE ( 'NONE', #1027, #4030, #3047, .T. ) ;
#4473 = DIRECTION ( 'NONE',  ( -1.000000000000000000, -0.000000000000000000, -0.000000000000000000 ) ) ;
#4474 = CIRCLE ( 'NONE', #2972, 4.000000000000000888 ) ;
#4475 = ORIENTED_EDGE ( 'NONE', *, *, #1572, .T. ) ;
#4476 = DIRECTION ( 'NONE',  ( 0.000000000000000000, 1.000000000000000000, -0.000000000000000000 ) ) ;
#4477 = EDGE_LOOP ( 'NONE', ( #2525, #3927 ) ) ;
#4478 = ORIENTED_EDGE ( 'NONE', *, *, #3036, .F. ) ;
#4479 = ORIENTED_EDGE ( 'NONE', *, *, #381, .F. ) ;
#4480 = AXIS2_PLACEMENT_3D ( 'NONE', #3894, #2406, #1659 ) ;
#4481 = VECTOR ( 'NONE', #3856, 1000.000000000000000 ) ;
#4482 = CARTESIAN_POINT ( 'NONE',  ( -3.510686175080517835, 12.62999999999999901, 9.134239565673789585 ) ) ;
#4483 = DIRECTION ( 'NONE',  ( 0.000000000000000000, 0.000000000000000000, -1.000000000000000000 ) ) ;
#4484 = ADVANCED_FACE ( 'NONE', ( #3001 ), #3796, .T. ) ;
#4485 = CARTESIAN_POINT ( 'NONE',  ( 25.28000000000000469, 10.10000000000000142, -4.150000000000002132 ) ) ;
#4486 = DIRECTION ( 'NONE',  ( 0.000000000000000000, 1.000000000000000000, 0.000000000000000000 ) ) ;
#4487 = ORIENTED_EDGE ( 'NONE', *, *, #2797, .T. ) ;
#4488 = EDGE_CURVE ( 'NONE', #1851, #918, #3024, .T. ) ;
#4489 = EDGE_LOOP ( 'NONE', ( #2618, #1348, #1297, #272 ) ) ;
#4490 = DIRECTION ( 'NONE',  ( 0.000000000000000000, 0.000000000000000000, 1.000000000000000000 ) ) ;
#4491 = DIRECTION ( 'NONE',  ( 0.000000000000000000, -1.000000000000000000, 0.000000000000000000 ) ) ;
#4492 = ADVANCED_FACE ( 'NONE', ( #7 ), #753, .F. ) ;
#4493 = LINE ( 'NONE', #1219, #2943 ) ;
#4494 = VERTEX_POINT ( 'NONE', #2288 ) ;
#4495 = CARTESIAN_POINT ( 'NONE',  ( 12.24500000000000277, 8.000000000000000000, -2.300000000000001599 ) ) ;
#4496 = EDGE_CURVE ( 'NONE', #521, #683, #4175, .T. ) ;
#4497 = PLANE ( 'NONE',  #3180 ) ;
#4498 = ORIENTED_EDGE ( 'NONE', *, *, #646, .F. ) ;
#4499 = ORIENTED_EDGE ( 'NONE', *, *, #1964, .F. ) ;
#4500 = EDGE_CURVE ( 'NONE', #765, #1877, #4565, .T. ) ;
#4501 = DIRECTION ( 'NONE',  ( 0.000000000000000000, 2.478176394252582127E-16, -1.000000000000000000 ) ) ;
#4502 = EDGE_LOOP ( 'NONE', ( #1923, #1881, #3123, #299 ) ) ;
#4503 = AXIS2_PLACEMENT_3D ( 'NONE', #1587, #3764, #4602 ) ;
#4504 = PLANE ( 'NONE',  #4301 ) ;
#4505 = LINE ( 'NONE', #3464, #2568 ) ;
#4506 = AXIS2_PLACEMENT_3D ( 'NONE', #3100, #2735, #851 ) ;
#4507 = DIRECTION ( 'NONE',  ( 0.000000000000000000, 0.000000000000000000, -1.000000000000000000 ) ) ;
#4508 = EDGE_CURVE ( 'NONE', #2534, #3206, #2707, .T. ) ;
#4509 = LINE ( 'NONE', #331, #2180 ) ;
#4510 = ORIENTED_EDGE ( 'NONE', *, *, #4176, .F. ) ;
#4511 = EDGE_CURVE ( 'NONE', #4256, #2883, #3931, .T. ) ;
#4512 = CARTESIAN_POINT ( 'NONE',  ( -27.01205080756887611, 10.10000000000000142, -2.250000000000002665 ) ) ;
#4513 = CARTESIAN_POINT ( 'NONE',  ( 28.57999999999999829, 7.799999999999999822, -4.400000000000001243 ) ) ;
#4514 = EDGE_LOOP ( 'NONE', ( #1529, #592, #811, #3179 ) ) ;
#4515 = ORIENTED_EDGE ( 'NONE', *, *, #4317, .T. ) ;
#4516 = LINE ( 'NONE', #3005, #3903 ) ;
#4517 = LINE ( 'NONE', #1133, #1624 ) ;
#4518 = VERTEX_POINT ( 'NONE', #3075 ) ;
#4519 = ORIENTED_EDGE ( 'NONE', *, *, #4007, .T. ) ;
#4520 = FACE_OUTER_BOUND ( 'NONE', #2402, .T. ) ;
#4521 = AXIS2_PLACEMENT_3D ( 'NONE', #1291, #2089, #4292 ) ;
#4522 = VERTEX_POINT ( 'NONE', #3099 ) ;
#4523 = CYLINDRICAL_SURFACE ( 'NONE', #266, 4.000000000000000888 ) ;
#4524 = LINE ( 'NONE', #839, #355 ) ;
#4525 = EDGE_CURVE ( 'NONE', #1383, #1698, #4615, .T. ) ;
#4526 = AXIS2_PLACEMENT_3D ( 'NONE', #3843, #3790, #1963 ) ;
#4527 = UNCERTAINTY_MEASURE_WITH_UNIT (LENGTH_MEASURE( 1.000000000000000082E-05 ), #3135, 'distance_accuracy_value', 'NONE');
#4528 = LINE ( 'NONE', #2652, #4459 ) ;
#4529 = ADVANCED_FACE ( 'NONE', ( #3472 ), #1574, .F. ) ;
#4530 = VECTOR ( 'NONE', #3484, 1000.000000000000000 ) ;
#4531 = SURFACE_STYLE_FILL_AREA ( #3766 ) ;
#4532 = EDGE_CURVE ( 'NONE', #1459, #4380, #82, .T. ) ;
#4533 = FACE_OUTER_BOUND ( 'NONE', #2796, .T. ) ;
#4534 = AXIS2_PLACEMENT_3D ( 'NONE', #370, #4120, #4573 ) ;
#4535 = DIRECTION ( 'NONE',  ( 0.000000000000000000, 0.000000000000000000, -1.000000000000000000 ) ) ;
#4536 = CARTESIAN_POINT ( 'NONE',  ( -28.58099999999999952, 8.000000000000000000, 1.199999999999998845 ) ) ;
#4537 = ORIENTED_EDGE ( 'NONE', *, *, #4345, .F. ) ;
#4538 = CARTESIAN_POINT ( 'NONE',  ( 1.670000000000000151, 6.500000000000000000, -2.300000000000001599 ) ) ;
#4539 = VECTOR ( 'NONE', #556, 1000.000000000000000 ) ;
#4540 = CARTESIAN_POINT ( 'NONE',  ( -25.28000000000000114, 10.10000000000000142, 2.500000000000002665 ) ) ;
#4541 = ORIENTED_EDGE ( 'NONE', *, *, #304, .F. ) ;
#4542 = CARTESIAN_POINT ( 'NONE',  ( 27.58000000000000540, 11.60000000000000142, 0.000000000000000000 ) ) ;
#4543 = EDGE_CURVE ( 'NONE', #1847, #2250, #1594, .T. ) ;
#4544 = DIRECTION ( 'NONE',  ( -0.000000000000000000, -1.000000000000000000, -0.000000000000000000 ) ) ;
#4545 = EDGE_LOOP ( 'NONE', ( #4700, #4344, #2479, #2523, #235, #1359 ) ) ;
#4546 = VERTEX_POINT ( 'NONE', #457 ) ;
#4547 = FACE_OUTER_BOUND ( 'NONE', #1751, .T. ) ;
#4548 = EDGE_CURVE ( 'NONE', #2341, #1689, #1969, .T. ) ;
#4549 = VERTEX_POINT ( 'NONE', #2412 ) ;
#4550 = DIRECTION ( 'NONE',  ( -0.000000000000000000, -1.000000000000000000, -0.000000000000000000 ) ) ;
#4551 = DIRECTION ( 'NONE',  ( 0.000000000000000000, 0.000000000000000000, 1.000000000000000000 ) ) ;
#4552 = ORIENTED_EDGE ( 'NONE', *, *, #2182, .T. ) ;
#4553 = CARTESIAN_POINT ( 'NONE',  ( 23.48000000000000753, 10.10000000000000142, -0.1500000000000014655 ) ) ;
#4554 = AXIS2_PLACEMENT_3D ( 'NONE', #2291, #1924, #2368 ) ;
#4555 = SURFACE_SIDE_STYLE ('',( #3017 ) ) ;
#4556 = VECTOR ( 'NONE', #2778, 1000.000000000000000 ) ;
#4557 = AXIS2_PLACEMENT_3D ( 'NONE', #708, #2592, #3351 ) ;
#4558 =( NAMED_UNIT ( * ) PLANE_ANGLE_UNIT ( ) SI_UNIT ( $, .RADIAN. ) );
#4559 = CARTESIAN_POINT ( 'NONE',  ( 27.01205080756888322, 10.10000000000000142, 2.349999999999998757 ) ) ;
#4560 = EDGE_CURVE ( 'NONE', #2158, #173, #4318, .T. ) ;
#4561 = ORIENTED_EDGE ( 'NONE', *, *, #3686, .F. ) ;
#4562 = AXIS2_PLACEMENT_3D ( 'NONE', #696, #3710, #1828 ) ;
#4563 = EDGE_CURVE ( 'NONE', #2190, #2237, #850, .T. ) ;
#4564 = EDGE_CURVE ( 'NONE', #2152, #1674, #483, .T. ) ;
#4565 = LINE ( 'NONE', #429, #4807 ) ;
#4566 = DIRECTION ( 'NONE',  ( -1.000000000000000000, 0.000000000000000000, -0.000000000000000000 ) ) ;
#4567 = ORIENTED_EDGE ( 'NONE', *, *, #1318, .T. ) ;
#4568 = DIRECTION ( 'NONE',  ( -3.419619929664837581E-32, -1.000000000000000000, -2.478176394252582127E-16 ) ) ;
#4569 = VERTEX_POINT ( 'NONE', #1244 ) ;
#4570 = DIRECTION ( 'NONE',  ( 0.000000000000000000, 1.000000000000000000, 0.000000000000000000 ) ) ;
#4571 = PLANE ( 'NONE',  #3056 ) ;
#4572 = EDGE_LOOP ( 'NONE', ( #3159, #4781, #1109, #2456 ) ) ;
#4573 = DIRECTION ( 'NONE',  ( 0.000000000000000000, -0.000000000000000000, 1.000000000000000000 ) ) ;
#4574 = DIRECTION ( 'NONE',  ( -0.000000000000000000, -1.000000000000000000, -0.000000000000000000 ) ) ;
#4575 = ORIENTED_EDGE ( 'NONE', *, *, #4136, .T. ) ;
#4576 = CARTESIAN_POINT ( 'NONE',  ( 0.000000000000000000, 6.599999999999999645, 0.000000000000000000 ) ) ;
#4577 = AXIS2_PLACEMENT_3D ( 'NONE', #2357, #1214, #3064 ) ;
#4578 = DIRECTION ( 'NONE',  ( 0.000000000000000000, 0.000000000000000000, -1.000000000000000000 ) ) ;
#4579 = DIRECTION ( 'NONE',  ( -0.000000000000000000, 1.000000000000000000, -0.000000000000000000 ) ) ;
#4580 = EDGE_CURVE ( 'NONE', #2349, #2152, #1995, .T. ) ;
#4581 = CARTESIAN_POINT ( 'NONE',  ( -27.01205080756887966, 9.600000000000001421, 2.750000000000001776 ) ) ;
#4582 = CARTESIAN_POINT ( 'NONE',  ( -20.98000000000000043, 8.599999999999999645, -5.000000000000002665 ) ) ;
#4583 = DIRECTION ( 'NONE',  ( 0.000000000000000000, -0.000000000000000000, -1.000000000000000000 ) ) ;
#4584 = ORIENTED_EDGE ( 'NONE', *, *, #1062, .T. ) ;
#4585 = DIRECTION ( 'NONE',  ( 0.000000000000000000, 0.000000000000000000, 1.000000000000000000 ) ) ;
#4586 = AXIS2_PLACEMENT_3D ( 'NONE', #4687, #1289, #2803 ) ;
#4587 = DIRECTION ( 'NONE',  ( -0.9486832980505137680, -0.3162277660168380522, 0.000000000000000000 ) ) ;
#4588 = DIRECTION ( 'NONE',  ( 1.000000000000000000, 0.000000000000000000, -0.000000000000000000 ) ) ;
#4589 = FACE_BOUND ( 'NONE', #3361, .T. ) ;
#4590 = EDGE_CURVE ( 'NONE', #1802, #3236, #2067, .T. ) ;
#4591 = FACE_OUTER_BOUND ( 'NONE', #3353, .T. ) ;
#4592 = EDGE_LOOP ( 'NONE', ( #325, #2812 ) ) ;
#4593 = LINE ( 'NONE', #903, #3689 ) ;
#4594 = ORIENTED_EDGE ( 'NONE', *, *, #3191, .T. ) ;
#4595 = CARTESIAN_POINT ( 'NONE',  ( 1.095000000000002194, 11.50000000000000000, -0.8000000000000012657 ) ) ;
#4596 = ORIENTED_EDGE ( 'NONE', *, *, #2205, .T. ) ;
#4597 = DIRECTION ( 'NONE',  ( -0.000000000000000000, -1.000000000000000000, -0.000000000000000000 ) ) ;
#4598 = FACE_OUTER_BOUND ( 'NONE', #4829, .T. ) ;
#4599 = CARTESIAN_POINT ( 'NONE',  ( 12.24500000000000277, 8.000000000000000000, -0.8000000000000012657 ) ) ;
#4600 = ORIENTED_EDGE ( 'NONE', *, *, #425, .T. ) ;
#4601 = ADVANCED_FACE ( 'NONE', ( #160 ), #4666, .F. ) ;
#4602 = DIRECTION ( 'NONE',  ( 0.000000000000000000, 0.000000000000000000, -1.000000000000000000 ) ) ;
#4603 = AXIS2_PLACEMENT_3D ( 'NONE', #3401, #3424, #3006 ) ;
#4604 = LINE ( 'NONE', #2679, #4774 ) ;
#4605 = CIRCLE ( 'NONE', #3737, 1.750000000000000000 ) ;
#4606 = CARTESIAN_POINT ( 'NONE',  ( 25.97999999999999687, 7.799999999999998934, -0.2000000000000005107 ) ) ;
#4607 = LINE ( 'NONE', #477, #4556 ) ;
#4608 = VECTOR ( 'NONE', #413, 1000.000000000000000 ) ;
#4609 = FACE_OUTER_BOUND ( 'NONE', #2010, .T. ) ;
#4610 = ADVANCED_FACE ( 'NONE', ( #509 ), #1271, .F. ) ;
#4611 = ORIENTED_EDGE ( 'NONE', *, *, #1732, .F. ) ;
#4612 = PLANE ( 'NONE',  #1126 ) ;
#4613 = AXIS2_PLACEMENT_3D ( 'NONE', #4383, #1044, #2153 ) ;
#4614 = MANIFOLD_SOLID_BREP ( 'Boss-Extrude4[2]', #3581 ) ;
#4615 = LINE ( 'NONE', #3549, #1796 ) ;
#4616 = DIRECTION ( 'NONE',  ( 0.000000000000000000, 0.000000000000000000, 1.000000000000000000 ) ) ;
#4617 = DIRECTION ( 'NONE',  ( 0.000000000000000000, 0.000000000000000000, 1.000000000000000000 ) ) ;
#4618 = EDGE_LOOP ( 'NONE', ( #1323, #857, #518, #3511 ) ) ;
#4619 = LINE ( 'NONE', #3505, #2347 ) ;
#4620 = ORIENTED_EDGE ( 'NONE', *, *, #2832, .T. ) ;
#4621 = VERTEX_POINT ( 'NONE', #4026 ) ;
#4622 = AXIS2_PLACEMENT_3D ( 'NONE', #4252, #2785, #1293 ) ;
#4623 = DIRECTION ( 'NONE',  ( -1.000000000000000000, -0.000000000000000000, -0.000000000000000000 ) ) ;
#4624 = ADVANCED_FACE ( 'NONE', ( #3998 ), #1665, .F. ) ;
#4625 = ORIENTED_EDGE ( 'NONE', *, *, #2919, .F. ) ;
#4626 = DIRECTION ( 'NONE',  ( 1.000000000000000000, 0.000000000000000000, 0.000000000000000000 ) ) ;
#4627 = CARTESIAN_POINT ( 'NONE',  ( 1.095000000000001528, 11.50000000000000000, 8.199999999999999289 ) ) ;
#4628 = DIRECTION ( 'NONE',  ( -1.000000000000000000, -0.000000000000000000, -2.503857664561930404E-16 ) ) ;
#4629 = VERTEX_POINT ( 'NONE', #2903 ) ;
#4630 = EDGE_CURVE ( 'NONE', #4157, #1721, #1873, .T. ) ;
#4631 = AXIS2_PLACEMENT_3D ( 'NONE', #42, #3864, #3810 ) ;
#4632 = DIRECTION ( 'NONE',  ( 0.000000000000000000, 1.000000000000000000, 0.000000000000000000 ) ) ;
#4633 = CARTESIAN_POINT ( 'NONE',  ( 25.97999999999999687, 2.700000000000000178, -4.400000000000000355 ) ) ;
#4634 = AXIS2_PLACEMENT_3D ( 'NONE', #1719, #3247, #3275 ) ;
#4635 =( LENGTH_UNIT ( ) NAMED_UNIT ( * ) SI_UNIT ( .MILLI., .METRE. ) );
#4636 = LINE ( 'NONE', #2754, #3563 ) ;
#4637 = VERTEX_POINT ( 'NONE', #4717 ) ;
#4638 = DIRECTION ( 'NONE',  ( 1.000000000000000000, 0.000000000000000000, 0.000000000000000000 ) ) ;
#4639 = STYLED_ITEM ( 'NONE', ( #3994 ), #4814 ) ;
#4640 = AXIS2_PLACEMENT_3D ( 'NONE', #878, #3477, #2713 ) ;
#4641 = DIRECTION ( 'NONE',  ( 1.000000000000000000, -0.000000000000000000, -0.000000000000000000 ) ) ;
#4642 = CYLINDRICAL_SURFACE ( 'NONE', #4122, 1.250000000000001110 ) ;
#4643 = FACE_BOUND ( 'NONE', #4592, .T. ) ;
#4644 = ADVANCED_FACE ( 'NONE', ( #3622 ), #3301, .F. ) ;
#4645 = AXIS2_PLACEMENT_3D ( 'NONE', #953, #4034, #2862 ) ;
#4646 = EDGE_LOOP ( 'NONE', ( #1347, #4664, #2836, #427 ) ) ;
#4647 = DIRECTION ( 'NONE',  ( 0.000000000000000000, -1.000000000000000000, 0.000000000000000000 ) ) ;
#4648 = ORIENTED_EDGE ( 'NONE', *, *, #3733, .F. ) ;
#4649 = ORIENTED_EDGE ( 'NONE', *, *, #1263, .T. ) ;
#4650 = ADVANCED_FACE ( 'NONE', ( #679 ), #1028, .T. ) ;
#4651 = DIRECTION ( 'NONE',  ( 0.000000000000000000, 1.000000000000000000, 2.478176394252582127E-16 ) ) ;
#4652 = ORIENTED_EDGE ( 'NONE', *, *, #463, .T. ) ;
#4653 = CARTESIAN_POINT ( 'NONE',  ( -25.98000000000000398, 2.700000000000000178, -4.500000000000001776 ) ) ;
#4654 = ADVANCED_FACE ( 'NONE', ( #2925 ), #4340, .F. ) ;
#4655 = DIRECTION ( 'NONE',  ( -0.000000000000000000, -1.000000000000000000, -0.000000000000000000 ) ) ;
#4656 = ADVANCED_FACE ( 'NONE', ( #2878 ), #4362, .F. ) ;
#4657 = ORIENTED_EDGE ( 'NONE', *, *, #3065, .T. ) ;
#4658 = CARTESIAN_POINT ( 'NONE',  ( -28.58099999999999952, 8.000000000000000000, 3.699999999999998401 ) ) ;
#4659 = PRODUCT_DEFINITION_SHAPE ( 'NONE', 'NONE',  #2992 ) ;
#4660 = CARTESIAN_POINT ( 'NONE',  ( 27.08000000000000185, 11.60000000000000142, 0.3499999999999985345 ) ) ;
#4661 = DIRECTION ( 'NONE',  ( 0.000000000000000000, 1.275531967630005492E-16, 1.000000000000000000 ) ) ;
#4662 = PLANE ( 'NONE',  #4480 ) ;
#4663 = CARTESIAN_POINT ( 'NONE',  ( 25.97999999999999687, 2.700000000000000178, 0.3999999999999969136 ) ) ;
#4664 = ORIENTED_EDGE ( 'NONE', *, *, #899, .F. ) ;
#4665 = DIRECTION ( 'NONE',  ( 1.000000000000000000, -0.000000000000000000, -0.000000000000000000 ) ) ;
#4666 = PLANE ( 'NONE',  #4099 ) ;
#4667 = ADVANCED_FACE ( 'NONE', ( #1740, #3595, #651, #2160, #3968, #3668, #2833 ), #1792, .T. ) ;
#4668 = DIRECTION ( 'NONE',  ( -1.000000000000000000, -0.000000000000000000, 1.141265444721583757E-16 ) ) ;
#4669 = CARTESIAN_POINT ( 'NONE',  ( 1.095000000000001528, 11.50000000000000000, 8.199999999999999289 ) ) ;
#4670 = VECTOR ( 'NONE', #2920, 1000.000000000000000 ) ;
#4671 = VERTEX_POINT ( 'NONE', #2508 ) ;
#4672 = CARTESIAN_POINT ( 'NONE',  ( -25.98000000000000398, 2.700000000000000178, -4.500000000000001776 ) ) ;
#4673 = EDGE_LOOP ( 'NONE', ( #3966, #647 ) ) ;
#4674 =( GEOMETRIC_REPRESENTATION_CONTEXT ( 3 ) GLOBAL_UNCERTAINTY_ASSIGNED_CONTEXT ( ( #3738 ) ) GLOBAL_UNIT_ASSIGNED_CONTEXT ( ( #324, #992, #1757 ) ) REPRESENTATION_CONTEXT ( 'NONE', 'WORKASPACE' ) );
#4675 =( NAMED_UNIT ( * ) PLANE_ANGLE_UNIT ( ) SI_UNIT ( $, .RADIAN. ) );
#4676 = EDGE_LOOP ( 'NONE', ( #3129, #2121 ) ) ;
#4677 = DIRECTION ( 'NONE',  ( 0.000000000000000000, 0.000000000000000000, -1.000000000000000000 ) ) ;
#4678 = DIRECTION ( 'NONE',  ( 0.000000000000000000, 0.000000000000000000, 1.000000000000000000 ) ) ;
#4679 = ORIENTED_EDGE ( 'NONE', *, *, #4174, .F. ) ;
#4680 = UNCERTAINTY_MEASURE_WITH_UNIT (LENGTH_MEASURE( 1.000000000000000082E-05 ), #3364, 'distance_accuracy_value', 'NONE');
#4681 = DIRECTION ( 'NONE',  ( -0.000000000000000000, 1.000000000000000000, -0.000000000000000000 ) ) ;
#4682 = ADVANCED_FACE ( 'NONE', ( #1049 ), #2558, .F. ) ;
#4683 = EDGE_CURVE ( 'NONE', #4187, #3865, #1558, .T. ) ;
#4684 = CARTESIAN_POINT ( 'NONE',  ( 25.28000000000000469, 10.10000000000000142, 2.599999999999998757 ) ) ;
#4685 = EDGE_CURVE ( 'NONE', #2844, #4745, #971, .T. ) ;
#4686 = DIRECTION ( 'NONE',  ( 0.000000000000000000, 0.000000000000000000, -1.000000000000000000 ) ) ;
#4687 = CARTESIAN_POINT ( 'NONE',  ( -15.78000000000000291, 1.700000000000000178, 1.599999999999997202 ) ) ;
#4688 = CIRCLE ( 'NONE', #2551, 1.750000000000000000 ) ;
#4689 = EDGE_LOOP ( 'NONE', ( #4809, #4575, #3070, #354 ) ) ;
#4690 = DIRECTION ( 'NONE',  ( -1.000000000000000000, -0.000000000000000000, -0.000000000000000000 ) ) ;
#4691 = AXIS2_PLACEMENT_3D ( 'NONE', #2212, #3721, #4058 ) ;
#4692 = CIRCLE ( 'NONE', #3182, 1.750000000000000000 ) ;
#4693 = CARTESIAN_POINT ( 'NONE',  ( -25.28000000000000114, 10.10000000000000142, 2.500000000000002665 ) ) ;
#4694 = CARTESIAN_POINT ( 'NONE',  ( -25.32999999999999829, 0.000000000000000000, 2.599999999999998312 ) ) ;
#4695 = LINE ( 'NONE', #4296, #2485 ) ;
#4696 = EDGE_LOOP ( 'NONE', ( #3711, #2621, #4231, #1324 ) ) ;
#4697 = CARTESIAN_POINT ( 'NONE',  ( 1.670000000000001261, 6.500000000000000000, 7.699999999999998401 ) ) ;
#4698 = ORIENTED_EDGE ( 'NONE', *, *, #4085, .T. ) ;
#4699 = LINE ( 'NONE', #3885, #305 ) ;
#4700 = ORIENTED_EDGE ( 'NONE', *, *, #791, .F. ) ;
#4701 = LINE ( 'NONE', #836, #2659 ) ;
#4702 = EDGE_CURVE ( 'NONE', #408, #1426, #1236, .T. ) ;
#4703 = DIRECTION ( 'NONE',  ( 1.000000000000000000, 0.000000000000000000, 0.000000000000000000 ) ) ;
#4704 = VERTEX_POINT ( 'NONE', #2187 ) ;
#4705 = VERTEX_POINT ( 'NONE', #4485 ) ;
#4706 = VECTOR ( 'NONE', #2083, 1000.000000000000000 ) ;
#4707 = ADVANCED_FACE ( 'NONE', ( #1542 ), #2584, .F. ) ;
#4708 = CARTESIAN_POINT ( 'NONE',  ( 23.48000000000000753, 10.10000000000000142, -0.1500000000000014655 ) ) ;
#4709 = VECTOR ( 'NONE', #3750, 1000.000000000000000 ) ;
#4710 = ADVANCED_FACE ( 'NONE', ( #721 ), #4842, .T. ) ;
#4711 = FACE_OUTER_BOUND ( 'NONE', #2276, .T. ) ;
#4712 = SHAPE_DEFINITION_REPRESENTATION ( #4659, #4814 ) ;
#4713 = CARTESIAN_POINT ( 'NONE',  ( -28.58000000000000185, 7.800000000000005151, 4.499999999999997335 ) ) ;
#4714 = AXIS2_PLACEMENT_3D ( 'NONE', #1172, #2656, #796 ) ;
#4715 = VERTEX_POINT ( 'NONE', #2258 ) ;
#4716 = CARTESIAN_POINT ( 'NONE',  ( -25.98000000000000398, 7.799999999999999822, 0.2999999999999973244 ) ) ;
#4717 = CARTESIAN_POINT ( 'NONE',  ( -23.48000000000000043, 10.10000000000000142, 0.2500000000000000000 ) ) ;
#4718 = CARTESIAN_POINT ( 'NONE',  ( 23.48000000000000753, 11.60000000000000142, -0.1500000000000014655 ) ) ;
#4719 = CARTESIAN_POINT ( 'NONE',  ( 25.28000000000000469, 10.10000000000000142, 0.8499999999999985345 ) ) ;
#4720 = AXIS2_PLACEMENT_3D ( 'NONE', #440, #3085, #4677 ) ;
#4721 = ORIENTED_EDGE ( 'NONE', *, *, #297, .F. ) ;
#4722 = EDGE_CURVE ( 'NONE', #4704, #4030, #1515, .T. ) ;
#4723 = ORIENTED_EDGE ( 'NONE', *, *, #529, .F. ) ;
#4724 = EDGE_CURVE ( 'NONE', #2190, #1770, #4805, .T. ) ;
#4725 = DIRECTION ( 'NONE',  ( 0.000000000000000000, 0.000000000000000000, 1.000000000000000000 ) ) ;
#4726 = EDGE_LOOP ( 'NONE', ( #2115, #2185, #435, #513 ) ) ;
#4727 = STYLED_ITEM ( 'NONE', ( #2435 ), #4614 ) ;
#4728 = FACE_OUTER_BOUND ( 'NONE', #3155, .T. ) ;
#4729 = CARTESIAN_POINT ( 'NONE',  ( -25.28000000000000114, 11.60000000000000142, 2.500000000000002665 ) ) ;
#4730 = DIRECTION ( 'NONE',  ( -0.000000000000000000, 1.000000000000000000, -0.000000000000000000 ) ) ;
#4731 = VERTEX_POINT ( 'NONE', #703 ) ;
#4732 = FACE_OUTER_BOUND ( 'NONE', #3494, .T. ) ;
#4733 = DIRECTION ( 'NONE',  ( 0.000000000000000000, 1.000000000000000000, 0.000000000000000000 ) ) ;
#4734 = AXIS2_PLACEMENT_3D ( 'NONE', #3932, #1626, #4651 ) ;
#4735 = ORIENTED_EDGE ( 'NONE', *, *, #301, .T. ) ;
#4736 = ORIENTED_EDGE ( 'NONE', *, *, #3520, .T. ) ;
#4737 = CARTESIAN_POINT ( 'NONE',  ( 25.97999999999999687, 7.799999999999999822, -4.400000000000001243 ) ) ;
#4738 = DIRECTION ( 'NONE',  ( 0.3162277660168380522, 0.9486832980505137680, -3.608998220165195039E-17 ) ) ;
#4739 = CIRCLE ( 'NONE', #461, 0.4999999999999987232 ) ;
#4740 = DIRECTION ( 'NONE',  ( 0.000000000000000000, -0.000000000000000000, 1.000000000000000000 ) ) ;
#4741 = EDGE_LOOP ( 'NONE', ( #4206, #3375, #1340, #4498 ) ) ;
#4742 = CARTESIAN_POINT ( 'NONE',  ( 1.094999999999999973, 6.599999999999999645, -2.800000000000000266 ) ) ;
#4743 = CARTESIAN_POINT ( 'NONE',  ( -27.07999999999999829, 1.600000000000000089, 8.599999999999997868 ) ) ;
#4744 = DIRECTION ( 'NONE',  ( -0.000000000000000000, -1.000000000000000000, -0.000000000000000000 ) ) ;
#4745 = VERTEX_POINT ( 'NONE', #3 ) ;
#4746 = ORIENTED_EDGE ( 'NONE', *, *, #41, .T. ) ;
#4747 = CARTESIAN_POINT ( 'NONE',  ( 2.499999999999995115, -19.12000000000000455, -10.10000000000000142 ) ) ;
#4748 = ADVANCED_FACE ( 'NONE', ( #774 ), #2233, .T. ) ;
#4749 = VECTOR ( 'NONE', #1643, 1000.000000000000000 ) ;
#4750 = LINE ( 'NONE', #241, #4384 ) ;
#4751 = ORIENTED_EDGE ( 'NONE', *, *, #2729, .F. ) ;
#4752 = DIRECTION ( 'NONE',  ( -0.000000000000000000, -1.000000000000000000, -0.000000000000000000 ) ) ;
#4753 = FACE_BOUND ( 'NONE', #3553, .T. ) ;
#4754 = ORIENTED_EDGE ( 'NONE', *, *, #3416, .T. ) ;
#4755 = ORIENTED_EDGE ( 'NONE', *, *, #2343, .F. ) ;
#4756 = CIRCLE ( 'NONE', #1822, 1.750000000000000000 ) ;
#4757 = LINE ( 'NONE', #1360, #1664 ) ;
#4758 = LINE ( 'NONE', #2128, #2013 ) ;
#4759 = MANIFOLD_SOLID_BREP ( 'Cut-Extrude5', #2969 ) ;
#4760 = APPLICATION_PROTOCOL_DEFINITION ( 'draft international standard', 'automotive_design', 1998, #2482 ) ;
#4761 = DIRECTION ( 'NONE',  ( 1.000000000000000000, 0.000000000000000000, -7.779029040254739985E-17 ) ) ;
#4762 = ORIENTED_EDGE ( 'NONE', *, *, #3722, .T. ) ;
#4763 = DIRECTION ( 'NONE',  ( 0.000000000000000000, 0.000000000000000000, 1.000000000000000000 ) ) ;
#4764 = ORIENTED_EDGE ( 'NONE', *, *, #2218, .F. ) ;
#4765 =( NAMED_UNIT ( * ) PLANE_ANGLE_UNIT ( ) SI_UNIT ( $, .RADIAN. ) );
#4767 = CYLINDRICAL_SURFACE ( 'NONE', #4039, 1.750000000000000000 ) ;
#4766 = VECTOR ( 'NONE', #3222, 1000.000000000000000 ) ;
#4768 = ADVANCED_FACE ( 'NONE', ( #1123 ), #2284, .F. ) ;
#4769 = DIRECTION ( 'NONE',  ( -0.000000000000000000, 1.000000000000000000, -0.000000000000000000 ) ) ;
#4770 = VECTOR ( 'NONE', #39, 1000.000000000000000 ) ;
#4771 = ORIENTED_EDGE ( 'NONE', *, *, #4061, .T. ) ;
#4772 = ORIENTED_EDGE ( 'NONE', *, *, #4722, .F. ) ;
#4773 = CARTESIAN_POINT ( 'NONE',  ( -23.54794919243112261, 10.10000000000000142, 2.750000000000002665 ) ) ;
#4774 = VECTOR ( 'NONE', #4240, 1000.000000000000000 ) ;
#4775 = LINE ( 'NONE', #2515, #316 ) ;
#4776 = CARTESIAN_POINT ( 'NONE',  ( 25.97999999999999687, 7.799999999999999822, 4.599999999999997868 ) ) ;
#4777 = AXIS2_PLACEMENT_3D ( 'NONE', #3608, #4377, #4780 ) ;
#4778 = VERTEX_POINT ( 'NONE', #4150 ) ;
#4779 = FACE_OUTER_BOUND ( 'NONE', #3734, .T. ) ;
#4780 = DIRECTION ( 'NONE',  ( 0.000000000000000000, 0.000000000000000000, 1.000000000000000000 ) ) ;
#4781 = ORIENTED_EDGE ( 'NONE', *, *, #479, .T. ) ;
#4782 = AXIS2_PLACEMENT_3D ( 'NONE', #3433, #1532, #1907 ) ;
#4783 = VERTEX_POINT ( 'NONE', #1074 ) ;
#4784 = DIRECTION ( 'NONE',  ( -1.000000000000000000, 0.000000000000000000, 1.155297396910783454E-16 ) ) ;
#4785 = DIRECTION ( 'NONE',  ( 1.000000000000000000, 0.000000000000000000, 0.000000000000000000 ) ) ;
#4786 = ADVANCED_FACE ( 'NONE', ( #3770 ), #1889, .F. ) ;
#4787 = AXIS2_PLACEMENT_3D ( 'NONE', #1223, #113, #4320 ) ;
#4788 = DIRECTION ( 'NONE',  ( 7.779029040254739985E-17, -0.000000000000000000, 1.000000000000000000 ) ) ;
#4789 = LINE ( 'NONE', #4816, #2393 ) ;
#4790 = ORIENTED_EDGE ( 'NONE', *, *, #3824, .T. ) ;
#4791 = CARTESIAN_POINT ( 'NONE',  ( -15.78000000000000291, 12.30000000000000071, 1.599999999999997202 ) ) ;
#4792 = DIRECTION ( 'NONE',  ( 0.000000000000000000, 0.000000000000000000, 1.000000000000000000 ) ) ;
#4793 = VECTOR ( 'NONE', #768, 1000.000000000000000 ) ;
#4794 = LINE ( 'NONE', #1320, #755 ) ;
#4795 = ORIENTED_EDGE ( 'NONE', *, *, #2746, .F. ) ;
#4796 = LINE ( 'NONE', #2535, #2705 ) ;
#4797 = ORIENTED_EDGE ( 'NONE', *, *, #443, .T. ) ;
#4798 = DIRECTION ( 'NONE',  ( -0.000000000000000000, -0.000000000000000000, -1.000000000000000000 ) ) ;
#4799 = VECTOR ( 'NONE', #61, 1000.000000000000000 ) ;
#4800 = CARTESIAN_POINT ( 'NONE',  ( -1.995760434326209198, 13.12999999999999901, 7.619313824919474065 ) ) ;
#4801 = ORIENTED_EDGE ( 'NONE', *, *, #2223, .F. ) ;
#4802 = CARTESIAN_POINT ( 'NONE',  ( -28.58000000000000185, 1.600000000000000089, 10.09999999999999787 ) ) ;
#4803 = DIRECTION ( 'NONE',  ( -0.000000000000000000, 1.000000000000000000, -0.000000000000000000 ) ) ;
#4804 = CARTESIAN_POINT ( 'NONE',  ( -1.829999999999999627, 11.70000000000000107, 9.299999999999997158 ) ) ;
#4805 = CIRCLE ( 'NONE', #1310, 1.750000000000000000 ) ;
#4806 = FACE_OUTER_BOUND ( 'NONE', #4696, .T. ) ;
#4807 = VECTOR ( 'NONE', #2757, 1000.000000000000000 ) ;
#4808 = ORIENTED_EDGE ( 'NONE', *, *, #2228, .T. ) ;
#4809 = ORIENTED_EDGE ( 'NONE', *, *, #4825, .T. ) ;
#4810 = ADVANCED_FACE ( 'NONE', ( #1913 ), #3413, .F. ) ;
#4811 =( NAMED_UNIT ( * ) PLANE_ANGLE_UNIT ( ) SI_UNIT ( $, .RADIAN. ) );
#4812 = ORIENTED_EDGE ( 'NONE', *, *, #343, .F. ) ;
#4813 = CARTESIAN_POINT ( 'NONE',  ( -11.47999999999999865, 1.700000000000000178, 3.399999999999996803 ) ) ;
#4814 = ADVANCED_BREP_SHAPE_REPRESENTATION ( 'VOLTAGE REGULATOR', ( #1333, #2983, #4759, #2971, #4614, #1460, #1339, #1473, #3062, #2997, #920 ), #842 ) ;
#4815 = PLANE ( 'NONE',  #4123 ) ;
#4816 = CARTESIAN_POINT ( 'NONE',  ( -11.47999999999999865, 9.199999999999999289, 3.399999999999996803 ) ) ;
#4817 = EDGE_LOOP ( 'NONE', ( #1102, #1078, #978, #3758 ) ) ;
#4818 = DIRECTION ( 'NONE',  ( 0.000000000000000000, 0.000000000000000000, -1.000000000000000000 ) ) ;
#4819 = CARTESIAN_POINT ( 'NONE',  ( 12.24500000000000277, 11.50000000000000000, 8.199999999999999289 ) ) ;
#4820 = CARTESIAN_POINT ( 'NONE',  ( 25.97999999999999687, 2.700000000000000178, -4.400000000000000355 ) ) ;
#4821 = ORIENTED_EDGE ( 'NONE', *, *, #1957, .F. ) ;
#4822 = ORIENTED_EDGE ( 'NONE', *, *, #1079, .T. ) ;
#4823 = DIRECTION ( 'NONE',  ( 0.5547001962252292584, 0.8320502943378436100, 0.000000000000000000 ) ) ;
#4824 = DIRECTION ( 'NONE',  ( 0.000000000000000000, 1.000000000000000000, 0.000000000000000000 ) ) ;
#4825 = EDGE_CURVE ( 'NONE', #3674, #1251, #1814, .T. ) ;
#4826 = VECTOR ( 'NONE', #3118, 1000.000000000000000 ) ;
#4827 = CARTESIAN_POINT ( 'NONE',  ( 27.07999999999999829, 1.600000000000000089, -8.599999999999997868 ) ) ;
#4828 = CARTESIAN_POINT ( 'NONE',  ( -28.58000000000000185, 1.700000000000000178, 4.999999999999997335 ) ) ;
#4829 = EDGE_LOOP ( 'NONE', ( #2304, #1655, #2670, #3547 ) ) ;
#4830 = DIRECTION ( 'NONE',  ( -3.419619929664837581E-32, -1.000000000000000000, -2.478176394252582127E-16 ) ) ;
#4831 = LINE ( 'NONE', #3313, #1211 ) ;
#4832 = EDGE_LOOP ( 'NONE', ( #115, #158, #3189, #784 ) ) ;
#4833 = ORIENTED_EDGE ( 'NONE', *, *, #1936, .T. ) ;
#4834 = ORIENTED_EDGE ( 'NONE', *, *, #353, .F. ) ;
#4835 = DIRECTION ( 'NONE',  ( 0.000000000000000000, 1.000000000000000000, -0.000000000000000000 ) ) ;
#4836 = AXIS2_PLACEMENT_3D ( 'NONE', #596, #2947, #4838 ) ;
#4837 = EDGE_CURVE ( 'NONE', #2470, #3890, #4607, .T. ) ;
#4838 = DIRECTION ( 'NONE',  ( -1.000000000000000000, 0.000000000000000000, -0.000000000000000000 ) ) ;
#4839 = EDGE_CURVE ( 'NONE', #3626, #2999, #156, .T. ) ;
#4840 = EDGE_CURVE ( 'NONE', #3011, #1368, #1193, .T. ) ;
#4841 = VERTEX_POINT ( 'NONE', #3468 ) ;
#4842 = PLANE ( 'NONE',  #1554 ) ;
#4843 = EDGE_CURVE ( 'NONE', #892, #3794, #870, .T. ) ;
#4844 = DIRECTION ( 'NONE',  ( 0.000000000000000000, -1.000000000000000000, -0.000000000000000000 ) ) ;
#4845 = ORIENTED_EDGE ( 'NONE', *, *, #4176, .T. ) ;
#4846 = EDGE_LOOP ( 'NONE', ( #229, #3030, #3598, #4083, #2236, #2917, #3751, #856, #4893, #1849, #169, #723, #695, #488, #4428, #1425, #2244, #1570, #4198, #13, #756, #2438, #2791, #4325 ) ) ;
#4847 = DIRECTION ( 'NONE',  ( -0.000000000000000000, -1.000000000000000000, -0.000000000000000000 ) ) ;
#4848 = DIRECTION ( 'NONE',  ( -0.000000000000000000, 1.000000000000000000, 0.000000000000000000 ) ) ;
#4849 = CARTESIAN_POINT ( 'NONE',  ( -25.98000000000000398, 2.700000000000000178, -0.3000000000000007661 ) ) ;
#4850 = LINE ( 'NONE', #3704, #2253 ) ;
#4851 = DIRECTION ( 'NONE',  ( 0.000000000000000000, 0.000000000000000000, -1.000000000000000000 ) ) ;
#4852 = AXIS2_PLACEMENT_3D ( 'NONE', #2782, #2831, #893 ) ;
#4853 = FACE_OUTER_BOUND ( 'NONE', #444, .T. ) ;
#4854 = ORIENTED_EDGE ( 'NONE', *, *, #373, .F. ) ;
#4855 = LINE ( 'NONE', #3778, #2557 ) ;
#4856 = ORIENTED_EDGE ( 'NONE', *, *, #3157, .T. ) ;
#4857 = AXIS2_PLACEMENT_3D ( 'NONE', #4827, #3818, #2931 ) ;
#4858 = ORIENTED_EDGE ( 'NONE', *, *, #4205, .T. ) ;
#4859 = CARTESIAN_POINT ( 'NONE',  ( 25.97999999999999687, 7.799999999999999822, -4.400000000000001243 ) ) ;
#4860 = EDGE_CURVE ( 'NONE', #63, #2222, #1216, .T. ) ;
#4861 = EDGE_LOOP ( 'NONE', ( #4025, #3838, #4870, #2175 ) ) ;
#4862 = CIRCLE ( 'NONE', #3342, 3.999999999999999112 ) ;
#4863 = CARTESIAN_POINT ( 'NONE',  ( 15.78000000000001357, 12.30000000000000071, -1.350000000000002309 ) ) ;
#4864 = ADVANCED_FACE ( 'NONE', ( #2701 ), #4662, .F. ) ;
#4865 = EDGE_CURVE ( 'NONE', #89, #1195, #2309, .T. ) ;
#4866 = SURFACE_STYLE_USAGE ( .BOTH. , #3345 ) ;
#4867 = DIRECTION ( 'NONE',  ( 0.000000000000000000, 0.000000000000000000, -1.000000000000000000 ) ) ;
#4868 = ADVANCED_FACE ( 'NONE', ( #103 ), #3917, .F. ) ;
#4869 = ORIENTED_EDGE ( 'NONE', *, *, #982, .F. ) ;
#4870 = ORIENTED_EDGE ( 'NONE', *, *, #3953, .F. ) ;
#4871 = CARTESIAN_POINT ( 'NONE',  ( 25.28000000000000469, 10.10000000000000142, -2.400000000000001688 ) ) ;
#4872 = CYLINDRICAL_SURFACE ( 'NONE', #1397, 0.4999999999999987232 ) ;
#4873 = CLOSED_SHELL ( 'NONE', ( #4707, #1385, #4656, #2317, #4453, #2697 ) ) ;
#4874 = DIRECTION ( 'NONE',  ( 0.000000000000000000, 0.000000000000000000, -1.000000000000000000 ) ) ;
#4875 = VERTEX_POINT ( 'NONE', #1638 ) ;
#4876 = CARTESIAN_POINT ( 'NONE',  ( -30.68000000000000327, 2.300000000000000711, -10.10000000000000142 ) ) ;
#4877 = CIRCLE ( 'NONE', #4313, 1.100000000000000311 ) ;
#4878 = ORIENTED_EDGE ( 'NONE', *, *, #621, .F. ) ;
#4879 = DIRECTION ( 'NONE',  ( 0.000000000000000000, -1.000000000000000000, 0.000000000000000000 ) ) ;
#4880 = CARTESIAN_POINT ( 'NONE',  ( 1.095000000000002194, 11.50000000000000000, -0.3000000000000007661 ) ) ;
#4881 = ORIENTED_EDGE ( 'NONE', *, *, #837, .T. ) ;
#4882 = VERTEX_POINT ( 'NONE', #423 ) ;
#4883 = FACE_OUTER_BOUND ( 'NONE', #3349, .T. ) ;
#4884 = EDGE_LOOP ( 'NONE', ( #1115, #713, #4135, #2602 ) ) ;
#4885 = LINE ( 'NONE', #744, #894 ) ;
#4886 = EDGE_CURVE ( 'NONE', #2320, #1276, #889, .T. ) ;
#4887 = LINE ( 'NONE', #3868, #2631 ) ;
#4888 = SURFACE_STYLE_FILL_AREA ( #1835 ) ;
#4889 = DIRECTION ( 'NONE',  ( 0.000000000000000000, 0.000000000000000000, -1.000000000000000000 ) ) ;
#4890 = VERTEX_POINT ( 'NONE', #3521 ) ;
#4891 = CARTESIAN_POINT ( 'NONE',  ( -11.48000000000000043, 9.199999999999999289, -8.800000000000002487 ) ) ;
#4892 = DIRECTION ( 'NONE',  ( 0.000000000000000000, 0.000000000000000000, -1.000000000000000000 ) ) ;
#4893 = ORIENTED_EDGE ( 'NONE', *, *, #4236, .F. ) ;
#4894 = EDGE_CURVE ( 'NONE', #4899, #4269, #3609, .T. ) ;
#4895 = ORIENTED_EDGE ( 'NONE', *, *, #3067, .T. ) ;
#4896 = DIRECTION ( 'NONE',  ( -0.000000000000000000, -0.000000000000000000, -1.000000000000000000 ) ) ;
#4897 = LINE ( 'NONE', #404, #188 ) ;
#4898 = DIRECTION ( 'NONE',  ( 0.000000000000000000, 0.000000000000000000, -1.000000000000000000 ) ) ;
#4899 = VERTEX_POINT ( 'NONE', #1990 ) ;
#4900 = ADVANCED_FACE ( 'NONE', ( #3066 ), #3442, .F. ) ;
#4901 = ORIENTED_EDGE ( 'NONE', *, *, #3289, .F. ) ;
#4902 = CARTESIAN_POINT ( 'NONE',  ( -2.929999999999999272, 13.12999999999999901, 8.199999999999997513 ) ) ;
#4903 = ADVANCED_FACE ( 'NONE', ( #1264 ), #4243, .F. ) ;
#4904 = EDGE_LOOP ( 'NONE', ( #2442, #760, #3094, #2966 ) ) ;
#4905 = LINE ( 'NONE', #1139, #4770 ) ;
#4906 = CIRCLE ( 'NONE', #2329, 1.250000000000001110 ) ;
#4907 = CARTESIAN_POINT ( 'NONE',  ( -15.78000000000000291, 12.30000000000000071, 1.599999999999997202 ) ) ;
#4908 = DIRECTION ( 'NONE',  ( 0.000000000000000000, 0.000000000000000000, 1.000000000000000000 ) ) ;
#4909 = AXIS2_PLACEMENT_3D ( 'NONE', #956, #3955, #2467 ) ;
ENDSEC;
END-ISO-10303-21;
