ISO-10303-21;
HEADER;
FILE_DESCRIPTION (( 'STEP AP214' ),
    '1' );
FILE_NAME ('3F8EB807-6556-453D-A546-73C67FD4E131.STEP',
    '2025-07-10T05:50:17',
    ( '' ),
    ( '' ),
    'SwSTEP 2.0',
    'SolidWorks 2022',
    '' );
FILE_SCHEMA (( 'AUTOMOTIVE_DESIGN' ));
ENDSEC;

DATA;
#1 = LINE ( 'NONE', #6599, #7926 ) ;
#2 = CARTESIAN_POINT ( 'NONE',  ( -0.9699999999999999734, 0.5000000000000000000, 0.1999999999999999833 ) ) ;
#3 = EDGE_LOOP ( 'NONE', ( #6031, #4694, #7955, #5861 ) ) ;
#4 = CARTESIAN_POINT ( 'NONE',  ( 5.599999999999999645, 0.0000000000000000000, 0.0000000000000000000 ) ) ;
#5 = VECTOR ( 'NONE', #5226, 1000.000000000000000 ) ;
#6 = PLANE ( 'NONE',  #1032 ) ;
#7 = ORIENTED_EDGE ( 'NONE', *, *, #4197, .T. ) ;
#8 = VECTOR ( 'NONE', #3588, 1000.000000000000000 ) ;
#9 = AXIS2_PLACEMENT_3D ( 'NONE', #6210, #8228, #2205 ) ;
#10 = AXIS2_PLACEMENT_3D ( 'NONE', #971, #3017, #6304 ) ;
#11 = EDGE_CURVE ( 'NONE', #930, #2878, #6681, .T. ) ;
#12 = LINE ( 'NONE', #1493, #1132 ) ;
#13 = FILL_AREA_STYLE_COLOUR ( '', #3319 ) ;
#14 = EDGE_LOOP ( 'NONE', ( #287, #1319, #3282, #5385 ) ) ;
#15 = CARTESIAN_POINT ( 'NONE',  ( 10.41000000000000014, 0.0000000000000000000, 0.7500000000000000000 ) ) ;
#16 = ORIENTED_EDGE ( 'NONE', *, *, #3055, .F. ) ;
#17 = CARTESIAN_POINT ( 'NONE',  ( -10.41000000000000014, 0.0000000000000000000, 0.0000000000000000000 ) ) ;
#18 = VECTOR ( 'NONE', #8550, 1000.000000000000000 ) ;
#19 = PRESENTATION_LAYER_ASSIGNMENT (  '', '', ( #6480 ) ) ;
#20 = ORIENTED_EDGE ( 'NONE', *, *, #4219, .T. ) ;
#21 = DIRECTION ( 'NONE',  ( 0.0000000000000000000, 1.000000000000000000, 0.0000000000000000000 ) ) ;
#22 = ORIENTED_EDGE ( 'NONE', *, *, #1845, .F. ) ;
#23 = EDGE_CURVE ( 'NONE', #6561, #5319, #4682, .T. ) ;
#24 = AXIS2_PLACEMENT_3D ( 'NONE', #8655, #1254, #6624 ) ;
#25 = SURFACE_SIDE_STYLE ('',( #8194 ) ) ;
#26 = DIRECTION ( 'NONE',  ( 0.0000000000000000000, -0.0000000000000000000, -1.000000000000000000 ) ) ;
#27 = LINE ( 'NONE', #2713, #7584 ) ;
#28 =( LENGTH_UNIT ( ) NAMED_UNIT ( * ) SI_UNIT ( .MILLI., .METRE. ) );
#29 = LINE ( 'NONE', #2715, #7895 ) ;
#30 = FILL_AREA_STYLE ('',( #2053 ) ) ;
#31 = EDGE_LOOP ( 'NONE', ( #163, #4035, #8348, #327 ) ) ;
#32 = PRESENTATION_LAYER_ASSIGNMENT (  '', '', ( #4236 ) ) ;
#33 = EDGE_CURVE ( 'NONE', #1335, #3026, #91, .T. ) ;
#34 = LINE ( 'NONE', #2845, #8048 ) ;
#35 = EDGE_CURVE ( 'NONE', #2923, #7993, #126, .T. ) ;
#36 = CARTESIAN_POINT ( 'NONE',  ( 9.615000000000000213, 7.500000000000000000, -0.7500000000000000000 ) ) ;
#37 = CARTESIAN_POINT ( 'NONE',  ( 0.7700000000000000178, 0.5000000000000000000, -0.5000000000000000000 ) ) ;
#38 = VECTOR ( 'NONE', #6011, 1000.000000000000000 ) ;
#39 = SURFACE_STYLE_USAGE ( .BOTH. , #694 ) ;
#40 = CARTESIAN_POINT ( 'NONE',  ( -8.390000000000002345, 8.199999999999999289, 0.5000000000000002220 ) ) ;
#41 =( LENGTH_UNIT ( ) NAMED_UNIT ( * ) SI_UNIT ( .MILLI., .METRE. ) );
#42 = ORIENTED_EDGE ( 'NONE', *, *, #7761, .T. ) ;
#43 = PRESENTATION_STYLE_ASSIGNMENT (( #5371 ) ) ;
#44 = UNCERTAINTY_MEASURE_WITH_UNIT (LENGTH_MEASURE( 1.000000000000000082E-05 ), #8434, 'distance_accuracy_value', 'NONE');
#45 = EDGE_CURVE ( 'NONE', #3720, #3133, #4637, .T. ) ;
#46 = CARTESIAN_POINT ( 'NONE',  ( 10.41000000000000014, 0.0000000000000000000, 0.7500000000000000000 ) ) ;
#47 = DIRECTION ( 'NONE',  ( -0.7071067811865475727, 0.7071067811865475727, 0.0000000000000000000 ) ) ;
#48 = ORIENTED_EDGE ( 'NONE', *, *, #8027, .T. ) ;
#49 = FACE_OUTER_BOUND ( 'NONE', #2560, .T. ) ;
#50 = AXIS2_PLACEMENT_3D ( 'NONE', #3013, #7602, #8272 ) ;
#51 = DIRECTION ( 'NONE',  ( -1.000000000000000000, -0.0000000000000000000, -0.0000000000000000000 ) ) ;
#52 = VERTEX_POINT ( 'NONE', #1488 ) ;
#53 = PRESENTATION_LAYER_ASSIGNMENT (  '', '', ( #4000 ) ) ;
#54 = UNCERTAINTY_MEASURE_WITH_UNIT (LENGTH_MEASURE( 1.000000000000000082E-05 ), #6954, 'distance_accuracy_value', 'NONE');
#55 = CARTESIAN_POINT ( 'NONE',  ( -9.389999999999998792, 8.199999999999999289, -0.5000000000000000000 ) ) ;
#56 = CARTESIAN_POINT ( 'NONE',  ( -4.535000000000000142, 7.500000000000000000, -0.7500000000000000000 ) ) ;
#57 = ORIENTED_EDGE ( 'NONE', *, *, #4021, .T. ) ;
#58 = CARTESIAN_POINT ( 'NONE',  ( -6.850000000000000533, 0.0000000000000000000, 0.0000000000000000000 ) ) ;
#59 = PLANE ( 'NONE',  #6029 ) ;
#60 = ORIENTED_EDGE ( 'NONE', *, *, #579, .T. ) ;
#61 =( LENGTH_UNIT ( ) NAMED_UNIT ( * ) SI_UNIT ( .MILLI., .METRE. ) );
#62 = VECTOR ( 'NONE', #3331, 1000.000000000000000 ) ;
#63 = EDGE_LOOP ( 'NONE', ( #3404, #1112, #2668, #1498 ) ) ;
#64 = ADVANCED_FACE ( 'NONE', ( #3515 ), #224, .F. ) ;
#65 = DIRECTION ( 'NONE',  ( -0.7071067811865475727, 0.7071067811865475727, 0.0000000000000000000 ) ) ;
#66 = ORIENTED_EDGE ( 'NONE', *, *, #3162, .F. ) ;
#67 = CARTESIAN_POINT ( 'NONE',  ( 1.419999999999999929, -3.000000000000000000, 0.2000000000000000111 ) ) ;
#68 = VECTOR ( 'NONE', #4539, 1000.000000000000000 ) ;
#69 = VECTOR ( 'NONE', #3797, 1000.000000000000000 ) ;
#70 = CARTESIAN_POINT ( 'NONE',  ( -9.539999999999999147, 8.349999999999999645, 0.0000000000000000000 ) ) ;
#71 = EDGE_CURVE ( 'NONE', #5947, #1158, #3651, .T. ) ;
#72 = FILL_AREA_STYLE ('',( #7349 ) ) ;
#73 = CARTESIAN_POINT ( 'NONE',  ( -10.41000000000000014, 0.0000000000000000000, 0.0000000000000000000 ) ) ;
#74 = DIRECTION ( 'NONE',  ( 0.0000000000000000000, 0.0000000000000000000, -1.000000000000000000 ) ) ;
#75 = DIRECTION ( 'NONE',  ( 1.000000000000000000, -0.0000000000000000000, 0.0000000000000000000 ) ) ;
#76 = VECTOR ( 'NONE', #2939, 1000.000000000000000 ) ;
#77 = VECTOR ( 'NONE', #6960, 1000.000000000000000 ) ;
#78 = ORIENTED_EDGE ( 'NONE', *, *, #7746, .F. ) ;
#79 = EDGE_CURVE ( 'NONE', #2083, #5037, #318, .T. ) ;
#80 = DIRECTION ( 'NONE',  ( 0.2873478855662903730, -0.9578262852211679723, 0.0000000000000000000 ) ) ;
#81 = DIRECTION ( 'NONE',  ( 0.5773502691896266192, -0.5773502691896266192, -0.5773502691896239547 ) ) ;
#82 = LINE ( 'NONE', #3338, #1273 ) ;
#83 = AXIS2_PLACEMENT_3D ( 'NONE', #1736, #7080, #6310 ) ;
#84 = FILL_AREA_STYLE ('',( #4629 ) ) ;
#85 = ORIENTED_EDGE ( 'NONE', *, *, #5004, .F. ) ;
#86 = ADVANCED_FACE ( 'NONE', ( #7587 ), #5625, .F. ) ;
#87 = ADVANCED_FACE ( 'NONE', ( #8262 ), #4352, .T. ) ;
#88 = VECTOR ( 'NONE', #4270, 1000.000000000000000 ) ;
#89 = SURFACE_STYLE_FILL_AREA ( #3432 ) ;
#90 = CARTESIAN_POINT ( 'NONE',  ( 0.5450000000000000400, 0.5000000000000000000, 0.7500000000000000000 ) ) ;
#91 = LINE ( 'NONE', #6154, #4634 ) ;
#92 = STYLED_ITEM ( 'NONE', ( #793 ), #7180 ) ;
#93 = CARTESIAN_POINT ( 'NONE',  ( -6.650000000000000355, 0.5000000000000000000, -0.2000000000000000111 ) ) ;
#94 = DIRECTION ( 'NONE',  ( -0.0000000000000000000, -0.0000000000000000000, 1.000000000000000000 ) ) ;
#95 = EDGE_CURVE ( 'NONE', #2652, #1471, #2152, .T. ) ;
#96 = ORIENTED_EDGE ( 'NONE', *, *, #1116, .T. ) ;
#97 = VECTOR ( 'NONE', #3791, 1000.000000000000000 ) ;
#98 = PLANE ( 'NONE',  #1970 ) ;
#99 = SURFACE_SIDE_STYLE ('',( #3322 ) ) ;
#100 = ORIENTED_EDGE ( 'NONE', *, *, #7773, .F. ) ;
#101 = ORIENTED_EDGE ( 'NONE', *, *, #3361, .F. ) ;
#102 = FILL_AREA_STYLE_COLOUR ( '', #2447 ) ;
#103 = ORIENTED_EDGE ( 'NONE', *, *, #4748, .F. ) ;
#104 = SURFACE_STYLE_USAGE ( .BOTH. , #6770 ) ;
#105 = ORIENTED_EDGE ( 'NONE', *, *, #7464, .F. ) ;
#106 = SURFACE_SIDE_STYLE ('',( #4114 ) ) ;
#107 = CARTESIAN_POINT ( 'NONE',  ( 4.109999999999994102, -2.499999999999997780, 0.2000000000000000944 ) ) ;
#108 = DIRECTION ( 'NONE',  ( 0.5773502691896245098, 0.5773502691896278405, 0.5773502691896250649 ) ) ;
#109 = LINE ( 'NONE', #2886, #300 ) ;
#110 = EDGE_LOOP ( 'NONE', ( #391, #5013, #2269, #8052, #7616, #6144 ) ) ;
#111 = ORIENTED_EDGE ( 'NONE', *, *, #5731, .F. ) ;
#112 = EDGE_CURVE ( 'NONE', #1058, #7248, #959, .T. ) ;
#113 = CARTESIAN_POINT ( 'NONE',  ( -10.41000000000000014, 7.500000000000000000, 0.7500000000000000000 ) ) ;
#114 = FILL_AREA_STYLE ('',( #1390 ) ) ;
#115 = CARTESIAN_POINT ( 'NONE',  ( 0.5450000000000001510, 0.5000000000000000000, -0.7500000000000000000 ) ) ;
#116 = EDGE_LOOP ( 'NONE', ( #506, #364, #6285, #6841 ) ) ;
#117 = CARTESIAN_POINT ( 'NONE',  ( -1.620000000000000107, 7.500000000000000000, 0.3500000000000000333 ) ) ;
#118 = VECTOR ( 'NONE', #5168, 1000.000000000000000 ) ;
#119 = UNCERTAINTY_MEASURE_WITH_UNIT (LENGTH_MEASURE( 1.000000000000000082E-05 ), #1802, 'distance_accuracy_value', 'NONE');
#120 = PRESENTATION_LAYER_ASSIGNMENT (  '', '', ( #7698 ) ) ;
#121 =( NAMED_UNIT ( * ) SI_UNIT ( $, .STERADIAN. ) SOLID_ANGLE_UNIT ( ) );
#122 = EDGE_CURVE ( 'NONE', #4562, #7888, #7544, .T. ) ;
#123 = PRESENTATION_STYLE_ASSIGNMENT (( #7997 ) ) ;
#124 = EDGE_CURVE ( 'NONE', #1919, #1666, #178, .T. ) ;
#125 = FACE_OUTER_BOUND ( 'NONE', #191, .T. ) ;
#126 = LINE ( 'NONE', #2813, #7399 ) ;
#127 = DIRECTION ( 'NONE',  ( 1.000000000000000000, -0.0000000000000000000, 0.0000000000000000000 ) ) ;
#128 = VECTOR ( 'NONE', #8536, 1000.000000000000000 ) ;
#129 = SURFACE_SIDE_STYLE ('',( #4060 ) ) ;
#130 = COLOUR_RGB ( '',0.1568627450980392135, 0.1568627450980392135, 0.1568627450980392135 ) ;
#131 = ORIENTED_EDGE ( 'NONE', *, *, #6997, .T. ) ;
#132 = UNCERTAINTY_MEASURE_WITH_UNIT (LENGTH_MEASURE( 1.000000000000000082E-05 ), #6450, 'distance_accuracy_value', 'NONE');
#133 = COLOUR_RGB ( '',0.1568627450980392135, 0.1568627450980392135, 0.1568627450980392135 ) ;
#134 = LINE ( 'NONE', #3851, #4843 ) ;
#135 = ADVANCED_FACE ( 'NONE', ( #8173, #4851 ), #7500, .T. ) ;
#136 = PLANE ( 'NONE',  #4930 ) ;
#137 = EDGE_CURVE ( 'NONE', #1643, #4903, #6592, .T. ) ;
#138 = CARTESIAN_POINT ( 'NONE',  ( 5.599999999999999645, 7.500000000000000000, 0.0000000000000000000 ) ) ;
#139 = STYLED_ITEM ( 'NONE', ( #1248 ), #419 ) ;
#140 = ORIENTED_EDGE ( 'NONE', *, *, #5033, .F. ) ;
#141 = CARTESIAN_POINT ( 'NONE',  ( -6.199999999999997513, -3.000000000000000888, 0.2000000000000000389 ) ) ;
#142 = CARTESIAN_POINT ( 'NONE',  ( -7.150000000000000355, 8.500000000000000000, -0.8000000000000007105 ) ) ;
#143 = VERTEX_POINT ( 'NONE', #4584 ) ;
#144 = DIRECTION ( 'NONE',  ( 0.2873478855663461062, -0.9578262852211510969, 0.0000000000000000000 ) ) ;
#145 = AXIS2_PLACEMENT_3D ( 'NONE', #1840, #8566, #7138 ) ;
#146 = VERTEX_POINT ( 'NONE', #3845 ) ;
#147 = ORIENTED_EDGE ( 'NONE', *, *, #1506, .F. ) ;
#148 = PLANE ( 'NONE',  #3376 ) ;
#149 = MECHANICAL_DESIGN_GEOMETRIC_PRESENTATION_REPRESENTATION (  '', ( #6053 ), #8285 ) ;
#150 = AXIS2_PLACEMENT_3D ( 'NONE', #1816, #1203, #7832 ) ;
#151 = ORIENTED_EDGE ( 'NONE', *, *, #689, .T. ) ;
#152 = LINE ( 'NONE', #67, #8430 ) ;
#153 = VECTOR ( 'NONE', #7528, 1000.000000000000114 ) ;
#154 = EDGE_CURVE ( 'NONE', #4739, #5216, #5886, .T. ) ;
#155 = FACE_OUTER_BOUND ( 'NONE', #2038, .T. ) ;
#156 = PLANE ( 'NONE',  #3315 ) ;
#157 = AXIS2_PLACEMENT_3D ( 'NONE', #7030, #2257, #5092 ) ;
#158 = VECTOR ( 'NONE', #4632, 1000.000000000000000 ) ;
#159 = ORIENTED_EDGE ( 'NONE', *, *, #1716, .T. ) ;
#160 = SURFACE_SIDE_STYLE ('',( #6177 ) ) ;
#161 = LINE ( 'NONE', #4912, #6467 ) ;
#162 = ORIENTED_EDGE ( 'NONE', *, *, #7746, .T. ) ;
#163 = ORIENTED_EDGE ( 'NONE', *, *, #8531, .F. ) ;
#164 = AXIS2_PLACEMENT_3D ( 'NONE', #73, #3412, #2754 ) ;
#165 =( GEOMETRIC_REPRESENTATION_CONTEXT ( 3 ) GLOBAL_UNCERTAINTY_ASSIGNED_CONTEXT ( ( #4810 ) ) GLOBAL_UNIT_ASSIGNED_CONTEXT ( ( #5472, #4823, #7471 ) ) REPRESENTATION_CONTEXT ( 'NONE', 'WORKASPACE' ) );
#166 = LINE ( 'NONE', #6061, #3154 ) ;
#167 = LINE ( 'NONE', #4202, #1059 ) ;
#168 = CARTESIAN_POINT ( 'NONE',  ( -4.309999999999999609, 7.500000000000000000, 0.0000000000000000000 ) ) ;
#169 = DIRECTION ( 'NONE',  ( 1.000000000000000000, 0.0000000000000000000, -0.0000000000000000000 ) ) ;
#170 = DIRECTION ( 'NONE',  ( 0.0000000000000000000, 0.7071067811864976127, 0.7071067811865974218 ) ) ;
#171 = AXIS2_PLACEMENT_3D ( 'NONE', #3781, #6485, #424 ) ;
#172 = ORIENTED_EDGE ( 'NONE', *, *, #79, .F. ) ;
#173 = EDGE_CURVE ( 'NONE', #7887, #8183, #2512, .T. ) ;
#174 = CARTESIAN_POINT ( 'NONE',  ( -8.089999999999999858, 8.500000000000000000, -0.8000000000000004885 ) ) ;
#175 = COLOUR_RGB ( '',0.1568627450980392135, 0.1568627450980392135, 0.1568627450980392135 ) ;
#176 = PLANE ( 'NONE',  #2036 ) ;
#177 = DIRECTION ( 'NONE',  ( -0.0000000000000000000, -0.0000000000000000000, 1.000000000000000000 ) ) ;
#178 = LINE ( 'NONE', #4311, #8119 ) ;
#179 = SURFACE_STYLE_FILL_AREA ( #4894 ) ;
#180 = COLOUR_RGB ( '',0.1568627450980392135, 0.1568627450980392135, 0.1568627450980392135 ) ;
#181 = ORIENTED_EDGE ( 'NONE', *, *, #6973, .T. ) ;
#182 = ADVANCED_FACE ( 'NONE', ( #8488 ), #8442, .T. ) ;
#183 = CARTESIAN_POINT ( 'NONE',  ( -9.189999999999999503, -3.000000000000000000, 0.2000000000000000111 ) ) ;
#184 = AXIS2_PLACEMENT_3D ( 'NONE', #3724, #2920, #376 ) ;
#185 = FACE_OUTER_BOUND ( 'NONE', #7591, .T. ) ;
#186 = DIRECTION ( 'NONE',  ( 0.0000000000000000000, 0.0000000000000000000, -1.000000000000000000 ) ) ;
#187 = ORIENTED_EDGE ( 'NONE', *, *, #5412, .F. ) ;
#188 = CARTESIAN_POINT ( 'NONE',  ( -3.810000000000000053, 8.199999999999999289, -0.4999999999999993339 ) ) ;
#189 = CARTESIAN_POINT ( 'NONE',  ( 9.115000000000000213, -2.750000000000000000, 0.0000000000000000000 ) ) ;
#190 = ORIENTED_EDGE ( 'NONE', *, *, #7631, .T. ) ;
#191 = EDGE_LOOP ( 'NONE', ( #2259, #4239, #7755, #3751 ) ) ;
#192 = ADVANCED_FACE ( 'NONE', ( #7236 ), #3932, .F. ) ;
#193 = DIRECTION ( 'NONE',  ( 0.0000000000000000000, 0.0000000000000000000, -1.000000000000000000 ) ) ;
#194 = ADVANCED_FACE ( 'NONE', ( #4448 ), #4955, .F. ) ;
#195 = EDGE_LOOP ( 'NONE', ( #1300, #999, #6732, #5022 ) ) ;
#196 = CARTESIAN_POINT ( 'NONE',  ( 8.164999999999999147, 0.0000000000000000000, 0.0000000000000000000 ) ) ;
#197 = FILL_AREA_STYLE ('',( #7034 ) ) ;
#198 = VECTOR ( 'NONE', #6623, 1000.000000000000000 ) ;
#199 = ORIENTED_EDGE ( 'NONE', *, *, #7848, .T. ) ;
#200 = PLANE ( 'NONE',  #7192 ) ;
#201 = DIRECTION ( 'NONE',  ( -1.000000000000000000, -0.0000000000000000000, -0.0000000000000000000 ) ) ;
#202 = EDGE_LOOP ( 'NONE', ( #1637, #3535, #8629, #6686 ) ) ;
#203 = DIRECTION ( 'NONE',  ( -1.000000000000000000, -0.0000000000000000000, 0.0000000000000000000 ) ) ;
#204 = EDGE_CURVE ( 'NONE', #8554, #751, #379, .T. ) ;
#205 = ORIENTED_EDGE ( 'NONE', *, *, #2359, .F. ) ;
#206 = VECTOR ( 'NONE', #582, 1000.000000000000000 ) ;
#207 = FILL_AREA_STYLE ('',( #6860 ) ) ;
#208 = CARTESIAN_POINT ( 'NONE',  ( -0.9700000000000035261, -2.499999999999998668, -0.2000000000000000389 ) ) ;
#209 = DIRECTION ( 'NONE',  ( 0.0000000000000000000, -0.7071067811865474617, 0.7071067811865474617 ) ) ;
#210 = DIRECTION ( 'NONE',  ( 0.0000000000000000000, 0.0000000000000000000, -1.000000000000000000 ) ) ;
#211 = DIRECTION ( 'NONE',  ( -0.0000000000000000000, -1.000000000000000000, -0.0000000000000000000 ) ) ;
#212 = VECTOR ( 'NONE', #3340, 1000.000000000000000 ) ;
#213 = VECTOR ( 'NONE', #5883, 1000.000000000000000 ) ;
#215 = ORIENTED_EDGE ( 'NONE', *, *, #4197, .F. ) ;
#214 = PRODUCT_DEFINITION_SHAPE ( 'NONE', 'NONE',  #6815 ) ;
#216 = EDGE_CURVE ( 'NONE', #6576, #6843, #2404, .T. ) ;
#217 = DIRECTION ( 'NONE',  ( -0.0000000000000000000, -1.000000000000000000, -0.0000000000000000000 ) ) ;
#218 = LINE ( 'NONE', #3603, #1713 ) ;
#219 = PRESENTATION_LAYER_ASSIGNMENT (  '', '', ( #3036 ) ) ;
#220 = AXIS2_PLACEMENT_3D ( 'NONE', #3681, #5779, #6983 ) ;
#221 = SURFACE_STYLE_FILL_AREA ( #7405 ) ;
#222 = LINE ( 'NONE', #6197, #296 ) ;
#223 = DIRECTION ( 'NONE',  ( 0.0000000000000000000, 1.000000000000000000, 0.0000000000000000000 ) ) ;
#224 = PLANE ( 'NONE',  #1111 ) ;
#225 =( NAMED_UNIT ( * ) PLANE_ANGLE_UNIT ( ) SI_UNIT ( $, .RADIAN. ) );
#226 =( NAMED_UNIT ( * ) PLANE_ANGLE_UNIT ( ) SI_UNIT ( $, .RADIAN. ) );
#227 = VECTOR ( 'NONE', #836, 1000.000000000000227 ) ;
#228 = ORIENTED_EDGE ( 'NONE', *, *, #638, .T. ) ;
#229 = ADVANCED_FACE ( 'NONE', ( #7075 ), #1732, .F. ) ;
#230 = UNCERTAINTY_MEASURE_WITH_UNIT (LENGTH_MEASURE( 1.000000000000000082E-05 ), #3519, 'distance_accuracy_value', 'NONE');
#231 = VECTOR ( 'NONE', #3649, 1000.000000000000000 ) ;
#232 = CARTESIAN_POINT ( 'NONE',  ( 6.049999999999999822, -3.000000000000000000, 0.2000000000000000111 ) ) ;
#233 = PRESENTATION_STYLE_ASSIGNMENT (( #7017 ) ) ;
#234 = CARTESIAN_POINT ( 'NONE',  ( 3.084999999999999964, 7.500000000000000000, -0.7500000000000000000 ) ) ;
#235 = ORIENTED_EDGE ( 'NONE', *, *, #7982, .F. ) ;
#236 = CARTESIAN_POINT ( 'NONE',  ( -3.084999999999999964, 0.0000000000000000000, 0.7500000000000000000 ) ) ;
#237 = EDGE_CURVE ( 'NONE', #3492, #3591, #5554, .T. ) ;
#238 = FILL_AREA_STYLE ('',( #6257 ) ) ;
#239 = ORIENTED_EDGE ( 'NONE', *, *, #8187, .F. ) ;
#240 =( NAMED_UNIT ( * ) PLANE_ANGLE_UNIT ( ) SI_UNIT ( $, .RADIAN. ) );
#241 = ORIENTED_EDGE ( 'NONE', *, *, #7857, .T. ) ;
#242 = AXIS2_PLACEMENT_3D ( 'NONE', #4304, #1478, #2276 ) ;
#243 = EDGE_LOOP ( 'NONE', ( #3533, #414, #3527, #2921 ) ) ;
#244 =( NAMED_UNIT ( * ) SI_UNIT ( $, .STERADIAN. ) SOLID_ANGLE_UNIT ( ) );
#245 = ORIENTED_EDGE ( 'NONE', *, *, #4833, .T. ) ;
#246 = PLANE ( 'NONE',  #4078 ) ;
#247 = CARTESIAN_POINT ( 'NONE',  ( -2.020000000000000018, 7.500000000000000000, 0.0000000000000000000 ) ) ;
#248 = PLANE ( 'NONE',  #5542 ) ;
#249 = ORIENTED_EDGE ( 'NONE', *, *, #6343, .T. ) ;
#250 = LINE ( 'NONE', #337, #2190 ) ;
#251 = DIRECTION ( 'NONE',  ( 0.0000000000000000000, 0.0000000000000000000, -1.000000000000000000 ) ) ;
#252 = EDGE_CURVE ( 'NONE', #7702, #465, #3019, .T. ) ;
#253 = EDGE_CURVE ( 'NONE', #8310, #7563, #5044, .T. ) ;
#254 = VERTEX_POINT ( 'NONE', #6219 ) ;
#255 = CARTESIAN_POINT ( 'NONE',  ( -6.700000000000000178, 0.9000000000000001332, 0.0000000000000000000 ) ) ;
#256 = FILL_AREA_STYLE_COLOUR ( '', #8150 ) ;
#257 = VERTEX_POINT ( 'NONE', #2879 ) ;
#258 = EDGE_LOOP ( 'NONE', ( #2506, #2704, #2379, #1727 ) ) ;
#259 = FACE_OUTER_BOUND ( 'NONE', #1167, .T. ) ;
#260 = DIRECTION ( 'NONE',  ( 0.0000000000000000000, -1.000000000000000000, 0.0000000000000000000 ) ) ;
#261 = DIRECTION ( 'NONE',  ( 0.0000000000000000000, 0.0000000000000000000, -1.000000000000000000 ) ) ;
#262 = CARTESIAN_POINT ( 'NONE',  ( 8.589999999999999858, -2.500000000000000000, 0.0000000000000000000 ) ) ;
#263 = ADVANCED_FACE ( 'NONE', ( #7559 ), #246, .T. ) ;
#264 = PRESENTATION_STYLE_ASSIGNMENT (( #4088 ) ) ;
#265 = SURFACE_SIDE_STYLE ('',( #2851 ) ) ;
#266 = ORIENTED_EDGE ( 'NONE', *, *, #450, .T. ) ;
#267 = CARTESIAN_POINT ( 'NONE',  ( 7.074999999999999289, 0.5000000000000000000, -0.7500000000000000000 ) ) ;
#268 = DIRECTION ( 'NONE',  ( 0.0000000000000000000, 1.000000000000000000, 0.0000000000000000000 ) ) ;
#269 = PLANE ( 'NONE',  #8061 ) ;
#270 = FACE_OUTER_BOUND ( 'NONE', #243, .T. ) ;
#271 = LINE ( 'NONE', #2812, #924 ) ;
#272 = ADVANCED_FACE ( 'NONE', ( #467 ), #2446, .T. ) ;
#273 = DIRECTION ( 'NONE',  ( -0.9578262852211679723, -0.2873478855662903730, 0.0000000000000000000 ) ) ;
#274 = LINE ( 'NONE', #2239, #2860 ) ;
#275 = ORIENTED_EDGE ( 'NONE', *, *, #3056, .T. ) ;
#276 = AXIS2_PLACEMENT_3D ( 'NONE', #7680, #6242, #2952 ) ;
#277 = LINE ( 'NONE', #6388, #3236 ) ;
#278 = DIRECTION ( 'NONE',  ( 0.0000000000000000000, 1.000000000000000000, 0.0000000000000000000 ) ) ;
#279 = LINE ( 'NONE', #927, #1064 ) ;
#280 = ORIENTED_EDGE ( 'NONE', *, *, #522, .T. ) ;
#281 = CARTESIAN_POINT ( 'NONE',  ( -5.599999999999999645, 0.5000000000000000000, -0.7500000000000000000 ) ) ;
#282 = ORIENTED_EDGE ( 'NONE', *, *, #5249, .T. ) ;
#283 =( NAMED_UNIT ( * ) SI_UNIT ( $, .STERADIAN. ) SOLID_ANGLE_UNIT ( ) );
#284 = EDGE_LOOP ( 'NONE', ( #374, #5411, #3617, #2145 ) ) ;
#285 = CARTESIAN_POINT ( 'NONE',  ( -4.309999999999999609, 0.5000000000000000000, -0.5000000000000000000 ) ) ;
#286 = VECTOR ( 'NONE', #2513, 1000.000000000000000 ) ;
#287 = ORIENTED_EDGE ( 'NONE', *, *, #3245, .T. ) ;
#288 = EDGE_CURVE ( 'NONE', #5009, #3467, #3437, .T. ) ;
#289 = LINE ( 'NONE', #3067, #8014 ) ;
#290 = DIRECTION ( 'NONE',  ( 1.000000000000000000, -0.0000000000000000000, 0.0000000000000000000 ) ) ;
#291 = ORIENTED_EDGE ( 'NONE', *, *, #1345, .T. ) ;
#292 = LINE ( 'NONE', #5048, #5422 ) ;
#293 =( GEOMETRIC_REPRESENTATION_CONTEXT ( 3 ) GLOBAL_UNCERTAINTY_ASSIGNED_CONTEXT ( ( #6714 ) ) GLOBAL_UNIT_ASSIGNED_CONTEXT ( ( #5613, #3505, #8298 ) ) REPRESENTATION_CONTEXT ( 'NONE', 'WORKASPACE' ) );
#294 = VERTEX_POINT ( 'NONE', #3565 ) ;
#295 = LINE ( 'NONE', #2980, #6220 ) ;
#296 = VECTOR ( 'NONE', #177, 1000.000000000000000 ) ;
#297 = VECTOR ( 'NONE', #2958, 1000.000000000000000 ) ;
#298 = ORIENTED_EDGE ( 'NONE', *, *, #7270, .T. ) ;
#299 = EDGE_CURVE ( 'NONE', #3934, #8003, #277, .T. ) ;
#300 = VECTOR ( 'NONE', #2933, 1000.000000000000000 ) ;
#301 = AXIS2_PLACEMENT_3D ( 'NONE', #5018, #5057, #209 ) ;
#302 = DIRECTION ( 'NONE',  ( 1.000000000000000000, -0.0000000000000000000, 0.0000000000000000000 ) ) ;
#303 = PLANE ( 'NONE',  #1200 ) ;
#304 =( NAMED_UNIT ( * ) SI_UNIT ( $, .STERADIAN. ) SOLID_ANGLE_UNIT ( ) );
#305 = CARTESIAN_POINT ( 'NONE',  ( -2.020000000000000018, 0.5000000000000000000, 0.0000000000000000000 ) ) ;
#306 = LINE ( 'NONE', #262, #1224 ) ;
#307 = DIRECTION ( 'NONE',  ( -0.0000000000000000000, -1.000000000000000000, -0.0000000000000000000 ) ) ;
#308 = LINE ( 'NONE', #951, #3102 ) ;
#309 = VERTEX_POINT ( 'NONE', #6249 ) ;
#310 = VECTOR ( 'NONE', #4118, 1000.000000000000000 ) ;
#311 = EDGE_CURVE ( 'NONE', #6003, #7841, #4896, .T. ) ;
#312 = CARTESIAN_POINT ( 'NONE',  ( 7.075000000000000178, 0.0000000000000000000, 0.0000000000000000000 ) ) ;
#313 = EDGE_CURVE ( 'NONE', #2614, #6229, #2344, .T. ) ;
#314 = CARTESIAN_POINT ( 'NONE',  ( -8.539999999999999147, 0.9000000000000000222, 0.3499999999999999778 ) ) ;
#315 = AXIS2_PLACEMENT_3D ( 'NONE', #1076, #4515, #2581 ) ;
#316 = DIRECTION ( 'NONE',  ( -0.9578262852211679723, -0.2873478855662903730, 0.0000000000000000000 ) ) ;
#317 = DIRECTION ( 'NONE',  ( 0.0000000000000000000, 1.000000000000000000, 0.0000000000000000000 ) ) ;
#318 = LINE ( 'NONE', #6919, #3496 ) ;
#319 = DIRECTION ( 'NONE',  ( -1.000000000000000000, 0.0000000000000000000, -0.0000000000000000000 ) ) ;
#320 = ORIENTED_EDGE ( 'NONE', *, *, #4542, .T. ) ;
#321 = VECTOR ( 'NONE', #5233, 1000.000000000000000 ) ;
#322 = ADVANCED_FACE ( 'NONE', ( #922 ), #832, .T. ) ;
#323 = UNCERTAINTY_MEASURE_WITH_UNIT (LENGTH_MEASURE( 1.000000000000000082E-05 ), #1496, 'distance_accuracy_value', 'NONE');
#324 = CARTESIAN_POINT ( 'NONE',  ( -4.559999999999999609, 0.5000000000000000000, 0.7500000000000000000 ) ) ;
#325 = CARTESIAN_POINT ( 'NONE',  ( 5.850000000000000533, 8.500000000000000000, 0.5000000000000000000 ) ) ;
#326 = CARTESIAN_POINT ( 'NONE',  ( -10.41000000000000014, 0.5000000000000000000, 0.7500000000000000000 ) ) ;
#327 = ORIENTED_EDGE ( 'NONE', *, *, #7683, .F. ) ;
#328 = EDGE_LOOP ( 'NONE', ( #8233, #4807, #8686, #7555 ) ) ;
#329 = ORIENTED_EDGE ( 'NONE', *, *, #5173, .F. ) ;
#330 = CARTESIAN_POINT ( 'NONE',  ( -10.41000000000000014, 8.500000000000000000, 0.8000000000000001554 ) ) ;
#331 = ORIENTED_EDGE ( 'NONE', *, *, #7759, .T. ) ;
#332 =( GEOMETRIC_REPRESENTATION_CONTEXT ( 3 ) GLOBAL_UNCERTAINTY_ASSIGNED_CONTEXT ( ( #5584 ) ) GLOBAL_UNIT_ASSIGNED_CONTEXT ( ( #7247, #7161, #633 ) ) REPRESENTATION_CONTEXT ( 'NONE', 'WORKASPACE' ) );
#333 = PLANE ( 'NONE',  #2119 ) ;
#334 = LINE ( 'NONE', #3728, #3314 ) ;
#335 = MANIFOLD_SOLID_BREP ( 'Imported1', #4491 ) ;
#336 = ORIENTED_EDGE ( 'NONE', *, *, #7718, .F. ) ;
#337 = CARTESIAN_POINT ( 'NONE',  ( 9.615000000000000213, 0.5000000000000000000, -0.7500000000000000000 ) ) ;
#338 = DIRECTION ( 'NONE',  ( -1.000000000000000000, -0.0000000000000000000, -0.0000000000000000000 ) ) ;
#339 = ORIENTED_EDGE ( 'NONE', *, *, #7920, .T. ) ;
#340 = ADVANCED_FACE ( 'NONE', ( #6364 ), #5632, .F. ) ;
#341 = PRESENTATION_LAYER_ASSIGNMENT (  '', '', ( #1583 ) ) ;
#342 = VERTEX_POINT ( 'NONE', #1035 ) ;
#343 = SURFACE_STYLE_USAGE ( .BOTH. , #1693 ) ;
#344 = EDGE_LOOP ( 'NONE', ( #4058, #1120, #3152, #1540 ) ) ;
#345 = COLOUR_RGB ( '',0.1568627450980392135, 0.1568627450980392135, 0.1568627450980392135 ) ;
#346 = LINE ( 'NONE', #3030, #2029 ) ;
#347 = DIRECTION ( 'NONE',  ( 0.0000000000000000000, 1.000000000000000000, 0.0000000000000000000 ) ) ;
#348 = LINE ( 'NONE', #3078, #1050 ) ;
#349 = LINE ( 'NONE', #2896, #4668 ) ;
#350 = FACE_OUTER_BOUND ( 'NONE', #6911, .T. ) ;
#351 = EDGE_CURVE ( 'NONE', #6786, #3195, #3737, .T. ) ;
#352 =( GEOMETRIC_REPRESENTATION_CONTEXT ( 3 ) GLOBAL_UNCERTAINTY_ASSIGNED_CONTEXT ( ( #5677 ) ) GLOBAL_UNIT_ASSIGNED_CONTEXT ( ( #4692, #4065, #2744 ) ) REPRESENTATION_CONTEXT ( 'NONE', 'WORKASPACE' ) );
#353 = VERTEX_POINT ( 'NONE', #2416 ) ;
#354 = CARTESIAN_POINT ( 'NONE',  ( -7.075000000000000178, 0.0000000000000000000, 0.0000000000000000000 ) ) ;
#355 = VECTOR ( 'NONE', #5533, 1000.000000000000114 ) ;
#356 = CARTESIAN_POINT ( 'NONE',  ( -3.659999999999993037, -3.000000000000002220, -0.2000000000000000944 ) ) ;
#357 = DIRECTION ( 'NONE',  ( 0.0000000000000000000, 1.000000000000000000, 0.0000000000000000000 ) ) ;
#358 = DIRECTION ( 'NONE',  ( 0.0000000000000000000, 0.0000000000000000000, -1.000000000000000000 ) ) ;
#359 = LINE ( 'NONE', #4936, #3806 ) ;
#360 = EDGE_CURVE ( 'NONE', #254, #8198, #5101, .T. ) ;
#361 = EDGE_CURVE ( 'NONE', #2796, #7545, #4915, .T. ) ;
#362 = SURFACE_STYLE_FILL_AREA ( #2955 ) ;
#363 = STYLED_ITEM ( 'NONE', ( #6699 ), #6274 ) ;
#364 = ORIENTED_EDGE ( 'NONE', *, *, #4819, .F. ) ;
#365 = AXIS2_PLACEMENT_3D ( 'NONE', #4168, #7483, #6104 ) ;
#366 = SURFACE_STYLE_FILL_AREA ( #8312 ) ;
#367 = FACE_OUTER_BOUND ( 'NONE', #6316, .T. ) ;
#368 = CARTESIAN_POINT ( 'NONE',  ( 1.119999999999985674, -3.000000000000004441, 0.0000000000000000000 ) ) ;
#369 = LINE ( 'NONE', #3057, #7653 ) ;
#370 = VERTEX_POINT ( 'NONE', #3235 ) ;
#371 = AXIS2_PLACEMENT_3D ( 'NONE', #8451, #7066, #3181 ) ;
#372 =( NAMED_UNIT ( * ) SI_UNIT ( $, .STERADIAN. ) SOLID_ANGLE_UNIT ( ) );
#373 = STYLED_ITEM ( 'NONE', ( #3960 ), #5316 ) ;
#374 = ORIENTED_EDGE ( 'NONE', *, *, #5315, .T. ) ;
#375 = EDGE_CURVE ( 'NONE', #2264, #2727, #7177, .T. ) ;
#376 = DIRECTION ( 'NONE',  ( 0.0000000000000000000, -0.0000000000000000000, -1.000000000000000000 ) ) ;
#377 = EDGE_LOOP ( 'NONE', ( #4162, #2309, #2567, #3901 ) ) ;
#378 = VECTOR ( 'NONE', #6794, 1000.000000000000227 ) ;
#379 = LINE ( 'NONE', #5645, #1529 ) ;
#380 = LINE ( 'NONE', #6265, #8438 ) ;
#381 = LINE ( 'NONE', #1025, #7493 ) ;
#382 = VERTEX_POINT ( 'NONE', #8472 ) ;
#383 = FACE_OUTER_BOUND ( 'NONE', #412, .T. ) ;
#384 = DIRECTION ( 'NONE',  ( -0.0000000000000000000, -1.000000000000000000, -0.0000000000000000000 ) ) ;
#385 = ORIENTED_EDGE ( 'NONE', *, *, #4206, .T. ) ;
#386 = ADVANCED_FACE ( 'NONE', ( #5143 ), #1172, .T. ) ;
#387 = LINE ( 'NONE', #1739, #5115 ) ;
#388 = VECTOR ( 'NONE', #5795, 1000.000000000000000 ) ;
#389 =( LENGTH_UNIT ( ) NAMED_UNIT ( * ) SI_UNIT ( .MILLI., .METRE. ) );
#390 = VERTEX_POINT ( 'NONE', #7974 ) ;
#391 = ORIENTED_EDGE ( 'NONE', *, *, #4928, .T. ) ;
#392 =( GEOMETRIC_REPRESENTATION_CONTEXT ( 3 ) GLOBAL_UNCERTAINTY_ASSIGNED_CONTEXT ( ( #4016 ) ) GLOBAL_UNIT_ASSIGNED_CONTEXT ( ( #1087, #4529, #6449 ) ) REPRESENTATION_CONTEXT ( 'NONE', 'WORKASPACE' ) );
#393 = CARTESIAN_POINT ( 'NONE',  ( -9.390000000000000568, 0.0000000000000000000, 0.5000000000000000000 ) ) ;
#394 = PLANE ( 'NONE',  #4014 ) ;
#395 = PLANE ( 'NONE',  #6123 ) ;
#396 = DIRECTION ( 'NONE',  ( 1.000000000000000000, -0.0000000000000000000, 0.0000000000000000000 ) ) ;
#397 = CARTESIAN_POINT ( 'NONE',  ( 3.084999999999999964, 7.500000000000000000, -0.7500000000000000000 ) ) ;
#398 = VERTEX_POINT ( 'NONE', #4523 ) ;
#399 = FACE_BOUND ( 'NONE', #1991, .T. ) ;
#400 = DIRECTION ( 'NONE',  ( 0.0000000000000000000, 0.0000000000000000000, -1.000000000000000000 ) ) ;
#401 = EDGE_CURVE ( 'NONE', #1327, #1619, #6491, .T. ) ;
#402 = FACE_OUTER_BOUND ( 'NONE', #3729, .T. ) ;
#403 =( LENGTH_UNIT ( ) NAMED_UNIT ( * ) SI_UNIT ( .MILLI., .METRE. ) );
#404 = SURFACE_STYLE_USAGE ( .BOTH. , #7055 ) ;
#405 = ORIENTED_EDGE ( 'NONE', *, *, #1701, .F. ) ;
#406 = ORIENTED_EDGE ( 'NONE', *, *, #6751, .T. ) ;
#407 = EDGE_CURVE ( 'NONE', #4788, #2015, #3199, .T. ) ;
#408 = UNCERTAINTY_MEASURE_WITH_UNIT (LENGTH_MEASURE( 1.000000000000000082E-05 ), #2861, 'distance_accuracy_value', 'NONE');
#409 = LINE ( 'NONE', #8448, #3431 ) ;
#410 = DIRECTION ( 'NONE',  ( 0.0000000000000000000, -0.0000000000000000000, 1.000000000000000000 ) ) ;
#411 = PLANE ( 'NONE',  #8145 ) ;
#412 = EDGE_LOOP ( 'NONE', ( #7383, #4366, #2415, #5220 ) ) ;
#413 = CARTESIAN_POINT ( 'NONE',  ( 1.495000000000000329, -2.750000000000000000, 0.0000000000000000000 ) ) ;
#414 = ORIENTED_EDGE ( 'NONE', *, *, #8046, .T. ) ;
#415 = ORIENTED_EDGE ( 'NONE', *, *, #7961, .T. ) ;
#416 = DIRECTION ( 'NONE',  ( 0.0000000000000000000, 1.000000000000000000, -0.0000000000000000000 ) ) ;
#417 = EDGE_CURVE ( 'NONE', #498, #4033, #7931, .T. ) ;
#418 = VECTOR ( 'NONE', #3667, 1000.000000000000000 ) ;
#419 = ADVANCED_FACE ( 'NONE', ( #6532 ), #5872, .T. ) ;
#420 =( NAMED_UNIT ( * ) SI_UNIT ( $, .STERADIAN. ) SOLID_ANGLE_UNIT ( ) );
#421 = DIRECTION ( 'NONE',  ( 0.0000000000000000000, 0.0000000000000000000, -1.000000000000000000 ) ) ;
#422 = ORIENTED_EDGE ( 'NONE', *, *, #7098, .T. ) ;
#423 = PLANE ( 'NONE',  #83 ) ;
#424 = DIRECTION ( 'NONE',  ( 0.2873478855662903730, -0.9578262852211679723, 0.0000000000000000000 ) ) ;
#425 = ORIENTED_EDGE ( 'NONE', *, *, #1969, .T. ) ;
#426 = DIRECTION ( 'NONE',  ( 0.0000000000000000000, 0.0000000000000000000, 1.000000000000000000 ) ) ;
#427 = MECHANICAL_DESIGN_GEOMETRIC_PRESENTATION_REPRESENTATION (  '', ( #4075 ), #6454 ) ;
#428 = ORIENTED_EDGE ( 'NONE', *, *, #5571, .F. ) ;
#429 = DIRECTION ( 'NONE',  ( -1.000000000000000000, 0.0000000000000000000, -0.0000000000000000000 ) ) ;
#430 = ORIENTED_EDGE ( 'NONE', *, *, #2479, .F. ) ;
#431 = EDGE_CURVE ( 'NONE', #5317, #4899, #2586, .T. ) ;
#432 = FACE_OUTER_BOUND ( 'NONE', #6267, .T. ) ;
#433 = DIRECTION ( 'NONE',  ( 1.000000000000000000, 0.0000000000000000000, -0.0000000000000000000 ) ) ;
#434 = CARTESIAN_POINT ( 'NONE',  ( 3.310000000000000053, 0.5000000000000000000, -0.5000000000000000000 ) ) ;
#435 = AXIS2_PLACEMENT_3D ( 'NONE', #6128, #8006, #4730 ) ;
#436 = LINE ( 'NONE', #486, #97 ) ;
#437 = MECHANICAL_DESIGN_GEOMETRIC_PRESENTATION_REPRESENTATION (  '', ( #139 ), #5214 ) ;
#438 = DIRECTION ( 'NONE',  ( 0.0000000000000000000, 0.0000000000000000000, -1.000000000000000000 ) ) ;
#439 =( LENGTH_UNIT ( ) NAMED_UNIT ( * ) SI_UNIT ( .MILLI., .METRE. ) );
#440 = ORIENTED_EDGE ( 'NONE', *, *, #747, .F. ) ;
#441 =( GEOMETRIC_REPRESENTATION_CONTEXT ( 3 ) GLOBAL_UNCERTAINTY_ASSIGNED_CONTEXT ( ( #1522 ) ) GLOBAL_UNIT_ASSIGNED_CONTEXT ( ( #5785, #6489, #1169 ) ) REPRESENTATION_CONTEXT ( 'NONE', 'WORKASPACE' ) );
#442 =( LENGTH_UNIT ( ) NAMED_UNIT ( * ) SI_UNIT ( .MILLI., .METRE. ) );
#443 = DIRECTION ( 'NONE',  ( 0.0000000000000000000, 0.0000000000000000000, -1.000000000000000000 ) ) ;
#444 = AXIS2_PLACEMENT_3D ( 'NONE', #4419, #6435, #1906 ) ;
#445 = DIRECTION ( 'NONE',  ( 0.0000000000000000000, -0.0000000000000000000, 1.000000000000000000 ) ) ;
#446 =( LENGTH_UNIT ( ) NAMED_UNIT ( * ) SI_UNIT ( .MILLI., .METRE. ) );
#447 = FILL_AREA_STYLE_COLOUR ( '', #7992 ) ;
#448 = VECTOR ( 'NONE', #6567, 1000.000000000000000 ) ;
#449 = MECHANICAL_DESIGN_GEOMETRIC_PRESENTATION_REPRESENTATION (  '', ( #5633 ), #8155 ) ;
#450 = EDGE_CURVE ( 'NONE', #6348, #8393, #7129, .T. ) ;
#451 = ORIENTED_EDGE ( 'NONE', *, *, #5846, .T. ) ;
#452 = EDGE_LOOP ( 'NONE', ( #8212, #190, #8139, #6517, #6275, #3138 ) ) ;
#453 = DIRECTION ( 'NONE',  ( -0.0000000000000000000, -1.000000000000000000, -0.0000000000000000000 ) ) ;
#454 = AXIS2_PLACEMENT_3D ( 'NONE', #2464, #7809, #6497 ) ;
#455 =( GEOMETRIC_REPRESENTATION_CONTEXT ( 3 ) GLOBAL_UNCERTAINTY_ASSIGNED_CONTEXT ( ( #1446 ) ) GLOBAL_UNIT_ASSIGNED_CONTEXT ( ( #8315, #7595, #3569 ) ) REPRESENTATION_CONTEXT ( 'NONE', 'WORKASPACE' ) );
#456 = LINE ( 'NONE', #8496, #7061 ) ;
#457 = LINE ( 'NONE', #5811, #3826 ) ;
#458 = PRESENTATION_STYLE_ASSIGNMENT (( #3897 ) ) ;
#459 = ORIENTED_EDGE ( 'NONE', *, *, #1320, .F. ) ;
#460 = LINE ( 'NONE', #3771, #2388 ) ;
#461 = VERTEX_POINT ( 'NONE', #6621 ) ;
#462 = DIRECTION ( 'NONE',  ( 0.0000000000000000000, 1.000000000000000000, 0.0000000000000000000 ) ) ;
#463 = EDGE_CURVE ( 'NONE', #2737, #1316, #603, .T. ) ;
#464 = VECTOR ( 'NONE', #5780, 1000.000000000000000 ) ;
#465 = VERTEX_POINT ( 'NONE', #5318 ) ;
#466 = CARTESIAN_POINT ( 'NONE',  ( 3.084999999999999964, 0.0000000000000000000, 0.0000000000000000000 ) ) ;
#467 = FACE_OUTER_BOUND ( 'NONE', #7796, .T. ) ;
#468 = AXIS2_PLACEMENT_3D ( 'NONE', #1881, #4530, #654 ) ;
#469 = DIRECTION ( 'NONE',  ( 0.0000000000000000000, 0.7071067811865475727, -0.7071067811865475727 ) ) ;
#470 = ORIENTED_EDGE ( 'NONE', *, *, #5757, .T. ) ;
#471 =( NAMED_UNIT ( * ) PLANE_ANGLE_UNIT ( ) SI_UNIT ( $, .RADIAN. ) );
#472 = CARTESIAN_POINT ( 'NONE',  ( 7.100000000000000533, 0.5000000000000000000, -0.7500000000000000000 ) ) ;
#473 = ORIENTED_EDGE ( 'NONE', *, *, #7761, .F. ) ;
#474 = DIRECTION ( 'NONE',  ( 0.0000000000000000000, 1.000000000000000000, 0.0000000000000000000 ) ) ;
#475 = LINE ( 'NONE', #4429, #844 ) ;
#476 = EDGE_CURVE ( 'NONE', #2606, #5459, #1080, .T. ) ;
#477 = ADVANCED_FACE ( 'NONE', ( #1786 ), #7346, .F. ) ;
#478 = VERTEX_POINT ( 'NONE', #684 ) ;
#479 = AXIS2_PLACEMENT_3D ( 'NONE', #805, #7422, #8234 ) ;
#480 = DIRECTION ( 'NONE',  ( -1.000000000000000000, -0.0000000000000000000, 0.0000000000000000000 ) ) ;
#481 = VERTEX_POINT ( 'NONE', #6044 ) ;
#482 = CARTESIAN_POINT ( 'NONE',  ( -6.575000000000000178, -2.750000000000000000, 0.0000000000000000000 ) ) ;
#483 = CARTESIAN_POINT ( 'NONE',  ( 6.850000000000000533, 8.199999999999999289, -0.4999999999999998890 ) ) ;
#484 = CARTESIAN_POINT ( 'NONE',  ( -4.110000000000001208, -3.000000000000000000, -0.2000000000000000111 ) ) ;
#485 = LINE ( 'NONE', #1218, #5370 ) ;
#486 = CARTESIAN_POINT ( 'NONE',  ( 3.310000000000000053, 0.0000000000000000000, 0.5000000000000000000 ) ) ;
#487 = DIRECTION ( 'NONE',  ( -0.0000000000000000000, -1.000000000000000000, -0.0000000000000000000 ) ) ;
#488 = DIRECTION ( 'NONE',  ( 1.000000000000000000, 0.0000000000000000000, 0.0000000000000000000 ) ) ;
#489 = EDGE_CURVE ( 'NONE', #1602, #4541, #1334, .T. ) ;
#490 = ORIENTED_EDGE ( 'NONE', *, *, #1320, .T. ) ;
#491 = DIRECTION ( 'NONE',  ( 0.0000000000000000000, -0.0000000000000000000, -1.000000000000000000 ) ) ;
#492 =( GEOMETRIC_REPRESENTATION_CONTEXT ( 3 ) GLOBAL_UNCERTAINTY_ASSIGNED_CONTEXT ( ( #5164 ) ) GLOBAL_UNIT_ASSIGNED_CONTEXT ( ( #3498, #7356, #2722 ) ) REPRESENTATION_CONTEXT ( 'NONE', 'WORKASPACE' ) );
#493 = LINE ( 'NONE', #4487, #6750 ) ;
#494 = DIRECTION ( 'NONE',  ( -0.0000000000000000000, -0.0000000000000000000, 1.000000000000000000 ) ) ;
#495 = FACE_OUTER_BOUND ( 'NONE', #5264, .T. ) ;
#496 = AXIS2_PLACEMENT_3D ( 'NONE', #7042, #1038, #7181 ) ;
#497 = ORIENTED_EDGE ( 'NONE', *, *, #7313, .T. ) ;
#498 = VERTEX_POINT ( 'NONE', #647 ) ;
#499 = AXIS2_PLACEMENT_3D ( 'NONE', #2701, #5386, #2040 ) ;
#500 = PRESENTATION_LAYER_ASSIGNMENT (  '', '', ( #6397 ) ) ;
#501 = FILL_AREA_STYLE ('',( #4496 ) ) ;
#502 =( LENGTH_UNIT ( ) NAMED_UNIT ( * ) SI_UNIT ( .MILLI., .METRE. ) );
#503 = CARTESIAN_POINT ( 'NONE',  ( -0.7700000000000000178, 7.500000000000000000, 0.0000000000000000000 ) ) ;
#504 = EDGE_LOOP ( 'NONE', ( #7963, #7927, #4226, #7454 ) ) ;
#505 =( NAMED_UNIT ( * ) PLANE_ANGLE_UNIT ( ) SI_UNIT ( $, .RADIAN. ) );
#506 = ORIENTED_EDGE ( 'NONE', *, *, #5953, .T. ) ;
#507 = CARTESIAN_POINT ( 'NONE',  ( 9.390000000000000568, 7.500000000000000000, -0.5000000000000000000 ) ) ;
#508 = PRESENTATION_LAYER_ASSIGNMENT (  '', '', ( #8067 ) ) ;
#509 = VECTOR ( 'NONE', #8111, 1000.000000000000000 ) ;
#510 = ORIENTED_EDGE ( 'NONE', *, *, #2130, .F. ) ;
#511 = SURFACE_STYLE_USAGE ( .BOTH. , #4467 ) ;
#512 = MECHANICAL_DESIGN_GEOMETRIC_PRESENTATION_REPRESENTATION (  '', ( #373 ), #650 ) ;
#513 = EDGE_CURVE ( 'NONE', #4295, #4769, #6811, .T. ) ;
#514 = DIRECTION ( 'NONE',  ( 1.000000000000000000, 0.0000000000000000000, 0.0000000000000000000 ) ) ;
#515 = ORIENTED_EDGE ( 'NONE', *, *, #4971, .T. ) ;
#516 = CARTESIAN_POINT ( 'NONE',  ( 3.310000000000000053, 8.199999999999999289, 0.5000000000000000000 ) ) ;
#517 = ORIENTED_EDGE ( 'NONE', *, *, #8132, .T. ) ;
#518 = CARTESIAN_POINT ( 'NONE',  ( 3.509999999999999787, 0.5000000000000000000, 0.7500000000000000000 ) ) ;
#519 = ORIENTED_EDGE ( 'NONE', *, *, #7051, .F. ) ;
#520 = CARTESIAN_POINT ( 'NONE',  ( -7.099999999999999645, 7.500000000000000000, -0.7500000000000000000 ) ) ;
#521 = ORIENTED_EDGE ( 'NONE', *, *, #489, .F. ) ;
#522 = EDGE_CURVE ( 'NONE', #946, #5435, #4039, .T. ) ;
#523 = SURFACE_STYLE_FILL_AREA ( #7976 ) ;
#524 = EDGE_CURVE ( 'NONE', #3854, #1044, #3363, .T. ) ;
#525 = AXIS2_PLACEMENT_3D ( 'NONE', #7145, #1184, #7775 ) ;
#526 = CARTESIAN_POINT ( 'NONE',  ( 0.9200000000000000400, 0.9000000000000001332, 0.3499999999999999778 ) ) ;
#527 = CARTESIAN_POINT ( 'NONE',  ( 9.640000000000000568, 0.5000000000000000000, -0.7500000000000000000 ) ) ;
#528 = LINE ( 'NONE', #3335, #321 ) ;
#529 =( NAMED_UNIT ( * ) PLANE_ANGLE_UNIT ( ) SI_UNIT ( $, .RADIAN. ) );
#530 = ORIENTED_EDGE ( 'NONE', *, *, #7718, .T. ) ;
#531 = VECTOR ( 'NONE', #6783, 1000.000000000000000 ) ;
#532 = PRESENTATION_STYLE_ASSIGNMENT (( #5154 ) ) ;
#533 = CARTESIAN_POINT ( 'NONE',  ( 0.9200000000000000400, 0.9000000000000001332, -0.3499999999999999778 ) ) ;
#534 = ADVANCED_FACE ( 'NONE', ( #6005 ), #148, .T. ) ;
#535 = LINE ( 'NONE', #7271, #7494 ) ;
#536 = CARTESIAN_POINT ( 'NONE',  ( 3.160000000000000142, 8.349999999999999645, 0.0000000000000000000 ) ) ;
#537 = DIRECTION ( 'NONE',  ( -0.0000000000000000000, 0.0000000000000000000, 1.000000000000000000 ) ) ;
#538 = PRESENTATION_STYLE_ASSIGNMENT (( #3559 ) ) ;
#539 = CARTESIAN_POINT ( 'NONE',  ( 8.140000000000000568, 0.5000000000000000000, 0.7500000000000000000 ) ) ;
#540 = ORIENTED_EDGE ( 'NONE', *, *, #7387, .F. ) ;
#541 = ORIENTED_EDGE ( 'NONE', *, *, #5560, .F. ) ;
#542 = LINE ( 'NONE', #3216, #5224 ) ;
#543 = EDGE_CURVE ( 'NONE', #8230, #1058, #2750, .T. ) ;
#544 = CARTESIAN_POINT ( 'NONE',  ( 6.850000000000000533, 0.0000000000000000000, -0.5000000000000000000 ) ) ;
#545 = FACE_OUTER_BOUND ( 'NONE', #6040, .T. ) ;
#546 = DIRECTION ( 'NONE',  ( 0.0000000000000000000, 1.000000000000000000, 0.0000000000000000000 ) ) ;
#547 = ORIENTED_EDGE ( 'NONE', *, *, #5890, .T. ) ;
#548 = VERTEX_POINT ( 'NONE', #4740 ) ;
#549 = FACE_OUTER_BOUND ( 'NONE', #4863, .T. ) ;
#550 = ORIENTED_EDGE ( 'NONE', *, *, #8630, .F. ) ;
#551 = DIRECTION ( 'NONE',  ( 0.0000000000000000000, 1.000000000000000000, -0.0000000000000000000 ) ) ;
#552 = CARTESIAN_POINT ( 'NONE',  ( -8.590000000000003411, -2.499999999999998668, -0.2000000000000000389 ) ) ;
#553 = PLANE ( 'NONE',  #2483 ) ;
#554 = ORIENTED_EDGE ( 'NONE', *, *, #1672, .F. ) ;
#555 = SURFACE_SIDE_STYLE ('',( #5908 ) ) ;
#556 = ORIENTED_EDGE ( 'NONE', *, *, #122, .F. ) ;
#557 = CARTESIAN_POINT ( 'NONE',  ( 5.599999999999998757, 7.500000000000000000, 0.7500000000000000000 ) ) ;
#558 = ORIENTED_EDGE ( 'NONE', *, *, #1331, .T. ) ;
#559 = EDGE_CURVE ( 'NONE', #4137, #6896, #1957, .T. ) ;
#560 =( NAMED_UNIT ( * ) SI_UNIT ( $, .STERADIAN. ) SOLID_ANGLE_UNIT ( ) );
#561 = ORIENTED_EDGE ( 'NONE', *, *, #729, .T. ) ;
#562 = PLANE ( 'NONE',  #761 ) ;
#563 = FILL_AREA_STYLE ('',( #2462 ) ) ;
#564 = STYLED_ITEM ( 'NONE', ( #4501 ), #7821 ) ;
#565 = CARTESIAN_POINT ( 'NONE',  ( 1.920000000000000151, 8.349999999999999645, 0.0000000000000000000 ) ) ;
#566 = CARTESIAN_POINT ( 'NONE',  ( -10.41000000000000014, 0.5000000000000000000, -0.7500000000000000000 ) ) ;
#567 = VERTEX_POINT ( 'NONE', #2084 ) ;
#568 = EDGE_CURVE ( 'NONE', #8554, #8512, #763, .T. ) ;
#569 = AXIS2_PLACEMENT_3D ( 'NONE', #7284, #5378, #1278 ) ;
#570 = COLOUR_RGB ( '',0.1568627450980392135, 0.1568627450980392135, 0.1568627450980392135 ) ;
#571 = CARTESIAN_POINT ( 'NONE',  ( 2.020000000000000018, 7.500000000000000000, -0.7500000000000000000 ) ) ;
#572 = CARTESIAN_POINT ( 'NONE',  ( 5.850000000000000533, 7.500000000000000000, 0.5000000000000000000 ) ) ;
#573 = FACE_OUTER_BOUND ( 'NONE', #1491, .T. ) ;
#574 = CARTESIAN_POINT ( 'NONE',  ( -10.41000000000000014, 7.500000000000000000, 0.7500000000000000000 ) ) ;
#575 = EDGE_LOOP ( 'NONE', ( #385, #2843, #8467, #6305 ) ) ;
#576 = ORIENTED_EDGE ( 'NONE', *, *, #5631, .F. ) ;
#577 = ADVANCED_FACE ( 'NONE', ( #4776 ), #6136, .T. ) ;
#578 = VECTOR ( 'NONE', #6470, 1000.000000000000000 ) ;
#579 = EDGE_CURVE ( 'NONE', #465, #2003, #5001, .T. ) ;
#580 = MECHANICAL_DESIGN_GEOMETRIC_PRESENTATION_REPRESENTATION (  '', ( #8292 ), #7723 ) ;
#581 = VECTOR ( 'NONE', #6581, 1000.000000000000000 ) ;
#582 = DIRECTION ( 'NONE',  ( -0.0000000000000000000, 0.0000000000000000000, -1.000000000000000000 ) ) ;
#583 =( NAMED_UNIT ( * ) SI_UNIT ( $, .STERADIAN. ) SOLID_ANGLE_UNIT ( ) );
#584 =( GEOMETRIC_REPRESENTATION_CONTEXT ( 3 ) GLOBAL_UNCERTAINTY_ASSIGNED_CONTEXT ( ( #1996 ) ) GLOBAL_UNIT_ASSIGNED_CONTEXT ( ( #5297, #4756, #8672 ) ) REPRESENTATION_CONTEXT ( 'NONE', 'WORKASPACE' ) );
#585 = ORIENTED_EDGE ( 'NONE', *, *, #7640, .T. ) ;
#586 = SURFACE_SIDE_STYLE ('',( #1108 ) ) ;
#587 = ORIENTED_EDGE ( 'NONE', *, *, #1686, .T. ) ;
#588 = FILL_AREA_STYLE ('',( #6606 ) ) ;
#589 = ADVANCED_FACE ( 'NONE', ( #2922 ), #7026, .F. ) ;
#590 = EDGE_LOOP ( 'NONE', ( #7253, #8470, #967, #5457 ) ) ;
#591 = CARTESIAN_POINT ( 'NONE',  ( 8.140000000000000568, 7.500000000000000000, 0.7500000000000000000 ) ) ;
#592 = PRESENTATION_LAYER_ASSIGNMENT (  '', '', ( #5781 ) ) ;
#593 = VECTOR ( 'NONE', #1419, 1000.000000000000114 ) ;
#594 = UNCERTAINTY_MEASURE_WITH_UNIT (LENGTH_MEASURE( 1.000000000000000082E-05 ), #8460, 'distance_accuracy_value', 'NONE');
#595 = CARTESIAN_POINT ( 'NONE',  ( -8.140000000000000568, 0.5000000000000000000, -0.7500000000000000000 ) ) ;
#596 = DIRECTION ( 'NONE',  ( -1.000000000000000000, 0.0000000000000000000, -0.0000000000000000000 ) ) ;
#597 = VERTEX_POINT ( 'NONE', #8373 ) ;
#598 =( NAMED_UNIT ( * ) SI_UNIT ( $, .STERADIAN. ) SOLID_ANGLE_UNIT ( ) );
#599 = VECTOR ( 'NONE', #1755, 1000.000000000000000 ) ;
#600 = VERTEX_POINT ( 'NONE', #2308 ) ;
#601 = CARTESIAN_POINT ( 'NONE',  ( 8.589999999999999858, 0.5000000000000000000, 0.1999999999999999833 ) ) ;
#602 = EDGE_LOOP ( 'NONE', ( #336, #1785, #1269, #6135, #4577, #521, #6671, #1019, #6979, #8241, #2139, #1231, #8370, #4023, #3912, #6110, #2210, #78, #4128, #2768, #6717, #2131, #6531, #6434, #4264, #7518, #159, #7333, #5469, #2787, #7088, #2072, #3786, #1212, #1407, #7554, #4540, #6441, #2683, #5178, #6132, #4463, #6771, #7170, #1236, #5468, #6440, #5042, #3575, #66, #2876, #5896, #5181, #7303, #515, #8626, #1868, #2094, #6212, #5360, #7251, #7831, #3446, #5082, #4655, #7413, #7275, #3406 ) ) ;
#603 = LINE ( 'NONE', #2457, #8002 ) ;
#604 = ORIENTED_EDGE ( 'NONE', *, *, #4019, .T. ) ;
#605 = AXIS2_PLACEMENT_3D ( 'NONE', #2424, #3035, #5110 ) ;
#606 = LINE ( 'NONE', #7223, #4265 ) ;
#607 = PLANE ( 'NONE',  #6122 ) ;
#608 = DIRECTION ( 'NONE',  ( 0.0000000000000000000, -0.0000000000000000000, -1.000000000000000000 ) ) ;
#609 = CARTESIAN_POINT ( 'NONE',  ( 3.084999999999999076, 0.5000000000000000000, -0.7500000000000000000 ) ) ;
#610 = LINE ( 'NONE', #3288, #7747 ) ;
#611 = ADVANCED_FACE ( 'NONE', ( #1547 ), #4278, .T. ) ;
#612 = LINE ( 'NONE', #7310, #5380 ) ;
#613 = AXIS2_PLACEMENT_3D ( 'NONE', #4704, #3368, #7983 ) ;
#614 = ORIENTED_EDGE ( 'NONE', *, *, #3350, .F. ) ;
#615 = PRESENTATION_LAYER_ASSIGNMENT (  '', '', ( #4697 ) ) ;
#616 = CARTESIAN_POINT ( 'NONE',  ( 4.535000000000000142, 0.0000000000000000000, 0.7500000000000000000 ) ) ;
#617 =( NAMED_UNIT ( * ) SI_UNIT ( $, .STERADIAN. ) SOLID_ANGLE_UNIT ( ) );
#618 = ADVANCED_FACE ( 'NONE', ( #6978 ), #8236, .T. ) ;
#619 = CARTESIAN_POINT ( 'NONE',  ( 2.019999999999999574, 0.5000000000000000000, 0.7500000000000000000 ) ) ;
#620 = DIRECTION ( 'NONE',  ( -1.000000000000000000, -0.0000000000000000000, 0.0000000000000000000 ) ) ;
#621 = VERTEX_POINT ( 'NONE', #935 ) ;
#622 = DIRECTION ( 'NONE',  ( 1.000000000000000000, 0.0000000000000000000, -0.0000000000000000000 ) ) ;
#623 = ORIENTED_EDGE ( 'NONE', *, *, #6731, .F. ) ;
#624 = ORIENTED_EDGE ( 'NONE', *, *, #3344, .T. ) ;
#625 = LINE ( 'NONE', #6071, #8351 ) ;
#626 = STYLED_ITEM ( 'NONE', ( #5722 ), #4390 ) ;
#627 = ADVANCED_FACE ( 'NONE', ( #1502 ), #3619, .F. ) ;
#628 = EDGE_CURVE ( 'NONE', #8136, #5342, #6847, .T. ) ;
#629 = CARTESIAN_POINT ( 'NONE',  ( 9.640000000000000568, 7.500000000000000000, -0.7500000000000000000 ) ) ;
#630 = ORIENTED_EDGE ( 'NONE', *, *, #6542, .F. ) ;
#631 = DIRECTION ( 'NONE',  ( 0.0000000000000000000, 0.0000000000000000000, -1.000000000000000000 ) ) ;
#632 = ORIENTED_EDGE ( 'NONE', *, *, #3927, .T. ) ;
#633 =( NAMED_UNIT ( * ) SI_UNIT ( $, .STERADIAN. ) SOLID_ANGLE_UNIT ( ) );
#634 = STYLED_ITEM ( 'NONE', ( #3991 ), #5619 ) ;
#635 = ORIENTED_EDGE ( 'NONE', *, *, #6065, .T. ) ;
#636 = VECTOR ( 'NONE', #5034, 1000.000000000000000 ) ;
#637 = CARTESIAN_POINT ( 'NONE',  ( -10.41000000000000014, 7.500000000000000000, 0.7500000000000000000 ) ) ;
#638 = EDGE_CURVE ( 'NONE', #4953, #2320, #6217, .T. ) ;
#639 = CARTESIAN_POINT ( 'NONE',  ( -9.640000000000000568, 0.5000000000000000000, 0.7500000000000000000 ) ) ;
#640 = ORIENTED_EDGE ( 'NONE', *, *, #4990, .T. ) ;
#641 = VECTOR ( 'NONE', #620, 1000.000000000000000 ) ;
#642 =( NAMED_UNIT ( * ) SI_UNIT ( $, .STERADIAN. ) SOLID_ANGLE_UNIT ( ) );
#643 = EDGE_LOOP ( 'NONE', ( #6047, #470, #2706, #4599 ) ) ;
#644 = DIRECTION ( 'NONE',  ( -0.0000000000000000000, 0.0000000000000000000, 1.000000000000000000 ) ) ;
#645 = DIRECTION ( 'NONE',  ( 0.0000000000000000000, 0.0000000000000000000, 1.000000000000000000 ) ) ;
#646 = VERTEX_POINT ( 'NONE', #3943 ) ;
#647 = CARTESIAN_POINT ( 'NONE',  ( -1.569999999999992735, -2.499999999999999556, 0.2000000000000000944 ) ) ;
#648 = VERTEX_POINT ( 'NONE', #2573 ) ;
#649 = STYLED_ITEM ( 'NONE', ( #5230 ), #6149 ) ;
#650 =( GEOMETRIC_REPRESENTATION_CONTEXT ( 3 ) GLOBAL_UNCERTAINTY_ASSIGNED_CONTEXT ( ( #6800 ) ) GLOBAL_UNIT_ASSIGNED_CONTEXT ( ( #5357, #1961, #3160 ) ) REPRESENTATION_CONTEXT ( 'NONE', 'WORKASPACE' ) );
#651 = CARTESIAN_POINT ( 'NONE',  ( -10.41000000000000014, 8.500000000000000000, -0.8000000000000000444 ) ) ;
#652 = DIRECTION ( 'NONE',  ( -1.000000000000000000, 0.0000000000000000000, -0.0000000000000000000 ) ) ;
#653 = CARTESIAN_POINT ( 'NONE',  ( 8.164999999999999147, 7.500000000000000000, -0.7500000000000000000 ) ) ;
#654 = DIRECTION ( 'NONE',  ( -0.7071067811865474617, 0.7071067811865474617, 0.0000000000000000000 ) ) ;
#655 = VECTOR ( 'NONE', #4944, 1000.000000000000000 ) ;
#656 = ORIENTED_EDGE ( 'NONE', *, *, #2631, .F. ) ;
#657 = VECTOR ( 'NONE', #5536, 1000.000000000000000 ) ;
#658 = CARTESIAN_POINT ( 'NONE',  ( -7.075000000000000178, 7.500000000000000000, 0.7500000000000000000 ) ) ;
#659 = FILL_AREA_STYLE_COLOUR ( '', #3691 ) ;
#660 = PLANE ( 'NONE',  #1929 ) ;
#661 = FILL_AREA_STYLE ('',( #1305 ) ) ;
#662 = VERTEX_POINT ( 'NONE', #591 ) ;
#663 = SURFACE_STYLE_FILL_AREA ( #3381 ) ;
#664 = VECTOR ( 'NONE', #950, 1000.000000000000114 ) ;
#665 = ORIENTED_EDGE ( 'NONE', *, *, #4281, .F. ) ;
#666 = EDGE_CURVE ( 'NONE', #2398, #7345, #4506, .T. ) ;
#667 = FACE_OUTER_BOUND ( 'NONE', #4895, .T. ) ;
#668 = CARTESIAN_POINT ( 'NONE',  ( -10.41000000000000014, 0.5000000000000000000, -0.7500000000000000000 ) ) ;
#669 = FACE_OUTER_BOUND ( 'NONE', #8464, .T. ) ;
#670 = LINE ( 'NONE', #3265, #7373 ) ;
#671 = VERTEX_POINT ( 'NONE', #6608 ) ;
#672 = CARTESIAN_POINT ( 'NONE',  ( -1.570000000000000062, 0.5000000000000000000, -0.2000000000000000111 ) ) ;
#673 = CARTESIAN_POINT ( 'NONE',  ( 6.700000000000000178, 7.500000000000000000, 0.0000000000000000000 ) ) ;
#674 = VERTEX_POINT ( 'NONE', #6566 ) ;
#675 = EDGE_CURVE ( 'NONE', #8202, #5767, #5257, .T. ) ;
#676 =( NAMED_UNIT ( * ) SI_UNIT ( $, .STERADIAN. ) SOLID_ANGLE_UNIT ( ) );
#677 = CARTESIAN_POINT ( 'NONE',  ( 3.584999999999999964, -2.750000000000000000, 0.0000000000000000000 ) ) ;
#678 = ORIENTED_EDGE ( 'NONE', *, *, #7867, .F. ) ;
#679 = DIRECTION ( 'NONE',  ( 1.000000000000000000, -0.0000000000000000000, 0.0000000000000000000 ) ) ;
#680 = VERTEX_POINT ( 'NONE', #3776 ) ;
#681 =( NAMED_UNIT ( * ) PLANE_ANGLE_UNIT ( ) SI_UNIT ( $, .RADIAN. ) );
#682 = ORIENTED_EDGE ( 'NONE', *, *, #2862, .T. ) ;
#683 = EDGE_CURVE ( 'NONE', #1981, #5227, #7163, .T. ) ;
#684 = CARTESIAN_POINT ( 'NONE',  ( 4.534999999999999254, 0.5000000000000000000, 0.7500000000000000000 ) ) ;
#685 = ADVANCED_FACE ( 'NONE', ( #7744 ), #4553, .T. ) ;
#686 = ORIENTED_EDGE ( 'NONE', *, *, #4857, .F. ) ;
#687 = SURFACE_STYLE_USAGE ( .BOTH. , #4046 ) ;
#688 = ORIENTED_EDGE ( 'NONE', *, *, #4080, .F. ) ;
#689 = EDGE_CURVE ( 'NONE', #3571, #2749, #7074, .T. ) ;
#690 = CARTESIAN_POINT ( 'NONE',  ( -6.850000000000000533, 0.5000000000000000000, -0.5000000000000000000 ) ) ;
#691 = VECTOR ( 'NONE', #8411, 1000.000000000000000 ) ;
#692 = CARTESIAN_POINT ( 'NONE',  ( 5.850000000000000533, 0.5000000000000000000, -0.5000000000000000000 ) ) ;
#693 = DIRECTION ( 'NONE',  ( 1.000000000000000000, -0.0000000000000000000, 0.0000000000000000000 ) ) ;
#694 = SURFACE_SIDE_STYLE ('',( #8624 ) ) ;
#695 = LINE ( 'NONE', #2602, #8210 ) ;
#696 = ORIENTED_EDGE ( 'NONE', *, *, #6427, .F. ) ;
#697 = VECTOR ( 'NONE', #6964, 1000.000000000000000 ) ;
#698 = LINE ( 'NONE', #6677, #3119 ) ;
#699 = VECTOR ( 'NONE', #6354, 1000.000000000000000 ) ;
#700 =( NAMED_UNIT ( * ) SI_UNIT ( $, .STERADIAN. ) SOLID_ANGLE_UNIT ( ) );
#701 = DIRECTION ( 'NONE',  ( 0.0000000000000000000, 0.0000000000000000000, -1.000000000000000000 ) ) ;
#702 = ORIENTED_EDGE ( 'NONE', *, *, #2088, .T. ) ;
#703 = ADVANCED_FACE ( 'NONE', ( #1160 ), #1070, .F. ) ;
#704 = DIRECTION ( 'NONE',  ( 0.0000000000000000000, 0.0000000000000000000, -1.000000000000000000 ) ) ;
#705 = STYLED_ITEM ( 'NONE', ( #3472 ), #1318 ) ;
#706 = VECTOR ( 'NONE', #8058, 1000.000000000000000 ) ;
#707 = LINE ( 'NONE', #5341, #6649 ) ;
#708 = ORIENTED_EDGE ( 'NONE', *, *, #5720, .F. ) ;
#709 = EDGE_CURVE ( 'NONE', #3484, #7905, #1113, .T. ) ;
#710 = VECTOR ( 'NONE', #3274, 1000.000000000000000 ) ;
#711 = AXIS2_PLACEMENT_3D ( 'NONE', #466, #2445, #5131 ) ;
#712 = FILL_AREA_STYLE_COLOUR ( '', #2830 ) ;
#713 = LINE ( 'NONE', #4106, #2620 ) ;
#714 = ORIENTED_EDGE ( 'NONE', *, *, #962, .F. ) ;
#715 = FACE_OUTER_BOUND ( 'NONE', #2482, .T. ) ;
#716 = ADVANCED_FACE ( 'NONE', ( #5862 ), #5818, .T. ) ;
#717 = DIRECTION ( 'NONE',  ( 0.0000000000000000000, 0.0000000000000000000, -1.000000000000000000 ) ) ;
#718 = ORIENTED_EDGE ( 'NONE', *, *, #5238, .T. ) ;
#719 = CARTESIAN_POINT ( 'NONE',  ( -10.41000000000000014, 0.5000000000000000000, -0.7500000000000000000 ) ) ;
#720 = PRESENTATION_LAYER_ASSIGNMENT (  '', '', ( #992 ) ) ;
#721 = ORIENTED_EDGE ( 'NONE', *, *, #112, .F. ) ;
#722 = FILL_AREA_STYLE_COLOUR ( '', #6464 ) ;
#723 = VERTEX_POINT ( 'NONE', #8597 ) ;
#724 = CARTESIAN_POINT ( 'NONE',  ( -8.140000000000000568, 7.500000000000000000, 0.7500000000000000000 ) ) ;
#725 = PRESENTATION_LAYER_ASSIGNMENT (  '', '', ( #3258 ) ) ;
#726 = PLANE ( 'NONE',  #1205 ) ;
#727 = FACE_OUTER_BOUND ( 'NONE', #575, .T. ) ;
#728 = CARTESIAN_POINT ( 'NONE',  ( 8.390000000000000568, 0.0000000000000000000, 0.0000000000000000000 ) ) ;
#729 = EDGE_CURVE ( 'NONE', #5032, #3828, #5901, .T. ) ;
#730 = EDGE_CURVE ( 'NONE', #4822, #1327, #8548, .T. ) ;
#731 = CARTESIAN_POINT ( 'NONE',  ( 9.240000000000000213, 0.9000000000000000222, 0.3499999999999999778 ) ) ;
#732 = PLANE ( 'NONE',  #1544 ) ;
#733 = ORIENTED_EDGE ( 'NONE', *, *, #6779, .F. ) ;
#734 = VECTOR ( 'NONE', #4347, 1000.000000000000000 ) ;
#735 = CARTESIAN_POINT ( 'NONE',  ( -10.41000000000000014, 0.5000000000000000000, 0.7500000000000000000 ) ) ;
#736 =( LENGTH_UNIT ( ) NAMED_UNIT ( * ) SI_UNIT ( .MILLI., .METRE. ) );
#737 = LINE ( 'NONE', #168, #6059 ) ;
#738 =( GEOMETRIC_REPRESENTATION_CONTEXT ( 3 ) GLOBAL_UNCERTAINTY_ASSIGNED_CONTEXT ( ( #8495 ) ) GLOBAL_UNIT_ASSIGNED_CONTEXT ( ( #28, #2714, #1379 ) ) REPRESENTATION_CONTEXT ( 'NONE', 'WORKASPACE' ) );
#739 = CARTESIAN_POINT ( 'NONE',  ( 3.310000000000000941, 8.199999999999999289, 0.0000000000000000000 ) ) ;
#740 = ADVANCED_FACE ( 'NONE', ( #7376 ), #3352, .T. ) ;
#741 = ORIENTED_EDGE ( 'NONE', *, *, #8189, .F. ) ;
#742 = FILL_AREA_STYLE ('',( #7366 ) ) ;
#743 = MECHANICAL_DESIGN_GEOMETRIC_PRESENTATION_REPRESENTATION (  '', ( #6079 ), #1580 ) ;
#744 = UNCERTAINTY_MEASURE_WITH_UNIT (LENGTH_MEASURE( 1.000000000000000082E-05 ), #389, 'distance_accuracy_value', 'NONE');
#745 = FILL_AREA_STYLE ('',( #4095 ) ) ;
#746 = LINE ( 'NONE', #8040, #3189 ) ;
#747 = EDGE_CURVE ( 'NONE', #143, #1327, #8128, .T. ) ;
#748 = ORIENTED_EDGE ( 'NONE', *, *, #1877, .T. ) ;
#749 =( GEOMETRIC_REPRESENTATION_CONTEXT ( 3 ) GLOBAL_UNCERTAINTY_ASSIGNED_CONTEXT ( ( #7506 ) ) GLOBAL_UNIT_ASSIGNED_CONTEXT ( ( #61, #681, #3359 ) ) REPRESENTATION_CONTEXT ( 'NONE', 'WORKASPACE' ) );
#750 = CARTESIAN_POINT ( 'NONE',  ( -1.620000000000000107, 7.500000000000000000, 0.3499999999999999778 ) ) ;
#751 = VERTEX_POINT ( 'NONE', #5950 ) ;
#752 = DIRECTION ( 'NONE',  ( 0.0000000000000000000, 0.7071067811865474617, 0.7071067811865474617 ) ) ;
#753 = VECTOR ( 'NONE', #2292, 1000.000000000000000 ) ;
#754 = UNCERTAINTY_MEASURE_WITH_UNIT (LENGTH_MEASURE( 1.000000000000000082E-05 ), #3528, 'distance_accuracy_value', 'NONE');
#755 = CARTESIAN_POINT ( 'NONE',  ( 8.539999999999999147, 7.500000000000000000, -0.3499999999999999778 ) ) ;
#756 = FACE_OUTER_BOUND ( 'NONE', #5089, .T. ) ;
#757 = EDGE_LOOP ( 'NONE', ( #6021, #5955, #686, #8158 ) ) ;
#758 = PLANE ( 'NONE',  #499 ) ;
#759 = VERTEX_POINT ( 'NONE', #7151 ) ;
#760 = PLANE ( 'NONE',  #6088 ) ;
#761 = AXIS2_PLACEMENT_3D ( 'NONE', #5874, #7936, #5834 ) ;
#762 = ORIENTED_EDGE ( 'NONE', *, *, #6597, .F. ) ;
#763 = LINE ( 'NONE', #4652, #6179 ) ;
#764 = VERTEX_POINT ( 'NONE', #4495 ) ;
#765 = EDGE_CURVE ( 'NONE', #3323, #1311, #542, .T. ) ;
#766 = AXIS2_PLACEMENT_3D ( 'NONE', #7806, #5966, #3203 ) ;
#767 = VECTOR ( 'NONE', #5988, 1000.000000000000000 ) ;
#768 = CARTESIAN_POINT ( 'NONE',  ( 8.140000000000000568, 7.500000000000000000, -0.7500000000000000000 ) ) ;
#769 = DIRECTION ( 'NONE',  ( -0.0000000000000000000, 0.0000000000000000000, 1.000000000000000000 ) ) ;
#770 = CARTESIAN_POINT ( 'NONE',  ( -8.140000000000000568, 7.500000000000000000, 0.0000000000000000000 ) ) ;
#771 = CARTESIAN_POINT ( 'NONE',  ( 3.084999999999999964, 0.0000000000000000000, 0.7500000000000000000 ) ) ;
#772 = DIRECTION ( 'NONE',  ( -0.0000000000000000000, -1.000000000000000000, -0.0000000000000000000 ) ) ;
#773 = MECHANICAL_DESIGN_GEOMETRIC_PRESENTATION_REPRESENTATION (  '', ( #3036 ), #5421 ) ;
#774 = VECTOR ( 'NONE', #1748, 1000.000000000000000 ) ;
#775 = ORIENTED_EDGE ( 'NONE', *, *, #6940, .T. ) ;
#776 = EDGE_CURVE ( 'NONE', #621, #5719, #8584, .T. ) ;
#777 = EDGE_CURVE ( 'NONE', #4604, #3563, #4455, .T. ) ;
#778 = DIRECTION ( 'NONE',  ( -0.0000000000000000000, -0.0000000000000000000, 1.000000000000000000 ) ) ;
#779 =( GEOMETRIC_REPRESENTATION_CONTEXT ( 3 ) GLOBAL_UNCERTAINTY_ASSIGNED_CONTEXT ( ( #8130 ) ) GLOBAL_UNIT_ASSIGNED_CONTEXT ( ( #1463, #2789, #5438 ) ) REPRESENTATION_CONTEXT ( 'NONE', 'WORKASPACE' ) );
#780 = SURFACE_STYLE_USAGE ( .BOTH. , #4838 ) ;
#781 = DIRECTION ( 'NONE',  ( 0.0000000000000000000, 0.0000000000000000000, -1.000000000000000000 ) ) ;
#782 = MECHANICAL_DESIGN_GEOMETRIC_PRESENTATION_REPRESENTATION (  '', ( #4027 ), #7648 ) ;
#783 = FILL_AREA_STYLE_COLOUR ( '', #6687 ) ;
#784 = DIRECTION ( 'NONE',  ( -1.000000000000000000, 0.0000000000000000000, -0.0000000000000000000 ) ) ;
#785 = EDGE_LOOP ( 'NONE', ( #3802, #5592, #140, #6966 ) ) ;
#786 = VECTOR ( 'NONE', #596, 1000.000000000000000 ) ;
#787 = LINE ( 'NONE', #6913, #3967 ) ;
#788 = ADVANCED_FACE ( 'NONE', ( #7111 ), #8404, .T. ) ;
#789 = ADVANCED_FACE ( 'NONE', ( #1720 ), #3763, .T. ) ;
#790 =( NAMED_UNIT ( * ) PLANE_ANGLE_UNIT ( ) SI_UNIT ( $, .RADIAN. ) );
#791 = DIRECTION ( 'NONE',  ( 0.0000000000000000000, 1.000000000000000000, 0.0000000000000000000 ) ) ;
#792 = SURFACE_STYLE_USAGE ( .BOTH. , #4132 ) ;
#793 = PRESENTATION_STYLE_ASSIGNMENT (( #4351 ) ) ;
#794 = ORIENTED_EDGE ( 'NONE', *, *, #3816, .T. ) ;
#795 =( GEOMETRIC_REPRESENTATION_CONTEXT ( 3 ) GLOBAL_UNCERTAINTY_ASSIGNED_CONTEXT ( ( #7956 ) ) GLOBAL_UNIT_ASSIGNED_CONTEXT ( ( #8498, #7737, #7825 ) ) REPRESENTATION_CONTEXT ( 'NONE', 'WORKASPACE' ) );
#796 = PLANE ( 'NONE',  #569 ) ;
#797 = ORIENTED_EDGE ( 'NONE', *, *, #4779, .F. ) ;
#798 = EDGE_CURVE ( 'NONE', #6019, #8108, #1982, .T. ) ;
#799 = DIRECTION ( 'NONE',  ( 1.000000000000000000, 0.0000000000000000000, 0.0000000000000000000 ) ) ;
#800 = LINE ( 'NONE', #5504, #7732 ) ;
#801 = LINE ( 'NONE', #4731, #7086 ) ;
#802 = ORIENTED_EDGE ( 'NONE', *, *, #417, .F. ) ;
#803 = DIRECTION ( 'NONE',  ( -0.0000000000000000000, 0.0000000000000000000, -1.000000000000000000 ) ) ;
#804 = ORIENTED_EDGE ( 'NONE', *, *, #7982, .T. ) ;
#805 = CARTESIAN_POINT ( 'NONE',  ( -1.995000000000000329, 0.5000000000000000000, 0.7500000000000000000 ) ) ;
#806 = ORIENTED_EDGE ( 'NONE', *, *, #6492, .T. ) ;
#807 = DIRECTION ( 'NONE',  ( -0.0000000000000000000, -1.000000000000000000, -0.0000000000000000000 ) ) ;
#808 = ORIENTED_EDGE ( 'NONE', *, *, #5293, .T. ) ;
#809 = CARTESIAN_POINT ( 'NONE',  ( -6.049999999999999822, 0.0000000000000000000, 0.0000000000000000000 ) ) ;
#810 = PLANE ( 'NONE',  #5840 ) ;
#811 = LINE ( 'NONE', #6739, #1000 ) ;
#812 = ORIENTED_EDGE ( 'NONE', *, *, #6156, .F. ) ;
#813 = FILL_AREA_STYLE_COLOUR ( '', #8177 ) ;
#814 = ADVANCED_FACE ( 'NONE', ( #1312 ), #8034, .T. ) ;
#815 = ORIENTED_EDGE ( 'NONE', *, *, #2448, .F. ) ;
#816 = SURFACE_SIDE_STYLE ('',( #6184 ) ) ;
#817 = CARTESIAN_POINT ( 'NONE',  ( -9.189999999999999503, -3.000000000000000000, -0.2000000000000000111 ) ) ;
#818 = CARTESIAN_POINT ( 'NONE',  ( -10.41000000000000014, 8.500000000000000000, 1.270000000000000018 ) ) ;
#819 = PLANE ( 'NONE',  #2960 ) ;
#820 = EDGE_CURVE ( 'NONE', #4763, #1851, #698, .T. ) ;
#821 = ORIENTED_EDGE ( 'NONE', *, *, #683, .T. ) ;
#822 =( NAMED_UNIT ( * ) PLANE_ANGLE_UNIT ( ) SI_UNIT ( $, .RADIAN. ) );
#823 = UNCERTAINTY_MEASURE_WITH_UNIT (LENGTH_MEASURE( 1.000000000000000082E-05 ), #5555, 'distance_accuracy_value', 'NONE');
#824 =( LENGTH_UNIT ( ) NAMED_UNIT ( * ) SI_UNIT ( .MILLI., .METRE. ) );
#825 = FILL_AREA_STYLE_COLOUR ( '', #6590 ) ;
#826 =( LENGTH_UNIT ( ) NAMED_UNIT ( * ) SI_UNIT ( .MILLI., .METRE. ) );
#827 = ADVANCED_FACE ( 'NONE', ( #667 ), #4715, .F. ) ;
#828 =( GEOMETRIC_REPRESENTATION_CONTEXT ( 3 ) GLOBAL_UNCERTAINTY_ASSIGNED_CONTEXT ( ( #6789 ) ) GLOBAL_UNIT_ASSIGNED_CONTEXT ( ( #826, #225, #2200 ) ) REPRESENTATION_CONTEXT ( 'NONE', 'WORKASPACE' ) );
#829 = EDGE_CURVE ( 'NONE', #5377, #7110, #2195, .T. ) ;
#830 = PRESENTATION_LAYER_ASSIGNMENT (  '', '', ( #8126 ) ) ;
#831 = ORIENTED_EDGE ( 'NONE', *, *, #5462, .F. ) ;
#832 = PLANE ( 'NONE',  #8432 ) ;
#833 = UNCERTAINTY_MEASURE_WITH_UNIT (LENGTH_MEASURE( 1.000000000000000082E-05 ), #2973, 'distance_accuracy_value', 'NONE');
#834 = FILL_AREA_STYLE_COLOUR ( '', #4815 ) ;
#835 = LINE ( 'NONE', #3523, #3566 ) ;
#836 = DIRECTION ( 'NONE',  ( -0.2873478855663453291, -0.9578262852211513190, 0.0000000000000000000 ) ) ;
#837 = MECHANICAL_DESIGN_GEOMETRIC_PRESENTATION_REPRESENTATION (  '', ( #6330 ), #5759 ) ;
#838 = VERTEX_POINT ( 'NONE', #4173 ) ;
#839 = DIRECTION ( 'NONE',  ( 1.000000000000000000, -0.0000000000000000000, 0.0000000000000000000 ) ) ;
#840 = CARTESIAN_POINT ( 'NONE',  ( 3.459999999999999964, 0.9000000000000001332, -0.3499999999999999778 ) ) ;
#841 = ORIENTED_EDGE ( 'NONE', *, *, #6552, .F. ) ;
#842 = EDGE_CURVE ( 'NONE', #4867, #8538, #4308, .T. ) ;
#843 = FACE_OUTER_BOUND ( 'NONE', #8124, .T. ) ;
#844 = VECTOR ( 'NONE', #3027, 1000.000000000000000 ) ;
#845 = ORIENTED_EDGE ( 'NONE', *, *, #6540, .T. ) ;
#846 = CARTESIAN_POINT ( 'NONE',  ( 8.140000000000000568, 0.5000000000000000000, 0.0000000000000000000 ) ) ;
#847 = STYLED_ITEM ( 'NONE', ( #123 ), #1283 ) ;
#848 = AXIS2_PLACEMENT_3D ( 'NONE', #6032, #6761, #752 ) ;
#849 = EDGE_LOOP ( 'NONE', ( #8001, #6648, #8435, #1787 ) ) ;
#850 =( NAMED_UNIT ( * ) PLANE_ANGLE_UNIT ( ) SI_UNIT ( $, .RADIAN. ) );
#851 =( NAMED_UNIT ( * ) SI_UNIT ( $, .STERADIAN. ) SOLID_ANGLE_UNIT ( ) );
#852 = VECTOR ( 'NONE', #6146, 1000.000000000000114 ) ;
#853 = AXIS2_PLACEMENT_3D ( 'NONE', #3701, #5799, #491 ) ;
#854 = ORIENTED_EDGE ( 'NONE', *, *, #4315, .T. ) ;
#855 = FILL_AREA_STYLE ('',( #813 ) ) ;
#856 = DIRECTION ( 'NONE',  ( -1.000000000000000000, -0.0000000000000000000, 0.0000000000000000000 ) ) ;
#857 = ORIENTED_EDGE ( 'NONE', *, *, #1701, .T. ) ;
#858 = DIRECTION ( 'NONE',  ( 0.0000000000000000000, 0.0000000000000000000, -1.000000000000000000 ) ) ;
#859 = ORIENTED_EDGE ( 'NONE', *, *, #7268, .F. ) ;
#860 = VECTOR ( 'NONE', #2314, 1000.000000000000000 ) ;
#861 = VECTOR ( 'NONE', #3479, 1000.000000000000000 ) ;
#862 = LINE ( 'NONE', #8162, #4703 ) ;
#863 = CARTESIAN_POINT ( 'NONE',  ( -9.390000000000000568, 7.500000000000000000, -0.5000000000000000000 ) ) ;
#864 = CARTESIAN_POINT ( 'NONE',  ( 0.7700000000000000178, 7.500000000000000000, 0.5000000000000000000 ) ) ;
#865 = DIRECTION ( 'NONE',  ( -0.0000000000000000000, -1.000000000000000000, -0.0000000000000000000 ) ) ;
#866 = EDGE_LOOP ( 'NONE', ( #215, #5808, #8271, #3096 ) ) ;
#867 = CARTESIAN_POINT ( 'NONE',  ( -6.000000000000000000, 0.0000000000000000000, 0.0000000000000000000 ) ) ;
#868 = EDGE_CURVE ( 'NONE', #2777, #3009, #6286, .T. ) ;
#869 = CARTESIAN_POINT ( 'NONE',  ( 0.9200000000000000400, 0.9000000000000000222, 0.3499999999999999778 ) ) ;
#870 = DIRECTION ( 'NONE',  ( 1.000000000000000000, -0.0000000000000000000, 0.0000000000000000000 ) ) ;
#871 = SURFACE_SIDE_STYLE ('',( #2198 ) ) ;
#872 = LINE ( 'NONE', #3560, #1678 ) ;
#873 = CARTESIAN_POINT ( 'NONE',  ( 4.309999999999999609, 0.0000000000000000000, -0.5000000000000000000 ) ) ;
#874 = AXIS2_PLACEMENT_3D ( 'NONE', #1213, #3870, #3913 ) ;
#875 = VERTEX_POINT ( 'NONE', #117 ) ;
#876 = EDGE_CURVE ( 'NONE', #8083, #5583, #6192, .T. ) ;
#877 = EDGE_CURVE ( 'NONE', #3720, #1215, #2946, .T. ) ;
#878 = VECTOR ( 'NONE', #144, 1000.000000000000227 ) ;
#879 = FACE_OUTER_BOUND ( 'NONE', #5266, .T. ) ;
#880 = ORIENTED_EDGE ( 'NONE', *, *, #2543, .F. ) ;
#881 = DIRECTION ( 'NONE',  ( 1.000000000000000000, -0.0000000000000000000, 0.0000000000000000000 ) ) ;
#882 = FACE_OUTER_BOUND ( 'NONE', #4246, .T. ) ;
#883 = ORIENTED_EDGE ( 'NONE', *, *, #1864, .F. ) ;
#884 = PLANE ( 'NONE',  #3996 ) ;
#885 = ORIENTED_EDGE ( 'NONE', *, *, #829, .T. ) ;
#886 = ORIENTED_EDGE ( 'NONE', *, *, #7332, .T. ) ;
#887 =( GEOMETRIC_REPRESENTATION_CONTEXT ( 3 ) GLOBAL_UNCERTAINTY_ASSIGNED_CONTEXT ( ( #8224 ) ) GLOBAL_UNIT_ASSIGNED_CONTEXT ( ( #3436, #4025, #2776 ) ) REPRESENTATION_CONTEXT ( 'NONE', 'WORKASPACE' ) );
#888 = PRESENTATION_STYLE_ASSIGNMENT (( #8192 ) ) ;
#889 = ORIENTED_EDGE ( 'NONE', *, *, #3084, .F. ) ;
#890 = SURFACE_SIDE_STYLE ('',( #4235 ) ) ;
#891 = EDGE_CURVE ( 'NONE', #7355, #7841, #7582, .T. ) ;
#892 = DIRECTION ( 'NONE',  ( 1.000000000000000000, 0.0000000000000000000, 0.0000000000000000000 ) ) ;
#893 = ORIENTED_EDGE ( 'NONE', *, *, #2317, .F. ) ;
#894 = DIRECTION ( 'NONE',  ( 0.0000000000000000000, -0.7071067811865474617, 0.7071067811865474617 ) ) ;
#895 = FILL_AREA_STYLE_COLOUR ( '', #4533 ) ;
#896 = AXIS2_PLACEMENT_3D ( 'NONE', #5607, #6366, #8339 ) ;
#897 = VERTEX_POINT ( 'NONE', #174 ) ;
#898 = LINE ( 'NONE', #8064, #3415 ) ;
#899 = PRESENTATION_STYLE_ASSIGNMENT (( #1606 ) ) ;
#900 = ORIENTED_EDGE ( 'NONE', *, *, #8018, .T. ) ;
#901 = ORIENTED_EDGE ( 'NONE', *, *, #6831, .F. ) ;
#902 = STYLED_ITEM ( 'NONE', ( #7339 ), #5713 ) ;
#903 =( GEOMETRIC_REPRESENTATION_CONTEXT ( 3 ) GLOBAL_UNCERTAINTY_ASSIGNED_CONTEXT ( ( #6126 ) ) GLOBAL_UNIT_ASSIGNED_CONTEXT ( ( #6287, #5452, #121 ) ) REPRESENTATION_CONTEXT ( 'NONE', 'WORKASPACE' ) );
#904 = EDGE_CURVE ( 'NONE', #7420, #4903, #787, .T. ) ;
#905 = UNCERTAINTY_MEASURE_WITH_UNIT (LENGTH_MEASURE( 1.000000000000000082E-05 ), #7469, 'distance_accuracy_value', 'NONE');
#906 = LINE ( 'NONE', #3595, #4985 ) ;
#907 = FACE_OUTER_BOUND ( 'NONE', #5697, .T. ) ;
#908 = PLANE ( 'NONE',  #5773 ) ;
#909 = AXIS2_PLACEMENT_3D ( 'NONE', #4920, #6862, #1565 ) ;
#910 = VERTEX_POINT ( 'NONE', #954 ) ;
#911 = CARTESIAN_POINT ( 'NONE',  ( -7.099999999999999645, 7.500000000000000000, 0.7500000000000000000 ) ) ;
#912 =( GEOMETRIC_REPRESENTATION_CONTEXT ( 3 ) GLOBAL_UNCERTAINTY_ASSIGNED_CONTEXT ( ( #1012 ) ) GLOBAL_UNIT_ASSIGNED_CONTEXT ( ( #6537, #7224, #5875 ) ) REPRESENTATION_CONTEXT ( 'NONE', 'WORKASPACE' ) );
#913 = VECTOR ( 'NONE', #5276, 1000.000000000000000 ) ;
#914 = DIRECTION ( 'NONE',  ( 1.000000000000000000, 0.0000000000000000000, 0.0000000000000000000 ) ) ;
#915 = CARTESIAN_POINT ( 'NONE',  ( 5.850000000000000533, 7.500000000000000000, 0.0000000000000000000 ) ) ;
#916 = SURFACE_SIDE_STYLE ('',( #5580 ) ) ;
#917 = LINE ( 'NONE', #2237, #8422 ) ;
#918 = LINE ( 'NONE', #3654, #5268 ) ;
#919 = VECTOR ( 'NONE', #2780, 1000.000000000000000 ) ;
#920 = EDGE_CURVE ( 'NONE', #5719, #7198, #8213, .T. ) ;
#921 = VERTEX_POINT ( 'NONE', #1520 ) ;
#922 = FACE_OUTER_BOUND ( 'NONE', #5189, .T. ) ;
#923 = UNCERTAINTY_MEASURE_WITH_UNIT (LENGTH_MEASURE( 1.000000000000000082E-05 ), #2177, 'distance_accuracy_value', 'NONE');
#924 = VECTOR ( 'NONE', #1661, 1000.000000000000000 ) ;
#925 = PLANE ( 'NONE',  #7776 ) ;
#926 = CARTESIAN_POINT ( 'NONE',  ( -1.570000000000000062, 0.5000000000000000000, 0.2000000000000000111 ) ) ;
#927 = CARTESIAN_POINT ( 'NONE',  ( 1.620000000000000107, 7.500000000000000000, 0.3499999999999999778 ) ) ;
#928 = ORIENTED_EDGE ( 'NONE', *, *, #8653, .T. ) ;
#929 = CARTESIAN_POINT ( 'NONE',  ( 9.615000000000000213, 0.0000000000000000000, 0.7500000000000000000 ) ) ;
#930 = VERTEX_POINT ( 'NONE', #2282 ) ;
#931 = FACE_OUTER_BOUND ( 'NONE', #3971, .T. ) ;
#932 = EDGE_CURVE ( 'NONE', #1919, #6572, #6869, .T. ) ;
#933 = AXIS2_PLACEMENT_3D ( 'NONE', #5289, #1304, #6709 ) ;
#934 = VERTEX_POINT ( 'NONE', #4209 ) ;
#935 = CARTESIAN_POINT ( 'NONE',  ( -7.150000000000000355, 8.500000000000000000, -0.8000000000000005995 ) ) ;
#936 = ORIENTED_EDGE ( 'NONE', *, *, #3068, .T. ) ;
#937 = PLANE ( 'NONE',  #6867 ) ;
#938 = ORIENTED_EDGE ( 'NONE', *, *, #7041, .T. ) ;
#939 = CARTESIAN_POINT ( 'NONE',  ( -9.189999999999999503, 0.0000000000000000000, -0.2000000000000000111 ) ) ;
#940 = LINE ( 'NONE', #6404, #1412 ) ;
#941 = ORIENTED_EDGE ( 'NONE', *, *, #4833, .F. ) ;
#942 = CARTESIAN_POINT ( 'NONE',  ( 3.060000000000000053, 7.500000000000000000, -0.7500000000000000000 ) ) ;
#943 = ADVANCED_FACE ( 'NONE', ( #5665, #2806 ), #5575, .T. ) ;
#944 = ADVANCED_FACE ( 'NONE', ( #4799 ), #7448, .T. ) ;
#945 = FILL_AREA_STYLE ('',( #6949 ) ) ;
#946 = VERTEX_POINT ( 'NONE', #8395 ) ;
#947 = LINE ( 'NONE', #5104, #3871 ) ;
#948 = PLANE ( 'NONE',  #3170 ) ;
#949 = FACE_BOUND ( 'NONE', #4233, .T. ) ;
#950 = DIRECTION ( 'NONE',  ( 0.5773502691896261751, 0.5773502691896268413, 0.5773502691896241767 ) ) ;
#951 = CARTESIAN_POINT ( 'NONE',  ( 0.4699999999999999178, 8.500000000000000000, -1.270000000000000018 ) ) ;
#952 = EDGE_CURVE ( 'NONE', #1935, #6923, #7003, .T. ) ;
#953 = ORIENTED_EDGE ( 'NONE', *, *, #8227, .F. ) ;
#954 = CARTESIAN_POINT ( 'NONE',  ( 8.089999999999999858, 8.500000000000000000, 0.8000000000000005995 ) ) ;
#955 = LINE ( 'NONE', #5025, #3699 ) ;
#956 = DIRECTION ( 'NONE',  ( -0.0000000000000000000, -0.0000000000000000000, 1.000000000000000000 ) ) ;
#957 = LINE ( 'NONE', #5535, #984 ) ;
#958 = CARTESIAN_POINT ( 'NONE',  ( 1.620000000000000107, 0.0000000000000000000, 0.0000000000000000000 ) ) ;
#959 = LINE ( 'NONE', #5499, #2232 ) ;
#960 = ORIENTED_EDGE ( 'NONE', *, *, #568, .F. ) ;
#961 = PLANE ( 'NONE',  #1752 ) ;
#962 = EDGE_CURVE ( 'NONE', #4326, #2878, #8530, .T. ) ;
#963 =( GEOMETRIC_REPRESENTATION_CONTEXT ( 3 ) GLOBAL_UNCERTAINTY_ASSIGNED_CONTEXT ( ( #2148 ) ) GLOBAL_UNIT_ASSIGNED_CONTEXT ( ( #4034, #8053, #4146 ) ) REPRESENTATION_CONTEXT ( 'NONE', 'WORKASPACE' ) );
#964 = CARTESIAN_POINT ( 'NONE',  ( 1.995000000000000329, 0.5000000000000000000, -0.7500000000000000000 ) ) ;
#965 = ORIENTED_EDGE ( 'NONE', *, *, #7857, .F. ) ;
#966 = FILL_AREA_STYLE ('',( #4272 ) ) ;
#967 = ORIENTED_EDGE ( 'NONE', *, *, #4779, .T. ) ;
#968 = COLOUR_RGB ( '',0.1568627450980392135, 0.1568627450980392135, 0.1568627450980392135 ) ;
#969 = LINE ( 'NONE', #5685, #7904 ) ;
#970 = ORIENTED_EDGE ( 'NONE', *, *, #4165, .T. ) ;
#971 = CARTESIAN_POINT ( 'NONE',  ( 0.7700000000000000178, 0.5000000000000000000, -0.5000000000000000000 ) ) ;
#972 = VECTOR ( 'NONE', #1360, 1000.000000000000000 ) ;
#973 = VERTEX_POINT ( 'NONE', #3794 ) ;
#974 = CARTESIAN_POINT ( 'NONE',  ( 6.000000000000000000, 7.500000000000000000, 0.3499999999999999778 ) ) ;
#975 = VECTOR ( 'NONE', #203, 1000.000000000000000 ) ;
#976 = ADVANCED_FACE ( 'NONE', ( #399, #5751 ), #6452, .T. ) ;
#977 = DIRECTION ( 'NONE',  ( 1.000000000000000000, -0.0000000000000000000, 0.0000000000000000000 ) ) ;
#978 = CARTESIAN_POINT ( 'NONE',  ( -6.049999999999999822, 0.5000000000000000000, -0.1999999999999999833 ) ) ;
#979 = ORIENTED_EDGE ( 'NONE', *, *, #3259, .F. ) ;
#980 = CARTESIAN_POINT ( 'NONE',  ( -4.610000000000001208, 8.500000000000000000, -0.8000000000000007105 ) ) ;
#981 = SURFACE_SIDE_STYLE ('',( #3626 ) ) ;
#982 = EDGE_LOOP ( 'NONE', ( #2220, #4961, #4775, #3613, #8324, #4570 ) ) ;
#983 = CARTESIAN_POINT ( 'NONE',  ( 7.100000000000000533, 7.500000000000000000, 0.7500000000000000000 ) ) ;
#984 = VECTOR ( 'NONE', #7678, 1000.000000000000000 ) ;
#985 = AXIS2_PLACEMENT_3D ( 'NONE', #285, #3671, #6352 ) ;
#986 = ORIENTED_EDGE ( 'NONE', *, *, #5797, .F. ) ;
#987 = CARTESIAN_POINT ( 'NONE',  ( 0.9200000000000000400, 0.9000000000000001332, -0.3499999999999999778 ) ) ;
#988 = ORIENTED_EDGE ( 'NONE', *, *, #7781, .T. ) ;
#989 = ADVANCED_FACE ( 'NONE', ( #3127 ), #2468, .F. ) ;
#990 = CARTESIAN_POINT ( 'NONE',  ( 5.700000000000000178, 8.349999999999999645, 0.0000000000000000000 ) ) ;
#991 = EDGE_CURVE ( 'NONE', #7320, #3061, #5514, .T. ) ;
#992 = STYLED_ITEM ( 'NONE', ( #4094 ), #814 ) ;
#993 = LINE ( 'NONE', #8293, #76 ) ;
#994 = CARTESIAN_POINT ( 'NONE',  ( 6.650000000000000355, -2.500000000000000000, 0.0000000000000000000 ) ) ;
#995 = CARTESIAN_POINT ( 'NONE',  ( -4.559999999999999609, 0.5000000000000000000, -0.7500000000000000000 ) ) ;
#996 = DIRECTION ( 'NONE',  ( 0.0000000000000000000, 0.0000000000000000000, -1.000000000000000000 ) ) ;
#997 = CARTESIAN_POINT ( 'NONE',  ( 6.650000000000000355, 0.5000000000000000000, 0.1999999999999999833 ) ) ;
#998 = FACE_OUTER_BOUND ( 'NONE', #4473, .T. ) ;
#999 = ORIENTED_EDGE ( 'NONE', *, *, #3858, .F. ) ;
#1000 = VECTOR ( 'NONE', #3491, 1000.000000000000000 ) ;
#1001 = COLOUR_RGB ( '',0.1568627450980392135, 0.1568627450980392135, 0.1568627450980392135 ) ;
#1002 = LINE ( 'NONE', #1047, #734 ) ;
#1003 = EDGE_CURVE ( 'NONE', #1375, #4295, #5927, .T. ) ;
#1004 = CARTESIAN_POINT ( 'NONE',  ( -9.390000000000000568, 7.500000000000000000, 0.5000000000000000000 ) ) ;
#1005 = AXIS2_PLACEMENT_3D ( 'NONE', #3767, #6428, #4363 ) ;
#1006 = LINE ( 'NONE', #3708, #7092 ) ;
#1007 = DIRECTION ( 'NONE',  ( -0.5773502691896260641, -0.5773502691896268413, 0.5773502691896242878 ) ) ;
#1008 = DIRECTION ( 'NONE',  ( 0.0000000000000000000, 1.000000000000000000, 0.0000000000000000000 ) ) ;
#1009 = CARTESIAN_POINT ( 'NONE',  ( 7.075000000000000178, 7.500000000000000000, 0.0000000000000000000 ) ) ;
#1010 = ORIENTED_EDGE ( 'NONE', *, *, #3014, .F. ) ;
#1011 = MECHANICAL_DESIGN_GEOMETRIC_PRESENTATION_REPRESENTATION (  '', ( #6077 ), #2284 ) ;
#1012 = UNCERTAINTY_MEASURE_WITH_UNIT (LENGTH_MEASURE( 1.000000000000000082E-05 ), #6537, 'distance_accuracy_value', 'NONE');
#1013 = ADVANCED_FACE ( 'NONE', ( #2174 ), #3451, .T. ) ;
#1014 = LINE ( 'NONE', #6970, #7231 ) ;
#1015 = ORIENTED_EDGE ( 'NONE', *, *, #8250, .T. ) ;
#1016 = LINE ( 'NONE', #4995, #2736 ) ;
#1017 = DIRECTION ( 'NONE',  ( -1.000000000000000000, -0.0000000000000000000, 0.0000000000000000000 ) ) ;
#1018 = VECTOR ( 'NONE', #2533, 1000.000000000000000 ) ;
#1019 = ORIENTED_EDGE ( 'NONE', *, *, #4832, .F. ) ;
#1020 = DIRECTION ( 'NONE',  ( 0.0000000000000000000, -0.0000000000000000000, 1.000000000000000000 ) ) ;
#1021 = ORIENTED_EDGE ( 'NONE', *, *, #4819, .T. ) ;
#1022 =( LENGTH_UNIT ( ) NAMED_UNIT ( * ) SI_UNIT ( .MILLI., .METRE. ) );
#1023 = VECTOR ( 'NONE', #3941, 1000.000000000000000 ) ;
#1024 = DIRECTION ( 'NONE',  ( 1.000000000000000000, 0.0000000000000000000, 0.0000000000000000000 ) ) ;
#1025 = CARTESIAN_POINT ( 'NONE',  ( 2.019999999999999130, 0.5000000000000000000, 0.7500000000000000000 ) ) ;
#1026 = ORIENTED_EDGE ( 'NONE', *, *, #1950, .F. ) ;
#1027 = LINE ( 'NONE', #3731, #4441 ) ;
#1028 = CARTESIAN_POINT ( 'NONE',  ( -6.500000000000000888, -3.000000000000000000, -0.2000000000000000111 ) ) ;
#1029 = ORIENTED_EDGE ( 'NONE', *, *, #3330, .F. ) ;
#1030 = CARTESIAN_POINT ( 'NONE',  ( -9.040000000000002700, -3.000000000000001332, 0.2000000000000000389 ) ) ;
#1031 = PRESENTATION_STYLE_ASSIGNMENT (( #7036 ) ) ;
#1032 = AXIS2_PLACEMENT_3D ( 'NONE', #7331, #2115, #2735 ) ;
#1033 = ORIENTED_EDGE ( 'NONE', *, *, #3676, .F. ) ;
#1034 = EDGE_CURVE ( 'NONE', #1571, #254, #152, .T. ) ;
#1035 = CARTESIAN_POINT ( 'NONE',  ( 3.009999999999999787, 8.500000000000000000, -0.8000000000000004885 ) ) ;
#1036 = ORIENTED_EDGE ( 'NONE', *, *, #1971, .T. ) ;
#1037 = VECTOR ( 'NONE', #1696, 1000.000000000000000 ) ;
#1038 = DIRECTION ( 'NONE',  ( 0.0000000000000000000, 0.0000000000000000000, -1.000000000000000000 ) ) ;
#1039 = DIRECTION ( 'NONE',  ( 0.0000000000000000000, 0.0000000000000000000, -1.000000000000000000 ) ) ;
#1040 = DIRECTION ( 'NONE',  ( 0.0000000000000000000, -0.0000000000000000000, 1.000000000000000000 ) ) ;
#1041 = CARTESIAN_POINT ( 'NONE',  ( -1.995000000000000329, 0.0000000000000000000, 0.7500000000000000000 ) ) ;
#1042 = VECTOR ( 'NONE', #4753, 1000.000000000000114 ) ;
#1043 = VECTOR ( 'NONE', #8406, 1000.000000000000000 ) ;
#1044 = VERTEX_POINT ( 'NONE', #7897 ) ;
#1045 = ADVANCED_FACE ( 'NONE', ( #6091 ), #8101, .F. ) ;
#1046 = ADVANCED_FACE ( 'NONE', ( #1449 ), #136, .F. ) ;
#1047 = CARTESIAN_POINT ( 'NONE',  ( -10.41000000000000014, 0.5000000000000000000, -0.7500000000000000000 ) ) ;
#1048 = COLOUR_RGB ( '',0.1568627450980392135, 0.1568627450980392135, 0.1568627450980392135 ) ;
#1049 =( NAMED_UNIT ( * ) SI_UNIT ( $, .STERADIAN. ) SOLID_ANGLE_UNIT ( ) );
#1050 = VECTOR ( 'NONE', #8428, 1000.000000000000000 ) ;
#1051 = DIRECTION ( 'NONE',  ( 0.0000000000000000000, 1.000000000000000000, 0.0000000000000000000 ) ) ;
#1052 = SURFACE_STYLE_FILL_AREA ( #1096 ) ;
#1053 = LINE ( 'NONE', #7196, #2799 ) ;
#1054 = VERTEX_POINT ( 'NONE', #4140 ) ;
#1055 = EDGE_CURVE ( 'NONE', #1311, #8143, #800, .T. ) ;
#1056 = EDGE_CURVE ( 'NONE', #8690, #3088, #7509, .T. ) ;
#1057 = AXIS2_PLACEMENT_3D ( 'NONE', #70, #5475, #7523 ) ;
#1058 = VERTEX_POINT ( 'NONE', #55 ) ;
#1059 = VECTOR ( 'NONE', #3500, 1000.000000000000000 ) ;
#1060 = LINE ( 'NONE', #5123, #6239 ) ;
#1061 = LINE ( 'NONE', #2552, #8025 ) ;
#1062 = DIRECTION ( 'NONE',  ( 0.2873478855662903730, 0.9578262852211679723, 0.0000000000000000000 ) ) ;
#1063 = ORIENTED_EDGE ( 'NONE', *, *, #3965, .F. ) ;
#1064 = VECTOR ( 'NONE', #8229, 1000.000000000000000 ) ;
#1065 = VECTOR ( 'NONE', #6439, 1000.000000000000000 ) ;
#1066 = CARTESIAN_POINT ( 'NONE',  ( -10.41000000000000014, 8.500000000000000000, -1.270000000000000018 ) ) ;
#1067 = ORIENTED_EDGE ( 'NONE', *, *, #1094, .T. ) ;
#1068 = ADVANCED_FACE ( 'NONE', ( #4767 ), #98, .F. ) ;
#1069 = ORIENTED_EDGE ( 'NONE', *, *, #6678, .T. ) ;
#1070 = PLANE ( 'NONE',  #711 ) ;
#1071 = AXIS2_PLACEMENT_3D ( 'NONE', #536, #4538, #2554 ) ;
#1072 = DIRECTION ( 'NONE',  ( -1.000000000000000000, 0.0000000000000000000, -0.0000000000000000000 ) ) ;
#1073 = CARTESIAN_POINT ( 'NONE',  ( -5.850000000000001421, 8.199999999999999289, 0.5000000000000000000 ) ) ;
#1074 = EDGE_LOOP ( 'NONE', ( #1796, #3874, #7470, #6150 ) ) ;
#1075 = FACE_OUTER_BOUND ( 'NONE', #4072, .T. ) ;
#1076 = CARTESIAN_POINT ( 'NONE',  ( 3.310000000000000053, 8.500000000000000000, 0.5000000000000000000 ) ) ;
#1077 = ORIENTED_EDGE ( 'NONE', *, *, #6477, .F. ) ;
#1078 = DIRECTION ( 'NONE',  ( 0.0000000000000000000, 0.0000000000000000000, -1.000000000000000000 ) ) ;
#1079 = ORIENTED_EDGE ( 'NONE', *, *, #1219, .F. ) ;
#1080 = LINE ( 'NONE', #4432, #1539 ) ;
#1081 = EDGE_LOOP ( 'NONE', ( #1769, #1546, #7022, #1917 ) ) ;
#1082 = DIRECTION ( 'NONE',  ( -0.7071067811865474617, 0.7071067811865474617, 0.0000000000000000000 ) ) ;
#1083 = LINE ( 'NONE', #5702, #1328 ) ;
#1084 = LINE ( 'NONE', #2987, #3172 ) ;
#1085 = LINE ( 'NONE', #5185, #1281 ) ;
#1086 = EDGE_CURVE ( 'NONE', #4822, #723, #12, .T. ) ;
#1087 =( LENGTH_UNIT ( ) NAMED_UNIT ( * ) SI_UNIT ( .MILLI., .METRE. ) );
#1088 = DIRECTION ( 'NONE',  ( -0.0000000000000000000, -1.000000000000000000, -0.0000000000000000000 ) ) ;
#1089 = SURFACE_STYLE_FILL_AREA ( #7768 ) ;
#1090 = EDGE_LOOP ( 'NONE', ( #7347, #6253, #415, #5449 ) ) ;
#1091 =( NAMED_UNIT ( * ) SI_UNIT ( $, .STERADIAN. ) SOLID_ANGLE_UNIT ( ) );
#1092 = DIRECTION ( 'NONE',  ( -0.7071067811865474617, 0.7071067811865474617, 0.0000000000000000000 ) ) ;
#1093 = CARTESIAN_POINT ( 'NONE',  ( 8.164999999999999147, 0.0000000000000000000, 0.7500000000000000000 ) ) ;
#1094 = EDGE_CURVE ( 'NONE', #8256, #3700, #2160, .T. ) ;
#1095 = LINE ( 'NONE', #7006, #5434 ) ;
#1096 = FILL_AREA_STYLE ('',( #7054 ) ) ;
#1097 = CARTESIAN_POINT ( 'NONE',  ( 9.189999999999995950, -2.499999999999998668, -0.2000000000000000389 ) ) ;
#1098 = ORIENTED_EDGE ( 'NONE', *, *, #23, .F. ) ;
#1099 = VERTEX_POINT ( 'NONE', #2740 ) ;
#1100 = FILL_AREA_STYLE_COLOUR ( '', #2114 ) ;
#1101 = UNCERTAINTY_MEASURE_WITH_UNIT (LENGTH_MEASURE( 1.000000000000000082E-05 ), #6209, 'distance_accuracy_value', 'NONE');
#1102 = LINE ( 'NONE', #8360, #636 ) ;
#1103 = EDGE_CURVE ( 'NONE', #6417, #646, #4689, .T. ) ;
#1104 = DIRECTION ( 'NONE',  ( 0.0000000000000000000, 0.0000000000000000000, -1.000000000000000000 ) ) ;
#1105 = EDGE_CURVE ( 'NONE', #567, #7740, #4183, .T. ) ;
#1106 = DIRECTION ( 'NONE',  ( 0.0000000000000000000, 0.0000000000000000000, -1.000000000000000000 ) ) ;
#1107 = ORIENTED_EDGE ( 'NONE', *, *, #8363, .T. ) ;
#1108 = SURFACE_STYLE_FILL_AREA ( #3810 ) ;
#1109 = ORIENTED_EDGE ( 'NONE', *, *, #8641, .T. ) ;
#1110 = LINE ( 'NONE', #3812, #5392 ) ;
#1111 = AXIS2_PLACEMENT_3D ( 'NONE', #1577, #2288, #358 ) ;
#1112 = ORIENTED_EDGE ( 'NONE', *, *, #6744, .F. ) ;
#1113 = LINE ( 'NONE', #6478, #5766 ) ;
#1114 = MECHANICAL_DESIGN_GEOMETRIC_PRESENTATION_REPRESENTATION (  '', ( #7548 ), #4198 ) ;
#1115 = LINE ( 'NONE', #4558, #1842 ) ;
#1116 = EDGE_CURVE ( 'NONE', #934, #648, #2037, .T. ) ;
#1117 = VECTOR ( 'NONE', #1007, 1000.000000000000114 ) ;
#1118 = VERTEX_POINT ( 'NONE', #2657 ) ;
#1119 = LINE ( 'NONE', #3820, #6659 ) ;
#1120 = ORIENTED_EDGE ( 'NONE', *, *, #6743, .T. ) ;
#1121 = DIRECTION ( 'NONE',  ( 0.0000000000000000000, 0.0000000000000000000, -1.000000000000000000 ) ) ;
#1122 = AXIS2_PLACEMENT_3D ( 'NONE', #4984, #7501, #1490 ) ;
#1123 = ORIENTED_EDGE ( 'NONE', *, *, #3919, .T. ) ;
#1124 = CARTESIAN_POINT ( 'NONE',  ( -8.890000000000000568, 8.199999999999999289, 0.4999999999999993339 ) ) ;
#1125 = VECTOR ( 'NONE', #4420, 1000.000000000000114 ) ;
#1126 = VERTEX_POINT ( 'NONE', #5345 ) ;
#1127 = DIRECTION ( 'NONE',  ( 1.000000000000000000, 0.0000000000000000000, 0.0000000000000000000 ) ) ;
#1128 = VECTOR ( 'NONE', #3748, 1000.000000000000000 ) ;
#1129 = CARTESIAN_POINT ( 'NONE',  ( -0.9200000000000000400, 0.9000000000000001332, 0.3499999999999999778 ) ) ;
#1130 = PLANE ( 'NONE',  #4294 ) ;
#1131 = DIRECTION ( 'NONE',  ( 0.0000000000000000000, 0.0000000000000000000, -1.000000000000000000 ) ) ;
#1132 = VECTOR ( 'NONE', #8050, 1000.000000000000000 ) ;
#1133 = PLANE ( 'NONE',  #2637 ) ;
#1134 = CARTESIAN_POINT ( 'NONE',  ( 3.310000000000000053, 7.500000000000000000, -0.5000000000000000000 ) ) ;
#1135 = PLANE ( 'NONE',  #3952 ) ;
#1136 = DIRECTION ( 'NONE',  ( 0.0000000000000000000, -0.0000000000000000000, 1.000000000000000000 ) ) ;
#1137 = MECHANICAL_DESIGN_GEOMETRIC_PRESENTATION_REPRESENTATION (  '', ( #2963 ), #4508 ) ;
#1138 = FILL_AREA_STYLE ('',( #5882 ) ) ;
#1139 = MECHANICAL_DESIGN_GEOMETRIC_PRESENTATION_REPRESENTATION (  '', ( #4220 ), #5904 ) ;
#1140 = FACE_OUTER_BOUND ( 'NONE', #2993, .T. ) ;
#1141 = CARTESIAN_POINT ( 'NONE',  ( -8.390000000000002345, 8.199999999999999289, -0.5000000000000000000 ) ) ;
#1142 = SURFACE_SIDE_STYLE ('',( #3756 ) ) ;
#1143 = LINE ( 'NONE', #6593, #4643 ) ;
#1144 = VECTOR ( 'NONE', #5174, 1000.000000000000000 ) ;
#1145 = MECHANICAL_DESIGN_GEOMETRIC_PRESENTATION_REPRESENTATION (  '', ( #6480 ), #6060 ) ;
#1146 = ORIENTED_EDGE ( 'NONE', *, *, #95, .F. ) ;
#1147 = ORIENTED_EDGE ( 'NONE', *, *, #1528, .F. ) ;
#1148 = ADVANCED_FACE ( 'NONE', ( #2698 ), #3438, .T. ) ;
#1149 = CARTESIAN_POINT ( 'NONE',  ( -10.41000000000000014, 8.500000000000000000, -0.8000000000000000444 ) ) ;
#1150 = VECTOR ( 'NONE', #6447, 1000.000000000000000 ) ;
#1151 = STYLED_ITEM ( 'NONE', ( #233 ), #1211 ) ;
#1152 = DIRECTION ( 'NONE',  ( 1.000000000000000000, -0.0000000000000000000, 0.0000000000000000000 ) ) ;
#1153 = LINE ( 'NONE', #1233, #7721 ) ;
#1154 = ORIENTED_EDGE ( 'NONE', *, *, #3217, .T. ) ;
#1155 = LINE ( 'NONE', #4638, #3939 ) ;
#1156 = VERTEX_POINT ( 'NONE', #1997 ) ;
#1157 = DIRECTION ( 'NONE',  ( 0.0000000000000000000, 0.0000000000000000000, -1.000000000000000000 ) ) ;
#1158 = VERTEX_POINT ( 'NONE', #7336 ) ;
#1159 = ADVANCED_FACE ( 'NONE', ( #6927 ), #5080, .F. ) ;
#1160 = FACE_OUTER_BOUND ( 'NONE', #6218, .T. ) ;
#1161 = EDGE_CURVE ( 'NONE', #1126, #7835, #5586, .T. ) ;
#1162 = CARTESIAN_POINT ( 'NONE',  ( -1.995000000000000329, 0.0000000000000000000, 0.0000000000000000000 ) ) ;
#1163 = DIRECTION ( 'NONE',  ( 1.000000000000000000, -0.0000000000000000000, 0.0000000000000000000 ) ) ;
#1164 = ORIENTED_EDGE ( 'NONE', *, *, #6634, .F. ) ;
#1165 = FACE_OUTER_BOUND ( 'NONE', #5054, .T. ) ;
#1166 = LINE ( 'NONE', #6526, #7884 ) ;
#1167 = EDGE_LOOP ( 'NONE', ( #5432, #4008, #6757, #665 ) ) ;
#1168 = DIRECTION ( 'NONE',  ( -0.2873478855663468279, -0.9578262852211509859, 0.0000000000000000000 ) ) ;
#1169 =( NAMED_UNIT ( * ) SI_UNIT ( $, .STERADIAN. ) SOLID_ANGLE_UNIT ( ) );
#1170 = EDGE_LOOP ( 'NONE', ( #4676, #2582, #5738, #6846 ) ) ;
#1171 = MECHANICAL_DESIGN_GEOMETRIC_PRESENTATION_REPRESENTATION (  '', ( #4548 ), #3855 ) ;
#1172 = PLANE ( 'NONE',  #3105 ) ;
#1173 = EDGE_CURVE ( 'NONE', #6951, #5313, #2298, .T. ) ;
#1174 = ORIENTED_EDGE ( 'NONE', *, *, #7143, .T. ) ;
#1175 = LINE ( 'NONE', #5320, #7481 ) ;
#1176 = SURFACE_STYLE_USAGE ( .BOTH. , #2636 ) ;
#1177 = SURFACE_STYLE_FILL_AREA ( #4527 ) ;
#1178 = LINE ( 'NONE', #3922, #7304 ) ;
#1179 = FILL_AREA_STYLE ('',( #5019 ) ) ;
#1180 = ORIENTED_EDGE ( 'NONE', *, *, #5617, .T. ) ;
#1181 = STYLED_ITEM ( 'NONE', ( #6965 ), #3873 ) ;
#1182 = DIRECTION ( 'NONE',  ( 0.0000000000000000000, 0.0000000000000000000, -1.000000000000000000 ) ) ;
#1183 = CARTESIAN_POINT ( 'NONE',  ( -9.640000000000000568, 0.5000000000000000000, -0.7500000000000000000 ) ) ;
#1184 = DIRECTION ( 'NONE',  ( 1.000000000000000000, -0.0000000000000000000, 0.0000000000000000000 ) ) ;
#1185 = LINE ( 'NONE', #2682, #8503 ) ;
#1186 =( NAMED_UNIT ( * ) SI_UNIT ( $, .STERADIAN. ) SOLID_ANGLE_UNIT ( ) );
#1187 = LINE ( 'NONE', #8576, #4784 ) ;
#1188 = STYLED_ITEM ( 'NONE', ( #7259 ), #4230 ) ;
#1189 = VERTEX_POINT ( 'NONE', #5540 ) ;
#1190 = ORIENTED_EDGE ( 'NONE', *, *, #7119, .F. ) ;
#1191 = AXIS2_PLACEMENT_3D ( 'NONE', #3230, #2530, #1822 ) ;
#1192 = VECTOR ( 'NONE', #4679, 1000.000000000000000 ) ;
#1193 = SURFACE_STYLE_FILL_AREA ( #4056 ) ;
#1194 = FILL_AREA_STYLE_COLOUR ( '', #3374 ) ;
#1195 = CARTESIAN_POINT ( 'NONE',  ( -4.309999999999999609, 7.500000000000000000, -0.5000000000000000000 ) ) ;
#1196 = EDGE_LOOP ( 'NONE', ( #7572, #4207, #7421, #8671 ) ) ;
#1197 = ADVANCED_FACE ( 'NONE', ( #3611 ), #8362, .F. ) ;
#1198 = VERTEX_POINT ( 'NONE', #5035 ) ;
#1199 = PLANE ( 'NONE',  #6369 ) ;
#1200 = AXIS2_PLACEMENT_3D ( 'NONE', #7091, #260, #8340 ) ;
#1201 = VECTOR ( 'NONE', #6446, 1000.000000000000000 ) ;
#1202 = ORIENTED_EDGE ( 'NONE', *, *, #1756, .F. ) ;
#1203 = DIRECTION ( 'NONE',  ( 0.7071067811865475727, 0.7071067811865475727, 0.0000000000000000000 ) ) ;
#1204 = SURFACE_STYLE_FILL_AREA ( #7791 ) ;
#1205 = AXIS2_PLACEMENT_3D ( 'NONE', #5356, #3410, #2837 ) ;
#1206 = VECTOR ( 'NONE', #4873, 1000.000000000000000 ) ;
#1207 = DIRECTION ( 'NONE',  ( 1.000000000000000000, 0.0000000000000000000, -0.0000000000000000000 ) ) ;
#1208 = CARTESIAN_POINT ( 'NONE',  ( 7.099999999999999645, 0.0000000000000000000, 0.0000000000000000000 ) ) ;
#1209 = VERTEX_POINT ( 'NONE', #4364 ) ;
#1210 =( NAMED_UNIT ( * ) PLANE_ANGLE_UNIT ( ) SI_UNIT ( $, .RADIAN. ) );
#1211 = ADVANCED_FACE ( 'NONE', ( #185 ), #1635, .F. ) ;
#1212 = ORIENTED_EDGE ( 'NONE', *, *, #6221, .F. ) ;
#1213 = CARTESIAN_POINT ( 'NONE',  ( -4.559999999999999609, 0.0000000000000000000, 0.0000000000000000000 ) ) ;
#1214 = VECTOR ( 'NONE', #4545, 1000.000000000000000 ) ;
#1215 = VERTEX_POINT ( 'NONE', #4897 ) ;
#1216 = VECTOR ( 'NONE', #7679, 1000.000000000000000 ) ;
#1217 = FACE_OUTER_BOUND ( 'NONE', #6944, .T. ) ;
#1218 = CARTESIAN_POINT ( 'NONE',  ( -10.41000000000000014, 7.500000000000000000, 0.7500000000000000000 ) ) ;
#1219 = EDGE_CURVE ( 'NONE', #5813, #6493, #3768, .T. ) ;
#1220 = ADVANCED_FACE ( 'NONE', ( #7201 ), #5855, .F. ) ;
#1221 = SURFACE_STYLE_FILL_AREA ( #4664 ) ;
#1222 = SURFACE_STYLE_FILL_AREA ( #5442 ) ;
#1223 = EDGE_LOOP ( 'NONE', ( #3221, #2255, #6228, #7178 ) ) ;
#1224 = VECTOR ( 'NONE', #3639, 1000.000000000000000 ) ;
#1225 = CARTESIAN_POINT ( 'NONE',  ( -5.599999999999999645, 7.500000000000000000, 0.7500000000000000000 ) ) ;
#1226 = CARTESIAN_POINT ( 'NONE',  ( -2.020000000000000018, 7.500000000000000000, 0.7500000000000000000 ) ) ;
#1227 = CARTESIAN_POINT ( 'NONE',  ( 1.570000000000000062, -3.000000000000000000, -0.2000000000000000111 ) ) ;
#1228 = EDGE_CURVE ( 'NONE', #930, #3179, #1153, .T. ) ;
#1229 = LINE ( 'NONE', #3931, #3886 ) ;
#1230 = ORIENTED_EDGE ( 'NONE', *, *, #1411, .T. ) ;
#1231 = ORIENTED_EDGE ( 'NONE', *, *, #3360, .F. ) ;
#1232 = DIRECTION ( 'NONE',  ( -1.000000000000000000, 0.0000000000000000000, -0.0000000000000000000 ) ) ;
#1233 = CARTESIAN_POINT ( 'NONE',  ( -9.040000000000013358, -3.000000000000004885, 0.0000000000000000000 ) ) ;
#1234 = SURFACE_SIDE_STYLE ('',( #7644 ) ) ;
#1235 = CARTESIAN_POINT ( 'NONE',  ( -9.240000000000000213, 0.0000000000000000000, 0.0000000000000000000 ) ) ;
#1236 = ORIENTED_EDGE ( 'NONE', *, *, #829, .F. ) ;
#1237 = CARTESIAN_POINT ( 'NONE',  ( 8.890000000000000568, 8.349999999999999645, 0.6500000000000001332 ) ) ;
#1238 = ORIENTED_EDGE ( 'NONE', *, *, #1384, .T. ) ;
#1239 = PRESENTATION_STYLE_ASSIGNMENT (( #511 ) ) ;
#1240 = EDGE_CURVE ( 'NONE', #7110, #6657, #457, .T. ) ;
#1241 = CARTESIAN_POINT ( 'NONE',  ( 8.739999999999998437, -3.000000000000001332, 0.2000000000000000389 ) ) ;
#1242 =( NAMED_UNIT ( * ) SI_UNIT ( $, .STERADIAN. ) SOLID_ANGLE_UNIT ( ) );
#1243 = ORIENTED_EDGE ( 'NONE', *, *, #1055, .T. ) ;
#1244 = CARTESIAN_POINT ( 'NONE',  ( 3.084999999999999964, 0.5000000000000000000, 0.7500000000000000000 ) ) ;
#1245 = ORIENTED_EDGE ( 'NONE', *, *, #8077, .T. ) ;
#1246 = LINE ( 'NONE', #1955, #3141 ) ;
#1247 = ORIENTED_EDGE ( 'NONE', *, *, #4723, .T. ) ;
#1248 = PRESENTATION_STYLE_ASSIGNMENT (( #2537 ) ) ;
#1249 = VECTOR ( 'NONE', #8544, 1000.000000000000227 ) ;
#1250 = ORIENTED_EDGE ( 'NONE', *, *, #5523, .T. ) ;
#1251 = ADVANCED_FACE ( 'NONE', ( #5201 ), #8497, .T. ) ;
#1252 = LINE ( 'NONE', #7937, #3450 ) ;
#1253 = SURFACE_STYLE_USAGE ( .BOTH. , #8695 ) ;
#1254 = DIRECTION ( 'NONE',  ( 0.0000000000000000000, 0.7071067811865475727, 0.7071067811865475727 ) ) ;
#1255 = DIRECTION ( 'NONE',  ( 0.0000000000000000000, 1.000000000000000000, 0.0000000000000000000 ) ) ;
#1256 = STYLED_ITEM ( 'NONE', ( #6290 ), #8026 ) ;
#1257 = VERTEX_POINT ( 'NONE', #8450 ) ;
#1258 = ADVANCED_FACE ( 'NONE', ( #2565 ), #411, .T. ) ;
#1259 = COLOUR_RGB ( '',0.1568627450980392135, 0.1568627450980392135, 0.1568627450980392135 ) ;
#1260 = ADVANCED_FACE ( 'NONE', ( #545 ), #1855, .F. ) ;
#1261 = VECTOR ( 'NONE', #8691, 1000.000000000000000 ) ;
#1262 = CARTESIAN_POINT ( 'NONE',  ( 1.769999999999999796, 7.500000000000000000, 0.5000000000000000000 ) ) ;
#1263 = PLANE ( 'NONE',  #4043 ) ;
#1264 = CARTESIAN_POINT ( 'NONE',  ( -1.770000000000000018, 7.500000000000000000, 0.5000000000000000000 ) ) ;
#1265 = ORIENTED_EDGE ( 'NONE', *, *, #2221, .F. ) ;
#1266 = MECHANICAL_DESIGN_GEOMETRIC_PRESENTATION_REPRESENTATION (  '', ( #3669 ), #5361 ) ;
#1267 = ORIENTED_EDGE ( 'NONE', *, *, #952, .T. ) ;
#1268 =( GEOMETRIC_REPRESENTATION_CONTEXT ( 3 ) GLOBAL_UNCERTAINTY_ASSIGNED_CONTEXT ( ( #5762 ) ) GLOBAL_UNIT_ASSIGNED_CONTEXT ( ( #824, #8305, #4260 ) ) REPRESENTATION_CONTEXT ( 'NONE', 'WORKASPACE' ) );
#1269 = ORIENTED_EDGE ( 'NONE', *, *, #7870, .T. ) ;
#1270 = ADVANCED_FACE ( 'NONE', ( #7910 ), #5299, .T. ) ;
#1271 = UNCERTAINTY_MEASURE_WITH_UNIT (LENGTH_MEASURE( 1.000000000000000082E-05 ), #6918, 'distance_accuracy_value', 'NONE');
#1272 = LINE ( 'NONE', #3218, #8205 ) ;
#1273 = VECTOR ( 'NONE', #2801, 1000.000000000000000 ) ;
#1274 = FILL_AREA_STYLE ('',( #3390 ) ) ;
#1275 = PLANE ( 'NONE',  #6411 ) ;
#1276 = COLOUR_RGB ( '',0.1568627450980392135, 0.1568627450980392135, 0.1568627450980392135 ) ;
#1277 = EDGE_LOOP ( 'NONE', ( #7199, #6523, #4778, #7124 ) ) ;
#1278 = DIRECTION ( 'NONE',  ( 0.0000000000000000000, 0.0000000000000000000, -1.000000000000000000 ) ) ;
#1279 = VERTEX_POINT ( 'NONE', #7452 ) ;
#1280 = ORIENTED_EDGE ( 'NONE', *, *, #6688, .F. ) ;
#1281 = VECTOR ( 'NONE', #3790, 1000.000000000000000 ) ;
#1282 =( GEOMETRIC_REPRESENTATION_CONTEXT ( 3 ) GLOBAL_UNCERTAINTY_ASSIGNED_CONTEXT ( ( #3052 ) ) GLOBAL_UNIT_ASSIGNED_CONTEXT ( ( #8148, #850, #5437 ) ) REPRESENTATION_CONTEXT ( 'NONE', 'WORKASPACE' ) );
#1283 = ADVANCED_FACE ( 'NONE', ( #6755 ), #2811, .T. ) ;
#1284 = UNCERTAINTY_MEASURE_WITH_UNIT (LENGTH_MEASURE( 1.000000000000000082E-05 ), #4568, 'distance_accuracy_value', 'NONE');
#1285 = CARTESIAN_POINT ( 'NONE',  ( -6.650000000000000355, 0.0000000000000000000, -0.2000000000000000111 ) ) ;
#1286 = CARTESIAN_POINT ( 'NONE',  ( 4.534999999999999254, 7.500000000000000000, 0.7500000000000000000 ) ) ;
#1287 = ORIENTED_EDGE ( 'NONE', *, *, #4927, .F. ) ;
#1288 = SURFACE_SIDE_STYLE ('',( #8647 ) ) ;
#1289 = VERTEX_POINT ( 'NONE', #2030 ) ;
#1290 = FACE_OUTER_BOUND ( 'NONE', #2211, .T. ) ;
#1291 = EDGE_LOOP ( 'NONE', ( #3723, #8518, #497, #8639, #8499, #8273 ) ) ;
#1292 = ORIENTED_EDGE ( 'NONE', *, *, #4595, .F. ) ;
#1293 = VECTOR ( 'NONE', #2329, 1000.000000000000000 ) ;
#1294 = PLANE ( 'NONE',  #3025 ) ;
#1295 = CARTESIAN_POINT ( 'NONE',  ( 5.549999999999998934, 8.500000000000000000, 0.8000000000000005995 ) ) ;
#1296 = CARTESIAN_POINT ( 'NONE',  ( 0.5200000000000000178, 7.500000000000000000, 0.0000000000000000000 ) ) ;
#1297 = DIRECTION ( 'NONE',  ( 0.0000000000000000000, 0.0000000000000000000, -1.000000000000000000 ) ) ;
#1298 = SURFACE_STYLE_USAGE ( .BOTH. , #4047 ) ;
#1299 = EDGE_CURVE ( 'NONE', #8365, #2253, #4680, .T. ) ;
#1300 = ORIENTED_EDGE ( 'NONE', *, *, #4952, .F. ) ;
#1301 = VECTOR ( 'NONE', #3774, 1000.000000000000000 ) ;
#1302 = CARTESIAN_POINT ( 'NONE',  ( 0.5450000000000000400, 7.500000000000000000, 0.0000000000000000000 ) ) ;
#1303 = CARTESIAN_POINT ( 'NONE',  ( -6.200000000000001066, -3.000000000000000000, 0.2000000000000000111 ) ) ;
#1304 = DIRECTION ( 'NONE',  ( 0.0000000000000000000, -1.000000000000000000, 0.0000000000000000000 ) ) ;
#1305 = FILL_AREA_STYLE_COLOUR ( '', #4434 ) ;
#1306 = VERTEX_POINT ( 'NONE', #7369 ) ;
#1307 = CARTESIAN_POINT ( 'NONE',  ( 1.270000000000000018, 8.199999999999999289, -0.4999999999999993339 ) ) ;
#1308 = ADVANCED_FACE ( 'NONE', ( #1440 ), #4020, .F. ) ;
#1309 = AXIS2_PLACEMENT_3D ( 'NONE', #7457, #6685, #4136 ) ;
#1310 = ORIENTED_EDGE ( 'NONE', *, *, #6654, .T. ) ;
#1311 = VERTEX_POINT ( 'NONE', #5416 ) ;
#1312 = FACE_OUTER_BOUND ( 'NONE', #110, .T. ) ;
#1313 = PLANE ( 'NONE',  #4576 ) ;
#1314 = COLOUR_RGB ( '',0.1568627450980392135, 0.1568627450980392135, 0.1568627450980392135 ) ;
#1315 = CARTESIAN_POINT ( 'NONE',  ( 6.650000000000000355, -2.500000000000000000, -0.2000000000000000111 ) ) ;
#1316 = VERTEX_POINT ( 'NONE', #4758 ) ;
#1317 = PRESENTATION_STYLE_ASSIGNMENT (( #2154 ) ) ;
#1318 = ADVANCED_FACE ( 'NONE', ( #669 ), #7406, .T. ) ;
#1319 = ORIENTED_EDGE ( 'NONE', *, *, #2077, .T. ) ;
#1320 = EDGE_CURVE ( 'NONE', #6090, #3182, #957, .T. ) ;
#1321 = LINE ( 'NONE', #673, #6511 ) ;
#1322 = MECHANICAL_DESIGN_GEOMETRIC_PRESENTATION_REPRESENTATION (  '', ( #6237 ), #8493 ) ;
#1323 = EDGE_LOOP ( 'NONE', ( #1731, #2634, #4888, #1287 ) ) ;
#1324 = MECHANICAL_DESIGN_GEOMETRIC_PRESENTATION_REPRESENTATION (  '', ( #6527 ), #903 ) ;
#1325 =( LENGTH_UNIT ( ) NAMED_UNIT ( * ) SI_UNIT ( .MILLI., .METRE. ) );
#1326 = CARTESIAN_POINT ( 'NONE',  ( 8.140000000000000568, 0.0000000000000000000, 0.7500000000000000000 ) ) ;
#1327 = VERTEX_POINT ( 'NONE', #2286 ) ;
#1328 = VECTOR ( 'NONE', #7713, 1000.000000000000000 ) ;
#1329 = AXIS2_PLACEMENT_3D ( 'NONE', #8397, #6377, #2382 ) ;
#1330 = ORIENTED_EDGE ( 'NONE', *, *, #4952, .T. ) ;
#1331 = EDGE_CURVE ( 'NONE', #2476, #2486, #6378, .T. ) ;
#1332 = PLANE ( 'NONE',  #3862 ) ;
#1333 = ORIENTED_EDGE ( 'NONE', *, *, #3615, .F. ) ;
#1334 = LINE ( 'NONE', #6733, #6999 ) ;
#1335 = VERTEX_POINT ( 'NONE', #6961 ) ;
#1336 = MECHANICAL_DESIGN_GEOMETRIC_PRESENTATION_REPRESENTATION (  '', ( #649 ), #912 ) ;
#1337 = PRESENTATION_LAYER_ASSIGNMENT (  '', '', ( #4027 ) ) ;
#1338 = FILL_AREA_STYLE_COLOUR ( '', #8366 ) ;
#1339 = DIRECTION ( 'NONE',  ( 0.0000000000000000000, 0.0000000000000000000, -1.000000000000000000 ) ) ;
#1340 = DIRECTION ( 'NONE',  ( 1.000000000000000000, -0.0000000000000000000, 0.0000000000000000000 ) ) ;
#1341 = COLOUR_RGB ( '',0.1568627450980392135, 0.1568627450980392135, 0.1568627450980392135 ) ;
#1342 = SURFACE_STYLE_USAGE ( .BOTH. , #8107 ) ;
#1343 = ORIENTED_EDGE ( 'NONE', *, *, #4724, .F. ) ;
#1344 = MECHANICAL_DESIGN_GEOMETRIC_PRESENTATION_REPRESENTATION (  '', ( #4601 ), #795 ) ;
#1345 = EDGE_CURVE ( 'NONE', #5350, #1118, #2150, .T. ) ;
#1346 = DIRECTION ( 'NONE',  ( 0.0000000000000000000, 1.000000000000000000, 0.0000000000000000000 ) ) ;
#1347 = DIRECTION ( 'NONE',  ( 0.5773502691896266192, -0.5773502691896266192, -0.5773502691896239547 ) ) ;
#1348 = CARTESIAN_POINT ( 'NONE',  ( -1.620000000000000107, 0.9000000000000001332, 0.3499999999999999778 ) ) ;
#1349 = CARTESIAN_POINT ( 'NONE',  ( -5.599999999999999645, 0.0000000000000000000, 0.0000000000000000000 ) ) ;
#1350 = CARTESIAN_POINT ( 'NONE',  ( -10.41000000000000014, 0.5000000000000000000, -0.7500000000000000000 ) ) ;
#1351 = SURFACE_SIDE_STYLE ('',( #663 ) ) ;
#1352 = PRESENTATION_LAYER_ASSIGNMENT (  '', '', ( #5717 ) ) ;
#1353 = ORIENTED_EDGE ( 'NONE', *, *, #3906, .T. ) ;
#1354 = PRESENTATION_STYLE_ASSIGNMENT (( #7241 ) ) ;
#1355 = EDGE_CURVE ( 'NONE', #6493, #3215, #3707, .T. ) ;
#1356 = UNCERTAINTY_MEASURE_WITH_UNIT (LENGTH_MEASURE( 1.000000000000000082E-05 ), #3342, 'distance_accuracy_value', 'NONE');
#1357 = CARTESIAN_POINT ( 'NONE',  ( -3.960000000000014619, -3.000000000000004441, 0.0000000000000000000 ) ) ;
#1358 = DIRECTION ( 'NONE',  ( 1.000000000000000000, -0.0000000000000000000, 0.0000000000000000000 ) ) ;
#1359 = VERTEX_POINT ( 'NONE', #4213 ) ;
#1360 = DIRECTION ( 'NONE',  ( -1.000000000000000000, 0.0000000000000000000, -0.0000000000000000000 ) ) ;
#1361 = VERTEX_POINT ( 'NONE', #356 ) ;
#1362 = CARTESIAN_POINT ( 'NONE',  ( -8.539999999999999147, 7.500000000000000000, 0.0000000000000000000 ) ) ;
#1363 = EDGE_CURVE ( 'NONE', #2796, #3949, #7542, .T. ) ;
#1364 = EDGE_CURVE ( 'NONE', #5251, #7109, #4849, .T. ) ;
#1365 = SURFACE_STYLE_FILL_AREA ( #3353 ) ;
#1366 = CARTESIAN_POINT ( 'NONE',  ( 3.659999999999996589, -3.000000000000000888, -0.2000000000000000389 ) ) ;
#1367 = VERTEX_POINT ( 'NONE', #3045 ) ;
#1368 = SURFACE_SIDE_STYLE ('',( #5506 ) ) ;
#1369 = DIRECTION ( 'NONE',  ( 0.0000000000000000000, 0.7071067811865475727, -0.7071067811865475727 ) ) ;
#1370 = EDGE_LOOP ( 'NONE', ( #4696, #5683, #5167, #162 ) ) ;
#1371 = CARTESIAN_POINT ( 'NONE',  ( -3.459999999999999964, 7.500000000000000000, 0.3499999999999999778 ) ) ;
#1372 =( NAMED_UNIT ( * ) SI_UNIT ( $, .STERADIAN. ) SOLID_ANGLE_UNIT ( ) );
#1373 = ORIENTED_EDGE ( 'NONE', *, *, #8698, .T. ) ;
#1374 = PRESENTATION_STYLE_ASSIGNMENT (( #7385 ) ) ;
#1375 = VERTEX_POINT ( 'NONE', #7497 ) ;
#1376 = EDGE_CURVE ( 'NONE', #4134, #5851, #5027, .T. ) ;
#1377 = DIRECTION ( 'NONE',  ( 0.0000000000000000000, -0.0000000000000000000, 1.000000000000000000 ) ) ;
#1378 = LINE ( 'NONE', #770, #7441 ) ;
#1379 =( NAMED_UNIT ( * ) SI_UNIT ( $, .STERADIAN. ) SOLID_ANGLE_UNIT ( ) );
#1380 = CARTESIAN_POINT ( 'NONE',  ( -6.700000000000000178, 7.500000000000000000, -0.3499999999999999778 ) ) ;
#1381 = SURFACE_SIDE_STYLE ('',( #3244 ) ) ;
#1382 = ORIENTED_EDGE ( 'NONE', *, *, #3201, .T. ) ;
#1383 = VECTOR ( 'NONE', #6380, 1000.000000000000000 ) ;
#1384 = EDGE_CURVE ( 'NONE', #1619, #723, #4176, .T. ) ;
#1385 = CARTESIAN_POINT ( 'NONE',  ( -0.5450000000000000400, 0.0000000000000000000, 0.7500000000000000000 ) ) ;
#1386 = AXIS2_PLACEMENT_3D ( 'NONE', #1235, #7784, #4596 ) ;
#1387 = CARTESIAN_POINT ( 'NONE',  ( -4.309999999999999609, 8.199999999999999289, -0.5000000000000000000 ) ) ;
#1388 = FACE_OUTER_BOUND ( 'NONE', #6145, .T. ) ;
#1389 = SURFACE_STYLE_USAGE ( .BOTH. , #5117 ) ;
#1390 = FILL_AREA_STYLE_COLOUR ( '', #8646 ) ;
#1391 = ORIENTED_EDGE ( 'NONE', *, *, #2138, .F. ) ;
#1392 = CARTESIAN_POINT ( 'NONE',  ( -9.189999999999999503, 0.5000000000000000000, 0.2000000000000000111 ) ) ;
#1393 = PRESENTATION_LAYER_ASSIGNMENT (  '', '', ( #5207 ) ) ;
#1394 = CARTESIAN_POINT ( 'NONE',  ( 8.390000000000000568, 7.500000000000000000, -0.5000000000000000000 ) ) ;
#1395 = FILL_AREA_STYLE_COLOUR ( '', #5078 ) ;
#1396 = DIRECTION ( 'NONE',  ( 0.0000000000000000000, 1.000000000000000000, 0.0000000000000000000 ) ) ;
#1397 = ORIENTED_EDGE ( 'NONE', *, *, #2026, .T. ) ;
#1398 = DIRECTION ( 'NONE',  ( 0.0000000000000000000, 0.0000000000000000000, -1.000000000000000000 ) ) ;
#1399 = MECHANICAL_DESIGN_GEOMETRIC_PRESENTATION_REPRESENTATION (  '', ( #2678 ), #7419 ) ;
#1400 = CARTESIAN_POINT ( 'NONE',  ( 3.060000000000000053, 7.500000000000000000, 0.0000000000000000000 ) ) ;
#1401 = EDGE_CURVE ( 'NONE', #7551, #5125, #222, .T. ) ;
#1402 = VERTEX_POINT ( 'NONE', #8260 ) ;
#1403 = VECTOR ( 'NONE', #856, 1000.000000000000000 ) ;
#1404 = VECTOR ( 'NONE', #8325, 1000.000000000000000 ) ;
#1405 = CARTESIAN_POINT ( 'NONE',  ( -9.189999999999999503, 0.0000000000000000000, 0.0000000000000000000 ) ) ;
#1406 = DIRECTION ( 'NONE',  ( 0.0000000000000000000, 0.0000000000000000000, -1.000000000000000000 ) ) ;
#1407 = ORIENTED_EDGE ( 'NONE', *, *, #8453, .T. ) ;
#1408 = LINE ( 'NONE', #15, #4777 ) ;
#1409 = ORIENTED_EDGE ( 'NONE', *, *, #1299, .F. ) ;
#1410 = SURFACE_STYLE_FILL_AREA ( #4148 ) ;
#1411 = EDGE_CURVE ( 'NONE', #3884, #4867, #2234, .T. ) ;
#1412 = VECTOR ( 'NONE', #338, 1000.000000000000000 ) ;
#1413 = VERTEX_POINT ( 'NONE', #869 ) ;
#1414 = EDGE_CURVE ( 'NONE', #3830, #8557, #7633, .T. ) ;
#1415 = AXIS2_PLACEMENT_3D ( 'NONE', #2834, #6813, #8619 ) ;
#1416 = VERTEX_POINT ( 'NONE', #2906 ) ;
#1417 = FILL_AREA_STYLE ('',( #7427 ) ) ;
#1418 = ORIENTED_EDGE ( 'NONE', *, *, #6871, .F. ) ;
#1419 = DIRECTION ( 'NONE',  ( 0.5773502691896249539, -0.5773502691896265082, 0.5773502691896258421 ) ) ;
#1420 = PRESENTATION_LAYER_ASSIGNMENT (  '', '', ( #7742 ) ) ;
#1421 = PLANE ( 'NONE',  #4026 ) ;
#1422 = CARTESIAN_POINT ( 'NONE',  ( -3.509999999999999787, 0.5000000000000000000, -0.1999999999999999833 ) ) ;
#1423 = LINE ( 'NONE', #1296, #310 ) ;
#1424 = CARTESIAN_POINT ( 'NONE',  ( -1.995000000000000329, 0.5000000000000000000, 0.7500000000000000000 ) ) ;
#1425 = LINE ( 'NONE', #6226, #6333 ) ;
#1426 = ADVANCED_FACE ( 'NONE', ( #5578, #270 ), #2951, .T. ) ;
#1427 = EDGE_CURVE ( 'NONE', #6736, #4372, #1714, .T. ) ;
#1428 = VERTEX_POINT ( 'NONE', #5647 ) ;
#1429 = DIRECTION ( 'NONE',  ( 1.000000000000000000, 0.0000000000000000000, 0.0000000000000000000 ) ) ;
#1430 = CARTESIAN_POINT ( 'NONE',  ( 8.164999999999999147, 7.500000000000000000, 0.0000000000000000000 ) ) ;
#1431 = LINE ( 'NONE', #4203, #3389 ) ;
#1432 = AXIS2_PLACEMENT_3D ( 'NONE', #7215, #2664, #7174 ) ;
#1433 = CARTESIAN_POINT ( 'NONE',  ( 6.049999999999999822, 0.5000000000000000000, 0.2000000000000000111 ) ) ;
#1434 = LINE ( 'NONE', #1569, #2880 ) ;
#1435 = EDGE_CURVE ( 'NONE', #7702, #1416, #2310, .T. ) ;
#1436 = VERTEX_POINT ( 'NONE', #7608 ) ;
#1437 = FILL_AREA_STYLE_COLOUR ( '', #2420 ) ;
#1438 = VECTOR ( 'NONE', #8595, 1000.000000000000000 ) ;
#1439 = CARTESIAN_POINT ( 'NONE',  ( -9.390000000000000568, 7.500000000000000000, 0.0000000000000000000 ) ) ;
#1440 = FACE_OUTER_BOUND ( 'NONE', #5879, .T. ) ;
#1441 = DIRECTION ( 'NONE',  ( 0.0000000000000000000, -0.0000000000000000000, 1.000000000000000000 ) ) ;
#1442 = EDGE_LOOP ( 'NONE', ( #3279, #6582, #4631, #7289 ) ) ;
#1443 = LINE ( 'NONE', #5458, #972 ) ;
#1444 = DIRECTION ( 'NONE',  ( -0.0000000000000000000, -1.000000000000000000, -0.0000000000000000000 ) ) ;
#1445 = ORIENTED_EDGE ( 'NONE', *, *, #2913, .T. ) ;
#1446 = UNCERTAINTY_MEASURE_WITH_UNIT (LENGTH_MEASURE( 1.000000000000000082E-05 ), #8315, 'distance_accuracy_value', 'NONE');
#1447 = CARTESIAN_POINT ( 'NONE',  ( 8.589999999999999858, -3.000000000000000000, 0.2000000000000000111 ) ) ;
#1448 = EDGE_CURVE ( 'NONE', #3467, #4763, #380, .T. ) ;
#1449 = FACE_OUTER_BOUND ( 'NONE', #7605, .T. ) ;
#1450 = LINE ( 'NONE', #3354, #1770 ) ;
#1451 = ORIENTED_EDGE ( 'NONE', *, *, #1363, .T. ) ;
#1452 = CARTESIAN_POINT ( 'NONE',  ( 4.559999999999999609, 7.500000000000000000, 0.7500000000000000000 ) ) ;
#1453 = ORIENTED_EDGE ( 'NONE', *, *, #6835, .T. ) ;
#1454 = LINE ( 'NONE', #17, #5120 ) ;
#1455 = VECTOR ( 'NONE', #881, 1000.000000000000000 ) ;
#1456 = VECTOR ( 'NONE', #1152, 1000.000000000000000 ) ;
#1457 = VERTEX_POINT ( 'NONE', #8328 ) ;
#1458 = ORIENTED_EDGE ( 'NONE', *, *, #6307, .F. ) ;
#1459 = ORIENTED_EDGE ( 'NONE', *, *, #7107, .F. ) ;
#1460 = MECHANICAL_DESIGN_GEOMETRIC_PRESENTATION_REPRESENTATION (  '', ( #4282 ), #3580 ) ;
#1461 = VECTOR ( 'NONE', #5494, 1000.000000000000000 ) ;
#1462 = ADVANCED_FACE ( 'NONE', ( #6980 ), #5045, .F. ) ;
#1463 =( LENGTH_UNIT ( ) NAMED_UNIT ( * ) SI_UNIT ( .MILLI., .METRE. ) );
#1464 = DIRECTION ( 'NONE',  ( -1.000000000000000000, 0.0000000000000000000, -0.0000000000000000000 ) ) ;
#1465 = DIRECTION ( 'NONE',  ( -0.0000000000000000000, -1.000000000000000000, -0.0000000000000000000 ) ) ;
#1466 = ORIENTED_EDGE ( 'NONE', *, *, #5835, .F. ) ;
#1467 = DIRECTION ( 'NONE',  ( -0.0000000000000000000, -1.000000000000000000, -0.0000000000000000000 ) ) ;
#1468 = DIRECTION ( 'NONE',  ( 1.000000000000000000, -0.0000000000000000000, 0.0000000000000000000 ) ) ;
#1469 = MECHANICAL_DESIGN_GEOMETRIC_PRESENTATION_REPRESENTATION (  '', ( #2616 ), #8374 ) ;
#1470 = VECTOR ( 'NONE', #6062, 1000.000000000000000 ) ;
#1471 = VERTEX_POINT ( 'NONE', #8376 ) ;
#1472 = ADVANCED_FACE ( 'NONE', ( #2406 ), #1550, .T. ) ;
#1473 = DIRECTION ( 'NONE',  ( 0.0000000000000000000, -0.0000000000000000000, -1.000000000000000000 ) ) ;
#1474 = EDGE_CURVE ( 'NONE', #8512, #2370, #8277, .T. ) ;
#1475 = AXIS2_PLACEMENT_3D ( 'NONE', #6482, #469, #3148 ) ;
#1476 = DIRECTION ( 'NONE',  ( -1.000000000000000000, -0.0000000000000000000, 0.0000000000000000000 ) ) ;
#1477 = VECTOR ( 'NONE', #5837, 1000.000000000000000 ) ;
#1478 = DIRECTION ( 'NONE',  ( 1.000000000000000000, -0.0000000000000000000, 0.0000000000000000000 ) ) ;
#1479 = FACE_OUTER_BOUND ( 'NONE', #6087, .T. ) ;
#1480 = CARTESIAN_POINT ( 'NONE',  ( -1.119999999999985674, -3.000000000000004441, 0.0000000000000000000 ) ) ;
#1481 = ORIENTED_EDGE ( 'NONE', *, *, #7641, .F. ) ;
#1482 = VECTOR ( 'NONE', #2110, 1000.000000000000114 ) ;
#1483 = DIRECTION ( 'NONE',  ( -0.0000000000000000000, -1.000000000000000000, -0.0000000000000000000 ) ) ;
#1484 = EDGE_CURVE ( 'NONE', #4796, #7256, #4378, .T. ) ;
#1485 = SURFACE_SIDE_STYLE ('',( #7496 ) ) ;
#1486 = DIRECTION ( 'NONE',  ( 0.0000000000000000000, 0.0000000000000000000, -1.000000000000000000 ) ) ;
#1487 = DIRECTION ( 'NONE',  ( -1.000000000000000000, 0.0000000000000000000, -0.0000000000000000000 ) ) ;
#1488 = CARTESIAN_POINT ( 'NONE',  ( -7.150000000000000355, 8.500000000000000000, 0.8000000000000005995 ) ) ;
#1489 = VECTOR ( 'NONE', #2328, 1000.000000000000000 ) ;
#1490 = DIRECTION ( 'NONE',  ( 0.0000000000000000000, -0.0000000000000000000, 1.000000000000000000 ) ) ;
#1491 = EDGE_LOOP ( 'NONE', ( #3255, #2247, #2496, #7881, #3117, #1763 ) ) ;
#1492 = CARTESIAN_POINT ( 'NONE',  ( 10.41000000000000014, 0.0000000000000000000, 1.270000000000000018 ) ) ;
#1493 = CARTESIAN_POINT ( 'NONE',  ( -9.240000000000000213, 0.9000000000000001332, 0.3499999999999999778 ) ) ;
#1494 = DIRECTION ( 'NONE',  ( 0.0000000000000000000, 0.0000000000000000000, -1.000000000000000000 ) ) ;
#1495 = ORIENTED_EDGE ( 'NONE', *, *, #216, .F. ) ;
#1496 =( LENGTH_UNIT ( ) NAMED_UNIT ( * ) SI_UNIT ( .MILLI., .METRE. ) );
#1497 = LINE ( 'NONE', #4771, #6313 ) ;
#1498 = ORIENTED_EDGE ( 'NONE', *, *, #1034, .F. ) ;
#1499 = SURFACE_STYLE_USAGE ( .BOTH. , #3445 ) ;
#1500 = ORIENTED_EDGE ( 'NONE', *, *, #4607, .T. ) ;
#1501 = ADVANCED_FACE ( 'NONE', ( #4237 ), #937, .F. ) ;
#1502 = FACE_OUTER_BOUND ( 'NONE', #1597, .T. ) ;
#1503 = ORIENTED_EDGE ( 'NONE', *, *, #6667, .T. ) ;
#1504 = SURFACE_STYLE_FILL_AREA ( #7521 ) ;
#1505 = CARTESIAN_POINT ( 'NONE',  ( 4.309999999999999609, 0.0000000000000000000, 0.5000000000000000000 ) ) ;
#1506 = EDGE_CURVE ( 'NONE', #7447, #2281, #289, .T. ) ;
#1507 = ORIENTED_EDGE ( 'NONE', *, *, #7870, .F. ) ;
#1508 = CARTESIAN_POINT ( 'NONE',  ( 9.189999999999999503, 0.5000000000000000000, -0.1999999999999999833 ) ) ;
#1509 = CARTESIAN_POINT ( 'NONE',  ( 0.5199999999999999067, 7.500000000000000000, -0.7500000000000000000 ) ) ;
#1510 = ADVANCED_FACE ( 'NONE', ( #2361 ), #333, .T. ) ;
#1511 = VERTEX_POINT ( 'NONE', #1866 ) ;
#1512 = UNCERTAINTY_MEASURE_WITH_UNIT (LENGTH_MEASURE( 1.000000000000000082E-05 ), #442, 'distance_accuracy_value', 'NONE');
#1513 = LINE ( 'NONE', #5405, #7771 ) ;
#1514 = DIRECTION ( 'NONE',  ( 0.5773502691896240657, -0.5773502691896674754, 0.5773502691895857630 ) ) ;
#1515 = CARTESIAN_POINT ( 'NONE',  ( -0.7700000000000006839, 8.199999999999999289, 0.5000000000000002220 ) ) ;
#1516 =( NAMED_UNIT ( * ) PLANE_ANGLE_UNIT ( ) SI_UNIT ( $, .RADIAN. ) );
#1517 = ORIENTED_EDGE ( 'NONE', *, *, #1600, .F. ) ;
#1518 = EDGE_CURVE ( 'NONE', #1666, #2893, #3946, .T. ) ;
#1519 = ADVANCED_FACE ( 'NONE', ( #4602 ), #5820, .F. ) ;
#1520 = CARTESIAN_POINT ( 'NONE',  ( 6.199999999999997513, -3.000000000000000888, -0.2000000000000000389 ) ) ;
#1521 = VECTOR ( 'NONE', #6884, 1000.000000000000000 ) ;
#1522 = UNCERTAINTY_MEASURE_WITH_UNIT (LENGTH_MEASURE( 1.000000000000000082E-05 ), #5785, 'distance_accuracy_value', 'NONE');
#1523 =( LENGTH_UNIT ( ) NAMED_UNIT ( * ) SI_UNIT ( .MILLI., .METRE. ) );
#1524 = DIRECTION ( 'NONE',  ( 0.0000000000000000000, 1.000000000000000000, 0.0000000000000000000 ) ) ;
#1525 = CARTESIAN_POINT ( 'NONE',  ( -4.160000000000000142, 0.0000000000000000000, 0.3499999999999999778 ) ) ;
#1526 = CARTESIAN_POINT ( 'NONE',  ( -3.459999999999999964, 7.500000000000000000, 0.0000000000000000000 ) ) ;
#1527 = CARTESIAN_POINT ( 'NONE',  ( -5.625000000000000000, 0.5000000000000000000, 0.0000000000000000000 ) ) ;
#1528 = EDGE_CURVE ( 'NONE', #5843, #1967, #3192, .T. ) ;
#1529 = VECTOR ( 'NONE', #3066, 1000.000000000000000 ) ;
#1530 = ORIENTED_EDGE ( 'NONE', *, *, #5096, .T. ) ;
#1531 = CARTESIAN_POINT ( 'NONE',  ( 3.060000000000000053, 0.0000000000000000000, 0.7500000000000000000 ) ) ;
#1532 = UNCERTAINTY_MEASURE_WITH_UNIT (LENGTH_MEASURE( 1.000000000000000082E-05 ), #6969, 'distance_accuracy_value', 'NONE');
#1533 = PRESENTATION_LAYER_ASSIGNMENT (  '', '', ( #5071 ) ) ;
#1534 = SURFACE_STYLE_FILL_AREA ( #2820 ) ;
#1535 = DIRECTION ( 'NONE',  ( 1.000000000000000000, -0.0000000000000000000, 0.0000000000000000000 ) ) ;
#1536 =( GEOMETRIC_REPRESENTATION_CONTEXT ( 3 ) GLOBAL_UNCERTAINTY_ASSIGNED_CONTEXT ( ( #5075 ) ) GLOBAL_UNIT_ASSIGNED_CONTEXT ( ( #1325, #6690, #676 ) ) REPRESENTATION_CONTEXT ( 'NONE', 'WORKASPACE' ) );
#1537 = DIRECTION ( 'NONE',  ( -0.0000000000000000000, 0.0000000000000000000, 1.000000000000000000 ) ) ;
#1538 = LINE ( 'NONE', #4225, #1916 ) ;
#1539 = VECTOR ( 'NONE', #5789, 1000.000000000000000 ) ;
#1540 = ORIENTED_EDGE ( 'NONE', *, *, #3280, .F. ) ;
#1541 = PLANE ( 'NONE',  #6524 ) ;
#1542 = CARTESIAN_POINT ( 'NONE',  ( 3.060000000000000053, 0.5000000000000000000, -0.7500000000000000000 ) ) ;
#1543 = ORIENTED_EDGE ( 'NONE', *, *, #777, .T. ) ;
#1544 = AXIS2_PLACEMENT_3D ( 'NONE', #5971, #6098, #3414 ) ;
#1545 = EDGE_CURVE ( 'NONE', #5614, #3938, #8643, .T. ) ;
#1546 = ORIENTED_EDGE ( 'NONE', *, *, #3609, .F. ) ;
#1547 = FACE_OUTER_BOUND ( 'NONE', #2522, .T. ) ;
#1548 = ORIENTED_EDGE ( 'NONE', *, *, #2068, .F. ) ;
#1549 = FILL_AREA_STYLE ('',( #8238 ) ) ;
#1550 = PLANE ( 'NONE',  #157 ) ;
#1551 = FACE_OUTER_BOUND ( 'NONE', #7212, .T. ) ;
#1552 = ORIENTED_EDGE ( 'NONE', *, *, #6307, .T. ) ;
#1553 = DIRECTION ( 'NONE',  ( 0.0000000000000000000, 0.0000000000000000000, 1.000000000000000000 ) ) ;
#1554 = MECHANICAL_DESIGN_GEOMETRIC_PRESENTATION_REPRESENTATION (  '', ( #5627 ), #4520 ) ;
#1555 = VECTOR ( 'NONE', #217, 1000.000000000000000 ) ;
#1556 = EDGE_LOOP ( 'NONE', ( #585, #1503, #4917, #640 ) ) ;
#1557 = LINE ( 'NONE', #2756, #7458 ) ;
#1558 = DIRECTION ( 'NONE',  ( -0.0000000000000000000, -0.0000000000000000000, 1.000000000000000000 ) ) ;
#1559 = ORIENTED_EDGE ( 'NONE', *, *, #35, .T. ) ;
#1560 =( NAMED_UNIT ( * ) PLANE_ANGLE_UNIT ( ) SI_UNIT ( $, .RADIAN. ) );
#1561 = ORIENTED_EDGE ( 'NONE', *, *, #6092, .F. ) ;
#1562 = VECTOR ( 'NONE', #5877, 1000.000000000000000 ) ;
#1563 = MECHANICAL_DESIGN_GEOMETRIC_PRESENTATION_REPRESENTATION (  '', ( #4232 ), #1282 ) ;
#1564 = DIRECTION ( 'NONE',  ( 0.0000000000000000000, 0.0000000000000000000, 1.000000000000000000 ) ) ;
#1565 = DIRECTION ( 'NONE',  ( -1.000000000000000000, 0.0000000000000000000, -0.0000000000000000000 ) ) ;
#1566 = DIRECTION ( 'NONE',  ( 0.0000000000000000000, 1.000000000000000000, 0.0000000000000000000 ) ) ;
#1567 = EDGE_CURVE ( 'NONE', #6923, #3995, #1115, .T. ) ;
#1568 = PLANE ( 'NONE',  #4312 ) ;
#1569 = CARTESIAN_POINT ( 'NONE',  ( -6.700000000000000178, 0.9000000000000001332, 0.3499999999999999778 ) ) ;
#1570 = DIRECTION ( 'NONE',  ( -1.000000000000000000, -0.0000000000000000000, -0.0000000000000000000 ) ) ;
#1571 = VERTEX_POINT ( 'NONE', #8510 ) ;
#1572 = DIRECTION ( 'NONE',  ( 0.0000000000000000000, -1.000000000000000000, 0.0000000000000000000 ) ) ;
#1573 = STYLED_ITEM ( 'NONE', ( #8023 ), #2961 ) ;
#1574 = CARTESIAN_POINT ( 'NONE',  ( 7.074999999999999289, 7.500000000000000000, 0.7500000000000000000 ) ) ;
#1575 = EDGE_CURVE ( 'NONE', #1457, #3583, #2622, .T. ) ;
#1576 = FACE_OUTER_BOUND ( 'NONE', #4194, .T. ) ;
#1577 = CARTESIAN_POINT ( 'NONE',  ( 9.640000000000000568, 0.0000000000000000000, 0.0000000000000000000 ) ) ;
#1578 = LINE ( 'NONE', #6834, #2954 ) ;
#1579 = LINE ( 'NONE', #873, #2155 ) ;
#1580 =( GEOMETRIC_REPRESENTATION_CONTEXT ( 3 ) GLOBAL_UNCERTAINTY_ASSIGNED_CONTEXT ( ( #6878 ) ) GLOBAL_UNIT_ASSIGNED_CONTEXT ( ( #6271, #2454, #2318 ) ) REPRESENTATION_CONTEXT ( 'NONE', 'WORKASPACE' ) );
#1581 = EDGE_LOOP ( 'NONE', ( #3642, #406, #7300, #2641 ) ) ;
#1582 = LINE ( 'NONE', #651, #8632 ) ;
#1583 = STYLED_ITEM ( 'NONE', ( #7964 ), #3627 ) ;
#1584 = EDGE_CURVE ( 'NONE', #7999, #3285, #6650, .T. ) ;
#1585 = SURFACE_SIDE_STYLE ('',( #4991 ) ) ;
#1586 = EDGE_CURVE ( 'NONE', #1279, #674, #7250, .T. ) ;
#1587 = FILL_AREA_STYLE ('',( #2245 ) ) ;
#1588 = ORIENTED_EDGE ( 'NONE', *, *, #3638, .F. ) ;
#1589 = PLANE ( 'NONE',  #3320 ) ;
#1590 = PLANE ( 'NONE',  #2096 ) ;
#1591 = ORIENTED_EDGE ( 'NONE', *, *, #8129, .T. ) ;
#1592 = LINE ( 'NONE', #5640, #7765 ) ;
#1593 = ORIENTED_EDGE ( 'NONE', *, *, #5455, .F. ) ;
#1594 = VERTEX_POINT ( 'NONE', #5309 ) ;
#1595 = VECTOR ( 'NONE', #8291, 1000.000000000000000 ) ;
#1596 =( NAMED_UNIT ( * ) SI_UNIT ( $, .STERADIAN. ) SOLID_ANGLE_UNIT ( ) );
#1597 = EDGE_LOOP ( 'NONE', ( #986, #1481, #859, #5205 ) ) ;
#1598 = SURFACE_STYLE_FILL_AREA ( #5729 ) ;
#1599 = SURFACE_STYLE_FILL_AREA ( #5003 ) ;
#1600 = EDGE_CURVE ( 'NONE', #548, #1054, #7210, .T. ) ;
#1601 = DIRECTION ( 'NONE',  ( 0.0000000000000000000, -0.0000000000000000000, 1.000000000000000000 ) ) ;
#1602 = VERTEX_POINT ( 'NONE', #1819 ) ;
#1603 = DIRECTION ( 'NONE',  ( 0.0000000000000000000, 1.000000000000000000, 0.0000000000000000000 ) ) ;
#1604 = ORIENTED_EDGE ( 'NONE', *, *, #5084, .T. ) ;
#1605 = CARTESIAN_POINT ( 'NONE',  ( 2.020000000000000018, 7.500000000000000000, 0.0000000000000000000 ) ) ;
#1606 = SURFACE_STYLE_USAGE ( .BOTH. , #2319 ) ;
#1607 = ORIENTED_EDGE ( 'NONE', *, *, #4377, .T. ) ;
#1608 = VERTEX_POINT ( 'NONE', #552 ) ;
#1609 = UNCERTAINTY_MEASURE_WITH_UNIT (LENGTH_MEASURE( 1.000000000000000082E-05 ), #3658, 'distance_accuracy_value', 'NONE');
#1610 = CARTESIAN_POINT ( 'NONE',  ( -0.4699999999999993627, 8.500000000000000000, -0.8000000000000004885 ) ) ;
#1611 = FACE_OUTER_BOUND ( 'NONE', #7150, .T. ) ;
#1612 = FACE_OUTER_BOUND ( 'NONE', #2410, .T. ) ;
#1613 = FACE_BOUND ( 'NONE', #3, .T. ) ;
#1614 = DIRECTION ( 'NONE',  ( 1.000000000000000000, -0.0000000000000000000, 0.0000000000000000000 ) ) ;
#1615 = LINE ( 'NONE', #3641, #6754 ) ;
#1616 = VECTOR ( 'NONE', #3077, 1000.000000000000000 ) ;
#1617 = CARTESIAN_POINT ( 'NONE',  ( -3.459999999999999964, 0.0000000000000000000, 0.0000000000000000000 ) ) ;
#1618 = VECTOR ( 'NONE', #5239, 1000.000000000000000 ) ;
#1619 = VERTEX_POINT ( 'NONE', #2489 ) ;
#1620 = EDGE_CURVE ( 'NONE', #8310, #1118, #7168, .T. ) ;
#1621 = CARTESIAN_POINT ( 'NONE',  ( 0.9200000000000000400, 7.500000000000000000, -0.3499999999999999778 ) ) ;
#1622 = DIRECTION ( 'NONE',  ( 0.7071067811865475727, 0.7071067811865475727, 0.0000000000000000000 ) ) ;
#1623 = COLOUR_RGB ( '',0.1568627450980392135, 0.1568627450980392135, 0.1568627450980392135 ) ;
#1624 = VECTOR ( 'NONE', #6010, 1000.000000000000000 ) ;
#1625 = DIRECTION ( 'NONE',  ( -0.0000000000000000000, -1.000000000000000000, -0.0000000000000000000 ) ) ;
#1626 = SURFACE_STYLE_FILL_AREA ( #4261 ) ;
#1627 = ADVANCED_FACE ( 'NONE', ( #8599 ), #5132, .F. ) ;
#1628 = PLANE ( 'NONE',  #2535 ) ;
#1629 = VECTOR ( 'NONE', #2578, 1000.000000000000000 ) ;
#1630 = ORIENTED_EDGE ( 'NONE', *, *, #5987, .F. ) ;
#1631 = ADVANCED_FACE ( 'NONE', ( #2449 ), #7921, .F. ) ;
#1632 = UNCERTAINTY_MEASURE_WITH_UNIT (LENGTH_MEASURE( 1.000000000000000082E-05 ), #5769, 'distance_accuracy_value', 'NONE');
#1633 = VECTOR ( 'NONE', #3769, 1000.000000000000000 ) ;
#1634 = DIRECTION ( 'NONE',  ( 0.0000000000000000000, -1.000000000000000000, 0.0000000000000000000 ) ) ;
#1635 = PLANE ( 'NONE',  #9 ) ;
#1636 = CARTESIAN_POINT ( 'NONE',  ( -5.599999999999999645, 0.5000000000000000000, 0.7500000000000000000 ) ) ;
#1637 = ORIENTED_EDGE ( 'NONE', *, *, #1938, .F. ) ;
#1638 = FILL_AREA_STYLE_COLOUR ( '', #2948 ) ;
#1639 = VERTEX_POINT ( 'NONE', #1241 ) ;
#1640 = ORIENTED_EDGE ( 'NONE', *, *, #2619, .T. ) ;
#1641 = EDGE_CURVE ( 'NONE', #7545, #5459, #3817, .T. ) ;
#1642 = EDGE_CURVE ( 'NONE', #1981, #4110, #8112, .T. ) ;
#1643 = VERTEX_POINT ( 'NONE', #7484 ) ;
#1644 = SURFACE_SIDE_STYLE ('',( #4905 ) ) ;
#1645 = CARTESIAN_POINT ( 'NONE',  ( 9.189999999999999503, 0.0000000000000000000, 0.0000000000000000000 ) ) ;
#1646 = ORIENTED_EDGE ( 'NONE', *, *, #7268, .T. ) ;
#1647 = DIRECTION ( 'NONE',  ( -1.000000000000000000, 0.0000000000000000000, -0.0000000000000000000 ) ) ;
#1648 = VERTEX_POINT ( 'NONE', #6826 ) ;
#1649 = ORIENTED_EDGE ( 'NONE', *, *, #7414, .T. ) ;
#1650 = EDGE_CURVE ( 'NONE', #5549, #6804, #737, .T. ) ;
#1651 = EDGE_LOOP ( 'NONE', ( #2884, #928, #3784, #3416, #8670, #5771 ) ) ;
#1652 = CARTESIAN_POINT ( 'NONE',  ( -10.41000000000000014, 8.500000000000000000, 0.8000000000000001554 ) ) ;
#1653 = CARTESIAN_POINT ( 'NONE',  ( 0.9700000000000070788, -2.499999999999996891, 0.2000000000000000944 ) ) ;
#1654 = LINE ( 'NONE', #3032, #5495 ) ;
#1655 = DIRECTION ( 'NONE',  ( 0.0000000000000000000, 1.000000000000000000, 0.0000000000000000000 ) ) ;
#1656 = CARTESIAN_POINT ( 'NONE',  ( 7.099999999999999645, 0.0000000000000000000, 0.7500000000000000000 ) ) ;
#1657 = SURFACE_STYLE_USAGE ( .BOTH. , #265 ) ;
#1658 = ORIENTED_EDGE ( 'NONE', *, *, #2577, .F. ) ;
#1659 = CARTESIAN_POINT ( 'NONE',  ( 6.050000000000006928, -2.499999999999997780, -0.2000000000000000944 ) ) ;
#1660 = LINE ( 'NONE', #3706, #69 ) ;
#1661 = DIRECTION ( 'NONE',  ( -1.000000000000000000, -0.0000000000000000000, -0.0000000000000000000 ) ) ;
#1662 = CARTESIAN_POINT ( 'NONE',  ( -7.099999999999999645, 0.0000000000000000000, 0.0000000000000000000 ) ) ;
#1663 = FACE_OUTER_BOUND ( 'NONE', #3688, .T. ) ;
#1664 = LINE ( 'NONE', #1009, #5671 ) ;
#1665 =( GEOMETRIC_REPRESENTATION_CONTEXT ( 3 ) GLOBAL_UNCERTAINTY_ASSIGNED_CONTEXT ( ( #2688 ) ) GLOBAL_UNIT_ASSIGNED_CONTEXT ( ( #7159, #505, #7874 ) ) REPRESENTATION_CONTEXT ( 'NONE', 'WORKASPACE' ) );
#1666 = VERTEX_POINT ( 'NONE', #2764 ) ;
#1667 = LINE ( 'NONE', #5240, #3262 ) ;
#1668 = PRESENTATION_STYLE_ASSIGNMENT (( #7736 ) ) ;
#1669 = LINE ( 'NONE', #8316, #227 ) ;
#1670 = ORIENTED_EDGE ( 'NONE', *, *, #6540, .F. ) ;
#1671 = DIRECTION ( 'NONE',  ( -0.0000000000000000000, -1.000000000000000000, -0.0000000000000000000 ) ) ;
#1672 = EDGE_CURVE ( 'NONE', #254, #4562, #6782, .T. ) ;
#1673 = CARTESIAN_POINT ( 'NONE',  ( -10.41000000000000014, 7.500000000000000000, 0.7500000000000000000 ) ) ;
#1674 = ORIENTED_EDGE ( 'NONE', *, *, #5157, .F. ) ;
#1675 =( GEOMETRIC_REPRESENTATION_CONTEXT ( 3 ) GLOBAL_UNCERTAINTY_ASSIGNED_CONTEXT ( ( #3225 ) ) GLOBAL_UNIT_ASSIGNED_CONTEXT ( ( #2924, #4376, #2972 ) ) REPRESENTATION_CONTEXT ( 'NONE', 'WORKASPACE' ) );
#1676 = DIRECTION ( 'NONE',  ( 0.0000000000000000000, -0.0000000000000000000, -1.000000000000000000 ) ) ;
#1677 = ORIENTED_EDGE ( 'NONE', *, *, #8352, .F. ) ;
#1678 = VECTOR ( 'NONE', #3002, 1000.000000000000000 ) ;
#1679 = AXIS2_PLACEMENT_3D ( 'NONE', #987, #2892, #7039 ) ;
#1680 = DIRECTION ( 'NONE',  ( 0.0000000000000000000, -1.000000000000000000, 0.0000000000000000000 ) ) ;
#1681 = ORIENTED_EDGE ( 'NONE', *, *, #8109, .T. ) ;
#1682 = CARTESIAN_POINT ( 'NONE',  ( 9.390000000000000568, 0.0000000000000000000, -0.5000000000000000000 ) ) ;
#1683 = PLANE ( 'NONE',  #2128 ) ;
#1684 = ADVANCED_FACE ( 'NONE', ( #8701 ), #2189, .T. ) ;
#1685 = MECHANICAL_DESIGN_GEOMETRIC_PRESENTATION_REPRESENTATION (  '', ( #5211 ), #2677 ) ;
#1686 = EDGE_CURVE ( 'NONE', #5851, #3285, #1431, .T. ) ;
#1687 = VERTEX_POINT ( 'NONE', #6748 ) ;
#1688 = DIRECTION ( 'NONE',  ( 0.2873478855663457177, -0.9578262852211512079, 0.0000000000000000000 ) ) ;
#1689 = LINE ( 'NONE', #7084, #5763 ) ;
#1690 = PRESENTATION_LAYER_ASSIGNMENT (  '', '', ( #2963 ) ) ;
#1691 = AXIS2_PLACEMENT_3D ( 'NONE', #3534, #6939, #4191 ) ;
#1692 = ORIENTED_EDGE ( 'NONE', *, *, #3657, .F. ) ;
#1693 = SURFACE_SIDE_STYLE ('',( #1743 ) ) ;
#1694 = ORIENTED_EDGE ( 'NONE', *, *, #3628, .T. ) ;
#1695 = COLOUR_RGB ( '',0.1568627450980392135, 0.1568627450980392135, 0.1568627450980392135 ) ;
#1696 = DIRECTION ( 'NONE',  ( 1.000000000000000000, 0.0000000000000000000, -0.0000000000000000000 ) ) ;
#1697 = PRESENTATION_LAYER_ASSIGNMENT (  '', '', ( #7299 ) ) ;
#1698 = CARTESIAN_POINT ( 'NONE',  ( -8.589999999999999858, -2.500000000000000000, -0.2000000000000000111 ) ) ;
#1699 = CARTESIAN_POINT ( 'NONE',  ( -6.850000000000000533, 7.500000000000000000, -0.5000000000000000000 ) ) ;
#1700 = FACE_BOUND ( 'NONE', #1556, .T. ) ;
#1701 = EDGE_CURVE ( 'NONE', #2003, #6982, #4839, .T. ) ;
#1702 = DIRECTION ( 'NONE',  ( 1.000000000000000000, -0.0000000000000000000, 0.0000000000000000000 ) ) ;
#1703 = ADVANCED_FACE ( 'NONE', ( #1388 ), #3422, .F. ) ;
#1704 = FILL_AREA_STYLE_COLOUR ( '', #175 ) ;
#1705 = SURFACE_SIDE_STYLE ('',( #6416 ) ) ;
#1706 = PRODUCT_DEFINITION_FORMATION_WITH_SPECIFIED_SOURCE ( 'ANY', '', #4289, .NOT_KNOWN. ) ;
#1707 = ORIENTED_EDGE ( 'NONE', *, *, #3954, .F. ) ;
#1708 = AXIS2_PLACEMENT_3D ( 'NONE', #5397, #2050, #8153 ) ;
#1709 = MECHANICAL_DESIGN_GEOMETRIC_PRESENTATION_REPRESENTATION (  '', ( #4384 ), #1536 ) ;
#1710 = FILL_AREA_STYLE ('',( #5844 ) ) ;
#1711 = FACE_OUTER_BOUND ( 'NONE', #1277, .T. ) ;
#1712 =( NAMED_UNIT ( * ) SI_UNIT ( $, .STERADIAN. ) SOLID_ANGLE_UNIT ( ) );
#1713 = VECTOR ( 'NONE', #5065, 1000.000000000000000 ) ;
#1714 = LINE ( 'NONE', #8398, #7004 ) ;
#1715 = CARTESIAN_POINT ( 'NONE',  ( -10.41000000000000014, 7.500000000000000000, 0.7500000000000000000 ) ) ;
#1716 = EDGE_CURVE ( 'NONE', #5319, #8183, #82, .T. ) ;
#1717 =( NAMED_UNIT ( * ) PLANE_ANGLE_UNIT ( ) SI_UNIT ( $, .RADIAN. ) );
#1718 = FILL_AREA_STYLE ('',( #447 ) ) ;
#1719 = ORIENTED_EDGE ( 'NONE', *, *, #1034, .T. ) ;
#1720 = FACE_OUTER_BOUND ( 'NONE', #5402, .T. ) ;
#1721 = VECTOR ( 'NONE', #7000, 1000.000000000000000 ) ;
#1722 = UNCERTAINTY_MEASURE_WITH_UNIT (LENGTH_MEASURE( 1.000000000000000082E-05 ), #7265, 'distance_accuracy_value', 'NONE');
#1723 =( NAMED_UNIT ( * ) SI_UNIT ( $, .STERADIAN. ) SOLID_ANGLE_UNIT ( ) );
#1724 = FACE_OUTER_BOUND ( 'NONE', #1370, .T. ) ;
#1725 =( NAMED_UNIT ( * ) PLANE_ANGLE_UNIT ( ) SI_UNIT ( $, .RADIAN. ) );
#1726 = PLANE ( 'NONE',  #2488 ) ;
#1727 = ORIENTED_EDGE ( 'NONE', *, *, #4641, .F. ) ;
#1728 = PRESENTATION_STYLE_ASSIGNMENT (( #6974 ) ) ;
#1729 = ORIENTED_EDGE ( 'NONE', *, *, #7322, .T. ) ;
#1730 = CARTESIAN_POINT ( 'NONE',  ( -0.9200000000000000400, 7.500000000000000000, 0.3499999999999999778 ) ) ;
#1731 = ORIENTED_EDGE ( 'NONE', *, *, #5461, .F. ) ;
#1732 = PLANE ( 'NONE',  #7144 ) ;
#1733 = EDGE_CURVE ( 'NONE', #498, #1851, #6016, .T. ) ;
#1734 = CARTESIAN_POINT ( 'NONE',  ( 6.000000000000000000, 0.0000000000000000000, -0.3499999999999999778 ) ) ;
#1735 = ORIENTED_EDGE ( 'NONE', *, *, #5890, .F. ) ;
#1736 = CARTESIAN_POINT ( 'NONE',  ( 6.850000000000000533, 0.0000000000000000000, 0.0000000000000000000 ) ) ;
#1737 = CARTESIAN_POINT ( 'NONE',  ( -2.020000000000000018, 0.0000000000000000000, 0.7500000000000000000 ) ) ;
#1738 = ORIENTED_EDGE ( 'NONE', *, *, #1567, .T. ) ;
#1739 = CARTESIAN_POINT ( 'NONE',  ( -2.020000000000000018, 7.500000000000000000, -0.7500000000000000000 ) ) ;
#1740 = DIRECTION ( 'NONE',  ( -0.0000000000000000000, 0.0000000000000000000, 1.000000000000000000 ) ) ;
#1741 = COLOUR_RGB ( '',0.1568627450980392135, 0.1568627450980392135, 0.1568627450980392135 ) ;
#1742 = ORIENTED_EDGE ( 'NONE', *, *, #7049, .T. ) ;
#1743 = SURFACE_STYLE_FILL_AREA ( #945 ) ;
#1744 = EDGE_LOOP ( 'NONE', ( #857, #5750, #7638, #8418 ) ) ;
#1745 = EDGE_CURVE ( 'NONE', #481, #1257, #4051, .T. ) ;
#1746 = CARTESIAN_POINT ( 'NONE',  ( 1.769999999999999796, 7.500000000000000000, -0.5000000000000000000 ) ) ;
#1747 = DIRECTION ( 'NONE',  ( -1.000000000000000000, -0.0000000000000000000, -0.0000000000000000000 ) ) ;
#1748 = DIRECTION ( 'NONE',  ( -0.0000000000000000000, -0.0000000000000000000, 1.000000000000000000 ) ) ;
#1749 = CARTESIAN_POINT ( 'NONE',  ( -1.570000000000000062, 0.5000000000000000000, -0.1999999999999999833 ) ) ;
#1750 = CARTESIAN_POINT ( 'NONE',  ( -10.41000000000000014, 7.500000000000000000, 0.7500000000000000000 ) ) ;
#1751 =( GEOMETRIC_REPRESENTATION_CONTEXT ( 3 ) GLOBAL_UNCERTAINTY_ASSIGNED_CONTEXT ( ( #6967 ) ) GLOBAL_UNIT_ASSIGNED_CONTEXT ( ( #1869, #1210, #642 ) ) REPRESENTATION_CONTEXT ( 'NONE', 'WORKASPACE' ) );
#1752 = AXIS2_PLACEMENT_3D ( 'NONE', #6344, #4458, #7113 ) ;
#1753 = EDGE_LOOP ( 'NONE', ( #8288, #4147, #854, #4940 ) ) ;
#1754 = ADVANCED_FACE ( 'NONE', ( #5367 ), #8029, .F. ) ;
#1755 = DIRECTION ( 'NONE',  ( -0.0000000000000000000, 0.0000000000000000000, -1.000000000000000000 ) ) ;
#1756 = EDGE_CURVE ( 'NONE', #5307, #1209, #5407, .T. ) ;
#1757 = AXIS2_PLACEMENT_3D ( 'NONE', #6148, #4924, #5572 ) ;
#1758 = DIRECTION ( 'NONE',  ( -1.000000000000000000, -0.0000000000000000000, 0.0000000000000000000 ) ) ;
#1759 = COLOUR_RGB ( '',0.1568627450980392135, 0.1568627450980392135, 0.1568627450980392135 ) ;
#1760 = CARTESIAN_POINT ( 'NONE',  ( 3.060000000000000053, 0.0000000000000000000, 0.0000000000000000000 ) ) ;
#1761 = DIRECTION ( 'NONE',  ( 0.0000000000000000000, 1.000000000000000000, 0.0000000000000000000 ) ) ;
#1762 = CARTESIAN_POINT ( 'NONE',  ( 4.035000000000000142, -2.750000000000000000, 0.0000000000000000000 ) ) ;
#1763 = ORIENTED_EDGE ( 'NONE', *, *, #8394, .T. ) ;
#1764 = EDGE_LOOP ( 'NONE', ( #5328, #1397, #2022, #1507 ) ) ;
#1765 = EDGE_CURVE ( 'NONE', #7529, #5009, #6232, .T. ) ;
#1766 = DIRECTION ( 'NONE',  ( 0.0000000000000000000, 0.0000000000000000000, -1.000000000000000000 ) ) ;
#1767 = CARTESIAN_POINT ( 'NONE',  ( -9.640000000000000568, 7.500000000000000000, -0.7500000000000000000 ) ) ;
#1768 =( NAMED_UNIT ( * ) PLANE_ANGLE_UNIT ( ) SI_UNIT ( $, .RADIAN. ) );
#1769 = ORIENTED_EDGE ( 'NONE', *, *, #237, .T. ) ;
#1770 = VECTOR ( 'NONE', #5428, 1000.000000000000000 ) ;
#1771 = STYLED_ITEM ( 'NONE', ( #7252 ), #5595 ) ;
#1772 = VERTEX_POINT ( 'NONE', #8389 ) ;
#1773 = EDGE_LOOP ( 'NONE', ( #3925, #3316, #5296, #7214, #7047, #8147 ) ) ;
#1774 = DIRECTION ( 'NONE',  ( -0.0000000000000000000, -1.000000000000000000, -0.0000000000000000000 ) ) ;
#1775 = VECTOR ( 'NONE', #2732, 1000.000000000000000 ) ;
#1776 =( LENGTH_UNIT ( ) NAMED_UNIT ( * ) SI_UNIT ( .MILLI., .METRE. ) );
#1777 = DIRECTION ( 'NONE',  ( 1.000000000000000000, -0.0000000000000000000, 0.0000000000000000000 ) ) ;
#1778 = LINE ( 'NONE', #8644, #3596 ) ;
#1779 = ORIENTED_EDGE ( 'NONE', *, *, #7961, .F. ) ;
#1780 = CARTESIAN_POINT ( 'NONE',  ( 9.240000000000000213, 0.9000000000000001332, 0.3499999999999999778 ) ) ;
#1781 = DIRECTION ( 'NONE',  ( -0.0000000000000000000, 0.0000000000000000000, 1.000000000000000000 ) ) ;
#1782 = ORIENTED_EDGE ( 'NONE', *, *, #3796, .F. ) ;
#1783 = CARTESIAN_POINT ( 'NONE',  ( -3.659999999999996589, -3.000000000000000888, 0.2000000000000000389 ) ) ;
#1784 = AXIS2_PLACEMENT_3D ( 'NONE', #7623, #1614, #8296 ) ;
#1785 = ORIENTED_EDGE ( 'NONE', *, *, #1969, .F. ) ;
#1786 = FACE_OUTER_BOUND ( 'NONE', #643, .T. ) ;
#1787 = ORIENTED_EDGE ( 'NONE', *, *, #5109, .T. ) ;
#1788 = EDGE_CURVE ( 'NONE', #7380, #1306, #2327, .T. ) ;
#1789 = DIRECTION ( 'NONE',  ( -0.0000000000000000000, 0.0000000000000000000, -1.000000000000000000 ) ) ;
#1790 = CARTESIAN_POINT ( 'NONE',  ( 8.739999999999986002, -3.000000000000005329, 0.0000000000000000000 ) ) ;
#1791 = DIRECTION ( 'NONE',  ( 1.000000000000000000, -0.0000000000000000000, 0.0000000000000000000 ) ) ;
#1792 = CARTESIAN_POINT ( 'NONE',  ( -3.084999999999999964, 7.500000000000000000, 0.7500000000000000000 ) ) ;
#1793 = PRESENTATION_STYLE_ASSIGNMENT (( #6541 ) ) ;
#1794 =( NAMED_UNIT ( * ) SI_UNIT ( $, .STERADIAN. ) SOLID_ANGLE_UNIT ( ) );
#1795 = EDGE_CURVE ( 'NONE', #3576, #6408, #349, .T. ) ;
#1796 = ORIENTED_EDGE ( 'NONE', *, *, #6188, .T. ) ;
#1797 =( LENGTH_UNIT ( ) NAMED_UNIT ( * ) SI_UNIT ( .MILLI., .METRE. ) );
#1798 = LINE ( 'NONE', #2509, #3537 ) ;
#1799 =( NAMED_UNIT ( * ) PLANE_ANGLE_UNIT ( ) SI_UNIT ( $, .RADIAN. ) );
#1800 = LINE ( 'NONE', #3844, #7948 ) ;
#1801 = DIRECTION ( 'NONE',  ( 0.0000000000000000000, -0.0000000000000000000, 1.000000000000000000 ) ) ;
#1802 =( LENGTH_UNIT ( ) NAMED_UNIT ( * ) SI_UNIT ( .MILLI., .METRE. ) );
#1803 = EDGE_CURVE ( 'NONE', #4987, #8185, #5745, .T. ) ;
#1804 = ADVANCED_FACE ( 'NONE', ( #3744 ), #8342, .T. ) ;
#1805 = VERTEX_POINT ( 'NONE', #4303 ) ;
#1806 = VERTEX_POINT ( 'NONE', #863 ) ;
#1807 = UNCERTAINTY_MEASURE_WITH_UNIT (LENGTH_MEASURE( 1.000000000000000082E-05 ), #7016, 'distance_accuracy_value', 'NONE');
#1808 = LINE ( 'NONE', #8080, #1192 ) ;
#1809 = CARTESIAN_POINT ( 'NONE',  ( -10.41000000000000014, 8.500000000000000000, 0.8000000000000001554 ) ) ;
#1810 = ORIENTED_EDGE ( 'NONE', *, *, #5453, .F. ) ;
#1811 = DIRECTION ( 'NONE',  ( -0.0000000000000000000, -1.000000000000000000, -0.0000000000000000000 ) ) ;
#1812 = ORIENTED_EDGE ( 'NONE', *, *, #1384, .F. ) ;
#1813 = ADVANCED_FACE ( 'NONE', ( #6413 ), #908, .F. ) ;
#1814 = LINE ( 'NONE', #2570, #1023 ) ;
#1815 = VERTEX_POINT ( 'NONE', #1749 ) ;
#1816 = CARTESIAN_POINT ( 'NONE',  ( -1.920000000000000151, 8.349999999999999645, 0.0000000000000000000 ) ) ;
#1817 = CARTESIAN_POINT ( 'NONE',  ( -4.110000000000001208, -3.000000000000000000, 0.2000000000000000111 ) ) ;
#1818 = COLOUR_RGB ( '',0.1568627450980392135, 0.1568627450980392135, 0.1568627450980392135 ) ;
#1819 = CARTESIAN_POINT ( 'NONE',  ( -10.41000000000000014, 0.0000000000000000000, 0.7500000000000000000 ) ) ;
#1820 = CARTESIAN_POINT ( 'NONE',  ( -4.559999999999999609, 7.500000000000000000, -0.7500000000000000000 ) ) ;
#1821 = ORIENTED_EDGE ( 'NONE', *, *, #4832, .T. ) ;
#1822 = DIRECTION ( 'NONE',  ( 0.0000000000000000000, -0.0000000000000000000, 1.000000000000000000 ) ) ;
#1823 = FACE_OUTER_BOUND ( 'NONE', #849, .T. ) ;
#1824 = ORIENTED_EDGE ( 'NONE', *, *, #5043, .T. ) ;
#1825 = ADVANCED_FACE ( 'NONE', ( #5569, #2941 ), #8252, .T. ) ;
#1826 = DIRECTION ( 'NONE',  ( -0.0000000000000000000, -0.0000000000000000000, 1.000000000000000000 ) ) ;
#1827 = VECTOR ( 'NONE', #2814, 1000.000000000000000 ) ;
#1828 = ORIENTED_EDGE ( 'NONE', *, *, #1173, .T. ) ;
#1829 = DIRECTION ( 'NONE',  ( 0.0000000000000000000, -1.000000000000000000, 0.0000000000000000000 ) ) ;
#1830 = ORIENTED_EDGE ( 'NONE', *, *, #3847, .F. ) ;
#1831 = DIRECTION ( 'NONE',  ( -0.9578262852211679723, -0.2873478855662903730, 0.0000000000000000000 ) ) ;
#1832 =( GEOMETRIC_REPRESENTATION_CONTEXT ( 3 ) GLOBAL_UNCERTAINTY_ASSIGNED_CONTEXT ( ( #7403 ) ) GLOBAL_UNIT_ASSIGNED_CONTEXT ( ( #8076, #4841, #4975 ) ) REPRESENTATION_CONTEXT ( 'NONE', 'WORKASPACE' ) );
#1833 = DIRECTION ( 'NONE',  ( 0.0000000000000000000, -0.0000000000000000000, 1.000000000000000000 ) ) ;
#1834 = LINE ( 'NONE', #1878, #1624 ) ;
#1835 = DIRECTION ( 'NONE',  ( -1.000000000000000000, -0.0000000000000000000, 0.0000000000000000000 ) ) ;
#1836 = VECTOR ( 'NONE', #4981, 1000.000000000000000 ) ;
#1837 = DIRECTION ( 'NONE',  ( 0.0000000000000000000, -0.0000000000000000000, 1.000000000000000000 ) ) ;
#1838 = VECTOR ( 'NONE', #480, 1000.000000000000000 ) ;
#1839 = FILL_AREA_STYLE ('',( #2674 ) ) ;
#1840 = CARTESIAN_POINT ( 'NONE',  ( -0.9699999999999999734, 0.0000000000000000000, 0.0000000000000000000 ) ) ;
#1841 = ORIENTED_EDGE ( 'NONE', *, *, #2949, .T. ) ;
#1842 = VECTOR ( 'NONE', #5863, 1000.000000000000000 ) ;
#1843 = LINE ( 'NONE', #6503, #4678 ) ;
#1844 = PRESENTATION_LAYER_ASSIGNMENT (  '', '', ( #3509 ) ) ;
#1845 = EDGE_CURVE ( 'NONE', #3830, #8409, #4970, .T. ) ;
#1846 = CARTESIAN_POINT ( 'NONE',  ( -9.689999999999999503, 8.500000000000000000, -1.270000000000000018 ) ) ;
#1847 = PLANE ( 'NONE',  #1071 ) ;
#1848 =( NAMED_UNIT ( * ) PLANE_ANGLE_UNIT ( ) SI_UNIT ( $, .RADIAN. ) );
#1849 = FILL_AREA_STYLE ('',( #7859 ) ) ;
#1850 = VECTOR ( 'NONE', #8021, 1000.000000000000000 ) ;
#1851 = VERTEX_POINT ( 'NONE', #2275 ) ;
#1852 = EDGE_CURVE ( 'NONE', #1436, #6903, #1654, .T. ) ;
#1853 = VECTOR ( 'NONE', #4411, 1000.000000000000227 ) ;
#1854 = SURFACE_STYLE_USAGE ( .BOTH. , #4360 ) ;
#1855 = PLANE ( 'NONE',  #5764 ) ;
#1856 = DIRECTION ( 'NONE',  ( -1.000000000000000000, 0.0000000000000000000, -0.0000000000000000000 ) ) ;
#1857 = ORIENTED_EDGE ( 'NONE', *, *, #8066, .F. ) ;
#1858 = CARTESIAN_POINT ( 'NONE',  ( 3.060000000000000053, 0.5000000000000000000, 0.7500000000000000000 ) ) ;
#1859 = ORIENTED_EDGE ( 'NONE', *, *, #2387, .F. ) ;
#1860 = FACE_BOUND ( 'NONE', #3177, .T. ) ;
#1861 = VECTOR ( 'NONE', #6419, 1000.000000000000000 ) ;
#1862 = ORIENTED_EDGE ( 'NONE', *, *, #1240, .T. ) ;
#1863 = ADVANCED_FACE ( 'NONE', ( #5705, #2224, #7622, #1613, #7715, #949, #4921, #1700, #6323 ), #5611, .T. ) ;
#1864 = EDGE_CURVE ( 'NONE', #2648, #6704, #4250, .T. ) ;
#1865 = PRESENTATION_LAYER_ASSIGNMENT (  '', '', ( #4965 ) ) ;
#1866 = CARTESIAN_POINT ( 'NONE',  ( 3.310000000000000053, 7.500000000000000000, 0.5000000000000000000 ) ) ;
#1867 = CARTESIAN_POINT ( 'NONE',  ( 8.589999999999999858, -3.000000000000000000, -0.2000000000000000111 ) ) ;
#1868 = ORIENTED_EDGE ( 'NONE', *, *, #2371, .F. ) ;
#1869 =( LENGTH_UNIT ( ) NAMED_UNIT ( * ) SI_UNIT ( .MILLI., .METRE. ) );
#1870 = FACE_OUTER_BOUND ( 'NONE', #4732, .T. ) ;
#1871 = ORIENTED_EDGE ( 'NONE', *, *, #7152, .T. ) ;
#1872 = LINE ( 'NONE', #4609, #6892 ) ;
#1873 = EDGE_LOOP ( 'NONE', ( #8708, #7173, #4945, #3981 ) ) ;
#1874 =( GEOMETRIC_REPRESENTATION_CONTEXT ( 3 ) GLOBAL_UNCERTAINTY_ASSIGNED_CONTEXT ( ( #1722 ) ) GLOBAL_UNIT_ASSIGNED_CONTEXT ( ( #7265, #8657, #3923 ) ) REPRESENTATION_CONTEXT ( 'NONE', 'WORKASPACE' ) );
#1875 = CARTESIAN_POINT ( 'NONE',  ( -10.41000000000000014, 0.0000000000000000000, 1.270000000000000018 ) ) ;
#1876 = ORIENTED_EDGE ( 'NONE', *, *, #2619, .F. ) ;
#1877 = EDGE_CURVE ( 'NONE', #1805, #4338, #8295, .T. ) ;
#1878 = CARTESIAN_POINT ( 'NONE',  ( -8.589999999999999858, -3.000000000000000000, -0.2000000000000000111 ) ) ;
#1879 = CARTESIAN_POINT ( 'NONE',  ( -8.164999999999999147, 7.500000000000000000, 0.0000000000000000000 ) ) ;
#1880 = MECHANICAL_DESIGN_GEOMETRIC_PRESENTATION_REPRESENTATION (  '', ( #2721 ), #749 ) ;
#1881 = CARTESIAN_POINT ( 'NONE',  ( 8.240000000000000213, 8.349999999999999645, 0.0000000000000000000 ) ) ;
#1882 = PLANE ( 'NONE',  #145 ) ;
#1883 = ORIENTED_EDGE ( 'NONE', *, *, #6479, .T. ) ;
#1884 = PRESENTATION_LAYER_ASSIGNMENT (  '', '', ( #6775 ) ) ;
#1885 = LINE ( 'NONE', #533, #8457 ) ;
#1886 = PLANE ( 'NONE',  #3749 ) ;
#1887 = CARTESIAN_POINT ( 'NONE',  ( 3.060000000000000053, 7.500000000000000000, -0.7500000000000000000 ) ) ;
#1888 = DIRECTION ( 'NONE',  ( -0.0000000000000000000, 0.0000000000000000000, -1.000000000000000000 ) ) ;
#1889 = CARTESIAN_POINT ( 'NONE',  ( -4.559999999999999609, 7.500000000000000000, -0.7500000000000000000 ) ) ;
#1890 = SURFACE_STYLE_USAGE ( .BOTH. , #6424 ) ;
#1891 = PRESENTATION_LAYER_ASSIGNMENT (  '', '', ( #8490 ) ) ;
#1892 = EDGE_CURVE ( 'NONE', #2532, #4987, #3597, .T. ) ;
#1893 = ORIENTED_EDGE ( 'NONE', *, *, #1650, .F. ) ;
#1894 = EDGE_LOOP ( 'NONE', ( #3329, #131, #241, #298 ) ) ;
#1895 = UNCERTAINTY_MEASURE_WITH_UNIT (LENGTH_MEASURE( 1.000000000000000082E-05 ), #5447, 'distance_accuracy_value', 'NONE');
#1896 = EDGE_CURVE ( 'NONE', #2607, #5699, #3695, .T. ) ;
#1897 = DIRECTION ( 'NONE',  ( -1.000000000000000000, 0.0000000000000000000, -0.0000000000000000000 ) ) ;
#1898 = DIRECTION ( 'NONE',  ( 0.7071067811865475727, 0.7071067811865475727, 0.0000000000000000000 ) ) ;
#1899 = EDGE_LOOP ( 'NONE', ( #5604, #1451, #6353, #4461 ) ) ;
#1900 = ORIENTED_EDGE ( 'NONE', *, *, #568, .T. ) ;
#1901 = FACE_OUTER_BOUND ( 'NONE', #5891, .T. ) ;
#1902 = PRESENTATION_LAYER_ASSIGNMENT (  '', '', ( #4587 ) ) ;
#1903 =( GEOMETRIC_REPRESENTATION_CONTEXT ( 3 ) GLOBAL_UNCERTAINTY_ASSIGNED_CONTEXT ( ( #4989 ) ) GLOBAL_UNIT_ASSIGNED_CONTEXT ( ( #5802, #3129, #1712 ) ) REPRESENTATION_CONTEXT ( 'NONE', 'WORKASPACE' ) );
#1904 = ADVANCED_FACE ( 'NONE', ( #3961 ), #7134, .T. ) ;
#1905 = EDGE_LOOP ( 'NONE', ( #1883, #6247, #1830, #1670 ) ) ;
#1906 = DIRECTION ( 'NONE',  ( 1.000000000000000000, 0.0000000000000000000, 0.0000000000000000000 ) ) ;
#1907 = PRESENTATION_LAYER_ASSIGNMENT (  '', '', ( #3457 ) ) ;
#1908 = DIRECTION ( 'NONE',  ( 0.0000000000000000000, 0.0000000000000000000, -1.000000000000000000 ) ) ;
#1909 = ORIENTED_EDGE ( 'NONE', *, *, #6729, .T. ) ;
#1910 = CARTESIAN_POINT ( 'NONE',  ( 1.620000000000000107, 0.9000000000000001332, 0.3499999999999999778 ) ) ;
#1911 = DIRECTION ( 'NONE',  ( 0.0000000000000000000, 0.0000000000000000000, -1.000000000000000000 ) ) ;
#1912 = VERTEX_POINT ( 'NONE', #1792 ) ;
#1913 = CARTESIAN_POINT ( 'NONE',  ( -9.615000000000000213, 0.5000000000000000000, 0.7500000000000000000 ) ) ;
#1914 = EDGE_CURVE ( 'NONE', #6745, #2965, #2502, .T. ) ;
#1915 = EDGE_CURVE ( 'NONE', #1402, #3949, #7226, .T. ) ;
#1916 = VECTOR ( 'NONE', #6345, 1000.000000000000000 ) ;
#1917 = ORIENTED_EDGE ( 'NONE', *, *, #6831, .T. ) ;
#1918 = DIRECTION ( 'NONE',  ( -1.000000000000000000, -0.0000000000000000000, -0.0000000000000000000 ) ) ;
#1919 = VERTEX_POINT ( 'NONE', #7893 ) ;
#1920 = FACE_OUTER_BOUND ( 'NONE', #8095, .T. ) ;
#1921 = CARTESIAN_POINT ( 'NONE',  ( -10.41000000000000014, 7.500000000000000000, 0.7500000000000000000 ) ) ;
#1922 = VECTOR ( 'NONE', #6874, 1000.000000000000000 ) ;
#1923 = FACE_OUTER_BOUND ( 'NONE', #3772, .T. ) ;
#1924 = DIRECTION ( 'NONE',  ( -0.0000000000000000000, 0.0000000000000000000, 1.000000000000000000 ) ) ;
#1925 = FACE_OUTER_BOUND ( 'NONE', #8191, .T. ) ;
#1926 = FILL_AREA_STYLE_COLOUR ( '', #3850 ) ;
#1927 = ADVANCED_FACE ( 'NONE', ( #8563 ), #5232, .T. ) ;
#1928 = EDGE_LOOP ( 'NONE', ( #4532, #7843, #3074, #5873 ) ) ;
#1929 = AXIS2_PLACEMENT_3D ( 'NONE', #1349, #7234, #6017 ) ;
#1930 = DIRECTION ( 'NONE',  ( 1.000000000000000000, -0.0000000000000000000, 0.0000000000000000000 ) ) ;
#1931 = DIRECTION ( 'NONE',  ( -0.0000000000000000000, -1.000000000000000000, -0.0000000000000000000 ) ) ;
#1932 = LINE ( 'NONE', #4580, #5925 ) ;
#1933 = FILL_AREA_STYLE_COLOUR ( '', #4880 ) ;
#1934 = CARTESIAN_POINT ( 'NONE',  ( 10.41000000000000014, 0.0000000000000000000, -1.270000000000000018 ) ) ;
#1935 = VERTEX_POINT ( 'NONE', #8614 ) ;
#1936 = VECTOR ( 'NONE', #7382, 1000.000000000000000 ) ;
#1937 = DIRECTION ( 'NONE',  ( 0.2873478855663468279, -0.9578262852211509859, 0.0000000000000000000 ) ) ;
#1938 = EDGE_CURVE ( 'NONE', #1156, #4112, #1085, .T. ) ;
#1939 = ORIENTED_EDGE ( 'NONE', *, *, #2759, .T. ) ;
#1940 = ORIENTED_EDGE ( 'NONE', *, *, #6102, .T. ) ;
#1941 = CARTESIAN_POINT ( 'NONE',  ( 6.000000000000000000, 0.0000000000000000000, 0.0000000000000000000 ) ) ;
#1942 = CARTESIAN_POINT ( 'NONE',  ( -1.120000000000000107, -3.000000000000000000, 0.2000000000000000111 ) ) ;
#1943 = CARTESIAN_POINT ( 'NONE',  ( -10.41000000000000014, 8.500000000000000000, -0.8000000000000000444 ) ) ;
#1944 = LINE ( 'NONE', #4636, #4037 ) ;
#1945 = ORIENTED_EDGE ( 'NONE', *, *, #1914, .F. ) ;
#1946 = CARTESIAN_POINT ( 'NONE',  ( 9.640000000000000568, 0.0000000000000000000, 0.7500000000000000000 ) ) ;
#1947 = ORIENTED_EDGE ( 'NONE', *, *, #4055, .F. ) ;
#1948 = SURFACE_STYLE_FILL_AREA ( #5170 ) ;
#1949 = ORIENTED_EDGE ( 'NONE', *, *, #299, .F. ) ;
#1950 = EDGE_CURVE ( 'NONE', #5552, #680, #2638, .T. ) ;
#1951 = ORIENTED_EDGE ( 'NONE', *, *, #4080, .T. ) ;
#1952 = DIRECTION ( 'NONE',  ( -0.0000000000000000000, 0.0000000000000000000, 1.000000000000000000 ) ) ;
#1953 = DIRECTION ( 'NONE',  ( -0.0000000000000000000, 0.0000000000000000000, 1.000000000000000000 ) ) ;
#1954 = ORIENTED_EDGE ( 'NONE', *, *, #7531, .F. ) ;
#1955 = CARTESIAN_POINT ( 'NONE',  ( -9.189999999999999503, -3.000000000000000000, -0.2000000000000000111 ) ) ;
#1956 = ORIENTED_EDGE ( 'NONE', *, *, #8161, .T. ) ;
#1957 = LINE ( 'NONE', #8099, #1261 ) ;
#1958 = EDGE_LOOP ( 'NONE', ( #3586, #3800, #7341, #5301 ) ) ;
#1959 = EDGE_CURVE ( 'NONE', #5176, #6019, #7184, .T. ) ;
#1960 = DIRECTION ( 'NONE',  ( -1.000000000000000000, -0.0000000000000000000, 0.0000000000000000000 ) ) ;
#1961 =( NAMED_UNIT ( * ) PLANE_ANGLE_UNIT ( ) SI_UNIT ( $, .RADIAN. ) );
#1962 = FACE_OUTER_BOUND ( 'NONE', #4061, .T. ) ;
#1963 = PLANE ( 'NONE',  #8611 ) ;
#1964 = FACE_OUTER_BOUND ( 'NONE', #2863, .T. ) ;
#1965 = CARTESIAN_POINT ( 'NONE',  ( 0.9699999999999999734, -3.000000000000000000, 0.2000000000000000111 ) ) ;
#1966 = PRESENTATION_LAYER_ASSIGNMENT (  '', '', ( #7412 ) ) ;
#1967 = VERTEX_POINT ( 'NONE', #4617 ) ;
#1968 = STYLED_ITEM ( 'NONE', ( #4053 ), #8323 ) ;
#1969 = EDGE_CURVE ( 'NONE', #2919, #7864, #485, .T. ) ;
#1970 = AXIS2_PLACEMENT_3D ( 'NONE', #3321, #7417, #2779 ) ;
#1971 = EDGE_CURVE ( 'NONE', #6786, #8423, #5968, .T. ) ;
#1972 = VECTOR ( 'NONE', #858, 1000.000000000000000 ) ;
#1973 = LINE ( 'NONE', #7856, #2745 ) ;
#1974 = DIRECTION ( 'NONE',  ( -1.000000000000000000, 0.0000000000000000000, -0.0000000000000000000 ) ) ;
#1975 =( LENGTH_UNIT ( ) NAMED_UNIT ( * ) SI_UNIT ( .MILLI., .METRE. ) );
#1976 = CARTESIAN_POINT ( 'NONE',  ( -0.7700000000000000178, 0.0000000000000000000, -0.5000000000000000000 ) ) ;
#1977 = ORIENTED_EDGE ( 'NONE', *, *, #6938, .T. ) ;
#1978 = SURFACE_SIDE_STYLE ('',( #2766 ) ) ;
#1979 = ORIENTED_EDGE ( 'NONE', *, *, #6458, .F. ) ;
#1980 = MECHANICAL_DESIGN_GEOMETRIC_PRESENTATION_REPRESENTATION (  '', ( #3509 ), #5081 ) ;
#1981 = VERTEX_POINT ( 'NONE', #7979 ) ;
#1982 = LINE ( 'NONE', #6753, #158 ) ;
#1983 = UNCERTAINTY_MEASURE_WITH_UNIT (LENGTH_MEASURE( 1.000000000000000082E-05 ), #2394, 'distance_accuracy_value', 'NONE');
#1984 = EDGE_CURVE ( 'NONE', #7345, #2453, #1178, .T. ) ;
#1985 = LINE ( 'NONE', #668, #5534 ) ;
#1986 = AXIS2_PLACEMENT_3D ( 'NONE', #7672, #3079, #8429 ) ;
#1987 = DIRECTION ( 'NONE',  ( 1.000000000000000000, 0.0000000000000000000, 0.0000000000000000000 ) ) ;
#1988 = VECTOR ( 'NONE', #7770, 1000.000000000000000 ) ;
#1989 = EDGE_LOOP ( 'NONE', ( #1561, #3185, #4674, #6099 ) ) ;
#1990 = CARTESIAN_POINT ( 'NONE',  ( -10.41000000000000014, 0.5000000000000000000, -0.7500000000000000000 ) ) ;
#1991 = EDGE_LOOP ( 'NONE', ( #3656, #8045, #2931, #1559 ) ) ;
#1992 =( NAMED_UNIT ( * ) SI_UNIT ( $, .STERADIAN. ) SOLID_ANGLE_UNIT ( ) );
#1993 = ORIENTED_EDGE ( 'NONE', *, *, #4667, .F. ) ;
#1994 = MECHANICAL_DESIGN_GEOMETRIC_PRESENTATION_REPRESENTATION (  '', ( #5781 ), #8159 ) ;
#1995 = STYLED_ITEM ( 'NONE', ( #1668 ), #1197 ) ;
#1996 = UNCERTAINTY_MEASURE_WITH_UNIT (LENGTH_MEASURE( 1.000000000000000082E-05 ), #5297, 'distance_accuracy_value', 'NONE');
#1997 = CARTESIAN_POINT ( 'NONE',  ( 6.850000000000000533, 8.199999999999999289, 0.4999999999999998890 ) ) ;
#1998 = CARTESIAN_POINT ( 'NONE',  ( 3.509999999999999787, 0.5000000000000000000, 0.2000000000000000111 ) ) ;
#1999 = ORIENTED_EDGE ( 'NONE', *, *, #3033, .T. ) ;
#2000 = FACE_OUTER_BOUND ( 'NONE', #6462, .T. ) ;
#2001 = LINE ( 'NONE', #3401, #1936 ) ;
#2002 = AXIS2_PLACEMENT_3D ( 'NONE', #8407, #3926, #1182 ) ;
#2003 = VERTEX_POINT ( 'NONE', #3287 ) ;
#2004 = DIRECTION ( 'NONE',  ( 0.0000000000000000000, 1.000000000000000000, -0.0000000000000000000 ) ) ;
#2005 = ORIENTED_EDGE ( 'NONE', *, *, #95, .T. ) ;
#2006 = ADVANCED_FACE ( 'NONE', ( #1962 ), #4482, .F. ) ;
#2007 = FILL_AREA_STYLE ('',( #722 ) ) ;
#2008 = VERTEX_POINT ( 'NONE', #5794 ) ;
#2009 =( GEOMETRIC_REPRESENTATION_CONTEXT ( 3 ) GLOBAL_UNCERTAINTY_ASSIGNED_CONTEXT ( ( #3567 ) ) GLOBAL_UNIT_ASSIGNED_CONTEXT ( ( #6543, #3205, #7186 ) ) REPRESENTATION_CONTEXT ( 'NONE', 'WORKASPACE' ) );
#2010 = CARTESIAN_POINT ( 'NONE',  ( -3.009999999999999343, 8.500000000000000000, -0.8000000000000004885 ) ) ;
#2011 = PLANE ( 'NONE',  #7793 ) ;
#2012 = LINE ( 'NONE', #8196, #3532 ) ;
#2013 = SURFACE_STYLE_FILL_AREA ( #8022 ) ;
#2014 = VECTOR ( 'NONE', #1826, 1000.000000000000000 ) ;
#2015 = VERTEX_POINT ( 'NONE', #2591 ) ;
#2016 = ADVANCED_FACE ( 'NONE', ( #3836 ), #8475, .F. ) ;
#2017 = CARTESIAN_POINT ( 'NONE',  ( -8.164999999999999147, 7.500000000000000000, 0.7500000000000000000 ) ) ;
#2018 = CARTESIAN_POINT ( 'NONE',  ( 4.559999999999999609, 0.0000000000000000000, 0.7500000000000000000 ) ) ;
#2019 = DIRECTION ( 'NONE',  ( -1.000000000000000000, 0.0000000000000000000, -0.0000000000000000000 ) ) ;
#2020 = CARTESIAN_POINT ( 'NONE',  ( -6.000000000000000000, 0.9000000000000001332, 0.3499999999999999778 ) ) ;
#2021 = LINE ( 'NONE', #1264, #7071 ) ;
#2022 = ORIENTED_EDGE ( 'NONE', *, *, #3577, .T. ) ;
#2023 = CARTESIAN_POINT ( 'NONE',  ( -3.510000000000006892, -2.499999999999996891, 0.2000000000000000944 ) ) ;
#2024 = COLOUR_RGB ( '',0.1568627450980392135, 0.1568627450980392135, 0.1568627450980392135 ) ;
#2025 = ORIENTED_EDGE ( 'NONE', *, *, #5922, .F. ) ;
#2026 = EDGE_CURVE ( 'NONE', #7025, #4820, #3161, .T. ) ;
#2027 = EDGE_CURVE ( 'NONE', #1967, #7905, #5277, .T. ) ;
#2028 = DIRECTION ( 'NONE',  ( -0.0000000000000000000, 0.0000000000000000000, 1.000000000000000000 ) ) ;
#2029 = VECTOR ( 'NONE', #8386, 1000.000000000000000 ) ;
#2030 = CARTESIAN_POINT ( 'NONE',  ( -8.089999999999999858, 8.500000000000000000, 0.8000000000000005995 ) ) ;
#2031 = CARTESIAN_POINT ( 'NONE',  ( 8.539999999999999147, 7.500000000000000000, 0.3499999999999999778 ) ) ;
#2032 = EDGE_LOOP ( 'NONE', ( #1909, #266, #7430, #1810 ) ) ;
#2033 = EDGE_CURVE ( 'NONE', #6561, #5134, #2090, .T. ) ;
#2034 = PRESENTATION_LAYER_ASSIGNMENT (  '', '', ( #1771 ) ) ;
#2035 = VERTEX_POINT ( 'NONE', #2838 ) ;
#2036 = AXIS2_PLACEMENT_3D ( 'NONE', #4800, #8121, #914 ) ;
#2037 = LINE ( 'NONE', #5997, #6045 ) ;
#2038 = EDGE_LOOP ( 'NONE', ( #3444, #425, #2788, #5324 ) ) ;
#2039 = AXIS2_PLACEMENT_3D ( 'NONE', #5486, #2898, #8297 ) ;
#2040 = DIRECTION ( 'NONE',  ( 0.0000000000000000000, -0.0000000000000000000, -1.000000000000000000 ) ) ;
#2041 = FACE_OUTER_BOUND ( 'NONE', #8169, .T. ) ;
#2042 = EDGE_LOOP ( 'NONE', ( #7916, #2665, #1956, #5203 ) ) ;
#2043 = APPLICATION_PROTOCOL_DEFINITION ( 'draft international standard', 'automotive_design', 1998, #8190 ) ;
#2044 = ORIENTED_EDGE ( 'NONE', *, *, #1575, .F. ) ;
#2045 = ORIENTED_EDGE ( 'NONE', *, *, #6705, .T. ) ;
#2046 = FILL_AREA_STYLE ('',( #2086 ) ) ;
#2047 = VECTOR ( 'NONE', #5876, 1000.000000000000227 ) ;
#2048 = SURFACE_SIDE_STYLE ('',( #2670 ) ) ;
#2049 = DIRECTION ( 'NONE',  ( 0.0000000000000000000, 0.0000000000000000000, -1.000000000000000000 ) ) ;
#2050 = DIRECTION ( 'NONE',  ( -0.0000000000000000000, 0.0000000000000000000, 1.000000000000000000 ) ) ;
#2051 = DIRECTION ( 'NONE',  ( 1.000000000000000000, -0.0000000000000000000, 0.0000000000000000000 ) ) ;
#2052 = AXIS2_PLACEMENT_3D ( 'NONE', #6568, #421, #3947 ) ;
#2053 = FILL_AREA_STYLE_COLOUR ( '', #133 ) ;
#2054 = ORIENTED_EDGE ( 'NONE', *, *, #3468, .T. ) ;
#2055 = AXIS2_PLACEMENT_3D ( 'NONE', #4447, #1051, #445 ) ;
#2056 = LINE ( 'NONE', #2186, #8483 ) ;
#2057 = CARTESIAN_POINT ( 'NONE',  ( 9.189999999999999503, 0.5000000000000000000, 0.0000000000000000000 ) ) ;
#2058 = FILL_AREA_STYLE ('',( #2098 ) ) ;
#2059 = ADVANCED_FACE ( 'NONE', ( #2791 ), #3334, .F. ) ;
#2060 = DIRECTION ( 'NONE',  ( 0.0000000000000000000, -0.0000000000000000000, -1.000000000000000000 ) ) ;
#2061 = DIRECTION ( 'NONE',  ( -0.0000000000000000000, -1.000000000000000000, -0.0000000000000000000 ) ) ;
#2062 = FILL_AREA_STYLE_COLOUR ( '', #5756 ) ;
#2063 = STYLED_ITEM ( 'NONE', ( #6106 ), #7321 ) ;
#2064 = ORIENTED_EDGE ( 'NONE', *, *, #7059, .T. ) ;
#2065 = DIRECTION ( 'NONE',  ( -0.0000000000000000000, 0.0000000000000000000, 1.000000000000000000 ) ) ;
#2066 = UNCERTAINTY_MEASURE_WITH_UNIT (LENGTH_MEASURE( 1.000000000000000082E-05 ), #3963, 'distance_accuracy_value', 'NONE');
#2067 = DIRECTION ( 'NONE',  ( 0.0000000000000000000, 0.7071067811865474617, 0.7071067811865474617 ) ) ;
#2068 = EDGE_CURVE ( 'NONE', #1648, #4910, #5518, .T. ) ;
#2069 = DIRECTION ( 'NONE',  ( -0.0000000000000000000, 0.0000000000000000000, 1.000000000000000000 ) ) ;
#2070 = EDGE_CURVE ( 'NONE', #2398, #1608, #2012, .T. ) ;
#2071 = LINE ( 'NONE', #4802, #5302 ) ;
#2072 = ORIENTED_EDGE ( 'NONE', *, *, #2304, .T. ) ;
#2073 = FACE_OUTER_BOUND ( 'NONE', #5814, .T. ) ;
#2074 = ORIENTED_EDGE ( 'NONE', *, *, #7667, .T. ) ;
#2075 = CARTESIAN_POINT ( 'NONE',  ( -4.035000000000000142, -2.750000000000000000, 0.0000000000000000000 ) ) ;
#2076 = UNCERTAINTY_MEASURE_WITH_UNIT (LENGTH_MEASURE( 1.000000000000000082E-05 ), #6453, 'distance_accuracy_value', 'NONE');
#2077 = EDGE_CURVE ( 'NONE', #294, #5377, #4660, .T. ) ;
#2078 = EDGE_CURVE ( 'NONE', #5699, #2737, #5477, .T. ) ;
#2079 = CARTESIAN_POINT ( 'NONE',  ( -6.049999999999999822, 0.5000000000000000000, 0.2000000000000000111 ) ) ;
#2080 = ORIENTED_EDGE ( 'NONE', *, *, #7822, .T. ) ;
#2081 = ORIENTED_EDGE ( 'NONE', *, *, #628, .T. ) ;
#2082 = ORIENTED_EDGE ( 'NONE', *, *, #6331, .F. ) ;
#2083 = VERTEX_POINT ( 'NONE', #107 ) ;
#2084 = CARTESIAN_POINT ( 'NONE',  ( 8.539999999999999147, 7.500000000000000000, -0.3499999999999999778 ) ) ;
#2085 = ORIENTED_EDGE ( 'NONE', *, *, #1545, .T. ) ;
#2086 = FILL_AREA_STYLE_COLOUR ( '', #7571 ) ;
#2087 = LINE ( 'NONE', #7112, #7599 ) ;
#2088 = EDGE_CURVE ( 'NONE', #7330, #1413, #27, .T. ) ;
#2089 = CARTESIAN_POINT ( 'NONE',  ( 6.700000000000000178, 0.9000000000000001332, -0.3499999999999999778 ) ) ;
#2090 = LINE ( 'NONE', #3366, #4096 ) ;
#2091 = DIRECTION ( 'NONE',  ( 0.0000000000000000000, 1.000000000000000000, 0.0000000000000000000 ) ) ;
#2092 = DIRECTION ( 'NONE',  ( -1.000000000000000000, 0.0000000000000000000, -0.0000000000000000000 ) ) ;
#2093 = LINE ( 'NONE', #5279, #2118 ) ;
#2094 = ORIENTED_EDGE ( 'NONE', *, *, #7216, .F. ) ;
#2095 = PRESENTATION_STYLE_ASSIGNMENT (( #2894 ) ) ;
#2096 = AXIS2_PLACEMENT_3D ( 'NONE', #189, #6933, #2918 ) ;
#2097 = LINE ( 'NONE', #4884, #5288 ) ;
#2098 = FILL_AREA_STYLE_COLOUR ( '', #1695 ) ;
#2099 = FACE_OUTER_BOUND ( 'NONE', #6490, .T. ) ;
#2100 = AXIS2_PLACEMENT_3D ( 'NONE', #4404, #8535, #3891 ) ;
#2101 = SURFACE_STYLE_USAGE ( .BOTH. , #6107 ) ;
#2102 = CARTESIAN_POINT ( 'NONE',  ( 3.960000000000003517, -3.000000000000000888, 0.2000000000000000389 ) ) ;
#2103 = ORIENTED_EDGE ( 'NONE', *, *, #2459, .T. ) ;
#2104 = ADVANCED_FACE ( 'NONE', ( #8104 ), #7390, .F. ) ;
#2105 = DIRECTION ( 'NONE',  ( 0.0000000000000000000, -0.0000000000000000000, -1.000000000000000000 ) ) ;
#2106 = COLOUR_RGB ( '',0.1568627450980392135, 0.1568627450980392135, 0.1568627450980392135 ) ;
#2107 = DIRECTION ( 'NONE',  ( 1.000000000000000000, -0.0000000000000000000, 0.0000000000000000000 ) ) ;
#2108 = VECTOR ( 'NONE', #622, 1000.000000000000000 ) ;
#2109 =( NAMED_UNIT ( * ) PLANE_ANGLE_UNIT ( ) SI_UNIT ( $, .RADIAN. ) );
#2110 = DIRECTION ( 'NONE',  ( 0.2873478855663468279, -0.9578262852211509859, 0.0000000000000000000 ) ) ;
#2111 = ORIENTED_EDGE ( 'NONE', *, *, #524, .F. ) ;
#2112 = DIRECTION ( 'NONE',  ( -0.0000000000000000000, -0.0000000000000000000, 1.000000000000000000 ) ) ;
#2113 = VECTOR ( 'NONE', #6334, 1000.000000000000000 ) ;
#2114 = COLOUR_RGB ( '',0.1568627450980392135, 0.1568627450980392135, 0.1568627450980392135 ) ;
#2115 = DIRECTION ( 'NONE',  ( 0.0000000000000000000, 1.000000000000000000, 0.0000000000000000000 ) ) ;
#2116 = ORIENTED_EDGE ( 'NONE', *, *, #1003, .F. ) ;
#2117 = EDGE_CURVE ( 'NONE', #5614, #2796, #1378, .T. ) ;
#2118 = VECTOR ( 'NONE', #2716, 1000.000000000000000 ) ;
#2119 = AXIS2_PLACEMENT_3D ( 'NONE', #2528, #6521, #1908 ) ;
#2120 = CARTESIAN_POINT ( 'NONE',  ( 5.599999999999999645, 7.500000000000000000, -0.7500000000000000000 ) ) ;
#2121 = PRESENTATION_STYLE_ASSIGNMENT (( #7377 ) ) ;
#2122 = SURFACE_STYLE_USAGE ( .BOTH. , #99 ) ;
#2123 = ORIENTED_EDGE ( 'NONE', *, *, #5433, .F. ) ;
#2124 = DIRECTION ( 'NONE',  ( 1.000000000000000000, -0.0000000000000000000, 0.0000000000000000000 ) ) ;
#2125 = SURFACE_STYLE_FILL_AREA ( #4186 ) ;
#2126 = EDGE_LOOP ( 'NONE', ( #8247, #6298, #8514, #4388 ) ) ;
#2127 = LINE ( 'NONE', #4817, #8180 ) ;
#2128 = AXIS2_PLACEMENT_3D ( 'NONE', #3732, #5008, #4332 ) ;
#2129 = ORIENTED_EDGE ( 'NONE', *, *, #4706, .F. ) ;
#2130 = EDGE_CURVE ( 'NONE', #370, #3579, #811, .T. ) ;
#2131 = ORIENTED_EDGE ( 'NONE', *, *, #5926, .F. ) ;
#2132 = AXIS2_PLACEMENT_3D ( 'NONE', #8553, #6571, #1911 ) ;
#2133 = PLANE ( 'NONE',  #6930 ) ;
#2134 = PLANE ( 'NONE',  #8073 ) ;
#2135 = LINE ( 'NONE', #7308, #2270 ) ;
#2136 = PLANE ( 'NONE',  #4824 ) ;
#2137 = LINE ( 'NONE', #7478, #3247 ) ;
#2138 = EDGE_CURVE ( 'NONE', #3182, #5350, #2135, .T. ) ;
#2139 = ORIENTED_EDGE ( 'NONE', *, *, #1788, .T. ) ;
#2140 = CARTESIAN_POINT ( 'NONE',  ( 0.9200000000000000400, 0.9000000000000001332, -0.3499999999999999778 ) ) ;
#2141 = DIRECTION ( 'NONE',  ( -1.000000000000000000, -0.0000000000000000000, -0.0000000000000000000 ) ) ;
#2142 = VECTOR ( 'NONE', #4244, 1000.000000000000000 ) ;
#2143 = PRESENTATION_STYLE_ASSIGNMENT (( #4840 ) ) ;
#2144 = DIRECTION ( 'NONE',  ( 1.000000000000000000, 0.0000000000000000000, -0.0000000000000000000 ) ) ;
#2145 = ORIENTED_EDGE ( 'NONE', *, *, #6698, .F. ) ;
#2146 = PRESENTATION_STYLE_ASSIGNMENT (( #8170 ) ) ;
#2147 = PRESENTATION_LAYER_ASSIGNMENT (  '', '', ( #6643 ) ) ;
#2148 = UNCERTAINTY_MEASURE_WITH_UNIT (LENGTH_MEASURE( 1.000000000000000082E-05 ), #4034, 'distance_accuracy_value', 'NONE');
#2149 = LINE ( 'NONE', #1439, #1461 ) ;
#2150 = LINE ( 'NONE', #5668, #7291 ) ;
#2151 = CARTESIAN_POINT ( 'NONE',  ( 3.310000000000000053, 0.5000000000000000000, -0.5000000000000000000 ) ) ;
#2152 = LINE ( 'NONE', #7008, #1117 ) ;
#2153 = ADVANCED_FACE ( 'NONE', ( #727 ), #5440, .T. ) ;
#2154 = SURFACE_STYLE_USAGE ( .BOTH. , #4722 ) ;
#2155 = VECTOR ( 'NONE', #6291, 1000.000000000000000 ) ;
#2156 = CARTESIAN_POINT ( 'NONE',  ( 3.960000000000007070, -3.000000000000002220, -0.2000000000000000944 ) ) ;
#2157 = EDGE_LOOP ( 'NONE', ( #4190, #2742, #2218, #3476 ) ) ;
#2158 =( GEOMETRIC_REPRESENTATION_CONTEXT ( 3 ) GLOBAL_UNCERTAINTY_ASSIGNED_CONTEXT ( ( #1101 ) ) GLOBAL_UNIT_ASSIGNED_CONTEXT ( ( #6209, #7508, #2296 ) ) REPRESENTATION_CONTEXT ( 'NONE', 'WORKASPACE' ) );
#2159 = UNCERTAINTY_MEASURE_WITH_UNIT (LENGTH_MEASURE( 1.000000000000000082E-05 ), #3346, 'distance_accuracy_value', 'NONE');
#2160 = LINE ( 'NONE', #6763, #5097 ) ;
#2161 = DIRECTION ( 'NONE',  ( 0.0000000000000000000, -0.0000000000000000000, 1.000000000000000000 ) ) ;
#2162 = ORIENTED_EDGE ( 'NONE', *, *, #7531, .T. ) ;
#2163 = CARTESIAN_POINT ( 'NONE',  ( 1.570000000000000062, 0.0000000000000000000, 0.0000000000000000000 ) ) ;
#2164 = EDGE_CURVE ( 'NONE', #8557, #5935, #1423, .T. ) ;
#2165 = LINE ( 'NONE', #3483, #5603 ) ;
#2166 = VERTEX_POINT ( 'NONE', #6774 ) ;
#2167 = PLANE ( 'NONE',  #184 ) ;
#2168 = VECTOR ( 'NONE', #4583, 1000.000000000000000 ) ;
#2169 =( GEOMETRIC_REPRESENTATION_CONTEXT ( 3 ) GLOBAL_UNCERTAINTY_ASSIGNED_CONTEXT ( ( #1807 ) ) GLOBAL_UNIT_ASSIGNED_CONTEXT ( ( #7016, #5077, #1723 ) ) REPRESENTATION_CONTEXT ( 'NONE', 'WORKASPACE' ) );
#2170 = ORIENTED_EDGE ( 'NONE', *, *, #5606, .F. ) ;
#2171 = ORIENTED_EDGE ( 'NONE', *, *, #7822, .F. ) ;
#2172 = DIRECTION ( 'NONE',  ( -0.0000000000000000000, 0.0000000000000000000, 1.000000000000000000 ) ) ;
#2173 = ORIENTED_EDGE ( 'NONE', *, *, #513, .T. ) ;
#2174 = FACE_OUTER_BOUND ( 'NONE', #1958, .T. ) ;
#2175 = VECTOR ( 'NONE', #8625, 1000.000000000000000 ) ;
#2176 = VECTOR ( 'NONE', #7232, 1000.000000000000000 ) ;
#2177 =( LENGTH_UNIT ( ) NAMED_UNIT ( * ) SI_UNIT ( .MILLI., .METRE. ) );
#2178 = EDGE_CURVE ( 'NONE', #4953, #461, #3455, .T. ) ;
#2179 = EDGE_CURVE ( 'NONE', #5657, #6641, #940, .T. ) ;
#2180 = ORIENTED_EDGE ( 'NONE', *, *, #1584, .F. ) ;
#2181 = CARTESIAN_POINT ( 'NONE',  ( -7.075000000000000178, 0.5000000000000000000, -0.7500000000000000000 ) ) ;
#2182 = MECHANICAL_DESIGN_GEOMETRIC_PRESENTATION_REPRESENTATION (  '', ( #4587 ), #7076 ) ;
#2183 = VECTOR ( 'NONE', #1603, 1000.000000000000000 ) ;
#2184 = ORIENTED_EDGE ( 'NONE', *, *, #2360, .F. ) ;
#2185 = ORIENTED_EDGE ( 'NONE', *, *, #3174, .F. ) ;
#2186 = CARTESIAN_POINT ( 'NONE',  ( 6.650000000000000355, 0.5000000000000000000, 0.0000000000000000000 ) ) ;
#2187 = VECTOR ( 'NONE', #3853, 1000.000000000000000 ) ;
#2188 = DIRECTION ( 'NONE',  ( -0.0000000000000000000, -0.0000000000000000000, 1.000000000000000000 ) ) ;
#2189 = PLANE ( 'NONE',  #7164 ) ;
#2190 = VECTOR ( 'NONE', #5599, 1000.000000000000000 ) ;
#2191 = EDGE_CURVE ( 'NONE', #6019, #5843, #6946, .T. ) ;
#2192 = FACE_OUTER_BOUND ( 'NONE', #5630, .T. ) ;
#2193 = LINE ( 'NONE', #6283, #4789 ) ;
#2194 = ORIENTED_EDGE ( 'NONE', *, *, #4041, .F. ) ;
#2195 = LINE ( 'NONE', #7629, #1555 ) ;
#2196 = LINE ( 'NONE', #4847, #2738 ) ;
#2197 = LINE ( 'NONE', #2235, #6682 ) ;
#2198 = SURFACE_STYLE_FILL_AREA ( #2858 ) ;
#2199 = AXIS2_PLACEMENT_3D ( 'NONE', #8344, #7810, #2423 ) ;
#2200 =( NAMED_UNIT ( * ) SI_UNIT ( $, .STERADIAN. ) SOLID_ANGLE_UNIT ( ) );
#2201 =( NAMED_UNIT ( * ) SI_UNIT ( $, .STERADIAN. ) SOLID_ANGLE_UNIT ( ) );
#2202 = ORIENTED_EDGE ( 'NONE', *, *, #2759, .F. ) ;
#2203 = DIRECTION ( 'NONE',  ( -0.2873478855663457177, -0.9578262852211512079, 0.0000000000000000000 ) ) ;
#2204 = DIRECTION ( 'NONE',  ( 0.0000000000000000000, 0.0000000000000000000, -1.000000000000000000 ) ) ;
#2205 = DIRECTION ( 'NONE',  ( 0.0000000000000000000, -0.0000000000000000000, -1.000000000000000000 ) ) ;
#2206 = DIRECTION ( 'NONE',  ( 0.5773502691896261751, -0.5773502691896268413, -0.5773502691896241767 ) ) ;
#2207 = ORIENTED_EDGE ( 'NONE', *, *, #8301, .F. ) ;
#2208 = PLANE ( 'NONE',  #8638 ) ;
#2209 = LINE ( 'NONE', #4901, #1521 ) ;
#2210 = ORIENTED_EDGE ( 'NONE', *, *, #476, .F. ) ;
#2211 = EDGE_LOOP ( 'NONE', ( #5859, #6085, #4091, #688 ) ) ;
#2212 = ORIENTED_EDGE ( 'NONE', *, *, #7932, .F. ) ;
#2213 = ADVANCED_FACE ( 'NONE', ( #4909 ), #7701, .F. ) ;
#2214 = PLANE ( 'NONE',  #7357 ) ;
#2215 = ORIENTED_EDGE ( 'NONE', *, *, #1086, .F. ) ;
#2216 = PLANE ( 'NONE',  #6798 ) ;
#2217 = DIRECTION ( 'NONE',  ( 0.0000000000000000000, 1.000000000000000000, 0.0000000000000000000 ) ) ;
#2218 = ORIENTED_EDGE ( 'NONE', *, *, #35, .F. ) ;
#2219 = LINE ( 'NONE', #2792, #4115 ) ;
#2220 = ORIENTED_EDGE ( 'NONE', *, *, #6166, .T. ) ;
#2221 = EDGE_CURVE ( 'NONE', #5728, #1402, #5651, .T. ) ;
#2222 = PLANE ( 'NONE',  #496 ) ;
#2223 = DIRECTION ( 'NONE',  ( 0.5773502691896242878, -0.5773502691896268413, 0.5773502691896261751 ) ) ;
#2224 = FACE_BOUND ( 'NONE', #1581, .T. ) ;
#2225 = CARTESIAN_POINT ( 'NONE',  ( 6.850000000000000533, 7.500000000000000000, -0.5000000000000000000 ) ) ;
#2226 = DIRECTION ( 'NONE',  ( 0.0000000000000000000, -0.0000000000000000000, -1.000000000000000000 ) ) ;
#2227 = ORIENTED_EDGE ( 'NONE', *, *, #5740, .F. ) ;
#2228 = EDGE_CURVE ( 'NONE', #6934, #5489, #6898, .T. ) ;
#2229 = CARTESIAN_POINT ( 'NONE',  ( -3.310000000000000053, 7.500000000000000000, 0.0000000000000000000 ) ) ;
#2230 = VECTOR ( 'NONE', #4693, 1000.000000000000000 ) ;
#2231 = ADVANCED_FACE ( 'NONE', ( #2930 ), #1683, .T. ) ;
#2232 = VECTOR ( 'NONE', #4983, 1000.000000000000000 ) ;
#2233 = CARTESIAN_POINT ( 'NONE',  ( -6.049999999999999822, -2.500000000000000000, -0.2000000000000000111 ) ) ;
#2234 = LINE ( 'NONE', #3605, #5903 ) ;
#2235 = CARTESIAN_POINT ( 'NONE',  ( 3.060000000000000053, 0.5000000000000000000, -0.7500000000000000000 ) ) ;
#2236 = DIRECTION ( 'NONE',  ( 0.0000000000000000000, 0.0000000000000000000, -1.000000000000000000 ) ) ;
#2237 = CARTESIAN_POINT ( 'NONE',  ( 0.5450000000000000400, 0.5000000000000000000, 0.7500000000000000000 ) ) ;
#2238 = VECTOR ( 'NONE', #1937, 1000.000000000000114 ) ;
#2239 = CARTESIAN_POINT ( 'NONE',  ( 3.459999999999999964, 0.9000000000000001332, 0.3499999999999999778 ) ) ;
#2240 = VERTEX_POINT ( 'NONE', #7660 ) ;
#2241 = ADVANCED_FACE ( 'NONE', ( #3682 ), #4382, .T. ) ;
#2242 = UNCERTAINTY_MEASURE_WITH_UNIT (LENGTH_MEASURE( 1.000000000000000082E-05 ), #3308, 'distance_accuracy_value', 'NONE');
#2243 = PRESENTATION_LAYER_ASSIGNMENT (  '', '', ( #7996 ) ) ;
#2244 = SURFACE_STYLE_FILL_AREA ( #2914 ) ;
#2245 = FILL_AREA_STYLE_COLOUR ( '', #1341 ) ;
#2246 = VECTOR ( 'NONE', #6089, 1000.000000000000000 ) ;
#2247 = ORIENTED_EDGE ( 'NONE', *, *, #6950, .T. ) ;
#2248 = FACE_OUTER_BOUND ( 'NONE', #1196, .T. ) ;
#2249 = CARTESIAN_POINT ( 'NONE',  ( 9.240000000000000213, 7.500000000000000000, -0.3499999999999999778 ) ) ;
#2250 = ORIENTED_EDGE ( 'NONE', *, *, #2938, .F. ) ;
#2251 = CARTESIAN_POINT ( 'NONE',  ( -10.41000000000000014, 0.5000000000000000000, 0.7500000000000000000 ) ) ;
#2252 = MECHANICAL_DESIGN_GEOMETRIC_PRESENTATION_REPRESENTATION (  '', ( #2547 ), #3111 ) ;
#2253 = VERTEX_POINT ( 'NONE', #3278 ) ;
#2254 =( NAMED_UNIT ( * ) PLANE_ANGLE_UNIT ( ) SI_UNIT ( $, .RADIAN. ) );
#2255 = ORIENTED_EDGE ( 'NONE', *, *, #7260, .F. ) ;
#2256 = CARTESIAN_POINT ( 'NONE',  ( 3.660000000000000142, -3.000000000000000000, -0.2000000000000000111 ) ) ;
#2257 = DIRECTION ( 'NONE',  ( 0.7071067811865475727, 0.7071067811865475727, 0.0000000000000000000 ) ) ;
#2258 = CARTESIAN_POINT ( 'NONE',  ( -10.41000000000000014, 7.500000000000000000, 0.7500000000000000000 ) ) ;
#2259 = ORIENTED_EDGE ( 'NONE', *, *, #3005, .T. ) ;
#2260 = CARTESIAN_POINT ( 'NONE',  ( -0.5199999999999995737, 0.5000000000000000000, -0.7500000000000000000 ) ) ;
#2261 = SURFACE_SIDE_STYLE ('',( #4874 ) ) ;
#2262 = STYLED_ITEM ( 'NONE', ( #4124 ), #1684 ) ;
#2263 = AXIS2_PLACEMENT_3D ( 'NONE', #4486, #5711, #1136 ) ;
#2264 = VERTEX_POINT ( 'NONE', #3110 ) ;
#2265 =( LENGTH_UNIT ( ) NAMED_UNIT ( * ) SI_UNIT ( .MILLI., .METRE. ) );
#2266 = CARTESIAN_POINT ( 'NONE',  ( -1.995000000000000329, 7.500000000000000000, -0.7500000000000000000 ) ) ;
#2267 = EDGE_CURVE ( 'NONE', #6982, #5129, #5137, .T. ) ;
#2268 = VERTEX_POINT ( 'NONE', #516 ) ;
#2269 = ORIENTED_EDGE ( 'NONE', *, *, #4297, .T. ) ;
#2270 = VECTOR ( 'NONE', #4827, 1000.000000000000000 ) ;
#2271 = AXIS2_PLACEMENT_3D ( 'NONE', #809, #5881, #6138 ) ;
#2272 = LINE ( 'NONE', #3692, #6910 ) ;
#2273 = LINE ( 'NONE', #2421, #6246 ) ;
#2274 = DIRECTION ( 'NONE',  ( 1.000000000000000000, -0.0000000000000000000, 0.0000000000000000000 ) ) ;
#2275 = CARTESIAN_POINT ( 'NONE',  ( -1.420000000000003704, -3.000000000000000888, 0.2000000000000000389 ) ) ;
#2276 = DIRECTION ( 'NONE',  ( 0.0000000000000000000, 0.0000000000000000000, -1.000000000000000000 ) ) ;
#2277 = FACE_OUTER_BOUND ( 'NONE', #4149, .T. ) ;
#2278 = PLANE ( 'NONE',  #3814 ) ;
#2279 = EDGE_CURVE ( 'NONE', #8690, #6082, #8603, .T. ) ;
#2280 = MECHANICAL_DESIGN_GEOMETRIC_PRESENTATION_REPRESENTATION (  '', ( #5791 ), #6494 ) ;
#2281 = VERTEX_POINT ( 'NONE', #472 ) ;
#2282 = CARTESIAN_POINT ( 'NONE',  ( -9.040000000000002700, -3.000000000000001332, -0.2000000000000000389 ) ) ;
#2283 = CARTESIAN_POINT ( 'NONE',  ( -7.000000000000000000, 8.349999999999999645, 0.0000000000000000000 ) ) ;
#2284 =( GEOMETRIC_REPRESENTATION_CONTEXT ( 3 ) GLOBAL_UNCERTAINTY_ASSIGNED_CONTEXT ( ( #7593 ) ) GLOBAL_UNIT_ASSIGNED_CONTEXT ( ( #2534, #5707, #1794 ) ) REPRESENTATION_CONTEXT ( 'NONE', 'WORKASPACE' ) );
#2285 = LINE ( 'NONE', #4979, #77 ) ;
#2286 = CARTESIAN_POINT ( 'NONE',  ( -8.539999999999999147, 7.500000000000000000, 0.3500000000000000333 ) ) ;
#2287 = LINE ( 'NONE', #4935, #5992 ) ;
#2288 = DIRECTION ( 'NONE',  ( 1.000000000000000000, -0.0000000000000000000, 0.0000000000000000000 ) ) ;
#2289 = FACE_OUTER_BOUND ( 'NONE', #7600, .T. ) ;
#2290 = ADVANCED_FACE ( 'NONE', ( #1823 ), #4472, .T. ) ;
#2291 = ADVANCED_FACE ( 'NONE', ( #1870 ), #7081, .F. ) ;
#2292 = DIRECTION ( 'NONE',  ( 0.0000000000000000000, -0.0000000000000000000, -1.000000000000000000 ) ) ;
#2293 = VECTOR ( 'NONE', #2092, 1000.000000000000000 ) ;
#2294 = ORIENTED_EDGE ( 'NONE', *, *, #1448, .F. ) ;
#2295 = SURFACE_SIDE_STYLE ('',( #366 ) ) ;
#2296 =( NAMED_UNIT ( * ) SI_UNIT ( $, .STERADIAN. ) SOLID_ANGLE_UNIT ( ) );
#2297 = VECTOR ( 'NONE', #6133, 1000.000000000000000 ) ;
#2298 = LINE ( 'NONE', #926, #2428 ) ;
#2299 = CARTESIAN_POINT ( 'NONE',  ( 0.9699999999999999734, 0.5000000000000000000, -0.1999999999999999833 ) ) ;
#2300 = ORIENTED_EDGE ( 'NONE', *, *, #6627, .F. ) ;
#2301 = PRESENTATION_STYLE_ASSIGNMENT (( #4321 ) ) ;
#2302 = SURFACE_SIDE_STYLE ('',( #4947 ) ) ;
#2303 = ORIENTED_EDGE ( 'NONE', *, *, #7601, .F. ) ;
#2304 = EDGE_CURVE ( 'NONE', #2786, #2648, #5824, .T. ) ;
#2305 = PRESENTATION_STYLE_ASSIGNMENT (( #2443 ) ) ;
#2306 = EDGE_LOOP ( 'NONE', ( #5709, #4357, #6214, #280 ) ) ;
#2307 = VECTOR ( 'NONE', #7636, 1000.000000000000000 ) ;
#2308 = CARTESIAN_POINT ( 'NONE',  ( -4.160000000000000142, 7.500000000000000000, 0.3500000000000000333 ) ) ;
#2309 = ORIENTED_EDGE ( 'NONE', *, *, #4497, .F. ) ;
#2310 = LINE ( 'NONE', #3678, #3517 ) ;
#2311 = DIRECTION ( 'NONE',  ( -0.0000000000000000000, -1.000000000000000000, -0.0000000000000000000 ) ) ;
#2312 = ORIENTED_EDGE ( 'NONE', *, *, #6627, .T. ) ;
#2313 = LINE ( 'NONE', #1682, #8215 ) ;
#2314 = DIRECTION ( 'NONE',  ( 0.0000000000000000000, 0.0000000000000000000, -1.000000000000000000 ) ) ;
#2315 = VECTOR ( 'NONE', #6536, 1000.000000000000000 ) ;
#2316 = ORIENTED_EDGE ( 'NONE', *, *, #252, .F. ) ;
#2317 = EDGE_CURVE ( 'NONE', #7887, #353, #1166, .T. ) ;
#2318 =( NAMED_UNIT ( * ) SI_UNIT ( $, .STERADIAN. ) SOLID_ANGLE_UNIT ( ) );
#2319 = SURFACE_SIDE_STYLE ('',( #7569 ) ) ;
#2320 = VERTEX_POINT ( 'NONE', #7798 ) ;
#2321 = ORIENTED_EDGE ( 'NONE', *, *, #6634, .T. ) ;
#2322 = STYLED_ITEM ( 'NONE', ( #2301 ), #5770 ) ;
#2323 = COLOUR_RGB ( '',0.1568627450980392135, 0.1568627450980392135, 0.1568627450980392135 ) ;
#2324 = FACE_OUTER_BOUND ( 'NONE', #7019, .T. ) ;
#2325 = CARTESIAN_POINT ( 'NONE',  ( -4.109999999999994102, -2.499999999999997780, -0.2000000000000000944 ) ) ;
#2326 = CARTESIAN_POINT ( 'NONE',  ( -1.769999999999999796, 8.199999999999999289, -0.5000000000000000000 ) ) ;
#2327 = LINE ( 'NONE', #6955, #8444 ) ;
#2328 = DIRECTION ( 'NONE',  ( -1.000000000000000000, -0.0000000000000000000, 0.0000000000000000000 ) ) ;
#2329 = DIRECTION ( 'NONE',  ( -1.000000000000000000, -0.0000000000000000000, -0.0000000000000000000 ) ) ;
#2330 = VECTOR ( 'NONE', #211, 1000.000000000000000 ) ;
#2331 = DIRECTION ( 'NONE',  ( 0.0000000000000000000, 0.0000000000000000000, -1.000000000000000000 ) ) ;
#2332 = STYLED_ITEM ( 'NONE', ( #3636 ), #5188 ) ;
#2333 = VERTEX_POINT ( 'NONE', #1244 ) ;
#2334 = CARTESIAN_POINT ( 'NONE',  ( -7.075000000000000178, 7.500000000000000000, 0.0000000000000000000 ) ) ;
#2335 = VECTOR ( 'NONE', #4700, 1000.000000000000000 ) ;
#2336 = VECTOR ( 'NONE', #1464, 1000.000000000000000 ) ;
#2337 = EDGE_CURVE ( 'NONE', #2370, #2648, #7125, .T. ) ;
#2338 = LINE ( 'NONE', #4050, #3888 ) ;
#2339 = CARTESIAN_POINT ( 'NONE',  ( -1.270000000000000018, 8.199999999999999289, -0.4999999999999993339 ) ) ;
#2340 = LINE ( 'NONE', #3048, #6723 ) ;
#2341 = DIRECTION ( 'NONE',  ( 1.000000000000000000, 0.0000000000000000000, 0.0000000000000000000 ) ) ;
#2342 = AXIS2_PLACEMENT_3D ( 'NONE', #1208, #1163, #3865 ) ;
#2343 = ORIENTED_EDGE ( 'NONE', *, *, #4607, .F. ) ;
#2344 = LINE ( 'NONE', #4941, #297 ) ;
#2345 = EDGE_CURVE ( 'NONE', #3341, #3571, #7925, .T. ) ;
#2346 = UNCERTAINTY_MEASURE_WITH_UNIT (LENGTH_MEASURE( 1.000000000000000082E-05 ), #3599, 'distance_accuracy_value', 'NONE');
#2347 = ADVANCED_FACE ( 'NONE', ( #7213 ), #7752, .T. ) ;
#2348 = VECTOR ( 'NONE', #4057, 1000.000000000000000 ) ;
#2349 = CARTESIAN_POINT ( 'NONE',  ( -1.570000000000000062, 0.5000000000000000000, 0.2000000000000000111 ) ) ;
#2350 = CARTESIAN_POINT ( 'NONE',  ( 0.4699999999999993627, 8.500000000000000000, 0.8000000000000004885 ) ) ;
#2351 = ORIENTED_EDGE ( 'NONE', *, *, #3162, .T. ) ;
#2352 = LINE ( 'NONE', #3666, #1455 ) ;
#2353 = PLANE ( 'NONE',  #1386 ) ;
#2354 = ORIENTED_EDGE ( 'NONE', *, *, #4100, .T. ) ;
#2355 = CARTESIAN_POINT ( 'NONE',  ( 3.459999999999999964, 0.9000000000000001332, -0.3499999999999999778 ) ) ;
#2356 = AXIS2_PLACEMENT_3D ( 'NONE', #7673, #1655, #1040 ) ;
#2357 = ORIENTED_EDGE ( 'NONE', *, *, #8698, .F. ) ;
#2358 =( NAMED_UNIT ( * ) PLANE_ANGLE_UNIT ( ) SI_UNIT ( $, .RADIAN. ) );
#2359 = EDGE_CURVE ( 'NONE', #5719, #257, #5312, .T. ) ;
#2360 = EDGE_CURVE ( 'NONE', #921, #390, #5957, .T. ) ;
#2361 = FACE_OUTER_BOUND ( 'NONE', #7318, .T. ) ;
#2362 = DIRECTION ( 'NONE',  ( -1.000000000000000000, -0.0000000000000000000, 0.0000000000000000000 ) ) ;
#2363 = ORIENTED_EDGE ( 'NONE', *, *, #8109, .F. ) ;
#2364 = CARTESIAN_POINT ( 'NONE',  ( 1.769999999999999352, 8.199999999999999289, 0.0000000000000000000 ) ) ;
#2365 = APPLICATION_CONTEXT ( 'automotive_design' ) ;
#2366 = ORIENTED_EDGE ( 'NONE', *, *, #7414, .F. ) ;
#2367 = DIRECTION ( 'NONE',  ( -1.000000000000000000, 0.0000000000000000000, -0.0000000000000000000 ) ) ;
#2368 = FILL_AREA_STYLE ('',( #4335 ) ) ;
#2369 = ORIENTED_EDGE ( 'NONE', *, *, #4677, .F. ) ;
#2370 = VERTEX_POINT ( 'NONE', #1226 ) ;
#2371 = EDGE_CURVE ( 'NONE', #3292, #1054, #2644, .T. ) ;
#2372 = CARTESIAN_POINT ( 'NONE',  ( 8.164999999999999147, 0.5000000000000000000, 0.7500000000000000000 ) ) ;
#2373 = SURFACE_STYLE_FILL_AREA ( #3693 ) ;
#2374 = SURFACE_STYLE_FILL_AREA ( #4302 ) ;
#2375 = CARTESIAN_POINT ( 'NONE',  ( 0.5450000000000003730, 0.5000000000000000000, -0.7500000000000000000 ) ) ;
#2376 = SURFACE_STYLE_FILL_AREA ( #1179 ) ;
#2377 = CARTESIAN_POINT ( 'NONE',  ( -0.4699999999999993627, 8.500000000000000000, 0.8000000000000005995 ) ) ;
#2378 = DIRECTION ( 'NONE',  ( 0.0000000000000000000, 1.000000000000000000, 0.0000000000000000000 ) ) ;
#2379 = ORIENTED_EDGE ( 'NONE', *, *, #7401, .T. ) ;
#2380 =( LENGTH_UNIT ( ) NAMED_UNIT ( * ) SI_UNIT ( .MILLI., .METRE. ) );
#2381 = FACE_OUTER_BOUND ( 'NONE', #6721, .T. ) ;
#2382 = DIRECTION ( 'NONE',  ( 0.0000000000000000000, 0.0000000000000000000, -1.000000000000000000 ) ) ;
#2383 = DIRECTION ( 'NONE',  ( 1.000000000000000000, 0.0000000000000000000, -0.0000000000000000000 ) ) ;
#2384 = PLANE ( 'NONE',  #8090 ) ;
#2385 = DIRECTION ( 'NONE',  ( 0.0000000000000000000, 0.0000000000000000000, -1.000000000000000000 ) ) ;
#2386 =( NAMED_UNIT ( * ) SI_UNIT ( $, .STERADIAN. ) SOLID_ANGLE_UNIT ( ) );
#2387 = EDGE_CURVE ( 'NONE', #5489, #8557, #1061, .T. ) ;
#2388 = VECTOR ( 'NONE', #6432, 1000.000000000000000 ) ;
#2389 = CARTESIAN_POINT ( 'NONE',  ( 6.575000000000000178, -2.750000000000000000, 0.0000000000000000000 ) ) ;
#2390 = DIRECTION ( 'NONE',  ( 1.000000000000000000, -0.0000000000000000000, 0.0000000000000000000 ) ) ;
#2391 =( LENGTH_UNIT ( ) NAMED_UNIT ( * ) SI_UNIT ( .MILLI., .METRE. ) );
#2392 = PRESENTATION_LAYER_ASSIGNMENT (  '', '', ( #6169 ) ) ;
#2393 = CARTESIAN_POINT ( 'NONE',  ( -9.240000000000000213, 7.500000000000000000, 0.3499999999999999778 ) ) ;
#2394 =( LENGTH_UNIT ( ) NAMED_UNIT ( * ) SI_UNIT ( .MILLI., .METRE. ) );
#2395 = ORIENTED_EDGE ( 'NONE', *, *, #4971, .F. ) ;
#2396 = LINE ( 'NONE', #6299, #3730 ) ;
#2397 = LINE ( 'NONE', #8319, #418 ) ;
#2398 = VERTEX_POINT ( 'NONE', #8449 ) ;
#2399 = CARTESIAN_POINT ( 'NONE',  ( -0.7700000000000000178, 7.500000000000000000, -0.5000000000000000000 ) ) ;
#2400 = ADVANCED_FACE ( 'NONE', ( #1724 ), #3093, .F. ) ;
#2401 = ORIENTED_EDGE ( 'NONE', *, *, #1620, .T. ) ;
#2402 = CARTESIAN_POINT ( 'NONE',  ( -8.589999999999999858, 0.5000000000000000000, 0.2000000000000000111 ) ) ;
#2403 = PRESENTATION_LAYER_ASSIGNMENT (  '', '', ( #8141 ) ) ;
#2404 = LINE ( 'NONE', #2256, #8276 ) ;
#2405 =( GEOMETRIC_REPRESENTATION_CONTEXT ( 3 ) GLOBAL_UNCERTAINTY_ASSIGNED_CONTEXT ( ( #4247 ) ) GLOBAL_UNIT_ASSIGNED_CONTEXT ( ( #1776, #8004, #8047 ) ) REPRESENTATION_CONTEXT ( 'NONE', 'WORKASPACE' ) );
#2406 = FACE_OUTER_BOUND ( 'NONE', #785, .T. ) ;
#2407 = ORIENTED_EDGE ( 'NONE', *, *, #204, .F. ) ;
#2408 = CARTESIAN_POINT ( 'NONE',  ( 8.589999999999999858, 0.5000000000000000000, 0.7500000000000000000 ) ) ;
#2409 = PRESENTATION_LAYER_ASSIGNMENT (  '', '', ( #4371 ) ) ;
#2410 = EDGE_LOOP ( 'NONE', ( #6899, #941, #8677, #7267 ) ) ;
#2411 = SURFACE_STYLE_FILL_AREA ( #6988 ) ;
#2412 = EDGE_CURVE ( 'NONE', #5501, #342, #5765, .T. ) ;
#2413 = EDGE_CURVE ( 'NONE', #2485, #8505, #5079, .T. ) ;
#2414 = VECTOR ( 'NONE', #4808, 1000.000000000000000 ) ;
#2415 = ORIENTED_EDGE ( 'NONE', *, *, #3217, .F. ) ;
#2416 = CARTESIAN_POINT ( 'NONE',  ( -3.084999999999999964, 0.5000000000000000000, -0.7500000000000000000 ) ) ;
#2417 = EDGE_LOOP ( 'NONE', ( #5332, #3298, #6882, #2082 ) ) ;
#2418 = VECTOR ( 'NONE', #261, 1000.000000000000000 ) ;
#2419 = CARTESIAN_POINT ( 'NONE',  ( 3.084999999999999964, 0.5000000000000000000, 0.7500000000000000000 ) ) ;
#2420 = COLOUR_RGB ( '',0.1568627450980392135, 0.1568627450980392135, 0.1568627450980392135 ) ;
#2421 = CARTESIAN_POINT ( 'NONE',  ( -7.075000000000000178, 0.5000000000000000000, 0.7500000000000000000 ) ) ;
#2422 = DIRECTION ( 'NONE',  ( -0.0000000000000000000, -0.0000000000000000000, 1.000000000000000000 ) ) ;
#2423 = DIRECTION ( 'NONE',  ( 0.0000000000000000000, -0.0000000000000000000, -1.000000000000000000 ) ) ;
#2424 = CARTESIAN_POINT ( 'NONE',  ( -7.075000000000000178, 7.500000000000000000, -0.7500000000000000000 ) ) ;
#2425 = EDGE_CURVE ( 'NONE', #3182, #4604, #1667, .T. ) ;
#2426 = ORIENTED_EDGE ( 'NONE', *, *, #7152, .F. ) ;
#2427 = AXIS2_PLACEMENT_3D ( 'NONE', #3241, #4528, #5322 ) ;
#2428 = VECTOR ( 'NONE', #5635, 1000.000000000000000 ) ;
#2429 = DIRECTION ( 'NONE',  ( 0.0000000000000000000, 0.0000000000000000000, -1.000000000000000000 ) ) ;
#2430 = CARTESIAN_POINT ( 'NONE',  ( 9.240000000000000213, 7.500000000000000000, 0.0000000000000000000 ) ) ;
#2431 = SURFACE_STYLE_FILL_AREA ( #8441 ) ;
#2432 = SURFACE_STYLE_USAGE ( .BOTH. , #6423 ) ;
#2433 = CARTESIAN_POINT ( 'NONE',  ( 1.569999999999996509, -2.499999999999998668, -0.2000000000000000389 ) ) ;
#2434 = ORIENTED_EDGE ( 'NONE', *, *, #3330, .T. ) ;
#2435 = ORIENTED_EDGE ( 'NONE', *, *, #4392, .T. ) ;
#2436 = SURFACE_SIDE_STYLE ('',( #2561 ) ) ;
#2437 = VECTOR ( 'NONE', #5576, 1000.000000000000000 ) ;
#2438 = DIRECTION ( 'NONE',  ( 0.0000000000000000000, 0.0000000000000000000, -1.000000000000000000 ) ) ;
#2439 = CARTESIAN_POINT ( 'NONE',  ( 5.850000000000000533, 7.500000000000000000, -0.5000000000000000000 ) ) ;
#2440 = ORIENTED_EDGE ( 'NONE', *, *, #5512, .T. ) ;
#2441 = VECTOR ( 'NONE', #4695, 1000.000000000000114 ) ;
#2442 = ORIENTED_EDGE ( 'NONE', *, *, #2078, .T. ) ;
#2443 = SURFACE_STYLE_USAGE ( .BOTH. , #6886 ) ;
#2444 = ORIENTED_EDGE ( 'NONE', *, *, #2178, .T. ) ;
#2445 = DIRECTION ( 'NONE',  ( 1.000000000000000000, -0.0000000000000000000, 0.0000000000000000000 ) ) ;
#2446 = PLANE ( 'NONE',  #6735 ) ;
#2447 = COLOUR_RGB ( '',0.1568627450980392135, 0.1568627450980392135, 0.1568627450980392135 ) ;
#2448 = EDGE_CURVE ( 'NONE', #2783, #5216, #1932, .T. ) ;
#2449 = FACE_OUTER_BOUND ( 'NONE', #4279, .T. ) ;
#2450 = LINE ( 'NONE', #3227, #4594 ) ;
#2451 = ORIENTED_EDGE ( 'NONE', *, *, #5663, .F. ) ;
#2452 = PLANE ( 'NONE',  #5135 ) ;
#2453 = VERTEX_POINT ( 'NONE', #4672 ) ;
#2454 =( NAMED_UNIT ( * ) PLANE_ANGLE_UNIT ( ) SI_UNIT ( $, .RADIAN. ) );
#2455 =( GEOMETRIC_REPRESENTATION_CONTEXT ( 3 ) GLOBAL_UNCERTAINTY_ASSIGNED_CONTEXT ( ( #408 ) ) GLOBAL_UNIT_ASSIGNED_CONTEXT ( ( #2861, #226, #2201 ) ) REPRESENTATION_CONTEXT ( 'NONE', 'WORKASPACE' ) );
#2456 = ORIENTED_EDGE ( 'NONE', *, *, #4806, .F. ) ;
#2457 = CARTESIAN_POINT ( 'NONE',  ( 6.049999999999999822, 0.0000000000000000000, 0.2000000000000000111 ) ) ;
#2458 = EDGE_LOOP ( 'NONE', ( #3689, #339, #6673, #7984 ) ) ;
#2459 = EDGE_CURVE ( 'NONE', #1118, #1361, #5977, .T. ) ;
#2460 =( NAMED_UNIT ( * ) SI_UNIT ( $, .STERADIAN. ) SOLID_ANGLE_UNIT ( ) );
#2461 = EDGE_CURVE ( 'NONE', #5675, #6407, #7315, .T. ) ;
#2462 = FILL_AREA_STYLE_COLOUR ( '', #5280 ) ;
#2463 = SURFACE_STYLE_USAGE ( .BOTH. , #6280 ) ;
#2464 = CARTESIAN_POINT ( 'NONE',  ( -8.140000000000000568, 0.0000000000000000000, 0.0000000000000000000 ) ) ;
#2465 = CARTESIAN_POINT ( 'NONE',  ( -9.389999999999998792, 8.199999999999999289, 0.0000000000000000000 ) ) ;
#2466 = LINE ( 'NONE', #1041, #8578 ) ;
#2467 = ORIENTED_EDGE ( 'NONE', *, *, #2359, .T. ) ;
#2468 = PLANE ( 'NONE',  #1415 ) ;
#2469 = SURFACE_STYLE_USAGE ( .BOTH. , #8484 ) ;
#2470 = ADVANCED_FACE ( 'NONE', ( #4624 ), #3717, .F. ) ;
#2471 = VECTOR ( 'NONE', #5368, 1000.000000000000000 ) ;
#2472 = VECTOR ( 'NONE', #2223, 1000.000000000000000 ) ;
#2473 = PLANE ( 'NONE',  #3053 ) ;
#2474 = SURFACE_STYLE_USAGE ( .BOTH. , #1142 ) ;
#2475 = LINE ( 'NONE', #5244, #5608 ) ;
#2476 = VERTEX_POINT ( 'NONE', #572 ) ;
#2477 = VECTOR ( 'NONE', #5005, 1000.000000000000000 ) ;
#2478 = ORIENTED_EDGE ( 'NONE', *, *, #4174, .F. ) ;
#2479 = EDGE_CURVE ( 'NONE', #764, #2824, #3252, .T. ) ;
#2480 = CARTESIAN_POINT ( 'NONE',  ( 3.509999999999999787, -3.000000000000000000, -0.2000000000000000111 ) ) ;
#2481 = DIRECTION ( 'NONE',  ( 1.000000000000000000, -0.0000000000000000000, 0.0000000000000000000 ) ) ;
#2482 = EDGE_LOOP ( 'NONE', ( #554, #8699, #8420, #1681 ) ) ;
#2483 = AXIS2_PLACEMENT_3D ( 'NONE', #4421, #6612, #8600 ) ;
#2484 = CARTESIAN_POINT ( 'NONE',  ( 3.310000000000000053, 7.500000000000000000, 0.5000000000000000000 ) ) ;
#2485 = VERTEX_POINT ( 'NONE', #6669 ) ;
#2486 = VERTEX_POINT ( 'NONE', #8623 ) ;
#2487 = DIRECTION ( 'NONE',  ( -0.0000000000000000000, 0.0000000000000000000, -1.000000000000000000 ) ) ;
#2488 = AXIS2_PLACEMENT_3D ( 'NONE', #2519, #4413, #1062 ) ;
#2489 = CARTESIAN_POINT ( 'NONE',  ( -9.240000000000000213, 7.500000000000000000, 0.3500000000000000333 ) ) ;
#2490 = LINE ( 'NONE', #5175, #6942 ) ;
#2491 = EDGE_LOOP ( 'NONE', ( #2467, #8605, #2434, #5353 ) ) ;
#2492 = DIRECTION ( 'NONE',  ( 1.000000000000000000, 0.0000000000000000000, 0.0000000000000000000 ) ) ;
#2493 = ORIENTED_EDGE ( 'NONE', *, *, #6320, .F. ) ;
#2494 = CARTESIAN_POINT ( 'NONE',  ( 4.610000000000001208, 8.500000000000000000, -0.8000000000000004885 ) ) ;
#2495 = AXIS2_PLACEMENT_3D ( 'NONE', #3598, #6282, #1837 ) ;
#2496 = ORIENTED_EDGE ( 'NONE', *, *, #3965, .T. ) ;
#2497 = ADVANCED_FACE ( 'NONE', ( #3296 ), #5723, .T. ) ;
#2498 = ORIENTED_EDGE ( 'NONE', *, *, #5571, .T. ) ;
#2499 = SURFACE_STYLE_FILL_AREA ( #6495 ) ;
#2500 = DIRECTION ( 'NONE',  ( -0.0000000000000000000, 0.0000000000000000000, 1.000000000000000000 ) ) ;
#2501 = DIRECTION ( 'NONE',  ( 0.0000000000000000000, 0.0000000000000000000, -1.000000000000000000 ) ) ;
#2502 = LINE ( 'NONE', #6539, #6872 ) ;
#2503 = CARTESIAN_POINT ( 'NONE',  ( -8.140000000000000568, 0.5000000000000000000, 0.7500000000000000000 ) ) ;
#2504 = DIRECTION ( 'NONE',  ( -0.7071067811865475727, 0.7071067811865475727, 0.0000000000000000000 ) ) ;
#2505 = FACE_OUTER_BOUND ( 'NONE', #6807, .T. ) ;
#2506 = ORIENTED_EDGE ( 'NONE', *, *, #6156, .T. ) ;
#2507 = EDGE_CURVE ( 'NONE', #1215, #8083, #1798, .T. ) ;
#2508 = FILL_AREA_STYLE_COLOUR ( '', #7581 ) ;
#2509 = CARTESIAN_POINT ( 'NONE',  ( -3.459999999999999964, 0.9000000000000001332, 0.3499999999999999778 ) ) ;
#2510 = DIRECTION ( 'NONE',  ( 0.0000000000000000000, 0.0000000000000000000, -1.000000000000000000 ) ) ;
#2511 = CARTESIAN_POINT ( 'NONE',  ( -9.690000000000001279, 8.500000000000000000, 0.8000000000000005995 ) ) ;
#2512 = LINE ( 'NONE', #5849, #4503 ) ;
#2513 = DIRECTION ( 'NONE',  ( -0.0000000000000000000, -1.000000000000000000, -0.0000000000000000000 ) ) ;
#2514 = ORIENTED_EDGE ( 'NONE', *, *, #2888, .F. ) ;
#2515 = EDGE_CURVE ( 'NONE', #5225, #7255, #493, .T. ) ;
#2516 = ADVANCED_FACE ( 'NONE', ( #3885 ), #7898, .T. ) ;
#2517 = DIRECTION ( 'NONE',  ( 0.0000000000000000000, 0.0000000000000000000, 1.000000000000000000 ) ) ;
#2518 = DIRECTION ( 'NONE',  ( -0.0000000000000000000, 0.0000000000000000000, 1.000000000000000000 ) ) ;
#2519 = CARTESIAN_POINT ( 'NONE',  ( -6.125000000000000000, -2.750000000000000000, 0.0000000000000000000 ) ) ;
#2520 = ORIENTED_EDGE ( 'NONE', *, *, #8592, .T. ) ;
#2521 = DIRECTION ( 'NONE',  ( -0.0000000000000000000, -1.000000000000000000, -0.0000000000000000000 ) ) ;
#2522 = EDGE_LOOP ( 'NONE', ( #3058, #5999, #6546, #4454 ) ) ;
#2523 = DIRECTION ( 'NONE',  ( -0.0000000000000000000, -0.0000000000000000000, 1.000000000000000000 ) ) ;
#2524 = EDGE_CURVE ( 'NONE', #309, #3884, #1885, .T. ) ;
#2525 = ORIENTED_EDGE ( 'NONE', *, *, #777, .F. ) ;
#2526 = MECHANICAL_DESIGN_GEOMETRIC_PRESENTATION_REPRESENTATION (  '', ( #6719 ), #4348 ) ;
#2527 = PLANE ( 'NONE',  #3984 ) ;
#2528 = CARTESIAN_POINT ( 'NONE',  ( 4.110000000000001208, 0.0000000000000000000, 0.0000000000000000000 ) ) ;
#2529 = ORIENTED_EDGE ( 'NONE', *, *, #2543, .T. ) ;
#2530 = DIRECTION ( 'NONE',  ( 0.0000000000000000000, 1.000000000000000000, 0.0000000000000000000 ) ) ;
#2531 = CARTESIAN_POINT ( 'NONE',  ( 8.890000000000000568, 8.199999999999999289, 0.4999999999999993339 ) ) ;
#2532 = VERTEX_POINT ( 'NONE', #6548 ) ;
#2533 = DIRECTION ( 'NONE',  ( -1.000000000000000000, -0.0000000000000000000, 0.0000000000000000000 ) ) ;
#2534 =( LENGTH_UNIT ( ) NAMED_UNIT ( * ) SI_UNIT ( .MILLI., .METRE. ) );
#2535 = AXIS2_PLACEMENT_3D ( 'NONE', #4852, #273, #4313 ) ;
#2536 = ORIENTED_EDGE ( 'NONE', *, *, #3759, .T. ) ;
#2537 = SURFACE_STYLE_USAGE ( .BOTH. , #8558 ) ;
#2538 = VERTEX_POINT ( 'NONE', #3250 ) ;
#2539 = LINE ( 'NONE', #2635, #5676 ) ;
#2540 = VECTOR ( 'NONE', #1570, 1000.000000000000000 ) ;
#2541 =( NAMED_UNIT ( * ) SI_UNIT ( $, .STERADIAN. ) SOLID_ANGLE_UNIT ( ) );
#2542 = LINE ( 'NONE', #2590, #2047 ) ;
#2543 = EDGE_CURVE ( 'NONE', #3934, #5851, #1843, .T. ) ;
#2544 = PRESENTATION_LAYER_ASSIGNMENT (  '', '', ( #6053 ) ) ;
#2545 = FACE_OUTER_BOUND ( 'NONE', #7661, .T. ) ;
#2546 = ORIENTED_EDGE ( 'NONE', *, *, #6221, .T. ) ;
#2547 = STYLED_ITEM ( 'NONE', ( #4048 ), #8549 ) ;
#2548 =( GEOMETRIC_REPRESENTATION_CONTEXT ( 3 ) GLOBAL_UNCERTAINTY_ASSIGNED_CONTEXT ( ( #2959 ) ) GLOBAL_UNIT_ASSIGNED_CONTEXT ( ( #4957, #7748, #420 ) ) REPRESENTATION_CONTEXT ( 'NONE', 'WORKASPACE' ) );
#2549 = PLANE ( 'NONE',  #3402 ) ;
#2550 = VECTOR ( 'NONE', #5761, 1000.000000000000000 ) ;
#2551 = DIRECTION ( 'NONE',  ( -0.0000000000000000000, -1.000000000000000000, -0.0000000000000000000 ) ) ;
#2552 = CARTESIAN_POINT ( 'NONE',  ( 0.5199999999999995737, 0.5000000000000000000, -0.7500000000000000000 ) ) ;
#2553 = ADVANCED_FACE ( 'NONE', ( #5800 ), #2549, .F. ) ;
#2554 = DIRECTION ( 'NONE',  ( -0.7071067811865474617, 0.7071067811865474617, 0.0000000000000000000 ) ) ;
#2555 = CARTESIAN_POINT ( 'NONE',  ( -7.150000000000000355, 8.500000000000000000, 0.8000000000000004885 ) ) ;
#2556 = LINE ( 'NONE', #5160, #7706 ) ;
#2557 = COLOUR_RGB ( '',0.1568627450980392135, 0.1568627450980392135, 0.1568627450980392135 ) ;
#2558 = VECTOR ( 'NONE', #1483, 1000.000000000000000 ) ;
#2559 = EDGE_LOOP ( 'NONE', ( #7089, #2444, #249, #623 ) ) ;
#2560 = EDGE_LOOP ( 'NONE', ( #7802, #2831, #440, #6636 ) ) ;
#2561 = SURFACE_STYLE_FILL_AREA ( #3134 ) ;
#2562 = AXIS2_PLACEMENT_3D ( 'NONE', #1887, #7688, #410 ) ;
#2563 = CARTESIAN_POINT ( 'NONE',  ( -3.960000000000003517, -3.000000000000000888, 0.2000000000000000389 ) ) ;
#2564 = EDGE_CURVE ( 'NONE', #973, #1436, #7816, .T. ) ;
#2565 = FACE_OUTER_BOUND ( 'NONE', #5937, .T. ) ;
#2566 = EDGE_CURVE ( 'NONE', #2003, #8385, #5928, .T. ) ;
#2567 = ORIENTED_EDGE ( 'NONE', *, *, #5323, .F. ) ;
#2568 = CARTESIAN_POINT ( 'NONE',  ( 9.615000000000000213, 7.500000000000000000, 0.7500000000000000000 ) ) ;
#2569 = ORIENTED_EDGE ( 'NONE', *, *, #2720, .T. ) ;
#2570 = CARTESIAN_POINT ( 'NONE',  ( 8.589999999999999858, 0.0000000000000000000, -0.2000000000000000111 ) ) ;
#2571 = PRESENTATION_LAYER_ASSIGNMENT (  '', '', ( #1573 ) ) ;
#2572 = EDGE_LOOP ( 'NONE', ( #4816, #510, #6465, #4271 ) ) ;
#2573 = CARTESIAN_POINT ( 'NONE',  ( 6.000000000000000000, 0.9000000000000001332, -0.3499999999999999778 ) ) ;
#2574 = SURFACE_STYLE_USAGE ( .BOTH. , #890 ) ;
#2575 = VECTOR ( 'NONE', #4962, 1000.000000000000000 ) ;
#2576 = CARTESIAN_POINT ( 'NONE',  ( 4.309999999999999609, 0.0000000000000000000, 0.0000000000000000000 ) ) ;
#2577 = EDGE_CURVE ( 'NONE', #5134, #353, #1002, .T. ) ;
#2578 = DIRECTION ( 'NONE',  ( -1.000000000000000000, -0.0000000000000000000, 0.0000000000000000000 ) ) ;
#2579 = ORIENTED_EDGE ( 'NONE', *, *, #1105, .T. ) ;
#2580 = SURFACE_STYLE_USAGE ( .BOTH. , #1288 ) ;
#2581 = DIRECTION ( 'NONE',  ( 1.000000000000000000, 0.0000000000000000000, 0.0000000000000000000 ) ) ;
#2582 = ORIENTED_EDGE ( 'NONE', *, *, #6835, .F. ) ;
#2583 = FACE_OUTER_BOUND ( 'NONE', #5556, .T. ) ;
#2584 = EDGE_LOOP ( 'NONE', ( #6823, #4997, #4277, #5888 ) ) ;
#2585 = VECTOR ( 'NONE', #2523, 1000.000000000000000 ) ;
#2586 = LINE ( 'NONE', #3115, #5072 ) ;
#2587 = ORIENTED_EDGE ( 'NONE', *, *, #8531, .T. ) ;
#2588 =( NAMED_UNIT ( * ) PLANE_ANGLE_UNIT ( ) SI_UNIT ( $, .RADIAN. ) );
#2589 = LINE ( 'NONE', #4658, #5010 ) ;
#2590 = CARTESIAN_POINT ( 'NONE',  ( -1.419999999999999929, -3.000000000000000000, -0.2000000000000000111 ) ) ;
#2591 = CARTESIAN_POINT ( 'NONE',  ( -9.389999999999998792, 8.199999999999999289, 0.5000000000000000000 ) ) ;
#2592 = AXIS2_PLACEMENT_3D ( 'NONE', #2419, #6318, #5014 ) ;
#2593 = CARTESIAN_POINT ( 'NONE',  ( -6.650000000000000355, -3.000000000000000000, -0.2000000000000000111 ) ) ;
#2594 =( NAMED_UNIT ( * ) SI_UNIT ( $, .STERADIAN. ) SOLID_ANGLE_UNIT ( ) );
#2595 = EDGE_LOOP ( 'NONE', ( #422, #1409, #6165, #614 ) ) ;
#2596 = CARTESIAN_POINT ( 'NONE',  ( 6.000000000000000000, 7.500000000000000000, 0.3499999999999999778 ) ) ;
#2597 = MECHANICAL_DESIGN_GEOMETRIC_PRESENTATION_REPRESENTATION (  '', ( #1188 ), #2731 ) ;
#2598 = DIRECTION ( 'NONE',  ( -0.0000000000000000000, 0.0000000000000000000, 1.000000000000000000 ) ) ;
#2599 = DIRECTION ( 'NONE',  ( 0.0000000000000000000, 0.0000000000000000000, -1.000000000000000000 ) ) ;
#2600 = FILL_AREA_STYLE ('',( #659 ) ) ;
#2601 = CARTESIAN_POINT ( 'NONE',  ( 0.9200000000000000400, 7.500000000000000000, 0.3500000000000000333 ) ) ;
#2602 = CARTESIAN_POINT ( 'NONE',  ( -5.625000000000000000, 0.0000000000000000000, 0.7500000000000000000 ) ) ;
#2603 = ORIENTED_EDGE ( 'NONE', *, *, #2797, .F. ) ;
#2604 = PRESENTATION_LAYER_ASSIGNMENT (  '', '', ( #2322 ) ) ;
#2605 =( GEOMETRIC_REPRESENTATION_CONTEXT ( 3 ) GLOBAL_UNCERTAINTY_ASSIGNED_CONTEXT ( ( #7780 ) ) GLOBAL_UNIT_ASSIGNED_CONTEXT ( ( #7890, #2588, #2460 ) ) REPRESENTATION_CONTEXT ( 'NONE', 'WORKASPACE' ) );
#2606 = VERTEX_POINT ( 'NONE', #911 ) ;
#2607 = VERTEX_POINT ( 'NONE', #1659 ) ;
#2608 = ADVANCED_FACE ( 'NONE', ( #3795 ), #8396, .T. ) ;
#2609 = PRESENTATION_LAYER_ASSIGNMENT (  '', '', ( #7488 ) ) ;
#2610 = VECTOR ( 'NONE', #2650, 1000.000000000000000 ) ;
#2611 = FILL_AREA_STYLE_COLOUR ( '', #5963 ) ;
#2612 = CARTESIAN_POINT ( 'NONE',  ( 5.850000000000000533, 7.500000000000000000, 0.5000000000000000000 ) ) ;
#2613 = ORIENTED_EDGE ( 'NONE', *, *, #4595, .T. ) ;
#2614 = VERTEX_POINT ( 'NONE', #8349 ) ;
#2615 = CARTESIAN_POINT ( 'NONE',  ( -2.019999999999999130, 0.5000000000000000000, -0.7500000000000000000 ) ) ;
#2616 = STYLED_ITEM ( 'NONE', ( #4603 ), #6421 ) ;
#2617 = ORIENTED_EDGE ( 'NONE', *, *, #683, .F. ) ;
#2618 = EDGE_CURVE ( 'NONE', #1257, #3854, #4978, .T. ) ;
#2619 = EDGE_CURVE ( 'NONE', #2824, #1981, #3085, .T. ) ;
#2620 = VECTOR ( 'NONE', #3398, 1000.000000000000000 ) ;
#2621 = AXIS2_PLACEMENT_3D ( 'NONE', #196, #4701, #2049 ) ;
#2622 = LINE ( 'NONE', #3988, #18 ) ;
#2623 = CARTESIAN_POINT ( 'NONE',  ( 9.690000000000001279, 8.500000000000005329, -0.7999999999999951594 ) ) ;
#2624 = ORIENTED_EDGE ( 'NONE', *, *, #6052, .T. ) ;
#2625 = DIRECTION ( 'NONE',  ( -0.5773502691896266192, -0.5773502691896266192, 0.5773502691896239547 ) ) ;
#2626 = VERTEX_POINT ( 'NONE', #4400 ) ;
#2627 = CARTESIAN_POINT ( 'NONE',  ( 9.240000000000000213, 7.500000000000000000, 0.3499999999999999778 ) ) ;
#2628 = DIRECTION ( 'NONE',  ( 1.000000000000000000, 0.0000000000000000000, 0.0000000000000000000 ) ) ;
#2629 = AXIS2_PLACEMENT_3D ( 'NONE', #3137, #546, #5894 ) ;
#2630 = ORIENTED_EDGE ( 'NONE', *, *, #2027, .F. ) ;
#2631 = EDGE_CURVE ( 'NONE', #2839, #2872, #218, .T. ) ;
#2632 = DIRECTION ( 'NONE',  ( -0.0000000000000000000, 0.0000000000000000000, 1.000000000000000000 ) ) ;
#2633 = ADVANCED_FACE ( 'NONE', ( #2947 ), #3644, .F. ) ;
#2634 = ORIENTED_EDGE ( 'NONE', *, *, #3650, .F. ) ;
#2635 = CARTESIAN_POINT ( 'NONE',  ( 3.009999999999999343, 8.500000000000000000, -0.8000000000000007105 ) ) ;
#2636 = SURFACE_SIDE_STYLE ('',( #4526 ) ) ;
#2637 = AXIS2_PLACEMENT_3D ( 'NONE', #3837, #679, #6727 ) ;
#2638 = LINE ( 'NONE', #5921, #1150 ) ;
#2639 = CARTESIAN_POINT ( 'NONE',  ( 6.049999999999999822, 0.5000000000000000000, 0.1999999999999999833 ) ) ;
#2640 = CARTESIAN_POINT ( 'NONE',  ( -2.020000000000000018, 7.500000000000000000, -0.7500000000000000000 ) ) ;
#2641 = ORIENTED_EDGE ( 'NONE', *, *, #5560, .T. ) ;
#2642 = ADVANCED_FACE ( 'NONE', ( #2381 ), #4257, .F. ) ;
#2643 = CARTESIAN_POINT ( 'NONE',  ( -9.390000000000000568, 0.0000000000000000000, 0.0000000000000000000 ) ) ;
#2644 = LINE ( 'NONE', #7064, #8604 ) ;
#2645 = FACE_OUTER_BOUND ( 'NONE', #4229, .T. ) ;
#2646 = EDGE_LOOP ( 'NONE', ( #2212, #1588, #7769, #2804 ) ) ;
#2647 = CARTESIAN_POINT ( 'NONE',  ( 8.539999999999999147, 0.0000000000000000000, -0.3499999999999999778 ) ) ;
#2648 = VERTEX_POINT ( 'NONE', #5618 ) ;
#2649 = ORIENTED_EDGE ( 'NONE', *, *, #7440, .F. ) ;
#2650 = DIRECTION ( 'NONE',  ( 0.0000000000000000000, 1.000000000000000000, 0.0000000000000000000 ) ) ;
#2651 = CARTESIAN_POINT ( 'NONE',  ( 9.240000000000000213, 0.9000000000000001332, -0.3499999999999999778 ) ) ;
#2652 = VERTEX_POINT ( 'NONE', #8302 ) ;
#2653 = FACE_OUTER_BOUND ( 'NONE', #258, .T. ) ;
#2654 = ORIENTED_EDGE ( 'NONE', *, *, #4465, .F. ) ;
#2655 = CARTESIAN_POINT ( 'NONE',  ( -3.459999999999999964, 7.500000000000000000, -0.3499999999999999778 ) ) ;
#2656 = ORIENTED_EDGE ( 'NONE', *, *, #5412, .T. ) ;
#2657 = CARTESIAN_POINT ( 'NONE',  ( -3.510000000000003784, -2.499999999999998668, -0.2000000000000000389 ) ) ;
#2658 = CARTESIAN_POINT ( 'NONE',  ( 8.140000000000000568, 0.0000000000000000000, 0.0000000000000000000 ) ) ;
#2659 = ORIENTED_EDGE ( 'NONE', *, *, #2913, .F. ) ;
#2660 = SURFACE_SIDE_STYLE ('',( #8685 ) ) ;
#2661 = EDGE_CURVE ( 'NONE', #3591, #5199, #3041, .T. ) ;
#2662 = CARTESIAN_POINT ( 'NONE',  ( -0.7700000000000000178, 7.500000000000000000, 0.5000000000000000000 ) ) ;
#2663 = EDGE_LOOP ( 'NONE', ( #5790, #8528, #2456, #938 ) ) ;
#2664 = DIRECTION ( 'NONE',  ( 0.0000000000000000000, 0.7071067811865475727, 0.7071067811865475727 ) ) ;
#2665 = ORIENTED_EDGE ( 'NONE', *, *, #6912, .T. ) ;
#2666 = DIRECTION ( 'NONE',  ( -1.000000000000000000, -0.0000000000000000000, 0.0000000000000000000 ) ) ;
#2667 = COLOUR_RGB ( '',0.1568627450980392135, 0.1568627450980392135, 0.1568627450980392135 ) ;
#2668 = ORIENTED_EDGE ( 'NONE', *, *, #360, .F. ) ;
#2669 = CARTESIAN_POINT ( 'NONE',  ( 9.240000000000000213, 0.9000000000000001332, -0.3499999999999999778 ) ) ;
#2670 = SURFACE_STYLE_FILL_AREA ( #8694 ) ;
#2671 = CARTESIAN_POINT ( 'NONE',  ( -5.625000000000000000, 0.5000000000000000000, -0.7500000000000000000 ) ) ;
#2672 = PRESENTATION_LAYER_ASSIGNMENT (  '', '', ( #7142 ) ) ;
#2673 = ADVANCED_FACE ( 'NONE', ( #5114 ), #3703, .T. ) ;
#2674 = FILL_AREA_STYLE_COLOUR ( '', #6355 ) ;
#2675 = FACE_OUTER_BOUND ( 'NONE', #8089, .T. ) ;
#2676 = ORIENTED_EDGE ( 'NONE', *, *, #1506, .T. ) ;
#2677 =( GEOMETRIC_REPRESENTATION_CONTEXT ( 3 ) GLOBAL_UNCERTAINTY_ASSIGNED_CONTEXT ( ( #44 ) ) GLOBAL_UNIT_ASSIGNED_CONTEXT ( ( #8434, #3082, #7046 ) ) REPRESENTATION_CONTEXT ( 'NONE', 'WORKASPACE' ) );
#2678 = STYLED_ITEM ( 'NONE', ( #1374 ), #477 ) ;
#2679 = LINE ( 'NONE', #616, #5539 ) ;
#2680 = DIRECTION ( 'NONE',  ( 1.000000000000000000, -0.0000000000000000000, 0.0000000000000000000 ) ) ;
#2681 = ADVANCED_FACE ( 'NONE', ( #1711 ), #7050, .T. ) ;
#2682 = CARTESIAN_POINT ( 'NONE',  ( -3.060000000000000053, 0.0000000000000000000, 0.7500000000000000000 ) ) ;
#2683 = ORIENTED_EDGE ( 'NONE', *, *, #8118, .T. ) ;
#2684 = CARTESIAN_POINT ( 'NONE',  ( 8.589999999999999858, -3.000000000000000000, -0.2000000000000000111 ) ) ;
#2685 = VECTOR ( 'NONE', #201, 1000.000000000000000 ) ;
#2686 = ORIENTED_EDGE ( 'NONE', *, *, #8066, .T. ) ;
#2687 =( GEOMETRIC_REPRESENTATION_CONTEXT ( 3 ) GLOBAL_UNCERTAINTY_ASSIGNED_CONTEXT ( ( #2697 ) ) GLOBAL_UNIT_ASSIGNED_CONTEXT ( ( #7014, #3713, #6387 ) ) REPRESENTATION_CONTEXT ( 'NONE', 'WORKASPACE' ) );
#2688 = UNCERTAINTY_MEASURE_WITH_UNIT (LENGTH_MEASURE( 1.000000000000000082E-05 ), #7159, 'distance_accuracy_value', 'NONE');
#2689 = AXIS2_PLACEMENT_3D ( 'NONE', #3147, #4644, #7293 ) ;
#2690 = PLANE ( 'NONE',  #7954 ) ;
#2691 = MECHANICAL_DESIGN_GEOMETRIC_PRESENTATION_REPRESENTATION (  '', ( #992 ), #5363 ) ;
#2692 = ORIENTED_EDGE ( 'NONE', *, *, #8653, .F. ) ;
#2693 = LINE ( 'NONE', #93, #6319 ) ;
#2694 = ORIENTED_EDGE ( 'NONE', *, *, #2191, .T. ) ;
#2695 = VECTOR ( 'NONE', #4045, 1000.000000000000000 ) ;
#2696 = PRESENTATION_LAYER_ASSIGNMENT (  '', '', ( #4232 ) ) ;
#2697 = UNCERTAINTY_MEASURE_WITH_UNIT (LENGTH_MEASURE( 1.000000000000000082E-05 ), #7014, 'distance_accuracy_value', 'NONE');
#2698 = FACE_OUTER_BOUND ( 'NONE', #4546, .T. ) ;
#2699 = PLANE ( 'NONE',  #5016 ) ;
#2700 = EDGE_LOOP ( 'NONE', ( #3232, #3395, #3012, #7971 ) ) ;
#2701 = CARTESIAN_POINT ( 'NONE',  ( -6.650000000000000355, -3.000000000000000000, 0.2000000000000000111 ) ) ;
#2702 = DIRECTION ( 'NONE',  ( 0.5773502691896237327, -0.5773502691896270633, 0.5773502691896265082 ) ) ;
#2703 = VECTOR ( 'NONE', #7233, 1000.000000000000114 ) ;
#2704 = ORIENTED_EDGE ( 'NONE', *, *, #7631, .F. ) ;
#2705 = DIRECTION ( 'NONE',  ( 0.2873478855662903730, 0.9578262852211679723, 0.0000000000000000000 ) ) ;
#2706 = ORIENTED_EDGE ( 'NONE', *, *, #5293, .F. ) ;
#2707 = DIRECTION ( 'NONE',  ( -0.7071067811865474617, -0.7071067811865474617, 0.0000000000000000000 ) ) ;
#2708 = ORIENTED_EDGE ( 'NONE', *, *, #5786, .T. ) ;
#2709 = EDGE_CURVE ( 'NONE', #2264, #4950, #6959, .T. ) ;
#2710 = VECTOR ( 'NONE', #5775, 1000.000000000000000 ) ;
#2711 = SURFACE_STYLE_USAGE ( .BOTH. , #2048 ) ;
#2712 = CARTESIAN_POINT ( 'NONE',  ( -6.700000000000000178, 7.500000000000000000, 0.3499999999999999778 ) ) ;
#2713 = CARTESIAN_POINT ( 'NONE',  ( 0.9200000000000000400, 0.0000000000000000000, 0.3499999999999999778 ) ) ;
#2714 =( NAMED_UNIT ( * ) PLANE_ANGLE_UNIT ( ) SI_UNIT ( $, .RADIAN. ) );
#2715 = CARTESIAN_POINT ( 'NONE',  ( -0.5450000000000000400, 0.5000000000000000000, 0.0000000000000000000 ) ) ;
#2716 = DIRECTION ( 'NONE',  ( -0.0000000000000000000, -1.000000000000000000, -0.0000000000000000000 ) ) ;
#2717 = VECTOR ( 'NONE', #1168, 1000.000000000000114 ) ;
#2718 = ORIENTED_EDGE ( 'NONE', *, *, #4336, .T. ) ;
#2719 = EDGE_CURVE ( 'NONE', #1416, #1594, #8258, .T. ) ;
#2720 = EDGE_CURVE ( 'NONE', #5657, #2777, #955, .T. ) ;
#2721 = STYLED_ITEM ( 'NONE', ( #5548 ), #3418 ) ;
#2722 =( NAMED_UNIT ( * ) SI_UNIT ( $, .STERADIAN. ) SOLID_ANGLE_UNIT ( ) );
#2723 = CARTESIAN_POINT ( 'NONE',  ( 5.625000000000000000, 7.500000000000000000, 0.7500000000000000000 ) ) ;
#2724 = DIRECTION ( 'NONE',  ( 0.0000000000000000000, 1.000000000000000000, 0.0000000000000000000 ) ) ;
#2725 = LINE ( 'NONE', #574, #7924 ) ;
#2726 = VECTOR ( 'NONE', #5742, 1000.000000000000000 ) ;
#2727 = VERTEX_POINT ( 'NONE', #4702 ) ;
#2728 =( NAMED_UNIT ( * ) PLANE_ANGLE_UNIT ( ) SI_UNIT ( $, .RADIAN. ) );
#2729 = EDGE_CURVE ( 'NONE', #5501, #2268, #610, .T. ) ;
#2730 = LINE ( 'NONE', #6679, #206 ) ;
#2731 =( GEOMETRIC_REPRESENTATION_CONTEXT ( 3 ) GLOBAL_UNCERTAINTY_ASSIGNED_CONTEXT ( ( #4456 ) ) GLOBAL_UNIT_ASSIGNED_CONTEXT ( ( #4479, #5792, #7805 ) ) REPRESENTATION_CONTEXT ( 'NONE', 'WORKASPACE' ) );
#2732 = DIRECTION ( 'NONE',  ( -0.0000000000000000000, -1.000000000000000000, -0.0000000000000000000 ) ) ;
#2733 = ORIENTED_EDGE ( 'NONE', *, *, #237, .F. ) ;
#2734 = CARTESIAN_POINT ( 'NONE',  ( 8.140000000000000568, 7.500000000000000000, -0.7500000000000000000 ) ) ;
#2735 = DIRECTION ( 'NONE',  ( 0.0000000000000000000, -0.0000000000000000000, 1.000000000000000000 ) ) ;
#2736 = VECTOR ( 'NONE', #5543, 1000.000000000000000 ) ;
#2737 = VERTEX_POINT ( 'NONE', #2639 ) ;
#2738 = VECTOR ( 'NONE', #3510, 1000.000000000000114 ) ;
#2739 = ADVANCED_FACE ( 'NONE', ( #5969 ), #1963, .T. ) ;
#2740 = CARTESIAN_POINT ( 'NONE',  ( 9.240000000000000213, 7.500000000000000000, 0.3500000000000000333 ) ) ;
#2741 = DIRECTION ( 'NONE',  ( -1.000000000000000000, -0.0000000000000000000, -0.0000000000000000000 ) ) ;
#2742 = ORIENTED_EDGE ( 'NONE', *, *, #3502, .T. ) ;
#2743 = VECTOR ( 'NONE', #4007, 999.9999999999998863 ) ;
#2744 =( NAMED_UNIT ( * ) SI_UNIT ( $, .STERADIAN. ) SOLID_ANGLE_UNIT ( ) );
#2745 = VECTOR ( 'NONE', #6707, 1000.000000000000000 ) ;
#2746 = ORIENTED_EDGE ( 'NONE', *, *, #1620, .F. ) ;
#2747 = DIRECTION ( 'NONE',  ( 0.0000000000000000000, 0.0000000000000000000, -1.000000000000000000 ) ) ;
#2748 = EDGE_LOOP ( 'NONE', ( #3474, #8593, #6836, #6399 ) ) ;
#2749 = VERTEX_POINT ( 'NONE', #7309 ) ;
#2750 = LINE ( 'NONE', #2832, #706 ) ;
#2751 = ORIENTED_EDGE ( 'NONE', *, *, #1161, .F. ) ;
#2752 = DIRECTION ( 'NONE',  ( -1.000000000000000000, -0.0000000000000000000, -0.0000000000000000000 ) ) ;
#2753 = COLOUR_RGB ( '',0.1568627450980392135, 0.1568627450980392135, 0.1568627450980392135 ) ;
#2754 = DIRECTION ( 'NONE',  ( 0.0000000000000000000, 0.0000000000000000000, -1.000000000000000000 ) ) ;
#2755 = FACE_OUTER_BOUND ( 'NONE', #2572, .T. ) ;
#2756 = CARTESIAN_POINT ( 'NONE',  ( 3.310000000000000053, 7.500000000000000000, 0.0000000000000000000 ) ) ;
#2757 = VECTOR ( 'NONE', #5384, 1000.000000000000000 ) ;
#2758 = CARTESIAN_POINT ( 'NONE',  ( 1.619999999999999885, 7.500000000000000000, -0.3499999999999999778 ) ) ;
#2759 = EDGE_CURVE ( 'NONE', #5481, #7189, #7980, .T. ) ;
#2760 = ORIENTED_EDGE ( 'NONE', *, *, #7107, .T. ) ;
#2761 = VECTOR ( 'NONE', #6025, 1000.000000000000000 ) ;
#2762 = LINE ( 'NONE', #8070, #7048 ) ;
#2763 = LINE ( 'NONE', #7395, #4283 ) ;
#2764 = CARTESIAN_POINT ( 'NONE',  ( 6.649999999999992362, -2.499999999999997780, 0.2000000000000000944 ) ) ;
#2765 = FILL_AREA_STYLE_COLOUR ( '', #1048 ) ;
#2766 = SURFACE_STYLE_FILL_AREA ( #84 ) ;
#2767 = EDGE_CURVE ( 'NONE', #5436, #6704, #6051, .T. ) ;
#2768 = ORIENTED_EDGE ( 'NONE', *, *, #6102, .F. ) ;
#2769 = SURFACE_STYLE_FILL_AREA ( #742 ) ;
#2770 = PRESENTATION_STYLE_ASSIGNMENT (( #6116 ) ) ;
#2771 = DIRECTION ( 'NONE',  ( -0.0000000000000000000, -1.000000000000000000, -0.0000000000000000000 ) ) ;
#2772 = DIRECTION ( 'NONE',  ( 1.000000000000000000, 0.0000000000000000000, 0.0000000000000000000 ) ) ;
#2773 = DIRECTION ( 'NONE',  ( -0.0000000000000000000, -0.0000000000000000000, 1.000000000000000000 ) ) ;
#2774 = ADVANCED_FACE ( 'NONE', ( #8696 ), #4661, .T. ) ;
#2775 = ADVANCED_FACE ( 'NONE', ( #5398, #2755 ), #8105, .T. ) ;
#2776 =( NAMED_UNIT ( * ) SI_UNIT ( $, .STERADIAN. ) SOLID_ANGLE_UNIT ( ) );
#2777 = VERTEX_POINT ( 'NONE', #7436 ) ;
#2778 = UNCERTAINTY_MEASURE_WITH_UNIT (LENGTH_MEASURE( 1.000000000000000082E-05 ), #7445, 'distance_accuracy_value', 'NONE');
#2779 = DIRECTION ( 'NONE',  ( 1.000000000000000000, 0.0000000000000000000, -0.0000000000000000000 ) ) ;
#2780 = DIRECTION ( 'NONE',  ( -0.0000000000000000000, -0.0000000000000000000, 1.000000000000000000 ) ) ;
#2781 = ORIENTED_EDGE ( 'NONE', *, *, #1733, .T. ) ;
#2782 = CARTESIAN_POINT ( 'NONE',  ( 0.9200000000000000400, 7.500000000000000000, -0.7500000000000000000 ) ) ;
#2783 = VERTEX_POINT ( 'NONE', #7940 ) ;
#2784 = ADVANCED_FACE ( 'NONE', ( #1925 ), #7264, .F. ) ;
#2785 = FACE_OUTER_BOUND ( 'NONE', #4755, .T. ) ;
#2786 = VERTEX_POINT ( 'NONE', #3158 ) ;
#2787 = ORIENTED_EDGE ( 'NONE', *, *, #4019, .F. ) ;
#2788 = ORIENTED_EDGE ( 'NONE', *, *, #3917, .F. ) ;
#2789 =( NAMED_UNIT ( * ) PLANE_ANGLE_UNIT ( ) SI_UNIT ( $, .RADIAN. ) );
#2790 =( NAMED_UNIT ( * ) PLANE_ANGLE_UNIT ( ) SI_UNIT ( $, .RADIAN. ) );
#2791 = FACE_OUTER_BOUND ( 'NONE', #3022, .T. ) ;
#2792 = CARTESIAN_POINT ( 'NONE',  ( -0.9699999999999999734, 0.5000000000000000000, 0.2000000000000000111 ) ) ;
#2793 = PLANE ( 'NONE',  #3512 ) ;
#2794 = VECTOR ( 'NONE', #8635, 1000.000000000000000 ) ;
#2795 = EDGE_LOOP ( 'NONE', ( #4122, #4879, #2579, #3142 ) ) ;
#2796 = VERTEX_POINT ( 'NONE', #724 ) ;
#2797 = EDGE_CURVE ( 'NONE', #7719, #3828, #2087, .T. ) ;
#2798 = DIRECTION ( 'NONE',  ( -1.000000000000000000, -0.0000000000000000000, 0.0000000000000000000 ) ) ;
#2799 = VECTOR ( 'NONE', #3757, 1000.000000000000000 ) ;
#2800 = CARTESIAN_POINT ( 'NONE',  ( 0.4699999999999994738, 8.500000000000000000, -0.8000000000000007105 ) ) ;
#2801 = DIRECTION ( 'NONE',  ( -0.0000000000000000000, -1.000000000000000000, -0.0000000000000000000 ) ) ;
#2802 = STYLED_ITEM ( 'NONE', ( #7027 ), #229 ) ;
#2803 = CARTESIAN_POINT ( 'NONE',  ( 8.890000000000000568, 8.349999999999999645, -0.6500000000000001332 ) ) ;
#2804 = ORIENTED_EDGE ( 'NONE', *, *, #689, .F. ) ;
#2805 = VECTOR ( 'NONE', #631, 1000.000000000000000 ) ;
#2806 = FACE_OUTER_BOUND ( 'NONE', #5590, .T. ) ;
#2807 = VECTOR ( 'NONE', #3156, 1000.000000000000000 ) ;
#2808 = EDGE_CURVE ( 'NONE', #5313, #498, #6341, .T. ) ;
#2809 = DIRECTION ( 'NONE',  ( 1.000000000000000000, -0.0000000000000000000, 0.0000000000000000000 ) ) ;
#2810 = COLOUR_RGB ( '',0.1568627450980392135, 0.1568627450980392135, 0.1568627450980392135 ) ;
#2811 = PLANE ( 'NONE',  #6859 ) ;
#2812 = CARTESIAN_POINT ( 'NONE',  ( 8.539999999999999147, 0.9000000000000001332, 0.3499999999999999778 ) ) ;
#2813 = CARTESIAN_POINT ( 'NONE',  ( -0.9200000000000000400, 7.500000000000000000, 0.0000000000000000000 ) ) ;
#2814 = DIRECTION ( 'NONE',  ( 1.000000000000000000, -0.0000000000000000000, 0.0000000000000000000 ) ) ;
#2815 = VECTOR ( 'NONE', #416, 1000.000000000000000 ) ;
#2816 = PRESENTATION_STYLE_ASSIGNMENT (( #7502 ) ) ;
#2817 = ORIENTED_EDGE ( 'NONE', *, *, #8087, .F. ) ;
#2818 = ADVANCED_FACE ( 'NONE', ( #6520 ), #2527, .T. ) ;
#2819 = ADVANCED_FACE ( 'NONE', ( #4301 ), #6325, .F. ) ;
#2820 = FILL_AREA_STYLE ('',( #834 ) ) ;
#2821 = FILL_AREA_STYLE_COLOUR ( '', #3726 ) ;
#2822 = DIRECTION ( 'NONE',  ( 1.000000000000000000, 0.0000000000000000000, 0.0000000000000000000 ) ) ;
#2823 =( NAMED_UNIT ( * ) SI_UNIT ( $, .STERADIAN. ) SOLID_ANGLE_UNIT ( ) );
#2824 = VERTEX_POINT ( 'NONE', #2377 ) ;
#2825 =( NAMED_UNIT ( * ) SI_UNIT ( $, .STERADIAN. ) SOLID_ANGLE_UNIT ( ) );
#2826 = CARTESIAN_POINT ( 'NONE',  ( -3.309999999999999609, 8.199999999999999289, 0.4999999999999998890 ) ) ;
#2827 = ORIENTED_EDGE ( 'NONE', *, *, #3564, .T. ) ;
#2828 = CARTESIAN_POINT ( 'NONE',  ( 6.700000000000000178, 0.9000000000000000222, 0.3499999999999999778 ) ) ;
#2829 = VECTOR ( 'NONE', #6281, 1000.000000000000000 ) ;
#2830 = COLOUR_RGB ( '',0.1568627450980392135, 0.1568627450980392135, 0.1568627450980392135 ) ;
#2831 = ORIENTED_EDGE ( 'NONE', *, *, #730, .T. ) ;
#2832 = CARTESIAN_POINT ( 'NONE',  ( -9.689999999999999503, 8.500000000000000000, -0.8000000000000007105 ) ) ;
#2833 = ORIENTED_EDGE ( 'NONE', *, *, #4641, .T. ) ;
#2834 = CARTESIAN_POINT ( 'NONE',  ( 0.9200000000000000400, 7.500000000000000000, 0.3499999999999999778 ) ) ;
#2835 = ADVANCED_FACE ( 'NONE', ( #8526, #4397 ), #4974, .T. ) ;
#2836 = VECTOR ( 'NONE', #7722, 1000.000000000000000 ) ;
#2837 = DIRECTION ( 'NONE',  ( 0.0000000000000000000, 0.0000000000000000000, -1.000000000000000000 ) ) ;
#2838 = CARTESIAN_POINT ( 'NONE',  ( -0.9699999999999999734, 0.5000000000000000000, -0.1999999999999999833 ) ) ;
#2839 = VERTEX_POINT ( 'NONE', #4344 ) ;
#2840 = SURFACE_STYLE_USAGE ( .BOTH. , #160 ) ;
#2841 = CARTESIAN_POINT ( 'NONE',  ( -1.769999999999999352, 8.199999999999999289, 0.0000000000000000000 ) ) ;
#2842 = AXIS2_PLACEMENT_3D ( 'NONE', #2283, #1622, #1092 ) ;
#2843 = ORIENTED_EDGE ( 'NONE', *, *, #7167, .T. ) ;
#2844 = EDGE_CURVE ( 'NONE', #600, #597, #3792, .T. ) ;
#2845 = CARTESIAN_POINT ( 'NONE',  ( -4.309999999999999609, 7.500000000000000000, 0.5000000000000000000 ) ) ;
#2846 = LINE ( 'NONE', #4792, #6924 ) ;
#2847 = SURFACE_STYLE_FILL_AREA ( #2058 ) ;
#2848 = VECTOR ( 'NONE', #5140, 1000.000000000000000 ) ;
#2849 = FACE_OUTER_BOUND ( 'NONE', #3495, .T. ) ;
#2850 = SURFACE_SIDE_STYLE ('',( #4794 ) ) ;
#2851 = SURFACE_STYLE_FILL_AREA ( #4254 ) ;
#2852 = ORIENTED_EDGE ( 'NONE', *, *, #7601, .T. ) ;
#2853 = DIRECTION ( 'NONE',  ( -1.000000000000000000, -0.0000000000000000000, -0.0000000000000000000 ) ) ;
#2854 = UNCERTAINTY_MEASURE_WITH_UNIT (LENGTH_MEASURE( 1.000000000000000082E-05 ), #5602, 'distance_accuracy_value', 'NONE');
#2855 = DIRECTION ( 'NONE',  ( 1.000000000000000000, -0.0000000000000000000, 0.0000000000000000000 ) ) ;
#2856 = CARTESIAN_POINT ( 'NONE',  ( -10.41000000000000014, 7.500000000000000000, 0.7500000000000000000 ) ) ;
#2857 = LINE ( 'NONE', #8353, #657 ) ;
#2858 = FILL_AREA_STYLE ('',( #825 ) ) ;
#2859 = SURFACE_SIDE_STYLE ('',( #179 ) ) ;
#2860 = VECTOR ( 'NONE', #5031, 1000.000000000000000 ) ;
#2861 =( LENGTH_UNIT ( ) NAMED_UNIT ( * ) SI_UNIT ( .MILLI., .METRE. ) );
#2862 = EDGE_CURVE ( 'NONE', #3949, #7597, #7096, .T. ) ;
#2863 = EDGE_LOOP ( 'NONE', ( #2005, #5574, #3075, #7462 ) ) ;
#2864 = MECHANICAL_DESIGN_GEOMETRIC_PRESENTATION_REPRESENTATION (  '', ( #626 ), #2169 ) ;
#2865 = UNCERTAINTY_MEASURE_WITH_UNIT (LENGTH_MEASURE( 1.000000000000000082E-05 ), #4288, 'distance_accuracy_value', 'NONE');
#2866 = LINE ( 'NONE', #1447, #6235 ) ;
#2867 = DIRECTION ( 'NONE',  ( 1.000000000000000000, 0.0000000000000000000, 0.0000000000000000000 ) ) ;
#2868 = LINE ( 'NONE', #8364, #3183 ) ;
#2869 = ORIENTED_EDGE ( 'NONE', *, *, #5672, .F. ) ;
#2870 = DIRECTION ( 'NONE',  ( 1.000000000000000000, 0.0000000000000000000, -0.0000000000000000000 ) ) ;
#2871 = FACE_OUTER_BOUND ( 'NONE', #2126, .T. ) ;
#2872 = VERTEX_POINT ( 'NONE', #3124 ) ;
#2873 = SURFACE_STYLE_FILL_AREA ( #6694 ) ;
#2874 = VECTOR ( 'NONE', #1232, 1000.000000000000000 ) ;
#2875 = EDGE_CURVE ( 'NONE', #1772, #2453, #4484, .T. ) ;
#2876 = ORIENTED_EDGE ( 'NONE', *, *, #2995, .T. ) ;
#2877 = VERTEX_POINT ( 'NONE', #1134 ) ;
#2878 = VERTEX_POINT ( 'NONE', #3697 ) ;
#2879 = CARTESIAN_POINT ( 'NONE',  ( -5.850000000000001421, 8.199999999999999289, -0.5000000000000000000 ) ) ;
#2880 = VECTOR ( 'NONE', #4887, 1000.000000000000000 ) ;
#2881 = STYLED_ITEM ( 'NONE', ( #6907 ), #5053 ) ;
#2882 = VERTEX_POINT ( 'NONE', #5839 ) ;
#2883 =( NAMED_UNIT ( * ) PLANE_ANGLE_UNIT ( ) SI_UNIT ( $, .RADIAN. ) );
#2884 = ORIENTED_EDGE ( 'NONE', *, *, #6320, .T. ) ;
#2885 = CARTESIAN_POINT ( 'NONE',  ( 1.270000000000000018, 8.199999999999999289, 0.4999999999999993339 ) ) ;
#2886 = CARTESIAN_POINT ( 'NONE',  ( -10.41000000000000014, 0.5000000000000000000, -0.7500000000000000000 ) ) ;
#2887 = EDGE_CURVE ( 'NONE', #8680, #6301, #6499, .T. ) ;
#2888 = EDGE_CURVE ( 'NONE', #8583, #3779, #7624, .T. ) ;
#2889 = VECTOR ( 'NONE', #1833, 1000.000000000000000 ) ;
#2890 = COLOUR_RGB ( '',0.1568627450980392135, 0.1568627450980392135, 0.1568627450980392135 ) ;
#2891 = ORIENTED_EDGE ( 'NONE', *, *, #5323, .T. ) ;
#2892 = DIRECTION ( 'NONE',  ( 0.0000000000000000000, 0.0000000000000000000, -1.000000000000000000 ) ) ;
#2893 = VERTEX_POINT ( 'NONE', #997 ) ;
#2894 = SURFACE_STYLE_USAGE ( .BOTH. , #816 ) ;
#2895 = CARTESIAN_POINT ( 'NONE',  ( 5.549999999999998934, 8.500000000000000000, 0.8000000000000004885 ) ) ;
#2896 = CARTESIAN_POINT ( 'NONE',  ( 3.509999999999999787, 0.5000000000000000000, -0.2000000000000000111 ) ) ;
#2897 = FILL_AREA_STYLE ('',( #783 ) ) ;
#2898 = DIRECTION ( 'NONE',  ( 1.000000000000000000, -0.0000000000000000000, 0.0000000000000000000 ) ) ;
#2899 = DIRECTION ( 'NONE',  ( 0.2873478855662903730, -0.9578262852211679723, 0.0000000000000000000 ) ) ;
#2900 = EDGE_CURVE ( 'NONE', #5895, #5436, #1615, .T. ) ;
#2901 = EDGE_LOOP ( 'NONE', ( #2979, #6725, #7658, #7364 ) ) ;
#2902 = COLOUR_RGB ( '',0.1568627450980392135, 0.1568627450980392135, 0.1568627450980392135 ) ;
#2903 = DIRECTION ( 'NONE',  ( 1.000000000000000000, -0.0000000000000000000, 0.0000000000000000000 ) ) ;
#2904 = DIRECTION ( 'NONE',  ( 0.0000000000000000000, 0.7071067811865474617, 0.7071067811865474617 ) ) ;
#2905 = PRESENTATION_STYLE_ASSIGNMENT (( #6195 ) ) ;
#2906 = CARTESIAN_POINT ( 'NONE',  ( -3.310000000000000053, 7.500000000000000000, 0.5000000000000000000 ) ) ;
#2907 = LINE ( 'NONE', #2151, #3760 ) ;
#2908 = CARTESIAN_POINT ( 'NONE',  ( 0.5450000000000000400, 0.0000000000000000000, 0.7500000000000000000 ) ) ;
#2909 = MECHANICAL_DESIGN_GEOMETRIC_PRESENTATION_REPRESENTATION (  '', ( #2063 ), #6139 ) ;
#2910 = LINE ( 'NONE', #8264, #3016 ) ;
#2911 = EDGE_LOOP ( 'NONE', ( #8333, #7828, #1640, #821 ) ) ;
#2912 = DIRECTION ( 'NONE',  ( 0.0000000000000000000, -0.0000000000000000000, -1.000000000000000000 ) ) ;
#2913 = EDGE_CURVE ( 'NONE', #7563, #4604, #2990, .T. ) ;
#2914 = FILL_AREA_STYLE ('',( #6296 ) ) ;
#2915 = PLANE ( 'NONE',  #371 ) ;
#2916 = EDGE_LOOP ( 'NONE', ( #5807, #3481, #2983, #5961 ) ) ;
#2917 = FACE_OUTER_BOUND ( 'NONE', #4630, .T. ) ;
#2918 = DIRECTION ( 'NONE',  ( 0.2873478855662903730, 0.9578262852211679723, 0.0000000000000000000 ) ) ;
#2919 = VERTEX_POINT ( 'NONE', #6371 ) ;
#2920 = DIRECTION ( 'NONE',  ( 0.0000000000000000000, -1.000000000000000000, 0.0000000000000000000 ) ) ;
#2921 = ORIENTED_EDGE ( 'NONE', *, *, #4345, .T. ) ;
#2922 = FACE_OUTER_BOUND ( 'NONE', #6848, .T. ) ;
#2923 = VERTEX_POINT ( 'NONE', #6012 ) ;
#2924 =( LENGTH_UNIT ( ) NAMED_UNIT ( * ) SI_UNIT ( .MILLI., .METRE. ) );
#2925 = ADVANCED_FACE ( 'NONE', ( #7894 ), #3243, .T. ) ;
#2926 = DIRECTION ( 'NONE',  ( -0.0000000000000000000, -1.000000000000000000, -0.0000000000000000000 ) ) ;
#2927 = DIRECTION ( 'NONE',  ( 0.0000000000000000000, 0.0000000000000000000, -1.000000000000000000 ) ) ;
#2928 = ORIENTED_EDGE ( 'NONE', *, *, #3975, .T. ) ;
#2929 = CARTESIAN_POINT ( 'NONE',  ( 1.995000000000000329, 7.500000000000000000, 0.0000000000000000000 ) ) ;
#2930 = FACE_OUTER_BOUND ( 'NONE', #7130, .T. ) ;
#2931 = ORIENTED_EDGE ( 'NONE', *, *, #4120, .T. ) ;
#2932 = LINE ( 'NONE', #8468, #2848 ) ;
#2933 = DIRECTION ( 'NONE',  ( -1.000000000000000000, -0.0000000000000000000, 0.0000000000000000000 ) ) ;
#2934 = ORIENTED_EDGE ( 'NONE', *, *, #4511, .F. ) ;
#2935 = ORIENTED_EDGE ( 'NONE', *, *, #8087, .T. ) ;
#2936 = ADVANCED_FACE ( 'NONE', ( #6662 ), #3962, .T. ) ;
#2937 = CARTESIAN_POINT ( 'NONE',  ( 10.41000000000000014, 0.0000000000000000000, 0.0000000000000000000 ) ) ;
#2938 = EDGE_CURVE ( 'NONE', #4159, #7420, #528, .T. ) ;
#2939 = DIRECTION ( 'NONE',  ( 0.0000000000000000000, -0.0000000000000000000, -1.000000000000000000 ) ) ;
#2940 = DIRECTION ( 'NONE',  ( 0.0000000000000000000, 0.0000000000000000000, -1.000000000000000000 ) ) ;
#2941 = FACE_OUTER_BOUND ( 'NONE', #6224, .T. ) ;
#2942 = PLANE ( 'NONE',  #242 ) ;
#2943 = SURFACE_SIDE_STYLE ('',( #6018 ) ) ;
#2944 = PRESENTATION_STYLE_ASSIGNMENT (( #1657 ) ) ;
#2945 = ORIENTED_EDGE ( 'NONE', *, *, #8532, .T. ) ;
#2946 = LINE ( 'NONE', #5532, #2558 ) ;
#2947 = FACE_OUTER_BOUND ( 'NONE', #5139, .T. ) ;
#2948 = COLOUR_RGB ( '',0.1568627450980392135, 0.1568627450980392135, 0.1568627450980392135 ) ;
#2949 = EDGE_CURVE ( 'NONE', #2749, #1335, #612, .T. ) ;
#2950 = CARTESIAN_POINT ( 'NONE',  ( -6.349999999999999645, 8.349999999999999645, 0.6500000000000001332 ) ) ;
#2951 = PLANE ( 'NONE',  #6329 ) ;
#2952 = DIRECTION ( 'NONE',  ( -1.000000000000000000, 0.0000000000000000000, -0.0000000000000000000 ) ) ;
#2953 = DIRECTION ( 'NONE',  ( 0.0000000000000000000, -1.000000000000000000, 0.0000000000000000000 ) ) ;
#2954 = VECTOR ( 'NONE', #4262, 1000.000000000000000 ) ;
#2955 = FILL_AREA_STYLE ('',( #6875 ) ) ;
#2956 =( GEOMETRIC_REPRESENTATION_CONTEXT ( 3 ) GLOBAL_UNCERTAINTY_ASSIGNED_CONTEXT ( ( #5261 ) ) GLOBAL_UNIT_ASSIGNED_CONTEXT ( ( #403, #1717, #1186 ) ) REPRESENTATION_CONTEXT ( 'NONE', 'WORKASPACE' ) );
#2957 = ORIENTED_EDGE ( 'NONE', *, *, #5523, .F. ) ;
#2958 = DIRECTION ( 'NONE',  ( 0.0000000000000000000, 1.000000000000000000, 0.0000000000000000000 ) ) ;
#2959 = UNCERTAINTY_MEASURE_WITH_UNIT (LENGTH_MEASURE( 1.000000000000000082E-05 ), #4957, 'distance_accuracy_value', 'NONE');
#2960 = AXIS2_PLACEMENT_3D ( 'NONE', #2803, #170, #7674 ) ;
#2961 = ADVANCED_FACE ( 'NONE', ( #7941 ), #8615, .F. ) ;
#2962 = DIRECTION ( 'NONE',  ( 1.000000000000000000, 0.0000000000000000000, -0.0000000000000000000 ) ) ;
#2963 = STYLED_ITEM ( 'NONE', ( #4459 ), #1270 ) ;
#2964 = CARTESIAN_POINT ( 'NONE',  ( 2.020000000000000018, 0.0000000000000000000, 0.7500000000000000000 ) ) ;
#2965 = VERTEX_POINT ( 'NONE', #7351 ) ;
#2966 = LINE ( 'NONE', #5638, #3801 ) ;
#2967 = ORIENTED_EDGE ( 'NONE', *, *, #5403, .T. ) ;
#2968 = DIRECTION ( 'NONE',  ( 0.0000000000000000000, 0.7071067811865474617, 0.7071067811865474617 ) ) ;
#2969 = ORIENTED_EDGE ( 'NONE', *, *, #5355, .T. ) ;
#2970 = AXIS2_PLACEMENT_3D ( 'NONE', #4866, #6263, #7556 ) ;
#2971 = ORIENTED_EDGE ( 'NONE', *, *, #3927, .F. ) ;
#2972 =( NAMED_UNIT ( * ) SI_UNIT ( $, .STERADIAN. ) SOLID_ANGLE_UNIT ( ) );
#2973 =( LENGTH_UNIT ( ) NAMED_UNIT ( * ) SI_UNIT ( .MILLI., .METRE. ) );
#2974 = CARTESIAN_POINT ( 'NONE',  ( 4.110000000000001208, 0.5000000000000000000, -0.1999999999999999833 ) ) ;
#2975 = ORIENTED_EDGE ( 'NONE', *, *, #6374, .F. ) ;
#2976 = DIRECTION ( 'NONE',  ( -0.0000000000000000000, -1.000000000000000000, -0.0000000000000000000 ) ) ;
#2977 = VECTOR ( 'NONE', #7263, 1000.000000000000000 ) ;
#2978 = AXIS2_PLACEMENT_3D ( 'NONE', #1941, #3428, #6111 ) ;
#2979 = ORIENTED_EDGE ( 'NONE', *, *, #3383, .T. ) ;
#2980 = CARTESIAN_POINT ( 'NONE',  ( 0.9699999999999999734, -2.500000000000000000, 0.2000000000000000111 ) ) ;
#2981 = ORIENTED_EDGE ( 'NONE', *, *, #5262, .T. ) ;
#2982 = ADVANCED_FACE ( 'NONE', ( #1964 ), #6056, .T. ) ;
#2983 = ORIENTED_EDGE ( 'NONE', *, *, #5157, .T. ) ;
#2984 = AXIS2_PLACEMENT_3D ( 'NONE', #354, #5752, #4445 ) ;
#2985 = DIRECTION ( 'NONE',  ( -1.000000000000000000, -0.0000000000000000000, 0.0000000000000000000 ) ) ;
#2986 = CARTESIAN_POINT ( 'NONE',  ( -10.41000000000000014, 0.5000000000000000000, 0.7500000000000000000 ) ) ;
#2987 = CARTESIAN_POINT ( 'NONE',  ( 9.640000000000000568, 7.500000000000000000, 0.0000000000000000000 ) ) ;
#2988 = CARTESIAN_POINT ( 'NONE',  ( 4.559999999999999609, 0.5000000000000000000, -0.7500000000000000000 ) ) ;
#2989 = CARTESIAN_POINT ( 'NONE',  ( 7.100000000000000533, 7.500000000000000000, -0.7500000000000000000 ) ) ;
#2990 = LINE ( 'NONE', #8345, #1293 ) ;
#2991 = LINE ( 'NONE', #7577, #2540 ) ;
#2992 = MECHANICAL_DESIGN_GEOMETRIC_PRESENTATION_REPRESENTATION (  '', ( #6759 ), #2009 ) ;
#2993 = EDGE_LOOP ( 'NONE', ( #7799, #7873, #7425, #4142 ) ) ;
#2994 = EDGE_CURVE ( 'NONE', #1643, #4159, #6820, .T. ) ;
#2995 = EDGE_CURVE ( 'NONE', #7730, #2333, #5441, .T. ) ;
#2996 = CARTESIAN_POINT ( 'NONE',  ( -5.549999999999999822, 8.500000000000000000, -1.270000000000000018 ) ) ;
#2997 = DIRECTION ( 'NONE',  ( 0.0000000000000000000, -0.0000000000000000000, 1.000000000000000000 ) ) ;
#2998 = CARTESIAN_POINT ( 'NONE',  ( -6.850000000000000533, 7.500000000000000000, 0.5000000000000000000 ) ) ;
#2999 = CARTESIAN_POINT ( 'NONE',  ( 8.164999999999999147, 0.5000000000000000000, 0.7500000000000000000 ) ) ;
#3000 = LINE ( 'NONE', #2339, #1922 ) ;
#3001 = FILL_AREA_STYLE ('',( #6200 ) ) ;
#3002 = DIRECTION ( 'NONE',  ( 0.0000000000000000000, 1.000000000000000000, -0.0000000000000000000 ) ) ;
#3003 = DIRECTION ( 'NONE',  ( -1.000000000000000000, -0.0000000000000000000, 0.0000000000000000000 ) ) ;
#3004 = ADVANCED_FACE ( 'NONE', ( #4745 ), #200, .T. ) ;
#3005 = EDGE_CURVE ( 'NONE', #5681, #6168, #4875, .T. ) ;
#3006 = ORIENTED_EDGE ( 'NONE', *, *, #8176, .F. ) ;
#3007 = DIRECTION ( 'NONE',  ( 1.000000000000000000, 0.0000000000000000000, 0.0000000000000000000 ) ) ;
#3008 = CARTESIAN_POINT ( 'NONE',  ( 10.41000000000000014, 0.0000000000000000000, 1.270000000000000018 ) ) ;
#3009 = VERTEX_POINT ( 'NONE', #8245 ) ;
#3010 = LINE ( 'NONE', #6255, #4446 ) ;
#3011 = FILL_AREA_STYLE ('',( #1638 ) ) ;
#3012 = ORIENTED_EDGE ( 'NONE', *, *, #6772, .T. ) ;
#3013 = CARTESIAN_POINT ( 'NONE',  ( 8.390000000000000568, 0.5000000000000000000, -0.5000000000000000000 ) ) ;
#3014 = EDGE_CURVE ( 'NONE', #7529, #6951, #2219, .T. ) ;
#3015 = VERTEX_POINT ( 'NONE', #1508 ) ;
#3016 = VECTOR ( 'NONE', #2341, 1000.000000000000000 ) ;
#3017 = DIRECTION ( 'NONE',  ( 0.0000000000000000000, 0.0000000000000000000, -1.000000000000000000 ) ) ;
#3018 = ORIENTED_EDGE ( 'NONE', *, *, #5344, .F. ) ;
#3019 = LINE ( 'NONE', #5690, #1125 ) ;
#3020 = SURFACE_STYLE_USAGE ( .BOTH. , #4284 ) ;
#3021 = FILL_AREA_STYLE ('',( #7609 ) ) ;
#3022 = EDGE_LOOP ( 'NONE', ( #7338, #6565, #6170, #2250 ) ) ;
#3023 = PRESENTATION_LAYER_ASSIGNMENT (  '', '', ( #634 ) ) ;
#3024 = PLANE ( 'NONE',  #220 ) ;
#3025 = AXIS2_PLACEMENT_3D ( 'NONE', #482, #1831, #3833 ) ;
#3026 = VERTEX_POINT ( 'NONE', #6225 ) ;
#3027 = DIRECTION ( 'NONE',  ( -0.0000000000000000000, -1.000000000000000000, -0.0000000000000000000 ) ) ;
#3028 = ORIENTED_EDGE ( 'NONE', *, *, #4345, .F. ) ;
#3029 = AXIS2_PLACEMENT_3D ( 'NONE', #8585, #7908, #1897 ) ;
#3030 = CARTESIAN_POINT ( 'NONE',  ( 5.625000000000000000, 0.0000000000000000000, 0.7500000000000000000 ) ) ;
#3031 = FACE_OUTER_BOUND ( 'NONE', #2584, .T. ) ;
#3032 = CARTESIAN_POINT ( 'NONE',  ( -10.41000000000000014, 0.0000000000000000000, 1.270000000000000018 ) ) ;
#3033 = EDGE_CURVE ( 'NONE', #1511, #2877, #1557, .T. ) ;
#3034 = SURFACE_SIDE_STYLE ('',( #2376 ) ) ;
#3035 = DIRECTION ( 'NONE',  ( 0.0000000000000000000, 1.000000000000000000, 0.0000000000000000000 ) ) ;
#3036 = STYLED_ITEM ( 'NONE', ( #5732 ), #6385 ) ;
#3037 = CARTESIAN_POINT ( 'NONE',  ( 8.390000000000000568, 8.500000000000000000, 0.5000000000000000000 ) ) ;
#3038 = VECTOR ( 'NONE', #2551, 1000.000000000000000 ) ;
#3039 = ORIENTED_EDGE ( 'NONE', *, *, #154, .F. ) ;
#3040 =( NAMED_UNIT ( * ) PLANE_ANGLE_UNIT ( ) SI_UNIT ( $, .RADIAN. ) );
#3041 = LINE ( 'NONE', #8439, #2836 ) ;
#3042 = VECTOR ( 'NONE', #7938, 1000.000000000000000 ) ;
#3043 = DIRECTION ( 'NONE',  ( -0.0000000000000000000, -1.000000000000000000, -0.0000000000000000000 ) ) ;
#3044 = EDGE_CURVE ( 'NONE', #3995, #5857, #6742, .T. ) ;
#3045 = CARTESIAN_POINT ( 'NONE',  ( -6.850000000000000533, 8.199999999999999289, 0.4999999999999998890 ) ) ;
#3046 = CARTESIAN_POINT ( 'NONE',  ( 5.549999999999998934, 8.500000000000000000, -0.8000000000000004885 ) ) ;
#3047 = PRESENTATION_STYLE_ASSIGNMENT (( #2474 ) ) ;
#3048 = CARTESIAN_POINT ( 'NONE',  ( -10.41000000000000014, 0.5000000000000000000, -0.7500000000000000000 ) ) ;
#3049 = SURFACE_STYLE_USAGE ( .BOTH. , #5629 ) ;
#3050 = VECTOR ( 'NONE', #1987, 1000.000000000000000 ) ;
#3051 = ORIENTED_EDGE ( 'NONE', *, *, #7258, .T. ) ;
#3052 = UNCERTAINTY_MEASURE_WITH_UNIT (LENGTH_MEASURE( 1.000000000000000082E-05 ), #8148, 'distance_accuracy_value', 'NONE');
#3053 = AXIS2_PLACEMENT_3D ( 'NONE', #7053, #8399, #4490 ) ;
#3054 = LINE ( 'NONE', #5809, #7490 ) ;
#3055 = EDGE_CURVE ( 'NONE', #5047, #7567, #7568, .T. ) ;
#3056 = EDGE_CURVE ( 'NONE', #4648, #5657, #898, .T. ) ;
#3057 = CARTESIAN_POINT ( 'NONE',  ( 6.000000000000000000, 7.500000000000000000, -0.3499999999999999778 ) ) ;
#3058 = ORIENTED_EDGE ( 'NONE', *, *, #524, .T. ) ;
#3059 = DIRECTION ( 'NONE',  ( -1.000000000000000000, 0.0000000000000000000, -0.0000000000000000000 ) ) ;
#3060 = DIRECTION ( 'NONE',  ( 1.000000000000000000, -0.0000000000000000000, 0.0000000000000000000 ) ) ;
#3061 = VERTEX_POINT ( 'NONE', #4121 ) ;
#3062 = CARTESIAN_POINT ( 'NONE',  ( 0.9200000000000000400, 0.9000000000000001332, 0.3499999999999999778 ) ) ;
#3063 = MECHANICAL_DESIGN_GEOMETRIC_PRESENTATION_REPRESENTATION (  '', ( #4610 ), #7815 ) ;
#3064 = ORIENTED_EDGE ( 'NONE', *, *, #7108, .T. ) ;
#3065 =( NAMED_UNIT ( * ) PLANE_ANGLE_UNIT ( ) SI_UNIT ( $, .RADIAN. ) );
#3066 = DIRECTION ( 'NONE',  ( -0.0000000000000000000, -0.0000000000000000000, 1.000000000000000000 ) ) ;
#3067 = CARTESIAN_POINT ( 'NONE',  ( 7.100000000000000533, 0.5000000000000000000, -0.7500000000000000000 ) ) ;
#3068 = EDGE_CURVE ( 'NONE', #8185, #4372, #4195, .T. ) ;
#3069 = DIRECTION ( 'NONE',  ( 0.0000000000000000000, 1.000000000000000000, 0.0000000000000000000 ) ) ;
#3070 = VERTEX_POINT ( 'NONE', #731 ) ;
#3071 = FACE_OUTER_BOUND ( 'NONE', #1899, .T. ) ;
#3072 = ORIENTED_EDGE ( 'NONE', *, *, #6373, .T. ) ;
#3073 = DIRECTION ( 'NONE',  ( -1.000000000000000000, -0.0000000000000000000, 0.0000000000000000000 ) ) ;
#3074 = ORIENTED_EDGE ( 'NONE', *, *, #4392, .F. ) ;
#3075 = ORIENTED_EDGE ( 'NONE', *, *, #4041, .T. ) ;
#3076 = DIRECTION ( 'NONE',  ( -0.0000000000000000000, -1.000000000000000000, -0.0000000000000000000 ) ) ;
#3077 = DIRECTION ( 'NONE',  ( 1.000000000000000000, 0.0000000000000000000, -0.0000000000000000000 ) ) ;
#3078 = CARTESIAN_POINT ( 'NONE',  ( 8.539999999999999147, 0.9000000000000001332, 0.0000000000000000000 ) ) ;
#3079 = DIRECTION ( 'NONE',  ( 0.0000000000000000000, -1.000000000000000000, 0.0000000000000000000 ) ) ;
#3080 = LINE ( 'NONE', #8525, #8529 ) ;
#3081 =( NAMED_UNIT ( * ) PLANE_ANGLE_UNIT ( ) SI_UNIT ( $, .RADIAN. ) );
#3082 =( NAMED_UNIT ( * ) PLANE_ANGLE_UNIT ( ) SI_UNIT ( $, .RADIAN. ) );
#3083 = ORIENTED_EDGE ( 'NONE', *, *, #5880, .F. ) ;
#3084 = EDGE_CURVE ( 'NONE', #6407, #646, #6900, .T. ) ;
#3085 = LINE ( 'NONE', #7630, #1861 ) ;
#3086 = CARTESIAN_POINT ( 'NONE',  ( -4.309999999999999609, 7.500000000000000000, -0.5000000000000000000 ) ) ;
#3087 = CARTESIAN_POINT ( 'NONE',  ( -5.599999999999999645, 0.0000000000000000000, 0.7500000000000000000 ) ) ;
#3088 = VERTEX_POINT ( 'NONE', #3587 ) ;
#3089 = MECHANICAL_DESIGN_GEOMETRIC_PRESENTATION_REPRESENTATION (  '', ( #3645 ), #963 ) ;
#3090 = ORIENTED_EDGE ( 'NONE', *, *, #2412, .F. ) ;
#3091 = EDGE_CURVE ( 'NONE', #8381, #946, #29, .T. ) ;
#3092 = DIRECTION ( 'NONE',  ( -0.0000000000000000000, 0.0000000000000000000, 1.000000000000000000 ) ) ;
#3093 = PLANE ( 'NONE',  #1005 ) ;
#3094 = AXIS2_PLACEMENT_3D ( 'NONE', #1762, #7727, #4449 ) ;
#3095 = DIRECTION ( 'NONE',  ( 0.0000000000000000000, -0.0000000000000000000, 1.000000000000000000 ) ) ;
#3096 = ORIENTED_EDGE ( 'NONE', *, *, #1435, .F. ) ;
#3097 = ORIENTED_EDGE ( 'NONE', *, *, #6014, .T. ) ;
#3098 = PLANE ( 'NONE',  #6902 ) ;
#3099 = ORIENTED_EDGE ( 'NONE', *, *, #7098, .F. ) ;
#3100 = EDGE_CURVE ( 'NONE', #1687, #6090, #3493, .T. ) ;
#3101 =( LENGTH_UNIT ( ) NAMED_UNIT ( * ) SI_UNIT ( .MILLI., .METRE. ) );
#3102 = VECTOR ( 'NONE', #8255, 1000.000000000000000 ) ;
#3103 = EDGE_CURVE ( 'NONE', #3246, #1279, #4160, .T. ) ;
#3104 = COLOUR_RGB ( '',0.1568627450980392135, 0.1568627450980392135, 0.1568627450980392135 ) ;
#3105 = AXIS2_PLACEMENT_3D ( 'NONE', #1875, #1829, #5829 ) ;
#3106 = CARTESIAN_POINT ( 'NONE',  ( 1.770000000000000018, 0.0000000000000000000, 0.0000000000000000000 ) ) ;
#3107 = LINE ( 'NONE', #5777, #4029 ) ;
#3108 = EDGE_LOOP ( 'NONE', ( #6856, #2718, #3859, #2514 ) ) ;
#3109 = CARTESIAN_POINT ( 'NONE',  ( -10.41000000000000014, 0.5000000000000000000, 0.7500000000000000000 ) ) ;
#3110 = CARTESIAN_POINT ( 'NONE',  ( -7.075000000000000178, 7.500000000000000000, -0.7500000000000000000 ) ) ;
#3111 =( GEOMETRIC_REPRESENTATION_CONTEXT ( 3 ) GLOBAL_UNCERTAINTY_ASSIGNED_CONTEXT ( ( #5493 ) ) GLOBAL_UNIT_ASSIGNED_CONTEXT ( ( #3924, #4001, #8697 ) ) REPRESENTATION_CONTEXT ( 'NONE', 'WORKASPACE' ) );
#3112 = SURFACE_STYLE_USAGE ( .BOTH. , #8382 ) ;
#3113 = SURFACE_SIDE_STYLE ('',( #2411 ) ) ;
#3114 = ORIENTED_EDGE ( 'NONE', *, *, #6720, .F. ) ;
#3115 = CARTESIAN_POINT ( 'NONE',  ( -10.41000000000000014, 8.500000000000000000, 0.8000000000000001554 ) ) ;
#3116 = EDGE_CURVE ( 'NONE', #1156, #146, #7392, .T. ) ;
#3117 = ORIENTED_EDGE ( 'NONE', *, *, #1518, .T. ) ;
#3118 = AXIS2_PLACEMENT_3D ( 'NONE', #3106, #977, #7697 ) ;
#3119 = VECTOR ( 'NONE', #2065, 1000.000000000000000 ) ;
#3120 = DIRECTION ( 'NONE',  ( 0.0000000000000000000, 0.0000000000000000000, -1.000000000000000000 ) ) ;
#3121 = LINE ( 'NONE', #3789, #7639 ) ;
#3122 = DIRECTION ( 'NONE',  ( -1.000000000000000000, 0.0000000000000000000, -0.0000000000000000000 ) ) ;
#3123 = DIRECTION ( 'NONE',  ( 0.0000000000000000000, -0.0000000000000000000, -1.000000000000000000 ) ) ;
#3124 = CARTESIAN_POINT ( 'NONE',  ( -0.5199999999999997957, 0.5000000000000000000, 0.7500000000000000000 ) ) ;
#3125 = ORIENTED_EDGE ( 'NONE', *, *, #4552, .F. ) ;
#3126 = VECTOR ( 'NONE', #6996, 1000.000000000000000 ) ;
#3127 = FACE_OUTER_BOUND ( 'NONE', #284, .T. ) ;
#3128 =( NAMED_UNIT ( * ) SI_UNIT ( $, .STERADIAN. ) SOLID_ANGLE_UNIT ( ) );
#3129 =( NAMED_UNIT ( * ) PLANE_ANGLE_UNIT ( ) SI_UNIT ( $, .RADIAN. ) );
#3130 = DIRECTION ( 'NONE',  ( 0.0000000000000000000, 0.0000000000000000000, -1.000000000000000000 ) ) ;
#3131 =( NAMED_UNIT ( * ) PLANE_ANGLE_UNIT ( ) SI_UNIT ( $, .RADIAN. ) );
#3132 = ORIENTED_EDGE ( 'NONE', *, *, #6436, .F. ) ;
#3133 = VERTEX_POINT ( 'NONE', #8106 ) ;
#3134 = FILL_AREA_STYLE ('',( #3803 ) ) ;
#3135 = AXIS2_PLACEMENT_3D ( 'NONE', #653, #2091, #4783 ) ;
#3136 = CARTESIAN_POINT ( 'NONE',  ( 1.770000000000000018, 7.500000000000000000, 0.0000000000000000000 ) ) ;
#3137 = CARTESIAN_POINT ( 'NONE',  ( -10.41000000000000014, 0.5000000000000000000, 0.7500000000000000000 ) ) ;
#3138 = ORIENTED_EDGE ( 'NONE', *, *, #8201, .T. ) ;
#3139 = ADVANCED_FACE ( 'NONE', ( #5478 ), #2136, .T. ) ;
#3140 = LINE ( 'NONE', #5303, #118 ) ;
#3141 = VECTOR ( 'NONE', #3951, 1000.000000000000000 ) ;
#3142 = ORIENTED_EDGE ( 'NONE', *, *, #4806, .T. ) ;
#3143 = CARTESIAN_POINT ( 'NONE',  ( -6.199999999999985967, -3.000000000000004441, 0.0000000000000000000 ) ) ;
#3144 = ORIENTED_EDGE ( 'NONE', *, *, #8689, .T. ) ;
#3145 = DIRECTION ( 'NONE',  ( -1.000000000000000000, -0.0000000000000000000, -0.0000000000000000000 ) ) ;
#3146 =( GEOMETRIC_REPRESENTATION_CONTEXT ( 3 ) GLOBAL_UNCERTAINTY_ASSIGNED_CONTEXT ( ( #1632 ) ) GLOBAL_UNIT_ASSIGNED_CONTEXT ( ( #5769, #6935, #283 ) ) REPRESENTATION_CONTEXT ( 'NONE', 'WORKASPACE' ) );
#3147 = CARTESIAN_POINT ( 'NONE',  ( -10.41000000000000014, 0.5000000000000000000, 0.7500000000000000000 ) ) ;
#3148 = DIRECTION ( 'NONE',  ( 0.0000000000000000000, 0.7071067811865474617, 0.7071067811865474617 ) ) ;
#3149 = ORIENTED_EDGE ( 'NONE', *, *, #5559, .T. ) ;
#3150 = DIRECTION ( 'NONE',  ( -0.0000000000000000000, 0.0000000000000000000, 1.000000000000000000 ) ) ;
#3151 = ADVANCED_FACE ( 'NONE', ( #6987 ), #4334, .F. ) ;
#3152 = ORIENTED_EDGE ( 'NONE', *, *, #7918, .F. ) ;
#3153 = LINE ( 'NONE', #8515, #4251 ) ;
#3154 = VECTOR ( 'NONE', #3546, 1000.000000000000000 ) ;
#3155 = ORIENTED_EDGE ( 'NONE', *, *, #1938, .T. ) ;
#3156 = DIRECTION ( 'NONE',  ( -1.000000000000000000, -0.0000000000000000000, -0.0000000000000000000 ) ) ;
#3157 = EDGE_LOOP ( 'NONE', ( #7526, #7896, #4760, #4243 ) ) ;
#3158 = CARTESIAN_POINT ( 'NONE',  ( -3.060000000000000053, 0.5000000000000000000, 0.7500000000000000000 ) ) ;
#3159 = FACE_OUTER_BOUND ( 'NONE', #4747, .T. ) ;
#3160 =( NAMED_UNIT ( * ) SI_UNIT ( $, .STERADIAN. ) SOLID_ANGLE_UNIT ( ) );
#3161 = LINE ( 'NONE', #527, #6486 ) ;
#3162 = EDGE_CURVE ( 'NONE', #7730, #6003, #7754, .T. ) ;
#3163 = PLANE ( 'NONE',  #2356 ) ;
#3164 = EDGE_CURVE ( 'NONE', #5225, #8505, #295, .T. ) ;
#3165 = PRESENTATION_STYLE_ASSIGNMENT (( #5187 ) ) ;
#3166 = COLOUR_RGB ( '',0.1568627450980392135, 0.1568627450980392135, 0.1568627450980392135 ) ;
#3167 = VECTOR ( 'NONE', #6152, 1000.000000000000000 ) ;
#3168 = EDGE_LOOP ( 'NONE', ( #3303, #7758, #4389, #630 ) ) ;
#3169 =( NAMED_UNIT ( * ) PLANE_ANGLE_UNIT ( ) SI_UNIT ( $, .RADIAN. ) );
#3170 = AXIS2_PLACEMENT_3D ( 'NONE', #3635, #5743, #6321 ) ;
#3171 = CARTESIAN_POINT ( 'NONE',  ( -1.420000000000003704, -3.000000000000000888, -0.2000000000000000389 ) ) ;
#3172 = VECTOR ( 'NONE', #4481, 1000.000000000000000 ) ;
#3173 = DIRECTION ( 'NONE',  ( 1.000000000000000000, -0.0000000000000000000, 0.0000000000000000000 ) ) ;
#3174 = EDGE_CURVE ( 'NONE', #4470, #6533, #4386, .T. ) ;
#3175 = DIRECTION ( 'NONE',  ( 0.0000000000000000000, 0.0000000000000000000, -1.000000000000000000 ) ) ;
#3176 = CARTESIAN_POINT ( 'NONE',  ( -9.615000000000000213, 7.500000000000000000, 0.0000000000000000000 ) ) ;
#3177 = EDGE_LOOP ( 'NONE', ( #2827, #2852, #6890, #2162 ) ) ;
#3178 = VECTOR ( 'NONE', #6981, 1000.000000000000000 ) ;
#3179 = VERTEX_POINT ( 'NONE', #1030 ) ;
#3180 = SURFACE_STYLE_FILL_AREA ( #501 ) ;
#3181 = DIRECTION ( 'NONE',  ( 1.000000000000000000, 0.0000000000000000000, 0.0000000000000000000 ) ) ;
#3182 = VERTEX_POINT ( 'NONE', #7127 ) ;
#3183 = VECTOR ( 'NONE', #2161, 1000.000000000000000 ) ;
#3184 = LINE ( 'NONE', #7827, #5058 ) ;
#3185 = ORIENTED_EDGE ( 'NONE', *, *, #8018, .F. ) ;
#3186 = LINE ( 'NONE', #2615, #4977 ) ;
#3187 = ORIENTED_EDGE ( 'NONE', *, *, #5730, .F. ) ;
#3188 = CARTESIAN_POINT ( 'NONE',  ( -9.615000000000000213, 0.5000000000000000000, -0.7500000000000000000 ) ) ;
#3189 = VECTOR ( 'NONE', #701, 1000.000000000000000 ) ;
#3190 = SURFACE_STYLE_USAGE ( .BOTH. , #3905 ) ;
#3191 = EDGE_CURVE ( 'NONE', #3563, #6090, #3734, .T. ) ;
#3192 = LINE ( 'NONE', #1285, #7580 ) ;
#3193 = FILL_AREA_STYLE ('',( #5215 ) ) ;
#3194 = ORIENTED_EDGE ( 'NONE', *, *, #2228, .F. ) ;
#3195 = VERTEX_POINT ( 'NONE', #942 ) ;
#3196 = DIRECTION ( 'NONE',  ( -0.5773502691896266192, -0.5773502691896266192, 0.5773502691896239547 ) ) ;
#3197 = SURFACE_STYLE_USAGE ( .BOTH. , #3113 ) ;
#3198 = ORIENTED_EDGE ( 'NONE', *, *, #1914, .T. ) ;
#3199 = LINE ( 'NONE', #1124, #5897 ) ;
#3200 = ORIENTED_EDGE ( 'NONE', *, *, #1427, .F. ) ;
#3201 = EDGE_CURVE ( 'NONE', #3246, #5435, #387, .T. ) ;
#3202 = SURFACE_STYLE_USAGE ( .BOTH. , #8560 ) ;
#3203 = DIRECTION ( 'NONE',  ( 0.0000000000000000000, -0.0000000000000000000, 1.000000000000000000 ) ) ;
#3204 = DIRECTION ( 'NONE',  ( -0.0000000000000000000, -1.000000000000000000, -0.0000000000000000000 ) ) ;
#3205 =( NAMED_UNIT ( * ) PLANE_ANGLE_UNIT ( ) SI_UNIT ( $, .RADIAN. ) );
#3206 = ORIENTED_EDGE ( 'NONE', *, *, #33, .T. ) ;
#3207 = EDGE_CURVE ( 'NONE', #934, #3434, #5784, .T. ) ;
#3208 = DIRECTION ( 'NONE',  ( 1.000000000000000000, -0.0000000000000000000, 0.0000000000000000000 ) ) ;
#3209 = CARTESIAN_POINT ( 'NONE',  ( 0.4699999999999994182, 8.500000000000000000, 0.8000000000000005995 ) ) ;
#3210 = CARTESIAN_POINT ( 'NONE',  ( -1.119999999999996332, -3.000000000000000888, 0.2000000000000000389 ) ) ;
#3211 = DIRECTION ( 'NONE',  ( -0.7071067811865475727, 0.7071067811865475727, 0.0000000000000000000 ) ) ;
#3212 =( NAMED_UNIT ( * ) SI_UNIT ( $, .STERADIAN. ) SOLID_ANGLE_UNIT ( ) );
#3213 = LINE ( 'NONE', #3176, #3653 ) ;
#3214 = ORIENTED_EDGE ( 'NONE', *, *, #8594, .T. ) ;
#3215 = VERTEX_POINT ( 'NONE', #3630 ) ;
#3216 = CARTESIAN_POINT ( 'NONE',  ( 9.039999999999999147, -3.000000000000000000, 0.2000000000000000111 ) ) ;
#3217 = EDGE_CURVE ( 'NONE', #398, #6007, #2932, .T. ) ;
#3218 = CARTESIAN_POINT ( 'NONE',  ( -4.559999999999999609, 0.5000000000000000000, 0.0000000000000000000 ) ) ;
#3219 =( NAMED_UNIT ( * ) PLANE_ANGLE_UNIT ( ) SI_UNIT ( $, .RADIAN. ) );
#3220 = LINE ( 'NONE', #4460, #2187 ) ;
#3221 = ORIENTED_EDGE ( 'NONE', *, *, #2524, .F. ) ;
#3222 = VERTEX_POINT ( 'NONE', #1783 ) ;
#3223 = CARTESIAN_POINT ( 'NONE',  ( -1.770000000000000018, 7.500000000000000000, -0.5000000000000000000 ) ) ;
#3224 = ORIENTED_EDGE ( 'NONE', *, *, #1803, .T. ) ;
#3225 = UNCERTAINTY_MEASURE_WITH_UNIT (LENGTH_MEASURE( 1.000000000000000082E-05 ), #2924, 'distance_accuracy_value', 'NONE');
#3226 = DIRECTION ( 'NONE',  ( 0.0000000000000000000, 0.0000000000000000000, -1.000000000000000000 ) ) ;
#3227 = CARTESIAN_POINT ( 'NONE',  ( -0.9200000000000000400, 0.9000000000000001332, -0.3499999999999999778 ) ) ;
#3228 = COLOUR_RGB ( '',0.1568627450980392135, 0.1568627450980392135, 0.1568627450980392135 ) ;
#3229 = ORIENTED_EDGE ( 'NONE', *, *, #2709, .F. ) ;
#3230 = CARTESIAN_POINT ( 'NONE',  ( 5.625000000000000000, 7.500000000000000000, -0.7500000000000000000 ) ) ;
#3231 = DIRECTION ( 'NONE',  ( -1.000000000000000000, 0.0000000000000000000, -0.0000000000000000000 ) ) ;
#3232 = ORIENTED_EDGE ( 'NONE', *, *, #1003, .T. ) ;
#3233 = CARTESIAN_POINT ( 'NONE',  ( 1.620000000000000107, 0.9000000000000000222, 0.3499999999999999778 ) ) ;
#3234 = EDGE_LOOP ( 'NONE', ( #4699, #3039, #4064, #7069 ) ) ;
#3235 = CARTESIAN_POINT ( 'NONE',  ( 8.390000000000000568, 7.500000000000000000, 0.5000000000000000000 ) ) ;
#3236 = VECTOR ( 'NONE', #6205, 1000.000000000000000 ) ;
#3237 = EDGE_LOOP ( 'NONE', ( #6986, #2085, #57, #7511 ) ) ;
#3238 = SURFACE_STYLE_USAGE ( .BOTH. , #3997 ) ;
#3239 = DIRECTION ( 'NONE',  ( 0.0000000000000000000, 0.0000000000000000000, -1.000000000000000000 ) ) ;
#3240 = CARTESIAN_POINT ( 'NONE',  ( 9.390000000000000568, 0.0000000000000000000, 0.0000000000000000000 ) ) ;
#3241 = CARTESIAN_POINT ( 'NONE',  ( -2.020000000000000018, 0.0000000000000000000, 0.0000000000000000000 ) ) ;
#3242 = AXIS2_PLACEMENT_3D ( 'NONE', #7114, #1898, #8587 ) ;
#3243 = PLANE ( 'NONE',  #8030 ) ;
#3244 = SURFACE_STYLE_FILL_AREA ( #30 ) ;
#3245 = EDGE_CURVE ( 'NONE', #4953, #294, #4474, .T. ) ;
#3246 = VERTEX_POINT ( 'NONE', #3325 ) ;
#3247 = VECTOR ( 'NONE', #8246, 1000.000000000000114 ) ;
#3248 = SURFACE_STYLE_USAGE ( .BOTH. , #5283 ) ;
#3249 = COLOUR_RGB ( '',0.1568627450980392135, 0.1568627450980392135, 0.1568627450980392135 ) ;
#3250 = CARTESIAN_POINT ( 'NONE',  ( -9.640000000000000568, 7.500000000000000000, -0.7500000000000000000 ) ) ;
#3251 = CARTESIAN_POINT ( 'NONE',  ( 8.589999999999999858, 0.0000000000000000000, 0.2000000000000000111 ) ) ;
#3252 = LINE ( 'NONE', #4004, #7446 ) ;
#3253 = DIRECTION ( 'NONE',  ( -0.0000000000000000000, 0.0000000000000000000, 1.000000000000000000 ) ) ;
#3254 = PLANE ( 'NONE',  #7637 ) ;
#3255 = ORIENTED_EDGE ( 'NONE', *, *, #463, .T. ) ;
#3256 = SURFACE_STYLE_FILL_AREA ( #3846 ) ;
#3257 = ADVANCED_FACE ( 'NONE', ( #2583 ), #8012, .T. ) ;
#3258 = STYLED_ITEM ( 'NONE', ( #7565 ), #2213 ) ;
#3259 = EDGE_CURVE ( 'NONE', #6819, #3700, #4563, .T. ) ;
#3260 = ORIENTED_EDGE ( 'NONE', *, *, #5926, .T. ) ;
#3261 = ORIENTED_EDGE ( 'NONE', *, *, #4667, .T. ) ;
#3262 = VECTOR ( 'NONE', #7986, 1000.000000000000000 ) ;
#3263 = FACE_OUTER_BOUND ( 'NONE', #8078, .T. ) ;
#3264 =( NAMED_UNIT ( * ) SI_UNIT ( $, .STERADIAN. ) SOLID_ANGLE_UNIT ( ) );
#3265 = CARTESIAN_POINT ( 'NONE',  ( 3.084999999999999964, 0.5000000000000000000, 0.7500000000000000000 ) ) ;
#3266 = VERTEX_POINT ( 'NONE', #601 ) ;
#3267 = ADVANCED_FACE ( 'NONE', ( #8555 ), #4518, .T. ) ;
#3268 = ORIENTED_EDGE ( 'NONE', *, *, #2070, .F. ) ;
#3269 = EDGE_CURVE ( 'NONE', #4338, #548, #6573, .T. ) ;
#3270 = LINE ( 'NONE', #3143, #1438 ) ;
#3271 = AXIS2_PLACEMENT_3D ( 'NONE', #6701, #7391, #74 ) ;
#3272 = ORIENTED_EDGE ( 'NONE', *, *, #5238, .F. ) ;
#3273 = VECTOR ( 'NONE', #4076, 1000.000000000000000 ) ;
#3274 = DIRECTION ( 'NONE',  ( -1.000000000000000000, -0.0000000000000000000, 0.0000000000000000000 ) ) ;
#3275 = CARTESIAN_POINT ( 'NONE',  ( -10.41000000000000014, 0.5000000000000000000, -0.7500000000000000000 ) ) ;
#3276 = ORIENTED_EDGE ( 'NONE', *, *, #2618, .F. ) ;
#3277 = SURFACE_SIDE_STYLE ('',( #6525 ) ) ;
#3278 = CARTESIAN_POINT ( 'NONE',  ( 8.539999999999999147, 0.9000000000000000222, 0.3499999999999999778 ) ) ;
#3279 = ORIENTED_EDGE ( 'NONE', *, *, #5403, .F. ) ;
#3280 = EDGE_CURVE ( 'NONE', #1805, #759, #6002, .T. ) ;
#3281 = DIRECTION ( 'NONE',  ( 0.0000000000000000000, -0.0000000000000000000, 1.000000000000000000 ) ) ;
#3282 = ORIENTED_EDGE ( 'NONE', *, *, #5474, .F. ) ;
#3283 = MECHANICAL_DESIGN_GEOMETRIC_PRESENTATION_REPRESENTATION (  '', ( #6643 ), #887 ) ;
#3284 = CARTESIAN_POINT ( 'NONE',  ( -9.240000000000000213, 7.500000000000000000, 0.3499999999999999778 ) ) ;
#3285 = VERTEX_POINT ( 'NONE', #7297 ) ;
#3286 = DIRECTION ( 'NONE',  ( 1.000000000000000000, -0.0000000000000000000, 0.0000000000000000000 ) ) ;
#3287 = CARTESIAN_POINT ( 'NONE',  ( -4.610000000000001208, 8.500000000000000000, 0.8000000000000005995 ) ) ;
#3288 = CARTESIAN_POINT ( 'NONE',  ( 3.009999999999999343, 8.500000000000000000, 0.8000000000000004885 ) ) ;
#3289 = AXIS2_PLACEMENT_3D ( 'NONE', #690, #7482, #8206 ) ;
#3290 = DIRECTION ( 'NONE',  ( 0.0000000000000000000, 0.0000000000000000000, -1.000000000000000000 ) ) ;
#3291 = DIRECTION ( 'NONE',  ( 0.0000000000000000000, 0.0000000000000000000, -1.000000000000000000 ) ) ;
#3292 = VERTEX_POINT ( 'NONE', #557 ) ;
#3293 = AXIS2_PLACEMENT_3D ( 'NONE', #990, #6906, #1082 ) ;
#3294 = EDGE_CURVE ( 'NONE', #3434, #1375, #5959, .T. ) ;
#3295 = DIRECTION ( 'NONE',  ( 0.5773502691896266192, -0.5773502691896266192, -0.5773502691896239547 ) ) ;
#3296 = FACE_OUTER_BOUND ( 'NONE', #7476, .T. ) ;
#3297 = DIRECTION ( 'NONE',  ( 1.000000000000000000, 0.0000000000000000000, 0.0000000000000000000 ) ) ;
#3298 = ORIENTED_EDGE ( 'NONE', *, *, #5355, .F. ) ;
#3299 = MECHANICAL_DESIGN_GEOMETRIC_PRESENTATION_REPRESENTATION (  '', ( #902 ), #352 ) ;
#3300 =( NAMED_UNIT ( * ) PLANE_ANGLE_UNIT ( ) SI_UNIT ( $, .RADIAN. ) );
#3301 = VECTOR ( 'NONE', #2438, 1000.000000000000000 ) ;
#3302 = EDGE_LOOP ( 'NONE', ( #2440, #6372, #3953, #6975 ) ) ;
#3303 = ORIENTED_EDGE ( 'NONE', *, *, #991, .T. ) ;
#3304 = FILL_AREA_STYLE ('',( #6713 ) ) ;
#3305 = VECTOR ( 'NONE', #7193, 1000.000000000000000 ) ;
#3306 = ADVANCED_FACE ( 'NONE', ( #1290 ), #8607, .F. ) ;
#3307 = CARTESIAN_POINT ( 'NONE',  ( 9.640000000000000568, 0.5000000000000000000, 0.7500000000000000000 ) ) ;
#3308 =( LENGTH_UNIT ( ) NAMED_UNIT ( * ) SI_UNIT ( .MILLI., .METRE. ) );
#3309 = DIRECTION ( 'NONE',  ( -0.7071067811865474617, -0.7071067811865474617, 0.0000000000000000000 ) ) ;
#3310 = ORIENTED_EDGE ( 'NONE', *, *, #3294, .T. ) ;
#3311 =( NAMED_UNIT ( * ) SI_UNIT ( $, .STERADIAN. ) SOLID_ANGLE_UNIT ( ) );
#3312 = VERTEX_POINT ( 'NONE', #5314 ) ;
#3313 = CARTESIAN_POINT ( 'NONE',  ( 6.649999999999995914, -2.499999999999998668, -0.2000000000000000389 ) ) ;
#3314 = VECTOR ( 'NONE', #7031, 1000.000000000000000 ) ;
#3315 = AXIS2_PLACEMENT_3D ( 'NONE', #6049, #6738, #26 ) ;
#3316 = ORIENTED_EDGE ( 'NONE', *, *, #5330, .T. ) ;
#3317 = EDGE_CURVE ( 'NONE', #3576, #4137, #6530, .T. ) ;
#3318 = UNCERTAINTY_MEASURE_WITH_UNIT (LENGTH_MEASURE( 1.000000000000000082E-05 ), #3101, 'distance_accuracy_value', 'NONE');
#3319 = COLOUR_RGB ( '',0.1568627450980392135, 0.1568627450980392135, 0.1568627450980392135 ) ;
#3320 = AXIS2_PLACEMENT_3D ( 'NONE', #6883, #8318, #5682 ) ;
#3321 = CARTESIAN_POINT ( 'NONE',  ( -10.41000000000000014, 0.0000000000000000000, 0.7500000000000000000 ) ) ;
#3322 = SURFACE_STYLE_FILL_AREA ( #6129 ) ;
#3323 = VERTEX_POINT ( 'NONE', #4649 ) ;
#3324 = EDGE_LOOP ( 'NONE', ( #405, #3543, #2316, #3674 ) ) ;
#3325 = CARTESIAN_POINT ( 'NONE',  ( -0.5199999999999999067, 7.500000000000000000, -0.7500000000000000000 ) ) ;
#3326 = AXIS2_PLACEMENT_3D ( 'NONE', #1760, #3173, #5242 ) ;
#3327 = VERTEX_POINT ( 'NONE', #3233 ) ;
#3328 = CARTESIAN_POINT ( 'NONE',  ( -8.240000000000000213, 8.349999999999999645, 0.0000000000000000000 ) ) ;
#3329 = ORIENTED_EDGE ( 'NONE', *, *, #476, .T. ) ;
#3330 = EDGE_CURVE ( 'NONE', #6487, #7198, #7254, .T. ) ;
#3331 = DIRECTION ( 'NONE',  ( 1.000000000000000000, 0.0000000000000000000, 0.0000000000000000000 ) ) ;
#3332 = VECTOR ( 'NONE', #2702, 1000.000000000000000 ) ;
#3333 = DIRECTION ( 'NONE',  ( -1.000000000000000000, -0.0000000000000000000, -0.0000000000000000000 ) ) ;
#3334 = PLANE ( 'NONE',  #1708 ) ;
#3335 = CARTESIAN_POINT ( 'NONE',  ( 0.7700000000000000178, 0.0000000000000000000, 0.5000000000000000000 ) ) ;
#3336 = ORIENTED_EDGE ( 'NONE', *, *, #6092, .T. ) ;
#3337 = LINE ( 'NONE', #2018, #3038 ) ;
#3338 = CARTESIAN_POINT ( 'NONE',  ( -4.535000000000000142, 0.0000000000000000000, 0.7500000000000000000 ) ) ;
#3339 =( NAMED_UNIT ( * ) SI_UNIT ( $, .STERADIAN. ) SOLID_ANGLE_UNIT ( ) );
#3340 = DIRECTION ( 'NONE',  ( 1.000000000000000000, -0.0000000000000000000, 0.0000000000000000000 ) ) ;
#3341 = VERTEX_POINT ( 'NONE', #6618 ) ;
#3342 =( LENGTH_UNIT ( ) NAMED_UNIT ( * ) SI_UNIT ( .MILLI., .METRE. ) );
#3343 = ORIENTED_EDGE ( 'NONE', *, *, #1584, .T. ) ;
#3344 = EDGE_CURVE ( 'NONE', #7719, #680, #7928, .T. ) ;
#3345 = DIRECTION ( 'NONE',  ( 1.000000000000000000, -0.0000000000000000000, 0.0000000000000000000 ) ) ;
#3346 =( LENGTH_UNIT ( ) NAMED_UNIT ( * ) SI_UNIT ( .MILLI., .METRE. ) );
#3347 = DIRECTION ( 'NONE',  ( 0.0000000000000000000, -0.0000000000000000000, -1.000000000000000000 ) ) ;
#3348 = ORIENTED_EDGE ( 'NONE', *, *, #5197, .F. ) ;
#3349 = DIRECTION ( 'NONE',  ( 1.000000000000000000, -0.0000000000000000000, 0.0000000000000000000 ) ) ;
#3350 = EDGE_CURVE ( 'NONE', #3070, #1099, #7972, .T. ) ;
#3351 = ORIENTED_EDGE ( 'NONE', *, *, #8200, .T. ) ;
#3352 = PLANE ( 'NONE',  #848 ) ;
#3353 = FILL_AREA_STYLE ('',( #712 ) ) ;
#3354 = CARTESIAN_POINT ( 'NONE',  ( -1.620000000000000107, 0.0000000000000000000, 0.3499999999999999778 ) ) ;
#3355 = ORIENTED_EDGE ( 'NONE', *, *, #2900, .T. ) ;
#3356 = CARTESIAN_POINT ( 'NONE',  ( -8.089999999999999858, 8.500000000000000000, -0.8000000000000004885 ) ) ;
#3357 = DIRECTION ( 'NONE',  ( 1.000000000000000000, 0.0000000000000000000, -0.0000000000000000000 ) ) ;
#3358 = ORIENTED_EDGE ( 'NONE', *, *, #2729, .T. ) ;
#3359 =( NAMED_UNIT ( * ) SI_UNIT ( $, .STERADIAN. ) SOLID_ANGLE_UNIT ( ) );
#3360 = EDGE_CURVE ( 'NONE', #7597, #1306, #5868, .T. ) ;
#3361 = EDGE_CURVE ( 'NONE', #2839, #5489, #1872, .T. ) ;
#3362 = ORIENTED_EDGE ( 'NONE', *, *, #7464, .T. ) ;
#3363 = LINE ( 'NONE', #3405, #7149 ) ;
#3364 = ORIENTED_EDGE ( 'NONE', *, *, #7041, .F. ) ;
#3365 =( GEOMETRIC_REPRESENTATION_CONTEXT ( 3 ) GLOBAL_UNCERTAINTY_ASSIGNED_CONTEXT ( ( #7877 ) ) GLOBAL_UNIT_ASSIGNED_CONTEXT ( ( #6963, #6336, #5537 ) ) REPRESENTATION_CONTEXT ( 'NONE', 'WORKASPACE' ) );
#3366 = CARTESIAN_POINT ( 'NONE',  ( -4.535000000000000142, 0.5000000000000000000, -0.7500000000000000000 ) ) ;
#3367 =( GEOMETRIC_REPRESENTATION_CONTEXT ( 3 ) GLOBAL_UNCERTAINTY_ASSIGNED_CONTEXT ( ( #8037 ) ) GLOBAL_UNIT_ASSIGNED_CONTEXT ( ( #7374, #3435, #3311 ) ) REPRESENTATION_CONTEXT ( 'NONE', 'WORKASPACE' ) );
#3368 = DIRECTION ( 'NONE',  ( 1.000000000000000000, -0.0000000000000000000, 0.0000000000000000000 ) ) ;
#3369 = LINE ( 'NONE', #1965, #8289 ) ;
#3370 = EDGE_CURVE ( 'NONE', #7109, #930, #1246, .T. ) ;
#3371 = STYLED_ITEM ( 'NONE', ( #3777 ), #263 ) ;
#3372 = EDGE_LOOP ( 'NONE', ( #5394, #812, #1979, #4049 ) ) ;
#3373 = MECHANICAL_DESIGN_GEOMETRIC_PRESENTATION_REPRESENTATION (  '', ( #7996 ), #293 ) ;
#3374 = COLOUR_RGB ( '',0.1568627450980392135, 0.1568627450980392135, 0.1568627450980392135 ) ;
#3375 = PLANE ( 'NONE',  #5399 ) ;
#3376 = AXIS2_PLACEMENT_3D ( 'NONE', #3328, #65, #2707 ) ;
#3377 = CARTESIAN_POINT ( 'NONE',  ( -3.084999999999999964, 0.5000000000000000000, -0.7500000000000000000 ) ) ;
#3378 = DIRECTION ( 'NONE',  ( 0.0000000000000000000, 0.0000000000000000000, -1.000000000000000000 ) ) ;
#3379 = DIRECTION ( 'NONE',  ( 0.0000000000000000000, -1.000000000000000000, 0.0000000000000000000 ) ) ;
#3380 = CARTESIAN_POINT ( 'NONE',  ( -8.539999999999999147, 0.9000000000000001332, 0.3499999999999999778 ) ) ;
#3381 = FILL_AREA_STYLE ('',( #2062 ) ) ;
#3382 = VECTOR ( 'NONE', #426, 1000.000000000000000 ) ;
#3383 = EDGE_CURVE ( 'NONE', #6533, #3995, #3824, .T. ) ;
#3384 = ORIENTED_EDGE ( 'NONE', *, *, #3317, .F. ) ;
#3385 = VECTOR ( 'NONE', #8164, 1000.000000000000227 ) ;
#3386 = MECHANICAL_DESIGN_GEOMETRIC_PRESENTATION_REPRESENTATION (  '', ( #7157 ), #584 ) ;
#3387 = SURFACE_SIDE_STYLE ('',( #5450 ) ) ;
#3388 = LINE ( 'NONE', #1357, #767 ) ;
#3389 = VECTOR ( 'NONE', #2680, 1000.000000000000000 ) ;
#3390 = FILL_AREA_STYLE_COLOUR ( '', #4362 ) ;
#3391 = LINE ( 'NONE', #5417, #1482 ) ;
#3392 = MECHANICAL_DESIGN_GEOMETRIC_PRESENTATION_REPRESENTATION (  '', ( #7165 ), #5229 ) ;
#3393 = ORIENTED_EDGE ( 'NONE', *, *, #4361, .F. ) ;
#3394 = LINE ( 'NONE', #7409, #2805 ) ;
#3395 = ORIENTED_EDGE ( 'NONE', *, *, #8642, .T. ) ;
#3396 = VECTOR ( 'NONE', #4395, 1000.000000000000000 ) ;
#3397 = EDGE_CURVE ( 'NONE', #8385, #6303, #3153, .T. ) ;
#3398 = DIRECTION ( 'NONE',  ( -1.000000000000000000, -0.0000000000000000000, 0.0000000000000000000 ) ) ;
#3399 = ORIENTED_EDGE ( 'NONE', *, *, #7641, .T. ) ;
#3400 = DIRECTION ( 'NONE',  ( -0.0000000000000000000, -1.000000000000000000, -0.0000000000000000000 ) ) ;
#3401 = CARTESIAN_POINT ( 'NONE',  ( -4.309999999999999609, 0.5000000000000000000, -0.5000000000000000000 ) ) ;
#3402 = AXIS2_PLACEMENT_3D ( 'NONE', #7141, #3208, #5237 ) ;
#3403 = ORIENTED_EDGE ( 'NONE', *, *, #2900, .F. ) ;
#3404 = ORIENTED_EDGE ( 'NONE', *, *, #7683, .T. ) ;
#3405 = CARTESIAN_POINT ( 'NONE',  ( -1.620000000000000107, 0.0000000000000000000, -0.3499999999999999778 ) ) ;
#3406 = ORIENTED_EDGE ( 'NONE', *, *, #3468, .F. ) ;
#3407 = FILL_AREA_STYLE_COLOUR ( '', #6199 ) ;
#3408 = VECTOR ( 'NONE', #487, 1000.000000000000000 ) ;
#3409 = ADVANCED_FACE ( 'NONE', ( #7839, #2785 ), #5467, .T. ) ;
#3410 = DIRECTION ( 'NONE',  ( 1.000000000000000000, -0.0000000000000000000, 0.0000000000000000000 ) ) ;
#3411 = PLANE ( 'NONE',  #2621 ) ;
#3412 = DIRECTION ( 'NONE',  ( 1.000000000000000000, -0.0000000000000000000, 0.0000000000000000000 ) ) ;
#3413 = CARTESIAN_POINT ( 'NONE',  ( -6.049999999999999822, -2.500000000000000000, 0.0000000000000000000 ) ) ;
#3414 = DIRECTION ( 'NONE',  ( 0.2873478855662903730, 0.9578262852211679723, 0.0000000000000000000 ) ) ;
#3415 = VECTOR ( 'NONE', #1467, 1000.000000000000000 ) ;
#3416 = ORIENTED_EDGE ( 'NONE', *, *, #3676, .T. ) ;
#3417 = VECTOR ( 'NONE', #4188, 1000.000000000000000 ) ;
#3418 = ADVANCED_FACE ( 'NONE', ( #3485 ), #1332, .T. ) ;
#3419 = DIRECTION ( 'NONE',  ( -1.000000000000000000, 0.0000000000000000000, -0.0000000000000000000 ) ) ;
#3420 = EDGE_CURVE ( 'NONE', #6896, #4904, #8055, .T. ) ;
#3421 = FACE_OUTER_BOUND ( 'NONE', #2491, .T. ) ;
#3422 = PLANE ( 'NONE',  #7728 ) ;
#3423 =( NAMED_UNIT ( * ) PLANE_ANGLE_UNIT ( ) SI_UNIT ( $, .RADIAN. ) );
#3424 = CARTESIAN_POINT ( 'NONE',  ( -1.620000000000000107, 0.9000000000000001332, 0.3499999999999999778 ) ) ;
#3425 = FACE_OUTER_BOUND ( 'NONE', #7975, .T. ) ;
#3426 = AXIS2_PLACEMENT_3D ( 'NONE', #6121, #6797, #8044 ) ;
#3427 = VERTEX_POINT ( 'NONE', #7467 ) ;
#3428 = DIRECTION ( 'NONE',  ( 1.000000000000000000, -0.0000000000000000000, 0.0000000000000000000 ) ) ;
#3429 = ADVANCED_FACE ( 'NONE', ( #843 ), #760, .T. ) ;
#3430 = SURFACE_SIDE_STYLE ('',( #221 ) ) ;
#3431 = VECTOR ( 'NONE', #2517, 1000.000000000000000 ) ;
#3432 = FILL_AREA_STYLE ('',( #1395 ) ) ;
#3433 = LINE ( 'NONE', #2612, #5563 ) ;
#3434 = VERTEX_POINT ( 'NONE', #2828 ) ;
#3435 =( NAMED_UNIT ( * ) PLANE_ANGLE_UNIT ( ) SI_UNIT ( $, .RADIAN. ) );
#3436 =( LENGTH_UNIT ( ) NAMED_UNIT ( * ) SI_UNIT ( .MILLI., .METRE. ) );
#3437 = LINE ( 'NONE', #7015, #6605 ) ;
#3438 = PLANE ( 'NONE',  #435 ) ;
#3439 = CARTESIAN_POINT ( 'NONE',  ( -10.41000000000000014, 8.500000000000000000, -0.8000000000000000444 ) ) ;
#3440 = ORIENTED_EDGE ( 'NONE', *, *, #5740, .T. ) ;
#3441 =( GEOMETRIC_REPRESENTATION_CONTEXT ( 3 ) GLOBAL_UNCERTAINTY_ASSIGNED_CONTEXT ( ( #7686 ) ) GLOBAL_UNIT_ASSIGNED_CONTEXT ( ( #5105, #7762, #6367 ) ) REPRESENTATION_CONTEXT ( 'NONE', 'WORKASPACE' ) );
#3442 = PLANE ( 'NONE',  #5409 ) ;
#3443 = CARTESIAN_POINT ( 'NONE',  ( -8.164999999999999147, 0.5000000000000000000, 0.0000000000000000000 ) ) ;
#3444 = ORIENTED_EDGE ( 'NONE', *, *, #5155, .T. ) ;
#3445 = SURFACE_SIDE_STYLE ('',( #1410 ) ) ;
#3446 = ORIENTED_EDGE ( 'NONE', *, *, #2887, .T. ) ;
#3447 = ORIENTED_EDGE ( 'NONE', *, *, #6678, .F. ) ;
#3448 = EDGE_CURVE ( 'NONE', #4414, #2777, #8140, .T. ) ;
#3449 = EDGE_LOOP ( 'NONE', ( #1063, #2184, #2493, #8384 ) ) ;
#3450 = VECTOR ( 'NONE', #3998, 1000.000000000000000 ) ;
#3451 = PLANE ( 'NONE',  #2271 ) ;
#3452 = VECTOR ( 'NONE', #4240, 1000.000000000000000 ) ;
#3453 = FACE_OUTER_BOUND ( 'NONE', #3633, .T. ) ;
#3454 = PRESENTATION_STYLE_ASSIGNMENT (( #7524 ) ) ;
#3455 = LINE ( 'NONE', #4241, #7172 ) ;
#3456 = CARTESIAN_POINT ( 'NONE',  ( -0.5200000000000000178, 7.500000000000000000, 0.0000000000000000000 ) ) ;
#3457 = STYLED_ITEM ( 'NONE', ( #458 ), #6790 ) ;
#3458 = CARTESIAN_POINT ( 'NONE',  ( 8.589999999999999858, -3.000000000000000000, 0.2000000000000000111 ) ) ;
#3459 = ORIENTED_EDGE ( 'NONE', *, *, #7759, .F. ) ;
#3460 = EDGE_CURVE ( 'NONE', #8083, #3133, #8097, .T. ) ;
#3461 = AXIS2_PLACEMENT_3D ( 'NONE', #4850, #4892, #7543 ) ;
#3462 = LINE ( 'NONE', #6824, #5525 ) ;
#3463 = PLANE ( 'NONE',  #365 ) ;
#3464 = CARTESIAN_POINT ( 'NONE',  ( 3.060000000000000053, 7.500000000000000000, 0.7500000000000000000 ) ) ;
#3465 = LINE ( 'NONE', #8706, #2238 ) ;
#3466 = PRESENTATION_LAYER_ASSIGNMENT (  '', '', ( #2063 ) ) ;
#3467 = VERTEX_POINT ( 'NONE', #6844 ) ;
#3468 = EDGE_CURVE ( 'NONE', #7999, #4134, #2127, .T. ) ;
#3469 = EDGE_CURVE ( 'NONE', #8393, #1126, #1454, .T. ) ;
#3470 = SURFACE_STYLE_FILL_AREA ( #4129 ) ;
#3471 = UNCERTAINTY_MEASURE_WITH_UNIT (LENGTH_MEASURE( 1.000000000000000082E-05 ), #1975, 'distance_accuracy_value', 'NONE');
#3472 = PRESENTATION_STYLE_ASSIGNMENT (( #792 ) ) ;
#3473 =( NAMED_UNIT ( * ) SI_UNIT ( $, .STERADIAN. ) SOLID_ANGLE_UNIT ( ) );
#3474 = ORIENTED_EDGE ( 'NONE', *, *, #4297, .F. ) ;
#3475 = ADVANCED_FACE ( 'NONE', ( #6215 ), #2167, .F. ) ;
#3476 = ORIENTED_EDGE ( 'NONE', *, *, #6427, .T. ) ;
#3477 = UNCERTAINTY_MEASURE_WITH_UNIT (LENGTH_MEASURE( 1.000000000000000082E-05 ), #5476, 'distance_accuracy_value', 'NONE');
#3478 = CARTESIAN_POINT ( 'NONE',  ( 4.559999999999999609, 0.5000000000000000000, -0.7500000000000000000 ) ) ;
#3479 = DIRECTION ( 'NONE',  ( 1.000000000000000000, -0.0000000000000000000, 0.0000000000000000000 ) ) ;
#3480 = CARTESIAN_POINT ( 'NONE',  ( -6.650000000000000355, -2.500000000000000000, 0.2000000000000000111 ) ) ;
#3481 = ORIENTED_EDGE ( 'NONE', *, *, #2797, .T. ) ;
#3482 = PLANE ( 'NONE',  #3882 ) ;
#3483 = CARTESIAN_POINT ( 'NONE',  ( -3.659999999999985931, -3.000000000000004441, 0.0000000000000000000 ) ) ;
#3484 = VERTEX_POINT ( 'NONE', #6349 ) ;
#3485 = FACE_OUTER_BOUND ( 'NONE', #4296, .T. ) ;
#3486 = ORIENTED_EDGE ( 'NONE', *, *, #3091, .F. ) ;
#3487 = CARTESIAN_POINT ( 'NONE',  ( -4.160000000000000142, 0.9000000000000001332, 0.3499999999999999778 ) ) ;
#3488 = EDGE_LOOP ( 'NONE', ( #6394, #7294, #85, #8032 ) ) ;
#3489 = DIRECTION ( 'NONE',  ( 0.0000000000000000000, 1.000000000000000000, 0.0000000000000000000 ) ) ;
#3490 = CARTESIAN_POINT ( 'NONE',  ( -10.41000000000000014, 0.5000000000000000000, -0.7500000000000000000 ) ) ;
#3491 = DIRECTION ( 'NONE',  ( 0.0000000000000000000, 0.0000000000000000000, -1.000000000000000000 ) ) ;
#3492 = VERTEX_POINT ( 'NONE', #2399 ) ;
#3493 = LINE ( 'NONE', #8156, #5515 ) ;
#3494 = VECTOR ( 'NONE', #2112, 1000.000000000000000 ) ;
#3495 = EDGE_LOOP ( 'NONE', ( #775, #7789, #3933, #6270 ) ) ;
#3496 = VECTOR ( 'NONE', #4178, 1000.000000000000000 ) ;
#3497 = ORIENTED_EDGE ( 'NONE', *, *, #3578, .F. ) ;
#3498 =( LENGTH_UNIT ( ) NAMED_UNIT ( * ) SI_UNIT ( .MILLI., .METRE. ) );
#3499 = COLOUR_RGB ( '',0.1568627450980392135, 0.1568627450980392135, 0.1568627450980392135 ) ;
#3500 = DIRECTION ( 'NONE',  ( -0.0000000000000000000, 0.0000000000000000000, 1.000000000000000000 ) ) ;
#3501 = DIRECTION ( 'NONE',  ( 0.0000000000000000000, 0.0000000000000000000, -1.000000000000000000 ) ) ;
#3502 = EDGE_CURVE ( 'NONE', #481, #7993, #8456, .T. ) ;
#3503 = DIRECTION ( 'NONE',  ( 1.000000000000000000, 0.0000000000000000000, 0.0000000000000000000 ) ) ;
#3504 = PLANE ( 'NONE',  #2039 ) ;
#3505 =( NAMED_UNIT ( * ) PLANE_ANGLE_UNIT ( ) SI_UNIT ( $, .RADIAN. ) );
#3506 = EDGE_LOOP ( 'NONE', ( #3632, #5598, #7665, #3594 ) ) ;
#3507 = MECHANICAL_DESIGN_GEOMETRIC_PRESENTATION_REPRESENTATION (  '', ( #1968 ), #1832 ) ;
#3508 = DIRECTION ( 'NONE',  ( 1.000000000000000000, -0.0000000000000000000, 0.0000000000000000000 ) ) ;
#3509 = STYLED_ITEM ( 'NONE', ( #7302 ), #577 ) ;
#3510 = DIRECTION ( 'NONE',  ( 0.2873478855663468279, 0.9578262852211509859, 0.0000000000000000000 ) ) ;
#3511 = ADVANCED_FACE ( 'NONE', ( #6302 ), #5591, .F. ) ;
#3512 = AXIS2_PLACEMENT_3D ( 'NONE', #3458, #3542, #3631 ) ;
#3513 = DIRECTION ( 'NONE',  ( -0.0000000000000000000, -1.000000000000000000, -0.0000000000000000000 ) ) ;
#3514 = DIRECTION ( 'NONE',  ( -1.000000000000000000, 0.0000000000000000000, -0.0000000000000000000 ) ) ;
#3515 = FACE_OUTER_BOUND ( 'NONE', #1764, .T. ) ;
#3516 = CARTESIAN_POINT ( 'NONE',  ( -0.5200000000000000178, 0.0000000000000000000, 0.7500000000000000000 ) ) ;
#3517 = VECTOR ( 'NONE', #2926, 1000.000000000000000 ) ;
#3518 = PRESENTATION_LAYER_ASSIGNMENT (  '', '', ( #8292 ) ) ;
#3519 =( LENGTH_UNIT ( ) NAMED_UNIT ( * ) SI_UNIT ( .MILLI., .METRE. ) );
#3520 = ORIENTED_EDGE ( 'NONE', *, *, #6014, .F. ) ;
#3521 = FILL_AREA_STYLE_COLOUR ( '', #570 ) ;
#3522 = VECTOR ( 'NONE', #2141, 1000.000000000000000 ) ;
#3523 = CARTESIAN_POINT ( 'NONE',  ( -10.41000000000000014, 8.500000000000000000, 0.0000000000000000000 ) ) ;
#3524 = EDGE_CURVE ( 'NONE', #3779, #6903, #1592, .T. ) ;
#3525 = ADVANCED_FACE ( 'NONE', ( #5087 ), #3098, .T. ) ;
#3526 = LINE ( 'NONE', #6211, #4153 ) ;
#3527 = ORIENTED_EDGE ( 'NONE', *, *, #6925, .T. ) ;
#3528 =( LENGTH_UNIT ( ) NAMED_UNIT ( * ) SI_UNIT ( .MILLI., .METRE. ) );
#3529 = CARTESIAN_POINT ( 'NONE',  ( -1.270000000000000018, 8.349999999999999645, 0.6500000000000001332 ) ) ;
#3530 = ORIENTED_EDGE ( 'NONE', *, *, #6940, .F. ) ;
#3531 = DIRECTION ( 'NONE',  ( 0.0000000000000000000, 0.0000000000000000000, -1.000000000000000000 ) ) ;
#3532 = VECTOR ( 'NONE', #1339, 1000.000000000000000 ) ;
#3533 = ORIENTED_EDGE ( 'NONE', *, *, #1240, .F. ) ;
#3534 = CARTESIAN_POINT ( 'NONE',  ( -1.620000000000000107, 0.0000000000000000000, 0.0000000000000000000 ) ) ;
#3535 = ORIENTED_EDGE ( 'NONE', *, *, #3714, .T. ) ;
#3536 = DIRECTION ( 'NONE',  ( 0.0000000000000000000, 1.000000000000000000, -0.0000000000000000000 ) ) ;
#3537 = VECTOR ( 'NONE', #2598, 1000.000000000000000 ) ;
#3538 = ADVANCED_FACE ( 'NONE', ( #931 ), #884, .F. ) ;
#3539 = LINE ( 'NONE', #8195, #1206 ) ;
#3540 = EDGE_LOOP ( 'NONE', ( #1330, #7057, #7516, #4333 ) ) ;
#3541 = DIRECTION ( 'NONE',  ( 0.0000000000000000000, 0.0000000000000000000, -1.000000000000000000 ) ) ;
#3542 = DIRECTION ( 'NONE',  ( 0.0000000000000000000, -1.000000000000000000, 0.0000000000000000000 ) ) ;
#3543 = ORIENTED_EDGE ( 'NONE', *, *, #579, .F. ) ;
#3544 = VECTOR ( 'NONE', #1088, 1000.000000000000000 ) ;
#3545 = VERTEX_POINT ( 'NONE', #2251 ) ;
#3546 = DIRECTION ( 'NONE',  ( 1.000000000000000000, -0.0000000000000000000, 0.0000000000000000000 ) ) ;
#3547 = LINE ( 'NONE', #3377, #1470 ) ;
#3548 = DIRECTION ( 'NONE',  ( -0.0000000000000000000, -1.000000000000000000, -0.0000000000000000000 ) ) ;
#3549 = VECTOR ( 'NONE', #7886, 1000.000000000000000 ) ;
#3550 = CARTESIAN_POINT ( 'NONE',  ( -0.9200000000000000400, 0.9000000000000001332, -0.3499999999999999778 ) ) ;
#3551 = CARTESIAN_POINT ( 'NONE',  ( 9.390000000000000568, 0.0000000000000000000, 0.5000000000000000000 ) ) ;
#3552 = FACE_BOUND ( 'NONE', #5783, .T. ) ;
#3553 = ORIENTED_EDGE ( 'NONE', *, *, #3207, .F. ) ;
#3554 = EDGE_CURVE ( 'NONE', #2083, #6819, #4949, .T. ) ;
#3555 = DIRECTION ( 'NONE',  ( 0.0000000000000000000, 0.0000000000000000000, -1.000000000000000000 ) ) ;
#3556 = MECHANICAL_DESIGN_GEOMETRIC_PRESENTATION_REPRESENTATION (  '', ( #4406 ), #8476 ) ;
#3557 = LINE ( 'NONE', #2233, #355 ) ;
#3558 = DIRECTION ( 'NONE',  ( 0.0000000000000000000, 1.000000000000000000, 0.0000000000000000000 ) ) ;
#3559 = SURFACE_STYLE_USAGE ( .BOTH. , #871 ) ;
#3560 = CARTESIAN_POINT ( 'NONE',  ( -6.000000000000000000, 7.500000000000000000, 0.3499999999999999778 ) ) ;
#3561 = VECTOR ( 'NONE', #4083, 1000.000000000000000 ) ;
#3562 = DIRECTION ( 'NONE',  ( 0.0000000000000000000, 0.0000000000000000000, -1.000000000000000000 ) ) ;
#3563 = VERTEX_POINT ( 'NONE', #6976 ) ;
#3564 = EDGE_CURVE ( 'NONE', #4451, #7330, #969, .T. ) ;
#3565 = CARTESIAN_POINT ( 'NONE',  ( 2.020000000000000018, 7.500000000000000000, 0.7500000000000000000 ) ) ;
#3566 = VECTOR ( 'NONE', #7460, 1000.000000000000000 ) ;
#3567 = UNCERTAINTY_MEASURE_WITH_UNIT (LENGTH_MEASURE( 1.000000000000000082E-05 ), #6543, 'distance_accuracy_value', 'NONE');
#3568 = DIRECTION ( 'NONE',  ( 0.0000000000000000000, 1.000000000000000000, 0.0000000000000000000 ) ) ;
#3569 =( NAMED_UNIT ( * ) SI_UNIT ( $, .STERADIAN. ) SOLID_ANGLE_UNIT ( ) );
#3570 = DIRECTION ( 'NONE',  ( 0.0000000000000000000, -0.0000000000000000000, 1.000000000000000000 ) ) ;
#3571 = VERTEX_POINT ( 'NONE', #2355 ) ;
#3572 = DIRECTION ( 'NONE',  ( -0.0000000000000000000, 0.0000000000000000000, 1.000000000000000000 ) ) ;
#3573 = ORIENTED_EDGE ( 'NONE', *, *, #4542, .F. ) ;
#3574 = VECTOR ( 'NONE', #1766, 1000.000000000000000 ) ;
#3575 = ORIENTED_EDGE ( 'NONE', *, *, #311, .F. ) ;
#3576 = VERTEX_POINT ( 'NONE', #5041 ) ;
#3577 = EDGE_CURVE ( 'NONE', #4820, #4494, #4370, .T. ) ;
#3578 = EDGE_CURVE ( 'NONE', #2538, #6622, #6475, .T. ) ;
#3579 = VERTEX_POINT ( 'NONE', #8637 ) ;
#3580 =( GEOMETRIC_REPRESENTATION_CONTEXT ( 3 ) GLOBAL_UNCERTAINTY_ASSIGNED_CONTEXT ( ( #2778 ) ) GLOBAL_UNIT_ASSIGNED_CONTEXT ( ( #7445, #1516, #8209 ) ) REPRESENTATION_CONTEXT ( 'NONE', 'WORKASPACE' ) );
#3581 = PRESENTATION_LAYER_ASSIGNMENT (  '', '', ( #4015 ) ) ;
#3582 = DIRECTION ( 'NONE',  ( 0.0000000000000000000, -0.0000000000000000000, 1.000000000000000000 ) ) ;
#3583 = VERTEX_POINT ( 'NONE', #3313 ) ;
#3584 = DIRECTION ( 'NONE',  ( -0.0000000000000000000, -1.000000000000000000, -0.0000000000000000000 ) ) ;
#3585 = PRESENTATION_STYLE_ASSIGNMENT (( #7525 ) ) ;
#3586 = ORIENTED_EDGE ( 'NONE', *, *, #6584, .F. ) ;
#3587 = CARTESIAN_POINT ( 'NONE',  ( 9.690000000000001279, 8.500000000000000000, 0.8000000000000005995 ) ) ;
#3588 = DIRECTION ( 'NONE',  ( -0.0000000000000000000, 0.0000000000000000000, -1.000000000000000000 ) ) ;
#3589 = COLOUR_RGB ( '',0.1568627450980392135, 0.1568627450980392135, 0.1568627450980392135 ) ;
#3590 = PRESENTATION_LAYER_ASSIGNMENT (  '', '', ( #8368 ) ) ;
#3591 = VERTEX_POINT ( 'NONE', #3223 ) ;
#3592 = CARTESIAN_POINT ( 'NONE',  ( 3.060000000000000053, 7.500000000000000000, -0.7500000000000000000 ) ) ;
#3593 = EDGE_CURVE ( 'NONE', #6923, #4470, #8546, .T. ) ;
#3594 = ORIENTED_EDGE ( 'NONE', *, *, #45, .T. ) ;
#3595 = CARTESIAN_POINT ( 'NONE',  ( 9.389999999999998792, 8.199999999999999289, 0.0000000000000000000 ) ) ;
#3596 = VECTOR ( 'NONE', #7078, 1000.000000000000000 ) ;
#3597 = LINE ( 'NONE', #995, #2829 ) ;
#3598 = CARTESIAN_POINT ( 'NONE',  ( -9.615000000000000213, 7.500000000000000000, -0.7500000000000000000 ) ) ;
#3599 =( LENGTH_UNIT ( ) NAMED_UNIT ( * ) SI_UNIT ( .MILLI., .METRE. ) );
#3600 = LINE ( 'NONE', #6234, #6730 ) ;
#3601 = ORIENTED_EDGE ( 'NONE', *, *, #6183, .F. ) ;
#3602 = VECTOR ( 'NONE', #5456, 1000.000000000000000 ) ;
#3603 = CARTESIAN_POINT ( 'NONE',  ( -0.5199999999999995737, 0.5000000000000000000, 0.7500000000000000000 ) ) ;
#3604 = CARTESIAN_POINT ( 'NONE',  ( -4.160000000000000142, 0.0000000000000000000, -0.3499999999999999778 ) ) ;
#3605 = CARTESIAN_POINT ( 'NONE',  ( 0.9200000000000000400, 0.0000000000000000000, -0.3499999999999999778 ) ) ;
#3606 = LINE ( 'NONE', #3516, #697 ) ;
#3607 = CARTESIAN_POINT ( 'NONE',  ( -1.570000000000000062, 0.0000000000000000000, -0.2000000000000000111 ) ) ;
#3608 = ORIENTED_EDGE ( 'NONE', *, *, #3593, .F. ) ;
#3609 = EDGE_CURVE ( 'NONE', #8127, #3591, #1110, .T. ) ;
#3610 = CARTESIAN_POINT ( 'NONE',  ( 5.850000000000000533, 0.0000000000000000000, 0.0000000000000000000 ) ) ;
#3611 = FACE_OUTER_BOUND ( 'NONE', #5100, .T. ) ;
#3612 = LINE ( 'NONE', #4898, #88 ) ;
#3613 = ORIENTED_EDGE ( 'NONE', *, *, #2461, .T. ) ;
#3614 = SURFACE_STYLE_FILL_AREA ( #966 ) ;
#3615 = EDGE_CURVE ( 'NONE', #6704, #8512, #3186, .T. ) ;
#3616 = SURFACE_SIDE_STYLE ('',( #5546 ) ) ;
#3617 = ORIENTED_EDGE ( 'NONE', *, *, #3564, .F. ) ;
#3618 = EDGE_LOOP ( 'NONE', ( #2025, #2967, #7239, #2215 ) ) ;
#3619 = PLANE ( 'NONE',  #985 ) ;
#3620 = ORIENTED_EDGE ( 'NONE', *, *, #559, .T. ) ;
#3621 = CARTESIAN_POINT ( 'NONE',  ( -1.770000000000000018, 7.500000000000000000, -0.5000000000000000000 ) ) ;
#3622 = DIRECTION ( 'NONE',  ( -0.0000000000000000000, 0.0000000000000000000, 1.000000000000000000 ) ) ;
#3623 =( NAMED_UNIT ( * ) SI_UNIT ( $, .STERADIAN. ) SOLID_ANGLE_UNIT ( ) );
#3624 = ORIENTED_EDGE ( 'NONE', *, *, #3758, .F. ) ;
#3625 = LINE ( 'NONE', #2408, #1065 ) ;
#3626 = SURFACE_STYLE_FILL_AREA ( #4193 ) ;
#3627 = ADVANCED_FACE ( 'NONE', ( #1860, #549 ), #5948, .T. ) ;
#3628 = EDGE_CURVE ( 'NONE', #5675, #5176, #3270, .T. ) ;
#3629 = ORIENTED_EDGE ( 'NONE', *, *, #351, .F. ) ;
#3630 = CARTESIAN_POINT ( 'NONE',  ( 9.389999999999998792, 8.199999999999995737, -0.5000000000000026645 ) ) ;
#3631 = DIRECTION ( 'NONE',  ( 0.0000000000000000000, -0.0000000000000000000, -1.000000000000000000 ) ) ;
#3632 = ORIENTED_EDGE ( 'NONE', *, *, #8189, .T. ) ;
#3633 = EDGE_LOOP ( 'NONE', ( #2630, #1147, #8282, #5102 ) ) ;
#3634 = DIRECTION ( 'NONE',  ( 0.5773502691896260641, 0.5773502691896268413, 0.5773502691896242878 ) ) ;
#3635 = CARTESIAN_POINT ( 'NONE',  ( 5.599999999999999645, 7.500000000000000000, -0.7500000000000000000 ) ) ;
#3636 = PRESENTATION_STYLE_ASSIGNMENT (( #2463 ) ) ;
#3637 = DIRECTION ( 'NONE',  ( 0.0000000000000000000, -0.0000000000000000000, 1.000000000000000000 ) ) ;
#3638 = EDGE_CURVE ( 'NONE', #1335, #2626, #6516, .T. ) ;
#3639 = DIRECTION ( 'NONE',  ( 0.0000000000000000000, 0.0000000000000000000, -1.000000000000000000 ) ) ;
#3640 = ADVANCED_FACE ( 'NONE', ( #4464 ), #1199, .T. ) ;
#3641 = CARTESIAN_POINT ( 'NONE',  ( -3.060000000000000053, 0.5000000000000000000, -0.7500000000000000000 ) ) ;
#3642 = ORIENTED_EDGE ( 'NONE', *, *, #6542, .T. ) ;
#3643 =( NAMED_UNIT ( * ) SI_UNIT ( $, .STERADIAN. ) SOLID_ANGLE_UNIT ( ) );
#3644 = PLANE ( 'NONE',  #5641 ) ;
#3645 = STYLED_ITEM ( 'NONE', ( #8094 ), #7707 ) ;
#3646 =( GEOMETRIC_REPRESENTATION_CONTEXT ( 3 ) GLOBAL_UNCERTAINTY_ASSIGNED_CONTEXT ( ( #3944 ) ) GLOBAL_UNIT_ASSIGNED_CONTEXT ( ( #4280, #2358, #7745 ) ) REPRESENTATION_CONTEXT ( 'NONE', 'WORKASPACE' ) );
#3647 = CARTESIAN_POINT ( 'NONE',  ( 9.640000000000000568, 0.5000000000000000000, -0.7500000000000000000 ) ) ;
#3648 = CARTESIAN_POINT ( 'NONE',  ( 9.690000000000001279, 8.500000000000000000, -0.8000000000000004885 ) ) ;
#3649 = DIRECTION ( 'NONE',  ( -0.0000000000000000000, -1.000000000000000000, -0.0000000000000000000 ) ) ;
#3650 = EDGE_CURVE ( 'NONE', #3427, #1198, #1814, .T. ) ;
#3651 = LINE ( 'NONE', #2908, #6023 ) ;
#3652 = LINE ( 'NONE', #6337, #8709 ) ;
#3653 = VECTOR ( 'NONE', #5805, 1000.000000000000000 ) ;
#3654 = CARTESIAN_POINT ( 'NONE',  ( -10.41000000000000014, 8.500000000000000000, 0.8000000000000001554 ) ) ;
#3655 = STYLED_ITEM ( 'NONE', ( #8359 ), #335 ) ;
#3656 = ORIENTED_EDGE ( 'NONE', *, *, #3702, .T. ) ;
#3657 = EDGE_CURVE ( 'NONE', #4788, #7256, #5208, .T. ) ;
#3658 =( LENGTH_UNIT ( ) NAMED_UNIT ( * ) SI_UNIT ( .MILLI., .METRE. ) );
#3659 = UNCERTAINTY_MEASURE_WITH_UNIT (LENGTH_MEASURE( 1.000000000000000082E-05 ), #736, 'distance_accuracy_value', 'NONE');
#3660 = AXIS2_PLACEMENT_3D ( 'NONE', #5841, #4574, #8527 ) ;
#3661 = CARTESIAN_POINT ( 'NONE',  ( 5.625000000000000000, 0.5000000000000000000, -0.7500000000000000000 ) ) ;
#3662 = AXIS2_PLACEMENT_3D ( 'NONE', #5623, #316, #4350 ) ;
#3663 = DIRECTION ( 'NONE',  ( -1.000000000000000000, -0.0000000000000000000, 0.0000000000000000000 ) ) ;
#3664 = PRESENTATION_LAYER_ASSIGNMENT (  '', '', ( #7429 ) ) ;
#3665 = ORIENTED_EDGE ( 'NONE', *, *, #7693, .F. ) ;
#3666 = CARTESIAN_POINT ( 'NONE',  ( -10.41000000000000014, 8.500000000000000000, -1.270000000000000018 ) ) ;
#3667 = DIRECTION ( 'NONE',  ( 0.0000000000000000000, 1.000000000000000000, 0.0000000000000000000 ) ) ;
#3668 = ORIENTED_EDGE ( 'NONE', *, *, #5365, .T. ) ;
#3669 = STYLED_ITEM ( 'NONE', ( #1031 ), #8216 ) ;
#3670 = EDGE_LOOP ( 'NONE', ( #1077, #8667, #2294, #7505 ) ) ;
#3671 = DIRECTION ( 'NONE',  ( 0.0000000000000000000, 0.0000000000000000000, -1.000000000000000000 ) ) ;
#3672 = MECHANICAL_DESIGN_GEOMETRIC_PRESENTATION_REPRESENTATION (  '', ( #2262 ), #8586 ) ;
#3673 = COLOUR_RGB ( '',0.1568627450980392135, 0.1568627450980392135, 0.1568627450980392135 ) ;
#3674 = ORIENTED_EDGE ( 'NONE', *, *, #5787, .T. ) ;
#3675 = DIRECTION ( 'NONE',  ( -0.0000000000000000000, 0.0000000000000000000, 1.000000000000000000 ) ) ;
#3676 = EDGE_CURVE ( 'NONE', #5699, #1457, #5255, .T. ) ;
#3677 = AXIS2_PLACEMENT_3D ( 'NONE', #4564, #645, #2628 ) ;
#3678 = CARTESIAN_POINT ( 'NONE',  ( -3.310000000000000053, 0.0000000000000000000, 0.5000000000000000000 ) ) ;
#3679 = FACE_OUTER_BOUND ( 'NONE', #1291, .T. ) ;
#3680 = VERTEX_POINT ( 'NONE', #507 ) ;
#3681 = CARTESIAN_POINT ( 'NONE',  ( -9.640000000000000568, 7.500000000000000000, -0.7500000000000000000 ) ) ;
#3682 = FACE_OUTER_BOUND ( 'NONE', #452, .T. ) ;
#3683 = VECTOR ( 'NONE', #2217, 1000.000000000000000 ) ;
#3684 = VECTOR ( 'NONE', #4929, 1000.000000000000000 ) ;
#3685 = ORIENTED_EDGE ( 'NONE', *, *, #8567, .T. ) ;
#3686 = SURFACE_STYLE_FILL_AREA ( #8283 ) ;
#3687 = DIRECTION ( 'NONE',  ( 0.0000000000000000000, 1.000000000000000000, 0.0000000000000000000 ) ) ;
#3688 = EDGE_LOOP ( 'NONE', ( #893, #7520, #635, #3849 ) ) ;
#3689 = ORIENTED_EDGE ( 'NONE', *, *, #4021, .F. ) ;
#3690 = ADVANCED_FACE ( 'NONE', ( #1901 ), #4598, .F. ) ;
#3691 = COLOUR_RGB ( '',0.1568627450980392135, 0.1568627450980392135, 0.1568627450980392135 ) ;
#3692 = CARTESIAN_POINT ( 'NONE',  ( -8.390000000000000568, 7.500000000000000000, 0.0000000000000000000 ) ) ;
#3693 = FILL_AREA_STYLE ('',( #7670 ) ) ;
#3694 = DIRECTION ( 'NONE',  ( 0.0000000000000000000, 0.0000000000000000000, -1.000000000000000000 ) ) ;
#3695 = LINE ( 'NONE', #6368, #2977 ) ;
#3696 = LINE ( 'NONE', #2465, #5308 ) ;
#3697 = CARTESIAN_POINT ( 'NONE',  ( -9.189999999999994174, -2.499999999999997780, -0.2000000000000000944 ) ) ;
#3698 = PLANE ( 'NONE',  #3660 ) ;
#3699 = VECTOR ( 'NONE', #7677, 1000.000000000000000 ) ;
#3700 = VERTEX_POINT ( 'NONE', #2156 ) ;
#3701 = CARTESIAN_POINT ( 'NONE',  ( 0.9699999999999999734, -3.000000000000000000, 0.2000000000000000111 ) ) ;
#3702 = EDGE_CURVE ( 'NONE', #7993, #875, #4102, .T. ) ;
#3703 = PLANE ( 'NONE',  #7449 ) ;
#3704 = ADVANCED_FACE ( 'NONE', ( #2073 ), #6758, .T. ) ;
#3705 = VECTOR ( 'NONE', #4291, 1000.000000000000000 ) ;
#3706 = CARTESIAN_POINT ( 'NONE',  ( -5.850000000000001421, 8.199999999999999289, 0.0000000000000000000 ) ) ;
#3707 = LINE ( 'NONE', #3648, #8581 ) ;
#3708 = CARTESIAN_POINT ( 'NONE',  ( 3.509999999999999787, 0.0000000000000000000, -0.2000000000000000111 ) ) ;
#3709 = CARTESIAN_POINT ( 'NONE',  ( -9.240000000000000213, 7.500000000000000000, -0.3499999999999999778 ) ) ;
#3710 = LINE ( 'NONE', #3607, #4835 ) ;
#3711 = COLOUR_RGB ( '',0.1568627450980392135, 0.1568627450980392135, 0.1568627450980392135 ) ;
#3712 = EDGE_LOOP ( 'NONE', ( #8321, #7220, #1630, #3974 ) ) ;
#3713 =( NAMED_UNIT ( * ) PLANE_ANGLE_UNIT ( ) SI_UNIT ( $, .RADIAN. ) );
#3714 = EDGE_CURVE ( 'NONE', #1156, #398, #6202, .T. ) ;
#3715 =( NAMED_UNIT ( * ) PLANE_ANGLE_UNIT ( ) SI_UNIT ( $, .RADIAN. ) );
#3716 = VECTOR ( 'NONE', #51, 1000.000000000000000 ) ;
#3717 = PLANE ( 'NONE',  #2562 ) ;
#3718 = CARTESIAN_POINT ( 'NONE',  ( -10.41000000000000014, 0.0000000000000000000, -1.270000000000000018 ) ) ;
#3719 = LINE ( 'NONE', #7550, #6801 ) ;
#3720 = VERTEX_POINT ( 'NONE', #2655 ) ;
#3721 = LINE ( 'NONE', #6347, #4130 ) ;
#3722 = LINE ( 'NONE', #4415, #691 ) ;
#3723 = ORIENTED_EDGE ( 'NONE', *, *, #4443, .T. ) ;
#3724 = CARTESIAN_POINT ( 'NONE',  ( 6.000000000000000000, 0.9000000000000001332, 0.3499999999999999778 ) ) ;
#3725 = ORIENTED_EDGE ( 'NONE', *, *, #6646, .T. ) ;
#3726 = COLOUR_RGB ( '',0.1568627450980392135, 0.1568627450980392135, 0.1568627450980392135 ) ;
#3727 = DIRECTION ( 'NONE',  ( 1.000000000000000000, -0.0000000000000000000, 0.0000000000000000000 ) ) ;
#3728 = CARTESIAN_POINT ( 'NONE',  ( 4.160000000000000142, 7.500000000000000000, 0.3499999999999999778 ) ) ;
#3729 = EDGE_LOOP ( 'NONE', ( #5304, #4320, #2760, #2536 ) ) ;
#3730 = VECTOR ( 'NONE', #6972, 1000.000000000000000 ) ;
#3731 = CARTESIAN_POINT ( 'NONE',  ( 5.550000000000000711, 8.500000000000000000, -1.270000000000000018 ) ) ;
#3732 = CARTESIAN_POINT ( 'NONE',  ( -3.160000000000000142, 8.349999999999999645, 0.0000000000000000000 ) ) ;
#3733 = ORIENTED_EDGE ( 'NONE', *, *, #4842, .T. ) ;
#3734 = LINE ( 'NONE', #5653, #2575 ) ;
#3735 = EDGE_CURVE ( 'NONE', #8381, #5047, #707, .T. ) ;
#3736 = EDGE_LOOP ( 'NONE', ( #3869, #885, #1862, #42 ) ) ;
#3737 = LINE ( 'NONE', #3592, #975 ) ;
#3738 = ORIENTED_EDGE ( 'NONE', *, *, #3936, .T. ) ;
#3739 = MECHANICAL_DESIGN_GEOMETRIC_PRESENTATION_REPRESENTATION (  '', ( #4010 ), #6109 ) ;
#3740 = PRODUCT_RELATED_PRODUCT_CATEGORY ( 'part', '', ( #4289 ) ) ;
#3741 = FACE_OUTER_BOUND ( 'NONE', #7037, .T. ) ;
#3742 = DIRECTION ( 'NONE',  ( -0.2873478855663468279, -0.9578262852211509859, 0.0000000000000000000 ) ) ;
#3743 = CARTESIAN_POINT ( 'NONE',  ( -6.349999999999999645, 8.199999999999999289, -0.4999999999999993339 ) ) ;
#3744 = FACE_OUTER_BOUND ( 'NONE', #7312, .T. ) ;
#3745 = FACE_OUTER_BOUND ( 'NONE', #6130, .T. ) ;
#3746 =( NAMED_UNIT ( * ) SI_UNIT ( $, .STERADIAN. ) SOLID_ANGLE_UNIT ( ) );
#3747 = MECHANICAL_DESIGN_GEOMETRIC_PRESENTATION_REPRESENTATION (  '', ( #363 ), #779 ) ;
#3748 = DIRECTION ( 'NONE',  ( 0.0000000000000000000, 0.0000000000000000000, -1.000000000000000000 ) ) ;
#3749 = AXIS2_PLACEMENT_3D ( 'NONE', #2643, #5286, #4579 ) ;
#3750 = ADVANCED_FACE ( 'NONE', ( #8125 ), #6, .F. ) ;
#3751 = ORIENTED_EDGE ( 'NONE', *, *, #6751, .F. ) ;
#3752 = CARTESIAN_POINT ( 'NONE',  ( -1.620000000000000107, 0.9000000000000001332, 0.0000000000000000000 ) ) ;
#3753 = PRESENTATION_LAYER_ASSIGNMENT (  '', '', ( #7503 ) ) ;
#3754 = DIRECTION ( 'NONE',  ( -1.000000000000000000, 0.0000000000000000000, -0.0000000000000000000 ) ) ;
#3755 = FACE_OUTER_BOUND ( 'NONE', #5588, .T. ) ;
#3756 = SURFACE_STYLE_FILL_AREA ( #1849 ) ;
#3757 = DIRECTION ( 'NONE',  ( 1.000000000000000000, -0.0000000000000000000, 0.0000000000000000000 ) ) ;
#3758 = EDGE_CURVE ( 'NONE', #382, #1375, #1321, .T. ) ;
#3759 = EDGE_CURVE ( 'NONE', #3195, #6003, #4762, .T. ) ;
#3760 = VECTOR ( 'NONE', #3558, 1000.000000000000000 ) ;
#3761 = ORIENTED_EDGE ( 'NONE', *, *, #1331, .F. ) ;
#3762 = ORIENTED_EDGE ( 'NONE', *, *, #6810, .F. ) ;
#3763 = PLANE ( 'NONE',  #2978 ) ;
#3764 = UNCERTAINTY_MEASURE_WITH_UNIT (LENGTH_MEASURE( 1.000000000000000082E-05 ), #2265, 'distance_accuracy_value', 'NONE');
#3765 = VECTOR ( 'NONE', #8702, 1000.000000000000000 ) ;
#3766 = LINE ( 'NONE', #7733, #1456 ) ;
#3767 = CARTESIAN_POINT ( 'NONE',  ( -7.099999999999999645, 7.500000000000000000, -0.7500000000000000000 ) ) ;
#3768 = LINE ( 'NONE', #1943, #578 ) ;
#3769 = DIRECTION ( 'NONE',  ( -1.000000000000000000, -0.0000000000000000000, 0.0000000000000000000 ) ) ;
#3770 = ORIENTED_EDGE ( 'NONE', *, *, #8149, .F. ) ;
#3771 = CARTESIAN_POINT ( 'NONE',  ( -0.7700000000000006839, 8.199999999999999289, 0.0000000000000000000 ) ) ;
#3772 = EDGE_LOOP ( 'NONE', ( #1947, #7750, #519, #5561 ) ) ;
#3773 = EDGE_CURVE ( 'NONE', #4326, #3179, #5582, .T. ) ;
#3774 = DIRECTION ( 'NONE',  ( 0.0000000000000000000, 1.000000000000000000, -0.0000000000000000000 ) ) ;
#3775 = ORIENTED_EDGE ( 'NONE', *, *, #1788, .F. ) ;
#3776 = CARTESIAN_POINT ( 'NONE',  ( 4.309999999999999609, 8.199999999999999289, -0.5000000000000000000 ) ) ;
#3777 = PRESENTATION_STYLE_ASSIGNMENT (( #2574 ) ) ;
#3778 = PRESENTATION_STYLE_ASSIGNMENT (( #3020 ) ) ;
#3779 = VERTEX_POINT ( 'NONE', #5674 ) ;
#3780 = CARTESIAN_POINT ( 'NONE',  ( -10.41000000000000014, 0.0000000000000000000, -1.270000000000000018 ) ) ;
#3781 = CARTESIAN_POINT ( 'NONE',  ( -1.495000000000000329, -2.750000000000000000, 0.0000000000000000000 ) ) ;
#3782 = ORIENTED_EDGE ( 'NONE', *, *, #2888, .T. ) ;
#3783 = CARTESIAN_POINT ( 'NONE',  ( 3.509999999999999787, 0.0000000000000000000, 0.0000000000000000000 ) ) ;
#3784 = ORIENTED_EDGE ( 'NONE', *, *, #1896, .T. ) ;
#3785 = FILL_AREA_STYLE ('',( #4612 ) ) ;
#3786 = ORIENTED_EDGE ( 'NONE', *, *, #2337, .F. ) ;
#3787 = PLANE ( 'NONE',  #896 ) ;
#3788 = LINE ( 'NONE', #6445, #6922 ) ;
#3789 = CARTESIAN_POINT ( 'NONE',  ( -10.41000000000000014, 8.500000000000000000, 0.8000000000000001554 ) ) ;
#3790 = DIRECTION ( 'NONE',  ( -1.000000000000000000, 0.0000000000000000000, -0.0000000000000000000 ) ) ;
#3791 = DIRECTION ( 'NONE',  ( -0.0000000000000000000, -1.000000000000000000, -0.0000000000000000000 ) ) ;
#3792 = LINE ( 'NONE', #7767, #5508 ) ;
#3793 = ORIENTED_EDGE ( 'NONE', *, *, #5163, .F. ) ;
#3794 = CARTESIAN_POINT ( 'NONE',  ( -10.41000000000000014, 8.500000000000000000, 1.270000000000000018 ) ) ;
#3795 = FACE_OUTER_BOUND ( 'NONE', #4012, .T. ) ;
#3796 = EDGE_CURVE ( 'NONE', #7160, #680, #1579, .T. ) ;
#3797 = DIRECTION ( 'NONE',  ( 0.0000000000000000000, 0.0000000000000000000, 1.000000000000000000 ) ) ;
#3798 = PLANE ( 'NONE',  #3326 ) ;
#3799 = DIRECTION ( 'NONE',  ( -1.000000000000000000, -0.0000000000000000000, -0.0000000000000000000 ) ) ;
#3800 = ORIENTED_EDGE ( 'NONE', *, *, #3084, .T. ) ;
#3801 = VECTOR ( 'NONE', #3060, 1000.000000000000000 ) ;
#3802 = ORIENTED_EDGE ( 'NONE', *, *, #6688, .T. ) ;
#3803 = FILL_AREA_STYLE_COLOUR ( '', #3673 ) ;
#3804 = EDGE_CURVE ( 'NONE', #5002, #8569, #7590, .T. ) ;
#3805 = CARTESIAN_POINT ( 'NONE',  ( -6.700000000000000178, 0.9000000000000000222, 0.3499999999999999778 ) ) ;
#3806 = VECTOR ( 'NONE', #8308, 1000.000000000000000 ) ;
#3807 = SURFACE_STYLE_USAGE ( .BOTH. , #3852 ) ;
#3808 = LINE ( 'NONE', #1809, #1633 ) ;
#3809 = ORIENTED_EDGE ( 'NONE', *, *, #5024, .T. ) ;
#3810 = FILL_AREA_STYLE ('',( #5204 ) ) ;
#3811 = ORIENTED_EDGE ( 'NONE', *, *, #6973, .F. ) ;
#3812 = CARTESIAN_POINT ( 'NONE',  ( -1.770000000000000018, 7.500000000000000000, 0.0000000000000000000 ) ) ;
#3813 = ORIENTED_EDGE ( 'NONE', *, *, #5853, .F. ) ;
#3814 = AXIS2_PLACEMENT_3D ( 'NONE', #1617, #4205, #2331 ) ;
#3815 = EDGE_CURVE ( 'NONE', #4549, #3222, #2910, .T. ) ;
#3816 = EDGE_CURVE ( 'NONE', #4290, #3341, #274, .T. ) ;
#3817 = LINE ( 'NONE', #6481, #1144 ) ;
#3818 = DIRECTION ( 'NONE',  ( -0.0000000000000000000, -1.000000000000000000, -0.0000000000000000000 ) ) ;
#3819 = ORIENTED_EDGE ( 'NONE', *, *, #1086, .T. ) ;
#3820 = CARTESIAN_POINT ( 'NONE',  ( -9.615000000000000213, 0.5000000000000000000, 0.7500000000000000000 ) ) ;
#3821 = DIRECTION ( 'NONE',  ( 1.000000000000000000, 0.0000000000000000000, -0.0000000000000000000 ) ) ;
#3822 =( GEOMETRIC_REPRESENTATION_CONTEXT ( 3 ) GLOBAL_UNCERTAINTY_ASSIGNED_CONTEXT ( ( #2066 ) ) GLOBAL_UNIT_ASSIGNED_CONTEXT ( ( #3963, #6703, #2594 ) ) REPRESENTATION_CONTEXT ( 'NONE', 'WORKASPACE' ) );
#3823 = ORIENTED_EDGE ( 'NONE', *, *, #2337, .T. ) ;
#3824 = LINE ( 'NONE', #6488, #8035 ) ;
#3825 =( NAMED_UNIT ( * ) PLANE_ANGLE_UNIT ( ) SI_UNIT ( $, .RADIAN. ) );
#3826 = VECTOR ( 'NONE', #4592, 1000.000000000000000 ) ;
#3827 = VECTOR ( 'NONE', #8459, 1000.000000000000000 ) ;
#3828 = VERTEX_POINT ( 'NONE', #4938 ) ;
#3829 = DIRECTION ( 'NONE',  ( -0.0000000000000000000, -1.000000000000000000, -0.0000000000000000000 ) ) ;
#3830 = VERTEX_POINT ( 'NONE', #4314 ) ;
#3831 = EDGE_CURVE ( 'NONE', #1311, #1359, #4263, .T. ) ;
#3832 = VECTOR ( 'NONE', #5693, 1000.000000000000000 ) ;
#3833 = DIRECTION ( 'NONE',  ( 0.2873478855662903730, -0.9578262852211679723, 0.0000000000000000000 ) ) ;
#3834 = LINE ( 'NONE', #5836, #5975 ) ;
#3835 = DIRECTION ( 'NONE',  ( 0.0000000000000000000, -1.000000000000000000, 0.0000000000000000000 ) ) ;
#3836 = FACE_OUTER_BOUND ( 'NONE', #3237, .T. ) ;
#3837 = CARTESIAN_POINT ( 'NONE',  ( 9.615000000000000213, 0.0000000000000000000, 0.0000000000000000000 ) ) ;
#3838 = DIRECTION ( 'NONE',  ( -0.0000000000000000000, 0.0000000000000000000, 1.000000000000000000 ) ) ;
#3839 = EDGE_LOOP ( 'NONE', ( #1391, #6312, #2659, #3447 ) ) ;
#3840 = VECTOR ( 'NONE', #1924, 1000.000000000000000 ) ;
#3841 = CARTESIAN_POINT ( 'NONE',  ( -10.41000000000000014, 0.0000000000000000000, 1.270000000000000018 ) ) ;
#3842 = CARTESIAN_POINT ( 'NONE',  ( -8.390000000000002345, 8.199999999999999289, 0.4999999999999998890 ) ) ;
#3843 = VECTOR ( 'NONE', #2625, 1000.000000000000114 ) ;
#3844 = CARTESIAN_POINT ( 'NONE',  ( 1.620000000000000107, 0.9000000000000001332, -0.3499999999999999778 ) ) ;
#3845 = CARTESIAN_POINT ( 'NONE',  ( 7.150000000000000355, 8.500000000000000000, 0.8000000000000005995 ) ) ;
#3846 = FILL_AREA_STYLE ('',( #7903 ) ) ;
#3847 = EDGE_CURVE ( 'NONE', #3009, #4648, #1664, .T. ) ;
#3848 = ORIENTED_EDGE ( 'NONE', *, *, #4992, .F. ) ;
#3849 = ORIENTED_EDGE ( 'NONE', *, *, #2577, .T. ) ;
#3850 = COLOUR_RGB ( '',0.1568627450980392135, 0.1568627450980392135, 0.1568627450980392135 ) ;
#3851 = CARTESIAN_POINT ( 'NONE',  ( -10.41000000000000014, 0.5000000000000000000, -0.7500000000000000000 ) ) ;
#3852 = SURFACE_SIDE_STYLE ('',( #3937 ) ) ;
#3853 = DIRECTION ( 'NONE',  ( 0.0000000000000000000, -0.0000000000000000000, -1.000000000000000000 ) ) ;
#3854 = VERTEX_POINT ( 'NONE', #7012 ) ;
#3855 =( GEOMETRIC_REPRESENTATION_CONTEXT ( 3 ) GLOBAL_UNCERTAINTY_ASSIGNED_CONTEXT ( ( #3764 ) ) GLOBAL_UNIT_ASSIGNED_CONTEXT ( ( #2265, #7083, #7614 ) ) REPRESENTATION_CONTEXT ( 'NONE', 'WORKASPACE' ) );
#3856 = ORIENTED_EDGE ( 'NONE', *, *, #8519, .T. ) ;
#3857 = CARTESIAN_POINT ( 'NONE',  ( 6.049999999999999822, 0.5000000000000000000, -0.2000000000000000111 ) ) ;
#3858 = EDGE_CURVE ( 'NONE', #1289, #7207, #918, .T. ) ;
#3859 = ORIENTED_EDGE ( 'NONE', *, *, #7440, .T. ) ;
#3860 = CARTESIAN_POINT ( 'NONE',  ( 4.309999999999999609, 8.199999999999999289, 0.5000000000000002220 ) ) ;
#3861 =( NAMED_UNIT ( * ) SI_UNIT ( $, .STERADIAN. ) SOLID_ANGLE_UNIT ( ) );
#3862 = AXIS2_PLACEMENT_3D ( 'NONE', #4036, #6041, #2705 ) ;
#3863 = CARTESIAN_POINT ( 'NONE',  ( -1.570000000000000062, 0.0000000000000000000, 0.2000000000000000111 ) ) ;
#3864 = CARTESIAN_POINT ( 'NONE',  ( 9.615000000000000213, 0.5000000000000000000, 0.0000000000000000000 ) ) ;
#3865 = DIRECTION ( 'NONE',  ( 0.0000000000000000000, 0.0000000000000000000, -1.000000000000000000 ) ) ;
#3866 = ORIENTED_EDGE ( 'NONE', *, *, #4552, .T. ) ;
#3867 = SURFACE_STYLE_USAGE ( .BOTH. , #3277 ) ;
#3868 = DIRECTION ( 'NONE',  ( 0.0000000000000000000, 0.0000000000000000000, -1.000000000000000000 ) ) ;
#3869 = ORIENTED_EDGE ( 'NONE', *, *, #5474, .T. ) ;
#3870 = DIRECTION ( 'NONE',  ( 1.000000000000000000, -0.0000000000000000000, 0.0000000000000000000 ) ) ;
#3871 = VECTOR ( 'NONE', #3634, 1000.000000000000114 ) ;
#3872 = EDGE_CURVE ( 'NONE', #4033, #1815, #3710, .T. ) ;
#3873 = ADVANCED_FACE ( 'NONE', ( #6383 ), #4221, .F. ) ;
#3874 = ORIENTED_EDGE ( 'NONE', *, *, #6374, .T. ) ;
#3875 = CARTESIAN_POINT ( 'NONE',  ( -1.570000000000000062, -2.500000000000000000, 0.0000000000000000000 ) ) ;
#3876 = ORIENTED_EDGE ( 'NONE', *, *, #5145, .T. ) ;
#3877 = DIRECTION ( 'NONE',  ( 0.0000000000000000000, 0.0000000000000000000, 1.000000000000000000 ) ) ;
#3878 = CARTESIAN_POINT ( 'NONE',  ( -6.000000000000000000, 0.9000000000000000222, 0.3499999999999999778 ) ) ;
#3879 = SURFACE_STYLE_FILL_AREA ( #1839 ) ;
#3880 = LINE ( 'NONE', #6545, #1128 ) ;
#3881 = EDGE_CURVE ( 'NONE', #3323, #6181, #862, .T. ) ;
#3882 = AXIS2_PLACEMENT_3D ( 'NONE', #2163, #839, #6766 ) ;
#3883 = VECTOR ( 'NONE', #3043, 1000.000000000000000 ) ;
#3884 = VERTEX_POINT ( 'NONE', #2140 ) ;
#3885 = FACE_OUTER_BOUND ( 'NONE', #5464, .T. ) ;
#3886 = VECTOR ( 'NONE', #6553, 1000.000000000000000 ) ;
#3887 = LINE ( 'NONE', #1846, #3305 ) ;
#3888 = VECTOR ( 'NONE', #6668, 1000.000000000000000 ) ;
#3889 = CARTESIAN_POINT ( 'NONE',  ( -1.620000000000000107, 7.500000000000000000, -0.7500000000000000000 ) ) ;
#3890 = CARTESIAN_POINT ( 'NONE',  ( -5.599999999999999645, 0.5000000000000000000, -0.7500000000000000000 ) ) ;
#3891 = DIRECTION ( 'NONE',  ( 0.0000000000000000000, -0.7071067811865474617, 0.7071067811865474617 ) ) ;
#3892 = CARTESIAN_POINT ( 'NONE',  ( -9.615000000000000213, 7.500000000000000000, -0.7500000000000000000 ) ) ;
#3893 = ORIENTED_EDGE ( 'NONE', *, *, #4569, .T. ) ;
#3894 = PRESENTATION_LAYER_ASSIGNMENT (  '', '', ( #363 ) ) ;
#3895 = VECTOR ( 'NONE', #6897, 1000.000000000000000 ) ;
#3896 = SURFACE_SIDE_STYLE ('',( #1193 ) ) ;
#3897 = SURFACE_STYLE_USAGE ( .BOTH. , #1234 ) ;
#3898 = ORIENTED_EDGE ( 'NONE', *, *, #1474, .F. ) ;
#3899 = VECTOR ( 'NONE', #6081, 1000.000000000000000 ) ;
#3900 = CARTESIAN_POINT ( 'NONE',  ( 0.9699999999999999734, 0.5000000000000000000, 0.1999999999999999833 ) ) ;
#3901 = ORIENTED_EDGE ( 'NONE', *, *, #7705, .F. ) ;
#3902 = EDGE_LOOP ( 'NONE', ( #5656, #4172, #3762, #7652 ) ) ;
#3903 = CARTESIAN_POINT ( 'NONE',  ( 0.5200000000000000178, 7.500000000000000000, -0.7500000000000000000 ) ) ;
#3904 = VECTOR ( 'NONE', #1888, 1000.000000000000000 ) ;
#3905 = SURFACE_SIDE_STYLE ('',( #1204 ) ) ;
#3906 = EDGE_CURVE ( 'NONE', #4255, #4494, #7532, .T. ) ;
#3907 = CARTESIAN_POINT ( 'NONE',  ( -3.509999999999999787, -2.500000000000000000, 0.0000000000000000000 ) ) ;
#3908 =( LENGTH_UNIT ( ) NAMED_UNIT ( * ) SI_UNIT ( .MILLI., .METRE. ) );
#3909 = ORIENTED_EDGE ( 'NONE', *, *, #6052, .F. ) ;
#3910 = CARTESIAN_POINT ( 'NONE',  ( 10.41000000000000014, 0.5000000000000000000, -0.7500000000000000000 ) ) ;
#3911 =( LENGTH_UNIT ( ) NAMED_UNIT ( * ) SI_UNIT ( .MILLI., .METRE. ) );
#3912 = ORIENTED_EDGE ( 'NONE', *, *, #361, .T. ) ;
#3913 = DIRECTION ( 'NONE',  ( 0.0000000000000000000, 0.0000000000000000000, -1.000000000000000000 ) ) ;
#3914 = AXIS2_PLACEMENT_3D ( 'NONE', #1433, #4125, #3503 ) ;
#3915 = ORIENTED_EDGE ( 'NONE', *, *, #5306, .T. ) ;
#3916 = ORIENTED_EDGE ( 'NONE', *, *, #6112, .F. ) ;
#3917 = EDGE_CURVE ( 'NONE', #5112, #7864, #1513, .T. ) ;
#3918 = CARTESIAN_POINT ( 'NONE',  ( -2.070000000000000284, 8.500000000000000000, -0.8000000000000007105 ) ) ;
#3919 = EDGE_CURVE ( 'NONE', #7567, #946, #166, .T. ) ;
#3920 = DIRECTION ( 'NONE',  ( -1.000000000000000000, 0.0000000000000000000, -0.0000000000000000000 ) ) ;
#3921 = CARTESIAN_POINT ( 'NONE',  ( -10.41000000000000014, 0.5000000000000000000, 0.7500000000000000000 ) ) ;
#3922 = CARTESIAN_POINT ( 'NONE',  ( -9.189999999999999503, 0.5000000000000000000, 0.2000000000000000111 ) ) ;
#3923 =( NAMED_UNIT ( * ) SI_UNIT ( $, .STERADIAN. ) SOLID_ANGLE_UNIT ( ) );
#3924 =( LENGTH_UNIT ( ) NAMED_UNIT ( * ) SI_UNIT ( .MILLI., .METRE. ) );
#3925 = ORIENTED_EDGE ( 'NONE', *, *, #1448, .T. ) ;
#3926 = DIRECTION ( 'NONE',  ( 1.000000000000000000, -0.0000000000000000000, 0.0000000000000000000 ) ) ;
#3927 = EDGE_CURVE ( 'NONE', #5549, #1416, #34, .T. ) ;
#3928 = CARTESIAN_POINT ( 'NONE',  ( -7.075000000000000178, 0.5000000000000000000, 0.7500000000000000000 ) ) ;
#3929 = DIRECTION ( 'NONE',  ( -0.0000000000000000000, 0.0000000000000000000, -1.000000000000000000 ) ) ;
#3930 = LINE ( 'NONE', #739, #5854 ) ;
#3931 = CARTESIAN_POINT ( 'NONE',  ( 5.599999999999999645, 7.500000000000000000, -0.7500000000000000000 ) ) ;
#3932 = PLANE ( 'NONE',  #5067 ) ;
#3933 = ORIENTED_EDGE ( 'NONE', *, *, #1484, .T. ) ;
#3934 = VERTEX_POINT ( 'NONE', #5484 ) ;
#3935 = UNCERTAINTY_MEASURE_WITH_UNIT (LENGTH_MEASURE( 1.000000000000000082E-05 ), #5039, 'distance_accuracy_value', 'NONE');
#3936 = EDGE_CURVE ( 'NONE', #7875, #8054, #6231, .T. ) ;
#3937 = SURFACE_STYLE_FILL_AREA ( #7243 ) ;
#3938 = VERTEX_POINT ( 'NONE', #4200 ) ;
#3939 = VECTOR ( 'NONE', #1811, 1000.000000000000000 ) ;
#3940 = EDGE_LOOP ( 'NONE', ( #1230, #2303, #702, #806 ) ) ;
#3941 = DIRECTION ( 'NONE',  ( 0.0000000000000000000, 1.000000000000000000, 0.0000000000000000000 ) ) ;
#3942 = EDGE_LOOP ( 'NONE', ( #4628, #7439, #6058, #2321 ) ) ;
#3943 = CARTESIAN_POINT ( 'NONE',  ( -6.050000000000003375, -2.499999999999998668, -0.2000000000000000389 ) ) ;
#3944 = UNCERTAINTY_MEASURE_WITH_UNIT (LENGTH_MEASURE( 1.000000000000000082E-05 ), #4280, 'distance_accuracy_value', 'NONE');
#3945 = AXIS2_PLACEMENT_3D ( 'NONE', #5670, #2953, #5626 ) ;
#3946 = LINE ( 'NONE', #7122, #448 ) ;
#3947 = DIRECTION ( 'NONE',  ( -1.000000000000000000, 0.0000000000000000000, -0.0000000000000000000 ) ) ;
#3948 = MECHANICAL_DESIGN_GEOMETRIC_PRESENTATION_REPRESENTATION (  '', ( #7412 ), #1675 ) ;
#3949 = VERTEX_POINT ( 'NONE', #2017 ) ;
#3950 = ORIENTED_EDGE ( 'NONE', *, *, #1733, .F. ) ;
#3951 = DIRECTION ( 'NONE',  ( -1.000000000000000000, 0.0000000000000000000, -0.0000000000000000000 ) ) ;
#3952 = AXIS2_PLACEMENT_3D ( 'NONE', #3037, #3838, #488 ) ;
#3953 = ORIENTED_EDGE ( 'NONE', *, *, #4401, .F. ) ;
#3954 = EDGE_CURVE ( 'NONE', #7394, #3854, #3462, .T. ) ;
#3955 = AXIS2_PLACEMENT_3D ( 'NONE', #5915, #2632, #8609 ) ;
#3956 = EDGE_LOOP ( 'NONE', ( #5600, #8445, #7230, #7604 ) ) ;
#3957 = LINE ( 'NONE', #3918, #2315 ) ;
#3958 = PRESENTATION_LAYER_ASSIGNMENT (  '', '', ( #5211 ) ) ;
#3959 = DIRECTION ( 'NONE',  ( -0.0000000000000000000, -0.0000000000000000000, 1.000000000000000000 ) ) ;
#3960 = PRESENTATION_STYLE_ASSIGNMENT (( #1253 ) ) ;
#3961 = FACE_OUTER_BOUND ( 'NONE', #3302, .T. ) ;
#3962 = PLANE ( 'NONE',  #468 ) ;
#3963 =( LENGTH_UNIT ( ) NAMED_UNIT ( * ) SI_UNIT ( .MILLI., .METRE. ) );
#3964 = ORIENTED_EDGE ( 'NONE', *, *, #5880, .T. ) ;
#3965 = EDGE_CURVE ( 'NONE', #390, #1919, #2762, .T. ) ;
#3966 = MECHANICAL_DESIGN_GEOMETRIC_PRESENTATION_REPRESENTATION (  '', ( #4934 ), #5088 ) ;
#3967 = VECTOR ( 'NONE', #4845, 1000.000000000000000 ) ;
#3968 = LINE ( 'NONE', #5325, #5832 ) ;
#3969 = CARTESIAN_POINT ( 'NONE',  ( -8.589999999999999858, 0.5000000000000000000, 0.1999999999999999833 ) ) ;
#3970 = LINE ( 'NONE', #5327, #2168 ) ;
#3971 = EDGE_LOOP ( 'NONE', ( #428, #5153, #6557, #6258 ) ) ;
#3972 = LINE ( 'NONE', #1307, #2108 ) ;
#3973 = VECTOR ( 'NONE', #6050, 1000.000000000000000 ) ;
#3974 = ORIENTED_EDGE ( 'NONE', *, *, #6830, .F. ) ;
#3975 = EDGE_CURVE ( 'NONE', #1457, #2893, #2056, .T. ) ;
#3976 = EDGE_CURVE ( 'NONE', #674, #8381, #5526, .T. ) ;
#3977 =( LENGTH_UNIT ( ) NAMED_UNIT ( * ) SI_UNIT ( .MILLI., .METRE. ) );
#3978 = PRESENTATION_STYLE_ASSIGNMENT (( #5298 ) ) ;
#3979 = DIRECTION ( 'NONE',  ( 1.000000000000000000, -0.0000000000000000000, 0.0000000000000000000 ) ) ;
#3980 = CARTESIAN_POINT ( 'NONE',  ( -0.6199999999999999956, 8.349999999999999645, 0.0000000000000000000 ) ) ;
#3981 = ORIENTED_EDGE ( 'NONE', *, *, #4165, .F. ) ;
#3982 = CARTESIAN_POINT ( 'NONE',  ( -6.000000000000000000, 0.9000000000000001332, -0.3499999999999999778 ) ) ;
#3983 = EDGE_LOOP ( 'NONE', ( #5347, #3950, #5695, #8705 ) ) ;
#3984 = AXIS2_PLACEMENT_3D ( 'NONE', #5692, #7620, #4837 ) ;
#3985 = ADVANCED_FACE ( 'NONE', ( #4790 ), #4749, .F. ) ;
#3986 = ORIENTED_EDGE ( 'NONE', *, *, #6183, .T. ) ;
#3987 = VECTOR ( 'NONE', #644, 1000.000000000000000 ) ;
#3988 = CARTESIAN_POINT ( 'NONE',  ( 6.650000000000000355, -3.000000000000000000, -0.2000000000000000111 ) ) ;
#3989 =( NAMED_UNIT ( * ) PLANE_ANGLE_UNIT ( ) SI_UNIT ( $, .RADIAN. ) );
#3990 = ORIENTED_EDGE ( 'NONE', *, *, #3280, .T. ) ;
#3991 = PRESENTATION_STYLE_ASSIGNMENT (( #2580 ) ) ;
#3992 = ORIENTED_EDGE ( 'NONE', *, *, #5433, .T. ) ;
#3993 = DIRECTION ( 'NONE',  ( 1.000000000000000000, -0.0000000000000000000, 0.0000000000000000000 ) ) ;
#3994 = PRODUCT_CONTEXT ( 'NONE', #2365, 'mechanical' ) ;
#3995 = VERTEX_POINT ( 'NONE', #4882 ) ;
#3996 = AXIS2_PLACEMENT_3D ( 'NONE', #3062, #6259, #1676 ) ;
#3997 = SURFACE_SIDE_STYLE ('',( #2499 ) ) ;
#3998 = DIRECTION ( 'NONE',  ( -0.0000000000000000000, -0.0000000000000000000, 1.000000000000000000 ) ) ;
#3999 = LINE ( 'NONE', #526, #7944 ) ;
#4000 = STYLED_ITEM ( 'NONE', ( #2095 ), #4005 ) ;
#4001 =( NAMED_UNIT ( * ) PLANE_ANGLE_UNIT ( ) SI_UNIT ( $, .RADIAN. ) );
#4002 = ORIENTED_EDGE ( 'NONE', *, *, #3294, .F. ) ;
#4003 = CARTESIAN_POINT ( 'NONE',  ( -9.690000000000001279, 8.500000000000000000, 0.8000000000000004885 ) ) ;
#4004 = CARTESIAN_POINT ( 'NONE',  ( -0.4699999999999999178, 8.500000000000000000, -1.270000000000000018 ) ) ;
#4005 = ADVANCED_FACE ( 'NONE', ( #6706 ), #3375, .T. ) ;
#4006 =( NAMED_UNIT ( * ) PLANE_ANGLE_UNIT ( ) SI_UNIT ( $, .RADIAN. ) );
#4007 = DIRECTION ( 'NONE',  ( 0.5773502691896245098, -0.5773502691896278405, -0.5773502691896250649 ) ) ;
#4008 = ORIENTED_EDGE ( 'NONE', *, *, #1950, .T. ) ;
#4009 = DIRECTION ( 'NONE',  ( -0.0000000000000000000, 0.0000000000000000000, -1.000000000000000000 ) ) ;
#4010 = STYLED_ITEM ( 'NONE', ( #3978 ), #4618 ) ;
#4011 = ORIENTED_EDGE ( 'NONE', *, *, #5511, .T. ) ;
#4012 = EDGE_LOOP ( 'NONE', ( #6857, #275, #2569, #8098 ) ) ;
#4013 = DIRECTION ( 'NONE',  ( 1.000000000000000000, 0.0000000000000000000, 0.0000000000000000000 ) ) ;
#4014 = AXIS2_PLACEMENT_3D ( 'NONE', #4341, #347, #6994 ) ;
#4015 = STYLED_ITEM ( 'NONE', ( #5667 ), #4766 ) ;
#4016 = UNCERTAINTY_MEASURE_WITH_UNIT (LENGTH_MEASURE( 1.000000000000000082E-05 ), #1087, 'distance_accuracy_value', 'NONE');
#4017 = CARTESIAN_POINT ( 'NONE',  ( -9.615000000000000213, 0.0000000000000000000, 0.0000000000000000000 ) ) ;
#4018 = DIRECTION ( 'NONE',  ( 0.0000000000000000000, -0.0000000000000000000, 1.000000000000000000 ) ) ;
#4019 = EDGE_CURVE ( 'NONE', #5254, #1912, #5444, .T. ) ;
#4020 = PLANE ( 'NONE',  #7862 ) ;
#4021 = EDGE_CURVE ( 'NONE', #3938, #7545, #6953, .T. ) ;
#4022 = CARTESIAN_POINT ( 'NONE',  ( -1.995000000000000329, 0.5000000000000000000, -0.7500000000000000000 ) ) ;
#4023 = ORIENTED_EDGE ( 'NONE', *, *, #1363, .F. ) ;
#4024 = EDGE_LOOP ( 'NONE', ( #7283, #3761, #7923, #1154 ) ) ;
#4025 =( NAMED_UNIT ( * ) PLANE_ANGLE_UNIT ( ) SI_UNIT ( $, .RADIAN. ) );
#4026 = AXIS2_PLACEMENT_3D ( 'NONE', #6895, #1680, #5694 ) ;
#4027 = STYLED_ITEM ( 'NONE', ( #3454 ), #5364 ) ;
#4028 = ORIENTED_EDGE ( 'NONE', *, *, #3164, .T. ) ;
#4029 = VECTOR ( 'NONE', #4559, 1000.000000000000000 ) ;
#4030 = DIRECTION ( 'NONE',  ( -0.0000000000000000000, 0.0000000000000000000, 1.000000000000000000 ) ) ;
#4031 = ADVANCED_FACE ( 'NONE', ( #4248, #2324 ), #5701, .T. ) ;
#4032 = DIRECTION ( 'NONE',  ( 0.2873478855663453291, -0.9578262852211513190, 0.0000000000000000000 ) ) ;
#4033 = VERTEX_POINT ( 'NONE', #4340 ) ;
#4034 =( LENGTH_UNIT ( ) NAMED_UNIT ( * ) SI_UNIT ( .MILLI., .METRE. ) );
#4035 = ORIENTED_EDGE ( 'NONE', *, *, #2413, .F. ) ;
#4036 = CARTESIAN_POINT ( 'NONE',  ( -8.664999999999999147, -2.750000000000000000, 0.0000000000000000000 ) ) ;
#4037 = VECTOR ( 'NONE', #1358, 1000.000000000000000 ) ;
#4038 = EDGE_LOOP ( 'NONE', ( #2891, #7613, #490, #8596, #291, #2103 ) ) ;
#4039 = LINE ( 'NONE', #8016, #2246 ) ;
#4040 = ORIENTED_EDGE ( 'NONE', *, *, #5833, .T. ) ;
#4041 = EDGE_CURVE ( 'NONE', #1643, #5317, #947, .T. ) ;
#4042 = CARTESIAN_POINT ( 'NONE',  ( 2.070000000000000728, 8.500000000000000000, -1.270000000000000018 ) ) ;
#4043 = AXIS2_PLACEMENT_3D ( 'NONE', #6589, #3379, #7273 ) ;
#4044 = SURFACE_STYLE_FILL_AREA ( #5557 ) ;
#4045 = DIRECTION ( 'NONE',  ( -1.000000000000000000, -0.0000000000000000000, 0.0000000000000000000 ) ) ;
#4046 = SURFACE_SIDE_STYLE ('',( #2013 ) ) ;
#4047 = SURFACE_SIDE_STYLE ('',( #1221 ) ) ;
#4048 = PRESENTATION_STYLE_ASSIGNMENT (( #1342 ) ) ;
#4049 = ORIENTED_EDGE ( 'NONE', *, *, #3881, .F. ) ;
#4050 = CARTESIAN_POINT ( 'NONE',  ( -5.850000000000000533, 0.0000000000000000000, -0.5000000000000000000 ) ) ;
#4051 = LINE ( 'NONE', #1348, #3522 ) ;
#4052 = CARTESIAN_POINT ( 'NONE',  ( -6.000000000000000000, 7.500000000000000000, -0.3499999999999999778 ) ) ;
#4053 = PRESENTATION_STYLE_ASSIGNMENT (( #4712 ) ) ;
#4054 = ORIENTED_EDGE ( 'NONE', *, *, #6744, .T. ) ;
#4055 = EDGE_CURVE ( 'NONE', #3215, #8690, #906, .T. ) ;
#4056 = FILL_AREA_STYLE ('',( #2611 ) ) ;
#4057 = DIRECTION ( 'NONE',  ( 0.0000000000000000000, -0.0000000000000000000, -1.000000000000000000 ) ) ;
#4058 = ORIENTED_EDGE ( 'NONE', *, *, #4818, .T. ) ;
#4059 = LINE ( 'NONE', #672, #1827 ) ;
#4060 = SURFACE_STYLE_FILL_AREA ( #4725 ) ;
#4061 = EDGE_LOOP ( 'NONE', ( #1026, #2426, #3573, #6596 ) ) ;
#4062 = EDGE_CURVE ( 'NONE', #146, #5269, #7669, .T. ) ;
#4063 = CARTESIAN_POINT ( 'NONE',  ( -9.640000000000000568, 7.500000000000000000, 0.7500000000000000000 ) ) ;
#4064 = ORIENTED_EDGE ( 'NONE', *, *, #6985, .T. ) ;
#4065 =( NAMED_UNIT ( * ) PLANE_ANGLE_UNIT ( ) SI_UNIT ( $, .RADIAN. ) );
#4066 = CARTESIAN_POINT ( 'NONE',  ( 1.420000000000014584, -3.000000000000004441, 0.0000000000000000000 ) ) ;
#4067 = ORIENTED_EDGE ( 'NONE', *, *, #79, .T. ) ;
#4068 = SURFACE_SIDE_STYLE ('',( #2873 ) ) ;
#4069 = EDGE_LOOP ( 'NONE', ( #8193, #6361, #3733, #8330 ) ) ;
#4070 = ADVANCED_FACE ( 'NONE', ( #432 ), #7760, .T. ) ;
#4071 = ADVANCED_FACE ( 'NONE', ( #3741 ), #6279, .T. ) ;
#4072 = EDGE_LOOP ( 'NONE', ( #8628, #4427, #2869, #7820 ) ) ;
#4073 =( NAMED_UNIT ( * ) SI_UNIT ( $, .STERADIAN. ) SOLID_ANGLE_UNIT ( ) );
#4074 = DIRECTION ( 'NONE',  ( -0.0000000000000000000, -0.0000000000000000000, 1.000000000000000000 ) ) ;
#4075 = STYLED_ITEM ( 'NONE', ( #7398 ), #8248 ) ;
#4076 = DIRECTION ( 'NONE',  ( -0.0000000000000000000, -1.000000000000000000, -0.0000000000000000000 ) ) ;
#4077 = FILL_AREA_STYLE_COLOUR ( '', #6858 ) ;
#4078 = AXIS2_PLACEMENT_3D ( 'NONE', #1817, #5212, #4468 ) ;
#4079 = VERTEX_POINT ( 'NONE', #1746 ) ;
#4080 = EDGE_CURVE ( 'NONE', #2015, #4796, #4436, .T. ) ;
#4081 = COLOUR_RGB ( '',0.1568627450980392135, 0.1568627450980392135, 0.1568627450980392135 ) ;
#4082 = VECTOR ( 'NONE', #3513, 1000.000000000000000 ) ;
#4083 = DIRECTION ( 'NONE',  ( -0.0000000000000000000, -1.000000000000000000, -0.0000000000000000000 ) ) ;
#4084 = VECTOR ( 'NONE', #3829, 1000.000000000000000 ) ;
#4085 = SURFACE_STYLE_FILL_AREA ( #6825 ) ;
#4086 = CARTESIAN_POINT ( 'NONE',  ( -10.41000000000000014, 0.5000000000000000000, 0.7500000000000000000 ) ) ;
#4087 = DIRECTION ( 'NONE',  ( 0.0000000000000000000, -1.000000000000000000, 0.0000000000000000000 ) ) ;
#4088 = SURFACE_STYLE_USAGE ( .BOTH. , #2850 ) ;
#4089 =( NAMED_UNIT ( * ) SI_UNIT ( $, .STERADIAN. ) SOLID_ANGLE_UNIT ( ) );
#4090 = MECHANICAL_DESIGN_GEOMETRIC_PRESENTATION_REPRESENTATION (  '', ( #5071 ), #3822 ) ;
#4091 = ORIENTED_EDGE ( 'NONE', *, *, #1484, .F. ) ;
#4092 = PRESENTATION_LAYER_ASSIGNMENT (  '', '', ( #2262 ) ) ;
#4093 = VECTOR ( 'NONE', #2487, 1000.000000000000000 ) ;
#4094 = PRESENTATION_STYLE_ASSIGNMENT (( #8117 ) ) ;
#4095 = FILL_AREA_STYLE_COLOUR ( '', #5410 ) ;
#4096 = VECTOR ( 'NONE', #6095, 1000.000000000000000 ) ;
#4097 = LINE ( 'NONE', #6716, #2761 ) ;
#4098 = PRESENTATION_LAYER_ASSIGNMENT (  '', '', ( #7165 ) ) ;
#4099 = ORIENTED_EDGE ( 'NONE', *, *, #2345, .T. ) ;
#4100 = EDGE_CURVE ( 'NONE', #764, #6904, #6409, .T. ) ;
#4101 = CARTESIAN_POINT ( 'NONE',  ( 4.535000000000000142, 7.500000000000000000, 0.0000000000000000000 ) ) ;
#4102 = LINE ( 'NONE', #750, #3716 ) ;
#4103 = ORIENTED_EDGE ( 'NONE', *, *, #4818, .F. ) ;
#4104 = VECTOR ( 'NONE', #4425, 1000.000000000000000 ) ;
#4105 = DIRECTION ( 'NONE',  ( 0.2873478855662903730, -0.9578262852211679723, 0.0000000000000000000 ) ) ;
#4106 = CARTESIAN_POINT ( 'NONE',  ( 5.599999999999999645, 7.500000000000000000, -0.7500000000000000000 ) ) ;
#4107 = ORIENTED_EDGE ( 'NONE', *, *, #7217, .F. ) ;
#4108 =( NAMED_UNIT ( * ) PLANE_ANGLE_UNIT ( ) SI_UNIT ( $, .RADIAN. ) );
#4109 = EDGE_CURVE ( 'NONE', #7256, #671, #2272, .T. ) ;
#4110 = VERTEX_POINT ( 'NONE', #7090 ) ;
#4111 = DIRECTION ( 'NONE',  ( 1.000000000000000000, -0.0000000000000000000, 0.0000000000000000000 ) ) ;
#4112 = VERTEX_POINT ( 'NONE', #5658 ) ;
#4113 = SURFACE_STYLE_FILL_AREA ( #1417 ) ;
#4114 = SURFACE_STYLE_FILL_AREA ( #2046 ) ;
#4115 = VECTOR ( 'NONE', #7438, 1000.000000000000000 ) ;
#4116 = FILL_AREA_STYLE ('',( #1338 ) ) ;
#4117 = PRESENTATION_STYLE_ASSIGNMENT (( #8152 ) ) ;
#4118 = DIRECTION ( 'NONE',  ( -0.0000000000000000000, -0.0000000000000000000, 1.000000000000000000 ) ) ;
#4119 = ADVANCED_FACE ( 'NONE', ( #259 ), #3787, .T. ) ;
#4120 = EDGE_CURVE ( 'NONE', #1044, #2923, #4918, .T. ) ;
#4121 = CARTESIAN_POINT ( 'NONE',  ( 5.850000000000001421, 8.199999999999999289, -0.5000000000000000000 ) ) ;
#4122 = ORIENTED_EDGE ( 'NONE', *, *, #6998, .T. ) ;
#4123 = VECTOR ( 'NONE', #1020, 1000.000000000000000 ) ;
#4124 = PRESENTATION_STYLE_ASSIGNMENT (( #8208 ) ) ;
#4125 = DIRECTION ( 'NONE',  ( -0.0000000000000000000, 0.0000000000000000000, 1.000000000000000000 ) ) ;
#4126 = EDGE_CURVE ( 'NONE', #5125, #6641, #346, .T. ) ;
#4127 =( NAMED_UNIT ( * ) SI_UNIT ( $, .STERADIAN. ) SOLID_ANGLE_UNIT ( ) );
#4128 = ORIENTED_EDGE ( 'NONE', *, *, #4483, .T. ) ;
#4129 = FILL_AREA_STYLE ('',( #1437 ) ) ;
#4130 = VECTOR ( 'NONE', #7020, 1000.000000000000000 ) ;
#4131 = VECTOR ( 'NONE', #278, 1000.000000000000000 ) ;
#4132 = SURFACE_SIDE_STYLE ('',( #89 ) ) ;
#4133 = FACE_OUTER_BOUND ( 'NONE', #2458, .T. ) ;
#4134 = VERTEX_POINT ( 'NONE', #2372 ) ;
#4135 = CARTESIAN_POINT ( 'NONE',  ( 8.390000000000000568, 0.5000000000000000000, -0.5000000000000000000 ) ) ;
#4136 = DIRECTION ( 'NONE',  ( 0.0000000000000000000, 0.0000000000000000000, -1.000000000000000000 ) ) ;
#4137 = VERTEX_POINT ( 'NONE', #5567 ) ;
#4138 = PRESENTATION_LAYER_ASSIGNMENT (  '', '', ( #6527 ) ) ;
#4139 = CARTESIAN_POINT ( 'NONE',  ( 6.000000000000000000, 7.500000000000000000, 0.3500000000000000333 ) ) ;
#4140 = CARTESIAN_POINT ( 'NONE',  ( 5.599999999999998757, 0.5000000000000000000, 0.7500000000000000000 ) ) ;
#4141 = DIRECTION ( 'NONE',  ( 1.000000000000000000, -0.0000000000000000000, 0.0000000000000000000 ) ) ;
#4142 = ORIENTED_EDGE ( 'NONE', *, *, #5163, .T. ) ;
#4143 = COLOUR_RGB ( '',0.1568627450980392135, 0.1568627450980392135, 0.1568627450980392135 ) ;
#4144 = DIRECTION ( 'NONE',  ( 0.0000000000000000000, 1.000000000000000000, 0.0000000000000000000 ) ) ;
#4145 = AXIS2_PLACEMENT_3D ( 'NONE', #6015, #5847, #2510 ) ;
#4146 =( NAMED_UNIT ( * ) SI_UNIT ( $, .STERADIAN. ) SOLID_ANGLE_UNIT ( ) );
#4147 = ORIENTED_EDGE ( 'NONE', *, *, #489, .T. ) ;
#4148 = FILL_AREA_STYLE ('',( #7515 ) ) ;
#4149 = EDGE_LOOP ( 'NONE', ( #2170, #3064, #3793, #3099 ) ) ;
#4150 = EDGE_LOOP ( 'NONE', ( #5985, #5864, #1466, #7885 ) ) ;
#4151 = DIRECTION ( 'NONE',  ( 0.0000000000000000000, -1.000000000000000000, 0.0000000000000000000 ) ) ;
#4152 = EDGE_LOOP ( 'NONE', ( #1548, #3440, #5736, #953 ) ) ;
#4153 = VECTOR ( 'NONE', #5541, 1000.000000000000000 ) ;
#4154 = PRESENTATION_STYLE_ASSIGNMENT (( #8570 ) ) ;
#4155 = COLOUR_RGB ( '',0.1568627450980392135, 0.1568627450980392135, 0.1568627450980392135 ) ;
#4156 = EDGE_CURVE ( 'NONE', #5227, #764, #5055, .T. ) ;
#4157 = LINE ( 'NONE', #3490, #4589 ) ;
#4158 = CARTESIAN_POINT ( 'NONE',  ( -10.41000000000000014, 7.500000000000000000, 0.7500000000000000000 ) ) ;
#4159 = VERTEX_POINT ( 'NONE', #4391 ) ;
#4160 = LINE ( 'NONE', #3456, #8617 ) ;
#4161 =( NAMED_UNIT ( * ) SI_UNIT ( $, .STERADIAN. ) SOLID_ANGLE_UNIT ( ) );
#4162 = ORIENTED_EDGE ( 'NONE', *, *, #3815, .F. ) ;
#4163 = ORIENTED_EDGE ( 'NONE', *, *, #3317, .T. ) ;
#4164 = ADVANCED_FACE ( 'NONE', ( #8249 ), #2222, .F. ) ;
#4165 = EDGE_CURVE ( 'NONE', #6493, #3088, #5274, .T. ) ;
#4166 = AXIS2_PLACEMENT_3D ( 'NONE', #7850, #6498, #3123 ) ;
#4167 = DIRECTION ( 'NONE',  ( 1.000000000000000000, 0.0000000000000000000, 0.0000000000000000000 ) ) ;
#4168 = CARTESIAN_POINT ( 'NONE',  ( -5.700000000000000178, 8.349999999999999645, 0.0000000000000000000 ) ) ;
#4169 =( LENGTH_UNIT ( ) NAMED_UNIT ( * ) SI_UNIT ( .MILLI., .METRE. ) );
#4170 = CARTESIAN_POINT ( 'NONE',  ( -0.5450000000000000400, 0.5000000000000000000, 0.7500000000000000000 ) ) ;
#4171 = MECHANICAL_DESIGN_GEOMETRIC_PRESENTATION_REPRESENTATION (  '', ( #5717 ), #392 ) ;
#4172 = ORIENTED_EDGE ( 'NONE', *, *, #4871, .F. ) ;
#4173 = CARTESIAN_POINT ( 'NONE',  ( -0.7700000000000000178, 8.199999999999999289, 0.4999999999999998890 ) ) ;
#4174 = EDGE_CURVE ( 'NONE', #8108, #5675, #7844, .T. ) ;
#4175 = ADVANCED_FACE ( 'NONE', ( #3159 ), #562, .T. ) ;
#4176 = LINE ( 'NONE', #6833, #4082 ) ;
#4177 = LINE ( 'NONE', #7585, #5710 ) ;
#4178 = DIRECTION ( 'NONE',  ( 0.0000000000000000000, 1.000000000000000000, -0.0000000000000000000 ) ) ;
#4179 = CARTESIAN_POINT ( 'NONE',  ( -6.500000000000004441, -3.000000000000000888, 0.2000000000000000389 ) ) ;
#4180 = ORIENTED_EDGE ( 'NONE', *, *, #1852, .T. ) ;
#4181 = EDGE_CURVE ( 'NONE', #342, #5552, #2539, .T. ) ;
#4182 = DIRECTION ( 'NONE',  ( -0.0000000000000000000, 0.0000000000000000000, 1.000000000000000000 ) ) ;
#4183 = LINE ( 'NONE', #755, #861 ) ;
#4184 = LINE ( 'NONE', #6928, #4729 ) ;
#4185 = ORIENTED_EDGE ( 'NONE', *, *, #7546, .F. ) ;
#4186 = FILL_AREA_STYLE ('',( #6842 ) ) ;
#4187 = EDGE_LOOP ( 'NONE', ( #1267, #1738, #7001, #6443 ) ) ;
#4188 = DIRECTION ( 'NONE',  ( 0.0000000000000000000, 1.000000000000000000, -0.0000000000000000000 ) ) ;
#4189 = ORIENTED_EDGE ( 'NONE', *, *, #2027, .T. ) ;
#4190 = ORIENTED_EDGE ( 'NONE', *, *, #6208, .T. ) ;
#4191 = DIRECTION ( 'NONE',  ( 0.0000000000000000000, 0.0000000000000000000, -1.000000000000000000 ) ) ;
#4192 = ORIENTED_EDGE ( 'NONE', *, *, #6720, .T. ) ;
#4193 = FILL_AREA_STYLE ('',( #895 ) ) ;
#4194 = EDGE_LOOP ( 'NONE', ( #2498, #8237, #1954, #5994 ) ) ;
#4195 = LINE ( 'NONE', #6854, #3273 ) ;
#4196 = LINE ( 'NONE', #6142, #5622 ) ;
#4197 = EDGE_CURVE ( 'NONE', #6069, #7702, #1175, .T. ) ;
#4198 =( GEOMETRIC_REPRESENTATION_CONTEXT ( 3 ) GLOBAL_UNCERTAINTY_ASSIGNED_CONTEXT ( ( #6022 ) ) GLOBAL_UNIT_ASSIGNED_CONTEXT ( ( #5085, #7068, #4273 ) ) REPRESENTATION_CONTEXT ( 'NONE', 'WORKASPACE' ) );
#4199 = ORIENTED_EDGE ( 'NONE', *, *, #204, .T. ) ;
#4200 = CARTESIAN_POINT ( 'NONE',  ( -8.140000000000000568, 0.5000000000000000000, -0.7500000000000000000 ) ) ;
#4201 = PRESENTATION_LAYER_ASSIGNMENT (  '', '', ( #4075 ) ) ;
#4202 = CARTESIAN_POINT ( 'NONE',  ( -1.570000000000000062, 0.5000000000000000000, 0.7500000000000000000 ) ) ;
#4203 = CARTESIAN_POINT ( 'NONE',  ( -10.41000000000000014, 0.5000000000000000000, -0.7500000000000000000 ) ) ;
#4204 = PRESENTATION_LAYER_ASSIGNMENT (  '', '', ( #3371 ) ) ;
#4205 = DIRECTION ( 'NONE',  ( 1.000000000000000000, -0.0000000000000000000, 0.0000000000000000000 ) ) ;
#4206 = EDGE_CURVE ( 'NONE', #5227, #5199, #3957, .T. ) ;
#4207 = ORIENTED_EDGE ( 'NONE', *, *, #8688, .T. ) ;
#4208 = COLOUR_RGB ( '',0.1568627450980392135, 0.1568627450980392135, 0.1568627450980392135 ) ;
#4209 = CARTESIAN_POINT ( 'NONE',  ( 6.700000000000000178, 0.9000000000000001332, -0.3499999999999999778 ) ) ;
#4210 = MECHANICAL_DESIGN_GEOMETRIC_PRESENTATION_REPRESENTATION (  '', ( #5782 ), #165 ) ;
#4211 = COLOUR_RGB ( '',0.1568627450980392135, 0.1568627450980392135, 0.1568627450980392135 ) ;
#4212 = LINE ( 'NONE', #7583, #5138 ) ;
#4213 = CARTESIAN_POINT ( 'NONE',  ( 9.189999999999999503, 0.5000000000000000000, 0.1999999999999999833 ) ) ;
#4214 = LINE ( 'NONE', #8219, #1216 ) ;
#4215 = CARTESIAN_POINT ( 'NONE',  ( 0.9699999999999999734, 0.5000000000000000000, 0.2000000000000000111 ) ) ;
#4216 = CARTESIAN_POINT ( 'NONE',  ( -1.770000000000000018, 7.500000000000000000, 0.5000000000000000000 ) ) ;
#4217 = ADVANCED_FACE ( 'NONE', ( #1920 ), #1294, .T. ) ;
#4218 = VECTOR ( 'NONE', #2771, 1000.000000000000000 ) ;
#4219 = EDGE_CURVE ( 'NONE', #52, #621, #606, .T. ) ;
#4220 = STYLED_ITEM ( 'NONE', ( #888 ), #611 ) ;
#4221 = PLANE ( 'NONE',  #4410 ) ;
#4222 = ORIENTED_EDGE ( 'NONE', *, *, #876, .T. ) ;
#4223 = STYLED_ITEM ( 'NONE', ( #3778 ), #1501 ) ;
#4224 = PRESENTATION_STYLE_ASSIGNMENT (( #7594 ) ) ;
#4225 = CARTESIAN_POINT ( 'NONE',  ( -3.509999999999999787, 0.5000000000000000000, 0.0000000000000000000 ) ) ;
#4226 = ORIENTED_EDGE ( 'NONE', *, *, #8132, .F. ) ;
#4227 = CARTESIAN_POINT ( 'NONE',  ( -8.164999999999999147, 0.5000000000000000000, -0.7500000000000000000 ) ) ;
#4228 = DIRECTION ( 'NONE',  ( 0.0000000000000000000, 0.7071067811865474617, 0.7071067811865474617 ) ) ;
#4229 = EDGE_LOOP ( 'NONE', ( #7804, #8011, #3276, #6675 ) ) ;
#4230 = ADVANCED_FACE ( 'NONE', ( #7131 ), #4614, .T. ) ;
#4231 = VECTOR ( 'NONE', #8524, 1000.000000000000000 ) ;
#4232 = STYLED_ITEM ( 'NONE', ( #6171 ), #1013 ) ;
#4233 = EDGE_LOOP ( 'NONE', ( #5162, #6360, #60, #6513 ) ) ;
#4234 = ORIENTED_EDGE ( 'NONE', *, *, #2729, .F. ) ;
#4235 = SURFACE_STYLE_FILL_AREA ( #1549 ) ;
#4236 = STYLED_ITEM ( 'NONE', ( #7272 ), #2497 ) ;
#4237 = FACE_OUTER_BOUND ( 'NONE', #4994, .T. ) ;
#4238 = SURFACE_SIDE_STYLE ('',( #7562 ) ) ;
#4239 = ORIENTED_EDGE ( 'NONE', *, *, #5942, .T. ) ;
#4240 = DIRECTION ( 'NONE',  ( -0.0000000000000000000, -1.000000000000000000, -0.0000000000000000000 ) ) ;
#4241 = CARTESIAN_POINT ( 'NONE',  ( 2.019999999999999130, 0.5000000000000000000, -0.7500000000000000000 ) ) ;
#4242 = SURFACE_STYLE_USAGE ( .BOTH. , #8197 ) ;
#4243 = ORIENTED_EDGE ( 'NONE', *, *, #4842, .F. ) ;
#4244 = DIRECTION ( 'NONE',  ( 0.0000000000000000000, -0.0000000000000000000, -1.000000000000000000 ) ) ;
#4245 = LINE ( 'NONE', #5521, #8 ) ;
#4246 = EDGE_LOOP ( 'NONE', ( #3738, #7375, #1238, #5593 ) ) ;
#4247 = UNCERTAINTY_MEASURE_WITH_UNIT (LENGTH_MEASURE( 1.000000000000000082E-05 ), #1776, 'distance_accuracy_value', 'NONE');
#4248 = FACE_BOUND ( 'NONE', #6402, .T. ) ;
#4249 = LINE ( 'NONE', #2895, #7354 ) ;
#4250 = LINE ( 'NONE', #305, #3126 ) ;
#4251 = VECTOR ( 'NONE', #5179, 1000.000000000000000 ) ;
#4252 = DIRECTION ( 'NONE',  ( 0.0000000000000000000, 1.000000000000000000, 0.0000000000000000000 ) ) ;
#4253 = CARTESIAN_POINT ( 'NONE',  ( -6.500000000000004441, -3.000000000000000888, -0.2000000000000000389 ) ) ;
#4254 = FILL_AREA_STYLE ('',( #5021 ) ) ;
#4255 = VERTEX_POINT ( 'NONE', #6802 ) ;
#4256 = VECTOR ( 'NONE', #4324, 1000.000000000000000 ) ;
#4257 = PLANE ( 'NONE',  #2984 ) ;
#4258 = ADVANCED_FACE ( 'NONE', ( #8179 ), #4269, .F. ) ;
#4259 = FILL_AREA_STYLE_COLOUR ( '', #2323 ) ;
#4260 =( NAMED_UNIT ( * ) SI_UNIT ( $, .STERADIAN. ) SOLID_ANGLE_UNIT ( ) );
#4261 = FILL_AREA_STYLE ('',( #7634 ) ) ;
#4262 = DIRECTION ( 'NONE',  ( -0.0000000000000000000, -0.0000000000000000000, 1.000000000000000000 ) ) ;
#4263 = LINE ( 'NONE', #7682, #2307 ) ;
#4264 = ORIENTED_EDGE ( 'NONE', *, *, #3068, .F. ) ;
#4265 = VECTOR ( 'NONE', #1789, 1000.000000000000000 ) ;
#4266 = ADVANCED_FACE ( 'NONE', ( #8133 ), #925, .T. ) ;
#4267 = UNCERTAINTY_MEASURE_WITH_UNIT (LENGTH_MEASURE( 1.000000000000000082E-05 ), #1523, 'distance_accuracy_value', 'NONE');
#4268 = EDGE_CURVE ( 'NONE', #1594, #6069, #6294, .T. ) ;
#4269 = PLANE ( 'NONE',  #7343 ) ;
#4270 = DIRECTION ( 'NONE',  ( 0.0000000000000000000, 0.0000000000000000000, -1.000000000000000000 ) ) ;
#4271 = ORIENTED_EDGE ( 'NONE', *, *, #7051, .T. ) ;
#4272 = FILL_AREA_STYLE_COLOUR ( '', #4998 ) ;
#4273 =( NAMED_UNIT ( * ) SI_UNIT ( $, .STERADIAN. ) SOLID_ANGLE_UNIT ( ) );
#4274 = ORIENTED_EDGE ( 'NONE', *, *, #6871, .T. ) ;
#4275 = FILL_AREA_STYLE_COLOUR ( '', #6227 ) ;
#4276 = PRESENTATION_LAYER_ASSIGNMENT (  '', '', ( #902 ) ) ;
#4277 = ORIENTED_EDGE ( 'NONE', *, *, #6193, .F. ) ;
#4278 = PLANE ( 'NONE',  #1691 ) ;
#4279 = EDGE_LOOP ( 'NONE', ( #3393, #1782, #7128, #1458 ) ) ;
#4280 =( LENGTH_UNIT ( ) NAMED_UNIT ( * ) SI_UNIT ( .MILLI., .METRE. ) );
#4281 = EDGE_CURVE ( 'NONE', #342, #7719, #1582, .T. ) ;
#4282 = STYLED_ITEM ( 'NONE', ( #8114 ), #5995 ) ;
#4283 = VECTOR ( 'NONE', #1476, 1000.000000000000000 ) ;
#4284 = SURFACE_SIDE_STYLE ('',( #1599 ) ) ;
#4285 = LINE ( 'NONE', #1734, #3178 ) ;
#4286 = ORIENTED_EDGE ( 'NONE', *, *, #3702, .F. ) ;
#4287 = LINE ( 'NONE', #939, #2183 ) ;
#4288 =( LENGTH_UNIT ( ) NAMED_UNIT ( * ) SI_UNIT ( .MILLI., .METRE. ) );
#4289 = PRODUCT ( '3F8EB807-6556-453D-A546-73C67FD4E131', '3F8EB807-6556-453D-A546-73C67FD4E131', '', ( #3994 ) ) ;
#4290 = VERTEX_POINT ( 'NONE', #7547 ) ;
#4291 = DIRECTION ( 'NONE',  ( -1.000000000000000000, -0.0000000000000000000, 0.0000000000000000000 ) ) ;
#4292 = DIRECTION ( 'NONE',  ( 0.0000000000000000000, 0.0000000000000000000, -1.000000000000000000 ) ) ;
#4293 = VECTOR ( 'NONE', #1960, 1000.000000000000000 ) ;
#4294 = AXIS2_PLACEMENT_3D ( 'NONE', #6580, #3835, #608 ) ;
#4295 = VERTEX_POINT ( 'NONE', #4139 ) ;
#4296 = EDGE_LOOP ( 'NONE', ( #5828, #3909, #3268, #1343 ) ) ;
#4297 = EDGE_CURVE ( 'NONE', #3179, #5251, #8314, .T. ) ;
#4298 = DIRECTION ( 'NONE',  ( -0.5773502691896261751, -0.5773502691896268413, 0.5773502691896241767 ) ) ;
#4299 = CARTESIAN_POINT ( 'NONE',  ( -4.160000000000000142, 7.500000000000000000, -0.3499999999999999778 ) ) ;
#4300 = MECHANICAL_DESIGN_GEOMETRIC_PRESENTATION_REPRESENTATION (  '', ( #7503 ), #5845 ) ;
#4301 = FACE_OUTER_BOUND ( 'NONE', #8552, .T. ) ;
#4302 = FILL_AREA_STYLE ('',( #8341 ) ) ;
#4303 = CARTESIAN_POINT ( 'NONE',  ( 4.559999999999999609, 7.500000000000000000, -0.7500000000000000000 ) ) ;
#4304 = CARTESIAN_POINT ( 'NONE',  ( 4.535000000000000142, 0.0000000000000000000, 0.0000000000000000000 ) ) ;
#4305 = CARTESIAN_POINT ( 'NONE',  ( 10.41000000000000014, 8.500000000000000000, 0.0000000000000000000 ) ) ;
#4306 = VERTEX_POINT ( 'NONE', #2669 ) ;
#4307 = VECTOR ( 'NONE', #6506, 1000.000000000000000 ) ;
#4308 = LINE ( 'NONE', #1621, #8589 ) ;
#4309 = CARTESIAN_POINT ( 'NONE',  ( 3.810000000000000053, 8.349999999999999645, 0.6500000000000001332 ) ) ;
#4310 = SURFACE_STYLE_FILL_AREA ( #5714 ) ;
#4311 = CARTESIAN_POINT ( 'NONE',  ( 6.500000000000000888, -3.000000000000000000, 0.2000000000000000111 ) ) ;
#4312 = AXIS2_PLACEMENT_3D ( 'NONE', #4793, #4252, #7444 ) ;
#4313 = DIRECTION ( 'NONE',  ( 0.2873478855662903730, -0.9578262852211679723, 0.0000000000000000000 ) ) ;
#4314 = CARTESIAN_POINT ( 'NONE',  ( 0.5450000000000001510, 7.500000000000000000, -0.7500000000000000000 ) ) ;
#4315 = EDGE_CURVE ( 'NONE', #4541, #6903, #6008, .T. ) ;
#4316 = ORIENTED_EDGE ( 'NONE', *, *, #5673, .T. ) ;
#4317 = DIRECTION ( 'NONE',  ( -0.7071067811865475727, 0.7071067811865475727, 0.0000000000000000000 ) ) ;
#4318 = SURFACE_SIDE_STYLE ('',( #2244 ) ) ;
#4319 = DIRECTION ( 'NONE',  ( 0.0000000000000000000, -0.0000000000000000000, 1.000000000000000000 ) ) ;
#4320 = ORIENTED_EDGE ( 'NONE', *, *, #4857, .T. ) ;
#4321 = SURFACE_STYLE_USAGE ( .BOTH. , #6393 ) ;
#4322 = DIRECTION ( 'NONE',  ( -1.000000000000000000, 0.0000000000000000000, -0.0000000000000000000 ) ) ;
#4323 = EDGE_LOOP ( 'NONE', ( #936, #3893, #5340, #3224 ) ) ;
#4324 = DIRECTION ( 'NONE',  ( 0.0000000000000000000, 0.0000000000000000000, -1.000000000000000000 ) ) ;
#4325 = ADVANCED_FACE ( 'NONE', ( #8693 ), #5460, .F. ) ;
#4326 = VERTEX_POINT ( 'NONE', #6250 ) ;
#4327 = ORIENTED_EDGE ( 'NONE', *, *, #6073, .F. ) ;
#4328 = SURFACE_STYLE_USAGE ( .BOTH. , #8415 ) ;
#4329 = CARTESIAN_POINT ( 'NONE',  ( -6.050000000000006928, -2.499999999999997780, 0.2000000000000000944 ) ) ;
#4330 = ORIENTED_EDGE ( 'NONE', *, *, #4181, .F. ) ;
#4331 = CARTESIAN_POINT ( 'NONE',  ( -5.625000000000000000, 0.5000000000000000000, -0.7500000000000000000 ) ) ;
#4332 = DIRECTION ( 'NONE',  ( -0.7071067811865474617, -0.7071067811865474617, 0.0000000000000000000 ) ) ;
#4333 = ORIENTED_EDGE ( 'NONE', *, *, #4990, .F. ) ;
#4334 = PLANE ( 'NONE',  #6504 ) ;
#4335 = FILL_AREA_STYLE_COLOUR ( '', #7432 ) ;
#4336 = EDGE_CURVE ( 'NONE', #7835, #973, #835, .T. ) ;
#4337 = EDGE_CURVE ( 'NONE', #1639, #3323, #2866, .T. ) ;
#4338 = VERTEX_POINT ( 'NONE', #3478 ) ;
#4339 = ORIENTED_EDGE ( 'NONE', *, *, #3919, .F. ) ;
#4340 = CARTESIAN_POINT ( 'NONE',  ( -1.569999999999992735, -2.499999999999997780, -0.2000000000000000944 ) ) ;
#4341 = CARTESIAN_POINT ( 'NONE',  ( -4.559999999999999609, 7.500000000000000000, -0.7500000000000000000 ) ) ;
#4342 = CARTESIAN_POINT ( 'NONE',  ( -2.070000000000000728, 8.500000000000000000, -0.8000000000000005995 ) ) ;
#4343 = DIRECTION ( 'NONE',  ( 1.000000000000000000, 0.0000000000000000000, 0.0000000000000000000 ) ) ;
#4344 = CARTESIAN_POINT ( 'NONE',  ( -0.5199999999999997957, 0.5000000000000000000, -0.7500000000000000000 ) ) ;
#4345 = EDGE_CURVE ( 'NONE', #8409, #6657, #134, .T. ) ;
#4346 = EDGE_LOOP ( 'NONE', ( #3272, #7929, #815, #245 ) ) ;
#4347 = DIRECTION ( 'NONE',  ( 1.000000000000000000, -0.0000000000000000000, 0.0000000000000000000 ) ) ;
#4348 =( GEOMETRIC_REPRESENTATION_CONTEXT ( 3 ) GLOBAL_UNCERTAINTY_ASSIGNED_CONTEXT ( ( #3935 ) ) GLOBAL_UNIT_ASSIGNED_CONTEXT ( ( #5039, #8454, #8500 ) ) REPRESENTATION_CONTEXT ( 'NONE', 'WORKASPACE' ) );
#4349 = MECHANICAL_DESIGN_GEOMETRIC_PRESENTATION_REPRESENTATION (  '', ( #7698 ), #6172 ) ;
#4350 = DIRECTION ( 'NONE',  ( 0.2873478855662903730, -0.9578262852211679723, 0.0000000000000000000 ) ) ;
#4351 = SURFACE_STYLE_USAGE ( .BOTH. , #5028 ) ;
#4352 = PLANE ( 'NONE',  #5194 ) ;
#4353 = PLANE ( 'NONE',  #3945 ) ;
#4354 = AXIS2_PLACEMENT_3D ( 'NONE', #6718, #3349, #704 ) ;
#4355 = DIRECTION ( 'NONE',  ( 0.2873478855663468279, -0.9578262852211509859, 0.0000000000000000000 ) ) ;
#4356 = AXIS2_PLACEMENT_3D ( 'NONE', #3487, #4151, #6696 ) ;
#4357 = ORIENTED_EDGE ( 'NONE', *, *, #3976, .T. ) ;
#4358 = DIRECTION ( 'NONE',  ( 0.0000000000000000000, 0.0000000000000000000, -1.000000000000000000 ) ) ;
#4359 = UNCERTAINTY_MEASURE_WITH_UNIT (LENGTH_MEASURE( 1.000000000000000082E-05 ), #7450, 'distance_accuracy_value', 'NONE');
#4360 = SURFACE_SIDE_STYLE ('',( #3180 ) ) ;
#4361 = EDGE_CURVE ( 'NONE', #680, #5032, #409, .T. ) ;
#4362 = COLOUR_RGB ( '',0.1568627450980392135, 0.1568627450980392135, 0.1568627450980392135 ) ;
#4363 = DIRECTION ( 'NONE',  ( 0.0000000000000000000, -0.0000000000000000000, 1.000000000000000000 ) ) ;
#4364 = CARTESIAN_POINT ( 'NONE',  ( 0.7700000000000001288, 8.199999999999999289, -0.5000000000000000000 ) ) ;
#4365 = DIRECTION ( 'NONE',  ( 0.0000000000000000000, -0.0000000000000000000, 1.000000000000000000 ) ) ;
#4366 = ORIENTED_EDGE ( 'NONE', *, *, #4499, .F. ) ;
#4367 = CARTESIAN_POINT ( 'NONE',  ( 8.089999999999999858, 8.500000000000003553, -0.7999999999999977129 ) ) ;
#4368 = CARTESIAN_POINT ( 'NONE',  ( 3.084999999999999520, 7.500000000000000000, 0.7500000000000000000 ) ) ;
#4369 = EDGE_LOOP ( 'NONE', ( #4234, #1674, #8069, #1649 ) ) ;
#4370 = LINE ( 'NONE', #7023, #4123 ) ;
#4371 = STYLED_ITEM ( 'NONE', ( #5099 ), #8679 ) ;
#4372 = VERTEX_POINT ( 'NONE', #324 ) ;
#4373 = FILL_AREA_STYLE ('',( #5689 ) ) ;
#4374 = PRESENTATION_LAYER_ASSIGNMENT (  '', '', ( #5627 ) ) ;
#4375 = VECTOR ( 'NONE', #6787, 1000.000000000000000 ) ;
#4376 =( NAMED_UNIT ( * ) PLANE_ANGLE_UNIT ( ) SI_UNIT ( $, .RADIAN. ) );
#4377 = EDGE_CURVE ( 'NONE', #8569, #5481, #3766, .T. ) ;
#4378 = LINE ( 'NONE', #5596, #6619 ) ;
#4379 = LINE ( 'NONE', #2258, #5285 ) ;
#4380 = VERTEX_POINT ( 'NONE', #6510 ) ;
#4381 = LINE ( 'NONE', #3109, #5978 ) ;
#4382 = PLANE ( 'NONE',  #7179 ) ;
#4383 = AXIS2_PLACEMENT_3D ( 'NONE', #7435, #6818, #7473 ) ;
#4384 = STYLED_ITEM ( 'NONE', ( #2121 ), #1046 ) ;
#4385 = ORIENTED_EDGE ( 'NONE', *, *, #6514, .T. ) ;
#4386 = LINE ( 'NONE', #255, #5382 ) ;
#4387 = LINE ( 'NONE', #8383, #3382 ) ;
#4388 = ORIENTED_EDGE ( 'NONE', *, *, #765, .F. ) ;
#4389 = ORIENTED_EDGE ( 'NONE', *, *, #3005, .F. ) ;
#4390 = ADVANCED_FACE ( 'NONE', ( #367 ), #4409, .T. ) ;
#4391 = CARTESIAN_POINT ( 'NONE',  ( 0.7700000000000000178, 8.199999999999999289, 0.4999999999999998890 ) ) ;
#4392 = EDGE_CURVE ( 'NONE', #4903, #4079, #7063, .T. ) ;
#4393 = PRESENTATION_STYLE_ASSIGNMENT (( #5451 ) ) ;
#4394 = LINE ( 'NONE', #7671, #6932 ) ;
#4395 = DIRECTION ( 'NONE',  ( -0.0000000000000000000, -1.000000000000000000, -0.0000000000000000000 ) ) ;
#4396 = CARTESIAN_POINT ( 'NONE',  ( -3.509999999999999787, 0.5000000000000000000, 0.1999999999999999833 ) ) ;
#4397 = FACE_OUTER_BOUND ( 'NONE', #3234, .T. ) ;
#4398 = SURFACE_STYLE_USAGE ( .BOTH. , #1705 ) ;
#4399 = ORIENTED_EDGE ( 'NONE', *, *, #2068, .T. ) ;
#4400 = CARTESIAN_POINT ( 'NONE',  ( 4.160000000000000142, 0.9000000000000001332, -0.3499999999999999778 ) ) ;
#4401 = EDGE_CURVE ( 'NONE', #6303, #6069, #1060, .T. ) ;
#4402 = DIRECTION ( 'NONE',  ( 0.0000000000000000000, -1.000000000000000000, 0.0000000000000000000 ) ) ;
#4403 = PLANE ( 'NONE',  #2055 ) ;
#4404 = CARTESIAN_POINT ( 'NONE',  ( 6.349999999999999645, 8.349999999999999645, -0.6500000000000001332 ) ) ;
#4405 = SURFACE_STYLE_FILL_AREA ( #1718 ) ;
#4406 = STYLED_ITEM ( 'NONE', ( #6808 ), #3475 ) ;
#4407 = ORIENTED_EDGE ( 'NONE', *, *, #920, .T. ) ;
#4408 = DIRECTION ( 'NONE',  ( 0.0000000000000000000, -0.0000000000000000000, 1.000000000000000000 ) ) ;
#4409 = PLANE ( 'NONE',  #6660 ) ;
#4410 = AXIS2_PLACEMENT_3D ( 'NONE', #8309, #3562, #6244 ) ;
#4411 = DIRECTION ( 'NONE',  ( -0.2873478855663461062, -0.9578262852211510969, 0.0000000000000000000 ) ) ;
#4412 = FILL_AREA_STYLE_COLOUR ( '', #3104 ) ;
#4413 = DIRECTION ( 'NONE',  ( 0.9578262852211679723, -0.2873478855662903730, 0.0000000000000000000 ) ) ;
#4414 = VERTEX_POINT ( 'NONE', #3661 ) ;
#4415 = CARTESIAN_POINT ( 'NONE',  ( 5.850000000000001421, 8.199999999999999289, 0.0000000000000000000 ) ) ;
#4416 = EDGE_LOOP ( 'NONE', ( #6119, #5122, #7278, #8008 ) ) ;
#4417 = CARTESIAN_POINT ( 'NONE',  ( -3.810000000000000053, 8.349999999999999645, 0.6500000000000001332 ) ) ;
#4418 = EDGE_LOOP ( 'NONE', ( #6276, #6292, #2708, #5605 ) ) ;
#4419 = CARTESIAN_POINT ( 'NONE',  ( -4.110000000000001208, 0.5000000000000000000, 0.2000000000000000111 ) ) ;
#4420 = DIRECTION ( 'NONE',  ( 0.5773502691896266192, 0.5773502691896266192, 0.5773502691896239547 ) ) ;
#4421 = CARTESIAN_POINT ( 'NONE',  ( -3.310000000000000053, 0.0000000000000000000, 0.0000000000000000000 ) ) ;
#4422 = ORIENTED_EDGE ( 'NONE', *, *, #1745, .T. ) ;
#4423 = PRESENTATION_LAYER_ASSIGNMENT (  '', '', ( #6237 ) ) ;
#4424 = CARTESIAN_POINT ( 'NONE',  ( -3.060000000000000053, 0.5000000000000000000, -0.7500000000000000000 ) ) ;
#4425 = DIRECTION ( 'NONE',  ( -0.0000000000000000000, 0.0000000000000000000, -1.000000000000000000 ) ) ;
#4426 = VECTOR ( 'NONE', #6638, 1000.000000000000000 ) ;
#4427 = ORIENTED_EDGE ( 'NONE', *, *, #112, .T. ) ;
#4428 = DIRECTION ( 'NONE',  ( 1.000000000000000000, -0.0000000000000000000, 0.0000000000000000000 ) ) ;
#4429 = CARTESIAN_POINT ( 'NONE',  ( -5.850000000000000533, 0.0000000000000000000, 0.5000000000000000000 ) ) ;
#4430 = ORIENTED_EDGE ( 'NONE', *, *, #2164, .T. ) ;
#4431 = EDGE_CURVE ( 'NONE', #6082, #370, #3054, .T. ) ;
#4432 = CARTESIAN_POINT ( 'NONE',  ( -7.099999999999999645, 0.0000000000000000000, 0.7500000000000000000 ) ) ;
#4433 = ORIENTED_EDGE ( 'NONE', *, *, #8077, .F. ) ;
#4434 = COLOUR_RGB ( '',0.1568627450980392135, 0.1568627450980392135, 0.1568627450980392135 ) ;
#4435 = MECHANICAL_DESIGN_GEOMETRIC_PRESENTATION_REPRESENTATION (  '', ( #2881 ), #4855 ) ;
#4436 = LINE ( 'NONE', #393, #6518 ) ;
#4437 = CARTESIAN_POINT ( 'NONE',  ( -0.9699999999999999734, 0.5000000000000000000, 0.0000000000000000000 ) ) ;
#4438 = CARTESIAN_POINT ( 'NONE',  ( -0.9699999999999999734, -2.500000000000000000, 0.0000000000000000000 ) ) ;
#4439 = FACE_OUTER_BOUND ( 'NONE', #5788, .T. ) ;
#4440 = CARTESIAN_POINT ( 'NONE',  ( -8.164999999999999147, 0.0000000000000000000, 0.7500000000000000000 ) ) ;
#4441 = VECTOR ( 'NONE', #6403, 1000.000000000000000 ) ;
#4442 = ORIENTED_EDGE ( 'NONE', *, *, #6938, .F. ) ;
#4443 = EDGE_CURVE ( 'NONE', #3700, #6576, #7687, .T. ) ;
#4444 = PRESENTATION_STYLE_ASSIGNMENT (( #5190 ) ) ;
#4445 = DIRECTION ( 'NONE',  ( 0.0000000000000000000, 0.0000000000000000000, -1.000000000000000000 ) ) ;
#4446 = VECTOR ( 'NONE', #6931, 1000.000000000000000 ) ;
#4447 = CARTESIAN_POINT ( 'NONE',  ( 0.5200000000000000178, 7.500000000000000000, -0.7500000000000000000 ) ) ;
#4448 = FACE_OUTER_BOUND ( 'NONE', #1323, .T. ) ;
#4449 = DIRECTION ( 'NONE',  ( 0.2873478855662903730, 0.9578262852211679723, 0.0000000000000000000 ) ) ;
#4450 = VECTOR ( 'NONE', #7326, 1000.000000000000000 ) ;
#4451 = VERTEX_POINT ( 'NONE', #5678 ) ;
#4452 = EDGE_CURVE ( 'NONE', #6992, #2783, #7866, .T. ) ;
#4453 = ADVANCED_FACE ( 'NONE', ( #6968 ), #961, .F. ) ;
#4454 = ORIENTED_EDGE ( 'NONE', *, *, #2618, .T. ) ;
#4455 = LINE ( 'NONE', #8539, #7005 ) ;
#4456 = UNCERTAINTY_MEASURE_WITH_UNIT (LENGTH_MEASURE( 1.000000000000000082E-05 ), #4479, 'distance_accuracy_value', 'NONE');
#4457 = VECTOR ( 'NONE', #3357, 1000.000000000000000 ) ;
#4458 = DIRECTION ( 'NONE',  ( -0.0000000000000000000, 0.0000000000000000000, 1.000000000000000000 ) ) ;
#4459 = PRESENTATION_STYLE_ASSIGNMENT (( #3807 ) ) ;
#4460 = CARTESIAN_POINT ( 'NONE',  ( -10.41000000000000014, 0.0000000000000000000, 1.270000000000000018 ) ) ;
#4461 = ORIENTED_EDGE ( 'NONE', *, *, #7258, .F. ) ;
#4462 = SURFACE_STYLE_USAGE ( .BOTH. , #586 ) ;
#4463 = ORIENTED_EDGE ( 'NONE', *, *, #6362, .F. ) ;
#4464 = FACE_OUTER_BOUND ( 'NONE', #1170, .T. ) ;
#4465 = EDGE_CURVE ( 'NONE', #4380, #2652, #1102, .T. ) ;
#4466 = ORIENTED_EDGE ( 'NONE', *, *, #1528, .T. ) ;
#4467 = SURFACE_SIDE_STYLE ('',( #7790 ) ) ;
#4468 = DIRECTION ( 'NONE',  ( 0.0000000000000000000, -0.0000000000000000000, -1.000000000000000000 ) ) ;
#4469 = SURFACE_STYLE_USAGE ( .BOTH. , #7123 ) ;
#4470 = VERTEX_POINT ( 'NONE', #3805 ) ;
#4471 = DIRECTION ( 'NONE',  ( 0.0000000000000000000, 0.0000000000000000000, -1.000000000000000000 ) ) ;
#4472 = PLANE ( 'NONE',  #2132 ) ;
#4473 = EDGE_LOOP ( 'NONE', ( #4502, #6885, #8278, #1079 ) ) ;
#4474 = LINE ( 'NONE', #1605, #2014 ) ;
#4475 = FILL_AREA_STYLE_COLOUR ( '', #4795 ) ;
#4476 = VERTEX_POINT ( 'NONE', #6468 ) ;
#4477 = CARTESIAN_POINT ( 'NONE',  ( -10.41000000000000014, 0.0000000000000000000, -0.7500000000000000000 ) ) ;
#4478 = ORIENTED_EDGE ( 'NONE', *, *, #2515, .T. ) ;
#4479 =( LENGTH_UNIT ( ) NAMED_UNIT ( * ) SI_UNIT ( .MILLI., .METRE. ) );
#4480 = LINE ( 'NONE', #7845, #2889 ) ;
#4481 = DIRECTION ( 'NONE',  ( -0.0000000000000000000, -0.0000000000000000000, 1.000000000000000000 ) ) ;
#4482 = PLANE ( 'NONE',  #6196 ) ;
#4483 = EDGE_CURVE ( 'NONE', #4950, #5002, #456, .T. ) ;
#4484 = LINE ( 'NONE', #7137, #7188 ) ;
#4485 = ORIENTED_EDGE ( 'NONE', *, *, #991, .F. ) ;
#4486 = CARTESIAN_POINT ( 'NONE',  ( -1.995000000000000329, 7.500000000000000000, -0.7500000000000000000 ) ) ;
#4487 = CARTESIAN_POINT ( 'NONE',  ( 0.9699999999999999734, -2.500000000000000000, 0.0000000000000000000 ) ) ;
#4488 = PLANE ( 'NONE',  #1329 ) ;
#4489 = EDGE_CURVE ( 'NONE', #6303, #465, #1808, .T. ) ;
#4490 = DIRECTION ( 'NONE',  ( 0.0000000000000000000, 0.0000000000000000000, -1.000000000000000000 ) ) ;
#4491 = CLOSED_SHELL ( 'NONE', ( #7907, #2104, #7370, #4070, #1863, #618, #8096, #8479, #7455, #5941, #8400, #2936, #3640, #7166, #182, #4071, #7654, #4266, #4119, #7301, #2673, #2982, #1804, #1472, #6502, #7028, #2153, #716, #7803, #2231, #1904, #1251, #3525, #5029, #3257, #2681, #4713, #534, #5502, #6284, #740, #386, #6585, #3750, #6528, #2608, #1825, #1754, #7930, #6762, #7206, #7426, #4031, #703, #7229, #6864, #6295, #7541, #1426, #1813, #2516, #1703, #4980, #3004, #3409, #1627, #1927, #1519, #7197, #2290, #8036, #8540, #3267, #5272, #7368, #7981, #943, #2642, #87, #6984, #2016, #3429, #7570, #2784, #2818, #64, #7589, #7344, #5373, #5260, #3511, #2739, #8477, #5491, #4939, #322, #1159, #1631, #2006, #2774, #2291, #1462, #589, #1258, #2059, #7428, #8437, #1148, #4453, #6429, #627, #4175, #5819, #5206, #3985, #5655, #5721, #6004, #4164, #4914, #3306, #1068, #1220, #4325, #4258, #6113, #4554, #3151, #2470, #6143, #5188, #7249, #5198, #192, #2633, #6054, #6125, #7499, #6384, #6274, #2400, #5423, #1046, #1260, #6245, #194, #2775, #5595, #8414, #3627, #976, #135, #2835, #7475, #7378, #4736, #1318, #8679, #6421, #6644, #419, #6149, #4005, #4390, #3139, #2347, #685, #577, #272, #6790, #2925, #4217, #814, #1684, #8323, #2241, #8248, #8026, #4766, #789, #2497, #1270, #611, #1283, #8549, #7814, #6027, #788, #4230, #1510, #8239, #7522, #5684, #7821, #944, #8466, #8287, #6317, #5619, #8487, #263, #1013, #6845, #5713, #3704, #3418, #5364, #6385, #7734, #8579, #2213, #6038, #1045, #3873, #3475, #229, #7707, #1211, #1308, #340, #3538, #989, #4618, #5995, #1501, #2819, #477, #4656, #5053, #7321, #5391, #86, #5316, #1197, #2961, #3690, #2553, #7180, #5770, #8403, #827, #8013 ) ) ;
#4492 = ORIENTED_EDGE ( 'NONE', *, *, #7970, .T. ) ;
#4493 = VECTOR ( 'NONE', #1017, 1000.000000000000000 ) ;
#4494 = VERTEX_POINT ( 'NONE', #3307 ) ;
#4495 = CARTESIAN_POINT ( 'NONE',  ( -0.4699999999999994182, 8.500000000000000000, -0.8000000000000005995 ) ) ;
#4496 = FILL_AREA_STYLE_COLOUR ( '', #7056 ) ;
#4497 = EDGE_CURVE ( 'NONE', #1687, #4549, #3388, .T. ) ;
#4498 = COLOUR_RGB ( '',0.1568627450980392135, 0.1568627450980392135, 0.1568627450980392135 ) ;
#4499 = EDGE_CURVE ( 'NONE', #6007, #6168, #8673, .T. ) ;
#4500 = ORIENTED_EDGE ( 'NONE', *, *, #154, .T. ) ;
#4501 = PRESENTATION_STYLE_ASSIGNMENT (( #4462 ) ) ;
#4502 = ORIENTED_EDGE ( 'NONE', *, *, #5004, .T. ) ;
#4503 = VECTOR ( 'NONE', #5195, 1000.000000000000000 ) ;
#4504 = CARTESIAN_POINT ( 'NONE',  ( -8.390000000000000568, 0.0000000000000000000, 0.5000000000000000000 ) ) ;
#4505 = ORIENTED_EDGE ( 'NONE', *, *, #6101, .F. ) ;
#4506 = LINE ( 'NONE', #2402, #2815 ) ;
#4507 = FILL_AREA_STYLE_COLOUR ( '', #968 ) ;
#4508 =( GEOMETRIC_REPRESENTATION_CONTEXT ( 3 ) GLOBAL_UNCERTAINTY_ASSIGNED_CONTEXT ( ( #7062 ) ) GLOBAL_UNIT_ASSIGNED_CONTEXT ( ( #502, #3219, #3264 ) ) REPRESENTATION_CONTEXT ( 'NONE', 'WORKASPACE' ) );
#4509 = PRESENTATION_LAYER_ASSIGNMENT (  '', '', ( #139 ) ) ;
#4510 = DIRECTION ( 'NONE',  ( 0.0000000000000000000, 0.0000000000000000000, -1.000000000000000000 ) ) ;
#4511 = EDGE_CURVE ( 'NONE', #2035, #5009, #625, .T. ) ;
#4512 = FACE_OUTER_BOUND ( 'NONE', #8618, .T. ) ;
#4513 = EDGE_LOOP ( 'NONE', ( #2354, #7610, #8093, #430 ) ) ;
#4514 = DIRECTION ( 'NONE',  ( 0.0000000000000000000, -0.0000000000000000000, -1.000000000000000000 ) ) ;
#4515 = DIRECTION ( 'NONE',  ( -0.0000000000000000000, 0.0000000000000000000, 1.000000000000000000 ) ) ;
#4516 =( GEOMETRIC_REPRESENTATION_CONTEXT ( 3 ) GLOBAL_UNCERTAINTY_ASSIGNED_CONTEXT ( ( #7495 ) ) GLOBAL_UNIT_ASSIGNED_CONTEXT ( ( #8469, #3825, #5141 ) ) REPRESENTATION_CONTEXT ( 'NONE', 'WORKASPACE' ) );
#4517 = ORIENTED_EDGE ( 'NONE', *, *, #6830, .T. ) ;
#4518 = PLANE ( 'NONE',  #874 ) ;
#4519 = PLANE ( 'NONE',  #6182 ) ;
#4520 =( GEOMETRIC_REPRESENTATION_CONTEXT ( 3 ) GLOBAL_UNCERTAINTY_ASSIGNED_CONTEXT ( ( #833 ) ) GLOBAL_UNIT_ASSIGNED_CONTEXT ( ( #2973, #5905, #6611 ) ) REPRESENTATION_CONTEXT ( 'NONE', 'WORKASPACE' ) );
#4521 = VECTOR ( 'NONE', #1774, 1000.000000000000000 ) ;
#4522 = ORIENTED_EDGE ( 'NONE', *, *, #8250, .F. ) ;
#4523 = CARTESIAN_POINT ( 'NONE',  ( 6.850000000000000533, 7.500000000000000000, 0.5000000000000000000 ) ) ;
#4524 = EDGE_LOOP ( 'NONE', ( #3459, #6365, #5768, #329 ) ) ;
#4525 = FILL_AREA_STYLE_COLOUR ( '', #8056 ) ;
#4526 = SURFACE_STYLE_FILL_AREA ( #563 ) ;
#4527 = FILL_AREA_STYLE ('',( #7183 ) ) ;
#4528 = DIRECTION ( 'NONE',  ( 1.000000000000000000, -0.0000000000000000000, 0.0000000000000000000 ) ) ;
#4529 =( NAMED_UNIT ( * ) PLANE_ANGLE_UNIT ( ) SI_UNIT ( $, .RADIAN. ) );
#4530 = DIRECTION ( 'NONE',  ( 0.7071067811865475727, 0.7071067811865475727, 0.0000000000000000000 ) ) ;
#4531 = FACE_OUTER_BOUND ( 'NONE', #8650, .T. ) ;
#4532 = ORIENTED_EDGE ( 'NONE', *, *, #5446, .F. ) ;
#4533 = COLOUR_RGB ( '',0.1568627450980392135, 0.1568627450980392135, 0.1568627450980392135 ) ;
#4534 =( NAMED_UNIT ( * ) PLANE_ANGLE_UNIT ( ) SI_UNIT ( $, .RADIAN. ) );
#4535 = SURFACE_STYLE_FILL_AREA ( #1138 ) ;
#4536 = CARTESIAN_POINT ( 'NONE',  ( 0.9699999999999999734, 0.5000000000000000000, 0.7500000000000000000 ) ) ;
#4537 = VECTOR ( 'NONE', #7854, 1000.000000000000000 ) ;
#4538 = DIRECTION ( 'NONE',  ( 0.7071067811865475727, 0.7071067811865475727, 0.0000000000000000000 ) ) ;
#4539 = DIRECTION ( 'NONE',  ( -0.0000000000000000000, -1.000000000000000000, -0.0000000000000000000 ) ) ;
#4540 = ORIENTED_EDGE ( 'NONE', *, *, #3976, .F. ) ;
#4541 = VERTEX_POINT ( 'NONE', #46 ) ;
#4542 = EDGE_CURVE ( 'NONE', #7160, #2877, #6715, .T. ) ;
#4543 = MECHANICAL_DESIGN_GEOMETRIC_PRESENTATION_REPRESENTATION (  '', ( #4965 ), #738 ) ;
#4544 = DIRECTION ( 'NONE',  ( -0.0000000000000000000, -1.000000000000000000, -0.0000000000000000000 ) ) ;
#4545 = DIRECTION ( 'NONE',  ( -0.0000000000000000000, -1.000000000000000000, -0.0000000000000000000 ) ) ;
#4546 = EDGE_LOOP ( 'NONE', ( #4517, #5505, #8379, #5642 ) ) ;
#4547 = CARTESIAN_POINT ( 'NONE',  ( -9.240000000000000213, 0.9000000000000001332, -0.3499999999999999778 ) ) ;
#4548 = STYLED_ITEM ( 'NONE', ( #5520 ), #3139 ) ;
#4549 = VERTEX_POINT ( 'NONE', #2563 ) ;
#4550 = CARTESIAN_POINT ( 'NONE',  ( -9.640000000000000568, 7.500000000000000000, 0.0000000000000000000 ) ) ;
#4551 = ORIENTED_EDGE ( 'NONE', *, *, #3370, .T. ) ;
#4552 = EDGE_CURVE ( 'NONE', #5342, #8003, #7957, .T. ) ;
#4553 = PLANE ( 'NONE',  #444 ) ;
#4554 = ADVANCED_FACE ( 'NONE', ( #5334 ), #1313, .F. ) ;
#4555 = PRESENTATION_LAYER_ASSIGNMENT (  '', '', ( #2721 ) ) ;
#4556 = UNCERTAINTY_MEASURE_WITH_UNIT (LENGTH_MEASURE( 1.000000000000000082E-05 ), #446, 'distance_accuracy_value', 'NONE');
#4557 = DIRECTION ( 'NONE',  ( 1.000000000000000000, -0.0000000000000000000, 0.0000000000000000000 ) ) ;
#4558 = CARTESIAN_POINT ( 'NONE',  ( -6.700000000000000178, 7.500000000000000000, -0.7500000000000000000 ) ) ;
#4559 = DIRECTION ( 'NONE',  ( 0.0000000000000000000, 0.0000000000000000000, -1.000000000000000000 ) ) ;
#4560 = ORIENTED_EDGE ( 'NONE', *, *, #7332, .F. ) ;
#4561 = SURFACE_STYLE_USAGE ( .BOTH. , #555 ) ;
#4562 = VERTEX_POINT ( 'NONE', #7324 ) ;
#4563 = LINE ( 'NONE', #5826, #2717 ) ;
#4564 = CARTESIAN_POINT ( 'NONE',  ( 0.0000000000000000000, 0.0000000000000000000, 0.0000000000000000000 ) ) ;
#4565 = AXIS2_PLACEMENT_3D ( 'NONE', #2937, #302, #6993 ) ;
#4566 = ORIENTED_EDGE ( 'NONE', *, *, #513, .F. ) ;
#4567 = EDGE_CURVE ( 'NONE', #8365, #567, #2730, .T. ) ;
#4568 =( LENGTH_UNIT ( ) NAMED_UNIT ( * ) SI_UNIT ( .MILLI., .METRE. ) );
#4569 = EDGE_CURVE ( 'NONE', #4372, #2532, #1272, .T. ) ;
#4570 = ORIENTED_EDGE ( 'NONE', *, *, #709, .T. ) ;
#4571 = CARTESIAN_POINT ( 'NONE',  ( -4.110000000000001208, 0.0000000000000000000, 0.0000000000000000000 ) ) ;
#4572 = CARTESIAN_POINT ( 'NONE',  ( -6.349999999999999645, 8.199999999999999289, 0.4999999999999993339 ) ) ;
#4573 = CARTESIAN_POINT ( 'NONE',  ( -6.650000000000000355, -3.000000000000000000, -0.2000000000000000111 ) ) ;
#4574 = DIRECTION ( 'NONE',  ( 0.0000000000000000000, 0.0000000000000000000, -1.000000000000000000 ) ) ;
#4575 = AXIS2_PLACEMENT_3D ( 'NONE', #4571, #7182, #3239 ) ;
#4576 = AXIS2_PLACEMENT_3D ( 'NONE', #7200, #7995, #4018 ) ;
#4577 = ORIENTED_EDGE ( 'NONE', *, *, #7667, .F. ) ;
#4578 = VECTOR ( 'NONE', #7951, 1000.000000000000000 ) ;
#4579 = DIRECTION ( 'NONE',  ( 0.0000000000000000000, 0.0000000000000000000, -1.000000000000000000 ) ) ;
#4580 = CARTESIAN_POINT ( 'NONE',  ( -6.850000000000000533, 7.500000000000000000, -0.5000000000000000000 ) ) ;
#4581 = AXIS2_PLACEMENT_3D ( 'NONE', #5147, #1791, #2940 ) ;
#4582 = FACE_OUTER_BOUND ( 'NONE', #4152, .T. ) ;
#4583 = DIRECTION ( 'NONE',  ( 1.000000000000000000, 0.0000000000000000000, 0.0000000000000000000 ) ) ;
#4584 = CARTESIAN_POINT ( 'NONE',  ( -8.539999999999999147, 7.500000000000000000, -0.3499999999999999778 ) ) ;
#4585 = DIRECTION ( 'NONE',  ( 0.0000000000000000000, 0.0000000000000000000, -1.000000000000000000 ) ) ;
#4586 = EDGE_LOOP ( 'NONE', ( #3725, #2081, #3866, #1530 ) ) ;
#4587 = STYLED_ITEM ( 'NONE', ( #4742 ), #6317 ) ;
#4588 = ORIENTED_EDGE ( 'NONE', *, *, #8577, .F. ) ;
#4589 = VECTOR ( 'NONE', #8419, 1000.000000000000000 ) ;
#4590 = SURFACE_SIDE_STYLE ('',( #2769 ) ) ;
#4591 = CARTESIAN_POINT ( 'NONE',  ( 8.140000000000002345, 0.5000000000000000000, -0.7500000000000000000 ) ) ;
#4592 = DIRECTION ( 'NONE',  ( 0.0000000000000000000, 0.0000000000000000000, -1.000000000000000000 ) ) ;
#4593 = EDGE_LOOP ( 'NONE', ( #1694, #7666, #889, #7710 ) ) ;
#4594 = VECTOR ( 'NONE', #3818, 1000.000000000000000 ) ;
#4595 = EDGE_CURVE ( 'NONE', #5909, #2532, #1985, .T. ) ;
#4596 = DIRECTION ( 'NONE',  ( 0.0000000000000000000, 0.0000000000000000000, -1.000000000000000000 ) ) ;
#4597 = ORIENTED_EDGE ( 'NONE', *, *, #5511, .F. ) ;
#4598 = PLANE ( 'NONE',  #1309 ) ;
#4599 = ORIENTED_EDGE ( 'NONE', *, *, #876, .F. ) ;
#4600 = FILL_AREA_STYLE_COLOUR ( '', #7292 ) ;
#4601 = STYLED_ITEM ( 'NONE', ( #5812 ), #6845 ) ;
#4602 = FACE_OUTER_BOUND ( 'NONE', #4608, .T. ) ;
#4603 = PRESENTATION_STYLE_ASSIGNMENT (( #4469 ) ) ;
#4604 = VERTEX_POINT ( 'NONE', #8038 ) ;
#4605 = FACE_BOUND ( 'NONE', #2700, .T. ) ;
#4606 = PRESENTATION_STYLE_ASSIGNMENT (( #4561 ) ) ;
#4607 = EDGE_CURVE ( 'NONE', #7203, #7529, #8631, .T. ) ;
#4608 = EDGE_LOOP ( 'NONE', ( #8402, #7684, #883, #8491 ) ) ;
#4609 = CARTESIAN_POINT ( 'NONE',  ( -10.41000000000000014, 0.5000000000000000000, -0.7500000000000000000 ) ) ;
#4610 = STYLED_ITEM ( 'NONE', ( #2143 ), #7475 ) ;
#4611 = ORIENTED_EDGE ( 'NONE', *, *, #6729, .F. ) ;
#4612 = FILL_AREA_STYLE_COLOUR ( '', #2106 ) ;
#4613 = EDGE_LOOP ( 'NONE', ( #4913, #3629, #199, #2351 ) ) ;
#4614 = PLANE ( 'NONE',  #7208 ) ;
#4615 = LINE ( 'NONE', #7261, #6254 ) ;
#4616 = FACE_OUTER_BOUND ( 'NONE', #3618, .T. ) ;
#4617 = CARTESIAN_POINT ( 'NONE',  ( -6.650000000000000355, 0.5000000000000000000, -0.1999999999999999833 ) ) ;
#4618 = ADVANCED_FACE ( 'NONE', ( #3263 ), #4635, .F. ) ;
#4619 = SURFACE_STYLE_USAGE ( .BOTH. , #5278 ) ;
#4620 = LINE ( 'NONE', #6626, #581 ) ;
#4621 = ORIENTED_EDGE ( 'NONE', *, *, #6398, .T. ) ;
#4622 = DIRECTION ( 'NONE',  ( -0.0000000000000000000, -1.000000000000000000, -0.0000000000000000000 ) ) ;
#4623 = CARTESIAN_POINT ( 'NONE',  ( 3.060000000000000053, 0.5000000000000000000, 0.0000000000000000000 ) ) ;
#4624 = FACE_OUTER_BOUND ( 'NONE', #4613, .T. ) ;
#4625 = FACE_OUTER_BOUND ( 'NONE', #2032, .T. ) ;
#4626 = EDGE_CURVE ( 'NONE', #5767, #5728, #1, .T. ) ;
#4627 = FACE_OUTER_BOUND ( 'NONE', #1873, .T. ) ;
#4628 = ORIENTED_EDGE ( 'NONE', *, *, #2371, .T. ) ;
#4629 = FILL_AREA_STYLE_COLOUR ( '', #1259 ) ;
#4630 = EDGE_LOOP ( 'NONE', ( #4735, #8455, #2971, #7628 ) ) ;
#4631 = ORIENTED_EDGE ( 'NONE', *, *, #8161, .F. ) ;
#4632 = DIRECTION ( 'NONE',  ( -0.0000000000000000000, 0.0000000000000000000, 1.000000000000000000 ) ) ;
#4633 = UNCERTAINTY_MEASURE_WITH_UNIT (LENGTH_MEASURE( 1.000000000000000082E-05 ), #4872, 'distance_accuracy_value', 'NONE');
#4634 = VECTOR ( 'NONE', #2773, 1000.000000000000000 ) ;
#4635 = PLANE ( 'NONE',  #3029 ) ;
#4636 = CARTESIAN_POINT ( 'NONE',  ( -10.41000000000000014, 0.5000000000000000000, -0.7500000000000000000 ) ) ;
#4637 = LINE ( 'NONE', #1526, #5741 ) ;
#4638 = CARTESIAN_POINT ( 'NONE',  ( -0.7700000000000000178, 0.0000000000000000000, 0.5000000000000000000 ) ) ;
#4639 = ORIENTED_EDGE ( 'NONE', *, *, #3448, .T. ) ;
#4640 = ORIENTED_EDGE ( 'NONE', *, *, #7705, .T. ) ;
#4641 = EDGE_CURVE ( 'NONE', #1428, #3427, #4212, .T. ) ;
#4642 = UNCERTAINTY_MEASURE_WITH_UNIT (LENGTH_MEASURE( 1.000000000000000082E-05 ), #1022, 'distance_accuracy_value', 'NONE');
#4643 = VECTOR ( 'NONE', #6554, 1000.000000000000000 ) ;
#4644 = DIRECTION ( 'NONE',  ( 0.0000000000000000000, 1.000000000000000000, 0.0000000000000000000 ) ) ;
#4645 = COLOUR_RGB ( '',0.1568627450980392135, 0.1568627450980392135, 0.1568627450980392135 ) ;
#4646 = VERTEX_POINT ( 'NONE', #6870 ) ;
#4647 = LINE ( 'NONE', #5136, #6676 ) ;
#4648 = VERTEX_POINT ( 'NONE', #1574 ) ;
#4649 = CARTESIAN_POINT ( 'NONE',  ( 9.040000000000002700, -3.000000000000001332, 0.2000000000000000389 ) ) ;
#4650 = VECTOR ( 'NONE', #4009, 1000.000000000000000 ) ;
#4651 = ORIENTED_EDGE ( 'NONE', *, *, #5631, .T. ) ;
#4652 = CARTESIAN_POINT ( 'NONE',  ( -2.020000000000000018, 7.500000000000000000, -0.7500000000000000000 ) ) ;
#4653 = PRESENTATION_LAYER_ASSIGNMENT (  '', '', ( #4384 ) ) ;
#4654 =( GEOMETRIC_REPRESENTATION_CONTEXT ( 3 ) GLOBAL_UNCERTAINTY_ASSIGNED_CONTEXT ( ( #1609 ) ) GLOBAL_UNIT_ASSIGNED_CONTEXT ( ( #3658, #3715, #8446 ) ) REPRESENTATION_CONTEXT ( 'NONE', 'WORKASPACE' ) );
#4655 = ORIENTED_EDGE ( 'NONE', *, *, #6646, .F. ) ;
#4656 = ADVANCED_FACE ( 'NONE', ( #6832 ), #176, .F. ) ;
#4657 = VECTOR ( 'NONE', #7840, 1000.000000000000000 ) ;
#4658 = CARTESIAN_POINT ( 'NONE',  ( -6.650000000000000355, 0.0000000000000000000, 0.2000000000000000111 ) ) ;
#4659 = CARTESIAN_POINT ( 'NONE',  ( 2.070000000000000728, 8.500000000000000000, 0.8000000000000005995 ) ) ;
#4660 = LINE ( 'NONE', #4158, #2695 ) ;
#4661 = PLANE ( 'NONE',  #3271 ) ;
#4662 = AXIS2_PLACEMENT_3D ( 'NONE', #7869, #8541, #7065 ) ;
#4663 = VECTOR ( 'NONE', #6519, 1000.000000000000114 ) ;
#4664 = FILL_AREA_STYLE ('',( #1926 ) ) ;
#4665 = PLANE ( 'NONE',  #6737 ) ;
#4666 = ORIENTED_EDGE ( 'NONE', *, *, #1959, .F. ) ;
#4667 = EDGE_CURVE ( 'NONE', #5331, #597, #6792, .T. ) ;
#4668 = VECTOR ( 'NONE', #7764, 1000.000000000000000 ) ;
#4669 = EDGE_CURVE ( 'NONE', #646, #5176, #3557, .T. ) ;
#4670 = AXIS2_PLACEMENT_3D ( 'NONE', #867, #2903, #3555 ) ;
#4671 = DIRECTION ( 'NONE',  ( -0.0000000000000000000, -1.000000000000000000, -0.0000000000000000000 ) ) ;
#4672 = CARTESIAN_POINT ( 'NONE',  ( -9.189999999999999503, 0.5000000000000000000, 0.1999999999999999833 ) ) ;
#4673 = DIRECTION ( 'NONE',  ( -0.0000000000000000000, -1.000000000000000000, -0.0000000000000000000 ) ) ;
#4674 = ORIENTED_EDGE ( 'NONE', *, *, #3044, .F. ) ;
#4675 = AXIS2_PLACEMENT_3D ( 'NONE', #325, #8266, #2867 ) ;
#4676 = ORIENTED_EDGE ( 'NONE', *, *, #4890, .F. ) ;
#4677 = EDGE_CURVE ( 'NONE', #3680, #3579, #6238, .T. ) ;
#4678 = VECTOR ( 'NONE', #4622, 1000.000000000000000 ) ;
#4679 = DIRECTION ( 'NONE',  ( 0.0000000000000000000, -0.0000000000000000000, 1.000000000000000000 ) ) ;
#4680 = LINE ( 'NONE', #4719, #4218 ) ;
#4681 = CARTESIAN_POINT ( 'NONE',  ( 3.510000000000006892, -2.499999999999999556, 0.2000000000000000944 ) ) ;
#4682 = LINE ( 'NONE', #7327, #6583 ) ;
#4683 = DIRECTION ( 'NONE',  ( 1.000000000000000000, -0.0000000000000000000, 0.0000000000000000000 ) ) ;
#4684 = ORIENTED_EDGE ( 'NONE', *, *, #8507, .T. ) ;
#4685 =( NAMED_UNIT ( * ) PLANE_ANGLE_UNIT ( ) SI_UNIT ( $, .RADIAN. ) );
#4686 = PRESENTATION_LAYER_ASSIGNMENT (  '', '', ( #7316 ) ) ;
#4687 = VERTEX_POINT ( 'NONE', #7451 ) ;
#4688 = VECTOR ( 'NONE', #7527, 1000.000000000000000 ) ;
#4689 = LINE ( 'NONE', #5427, #8160 ) ;
#4690 =( LENGTH_UNIT ( ) NAMED_UNIT ( * ) SI_UNIT ( .MILLI., .METRE. ) );
#4691 = ORIENTED_EDGE ( 'NONE', *, *, #3650, .T. ) ;
#4692 =( LENGTH_UNIT ( ) NAMED_UNIT ( * ) SI_UNIT ( .MILLI., .METRE. ) );
#4693 = DIRECTION ( 'NONE',  ( 0.0000000000000000000, -0.0000000000000000000, -1.000000000000000000 ) ) ;
#4694 = ORIENTED_EDGE ( 'NONE', *, *, #6260, .T. ) ;
#4695 = DIRECTION ( 'NONE',  ( 0.5773502691896266192, 0.5773502691896266192, 0.5773502691896239547 ) ) ;
#4696 = ORIENTED_EDGE ( 'NONE', *, *, #7270, .F. ) ;
#4697 = STYLED_ITEM ( 'NONE', ( #2305 ), #3538 ) ;
#4698 = SURFACE_STYLE_FILL_AREA ( #2007 ) ;
#4699 = ORIENTED_EDGE ( 'NONE', *, *, #2448, .T. ) ;
#4700 = DIRECTION ( 'NONE',  ( -0.0000000000000000000, -1.000000000000000000, -0.0000000000000000000 ) ) ;
#4701 = DIRECTION ( 'NONE',  ( 1.000000000000000000, -0.0000000000000000000, 0.0000000000000000000 ) ) ;
#4702 = CARTESIAN_POINT ( 'NONE',  ( -7.099999999999999645, 7.500000000000000000, -0.7500000000000000000 ) ) ;
#4703 = VECTOR ( 'NONE', #1473, 1000.000000000000000 ) ;
#4704 = CARTESIAN_POINT ( 'NONE',  ( 9.240000000000000213, 0.0000000000000000000, 0.0000000000000000000 ) ) ;
#4705 = DIRECTION ( 'NONE',  ( -0.0000000000000000000, 0.0000000000000000000, -1.000000000000000000 ) ) ;
#4706 = EDGE_CURVE ( 'NONE', #461, #7753, #8217, .T. ) ;
#4707 = ORIENTED_EDGE ( 'NONE', *, *, #5109, .F. ) ;
#4708 = VECTOR ( 'NONE', #4298, 1000.000000000000114 ) ;
#4709 = PLANE ( 'NONE',  #4145 ) ;
#4710 = LINE ( 'NONE', #8666, #6664 ) ;
#4711 = COLOUR_RGB ( '',0.1568627450980392135, 0.1568627450980392135, 0.1568627450980392135 ) ;
#4712 = SURFACE_STYLE_USAGE ( .BOTH. , #1351 ) ;
#4713 = ADVANCED_FACE ( 'NONE', ( #6915 ), #269, .T. ) ;
#4714 = ORIENTED_EDGE ( 'NONE', *, *, #7486, .T. ) ;
#4715 = PLANE ( 'NONE',  #4670 ) ;
#4716 = MECHANICAL_DESIGN_GEOMETRIC_PRESENTATION_REPRESENTATION (  '', ( #5972 ), #3441 ) ;
#4717 = VECTOR ( 'NONE', #5116, 1000.000000000000000 ) ;
#4718 = UNCERTAINTY_MEASURE_WITH_UNIT (LENGTH_MEASURE( 1.000000000000000082E-05 ), #41, 'distance_accuracy_value', 'NONE');
#4719 = CARTESIAN_POINT ( 'NONE',  ( 8.539999999999999147, 0.0000000000000000000, 0.3499999999999999778 ) ) ;
#4720 = LINE ( 'NONE', #2031, #4876 ) ;
#4721 = ORIENTED_EDGE ( 'NONE', *, *, #7540, .T. ) ;
#4722 = SURFACE_SIDE_STYLE ('',( #5419 ) ) ;
#4723 = EDGE_CURVE ( 'NONE', #4796, #1806, #2149, .T. ) ;
#4724 = EDGE_CURVE ( 'NONE', #5251, #2398, #2196, .T. ) ;
#4725 = FILL_AREA_STYLE ('',( #8175 ) ) ;
#4726 = VECTOR ( 'NONE', #3959, 1000.000000000000000 ) ;
#4727 = AXIS2_PLACEMENT_3D ( 'NONE', #3921, #7892, #5967 ) ;
#4728 = ORIENTED_EDGE ( 'NONE', *, *, #1765, .F. ) ;
#4729 = VECTOR ( 'NONE', #186, 1000.000000000000000 ) ;
#4730 = DIRECTION ( 'NONE',  ( 0.0000000000000000000, 0.0000000000000000000, -1.000000000000000000 ) ) ;
#4731 = CARTESIAN_POINT ( 'NONE',  ( 3.459999999999999964, 7.500000000000000000, 0.3499999999999999778 ) ) ;
#4732 = EDGE_LOOP ( 'NONE', ( #2366, #1552, #2171, #5012 ) ) ;
#4733 = CARTESIAN_POINT ( 'NONE',  ( -5.549999999999998934, 8.500000000000000000, -0.8000000000000004885 ) ) ;
#4734 = CARTESIAN_POINT ( 'NONE',  ( 6.349999999999999645, 8.349999999999999645, 0.6500000000000001332 ) ) ;
#4735 = ORIENTED_EDGE ( 'NONE', *, *, #5787, .F. ) ;
#4736 = ADVANCED_FACE ( 'NONE', ( #4891 ), #4757, .T. ) ;
#4737 = SURFACE_STYLE_USAGE ( .BOTH. , #4068 ) ;
#4738 = MECHANICAL_DESIGN_GEOMETRIC_PRESENTATION_REPRESENTATION (  '', ( #92 ), #7663 ) ;
#4739 = VERTEX_POINT ( 'NONE', #2998 ) ;
#4740 = CARTESIAN_POINT ( 'NONE',  ( 4.559999999999999609, 0.5000000000000000000, 0.7500000000000000000 ) ) ;
#4741 = ORIENTED_EDGE ( 'NONE', *, *, #3628, .F. ) ;
#4742 = PRESENTATION_STYLE_ASSIGNMENT (( #8062 ) ) ;
#4743 = AXIS2_PLACEMENT_3D ( 'NONE', #5838, #1702, #996 ) ;
#4744 = CARTESIAN_POINT ( 'NONE',  ( -5.599999999999999645, 7.500000000000000000, 0.0000000000000000000 ) ) ;
#4745 = FACE_OUTER_BOUND ( 'NONE', #2306, .T. ) ;
#4746 = LINE ( 'NONE', #8659, #5219 ) ;
#4747 = EDGE_LOOP ( 'NONE', ( #6692, #8580, #3399, #7035 ) ) ;
#4748 = EDGE_CURVE ( 'NONE', #2882, #4134, #7724, .T. ) ;
#4749 = PLANE ( 'NONE',  #3289 ) ;
#4750 =( NAMED_UNIT ( * ) PLANE_ANGLE_UNIT ( ) SI_UNIT ( $, .RADIAN. ) );
#4751 = SURFACE_SIDE_STYLE ('',( #2847 ) ) ;
#4752 = LINE ( 'NONE', #2020, #6278 ) ;
#4753 = DIRECTION ( 'NONE',  ( 0.5773502691896266192, 0.5773502691896266192, 0.5773502691896239547 ) ) ;
#4754 = DIRECTION ( 'NONE',  ( 0.0000000000000000000, 0.0000000000000000000, -1.000000000000000000 ) ) ;
#4755 = EDGE_LOOP ( 'NONE', ( #3486, #4954, #4812, #1123 ) ) ;
#4756 =( NAMED_UNIT ( * ) PLANE_ANGLE_UNIT ( ) SI_UNIT ( $, .RADIAN. ) );
#4757 = PLANE ( 'NONE',  #4848 ) ;
#4758 = CARTESIAN_POINT ( 'NONE',  ( 6.050000000000007816, -2.500000000000000444, 0.2000000000000000944 ) ) ;
#4759 = CARTESIAN_POINT ( 'NONE',  ( 10.41000000000000014, 0.0000000000000000000, 1.270000000000000018 ) ) ;
#4760 = ORIENTED_EDGE ( 'NONE', *, *, #71, .F. ) ;
#4761 = FACE_OUTER_BOUND ( 'NONE', #6433, .T. ) ;
#4762 = LINE ( 'NONE', #1400, #7909 ) ;
#4763 = VERTEX_POINT ( 'NONE', #3171 ) ;
#4764 = DIRECTION ( 'NONE',  ( -0.9578262852211679723, -0.2873478855662903730, 0.0000000000000000000 ) ) ;
#4765 = EDGE_CURVE ( 'NONE', #257, #6487, #1660, .T. ) ;
#4766 = ADVANCED_FACE ( 'NONE', ( #1140 ), #4488, .T. ) ;
#4767 = FACE_OUTER_BOUND ( 'NONE', #602, .T. ) ;
#4768 = DIRECTION ( 'NONE',  ( -1.000000000000000000, -0.0000000000000000000, -0.0000000000000000000 ) ) ;
#4769 = VERTEX_POINT ( 'NONE', #6332 ) ;
#4770 = LINE ( 'NONE', #3356, #7060 ) ;
#4771 = CARTESIAN_POINT ( 'NONE',  ( 8.140000000000000568, 7.500000000000000000, -0.7500000000000000000 ) ) ;
#4772 = EDGE_LOOP ( 'NONE', ( #6309, #1949, #3876, #6483 ) ) ;
#4773 = STYLED_ITEM ( 'NONE', ( #6289 ), #86 ) ;
#4774 = DIRECTION ( 'NONE',  ( -1.000000000000000000, -0.0000000000000000000, -0.0000000000000000000 ) ) ;
#4775 = ORIENTED_EDGE ( 'NONE', *, *, #4174, .T. ) ;
#4776 = FACE_OUTER_BOUND ( 'NONE', #4038, .T. ) ;
#4777 = VECTOR ( 'NONE', #6039, 1000.000000000000000 ) ;
#4778 = ORIENTED_EDGE ( 'NONE', *, *, #7626, .F. ) ;
#4779 = EDGE_CURVE ( 'NONE', #478, #3312, #7052, .T. ) ;
#4780 = MECHANICAL_DESIGN_GEOMETRIC_PRESENTATION_REPRESENTATION (  '', ( #8126 ), #2956 ) ;
#4781 = FACE_OUTER_BOUND ( 'NONE', #2559, .T. ) ;
#4782 = CARTESIAN_POINT ( 'NONE',  ( 6.049999999999999822, 0.5000000000000000000, 0.7500000000000000000 ) ) ;
#4783 = DIRECTION ( 'NONE',  ( 0.0000000000000000000, -0.0000000000000000000, 1.000000000000000000 ) ) ;
#4784 = VECTOR ( 'NONE', #5850, 1000.000000000000000 ) ;
#4785 = CARTESIAN_POINT ( 'NONE',  ( -0.5450000000000000400, 0.0000000000000000000, 0.0000000000000000000 ) ) ;
#4786 = FACE_OUTER_BOUND ( 'NONE', #2901, .T. ) ;
#4787 = MECHANICAL_DESIGN_GEOMETRIC_PRESENTATION_REPRESENTATION (  '', ( #3655 ), #4654 ) ;
#4788 = VERTEX_POINT ( 'NONE', #3842 ) ;
#4789 = VECTOR ( 'NONE', #865, 1000.000000000000000 ) ;
#4790 = FACE_OUTER_BOUND ( 'NONE', #4346, .T. ) ;
#4791 = AXIS2_PLACEMENT_3D ( 'NONE', #2389, #5074, #7731 ) ;
#4792 = CARTESIAN_POINT ( 'NONE',  ( 8.140000000000000568, 7.500000000000000000, 0.0000000000000000000 ) ) ;
#4793 = CARTESIAN_POINT ( 'NONE',  ( -10.41000000000000014, 0.5000000000000000000, 0.7500000000000000000 ) ) ;
#4794 = SURFACE_STYLE_FILL_AREA ( #114 ) ;
#4795 = COLOUR_RGB ( '',0.1568627450980392135, 0.1568627450980392135, 0.1568627450980392135 ) ;
#4796 = VERTEX_POINT ( 'NONE', #1004 ) ;
#4797 = VECTOR ( 'NONE', #6185, 1000.000000000000114 ) ;
#4798 = MECHANICAL_DESIGN_GEOMETRIC_PRESENTATION_REPRESENTATION (  '', ( #7299 ), #5913 ) ;
#4799 = FACE_OUTER_BOUND ( 'NONE', #31, .T. ) ;
#4800 = CARTESIAN_POINT ( 'NONE',  ( -4.160000000000000142, 7.500000000000000000, 0.3499999999999999778 ) ) ;
#4801 = DIRECTION ( 'NONE',  ( 1.000000000000000000, 0.0000000000000000000, 0.0000000000000000000 ) ) ;
#4802 = CARTESIAN_POINT ( 'NONE',  ( 4.534999999999999254, 0.5000000000000000000, -0.7500000000000000000 ) ) ;
#4803 = COLOUR_RGB ( '',0.1568627450980392135, 0.1568627450980392135, 0.1568627450980392135 ) ;
#4804 = ORIENTED_EDGE ( 'NONE', *, *, #3502, .F. ) ;
#4805 = FACE_OUTER_BOUND ( 'NONE', #3942, .T. ) ;
#4806 = EDGE_CURVE ( 'NONE', #7740, #1099, #8440, .T. ) ;
#4807 = ORIENTED_EDGE ( 'NONE', *, *, #5461, .T. ) ;
#4808 = DIRECTION ( 'NONE',  ( -0.0000000000000000000, -0.0000000000000000000, 1.000000000000000000 ) ) ;
#4809 = MECHANICAL_DESIGN_GEOMETRIC_PRESENTATION_REPRESENTATION (  '', ( #7742 ), #6629 ) ;
#4810 = UNCERTAINTY_MEASURE_WITH_UNIT (LENGTH_MEASURE( 1.000000000000000082E-05 ), #5472, 'distance_accuracy_value', 'NONE');
#4811 = DIRECTION ( 'NONE',  ( 0.0000000000000000000, -0.0000000000000000000, 1.000000000000000000 ) ) ;
#4812 = ORIENTED_EDGE ( 'NONE', *, *, #3055, .T. ) ;
#4813 = LINE ( 'NONE', #7512, #8222 ) ;
#4814 = DIRECTION ( 'NONE',  ( 0.2873478855663468279, -0.9578262852211509859, 0.0000000000000000000 ) ) ;
#4815 = COLOUR_RGB ( '',0.1568627450980392135, 0.1568627450980392135, 0.1568627450980392135 ) ;
#4816 = ORIENTED_EDGE ( 'NONE', *, *, #4677, .T. ) ;
#4817 = CARTESIAN_POINT ( 'NONE',  ( 8.164999999999999147, 0.5000000000000000000, 0.7500000000000000000 ) ) ;
#4818 = EDGE_CURVE ( 'NONE', #1805, #7675, #6505, .T. ) ;
#4819 = EDGE_CURVE ( 'NONE', #6641, #4414, #2285, .T. ) ;
#4820 = VERTEX_POINT ( 'NONE', #3647 ) ;
#4821 = SURFACE_SIDE_STYLE ('',( #4698 ) ) ;
#4822 = VERTEX_POINT ( 'NONE', #314 ) ;
#4823 =( NAMED_UNIT ( * ) PLANE_ANGLE_UNIT ( ) SI_UNIT ( $, .RADIAN. ) );
#4824 = AXIS2_PLACEMENT_3D ( 'NONE', #7703, #1121, #2367 ) ;
#4825 = FILL_AREA_STYLE_COLOUR ( '', #4143 ) ;
#4826 = SURFACE_SIDE_STYLE ('',( #5396 ) ) ;
#4827 = DIRECTION ( 'NONE',  ( 1.000000000000000000, -0.0000000000000000000, 0.0000000000000000000 ) ) ;
#4828 = ORIENTED_EDGE ( 'NONE', *, *, #3269, .T. ) ;
#4829 = DIRECTION ( 'NONE',  ( 0.0000000000000000000, 0.0000000000000000000, -1.000000000000000000 ) ) ;
#4830 = CARTESIAN_POINT ( 'NONE',  ( 3.084999999999999964, 0.5000000000000000000, 0.7500000000000000000 ) ) ;
#4831 = VECTOR ( 'NONE', #7914, 1000.000000000000000 ) ;
#4832 = EDGE_CURVE ( 'NONE', #6563, #3545, #8350, .T. ) ;
#4833 = EDGE_CURVE ( 'NONE', #2783, #257, #2338, .T. ) ;
#4834 = EDGE_LOOP ( 'NONE', ( #7911, #1876, #540, #3351 ) ) ;
#4835 = VECTOR ( 'NONE', #6338, 1000.000000000000000 ) ;
#4836 = DIRECTION ( 'NONE',  ( -0.0000000000000000000, -0.0000000000000000000, 1.000000000000000000 ) ) ;
#4837 = DIRECTION ( 'NONE',  ( 0.0000000000000000000, 0.0000000000000000000, -1.000000000000000000 ) ) ;
#4838 = SURFACE_SIDE_STYLE ('',( #4085 ) ) ;
#4839 = LINE ( 'NONE', #6863, #852 ) ;
#4840 = SURFACE_STYLE_USAGE ( .BOTH. , #8253 ) ;
#4841 =( NAMED_UNIT ( * ) PLANE_ANGLE_UNIT ( ) SI_UNIT ( $, .RADIAN. ) );
#4842 = EDGE_CURVE ( 'NONE', #3830, #5947, #6550, .T. ) ;
#4843 = VECTOR ( 'NONE', #2390, 1000.000000000000000 ) ;
#4844 = ORIENTED_EDGE ( 'NONE', *, *, #3577, .F. ) ;
#4845 = DIRECTION ( 'NONE',  ( 1.000000000000000000, 0.0000000000000000000, 0.0000000000000000000 ) ) ;
#4846 = VECTOR ( 'NONE', #1671, 1000.000000000000000 ) ;
#4847 = CARTESIAN_POINT ( 'NONE',  ( -8.740000000000001990, -3.000000000000000000, 0.2000000000000000111 ) ) ;
#4848 = AXIS2_PLACEMENT_3D ( 'NONE', #7817, #6456, #3754 ) ;
#4849 = LINE ( 'NONE', #8218, #2113 ) ;
#4850 = CARTESIAN_POINT ( 'NONE',  ( 7.000000000000000000, 8.349999999999999645, 0.0000000000000000000 ) ) ;
#4851 = FACE_OUTER_BOUND ( 'NONE', #7384, .T. ) ;
#4852 = CARTESIAN_POINT ( 'NONE',  ( 8.664999999999999147, -2.750000000000000000, 0.0000000000000000000 ) ) ;
#4853 = MECHANICAL_DESIGN_GEOMETRIC_PRESENTATION_REPRESENTATION (  '', ( #7488 ), #7353 ) ;
#4854 = EDGE_LOOP ( 'NONE', ( #3620, #7708, #1310, #6451, #4067, #6216 ) ) ;
#4855 =( GEOMETRIC_REPRESENTATION_CONTEXT ( 3 ) GLOBAL_UNCERTAINTY_ASSIGNED_CONTEXT ( ( #3659 ) ) GLOBAL_UNIT_ASSIGNED_CONTEXT ( ( #736, #4750, #8163 ) ) REPRESENTATION_CONTEXT ( 'NONE', 'WORKASPACE' ) );
#4856 = CARTESIAN_POINT ( 'NONE',  ( 4.460000000000000853, 8.349999999999999645, 0.0000000000000000000 ) ) ;
#4857 = EDGE_CURVE ( 'NONE', #7841, #7753, #6630, .T. ) ;
#4858 = CARTESIAN_POINT ( 'NONE',  ( 8.539999999999999147, 7.500000000000000000, 0.3499999999999999778 ) ) ;
#4859 = DIRECTION ( 'NONE',  ( 1.000000000000000000, 0.0000000000000000000, 0.0000000000000000000 ) ) ;
#4860 = CARTESIAN_POINT ( 'NONE',  ( 7.074999999999999289, 0.5000000000000000000, 0.7500000000000000000 ) ) ;
#4861 = VECTOR ( 'NONE', #1514, 1000.000000000000114 ) ;
#4862 = LINE ( 'NONE', #2782, #7517 ) ;
#4863 = EDGE_LOOP ( 'NONE', ( #1174, #5424, #7013, #2435 ) ) ;
#4864 = CARTESIAN_POINT ( 'NONE',  ( 3.509999999999999787, -2.500000000000000000, 0.2000000000000000111 ) ) ;
#4865 = ORIENTED_EDGE ( 'NONE', *, *, #3554, .T. ) ;
#4866 = CARTESIAN_POINT ( 'NONE',  ( -4.110000000000001208, -3.000000000000000000, -0.2000000000000000111 ) ) ;
#4867 = VERTEX_POINT ( 'NONE', #8700 ) ;
#4868 = AXIS2_PLACEMENT_3D ( 'NONE', #2658, #4141, #1406 ) ;
#4869 =( NAMED_UNIT ( * ) SI_UNIT ( $, .STERADIAN. ) SOLID_ANGLE_UNIT ( ) );
#4870 =( GEOMETRIC_REPRESENTATION_CONTEXT ( 3 ) GLOBAL_UNCERTAINTY_ASSIGNED_CONTEXT ( ( #3477 ) ) GLOBAL_UNIT_ASSIGNED_CONTEXT ( ( #5476, #2790, #4073 ) ) REPRESENTATION_CONTEXT ( 'NONE', 'WORKASPACE' ) );
#4871 = EDGE_CURVE ( 'NONE', #2486, #3061, #535, .T. ) ;
#4872 =( LENGTH_UNIT ( ) NAMED_UNIT ( * ) SI_UNIT ( .MILLI., .METRE. ) );
#4873 = DIRECTION ( 'NONE',  ( -0.0000000000000000000, 0.0000000000000000000, 1.000000000000000000 ) ) ;
#4874 = SURFACE_STYLE_FILL_AREA ( #197 ) ;
#4875 = LINE ( 'NONE', #7477, #7038 ) ;
#4876 = VECTOR ( 'NONE', #7371, 1000.000000000000000 ) ;
#4877 = CARTESIAN_POINT ( 'NONE',  ( 6.200000000000001066, -3.000000000000000000, -0.2000000000000000111 ) ) ;
#4878 = ORIENTED_EDGE ( 'NONE', *, *, #5899, .T. ) ;
#4879 = ORIENTED_EDGE ( 'NONE', *, *, #4567, .T. ) ;
#4880 = COLOUR_RGB ( '',0.1568627450980392135, 0.1568627450980392135, 0.1568627450980392135 ) ;
#4881 = EDGE_CURVE ( 'NONE', #6602, #478, #2679, .T. ) ;
#4882 = CARTESIAN_POINT ( 'NONE',  ( -6.700000000000000178, 7.500000000000000000, -0.3499999999999999778 ) ) ;
#4883 = EDGE_CURVE ( 'NONE', #6745, #7888, #7314, .T. ) ;
#4884 = CARTESIAN_POINT ( 'NONE',  ( 0.7700000000000006839, 8.199999999999999289, 0.0000000000000000000 ) ) ;
#4885 =( NAMED_UNIT ( * ) PLANE_ANGLE_UNIT ( ) SI_UNIT ( $, .RADIAN. ) );
#4886 =( NAMED_UNIT ( * ) SI_UNIT ( $, .STERADIAN. ) SOLID_ANGLE_UNIT ( ) );
#4887 = DIRECTION ( 'NONE',  ( -1.000000000000000000, -0.0000000000000000000, -0.0000000000000000000 ) ) ;
#4888 = ORIENTED_EDGE ( 'NONE', *, *, #7401, .F. ) ;
#4889 = DIRECTION ( 'NONE',  ( 0.0000000000000000000, -0.0000000000000000000, 1.000000000000000000 ) ) ;
#4890 = EDGE_CURVE ( 'NONE', #910, #6082, #3968, .T. ) ;
#4891 = FACE_OUTER_BOUND ( 'NONE', #1651, .T. ) ;
#4892 = DIRECTION ( 'NONE',  ( -0.7071067811865475727, 0.7071067811865475727, 0.0000000000000000000 ) ) ;
#4893 = DIRECTION ( 'NONE',  ( -0.0000000000000000000, -1.000000000000000000, -0.0000000000000000000 ) ) ;
#4894 = FILL_AREA_STYLE ('',( #8263 ) ) ;
#4895 = EDGE_LOOP ( 'NONE', ( #886, #48, #8426, #900 ) ) ;
#4896 = LINE ( 'NONE', #1531, #6046 ) ;
#4897 = CARTESIAN_POINT ( 'NONE',  ( -3.459999999999999964, 0.9000000000000001332, -0.3499999999999999778 ) ) ;
#4898 = CARTESIAN_POINT ( 'NONE',  ( 3.509999999999999787, -2.500000000000000000, 0.0000000000000000000 ) ) ;
#4899 = VERTEX_POINT ( 'NONE', #3209 ) ;
#4900 = DIRECTION ( 'NONE',  ( 1.000000000000000000, 0.0000000000000000000, 0.0000000000000000000 ) ) ;
#4901 = CARTESIAN_POINT ( 'NONE',  ( -6.650000000000000355, -2.500000000000000000, 0.0000000000000000000 ) ) ;
#4902 = EDGE_LOOP ( 'NONE', ( #3553, #96, #235, #3811 ) ) ;
#4903 = VERTEX_POINT ( 'NONE', #1262 ) ;
#4904 = VERTEX_POINT ( 'NONE', #5366 ) ;
#4905 = SURFACE_STYLE_FILL_AREA ( #6400 ) ;
#4906 = VECTOR ( 'NONE', #5337, 1000.000000000000114 ) ;
#4907 = ORIENTED_EDGE ( 'NONE', *, *, #2875, .F. ) ;
#4908 = CARTESIAN_POINT ( 'NONE',  ( -6.000000000000000000, 0.9000000000000001332, -0.3499999999999999778 ) ) ;
#4909 = FACE_OUTER_BOUND ( 'NONE', #8545, .T. ) ;
#4910 = VERTEX_POINT ( 'NONE', #1225 ) ;
#4911 = DIRECTION ( 'NONE',  ( 0.0000000000000000000, 0.0000000000000000000, -1.000000000000000000 ) ) ;
#4912 = CARTESIAN_POINT ( 'NONE',  ( -3.060000000000000053, 7.500000000000000000, 0.0000000000000000000 ) ) ;
#4913 = ORIENTED_EDGE ( 'NONE', *, *, #3759, .F. ) ;
#4914 = ADVANCED_FACE ( 'NONE', ( #5976 ), #1886, .T. ) ;
#4915 = LINE ( 'NONE', #7842, #4084 ) ;
#4916 = MECHANICAL_DESIGN_GEOMETRIC_PRESENTATION_REPRESENTATION (  '', ( #4773 ), #3365 ) ;
#4917 = ORIENTED_EDGE ( 'NONE', *, *, #3858, .T. ) ;
#4918 = LINE ( 'NONE', #7574, #5817 ) ;
#4919 = AXIS2_PLACEMENT_3D ( 'NONE', #2684, #4754, #784 ) ;
#4920 = CARTESIAN_POINT ( 'NONE',  ( -6.700000000000000178, 0.9000000000000001332, -0.3499999999999999778 ) ) ;
#4921 = FACE_BOUND ( 'NONE', #5246, .T. ) ;
#4922 =( LENGTH_UNIT ( ) NAMED_UNIT ( * ) SI_UNIT ( .MILLI., .METRE. ) );
#4923 = PRESENTATION_LAYER_ASSIGNMENT (  '', '', ( #2802 ) ) ;
#4924 = DIRECTION ( 'NONE',  ( 1.000000000000000000, -0.0000000000000000000, 0.0000000000000000000 ) ) ;
#4925 = DIRECTION ( 'NONE',  ( -0.0000000000000000000, -1.000000000000000000, -0.0000000000000000000 ) ) ;
#4926 = ORIENTED_EDGE ( 'NONE', *, *, #6331, .T. ) ;
#4927 = EDGE_CURVE ( 'NONE', #3266, #7645, #7985, .T. ) ;
#4928 = EDGE_CURVE ( 'NONE', #2453, #4326, #1973, .T. ) ;
#4929 = DIRECTION ( 'NONE',  ( 1.000000000000000000, 0.0000000000000000000, -0.0000000000000000000 ) ) ;
#4930 = AXIS2_PLACEMENT_3D ( 'NONE', #1405, #6080, #5383 ) ;
#4931 = DIRECTION ( 'NONE',  ( 0.0000000000000000000, 0.0000000000000000000, -1.000000000000000000 ) ) ;
#4932 = VECTOR ( 'NONE', #807, 1000.000000000000000 ) ;
#4933 = CARTESIAN_POINT ( 'NONE',  ( -10.41000000000000014, 0.5000000000000000000, -0.7500000000000000000 ) ) ;
#4934 = STYLED_ITEM ( 'NONE', ( #899 ), #8579 ) ;
#4935 = CARTESIAN_POINT ( 'NONE',  ( 8.539999999999999147, 0.9000000000000001332, -0.3499999999999999778 ) ) ;
#4936 = CARTESIAN_POINT ( 'NONE',  ( -9.640000000000000568, 7.500000000000000000, -0.7500000000000000000 ) ) ;
#4937 = MECHANICAL_DESIGN_GEOMETRIC_PRESENTATION_REPRESENTATION (  '', ( #847 ), #7573 ) ;
#4938 = CARTESIAN_POINT ( 'NONE',  ( 4.610000000000001208, 8.500000000000000000, 0.8000000000000005995 ) ) ;
#4939 = ADVANCED_FACE ( 'NONE', ( #7899 ), #8028, .F. ) ;
#4940 = ORIENTED_EDGE ( 'NONE', *, *, #1852, .F. ) ;
#4941 = CARTESIAN_POINT ( 'NONE',  ( 5.599999999999998757, 0.5000000000000000000, -0.7500000000000000000 ) ) ;
#4942 = VECTOR ( 'NONE', #6375, 1000.000000000000000 ) ;
#4943 = DIRECTION ( 'NONE',  ( -0.7071067811865474617, -0.7071067811865474617, 0.0000000000000000000 ) ) ;
#4944 = DIRECTION ( 'NONE',  ( -0.0000000000000000000, -1.000000000000000000, -0.0000000000000000000 ) ) ;
#4945 = ORIENTED_EDGE ( 'NONE', *, *, #1056, .T. ) ;
#4946 = LINE ( 'NONE', #5083, #6108 ) ;
#4947 = SURFACE_STYLE_FILL_AREA ( #238 ) ;
#4948 = VERTEX_POINT ( 'NONE', #7358 ) ;
#4949 = LINE ( 'NONE', #7651, #4256 ) ;
#4950 = VERTEX_POINT ( 'NONE', #658 ) ;
#4951 = AXIS2_PLACEMENT_3D ( 'NONE', #2393, #1537, #5724 ) ;
#4952 = EDGE_CURVE ( 'NONE', #7207, #2015, #7949, .T. ) ;
#4953 = VERTEX_POINT ( 'NONE', #571 ) ;
#4954 = ORIENTED_EDGE ( 'NONE', *, *, #3735, .T. ) ;
#4955 = PLANE ( 'NONE',  #6598 ) ;
#4956 = MECHANICAL_DESIGN_GEOMETRIC_PRESENTATION_REPRESENTATION (  '', ( #4236 ), #8311 ) ;
#4957 =( LENGTH_UNIT ( ) NAMED_UNIT ( * ) SI_UNIT ( .MILLI., .METRE. ) );
#4958 = FACE_OUTER_BOUND ( 'NONE', #6339, .T. ) ;
#4959 = ORIENTED_EDGE ( 'NONE', *, *, #6577, .F. ) ;
#4960 = CARTESIAN_POINT ( 'NONE',  ( -7.099999999999999645, 0.5000000000000000000, 0.7500000000000000000 ) ) ;
#4961 = ORIENTED_EDGE ( 'NONE', *, *, #6552, .T. ) ;
#4962 = DIRECTION ( 'NONE',  ( 0.0000000000000000000, 0.0000000000000000000, -1.000000000000000000 ) ) ;
#4963 = FACE_OUTER_BOUND ( 'NONE', #3372, .T. ) ;
#4964 = ORIENTED_EDGE ( 'NONE', *, *, #7879, .F. ) ;
#4965 = STYLED_ITEM ( 'NONE', ( #8063 ), #2775 ) ;
#4966 = ORIENTED_EDGE ( 'NONE', *, *, #2033, .T. ) ;
#4967 = DIRECTION ( 'NONE',  ( 0.0000000000000000000, 0.0000000000000000000, -1.000000000000000000 ) ) ;
#4968 = DIRECTION ( 'NONE',  ( -0.0000000000000000000, -0.0000000000000000000, 1.000000000000000000 ) ) ;
#4969 = DIRECTION ( 'NONE',  ( -0.0000000000000000000, -0.0000000000000000000, 1.000000000000000000 ) ) ;
#4970 = LINE ( 'NONE', #2375, #8019 ) ;
#4971 = EDGE_CURVE ( 'NONE', #7675, #548, #3337, .T. ) ;
#4972 = PRESENTATION_LAYER_ASSIGNMENT (  '', '', ( #4548 ) ) ;
#4973 = DIRECTION ( 'NONE',  ( -1.000000000000000000, 0.0000000000000000000, -0.0000000000000000000 ) ) ;
#4974 = PLANE ( 'NONE',  #605 ) ;
#4975 =( NAMED_UNIT ( * ) SI_UNIT ( $, .STERADIAN. ) SOLID_ANGLE_UNIT ( ) );
#4976 = ORIENTED_EDGE ( 'NONE', *, *, #798, .F. ) ;
#4977 = VECTOR ( 'NONE', #462, 1000.000000000000000 ) ;
#4978 = LINE ( 'NONE', #3752, #5646 ) ;
#4979 = CARTESIAN_POINT ( 'NONE',  ( 5.625000000000000000, 0.5000000000000000000, 0.7500000000000000000 ) ) ;
#4980 = ADVANCED_FACE ( 'NONE', ( #8533 ), #4709, .F. ) ;
#4981 = DIRECTION ( 'NONE',  ( -1.000000000000000000, -0.0000000000000000000, 0.0000000000000000000 ) ) ;
#4982 = CARTESIAN_POINT ( 'NONE',  ( 1.995000000000000329, 0.5000000000000000000, 0.7500000000000000000 ) ) ;
#4983 = DIRECTION ( 'NONE',  ( 1.000000000000000000, 0.0000000000000000000, -0.0000000000000000000 ) ) ;
#4984 = CARTESIAN_POINT ( 'NONE',  ( -10.41000000000000014, 0.5000000000000000000, 0.7500000000000000000 ) ) ;
#4985 = VECTOR ( 'NONE', #1564, 1000.000000000000000 ) ;
#4986 = CARTESIAN_POINT ( 'NONE',  ( -7.075000000000000178, 0.5000000000000000000, 0.7500000000000000000 ) ) ;
#4987 = VERTEX_POINT ( 'NONE', #5192 ) ;
#4988 = SURFACE_STYLE_USAGE ( .BOTH. , #2295 ) ;
#4989 = UNCERTAINTY_MEASURE_WITH_UNIT (LENGTH_MEASURE( 1.000000000000000082E-05 ), #5802, 'distance_accuracy_value', 'NONE');
#4990 = EDGE_CURVE ( 'NONE', #7207, #8230, #3887, .T. ) ;
#4991 = SURFACE_STYLE_FILL_AREA ( #6251 ) ;
#4992 = EDGE_CURVE ( 'NONE', #2008, #2538, #8622, .T. ) ;
#4993 = LINE ( 'NONE', #7510, #8658 ) ;
#4994 = EDGE_LOOP ( 'NONE', ( #4422, #4959, #4286, #4804 ) ) ;
#4995 = CARTESIAN_POINT ( 'NONE',  ( 5.599999999999999645, 0.5000000000000000000, 0.0000000000000000000 ) ) ;
#4996 = SURFACE_STYLE_USAGE ( .BOTH. , #2302 ) ;
#4997 = ORIENTED_EDGE ( 'NONE', *, *, #1586, .T. ) ;
#4998 = COLOUR_RGB ( '',0.1568627450980392135, 0.1568627450980392135, 0.1568627450980392135 ) ;
#4999 = COLOUR_RGB ( '',0.1568627450980392135, 0.1568627450980392135, 0.1568627450980392135 ) ;
#5000 = ORIENTED_EDGE ( 'NONE', *, *, #122, .T. ) ;
#5001 = LINE ( 'NONE', #330, #1404 ) ;
#5002 = VERTEX_POINT ( 'NONE', #3928 ) ;
#5003 = FILL_AREA_STYLE ('',( #7077 ) ) ;
#5004 = EDGE_CURVE ( 'NONE', #5813, #1189, #5929, .T. ) ;
#5005 = DIRECTION ( 'NONE',  ( 0.0000000000000000000, 1.000000000000000000, 0.0000000000000000000 ) ) ;
#5006 = ORIENTED_EDGE ( 'NONE', *, *, #3815, .T. ) ;
#5007 = CARTESIAN_POINT ( 'NONE',  ( -0.5450000000000000400, 7.500000000000000000, -0.7500000000000000000 ) ) ;
#5008 = DIRECTION ( 'NONE',  ( -0.7071067811865475727, 0.7071067811865475727, 0.0000000000000000000 ) ) ;
#5009 = VERTEX_POINT ( 'NONE', #208 ) ;
#5010 = VECTOR ( 'NONE', #7306, 1000.000000000000000 ) ;
#5011 = VECTOR ( 'NONE', #1647, 1000.000000000000000 ) ;
#5012 = ORIENTED_EDGE ( 'NONE', *, *, #7486, .F. ) ;
#5013 = ORIENTED_EDGE ( 'NONE', *, *, #3773, .T. ) ;
#5014 = DIRECTION ( 'NONE',  ( 0.0000000000000000000, -0.0000000000000000000, -1.000000000000000000 ) ) ;
#5015 = FACE_OUTER_BOUND ( 'NONE', #8326, .T. ) ;
#5016 = AXIS2_PLACEMENT_3D ( 'NONE', #677, #8051, #7337 ) ;
#5017 = CARTESIAN_POINT ( 'NONE',  ( -5.850000000000000533, 0.0000000000000000000, 0.0000000000000000000 ) ) ;
#5018 = CARTESIAN_POINT ( 'NONE',  ( 1.270000000000000018, 8.349999999999999645, -0.6500000000000001332 ) ) ;
#5019 = FILL_AREA_STYLE_COLOUR ( '', #5439 ) ;
#5020 = DIRECTION ( 'NONE',  ( -0.0000000000000000000, 0.0000000000000000000, 1.000000000000000000 ) ) ;
#5021 = FILL_AREA_STYLE_COLOUR ( '', #4081 ) ;
#5022 = ORIENTED_EDGE ( 'NONE', *, *, #407, .T. ) ;
#5023 = COLOUR_RGB ( '',0.1568627450980392135, 0.1568627450980392135, 0.1568627450980392135 ) ;
#5024 = EDGE_CURVE ( 'NONE', #1815, #5313, #167, .T. ) ;
#5025 = CARTESIAN_POINT ( 'NONE',  ( 7.075000000000000178, 0.5000000000000000000, 0.0000000000000000000 ) ) ;
#5026 = FILL_AREA_STYLE_COLOUR ( '', #4999 ) ;
#5027 = LINE ( 'NONE', #2999, #6734 ) ;
#5028 = SURFACE_SIDE_STYLE ('',( #1626 ) ) ;
#5029 = ADVANCED_FACE ( 'NONE', ( #3421 ), #3463, .T. ) ;
#5030 = DIRECTION ( 'NONE',  ( 1.000000000000000000, -0.0000000000000000000, 0.0000000000000000000 ) ) ;
#5031 = DIRECTION ( 'NONE',  ( -1.000000000000000000, -0.0000000000000000000, -0.0000000000000000000 ) ) ;
#5032 = VERTEX_POINT ( 'NONE', #5406 ) ;
#5033 = EDGE_CURVE ( 'NONE', #4380, #1209, #8251, .T. ) ;
#5034 = DIRECTION ( 'NONE',  ( 1.000000000000000000, 0.0000000000000000000, -0.0000000000000000000 ) ) ;
#5035 = CARTESIAN_POINT ( 'NONE',  ( 8.589999999999999858, 0.5000000000000000000, -0.1999999999999999833 ) ) ;
#5036 = LINE ( 'NONE', #2350, #8516 ) ;
#5037 = VERTEX_POINT ( 'NONE', #5568 ) ;
#5038 = FACE_OUTER_BOUND ( 'NONE', #2157, .T. ) ;
#5039 =( LENGTH_UNIT ( ) NAMED_UNIT ( * ) SI_UNIT ( .MILLI., .METRE. ) );
#5040 = ORIENTED_EDGE ( 'NONE', *, *, #6188, .F. ) ;
#5041 = CARTESIAN_POINT ( 'NONE',  ( 3.509999999999999787, 0.5000000000000000000, -0.1999999999999999833 ) ) ;
#5042 = ORIENTED_EDGE ( 'NONE', *, *, #891, .T. ) ;
#5043 = EDGE_CURVE ( 'NONE', #3015, #1359, #8071, .T. ) ;
#5044 = LINE ( 'NONE', #7696, #7994 ) ;
#5045 = PLANE ( 'NONE',  #3118 ) ;
#5046 = LINE ( 'NONE', #6849, #2477 ) ;
#5047 = VERTEX_POINT ( 'NONE', #6781 ) ;
#5048 = CARTESIAN_POINT ( 'NONE',  ( -4.309999999999999609, 0.0000000000000000000, 0.5000000000000000000 ) ) ;
#5049 = EDGE_LOOP ( 'NONE', ( #6575, #5245, #5171, #8634 ) ) ;
#5050 = CARTESIAN_POINT ( 'NONE',  ( -10.41000000000000014, 7.500000000000000000, 0.7500000000000000000 ) ) ;
#5051 = SURFACE_STYLE_FILL_AREA ( #2368 ) ;
#5052 = ORIENTED_EDGE ( 'NONE', *, *, #3460, .F. ) ;
#5053 = ADVANCED_FACE ( 'NONE', ( #7575 ), #8207, .F. ) ;
#5054 = EDGE_LOOP ( 'NONE', ( #3214, #4500, #7205, #3187 ) ) ;
#5055 = LINE ( 'NONE', #7711, #1037 ) ;
#5056 = SURFACE_SIDE_STYLE ('',( #2373 ) ) ;
#5057 = DIRECTION ( 'NONE',  ( 0.0000000000000000000, 0.7071067811865475727, 0.7071067811865475727 ) ) ;
#5058 = VECTOR ( 'NONE', #7962, 1000.000000000000000 ) ;
#5059 = PLANE ( 'NONE',  #4743 ) ;
#5060 = FILL_AREA_STYLE ('',( #1704 ) ) ;
#5061 = CARTESIAN_POINT ( 'NONE',  ( 3.084999999999999964, 0.5000000000000000000, -0.7500000000000000000 ) ) ;
#5062 = ORIENTED_EDGE ( 'NONE', *, *, #2459, .F. ) ;
#5063 = EDGE_CURVE ( 'NONE', #5269, #4112, #4249, .T. ) ;
#5064 = SURFACE_STYLE_FILL_AREA ( #7101 ) ;
#5065 = DIRECTION ( 'NONE',  ( 0.0000000000000000000, -0.0000000000000000000, 1.000000000000000000 ) ) ;
#5066 = COLOUR_RGB ( '',0.1568627450980392135, 0.1568627450980392135, 0.1568627450980392135 ) ;
#5067 = AXIS2_PLACEMENT_3D ( 'NONE', #5716, #8401, #2385 ) ;
#5068 = DIRECTION ( 'NONE',  ( 0.0000000000000000000, -0.0000000000000000000, -1.000000000000000000 ) ) ;
#5069 = FACE_OUTER_BOUND ( 'NONE', #5510, .T. ) ;
#5070 = PLANE ( 'NONE',  #3094 ) ;
#5071 = STYLED_ITEM ( 'NONE', ( #7352 ), #8487 ) ;
#5072 = VECTOR ( 'NONE', #5270, 1000.000000000000000 ) ;
#5073 = ORIENTED_EDGE ( 'NONE', *, *, #3554, .F. ) ;
#5074 = DIRECTION ( 'NONE',  ( 0.9578262852211679723, -0.2873478855662903730, 0.0000000000000000000 ) ) ;
#5075 = UNCERTAINTY_MEASURE_WITH_UNIT (LENGTH_MEASURE( 1.000000000000000082E-05 ), #1325, 'distance_accuracy_value', 'NONE');
#5076 = PRESENTATION_LAYER_ASSIGNMENT (  '', '', ( #3669 ) ) ;
#5077 =( NAMED_UNIT ( * ) PLANE_ANGLE_UNIT ( ) SI_UNIT ( $, .RADIAN. ) );
#5078 = COLOUR_RGB ( '',0.1568627450980392135, 0.1568627450980392135, 0.1568627450980392135 ) ;
#5079 = LINE ( 'NONE', #368, #5103 ) ;
#5080 = PLANE ( 'NONE',  #4675 ) ;
#5081 =( GEOMETRIC_REPRESENTATION_CONTEXT ( 3 ) GLOBAL_UNCERTAINTY_ASSIGNED_CONTEXT ( ( #4642 ) ) GLOBAL_UNIT_ASSIGNED_CONTEXT ( ( #1022, #3065, #244 ) ) REPRESENTATION_CONTEXT ( 'NONE', 'WORKASPACE' ) );
#5082 = ORIENTED_EDGE ( 'NONE', *, *, #6101, .T. ) ;
#5083 = CARTESIAN_POINT ( 'NONE',  ( -4.160000000000000142, 0.9000000000000001332, -0.3499999999999999778 ) ) ;
#5084 = EDGE_CURVE ( 'NONE', #7198, #52, #2763, .T. ) ;
#5085 =( LENGTH_UNIT ( ) NAMED_UNIT ( * ) SI_UNIT ( .MILLI., .METRE. ) );
#5086 = ORIENTED_EDGE ( 'NONE', *, *, #6689, .F. ) ;
#5087 = FACE_OUTER_BOUND ( 'NONE', #3324, .T. ) ;
#5088 =( GEOMETRIC_REPRESENTATION_CONTEXT ( 3 ) GLOBAL_UNCERTAINTY_ASSIGNED_CONTEXT ( ( #2854 ) ) GLOBAL_UNIT_ASSIGNED_CONTEXT ( ( #5602, #5564, #4161 ) ) REPRESENTATION_CONTEXT ( 'NONE', 'WORKASPACE' ) );
#5089 = EDGE_LOOP ( 'NONE', ( #3668, #7147, #4192, #1495 ) ) ;
#5090 =( NAMED_UNIT ( * ) SI_UNIT ( $, .STERADIAN. ) SOLID_ANGLE_UNIT ( ) );
#5091 = VECTOR ( 'NONE', #1207, 1000.000000000000000 ) ;
#5092 = DIRECTION ( 'NONE',  ( -0.7071067811865474617, 0.7071067811865474617, 0.0000000000000000000 ) ) ;
#5093 = ORIENTED_EDGE ( 'NONE', *, *, #3100, .F. ) ;
#5094 = DIRECTION ( 'NONE',  ( 1.000000000000000000, 0.0000000000000000000, -0.0000000000000000000 ) ) ;
#5095 = CARTESIAN_POINT ( 'NONE',  ( 3.459999999999999964, 0.9000000000000001332, 0.0000000000000000000 ) ) ;
#5096 = EDGE_CURVE ( 'NONE', #8003, #662, #2846, .T. ) ;
#5097 = VECTOR ( 'NONE', #7461, 1000.000000000000000 ) ;
#5098 = EDGE_LOOP ( 'NONE', ( #3823, #7116, #5652, #5531 ) ) ;
#5099 = PRESENTATION_STYLE_ASSIGNMENT (( #3197 ) ) ;
#5100 = EDGE_LOOP ( 'NONE', ( #3819, #1812, #5271, #5639 ) ) ;
#5101 = LINE ( 'NONE', #7757, #1972 ) ;
#5102 = ORIENTED_EDGE ( 'NONE', *, *, #6166, .F. ) ;
#5103 = VECTOR ( 'NONE', #6588, 1000.000000000000000 ) ;
#5104 = CARTESIAN_POINT ( 'NONE',  ( 1.769999999999999352, 8.199999999999999289, 0.5000000000000002220 ) ) ;
#5105 =( LENGTH_UNIT ( ) NAMED_UNIT ( * ) SI_UNIT ( .MILLI., .METRE. ) );
#5106 =( NAMED_UNIT ( * ) PLANE_ANGLE_UNIT ( ) SI_UNIT ( $, .RADIAN. ) );
#5107 = CARTESIAN_POINT ( 'NONE',  ( 0.5450000000000000400, 0.0000000000000000000, 0.0000000000000000000 ) ) ;
#5108 = EDGE_CURVE ( 'NONE', #4159, #1209, #2097, .T. ) ;
#5109 = EDGE_CURVE ( 'NONE', #353, #7691, #3547, .T. ) ;
#5110 = DIRECTION ( 'NONE',  ( 0.0000000000000000000, -0.0000000000000000000, 1.000000000000000000 ) ) ;
#5111 =( GEOMETRIC_REPRESENTATION_CONTEXT ( 3 ) GLOBAL_UNCERTAINTY_ASSIGNED_CONTEXT ( ( #132 ) ) GLOBAL_UNIT_ASSIGNED_CONTEXT ( ( #6450, #3081, #3746 ) ) REPRESENTATION_CONTEXT ( 'NONE', 'WORKASPACE' ) );
#5112 = VERTEX_POINT ( 'NONE', #36 ) ;
#5113 = SURFACE_SIDE_STYLE ('',( #5064 ) ) ;
#5114 = FACE_OUTER_BOUND ( 'NONE', #4369, .T. ) ;
#5115 = VECTOR ( 'NONE', #3073, 1000.000000000000000 ) ;
#5116 = DIRECTION ( 'NONE',  ( -0.0000000000000000000, -0.0000000000000000000, 1.000000000000000000 ) ) ;
#5117 = SURFACE_SIDE_STYLE ('',( #2431 ) ) ;
#5118 = PRESENTATION_STYLE_ASSIGNMENT (( #2432 ) ) ;
#5119 = LINE ( 'NONE', #3087, #128 ) ;
#5120 = VECTOR ( 'NONE', #3531, 1000.000000000000000 ) ;
#5121 = ORIENTED_EDGE ( 'NONE', *, *, #253, .F. ) ;
#5122 = ORIENTED_EDGE ( 'NONE', *, *, #3460, .T. ) ;
#5123 = CARTESIAN_POINT ( 'NONE',  ( -3.009999999999999343, 8.500000000000000000, -0.8000000000000004885 ) ) ;
#5124 = CARTESIAN_POINT ( 'NONE',  ( 4.109999999999997655, -2.499999999999998668, -0.2000000000000000389 ) ) ;
#5125 = VERTEX_POINT ( 'NONE', #2723 ) ;
#5126 = LINE ( 'NONE', #1946, #6160 ) ;
#5127 = EDGE_LOOP ( 'NONE', ( #1109, #604, #3018, #3132 ) ) ;
#5128 = DIRECTION ( 'NONE',  ( 0.0000000000000000000, 1.000000000000000000, 0.0000000000000000000 ) ) ;
#5129 = VERTEX_POINT ( 'NONE', #1387 ) ;
#5130 = AXIS2_PLACEMENT_3D ( 'NONE', #2120, #3568, #4811 ) ;
#5131 = DIRECTION ( 'NONE',  ( 0.0000000000000000000, 0.0000000000000000000, -1.000000000000000000 ) ) ;
#5132 = PLANE ( 'NONE',  #5912 ) ;
#5133 = LINE ( 'NONE', #7922, #7942 ) ;
#5134 = VERTEX_POINT ( 'NONE', #6747 ) ;
#5135 = AXIS2_PLACEMENT_3D ( 'NONE', #7797, #7836, #4471 ) ;
#5136 = CARTESIAN_POINT ( 'NONE',  ( 0.7700000000000000178, 7.500000000000000000, 0.0000000000000000000 ) ) ;
#5137 = LINE ( 'NONE', #5177, #4104 ) ;
#5138 = VECTOR ( 'NONE', #5577, 1000.000000000000114 ) ;
#5139 = EDGE_LOOP ( 'NONE', ( #3898, #960, #4199, #2546 ) ) ;
#5140 = DIRECTION ( 'NONE',  ( 0.0000000000000000000, 0.0000000000000000000, -1.000000000000000000 ) ) ;
#5141 =( NAMED_UNIT ( * ) SI_UNIT ( $, .STERADIAN. ) SOLID_ANGLE_UNIT ( ) );
#5142 = EDGE_LOOP ( 'NONE', ( #4222, #7738, #741, #5052 ) ) ;
#5143 = FACE_OUTER_BOUND ( 'NONE', #1753, .T. ) ;
#5144 = VECTOR ( 'NONE', #2107, 1000.000000000000000 ) ;
#5145 = EDGE_CURVE ( 'NONE', #3934, #2882, #7442, .T. ) ;
#5146 = LINE ( 'NONE', #8474, #4726 ) ;
#5147 = CARTESIAN_POINT ( 'NONE',  ( 0.9699999999999999734, 0.0000000000000000000, 0.0000000000000000000 ) ) ;
#5148 = DIRECTION ( 'NONE',  ( -1.000000000000000000, -0.0000000000000000000, -0.0000000000000000000 ) ) ;
#5149 = CARTESIAN_POINT ( 'NONE',  ( -1.995000000000000329, 0.5000000000000000000, -0.7500000000000000000 ) ) ;
#5150 = VECTOR ( 'NONE', #2311, 1000.000000000000000 ) ;
#5151 =( NAMED_UNIT ( * ) SI_UNIT ( $, .STERADIAN. ) SOLID_ANGLE_UNIT ( ) );
#5152 = VECTOR ( 'NONE', #3694, 1000.000000000000000 ) ;
#5153 = ORIENTED_EDGE ( 'NONE', *, *, #2524, .T. ) ;
#5154 = SURFACE_STYLE_USAGE ( .BOTH. , #6547 ) ;
#5155 = EDGE_CURVE ( 'NONE', #7025, #2919, #1084, .T. ) ;
#5156 = PRESENTATION_STYLE_ASSIGNMENT (( #2469 ) ) ;
#5157 = EDGE_CURVE ( 'NONE', #3828, #5501, #3121, .T. ) ;
#5158 = AXIS2_PLACEMENT_3D ( 'NONE', #326, #6391, #3570 ) ;
#5159 = CARTESIAN_POINT ( 'NONE',  ( -9.640000000000000568, 7.500000000000000000, -0.7500000000000000000 ) ) ;
#5160 = CARTESIAN_POINT ( 'NONE',  ( 8.589999999999999858, 0.5000000000000000000, 0.2000000000000000111 ) ) ;
#5161 = EDGE_LOOP ( 'NONE', ( #4964, #1735, #901, #5513 ) ) ;
#5162 = ORIENTED_EDGE ( 'NONE', *, *, #3397, .T. ) ;
#5163 = EDGE_CURVE ( 'NONE', #2253, #5282, #348, .T. ) ;
#5164 = UNCERTAINTY_MEASURE_WITH_UNIT (LENGTH_MEASURE( 1.000000000000000082E-05 ), #3498, 'distance_accuracy_value', 'NONE');
#5165 = DIRECTION ( 'NONE',  ( -0.0000000000000000000, -1.000000000000000000, -0.0000000000000000000 ) ) ;
#5166 = DIRECTION ( 'NONE',  ( 0.0000000000000000000, 1.000000000000000000, 0.0000000000000000000 ) ) ;
#5167 = ORIENTED_EDGE ( 'NONE', *, *, #2709, .T. ) ;
#5168 = DIRECTION ( 'NONE',  ( -0.0000000000000000000, -0.0000000000000000000, 1.000000000000000000 ) ) ;
#5169 = ORIENTED_EDGE ( 'NONE', *, *, #313, .F. ) ;
#5170 = FILL_AREA_STYLE ('',( #5305 ) ) ;
#5171 = ORIENTED_EDGE ( 'NONE', *, *, #962, .T. ) ;
#5172 = FILL_AREA_STYLE ('',( #4600 ) ) ;
#5173 = EDGE_CURVE ( 'NONE', #4476, #7345, #5744, .T. ) ;
#5174 = DIRECTION ( 'NONE',  ( 1.000000000000000000, 0.0000000000000000000, -0.0000000000000000000 ) ) ;
#5175 = CARTESIAN_POINT ( 'NONE',  ( -9.640000000000000568, 0.0000000000000000000, 0.7500000000000000000 ) ) ;
#5176 = VERTEX_POINT ( 'NONE', #7808 ) ;
#5177 = CARTESIAN_POINT ( 'NONE',  ( -4.309999999999999609, 8.199999999999999289, 0.0000000000000000000 ) ) ;
#5178 = ORIENTED_EDGE ( 'NONE', *, *, #5462, .T. ) ;
#5179 = DIRECTION ( 'NONE',  ( 1.000000000000000000, 0.0000000000000000000, -0.0000000000000000000 ) ) ;
#5180 = FACE_OUTER_BOUND ( 'NONE', #4854, .T. ) ;
#5181 = ORIENTED_EDGE ( 'NONE', *, *, #4881, .F. ) ;
#5182 = ORIENTED_EDGE ( 'NONE', *, *, #3207, .T. ) ;
#5183 = PLANE ( 'NONE',  #766 ) ;
#5184 = CARTESIAN_POINT ( 'NONE',  ( -4.160000000000000142, 0.9000000000000001332, 0.0000000000000000000 ) ) ;
#5185 = CARTESIAN_POINT ( 'NONE',  ( 6.349999999999999645, 8.199999999999999289, 0.4999999999999993339 ) ) ;
#5186 = CARTESIAN_POINT ( 'NONE',  ( 1.620000000000000107, 7.500000000000000000, 0.0000000000000000000 ) ) ;
#5187 = SURFACE_STYLE_USAGE ( .BOTH. , #7227 ) ;
#5188 = ADVANCED_FACE ( 'NONE', ( #907 ), #7763, .F. ) ;
#5189 = EDGE_LOOP ( 'NONE', ( #1107, #558, #8015, #100 ) ) ;
#5190 = SURFACE_STYLE_USAGE ( .BOTH. , #5113 ) ;
#5191 = DIRECTION ( 'NONE',  ( -1.000000000000000000, 0.0000000000000000000, -0.0000000000000000000 ) ) ;
#5192 = CARTESIAN_POINT ( 'NONE',  ( -4.559999999999999609, 7.500000000000000000, -0.7500000000000000000 ) ) ;
#5193 = DIRECTION ( 'NONE',  ( -0.0000000000000000000, 0.0000000000000000000, -1.000000000000000000 ) ) ;
#5194 = AXIS2_PLACEMENT_3D ( 'NONE', #1662, #8307, #2236 ) ;
#5195 = DIRECTION ( 'NONE',  ( -1.000000000000000000, -0.0000000000000000000, -0.0000000000000000000 ) ) ;
#5196 = CARTESIAN_POINT ( 'NONE',  ( -4.559999999999999609, 7.500000000000000000, 0.7500000000000000000 ) ) ;
#5197 = EDGE_CURVE ( 'NONE', #2035, #6951, #7621, .T. ) ;
#5198 = ADVANCED_FACE ( 'NONE', ( #3031 ), #395, .F. ) ;
#5199 = VERTEX_POINT ( 'NONE', #2326 ) ;
#5200 = ORIENTED_EDGE ( 'NONE', *, *, #2413, .T. ) ;
#5201 = FACE_OUTER_BOUND ( 'NONE', #1744, .T. ) ;
#5202 = FILL_AREA_STYLE_COLOUR ( '', #8225 ) ;
#5203 = ORIENTED_EDGE ( 'NONE', *, *, #747, .T. ) ;
#5204 = FILL_AREA_STYLE_COLOUR ( '', #8564 ) ;
#5205 = ORIENTED_EDGE ( 'NONE', *, *, #4268, .T. ) ;
#5206 = ADVANCED_FACE ( 'NONE', ( #1612 ), #7714, .F. ) ;
#5207 = STYLED_ITEM ( 'NONE', ( #5258 ), #272 ) ;
#5208 = LINE ( 'NONE', #4504, #8621 ) ;
#5209 = ORIENTED_EDGE ( 'NONE', *, *, #6436, .T. ) ;
#5210 = CARTESIAN_POINT ( 'NONE',  ( -8.539999999999999147, 7.500000000000000000, 0.3499999999999999778 ) ) ;
#5211 = STYLED_ITEM ( 'NONE', ( #3165 ), #8414 ) ;
#5212 = DIRECTION ( 'NONE',  ( 0.0000000000000000000, -1.000000000000000000, 0.0000000000000000000 ) ) ;
#5213 = VECTOR ( 'NONE', #6288, 1000.000000000000000 ) ;
#5214 =( GEOMETRIC_REPRESENTATION_CONTEXT ( 3 ) GLOBAL_UNCERTAINTY_ASSIGNED_CONTEXT ( ( #1284 ) ) GLOBAL_UNIT_ASSIGNED_CONTEXT ( ( #4568, #7219, #560 ) ) REPRESENTATION_CONTEXT ( 'NONE', 'WORKASPACE' ) );
#5215 = FILL_AREA_STYLE_COLOUR ( '', #1623 ) ;
#5216 = VERTEX_POINT ( 'NONE', #1699 ) ;
#5217 = LINE ( 'NONE', #1780, #6914 ) ;
#5218 = DIRECTION ( 'NONE',  ( 0.0000000000000000000, 0.0000000000000000000, -1.000000000000000000 ) ) ;
#5219 = VECTOR ( 'NONE', #4705, 1000.000000000000000 ) ;
#5220 = ORIENTED_EDGE ( 'NONE', *, *, #3714, .F. ) ;
#5221 = EDGE_CURVE ( 'NONE', #5857, #1935, #4394, .T. ) ;
#5222 = CARTESIAN_POINT ( 'NONE',  ( 6.700000000000000178, 7.500000000000000000, 0.3499999999999999778 ) ) ;
#5223 = MECHANICAL_DESIGN_GEOMETRIC_PRESENTATION_REPRESENTATION (  '', ( #4223 ), #2548 ) ;
#5224 = VECTOR ( 'NONE', #5892, 1000.000000000000114 ) ;
#5225 = VERTEX_POINT ( 'NONE', #1653 ) ;
#5226 = DIRECTION ( 'NONE',  ( 0.0000000000000000000, 0.0000000000000000000, -1.000000000000000000 ) ) ;
#5227 = VERTEX_POINT ( 'NONE', #4342 ) ;
#5228 =( GEOMETRIC_REPRESENTATION_CONTEXT ( 3 ) GLOBAL_UNCERTAINTY_ASSIGNED_CONTEXT ( ( #923 ) ) GLOBAL_UNIT_ASSIGNED_CONTEXT ( ( #2177, #6311, #851 ) ) REPRESENTATION_CONTEXT ( 'NONE', 'WORKASPACE' ) );
#5229 =( GEOMETRIC_REPRESENTATION_CONTEXT ( 3 ) GLOBAL_UNCERTAINTY_ASSIGNED_CONTEXT ( ( #6277 ) ) GLOBAL_UNIT_ASSIGNED_CONTEXT ( ( #1797, #8060, #4869 ) ) REPRESENTATION_CONTEXT ( 'NONE', 'WORKASPACE' ) );
#5230 = PRESENTATION_STYLE_ASSIGNMENT (( #1176 ) ) ;
#5231 = CARTESIAN_POINT ( 'NONE',  ( -3.084999999999999964, 7.500000000000000000, 0.0000000000000000000 ) ) ;
#5232 = PLANE ( 'NONE',  #2427 ) ;
#5233 = DIRECTION ( 'NONE',  ( -0.0000000000000000000, -1.000000000000000000, -0.0000000000000000000 ) ) ;
#5234 = ORIENTED_EDGE ( 'NONE', *, *, #7167, .F. ) ;
#5235 = VECTOR ( 'NONE', #5218, 1000.000000000000000 ) ;
#5236 = CARTESIAN_POINT ( 'NONE',  ( 5.549999999999998934, 8.500000000000000000, -0.8000000000000007105 ) ) ;
#5237 = DIRECTION ( 'NONE',  ( 0.0000000000000000000, 0.0000000000000000000, -1.000000000000000000 ) ) ;
#5238 = EDGE_CURVE ( 'NONE', #5830, #257, #6995, .T. ) ;
#5239 = DIRECTION ( 'NONE',  ( 0.0000000000000000000, 1.000000000000000000, 0.0000000000000000000 ) ) ;
#5240 = CARTESIAN_POINT ( 'NONE',  ( -4.110000000000001208, 0.5000000000000000000, 0.7500000000000000000 ) ) ;
#5241 = VECTOR ( 'NONE', #1255, 1000.000000000000000 ) ;
#5242 = DIRECTION ( 'NONE',  ( 0.0000000000000000000, 0.0000000000000000000, -1.000000000000000000 ) ) ;
#5243 = LINE ( 'NONE', #1976, #2471 ) ;
#5244 = CARTESIAN_POINT ( 'NONE',  ( -1.270000000000000018, 8.199999999999999289, 0.4999999999999993339 ) ) ;
#5245 = ORIENTED_EDGE ( 'NONE', *, *, #3773, .F. ) ;
#5246 = EDGE_LOOP ( 'NONE', ( #6866, #4407, #1604, #20 ) ) ;
#5247 = SURFACE_STYLE_USAGE ( .BOTH. , #2436 ) ;
#5248 = VECTOR ( 'NONE', #5737, 1000.000000000000000 ) ;
#5249 = EDGE_CURVE ( 'NONE', #1666, #3583, #6412, .T. ) ;
#5250 = DIRECTION ( 'NONE',  ( 1.000000000000000000, -0.0000000000000000000, 0.0000000000000000000 ) ) ;
#5251 = VERTEX_POINT ( 'NONE', #5704 ) ;
#5252 = CARTESIAN_POINT ( 'NONE',  ( -3.660000000000000142, -3.000000000000000000, 0.2000000000000000111 ) ) ;
#5253 = AXIS2_PLACEMENT_3D ( 'NONE', #8678, #5128, #7829 ) ;
#5254 = VERTEX_POINT ( 'NONE', #8523 ) ;
#5255 = LINE ( 'NONE', #3857, #4831 ) ;
#5256 = ORIENTED_EDGE ( 'NONE', *, *, #2425, .F. ) ;
#5257 = LINE ( 'NONE', #3188, #4521 ) ;
#5258 = PRESENTATION_STYLE_ASSIGNMENT (( #3190 ) ) ;
#5259 = MECHANICAL_DESIGN_GEOMETRIC_PRESENTATION_REPRESENTATION (  '', ( #1583 ), #332 ) ;
#5260 = ADVANCED_FACE ( 'NONE', ( #1923 ), #2011, .F. ) ;
#5261 = UNCERTAINTY_MEASURE_WITH_UNIT (LENGTH_MEASURE( 1.000000000000000082E-05 ), #403, 'distance_accuracy_value', 'NONE');
#5262 = EDGE_CURVE ( 'NONE', #4476, #1608, #1834, .T. ) ;
#5263 = LINE ( 'NONE', #1867, #786 ) ;
#5264 = EDGE_LOOP ( 'NONE', ( #7277, #2833, #4691, #4621, #8692, #451 ) ) ;
#5265 = FILL_AREA_STYLE ('',( #7883 ) ) ;
#5266 = EDGE_LOOP ( 'NONE', ( #8601, #1245, #111, #1517 ) ) ;
#5267 = DIRECTION ( 'NONE',  ( 1.000000000000000000, 0.0000000000000000000, 0.0000000000000000000 ) ) ;
#5268 = VECTOR ( 'NONE', #3003, 1000.000000000000000 ) ;
#5269 = VERTEX_POINT ( 'NONE', #1295 ) ;
#5270 = DIRECTION ( 'NONE',  ( -1.000000000000000000, -0.0000000000000000000, 0.0000000000000000000 ) ) ;
#5271 = ORIENTED_EDGE ( 'NONE', *, *, #401, .F. ) ;
#5272 = ADVANCED_FACE ( 'NONE', ( #1217 ), #7133, .F. ) ;
#5273 = PRESENTATION_LAYER_ASSIGNMENT (  '', '', ( #7917 ) ) ;
#5274 = LINE ( 'NONE', #8654, #198 ) ;
#5275 = CARTESIAN_POINT ( 'NONE',  ( 9.040000000000006253, -3.000000000000002665, -0.2000000000000000944 ) ) ;
#5276 = DIRECTION ( 'NONE',  ( -0.0000000000000000000, -0.0000000000000000000, 1.000000000000000000 ) ) ;
#5277 = LINE ( 'NONE', #7939, #3840 ) ;
#5278 = SURFACE_SIDE_STYLE ('',( #3879 ) ) ;
#5279 = CARTESIAN_POINT ( 'NONE',  ( -10.41000000000000014, 0.0000000000000000000, 0.7500000000000000000 ) ) ;
#5280 = COLOUR_RGB ( '',0.1568627450980392135, 0.1568627450980392135, 0.1568627450980392135 ) ;
#5281 = VECTOR ( 'NONE', #2809, 1000.000000000000000 ) ;
#5282 = VERTEX_POINT ( 'NONE', #5920 ) ;
#5283 = SURFACE_SIDE_STYLE ('',( #1504 ) ) ;
#5284 = DIRECTION ( 'NONE',  ( 0.0000000000000000000, 0.0000000000000000000, -1.000000000000000000 ) ) ;
#5285 = VECTOR ( 'NONE', #2362, 1000.000000000000000 ) ;
#5286 = DIRECTION ( 'NONE',  ( 1.000000000000000000, -0.0000000000000000000, 0.0000000000000000000 ) ) ;
#5287 = SURFACE_STYLE_FILL_AREA ( #2600 ) ;
#5288 = VECTOR ( 'NONE', #7533, 1000.000000000000000 ) ;
#5289 = CARTESIAN_POINT ( 'NONE',  ( -10.41000000000000014, 0.0000000000000000000, 1.270000000000000018 ) ) ;
#5290 = LINE ( 'NONE', #5408, #4578 ) ;
#5291 = ORIENTED_EDGE ( 'NONE', *, *, #5262, .F. ) ;
#5292 = PLANE ( 'NONE',  #6461 ) ;
#5293 = EDGE_CURVE ( 'NONE', #5583, #5331, #5321, .T. ) ;
#5294 = EDGE_LOOP ( 'NONE', ( #1543, #1015, #5006, #5938, #8033, #1445 ) ) ;
#5295 = VECTOR ( 'NONE', #4319, 1000.000000000000000 ) ;
#5296 = ORIENTED_EDGE ( 'NONE', *, *, #3872, .T. ) ;
#5297 =( LENGTH_UNIT ( ) NAMED_UNIT ( * ) SI_UNIT ( .MILLI., .METRE. ) );
#5298 = SURFACE_STYLE_USAGE ( .BOTH. , #3896 ) ;
#5299 = PLANE ( 'NONE',  #6609 ) ;
#5300 = LINE ( 'NONE', #7959, #3602 ) ;
#5301 = ORIENTED_EDGE ( 'NONE', *, *, #6112, .T. ) ;
#5302 = VECTOR ( 'NONE', #1396, 1000.000000000000000 ) ;
#5303 = CARTESIAN_POINT ( 'NONE',  ( 3.084999999999999964, 7.500000000000000000, 0.0000000000000000000 ) ) ;
#5304 = ORIENTED_EDGE ( 'NONE', *, *, #311, .T. ) ;
#5305 = FILL_AREA_STYLE_COLOUR ( '', #3711 ) ;
#5306 = EDGE_CURVE ( 'NONE', #6487, #1367, #6661, .T. ) ;
#5307 = VERTEX_POINT ( 'NONE', #7307 ) ;
#5308 = VECTOR ( 'NONE', #5706, 1000.000000000000000 ) ;
#5309 = CARTESIAN_POINT ( 'NONE',  ( -3.310000000000000053, 7.500000000000000000, -0.5000000000000000000 ) ) ;
#5310 = VERTEX_POINT ( 'NONE', #7262 ) ;
#5311 = PLANE ( 'NONE',  #1191 ) ;
#5312 = LINE ( 'NONE', #8648, #3843 ) ;
#5313 = VERTEX_POINT ( 'NONE', #7978 ) ;
#5314 = CARTESIAN_POINT ( 'NONE',  ( 4.534999999999999254, 0.5000000000000000000, -0.7500000000000000000 ) ) ;
#5315 = EDGE_CURVE ( 'NONE', #3327, #1413, #3999, .T. ) ;
#5316 = ADVANCED_FACE ( 'NONE', ( #4616 ), #1130, .F. ) ;
#5317 = VERTEX_POINT ( 'NONE', #4659 ) ;
#5318 = CARTESIAN_POINT ( 'NONE',  ( -3.009999999999999343, 8.500000000000000000, 0.8000000000000005995 ) ) ;
#5319 = VERTEX_POINT ( 'NONE', #7225 ) ;
#5320 = CARTESIAN_POINT ( 'NONE',  ( -3.310000000000000941, 8.199999999999999289, 0.0000000000000000000 ) ) ;
#5321 = LINE ( 'NONE', #5184, #3042 ) ;
#5322 = DIRECTION ( 'NONE',  ( 0.0000000000000000000, 0.0000000000000000000, -1.000000000000000000 ) ) ;
#5323 = EDGE_CURVE ( 'NONE', #1361, #1687, #6496, .T. ) ;
#5324 = ORIENTED_EDGE ( 'NONE', *, *, #7655, .F. ) ;
#5325 = CARTESIAN_POINT ( 'NONE',  ( 8.089999999999999858, 8.500000000000000000, 0.8000000000000004885 ) ) ;
#5326 = DIRECTION ( 'NONE',  ( -0.0000000000000000000, -1.000000000000000000, -0.0000000000000000000 ) ) ;
#5327 = CARTESIAN_POINT ( 'NONE',  ( 8.390000000000000568, 7.500000000000000000, 0.5000000000000000000 ) ) ;
#5328 = ORIENTED_EDGE ( 'NONE', *, *, #5155, .F. ) ;
#5329 = FACE_OUTER_BOUND ( 'NONE', #5049, .T. ) ;
#5330 = EDGE_CURVE ( 'NONE', #4763, #4033, #2542, .T. ) ;
#5331 = VERTEX_POINT ( 'NONE', #7846 ) ;
#5332 = ORIENTED_EDGE ( 'NONE', *, *, #1116, .F. ) ;
#5333 = UNCERTAINTY_MEASURE_WITH_UNIT (LENGTH_MEASURE( 1.000000000000000082E-05 ), #3908, 'distance_accuracy_value', 'NONE');
#5334 = FACE_OUTER_BOUND ( 'NONE', #344, .T. ) ;
#5335 = CARTESIAN_POINT ( 'NONE',  ( 3.459999999999999964, 7.500000000000000000, 0.3499999999999999778 ) ) ;
#5336 = DIRECTION ( 'NONE',  ( -0.0000000000000000000, 0.0000000000000000000, -1.000000000000000000 ) ) ;
#5337 = DIRECTION ( 'NONE',  ( -0.2873478855663468279, 0.9578262852211509859, 0.0000000000000000000 ) ) ;
#5338 = DIRECTION ( 'NONE',  ( -1.000000000000000000, 0.0000000000000000000, -0.0000000000000000000 ) ) ;
#5339 = VECTOR ( 'NONE', #7021, 1000.000000000000000 ) ;
#5340 = ORIENTED_EDGE ( 'NONE', *, *, #1892, .T. ) ;
#5341 = CARTESIAN_POINT ( 'NONE',  ( -1.995000000000000329, 0.5000000000000000000, 0.7500000000000000000 ) ) ;
#5342 = VERTEX_POINT ( 'NONE', #6538 ) ;
#5343 = MECHANICAL_DESIGN_GEOMETRIC_PRESENTATION_REPRESENTATION (  '', ( #6169 ), #7855 ) ;
#5344 = EDGE_CURVE ( 'NONE', #7691, #1912, #8562, .T. ) ;
#5345 = CARTESIAN_POINT ( 'NONE',  ( -10.41000000000000014, 0.0000000000000000000, -1.270000000000000018 ) ) ;
#5346 = LINE ( 'NONE', #3480, #6127 ) ;
#5347 = ORIENTED_EDGE ( 'NONE', *, *, #820, .T. ) ;
#5348 = SURFACE_STYLE_USAGE ( .BOTH. , #2660 ) ;
#5349 = DIRECTION ( 'NONE',  ( -1.000000000000000000, -0.0000000000000000000, 0.0000000000000000000 ) ) ;
#5350 = VERTEX_POINT ( 'NONE', #1422 ) ;
#5351 = CARTESIAN_POINT ( 'NONE',  ( 4.559999999999999609, 0.5000000000000000000, 0.7500000000000000000 ) ) ;
#5352 = MECHANICAL_DESIGN_GEOMETRIC_PRESENTATION_REPRESENTATION (  '', ( #8141 ), #7720 ) ;
#5353 = ORIENTED_EDGE ( 'NONE', *, *, #920, .F. ) ;
#5354 = ORIENTED_EDGE ( 'NONE', *, *, #6479, .F. ) ;
#5355 = EDGE_CURVE ( 'NONE', #382, #934, #6700, .T. ) ;
#5356 = CARTESIAN_POINT ( 'NONE',  ( -6.650000000000000355, 0.0000000000000000000, 0.0000000000000000000 ) ) ;
#5357 =( LENGTH_UNIT ( ) NAMED_UNIT ( * ) SI_UNIT ( .MILLI., .METRE. ) );
#5358 = FILL_AREA_STYLE_COLOUR ( '', #5932 ) ;
#5359 = VECTOR ( 'NONE', #1486, 1000.000000000000000 ) ;
#5360 = ORIENTED_EDGE ( 'NONE', *, *, #2179, .F. ) ;
#5361 =( GEOMETRIC_REPRESENTATION_CONTEXT ( 3 ) GLOBAL_UNCERTAINTY_ASSIGNED_CONTEXT ( ( #744 ) ) GLOBAL_UNIT_ASSIGNED_CONTEXT ( ( #389, #5389, #1372 ) ) REPRESENTATION_CONTEXT ( 'NONE', 'WORKASPACE' ) );
#5362 = COLOUR_RGB ( '',0.1568627450980392135, 0.1568627450980392135, 0.1568627450980392135 ) ;
#5363 =( GEOMETRIC_REPRESENTATION_CONTEXT ( 3 ) GLOBAL_UNCERTAINTY_ASSIGNED_CONTEXT ( ( #8681 ) ) GLOBAL_UNIT_ASSIGNED_CONTEXT ( ( #3977, #2728, #7402 ) ) REPRESENTATION_CONTEXT ( 'NONE', 'WORKASPACE' ) );
#5364 = ADVANCED_FACE ( 'NONE', ( #7434 ), #156, .T. ) ;
#5365 = EDGE_CURVE ( 'NONE', #6576, #4904, #3539, .T. ) ;
#5366 = CARTESIAN_POINT ( 'NONE',  ( 3.659999999999996589, -3.000000000000000888, 0.2000000000000000389 ) ) ;
#5367 = FACE_OUTER_BOUND ( 'NONE', #116, .T. ) ;
#5368 = DIRECTION ( 'NONE',  ( 0.0000000000000000000, 1.000000000000000000, 0.0000000000000000000 ) ) ;
#5369 = ORIENTED_EDGE ( 'NONE', *, *, #8689, .F. ) ;
#5370 = VECTOR ( 'NONE', #1835, 1000.000000000000000 ) ;
#5371 = SURFACE_STYLE_USAGE ( .BOTH. , #5413 ) ;
#5372 = COLOUR_RGB ( '',0.1568627450980392135, 0.1568627450980392135, 0.1568627450980392135 ) ;
#5373 = ADVANCED_FACE ( 'NONE', ( #6223 ), #3411, .F. ) ;
#5374 =( NAMED_UNIT ( * ) PLANE_ANGLE_UNIT ( ) SI_UNIT ( $, .RADIAN. ) );
#5375 = FILL_AREA_STYLE_COLOUR ( '', #8005 ) ;
#5376 = CARTESIAN_POINT ( 'NONE',  ( 0.5199999999999996847, 0.5000000000000000000, 0.7500000000000000000 ) ) ;
#5377 = VERTEX_POINT ( 'NONE', #7389 ) ;
#5378 = DIRECTION ( 'NONE',  ( 1.000000000000000000, -0.0000000000000000000, 0.0000000000000000000 ) ) ;
#5379 = SURFACE_STYLE_FILL_AREA ( #588 ) ;
#5380 = VECTOR ( 'NONE', #5970, 1000.000000000000000 ) ;
#5381 = ORIENTED_EDGE ( 'NONE', *, *, #3872, .F. ) ;
#5382 = VECTOR ( 'NONE', #6405, 1000.000000000000000 ) ;
#5383 = DIRECTION ( 'NONE',  ( 0.0000000000000000000, 0.0000000000000000000, -1.000000000000000000 ) ) ;
#5384 = DIRECTION ( 'NONE',  ( 0.0000000000000000000, 1.000000000000000000, -0.0000000000000000000 ) ) ;
#5385 = ORIENTED_EDGE ( 'NONE', *, *, #638, .F. ) ;
#5386 = DIRECTION ( 'NONE',  ( 0.0000000000000000000, -1.000000000000000000, 0.0000000000000000000 ) ) ;
#5387 = CARTESIAN_POINT ( 'NONE',  ( -3.084999999999999964, 7.500000000000000000, -0.7500000000000000000 ) ) ;
#5388 = EDGE_LOOP ( 'NONE', ( #4551, #5993, #1250, #331, #2981, #2624 ) ) ;
#5389 =( NAMED_UNIT ( * ) PLANE_ANGLE_UNIT ( ) SI_UNIT ( $, .RADIAN. ) );
#5390 = ORIENTED_EDGE ( 'NONE', *, *, #1345, .F. ) ;
#5391 = ADVANCED_FACE ( 'NONE', ( #6140 ), #2134, .F. ) ;
#5392 = VECTOR ( 'NONE', #1157, 1000.000000000000000 ) ;
#5393 =( NAMED_UNIT ( * ) PLANE_ANGLE_UNIT ( ) SI_UNIT ( $, .RADIAN. ) );
#5394 = ORIENTED_EDGE ( 'NONE', *, *, #4337, .F. ) ;
#5395 = FACE_OUTER_BOUND ( 'NONE', #3540, .T. ) ;
#5396 = SURFACE_STYLE_FILL_AREA ( #72 ) ;
#5397 = CARTESIAN_POINT ( 'NONE',  ( 0.7700000000000000178, 8.500000000000000000, 0.5000000000000000000 ) ) ;
#5398 = FACE_BOUND ( 'NONE', #2795, .T. ) ;
#5399 = AXIS2_PLACEMENT_3D ( 'NONE', #6746, #6103, #80 ) ;
#5400 = DIRECTION ( 'NONE',  ( -0.2873478855663468279, 0.9578262852211509859, 0.0000000000000000000 ) ) ;
#5401 = PLANE ( 'NONE',  #6175 ) ;
#5402 = EDGE_LOOP ( 'NONE', ( #4926, #7118, #2173, #804 ) ) ;
#5403 = EDGE_CURVE ( 'NONE', #4687, #7875, #8103, .T. ) ;
#5404 = PRESENTATION_LAYER_ASSIGNMENT (  '', '', ( #1188 ) ) ;
#5405 = CARTESIAN_POINT ( 'NONE',  ( 9.615000000000000213, 7.500000000000000000, 0.0000000000000000000 ) ) ;
#5406 = CARTESIAN_POINT ( 'NONE',  ( 4.309999999999999609, 8.199999999999999289, 0.5000000000000000000 ) ) ;
#5407 = LINE ( 'NONE', #37, #8290 ) ;
#5408 = CARTESIAN_POINT ( 'NONE',  ( 6.850000000000000533, 8.199999999999999289, 0.0000000000000000000 ) ) ;
#5409 = AXIS2_PLACEMENT_3D ( 'NONE', #58, #2124, #6037 ) ;
#5410 = COLOUR_RGB ( '',0.1568627450980392135, 0.1568627450980392135, 0.1568627450980392135 ) ;
#5411 = ORIENTED_EDGE ( 'NONE', *, *, #2088, .F. ) ;
#5412 = EDGE_CURVE ( 'NONE', #4820, #5565, #4157, .T. ) ;
#5413 = SURFACE_SIDE_STYLE ('',( #8710 ) ) ;
#5414 = VECTOR ( 'NONE', #1347, 1000.000000000000114 ) ;
#5415 = UNCERTAINTY_MEASURE_WITH_UNIT (LENGTH_MEASURE( 1.000000000000000082E-05 ), #439, 'distance_accuracy_value', 'NONE');
#5416 = CARTESIAN_POINT ( 'NONE',  ( 9.189999999999994174, -2.499999999999998224, 0.2000000000000000944 ) ) ;
#5417 = CARTESIAN_POINT ( 'NONE',  ( 6.049999999999999822, -2.500000000000000000, 0.2000000000000000111 ) ) ;
#5418 = ORIENTED_EDGE ( 'NONE', *, *, #3191, .T. ) ;
#5419 = SURFACE_STYLE_FILL_AREA ( #7328 ) ;
#5420 = DIRECTION ( 'NONE',  ( -0.0000000000000000000, -0.0000000000000000000, 1.000000000000000000 ) ) ;
#5421 =( GEOMETRIC_REPRESENTATION_CONTEXT ( 3 ) GLOBAL_UNCERTAINTY_ASSIGNED_CONTEXT ( ( #823 ) ) GLOBAL_UNIT_ASSIGNED_CONTEXT ( ( #5555, #6222, #3623 ) ) REPRESENTATION_CONTEXT ( 'NONE', 'WORKASPACE' ) );
#5422 = VECTOR ( 'NONE', #2976, 1000.000000000000000 ) ;
#5423 = ADVANCED_FACE ( 'NONE', ( #3071 ), #3024, .F. ) ;
#5424 = ORIENTED_EDGE ( 'NONE', *, *, #5617, .F. ) ;
#5425 = UNCERTAINTY_MEASURE_WITH_UNIT (LENGTH_MEASURE( 1.000000000000000082E-05 ), #8242, 'distance_accuracy_value', 'NONE');
#5426 = VECTOR ( 'NONE', #6840, 1000.000000000000000 ) ;
#5427 = CARTESIAN_POINT ( 'NONE',  ( -6.049999999999999822, -3.000000000000000000, -0.2000000000000000111 ) ) ;
#5428 = DIRECTION ( 'NONE',  ( -0.0000000000000000000, -1.000000000000000000, -0.0000000000000000000 ) ) ;
#5429 = EDGE_LOOP ( 'NONE', ( #5914, #3355, #5825, #6941 ) ) ;
#5430 = SURFACE_STYLE_USAGE ( .BOTH. , #1368 ) ;
#5431 = LINE ( 'NONE', #8138, #8669 ) ;
#5432 = ORIENTED_EDGE ( 'NONE', *, *, #4181, .T. ) ;
#5433 = EDGE_CURVE ( 'NONE', #2166, #3341, #5734, .T. ) ;
#5434 = VECTOR ( 'NONE', #494, 1000.000000000000000 ) ;
#5435 = VERTEX_POINT ( 'NONE', #5007 ) ;
#5436 = VERTEX_POINT ( 'NONE', #4424 ) ;
#5437 =( NAMED_UNIT ( * ) SI_UNIT ( $, .STERADIAN. ) SOLID_ANGLE_UNIT ( ) );
#5438 =( NAMED_UNIT ( * ) SI_UNIT ( $, .STERADIAN. ) SOLID_ANGLE_UNIT ( ) );
#5439 = COLOUR_RGB ( '',0.1568627450980392135, 0.1568627450980392135, 0.1568627450980392135 ) ;
#5440 = PLANE ( 'NONE',  #4383 ) ;
#5441 = LINE ( 'NONE', #771, #4688 ) ;
#5442 = FILL_AREA_STYLE ('',( #4077 ) ) ;
#5443 = VERTEX_POINT ( 'NONE', #4908 ) ;
#5444 = LINE ( 'NONE', #8427, #1595 ) ;
#5445 = CARTESIAN_POINT ( 'NONE',  ( 8.089999999999999858, 8.500000000000010658, -0.7999999999999900524 ) ) ;
#5446 = EDGE_CURVE ( 'NONE', #1471, #1643, #7659, .T. ) ;
#5447 =( LENGTH_UNIT ( ) NAMED_UNIT ( * ) SI_UNIT ( .MILLI., .METRE. ) );
#5448 =( NAMED_UNIT ( * ) SI_UNIT ( $, .STERADIAN. ) SOLID_ANGLE_UNIT ( ) );
#5449 = ORIENTED_EDGE ( 'NONE', *, *, #8259, .F. ) ;
#5450 = SURFACE_STYLE_FILL_AREA ( #3304 ) ;
#5451 = SURFACE_STYLE_USAGE ( .BOTH. , #5056 ) ;
#5452 =( NAMED_UNIT ( * ) PLANE_ANGLE_UNIT ( ) SI_UNIT ( $, .RADIAN. ) );
#5453 = EDGE_CURVE ( 'NONE', #5958, #1126, #6945, .T. ) ;
#5454 = SURFACE_SIDE_STYLE ('',( #7281 ) ) ;
#5455 = EDGE_CURVE ( 'NONE', #3285, #5112, #250, .T. ) ;
#5456 = DIRECTION ( 'NONE',  ( -1.000000000000000000, 0.0000000000000000000, -0.0000000000000000000 ) ) ;
#5457 = ORIENTED_EDGE ( 'NONE', *, *, #6880, .T. ) ;
#5458 = CARTESIAN_POINT ( 'NONE',  ( 3.459999999999999964, 0.9000000000000001332, -0.3499999999999999778 ) ) ;
#5459 = VERTEX_POINT ( 'NONE', #4960 ) ;
#5460 = PLANE ( 'NONE',  #5130 ) ;
#5461 = EDGE_CURVE ( 'NONE', #1198, #3266, #3625, .T. ) ;
#5462 = EDGE_CURVE ( 'NONE', #2872, #6934, #4381, .T. ) ;
#5463 = PRESENTATION_STYLE_ASSIGNMENT (( #2122 ) ) ;
#5464 = EDGE_LOOP ( 'NONE', ( #7913, #7286, #8610, #4430 ) ) ;
#5465 = FACE_OUTER_BOUND ( 'NONE', #2646, .T. ) ;
#5466 = ORIENTED_EDGE ( 'NONE', *, *, #1765, .T. ) ;
#5467 = PLANE ( 'NONE',  #479 ) ;
#5468 = ORIENTED_EDGE ( 'NONE', *, *, #2077, .F. ) ;
#5469 = ORIENTED_EDGE ( 'NONE', *, *, #5806, .F. ) ;
#5470 =( NAMED_UNIT ( * ) SI_UNIT ( $, .STERADIAN. ) SOLID_ANGLE_UNIT ( ) );
#5471 = ORIENTED_EDGE ( 'NONE', *, *, #4062, .F. ) ;
#5472 =( LENGTH_UNIT ( ) NAMED_UNIT ( * ) SI_UNIT ( .MILLI., .METRE. ) );
#5473 = VECTOR ( 'NONE', #6459, 1000.000000000000000 ) ;
#5474 = EDGE_CURVE ( 'NONE', #2320, #5377, #6268, .T. ) ;
#5475 = DIRECTION ( 'NONE',  ( 0.7071067811865475727, 0.7071067811865475727, 0.0000000000000000000 ) ) ;
#5476 =( LENGTH_UNIT ( ) NAMED_UNIT ( * ) SI_UNIT ( .MILLI., .METRE. ) );
#5477 = LINE ( 'NONE', #4782, #3973 ) ;
#5478 = FACE_OUTER_BOUND ( 'NONE', #1773, .T. ) ;
#5479 = LINE ( 'NONE', #4830, #2685 ) ;
#5480 = ORIENTED_EDGE ( 'NONE', *, *, #1173, .F. ) ;
#5481 = VERTEX_POINT ( 'NONE', #4331 ) ;
#5482 = AXIS2_PLACEMENT_3D ( 'NONE', #5573, #8211, #2899 ) ;
#5483 = PRESENTATION_LAYER_ASSIGNMENT (  '', '', ( #705 ) ) ;
#5484 = CARTESIAN_POINT ( 'NONE',  ( 8.164999999999999147, 7.500000000000000000, -0.7500000000000000000 ) ) ;
#5485 = CARTESIAN_POINT ( 'NONE',  ( 3.810000000000000053, 8.199999999999999289, 0.4999999999999993339 ) ) ;
#5486 = CARTESIAN_POINT ( 'NONE',  ( 6.650000000000000355, 0.0000000000000000000, 0.0000000000000000000 ) ) ;
#5487 = LINE ( 'NONE', #7537, #6852 ) ;
#5488 = MECHANICAL_DESIGN_GEOMETRIC_PRESENTATION_REPRESENTATION (  '', ( #4371 ), #441 ) ;
#5489 = VERTEX_POINT ( 'NONE', #7751 ) ;
#5490 = VECTOR ( 'NONE', #5528, 1000.000000000000000 ) ;
#5491 = ADVANCED_FACE ( 'NONE', ( #383 ), #423, .F. ) ;
#5492 = SURFACE_SIDE_STYLE ('',( #3470 ) ) ;
#5493 = UNCERTAINTY_MEASURE_WITH_UNIT (LENGTH_MEASURE( 1.000000000000000082E-05 ), #3924, 'distance_accuracy_value', 'NONE');
#5494 = DIRECTION ( 'NONE',  ( 0.0000000000000000000, 0.0000000000000000000, -1.000000000000000000 ) ) ;
#5495 = VECTOR ( 'NONE', #4343, 1000.000000000000000 ) ;
#5496 = CARTESIAN_POINT ( 'NONE',  ( -4.160000000000000142, 0.0000000000000000000, 0.0000000000000000000 ) ) ;
#5497 = PLANE ( 'NONE',  #3461 ) ;
#5498 = VECTOR ( 'NONE', #8181, 1000.000000000000114 ) ;
#5499 = CARTESIAN_POINT ( 'NONE',  ( -8.890000000000000568, 8.199999999999999289, -0.4999999999999993339 ) ) ;
#5500 = LINE ( 'NONE', #4135, #8571 ) ;
#5501 = VERTEX_POINT ( 'NONE', #5650 ) ;
#5502 = ADVANCED_FACE ( 'NONE', ( #1075 ), #2216, .T. ) ;
#5503 = AXIS2_PLACEMENT_3D ( 'NONE', #312, #7102, #400 ) ;
#5504 = CARTESIAN_POINT ( 'NONE',  ( 9.189999999999999503, -2.500000000000000000, 0.0000000000000000000 ) ) ;
#5505 = ORIENTED_EDGE ( 'NONE', *, *, #3609, .T. ) ;
#5506 = SURFACE_STYLE_FILL_AREA ( #7381 ) ;
#5507 = LINE ( 'NONE', #3443, #7410 ) ;
#5508 = VECTOR ( 'NONE', #5662, 1000.000000000000000 ) ;
#5509 = ORIENTED_EDGE ( 'NONE', *, *, #375, .T. ) ;
#5510 = EDGE_LOOP ( 'NONE', ( #4103, #748, #4828, #2395 ) ) ;
#5511 = EDGE_CURVE ( 'NONE', #3246, #2839, #8279, .T. ) ;
#5512 = EDGE_CURVE ( 'NONE', #8385, #5129, #7611, .T. ) ;
#5513 = ORIENTED_EDGE ( 'NONE', *, *, #7830, .F. ) ;
#5514 = LINE ( 'NONE', #5236, #593 ) ;
#5515 = VECTOR ( 'NONE', #5400, 1000.000000000000114 ) ;
#5516 = CARTESIAN_POINT ( 'NONE',  ( 7.100000000000000533, 0.5000000000000000000, 0.7500000000000000000 ) ) ;
#5517 =( NAMED_UNIT ( * ) SI_UNIT ( $, .STERADIAN. ) SOLID_ANGLE_UNIT ( ) );
#5518 = LINE ( 'NONE', #4744, #1850 ) ;
#5519 = ORIENTED_EDGE ( 'NONE', *, *, #4336, .F. ) ;
#5520 = PRESENTATION_STYLE_ASSIGNMENT (( #2840 ) ) ;
#5521 = CARTESIAN_POINT ( 'NONE',  ( 6.000000000000000000, 7.500000000000000000, -0.7500000000000000000 ) ) ;
#5522 = VECTOR ( 'NONE', #8502, 1000.000000000000000 ) ;
#5523 = EDGE_CURVE ( 'NONE', #2878, #1772, #4287, .T. ) ;
#5524 = EDGE_LOOP ( 'NONE', ( #5234, #7079, #2733, #547 ) ) ;
#5525 = VECTOR ( 'NONE', #3419, 1000.000000000000000 ) ;
#5526 = LINE ( 'NONE', #1385, #3561 ) ;
#5527 = FILL_AREA_STYLE_COLOUR ( '', #1759 ) ;
#5528 = DIRECTION ( 'NONE',  ( 0.0000000000000000000, 1.000000000000000000, -0.0000000000000000000 ) ) ;
#5529 = DIRECTION ( 'NONE',  ( 0.0000000000000000000, -1.000000000000000000, 0.0000000000000000000 ) ) ;
#5530 = PRESENTATION_LAYER_ASSIGNMENT (  '', '', ( #626 ) ) ;
#5531 = ORIENTED_EDGE ( 'NONE', *, *, #1474, .T. ) ;
#5532 = CARTESIAN_POINT ( 'NONE',  ( -3.459999999999999964, 0.9000000000000001332, -0.3499999999999999778 ) ) ;
#5533 = DIRECTION ( 'NONE',  ( -0.2873478855663468279, -0.9578262852211509859, 0.0000000000000000000 ) ) ;
#5534 = VECTOR ( 'NONE', #3345, 1000.000000000000000 ) ;
#5535 = CARTESIAN_POINT ( 'NONE',  ( -4.110000000000001208, 0.0000000000000000000, -0.2000000000000000111 ) ) ;
#5536 = DIRECTION ( 'NONE',  ( 0.0000000000000000000, 0.0000000000000000000, -1.000000000000000000 ) ) ;
#5537 =( NAMED_UNIT ( * ) SI_UNIT ( $, .STERADIAN. ) SOLID_ANGLE_UNIT ( ) );
#5538 = ORIENTED_EDGE ( 'NONE', *, *, #666, .F. ) ;
#5539 = VECTOR ( 'NONE', #4671, 1000.000000000000000 ) ;
#5540 = CARTESIAN_POINT ( 'NONE',  ( 8.390000000000002345, 8.199999999999997513, -0.5000000000000014433 ) ) ;
#5541 = DIRECTION ( 'NONE',  ( -1.000000000000000000, -0.0000000000000000000, 0.0000000000000000000 ) ) ;
#5542 = AXIS2_PLACEMENT_3D ( 'NONE', #1645, #6266, #2927 ) ;
#5543 = DIRECTION ( 'NONE',  ( 0.0000000000000000000, 0.0000000000000000000, -1.000000000000000000 ) ) ;
#5544 = VECTOR ( 'NONE', #1952, 1000.000000000000000 ) ;
#5545 = EDGE_CURVE ( 'NONE', #6982, #5549, #292, .T. ) ;
#5546 = SURFACE_STYLE_FILL_AREA ( #3011 ) ;
#5547 = ORIENTED_EDGE ( 'NONE', *, *, #6780, .F. ) ;
#5548 = PRESENTATION_STYLE_ASSIGNMENT (( #4737 ) ) ;
#5549 = VERTEX_POINT ( 'NONE', #7700 ) ;
#5550 = ORIENTED_EDGE ( 'NONE', *, *, #7217, .T. ) ;
#5551 = SURFACE_SIDE_STYLE ('',( #7695 ) ) ;
#5552 = VERTEX_POINT ( 'NONE', #8331 ) ;
#5553 = VECTOR ( 'NONE', #4365, 1000.000000000000000 ) ;
#5554 = LINE ( 'NONE', #3621, #699 ) ;
#5555 =( LENGTH_UNIT ( ) NAMED_UNIT ( * ) SI_UNIT ( .MILLI., .METRE. ) );
#5556 = EDGE_LOOP ( 'NONE', ( #6604, #718, #205, #5949 ) ) ;
#5557 = FILL_AREA_STYLE ('',( #6817 ) ) ;
#5558 = SURFACE_STYLE_USAGE ( .BOTH. , #981 ) ;
#5559 = EDGE_CURVE ( 'NONE', #3680, #3215, #2313, .T. ) ;
#5560 = EDGE_CURVE ( 'NONE', #5269, #7320, #1027, .T. ) ;
#5561 = ORIENTED_EDGE ( 'NONE', *, *, #6006, .F. ) ;
#5562 = DIRECTION ( 'NONE',  ( -0.5773502691896245098, -0.5773502691896278405, 0.5773502691896250649 ) ) ;
#5563 = VECTOR ( 'NONE', #2772, 1000.000000000000000 ) ;
#5564 =( NAMED_UNIT ( * ) PLANE_ANGLE_UNIT ( ) SI_UNIT ( $, .RADIAN. ) );
#5565 = VERTEX_POINT ( 'NONE', #3910 ) ;
#5566 = STYLED_ITEM ( 'NONE', ( #8665 ), #7378 ) ;
#5567 = CARTESIAN_POINT ( 'NONE',  ( 3.509999999999999787, 0.5000000000000000000, 0.1999999999999999833 ) ) ;
#5568 = CARTESIAN_POINT ( 'NONE',  ( 4.110000000000001208, 0.5000000000000000000, 0.1999999999999999833 ) ) ;
#5569 = FACE_BOUND ( 'NONE', #8265, .T. ) ;
#5570 = SURFACE_STYLE_FILL_AREA ( #2897 ) ;
#5571 = EDGE_CURVE ( 'NONE', #309, #3327, #8602, .T. ) ;
#5572 = DIRECTION ( 'NONE',  ( 0.0000000000000000000, 0.0000000000000000000, -1.000000000000000000 ) ) ;
#5573 = CARTESIAN_POINT ( 'NONE',  ( -9.115000000000000213, -2.750000000000000000, 0.0000000000000000000 ) ) ;
#5574 = ORIENTED_EDGE ( 'NONE', *, *, #5446, .T. ) ;
#5575 = PLANE ( 'NONE',  #8598 ) ;
#5576 = DIRECTION ( 'NONE',  ( -0.0000000000000000000, -0.0000000000000000000, 1.000000000000000000 ) ) ;
#5577 = DIRECTION ( 'NONE',  ( -0.2873478855663468279, 0.9578262852211509859, 0.0000000000000000000 ) ) ;
#5578 = FACE_BOUND ( 'NONE', #6508, .T. ) ;
#5579 = CARTESIAN_POINT ( 'NONE',  ( 4.309999999999999609, 7.500000000000000000, -0.5000000000000000000 ) ) ;
#5580 = SURFACE_STYLE_FILL_AREA ( #3001 ) ;
#5581 = FACE_BOUND ( 'NONE', #3839, .T. ) ;
#5582 = LINE ( 'NONE', #8355, #8338 ) ;
#5583 = VERTEX_POINT ( 'NONE', #6570 ) ;
#5584 = UNCERTAINTY_MEASURE_WITH_UNIT (LENGTH_MEASURE( 1.000000000000000082E-05 ), #7247, 'distance_accuracy_value', 'NONE');
#5585 = FILL_AREA_STYLE ('',( #2821 ) ) ;
#5586 = LINE ( 'NONE', #3718, #6855 ) ;
#5587 = CARTESIAN_POINT ( 'NONE',  ( -2.019999999999999130, 0.5000000000000000000, -0.7500000000000000000 ) ) ;
#5588 = EDGE_LOOP ( 'NONE', ( #3358, #5700, #4330, #3090 ) ) ;
#5589 = LINE ( 'NONE', #929, #5339 ) ;
#5590 = EDGE_LOOP ( 'NONE', ( #7067, #1940, #7813, #1607 ) ) ;
#5591 = PLANE ( 'NONE',  #50 ) ;
#5592 = ORIENTED_EDGE ( 'NONE', *, *, #5108, .T. ) ;
#5593 = ORIENTED_EDGE ( 'NONE', *, *, #8424, .T. ) ;
#5594 = DIRECTION ( 'NONE',  ( 0.0000000000000000000, 0.0000000000000000000, -1.000000000000000000 ) ) ;
#5595 = ADVANCED_FACE ( 'NONE', ( #4605, #6614 ), #5311, .T. ) ;
#5596 = CARTESIAN_POINT ( 'NONE',  ( -9.390000000000000568, 7.500000000000000000, 0.5000000000000000000 ) ) ;
#5597 = LINE ( 'NONE', #6943, #6788 ) ;
#5598 = ORIENTED_EDGE ( 'NONE', *, *, #2844, .T. ) ;
#5599 = DIRECTION ( 'NONE',  ( 0.0000000000000000000, 1.000000000000000000, 0.0000000000000000000 ) ) ;
#5600 = ORIENTED_EDGE ( 'NONE', *, *, #932, .T. ) ;
#5601 = FILL_AREA_STYLE_COLOUR ( '', #180 ) ;
#5602 =( LENGTH_UNIT ( ) NAMED_UNIT ( * ) SI_UNIT ( .MILLI., .METRE. ) );
#5603 = VECTOR ( 'NONE', #7513, 1000.000000000000000 ) ;
#5604 = ORIENTED_EDGE ( 'NONE', *, *, #2117, .T. ) ;
#5605 = ORIENTED_EDGE ( 'NONE', *, *, #5663, .T. ) ;
#5606 = EDGE_CURVE ( 'NONE', #4306, #3070, #5217, .T. ) ;
#5607 = CARTESIAN_POINT ( 'NONE',  ( 3.810000000000000053, 8.349999999999999645, -0.6500000000000001332 ) ) ;
#5608 = VECTOR ( 'NONE', #6507, 1000.000000000000000 ) ;
#5609 = LINE ( 'NONE', #2986, #1616 ) ;
#5610 = CARTESIAN_POINT ( 'NONE',  ( -2.020000000000000018, 7.500000000000000000, -0.7500000000000000000 ) ) ;
#5611 = PLANE ( 'NONE',  #6340 ) ;
#5612 = FACE_OUTER_BOUND ( 'NONE', #5161, .T. ) ;
#5613 =( LENGTH_UNIT ( ) NAMED_UNIT ( * ) SI_UNIT ( .MILLI., .METRE. ) );
#5614 = VERTEX_POINT ( 'NONE', #7968 ) ;
#5615 = PRESENTATION_LAYER_ASSIGNMENT (  '', '', ( #1968 ) ) ;
#5616 = CARTESIAN_POINT ( 'NONE',  ( -10.41000000000000014, 0.5000000000000000000, 0.7500000000000000000 ) ) ;
#5617 = EDGE_CURVE ( 'NONE', #7420, #5307, #4647, .T. ) ;
#5618 = CARTESIAN_POINT ( 'NONE',  ( -2.019999999999999130, 0.5000000000000000000, 0.7500000000000000000 ) ) ;
#5619 = ADVANCED_FACE ( 'NONE', ( #5956 ), #2452, .T. ) ;
#5620 = PRESENTATION_LAYER_ASSIGNMENT (  '', '', ( #6330 ) ) ;
#5621 = DIRECTION ( 'NONE',  ( 0.0000000000000000000, 0.7071067811865475727, -0.7071067811865475727 ) ) ;
#5622 = VECTOR ( 'NONE', #8334, 1000.000000000000000 ) ;
#5623 = CARTESIAN_POINT ( 'NONE',  ( 6.125000000000000000, -2.750000000000000000, 0.0000000000000000000 ) ) ;
#5624 = LINE ( 'NONE', #8261, #7507 ) ;
#5625 = PLANE ( 'NONE',  #276 ) ;
#5626 = DIRECTION ( 'NONE',  ( 0.0000000000000000000, -0.0000000000000000000, -1.000000000000000000 ) ) ;
#5627 = STYLED_ITEM ( 'NONE', ( #7561 ), #1510 ) ;
#5628 = VECTOR ( 'NONE', #8506, 1000.000000000000000 ) ;
#5629 = SURFACE_SIDE_STYLE ('',( #362 ) ) ;
#5630 = EDGE_LOOP ( 'NONE', ( #2357, #1190, #8458, #1692 ) ) ;
#5631 = EDGE_CURVE ( 'NONE', #1306, #5767, #1119, .T. ) ;
#5632 = PLANE ( 'NONE',  #1679 ) ;
#5633 = STYLED_ITEM ( 'NONE', ( #1354 ), #827 ) ;
#5634 = CARTESIAN_POINT ( 'NONE',  ( -3.310000000000000053, 0.0000000000000000000, -0.5000000000000000000 ) ) ;
#5635 = DIRECTION ( 'NONE',  ( -1.000000000000000000, -0.0000000000000000000, -0.0000000000000000000 ) ) ;
#5636 = LINE ( 'NONE', #5680, #5295 ) ;
#5637 = VERTEX_POINT ( 'NONE', #7171 ) ;
#5638 = CARTESIAN_POINT ( 'NONE',  ( -9.189999999999999503, 0.5000000000000000000, -0.2000000000000000111 ) ) ;
#5639 = ORIENTED_EDGE ( 'NONE', *, *, #730, .F. ) ;
#5640 = CARTESIAN_POINT ( 'NONE',  ( 10.41000000000000014, 0.0000000000000000000, 1.270000000000000018 ) ) ;
#5641 = AXIS2_PLACEMENT_3D ( 'NONE', #7772, #268, #2997 ) ;
#5642 = ORIENTED_EDGE ( 'NONE', *, *, #8592, .F. ) ;
#5643 =( LENGTH_UNIT ( ) NAMED_UNIT ( * ) SI_UNIT ( .MILLI., .METRE. ) );
#5644 = ORIENTED_EDGE ( 'NONE', *, *, #7361, .F. ) ;
#5645 = CARTESIAN_POINT ( 'NONE',  ( -1.995000000000000329, 7.500000000000000000, 0.0000000000000000000 ) ) ;
#5646 = VECTOR ( 'NONE', #2429, 1000.000000000000000 ) ;
#5647 = CARTESIAN_POINT ( 'NONE',  ( 8.739999999999998437, -3.000000000000001332, -0.2000000000000000389 ) ) ;
#5648 = LINE ( 'NONE', #8329, #5150 ) ;
#5649 = EDGE_LOOP ( 'NONE', ( #3097, #3608, #8501, #8372 ) ) ;
#5650 = CARTESIAN_POINT ( 'NONE',  ( 3.009999999999999343, 8.500000000000000000, 0.8000000000000005995 ) ) ;
#5651 = LINE ( 'NONE', #8332, #3683 ) ;
#5652 = ORIENTED_EDGE ( 'NONE', *, *, #3615, .T. ) ;
#5653 = CARTESIAN_POINT ( 'NONE',  ( -4.110000000000001208, -2.500000000000000000, 0.0000000000000000000 ) ) ;
#5654 = LINE ( 'NONE', #2841, #8436 ) ;
#5655 = ADVANCED_FACE ( 'NONE', ( #1165 ), #3442, .T. ) ;
#5656 = ORIENTED_EDGE ( 'NONE', *, *, #6574, .F. ) ;
#5657 = VERTEX_POINT ( 'NONE', #4860 ) ;
#5658 = CARTESIAN_POINT ( 'NONE',  ( 5.850000000000001421, 8.199999999999999289, 0.5000000000000000000 ) ) ;
#5659 = DIRECTION ( 'NONE',  ( -0.0000000000000000000, -1.000000000000000000, -0.0000000000000000000 ) ) ;
#5660 = VECTOR ( 'NONE', #4829, 1000.000000000000000 ) ;
#5661 = CARTESIAN_POINT ( 'NONE',  ( -9.615000000000000213, 7.500000000000000000, 0.7500000000000000000 ) ) ;
#5662 = DIRECTION ( 'NONE',  ( -0.0000000000000000000, 0.0000000000000000000, -1.000000000000000000 ) ) ;
#5663 = EDGE_CURVE ( 'NONE', #8583, #5958, #6726, .T. ) ;
#5664 = ORIENTED_EDGE ( 'NONE', *, *, #1915, .T. ) ;
#5665 = FACE_BOUND ( 'NONE', #5733, .T. ) ;
#5666 = MECHANICAL_DESIGN_GEOMETRIC_PRESENTATION_REPRESENTATION (  '', ( #4697 ), #3146 ) ;
#5667 = PRESENTATION_STYLE_ASSIGNMENT (( #7103 ) ) ;
#5668 = CARTESIAN_POINT ( 'NONE',  ( -3.509999999999999787, -3.000000000000000000, -0.2000000000000000111 ) ) ;
#5669 = CARTESIAN_POINT ( 'NONE',  ( 9.390000000000000568, 7.500000000000000000, 0.5000000000000000000 ) ) ;
#5670 = CARTESIAN_POINT ( 'NONE',  ( -4.535000000000000142, 0.5000000000000000000, 0.7500000000000000000 ) ) ;
#5671 = VECTOR ( 'NONE', #6921, 1000.000000000000000 ) ;
#5672 = EDGE_CURVE ( 'NONE', #897, #7248, #4770, .T. ) ;
#5673 = EDGE_CURVE ( 'NONE', #7255, #6745, #4813, .T. ) ;
#5674 = CARTESIAN_POINT ( 'NONE',  ( 10.41000000000000014, 8.500000000000000000, 1.270000000000000018 ) ) ;
#5675 = VERTEX_POINT ( 'NONE', #141 ) ;
#5676 = VECTOR ( 'NONE', #8520, 1000.000000000000000 ) ;
#5677 = UNCERTAINTY_MEASURE_WITH_UNIT (LENGTH_MEASURE( 1.000000000000000082E-05 ), #4692, 'distance_accuracy_value', 'NONE');
#5678 = CARTESIAN_POINT ( 'NONE',  ( 1.619999999999999885, 7.500000000000000000, 0.3500000000000000333 ) ) ;
#5679 = DIRECTION ( 'NONE',  ( 0.0000000000000000000, 1.000000000000000000, 0.0000000000000000000 ) ) ;
#5680 = CARTESIAN_POINT ( 'NONE',  ( -8.089999999999999858, 8.500000000000000000, -1.270000000000000018 ) ) ;
#5681 = VERTEX_POINT ( 'NONE', #8137 ) ;
#5682 = DIRECTION ( 'NONE',  ( 0.0000000000000000000, 0.0000000000000000000, -1.000000000000000000 ) ) ;
#5683 = ORIENTED_EDGE ( 'NONE', *, *, #375, .F. ) ;
#5684 = ADVANCED_FACE ( 'NONE', ( #715 ), #3482, .T. ) ;
#5685 = CARTESIAN_POINT ( 'NONE',  ( 0.9200000000000000400, 7.500000000000000000, 0.3499999999999999778 ) ) ;
#5686 = PRESENTATION_LAYER_ASSIGNMENT (  '', '', ( #4282 ) ) ;
#5687 = VECTOR ( 'NONE', #6024, 1000.000000000000114 ) ;
#5688 = ORIENTED_EDGE ( 'NONE', *, *, #2070, .T. ) ;
#5689 = FILL_AREA_STYLE_COLOUR ( '', #7872 ) ;
#5690 = CARTESIAN_POINT ( 'NONE',  ( -3.310000000000000941, 8.199999999999999289, 0.5000000000000002220 ) ) ;
#5691 = VECTOR ( 'NONE', #956, 1000.000000000000000 ) ;
#5692 = CARTESIAN_POINT ( 'NONE',  ( -9.640000000000000568, 0.0000000000000000000, 0.0000000000000000000 ) ) ;
#5693 = DIRECTION ( 'NONE',  ( -0.0000000000000000000, -0.0000000000000000000, 1.000000000000000000 ) ) ;
#5694 = DIRECTION ( 'NONE',  ( 0.0000000000000000000, -0.0000000000000000000, -1.000000000000000000 ) ) ;
#5695 = ORIENTED_EDGE ( 'NONE', *, *, #417, .T. ) ;
#5696 = CARTESIAN_POINT ( 'NONE',  ( -8.890000000000000568, 8.349999999999999645, -0.6500000000000001332 ) ) ;
#5697 = EDGE_LOOP ( 'NONE', ( #8337, #6652, #7538, #708 ) ) ;
#5698 = VECTOR ( 'NONE', #8380, 999.9999999999998863 ) ;
#5699 = VERTEX_POINT ( 'NONE', #6805 ) ;
#5700 = ORIENTED_EDGE ( 'NONE', *, *, #7361, .T. ) ;
#5701 = PLANE ( 'NONE',  #2592 ) ;
#5702 = CARTESIAN_POINT ( 'NONE',  ( -6.700000000000000178, 0.9000000000000001332, -0.3499999999999999778 ) ) ;
#5703 = VECTOR ( 'NONE', #514, 1000.000000000000000 ) ;
#5704 = CARTESIAN_POINT ( 'NONE',  ( -8.739999999999998437, -3.000000000000001332, 0.2000000000000000389 ) ) ;
#5705 = FACE_BOUND ( 'NONE', #6262, .T. ) ;
#5706 = DIRECTION ( 'NONE',  ( -0.0000000000000000000, 0.0000000000000000000, -1.000000000000000000 ) ) ;
#5707 =( NAMED_UNIT ( * ) PLANE_ANGLE_UNIT ( ) SI_UNIT ( $, .RADIAN. ) );
#5708 = DIRECTION ( 'NONE',  ( -0.0000000000000000000, -1.000000000000000000, -0.0000000000000000000 ) ) ;
#5709 = ORIENTED_EDGE ( 'NONE', *, *, #6193, .T. ) ;
#5710 = VECTOR ( 'NONE', #3514, 1000.000000000000000 ) ;
#5711 = DIRECTION ( 'NONE',  ( 0.0000000000000000000, 1.000000000000000000, 0.0000000000000000000 ) ) ;
#5712 = DIRECTION ( 'NONE',  ( 0.0000000000000000000, 0.7071067811865475727, -0.7071067811865475727 ) ) ;
#5713 = ADVANCED_FACE ( 'NONE', ( #2000 ), #758, .T. ) ;
#5714 = FILL_AREA_STYLE ('',( #5026 ) ) ;
#5715 = FACE_OUTER_BOUND ( 'NONE', #6392, .T. ) ;
#5716 = CARTESIAN_POINT ( 'NONE',  ( -1.570000000000000062, 0.0000000000000000000, 0.0000000000000000000 ) ) ;
#5717 = STYLED_ITEM ( 'NONE', ( #1793 ), #7522 ) ;
#5718 = LINE ( 'NONE', #7681, #7557 ) ;
#5719 = VERTEX_POINT ( 'NONE', #4733 ) ;
#5720 = EDGE_CURVE ( 'NONE', #7888, #5225, #2396, .T. ) ;
#5721 = ADVANCED_FACE ( 'NONE', ( #2248 ), #1541, .F. ) ;
#5722 = PRESENTATION_STYLE_ASSIGNMENT (( #1854 ) ) ;
#5723 = PLANE ( 'NONE',  #2002 ) ;
#5724 = DIRECTION ( 'NONE',  ( 1.000000000000000000, 0.0000000000000000000, 0.0000000000000000000 ) ) ;
#5725 = LINE ( 'NONE', #2439, #6549 ) ;
#5726 = ORIENTED_EDGE ( 'NONE', *, *, #7007, .F. ) ;
#5727 = EDGE_LOOP ( 'NONE', ( #624, #7690, #561, #2603 ) ) ;
#5728 = VERTEX_POINT ( 'NONE', #4227 ) ;
#5729 = FILL_AREA_STYLE ('',( #7606 ) ) ;
#5730 = EDGE_CURVE ( 'NONE', #1367, #5830, #3721, .T. ) ;
#5731 = EDGE_CURVE ( 'NONE', #1054, #2614, #1016, .T. ) ;
#5732 = PRESENTATION_STYLE_ASSIGNMENT (( #6308 ) ) ;
#5733 = EDGE_LOOP ( 'NONE', ( #6693, #4189, #7694, #3916 ) ) ;
#5734 = LINE ( 'NONE', #6359, #3452 ) ;
#5735 = DIRECTION ( 'NONE',  ( -0.2873478855663453291, 0.9578262852211513190, 0.0000000000000000000 ) ) ;
#5736 = ORIENTED_EDGE ( 'NONE', *, *, #8187, .T. ) ;
#5737 = DIRECTION ( 'NONE',  ( -0.0000000000000000000, 0.0000000000000000000, 1.000000000000000000 ) ) ;
#5738 = ORIENTED_EDGE ( 'NONE', *, *, #1056, .F. ) ;
#5739 = ORIENTED_EDGE ( 'NONE', *, *, #7540, .F. ) ;
#5740 = EDGE_CURVE ( 'NONE', #1648, #5909, #7598, .T. ) ;
#5741 = VECTOR ( 'NONE', #8354, 1000.000000000000000 ) ;
#5742 = DIRECTION ( 'NONE',  ( 0.0000000000000000000, -0.0000000000000000000, 1.000000000000000000 ) ) ;
#5743 = DIRECTION ( 'NONE',  ( 0.0000000000000000000, 1.000000000000000000, 0.0000000000000000000 ) ) ;
#5744 = LINE ( 'NONE', #8388, #1201 ) ;
#5745 = LINE ( 'NONE', #7045, #7868 ) ;
#5746 = AXIS2_PLACEMENT_3D ( 'NONE', #4, #4683, #7456 ) ;
#5747 = LINE ( 'NONE', #5186, #388 ) ;
#5748 = PRESENTATION_STYLE_ASSIGNMENT (( #7811 ) ) ;
#5749 = FILL_AREA_STYLE_COLOUR ( '', #2810 ) ;
#5750 = ORIENTED_EDGE ( 'NONE', *, *, #2267, .T. ) ;
#5751 = FACE_OUTER_BOUND ( 'NONE', #1081, .T. ) ;
#5752 = DIRECTION ( 'NONE',  ( 1.000000000000000000, -0.0000000000000000000, 0.0000000000000000000 ) ) ;
#5753 = CARTESIAN_POINT ( 'NONE',  ( 4.535000000000000142, 0.5000000000000000000, 0.0000000000000000000 ) ) ;
#5754 = CARTESIAN_POINT ( 'NONE',  ( -5.549999999999998934, 8.500000000000000000, 0.8000000000000005995 ) ) ;
#5755 =( NAMED_UNIT ( * ) PLANE_ANGLE_UNIT ( ) SI_UNIT ( $, .RADIAN. ) );
#5756 = COLOUR_RGB ( '',0.1568627450980392135, 0.1568627450980392135, 0.1568627450980392135 ) ;
#5757 = EDGE_CURVE ( 'NONE', #1215, #5331, #4946, .T. ) ;
#5758 = EDGE_LOOP ( 'NONE', ( #2529, #6607, #103, #7372 ) ) ;
#5759 =( GEOMETRIC_REPRESENTATION_CONTEXT ( 3 ) GLOBAL_UNCERTAINTY_ASSIGNED_CONTEXT ( ( #6952 ) ) GLOBAL_UNIT_ASSIGNED_CONTEXT ( ( #6314, #1560, #8336 ) ) REPRESENTATION_CONTEXT ( 'NONE', 'WORKASPACE' ) );
#5760 = ORIENTED_EDGE ( 'NONE', *, *, #5965, .F. ) ;
#5761 = DIRECTION ( 'NONE',  ( 1.000000000000000000, 0.0000000000000000000, -0.0000000000000000000 ) ) ;
#5762 = UNCERTAINTY_MEASURE_WITH_UNIT (LENGTH_MEASURE( 1.000000000000000082E-05 ), #824, 'distance_accuracy_value', 'NONE');
#5763 = VECTOR ( 'NONE', #3687, 1000.000000000000000 ) ;
#5764 = AXIS2_PLACEMENT_3D ( 'NONE', #1767, #5166, #3095 ) ;
#5765 = LINE ( 'NONE', #8664, #6204 ) ;
#5766 = VECTOR ( 'NONE', #3145, 1000.000000000000000 ) ;
#5767 = VERTEX_POINT ( 'NONE', #7195 ) ;
#5768 = ORIENTED_EDGE ( 'NONE', *, *, #1984, .F. ) ;
#5769 =( LENGTH_UNIT ( ) NAMED_UNIT ( * ) SI_UNIT ( .MILLI., .METRE. ) );
#5770 = ADVANCED_FACE ( 'NONE', ( #5038 ), #1589, .F. ) ;
#5771 = ORIENTED_EDGE ( 'NONE', *, *, #6879, .T. ) ;
#5772 = CARTESIAN_POINT ( 'NONE',  ( -2.070000000000000728, 8.500000000000000000, -1.270000000000000018 ) ) ;
#5773 = AXIS2_PLACEMENT_3D ( 'NONE', #5107, #396, #1039 ) ;
#5774 = AXIS2_PLACEMENT_3D ( 'NONE', #1392, #2028, #4013 ) ;
#5775 = DIRECTION ( 'NONE',  ( -0.0000000000000000000, -1.000000000000000000, -0.0000000000000000000 ) ) ;
#5776 = CARTESIAN_POINT ( 'NONE',  ( -10.41000000000000014, 0.5000000000000000000, 0.7500000000000000000 ) ) ;
#5777 = CARTESIAN_POINT ( 'NONE',  ( 0.9200000000000000400, 0.9000000000000001332, 0.0000000000000000000 ) ) ;
#5778 = ORIENTED_EDGE ( 'NONE', *, *, #1892, .F. ) ;
#5779 = DIRECTION ( 'NONE',  ( 0.0000000000000000000, 1.000000000000000000, 0.0000000000000000000 ) ) ;
#5780 = DIRECTION ( 'NONE',  ( -0.0000000000000000000, -1.000000000000000000, -0.0000000000000000000 ) ) ;
#5781 = STYLED_ITEM ( 'NONE', ( #3585 ), #2241 ) ;
#5782 = STYLED_ITEM ( 'NONE', ( #4154 ), #1045 ) ;
#5783 = EDGE_LOOP ( 'NONE', ( #2312, #5550, #1841, #3206 ) ) ;
#5784 = LINE ( 'NONE', #7800, #5248 ) ;
#5785 =( LENGTH_UNIT ( ) NAMED_UNIT ( * ) SI_UNIT ( .MILLI., .METRE. ) );
#5786 = EDGE_CURVE ( 'NONE', #7835, #8583, #2352, .T. ) ;
#5787 = EDGE_CURVE ( 'NONE', #7702, #6982, #3010, .T. ) ;
#5788 = EDGE_LOOP ( 'NONE', ( #6203, #530, #3343, #6617 ) ) ;
#5789 = DIRECTION ( 'NONE',  ( -0.0000000000000000000, -1.000000000000000000, -0.0000000000000000000 ) ) ;
#5790 = ORIENTED_EDGE ( 'NONE', *, *, #5606, .T. ) ;
#5791 = STYLED_ITEM ( 'NONE', ( #5156 ), #2553 ) ;
#5792 =( NAMED_UNIT ( * ) PLANE_ANGLE_UNIT ( ) SI_UNIT ( $, .RADIAN. ) );
#5793 = DIRECTION ( 'NONE',  ( -0.0000000000000000000, 0.0000000000000000000, 1.000000000000000000 ) ) ;
#5794 = CARTESIAN_POINT ( 'NONE',  ( -9.640000000000000568, 0.5000000000000000000, -0.7500000000000000000 ) ) ;
#5795 = DIRECTION ( 'NONE',  ( -0.0000000000000000000, -0.0000000000000000000, 1.000000000000000000 ) ) ;
#5796 = PRESENTATION_STYLE_ASSIGNMENT (( #4398 ) ) ;
#5797 = EDGE_CURVE ( 'NONE', #5129, #6069, #8367, .T. ) ;
#5798 = ORIENTED_EDGE ( 'NONE', *, *, #2995, .F. ) ;
#5799 = DIRECTION ( 'NONE',  ( 0.0000000000000000000, -1.000000000000000000, 0.0000000000000000000 ) ) ;
#5800 = FACE_OUTER_BOUND ( 'NONE', #1074, .T. ) ;
#5801 = VECTOR ( 'NONE', #3196, 1000.000000000000114 ) ;
#5802 =( LENGTH_UNIT ( ) NAMED_UNIT ( * ) SI_UNIT ( .MILLI., .METRE. ) );
#5803 = DIRECTION ( 'NONE',  ( -1.000000000000000000, -0.0000000000000000000, 0.0000000000000000000 ) ) ;
#5804 = CARTESIAN_POINT ( 'NONE',  ( -6.850000000000000533, 7.500000000000000000, 0.0000000000000000000 ) ) ;
#5805 = DIRECTION ( 'NONE',  ( -0.0000000000000000000, -0.0000000000000000000, 1.000000000000000000 ) ) ;
#5806 = EDGE_CURVE ( 'NONE', #1912, #7887, #8410, .T. ) ;
#5807 = ORIENTED_EDGE ( 'NONE', *, *, #4281, .T. ) ;
#5808 = ORIENTED_EDGE ( 'NONE', *, *, #4268, .F. ) ;
#5809 = CARTESIAN_POINT ( 'NONE',  ( 8.390000000000000568, 0.0000000000000000000, 0.5000000000000000000 ) ) ;
#5810 =( GEOMETRIC_REPRESENTATION_CONTEXT ( 3 ) GLOBAL_UNCERTAINTY_ASSIGNED_CONTEXT ( ( #230 ) ) GLOBAL_UNIT_ASSIGNED_CONTEXT ( ( #3519, #4685, #1992 ) ) REPRESENTATION_CONTEXT ( 'NONE', 'WORKASPACE' ) );
#5811 = CARTESIAN_POINT ( 'NONE',  ( 1.995000000000000329, 0.5000000000000000000, 0.0000000000000000000 ) ) ;
#5812 = PRESENTATION_STYLE_ASSIGNMENT (( #7871 ) ) ;
#5813 = VERTEX_POINT ( 'NONE', #4367 ) ;
#5814 = EDGE_LOOP ( 'NONE', ( #5538, #5688, #5291, #6594 ) ) ;
#5815 = DIRECTION ( 'NONE',  ( 0.0000000000000000000, 0.7071067811865474617, 0.7071067811865474617 ) ) ;
#5816 = ORIENTED_EDGE ( 'NONE', *, *, #6466, .F. ) ;
#5817 = VECTOR ( 'NONE', #6444, 1000.000000000000000 ) ;
#5818 = PLANE ( 'NONE',  #150 ) ;
#5819 = ADVANCED_FACE ( 'NONE', ( #2917 ), #2208, .F. ) ;
#5820 = PLANE ( 'NONE',  #2689 ) ;
#5821 = DIRECTION ( 'NONE',  ( -0.0000000000000000000, -0.0000000000000000000, 1.000000000000000000 ) ) ;
#5822 = EDGE_LOOP ( 'NONE', ( #1591, #4721, #4316, #3198, #1729, #4054 ) ) ;
#5823 =( NAMED_UNIT ( * ) SI_UNIT ( $, .STERADIAN. ) SOLID_ANGLE_UNIT ( ) );
#5824 = LINE ( 'NONE', #8465, #7592 ) ;
#5825 = ORIENTED_EDGE ( 'NONE', *, *, #6206, .T. ) ;
#5826 = CARTESIAN_POINT ( 'NONE',  ( 4.110000000000001208, -2.500000000000000000, -0.2000000000000000111 ) ) ;
#5827 = CARTESIAN_POINT ( 'NONE',  ( -7.075000000000000178, 0.5000000000000000000, -0.7500000000000000000 ) ) ;
#5828 = ORIENTED_EDGE ( 'NONE', *, *, #1364, .T. ) ;
#5829 = DIRECTION ( 'NONE',  ( 0.0000000000000000000, -0.0000000000000000000, -1.000000000000000000 ) ) ;
#5830 = VERTEX_POINT ( 'NONE', #7552 ) ;
#5831 = AXIS2_PLACEMENT_3D ( 'NONE', #3424, #5529, #7487 ) ;
#5832 = VECTOR ( 'NONE', #3295, 1000.000000000000114 ) ;
#5833 = EDGE_CURVE ( 'NONE', #4788, #1289, #5980, .T. ) ;
#5834 = DIRECTION ( 'NONE',  ( 0.0000000000000000000, 0.0000000000000000000, -1.000000000000000000 ) ) ;
#5835 = EDGE_CURVE ( 'NONE', #370, #7176, #3970, .T. ) ;
#5836 = CARTESIAN_POINT ( 'NONE',  ( -10.41000000000000014, 7.500000000000000000, 0.7500000000000000000 ) ) ;
#5837 = DIRECTION ( 'NONE',  ( -1.000000000000000000, 0.0000000000000000000, -0.0000000000000000000 ) ) ;
#5838 = CARTESIAN_POINT ( 'NONE',  ( 1.995000000000000329, 0.0000000000000000000, 0.0000000000000000000 ) ) ;
#5839 = CARTESIAN_POINT ( 'NONE',  ( 8.164999999999999147, 7.500000000000000000, 0.7500000000000000000 ) ) ;
#5840 = AXIS2_PLACEMENT_3D ( 'NONE', #7348, #6814, #8102 ) ;
#5841 = CARTESIAN_POINT ( 'NONE',  ( -1.770000000000000018, 0.5000000000000000000, -0.5000000000000000000 ) ) ;
#5842 = VECTOR ( 'NONE', #433, 1000.000000000000000 ) ;
#5843 = VERTEX_POINT ( 'NONE', #7235 ) ;
#5844 = FILL_AREA_STYLE_COLOUR ( '', #7011 ) ;
#5845 =( GEOMETRIC_REPRESENTATION_CONTEXT ( 3 ) GLOBAL_UNCERTAINTY_ASSIGNED_CONTEXT ( ( #6558 ) ) GLOBAL_UNIT_ASSIGNED_CONTEXT ( ( #4690, #3989, #2823 ) ) REPRESENTATION_CONTEXT ( 'NONE', 'WORKASPACE' ) );
#5846 = EDGE_CURVE ( 'NONE', #8143, #6181, #4710, .T. ) ;
#5847 = DIRECTION ( 'NONE',  ( 1.000000000000000000, -0.0000000000000000000, 0.0000000000000000000 ) ) ;
#5848 = LINE ( 'NONE', #3889, #6555 ) ;
#5849 = CARTESIAN_POINT ( 'NONE',  ( -4.535000000000000142, 0.5000000000000000000, 0.7500000000000000000 ) ) ;
#5850 = DIRECTION ( 'NONE',  ( 0.0000000000000000000, -0.0000000000000000000, 1.000000000000000000 ) ) ;
#5851 = VERTEX_POINT ( 'NONE', #7988 ) ;
#5852 = ORIENTED_EDGE ( 'NONE', *, *, #7007, .T. ) ;
#5853 = EDGE_CURVE ( 'NONE', #52, #1367, #8704, .T. ) ;
#5854 = VECTOR ( 'NONE', #8113, 1000.000000000000000 ) ;
#5855 = PLANE ( 'NONE',  #4662 ) ;
#5856 = LINE ( 'NONE', #503, #8221 ) ;
#5857 = VERTEX_POINT ( 'NONE', #4052 ) ;
#5858 = LINE ( 'NONE', #2484, #2794 ) ;
#5859 = ORIENTED_EDGE ( 'NONE', *, *, #407, .F. ) ;
#5860 = DIRECTION ( 'NONE',  ( -0.0000000000000000000, -1.000000000000000000, -0.0000000000000000000 ) ) ;
#5861 = ORIENTED_EDGE ( 'NONE', *, *, #8343, .T. ) ;
#5862 = FACE_OUTER_BOUND ( 'NONE', #7240, .T. ) ;
#5863 = DIRECTION ( 'NONE',  ( -0.0000000000000000000, 0.0000000000000000000, -1.000000000000000000 ) ) ;
#5864 = ORIENTED_EDGE ( 'NONE', *, *, #6006, .T. ) ;
#5865 = FILL_AREA_STYLE_COLOUR ( '', #6256 ) ;
#5866 =( NAMED_UNIT ( * ) SI_UNIT ( $, .STERADIAN. ) SOLID_ANGLE_UNIT ( ) );
#5867 = ORIENTED_EDGE ( 'NONE', *, *, #1877, .F. ) ;
#5868 = LINE ( 'NONE', #1913, #3549 ) ;
#5869 = CARTESIAN_POINT ( 'NONE',  ( 9.389999999999998792, 8.199999999999999289, 0.4999999999999998890 ) ) ;
#5870 = ORIENTED_EDGE ( 'NONE', *, *, #5063, .T. ) ;
#5871 = EDGE_CURVE ( 'NONE', #5254, #2786, #1185, .T. ) ;
#5872 = PLANE ( 'NONE',  #3955 ) ;
#5873 = ORIENTED_EDGE ( 'NONE', *, *, #137, .F. ) ;
#5874 = CARTESIAN_POINT ( 'NONE',  ( -4.309999999999999609, 0.0000000000000000000, 0.0000000000000000000 ) ) ;
#5875 =( NAMED_UNIT ( * ) SI_UNIT ( $, .STERADIAN. ) SOLID_ANGLE_UNIT ( ) );
#5876 = DIRECTION ( 'NONE',  ( -0.2873478855663453291, 0.9578262852211513190, 0.0000000000000000000 ) ) ;
#5877 = DIRECTION ( 'NONE',  ( -0.0000000000000000000, -1.000000000000000000, -0.0000000000000000000 ) ) ;
#5878 = SURFACE_STYLE_USAGE ( .BOTH. , #6084 ) ;
#5879 = EDGE_LOOP ( 'NONE', ( #794, #2123, #2300, #2975 ) ) ;
#5880 = EDGE_CURVE ( 'NONE', #7551, #6229, #1229, .T. ) ;
#5881 = DIRECTION ( 'NONE',  ( 1.000000000000000000, -0.0000000000000000000, 0.0000000000000000000 ) ) ;
#5882 = FILL_AREA_STYLE_COLOUR ( '', #6070 ) ;
#5883 = DIRECTION ( 'NONE',  ( 0.0000000000000000000, 0.0000000000000000000, -1.000000000000000000 ) ) ;
#5884 = CARTESIAN_POINT ( 'NONE',  ( 3.459999999999999964, 7.500000000000000000, -0.7500000000000000000 ) ) ;
#5885 = CARTESIAN_POINT ( 'NONE',  ( 5.625000000000000000, 0.5000000000000000000, -0.7500000000000000000 ) ) ;
#5886 = LINE ( 'NONE', #5804, #7560 ) ;
#5887 = CARTESIAN_POINT ( 'NONE',  ( 6.049999999999999822, -2.500000000000000000, 0.0000000000000000000 ) ) ;
#5888 = ORIENTED_EDGE ( 'NONE', *, *, #3201, .F. ) ;
#5889 = PRESENTATION_LAYER_ASSIGNMENT (  '', '', ( #7548 ) ) ;
#5890 = EDGE_CURVE ( 'NONE', #3492, #6904, #5243, .T. ) ;
#5891 = EDGE_LOOP ( 'NONE', ( #5182, #3310, #3624, #2969 ) ) ;
#5892 = DIRECTION ( 'NONE',  ( 0.2873478855663468279, 0.9578262852211509859, 0.0000000000000000000 ) ) ;
#5893 =( NAMED_UNIT ( * ) SI_UNIT ( $, .STERADIAN. ) SOLID_ANGLE_UNIT ( ) );
#5894 = DIRECTION ( 'NONE',  ( 0.0000000000000000000, -0.0000000000000000000, 1.000000000000000000 ) ) ;
#5895 = VERTEX_POINT ( 'NONE', #6591 ) ;
#5896 = ORIENTED_EDGE ( 'NONE', *, *, #8606, .F. ) ;
#5897 = VECTOR ( 'NONE', #429, 1000.000000000000000 ) ;
#5898 = SURFACE_STYLE_USAGE ( .BOTH. , #6647 ) ;
#5899 = EDGE_CURVE ( 'NONE', #5974, #5637, #695, .T. ) ;
#5900 = ORIENTED_EDGE ( 'NONE', *, *, #877, .F. ) ;
#5901 = LINE ( 'NONE', #3860, #4663 ) ;
#5902 = PRESENTATION_LAYER_ASSIGNMENT (  '', '', ( #7566 ) ) ;
#5903 = VECTOR ( 'NONE', #1524, 1000.000000000000000 ) ;
#5904 =( GEOMETRIC_REPRESENTATION_CONTEXT ( 3 ) GLOBAL_UNCERTAINTY_ASSIGNED_CONTEXT ( ( #6722 ) ) GLOBAL_UNIT_ASSIGNED_CONTEXT ( ( #5643, #2254, #1596 ) ) REPRESENTATION_CONTEXT ( 'NONE', 'WORKASPACE' ) );
#5905 =( NAMED_UNIT ( * ) PLANE_ANGLE_UNIT ( ) SI_UNIT ( $, .RADIAN. ) );
#5906 = ORIENTED_EDGE ( 'NONE', *, *, #2179, .T. ) ;
#5907 = DIRECTION ( 'NONE',  ( 0.0000000000000000000, 0.0000000000000000000, -1.000000000000000000 ) ) ;
#5908 = SURFACE_STYLE_FILL_AREA ( #5265 ) ;
#5909 = VERTEX_POINT ( 'NONE', #3890 ) ;
#5910 = CARTESIAN_POINT ( 'NONE',  ( -5.850000000000001421, 8.199999999999999289, 0.5000000000000002220 ) ) ;
#5911 = SHAPE_DEFINITION_REPRESENTATION ( #214, #8216 ) ;
#5912 = AXIS2_PLACEMENT_3D ( 'NONE', #1162, #1777, #8462 ) ;
#5913 =( GEOMETRIC_REPRESENTATION_CONTEXT ( 3 ) GLOBAL_UNCERTAINTY_ASSIGNED_CONTEXT ( ( #7335 ) ) GLOBAL_UNIT_ASSIGNED_CONTEXT ( ( #2380, #4534, #1091 ) ) REPRESENTATION_CONTEXT ( 'NONE', 'WORKASPACE' ) );
#5914 = ORIENTED_EDGE ( 'NONE', *, *, #8641, .F. ) ;
#5915 = CARTESIAN_POINT ( 'NONE',  ( 0.9699999999999999734, 0.5000000000000000000, 0.2000000000000000111 ) ) ;
#5916 = ORIENTED_EDGE ( 'NONE', *, *, #5757, .F. ) ;
#5917 = AXIS2_PLACEMENT_3D ( 'NONE', #8280, #251, #6269 ) ;
#5918 = PRESENTATION_LAYER_ASSIGNMENT (  '', '', ( #1995 ) ) ;
#5919 = DIRECTION ( 'NONE',  ( -0.0000000000000000000, 0.0000000000000000000, 1.000000000000000000 ) ) ;
#5920 = CARTESIAN_POINT ( 'NONE',  ( 8.539999999999999147, 0.9000000000000001332, -0.3499999999999999778 ) ) ;
#5921 = CARTESIAN_POINT ( 'NONE',  ( 3.810000000000000053, 8.199999999999999289, -0.4999999999999993339 ) ) ;
#5922 = EDGE_CURVE ( 'NONE', #4687, #4822, #7363, .T. ) ;
#5923 = DIRECTION ( 'NONE',  ( -1.000000000000000000, 0.0000000000000000000, -0.0000000000000000000 ) ) ;
#5924 = ORIENTED_EDGE ( 'NONE', *, *, #1376, .T. ) ;
#5925 = VECTOR ( 'NONE', #1974, 1000.000000000000000 ) ;
#5926 = EDGE_CURVE ( 'NONE', #4910, #5974, #2725, .T. ) ;
#5927 = LINE ( 'NONE', #2596, #8020 ) ;
#5928 = LINE ( 'NONE', #7191, #599 ) ;
#5929 = LINE ( 'NONE', #5445, #4861 ) ;
#5930 = DIRECTION ( 'NONE',  ( 0.0000000000000000000, -0.0000000000000000000, 1.000000000000000000 ) ) ;
#5931 = EDGE_CURVE ( 'NONE', #2281, #5342, #7902, .T. ) ;
#5932 = COLOUR_RGB ( '',0.1568627450980392135, 0.1568627450980392135, 0.1568627450980392135 ) ;
#5933 = FILL_AREA_STYLE ('',( #1933 ) ) ;
#5934 = DIRECTION ( 'NONE',  ( -0.7071067811865474617, -0.7071067811865474617, 0.0000000000000000000 ) ) ;
#5935 = VERTEX_POINT ( 'NONE', #6710 ) ;
#5936 = CARTESIAN_POINT ( 'NONE',  ( 4.110000000000001208, -3.000000000000000000, -0.2000000000000000111 ) ) ;
#5937 = EDGE_LOOP ( 'NONE', ( #8473, #1180, #8537, #7861 ) ) ;
#5938 = ORIENTED_EDGE ( 'NONE', *, *, #7867, .T. ) ;
#5939 = FILL_AREA_STYLE ('',( #1100 ) ) ;
#5940 = VECTOR ( 'NONE', #2004, 1000.000000000000000 ) ;
#5941 = ADVANCED_FACE ( 'NONE', ( #4627 ), #3254, .T. ) ;
#5942 = EDGE_CURVE ( 'NONE', #6168, #1156, #5290, .T. ) ;
#5943 = LINE ( 'NONE', #8633, #3050 ) ;
#5944 = ORIENTED_EDGE ( 'NONE', *, *, #4206, .F. ) ;
#5945 = DIRECTION ( 'NONE',  ( 0.9578262852211679723, -0.2873478855662903730, 0.0000000000000000000 ) ) ;
#5946 = COLOUR_RGB ( '',0.1568627450980392135, 0.1568627450980392135, 0.1568627450980392135 ) ;
#5947 = VERTEX_POINT ( 'NONE', #6670 ) ;
#5948 = PLANE ( 'NONE',  #5253 ) ;
#5949 = ORIENTED_EDGE ( 'NONE', *, *, #776, .F. ) ;
#5950 = CARTESIAN_POINT ( 'NONE',  ( -1.995000000000000329, 7.500000000000000000, 0.7500000000000000000 ) ) ;
#5951 = VECTOR ( 'NONE', #1346, 1000.000000000000000 ) ;
#5952 = DIRECTION ( 'NONE',  ( 0.0000000000000000000, 0.0000000000000000000, -1.000000000000000000 ) ) ;
#5953 = EDGE_CURVE ( 'NONE', #7551, #4414, #8031, .T. ) ;
#5954 = LINE ( 'NONE', #7795, #5703 ) ;
#5955 = ORIENTED_EDGE ( 'NONE', *, *, #4706, .T. ) ;
#5956 = FACE_OUTER_BOUND ( 'NONE', #6176, .T. ) ;
#5957 = LINE ( 'NONE', #7969, #7024 ) ;
#5958 = VERTEX_POINT ( 'NONE', #1934 ) ;
#5959 = LINE ( 'NONE', #5222, #5940 ) ;
#5960 = ORIENTED_EDGE ( 'NONE', *, *, #8086, .T. ) ;
#5961 = ORIENTED_EDGE ( 'NONE', *, *, #2412, .T. ) ;
#5962 = VECTOR ( 'NONE', #3400, 1000.000000000000000 ) ;
#5963 = COLOUR_RGB ( '',0.1568627450980392135, 0.1568627450980392135, 0.1568627450980392135 ) ;
#5964 = CARTESIAN_POINT ( 'NONE',  ( -6.650000000000000355, -3.000000000000000000, 0.2000000000000000111 ) ) ;
#5965 = EDGE_CURVE ( 'NONE', #6561, #4987, #8075, .T. ) ;
#5966 = DIRECTION ( 'NONE',  ( 0.0000000000000000000, 1.000000000000000000, 0.0000000000000000000 ) ) ;
#5967 = DIRECTION ( 'NONE',  ( 0.0000000000000000000, -0.0000000000000000000, 1.000000000000000000 ) ) ;
#5968 = LINE ( 'NONE', #609, #1562 ) ;
#5969 = FACE_OUTER_BOUND ( 'NONE', #1090, .T. ) ;
#5970 = DIRECTION ( 'NONE',  ( 1.000000000000000000, -0.0000000000000000000, 0.0000000000000000000 ) ) ;
#5971 = CARTESIAN_POINT ( 'NONE',  ( -3.584999999999999964, -2.750000000000000000, 0.0000000000000000000 ) ) ;
#5972 = STYLED_ITEM ( 'NONE', ( #8166 ), #6038 ) ;
#5973 = AXIS2_PLACEMENT_3D ( 'NONE', #692, #2599, #6587 ) ;
#5974 = VERTEX_POINT ( 'NONE', #7274 ) ;
#5975 = VECTOR ( 'NONE', #8521, 1000.000000000000000 ) ;
#5976 = FACE_OUTER_BOUND ( 'NONE', #6327, .T. ) ;
#5977 = LINE ( 'NONE', #7900, #1853 ) ;
#5978 = VECTOR ( 'NONE', #5094, 1000.000000000000000 ) ;
#5979 = PLANE ( 'NONE',  #933 ) ;
#5980 = LINE ( 'NONE', #40, #1042 ) ;
#5981 = ORIENTED_EDGE ( 'NONE', *, *, #3469, .F. ) ;
#5982 = LINE ( 'NONE', #2647, #8281 ) ;
#5983 = ORIENTED_EDGE ( 'NONE', *, *, #6950, .F. ) ;
#5984 = VECTOR ( 'NONE', #7689, 1000.000000000000000 ) ;
#5985 = ORIENTED_EDGE ( 'NONE', *, *, #2279, .F. ) ;
#5986 = VECTOR ( 'NONE', #1553, 1000.000000000000000 ) ;
#5987 = EDGE_CURVE ( 'NONE', #8127, #7650, #2021, .T. ) ;
#5988 = DIRECTION ( 'NONE',  ( -0.0000000000000000000, 0.0000000000000000000, 1.000000000000000000 ) ) ;
#5989 = DIRECTION ( 'NONE',  ( 0.0000000000000000000, 0.0000000000000000000, -1.000000000000000000 ) ) ;
#5990 = LINE ( 'NONE', #1315, #378 ) ;
#5991 = EDGE_LOOP ( 'NONE', ( #7699, #3809, #5480, #3348 ) ) ;
#5992 = VECTOR ( 'NONE', #1487, 1000.000000000000000 ) ;
#5993 = ORIENTED_EDGE ( 'NONE', *, *, #11, .T. ) ;
#5994 = ORIENTED_EDGE ( 'NONE', *, *, #7260, .T. ) ;
#5995 = ADVANCED_FACE ( 'NONE', ( #2645 ), #7317, .F. ) ;
#5996 = PRESENTATION_LAYER_ASSIGNMENT (  '', '', ( #4610 ) ) ;
#5997 = CARTESIAN_POINT ( 'NONE',  ( 6.000000000000000000, 0.9000000000000001332, -0.3499999999999999778 ) ) ;
#5998 = LINE ( 'NONE', #8683, #7365 ) ;
#5999 = ORIENTED_EDGE ( 'NONE', *, *, #7279, .F. ) ;
#6000 = FILL_AREA_STYLE ('',( #7463 ) ) ;
#6001 = ORIENTED_EDGE ( 'NONE', *, *, #5953, .F. ) ;
#6002 = LINE ( 'NONE', #8687, #1018 ) ;
#6003 = VERTEX_POINT ( 'NONE', #3464 ) ;
#6004 = ADVANCED_FACE ( 'NONE', ( #2192 ), #6784, .F. ) ;
#6005 = FACE_OUTER_BOUND ( 'NONE', #6929, .T. ) ;
#6006 = EDGE_CURVE ( 'NONE', #8690, #7176, #6828, .T. ) ;
#6007 = VERTEX_POINT ( 'NONE', #2225 ) ;
#6008 = LINE ( 'NONE', #1492, #6100 ) ;
#6009 =( NAMED_UNIT ( * ) SI_UNIT ( $, .STERADIAN. ) SOLID_ANGLE_UNIT ( ) );
#6010 = DIRECTION ( 'NONE',  ( -0.0000000000000000000, -1.000000000000000000, -0.0000000000000000000 ) ) ;
#6011 = DIRECTION ( 'NONE',  ( 1.000000000000000000, -0.0000000000000000000, 0.0000000000000000000 ) ) ;
#6012 = CARTESIAN_POINT ( 'NONE',  ( -0.9200000000000000400, 7.500000000000000000, -0.3499999999999999778 ) ) ;
#6013 = ORIENTED_EDGE ( 'NONE', *, *, #4483, .F. ) ;
#6014 = EDGE_CURVE ( 'NONE', #7491, #4470, #1434, .T. ) ;
#6015 = CARTESIAN_POINT ( 'NONE',  ( -0.5200000000000000178, 0.0000000000000000000, 0.0000000000000000000 ) ) ;
#6016 = LINE ( 'NONE', #6063, #3385 ) ;
#6017 = DIRECTION ( 'NONE',  ( 0.0000000000000000000, 0.0000000000000000000, -1.000000000000000000 ) ) ;
#6018 = SURFACE_STYLE_FILL_AREA ( #661 ) ;
#6019 = VERTEX_POINT ( 'NONE', #4253 ) ;
#6020 = SURFACE_STYLE_USAGE ( .BOTH. , #1978 ) ;
#6021 = ORIENTED_EDGE ( 'NONE', *, *, #6343, .F. ) ;
#6022 = UNCERTAINTY_MEASURE_WITH_UNIT (LENGTH_MEASURE( 1.000000000000000082E-05 ), #5085, 'distance_accuracy_value', 'NONE');
#6023 = VECTOR ( 'NONE', #4893, 1000.000000000000000 ) ;
#6024 = DIRECTION ( 'NONE',  ( 0.2873478855663457177, 0.9578262852211512079, 0.0000000000000000000 ) ) ;
#6025 = DIRECTION ( 'NONE',  ( -1.000000000000000000, -0.0000000000000000000, -0.0000000000000000000 ) ) ;
#6026 = DIRECTION ( 'NONE',  ( -0.0000000000000000000, -0.0000000000000000000, 1.000000000000000000 ) ) ;
#6027 = ADVANCED_FACE ( 'NONE', ( #1479 ), #3504, .T. ) ;
#6028 = LINE ( 'NONE', #1990, #8416 ) ;
#6029 = AXIS2_PLACEMENT_3D ( 'NONE', #4734, #1369, #6767 ) ;
#6030 = CARTESIAN_POINT ( 'NONE',  ( 6.850000000000000533, 0.0000000000000000000, 0.5000000000000000000 ) ) ;
#6031 = ORIENTED_EDGE ( 'NONE', *, *, #4465, .T. ) ;
#6032 = CARTESIAN_POINT ( 'NONE',  ( -8.890000000000000568, 8.349999999999999645, 0.6500000000000001332 ) ) ;
#6033 = MECHANICAL_DESIGN_GEOMETRIC_PRESENTATION_REPRESENTATION (  '', ( #7142 ), #3367 ) ;
#6034 = CARTESIAN_POINT ( 'NONE',  ( 9.389999999999998792, 8.199999999999999289, 0.5000000000000002220 ) ) ;
#6035 = FACE_OUTER_BOUND ( 'NONE', #4586, .T. ) ;
#6036 = ORIENTED_EDGE ( 'NONE', *, *, #6065, .F. ) ;
#6037 = DIRECTION ( 'NONE',  ( 0.0000000000000000000, 0.0000000000000000000, -1.000000000000000000 ) ) ;
#6038 = ADVANCED_FACE ( 'NONE', ( #2277 ), #303, .F. ) ;
#6039 = DIRECTION ( 'NONE',  ( 0.0000000000000000000, 1.000000000000000000, 0.0000000000000000000 ) ) ;
#6040 = EDGE_LOOP ( 'NONE', ( #3497, #2817, #8188, #6189 ) ) ;
#6041 = DIRECTION ( 'NONE',  ( 0.9578262852211679723, -0.2873478855662903730, 0.0000000000000000000 ) ) ;
#6042 = VECTOR ( 'NONE', #2226, 1000.000000000000000 ) ;
#6043 = ORIENTED_EDGE ( 'NONE', *, *, #3360, .T. ) ;
#6044 = CARTESIAN_POINT ( 'NONE',  ( -0.9200000000000000400, 0.9000000000000000222, 0.3499999999999999778 ) ) ;
#6045 = VECTOR ( 'NONE', #8682, 1000.000000000000000 ) ;
#6046 = VECTOR ( 'NONE', #6837, 1000.000000000000000 ) ;
#6047 = ORIENTED_EDGE ( 'NONE', *, *, #2507, .F. ) ;
#6048 = FACE_OUTER_BOUND ( 'NONE', #3670, .T. ) ;
#6049 = CARTESIAN_POINT ( 'NONE',  ( -9.189999999999999503, -3.000000000000000000, 0.2000000000000000111 ) ) ;
#6050 = DIRECTION ( 'NONE',  ( -0.0000000000000000000, 0.0000000000000000000, 1.000000000000000000 ) ) ;
#6051 = LINE ( 'NONE', #8656, #38 ) ;
#6052 = EDGE_CURVE ( 'NONE', #1608, #7109, #7619, .T. ) ;
#6053 = STYLED_ITEM ( 'NONE', ( #6793 ), #1308 ) ;
#6054 = ADVANCED_FACE ( 'NONE', ( #6791 ), #394, .F. ) ;
#6055 = PRESENTATION_LAYER_ASSIGNMENT (  '', '', ( #7157 ) ) ;
#6056 = PLANE ( 'NONE',  #8471 ) ;
#6057 = FACE_OUTER_BOUND ( 'NONE', #7032, .T. ) ;
#6058 = ORIENTED_EDGE ( 'NONE', *, *, #313, .T. ) ;
#6059 = VECTOR ( 'NONE', #781, 1000.000000000000000 ) ;
#6060 =( GEOMETRIC_REPRESENTATION_CONTEXT ( 3 ) GLOBAL_UNCERTAINTY_ASSIGNED_CONTEXT ( ( #1512 ) ) GLOBAL_UNIT_ASSIGNED_CONTEXT ( ( #442, #3040, #8482 ) ) REPRESENTATION_CONTEXT ( 'NONE', 'WORKASPACE' ) );
#6061 = CARTESIAN_POINT ( 'NONE',  ( -10.41000000000000014, 0.5000000000000000000, -0.7500000000000000000 ) ) ;
#6062 = DIRECTION ( 'NONE',  ( 0.0000000000000000000, 1.000000000000000000, 0.0000000000000000000 ) ) ;
#6063 = CARTESIAN_POINT ( 'NONE',  ( -1.570000000000000062, -2.500000000000000000, 0.2000000000000000111 ) ) ;
#6064 = PLANE ( 'NONE',  #3914 ) ;
#6065 = EDGE_CURVE ( 'NONE', #8183, #5134, #993, .T. ) ;
#6066 = DIRECTION ( 'NONE',  ( -1.000000000000000000, -0.0000000000000000000, 0.0000000000000000000 ) ) ;
#6067 = VECTOR ( 'NONE', #7847, 1000.000000000000000 ) ;
#6068 = PRESENTATION_LAYER_ASSIGNMENT (  '', '', ( #1151 ) ) ;
#6069 = VERTEX_POINT ( 'NONE', #7043 ) ;
#6070 = COLOUR_RGB ( '',0.1568627450980392135, 0.1568627450980392135, 0.1568627450980392135 ) ;
#6071 = CARTESIAN_POINT ( 'NONE',  ( -0.9699999999999999734, -3.000000000000000000, -0.2000000000000000111 ) ) ;
#6072 = DIRECTION ( 'NONE',  ( 0.0000000000000000000, 1.000000000000000000, 0.0000000000000000000 ) ) ;
#6073 = EDGE_CURVE ( 'NONE', #597, #3720, #8120, .T. ) ;
#6074 = ORIENTED_EDGE ( 'NONE', *, *, #6477, .T. ) ;
#6075 = DIRECTION ( 'NONE',  ( 0.0000000000000000000, 1.000000000000000000, 0.0000000000000000000 ) ) ;
#6076 = DIRECTION ( 'NONE',  ( -1.000000000000000000, -0.0000000000000000000, -0.0000000000000000000 ) ) ;
#6077 = STYLED_ITEM ( 'NONE', ( #7612 ), #2819 ) ;
#6078 = ORIENTED_EDGE ( 'NONE', *, *, #4443, .F. ) ;
#6079 = STYLED_ITEM ( 'NONE', ( #7662 ), #3151 ) ;
#6080 = DIRECTION ( 'NONE',  ( 1.000000000000000000, -0.0000000000000000000, 0.0000000000000000000 ) ) ;
#6081 = DIRECTION ( 'NONE',  ( 1.000000000000000000, 0.0000000000000000000, -0.0000000000000000000 ) ) ;
#6082 = VERTEX_POINT ( 'NONE', #6410 ) ;
#6083 = PRESENTATION_STYLE_ASSIGNMENT (( #5430 ) ) ;
#6084 = SURFACE_SIDE_STYLE ('',( #2125 ) ) ;
#6085 = ORIENTED_EDGE ( 'NONE', *, *, #3657, .T. ) ;
#6086 = CARTESIAN_POINT ( 'NONE',  ( -8.164999999999999147, 0.0000000000000000000, 0.0000000000000000000 ) ) ;
#6087 = EDGE_LOOP ( 'NONE', ( #8286, #282, #2044, #2928 ) ) ;
#6088 = AXIS2_PLACEMENT_3D ( 'NONE', #6086, #4111, #2747 ) ;
#6089 = DIRECTION ( 'NONE',  ( 0.0000000000000000000, 1.000000000000000000, 0.0000000000000000000 ) ) ;
#6090 = VERTEX_POINT ( 'NONE', #2325 ) ;
#6091 = FACE_OUTER_BOUND ( 'NONE', #2595, .T. ) ;
#6092 = EDGE_CURVE ( 'NONE', #5443, #6533, #1083, .T. ) ;
#6093 = PLANE ( 'NONE',  #1057 ) ;
#6094 = DIRECTION ( 'NONE',  ( -0.0000000000000000000, -1.000000000000000000, -0.0000000000000000000 ) ) ;
#6095 = DIRECTION ( 'NONE',  ( -0.0000000000000000000, -1.000000000000000000, -0.0000000000000000000 ) ) ;
#6096 = VECTOR ( 'NONE', #2985, 1000.000000000000000 ) ;
#6097 = DIRECTION ( 'NONE',  ( -0.0000000000000000000, -0.0000000000000000000, 1.000000000000000000 ) ) ;
#6098 = DIRECTION ( 'NONE',  ( 0.9578262852211679723, -0.2873478855662903730, 0.0000000000000000000 ) ) ;
#6099 = ORIENTED_EDGE ( 'NONE', *, *, #3383, .F. ) ;
#6100 = VECTOR ( 'NONE', #4182, 1000.000000000000000 ) ;
#6101 = EDGE_CURVE ( 'NONE', #6301, #8136, #5609, .T. ) ;
#6102 = EDGE_CURVE ( 'NONE', #5637, #5002, #2273, .T. ) ;
#6103 = DIRECTION ( 'NONE',  ( -0.9578262852211679723, -0.2873478855662903730, 0.0000000000000000000 ) ) ;
#6104 = DIRECTION ( 'NONE',  ( -0.7071067811865474617, -0.7071067811865474617, 0.0000000000000000000 ) ) ;
#6105 = DIRECTION ( 'NONE',  ( 0.0000000000000000000, 1.000000000000000000, 0.0000000000000000000 ) ) ;
#6106 = PRESENTATION_STYLE_ASSIGNMENT (( #1389 ) ) ;
#6107 = SURFACE_SIDE_STYLE ('',( #7397 ) ) ;
#6108 = VECTOR ( 'NONE', #3059, 1000.000000000000000 ) ;
#6109 =( GEOMETRIC_REPRESENTATION_CONTEXT ( 3 ) GLOBAL_UNCERTAINTY_ASSIGNED_CONTEXT ( ( #7153 ) ) GLOBAL_UNIT_ASSIGNED_CONTEXT ( ( #6560, #5374, #5893 ) ) REPRESENTATION_CONTEXT ( 'NONE', 'WORKASPACE' ) );
#6110 = ORIENTED_EDGE ( 'NONE', *, *, #1641, .T. ) ;
#6111 = DIRECTION ( 'NONE',  ( 0.0000000000000000000, 0.0000000000000000000, -1.000000000000000000 ) ) ;
#6112 = EDGE_CURVE ( 'NONE', #6417, #3484, #3788, .T. ) ;
#6113 = ADVANCED_FACE ( 'NONE', ( #1611 ), #948, .F. ) ;
#6114 = COLOUR_RGB ( '',0.1568627450980392135, 0.1568627450980392135, 0.1568627450980392135 ) ;
#6115 = PRODUCT_DEFINITION_CONTEXT ( 'detailed design', #8190, 'design' ) ;
#6116 = SURFACE_STYLE_USAGE ( .BOTH. , #1485 ) ;
#6117 =( NAMED_UNIT ( * ) PLANE_ANGLE_UNIT ( ) SI_UNIT ( $, .RADIAN. ) );
#6118 = LINE ( 'NONE', #4022, #4450 ) ;
#6119 = ORIENTED_EDGE ( 'NONE', *, *, #2507, .T. ) ;
#6120 = CARTESIAN_POINT ( 'NONE',  ( -10.41000000000000014, 0.0000000000000000000, -1.270000000000000018 ) ) ;
#6121 = CARTESIAN_POINT ( 'NONE',  ( -8.589999999999999858, 0.0000000000000000000, 0.0000000000000000000 ) ) ;
#6122 = AXIS2_PLACEMENT_3D ( 'NONE', #7977, #3120, #3920 ) ;
#6123 = AXIS2_PLACEMENT_3D ( 'NONE', #5610, #7093, #8294 ) ;
#6124 = ORIENTED_EDGE ( 'NONE', *, *, #7216, .T. ) ;
#6125 = ADVANCED_FACE ( 'NONE', ( #5015 ), #8387, .F. ) ;
#6126 = UNCERTAINTY_MEASURE_WITH_UNIT (LENGTH_MEASURE( 1.000000000000000082E-05 ), #6287, 'distance_accuracy_value', 'NONE');
#6127 = VECTOR ( 'NONE', #4032, 1000.000000000000227 ) ;
#6128 = CARTESIAN_POINT ( 'NONE',  ( -1.770000000000000018, 0.0000000000000000000, 0.0000000000000000000 ) ) ;
#6129 = FILL_AREA_STYLE ('',( #13 ) ) ;
#6130 = EDGE_LOOP ( 'NONE', ( #3665, #6043, #4651, #6853 ) ) ;
#6131 = FILL_AREA_STYLE_COLOUR ( '', #7779 ) ;
#6132 = ORIENTED_EDGE ( 'NONE', *, *, #6414, .F. ) ;
#6133 = DIRECTION ( 'NONE',  ( 1.000000000000000000, -0.0000000000000000000, 0.0000000000000000000 ) ) ;
#6134 = ORIENTED_EDGE ( 'NONE', *, *, #2360, .T. ) ;
#6135 = ORIENTED_EDGE ( 'NONE', *, *, #3906, .F. ) ;
#6136 = PLANE ( 'NONE',  #2970 ) ;
#6137 = ORIENTED_EDGE ( 'NONE', *, *, #4883, .T. ) ;
#6138 = DIRECTION ( 'NONE',  ( 0.0000000000000000000, 0.0000000000000000000, -1.000000000000000000 ) ) ;
#6139 =( GEOMETRIC_REPRESENTATION_CONTEXT ( 3 ) GLOBAL_UNCERTAINTY_ASSIGNED_CONTEXT ( ( #1895 ) ) GLOBAL_UNIT_ASSIGNED_CONTEXT ( ( #5447, #3423, #7987 ) ) REPRESENTATION_CONTEXT ( 'NONE', 'WORKASPACE' ) );
#6140 = FACE_OUTER_BOUND ( 'NONE', #5649, .T. ) ;
#6141 = CARTESIAN_POINT ( 'NONE',  ( 6.850000000000000533, 8.199999999999999289, 0.5000000000000002220 ) ) ;
#6142 = CARTESIAN_POINT ( 'NONE',  ( 9.189999999999999503, -3.000000000000000000, -0.2000000000000000111 ) ) ;
#6143 = ADVANCED_FACE ( 'NONE', ( #8561 ), #5183, .F. ) ;
#6144 = ORIENTED_EDGE ( 'NONE', *, *, #1984, .T. ) ;
#6145 = EDGE_LOOP ( 'NONE', ( #656, #7126, #3194, #831 ) ) ;
#6146 = DIRECTION ( 'NONE',  ( 0.5773502691896266192, -0.5773502691896266192, -0.5773502691896239547 ) ) ;
#6147 = LINE ( 'NONE', #113, #531 ) ;
#6148 = CARTESIAN_POINT ( 'NONE',  ( -8.390000000000000568, 0.0000000000000000000, 0.0000000000000000000 ) ) ;
#6149 = ADVANCED_FACE ( 'NONE', ( #7891 ), #607, .T. ) ;
#6150 = ORIENTED_EDGE ( 'NONE', *, *, #3638, .T. ) ;
#6151 = DIRECTION ( 'NONE',  ( 0.0000000000000000000, 1.000000000000000000, 0.0000000000000000000 ) ) ;
#6152 = DIRECTION ( 'NONE',  ( -1.000000000000000000, 0.0000000000000000000, -0.0000000000000000000 ) ) ;
#6153 = SURFACE_STYLE_FILL_AREA ( #1274 ) ;
#6154 = CARTESIAN_POINT ( 'NONE',  ( 4.160000000000000142, 7.500000000000000000, 0.0000000000000000000 ) ) ;
#6155 = LINE ( 'NONE', #4101, #3494 ) ;
#6156 = EDGE_CURVE ( 'NONE', #1428, #1639, #6579, .T. ) ;
#6157 = EDGE_CURVE ( 'NONE', #8680, #4648, #8613, .T. ) ;
#6158 = SURFACE_STYLE_USAGE ( .BOTH. , #8088 ) ;
#6159 = ORIENTED_EDGE ( 'NONE', *, *, #8606, .T. ) ;
#6160 = VECTOR ( 'NONE', #2521, 1000.000000000000000 ) ;
#6161 = PLANE ( 'NONE',  #4868 ) ;
#6162 = ORIENTED_EDGE ( 'NONE', *, *, #2994, .T. ) ;
#6163 = CARTESIAN_POINT ( 'NONE',  ( 10.41000000000000014, 0.0000000000000000000, -1.270000000000000018 ) ) ;
#6164 = CARTESIAN_POINT ( 'NONE',  ( 8.590000000000006963, -2.500000000000000888, 0.2000000000000000944 ) ) ;
#6165 = ORIENTED_EDGE ( 'NONE', *, *, #6998, .F. ) ;
#6166 = EDGE_CURVE ( 'NONE', #7905, #8636, #2589, .T. ) ;
#6167 = ORIENTED_EDGE ( 'NONE', *, *, #2564, .F. ) ;
#6168 = VERTEX_POINT ( 'NONE', #483 ) ;
#6169 = STYLED_ITEM ( 'NONE', ( #7237 ), #8239 ) ;
#6170 = ORIENTED_EDGE ( 'NONE', *, *, #904, .F. ) ;
#6171 = PRESENTATION_STYLE_ASSIGNMENT (( #3248 ) ) ;
#6172 =( GEOMETRIC_REPRESENTATION_CONTEXT ( 3 ) GLOBAL_UNCERTAINTY_ASSIGNED_CONTEXT ( ( #4556 ) ) GLOBAL_UNIT_ASSIGNED_CONTEXT ( ( #446, #3131, #3212 ) ) REPRESENTATION_CONTEXT ( 'NONE', 'WORKASPACE' ) );
#6173 = DIRECTION ( 'NONE',  ( 0.0000000000000000000, -0.0000000000000000000, 1.000000000000000000 ) ) ;
#6174 = CARTESIAN_POINT ( 'NONE',  ( -9.240000000000000213, 0.9000000000000001332, -0.3499999999999999778 ) ) ;
#6175 = AXIS2_PLACEMENT_3D ( 'NONE', #566, #3291, #5923 ) ;
#6176 = EDGE_LOOP ( 'NONE', ( #5121, #2401, #5390, #1069 ) ) ;
#6177 = SURFACE_STYLE_FILL_AREA ( #855 ) ;
#6178 = LINE ( 'NONE', #8157, #1403 ) ;
#6179 = VECTOR ( 'NONE', #2666, 1000.000000000000000 ) ;
#6180 = ORIENTED_EDGE ( 'NONE', *, *, #1716, .F. ) ;
#6181 = VERTEX_POINT ( 'NONE', #5275 ) ;
#6182 = AXIS2_PLACEMENT_3D ( 'NONE', #8556, #1740, #8421 ) ;
#6183 = EDGE_CURVE ( 'NONE', #7189, #5974, #1252, .T. ) ;
#6184 = SURFACE_STYLE_FILL_AREA ( #207 ) ;
#6185 = DIRECTION ( 'NONE',  ( 0.5773502691896260641, -0.5773502691896268413, -0.5773502691896242878 ) ) ;
#6186 =( NAMED_UNIT ( * ) PLANE_ANGLE_UNIT ( ) SI_UNIT ( $, .RADIAN. ) );
#6187 = SURFACE_STYLE_USAGE ( .BOTH. , #2943 ) ;
#6188 = EDGE_CURVE ( 'NONE', #2626, #4290, #4615, .T. ) ;
#6189 = ORIENTED_EDGE ( 'NONE', *, *, #7474, .T. ) ;
#6190 = AXIS2_PLACEMENT_3D ( 'NONE', #6708, #693, #3378 ) ;
#6191 = VECTOR ( 'NONE', #4889, 1000.000000000000000 ) ;
#6192 = LINE ( 'NONE', #6958, #6868 ) ;
#6193 = EDGE_CURVE ( 'NONE', #5435, #674, #5146, .T. ) ;
#6194 = UNCERTAINTY_MEASURE_WITH_UNIT (LENGTH_MEASURE( 1.000000000000000082E-05 ), #4922, 'distance_accuracy_value', 'NONE');
#6195 = SURFACE_STYLE_USAGE ( .BOTH. , #3430 ) ;
#6196 = AXIS2_PLACEMENT_3D ( 'NONE', #434, #1131, #3122 ) ;
#6197 = CARTESIAN_POINT ( 'NONE',  ( 5.625000000000000000, 7.500000000000000000, 0.0000000000000000000 ) ) ;
#6198 =( NAMED_UNIT ( * ) PLANE_ANGLE_UNIT ( ) SI_UNIT ( $, .RADIAN. ) );
#6199 = COLOUR_RGB ( '',0.1568627450980392135, 0.1568627450980392135, 0.1568627450980392135 ) ;
#6200 = FILL_AREA_STYLE_COLOUR ( '', #7404 ) ;
#6201 = DIRECTION ( 'NONE',  ( -1.000000000000000000, -0.0000000000000000000, -0.0000000000000000000 ) ) ;
#6202 = LINE ( 'NONE', #6030, #6230 ) ;
#6203 = ORIENTED_EDGE ( 'NONE', *, *, #3917, .T. ) ;
#6204 = VECTOR ( 'NONE', #3929, 1000.000000000000000 ) ;
#6205 = DIRECTION ( 'NONE',  ( -1.000000000000000000, -0.0000000000000000000, 0.0000000000000000000 ) ) ;
#6206 = EDGE_CURVE ( 'NONE', #5436, #2786, #4480, .T. ) ;
#6207 = UNCERTAINTY_MEASURE_WITH_UNIT (LENGTH_MEASURE( 1.000000000000000082E-05 ), #8186, 'distance_accuracy_value', 'NONE');
#6208 = EDGE_CURVE ( 'NONE', #7394, #481, #7132, .T. ) ;
#6209 =( LENGTH_UNIT ( ) NAMED_UNIT ( * ) SI_UNIT ( .MILLI., .METRE. ) );
#6210 = CARTESIAN_POINT ( 'NONE',  ( 3.459999999999999964, 0.9000000000000001332, 0.3499999999999999778 ) ) ;
#6211 = CARTESIAN_POINT ( 'NONE',  ( -7.099999999999999645, 7.500000000000000000, -0.7500000000000000000 ) ) ;
#6212 = ORIENTED_EDGE ( 'NONE', *, *, #4126, .T. ) ;
#6213 = DIRECTION ( 'NONE',  ( 0.0000000000000000000, 0.7071067811865475727, -0.7071067811865475727 ) ) ;
#6214 = ORIENTED_EDGE ( 'NONE', *, *, #3091, .T. ) ;
#6215 = FACE_OUTER_BOUND ( 'NONE', #4902, .T. ) ;
#6216 = ORIENTED_EDGE ( 'NONE', *, *, #6597, .T. ) ;
#6217 = LINE ( 'NONE', #3903, #5628 ) ;
#6218 = EDGE_LOOP ( 'NONE', ( #1036, #4442, #5798, #7400 ) ) ;
#6219 = CARTESIAN_POINT ( 'NONE',  ( 1.569999999999992735, -2.499999999999997780, 0.2000000000000000944 ) ) ;
#6220 = VECTOR ( 'NONE', #1688, 1000.000000000000114 ) ;
#6221 = EDGE_CURVE ( 'NONE', #751, #2370, #3834, .T. ) ;
#6222 =( NAMED_UNIT ( * ) PLANE_ANGLE_UNIT ( ) SI_UNIT ( $, .RADIAN. ) );
#6223 = FACE_OUTER_BOUND ( 'NONE', #5758, .T. ) ;
#6224 = EDGE_LOOP ( 'NONE', ( #7158, #5906, #1021, #4639 ) ) ;
#6225 = CARTESIAN_POINT ( 'NONE',  ( 4.160000000000000142, 7.500000000000000000, 0.3500000000000000333 ) ) ;
#6226 = CARTESIAN_POINT ( 'NONE',  ( -6.850000000000000533, 0.0000000000000000000, 0.5000000000000000000 ) ) ;
#6227 = COLOUR_RGB ( '',0.1568627450980392135, 0.1568627450980392135, 0.1568627450980392135 ) ;
#6228 = ORIENTED_EDGE ( 'NONE', *, *, #842, .F. ) ;
#6229 = VERTEX_POINT ( 'NONE', #6773 ) ;
#6230 = VECTOR ( 'NONE', #1444, 1000.000000000000000 ) ;
#6231 = LINE ( 'NONE', #8110, #5951 ) ;
#6232 = LINE ( 'NONE', #4438, #2418 ) ;
#6233 = FACE_OUTER_BOUND ( 'NONE', #590, .T. ) ;
#6234 = CARTESIAN_POINT ( 'NONE',  ( -8.539999999999999147, 0.9000000000000001332, -0.3499999999999999778 ) ) ;
#6235 = VECTOR ( 'NONE', #799, 1000.000000000000000 ) ;
#6236 = ORIENTED_EDGE ( 'NONE', *, *, #3578, .T. ) ;
#6237 = STYLED_ITEM ( 'NONE', ( #6083 ), #5684 ) ;
#6238 = LINE ( 'NONE', #1394, #3167 ) ;
#6239 = VECTOR ( 'NONE', #7154, 1000.000000000000114 ) ;
#6240 = CARTESIAN_POINT ( 'NONE',  ( 0.5200000000000000178, 7.500000000000000000, -0.7500000000000000000 ) ) ;
#6241 = LINE ( 'NONE', #1525, #231 ) ;
#6242 = DIRECTION ( 'NONE',  ( 0.0000000000000000000, 0.0000000000000000000, -1.000000000000000000 ) ) ;
#6243 = LINE ( 'NONE', #1527, #6600 ) ;
#6244 = DIRECTION ( 'NONE',  ( -1.000000000000000000, 0.0000000000000000000, -0.0000000000000000000 ) ) ;
#6245 = ADVANCED_FACE ( 'NONE', ( #155 ), #2133, .F. ) ;
#6246 = VECTOR ( 'NONE', #1747, 1000.000000000000000 ) ;
#6247 = ORIENTED_EDGE ( 'NONE', *, *, #6157, .T. ) ;
#6248 = VECTOR ( 'NONE', #1758, 1000.000000000000000 ) ;
#6249 = CARTESIAN_POINT ( 'NONE',  ( 1.620000000000000107, 0.9000000000000001332, -0.3499999999999999778 ) ) ;
#6250 = CARTESIAN_POINT ( 'NONE',  ( -9.189999999999994174, -2.500000000000000888, 0.2000000000000000944 ) ) ;
#6251 = FILL_AREA_STYLE ('',( #4412 ) ) ;
#6252 = LINE ( 'NONE', #3008, #5426 ) ;
#6253 = ORIENTED_EDGE ( 'NONE', *, *, #2130, .T. ) ;
#6254 = VECTOR ( 'NONE', #5793, 1000.000000000000000 ) ;
#6255 = CARTESIAN_POINT ( 'NONE',  ( -3.810000000000000053, 8.199999999999999289, 0.4999999999999993339 ) ) ;
#6256 = COLOUR_RGB ( '',0.1568627450980392135, 0.1568627450980392135, 0.1568627450980392135 ) ;
#6257 = FILL_AREA_STYLE_COLOUR ( '', #1818 ) ;
#6258 = ORIENTED_EDGE ( 'NONE', *, *, #5315, .F. ) ;
#6259 = DIRECTION ( 'NONE',  ( 0.0000000000000000000, -1.000000000000000000, 0.0000000000000000000 ) ) ;
#6260 = EDGE_CURVE ( 'NONE', #2652, #5317, #8151, .T. ) ;
#6261 = ORIENTED_EDGE ( 'NONE', *, *, #5197, .T. ) ;
#6262 = EDGE_LOOP ( 'NONE', ( #7424, #970, #1453, #4684 ) ) ;
#6263 = DIRECTION ( 'NONE',  ( 0.0000000000000000000, 0.0000000000000000000, -1.000000000000000000 ) ) ;
#6264 = ORIENTED_EDGE ( 'NONE', *, *, #868, .F. ) ;
#6265 = CARTESIAN_POINT ( 'NONE',  ( -1.570000000000000062, -3.000000000000000000, -0.2000000000000000111 ) ) ;
#6266 = DIRECTION ( 'NONE',  ( 1.000000000000000000, -0.0000000000000000000, 0.0000000000000000000 ) ) ;
#6267 = EDGE_LOOP ( 'NONE', ( #7162, #2074, #7785, #2945, #4611, #2451, #3782, #7244 ) ) ;
#6268 = LINE ( 'NONE', #2929, #3895 ) ;
#6269 = DIRECTION ( 'NONE',  ( -1.000000000000000000, 0.0000000000000000000, -0.0000000000000000000 ) ) ;
#6270 = ORIENTED_EDGE ( 'NONE', *, *, #4109, .T. ) ;
#6271 =( LENGTH_UNIT ( ) NAMED_UNIT ( * ) SI_UNIT ( .MILLI., .METRE. ) );
#6272 = PRESENTATION_LAYER_ASSIGNMENT (  '', '', ( #4601 ) ) ;
#6273 = CARTESIAN_POINT ( 'NONE',  ( -6.700000000000000178, 0.0000000000000000000, 0.0000000000000000000 ) ) ;
#6274 = ADVANCED_FACE ( 'NONE', ( #3453 ), #726, .F. ) ;
#6275 = ORIENTED_EDGE ( 'NONE', *, *, #3831, .T. ) ;
#6276 = ORIENTED_EDGE ( 'NONE', *, *, #5453, .T. ) ;
#6277 = UNCERTAINTY_MEASURE_WITH_UNIT (LENGTH_MEASURE( 1.000000000000000082E-05 ), #1797, 'distance_accuracy_value', 'NONE');
#6278 = VECTOR ( 'NONE', #3253, 1000.000000000000000 ) ;
#6279 = PLANE ( 'NONE',  #3293 ) ;
#6280 = SURFACE_SIDE_STYLE ('',( #2374 ) ) ;
#6281 = DIRECTION ( 'NONE',  ( 0.0000000000000000000, 1.000000000000000000, 0.0000000000000000000 ) ) ;
#6282 = DIRECTION ( 'NONE',  ( 0.0000000000000000000, 1.000000000000000000, 0.0000000000000000000 ) ) ;
#6283 = CARTESIAN_POINT ( 'NONE',  ( 5.850000000000000533, 0.0000000000000000000, 0.5000000000000000000 ) ) ;
#6284 = ADVANCED_FACE ( 'NONE', ( #5395 ), #6093, .T. ) ;
#6285 = ORIENTED_EDGE ( 'NONE', *, *, #4126, .F. ) ;
#6286 = LINE ( 'NONE', #267, #7729 ) ;
#6287 =( LENGTH_UNIT ( ) NAMED_UNIT ( * ) SI_UNIT ( .MILLI., .METRE. ) );
#6288 = DIRECTION ( 'NONE',  ( -1.000000000000000000, -0.0000000000000000000, 0.0000000000000000000 ) ) ;
#6289 = PRESENTATION_STYLE_ASSIGNMENT (( #7635 ) ) ;
#6290 = PRESENTATION_STYLE_ASSIGNMENT (( #6920 ) ) ;
#6291 = DIRECTION ( 'NONE',  ( 0.0000000000000000000, 1.000000000000000000, 0.0000000000000000000 ) ) ;
#6292 = ORIENTED_EDGE ( 'NONE', *, *, #1161, .T. ) ;
#6293 = UNCERTAINTY_MEASURE_WITH_UNIT (LENGTH_MEASURE( 1.000000000000000082E-05 ), #3911, 'distance_accuracy_value', 'NONE');
#6294 = LINE ( 'NONE', #5634, #4131 ) ;
#6295 = ADVANCED_FACE ( 'NONE', ( #4781 ), #810, .F. ) ;
#6296 = FILL_AREA_STYLE_COLOUR ( '', #1001 ) ;
#6297 = LINE ( 'NONE', #2964, #5984 ) ;
#6298 = ORIENTED_EDGE ( 'NONE', *, *, #5846, .F. ) ;
#6299 = CARTESIAN_POINT ( 'NONE',  ( 0.9699999999999999734, 0.0000000000000000000, 0.2000000000000000111 ) ) ;
#6300 = CARTESIAN_POINT ( 'NONE',  ( 4.610000000000001208, 8.500000000000000000, -0.8000000000000004885 ) ) ;
#6301 = VERTEX_POINT ( 'NONE', #5516 ) ;
#6302 = FACE_OUTER_BOUND ( 'NONE', #7783, .T. ) ;
#6303 = VERTEX_POINT ( 'NONE', #2010 ) ;
#6304 = DIRECTION ( 'NONE',  ( -1.000000000000000000, 0.0000000000000000000, -0.0000000000000000000 ) ) ;
#6305 = ORIENTED_EDGE ( 'NONE', *, *, #4156, .F. ) ;
#6306 = DIRECTION ( 'NONE',  ( -0.2873478855663461062, 0.9578262852211510969, 0.0000000000000000000 ) ) ;
#6307 = EDGE_CURVE ( 'NONE', #5032, #4948, #7433, .T. ) ;
#6308 = SURFACE_STYLE_USAGE ( .BOTH. , #4238 ) ;
#6309 = ORIENTED_EDGE ( 'NONE', *, *, #5096, .F. ) ;
#6310 = DIRECTION ( 'NONE',  ( 0.0000000000000000000, 0.0000000000000000000, -1.000000000000000000 ) ) ;
#6311 =( NAMED_UNIT ( * ) PLANE_ANGLE_UNIT ( ) SI_UNIT ( $, .RADIAN. ) );
#6312 = ORIENTED_EDGE ( 'NONE', *, *, #2425, .T. ) ;
#6313 = VECTOR ( 'NONE', #5349, 1000.000000000000000 ) ;
#6314 =( LENGTH_UNIT ( ) NAMED_UNIT ( * ) SI_UNIT ( .MILLI., .METRE. ) );
#6315 = MECHANICAL_DESIGN_GEOMETRIC_PRESENTATION_REPRESENTATION (  '', ( #5207 ), #2405 ) ;
#6316 = EDGE_LOOP ( 'NONE', ( #8244, #2781, #6074, #1500, #7468, #1828 ) ) ;
#6317 = ADVANCED_FACE ( 'NONE', ( #6048 ), #1421, .T. ) ;
#6318 = DIRECTION ( 'NONE',  ( 0.0000000000000000000, -1.000000000000000000, 0.0000000000000000000 ) ) ;
#6319 = VECTOR ( 'NONE', #6796, 1000.000000000000000 ) ;
#6320 = EDGE_CURVE ( 'NONE', #6572, #921, #7749, .T. ) ;
#6321 = DIRECTION ( 'NONE',  ( 0.0000000000000000000, -0.0000000000000000000, 1.000000000000000000 ) ) ;
#6322 = DIRECTION ( 'NONE',  ( -1.000000000000000000, -0.0000000000000000000, 0.0000000000000000000 ) ) ;
#6323 = FACE_OUTER_BOUND ( 'NONE', #3108, .T. ) ;
#6324 = LINE ( 'NONE', #818, #7100 ) ;
#6325 = PLANE ( 'NONE',  #8461 ) ;
#6326 = CARTESIAN_POINT ( 'NONE',  ( -10.41000000000000014, 0.0000000000000000000, -0.7500000000000000000 ) ) ;
#6327 = EDGE_LOOP ( 'NONE', ( #1951, #1247, #2064, #4185 ) ) ;
#6328 = AXIS2_PLACEMENT_3D ( 'NONE', #397, #2378, #8392 ) ;
#6329 = AXIS2_PLACEMENT_3D ( 'NONE', #7725, #4402, #5068 ) ;
#6330 = STYLED_ITEM ( 'NONE', ( #6991 ), #340 ) ;
#6331 = EDGE_CURVE ( 'NONE', #648, #5310, #4285, .T. ) ;
#6332 = CARTESIAN_POINT ( 'NONE',  ( 6.000000000000000000, 0.9000000000000000222, 0.3499999999999999778 ) ) ;
#6333 = VECTOR ( 'NONE', #772, 1000.000000000000000 ) ;
#6334 = DIRECTION ( 'NONE',  ( 0.0000000000000000000, -0.0000000000000000000, -1.000000000000000000 ) ) ;
#6335 = CARTESIAN_POINT ( 'NONE',  ( -8.739999999999994884, -3.000000000000002665, -0.2000000000000000944 ) ) ;
#6336 =( NAMED_UNIT ( * ) PLANE_ANGLE_UNIT ( ) SI_UNIT ( $, .RADIAN. ) );
#6337 = CARTESIAN_POINT ( 'NONE',  ( 0.9699999999999999734, -3.000000000000000000, -0.2000000000000000111 ) ) ;
#6338 = DIRECTION ( 'NONE',  ( 0.0000000000000000000, 1.000000000000000000, 0.0000000000000000000 ) ) ;
#6339 = EDGE_LOOP ( 'NONE', ( #4399, #3260, #3601, #5547 ) ) ;
#6340 = AXIS2_PLACEMENT_3D ( 'NONE', #7576, #1566, #3637 ) ;
#6341 = LINE ( 'NONE', #3863, #2710 ) ;
#6342 = PRESENTATION_LAYER_ASSIGNMENT (  '', '', ( #5633 ) ) ;
#6343 = EDGE_CURVE ( 'NONE', #461, #7355, #381, .T. ) ;
#6344 = CARTESIAN_POINT ( 'NONE',  ( -1.770000000000000018, 8.500000000000000000, 0.5000000000000000000 ) ) ;
#6345 = DIRECTION ( 'NONE',  ( -0.0000000000000000000, -0.0000000000000000000, 1.000000000000000000 ) ) ;
#6346 = ORIENTED_EDGE ( 'NONE', *, *, #1686, .F. ) ;
#6347 = CARTESIAN_POINT ( 'NONE',  ( -6.850000000000000533, 8.199999999999999289, 0.0000000000000000000 ) ) ;
#6348 = VERTEX_POINT ( 'NONE', #7657 ) ;
#6349 = CARTESIAN_POINT ( 'NONE',  ( -6.049999999999999822, 0.5000000000000000000, 0.1999999999999999833 ) ) ;
#6350 = VECTOR ( 'NONE', #3231, 1000.000000000000000 ) ;
#6351 = ORIENTED_EDGE ( 'NONE', *, *, #4377, .F. ) ;
#6352 = DIRECTION ( 'NONE',  ( -1.000000000000000000, 0.0000000000000000000, -0.0000000000000000000 ) ) ;
#6353 = ORIENTED_EDGE ( 'NONE', *, *, #1915, .F. ) ;
#6354 = DIRECTION ( 'NONE',  ( -1.000000000000000000, 0.0000000000000000000, -0.0000000000000000000 ) ) ;
#6355 = COLOUR_RGB ( '',0.1568627450980392135, 0.1568627450980392135, 0.1568627450980392135 ) ;
#6356 = CARTESIAN_POINT ( 'NONE',  ( -1.620000000000000107, 7.500000000000000000, 0.3499999999999999778 ) ) ;
#6357 = PLANE ( 'NONE',  #2052 ) ;
#6358 = ORIENTED_EDGE ( 'NONE', *, *, #1103, .T. ) ;
#6359 = CARTESIAN_POINT ( 'NONE',  ( 3.459999999999999964, 0.0000000000000000000, 0.3499999999999999778 ) ) ;
#6360 = ORIENTED_EDGE ( 'NONE', *, *, #4489, .T. ) ;
#6361 = ORIENTED_EDGE ( 'NONE', *, *, #1414, .F. ) ;
#6362 = EDGE_CURVE ( 'NONE', #5947, #5935, #4379, .T. ) ;
#6363 = VECTOR ( 'NONE', #3281, 1000.000000000000000 ) ;
#6364 = FACE_OUTER_BOUND ( 'NONE', #1223, .T. ) ;
#6365 = ORIENTED_EDGE ( 'NONE', *, *, #2875, .T. ) ;
#6366 = DIRECTION ( 'NONE',  ( 0.0000000000000000000, 0.7071067811865475727, 0.7071067811865475727 ) ) ;
#6367 =( NAMED_UNIT ( * ) SI_UNIT ( $, .STERADIAN. ) SOLID_ANGLE_UNIT ( ) );
#6368 = CARTESIAN_POINT ( 'NONE',  ( 6.049999999999999822, 0.0000000000000000000, -0.2000000000000000111 ) ) ;
#6369 = AXIS2_PLACEMENT_3D ( 'NONE', #1237, #7120, #5815 ) ;
#6370 = CARTESIAN_POINT ( 'NONE',  ( 5.625000000000000000, 7.500000000000000000, -0.7500000000000000000 ) ) ;
#6371 = CARTESIAN_POINT ( 'NONE',  ( 9.640000000000000568, 7.500000000000000000, 0.7500000000000000000 ) ) ;
#6372 = ORIENTED_EDGE ( 'NONE', *, *, #5797, .T. ) ;
#6373 = EDGE_CURVE ( 'NONE', #4079, #1471, #5046, .T. ) ;
#6374 = EDGE_CURVE ( 'NONE', #4290, #3026, #334, .T. ) ;
#6375 = DIRECTION ( 'NONE',  ( -1.000000000000000000, -0.0000000000000000000, -0.0000000000000000000 ) ) ;
#6376 = MECHANICAL_DESIGN_GEOMETRIC_PRESENTATION_REPRESENTATION (  '', ( #4000 ), #492 ) ;
#6377 = DIRECTION ( 'NONE',  ( 1.000000000000000000, -0.0000000000000000000, 0.0000000000000000000 ) ) ;
#6378 = LINE ( 'NONE', #915, #5359 ) ;
#6379 = DIRECTION ( 'NONE',  ( -0.0000000000000000000, -1.000000000000000000, -0.0000000000000000000 ) ) ;
#6380 = DIRECTION ( 'NONE',  ( -1.000000000000000000, -0.0000000000000000000, -0.0000000000000000000 ) ) ;
#6381 = DIRECTION ( 'NONE',  ( 0.0000000000000000000, 0.0000000000000000000, -1.000000000000000000 ) ) ;
#6382 = PRESENTATION_LAYER_ASSIGNMENT (  '', '', ( #1181 ) ) ;
#6383 = FACE_OUTER_BOUND ( 'NONE', #2417, .T. ) ;
#6384 = ADVANCED_FACE ( 'NONE', ( #4958 ), #2214, .F. ) ;
#6385 = ADVANCED_FACE ( 'NONE', ( #1551 ), #248, .T. ) ;
#6386 = EDGE_LOOP ( 'NONE', ( #4385, #3362, #6620, #6236 ) ) ;
#6387 =( NAMED_UNIT ( * ) SI_UNIT ( $, .STERADIAN. ) SOLID_ANGLE_UNIT ( ) );
#6388 = CARTESIAN_POINT ( 'NONE',  ( 8.140000000000000568, 7.500000000000000000, -0.7500000000000000000 ) ) ;
#6389 = MECHANICAL_DESIGN_GEOMETRIC_PRESENTATION_REPRESENTATION (  '', ( #634 ), #1751 ) ;
#6390 =( NAMED_UNIT ( * ) PLANE_ANGLE_UNIT ( ) SI_UNIT ( $, .RADIAN. ) );
#6391 = DIRECTION ( 'NONE',  ( 0.0000000000000000000, 1.000000000000000000, 0.0000000000000000000 ) ) ;
#6392 = EDGE_LOOP ( 'NONE', ( #4560, #3336, #2185, #3520 ) ) ;
#6393 = SURFACE_SIDE_STYLE ('',( #3614 ) ) ;
#6394 = ORIENTED_EDGE ( 'NONE', *, *, #4890, .T. ) ;
#6395 = DIRECTION ( 'NONE',  ( -0.0000000000000000000, -1.000000000000000000, -0.0000000000000000000 ) ) ;
#6396 = VECTOR ( 'NONE', #537, 1000.000000000000000 ) ;
#6397 = STYLED_ITEM ( 'NONE', ( #2770 ), #4736 ) ;
#6398 = EDGE_CURVE ( 'NONE', #1198, #3015, #5597, .T. ) ;
#6399 = ORIENTED_EDGE ( 'NONE', *, *, #1364, .F. ) ;
#6400 = FILL_AREA_STYLE ('',( #7656 ) ) ;
#6401 = CARTESIAN_POINT ( 'NONE',  ( -7.099999999999999645, 7.500000000000000000, -0.7500000000000000000 ) ) ;
#6402 = EDGE_LOOP ( 'NONE', ( #7479, #4163, #762, #5816 ) ) ;
#6403 = DIRECTION ( 'NONE',  ( -0.0000000000000000000, 0.0000000000000000000, -1.000000000000000000 ) ) ;
#6404 = CARTESIAN_POINT ( 'NONE',  ( 5.625000000000000000, 0.5000000000000000000, 0.7500000000000000000 ) ) ;
#6405 = DIRECTION ( 'NONE',  ( 0.0000000000000000000, 0.0000000000000000000, -1.000000000000000000 ) ) ;
#6406 = VECTOR ( 'NONE', #6094, 1000.000000000000000 ) ;
#6407 = VERTEX_POINT ( 'NONE', #4329 ) ;
#6408 = VERTEX_POINT ( 'NONE', #2974 ) ;
#6409 = LINE ( 'NONE', #1610, #4708 ) ;
#6410 = CARTESIAN_POINT ( 'NONE',  ( 8.390000000000002345, 8.199999999999999289, 0.5000000000000000000 ) ) ;
#6411 = AXIS2_PLACEMENT_3D ( 'NONE', #3980, #47, #3309 ) ;
#6412 = LINE ( 'NONE', #994, #5152 ) ;
#6413 = FACE_OUTER_BOUND ( 'NONE', #3157, .T. ) ;
#6414 = EDGE_CURVE ( 'NONE', #5935, #6934, #5648, .T. ) ;
#6415 = PLANE ( 'NONE',  #2199 ) ;
#6416 = SURFACE_STYLE_FILL_AREA ( #7097 ) ;
#6417 = VERTEX_POINT ( 'NONE', #978 ) ;
#6418 = VECTOR ( 'NONE', #210, 1000.000000000000000 ) ;
#6419 = DIRECTION ( 'NONE',  ( -1.000000000000000000, -0.0000000000000000000, 0.0000000000000000000 ) ) ;
#6420 = SURFACE_SIDE_STYLE ('',( #4310 ) ) ;
#6421 = ADVANCED_FACE ( 'NONE', ( #3679 ), #6357, .T. ) ;
#6422 = FILL_AREA_STYLE_COLOUR ( '', #5023 ) ;
#6423 = SURFACE_SIDE_STYLE ('',( #1052 ) ) ;
#6424 = SURFACE_SIDE_STYLE ('',( #3256 ) ) ;
#6425 = ORIENTED_EDGE ( 'NONE', *, *, #7143, .F. ) ;
#6426 = EDGE_LOOP ( 'NONE', ( #7823, #2694, #4466, #4492, #6358, #7082 ) ) ;
#6427 = EDGE_CURVE ( 'NONE', #2923, #7394, #2450, .T. ) ;
#6428 = DIRECTION ( 'NONE',  ( 0.0000000000000000000, 1.000000000000000000, 0.0000000000000000000 ) ) ;
#6429 = ADVANCED_FACE ( 'NONE', ( #7880 ), #553, .F. ) ;
#6430 = PLANE ( 'NONE',  #2629 ) ;
#6431 = ORIENTED_EDGE ( 'NONE', *, *, #5033, .T. ) ;
#6432 = DIRECTION ( 'NONE',  ( 0.0000000000000000000, 0.0000000000000000000, 1.000000000000000000 ) ) ;
#6433 = EDGE_LOOP ( 'NONE', ( #3986, #4878, #5960, #1939 ) ) ;
#6434 = ORIENTED_EDGE ( 'NONE', *, *, #1427, .T. ) ;
#6435 = DIRECTION ( 'NONE',  ( -0.0000000000000000000, 0.0000000000000000000, 1.000000000000000000 ) ) ;
#6436 = EDGE_CURVE ( 'NONE', #5895, #7691, #8511, .T. ) ;
#6437 =( NAMED_UNIT ( * ) PLANE_ANGLE_UNIT ( ) SI_UNIT ( $, .RADIAN. ) );
#6438 = EDGE_LOOP ( 'NONE', ( #3384, #8100, #3114, #7853 ) ) ;
#6439 = DIRECTION ( 'NONE',  ( -0.0000000000000000000, 0.0000000000000000000, 1.000000000000000000 ) ) ;
#6440 = ORIENTED_EDGE ( 'NONE', *, *, #6731, .T. ) ;
#6441 = ORIENTED_EDGE ( 'NONE', *, *, #1586, .F. ) ;
#6442 = SURFACE_STYLE_FILL_AREA ( #3785 ) ;
#6443 = ORIENTED_EDGE ( 'NONE', *, *, #5221, .T. ) ;
#6444 = DIRECTION ( 'NONE',  ( 1.000000000000000000, -0.0000000000000000000, 0.0000000000000000000 ) ) ;
#6445 = CARTESIAN_POINT ( 'NONE',  ( -6.049999999999999822, 0.5000000000000000000, 0.0000000000000000000 ) ) ;
#6446 = DIRECTION ( 'NONE',  ( -0.0000000000000000000, -0.0000000000000000000, 1.000000000000000000 ) ) ;
#6447 = DIRECTION ( 'NONE',  ( 1.000000000000000000, 0.0000000000000000000, -0.0000000000000000000 ) ) ;
#6448 = AXIS2_PLACEMENT_3D ( 'NONE', #3529, #6213, #4228 ) ;
#6449 =( NAMED_UNIT ( * ) SI_UNIT ( $, .STERADIAN. ) SOLID_ANGLE_UNIT ( ) );
#6450 =( LENGTH_UNIT ( ) NAMED_UNIT ( * ) SI_UNIT ( .MILLI., .METRE. ) );
#6451 = ORIENTED_EDGE ( 'NONE', *, *, #8630, .T. ) ;
#6452 = PLANE ( 'NONE',  #2263 ) ;
#6453 =( LENGTH_UNIT ( ) NAMED_UNIT ( * ) SI_UNIT ( .MILLI., .METRE. ) );
#6454 =( GEOMETRIC_REPRESENTATION_CONTEXT ( 3 ) GLOBAL_UNCERTAINTY_ASSIGNED_CONTEXT ( ( #4718 ) ) GLOBAL_UNIT_ASSIGNED_CONTEXT ( ( #41, #8115, #4089 ) ) REPRESENTATION_CONTEXT ( 'NONE', 'WORKASPACE' ) );
#6455 = MECHANICAL_DESIGN_GEOMETRIC_PRESENTATION_REPRESENTATION (  '', ( #3371 ), #6724 ) ;
#6456 = DIRECTION ( 'NONE',  ( 0.0000000000000000000, 0.0000000000000000000, -1.000000000000000000 ) ) ;
#6457 = FACE_OUTER_BOUND ( 'NONE', #4069, .T. ) ;
#6458 = EDGE_CURVE ( 'NONE', #6181, #1428, #5263, .T. ) ;
#6459 = DIRECTION ( 'NONE',  ( -0.0000000000000000000, -1.000000000000000000, -0.0000000000000000000 ) ) ;
#6460 = CARTESIAN_POINT ( 'NONE',  ( -9.690000000000001279, 8.500000000000000000, -0.8000000000000004885 ) ) ;
#6461 = AXIS2_PLACEMENT_3D ( 'NONE', #7953, #7276, #6711 ) ;
#6462 = EDGE_LOOP ( 'NONE', ( #2478, #4976, #4666, #4741 ) ) ;
#6463 = PRESENTATION_LAYER_ASSIGNMENT (  '', '', ( #5782 ) ) ;
#6464 = COLOUR_RGB ( '',0.1568627450980392135, 0.1568627450980392135, 0.1568627450980392135 ) ;
#6465 = ORIENTED_EDGE ( 'NONE', *, *, #5835, .T. ) ;
#6466 = EDGE_CURVE ( 'NONE', #6408, #5037, #5133, .T. ) ;
#6467 = VECTOR ( 'NONE', #1558, 1000.000000000000000 ) ;
#6468 = CARTESIAN_POINT ( 'NONE',  ( -8.589999999999999858, 0.5000000000000000000, -0.1999999999999999833 ) ) ;
#6469 = PRESENTATION_LAYER_ASSIGNMENT (  '', '', ( #847 ) ) ;
#6470 = DIRECTION ( 'NONE',  ( 1.000000000000000000, 0.0000000000000000000, -0.0000000000000000000 ) ) ;
#6471 = CARTESIAN_POINT ( 'NONE',  ( -1.770000000000000018, 0.0000000000000000000, 0.5000000000000000000 ) ) ;
#6472 = ORIENTED_EDGE ( 'NONE', *, *, #1803, .F. ) ;
#6473 = LINE ( 'NONE', #5252, #1249 ) ;
#6474 = VERTEX_POINT ( 'NONE', #3275 ) ;
#6475 = LINE ( 'NONE', #4550, #2585 ) ;
#6476 = ORIENTED_EDGE ( 'NONE', *, *, #6705, .F. ) ;
#6477 = EDGE_CURVE ( 'NONE', #1851, #7203, #5954, .T. ) ;
#6478 = CARTESIAN_POINT ( 'NONE',  ( -6.650000000000000355, 0.5000000000000000000, 0.2000000000000000111 ) ) ;
#6479 = EDGE_CURVE ( 'NONE', #7447, #8680, #1778, .T. ) ;
#6480 = STYLED_ITEM ( 'NONE', ( #4444 ), #976 ) ;
#6481 = CARTESIAN_POINT ( 'NONE',  ( -10.41000000000000014, 0.5000000000000000000, 0.7500000000000000000 ) ) ;
#6482 = CARTESIAN_POINT ( 'NONE',  ( 1.270000000000000018, 8.349999999999999645, 0.6500000000000001332 ) ) ;
#6483 = ORIENTED_EDGE ( 'NONE', *, *, #7578, .T. ) ;
#6484 =( LENGTH_UNIT ( ) NAMED_UNIT ( * ) SI_UNIT ( .MILLI., .METRE. ) );
#6485 = DIRECTION ( 'NONE',  ( -0.9578262852211679723, -0.2873478855662903730, 0.0000000000000000000 ) ) ;
#6486 = VECTOR ( 'NONE', #3204, 1000.000000000000000 ) ;
#6487 = VERTEX_POINT ( 'NONE', #1073 ) ;
#6488 = CARTESIAN_POINT ( 'NONE',  ( -6.700000000000000178, 0.0000000000000000000, -0.3499999999999999778 ) ) ;
#6489 =( NAMED_UNIT ( * ) PLANE_ANGLE_UNIT ( ) SI_UNIT ( $, .RADIAN. ) );
#6490 = EDGE_LOOP ( 'NONE', ( #5086, #1353, #4844, #2656 ) ) ;
#6491 = LINE ( 'NONE', #3284, #2807 ) ;
#6492 = EDGE_CURVE ( 'NONE', #1413, #3884, #3107, .T. ) ;
#6493 = VERTEX_POINT ( 'NONE', #2623 ) ;
#6494 =( GEOMETRIC_REPRESENTATION_CONTEXT ( 3 ) GLOBAL_UNCERTAINTY_ASSIGNED_CONTEXT ( ( #2076 ) ) GLOBAL_UNIT_ASSIGNED_CONTEXT ( ( #6453, #3169, #3128 ) ) REPRESENTATION_CONTEXT ( 'NONE', 'WORKASPACE' ) );
#6495 = FILL_AREA_STYLE ('',( #8612 ) ) ;
#6496 = LINE ( 'NONE', #484, #1477 ) ;
#6497 = DIRECTION ( 'NONE',  ( 0.0000000000000000000, 0.0000000000000000000, -1.000000000000000000 ) ) ;
#6498 = DIRECTION ( 'NONE',  ( 0.0000000000000000000, -1.000000000000000000, 0.0000000000000000000 ) ) ;
#6499 = LINE ( 'NONE', #1656, #3408 ) ;
#6500 = MECHANICAL_DESIGN_GEOMETRIC_PRESENTATION_REPRESENTATION (  '', ( #1573 ), #1874 ) ;
#6501 = ORIENTED_EDGE ( 'NONE', *, *, #7932, .T. ) ;
#6502 = ADVANCED_FACE ( 'NONE', ( #7211 ), #8463, .T. ) ;
#6503 = CARTESIAN_POINT ( 'NONE',  ( 8.165000000000000924, 0.5000000000000000000, -0.7500000000000000000 ) ) ;
#6504 = AXIS2_PLACEMENT_3D ( 'NONE', #3783, #4428, #1078 ) ;
#6505 = LINE ( 'NONE', #8303, #5691 ) ;
#6506 = DIRECTION ( 'NONE',  ( -1.000000000000000000, 0.0000000000000000000, -0.0000000000000000000 ) ) ;
#6507 = DIRECTION ( 'NONE',  ( -1.000000000000000000, 0.0000000000000000000, -0.0000000000000000000 ) ) ;
#6508 = EDGE_LOOP ( 'NONE', ( #1945, #6137, #556, #2363 ) ) ;
#6509 = ORIENTED_EDGE ( 'NONE', *, *, #7693, .T. ) ;
#6510 = CARTESIAN_POINT ( 'NONE',  ( 0.4699999999999994738, 8.500000000000000000, -0.8000000000000005995 ) ) ;
#6511 = VECTOR ( 'NONE', #5420, 1000.000000000000000 ) ;
#6512 = CARTESIAN_POINT ( 'NONE',  ( 0.7700000000000000178, 0.0000000000000000000, 0.0000000000000000000 ) ) ;
#6513 = ORIENTED_EDGE ( 'NONE', *, *, #2566, .T. ) ;
#6514 = EDGE_CURVE ( 'NONE', #6622, #6563, #2490, .T. ) ;
#6515 = ORIENTED_EDGE ( 'NONE', *, *, #6780, .T. ) ;
#6516 = LINE ( 'NONE', #7786, #7615 ) ;
#6517 = ORIENTED_EDGE ( 'NONE', *, *, #765, .T. ) ;
#6518 = VECTOR ( 'NONE', #3076, 1000.000000000000000 ) ;
#6519 = DIRECTION ( 'NONE',  ( 0.5773502691896266192, 0.5773502691896266192, 0.5773502691896239547 ) ) ;
#6520 = FACE_OUTER_BOUND ( 'NONE', #6386, .T. ) ;
#6521 = DIRECTION ( 'NONE',  ( 1.000000000000000000, -0.0000000000000000000, 0.0000000000000000000 ) ) ;
#6522 = CARTESIAN_POINT ( 'NONE',  ( -6.700000000000000178, 0.9000000000000001332, -0.3499999999999999778 ) ) ;
#6523 = ORIENTED_EDGE ( 'NONE', *, *, #5730, .T. ) ;
#6524 = AXIS2_PLACEMENT_3D ( 'NONE', #7647, #3572, #4900 ) ;
#6525 = SURFACE_STYLE_FILL_AREA ( #8513 ) ;
#6526 = CARTESIAN_POINT ( 'NONE',  ( -3.084999999999999964, 0.5000000000000000000, 0.0000000000000000000 ) ) ;
#6527 = STYLED_ITEM ( 'NONE', ( #2905 ), #4656 ) ;
#6528 = ADVANCED_FACE ( 'NONE', ( #4512 ), #7169, .F. ) ;
#6529 = EDGE_LOOP ( 'NONE', ( #8517, #4011, #7989, #8268 ) ) ;
#6530 = LINE ( 'NONE', #518, #3987 ) ;
#6531 = ORIENTED_EDGE ( 'NONE', *, *, #8227, .T. ) ;
#6532 = FACE_OUTER_BOUND ( 'NONE', #6628, .T. ) ;
#6533 = VERTEX_POINT ( 'NONE', #6522 ) ;
#6534 = MECHANICAL_DESIGN_GEOMETRIC_PRESENTATION_REPRESENTATION (  '', ( #8067 ), #7221 ) ;
#6535 = PRESENTATION_LAYER_ASSIGNMENT (  '', '', ( #2881 ) ) ;
#6536 = DIRECTION ( 'NONE',  ( 0.5773502691896237327, -0.5773502691896270633, 0.5773502691896265082 ) ) ;
#6537 =( LENGTH_UNIT ( ) NAMED_UNIT ( * ) SI_UNIT ( .MILLI., .METRE. ) );
#6538 = CARTESIAN_POINT ( 'NONE',  ( 8.140000000000000568, 0.5000000000000000000, -0.7500000000000000000 ) ) ;
#6539 = CARTESIAN_POINT ( 'NONE',  ( 0.9699999999999999734, 0.5000000000000000000, -0.2000000000000000111 ) ) ;
#6540 = EDGE_CURVE ( 'NONE', #7447, #3009, #713, .T. ) ;
#6541 = SURFACE_STYLE_USAGE ( .BOTH. , #3034 ) ;
#6542 = EDGE_CURVE ( 'NONE', #7320, #5681, #7418, .T. ) ;
#6543 =( LENGTH_UNIT ( ) NAMED_UNIT ( * ) SI_UNIT ( .MILLI., .METRE. ) );
#6544 = VECTOR ( 'NONE', #8378, 1000.000000000000000 ) ;
#6545 = CARTESIAN_POINT ( 'NONE',  ( -9.240000000000000213, 0.9000000000000001332, 0.0000000000000000000 ) ) ;
#6546 = ORIENTED_EDGE ( 'NONE', *, *, #6577, .T. ) ;
#6547 = SURFACE_SIDE_STYLE ('',( #7190 ) ) ;
#6548 = CARTESIAN_POINT ( 'NONE',  ( -4.559999999999999609, 0.5000000000000000000, -0.7500000000000000000 ) ) ;
#6549 = VECTOR ( 'NONE', #1856, 1000.000000000000000 ) ;
#6550 = LINE ( 'NONE', #1302, #2176 ) ;
#6551 = FACE_OUTER_BOUND ( 'NONE', #5429, .T. ) ;
#6552 = EDGE_CURVE ( 'NONE', #8636, #8108, #5346, .T. ) ;
#6553 = DIRECTION ( 'NONE',  ( -1.000000000000000000, -0.0000000000000000000, 0.0000000000000000000 ) ) ;
#6554 = DIRECTION ( 'NONE',  ( -1.000000000000000000, -0.0000000000000000000, -0.0000000000000000000 ) ) ;
#6555 = VECTOR ( 'NONE', #5193, 1000.000000000000000 ) ;
#6556 = ORIENTED_EDGE ( 'NONE', *, *, #1094, .F. ) ;
#6557 = ORIENTED_EDGE ( 'NONE', *, *, #6492, .F. ) ;
#6558 = UNCERTAINTY_MEASURE_WITH_UNIT (LENGTH_MEASURE( 1.000000000000000082E-05 ), #4690, 'distance_accuracy_value', 'NONE');
#6559 = MECHANICAL_DESIGN_GEOMETRIC_PRESENTATION_REPRESENTATION (  '', ( #5566 ), #7668 ) ;
#6560 =( LENGTH_UNIT ( ) NAMED_UNIT ( * ) SI_UNIT ( .MILLI., .METRE. ) );
#6561 = VERTEX_POINT ( 'NONE', #56 ) ;
#6562 = CARTESIAN_POINT ( 'NONE',  ( -6.650000000000000355, 0.5000000000000000000, 0.1999999999999999833 ) ) ;
#6563 = VERTEX_POINT ( 'NONE', #639 ) ;
#6564 = DIRECTION ( 'NONE',  ( -0.0000000000000000000, -1.000000000000000000, -0.0000000000000000000 ) ) ;
#6565 = ORIENTED_EDGE ( 'NONE', *, *, #137, .T. ) ;
#6566 = CARTESIAN_POINT ( 'NONE',  ( -0.5450000000000000400, 7.500000000000000000, 0.7500000000000000000 ) ) ;
#6567 = DIRECTION ( 'NONE',  ( 0.0000000000000000000, 1.000000000000000000, -0.0000000000000000000 ) ) ;
#6568 = CARTESIAN_POINT ( 'NONE',  ( 3.509999999999999787, -3.000000000000000000, -0.2000000000000000111 ) ) ;
#6569 = ORIENTED_EDGE ( 'NONE', *, *, #299, .T. ) ;
#6570 = CARTESIAN_POINT ( 'NONE',  ( -4.160000000000000142, 0.9000000000000000222, 0.3499999999999999778 ) ) ;
#6571 = DIRECTION ( 'NONE',  ( 1.000000000000000000, -0.0000000000000000000, 0.0000000000000000000 ) ) ;
#6572 = VERTEX_POINT ( 'NONE', #8092 ) ;
#6573 = LINE ( 'NONE', #5351, #6363 ) ;
#6574 = EDGE_CURVE ( 'NONE', #3061, #6168, #5998, .T. ) ;
#6575 = ORIENTED_EDGE ( 'NONE', *, *, #1228, .T. ) ;
#6576 = VERTEX_POINT ( 'NONE', #1366 ) ;
#6577 = EDGE_CURVE ( 'NONE', #875, #1257, #1450, .T. ) ;
#6578 = PRESENTATION_STYLE_ASSIGNMENT (( #3202 ) ) ;
#6579 = LINE ( 'NONE', #1790, #7934 ) ;
#6580 = CARTESIAN_POINT ( 'NONE',  ( -9.240000000000000213, 0.9000000000000001332, 0.3499999999999999778 ) ) ;
#6581 = DIRECTION ( 'NONE',  ( -0.0000000000000000000, -1.000000000000000000, -0.0000000000000000000 ) ) ;
#6582 = ORIENTED_EDGE ( 'NONE', *, *, #8361, .F. ) ;
#6583 = VECTOR ( 'NONE', #6026, 1000.000000000000000 ) ;
#6584 = EDGE_CURVE ( 'NONE', #6407, #3484, #6691, .T. ) ;
#6585 = ADVANCED_FACE ( 'NONE', ( #6035 ), #6161, .T. ) ;
#6586 = AXIS2_PLACEMENT_3D ( 'NONE', #413, #5945, #7117 ) ;
#6587 = DIRECTION ( 'NONE',  ( -1.000000000000000000, 0.0000000000000000000, -0.0000000000000000000 ) ) ;
#6588 = DIRECTION ( 'NONE',  ( -0.0000000000000000000, 0.0000000000000000000, 1.000000000000000000 ) ) ;
#6589 = CARTESIAN_POINT ( 'NONE',  ( 8.164999999999999147, 0.5000000000000000000, 0.7500000000000000000 ) ) ;
#6590 = COLOUR_RGB ( '',0.1568627450980392135, 0.1568627450980392135, 0.1568627450980392135 ) ;
#6591 = CARTESIAN_POINT ( 'NONE',  ( -3.060000000000000053, 7.500000000000000000, -0.7500000000000000000 ) ) ;
#6592 = LINE ( 'NONE', #7105, #5473 ) ;
#6593 = CARTESIAN_POINT ( 'NONE',  ( -4.160000000000000142, 7.500000000000000000, 0.3499999999999999778 ) ) ;
#6594 = ORIENTED_EDGE ( 'NONE', *, *, #5173, .T. ) ;
#6595 = MECHANICAL_DESIGN_GEOMETRIC_PRESENTATION_REPRESENTATION (  '', ( #564 ), #1665 ) ;
#6596 = ORIENTED_EDGE ( 'NONE', *, *, #3796, .T. ) ;
#6597 = EDGE_CURVE ( 'NONE', #5037, #4137, #8007, .T. ) ;
#6598 = AXIS2_PLACEMENT_3D ( 'NONE', #6891, #3727, #5594 ) ;
#6599 = CARTESIAN_POINT ( 'NONE',  ( -10.41000000000000014, 0.5000000000000000000, -0.7500000000000000000 ) ) ;
#6600 = VECTOR ( 'NONE', #6381, 1000.000000000000000 ) ;
#6601 = SURFACE_STYLE_FILL_AREA ( #8542 ) ;
#6602 = VERTEX_POINT ( 'NONE', #1286 ) ;
#6603 = FACE_OUTER_BOUND ( 'NONE', #63, .T. ) ;
#6604 = ORIENTED_EDGE ( 'NONE', *, *, #7626, .T. ) ;
#6605 = VECTOR ( 'NONE', #2203, 1000.000000000000114 ) ;
#6606 = FILL_AREA_STYLE_COLOUR ( '', #5946 ) ;
#6607 = ORIENTED_EDGE ( 'NONE', *, *, #1376, .F. ) ;
#6608 = CARTESIAN_POINT ( 'NONE',  ( -8.390000000000000568, 7.500000000000000000, -0.5000000000000000000 ) ) ;
#6609 = AXIS2_PLACEMENT_3D ( 'NONE', #7958, #5250, #8122 ) ;
#6610 = VECTOR ( 'NONE', #193, 1000.000000000000000 ) ;
#6611 =( NAMED_UNIT ( * ) SI_UNIT ( $, .STERADIAN. ) SOLID_ANGLE_UNIT ( ) );
#6612 = DIRECTION ( 'NONE',  ( 1.000000000000000000, -0.0000000000000000000, 0.0000000000000000000 ) ) ;
#6613 = ORIENTED_EDGE ( 'NONE', *, *, #5084, .F. ) ;
#6614 = FACE_OUTER_BOUND ( 'NONE', #4024, .T. ) ;
#6615 =( NAMED_UNIT ( * ) PLANE_ANGLE_UNIT ( ) SI_UNIT ( $, .RADIAN. ) );
#6616 = PRESENTATION_LAYER_ASSIGNMENT (  '', '', ( #4934 ) ) ;
#6617 = ORIENTED_EDGE ( 'NONE', *, *, #5455, .T. ) ;
#6618 = CARTESIAN_POINT ( 'NONE',  ( 3.459999999999999964, 0.9000000000000000222, 0.3499999999999999778 ) ) ;
#6619 = VECTOR ( 'NONE', #1024, 1000.000000000000000 ) ;
#6620 = ORIENTED_EDGE ( 'NONE', *, *, #4992, .T. ) ;
#6621 = CARTESIAN_POINT ( 'NONE',  ( 2.019999999999999574, 0.5000000000000000000, -0.7500000000000000000 ) ) ;
#6622 = VERTEX_POINT ( 'NONE', #4063 ) ;
#6623 = DIRECTION ( 'NONE',  ( 0.0000000000000000000, -0.0000000000000000000, 1.000000000000000000 ) ) ;
#6624 = DIRECTION ( 'NONE',  ( 0.0000000000000000000, -0.7071067811865474617, 0.7071067811865474617 ) ) ;
#6625 = DIRECTION ( 'NONE',  ( -1.000000000000000000, 0.0000000000000000000, -0.0000000000000000000 ) ) ;
#6626 = CARTESIAN_POINT ( 'NONE',  ( 10.41000000000000014, 0.0000000000000000000, -0.7500000000000000000 ) ) ;
#6627 = EDGE_CURVE ( 'NONE', #3026, #2166, #801, .T. ) ;
#6628 = EDGE_LOOP ( 'NONE', ( #7296, #4028, #2587, #1719, #8590, #5000 ) ) ;
#6629 =( GEOMETRIC_REPRESENTATION_CONTEXT ( 3 ) GLOBAL_UNCERTAINTY_ASSIGNED_CONTEXT ( ( #6293 ) ) GLOBAL_UNIT_ASSIGNED_CONTEXT ( ( #3911, #6615, #598 ) ) REPRESENTATION_CONTEXT ( 'NONE', 'WORKASPACE' ) );
#6630 = LINE ( 'NONE', #4623, #213 ) ;
#6631 = AXIS2_PLACEMENT_3D ( 'NONE', #4017, #4557, #7257 ) ;
#6632 = CARTESIAN_POINT ( 'NONE',  ( 9.539999999999999147, 8.349999999999999645, 0.0000000000000000000 ) ) ;
#6633 = ORIENTED_EDGE ( 'NONE', *, *, #7108, .F. ) ;
#6634 = EDGE_CURVE ( 'NONE', #6229, #3292, #8134, .T. ) ;
#6635 = ORIENTED_EDGE ( 'NONE', *, *, #7773, .T. ) ;
#6636 = ORIENTED_EDGE ( 'NONE', *, *, #8361, .T. ) ;
#6637 = PRESENTATION_LAYER_ASSIGNMENT (  '', '', ( #6079 ) ) ;
#6638 = DIRECTION ( 'NONE',  ( 0.0000000000000000000, 1.000000000000000000, 0.0000000000000000000 ) ) ;
#6639 =( NAMED_UNIT ( * ) SI_UNIT ( $, .STERADIAN. ) SOLID_ANGLE_UNIT ( ) );
#6640 = LINE ( 'NONE', #7453, #7238 ) ;
#6641 = VERTEX_POINT ( 'NONE', #6764 ) ;
#6642 = PLANE ( 'NONE',  #5746 ) ;
#6643 = STYLED_ITEM ( 'NONE', ( #7411 ), #3690 ) ;
#6644 = ADVANCED_FACE ( 'NONE', ( #756 ), #2699, .T. ) ;
#6645 = ORIENTED_EDGE ( 'NONE', *, *, #2026, .F. ) ;
#6646 = EDGE_CURVE ( 'NONE', #662, #8136, #7379, .T. ) ;
#6647 = SURFACE_SIDE_STYLE ('',( #1948 ) ) ;
#6648 = ORIENTED_EDGE ( 'NONE', *, *, #5806, .T. ) ;
#6649 = VECTOR ( 'NONE', #6076, 1000.000000000000000 ) ;
#6650 = LINE ( 'NONE', #3864, #7298 ) ;
#6651 = DIRECTION ( 'NONE',  ( 1.000000000000000000, 0.0000000000000000000, -0.0000000000000000000 ) ) ;
#6652 = ORIENTED_EDGE ( 'NONE', *, *, #5673, .F. ) ;
#6653 = ORIENTED_EDGE ( 'NONE', *, *, #4120, .F. ) ;
#6654 = EDGE_CURVE ( 'NONE', #4904, #8256, #1014, .T. ) ;
#6655 = DIRECTION ( 'NONE',  ( 0.0000000000000000000, 1.000000000000000000, -0.0000000000000000000 ) ) ;
#6656 = MECHANICAL_DESIGN_GEOMETRIC_PRESENTATION_REPRESENTATION (  '', ( #8490 ), #2605 ) ;
#6657 = VERTEX_POINT ( 'NONE', #964 ) ;
#6658 = DIRECTION ( 'NONE',  ( 1.000000000000000000, 0.0000000000000000000, 0.0000000000000000000 ) ) ;
#6659 = VECTOR ( 'NONE', #4514, 1000.000000000000000 ) ;
#6660 = AXIS2_PLACEMENT_3D ( 'NONE', #2349, #3092, #3007 ) ;
#6661 = LINE ( 'NONE', #4572, #8509 ) ;
#6662 = FACE_OUTER_BOUND ( 'NONE', #3488, .T. ) ;
#6663 = CARTESIAN_POINT ( 'NONE',  ( 1.119999999999996332, -3.000000000000000888, 0.2000000000000000389 ) ) ;
#6664 = VECTOR ( 'NONE', #8575, 1000.000000000000114 ) ;
#6665 = VECTOR ( 'NONE', #1931, 1000.000000000000000 ) ;
#6666 = ORIENTED_EDGE ( 'NONE', *, *, #5965, .T. ) ;
#6667 = EDGE_CURVE ( 'NONE', #897, #1289, #5636, .T. ) ;
#6668 = DIRECTION ( 'NONE',  ( 0.0000000000000000000, 1.000000000000000000, 0.0000000000000000000 ) ) ;
#6669 = CARTESIAN_POINT ( 'NONE',  ( 1.119999999999996332, -3.000000000000000888, -0.2000000000000000389 ) ) ;
#6670 = CARTESIAN_POINT ( 'NONE',  ( 0.5450000000000001510, 7.500000000000000000, 0.7500000000000000000 ) ) ;
#6671 = ORIENTED_EDGE ( 'NONE', *, *, #8519, .F. ) ;
#6672 = DIRECTION ( 'NONE',  ( 0.0000000000000000000, 1.000000000000000000, 0.0000000000000000000 ) ) ;
#6673 = ORIENTED_EDGE ( 'NONE', *, *, #6997, .F. ) ;
#6674 = VECTOR ( 'NONE', #2741, 1000.000000000000000 ) ;
#6675 = ORIENTED_EDGE ( 'NONE', *, *, #1745, .F. ) ;
#6676 = VECTOR ( 'NONE', #5907, 1000.000000000000000 ) ;
#6677 = CARTESIAN_POINT ( 'NONE',  ( -1.420000000000014584, -3.000000000000004441, 0.0000000000000000000 ) ) ;
#6678 = EDGE_CURVE ( 'NONE', #5350, #7563, #1538, .T. ) ;
#6679 = CARTESIAN_POINT ( 'NONE',  ( 8.539999999999999147, 7.500000000000000000, -0.7500000000000000000 ) ) ;
#6680 = CARTESIAN_POINT ( 'NONE',  ( -6.700000000000000178, 7.500000000000000000, 0.3500000000000000333 ) ) ;
#6681 = LINE ( 'NONE', #8675, #4906 ) ;
#6682 = VECTOR ( 'NONE', #223, 1000.000000000000000 ) ;
#6683 = LINE ( 'NONE', #3982, #8131 ) ;
#6684 = ORIENTED_EDGE ( 'NONE', *, *, #252, .T. ) ;
#6685 = DIRECTION ( 'NONE',  ( 1.000000000000000000, -0.0000000000000000000, 0.0000000000000000000 ) ) ;
#6686 = ORIENTED_EDGE ( 'NONE', *, *, #8363, .F. ) ;
#6687 = COLOUR_RGB ( '',0.1568627450980392135, 0.1568627450980392135, 0.1568627450980392135 ) ;
#6688 = EDGE_CURVE ( 'NONE', #4899, #4159, #5036, .T. ) ;
#6689 = EDGE_CURVE ( 'NONE', #4255, #5565, #4184, .T. ) ;
#6690 =( NAMED_UNIT ( * ) PLANE_ANGLE_UNIT ( ) SI_UNIT ( $, .RADIAN. ) );
#6691 = LINE ( 'NONE', #2079, #2757 ) ;
#6692 = ORIENTED_EDGE ( 'NONE', *, *, #5545, .T. ) ;
#6693 = ORIENTED_EDGE ( 'NONE', *, *, #7970, .F. ) ;
#6694 = FILL_AREA_STYLE ('',( #102 ) ) ;
#6695 = EDGE_LOOP ( 'NONE', ( #1067, #979, #5073, #550 ) ) ;
#6696 = DIRECTION ( 'NONE',  ( 0.0000000000000000000, -0.0000000000000000000, -1.000000000000000000 ) ) ;
#6697 = ORIENTED_EDGE ( 'NONE', *, *, #522, .F. ) ;
#6698 = EDGE_CURVE ( 'NONE', #3327, #4451, #279, .T. ) ;
#6699 = PRESENTATION_STYLE_ASSIGNMENT (( #2711 ) ) ;
#6700 = LINE ( 'NONE', #2089, #6406 ) ;
#6701 = CARTESIAN_POINT ( 'NONE',  ( 3.310000000000000053, 0.0000000000000000000, 0.0000000000000000000 ) ) ;
#6702 = PRESENTATION_STYLE_ASSIGNMENT (( #1298 ) ) ;
#6703 =( NAMED_UNIT ( * ) PLANE_ANGLE_UNIT ( ) SI_UNIT ( $, .RADIAN. ) );
#6704 = VERTEX_POINT ( 'NONE', #5587 ) ;
#6705 = EDGE_CURVE ( 'NONE', #2281, #6301, #2868, .T. ) ;
#6706 = FACE_OUTER_BOUND ( 'NONE', #8116, .T. ) ;
#6707 = DIRECTION ( 'NONE',  ( -0.0000000000000000000, -1.000000000000000000, -0.0000000000000000000 ) ) ;
#6708 = CARTESIAN_POINT ( 'NONE',  ( 5.625000000000000000, 0.0000000000000000000, 0.0000000000000000000 ) ) ;
#6709 = DIRECTION ( 'NONE',  ( 0.0000000000000000000, -0.0000000000000000000, -1.000000000000000000 ) ) ;
#6710 = CARTESIAN_POINT ( 'NONE',  ( 0.5199999999999999067, 7.500000000000000000, 0.7500000000000000000 ) ) ;
#6711 = DIRECTION ( 'NONE',  ( 0.2873478855662903730, 0.9578262852211679723, 0.0000000000000000000 ) ) ;
#6712 = EDGE_LOOP ( 'NONE', ( #181, #4566, #2116, #4002 ) ) ;
#6713 = FILL_AREA_STYLE_COLOUR ( '', #1276 ) ;
#6714 = UNCERTAINTY_MEASURE_WITH_UNIT (LENGTH_MEASURE( 1.000000000000000082E-05 ), #5613, 'distance_accuracy_value', 'NONE');
#6715 = LINE ( 'NONE', #7367, #2874 ) ;
#6716 = CARTESIAN_POINT ( 'NONE',  ( 6.000000000000000000, 0.9000000000000001332, 0.3499999999999999778 ) ) ;
#6717 = ORIENTED_EDGE ( 'NONE', *, *, #5899, .F. ) ;
#6718 = CARTESIAN_POINT ( 'NONE',  ( -5.625000000000000000, 0.0000000000000000000, 0.0000000000000000000 ) ) ;
#6719 = STYLED_ITEM ( 'NONE', ( #7649 ), #7814 ) ;
#6720 = EDGE_CURVE ( 'NONE', #6896, #6843, #3612, .T. ) ;
#6721 = EDGE_LOOP ( 'NONE', ( #3144, #6778, #6013, #3229 ) ) ;
#6722 = UNCERTAINTY_MEASURE_WITH_UNIT (LENGTH_MEASURE( 1.000000000000000082E-05 ), #5643, 'distance_accuracy_value', 'NONE');
#6723 = VECTOR ( 'NONE', #5030, 1000.000000000000000 ) ;
#6724 =( GEOMETRIC_REPRESENTATION_CONTEXT ( 3 ) GLOBAL_UNCERTAINTY_ASSIGNED_CONTEXT ( ( #594 ) ) GLOBAL_UNIT_ASSIGNED_CONTEXT ( ( #8460, #7966, #3861 ) ) REPRESENTATION_CONTEXT ( 'NONE', 'WORKASPACE' ) );
#6725 = ORIENTED_EDGE ( 'NONE', *, *, #1567, .F. ) ;
#6726 = LINE ( 'NONE', #6163, #5962 ) ;
#6727 = DIRECTION ( 'NONE',  ( 0.0000000000000000000, 0.0000000000000000000, -1.000000000000000000 ) ) ;
#6728 = ORIENTED_EDGE ( 'NONE', *, *, #3524, .F. ) ;
#6729 = EDGE_CURVE ( 'NONE', #5958, #6348, #6252, .T. ) ;
#6730 = VECTOR ( 'NONE', #4925, 1000.000000000000000 ) ;
#6731 = EDGE_CURVE ( 'NONE', #294, #7355, #6297, .T. ) ;
#6732 = ORIENTED_EDGE ( 'NONE', *, *, #5833, .F. ) ;
#6733 = CARTESIAN_POINT ( 'NONE',  ( -10.41000000000000014, 0.0000000000000000000, 0.7500000000000000000 ) ) ;
#6734 = VECTOR ( 'NONE', #6917, 1000.000000000000000 ) ;
#6735 = AXIS2_PLACEMENT_3D ( 'NONE', #2075, #4764, #4105 ) ;
#6736 = VERTEX_POINT ( 'NONE', #1636 ) ;
#6737 = AXIS2_PLACEMENT_3D ( 'NONE', #6273, #1468, #4292 ) ;
#6738 = DIRECTION ( 'NONE',  ( 0.0000000000000000000, -1.000000000000000000, 0.0000000000000000000 ) ) ;
#6739 = CARTESIAN_POINT ( 'NONE',  ( 8.390000000000000568, 7.500000000000000000, 0.0000000000000000000 ) ) ;
#6740 = AXIS2_PLACEMENT_3D ( 'NONE', #2576, #7794, #5952 ) ;
#6741 = AXIS2_PLACEMENT_3D ( 'NONE', #6889, #2172, #7519 ) ;
#6742 = LINE ( 'NONE', #1380, #7607 ) ;
#6743 = EDGE_CURVE ( 'NONE', #7675, #6602, #3719, .T. ) ;
#6744 = EDGE_CURVE ( 'NONE', #8198, #2240, #1669, .T. ) ;
#6745 = VERTEX_POINT ( 'NONE', #2299 ) ;
#6746 = CARTESIAN_POINT ( 'NONE',  ( 1.044999999999999929, -2.750000000000000000, 0.0000000000000000000 ) ) ;
#6747 = CARTESIAN_POINT ( 'NONE',  ( -4.535000000000000142, 0.5000000000000000000, -0.7500000000000000000 ) ) ;
#6748 = CARTESIAN_POINT ( 'NONE',  ( -3.960000000000003517, -3.000000000000000888, -0.2000000000000000389 ) ) ;
#6749 = LINE ( 'NONE', #1227, #3765 ) ;
#6750 = VECTOR ( 'NONE', #5284, 1000.000000000000000 ) ;
#6751 = EDGE_CURVE ( 'NONE', #5681, #146, #6881, .T. ) ;
#6752 = ORIENTED_EDGE ( 'NONE', *, *, #6667, .F. ) ;
#6753 = CARTESIAN_POINT ( 'NONE',  ( -6.500000000000014211, -3.000000000000004441, 0.0000000000000000000 ) ) ;
#6754 = VECTOR ( 'NONE', #307, 1000.000000000000000 ) ;
#6755 = FACE_OUTER_BOUND ( 'NONE', #8299, .T. ) ;
#6756 = CARTESIAN_POINT ( 'NONE',  ( -5.850000000000000533, 7.500000000000000000, 0.5000000000000000000 ) ) ;
#6757 = ORIENTED_EDGE ( 'NONE', *, *, #3344, .F. ) ;
#6758 = PLANE ( 'NONE',  #3426 ) ;
#6759 = STYLED_ITEM ( 'NONE', ( #6702 ), #2925 ) ;
#6760 = ORIENTED_EDGE ( 'NONE', *, *, #1545, .F. ) ;
#6761 = DIRECTION ( 'NONE',  ( 0.0000000000000000000, 0.7071067811865475727, -0.7071067811865475727 ) ) ;
#6762 = ADVANCED_FACE ( 'NONE', ( #879 ), #7018, .F. ) ;
#6763 = CARTESIAN_POINT ( 'NONE',  ( 3.960000000000014619, -3.000000000000004441, 0.0000000000000000000 ) ) ;
#6764 = CARTESIAN_POINT ( 'NONE',  ( 5.625000000000000000, 0.5000000000000000000, 0.7500000000000000000 ) ) ;
#6765 = ORIENTED_EDGE ( 'NONE', *, *, #6880, .F. ) ;
#6766 = DIRECTION ( 'NONE',  ( 0.0000000000000000000, 0.0000000000000000000, -1.000000000000000000 ) ) ;
#6767 = DIRECTION ( 'NONE',  ( 0.0000000000000000000, 0.7071067811865474617, 0.7071067811865474617 ) ) ;
#6768 = ORIENTED_EDGE ( 'NONE', *, *, #8394, .F. ) ;
#6769 = ORIENTED_EDGE ( 'NONE', *, *, #8453, .F. ) ;
#6770 = SURFACE_SIDE_STYLE ('',( #4113 ) ) ;
#6771 = ORIENTED_EDGE ( 'NONE', *, *, #71, .T. ) ;
#6772 = EDGE_CURVE ( 'NONE', #5310, #382, #369, .T. ) ;
#6773 = CARTESIAN_POINT ( 'NONE',  ( 5.599999999999998757, 7.500000000000000000, -0.7500000000000000000 ) ) ;
#6774 = CARTESIAN_POINT ( 'NONE',  ( 3.459999999999999964, 7.500000000000000000, 0.3500000000000000333 ) ) ;
#6775 = STYLED_ITEM ( 'NONE', ( #2816 ), #3704 ) ;
#6776 = DIRECTION ( 'NONE',  ( 0.0000000000000000000, 0.0000000000000000000, -1.000000000000000000 ) ) ;
#6777 = CARTESIAN_POINT ( 'NONE',  ( 10.41000000000000014, 8.500000000000000000, -1.270000000000000018 ) ) ;
#6778 = ORIENTED_EDGE ( 'NONE', *, *, #3804, .F. ) ;
#6779 = EDGE_CURVE ( 'NONE', #3545, #6474, #4993, .T. ) ;
#6780 = EDGE_CURVE ( 'NONE', #1648, #7189, #3526, .T. ) ;
#6781 = CARTESIAN_POINT ( 'NONE',  ( -1.995000000000000329, 0.5000000000000000000, 0.7500000000000000000 ) ) ;
#6782 = LINE ( 'NONE', #7534, #5490 ) ;
#6783 = DIRECTION ( 'NONE',  ( -1.000000000000000000, -0.0000000000000000000, 0.0000000000000000000 ) ) ;
#6784 = PLANE ( 'NONE',  #1757 ) ;
#6785 = COLOUR_RGB ( '',0.1568627450980392135, 0.1568627450980392135, 0.1568627450980392135 ) ;
#6786 = VERTEX_POINT ( 'NONE', #234 ) ;
#6787 = DIRECTION ( 'NONE',  ( 0.0000000000000000000, -0.0000000000000000000, -1.000000000000000000 ) ) ;
#6788 = VECTOR ( 'NONE', #290, 1000.000000000000000 ) ;
#6789 = UNCERTAINTY_MEASURE_WITH_UNIT (LENGTH_MEASURE( 1.000000000000000082E-05 ), #826, 'distance_accuracy_value', 'NONE');
#6790 = ADVANCED_FACE ( 'NONE', ( #7596 ), #2915, .T. ) ;
#6791 = FACE_OUTER_BOUND ( 'NONE', #5127, .T. ) ;
#6792 = LINE ( 'NONE', #3604, #6916 ) ;
#6793 = PRESENTATION_STYLE_ASSIGNMENT (( #8039 ) ) ;
#6794 = DIRECTION ( 'NONE',  ( -0.2873478855663453291, -0.9578262852211513190, 0.0000000000000000000 ) ) ;
#6795 = ORIENTED_EDGE ( 'NONE', *, *, #1971, .F. ) ;
#6796 = DIRECTION ( 'NONE',  ( 1.000000000000000000, -0.0000000000000000000, 0.0000000000000000000 ) ) ;
#6797 = DIRECTION ( 'NONE',  ( 1.000000000000000000, -0.0000000000000000000, 0.0000000000000000000 ) ) ;
#6798 = AXIS2_PLACEMENT_3D ( 'NONE', #5696, #7564, #894 ) ;
#6799 = ORIENTED_EDGE ( 'NONE', *, *, #450, .F. ) ;
#6800 = UNCERTAINTY_MEASURE_WITH_UNIT (LENGTH_MEASURE( 1.000000000000000082E-05 ), #5357, 'distance_accuracy_value', 'NONE');
#6801 = VECTOR ( 'NONE', #3663, 1000.000000000000000 ) ;
#6802 = CARTESIAN_POINT ( 'NONE',  ( 10.41000000000000014, 0.5000000000000000000, 0.7500000000000000000 ) ) ;
#6803 = SURFACE_SIDE_STYLE ('',( #1365 ) ) ;
#6804 = VERTEX_POINT ( 'NONE', #1195 ) ;
#6805 = CARTESIAN_POINT ( 'NONE',  ( 6.049999999999999822, 0.5000000000000000000, -0.1999999999999999833 ) ) ;
#6806 = PLANE ( 'NONE',  #7135 ) ;
#6807 = EDGE_LOOP ( 'NONE', ( #1010, #5466, #2934, #6261 ) ) ;
#6808 = PRESENTATION_STYLE_ASSIGNMENT (( #1499 ) ) ;
#6809 = ORIENTED_EDGE ( 'NONE', *, *, #8532, .F. ) ;
#6810 = EDGE_CURVE ( 'NONE', #6007, #2486, #5725, .T. ) ;
#6811 = LINE ( 'NONE', #8144, #4932 ) ;
#6812 = ORIENTED_EDGE ( 'NONE', *, *, #2844, .F. ) ;
#6813 = DIRECTION ( 'NONE',  ( -0.0000000000000000000, 0.0000000000000000000, 1.000000000000000000 ) ) ;
#6814 = DIRECTION ( 'NONE',  ( 1.000000000000000000, -0.0000000000000000000, 0.0000000000000000000 ) ) ;
#6815 = PRODUCT_DEFINITION ( 'UNKNOWN', '', #1706, #6115 ) ;
#6816 = PRESENTATION_LAYER_ASSIGNMENT (  '', '', ( #5566 ) ) ;
#6817 = FILL_AREA_STYLE_COLOUR ( '', #2753 ) ;
#6818 = DIRECTION ( 'NONE',  ( 0.0000000000000000000, 0.7071067811865475727, 0.7071067811865475727 ) ) ;
#6819 = VERTEX_POINT ( 'NONE', #5124 ) ;
#6820 = LINE ( 'NONE', #2885, #2293 ) ;
#6821 = CARTESIAN_POINT ( 'NONE',  ( -6.649999999999992362, -2.499999999999999556, 0.2000000000000000944 ) ) ;
#6822 = EDGE_CURVE ( 'NONE', #1436, #1602, #3220, .T. ) ;
#6823 = ORIENTED_EDGE ( 'NONE', *, *, #3103, .T. ) ;
#6824 = CARTESIAN_POINT ( 'NONE',  ( -1.620000000000000107, 0.9000000000000001332, -0.3499999999999999778 ) ) ;
#6825 = FILL_AREA_STYLE ('',( #5527 ) ) ;
#6826 = CARTESIAN_POINT ( 'NONE',  ( -5.599999999999999645, 7.500000000000000000, -0.7500000000000000000 ) ) ;
#6827 = LINE ( 'NONE', #5485, #7242 ) ;
#6828 = LINE ( 'NONE', #3551, #2330 ) ;
#6829 = ORIENTED_EDGE ( 'NONE', *, *, #288, .F. ) ;
#6830 = EDGE_CURVE ( 'NONE', #4110, #8127, #7115, .T. ) ;
#6831 = EDGE_CURVE ( 'NONE', #7650, #3492, #5856, .T. ) ;
#6832 = FACE_OUTER_BOUND ( 'NONE', #5142, .T. ) ;
#6833 = CARTESIAN_POINT ( 'NONE',  ( -9.240000000000000213, 0.0000000000000000000, 0.3499999999999999778 ) ) ;
#6834 = CARTESIAN_POINT ( 'NONE',  ( 1.570000000000000062, 0.5000000000000000000, 0.0000000000000000000 ) ) ;
#6835 = EDGE_CURVE ( 'NONE', #3088, #910, #3808, .T. ) ;
#6836 = ORIENTED_EDGE ( 'NONE', *, *, #3370, .F. ) ;
#6837 = DIRECTION ( 'NONE',  ( -0.0000000000000000000, -1.000000000000000000, -0.0000000000000000000 ) ) ;
#6838 = PRESENTATION_LAYER_ASSIGNMENT (  '', '', ( #3645 ) ) ;
#6839 = DIRECTION ( 'NONE',  ( 0.0000000000000000000, 0.0000000000000000000, -1.000000000000000000 ) ) ;
#6840 = DIRECTION ( 'NONE',  ( -0.0000000000000000000, 0.0000000000000000000, 1.000000000000000000 ) ) ;
#6841 = ORIENTED_EDGE ( 'NONE', *, *, #1401, .F. ) ;
#6842 = FILL_AREA_STYLE_COLOUR ( '', #2667 ) ;
#6843 = VERTEX_POINT ( 'NONE', #8408 ) ;
#6844 = CARTESIAN_POINT ( 'NONE',  ( -1.119999999999993001, -3.000000000000002220, -0.2000000000000000944 ) ) ;
#6845 = ADVANCED_FACE ( 'NONE', ( #7156 ), #1726, .T. ) ;
#6846 = ORIENTED_EDGE ( 'NONE', *, *, #2279, .T. ) ;
#6847 = LINE ( 'NONE', #846, #6610 ) ;
#6848 = EDGE_LOOP ( 'NONE', ( #7778, #1202, #6425, #3072 ) ) ;
#6849 = CARTESIAN_POINT ( 'NONE',  ( 1.770000000000000018, 0.0000000000000000000, -0.5000000000000000000 ) ) ;
#6850 = SURFACE_SIDE_STYLE ('',( #4044 ) ) ;
#6851 =( NAMED_UNIT ( * ) PLANE_ANGLE_UNIT ( ) SI_UNIT ( $, .RADIAN. ) );
#6852 = VECTOR ( 'NONE', #2144, 1000.000000000000000 ) ;
#6853 = ORIENTED_EDGE ( 'NONE', *, *, #4626, .T. ) ;
#6854 = CARTESIAN_POINT ( 'NONE',  ( -4.559999999999999609, 0.0000000000000000000, 0.7500000000000000000 ) ) ;
#6855 = VECTOR ( 'NONE', #7549, 1000.000000000000000 ) ;
#6856 = ORIENTED_EDGE ( 'NONE', *, *, #5786, .F. ) ;
#6857 = ORIENTED_EDGE ( 'NONE', *, *, #3847, .T. ) ;
#6858 = COLOUR_RGB ( '',0.1568627450980392135, 0.1568627450980392135, 0.1568627450980392135 ) ;
#6859 = AXIS2_PLACEMENT_3D ( 'NONE', #5496, #3979, #5989 ) ;
#6860 = FILL_AREA_STYLE_COLOUR ( '', #1741 ) ;
#6861 = VECTOR ( 'NONE', #551, 1000.000000000000000 ) ;
#6862 = DIRECTION ( 'NONE',  ( 0.0000000000000000000, 0.0000000000000000000, -1.000000000000000000 ) ) ;
#6863 = CARTESIAN_POINT ( 'NONE',  ( -4.610000000000001208, 8.500000000000000000, 0.8000000000000004885 ) ) ;
#6864 = ADVANCED_FACE ( 'NONE', ( #7202 ), #6430, .F. ) ;
#6865 = PLANE ( 'NONE',  #1784 ) ;
#6866 = ORIENTED_EDGE ( 'NONE', *, *, #776, .T. ) ;
#6867 = AXIS2_PLACEMENT_3D ( 'NONE', #6356, #3622, #892 ) ;
#6868 = VECTOR ( 'NONE', #2853, 1000.000000000000000 ) ;
#6869 = LINE ( 'NONE', #7492, #4375 ) ;
#6870 = CARTESIAN_POINT ( 'NONE',  ( -7.099999999999999645, 0.5000000000000000000, -0.7500000000000000000 ) ) ;
#6871 = EDGE_CURVE ( 'NONE', #8554, #7567, #6118, .T. ) ;
#6872 = VECTOR ( 'NONE', #7094, 1000.000000000000000 ) ;
#6873 = DIRECTION ( 'NONE',  ( -0.5773502691896266192, -0.5773502691896266192, 0.5773502691896239547 ) ) ;
#6874 = DIRECTION ( 'NONE',  ( 1.000000000000000000, 0.0000000000000000000, -0.0000000000000000000 ) ) ;
#6875 = FILL_AREA_STYLE_COLOUR ( '', #2024 ) ;
#6876 = ORIENTED_EDGE ( 'NONE', *, *, #3448, .F. ) ;
#6877 = PRESENTATION_LAYER_ASSIGNMENT (  '', '', ( #5791 ) ) ;
#6878 = UNCERTAINTY_MEASURE_WITH_UNIT (LENGTH_MEASURE( 1.000000000000000082E-05 ), #6271, 'distance_accuracy_value', 'NONE');
#6879 = EDGE_CURVE ( 'NONE', #3583, #6572, #5990, .T. ) ;
#6880 = EDGE_CURVE ( 'NONE', #3312, #759, #2071, .T. ) ;
#6881 = LINE ( 'NONE', #8267, #5553 ) ;
#6882 = ORIENTED_EDGE ( 'NONE', *, *, #6772, .F. ) ;
#6883 = CARTESIAN_POINT ( 'NONE',  ( -0.9200000000000000400, 0.0000000000000000000, 0.0000000000000000000 ) ) ;
#6884 = DIRECTION ( 'NONE',  ( 0.0000000000000000000, 0.0000000000000000000, -1.000000000000000000 ) ) ;
#6885 = ORIENTED_EDGE ( 'NONE', *, *, #8352, .T. ) ;
#6886 = SURFACE_SIDE_STYLE ('',( #7070 ) ) ;
#6887 = ORIENTED_EDGE ( 'NONE', *, *, #6822, .F. ) ;
#6888 = EDGE_LOOP ( 'NONE', ( #2649, #7991, #4180, #6728 ) ) ;
#6889 = CARTESIAN_POINT ( 'NONE',  ( -10.41000000000000014, 8.500000000000000000, 1.270000000000000018 ) ) ;
#6890 = ORIENTED_EDGE ( 'NONE', *, *, #842, .T. ) ;
#6891 = CARTESIAN_POINT ( 'NONE',  ( 8.589999999999999858, 0.0000000000000000000, 0.0000000000000000000 ) ) ;
#6892 = VECTOR ( 'NONE', #3993, 1000.000000000000000 ) ;
#6893 = DIRECTION ( 'NONE',  ( -0.0000000000000000000, -1.000000000000000000, -0.0000000000000000000 ) ) ;
#6894 = EDGE_CURVE ( 'NONE', #2476, #398, #3433, .T. ) ;
#6895 = CARTESIAN_POINT ( 'NONE',  ( -1.570000000000000062, -3.000000000000000000, 0.2000000000000000111 ) ) ;
#6896 = VERTEX_POINT ( 'NONE', #4681 ) ;
#6897 = DIRECTION ( 'NONE',  ( -0.0000000000000000000, -0.0000000000000000000, 1.000000000000000000 ) ) ;
#6898 = LINE ( 'NONE', #8243, #860 ) ;
#6899 = ORIENTED_EDGE ( 'NONE', *, *, #4765, .F. ) ;
#6900 = LINE ( 'NONE', #3413, #5660 ) ;
#6901 = FILL_AREA_STYLE ('',( #256 ) ) ;
#6902 = AXIS2_PLACEMENT_3D ( 'NONE', #4417, #7741, #2968 ) ;
#6903 = VERTEX_POINT ( 'NONE', #4759 ) ;
#6904 = VERTEX_POINT ( 'NONE', #8123 ) ;
#6905 = MECHANICAL_DESIGN_GEOMETRIC_PRESENTATION_REPRESENTATION (  '', ( #6775 ), #5810 ) ;
#6906 = DIRECTION ( 'NONE',  ( 0.7071067811865475727, 0.7071067811865475727, 0.0000000000000000000 ) ) ;
#6907 = PRESENTATION_STYLE_ASSIGNMENT (( #780 ) ) ;
#6908 = DIRECTION ( 'NONE',  ( -0.0000000000000000000, -0.0000000000000000000, 1.000000000000000000 ) ) ;
#6909 = FACE_BOUND ( 'NONE', #2042, .T. ) ;
#6910 = VECTOR ( 'NONE', #4967, 1000.000000000000000 ) ;
#6911 = EDGE_LOOP ( 'NONE', ( #6472, #5760, #8559, #7777 ) ) ;
#6912 = EDGE_CURVE ( 'NONE', #1619, #8054, #6640, .T. ) ;
#6913 = CARTESIAN_POINT ( 'NONE',  ( 0.7700000000000000178, 7.500000000000000000, 0.5000000000000000000 ) ) ;
#6914 = VECTOR ( 'NONE', #3150, 1000.000000000000000 ) ;
#6915 = FACE_OUTER_BOUND ( 'NONE', #7838, .T. ) ;
#6916 = VECTOR ( 'NONE', #791, 1000.000000000000000 ) ;
#6917 = DIRECTION ( 'NONE',  ( 0.0000000000000000000, -0.0000000000000000000, -1.000000000000000000 ) ) ;
#6918 =( LENGTH_UNIT ( ) NAMED_UNIT ( * ) SI_UNIT ( .MILLI., .METRE. ) );
#6919 = CARTESIAN_POINT ( 'NONE',  ( 4.110000000000001208, 0.5000000000000000000, 0.2000000000000000111 ) ) ;
#6920 = SURFACE_STYLE_USAGE ( .BOTH. , #2859 ) ;
#6921 = DIRECTION ( 'NONE',  ( -0.0000000000000000000, -0.0000000000000000000, 1.000000000000000000 ) ) ;
#6922 = VECTOR ( 'NONE', #4968, 1000.000000000000000 ) ;
#6923 = VERTEX_POINT ( 'NONE', #6680 ) ;
#6924 = VECTOR ( 'NONE', #2188, 1000.000000000000000 ) ;
#6925 = EDGE_CURVE ( 'NONE', #1158, #8409, #7998, .T. ) ;
#6926 = SURFACE_STYLE_FILL_AREA ( #5585 ) ;
#6927 = FACE_OUTER_BOUND ( 'NONE', #202, .T. ) ;
#6928 = CARTESIAN_POINT ( 'NONE',  ( 10.41000000000000014, 0.5000000000000000000, 0.0000000000000000000 ) ) ;
#6929 = EDGE_LOOP ( 'NONE', ( #7603, #1373, #4040, #6752 ) ) ;
#6930 = AXIS2_PLACEMENT_3D ( 'NONE', #768, #3489, #1377 ) ;
#6931 = DIRECTION ( 'NONE',  ( -1.000000000000000000, 0.0000000000000000000, -0.0000000000000000000 ) ) ;
#6932 = VECTOR ( 'NONE', #4969, 1000.000000000000000 ) ;
#6933 = DIRECTION ( 'NONE',  ( 0.9578262852211679723, -0.2873478855662903730, 0.0000000000000000000 ) ) ;
#6934 = VERTEX_POINT ( 'NONE', #5376 ) ;
#6935 =( NAMED_UNIT ( * ) PLANE_ANGLE_UNIT ( ) SI_UNIT ( $, .RADIAN. ) );
#6936 = ORIENTED_EDGE ( 'NONE', *, *, #628, .F. ) ;
#6937 = ORIENTED_EDGE ( 'NONE', *, *, #3816, .F. ) ;
#6938 = EDGE_CURVE ( 'NONE', #2333, #8423, #670, .T. ) ;
#6939 = DIRECTION ( 'NONE',  ( 1.000000000000000000, -0.0000000000000000000, 0.0000000000000000000 ) ) ;
#6940 = EDGE_CURVE ( 'NONE', #671, #1806, #5300, .T. ) ;
#6941 = ORIENTED_EDGE ( 'NONE', *, *, #5871, .F. ) ;
#6942 = VECTOR ( 'NONE', #7834, 1000.000000000000000 ) ;
#6943 = CARTESIAN_POINT ( 'NONE',  ( 8.589999999999999858, 0.5000000000000000000, -0.2000000000000000111 ) ) ;
#6944 = EDGE_LOOP ( 'NONE', ( #239, #2613, #7965, #3200 ) ) ;
#6945 = LINE ( 'NONE', #3780, #5011 ) ;
#6946 = LINE ( 'NONE', #1028, #8304 ) ;
#6947 = ORIENTED_EDGE ( 'NONE', *, *, #798, .T. ) ;
#6948 = VECTOR ( 'NONE', #7194, 1000.000000000000000 ) ;
#6949 = FILL_AREA_STYLE_COLOUR ( '', #4211 ) ;
#6950 = EDGE_CURVE ( 'NONE', #1316, #390, #3391, .T. ) ;
#6951 = VERTEX_POINT ( 'NONE', #2 ) ;
#6952 = UNCERTAINTY_MEASURE_WITH_UNIT (LENGTH_MEASURE( 1.000000000000000082E-05 ), #6314, 'distance_accuracy_value', 'NONE');
#6953 = LINE ( 'NONE', #7618, #2726 ) ;
#6954 =( LENGTH_UNIT ( ) NAMED_UNIT ( * ) SI_UNIT ( .MILLI., .METRE. ) );
#6955 = CARTESIAN_POINT ( 'NONE',  ( -9.615000000000000213, 0.0000000000000000000, 0.7500000000000000000 ) ) ;
#6956 = LINE ( 'NONE', #1515, #664 ) ;
#6957 = EDGE_LOOP ( 'NONE', ( #4714, #1999, #1871, #5644 ) ) ;
#6958 = CARTESIAN_POINT ( 'NONE',  ( -4.160000000000000142, 0.9000000000000001332, 0.3499999999999999778 ) ) ;
#6959 = LINE ( 'NONE', #2334, #2437 ) ;
#6960 = DIRECTION ( 'NONE',  ( 0.0000000000000000000, -0.0000000000000000000, -1.000000000000000000 ) ) ;
#6961 = CARTESIAN_POINT ( 'NONE',  ( 4.160000000000000142, 7.500000000000000000, -0.3499999999999999778 ) ) ;
#6962 = PLANE ( 'NONE',  #8662 ) ;
#6963 =( LENGTH_UNIT ( ) NAMED_UNIT ( * ) SI_UNIT ( .MILLI., .METRE. ) );
#6964 = DIRECTION ( 'NONE',  ( -0.0000000000000000000, -1.000000000000000000, -0.0000000000000000000 ) ) ;
#6965 = PRESENTATION_STYLE_ASSIGNMENT (( #3049 ) ) ;
#6966 = ORIENTED_EDGE ( 'NONE', *, *, #8343, .F. ) ;
#6967 = UNCERTAINTY_MEASURE_WITH_UNIT (LENGTH_MEASURE( 1.000000000000000082E-05 ), #1869, 'distance_accuracy_value', 'NONE');
#6968 = FACE_OUTER_BOUND ( 'NONE', #3712, .T. ) ;
#6969 =( LENGTH_UNIT ( ) NAMED_UNIT ( * ) SI_UNIT ( .MILLI., .METRE. ) );
#6970 = CARTESIAN_POINT ( 'NONE',  ( 3.509999999999999787, -3.000000000000000000, 0.2000000000000000111 ) ) ;
#6971 = ORIENTED_EDGE ( 'NONE', *, *, #3116, .F. ) ;
#6972 = DIRECTION ( 'NONE',  ( -0.0000000000000000000, -1.000000000000000000, -0.0000000000000000000 ) ) ;
#6973 = EDGE_CURVE ( 'NONE', #3434, #4769, #4097, .T. ) ;
#6974 = SURFACE_STYLE_USAGE ( .BOTH. , #3616 ) ;
#6975 = ORIENTED_EDGE ( 'NONE', *, *, #3397, .F. ) ;
#6976 = CARTESIAN_POINT ( 'NONE',  ( -4.109999999999993214, -2.500000000000000444, 0.2000000000000000944 ) ) ;
#6977 = ORIENTED_EDGE ( 'NONE', *, *, #6779, .T. ) ;
#6978 = FACE_OUTER_BOUND ( 'NONE', #6888, .T. ) ;
#6979 = ORIENTED_EDGE ( 'NONE', *, *, #6514, .F. ) ;
#6980 = FACE_OUTER_BOUND ( 'NONE', #1928, .T. ) ;
#6981 = DIRECTION ( 'NONE',  ( 0.0000000000000000000, 1.000000000000000000, 0.0000000000000000000 ) ) ;
#6982 = VERTEX_POINT ( 'NONE', #8082 ) ;
#6983 = DIRECTION ( 'NONE',  ( 0.0000000000000000000, -0.0000000000000000000, 1.000000000000000000 ) ) ;
#6984 = ADVANCED_FACE ( 'NONE', ( #4133 ), #2690, .F. ) ;
#6985 = EDGE_CURVE ( 'NONE', #4739, #6992, #5943, .T. ) ;
#6986 = ORIENTED_EDGE ( 'NONE', *, *, #2117, .F. ) ;
#6987 = FACE_OUTER_BOUND ( 'NONE', #6438, .T. ) ;
#6988 = FILL_AREA_STYLE ('',( #4475 ) ) ;
#6989 = PRESENTATION_LAYER_ASSIGNMENT (  '', '', ( #564 ) ) ;
#6990 = EDGE_LOOP ( 'NONE', ( #4274, #16, #6769, #2407 ) ) ;
#6991 = PRESENTATION_STYLE_ASSIGNMENT (( #343 ) ) ;
#6992 = VERTEX_POINT ( 'NONE', #6756 ) ;
#6993 = DIRECTION ( 'NONE',  ( 0.0000000000000000000, 0.0000000000000000000, -1.000000000000000000 ) ) ;
#6994 = DIRECTION ( 'NONE',  ( 0.0000000000000000000, -0.0000000000000000000, 1.000000000000000000 ) ) ;
#6995 = LINE ( 'NONE', #3743, #5842 ) ;
#6996 = DIRECTION ( 'NONE',  ( 0.0000000000000000000, 0.0000000000000000000, -1.000000000000000000 ) ) ;
#6997 = EDGE_CURVE ( 'NONE', #5459, #4646, #746, .T. ) ;
#6998 = EDGE_CURVE ( 'NONE', #1099, #8365, #4720, .T. ) ;
#6999 = VECTOR ( 'NONE', #6658, 1000.000000000000000 ) ;
#7000 = DIRECTION ( 'NONE',  ( -0.0000000000000000000, -0.0000000000000000000, 1.000000000000000000 ) ) ;
#7001 = ORIENTED_EDGE ( 'NONE', *, *, #3044, .T. ) ;
#7002 =( GEOMETRIC_REPRESENTATION_CONTEXT ( 3 ) GLOBAL_UNCERTAINTY_ASSIGNED_CONTEXT ( ( #1356 ) ) GLOBAL_UNIT_ASSIGNED_CONTEXT ( ( #3342, #3300, #5448 ) ) REPRESENTATION_CONTEXT ( 'NONE', 'WORKASPACE' ) );
#7003 = LINE ( 'NONE', #7140, #4942 ) ;
#7004 = VECTOR ( 'NONE', #2383, 1000.000000000000000 ) ;
#7005 = VECTOR ( 'NONE', #453, 1000.000000000000000 ) ;
#7006 = CARTESIAN_POINT ( 'NONE',  ( -7.099999999999999645, 7.500000000000000000, 0.0000000000000000000 ) ) ;
#7007 = EDGE_CURVE ( 'NONE', #8423, #3312, #1944, .T. ) ;
#7008 = CARTESIAN_POINT ( 'NONE',  ( 2.070000000000000728, 8.500000000000000000, -0.8000000000000004885 ) ) ;
#7009 = CARTESIAN_POINT ( 'NONE',  ( -3.459999999999999964, 0.9000000000000000222, 0.3499999999999999778 ) ) ;
#7010 = VECTOR ( 'NONE', #3226, 1000.000000000000000 ) ;
#7011 = COLOUR_RGB ( '',0.1568627450980392135, 0.1568627450980392135, 0.1568627450980392135 ) ;
#7012 = CARTESIAN_POINT ( 'NONE',  ( -1.620000000000000107, 0.9000000000000001332, -0.3499999999999999778 ) ) ;
#7013 = ORIENTED_EDGE ( 'NONE', *, *, #904, .T. ) ;
#7014 =( LENGTH_UNIT ( ) NAMED_UNIT ( * ) SI_UNIT ( .MILLI., .METRE. ) );
#7015 = CARTESIAN_POINT ( 'NONE',  ( -0.9699999999999999734, -2.500000000000000000, -0.2000000000000000111 ) ) ;
#7016 =( LENGTH_UNIT ( ) NAMED_UNIT ( * ) SI_UNIT ( .MILLI., .METRE. ) );
#7017 = SURFACE_STYLE_USAGE ( .BOTH. , #1585 ) ;
#7018 = PLANE ( 'NONE',  #5158 ) ;
#7019 = EDGE_LOOP ( 'NONE', ( #797, #6159, #1977, #5852 ) ) ;
#7020 = DIRECTION ( 'NONE',  ( -0.0000000000000000000, 0.0000000000000000000, -1.000000000000000000 ) ) ;
#7021 = DIRECTION ( 'NONE',  ( -0.0000000000000000000, -1.000000000000000000, -0.0000000000000000000 ) ) ;
#7022 = ORIENTED_EDGE ( 'NONE', *, *, #5987, .T. ) ;
#7023 = CARTESIAN_POINT ( 'NONE',  ( 9.640000000000000568, 0.5000000000000000000, 0.7500000000000000000 ) ) ;
#7024 = VECTOR ( 'NONE', #1953, 1000.000000000000000 ) ;
#7025 = VERTEX_POINT ( 'NONE', #629 ) ;
#7026 = PLANE ( 'NONE',  #10 ) ;
#7027 = PRESENTATION_STYLE_ASSIGNMENT (( #4328 ) ) ;
#7028 = ADVANCED_FACE ( 'NONE', ( #7282 ), #1275, .T. ) ;
#7029 = MECHANICAL_DESIGN_GEOMETRIC_PRESENTATION_REPRESENTATION (  '', ( #7316 ), #5111 ) ;
#7030 = CARTESIAN_POINT ( 'NONE',  ( 0.6199999999999999956, 8.349999999999999645, 0.0000000000000000000 ) ) ;
#7031 = DIRECTION ( 'NONE',  ( 0.0000000000000000000, 1.000000000000000000, -0.0000000000000000000 ) ) ;
#7032 = EDGE_LOOP ( 'NONE', ( #4966, #6036, #6180, #1098 ) ) ;
#7033 = DIRECTION ( 'NONE',  ( 0.0000000000000000000, 1.000000000000000000, 0.0000000000000000000 ) ) ;
#7034 = FILL_AREA_STYLE_COLOUR ( '', #2557 ) ;
#7035 = ORIENTED_EDGE ( 'NONE', *, *, #2267, .F. ) ;
#7036 = SURFACE_STYLE_USAGE ( .BOTH. , #7704 ) ;
#7037 = EDGE_LOOP ( 'NONE', ( #5870, #6635, #4485, #541 ) ) ;
#7038 = VECTOR ( 'NONE', #5562, 999.9999999999998863 ) ;
#7039 = DIRECTION ( 'NONE',  ( -1.000000000000000000, 0.0000000000000000000, -0.0000000000000000000 ) ) ;
#7040 = EDGE_LOOP ( 'NONE', ( #1280, #8335, #2194, #6162 ) ) ;
#7041 = EDGE_CURVE ( 'NONE', #7740, #4306, #8674, .T. ) ;
#7042 = CARTESIAN_POINT ( 'NONE',  ( -9.390000000000000568, 0.5000000000000000000, -0.5000000000000000000 ) ) ;
#7043 = CARTESIAN_POINT ( 'NONE',  ( -3.310000000000000053, 8.199999999999999289, -0.5000000000000000000 ) ) ;
#7044 = DIRECTION ( 'NONE',  ( 0.0000000000000000000, 0.0000000000000000000, -1.000000000000000000 ) ) ;
#7045 = CARTESIAN_POINT ( 'NONE',  ( -4.559999999999999609, 7.500000000000000000, 0.0000000000000000000 ) ) ;
#7046 =( NAMED_UNIT ( * ) SI_UNIT ( $, .STERADIAN. ) SOLID_ANGLE_UNIT ( ) );
#7047 = ORIENTED_EDGE ( 'NONE', *, *, #4511, .T. ) ;
#7048 = VECTOR ( 'NONE', #1429, 1000.000000000000000 ) ;
#7049 = EDGE_CURVE ( 'NONE', #600, #5583, #6241, .T. ) ;
#7050 = PLANE ( 'NONE',  #2842 ) ;
#7051 = EDGE_CURVE ( 'NONE', #7176, #3680, #2857, .T. ) ;
#7052 = LINE ( 'NONE', #5753, #7788 ) ;
#7053 = CARTESIAN_POINT ( 'NONE',  ( 4.559999999999999609, 0.0000000000000000000, 0.0000000000000000000 ) ) ;
#7054 = FILL_AREA_STYLE_COLOUR ( '', #4645 ) ;
#7055 = SURFACE_SIDE_STYLE ('',( #4405 ) ) ;
#7056 = COLOUR_RGB ( '',0.1568627450980392135, 0.1568627450980392135, 0.1568627450980392135 ) ;
#7057 = ORIENTED_EDGE ( 'NONE', *, *, #7546, .T. ) ;
#7058 = PRESENTATION_STYLE_ASSIGNMENT (( #5247 ) ) ;
#7059 = EDGE_CURVE ( 'NONE', #1806, #1058, #4214, .T. ) ;
#7060 = VECTOR ( 'NONE', #8009, 1000.000000000000114 ) ;
#7061 = VECTOR ( 'NONE', #7824, 1000.000000000000000 ) ;
#7062 = UNCERTAINTY_MEASURE_WITH_UNIT (LENGTH_MEASURE( 1.000000000000000082E-05 ), #502, 'distance_accuracy_value', 'NONE');
#7063 = LINE ( 'NONE', #3136, #3301 ) ;
#7064 = CARTESIAN_POINT ( 'NONE',  ( 5.599999999999999645, 0.0000000000000000000, 0.7500000000000000000 ) ) ;
#7065 = DIRECTION ( 'NONE',  ( 0.0000000000000000000, -0.0000000000000000000, 1.000000000000000000 ) ) ;
#7066 = DIRECTION ( 'NONE',  ( -0.0000000000000000000, 0.0000000000000000000, 1.000000000000000000 ) ) ;
#7067 = ORIENTED_EDGE ( 'NONE', *, *, #8086, .F. ) ;
#7068 =( NAMED_UNIT ( * ) PLANE_ANGLE_UNIT ( ) SI_UNIT ( $, .RADIAN. ) );
#7069 = ORIENTED_EDGE ( 'NONE', *, *, #4452, .T. ) ;
#7070 = SURFACE_STYLE_FILL_AREA ( #8322 ) ;
#7071 = VECTOR ( 'NONE', #3297, 1000.000000000000000 ) ;
#7072 = PRESENTATION_LAYER_ASSIGNMENT (  '', '', ( #2332 ) ) ;
#7073 = ORIENTED_EDGE ( 'NONE', *, *, #5063, .F. ) ;
#7074 = LINE ( 'NONE', #7209, #3827 ) ;
#7075 = FACE_OUTER_BOUND ( 'NONE', #6712, .T. ) ;
#7076 =( GEOMETRIC_REPRESENTATION_CONTEXT ( 3 ) GLOBAL_UNCERTAINTY_ASSIGNED_CONTEXT ( ( #4633 ) ) GLOBAL_UNIT_ASSIGNED_CONTEXT ( ( #4872, #7388, #6009 ) ) REPRESENTATION_CONTEXT ( 'NONE', 'WORKASPACE' ) );
#7077 = FILL_AREA_STYLE_COLOUR ( '', #3249 ) ;
#7078 = DIRECTION ( 'NONE',  ( -0.0000000000000000000, -0.0000000000000000000, 1.000000000000000000 ) ) ;
#7079 = ORIENTED_EDGE ( 'NONE', *, *, #2661, .F. ) ;
#7080 = DIRECTION ( 'NONE',  ( 1.000000000000000000, -0.0000000000000000000, 0.0000000000000000000 ) ) ;
#7081 = PLANE ( 'NONE',  #315 ) ;
#7082 = ORIENTED_EDGE ( 'NONE', *, *, #4669, .T. ) ;
#7083 =( NAMED_UNIT ( * ) PLANE_ANGLE_UNIT ( ) SI_UNIT ( $, .RADIAN. ) );
#7084 = CARTESIAN_POINT ( 'NONE',  ( -6.850000000000000533, 0.5000000000000000000, -0.5000000000000000000 ) ) ;
#7085 = EDGE_CURVE ( 'NONE', #4948, #7160, #8172, .T. ) ;
#7086 = VECTOR ( 'NONE', #4768, 1000.000000000000000 ) ;
#7087 =( GEOMETRIC_REPRESENTATION_CONTEXT ( 3 ) GLOBAL_UNCERTAINTY_ASSIGNED_CONTEXT ( ( #754 ) ) GLOBAL_UNIT_ASSIGNED_CONTEXT ( ( #3528, #1848, #372 ) ) REPRESENTATION_CONTEXT ( 'NONE', 'WORKASPACE' ) );
#7088 = ORIENTED_EDGE ( 'NONE', *, *, #5871, .T. ) ;
#7089 = ORIENTED_EDGE ( 'NONE', *, *, #3245, .F. ) ;
#7090 = CARTESIAN_POINT ( 'NONE',  ( -1.770000000000000018, 8.199999999999999289, 0.4999999999999998890 ) ) ;
#7091 = CARTESIAN_POINT ( 'NONE',  ( 8.539999999999999147, 0.9000000000000001332, 0.3499999999999999778 ) ) ;
#7092 = VECTOR ( 'NONE', #357, 1000.000000000000000 ) ;
#7093 = DIRECTION ( 'NONE',  ( 0.0000000000000000000, 1.000000000000000000, 0.0000000000000000000 ) ) ;
#7094 = DIRECTION ( 'NONE',  ( 1.000000000000000000, -0.0000000000000000000, 0.0000000000000000000 ) ) ;
#7095 = FACE_OUTER_BOUND ( 'NONE', #3736, .T. ) ;
#7096 = LINE ( 'NONE', #4440, #3544 ) ;
#7097 = FILL_AREA_STYLE ('',( #7852 ) ) ;
#7098 = EDGE_CURVE ( 'NONE', #3070, #2253, #271, .T. ) ;
#7099 = ORIENTED_EDGE ( 'NONE', *, *, #2178, .F. ) ;
#7100 = VECTOR ( 'NONE', #169, 1000.000000000000000 ) ;
#7101 = FILL_AREA_STYLE ('',( #2508 ) ) ;
#7102 = DIRECTION ( 'NONE',  ( 1.000000000000000000, -0.0000000000000000000, 0.0000000000000000000 ) ) ;
#7103 = SURFACE_STYLE_USAGE ( .BOTH. , #6420 ) ;
#7104 = CARTESIAN_POINT ( 'NONE',  ( -8.390000000000000568, 7.500000000000000000, 0.5000000000000000000 ) ) ;
#7105 = CARTESIAN_POINT ( 'NONE',  ( 1.770000000000000018, 0.0000000000000000000, 0.5000000000000000000 ) ) ;
#7106 = LINE ( 'NONE', #5887, #7712 ) ;
#7107 = EDGE_CURVE ( 'NONE', #7753, #3195, #2197, .T. ) ;
#7108 = EDGE_CURVE ( 'NONE', #4306, #5282, #2287, .T. ) ;
#7109 = VERTEX_POINT ( 'NONE', #6335 ) ;
#7110 = VERTEX_POINT ( 'NONE', #4982 ) ;
#7111 = FACE_OUTER_BOUND ( 'NONE', #3956, .T. ) ;
#7112 = CARTESIAN_POINT ( 'NONE',  ( 4.610000000000001208, 8.500000000000000000, -1.270000000000000018 ) ) ;
#7113 = DIRECTION ( 'NONE',  ( 1.000000000000000000, 0.0000000000000000000, 0.0000000000000000000 ) ) ;
#7114 = CARTESIAN_POINT ( 'NONE',  ( -4.460000000000000853, 8.349999999999999645, 0.0000000000000000000 ) ) ;
#7115 = LINE ( 'NONE', #6471, #1214 ) ;
#7116 = ORIENTED_EDGE ( 'NONE', *, *, #1864, .T. ) ;
#7117 = DIRECTION ( 'NONE',  ( 0.2873478855662903730, 0.9578262852211679723, 0.0000000000000000000 ) ) ;
#7118 = ORIENTED_EDGE ( 'NONE', *, *, #8642, .F. ) ;
#7119 = EDGE_CURVE ( 'NONE', #671, #7248, #5624, .T. ) ;
#7120 = DIRECTION ( 'NONE',  ( 0.0000000000000000000, 0.7071067811865475727, -0.7071067811865475727 ) ) ;
#7121 = ORIENTED_EDGE ( 'NONE', *, *, #3191, .F. ) ;
#7122 = CARTESIAN_POINT ( 'NONE',  ( 6.650000000000000355, 0.5000000000000000000, 0.2000000000000000111 ) ) ;
#7123 = SURFACE_SIDE_STYLE ('',( #8551 ) ) ;
#7124 = ORIENTED_EDGE ( 'NONE', *, *, #4219, .F. ) ;
#7125 = LINE ( 'NONE', #1737, #464 ) ;
#7126 = ORIENTED_EDGE ( 'NONE', *, *, #3361, .T. ) ;
#7127 = CARTESIAN_POINT ( 'NONE',  ( -4.110000000000001208, 0.5000000000000000000, -0.1999999999999999833 ) ) ;
#7128 = ORIENTED_EDGE ( 'NONE', *, *, #7085, .F. ) ;
#7129 = LINE ( 'NONE', #4477, #8135 ) ;
#7130 = EDGE_LOOP ( 'NONE', ( #8357, #7, #6684, #8684 ) ) ;
#7131 = FACE_OUTER_BOUND ( 'NONE', #3449, .T. ) ;
#7132 = LINE ( 'NONE', #1129, #7792 ) ;
#7133 = PLANE ( 'NONE',  #4727 ) ;
#7134 = PLANE ( 'NONE',  #24 ) ;
#7135 = AXIS2_PLACEMENT_3D ( 'NONE', #840, #8270, #4322 ) ;
#7136 = PLANE ( 'NONE',  #4166 ) ;
#7137 = CARTESIAN_POINT ( 'NONE',  ( -9.189999999999999503, 0.5000000000000000000, 0.7500000000000000000 ) ) ;
#7138 = DIRECTION ( 'NONE',  ( 0.0000000000000000000, 0.0000000000000000000, -1.000000000000000000 ) ) ;
#7139 = EDGE_LOOP ( 'NONE', ( #2180, #2054, #5924, #587 ) ) ;
#7140 = CARTESIAN_POINT ( 'NONE',  ( -6.700000000000000178, 7.500000000000000000, 0.3499999999999999778 ) ) ;
#7141 = CARTESIAN_POINT ( 'NONE',  ( 4.160000000000000142, 0.0000000000000000000, 0.0000000000000000000 ) ) ;
#7142 = STYLED_ITEM ( 'NONE', ( #1317 ), #8013 ) ;
#7143 = EDGE_CURVE ( 'NONE', #4079, #5307, #4177, .T. ) ;
#7144 = AXIS2_PLACEMENT_3D ( 'NONE', #974, #3675, #8375 ) ;
#7145 = CARTESIAN_POINT ( 'NONE',  ( -3.060000000000000053, 0.0000000000000000000, 0.0000000000000000000 ) ) ;
#7146 = CARTESIAN_POINT ( 'NONE',  ( -4.535000000000000142, 7.500000000000000000, -0.7500000000000000000 ) ) ;
#7147 = ORIENTED_EDGE ( 'NONE', *, *, #3420, .F. ) ;
#7148 = MECHANICAL_DESIGN_GEOMETRIC_PRESENTATION_REPRESENTATION (  '', ( #705 ), #1268 ) ;
#7149 = VECTOR ( 'NONE', #21, 1000.000000000000000 ) ;
#7150 = EDGE_LOOP ( 'NONE', ( #1164, #3083, #7906, #6124 ) ) ;
#7151 = CARTESIAN_POINT ( 'NONE',  ( 4.534999999999999254, 7.500000000000000000, -0.7500000000000000000 ) ) ;
#7152 = EDGE_CURVE ( 'NONE', #2877, #5552, #2907, .T. ) ;
#7153 = UNCERTAINTY_MEASURE_WITH_UNIT (LENGTH_MEASURE( 1.000000000000000082E-05 ), #6560, 'distance_accuracy_value', 'NONE');
#7154 = DIRECTION ( 'NONE',  ( -0.5773502691896266192, -0.5773502691896266192, 0.5773502691896239547 ) ) ;
#7155 =( GEOMETRIC_REPRESENTATION_CONTEXT ( 3 ) GLOBAL_UNCERTAINTY_ASSIGNED_CONTEXT ( ( #1532 ) ) GLOBAL_UNIT_ASSIGNED_CONTEXT ( ( #6969, #1725, #7643 ) ) REPRESENTATION_CONTEXT ( 'NONE', 'WORKASPACE' ) );
#7156 = FACE_OUTER_BOUND ( 'NONE', #4593, .T. ) ;
#7157 = STYLED_ITEM ( 'NONE', ( #43 ), #789 ) ;
#7158 = ORIENTED_EDGE ( 'NONE', *, *, #2720, .F. ) ;
#7159 =( LENGTH_UNIT ( ) NAMED_UNIT ( * ) SI_UNIT ( .MILLI., .METRE. ) );
#7160 = VERTEX_POINT ( 'NONE', #5579 ) ;
#7161 =( NAMED_UNIT ( * ) PLANE_ANGLE_UNIT ( ) SI_UNIT ( $, .RADIAN. ) );
#7162 = ORIENTED_EDGE ( 'NONE', *, *, #4315, .F. ) ;
#7163 = LINE ( 'NONE', #5772, #4093 ) ;
#7164 = AXIS2_PLACEMENT_3D ( 'NONE', #817, #3501, #2019 ) ;
#7165 = STYLED_ITEM ( 'NONE', ( #532 ), #989 ) ;
#7166 = ADVANCED_FACE ( 'NONE', ( #125 ), #5497, .T. ) ;
#7167 = EDGE_CURVE ( 'NONE', #5199, #6904, #3000, .T. ) ;
#7168 = LINE ( 'NONE', #3907, #7010 ) ;
#7169 = PLANE ( 'NONE',  #2342 ) ;
#7170 = ORIENTED_EDGE ( 'NONE', *, *, #8046, .F. ) ;
#7171 = CARTESIAN_POINT ( 'NONE',  ( -5.625000000000000000, 0.5000000000000000000, 0.7500000000000000000 ) ) ;
#7172 = VECTOR ( 'NONE', #384, 1000.000000000000000 ) ;
#7173 = ORIENTED_EDGE ( 'NONE', *, *, #4055, .T. ) ;
#7174 = DIRECTION ( 'NONE',  ( 0.0000000000000000000, -0.7071067811865474617, 0.7071067811865474617 ) ) ;
#7175 = LINE ( 'NONE', #5827, #4657 ) ;
#7176 = VERTEX_POINT ( 'NONE', #5669 ) ;
#7177 = LINE ( 'NONE', #520, #1838 ) ;
#7178 = ORIENTED_EDGE ( 'NONE', *, *, #1411, .F. ) ;
#7179 = AXIS2_PLACEMENT_3D ( 'NONE', #7837, #1781, #2492 ) ;
#7180 = ADVANCED_FACE ( 'NONE', ( #1576 ), #6962, .F. ) ;
#7181 = DIRECTION ( 'NONE',  ( -1.000000000000000000, 0.0000000000000000000, -0.0000000000000000000 ) ) ;
#7182 = DIRECTION ( 'NONE',  ( 1.000000000000000000, -0.0000000000000000000, 0.0000000000000000000 ) ) ;
#7183 = FILL_AREA_STYLE_COLOUR ( '', #4155 ) ;
#7184 = LINE ( 'NONE', #4573, #6067 ) ;
#7185 = FACE_BOUND ( 'NONE', #4524, .T. ) ;
#7186 =( NAMED_UNIT ( * ) SI_UNIT ( $, .STERADIAN. ) SOLID_ANGLE_UNIT ( ) );
#7187 = PLANE ( 'NONE',  #6328 ) ;
#7188 = VECTOR ( 'NONE', #5020, 1000.000000000000000 ) ;
#7189 = VERTEX_POINT ( 'NONE', #7901 ) ;
#7190 = SURFACE_STYLE_FILL_AREA ( #1710 ) ;
#7191 = CARTESIAN_POINT ( 'NONE',  ( -4.610000000000000320, 8.500000000000000000, -1.270000000000000018 ) ) ;
#7192 = AXIS2_PLACEMENT_3D ( 'NONE', #4785, #75, #3541 ) ;
#7193 = DIRECTION ( 'NONE',  ( -0.0000000000000000000, 0.0000000000000000000, -1.000000000000000000 ) ) ;
#7194 = DIRECTION ( 'NONE',  ( -1.000000000000000000, -0.0000000000000000000, 0.0000000000000000000 ) ) ;
#7195 = CARTESIAN_POINT ( 'NONE',  ( -9.615000000000000213, 0.5000000000000000000, -0.7500000000000000000 ) ) ;
#7196 = CARTESIAN_POINT ( 'NONE',  ( -9.240000000000000213, 7.500000000000000000, -0.3499999999999999778 ) ) ;
#7197 = ADVANCED_FACE ( 'NONE', ( #6551 ), #8534, .F. ) ;
#7198 = VERTEX_POINT ( 'NONE', #5754 ) ;
#7199 = ORIENTED_EDGE ( 'NONE', *, *, #5853, .T. ) ;
#7200 = CARTESIAN_POINT ( 'NONE',  ( 3.060000000000000053, 7.500000000000000000, -0.7500000000000000000 ) ) ;
#7201 = FACE_OUTER_BOUND ( 'NONE', #4772, .T. ) ;
#7202 = FACE_OUTER_BOUND ( 'NONE', #757, .T. ) ;
#7203 = VERTEX_POINT ( 'NONE', #3210 ) ;
#7204 = CARTESIAN_POINT ( 'NONE',  ( -3.084999999999999964, 0.5000000000000000000, 0.7500000000000000000 ) ) ;
#7205 = ORIENTED_EDGE ( 'NONE', *, *, #8707, .T. ) ;
#7206 = ADVANCED_FACE ( 'NONE', ( #5069 ), #2473, .F. ) ;
#7207 = VERTEX_POINT ( 'NONE', #2511 ) ;
#7208 = AXIS2_PLACEMENT_3D ( 'NONE', #232, #1634, #2912 ) ;
#7209 = CARTESIAN_POINT ( 'NONE',  ( 3.459999999999999964, 0.0000000000000000000, -0.3499999999999999778 ) ) ;
#7210 = LINE ( 'NONE', #5776, #5091 ) ;
#7211 = FACE_OUTER_BOUND ( 'NONE', #7040, .T. ) ;
#7212 = EDGE_LOOP ( 'NONE', ( #7386, #1243, #4588, #1824 ) ) ;
#7213 = FACE_OUTER_BOUND ( 'NONE', #3983, .T. ) ;
#7214 = ORIENTED_EDGE ( 'NONE', *, *, #7946, .T. ) ;
#7215 = CARTESIAN_POINT ( 'NONE',  ( -6.349999999999999645, 8.349999999999999645, -0.6500000000000001332 ) ) ;
#7216 = EDGE_CURVE ( 'NONE', #5125, #3292, #7726, .T. ) ;
#7217 = EDGE_CURVE ( 'NONE', #2166, #2749, #8486, .T. ) ;
#7218 = ORIENTED_EDGE ( 'NONE', *, *, #8567, .F. ) ;
#7219 =( NAMED_UNIT ( * ) PLANE_ANGLE_UNIT ( ) SI_UNIT ( $, .RADIAN. ) );
#7220 = ORIENTED_EDGE ( 'NONE', *, *, #7830, .T. ) ;
#7221 =( GEOMETRIC_REPRESENTATION_CONTEXT ( 3 ) GLOBAL_UNCERTAINTY_ASSIGNED_CONTEXT ( ( #4359 ) ) GLOBAL_UNIT_ASSIGNED_CONTEXT ( ( #7450, #790, #2541 ) ) REPRESENTATION_CONTEXT ( 'NONE', 'WORKASPACE' ) );
#7222 = MECHANICAL_DESIGN_GEOMETRIC_PRESENTATION_REPRESENTATION (  '', ( #2332 ), #8358 ) ;
#7223 = CARTESIAN_POINT ( 'NONE',  ( -7.150000000000000355, 8.500000000000000000, -1.270000000000000018 ) ) ;
#7224 =( NAMED_UNIT ( * ) PLANE_ANGLE_UNIT ( ) SI_UNIT ( $, .RADIAN. ) );
#7225 = CARTESIAN_POINT ( 'NONE',  ( -4.535000000000000142, 7.500000000000000000, 0.7500000000000000000 ) ) ;
#7226 = LINE ( 'NONE', #1879, #4231 ) ;
#7227 = SURFACE_SIDE_STYLE ('',( #1089 ) ) ;
#7228 = VECTOR ( 'NONE', #3584, 1000.000000000000000 ) ;
#7229 = ADVANCED_FACE ( 'NONE', ( #402 ), #3798, .T. ) ;
#7230 = ORIENTED_EDGE ( 'NONE', *, *, #5249, .F. ) ;
#7231 = VECTOR ( 'NONE', #4859, 1000.000000000000000 ) ;
#7232 = DIRECTION ( 'NONE',  ( -0.0000000000000000000, -0.0000000000000000000, 1.000000000000000000 ) ) ;
#7233 = DIRECTION ( 'NONE',  ( 0.2873478855663468279, 0.9578262852211509859, 0.0000000000000000000 ) ) ;
#7234 = DIRECTION ( 'NONE',  ( 1.000000000000000000, -0.0000000000000000000, 0.0000000000000000000 ) ) ;
#7235 = CARTESIAN_POINT ( 'NONE',  ( -6.649999999999992362, -2.499999999999997780, -0.2000000000000000944 ) ) ;
#7236 = FACE_OUTER_BOUND ( 'NONE', #8547, .T. ) ;
#7237 = PRESENTATION_STYLE_ASSIGNMENT (( #1890 ) ) ;
#7238 = VECTOR ( 'NONE', #5336, 1000.000000000000000 ) ;
#7239 = ORIENTED_EDGE ( 'NONE', *, *, #8424, .F. ) ;
#7240 = EDGE_LOOP ( 'NONE', ( #8235, #2520, #5944, #2617 ) ) ;
#7241 = SURFACE_STYLE_USAGE ( .BOTH. , #4590 ) ;
#7242 = VECTOR ( 'NONE', #4973, 1000.000000000000000 ) ;
#7243 = FILL_AREA_STYLE ('',( #1194 ) ) ;
#7244 = ORIENTED_EDGE ( 'NONE', *, *, #3524, .T. ) ;
#7245 = FACE_OUTER_BOUND ( 'NONE', #4418, .T. ) ;
#7246 = EDGE_LOOP ( 'NONE', ( #6167, #5519, #2751, #5981, #2686, #733, #3856, #6887 ) ) ;
#7247 =( LENGTH_UNIT ( ) NAMED_UNIT ( * ) SI_UNIT ( .MILLI., .METRE. ) );
#7248 = VERTEX_POINT ( 'NONE', #1141 ) ;
#7249 = ADVANCED_FACE ( 'NONE', ( #6457 ), #4403, .F. ) ;
#7250 = LINE ( 'NONE', #637, #710 ) ;
#7251 = ORIENTED_EDGE ( 'NONE', *, *, #3056, .F. ) ;
#7252 = PRESENTATION_STYLE_ASSIGNMENT (( #3867 ) ) ;
#7253 = ORIENTED_EDGE ( 'NONE', *, *, #7918, .T. ) ;
#7254 = LINE ( 'NONE', #5910, #2441 ) ;
#7255 = VERTEX_POINT ( 'NONE', #7818 ) ;
#7256 = VERTEX_POINT ( 'NONE', #7104 ) ;
#7257 = DIRECTION ( 'NONE',  ( 0.0000000000000000000, 0.0000000000000000000, -1.000000000000000000 ) ) ;
#7258 = EDGE_CURVE ( 'NONE', #5614, #1402, #8574, .T. ) ;
#7259 = PRESENTATION_STYLE_ASSIGNMENT (( #3238 ) ) ;
#7260 = EDGE_CURVE ( 'NONE', #8538, #309, #1800, .T. ) ;
#7261 = CARTESIAN_POINT ( 'NONE',  ( 4.160000000000000142, 0.9000000000000001332, 0.3499999999999999778 ) ) ;
#7262 = CARTESIAN_POINT ( 'NONE',  ( 6.000000000000000000, 7.500000000000000000, -0.3499999999999999778 ) ) ;
#7263 = DIRECTION ( 'NONE',  ( 0.0000000000000000000, 1.000000000000000000, 0.0000000000000000000 ) ) ;
#7264 = PLANE ( 'NONE',  #6631 ) ;
#7265 =( LENGTH_UNIT ( ) NAMED_UNIT ( * ) SI_UNIT ( .MILLI., .METRE. ) );
#7266 = DIRECTION ( 'NONE',  ( 0.0000000000000000000, 0.0000000000000000000, -1.000000000000000000 ) ) ;
#7267 = ORIENTED_EDGE ( 'NONE', *, *, #8688, .F. ) ;
#7268 = EDGE_CURVE ( 'NONE', #1594, #6804, #7858, .T. ) ;
#7269 = AXIS2_PLACEMENT_3D ( 'NONE', #6120, #1398, #5338 ) ;
#7270 = EDGE_CURVE ( 'NONE', #2727, #2606, #1095, .T. ) ;
#7271 = CARTESIAN_POINT ( 'NONE',  ( 5.850000000000000533, 0.5000000000000000000, -0.5000000000000000000 ) ) ;
#7272 = PRESENTATION_STYLE_ASSIGNMENT (( #7950 ) ) ;
#7273 = DIRECTION ( 'NONE',  ( 0.0000000000000000000, -0.0000000000000000000, -1.000000000000000000 ) ) ;
#7274 = CARTESIAN_POINT ( 'NONE',  ( -5.625000000000000000, 7.500000000000000000, 0.7500000000000000000 ) ) ;
#7275 = ORIENTED_EDGE ( 'NONE', *, *, #4748, .T. ) ;
#7276 = DIRECTION ( 'NONE',  ( 0.9578262852211679723, -0.2873478855662903730, 0.0000000000000000000 ) ) ;
#7277 = ORIENTED_EDGE ( 'NONE', *, *, #6458, .T. ) ;
#7278 = ORIENTED_EDGE ( 'NONE', *, *, #45, .F. ) ;
#7279 = EDGE_CURVE ( 'NONE', #875, #1044, #5848, .T. ) ;
#7280 = DIRECTION ( 'NONE',  ( 0.0000000000000000000, 0.0000000000000000000, -1.000000000000000000 ) ) ;
#7281 = SURFACE_STYLE_FILL_AREA ( #8081 ) ;
#7282 = FACE_OUTER_BOUND ( 'NONE', #4513, .T. ) ;
#7283 = ORIENTED_EDGE ( 'NONE', *, *, #6810, .T. ) ;
#7284 = CARTESIAN_POINT ( 'NONE',  ( -8.539999999999999147, 0.0000000000000000000, 0.0000000000000000000 ) ) ;
#7285 = MECHANICAL_DESIGN_GEOMETRIC_PRESENTATION_REPRESENTATION (  '', ( #1151 ), #7155 ) ;
#7286 = ORIENTED_EDGE ( 'NONE', *, *, #2228, .T. ) ;
#7287 = COLOUR_RGB ( '',0.1568627450980392135, 0.1568627450980392135, 0.1568627450980392135 ) ;
#7288 = CARTESIAN_POINT ( 'NONE',  ( -6.700000000000000178, 0.0000000000000000000, 0.3499999999999999778 ) ) ;
#7289 = ORIENTED_EDGE ( 'NONE', *, *, #3936, .F. ) ;
#7290 = PRESENTATION_LAYER_ASSIGNMENT (  '', '', ( #2547 ) ) ;
#7291 = VECTOR ( 'NONE', #1625, 1000.000000000000000 ) ;
#7292 = COLOUR_RGB ( '',0.1568627450980392135, 0.1568627450980392135, 0.1568627450980392135 ) ;
#7293 = DIRECTION ( 'NONE',  ( 0.0000000000000000000, -0.0000000000000000000, 1.000000000000000000 ) ) ;
#7294 = ORIENTED_EDGE ( 'NONE', *, *, #8259, .T. ) ;
#7295 = FILL_AREA_STYLE ('',( #7882 ) ) ;
#7296 = ORIENTED_EDGE ( 'NONE', *, *, #5720, .T. ) ;
#7297 = CARTESIAN_POINT ( 'NONE',  ( 9.615000000000000213, 0.5000000000000000000, -0.7500000000000000000 ) ) ;
#7298 = VECTOR ( 'NONE', #4510, 1000.000000000000000 ) ;
#7299 = STYLED_ITEM ( 'NONE', ( #2146 ), #944 ) ;
#7300 = ORIENTED_EDGE ( 'NONE', *, *, #4062, .T. ) ;
#7301 = ADVANCED_FACE ( 'NONE', ( #3755 ), #1847, .T. ) ;
#7302 = PRESENTATION_STYLE_ASSIGNMENT (( #104 ) ) ;
#7303 = ORIENTED_EDGE ( 'NONE', *, *, #6743, .F. ) ;
#7304 = VECTOR ( 'NONE', #5148, 1000.000000000000000 ) ;
#7305 = MECHANICAL_DESIGN_GEOMETRIC_PRESENTATION_REPRESENTATION (  '', ( #1995 ), #455 ) ;
#7306 = DIRECTION ( 'NONE',  ( -0.0000000000000000000, -1.000000000000000000, -0.0000000000000000000 ) ) ;
#7307 = CARTESIAN_POINT ( 'NONE',  ( 0.7700000000000000178, 7.500000000000000000, -0.5000000000000000000 ) ) ;
#7308 = CARTESIAN_POINT ( 'NONE',  ( -4.110000000000001208, 0.5000000000000000000, -0.2000000000000000111 ) ) ;
#7309 = CARTESIAN_POINT ( 'NONE',  ( 3.459999999999999964, 7.500000000000000000, -0.3499999999999999778 ) ) ;
#7310 = CARTESIAN_POINT ( 'NONE',  ( 3.459999999999999964, 7.500000000000000000, -0.3499999999999999778 ) ) ;
#7311 = DIRECTION ( 'NONE',  ( 1.000000000000000000, -0.0000000000000000000, 0.0000000000000000000 ) ) ;
#7312 = EDGE_LOOP ( 'NONE', ( #6431, #7558, #1146, #2654 ) ) ;
#7313 = EDGE_CURVE ( 'NONE', #6843, #3576, #1006, .T. ) ;
#7314 = LINE ( 'NONE', #4536, #7935 ) ;
#7315 = LINE ( 'NONE', #1303, #2703 ) ;
#7316 = STYLED_ITEM ( 'NONE', ( #5748 ), #2835 ) ;
#7317 = PLANE ( 'NONE',  #5831 ) ;
#7318 = EDGE_LOOP ( 'NONE', ( #172, #4865, #3006, #8412 ) ) ;
#7319 = CARTESIAN_POINT ( 'NONE',  ( 8.390000000000002345, 8.199999999999999289, 0.0000000000000000000 ) ) ;
#7320 = VERTEX_POINT ( 'NONE', #3046 ) ;
#7321 = ADVANCED_FACE ( 'NONE', ( #5715 ), #2384, .F. ) ;
#7322 = EDGE_CURVE ( 'NONE', #2965, #8198, #6749, .T. ) ;
#7323 = VECTOR ( 'NONE', #6655, 1000.000000000000000 ) ;
#7324 = CARTESIAN_POINT ( 'NONE',  ( 1.569999999999999840, 0.5000000000000000000, 0.1999999999999999833 ) ) ;
#7325 = SURFACE_SIDE_STYLE ('',( #6153 ) ) ;
#7326 = DIRECTION ( 'NONE',  ( -0.0000000000000000000, -1.000000000000000000, -0.0000000000000000000 ) ) ;
#7327 = CARTESIAN_POINT ( 'NONE',  ( -4.535000000000000142, 7.500000000000000000, 0.0000000000000000000 ) ) ;
#7328 = FILL_AREA_STYLE ('',( #8085 ) ) ;
#7329 = PRESENTATION_LAYER_ASSIGNMENT (  '', '', ( #4406 ) ) ;
#7330 = VERTEX_POINT ( 'NONE', #2601 ) ;
#7331 = CARTESIAN_POINT ( 'NONE',  ( -10.41000000000000014, 0.5000000000000000000, 0.7500000000000000000 ) ) ;
#7332 = EDGE_CURVE ( 'NONE', #5443, #7491, #4752, .T. ) ;
#7333 = ORIENTED_EDGE ( 'NONE', *, *, #173, .F. ) ;
#7334 = VECTOR ( 'NONE', #2798, 1000.000000000000000 ) ;
#7335 = UNCERTAINTY_MEASURE_WITH_UNIT (LENGTH_MEASURE( 1.000000000000000082E-05 ), #2380, 'distance_accuracy_value', 'NONE');
#7336 = CARTESIAN_POINT ( 'NONE',  ( 0.5450000000000001510, 0.5000000000000000000, 0.7500000000000000000 ) ) ;
#7337 = DIRECTION ( 'NONE',  ( 0.2873478855662903730, -0.9578262852211679723, 0.0000000000000000000 ) ) ;
#7338 = ORIENTED_EDGE ( 'NONE', *, *, #2994, .F. ) ;
#7339 = PRESENTATION_STYLE_ASSIGNMENT (( #5348 ) ) ;
#7340 = CARTESIAN_POINT ( 'NONE',  ( -8.164999999999999147, 0.5000000000000000000, 0.7500000000000000000 ) ) ;
#7341 = ORIENTED_EDGE ( 'NONE', *, *, #1103, .F. ) ;
#7342 = DIRECTION ( 'NONE',  ( -0.0000000000000000000, 0.0000000000000000000, 1.000000000000000000 ) ) ;
#7343 = AXIS2_PLACEMENT_3D ( 'NONE', #8226, #1535, #2204 ) ;
#7344 = ADVANCED_FACE ( 'NONE', ( #7396, #7362 ), #1263, .T. ) ;
#7345 = VERTEX_POINT ( 'NONE', #3969 ) ;
#7346 = PLANE ( 'NONE',  #4356 ) ;
#7347 = ORIENTED_EDGE ( 'NONE', *, *, #4431, .T. ) ;
#7348 = CARTESIAN_POINT ( 'NONE',  ( 2.020000000000000018, 0.0000000000000000000, 0.0000000000000000000 ) ) ;
#7349 = FILL_AREA_STYLE_COLOUR ( '', #2890 ) ;
#7350 = DIRECTION ( 'NONE',  ( 0.5773502691896266192, -0.5773502691896266192, -0.5773502691896239547 ) ) ;
#7351 = CARTESIAN_POINT ( 'NONE',  ( 1.569999999999999840, 0.5000000000000000000, -0.1999999999999999833 ) ) ;
#7352 = PRESENTATION_STYLE_ASSIGNMENT (( #8616 ) ) ;
#7353 =( GEOMETRIC_REPRESENTATION_CONTEXT ( 3 ) GLOBAL_UNCERTAINTY_ASSIGNED_CONTEXT ( ( #2346 ) ) GLOBAL_UNIT_ASSIGNED_CONTEXT ( ( #3599, #7536, #4127 ) ) REPRESENTATION_CONTEXT ( 'NONE', 'WORKASPACE' ) );
#7354 = VECTOR ( 'NONE', #81, 1000.000000000000114 ) ;
#7355 = VERTEX_POINT ( 'NONE', #619 ) ;
#7356 =( NAMED_UNIT ( * ) PLANE_ANGLE_UNIT ( ) SI_UNIT ( $, .RADIAN. ) );
#7357 = AXIS2_PLACEMENT_3D ( 'NONE', #6401, #3069, #1601 ) ;
#7358 = CARTESIAN_POINT ( 'NONE',  ( 4.309999999999999609, 7.500000000000000000, 0.5000000000000000000 ) ) ;
#7359 = DIRECTION ( 'NONE',  ( 0.0000000000000000000, -0.0000000000000000000, 1.000000000000000000 ) ) ;
#7360 = PRESENTATION_LAYER_ASSIGNMENT (  '', '', ( #373 ) ) ;
#7361 = EDGE_CURVE ( 'NONE', #2268, #5552, #3930, .T. ) ;
#7362 = FACE_OUTER_BOUND ( 'NONE', #7139, .T. ) ;
#7363 = LINE ( 'NONE', #3380, #6396 ) ;
#7364 = ORIENTED_EDGE ( 'NONE', *, *, #3174, .T. ) ;
#7365 = VECTOR ( 'NONE', #6651, 1000.000000000000000 ) ;
#7366 = FILL_AREA_STYLE_COLOUR ( '', #4803 ) ;
#7367 = CARTESIAN_POINT ( 'NONE',  ( 3.310000000000000053, 7.500000000000000000, -0.5000000000000000000 ) ) ;
#7368 = ADVANCED_FACE ( 'NONE', ( #4582 ), #660, .F. ) ;
#7369 = CARTESIAN_POINT ( 'NONE',  ( -9.615000000000000213, 0.5000000000000000000, 0.7500000000000000000 ) ) ;
#7370 = ADVANCED_FACE ( 'NONE', ( #4625 ), #5979, .T. ) ;
#7371 = DIRECTION ( 'NONE',  ( -1.000000000000000000, -0.0000000000000000000, -0.0000000000000000000 ) ) ;
#7372 = ORIENTED_EDGE ( 'NONE', *, *, #5145, .F. ) ;
#7373 = VECTOR ( 'NONE', #3347, 1000.000000000000000 ) ;
#7374 =( LENGTH_UNIT ( ) NAMED_UNIT ( * ) SI_UNIT ( .MILLI., .METRE. ) );
#7375 = ORIENTED_EDGE ( 'NONE', *, *, #6912, .F. ) ;
#7376 = FACE_OUTER_BOUND ( 'NONE', #195, .T. ) ;
#7377 = SURFACE_STYLE_USAGE ( .BOTH. , #6803 ) ;
#7378 = ADVANCED_FACE ( 'NONE', ( #573 ), #6064, .T. ) ;
#7379 = LINE ( 'NONE', #1326, #655 ) ;
#7380 = VERTEX_POINT ( 'NONE', #5661 ) ;
#7381 = FILL_AREA_STYLE ('',( #6131 ) ) ;
#7382 = DIRECTION ( 'NONE',  ( 0.0000000000000000000, 1.000000000000000000, 0.0000000000000000000 ) ) ;
#7383 = ORIENTED_EDGE ( 'NONE', *, *, #5942, .F. ) ;
#7384 = EDGE_LOOP ( 'NONE', ( #1646, #1893, #632, #8543 ) ) ;
#7385 = SURFACE_STYLE_USAGE ( .BOTH. , #4821 ) ;
#7386 = ORIENTED_EDGE ( 'NONE', *, *, #3831, .F. ) ;
#7387 = EDGE_CURVE ( 'NONE', #838, #2824, #6956, .T. ) ;
#7388 =( NAMED_UNIT ( * ) PLANE_ANGLE_UNIT ( ) SI_UNIT ( $, .RADIAN. ) );
#7389 = CARTESIAN_POINT ( 'NONE',  ( 1.995000000000000329, 7.500000000000000000, 0.7500000000000000000 ) ) ;
#7390 = PLANE ( 'NONE',  #164 ) ;
#7391 = DIRECTION ( 'NONE',  ( 1.000000000000000000, -0.0000000000000000000, 0.0000000000000000000 ) ) ;
#7392 = LINE ( 'NONE', #6141, #8327 ) ;
#7393 = DIRECTION ( 'NONE',  ( 1.000000000000000000, 0.0000000000000000000, 0.0000000000000000000 ) ) ;
#7394 = VERTEX_POINT ( 'NONE', #3550 ) ;
#7395 = CARTESIAN_POINT ( 'NONE',  ( -10.41000000000000014, 8.500000000000000000, 0.8000000000000001554 ) ) ;
#7396 = FACE_BOUND ( 'NONE', #328, .T. ) ;
#7397 = SURFACE_STYLE_FILL_AREA ( #8254 ) ;
#7398 = PRESENTATION_STYLE_ASSIGNMENT (( #404 ) ) ;
#7399 = VECTOR ( 'NONE', #7960, 1000.000000000000000 ) ;
#7400 = ORIENTED_EDGE ( 'NONE', *, *, #7848, .F. ) ;
#7401 = EDGE_CURVE ( 'NONE', #7645, #3427, #306, .T. ) ;
#7402 =( NAMED_UNIT ( * ) SI_UNIT ( $, .STERADIAN. ) SOLID_ANGLE_UNIT ( ) );
#7403 = UNCERTAINTY_MEASURE_WITH_UNIT (LENGTH_MEASURE( 1.000000000000000082E-05 ), #8076, 'distance_accuracy_value', 'NONE');
#7404 = COLOUR_RGB ( '',0.1568627450980392135, 0.1568627450980392135, 0.1568627450980392135 ) ;
#7405 = FILL_AREA_STYLE ('',( #4259 ) ) ;
#7406 = PLANE ( 'NONE',  #3662 ) ;
#7407 = CARTESIAN_POINT ( 'NONE',  ( -10.41000000000000014, 0.5000000000000000000, 0.7500000000000000000 ) ) ;
#7408 = ORIENTED_EDGE ( 'NONE', *, *, #351, .T. ) ;
#7409 = CARTESIAN_POINT ( 'NONE',  ( 6.000000000000000000, 0.9000000000000001332, 0.0000000000000000000 ) ) ;
#7410 = VECTOR ( 'NONE', #717, 1000.000000000000000 ) ;
#7411 = PRESENTATION_STYLE_ASSIGNMENT (( #6158 ) ) ;
#7412 = STYLED_ITEM ( 'NONE', ( #5118 ), #194 ) ;
#7413 = ORIENTED_EDGE ( 'NONE', *, *, #7578, .F. ) ;
#7414 = EDGE_CURVE ( 'NONE', #5032, #2268, #6827, .T. ) ;
#7415 = UNCERTAINTY_MEASURE_WITH_UNIT (LENGTH_MEASURE( 1.000000000000000082E-05 ), #6484, 'distance_accuracy_value', 'NONE');
#7416 = MECHANICAL_DESIGN_GEOMETRIC_PRESENTATION_REPRESENTATION (  '', ( #1256 ), #828 ) ;
#7417 = DIRECTION ( 'NONE',  ( 0.0000000000000000000, -0.0000000000000000000, 1.000000000000000000 ) ) ;
#7418 = LINE ( 'NONE', #3439, #3899 ) ;
#7419 =( GEOMETRIC_REPRESENTATION_CONTEXT ( 3 ) GLOBAL_UNCERTAINTY_ASSIGNED_CONTEXT ( ( #905 ) ) GLOBAL_UNIT_ASSIGNED_CONTEXT ( ( #7469, #5393, #5470 ) ) REPRESENTATION_CONTEXT ( 'NONE', 'WORKASPACE' ) );
#7420 = VERTEX_POINT ( 'NONE', #864 ) ;
#7421 = ORIENTED_EDGE ( 'NONE', *, *, #6985, .F. ) ;
#7422 = DIRECTION ( 'NONE',  ( 0.0000000000000000000, -1.000000000000000000, 0.0000000000000000000 ) ) ;
#7423 = MECHANICAL_DESIGN_GEOMETRIC_PRESENTATION_REPRESENTATION (  '', ( #7566 ), #7002 ) ;
#7424 = ORIENTED_EDGE ( 'NONE', *, *, #1219, .T. ) ;
#7425 = ORIENTED_EDGE ( 'NONE', *, *, #1299, .T. ) ;
#7426 = ADVANCED_FACE ( 'NONE', ( #6233 ), #2942, .T. ) ;
#7427 = FILL_AREA_STYLE_COLOUR ( '', #7287 ) ;
#7428 = ADVANCED_FACE ( 'NONE', ( #5612 ), #6865, .F. ) ;
#7429 = STYLED_ITEM ( 'NONE', ( #7058 ), #788 ) ;
#7430 = ORIENTED_EDGE ( 'NONE', *, *, #3469, .T. ) ;
#7431 = DIRECTION ( 'NONE',  ( 0.2873478855663453291, 0.9578262852211513190, 0.0000000000000000000 ) ) ;
#7432 = COLOUR_RGB ( '',0.1568627450980392135, 0.1568627450980392135, 0.1568627450980392135 ) ;
#7433 = LINE ( 'NONE', #1505, #2335 ) ;
#7434 = FACE_OUTER_BOUND ( 'NONE', #2748, .T. ) ;
#7435 = CARTESIAN_POINT ( 'NONE',  ( -1.270000000000000018, 8.349999999999999645, -0.6500000000000001332 ) ) ;
#7436 = CARTESIAN_POINT ( 'NONE',  ( 7.074999999999999289, 0.5000000000000000000, -0.7500000000000000000 ) ) ;
#7437 = VECTOR ( 'NONE', #7878, 1000.000000000000000 ) ;
#7438 = DIRECTION ( 'NONE',  ( 0.0000000000000000000, 1.000000000000000000, -0.0000000000000000000 ) ) ;
#7439 = ORIENTED_EDGE ( 'NONE', *, *, #5731, .T. ) ;
#7440 = EDGE_CURVE ( 'NONE', #973, #3779, #6324, .T. ) ;
#7441 = VECTOR ( 'NONE', #4074, 1000.000000000000000 ) ;
#7442 = LINE ( 'NONE', #1430, #8068 ) ;
#7443 =( NAMED_UNIT ( * ) SI_UNIT ( $, .STERADIAN. ) SOLID_ANGLE_UNIT ( ) );
#7444 = DIRECTION ( 'NONE',  ( 0.0000000000000000000, -0.0000000000000000000, 1.000000000000000000 ) ) ;
#7445 =( LENGTH_UNIT ( ) NAMED_UNIT ( * ) SI_UNIT ( .MILLI., .METRE. ) );
#7446 = VECTOR ( 'NONE', #5930, 1000.000000000000000 ) ;
#7447 = VERTEX_POINT ( 'NONE', #2989 ) ;
#7448 = PLANE ( 'NONE',  #853 ) ;
#7449 = AXIS2_PLACEMENT_3D ( 'NONE', #4309, #5712, #2904 ) ;
#7450 =( LENGTH_UNIT ( ) NAMED_UNIT ( * ) SI_UNIT ( .MILLI., .METRE. ) );
#7451 = CARTESIAN_POINT ( 'NONE',  ( -8.539999999999999147, 0.9000000000000001332, -0.3499999999999999778 ) ) ;
#7452 = CARTESIAN_POINT ( 'NONE',  ( -0.5199999999999999067, 7.500000000000000000, 0.7500000000000000000 ) ) ;
#7453 = CARTESIAN_POINT ( 'NONE',  ( -9.240000000000000213, 7.500000000000000000, -0.7500000000000000000 ) ) ;
#7454 = ORIENTED_EDGE ( 'NONE', *, *, #463, .F. ) ;
#7455 = ADVANCED_FACE ( 'NONE', ( #2099 ), #1568, .F. ) ;
#7456 = DIRECTION ( 'NONE',  ( 0.0000000000000000000, 0.0000000000000000000, -1.000000000000000000 ) ) ;
#7457 = CARTESIAN_POINT ( 'NONE',  ( 6.700000000000000178, 0.0000000000000000000, 0.0000000000000000000 ) ) ;
#7458 = VECTOR ( 'NONE', #4911, 1000.000000000000000 ) ;
#7459 = ORIENTED_EDGE ( 'NONE', *, *, #5931, .F. ) ;
#7460 = DIRECTION ( 'NONE',  ( -0.0000000000000000000, -0.0000000000000000000, 1.000000000000000000 ) ) ;
#7461 = DIRECTION ( 'NONE',  ( 0.0000000000000000000, -0.0000000000000000000, -1.000000000000000000 ) ) ;
#7462 = ORIENTED_EDGE ( 'NONE', *, *, #6260, .F. ) ;
#7463 = FILL_AREA_STYLE_COLOUR ( '', #4711 ) ;
#7464 = EDGE_CURVE ( 'NONE', #6563, #2008, #8165, .T. ) ;
#7465 = LINE ( 'NONE', #8010, #4457 ) ;
#7466 = ORIENTED_EDGE ( 'NONE', *, *, #2221, .T. ) ;
#7467 = CARTESIAN_POINT ( 'NONE',  ( 8.590000000000006963, -2.499999999999997780, -0.2000000000000000944 ) ) ;
#7468 = ORIENTED_EDGE ( 'NONE', *, *, #3014, .T. ) ;
#7469 =( LENGTH_UNIT ( ) NAMED_UNIT ( * ) SI_UNIT ( .MILLI., .METRE. ) );
#7470 = ORIENTED_EDGE ( 'NONE', *, *, #33, .F. ) ;
#7471 =( NAMED_UNIT ( * ) SI_UNIT ( $, .STERADIAN. ) SOLID_ANGLE_UNIT ( ) );
#7472 = DIRECTION ( 'NONE',  ( 1.000000000000000000, 0.0000000000000000000, 0.0000000000000000000 ) ) ;
#7473 = DIRECTION ( 'NONE',  ( 0.0000000000000000000, -0.7071067811865474617, 0.7071067811865474617 ) ) ;
#7474 = EDGE_CURVE ( 'NONE', #7380, #6622, #6147, .T. ) ;
#7475 = ADVANCED_FACE ( 'NONE', ( #6909, #2849 ), #7535, .T. ) ;
#7476 = EDGE_LOOP ( 'NONE', ( #151, #4107, #3992, #4099 ) ) ;
#7477 = CARTESIAN_POINT ( 'NONE',  ( 7.150000000000000355, 8.500000000000000000, -0.8000000000000004885 ) ) ;
#7478 = CARTESIAN_POINT ( 'NONE',  ( 3.959999999999999964, -3.000000000000000000, 0.2000000000000000111 ) ) ;
#7479 = ORIENTED_EDGE ( 'NONE', *, *, #1795, .F. ) ;
#7480 = VECTOR ( 'NONE', #2870, 1000.000000000000000 ) ;
#7481 = VECTOR ( 'NONE', #3877, 1000.000000000000000 ) ;
#7482 = DIRECTION ( 'NONE',  ( 0.0000000000000000000, 0.0000000000000000000, -1.000000000000000000 ) ) ;
#7483 = DIRECTION ( 'NONE',  ( -0.7071067811865475727, 0.7071067811865475727, 0.0000000000000000000 ) ) ;
#7484 = CARTESIAN_POINT ( 'NONE',  ( 1.770000000000000240, 8.199999999999999289, 0.4999999999999998890 ) ) ;
#7485 = CARTESIAN_POINT ( 'NONE',  ( -9.640000000000000568, 0.5000000000000000000, 0.0000000000000000000 ) ) ;
#7486 = EDGE_CURVE ( 'NONE', #2268, #1511, #436, .T. ) ;
#7487 = DIRECTION ( 'NONE',  ( 0.0000000000000000000, -0.0000000000000000000, -1.000000000000000000 ) ) ;
#7488 = STYLED_ITEM ( 'NONE', ( #264 ), #6027 ) ;
#7489 = LINE ( 'NONE', #1480, #6042 ) ;
#7490 = VECTOR ( 'NONE', #5165, 1000.000000000000000 ) ;
#7491 = VERTEX_POINT ( 'NONE', #3878 ) ;
#7492 = CARTESIAN_POINT ( 'NONE',  ( 6.500000000000014211, -3.000000000000004441, 0.0000000000000000000 ) ) ;
#7493 = VECTOR ( 'NONE', #3582, 1000.000000000000000 ) ;
#7494 = VECTOR ( 'NONE', #8573, 1000.000000000000000 ) ;
#7495 = UNCERTAINTY_MEASURE_WITH_UNIT (LENGTH_MEASURE( 1.000000000000000082E-05 ), #8469, 'distance_accuracy_value', 'NONE');
#7496 = SURFACE_STYLE_FILL_AREA ( #745 ) ;
#7497 = CARTESIAN_POINT ( 'NONE',  ( 6.700000000000000178, 7.500000000000000000, 0.3500000000000000333 ) ) ;
#7498 = DIRECTION ( 'NONE',  ( 0.0000000000000000000, 0.0000000000000000000, -1.000000000000000000 ) ) ;
#7499 = ADVANCED_FACE ( 'NONE', ( #350 ), #3163, .F. ) ;
#7500 = PLANE ( 'NONE',  #8425 ) ;
#7501 = DIRECTION ( 'NONE',  ( 0.0000000000000000000, 1.000000000000000000, 0.0000000000000000000 ) ) ;
#7502 = SURFACE_STYLE_USAGE ( .BOTH. , #129 ) ;
#7503 = STYLED_ITEM ( 'NONE', ( #5463 ), #6644 ) ;
#7504 = MECHANICAL_DESIGN_GEOMETRIC_PRESENTATION_REPRESENTATION (  '', ( #8368 ), #4870 ) ;
#7505 = ORIENTED_EDGE ( 'NONE', *, *, #8377, .F. ) ;
#7506 = UNCERTAINTY_MEASURE_WITH_UNIT (LENGTH_MEASURE( 1.000000000000000082E-05 ), #61, 'distance_accuracy_value', 'NONE');
#7507 = VECTOR ( 'NONE', #317, 1000.000000000000000 ) ;
#7508 =( NAMED_UNIT ( * ) PLANE_ANGLE_UNIT ( ) SI_UNIT ( $, .RADIAN. ) );
#7509 = LINE ( 'NONE', #6034, #5498 ) ;
#7510 = CARTESIAN_POINT ( 'NONE',  ( -10.41000000000000014, 0.5000000000000000000, 0.0000000000000000000 ) ) ;
#7511 = ORIENTED_EDGE ( 'NONE', *, *, #361, .F. ) ;
#7512 = CARTESIAN_POINT ( 'NONE',  ( 0.9699999999999999734, 0.0000000000000000000, -0.2000000000000000111 ) ) ;
#7513 = DIRECTION ( 'NONE',  ( 0.0000000000000000000, -0.0000000000000000000, -1.000000000000000000 ) ) ;
#7514 = ORIENTED_EDGE ( 'NONE', *, *, #4928, .F. ) ;
#7515 = FILL_AREA_STYLE_COLOUR ( '', #8043 ) ;
#7516 = ORIENTED_EDGE ( 'NONE', *, *, #543, .F. ) ;
#7517 = VECTOR ( 'NONE', #803, 1000.000000000000000 ) ;
#7518 = ORIENTED_EDGE ( 'NONE', *, *, #8620, .F. ) ;
#7519 = DIRECTION ( 'NONE',  ( 1.000000000000000000, 0.0000000000000000000, 0.0000000000000000000 ) ) ;
#7520 = ORIENTED_EDGE ( 'NONE', *, *, #173, .T. ) ;
#7521 = FILL_AREA_STYLE ('',( #3407 ) ) ;
#7522 = ADVANCED_FACE ( 'NONE', ( #8478 ), #7136, .T. ) ;
#7523 = DIRECTION ( 'NONE',  ( -0.7071067811865474617, 0.7071067811865474617, 0.0000000000000000000 ) ) ;
#7524 = SURFACE_STYLE_USAGE ( .BOTH. , #6850 ) ;
#7525 = SURFACE_STYLE_USAGE ( .BOTH. , #2261 ) ;
#7526 = ORIENTED_EDGE ( 'NONE', *, *, #1845, .T. ) ;
#7527 = DIRECTION ( 'NONE',  ( -0.0000000000000000000, -1.000000000000000000, -0.0000000000000000000 ) ) ;
#7528 = DIRECTION ( 'NONE',  ( -0.2873478855663468279, 0.9578262852211509859, 0.0000000000000000000 ) ) ;
#7529 = VERTEX_POINT ( 'NONE', #8390 ) ;
#7530 = ORIENTED_EDGE ( 'NONE', *, *, #2033, .F. ) ;
#7531 = EDGE_CURVE ( 'NONE', #8538, #4451, #5747, .T. ) ;
#7532 = LINE ( 'NONE', #735, #7334 ) ;
#7533 = DIRECTION ( 'NONE',  ( -0.0000000000000000000, 0.0000000000000000000, -1.000000000000000000 ) ) ;
#7534 = CARTESIAN_POINT ( 'NONE',  ( 1.570000000000000062, 0.5000000000000000000, 0.2000000000000000111 ) ) ;
#7535 = PLANE ( 'NONE',  #2495 ) ;
#7536 =( NAMED_UNIT ( * ) PLANE_ANGLE_UNIT ( ) SI_UNIT ( $, .RADIAN. ) );
#7537 = CARTESIAN_POINT ( 'NONE',  ( 8.890000000000000568, 8.199999999999988631, -0.5000000000000101030 ) ) ;
#7538 = ORIENTED_EDGE ( 'NONE', *, *, #2515, .F. ) ;
#7539 =( LENGTH_UNIT ( ) NAMED_UNIT ( * ) SI_UNIT ( .MILLI., .METRE. ) );
#7540 = EDGE_CURVE ( 'NONE', #2485, #7255, #3080, .T. ) ;
#7541 = ADVANCED_FACE ( 'NONE', ( #7095 ), #5059, .T. ) ;
#7542 = LINE ( 'NONE', #2856, #1836 ) ;
#7543 = DIRECTION ( 'NONE',  ( -0.7071067811865474617, -0.7071067811865474617, 0.0000000000000000000 ) ) ;
#7544 = LINE ( 'NONE', #4215, #1383 ) ;
#7545 = VERTEX_POINT ( 'NONE', #2503 ) ;
#7546 = EDGE_CURVE ( 'NONE', #2015, #1058, #3696, .T. ) ;
#7547 = CARTESIAN_POINT ( 'NONE',  ( 4.160000000000000142, 0.9000000000000000222, 0.3499999999999999778 ) ) ;
#7548 = STYLED_ITEM ( 'NONE', ( #1728 ), #7734 ) ;
#7549 = DIRECTION ( 'NONE',  ( 0.0000000000000000000, 1.000000000000000000, 0.0000000000000000000 ) ) ;
#7550 = CARTESIAN_POINT ( 'NONE',  ( -10.41000000000000014, 7.500000000000000000, 0.7500000000000000000 ) ) ;
#7551 = VERTEX_POINT ( 'NONE', #6370 ) ;
#7552 = CARTESIAN_POINT ( 'NONE',  ( -6.850000000000000533, 8.199999999999999289, -0.5000000000000000000 ) ) ;
#7553 = FACE_OUTER_BOUND ( 'NONE', #4834, .T. ) ;
#7554 = ORIENTED_EDGE ( 'NONE', *, *, #3735, .F. ) ;
#7555 = ORIENTED_EDGE ( 'NONE', *, *, #5043, .F. ) ;
#7556 = DIRECTION ( 'NONE',  ( -1.000000000000000000, 0.0000000000000000000, -0.0000000000000000000 ) ) ;
#7557 = VECTOR ( 'NONE', #1008, 1000.000000000000000 ) ;
#7558 = ORIENTED_EDGE ( 'NONE', *, *, #8300, .T. ) ;
#7559 = FACE_OUTER_BOUND ( 'NONE', #377, .T. ) ;
#7560 = VECTOR ( 'NONE', #3175, 1000.000000000000000 ) ;
#7561 = PRESENTATION_STYLE_ASSIGNMENT (( #8417 ) ) ;
#7562 = SURFACE_STYLE_FILL_AREA ( #3021 ) ;
#7563 = VERTEX_POINT ( 'NONE', #4396 ) ;
#7564 = DIRECTION ( 'NONE',  ( 0.0000000000000000000, 0.7071067811865475727, 0.7071067811865475727 ) ) ;
#7565 = PRESENTATION_STYLE_ASSIGNMENT (( #5558 ) ) ;
#7566 = STYLED_ITEM ( 'NONE', ( #8668 ), #8287 ) ;
#7567 = VERTEX_POINT ( 'NONE', #5149 ) ;
#7568 = LINE ( 'NONE', #1424, #2142 ) ;
#7569 = SURFACE_STYLE_FILL_AREA ( #6901 ) ;
#7570 = ADVANCED_FACE ( 'NONE', ( #7185, #3745 ), #6415, .T. ) ;
#7571 = COLOUR_RGB ( '',0.1568627450980392135, 0.1568627450980392135, 0.1568627450980392135 ) ;
#7572 = ORIENTED_EDGE ( 'NONE', *, *, #5306, .F. ) ;
#7573 =( GEOMETRIC_REPRESENTATION_CONTEXT ( 3 ) GLOBAL_UNCERTAINTY_ASSIGNED_CONTEXT ( ( #2159 ) ) GLOBAL_UNIT_ASSIGNED_CONTEXT ( ( #3346, #6117, #6639 ) ) REPRESENTATION_CONTEXT ( 'NONE', 'WORKASPACE' ) );
#7574 = CARTESIAN_POINT ( 'NONE',  ( -1.620000000000000107, 7.500000000000000000, -0.3499999999999999778 ) ) ;
#7575 = FACE_OUTER_BOUND ( 'NONE', #1989, .T. ) ;
#7576 = CARTESIAN_POINT ( 'NONE',  ( -10.41000000000000014, 8.500000000000000000, -1.270000000000000018 ) ) ;
#7577 = CARTESIAN_POINT ( 'NONE',  ( 6.049999999999999822, 0.5000000000000000000, 0.2000000000000000111 ) ) ;
#7578 = EDGE_CURVE ( 'NONE', #2882, #662, #7766, .T. ) ;
#7579 = ORIENTED_EDGE ( 'NONE', *, *, #8377, .T. ) ;
#7580 = VECTOR ( 'NONE', #7833, 1000.000000000000000 ) ;
#7581 = COLOUR_RGB ( '',0.1568627450980392135, 0.1568627450980392135, 0.1568627450980392135 ) ;
#7582 = LINE ( 'NONE', #5616, #3684 ) ;
#7583 = CARTESIAN_POINT ( 'NONE',  ( 8.740000000000001990, -3.000000000000000000, -0.2000000000000000111 ) ) ;
#7584 = VECTOR ( 'NONE', #1465, 1000.000000000000000 ) ;
#7585 = CARTESIAN_POINT ( 'NONE',  ( 0.7700000000000000178, 7.500000000000000000, -0.5000000000000000000 ) ) ;
#7586 = AXIS2_PLACEMENT_3D ( 'NONE', #4858, #4030, #2822 ) ;
#7587 = FACE_OUTER_BOUND ( 'NONE', #1442, .T. ) ;
#7588 = PLANE ( 'NONE',  #1122 ) ;
#7589 = ADVANCED_FACE ( 'NONE', ( #4439 ), #1133, .T. ) ;
#7590 = LINE ( 'NONE', #4986, #753 ) ;
#7591 = EDGE_LOOP ( 'NONE', ( #5040, #6501, #7876, #6937 ) ) ;
#7592 = VECTOR ( 'NONE', #3821, 1000.000000000000000 ) ;
#7593 = UNCERTAINTY_MEASURE_WITH_UNIT (LENGTH_MEASURE( 1.000000000000000082E-05 ), #2534, 'distance_accuracy_value', 'NONE');
#7594 = SURFACE_STYLE_USAGE ( .BOTH. , #7642 ) ;
#7595 =( NAMED_UNIT ( * ) PLANE_ANGLE_UNIT ( ) SI_UNIT ( $, .RADIAN. ) );
#7596 = FACE_OUTER_BOUND ( 'NONE', #982, .T. ) ;
#7597 = VERTEX_POINT ( 'NONE', #7340 ) ;
#7598 = LINE ( 'NONE', #281, #68 ) ;
#7599 = VECTOR ( 'NONE', #4408, 1000.000000000000000 ) ;
#7600 = EDGE_LOOP ( 'NONE', ( #6977, #7218, #105, #1821 ) ) ;
#7601 = EDGE_CURVE ( 'NONE', #7330, #4867, #4862, .T. ) ;
#7602 = DIRECTION ( 'NONE',  ( 0.0000000000000000000, 0.0000000000000000000, -1.000000000000000000 ) ) ;
#7603 = ORIENTED_EDGE ( 'NONE', *, *, #5672, .T. ) ;
#7604 = ORIENTED_EDGE ( 'NONE', *, *, #124, .F. ) ;
#7605 = EDGE_LOOP ( 'NONE', ( #4907, #2957, #714, #7514 ) ) ;
#7606 = FILL_AREA_STYLE_COLOUR ( '', #8568 ) ;
#7607 = VECTOR ( 'NONE', #2051, 1000.000000000000000 ) ;
#7608 = CARTESIAN_POINT ( 'NONE',  ( -10.41000000000000014, 0.0000000000000000000, 1.270000000000000018 ) ) ;
#7609 = FILL_AREA_STYLE_COLOUR ( '', #3589 ) ;
#7610 = ORIENTED_EDGE ( 'NONE', *, *, #7879, .T. ) ;
#7611 = LINE ( 'NONE', #980, #5698 ) ;
#7612 = PRESENTATION_STYLE_ASSIGNMENT (( #4242 ) ) ;
#7613 = ORIENTED_EDGE ( 'NONE', *, *, #3100, .T. ) ;
#7614 =( NAMED_UNIT ( * ) SI_UNIT ( $, .STERADIAN. ) SOLID_ANGLE_UNIT ( ) );
#7615 = VECTOR ( 'NONE', #5860, 1000.000000000000000 ) ;
#7616 = ORIENTED_EDGE ( 'NONE', *, *, #666, .T. ) ;
#7617 = MECHANICAL_DESIGN_GEOMETRIC_PRESENTATION_REPRESENTATION (  '', ( #1181 ), #2455 ) ;
#7618 = CARTESIAN_POINT ( 'NONE',  ( -8.140000000000000568, 0.5000000000000000000, 0.7500000000000000000 ) ) ;
#7619 = LINE ( 'NONE', #1698, #8356 ) ;
#7620 = DIRECTION ( 'NONE',  ( 1.000000000000000000, -0.0000000000000000000, 0.0000000000000000000 ) ) ;
#7621 = LINE ( 'NONE', #4437, #774 ) ;
#7622 = FACE_BOUND ( 'NONE', #2916, .T. ) ;
#7623 = CARTESIAN_POINT ( 'NONE',  ( -0.7700000000000000178, 0.0000000000000000000, 0.0000000000000000000 ) ) ;
#7624 = LINE ( 'NONE', #4305, #1721 ) ;
#7625 = CARTESIAN_POINT ( 'NONE',  ( -4.610000000000001208, 8.500000000000000000, -0.8000000000000004885 ) ) ;
#7626 = EDGE_CURVE ( 'NONE', #621, #5830, #8184, .T. ) ;
#7627 = MECHANICAL_DESIGN_GEOMETRIC_PRESENTATION_REPRESENTATION (  '', ( #7917 ), #2158 ) ;
#7628 = ORIENTED_EDGE ( 'NONE', *, *, #5545, .F. ) ;
#7629 = CARTESIAN_POINT ( 'NONE',  ( 1.995000000000000329, 0.0000000000000000000, 0.7500000000000000000 ) ) ;
#7630 = CARTESIAN_POINT ( 'NONE',  ( -10.41000000000000014, 8.500000000000000000, 0.8000000000000001554 ) ) ;
#7631 = EDGE_CURVE ( 'NONE', #7645, #1639, #5431, .T. ) ;
#7632 =( GEOMETRIC_REPRESENTATION_CONTEXT ( 3 ) GLOBAL_UNCERTAINTY_ASSIGNED_CONTEXT ( ( #7415 ) ) GLOBAL_UNIT_ASSIGNED_CONTEXT ( ( #6484, #471, #5823 ) ) REPRESENTATION_CONTEXT ( 'NONE', 'WORKASPACE' ) );
#7633 = LINE ( 'NONE', #6240, #5213 ) ;
#7634 = FILL_AREA_STYLE_COLOUR ( '', #2902 ) ;
#7635 = SURFACE_STYLE_USAGE ( .BOTH. , #916 ) ;
#7636 = DIRECTION ( 'NONE',  ( 0.0000000000000000000, 1.000000000000000000, -0.0000000000000000000 ) ) ;
#7637 = AXIS2_PLACEMENT_3D ( 'NONE', #6632, #3211, #5934 ) ;
#7638 = ORIENTED_EDGE ( 'NONE', *, *, #5512, .F. ) ;
#7639 = VECTOR ( 'NONE', #6322, 1000.000000000000000 ) ;
#7640 = EDGE_CURVE ( 'NONE', #8230, #897, #7465, .T. ) ;
#7641 = EDGE_CURVE ( 'NONE', #6804, #5129, #2001, .T. ) ;
#7642 = SURFACE_SIDE_STYLE ('',( #6926 ) ) ;
#7643 =( NAMED_UNIT ( * ) SI_UNIT ( $, .STERADIAN. ) SOLID_ANGLE_UNIT ( ) );
#7644 = SURFACE_STYLE_FILL_AREA ( #1587 ) ;
#7645 = VERTEX_POINT ( 'NONE', #6164 ) ;
#7646 = PRESENTATION_LAYER_ASSIGNMENT (  '', '', ( #2616 ) ) ;
#7647 = CARTESIAN_POINT ( 'NONE',  ( -6.850000000000000533, 8.500000000000000000, 0.5000000000000000000 ) ) ;
#7648 =( GEOMETRIC_REPRESENTATION_CONTEXT ( 3 ) GLOBAL_UNCERTAINTY_ASSIGNED_CONTEXT ( ( #5425 ) ) GLOBAL_UNIT_ASSIGNED_CONTEXT ( ( #8242, #2883, #5517 ) ) REPRESENTATION_CONTEXT ( 'NONE', 'WORKASPACE' ) );
#7649 = PRESENTATION_STYLE_ASSIGNMENT (( #4996 ) ) ;
#7650 = VERTEX_POINT ( 'NONE', #2662 ) ;
#7651 = CARTESIAN_POINT ( 'NONE',  ( 4.110000000000001208, -2.500000000000000000, 0.0000000000000000000 ) ) ;
#7652 = ORIENTED_EDGE ( 'NONE', *, *, #4499, .T. ) ;
#7653 = VECTOR ( 'NONE', #8182, 1000.000000000000000 ) ;
#7654 = ADVANCED_FACE ( 'NONE', ( #2041 ), #59, .T. ) ;
#7655 = EDGE_CURVE ( 'NONE', #7025, #5112, #1497, .T. ) ;
#7656 = FILL_AREA_STYLE_COLOUR ( '', #5362 ) ;
#7657 = CARTESIAN_POINT ( 'NONE',  ( 10.41000000000000014, 0.0000000000000000000, -0.7500000000000000000 ) ) ;
#7658 = ORIENTED_EDGE ( 'NONE', *, *, #3593, .T. ) ;
#7659 = LINE ( 'NONE', #2364, #5986 ) ;
#7660 = CARTESIAN_POINT ( 'NONE',  ( 1.420000000000007256, -3.000000000000002220, -0.2000000000000000944 ) ) ;
#7661 = EDGE_LOOP ( 'NONE', ( #320, #8275, #2080, #8059 ) ) ;
#7662 = PRESENTATION_STYLE_ASSIGNMENT (( #3112 ) ) ;
#7663 =( GEOMETRIC_REPRESENTATION_CONTEXT ( 3 ) GLOBAL_UNCERTAINTY_ASSIGNED_CONTEXT ( ( #1271 ) ) GLOBAL_UNIT_ASSIGNED_CONTEXT ( ( #6918, #6198, #3473 ) ) REPRESENTATION_CONTEXT ( 'NONE', 'WORKASPACE' ) );
#7664 = APPLICATION_PROTOCOL_DEFINITION ( 'draft international standard', 'automotive_design', 1998, #2365 ) ;
#7665 = ORIENTED_EDGE ( 'NONE', *, *, #6073, .T. ) ;
#7666 = ORIENTED_EDGE ( 'NONE', *, *, #4669, .F. ) ;
#7667 = EDGE_CURVE ( 'NONE', #4541, #4255, #1408, .T. ) ;
#7668 =( GEOMETRIC_REPRESENTATION_CONTEXT ( 3 ) GLOBAL_UNCERTAINTY_ASSIGNED_CONTEXT ( ( #3471 ) ) GLOBAL_UNIT_ASSIGNED_CONTEXT ( ( #1975, #4006, #3339 ) ) REPRESENTATION_CONTEXT ( 'NONE', 'WORKASPACE' ) );
#7669 = LINE ( 'NONE', #1652, #6096 ) ;
#7670 = FILL_AREA_STYLE_COLOUR ( '', #6785 ) ;
#7671 = CARTESIAN_POINT ( 'NONE',  ( -6.000000000000000000, 7.500000000000000000, 0.0000000000000000000 ) ) ;
#7672 = CARTESIAN_POINT ( 'NONE',  ( 5.625000000000000000, 0.5000000000000000000, 0.7500000000000000000 ) ) ;
#7673 = CARTESIAN_POINT ( 'NONE',  ( -4.559999999999999609, 7.500000000000000000, -0.7500000000000000000 ) ) ;
#7674 = DIRECTION ( 'NONE',  ( 0.0000000000000000000, -0.7071067811865974218, 0.7071067811864976127 ) ) ;
#7675 = VERTEX_POINT ( 'NONE', #1452 ) ;
#7676 = CARTESIAN_POINT ( 'NONE',  ( -9.189999999999999503, -2.500000000000000000, 0.0000000000000000000 ) ) ;
#7677 = DIRECTION ( 'NONE',  ( 0.0000000000000000000, 0.0000000000000000000, -1.000000000000000000 ) ) ;
#7678 = DIRECTION ( 'NONE',  ( 0.0000000000000000000, 1.000000000000000000, 0.0000000000000000000 ) ) ;
#7679 = DIRECTION ( 'NONE',  ( 0.0000000000000000000, 1.000000000000000000, 0.0000000000000000000 ) ) ;
#7680 = CARTESIAN_POINT ( 'NONE',  ( -9.240000000000000213, 0.9000000000000001332, -0.3499999999999999778 ) ) ;
#7681 = CARTESIAN_POINT ( 'NONE',  ( -10.41000000000000014, 0.5000000000000000000, -0.7500000000000000000 ) ) ;
#7682 = CARTESIAN_POINT ( 'NONE',  ( 9.189999999999999503, 0.5000000000000000000, 0.2000000000000000111 ) ) ;
#7683 = EDGE_CURVE ( 'NONE', #1571, #2240, #8565, .T. ) ;
#7684 = ORIENTED_EDGE ( 'NONE', *, *, #2767, .T. ) ;
#7685 = DIRECTION ( 'NONE',  ( 1.000000000000000000, -0.0000000000000000000, 0.0000000000000000000 ) ) ;
#7686 = UNCERTAINTY_MEASURE_WITH_UNIT (LENGTH_MEASURE( 1.000000000000000082E-05 ), #5105, 'distance_accuracy_value', 'NONE');
#7687 = LINE ( 'NONE', #2480, #1043 ) ;
#7688 = DIRECTION ( 'NONE',  ( 0.0000000000000000000, 1.000000000000000000, 0.0000000000000000000 ) ) ;
#7689 = DIRECTION ( 'NONE',  ( -0.0000000000000000000, -1.000000000000000000, -0.0000000000000000000 ) ) ;
#7690 = ORIENTED_EDGE ( 'NONE', *, *, #4361, .T. ) ;
#7691 = VERTEX_POINT ( 'NONE', #5387 ) ;
#7692 =( NAMED_UNIT ( * ) SI_UNIT ( $, .STERADIAN. ) SOLID_ANGLE_UNIT ( ) );
#7693 = EDGE_CURVE ( 'NONE', #7597, #5728, #5507, .T. ) ;
#7694 = ORIENTED_EDGE ( 'NONE', *, *, #709, .F. ) ;
#7695 = SURFACE_STYLE_FILL_AREA ( #4373 ) ;
#7696 = CARTESIAN_POINT ( 'NONE',  ( -3.509999999999999787, 0.5000000000000000000, 0.2000000000000000111 ) ) ;
#7697 = DIRECTION ( 'NONE',  ( 0.0000000000000000000, 0.0000000000000000000, -1.000000000000000000 ) ) ;
#7698 = STYLED_ITEM ( 'NONE', ( #538 ), #135 ) ;
#7699 = ORIENTED_EDGE ( 'NONE', *, *, #7946, .F. ) ;
#7700 = CARTESIAN_POINT ( 'NONE',  ( -4.309999999999999609, 7.500000000000000000, 0.5000000000000000000 ) ) ;
#7701 = PLANE ( 'NONE',  #5917 ) ;
#7702 = VERTEX_POINT ( 'NONE', #2826 ) ;
#7703 = CARTESIAN_POINT ( 'NONE',  ( -1.570000000000000062, -3.000000000000000000, -0.2000000000000000111 ) ) ;
#7704 = SURFACE_SIDE_STYLE ('',( #5051 ) ) ;
#7705 = EDGE_CURVE ( 'NONE', #3222, #1361, #2165, .T. ) ;
#7706 = VECTOR ( 'NONE', #3799, 1000.000000000000000 ) ;
#7707 = ADVANCED_FACE ( 'NONE', ( #5465 ), #6806, .F. ) ;
#7708 = ORIENTED_EDGE ( 'NONE', *, *, #3420, .T. ) ;
#7709 = MECHANICAL_DESIGN_GEOMETRIC_PRESENTATION_REPRESENTATION (  '', ( #2802 ), #3646 ) ;
#7710 = ORIENTED_EDGE ( 'NONE', *, *, #2461, .F. ) ;
#7711 = CARTESIAN_POINT ( 'NONE',  ( -10.41000000000000014, 8.500000000000000000, -0.8000000000000000444 ) ) ;
#7712 = VECTOR ( 'NONE', #4585, 1000.000000000000000 ) ;
#7713 = DIRECTION ( 'NONE',  ( -1.000000000000000000, 0.0000000000000000000, -0.0000000000000000000 ) ) ;
#7714 = PLANE ( 'NONE',  #8660 ) ;
#7715 = FACE_BOUND ( 'NONE', #2911, .T. ) ;
#7716 = SURFACE_SIDE_STYLE ('',( #8433 ) ) ;
#7717 = FACE_OUTER_BOUND ( 'NONE', #5524, .T. ) ;
#7718 = EDGE_CURVE ( 'NONE', #7864, #7999, #5589, .T. ) ;
#7719 = VERTEX_POINT ( 'NONE', #6300 ) ;
#7720 =( GEOMETRIC_REPRESENTATION_CONTEXT ( 3 ) GLOBAL_UNCERTAINTY_ASSIGNED_CONTEXT ( ( #5415 ) ) GLOBAL_UNIT_ASSIGNED_CONTEXT ( ( #439, #529, #5151 ) ) REPRESENTATION_CONTEXT ( 'NONE', 'WORKASPACE' ) );
#7721 = VECTOR ( 'NONE', #2518, 1000.000000000000000 ) ;
#7722 = DIRECTION ( 'NONE',  ( 0.0000000000000000000, 1.000000000000000000, 0.0000000000000000000 ) ) ;
#7723 =( GEOMETRIC_REPRESENTATION_CONTEXT ( 3 ) GLOBAL_UNCERTAINTY_ASSIGNED_CONTEXT ( ( #3318 ) ) GLOBAL_UNIT_ASSIGNED_CONTEXT ( ( #3101, #7919, #5090 ) ) REPRESENTATION_CONTEXT ( 'NONE', 'WORKASPACE' ) );
#7724 = LINE ( 'NONE', #1093, #3883 ) ;
#7725 = CARTESIAN_POINT ( 'NONE',  ( 0.5450000000000000400, 0.5000000000000000000, 0.7500000000000000000 ) ) ;
#7726 = LINE ( 'NONE', #1715, #7807 ) ;
#7727 = DIRECTION ( 'NONE',  ( 0.9578262852211679723, -0.2873478855662903730, 0.0000000000000000000 ) ) ;
#7728 = AXIS2_PLACEMENT_3D ( 'NONE', #4086, #6105, #7359 ) ;
#7729 = VECTOR ( 'NONE', #6151, 1000.000000000000000 ) ;
#7730 = VERTEX_POINT ( 'NONE', #4368 ) ;
#7731 = DIRECTION ( 'NONE',  ( 0.2873478855662903730, 0.9578262852211679723, 0.0000000000000000000 ) ) ;
#7732 = VECTOR ( 'NONE', #6839, 1000.000000000000000 ) ;
#7733 = CARTESIAN_POINT ( 'NONE',  ( -10.41000000000000014, 0.5000000000000000000, -0.7500000000000000000 ) ) ;
#7734 = ADVANCED_FACE ( 'NONE', ( #2871 ), #1590, .T. ) ;
#7735 = SURFACE_SIDE_STYLE ('',( #5287 ) ) ;
#7736 = SURFACE_STYLE_USAGE ( .BOTH. , #4318 ) ;
#7737 =( NAMED_UNIT ( * ) PLANE_ANGLE_UNIT ( ) SI_UNIT ( $, .RADIAN. ) );
#7738 = ORIENTED_EDGE ( 'NONE', *, *, #7049, .F. ) ;
#7739 = CARTESIAN_POINT ( 'NONE',  ( -4.309999999999999609, 8.500000000000000000, 0.5000000000000000000 ) ) ;
#7740 = VERTEX_POINT ( 'NONE', #2249 ) ;
#7741 = DIRECTION ( 'NONE',  ( 0.0000000000000000000, 0.7071067811865475727, -0.7071067811865475727 ) ) ;
#7742 = STYLED_ITEM ( 'NONE', ( #4606 ), #2347 ) ;
#7743 = EDGE_LOOP ( 'NONE', ( #7933, #8452, #6078, #6556 ) ) ;
#7744 = FACE_OUTER_BOUND ( 'NONE', #5294, .T. ) ;
#7745 =( NAMED_UNIT ( * ) SI_UNIT ( $, .STERADIAN. ) SOLID_ANGLE_UNIT ( ) );
#7746 = EDGE_CURVE ( 'NONE', #4950, #2606, #8232, .T. ) ;
#7747 = VECTOR ( 'NONE', #7350, 1000.000000000000114 ) ;
#7748 =( NAMED_UNIT ( * ) PLANE_ANGLE_UNIT ( ) SI_UNIT ( $, .RADIAN. ) );
#7749 = LINE ( 'NONE', #8240, #6544 ) ;
#7750 = ORIENTED_EDGE ( 'NONE', *, *, #5559, .F. ) ;
#7751 = CARTESIAN_POINT ( 'NONE',  ( 0.5199999999999996847, 0.5000000000000000000, -0.7500000000000000000 ) ) ;
#7752 = PLANE ( 'NONE',  #171 ) ;
#7753 = VERTEX_POINT ( 'NONE', #1542 ) ;
#7754 = LINE ( 'NONE', #5050, #3705 ) ;
#7755 = ORIENTED_EDGE ( 'NONE', *, *, #3116, .T. ) ;
#7756 = AXIS2_PLACEMENT_3D ( 'NONE', #8651, #7342, #5267 ) ;
#7757 = CARTESIAN_POINT ( 'NONE',  ( 1.570000000000000062, -2.500000000000000000, 0.0000000000000000000 ) ) ;
#7758 = ORIENTED_EDGE ( 'NONE', *, *, #6574, .T. ) ;
#7759 = EDGE_CURVE ( 'NONE', #1772, #4476, #2966, .T. ) ;
#7760 = PLANE ( 'NONE',  #4565 ) ;
#7761 = EDGE_CURVE ( 'NONE', #6657, #2320, #2397, .T. ) ;
#7762 =( NAMED_UNIT ( * ) PLANE_ANGLE_UNIT ( ) SI_UNIT ( $, .RADIAN. ) );
#7763 = PLANE ( 'NONE',  #4581 ) ;
#7764 = DIRECTION ( 'NONE',  ( 1.000000000000000000, -0.0000000000000000000, 0.0000000000000000000 ) ) ;
#7765 = VECTOR ( 'NONE', #6395, 1000.000000000000000 ) ;
#7766 = LINE ( 'NONE', #1750, #1489 ) ;
#7767 = CARTESIAN_POINT ( 'NONE',  ( -4.160000000000000142, 7.500000000000000000, -0.7500000000000000000 ) ) ;
#7768 = FILL_AREA_STYLE ('',( #5749 ) ) ;
#7769 = ORIENTED_EDGE ( 'NONE', *, *, #2949, .F. ) ;
#7770 = DIRECTION ( 'NONE',  ( 0.0000000000000000000, 0.0000000000000000000, -1.000000000000000000 ) ) ;
#7771 = VECTOR ( 'NONE', #778, 1000.000000000000000 ) ;
#7772 = CARTESIAN_POINT ( 'NONE',  ( -2.020000000000000018, 7.500000000000000000, -0.7500000000000000000 ) ) ;
#7773 = EDGE_CURVE ( 'NONE', #4112, #3061, #3722, .T. ) ;
#7774 = CARTESIAN_POINT ( 'NONE',  ( -10.41000000000000014, 0.5000000000000000000, 0.7500000000000000000 ) ) ;
#7775 = DIRECTION ( 'NONE',  ( 0.0000000000000000000, 0.0000000000000000000, -1.000000000000000000 ) ) ;
#7776 = AXIS2_PLACEMENT_3D ( 'NONE', #4856, #4317, #4943 ) ;
#7777 = ORIENTED_EDGE ( 'NONE', *, *, #8620, .T. ) ;
#7778 = ORIENTED_EDGE ( 'NONE', *, *, #8300, .F. ) ;
#7779 = COLOUR_RGB ( '',0.1568627450980392135, 0.1568627450980392135, 0.1568627450980392135 ) ;
#7780 = UNCERTAINTY_MEASURE_WITH_UNIT (LENGTH_MEASURE( 1.000000000000000082E-05 ), #7890, 'distance_accuracy_value', 'NONE');
#7781 = EDGE_CURVE ( 'NONE', #8636, #5843, #2209, .T. ) ;
#7782 = CARTESIAN_POINT ( 'NONE',  ( -5.850000000000000533, 7.500000000000000000, 0.0000000000000000000 ) ) ;
#7783 = EDGE_LOOP ( 'NONE', ( #1677, #1779, #2369, #3149 ) ) ;
#7784 = DIRECTION ( 'NONE',  ( 1.000000000000000000, -0.0000000000000000000, 0.0000000000000000000 ) ) ;
#7785 = ORIENTED_EDGE ( 'NONE', *, *, #6689, .T. ) ;
#7786 = CARTESIAN_POINT ( 'NONE',  ( 4.160000000000000142, 0.9000000000000001332, -0.3499999999999999778 ) ) ;
#7787 = PRESENTATION_LAYER_ASSIGNMENT (  '', '', ( #5972 ) ) ;
#7788 = VECTOR ( 'NONE', #8485, 1000.000000000000000 ) ;
#7789 = ORIENTED_EDGE ( 'NONE', *, *, #4723, .F. ) ;
#7790 = SURFACE_STYLE_FILL_AREA ( #5172 ) ;
#7791 = FILL_AREA_STYLE ('',( #4507 ) ) ;
#7792 = VECTOR ( 'NONE', #2500, 1000.000000000000000 ) ;
#7793 = AXIS2_PLACEMENT_3D ( 'NONE', #3240, #3286, #2501 ) ;
#7794 = DIRECTION ( 'NONE',  ( 1.000000000000000000, -0.0000000000000000000, 0.0000000000000000000 ) ) ;
#7795 = CARTESIAN_POINT ( 'NONE',  ( -1.570000000000000062, -3.000000000000000000, 0.2000000000000000111 ) ) ;
#7796 = EDGE_LOOP ( 'NONE', ( #8481, #4522, #5418, #5093 ) ) ;
#7797 = CARTESIAN_POINT ( 'NONE',  ( -3.509999999999999787, 0.0000000000000000000, 0.0000000000000000000 ) ) ;
#7798 = CARTESIAN_POINT ( 'NONE',  ( 1.995000000000000329, 7.500000000000000000, -0.7500000000000000000 ) ) ;
#7799 = ORIENTED_EDGE ( 'NONE', *, *, #8301, .T. ) ;
#7800 = CARTESIAN_POINT ( 'NONE',  ( 6.700000000000000178, 0.9000000000000001332, 0.3499999999999999778 ) ) ;
#7801 =( GEOMETRIC_REPRESENTATION_CONTEXT ( 3 ) GLOBAL_UNCERTAINTY_ASSIGNED_CONTEXT ( ( #1983 ) ) GLOBAL_UNIT_ASSIGNED_CONTEXT ( ( #2394, #1768, #583 ) ) REPRESENTATION_CONTEXT ( 'NONE', 'WORKASPACE' ) );
#7802 = ORIENTED_EDGE ( 'NONE', *, *, #5922, .T. ) ;
#7803 = ADVANCED_FACE ( 'NONE', ( #7553 ), #8369, .T. ) ;
#7804 = ORIENTED_EDGE ( 'NONE', *, *, #6208, .F. ) ;
#7805 =( NAMED_UNIT ( * ) SI_UNIT ( $, .STERADIAN. ) SOLID_ANGLE_UNIT ( ) );
#7806 = CARTESIAN_POINT ( 'NONE',  ( 0.5200000000000000178, 7.500000000000000000, -0.7500000000000000000 ) ) ;
#7807 = VECTOR ( 'NONE', #5803, 1000.000000000000000 ) ;
#7808 = CARTESIAN_POINT ( 'NONE',  ( -6.199999999999993960, -3.000000000000002220, -0.2000000000000000944 ) ) ;
#7809 = DIRECTION ( 'NONE',  ( 1.000000000000000000, -0.0000000000000000000, 0.0000000000000000000 ) ) ;
#7810 = DIRECTION ( 'NONE',  ( 0.0000000000000000000, -1.000000000000000000, 0.0000000000000000000 ) ) ;
#7811 = SURFACE_STYLE_USAGE ( .BOTH. , #7716 ) ;
#7812 = FACE_OUTER_BOUND ( 'NONE', #4150, .T. ) ;
#7813 = ORIENTED_EDGE ( 'NONE', *, *, #3804, .T. ) ;
#7814 = ADVANCED_FACE ( 'NONE', ( #882 ), #2353, .T. ) ;
#7815 =( GEOMETRIC_REPRESENTATION_CONTEXT ( 3 ) GLOBAL_UNCERTAINTY_ASSIGNED_CONTEXT ( ( #6194 ) ) GLOBAL_UNIT_ASSIGNED_CONTEXT ( ( #4922, #6186, #4886 ) ) REPRESENTATION_CONTEXT ( 'NONE', 'WORKASPACE' ) );
#7816 = LINE ( 'NONE', #3841, #4537 ) ;
#7817 = CARTESIAN_POINT ( 'NONE',  ( 6.049999999999999822, -3.000000000000000000, -0.2000000000000000111 ) ) ;
#7818 = CARTESIAN_POINT ( 'NONE',  ( 0.9700000000000070788, -2.499999999999997780, -0.2000000000000000944 ) ) ;
#7819 = FACE_OUTER_BOUND ( 'NONE', #6695, .T. ) ;
#7820 = ORIENTED_EDGE ( 'NONE', *, *, #7640, .F. ) ;
#7821 = ADVANCED_FACE ( 'NONE', ( #6603 ), #8591, .T. ) ;
#7822 = EDGE_CURVE ( 'NONE', #1511, #4948, #5858, .T. ) ;
#7823 = ORIENTED_EDGE ( 'NONE', *, *, #1959, .T. ) ;
#7824 = DIRECTION ( 'NONE',  ( -0.0000000000000000000, -1.000000000000000000, -0.0000000000000000000 ) ) ;
#7825 =( NAMED_UNIT ( * ) SI_UNIT ( $, .STERADIAN. ) SOLID_ANGLE_UNIT ( ) );
#7826 = ORIENTED_EDGE ( 'NONE', *, *, #2887, .F. ) ;
#7827 = CARTESIAN_POINT ( 'NONE',  ( -7.099999999999999645, 0.5000000000000000000, -0.7500000000000000000 ) ) ;
#7828 = ORIENTED_EDGE ( 'NONE', *, *, #2479, .T. ) ;
#7829 = DIRECTION ( 'NONE',  ( 0.0000000000000000000, -0.0000000000000000000, 1.000000000000000000 ) ) ;
#7830 = EDGE_CURVE ( 'NONE', #838, #7650, #1155, .T. ) ;
#7831 = ORIENTED_EDGE ( 'NONE', *, *, #6157, .F. ) ;
#7832 = DIRECTION ( 'NONE',  ( -0.7071067811865474617, 0.7071067811865474617, 0.0000000000000000000 ) ) ;
#7833 = DIRECTION ( 'NONE',  ( 0.0000000000000000000, 1.000000000000000000, 0.0000000000000000000 ) ) ;
#7834 = DIRECTION ( 'NONE',  ( -0.0000000000000000000, -1.000000000000000000, -0.0000000000000000000 ) ) ;
#7835 = VERTEX_POINT ( 'NONE', #1066 ) ;
#7836 = DIRECTION ( 'NONE',  ( 1.000000000000000000, -0.0000000000000000000, 0.0000000000000000000 ) ) ;
#7837 = CARTESIAN_POINT ( 'NONE',  ( 8.589999999999999858, 0.5000000000000000000, 0.2000000000000000111 ) ) ;
#7838 = EDGE_LOOP ( 'NONE', ( #3813, #6613, #1029, #3915 ) ) ;
#7839 = FACE_BOUND ( 'NONE', #5991, .T. ) ;
#7840 = DIRECTION ( 'NONE',  ( -0.0000000000000000000, -1.000000000000000000, -0.0000000000000000000 ) ) ;
#7841 = VERTEX_POINT ( 'NONE', #1858 ) ;
#7842 = CARTESIAN_POINT ( 'NONE',  ( -8.140000000000000568, 0.0000000000000000000, 0.7500000000000000000 ) ) ;
#7843 = ORIENTED_EDGE ( 'NONE', *, *, #6373, .F. ) ;
#7844 = LINE ( 'NONE', #5964, #8347 ) ;
#7845 = CARTESIAN_POINT ( 'NONE',  ( -3.060000000000000053, 0.5000000000000000000, 0.7500000000000000000 ) ) ;
#7846 = CARTESIAN_POINT ( 'NONE',  ( -4.160000000000000142, 0.9000000000000001332, -0.3499999999999999778 ) ) ;
#7847 = DIRECTION ( 'NONE',  ( -1.000000000000000000, 0.0000000000000000000, -0.0000000000000000000 ) ) ;
#7848 = EDGE_CURVE ( 'NONE', #6786, #7730, #3140, .T. ) ;
#7849 = PRESENTATION_LAYER_ASSIGNMENT (  '', '', ( #6719 ) ) ;
#7850 = CARTESIAN_POINT ( 'NONE',  ( 3.509999999999999787, -3.000000000000000000, 0.2000000000000000111 ) ) ;
#7851 = DIRECTION ( 'NONE',  ( -0.7071067811865474617, -0.7071067811865474617, 0.0000000000000000000 ) ) ;
#7852 = FILL_AREA_STYLE_COLOUR ( '', #4208 ) ;
#7853 = ORIENTED_EDGE ( 'NONE', *, *, #559, .F. ) ;
#7854 = DIRECTION ( 'NONE',  ( -0.0000000000000000000, -1.000000000000000000, -0.0000000000000000000 ) ) ;
#7855 =( GEOMETRIC_REPRESENTATION_CONTEXT ( 3 ) GLOBAL_UNCERTAINTY_ASSIGNED_CONTEXT ( ( #119 ) ) GLOBAL_UNIT_ASSIGNED_CONTEXT ( ( #1802, #5755, #2386 ) ) REPRESENTATION_CONTEXT ( 'NONE', 'WORKASPACE' ) );
#7856 = CARTESIAN_POINT ( 'NONE',  ( -9.189999999999999503, 0.0000000000000000000, 0.2000000000000000111 ) ) ;
#7857 = EDGE_CURVE ( 'NONE', #4646, #2727, #3184, .T. ) ;
#7858 = LINE ( 'NONE', #3086, #4307 ) ;
#7859 = FILL_AREA_STYLE_COLOUR ( '', #3228 ) ;
#7860 = PLANE ( 'NONE',  #4919 ) ;
#7861 = ORIENTED_EDGE ( 'NONE', *, *, #5108, .F. ) ;
#7862 = AXIS2_PLACEMENT_3D ( 'NONE', #5335, #2069, #4801 ) ;
#7863 = PRESENTATION_LAYER_ASSIGNMENT (  '', '', ( #2678 ) ) ;
#7864 = VERTEX_POINT ( 'NONE', #2568 ) ;
#7865 = AXIS2_PLACEMENT_3D ( 'NONE', #7943, #7311, #7266 ) ;
#7866 = LINE ( 'NONE', #7782, #3574 ) ;
#7867 = EDGE_CURVE ( 'NONE', #3222, #8310, #6473, .T. ) ;
#7868 = VECTOR ( 'NONE', #6908, 1000.000000000000000 ) ;
#7869 = CARTESIAN_POINT ( 'NONE',  ( 8.140000000000000568, 7.500000000000000000, -0.7500000000000000000 ) ) ;
#7870 = EDGE_CURVE ( 'NONE', #2919, #4494, #5126, .T. ) ;
#7871 = SURFACE_STYLE_USAGE ( .BOTH. , #8588 ) ;
#7872 = COLOUR_RGB ( '',0.1568627450980392135, 0.1568627450980392135, 0.1568627450980392135 ) ;
#7873 = ORIENTED_EDGE ( 'NONE', *, *, #4567, .F. ) ;
#7874 =( NAMED_UNIT ( * ) SI_UNIT ( $, .STERADIAN. ) SOLID_ANGLE_UNIT ( ) );
#7875 = VERTEX_POINT ( 'NONE', #4547 ) ;
#7876 = ORIENTED_EDGE ( 'NONE', *, *, #2345, .F. ) ;
#7877 = UNCERTAINTY_MEASURE_WITH_UNIT (LENGTH_MEASURE( 1.000000000000000082E-05 ), #6963, 'distance_accuracy_value', 'NONE');
#7878 = DIRECTION ( 'NONE',  ( -0.0000000000000000000, -1.000000000000000000, -0.0000000000000000000 ) ) ;
#7879 = EDGE_CURVE ( 'NONE', #6904, #838, #460, .T. ) ;
#7880 = FACE_OUTER_BOUND ( 'NONE', #866, .T. ) ;
#7881 = ORIENTED_EDGE ( 'NONE', *, *, #124, .T. ) ;
#7882 = FILL_AREA_STYLE_COLOUR ( '', #3166 ) ;
#7883 = FILL_AREA_STYLE_COLOUR ( '', #5372 ) ;
#7884 = VECTOR ( 'NONE', #3868, 1000.000000000000000 ) ;
#7885 = ORIENTED_EDGE ( 'NONE', *, *, #4431, .F. ) ;
#7886 = DIRECTION ( 'NONE',  ( -1.000000000000000000, -0.0000000000000000000, -0.0000000000000000000 ) ) ;
#7887 = VERTEX_POINT ( 'NONE', #7204 ) ;
#7888 = VERTEX_POINT ( 'NONE', #3900 ) ;
#7889 = PRESENTATION_LAYER_ASSIGNMENT (  '', '', ( #6759 ) ) ;
#7890 =( LENGTH_UNIT ( ) NAMED_UNIT ( * ) SI_UNIT ( .MILLI., .METRE. ) );
#7891 = FACE_OUTER_BOUND ( 'NONE', #5822, .T. ) ;
#7892 = DIRECTION ( 'NONE',  ( 0.0000000000000000000, 1.000000000000000000, 0.0000000000000000000 ) ) ;
#7893 = CARTESIAN_POINT ( 'NONE',  ( 6.500000000000004441, -3.000000000000000888, 0.2000000000000000389 ) ) ;
#7894 = FACE_OUTER_BOUND ( 'NONE', #6426, .T. ) ;
#7895 = VECTOR ( 'NONE', #6776, 1000.000000000000000 ) ;
#7896 = ORIENTED_EDGE ( 'NONE', *, *, #6925, .F. ) ;
#7897 = CARTESIAN_POINT ( 'NONE',  ( -1.620000000000000107, 7.500000000000000000, -0.3499999999999999778 ) ) ;
#7898 = PLANE ( 'NONE',  #8168 ) ;
#7899 = FACE_OUTER_BOUND ( 'NONE', #3902, .T. ) ;
#7900 = CARTESIAN_POINT ( 'NONE',  ( -3.509999999999999787, -2.500000000000000000, -0.2000000000000000111 ) ) ;
#7901 = CARTESIAN_POINT ( 'NONE',  ( -5.625000000000000000, 7.500000000000000000, -0.7500000000000000000 ) ) ;
#7902 = LINE ( 'NONE', #1350, #212 ) ;
#7903 = FILL_AREA_STYLE_COLOUR ( '', #5066 ) ;
#7904 = VECTOR ( 'NONE', #8371, 1000.000000000000000 ) ;
#7905 = VERTEX_POINT ( 'NONE', #6562 ) ;
#7906 = ORIENTED_EDGE ( 'NONE', *, *, #1401, .T. ) ;
#7907 = ADVANCED_FACE ( 'NONE', ( #7245 ), #7912, .T. ) ;
#7908 = DIRECTION ( 'NONE',  ( 0.0000000000000000000, 0.0000000000000000000, -1.000000000000000000 ) ) ;
#7909 = VECTOR ( 'NONE', #94, 1000.000000000000000 ) ;
#7910 = FACE_OUTER_BOUND ( 'NONE', #3940, .T. ) ;
#7911 = ORIENTED_EDGE ( 'NONE', *, *, #1642, .F. ) ;
#7912 = PLANE ( 'NONE',  #7269 ) ;
#7913 = ORIENTED_EDGE ( 'NONE', *, *, #6414, .T. ) ;
#7914 = DIRECTION ( 'NONE',  ( 1.000000000000000000, -0.0000000000000000000, 0.0000000000000000000 ) ) ;
#7915 = MECHANICAL_DESIGN_GEOMETRIC_PRESENTATION_REPRESENTATION (  '', ( #1771 ), #7632 ) ;
#7916 = ORIENTED_EDGE ( 'NONE', *, *, #401, .T. ) ;
#7917 = STYLED_ITEM ( 'NONE', ( #4224 ), #4258 ) ;
#7918 = EDGE_CURVE ( 'NONE', #759, #6602, #6155, .T. ) ;
#7919 =( NAMED_UNIT ( * ) PLANE_ANGLE_UNIT ( ) SI_UNIT ( $, .RADIAN. ) );
#7920 = EDGE_CURVE ( 'NONE', #3938, #4646, #6028, .T. ) ;
#7921 = PLANE ( 'NONE',  #6740 ) ;
#7922 = CARTESIAN_POINT ( 'NONE',  ( 4.110000000000001208, 0.5000000000000000000, 0.0000000000000000000 ) ) ;
#7923 = ORIENTED_EDGE ( 'NONE', *, *, #6894, .T. ) ;
#7924 = VECTOR ( 'NONE', #6066, 1000.000000000000000 ) ;
#7925 = LINE ( 'NONE', #5095, #5235 ) ;
#7926 = VECTOR ( 'NONE', #2855, 1000.000000000000000 ) ;
#7927 = ORIENTED_EDGE ( 'NONE', *, *, #1896, .F. ) ;
#7928 = LINE ( 'NONE', #2494, #5801 ) ;
#7929 = ORIENTED_EDGE ( 'NONE', *, *, #8707, .F. ) ;
#7930 = ADVANCED_FACE ( 'NONE', ( #4805 ), #6642, .T. ) ;
#7931 = LINE ( 'NONE', #3875, #5 ) ;
#7932 = EDGE_CURVE ( 'NONE', #2626, #3571, #1443, .T. ) ;
#7933 = ORIENTED_EDGE ( 'NONE', *, *, #6654, .F. ) ;
#7934 = VECTOR ( 'NONE', #5919, 1000.000000000000000 ) ;
#7935 = VECTOR ( 'NONE', #8663, 1000.000000000000000 ) ;
#7936 = DIRECTION ( 'NONE',  ( 1.000000000000000000, -0.0000000000000000000, 0.0000000000000000000 ) ) ;
#7937 = CARTESIAN_POINT ( 'NONE',  ( -5.625000000000000000, 7.500000000000000000, 0.0000000000000000000 ) ) ;
#7938 = DIRECTION ( 'NONE',  ( 0.0000000000000000000, 0.0000000000000000000, -1.000000000000000000 ) ) ;
#7939 = CARTESIAN_POINT ( 'NONE',  ( -6.650000000000000355, 0.5000000000000000000, 0.7500000000000000000 ) ) ;
#7940 = CARTESIAN_POINT ( 'NONE',  ( -5.850000000000000533, 7.500000000000000000, -0.5000000000000000000 ) ) ;
#7941 = FACE_OUTER_BOUND ( 'NONE', #2663, .T. ) ;
#7942 = VECTOR ( 'NONE', #5821, 1000.000000000000000 ) ;
#7943 = CARTESIAN_POINT ( 'NONE',  ( -4.535000000000000142, 0.0000000000000000000, 0.0000000000000000000 ) ) ;
#7944 = VECTOR ( 'NONE', #3333, 1000.000000000000000 ) ;
#7945 = ORIENTED_EDGE ( 'NONE', *, *, #3975, .F. ) ;
#7946 = EDGE_CURVE ( 'NONE', #1815, #2035, #4059, .T. ) ;
#7947 = CARTESIAN_POINT ( 'NONE',  ( 0.5200000000000000178, 0.0000000000000000000, 0.0000000000000000000 ) ) ;
#7948 = VECTOR ( 'NONE', #6379, 1000.000000000000000 ) ;
#7949 = LINE ( 'NONE', #4003, #5414 ) ;
#7950 = SURFACE_STYLE_USAGE ( .BOTH. , #7735 ) ;
#7951 = DIRECTION ( 'NONE',  ( 0.0000000000000000000, 0.0000000000000000000, 1.000000000000000000 ) ) ;
#7952 = ORIENTED_EDGE ( 'NONE', *, *, #675, .F. ) ;
#7953 = CARTESIAN_POINT ( 'NONE',  ( -1.044999999999999929, -2.750000000000000000, 0.0000000000000000000 ) ) ;
#7954 = AXIS2_PLACEMENT_3D ( 'NONE', #7407, #6072, #1441 ) ;
#7955 = ORIENTED_EDGE ( 'NONE', *, *, #431, .T. ) ;
#7956 = UNCERTAINTY_MEASURE_WITH_UNIT (LENGTH_MEASURE( 1.000000000000000082E-05 ), #8498, 'distance_accuracy_value', 'NONE');
#7957 = LINE ( 'NONE', #4591, #4426 ) ;
#7958 = CARTESIAN_POINT ( 'NONE',  ( 0.9200000000000000400, 0.0000000000000000000, 0.0000000000000000000 ) ) ;
#7959 = CARTESIAN_POINT ( 'NONE',  ( -9.390000000000000568, 7.500000000000000000, -0.5000000000000000000 ) ) ;
#7960 = DIRECTION ( 'NONE',  ( -0.0000000000000000000, -0.0000000000000000000, 1.000000000000000000 ) ) ;
#7961 = EDGE_CURVE ( 'NONE', #3579, #1189, #5500, .T. ) ;
#7962 = DIRECTION ( 'NONE',  ( 0.0000000000000000000, 1.000000000000000000, 0.0000000000000000000 ) ) ;
#7963 = ORIENTED_EDGE ( 'NONE', *, *, #2078, .F. ) ;
#7964 = PRESENTATION_STYLE_ASSIGNMENT (( #5898 ) ) ;
#7965 = ORIENTED_EDGE ( 'NONE', *, *, #4569, .F. ) ;
#7966 =( NAMED_UNIT ( * ) PLANE_ANGLE_UNIT ( ) SI_UNIT ( $, .RADIAN. ) );
#7967 = ORIENTED_EDGE ( 'NONE', *, *, #3164, .F. ) ;
#7968 = CARTESIAN_POINT ( 'NONE',  ( -8.140000000000000568, 7.500000000000000000, -0.7500000000000000000 ) ) ;
#7969 = CARTESIAN_POINT ( 'NONE',  ( 6.199999999999985967, -3.000000000000004441, 0.0000000000000000000 ) ) ;
#7970 = EDGE_CURVE ( 'NONE', #1967, #6417, #2693, .T. ) ;
#7971 = ORIENTED_EDGE ( 'NONE', *, *, #3758, .T. ) ;
#7972 = LINE ( 'NONE', #2627, #7323 ) ;
#7973 = ORIENTED_EDGE ( 'NONE', *, *, #2767, .F. ) ;
#7974 = CARTESIAN_POINT ( 'NONE',  ( 6.199999999999997513, -3.000000000000000888, 0.2000000000000000389 ) ) ;
#7975 = EDGE_LOOP ( 'NONE', ( #7579, #6829, #4728, #2343 ) ) ;
#7976 = FILL_AREA_STYLE ('',( #4525 ) ) ;
#7977 = CARTESIAN_POINT ( 'NONE',  ( 0.9699999999999999734, -3.000000000000000000, -0.2000000000000000111 ) ) ;
#7978 = CARTESIAN_POINT ( 'NONE',  ( -1.570000000000000062, 0.5000000000000000000, 0.1999999999999999833 ) ) ;
#7979 = CARTESIAN_POINT ( 'NONE',  ( -2.070000000000000728, 8.500000000000000000, 0.8000000000000005995 ) ) ;
#7980 = LINE ( 'NONE', #2671, #5241 ) ;
#7981 = ADVANCED_FACE ( 'NONE', ( #4761 ), #8042, .T. ) ;
#7982 = EDGE_CURVE ( 'NONE', #4769, #648, #3394, .T. ) ;
#7983 = DIRECTION ( 'NONE',  ( 0.0000000000000000000, 0.0000000000000000000, -1.000000000000000000 ) ) ;
#7984 = ORIENTED_EDGE ( 'NONE', *, *, #1641, .F. ) ;
#7985 = LINE ( 'NONE', #3251, #6665 ) ;
#7986 = DIRECTION ( 'NONE',  ( -0.0000000000000000000, 0.0000000000000000000, 1.000000000000000000 ) ) ;
#7987 =( NAMED_UNIT ( * ) SI_UNIT ( $, .STERADIAN. ) SOLID_ANGLE_UNIT ( ) );
#7988 = CARTESIAN_POINT ( 'NONE',  ( 8.164999999999999147, 0.5000000000000000000, -0.7500000000000000000 ) ) ;
#7989 = ORIENTED_EDGE ( 'NONE', *, *, #2631, .T. ) ;
#7990 = PLANE ( 'NONE',  #5482 ) ;
#7991 = ORIENTED_EDGE ( 'NONE', *, *, #2564, .T. ) ;
#7992 = COLOUR_RGB ( '',0.1568627450980392135, 0.1568627450980392135, 0.1568627450980392135 ) ;
#7993 = VERTEX_POINT ( 'NONE', #8000 ) ;
#7994 = VECTOR ( 'NONE', #3536, 1000.000000000000000 ) ;
#7995 = DIRECTION ( 'NONE',  ( 0.0000000000000000000, 1.000000000000000000, 0.0000000000000000000 ) ) ;
#7996 = STYLED_ITEM ( 'NONE', ( #2944 ), #8403 ) ;
#7997 = SURFACE_STYLE_USAGE ( .BOTH. , #7325 ) ;
#7998 = LINE ( 'NONE', #90, #2348 ) ;
#7999 = VERTEX_POINT ( 'NONE', #8174 ) ;
#8000 = CARTESIAN_POINT ( 'NONE',  ( -0.9200000000000000400, 7.500000000000000000, 0.3500000000000000333 ) ) ;
#8001 = ORIENTED_EDGE ( 'NONE', *, *, #5344, .T. ) ;
#8002 = VECTOR ( 'NONE', #8652, 1000.000000000000000 ) ;
#8003 = VERTEX_POINT ( 'NONE', #2734 ) ;
#8004 =( NAMED_UNIT ( * ) PLANE_ANGLE_UNIT ( ) SI_UNIT ( $, .RADIAN. ) );
#8005 = COLOUR_RGB ( '',0.1568627450980392135, 0.1568627450980392135, 0.1568627450980392135 ) ;
#8006 = DIRECTION ( 'NONE',  ( 1.000000000000000000, -0.0000000000000000000, 0.0000000000000000000 ) ) ;
#8007 = LINE ( 'NONE', #1998, #6674 ) ;
#8008 = ORIENTED_EDGE ( 'NONE', *, *, #877, .T. ) ;
#8009 = DIRECTION ( 'NONE',  ( -0.5773502691896266192, -0.5773502691896266192, 0.5773502691896239547 ) ) ;
#8010 = CARTESIAN_POINT ( 'NONE',  ( -10.41000000000000014, 8.500000000000000000, -0.8000000000000000444 ) ) ;
#8011 = ORIENTED_EDGE ( 'NONE', *, *, #3954, .T. ) ;
#8012 = PLANE ( 'NONE',  #1432 ) ;
#8013 = ADVANCED_FACE ( 'NONE', ( #49 ), #796, .F. ) ;
#8014 = VECTOR ( 'NONE', #6893, 1000.000000000000000 ) ;
#8015 = ORIENTED_EDGE ( 'NONE', *, *, #4871, .T. ) ;
#8016 = CARTESIAN_POINT ( 'NONE',  ( -0.5450000000000003730, 0.5000000000000000000, -0.7500000000000000000 ) ) ;
#8017 = ORIENTED_EDGE ( 'NONE', *, *, #5931, .T. ) ;
#8018 = EDGE_CURVE ( 'NONE', #5857, #5443, #6683, .T. ) ;
#8019 = VECTOR ( 'NONE', #3548, 1000.000000000000000 ) ;
#8020 = VECTOR ( 'NONE', #2752, 1000.000000000000000 ) ;
#8021 = DIRECTION ( 'NONE',  ( -0.0000000000000000000, -0.0000000000000000000, 1.000000000000000000 ) ) ;
#8022 = FILL_AREA_STYLE ('',( #5358 ) ) ;
#8023 = PRESENTATION_STYLE_ASSIGNMENT (( #4619 ) ) ;
#8024 = ORIENTED_EDGE ( 'NONE', *, *, #7920, .F. ) ;
#8025 = VECTOR ( 'NONE', #5679, 1000.000000000000000 ) ;
#8026 = ADVANCED_FACE ( 'NONE', ( #2653 ), #1628, .T. ) ;
#8027 = EDGE_CURVE ( 'NONE', #7491, #1935, #872, .T. ) ;
#8028 = PLANE ( 'NONE',  #5973 ) ;
#8029 = PLANE ( 'NONE',  #6190 ) ;
#8030 = AXIS2_PLACEMENT_3D ( 'NONE', #2593, #3290, #6625 ) ;
#8031 = LINE ( 'NONE', #5885, #2175 ) ;
#8032 = ORIENTED_EDGE ( 'NONE', *, *, #8507, .F. ) ;
#8033 = ORIENTED_EDGE ( 'NONE', *, *, #253, .T. ) ;
#8034 = PLANE ( 'NONE',  #5774 ) ;
#8035 = VECTOR ( 'NONE', #474, 1000.000000000000000 ) ;
#8036 = ADVANCED_FACE ( 'NONE', ( #5581, #1663 ), #4353, .T. ) ;
#8037 = UNCERTAINTY_MEASURE_WITH_UNIT (LENGTH_MEASURE( 1.000000000000000082E-05 ), #7374, 'distance_accuracy_value', 'NONE');
#8038 = CARTESIAN_POINT ( 'NONE',  ( -4.110000000000001208, 0.5000000000000000000, 0.1999999999999999833 ) ) ;
#8039 = SURFACE_STYLE_USAGE ( .BOTH. , #5454 ) ;
#8040 = CARTESIAN_POINT ( 'NONE',  ( -7.099999999999999645, 0.5000000000000000000, 0.0000000000000000000 ) ) ;
#8041 = EDGE_LOOP ( 'NONE', ( #6476, #8017, #6936, #4505 ) ) ;
#8042 = PLANE ( 'NONE',  #4354 ) ;
#8043 = COLOUR_RGB ( '',0.1568627450980392135, 0.1568627450980392135, 0.1568627450980392135 ) ;
#8044 = DIRECTION ( 'NONE',  ( 0.0000000000000000000, 0.0000000000000000000, -1.000000000000000000 ) ) ;
#8045 = ORIENTED_EDGE ( 'NONE', *, *, #7279, .T. ) ;
#8046 = EDGE_CURVE ( 'NONE', #7110, #1158, #917, .T. ) ;
#8047 =( NAMED_UNIT ( * ) SI_UNIT ( $, .STERADIAN. ) SOLID_ANGLE_UNIT ( ) );
#8048 = VECTOR ( 'NONE', #4167, 1000.000000000000000 ) ;
#8049 = UNCERTAINTY_MEASURE_WITH_UNIT (LENGTH_MEASURE( 1.000000000000000082E-05 ), #7539, 'distance_accuracy_value', 'NONE');
#8050 = DIRECTION ( 'NONE',  ( -1.000000000000000000, -0.0000000000000000000, -0.0000000000000000000 ) ) ;
#8051 = DIRECTION ( 'NONE',  ( -0.9578262852211679723, -0.2873478855662903730, 0.0000000000000000000 ) ) ;
#8052 = ORIENTED_EDGE ( 'NONE', *, *, #4724, .T. ) ;
#8053 =( NAMED_UNIT ( * ) PLANE_ANGLE_UNIT ( ) SI_UNIT ( $, .RADIAN. ) );
#8054 = VERTEX_POINT ( 'NONE', #3709 ) ;
#8055 = LINE ( 'NONE', #4864, #878 ) ;
#8056 = COLOUR_RGB ( '',0.1568627450980392135, 0.1568627450980392135, 0.1568627450980392135 ) ;
#8057 = ORIENTED_EDGE ( 'NONE', *, *, #5024, .F. ) ;
#8058 = DIRECTION ( 'NONE',  ( 0.5773502691896215122, -0.5773502691896281735, 0.5773502691896276184 ) ) ;
#8059 = ORIENTED_EDGE ( 'NONE', *, *, #7085, .T. ) ;
#8060 =( NAMED_UNIT ( * ) PLANE_ANGLE_UNIT ( ) SI_UNIT ( $, .RADIAN. ) );
#8061 = AXIS2_PLACEMENT_3D ( 'NONE', #2950, #5621, #2067 ) ;
#8062 = SURFACE_STYLE_USAGE ( .BOTH. , #25 ) ;
#8063 = PRESENTATION_STYLE_ASSIGNMENT (( #687 ) ) ;
#8064 = CARTESIAN_POINT ( 'NONE',  ( 7.075000000000000178, 0.0000000000000000000, 0.7500000000000000000 ) ) ;
#8065 = PLANE ( 'NONE',  #7865 ) ;
#8066 = EDGE_CURVE ( 'NONE', #8393, #6474, #5718, .T. ) ;
#8067 = STYLED_ITEM ( 'NONE', ( #4393 ), #6125 ) ;
#8068 = VECTOR ( 'NONE', #2422, 1000.000000000000000 ) ;
#8069 = ORIENTED_EDGE ( 'NONE', *, *, #729, .F. ) ;
#8070 = CARTESIAN_POINT ( 'NONE',  ( 6.049999999999999822, -3.000000000000000000, 0.2000000000000000111 ) ) ;
#8071 = LINE ( 'NONE', #2057, #509 ) ;
#8072 = CARTESIAN_POINT ( 'NONE',  ( -2.070000000000000728, 8.500000000000000000, 0.8000000000000004885 ) ) ;
#8073 = AXIS2_PLACEMENT_3D ( 'NONE', #2712, #769, #7472 ) ;
#8074 = CARTESIAN_POINT ( 'NONE',  ( -6.700000000000000178, 0.9000000000000001332, 0.3499999999999999778 ) ) ;
#8075 = LINE ( 'NONE', #1889, #641 ) ;
#8076 =( LENGTH_UNIT ( ) NAMED_UNIT ( * ) SI_UNIT ( .MILLI., .METRE. ) );
#8077 = EDGE_CURVE ( 'NONE', #4338, #2614, #2340, .T. ) ;
#8078 = EDGE_LOOP ( 'NONE', ( #1707, #696, #6653, #2111 ) ) ;
#8079 = MECHANICAL_DESIGN_GEOMETRIC_PRESENTATION_REPRESENTATION (  '', ( #3457 ), #7801 ) ;
#8080 = CARTESIAN_POINT ( 'NONE',  ( -3.009999999999999787, 8.500000000000000000, -1.270000000000000018 ) ) ;
#8081 = FILL_AREA_STYLE ('',( #5375 ) ) ;
#8082 = CARTESIAN_POINT ( 'NONE',  ( -4.309999999999999609, 8.199999999999999289, 0.5000000000000000000 ) ) ;
#8083 = VERTEX_POINT ( 'NONE', #7009 ) ;
#8084 = VECTOR ( 'NONE', #7498, 1000.000000000000000 ) ;
#8085 = FILL_AREA_STYLE_COLOUR ( '', #3499 ) ;
#8086 = EDGE_CURVE ( 'NONE', #5637, #5481, #6243, .T. ) ;
#8087 = EDGE_CURVE ( 'NONE', #8202, #2538, #359, .T. ) ;
#8088 = SURFACE_SIDE_STYLE ('',( #5379 ) ) ;
#8089 = EDGE_LOOP ( 'NONE', ( #4640, #5062, #2746, #678 ) ) ;
#8090 = AXIS2_PLACEMENT_3D ( 'NONE', #8074, #4087, #2060 ) ;
#8091 = DIRECTION ( 'NONE',  ( -0.0000000000000000000, -1.000000000000000000, -0.0000000000000000000 ) ) ;
#8092 = CARTESIAN_POINT ( 'NONE',  ( 6.500000000000007105, -3.000000000000002220, -0.2000000000000000944 ) ) ;
#8093 = ORIENTED_EDGE ( 'NONE', *, *, #7387, .T. ) ;
#8094 = PRESENTATION_STYLE_ASSIGNMENT (( #5878 ) ) ;
#8095 = EDGE_LOOP ( 'NONE', ( #6947, #841, #988, #8492 ) ) ;
#8096 = ADVANCED_FACE ( 'NONE', ( #2289 ), #7588, .F. ) ;
#8097 = LINE ( 'NONE', #1371, #3417 ) ;
#8098 = ORIENTED_EDGE ( 'NONE', *, *, #868, .T. ) ;
#8099 = CARTESIAN_POINT ( 'NONE',  ( 3.509999999999999787, 0.0000000000000000000, 0.2000000000000000111 ) ) ;
#8100 = ORIENTED_EDGE ( 'NONE', *, *, #7313, .F. ) ;
#8101 = PLANE ( 'NONE',  #7586 ) ;
#8102 = DIRECTION ( 'NONE',  ( 0.0000000000000000000, 0.0000000000000000000, -1.000000000000000000 ) ) ;
#8103 = LINE ( 'NONE', #6174, #2336 ) ;
#8104 = FACE_OUTER_BOUND ( 'NONE', #7246, .T. ) ;
#8105 = PLANE ( 'NONE',  #3135 ) ;
#8106 = CARTESIAN_POINT ( 'NONE',  ( -3.459999999999999964, 7.500000000000000000, 0.3500000000000000333 ) ) ;
#8107 = SURFACE_SIDE_STYLE ('',( #1222 ) ) ;
#8108 = VERTEX_POINT ( 'NONE', #4179 ) ;
#8109 = EDGE_CURVE ( 'NONE', #2965, #4562, #1578, .T. ) ;
#8110 = CARTESIAN_POINT ( 'NONE',  ( -9.240000000000000213, 0.0000000000000000000, -0.3499999999999999778 ) ) ;
#8111 = DIRECTION ( 'NONE',  ( -0.0000000000000000000, -0.0000000000000000000, 1.000000000000000000 ) ) ;
#8112 = LINE ( 'NONE', #8072, #4797 ) ;
#8113 = DIRECTION ( 'NONE',  ( -0.0000000000000000000, 0.0000000000000000000, -1.000000000000000000 ) ) ;
#8114 = PRESENTATION_STYLE_ASSIGNMENT (( #6187 ) ) ;
#8115 =( NAMED_UNIT ( * ) PLANE_ANGLE_UNIT ( ) SI_UNIT ( $, .RADIAN. ) );
#8116 = EDGE_LOOP ( 'NONE', ( #5200, #7967, #4478, #5739 ) ) ;
#8117 = SURFACE_STYLE_USAGE ( .BOTH. , #3387 ) ;
#8118 = EDGE_CURVE ( 'NONE', #1279, #2872, #3606, .T. ) ;
#8119 = VECTOR ( 'NONE', #8220, 1000.000000000000227 ) ;
#8120 = LINE ( 'NONE', #4299, #5144 ) ;
#8121 = DIRECTION ( 'NONE',  ( -0.0000000000000000000, 0.0000000000000000000, 1.000000000000000000 ) ) ;
#8122 = DIRECTION ( 'NONE',  ( 0.0000000000000000000, 0.0000000000000000000, -1.000000000000000000 ) ) ;
#8123 = CARTESIAN_POINT ( 'NONE',  ( -0.7700000000000000178, 8.199999999999999289, -0.4999999999999998890 ) ) ;
#8124 = EDGE_LOOP ( 'NONE', ( #5664, #682, #6509, #7466 ) ) ;
#8125 = FACE_OUTER_BOUND ( 'NONE', #8041, .T. ) ;
#8126 = STYLED_ITEM ( 'NONE', ( #3047 ), #192 ) ;
#8127 = VERTEX_POINT ( 'NONE', #4216 ) ;
#8128 = LINE ( 'NONE', #1362, #2414 ) ;
#8129 = EDGE_CURVE ( 'NONE', #2240, #2485, #3652, .T. ) ;
#8130 = UNCERTAINTY_MEASURE_WITH_UNIT (LENGTH_MEASURE( 1.000000000000000082E-05 ), #1463, 'distance_accuracy_value', 'NONE');
#8131 = VECTOR ( 'NONE', #8676, 1000.000000000000000 ) ;
#8132 = EDGE_CURVE ( 'NONE', #1316, #2607, #7106, .T. ) ;
#8133 = FACE_OUTER_BOUND ( 'NONE', #5727, .T. ) ;
#8134 = LINE ( 'NONE', #138, #919 ) ;
#8135 = VECTOR ( 'NONE', #1918, 1000.000000000000000 ) ;
#8136 = VERTEX_POINT ( 'NONE', #539 ) ;
#8137 = CARTESIAN_POINT ( 'NONE',  ( 7.150000000000000355, 8.500000000000000000, -0.8000000000000005995 ) ) ;
#8138 = CARTESIAN_POINT ( 'NONE',  ( 8.589999999999999858, -2.500000000000000000, 0.2000000000000000111 ) ) ;
#8139 = ORIENTED_EDGE ( 'NONE', *, *, #4337, .T. ) ;
#8140 = LINE ( 'NONE', #719, #2297 ) ;
#8141 = STYLED_ITEM ( 'NONE', ( #5796 ), #8466 ) ;
#8142 = ORIENTED_EDGE ( 'NONE', *, *, #4626, .F. ) ;
#8143 = VERTEX_POINT ( 'NONE', #1097 ) ;
#8144 = CARTESIAN_POINT ( 'NONE',  ( 6.000000000000000000, 0.0000000000000000000, 0.3499999999999999778 ) ) ;
#8145 = AXIS2_PLACEMENT_3D ( 'NONE', #6512, #2481, #1104 ) ;
#8146 = PRESENTATION_LAYER_ASSIGNMENT (  '', '', ( #4220 ) ) ;
#8147 = ORIENTED_EDGE ( 'NONE', *, *, #288, .T. ) ;
#8148 =( LENGTH_UNIT ( ) NAMED_UNIT ( * ) SI_UNIT ( .MILLI., .METRE. ) );
#8149 = EDGE_CURVE ( 'NONE', #8202, #7380, #3213, .T. ) ;
#8150 = COLOUR_RGB ( '',0.1568627450980392135, 0.1568627450980392135, 0.1568627450980392135 ) ;
#8151 = LINE ( 'NONE', #4042, #8214 ) ;
#8152 = SURFACE_STYLE_USAGE ( .BOTH. , #4826 ) ;
#8153 = DIRECTION ( 'NONE',  ( 1.000000000000000000, 0.0000000000000000000, 0.0000000000000000000 ) ) ;
#8154 = PRESENTATION_LAYER_ASSIGNMENT (  '', '', ( #4223 ) ) ;
#8155 =( GEOMETRIC_REPRESENTATION_CONTEXT ( 3 ) GLOBAL_UNCERTAINTY_ASSIGNED_CONTEXT ( ( #8049 ) ) GLOBAL_UNIT_ASSIGNED_CONTEXT ( ( #7539, #822, #3643 ) ) REPRESENTATION_CONTEXT ( 'NONE', 'WORKASPACE' ) );
#8156 = CARTESIAN_POINT ( 'NONE',  ( -3.959999999999999964, -3.000000000000000000, -0.2000000000000000111 ) ) ;
#8157 = CARTESIAN_POINT ( 'NONE',  ( -10.41000000000000014, 7.500000000000000000, 0.7500000000000000000 ) ) ;
#8158 = ORIENTED_EDGE ( 'NONE', *, *, #891, .F. ) ;
#8159 =( GEOMETRIC_REPRESENTATION_CONTEXT ( 3 ) GLOBAL_UNCERTAINTY_ASSIGNED_CONTEXT ( ( #2865 ) ) GLOBAL_UNIT_ASSIGNED_CONTEXT ( ( #4288, #6851, #5866 ) ) REPRESENTATION_CONTEXT ( 'NONE', 'WORKASPACE' ) );
#8160 = VECTOR ( 'NONE', #8091, 1000.000000000000000 ) ;
#8161 = EDGE_CURVE ( 'NONE', #8054, #143, #1053, .T. ) ;
#8162 = CARTESIAN_POINT ( 'NONE',  ( 9.040000000000013358, -3.000000000000004885, 0.0000000000000000000 ) ) ;
#8163 =( NAMED_UNIT ( * ) SI_UNIT ( $, .STERADIAN. ) SOLID_ANGLE_UNIT ( ) );
#8164 = DIRECTION ( 'NONE',  ( 0.2873478855663453291, -0.9578262852211513190, 0.0000000000000000000 ) ) ;
#8165 = LINE ( 'NONE', #7485, #6418 ) ;
#8166 = PRESENTATION_STYLE_ASSIGNMENT (( #2101 ) ) ;
#8167 = CARTESIAN_POINT ( 'NONE',  ( 8.539999999999999147, 7.500000000000000000, 0.3500000000000000333 ) ) ;
#8168 = AXIS2_PLACEMENT_3D ( 'NONE', #7947, #1930, #443 ) ;
#8169 = EDGE_LOOP ( 'NONE', ( #7073, #5471, #6971, #3155 ) ) ;
#8170 = SURFACE_STYLE_USAGE ( .BOTH. , #5492 ) ;
#8171 = VECTOR ( 'NONE', #4931, 1000.000000000000000 ) ;
#8172 = LINE ( 'NONE', #8306, #8084 ) ;
#8173 = FACE_BOUND ( 'NONE', #3506, .T. ) ;
#8174 = CARTESIAN_POINT ( 'NONE',  ( 9.615000000000000213, 0.5000000000000000000, 0.7500000000000000000 ) ) ;
#8175 = FILL_AREA_STYLE_COLOUR ( '', #345 ) ;
#8176 = EDGE_CURVE ( 'NONE', #6408, #6819, #8489, .T. ) ;
#8177 = COLOUR_RGB ( '',0.1568627450980392135, 0.1568627450980392135, 0.1568627450980392135 ) ;
#8178 = ORIENTED_EDGE ( 'NONE', *, *, #7119, .T. ) ;
#8179 = FACE_OUTER_BOUND ( 'NONE', #504, .T. ) ;
#8180 = VECTOR ( 'NONE', #4774, 1000.000000000000000 ) ;
#8181 = DIRECTION ( 'NONE',  ( 0.5773502691896266192, 0.5773502691896266192, 0.5773502691896239547 ) ) ;
#8182 = DIRECTION ( 'NONE',  ( 1.000000000000000000, -0.0000000000000000000, 0.0000000000000000000 ) ) ;
#8183 = VERTEX_POINT ( 'NONE', #8443 ) ;
#8184 = LINE ( 'NONE', #142, #3332 ) ;
#8185 = VERTEX_POINT ( 'NONE', #5196 ) ;
#8186 =( LENGTH_UNIT ( ) NAMED_UNIT ( * ) SI_UNIT ( .MILLI., .METRE. ) );
#8187 = EDGE_CURVE ( 'NONE', #5909, #6736, #1187, .T. ) ;
#8188 = ORIENTED_EDGE ( 'NONE', *, *, #8149, .T. ) ;
#8189 = EDGE_CURVE ( 'NONE', #3133, #600, #1143, .T. ) ;
#8190 = APPLICATION_CONTEXT ( 'automotive_design' ) ;
#8191 = EDGE_LOOP ( 'NONE', ( #8645, #576, #3775, #3770 ) ) ;
#8192 = SURFACE_STYLE_USAGE ( .BOTH. , #5551 ) ;
#8193 = ORIENTED_EDGE ( 'NONE', *, *, #2164, .F. ) ;
#8194 = SURFACE_STYLE_FILL_AREA ( #4116 ) ;
#8195 = CARTESIAN_POINT ( 'NONE',  ( 3.659999999999985931, -3.000000000000004441, 0.0000000000000000000 ) ) ;
#8196 = CARTESIAN_POINT ( 'NONE',  ( -8.589999999999999858, -2.500000000000000000, 0.0000000000000000000 ) ) ;
#8197 = SURFACE_SIDE_STYLE ('',( #1534 ) ) ;
#8198 = VERTEX_POINT ( 'NONE', #2433 ) ;
#8199 = LINE ( 'NONE', #4877, #153 ) ;
#8200 = EDGE_CURVE ( 'NONE', #838, #4110, #2475, .T. ) ;
#8201 = EDGE_CURVE ( 'NONE', #1359, #3266, #2556, .T. ) ;
#8202 = VERTEX_POINT ( 'NONE', #3892 ) ;
#8203 = ORIENTED_EDGE ( 'NONE', *, *, #1414, .T. ) ;
#8204 = MECHANICAL_DESIGN_GEOMETRIC_PRESENTATION_REPRESENTATION (  '', ( #2322 ), #7087 ) ;
#8205 = VECTOR ( 'NONE', #7280, 1000.000000000000000 ) ;
#8206 = DIRECTION ( 'NONE',  ( -1.000000000000000000, 0.0000000000000000000, -0.0000000000000000000 ) ) ;
#8207 = PLANE ( 'NONE',  #909 ) ;
#8208 = SURFACE_STYLE_USAGE ( .BOTH. , #4751 ) ;
#8209 =( NAMED_UNIT ( * ) SI_UNIT ( $, .STERADIAN. ) SOLID_ANGLE_UNIT ( ) );
#8210 = VECTOR ( 'NONE', #4673, 1000.000000000000000 ) ;
#8211 = DIRECTION ( 'NONE',  ( -0.9578262852211679723, -0.2873478855662903730, 0.0000000000000000000 ) ) ;
#8212 = ORIENTED_EDGE ( 'NONE', *, *, #4927, .T. ) ;
#8213 = LINE ( 'NONE', #2996, #6191 ) ;
#8214 = VECTOR ( 'NONE', #6173, 1000.000000000000000 ) ;
#8215 = VECTOR ( 'NONE', #7033, 1000.000000000000000 ) ;
#8216 = ADVANCED_BREP_SHAPE_REPRESENTATION ( '3F8EB807-6556-453D-A546-73C67FD4E131', ( #335, #3677 ), #4516 ) ;
#8217 = LINE ( 'NONE', #4933, #5281 ) ;
#8218 = CARTESIAN_POINT ( 'NONE',  ( -8.739999999999986002, -3.000000000000005329, 0.0000000000000000000 ) ) ;
#8219 = CARTESIAN_POINT ( 'NONE',  ( -9.390000000000000568, 0.5000000000000000000, -0.5000000000000000000 ) ) ;
#8220 = DIRECTION ( 'NONE',  ( 0.2873478855663453291, 0.9578262852211513190, 0.0000000000000000000 ) ) ;
#8221 = VECTOR ( 'NONE', #1106, 1000.000000000000000 ) ;
#8222 = VECTOR ( 'NONE', #4144, 1000.000000000000000 ) ;
#8223 = ORIENTED_EDGE ( 'NONE', *, *, #7059, .F. ) ;
#8224 = UNCERTAINTY_MEASURE_WITH_UNIT (LENGTH_MEASURE( 1.000000000000000082E-05 ), #3436, 'distance_accuracy_value', 'NONE');
#8225 = COLOUR_RGB ( '',0.1568627450980392135, 0.1568627450980392135, 0.1568627450980392135 ) ;
#8226 = CARTESIAN_POINT ( 'NONE',  ( 6.049999999999999822, 0.0000000000000000000, 0.0000000000000000000 ) ) ;
#8227 = EDGE_CURVE ( 'NONE', #4910, #6736, #5119, .T. ) ;
#8228 = DIRECTION ( 'NONE',  ( 0.0000000000000000000, -1.000000000000000000, 0.0000000000000000000 ) ) ;
#8229 = DIRECTION ( 'NONE',  ( 0.0000000000000000000, 1.000000000000000000, -0.0000000000000000000 ) ) ;
#8230 = VERTEX_POINT ( 'NONE', #6460 ) ;
#8231 = DIRECTION ( 'NONE',  ( 1.000000000000000000, 0.0000000000000000000, 0.0000000000000000000 ) ) ;
#8232 = LINE ( 'NONE', #1673, #4493 ) ;
#8233 = ORIENTED_EDGE ( 'NONE', *, *, #6398, .F. ) ;
#8234 = DIRECTION ( 'NONE',  ( 0.0000000000000000000, -0.0000000000000000000, -1.000000000000000000 ) ) ;
#8235 = ORIENTED_EDGE ( 'NONE', *, *, #1642, .T. ) ;
#8236 = PLANE ( 'NONE',  #6741 ) ;
#8237 = ORIENTED_EDGE ( 'NONE', *, *, #6698, .T. ) ;
#8238 = FILL_AREA_STYLE_COLOUR ( '', #130 ) ;
#8239 = ADVANCED_FACE ( 'NONE', ( #7819 ), #5070, .T. ) ;
#8240 = CARTESIAN_POINT ( 'NONE',  ( 6.049999999999999822, -3.000000000000000000, -0.2000000000000000111 ) ) ;
#8241 = ORIENTED_EDGE ( 'NONE', *, *, #7474, .F. ) ;
#8242 =( LENGTH_UNIT ( ) NAMED_UNIT ( * ) SI_UNIT ( .MILLI., .METRE. ) );
#8243 = CARTESIAN_POINT ( 'NONE',  ( 0.5200000000000000178, 0.5000000000000000000, 0.0000000000000000000 ) ) ;
#8244 = ORIENTED_EDGE ( 'NONE', *, *, #2808, .T. ) ;
#8245 = CARTESIAN_POINT ( 'NONE',  ( 7.074999999999999289, 7.500000000000000000, -0.7500000000000000000 ) ) ;
#8246 = DIRECTION ( 'NONE',  ( 0.2873478855663468279, 0.9578262852211509859, 0.0000000000000000000 ) ) ;
#8247 = ORIENTED_EDGE ( 'NONE', *, *, #3881, .T. ) ;
#8248 = ADVANCED_FACE ( 'NONE', ( #495 ), #7860, .T. ) ;
#8249 = FACE_OUTER_BOUND ( 'NONE', #8317, .T. ) ;
#8250 = EDGE_CURVE ( 'NONE', #3563, #4549, #3465, .T. ) ;
#8251 = LINE ( 'NONE', #2800, #2472 ) ;
#8252 = PLANE ( 'NONE',  #1986 ) ;
#8253 = SURFACE_SIDE_STYLE ('',( #5570 ) ) ;
#8254 = FILL_AREA_STYLE ('',( #2765 ) ) ;
#8255 = DIRECTION ( 'NONE',  ( -0.0000000000000000000, 0.0000000000000000000, -1.000000000000000000 ) ) ;
#8256 = VERTEX_POINT ( 'NONE', #2102 ) ;
#8257 = CARTESIAN_POINT ( 'NONE',  ( -7.075000000000000178, 0.5000000000000000000, 0.7500000000000000000 ) ) ;
#8258 = LINE ( 'NONE', #2229, #8171 ) ;
#8259 = EDGE_CURVE ( 'NONE', #6082, #1189, #8627, .T. ) ;
#8260 = CARTESIAN_POINT ( 'NONE',  ( -8.164999999999999147, 7.500000000000000000, -0.7500000000000000000 ) ) ;
#8261 = CARTESIAN_POINT ( 'NONE',  ( -8.390000000000000568, 0.0000000000000000000, -0.5000000000000000000 ) ) ;
#8262 = FACE_OUTER_BOUND ( 'NONE', #1894, .T. ) ;
#8263 = FILL_AREA_STYLE_COLOUR ( '', #4498 ) ;
#8264 = CARTESIAN_POINT ( 'NONE',  ( -4.110000000000001208, -3.000000000000000000, 0.2000000000000000111 ) ) ;
#8265 = EDGE_LOOP ( 'NONE', ( #1033, #2442, #6768, #7945 ) ) ;
#8266 = DIRECTION ( 'NONE',  ( -0.0000000000000000000, 0.0000000000000000000, 1.000000000000000000 ) ) ;
#8267 = CARTESIAN_POINT ( 'NONE',  ( 7.149999999999998579, 8.500000000000000000, -1.270000000000000018 ) ) ;
#8268 = ORIENTED_EDGE ( 'NONE', *, *, #8118, .F. ) ;
#8269 = DIRECTION ( 'NONE',  ( -0.0000000000000000000, 0.0000000000000000000, 1.000000000000000000 ) ) ;
#8270 = DIRECTION ( 'NONE',  ( 0.0000000000000000000, 0.0000000000000000000, -1.000000000000000000 ) ) ;
#8271 = ORIENTED_EDGE ( 'NONE', *, *, #2719, .F. ) ;
#8272 = DIRECTION ( 'NONE',  ( -1.000000000000000000, 0.0000000000000000000, -0.0000000000000000000 ) ) ;
#8273 = ORIENTED_EDGE ( 'NONE', *, *, #3259, .T. ) ;
#8274 = PRESENTATION_LAYER_ASSIGNMENT (  '', '', ( #1256 ) ) ;
#8275 = ORIENTED_EDGE ( 'NONE', *, *, #3033, .F. ) ;
#8276 = VECTOR ( 'NONE', #6306, 1000.000000000000227 ) ;
#8277 = LINE ( 'NONE', #247, #3832 ) ;
#8278 = ORIENTED_EDGE ( 'NONE', *, *, #1355, .F. ) ;
#8279 = LINE ( 'NONE', #2260, #7228 ) ;
#8280 = CARTESIAN_POINT ( 'NONE',  ( 8.539999999999999147, 0.9000000000000001332, -0.3499999999999999778 ) ) ;
#8281 = VECTOR ( 'NONE', #6672, 1000.000000000000000 ) ;
#8282 = ORIENTED_EDGE ( 'NONE', *, *, #7781, .F. ) ;
#8283 = FILL_AREA_STYLE ('',( #5601 ) ) ;
#8284 = DIRECTION ( 'NONE',  ( -0.0000000000000000000, 0.0000000000000000000, -1.000000000000000000 ) ) ;
#8285 =( GEOMETRIC_REPRESENTATION_CONTEXT ( 3 ) GLOBAL_UNCERTAINTY_ASSIGNED_CONTEXT ( ( #2242 ) ) GLOBAL_UNIT_ASSIGNED_CONTEXT ( ( #3308, #2109, #700 ) ) REPRESENTATION_CONTEXT ( 'NONE', 'WORKASPACE' ) );
#8286 = ORIENTED_EDGE ( 'NONE', *, *, #1518, .F. ) ;
#8287 = ADVANCED_FACE ( 'NONE', ( #3425 ), #5292, .T. ) ;
#8288 = ORIENTED_EDGE ( 'NONE', *, *, #6822, .T. ) ;
#8289 = VECTOR ( 'NONE', #7393, 1000.000000000000000 ) ;
#8290 = VECTOR ( 'NONE', #2724, 1000.000000000000000 ) ;
#8291 = DIRECTION ( 'NONE',  ( -1.000000000000000000, -0.0000000000000000000, 0.0000000000000000000 ) ) ;
#8292 = STYLED_ITEM ( 'NONE', ( #1239 ), #685 ) ;
#8293 = CARTESIAN_POINT ( 'NONE',  ( -4.535000000000000142, 0.5000000000000000000, 0.7500000000000000000 ) ) ;
#8294 = DIRECTION ( 'NONE',  ( 0.0000000000000000000, -0.0000000000000000000, 1.000000000000000000 ) ) ;
#8295 = LINE ( 'NONE', #2988, #3396 ) ;
#8296 = DIRECTION ( 'NONE',  ( 0.0000000000000000000, 0.0000000000000000000, -1.000000000000000000 ) ) ;
#8297 = DIRECTION ( 'NONE',  ( 0.0000000000000000000, 0.0000000000000000000, -1.000000000000000000 ) ) ;
#8298 =( NAMED_UNIT ( * ) SI_UNIT ( $, .STERADIAN. ) SOLID_ANGLE_UNIT ( ) );
#8299 = EDGE_LOOP ( 'NONE', ( #3261, #6812, #1742, #808 ) ) ;
#8300 = EDGE_CURVE ( 'NONE', #1209, #1471, #3972, .T. ) ;
#8301 = EDGE_CURVE ( 'NONE', #5282, #567, #5982, .T. ) ;
#8302 = CARTESIAN_POINT ( 'NONE',  ( 2.070000000000000728, 8.500000000000000000, -0.8000000000000005995 ) ) ;
#8303 = CARTESIAN_POINT ( 'NONE',  ( 4.559999999999999609, 7.500000000000000000, 0.0000000000000000000 ) ) ;
#8304 = VECTOR ( 'NONE', #5735, 1000.000000000000227 ) ;
#8305 =( NAMED_UNIT ( * ) PLANE_ANGLE_UNIT ( ) SI_UNIT ( $, .RADIAN. ) );
#8306 = CARTESIAN_POINT ( 'NONE',  ( 4.309999999999999609, 7.500000000000000000, 0.0000000000000000000 ) ) ;
#8307 = DIRECTION ( 'NONE',  ( 1.000000000000000000, -0.0000000000000000000, 0.0000000000000000000 ) ) ;
#8308 = DIRECTION ( 'NONE',  ( -1.000000000000000000, -0.0000000000000000000, 0.0000000000000000000 ) ) ;
#8309 = CARTESIAN_POINT ( 'NONE',  ( 6.000000000000000000, 0.9000000000000001332, -0.3499999999999999778 ) ) ;
#8310 = VERTEX_POINT ( 'NONE', #2023 ) ;
#8311 =( GEOMETRIC_REPRESENTATION_CONTEXT ( 3 ) GLOBAL_UNCERTAINTY_ASSIGNED_CONTEXT ( ( #8313 ) ) GLOBAL_UNIT_ASSIGNED_CONTEXT ( ( #2391, #6390, #617 ) ) REPRESENTATION_CONTEXT ( 'NONE', 'WORKASPACE' ) );
#8312 = FILL_AREA_STYLE ('',( #3521 ) ) ;
#8313 = UNCERTAINTY_MEASURE_WITH_UNIT (LENGTH_MEASURE( 1.000000000000000082E-05 ), #2391, 'distance_accuracy_value', 'NONE');
#8314 = LINE ( 'NONE', #183, #62 ) ;
#8315 =( LENGTH_UNIT ( ) NAMED_UNIT ( * ) SI_UNIT ( .MILLI., .METRE. ) );
#8316 = CARTESIAN_POINT ( 'NONE',  ( 1.570000000000000062, -2.500000000000000000, -0.2000000000000000111 ) ) ;
#8317 = EDGE_LOOP ( 'NONE', ( #721, #8223, #3530, #8178 ) ) ;
#8318 = DIRECTION ( 'NONE',  ( 1.000000000000000000, -0.0000000000000000000, 0.0000000000000000000 ) ) ;
#8319 = CARTESIAN_POINT ( 'NONE',  ( 1.995000000000000329, 0.5000000000000000000, -0.7500000000000000000 ) ) ;
#8320 = PRESENTATION_LAYER_ASSIGNMENT (  '', '', ( #6077 ) ) ;
#8321 = ORIENTED_EDGE ( 'NONE', *, *, #8200, .F. ) ;
#8322 = FILL_AREA_STYLE ('',( #4275 ) ) ;
#8323 = ADVANCED_FACE ( 'NONE', ( #5329 ), #7990, .T. ) ;
#8324 = ORIENTED_EDGE ( 'NONE', *, *, #6584, .T. ) ;
#8325 = DIRECTION ( 'NONE',  ( -1.000000000000000000, -0.0000000000000000000, 0.0000000000000000000 ) ) ;
#8326 = EDGE_LOOP ( 'NONE', ( #5256, #459, #7121, #2525 ) ) ;
#8327 = VECTOR ( 'NONE', #108, 999.9999999999998863 ) ;
#8328 = CARTESIAN_POINT ( 'NONE',  ( 6.650000000000000355, 0.5000000000000000000, -0.1999999999999999833 ) ) ;
#8329 = CARTESIAN_POINT ( 'NONE',  ( 0.5200000000000000178, 0.0000000000000000000, 0.7500000000000000000 ) ) ;
#8330 = ORIENTED_EDGE ( 'NONE', *, *, #6362, .T. ) ;
#8331 = CARTESIAN_POINT ( 'NONE',  ( 3.310000000000000497, 8.199999999999999289, -0.5000000000000000000 ) ) ;
#8332 = CARTESIAN_POINT ( 'NONE',  ( -8.164999999999999147, 0.5000000000000000000, -0.7500000000000000000 ) ) ;
#8333 = ORIENTED_EDGE ( 'NONE', *, *, #4156, .T. ) ;
#8334 = DIRECTION ( 'NONE',  ( -0.0000000000000000000, -1.000000000000000000, -0.0000000000000000000 ) ) ;
#8335 = ORIENTED_EDGE ( 'NONE', *, *, #431, .F. ) ;
#8336 =( NAMED_UNIT ( * ) SI_UNIT ( $, .STERADIAN. ) SOLID_ANGLE_UNIT ( ) );
#8337 = ORIENTED_EDGE ( 'NONE', *, *, #4883, .F. ) ;
#8338 = VECTOR ( 'NONE', #4355, 1000.000000000000114 ) ;
#8339 = DIRECTION ( 'NONE',  ( 0.0000000000000000000, -0.7071067811865474617, 0.7071067811865474617 ) ) ;
#8340 = DIRECTION ( 'NONE',  ( 0.0000000000000000000, -0.0000000000000000000, -1.000000000000000000 ) ) ;
#8341 = FILL_AREA_STYLE_COLOUR ( '', #6114 ) ;
#8342 = PLANE ( 'NONE',  #301 ) ;
#8343 = EDGE_CURVE ( 'NONE', #4899, #4380, #308, .T. ) ;
#8344 = CARTESIAN_POINT ( 'NONE',  ( -9.615000000000000213, 0.5000000000000000000, 0.7500000000000000000 ) ) ;
#8345 = CARTESIAN_POINT ( 'NONE',  ( -4.110000000000001208, 0.5000000000000000000, 0.2000000000000000111 ) ) ;
#8346 = FACE_OUTER_BOUND ( 'NONE', #4416, .T. ) ;
#8347 = VECTOR ( 'NONE', #1127, 1000.000000000000000 ) ;
#8348 = ORIENTED_EDGE ( 'NONE', *, *, #8129, .F. ) ;
#8349 = CARTESIAN_POINT ( 'NONE',  ( 5.599999999999998757, 0.5000000000000000000, -0.7500000000000000000 ) ) ;
#8350 = LINE ( 'NONE', #7774, #6248 ) ;
#8351 = VECTOR ( 'NONE', #4544, 1000.000000000000000 ) ;
#8352 = EDGE_CURVE ( 'NONE', #1189, #3215, #5487, .T. ) ;
#8353 = CARTESIAN_POINT ( 'NONE',  ( 9.390000000000000568, 7.500000000000000000, 0.0000000000000000000 ) ) ;
#8354 = DIRECTION ( 'NONE',  ( -0.0000000000000000000, -0.0000000000000000000, 1.000000000000000000 ) ) ;
#8355 = CARTESIAN_POINT ( 'NONE',  ( -9.189999999999999503, -2.500000000000000000, 0.2000000000000000111 ) ) ;
#8356 = VECTOR ( 'NONE', #3742, 1000.000000000000114 ) ;
#8357 = ORIENTED_EDGE ( 'NONE', *, *, #4401, .T. ) ;
#8358 =( GEOMETRIC_REPRESENTATION_CONTEXT ( 3 ) GLOBAL_UNCERTAINTY_ASSIGNED_CONTEXT ( ( #54 ) ) GLOBAL_UNIT_ASSIGNED_CONTEXT ( ( #6954, #5106, #304 ) ) REPRESENTATION_CONTEXT ( 'NONE', 'WORKASPACE' ) );
#8359 = PRESENTATION_STYLE_ASSIGNMENT (( #4988 ) ) ;
#8360 = CARTESIAN_POINT ( 'NONE',  ( -10.41000000000000014, 8.500000000000000000, -0.8000000000000000444 ) ) ;
#8361 = EDGE_CURVE ( 'NONE', #143, #4687, #3600, .T. ) ;
#8362 = PLANE ( 'NONE',  #4951 ) ;
#8363 = EDGE_CURVE ( 'NONE', #4112, #2476, #2193, .T. ) ;
#8364 = CARTESIAN_POINT ( 'NONE',  ( 7.100000000000000533, 0.5000000000000000000, 0.7500000000000000000 ) ) ;
#8365 = VERTEX_POINT ( 'NONE', #8167 ) ;
#8366 = COLOUR_RGB ( '',0.1568627450980392135, 0.1568627450980392135, 0.1568627450980392135 ) ;
#8367 = LINE ( 'NONE', #188, #7480 ) ;
#8368 = STYLED_ITEM ( 'NONE', ( #4117 ), #5391 ) ;
#8369 = PLANE ( 'NONE',  #6448 ) ;
#8370 = ORIENTED_EDGE ( 'NONE', *, *, #2862, .F. ) ;
#8371 = DIRECTION ( 'NONE',  ( -1.000000000000000000, -0.0000000000000000000, -0.0000000000000000000 ) ) ;
#8372 = ORIENTED_EDGE ( 'NONE', *, *, #8027, .F. ) ;
#8373 = CARTESIAN_POINT ( 'NONE',  ( -4.160000000000000142, 7.500000000000000000, -0.3499999999999999778 ) ) ;
#8374 =( GEOMETRIC_REPRESENTATION_CONTEXT ( 3 ) GLOBAL_UNCERTAINTY_ASSIGNED_CONTEXT ( ( #5333 ) ) GLOBAL_UNIT_ASSIGNED_CONTEXT ( ( #3908, #6437, #1242 ) ) REPRESENTATION_CONTEXT ( 'NONE', 'WORKASPACE' ) );
#8375 = DIRECTION ( 'NONE',  ( 1.000000000000000000, 0.0000000000000000000, 0.0000000000000000000 ) ) ;
#8376 = CARTESIAN_POINT ( 'NONE',  ( 1.770000000000000240, 8.199999999999999289, -0.4999999999999998890 ) ) ;
#8377 = EDGE_CURVE ( 'NONE', #7203, #3467, #7489, .T. ) ;
#8378 = DIRECTION ( 'NONE',  ( -1.000000000000000000, 0.0000000000000000000, -0.0000000000000000000 ) ) ;
#8379 = ORIENTED_EDGE ( 'NONE', *, *, #2661, .T. ) ;
#8380 = DIRECTION ( 'NONE',  ( 0.5773502691896259531, -0.5773502691896259531, 0.5773502691896252870 ) ) ;
#8381 = VERTEX_POINT ( 'NONE', #4170 ) ;
#8382 = SURFACE_SIDE_STYLE ('',( #3686 ) ) ;
#8383 = CARTESIAN_POINT ( 'NONE',  ( -8.390000000000002345, 8.199999999999999289, 0.0000000000000000000 ) ) ;
#8384 = ORIENTED_EDGE ( 'NONE', *, *, #932, .F. ) ;
#8385 = VERTEX_POINT ( 'NONE', #7625 ) ;
#8386 = DIRECTION ( 'NONE',  ( -0.0000000000000000000, -1.000000000000000000, -0.0000000000000000000 ) ) ;
#8387 = PLANE ( 'NONE',  #4575 ) ;
#8388 = CARTESIAN_POINT ( 'NONE',  ( -8.589999999999999858, 0.5000000000000000000, 0.0000000000000000000 ) ) ;
#8389 = CARTESIAN_POINT ( 'NONE',  ( -9.189999999999999503, 0.5000000000000000000, -0.1999999999999999833 ) ) ;
#8390 = CARTESIAN_POINT ( 'NONE',  ( -0.9700000000000071898, -2.499999999999998224, 0.2000000000000000944 ) ) ;
#8391 = DIRECTION ( 'NONE',  ( -1.000000000000000000, 0.0000000000000000000, -0.0000000000000000000 ) ) ;
#8392 = DIRECTION ( 'NONE',  ( 0.0000000000000000000, -0.0000000000000000000, 1.000000000000000000 ) ) ;
#8393 = VERTEX_POINT ( 'NONE', #6326 ) ;
#8394 = EDGE_CURVE ( 'NONE', #2893, #2737, #2991, .T. ) ;
#8395 = CARTESIAN_POINT ( 'NONE',  ( -0.5450000000000000400, 0.5000000000000000000, -0.7500000000000000000 ) ) ;
#8396 = PLANE ( 'NONE',  #5503 ) ;
#8397 = CARTESIAN_POINT ( 'NONE',  ( 8.539999999999999147, 0.0000000000000000000, 0.0000000000000000000 ) ) ;
#8398 = CARTESIAN_POINT ( 'NONE',  ( -10.41000000000000014, 0.5000000000000000000, 0.7500000000000000000 ) ) ;
#8399 = DIRECTION ( 'NONE',  ( 1.000000000000000000, -0.0000000000000000000, 0.0000000000000000000 ) ) ;
#8400 = ADVANCED_FACE ( 'NONE', ( #998 ), #819, .T. ) ;
#8401 = DIRECTION ( 'NONE',  ( 1.000000000000000000, -0.0000000000000000000, 0.0000000000000000000 ) ) ;
#8402 = ORIENTED_EDGE ( 'NONE', *, *, #6206, .F. ) ;
#8403 = ADVANCED_FACE ( 'NONE', ( #8346 ), #2278, .F. ) ;
#8404 = PLANE ( 'NONE',  #4791 ) ;
#8405 = UNCERTAINTY_MEASURE_WITH_UNIT (LENGTH_MEASURE( 1.000000000000000082E-05 ), #4169, 'distance_accuracy_value', 'NONE');
#8406 = DIRECTION ( 'NONE',  ( -1.000000000000000000, 0.0000000000000000000, -0.0000000000000000000 ) ) ;
#8407 = CARTESIAN_POINT ( 'NONE',  ( 3.459999999999999964, 0.0000000000000000000, 0.0000000000000000000 ) ) ;
#8408 = CARTESIAN_POINT ( 'NONE',  ( 3.510000000000006892, -2.499999999999997780, -0.2000000000000000944 ) ) ;
#8409 = VERTEX_POINT ( 'NONE', #115 ) ;
#8410 = LINE ( 'NONE', #236, #4846 ) ;
#8411 = DIRECTION ( 'NONE',  ( -0.0000000000000000000, 0.0000000000000000000, -1.000000000000000000 ) ) ;
#8412 = ORIENTED_EDGE ( 'NONE', *, *, #6466, .T. ) ;
#8413 = ORIENTED_EDGE ( 'NONE', *, *, #7655, .T. ) ;
#8414 = ADVANCED_FACE ( 'NONE', ( #3552, #2545 ), #7187, .T. ) ;
#8415 = SURFACE_SIDE_STYLE ('',( #1598 ) ) ;
#8416 = VECTOR ( 'NONE', #127, 1000.000000000000000 ) ;
#8417 = SURFACE_STYLE_USAGE ( .BOTH. , #1644 ) ;
#8418 = ORIENTED_EDGE ( 'NONE', *, *, #2566, .F. ) ;
#8419 = DIRECTION ( 'NONE',  ( 1.000000000000000000, -0.0000000000000000000, 0.0000000000000000000 ) ) ;
#8420 = ORIENTED_EDGE ( 'NONE', *, *, #7322, .F. ) ;
#8421 = DIRECTION ( 'NONE',  ( 1.000000000000000000, 0.0000000000000000000, 0.0000000000000000000 ) ) ;
#8422 = VECTOR ( 'NONE', #6201, 1000.000000000000000 ) ;
#8423 = VERTEX_POINT ( 'NONE', #5061 ) ;
#8424 = EDGE_CURVE ( 'NONE', #723, #7875, #3880, .T. ) ;
#8425 = AXIS2_PLACEMENT_3D ( 'NONE', #7146, #1761, #1801 ) ;
#8426 = ORIENTED_EDGE ( 'NONE', *, *, #5221, .F. ) ;
#8427 = CARTESIAN_POINT ( 'NONE',  ( -10.41000000000000014, 7.500000000000000000, 0.7500000000000000000 ) ) ;
#8428 = DIRECTION ( 'NONE',  ( 0.0000000000000000000, 0.0000000000000000000, -1.000000000000000000 ) ) ;
#8429 = DIRECTION ( 'NONE',  ( 0.0000000000000000000, -0.0000000000000000000, -1.000000000000000000 ) ) ;
#8430 = VECTOR ( 'NONE', #7431, 1000.000000000000227 ) ;
#8431 = DIRECTION ( 'NONE',  ( -0.2873478855663457177, 0.9578262852211512079, 0.0000000000000000000 ) ) ;
#8432 = AXIS2_PLACEMENT_3D ( 'NONE', #3610, #7685, #4358 ) ;
#8433 = SURFACE_STYLE_FILL_AREA ( #5060 ) ;
#8434 =( LENGTH_UNIT ( ) NAMED_UNIT ( * ) SI_UNIT ( .MILLI., .METRE. ) );
#8435 = ORIENTED_EDGE ( 'NONE', *, *, #2317, .T. ) ;
#8436 = VECTOR ( 'NONE', #8284, 1000.000000000000000 ) ;
#8437 = ADVANCED_FACE ( 'NONE', ( #7717 ), #3698, .F. ) ;
#8438 = VECTOR ( 'NONE', #1072, 1000.000000000000000 ) ;
#8439 = CARTESIAN_POINT ( 'NONE',  ( -1.770000000000000018, 0.5000000000000000000, -0.5000000000000000000 ) ) ;
#8440 = LINE ( 'NONE', #2430, #4717 ) ;
#8441 = FILL_AREA_STYLE ('',( #6422 ) ) ;
#8442 = PLANE ( 'NONE',  #2100 ) ;
#8443 = CARTESIAN_POINT ( 'NONE',  ( -4.535000000000000142, 0.5000000000000000000, 0.7500000000000000000 ) ) ;
#8444 = VECTOR ( 'NONE', #5659, 1000.000000000000000 ) ;
#8445 = ORIENTED_EDGE ( 'NONE', *, *, #6879, .F. ) ;
#8446 =( NAMED_UNIT ( * ) SI_UNIT ( $, .STERADIAN. ) SOLID_ANGLE_UNIT ( ) );
#8447 = MECHANICAL_DESIGN_GEOMETRIC_PRESENTATION_REPRESENTATION (  '', ( #3258 ), #5228 ) ;
#8448 = CARTESIAN_POINT ( 'NONE',  ( 4.309999999999999609, 8.199999999999999289, 0.0000000000000000000 ) ) ;
#8449 = CARTESIAN_POINT ( 'NONE',  ( -8.590000000000006963, -2.499999999999998224, 0.2000000000000000944 ) ) ;
#8450 = CARTESIAN_POINT ( 'NONE',  ( -1.620000000000000107, 0.9000000000000000222, 0.3499999999999999778 ) ) ;
#8451 = CARTESIAN_POINT ( 'NONE',  ( -6.650000000000000355, 0.5000000000000000000, 0.2000000000000000111 ) ) ;
#8452 = ORIENTED_EDGE ( 'NONE', *, *, #5365, .F. ) ;
#8453 = EDGE_CURVE ( 'NONE', #751, #5047, #2466, .T. ) ;
#8454 =( NAMED_UNIT ( * ) PLANE_ANGLE_UNIT ( ) SI_UNIT ( $, .RADIAN. ) );
#8455 = ORIENTED_EDGE ( 'NONE', *, *, #1435, .T. ) ;
#8456 = LINE ( 'NONE', #1730, #1301 ) ;
#8457 = VECTOR ( 'NONE', #5191, 1000.000000000000000 ) ;
#8458 = ORIENTED_EDGE ( 'NONE', *, *, #4109, .F. ) ;
#8459 = DIRECTION ( 'NONE',  ( 0.0000000000000000000, 1.000000000000000000, 0.0000000000000000000 ) ) ;
#8460 =( LENGTH_UNIT ( ) NAMED_UNIT ( * ) SI_UNIT ( .MILLI., .METRE. ) );
#8461 = AXIS2_PLACEMENT_3D ( 'NONE', #8480, #438, #8391 ) ;
#8462 = DIRECTION ( 'NONE',  ( 0.0000000000000000000, 0.0000000000000000000, -1.000000000000000000 ) ) ;
#8463 = PLANE ( 'NONE',  #1475 ) ;
#8464 = EDGE_LOOP ( 'NONE', ( #6134, #5983, #517, #2692 ) ) ;
#8465 = CARTESIAN_POINT ( 'NONE',  ( -10.41000000000000014, 0.5000000000000000000, 0.7500000000000000000 ) ) ;
#8466 = ADVANCED_FACE ( 'NONE', ( #2505 ), #1882, .T. ) ;
#8467 = ORIENTED_EDGE ( 'NONE', *, *, #4100, .F. ) ;
#8468 = CARTESIAN_POINT ( 'NONE',  ( 6.850000000000000533, 7.500000000000000000, 0.0000000000000000000 ) ) ;
#8469 =( LENGTH_UNIT ( ) NAMED_UNIT ( * ) SI_UNIT ( .MILLI., .METRE. ) );
#8470 = ORIENTED_EDGE ( 'NONE', *, *, #4881, .T. ) ;
#8471 = AXIS2_PLACEMENT_3D ( 'NONE', #565, #2504, #7851 ) ;
#8472 = CARTESIAN_POINT ( 'NONE',  ( 6.700000000000000178, 7.500000000000000000, -0.3499999999999999778 ) ) ;
#8473 = ORIENTED_EDGE ( 'NONE', *, *, #2938, .T. ) ;
#8474 = CARTESIAN_POINT ( 'NONE',  ( -0.5450000000000000400, 7.500000000000000000, 0.0000000000000000000 ) ) ;
#8475 = PLANE ( 'NONE',  #454 ) ;
#8476 =( GEOMETRIC_REPRESENTATION_CONTEXT ( 3 ) GLOBAL_UNCERTAINTY_ASSIGNED_CONTEXT ( ( #6207 ) ) GLOBAL_UNIT_ASSIGNED_CONTEXT ( ( #8186, #240, #7692 ) ) REPRESENTATION_CONTEXT ( 'NONE', 'WORKASPACE' ) );
#8477 = ADVANCED_FACE ( 'NONE', ( #7812 ), #1135, .F. ) ;
#8478 = FACE_OUTER_BOUND ( 'NONE', #7743, .T. ) ;
#8479 = ADVANCED_FACE ( 'NONE', ( #4531 ), #5401, .F. ) ;
#8480 = CARTESIAN_POINT ( 'NONE',  ( -4.160000000000000142, 0.9000000000000001332, -0.3499999999999999778 ) ) ;
#8481 = ORIENTED_EDGE ( 'NONE', *, *, #4497, .T. ) ;
#8482 =( NAMED_UNIT ( * ) SI_UNIT ( $, .STERADIAN. ) SOLID_ANGLE_UNIT ( ) );
#8483 = VECTOR ( 'NONE', #4836, 1000.000000000000000 ) ;
#8484 = SURFACE_SIDE_STYLE ('',( #4535 ) ) ;
#8485 = DIRECTION ( 'NONE',  ( 0.0000000000000000000, 0.0000000000000000000, -1.000000000000000000 ) ) ;
#8486 = LINE ( 'NONE', #5884, #3904 ) ;
#8487 = ADVANCED_FACE ( 'NONE', ( #2675 ), #732, .T. ) ;
#8488 = FACE_OUTER_BOUND ( 'NONE', #3168, .T. ) ;
#8489 = LINE ( 'NONE', #5936, #286 ) ;
#8490 = STYLED_ITEM ( 'NONE', ( #6578 ), #4217 ) ;
#8491 = ORIENTED_EDGE ( 'NONE', *, *, #2304, .F. ) ;
#8492 = ORIENTED_EDGE ( 'NONE', *, *, #2191, .F. ) ;
#8493 =( GEOMETRIC_REPRESENTATION_CONTEXT ( 3 ) GLOBAL_UNCERTAINTY_ASSIGNED_CONTEXT ( ( #323 ) ) GLOBAL_UNIT_ASSIGNED_CONTEXT ( ( #1496, #4108, #2825 ) ) REPRESENTATION_CONTEXT ( 'NONE', 'WORKASPACE' ) );
#8494 = PRESENTATION_LAYER_ASSIGNMENT (  '', '', ( #4010 ) ) ;
#8495 = UNCERTAINTY_MEASURE_WITH_UNIT (LENGTH_MEASURE( 1.000000000000000082E-05 ), #28, 'distance_accuracy_value', 'NONE');
#8496 = CARTESIAN_POINT ( 'NONE',  ( -7.075000000000000178, 0.0000000000000000000, 0.7500000000000000000 ) ) ;
#8497 = PLANE ( 'NONE',  #3242 ) ;
#8498 =( LENGTH_UNIT ( ) NAMED_UNIT ( * ) SI_UNIT ( .MILLI., .METRE. ) );
#8499 = ORIENTED_EDGE ( 'NONE', *, *, #8176, .T. ) ;
#8500 =( NAMED_UNIT ( * ) SI_UNIT ( $, .STERADIAN. ) SOLID_ANGLE_UNIT ( ) );
#8501 = ORIENTED_EDGE ( 'NONE', *, *, #952, .F. ) ;
#8502 = DIRECTION ( 'NONE',  ( -0.0000000000000000000, -1.000000000000000000, -0.0000000000000000000 ) ) ;
#8503 = VECTOR ( 'NONE', #2061, 1000.000000000000000 ) ;
#8504 = MECHANICAL_DESIGN_GEOMETRIC_PRESENTATION_REPRESENTATION (  '', ( #4015 ), #1903 ) ;
#8505 = VERTEX_POINT ( 'NONE', #6663 ) ;
#8506 = DIRECTION ( 'NONE',  ( -1.000000000000000000, -0.0000000000000000000, 0.0000000000000000000 ) ) ;
#8507 = EDGE_CURVE ( 'NONE', #910, #5813, #4746, .T. ) ;
#8508 = PRESENTATION_LAYER_ASSIGNMENT (  '', '', ( #649 ) ) ;
#8509 = VECTOR ( 'NONE', #652, 1000.000000000000000 ) ;
#8510 = CARTESIAN_POINT ( 'NONE',  ( 1.420000000000003704, -3.000000000000000888, 0.2000000000000000389 ) ) ;
#8511 = LINE ( 'NONE', #1820, #1629 ) ;
#8512 = VERTEX_POINT ( 'NONE', #2640 ) ;
#8513 = FILL_AREA_STYLE ('',( #5865 ) ) ;
#8514 = ORIENTED_EDGE ( 'NONE', *, *, #1055, .F. ) ;
#8515 = CARTESIAN_POINT ( 'NONE',  ( -10.41000000000000014, 8.500000000000000000, -0.8000000000000000444 ) ) ;
#8516 = VECTOR ( 'NONE', #2206, 1000.000000000000114 ) ;
#8517 = ORIENTED_EDGE ( 'NONE', *, *, #3103, .F. ) ;
#8518 = ORIENTED_EDGE ( 'NONE', *, *, #216, .T. ) ;
#8519 = EDGE_CURVE ( 'NONE', #3545, #1602, #2093, .T. ) ;
#8520 = DIRECTION ( 'NONE',  ( 0.5773502691896242878, -0.5773502691896268413, 0.5773502691896261751 ) ) ;
#8521 = DIRECTION ( 'NONE',  ( -1.000000000000000000, -0.0000000000000000000, 0.0000000000000000000 ) ) ;
#8522 = PRESENTATION_LAYER_ASSIGNMENT (  '', '', ( #92 ) ) ;
#8523 = CARTESIAN_POINT ( 'NONE',  ( -3.060000000000000053, 7.500000000000000000, 0.7500000000000000000 ) ) ;
#8524 = DIRECTION ( 'NONE',  ( -0.0000000000000000000, -0.0000000000000000000, 1.000000000000000000 ) ) ;
#8525 = CARTESIAN_POINT ( 'NONE',  ( 1.120000000000000107, -3.000000000000000000, -0.2000000000000000111 ) ) ;
#8526 = FACE_BOUND ( 'NONE', #4187, .T. ) ;
#8527 = DIRECTION ( 'NONE',  ( -1.000000000000000000, 0.0000000000000000000, -0.0000000000000000000 ) ) ;
#8528 = ORIENTED_EDGE ( 'NONE', *, *, #3350, .T. ) ;
#8529 = VECTOR ( 'NONE', #8431, 1000.000000000000114 ) ;
#8530 = LINE ( 'NONE', #7676, #1988 ) ;
#8531 = EDGE_CURVE ( 'NONE', #8505, #1571, #3369, .T. ) ;
#8532 = EDGE_CURVE ( 'NONE', #5565, #6348, #4620, .T. ) ;
#8533 = FACE_OUTER_BOUND ( 'NONE', #6529, .T. ) ;
#8534 = PLANE ( 'NONE',  #525 ) ;
#8535 = DIRECTION ( 'NONE',  ( 0.0000000000000000000, 0.7071067811865475727, 0.7071067811865475727 ) ) ;
#8536 = DIRECTION ( 'NONE',  ( -0.0000000000000000000, -1.000000000000000000, -0.0000000000000000000 ) ) ;
#8537 = ORIENTED_EDGE ( 'NONE', *, *, #1756, .T. ) ;
#8538 = VERTEX_POINT ( 'NONE', #2758 ) ;
#8539 = CARTESIAN_POINT ( 'NONE',  ( -4.110000000000001208, 0.0000000000000000000, 0.2000000000000000111 ) ) ;
#8540 = ADVANCED_FACE ( 'NONE', ( #6057 ), #8065, .F. ) ;
#8541 = DIRECTION ( 'NONE',  ( 0.0000000000000000000, 1.000000000000000000, 0.0000000000000000000 ) ) ;
#8542 = FILL_AREA_STYLE ('',( #5202 ) ) ;
#8543 = ORIENTED_EDGE ( 'NONE', *, *, #2719, .T. ) ;
#8544 = DIRECTION ( 'NONE',  ( 0.2873478855663461062, 0.9578262852211510969, 0.0000000000000000000 ) ) ;
#8545 = EDGE_LOOP ( 'NONE', ( #6633, #3364, #8608, #2207 ) ) ;
#8546 = LINE ( 'NONE', #7288, #5522 ) ;
#8547 = EDGE_LOOP ( 'NONE', ( #8057, #5381, #802, #8661 ) ) ;
#8548 = LINE ( 'NONE', #5210, #6861 ) ;
#8549 = ADVANCED_FACE ( 'NONE', ( #4786 ), #4665, .T. ) ;
#8550 = DIRECTION ( 'NONE',  ( -0.0000000000000000000, -1.000000000000000000, -0.0000000000000000000 ) ) ;
#8551 = SURFACE_STYLE_FILL_AREA ( #3193 ) ;
#8552 = EDGE_LOOP ( 'NONE', ( #5916, #5900, #4327, #1993 ) ) ;
#8553 = CARTESIAN_POINT ( 'NONE',  ( -3.084999999999999964, 0.0000000000000000000, 0.0000000000000000000 ) ) ;
#8554 = VERTEX_POINT ( 'NONE', #2266 ) ;
#8555 = FACE_OUTER_BOUND ( 'NONE', #4323, .T. ) ;
#8556 = CARTESIAN_POINT ( 'NONE',  ( 3.509999999999999787, 0.5000000000000000000, 0.2000000000000000111 ) ) ;
#8557 = VERTEX_POINT ( 'NONE', #1509 ) ;
#8558 = SURFACE_SIDE_STYLE ('',( #6442 ) ) ;
#8559 = ORIENTED_EDGE ( 'NONE', *, *, #23, .T. ) ;
#8560 = SURFACE_SIDE_STYLE ('',( #523 ) ) ;
#8561 = FACE_OUTER_BOUND ( 'NONE', #14, .T. ) ;
#8562 = LINE ( 'NONE', #5231, #913 ) ;
#8563 = FACE_OUTER_BOUND ( 'NONE', #5098, .T. ) ;
#8564 = COLOUR_RGB ( '',0.1568627450980392135, 0.1568627450980392135, 0.1568627450980392135 ) ;
#8565 = LINE ( 'NONE', #4066, #2230 ) ;
#8566 = DIRECTION ( 'NONE',  ( 1.000000000000000000, -0.0000000000000000000, 0.0000000000000000000 ) ) ;
#8567 = EDGE_CURVE ( 'NONE', #2008, #6474, #109, .T. ) ;
#8568 = COLOUR_RGB ( '',0.1568627450980392135, 0.1568627450980392135, 0.1568627450980392135 ) ;
#8569 = VERTEX_POINT ( 'NONE', #2181 ) ;
#8570 = SURFACE_STYLE_USAGE ( .BOTH. , #106 ) ;
#8571 = VECTOR ( 'NONE', #6075, 1000.000000000000000 ) ;
#8572 = PRESENTATION_LAYER_ASSIGNMENT (  '', '', ( #3655 ) ) ;
#8573 = DIRECTION ( 'NONE',  ( 0.0000000000000000000, 1.000000000000000000, 0.0000000000000000000 ) ) ;
#8574 = LINE ( 'NONE', #5159, #6948 ) ;
#8575 = DIRECTION ( 'NONE',  ( -0.2873478855663468279, -0.9578262852211509859, 0.0000000000000000000 ) ) ;
#8576 = CARTESIAN_POINT ( 'NONE',  ( -5.599999999999999645, 0.5000000000000000000, 0.7500000000000000000 ) ) ;
#8577 = EDGE_CURVE ( 'NONE', #3015, #8143, #4196, .T. ) ;
#8578 = VECTOR ( 'NONE', #5708, 1000.000000000000000 ) ;
#8579 = ADVANCED_FACE ( 'NONE', ( #4963 ), #2793, .T. ) ;
#8580 = ORIENTED_EDGE ( 'NONE', *, *, #1650, .T. ) ;
#8581 = VECTOR ( 'NONE', #6873, 1000.000000000000114 ) ;
#8582 = MECHANICAL_DESIGN_GEOMETRIC_PRESENTATION_REPRESENTATION (  '', ( #7429 ), #2687 ) ;
#8583 = VERTEX_POINT ( 'NONE', #6777 ) ;
#8584 = LINE ( 'NONE', #1149, #2550 ) ;
#8585 = CARTESIAN_POINT ( 'NONE',  ( -1.620000000000000107, 0.9000000000000001332, -0.3499999999999999778 ) ) ;
#8586 =( GEOMETRIC_REPRESENTATION_CONTEXT ( 3 ) GLOBAL_UNCERTAINTY_ASSIGNED_CONTEXT ( ( #8405 ) ) GLOBAL_UNIT_ASSIGNED_CONTEXT ( ( #4169, #4885, #7443 ) ) REPRESENTATION_CONTEXT ( 'NONE', 'WORKASPACE' ) );
#8587 = DIRECTION ( 'NONE',  ( -0.7071067811865474617, 0.7071067811865474617, 0.0000000000000000000 ) ) ;
#8588 = SURFACE_SIDE_STYLE ('',( #6601 ) ) ;
#8589 = VECTOR ( 'NONE', #3508, 1000.000000000000000 ) ;
#8590 = ORIENTED_EDGE ( 'NONE', *, *, #1672, .T. ) ;
#8591 = PLANE ( 'NONE',  #6586 ) ;
#8592 = EDGE_CURVE ( 'NONE', #4110, #5199, #5654, .T. ) ;
#8593 = ORIENTED_EDGE ( 'NONE', *, *, #1228, .F. ) ;
#8594 = EDGE_CURVE ( 'NONE', #1367, #4739, #1425, .T. ) ;
#8595 = DIRECTION ( 'NONE',  ( 0.0000000000000000000, -0.0000000000000000000, -1.000000000000000000 ) ) ;
#8596 = ORIENTED_EDGE ( 'NONE', *, *, #2138, .T. ) ;
#8597 = CARTESIAN_POINT ( 'NONE',  ( -9.240000000000000213, 0.9000000000000000222, 0.3499999999999999778 ) ) ;
#8598 = AXIS2_PLACEMENT_3D ( 'NONE', #8257, #1572, #2105 ) ;
#8599 = FACE_OUTER_BOUND ( 'NONE', #6990, .T. ) ;
#8600 = DIRECTION ( 'NONE',  ( 0.0000000000000000000, 0.0000000000000000000, -1.000000000000000000 ) ) ;
#8601 = ORIENTED_EDGE ( 'NONE', *, *, #3269, .F. ) ;
#8602 = LINE ( 'NONE', #1910, #5544 ) ;
#8603 = LINE ( 'NONE', #2531, #6350 ) ;
#8604 = VECTOR ( 'NONE', #5326, 1000.000000000000000 ) ;
#8605 = ORIENTED_EDGE ( 'NONE', *, *, #4765, .T. ) ;
#8606 = EDGE_CURVE ( 'NONE', #478, #2333, #5479, .T. ) ;
#8607 = PLANE ( 'NONE',  #7756 ) ;
#8608 = ORIENTED_EDGE ( 'NONE', *, *, #1105, .F. ) ;
#8609 = DIRECTION ( 'NONE',  ( 1.000000000000000000, 0.0000000000000000000, 0.0000000000000000000 ) ) ;
#8610 = ORIENTED_EDGE ( 'NONE', *, *, #2387, .T. ) ;
#8611 = AXIS2_PLACEMENT_3D ( 'NONE', #728, #1340, #1297 ) ;
#8612 = FILL_AREA_STYLE_COLOUR ( '', #1314 ) ;
#8613 = LINE ( 'NONE', #1921, #4293 ) ;
#8614 = CARTESIAN_POINT ( 'NONE',  ( -6.000000000000000000, 7.500000000000000000, 0.3500000000000000333 ) ) ;
#8615 = PLANE ( 'NONE',  #613 ) ;
#8616 = SURFACE_STYLE_USAGE ( .BOTH. , #1381 ) ;
#8617 = VECTOR ( 'NONE', #6097, 1000.000000000000000 ) ;
#8618 = EDGE_LOOP ( 'NONE', ( #5354, #2676, #2045, #7826 ) ) ;
#8619 = DIRECTION ( 'NONE',  ( 1.000000000000000000, 0.0000000000000000000, 0.0000000000000000000 ) ) ;
#8620 = EDGE_CURVE ( 'NONE', #5319, #8185, #6178, .T. ) ;
#8621 = VECTOR ( 'NONE', #6564, 1000.000000000000000 ) ;
#8622 = LINE ( 'NONE', #1183, #1618 ) ;
#8623 = CARTESIAN_POINT ( 'NONE',  ( 5.850000000000000533, 7.500000000000000000, -0.5000000000000000000 ) ) ;
#8624 = SURFACE_STYLE_FILL_AREA ( #5933 ) ;
#8625 = DIRECTION ( 'NONE',  ( -0.0000000000000000000, -1.000000000000000000, -0.0000000000000000000 ) ) ;
#8626 = ORIENTED_EDGE ( 'NONE', *, *, #1600, .T. ) ;
#8627 = LINE ( 'NONE', #7319, #4650 ) ;
#8628 = ORIENTED_EDGE ( 'NONE', *, *, #543, .T. ) ;
#8629 = ORIENTED_EDGE ( 'NONE', *, *, #6894, .F. ) ;
#8630 = EDGE_CURVE ( 'NONE', #8256, #2083, #2137, .T. ) ;
#8631 = LINE ( 'NONE', #1942, #5687 ) ;
#8632 = VECTOR ( 'NONE', #2962, 1000.000000000000000 ) ;
#8633 = CARTESIAN_POINT ( 'NONE',  ( -6.850000000000000533, 7.500000000000000000, 0.5000000000000000000 ) ) ;
#8634 = ORIENTED_EDGE ( 'NONE', *, *, #11, .F. ) ;
#8635 = DIRECTION ( 'NONE',  ( 1.000000000000000000, 0.0000000000000000000, 0.0000000000000000000 ) ) ;
#8636 = VERTEX_POINT ( 'NONE', #6821 ) ;
#8637 = CARTESIAN_POINT ( 'NONE',  ( 8.390000000000000568, 7.500000000000000000, -0.5000000000000000000 ) ) ;
#8638 = AXIS2_PLACEMENT_3D ( 'NONE', #7739, #8269, #8231 ) ;
#8639 = ORIENTED_EDGE ( 'NONE', *, *, #1795, .T. ) ;
#8640 =( GEOMETRIC_REPRESENTATION_CONTEXT ( 3 ) GLOBAL_UNCERTAINTY_ASSIGNED_CONTEXT ( ( #4267 ) ) GLOBAL_UNIT_ASSIGNED_CONTEXT ( ( #1523, #1799, #1049 ) ) REPRESENTATION_CONTEXT ( 'NONE', 'WORKASPACE' ) );
#8641 = EDGE_CURVE ( 'NONE', #5895, #5254, #161, .T. ) ;
#8642 = EDGE_CURVE ( 'NONE', #4295, #5310, #4245, .T. ) ;
#8643 = LINE ( 'NONE', #595, #7437 ) ;
#8644 = CARTESIAN_POINT ( 'NONE',  ( 7.099999999999999645, 7.500000000000000000, 0.0000000000000000000 ) ) ;
#8645 = ORIENTED_EDGE ( 'NONE', *, *, #675, .T. ) ;
#8646 = COLOUR_RGB ( '',0.1568627450980392135, 0.1568627450980392135, 0.1568627450980392135 ) ;
#8647 = SURFACE_STYLE_FILL_AREA ( #7295 ) ;
#8648 = CARTESIAN_POINT ( 'NONE',  ( -5.549999999999998934, 8.500000000000000000, -0.8000000000000004885 ) ) ;
#8649 = MECHANICAL_DESIGN_GEOMETRIC_PRESENTATION_REPRESENTATION (  '', ( #6397 ), #8640 ) ;
#8650 = EDGE_LOOP ( 'NONE', ( #3125, #7459, #147, #845, #6264, #6876, #6001, #3964, #5169, #4433, #5867, #3990, #6765, #5726, #6795, #7408, #1459, #2129, #7099, #228, #473, #3028, #22, #8203, #1859, #101, #4597, #1382, #6697, #4339, #1418, #1900, #1333, #7973, #3403, #5209, #4707, #1658, #7530, #6666, #5778, #1292, #2227, #6515, #2202, #6351, #5369, #5509, #965, #8024, #6760, #3051, #1265, #8142, #7952, #2935, #3848, #3685, #1857, #6799, #6809, #187, #6645, #8413, #1593, #6346, #880, #6569 ) ) ;
#8651 = CARTESIAN_POINT ( 'NONE',  ( -9.390000000000000568, 8.500000000000000000, 0.5000000000000000000 ) ) ;
#8652 = DIRECTION ( 'NONE',  ( -0.0000000000000000000, -1.000000000000000000, -0.0000000000000000000 ) ) ;
#8653 = EDGE_CURVE ( 'NONE', #921, #2607, #8199, .T. ) ;
#8654 = CARTESIAN_POINT ( 'NONE',  ( 9.689999999999999503, 8.500000000000000000, -1.270000000000000018 ) ) ;
#8655 = CARTESIAN_POINT ( 'NONE',  ( -3.810000000000000053, 8.349999999999999645, -0.6500000000000001332 ) ) ;
#8656 = CARTESIAN_POINT ( 'NONE',  ( -10.41000000000000014, 0.5000000000000000000, -0.7500000000000000000 ) ) ;
#8657 =( NAMED_UNIT ( * ) PLANE_ANGLE_UNIT ( ) SI_UNIT ( $, .RADIAN. ) );
#8658 = VECTOR ( 'NONE', #1494, 1000.000000000000000 ) ;
#8659 = CARTESIAN_POINT ( 'NONE',  ( 8.090000000000001634, 8.500000000000000000, -1.270000000000000018 ) ) ;
#8660 = AXIS2_PLACEMENT_3D ( 'NONE', #5017, #2274, #7044 ) ;
#8661 = ORIENTED_EDGE ( 'NONE', *, *, #2808, .F. ) ;
#8662 = AXIS2_PLACEMENT_3D ( 'NONE', #958, #870, #3130 ) ;
#8663 = DIRECTION ( 'NONE',  ( -0.0000000000000000000, 0.0000000000000000000, 1.000000000000000000 ) ) ;
#8664 = CARTESIAN_POINT ( 'NONE',  ( 3.010000000000000675, 8.500000000000000000, -1.270000000000000018 ) ) ;
#8665 = PRESENTATION_STYLE_ASSIGNMENT (( #39 ) ) ;
#8666 = CARTESIAN_POINT ( 'NONE',  ( 9.189999999999999503, -2.500000000000000000, -0.2000000000000000111 ) ) ;
#8667 = ORIENTED_EDGE ( 'NONE', *, *, #820, .F. ) ;
#8668 = PRESENTATION_STYLE_ASSIGNMENT (( #6020 ) ) ;
#8669 = VECTOR ( 'NONE', #4814, 1000.000000000000114 ) ;
#8670 = ORIENTED_EDGE ( 'NONE', *, *, #1575, .T. ) ;
#8671 = ORIENTED_EDGE ( 'NONE', *, *, #8594, .F. ) ;
#8672 =( NAMED_UNIT ( * ) SI_UNIT ( $, .STERADIAN. ) SOLID_ANGLE_UNIT ( ) );
#8673 = LINE ( 'NONE', #544, #2610 ) ;
#8674 = LINE ( 'NONE', #2651, #1775 ) ;
#8675 = CARTESIAN_POINT ( 'NONE',  ( -9.039999999999999147, -3.000000000000000000, -0.2000000000000000111 ) ) ;
#8676 = DIRECTION ( 'NONE',  ( -0.0000000000000000000, -1.000000000000000000, -0.0000000000000000000 ) ) ;
#8677 = ORIENTED_EDGE ( 'NONE', *, *, #4452, .F. ) ;
#8678 = CARTESIAN_POINT ( 'NONE',  ( 0.5450000000000000400, 7.500000000000000000, -0.7500000000000000000 ) ) ;
#8679 = ADVANCED_FACE ( 'NONE', ( #5180 ), #4519, .T. ) ;
#8680 = VERTEX_POINT ( 'NONE', #983 ) ;
#8681 = UNCERTAINTY_MEASURE_WITH_UNIT (LENGTH_MEASURE( 1.000000000000000082E-05 ), #3977, 'distance_accuracy_value', 'NONE');
#8682 = DIRECTION ( 'NONE',  ( -1.000000000000000000, 0.0000000000000000000, -0.0000000000000000000 ) ) ;
#8683 = CARTESIAN_POINT ( 'NONE',  ( 6.349999999999999645, 8.199999999999999289, -0.4999999999999993339 ) ) ;
#8684 = ORIENTED_EDGE ( 'NONE', *, *, #4489, .F. ) ;
#8685 = SURFACE_STYLE_FILL_AREA ( #6000 ) ;
#8686 = ORIENTED_EDGE ( 'NONE', *, *, #8201, .F. ) ;
#8687 = CARTESIAN_POINT ( 'NONE',  ( 3.060000000000000053, 7.500000000000000000, -0.7500000000000000000 ) ) ;
#8688 = EDGE_CURVE ( 'NONE', #6487, #6992, #475, .T. ) ;
#8689 = EDGE_CURVE ( 'NONE', #2264, #8569, #7175, .T. ) ;
#8690 = VERTEX_POINT ( 'NONE', #5869 ) ;
#8691 = DIRECTION ( 'NONE',  ( -0.0000000000000000000, -1.000000000000000000, -0.0000000000000000000 ) ) ;
#8692 = ORIENTED_EDGE ( 'NONE', *, *, #8577, .T. ) ;
#8693 = FACE_OUTER_BOUND ( 'NONE', #1905, .T. ) ;
#8694 = FILL_AREA_STYLE ('',( #4825 ) ) ;
#8695 = SURFACE_SIDE_STYLE ('',( #1177 ) ) ;
#8696 = FACE_OUTER_BOUND ( 'NONE', #6957, .T. ) ;
#8697 =( NAMED_UNIT ( * ) SI_UNIT ( $, .STERADIAN. ) SOLID_ANGLE_UNIT ( ) );
#8698 = EDGE_CURVE ( 'NONE', #7248, #4788, #4387, .T. ) ;
#8699 = ORIENTED_EDGE ( 'NONE', *, *, #360, .T. ) ;
#8700 = CARTESIAN_POINT ( 'NONE',  ( 0.9200000000000000400, 7.500000000000000000, -0.3499999999999999778 ) ) ;
#8701 = FACE_OUTER_BOUND ( 'NONE', #5388, .T. ) ;
#8702 = DIRECTION ( 'NONE',  ( -0.0000000000000000000, -1.000000000000000000, -0.0000000000000000000 ) ) ;
#8703 = PRESENTATION_LAYER_ASSIGNMENT (  '', '', ( #4773 ) ) ;
#8704 = LINE ( 'NONE', #2555, #2743 ) ;
#8705 = ORIENTED_EDGE ( 'NONE', *, *, #5330, .F. ) ;
#8706 = CARTESIAN_POINT ( 'NONE',  ( -4.110000000000001208, -2.500000000000000000, 0.2000000000000000111 ) ) ;
#8707 = EDGE_CURVE ( 'NONE', #5216, #5830, #1689, .T. ) ;
#8708 = ORIENTED_EDGE ( 'NONE', *, *, #1355, .T. ) ;
#8709 = VECTOR ( 'NONE', #319, 1000.000000000000000 ) ;
#8710 = SURFACE_STYLE_FILL_AREA ( #5939 ) ;
ENDSEC;
END-ISO-10303-21;
